# This file is brought to you by Roblox Corporation
# Generated by Roblox Studio

mtllib Energy Pistols.mtl

g Meshpart1

v -79.7211 7.1141 -1.21394 
v -79.4074 7.01856 -1.34198 
v -79.8233 7.01857 -1.26862 
v -79.4847 7.11409 -1.25564 
v -79.4349 6.73296 -1.27573 
v -79.7815 6.85057 -1.03627 
v -79.4044 6.63179 -1.10318 
v -79.7443 6.63179 -1.04323 
v -79.3671 6.85056 -1.10935 
v -79.3634 6.87237 -1.09262 
v -79.7793 6.87238 -1.01926 
v -79.6679 6.9408 -0.918554 
v -79.4336 6.9408 -0.959865 
v -79.3521 6.45783 -0.806469 
v -79.6894 6.36029 -0.73194 
v -79.692 6.45784 -0.746521 
v -79.3495 6.36028 -0.791888 
v -79.5159 6.36365 0.194773 
v -79.2097 6.36365 0.140761 
v -79.5445 6.24442 0.122006 
v -79.5418 6.1999 0.121529 
v -79.3683 6.88867 -1.12043 
v -79.7842 6.88868 -1.04707 
v -79.2077 6.24441 0.0626065 
v -79.1947 6.19989 0.0603184 
v -79.3761 6.19989 0.0923057 
v -79.2077 6.24441 0.0626065 
v -79.1947 6.19989 0.0603184 
v -79.3761 6.24441 0.0923059 
v -79.5418 6.1999 0.121529 
v -79.5445 6.24442 0.122006 
v -79.223 6.28893 0.065301 
v -79.5292 6.28894 0.119313 
v -79.3761 6.28893 0.092307 
v -79.5159 6.36365 0.194773 
v -79.3628 6.36365 0.167767 
v -79.2097 6.36365 0.140761 
v -79.4074 7.01856 -1.34198 
v -79.8233 7.01857 -1.26862 
v -79.1445 6.01413 0.450701 
v -79.4845 5.99881 0.465081 
v -79.4622 6.18519 0.499163 
v -79.3628 6.36365 0.167767 
v -79.5159 6.36365 0.194773 
v -79.3091 6.18519 0.472157 
v -79.2097 6.36365 0.140761 
v -79.156 6.18518 0.445151 
v -79.2954 6.07098 0.547239 
v -79.4554 6.02946 0.551106 
v -79.1438 6.02945 0.496148 
v -79.5445 6.24442 0.122006 
v -79.3683 6.88867 -1.12043 
v -79.7842 6.88868 -1.04707 
v -79.3146 6.62029 -0.542292 
v -79.2077 6.24441 0.0626065 
v -79.6352 6.6203 -0.48573 
v -79.6679 6.9408 -0.918554 
v -79.5962 6.70254 -0.51216 
v -79.362 6.70253 -0.553471 
v -79.4336 6.9408 -0.959865 
v -79.7211 7.1141 -1.21394 
v -79.4385 6.9571 -0.987674 
v -79.4847 7.11409 -1.25564 
v -79.6728 6.95711 -0.946363 
v -79.6352 6.6203 -0.48573 
v -79.3146 6.62029 -0.542292 
v -79.5105 6.27865 0.0931162 
v -79.221 6.27865 0.0420511 
v -79.7864 6.86687 -1.06408 
v -79.4105 6.99479 -1.35536 
v -79.8249 6.9948 -1.28227 
v -79.372 6.86687 -1.13716 
v -79.1367 5.98584 0.370781 
v -79.7815 6.85057 -1.03627 
v -79.4956 5.98585 0.434075 
v -79.3671 6.85056 -1.10935 
v -79.4074 7.01856 -1.34198 
v -79.4349 6.73296 -1.27573 
v -79.1445 6.01413 0.450701 
v -79.4044 6.63179 -1.10318 
v -79.1835 5.93719 0.235969 
v -79.3521 6.45783 -0.806469 
v -79.2097 6.36365 0.140761 
v -79.156 6.18518 0.445151 
v -79.2686 6.27817 -0.348707 
v -79.4349 6.73296 -1.27573 
v -79.372 6.86687 -1.13716 
v -79.4094 6.64809 -1.13099 
v -79.4105 6.99479 -1.35536 
v -79.1835 5.93719 0.235969 
v -79.2686 6.27817 -0.348707 
v -79.1367 5.98584 0.370781 
v -79.3671 6.85056 -1.10935 
v -79.3521 6.45783 -0.806469 
v -79.4044 6.63179 -1.10318 
v -79.3032 6.20627 -0.529209 
v -79.3495 6.36028 -0.791888 
v -79.4847 7.11409 -1.25564 
v -79.3683 6.88867 -1.12043 
v -79.4074 7.01856 -1.34198 
v -79.4385 6.9571 -0.987674 
v -79.3634 6.87237 -1.09262 
v -79.362 6.70253 -0.553471 
v -79.3146 6.62029 -0.542292 
v -79.4336 6.9408 -0.959865 
v -79.2007 6.21291 0.0384673 
v -79.221 6.27865 0.0420511 
v -79.2077 6.24441 0.0626065 
v -79.1424 5.9988 0.40475 
v -79.1947 6.19989 0.0603184 
v -79.1445 6.01413 0.450701 
v -79.223 6.28893 0.065301 
v -79.1438 6.02945 0.496148 
v -79.156 6.18518 0.445151 
v -79.2097 6.36365 0.140761 
v -79.4349 6.73296 -1.27573 
v -79.2954 6.07098 0.547239 
v -79.4554 6.02946 0.551106 
v -79.2994 6.02828 0.524462 
v -79.1438 6.02945 0.496148 
v -79.4702 6.01413 0.508138 
v -79.1445 6.01413 0.450701 
v -79.3152 5.99881 0.435213 
v -79.4845 5.99881 0.465081 
v -79.1424 5.9988 0.40475 
v -79.4943 5.9372 0.290782 
v -79.1367 5.98584 0.370781 
v -79.4956 5.98585 0.434075 
v -79.1835 5.93719 0.235969 
v -79.5428 6.21292 0.0988081 
v -79.2007 6.21291 0.0384673 
v -79.5105 6.27865 0.0931162 
v -79.221 6.27865 0.0420511 
v -79.4622 6.18519 0.499163 
v -79.156 6.18518 0.445151 
v -79.2686 6.27817 -0.348707 
v -79.6139 6.27818 -0.287803 
v -79.6431 6.20628 -0.469262 
v -79.3032 6.20627 -0.529209 
v -79.7492 6.6481 -1.07104 
v -79.3683 6.88867 -1.12043 
v -79.7842 6.88868 -1.04707 
v -79.6352 6.6203 -0.48573 
v -79.362 6.70253 -0.553471 
v -79.5962 6.70254 -0.51216 
v -79.3146 6.62029 -0.542292 
v -79.7842 6.88868 -1.04707 
v -79.3683 6.88867 -1.12043 
v -79.6728 6.95711 -0.946363 
v -79.4385 6.9571 -0.987674 
v -79.7492 6.6481 -1.07104 
v -79.372 6.86687 -1.13716 
v -79.7864 6.86687 -1.06408 
v -79.4094 6.64809 -1.13099 
v -79.4074 7.01856 -1.34198 
v -79.8233 7.01857 -1.26862 
v -79.8249 6.9948 -1.28227 
v -79.4349 6.73296 -1.27573 
v -79.7748 6.73296 -1.21578 
v -79.4105 6.99479 -1.35536 
v -79.1445 6.01413 0.450701 
v -79.4845 5.99881 0.465081 
v -79.4044 6.63179 -1.10318 
v -79.7443 6.63179 -1.04323 
v -79.4943 5.9372 0.290782 
v -79.1835 5.93719 0.235969 
v -79.3521 6.45783 -0.806469 
v -79.692 6.45784 -0.746521 
v -79.7443 6.63179 -1.04323 
v -79.4044 6.63179 -1.10318 
v -79.6431 6.20628 -0.469262 
v -79.6894 6.36029 -0.73194 
v -79.3495 6.36028 -0.791888 
v -79.3032 6.20627 -0.529209 
v -79.2686 6.27817 -0.348707 
v -79.1835 5.93719 0.235969 
v -79.6139 6.27818 -0.287803 
v -79.4943 5.9372 0.290782 
v -79.7492 6.6481 -1.07104 
v -79.4094 6.64809 -1.13099 
v -79.7492 6.6481 -1.07104 
v -79.7748 6.73296 -1.21578 
v -79.4349 6.73296 -1.27573 
v -79.5445 6.24442 0.122006 
v -79.5418 6.1999 0.121529 
v -79.3683 6.88867 -1.12043 
v -79.7842 6.88868 -1.04707 
v -79.2077 6.24441 0.0626065 
v -79.1947 6.19989 0.0603184 
v -79.5418 6.1999 0.121529 
v -79.3152 5.99881 0.435213 
v -79.4845 5.99881 0.465081 
v -79.3761 6.19989 0.0923057 
v -79.1424 5.9988 0.40475 
v -79.1947 6.19989 0.0603184 
v -79.5428 6.21292 0.0988081 
v -79.7793 6.87238 -1.01926 
v -79.3634 6.87237 -1.09262 
v -79.2007 6.21291 0.0384673 
v -79.7842 6.88868 -1.04707 
v -79.3683 6.88867 -1.12043 
v -79.8233 7.01857 -1.26862 
v -79.4074 7.01856 -1.34198 
v -79.8233 7.01857 -1.26862 
v -79.4845 5.99881 0.465081 
v -79.7443 6.63179 -1.04323 
v -79.4943 5.9372 0.290782 
v -79.692 6.45784 -0.746521 
v -79.4622 6.18519 0.499163 
v -79.5159 6.36365 0.194773 
v -79.2686 6.27817 -0.348707 
v -79.6139 6.27818 -0.287803 
v -79.372 6.86687 -1.13716 
v -79.8249 6.9948 -1.28227 
v -79.7748 6.73296 -1.21578 
v -79.7864 6.86687 -1.06408 
v -79.7492 6.6481 -1.07104 
v -79.7815 6.85057 -1.03627 
v -79.692 6.45784 -0.746521 
v -79.6139 6.27818 -0.287803 
v -79.7443 6.63179 -1.04323 
v -79.4956 5.98585 0.434075 
v -79.4943 5.9372 0.290782 
v -79.6431 6.20628 -0.469262 
v -79.6894 6.36029 -0.73194 
v -79.5292 6.28894 0.119313 
v -79.4622 6.18519 0.499163 
v -79.5159 6.36365 0.194773 
v -79.4554 6.02946 0.551106 
v -79.4702 6.01413 0.508138 
v -79.5445 6.24442 0.122006 
v -79.4845 5.99881 0.465081 
v -79.5418 6.1999 0.121529 
v -79.6728 6.95711 -0.946363 
v -79.7211 7.1141 -1.21394 
v -79.7842 6.88868 -1.04707 
v -79.8233 7.01857 -1.26862 
v -79.7793 6.87238 -1.01926 
v -79.5428 6.21292 0.0988081 
v -79.6352 6.6203 -0.48573 
v -79.5105 6.27865 0.0931162 
v -79.5962 6.70254 -0.51216 
v -79.6679 6.9408 -0.918554 

vn -0.141732 0.598425 -0.787402 
vn -0.141732 0.598425 -0.787402 
vn -0.141732 0.598425 -0.787402 
vn -0.141732 0.598425 -0.787402 
vn -0.165354 -0.275591 -0.944882 
vn -0.173228 0 -0.984252 
vn -0.173228 0 -0.984252 
vn -0.173228 0 -0.984252 
vn -0.173228 0 -0.984252 
vn -0.0866142 0.866142 -0.496063 
vn -0.0866142 0.866142 -0.496063 
vn -0.0866142 0.866142 -0.496063 
vn -0.0866142 0.866142 -0.496063 
vn -0.141732 -0.566929 -0.811024 
vn -0.173228 -0.149606 -0.976378 
vn -0.141732 -0.566929 -0.811024 
vn -0.173228 -0.149606 -0.976378 
vn 0.0866142 0.866142 0.496063 
vn 0.0866142 0.866142 0.496063 
vn -0.944882 0.173228 0.275591 
vn -0.976378 0.0393701 0.204724 
vn 0.834646 0.527559 0.165354 
vn -0.724409 0.527559 0.440945 
vn 0.968504 0.251969 -0.015748 
vn 0.968504 0.251969 -0.00787402 
vn -0.173228 0 -0.984252 
vn -0.173228 0 -0.984252 
vn -0.173228 0 -0.984252 
vn -0.173228 0 -0.984252 
vn -0.173228 0 -0.984252 
vn -0.173228 0 -0.984252 
vn -0.165354 0.330709 -0.929134 
vn -0.165354 0.330709 -0.929134 
vn -0.15748 0.385827 -0.905512 
vn -0.11811 0.716535 -0.685039 
vn -0.11811 0.716535 -0.685039 
vn -0.11811 0.716535 -0.685039 
vn -0.141732 0.598425 -0.787402 
vn -0.141732 0.598425 -0.787402 
vn 0.0787402 -0.897638 0.433071 
vn 0.0551181 -0.952756 0.307087 
vn 0.0629921 0.677165 0.732283 
vn 0.0866142 0.866142 0.496063 
vn 0.0866142 0.866142 0.496063 
vn 0.125984 0.677165 0.724409 
vn 0.0866142 0.866142 0.496063 
vn 0.188976 0.677165 0.708661 
vn 0.15748 0.433071 0.889764 
vn 0.0314961 0.425197 0.905512 
vn 0.275591 0.425197 0.858268 
vn -0.944882 0.173228 0.275591 
vn 0.834646 0.527559 0.165354 
vn -0.724409 0.527559 0.440945 
vn 0.889764 0.448819 0.11811 
vn 0.968504 0.251969 -0.015748 
vn -0.771654 0.464567 0.425197 
vn 0.0866142 0.866142 0.496063 
vn 0.0866142 0.866142 0.496063 
vn 0.0866142 0.866142 0.496063 
vn 0.0866142 0.866142 0.496063 
vn 0.0866142 0.866142 0.496063 
vn 0.0866142 0.866142 0.496063 
vn 0.0866142 0.866142 0.496063 
vn 0.0866142 0.866142 0.496063 
vn 0.125984 0.685039 0.716535 
vn 0.125984 0.692913 0.708661 
vn 0.0866142 0.866142 0.496063 
vn 0.0866142 0.866142 0.496063 
vn 0.0866142 0.866142 0.496063 
vn 0.0866142 0.866142 0.496063 
vn 0.0866142 0.866142 0.496063 
vn 0.0866142 0.866142 0.496063 
vn 0.0866142 0.866142 0.496063 
vn 0.0866142 0.866142 0.496063 
vn 0.0866142 0.866142 0.496063 
vn 0.0866142 0.866142 0.496063 
vn -0.141732 0.598425 -0.787402 
vn -0.165354 -0.275591 -0.944882 
vn 0.0787402 -0.897638 0.433071 
vn -0.173228 0 -0.984252 
vn 0.0551181 -0.944882 0.322835 
vn -0.141732 -0.566929 -0.811024 
vn 0.0866142 0.866142 0.496063 
vn 0.188976 0.677165 0.708661 
vn -0.015748 -1 -0.0708661 
vn 0.944882 -0.173228 -0.267717 
vn 0.944882 -0.173228 -0.267717 
vn 0.944882 -0.173228 -0.267717 
vn 0.944882 -0.173228 -0.267717 
vn 0.96063 -0.133858 -0.23622 
vn 0.96063 -0.133858 -0.23622 
vn 0.96063 -0.133858 -0.23622 
vn 0.96063 -0.133858 -0.23622 
vn 0.96063 -0.133858 -0.23622 
vn 0.96063 -0.133858 -0.23622 
vn 0.96063 -0.133858 -0.23622 
vn 0.96063 -0.133858 -0.23622 
vn 0.834646 0.527559 0.165354 
vn 0.834646 0.527559 0.165354 
vn 0.834646 0.527559 0.165354 
vn 0.834646 0.527559 0.165354 
vn 0.889764 0.448819 0.11811 
vn 0.889764 0.448819 0.11811 
vn 0.889764 0.448819 0.11811 
vn 0.889764 0.448819 0.11811 
vn 0.889764 0.448819 0.11811 
vn 0.889764 0.448819 0.11811 
vn 0.968504 0.251969 -0.015748 
vn 0.968504 0.251969 -0.00787402 
vn 0.968504 0.251969 -0.00787402 
vn 0.968504 0.251969 -0.015748 
vn 0.984252 0.11811 -0.102362 
vn 0.984252 0.141732 -0.0866142 
vn 0.984252 0.015748 -0.173228 
vn 0.984252 0.015748 -0.173228 
vn -0.165354 -0.275591 -0.944882 
vn 0.110236 -0.76378 0.637795 
vn 0.102362 -0.76378 0.637795 
vn 0.0866142 -0.858268 0.496063 
vn 0.11811 -0.76378 0.637795 
vn 0.0708661 -0.897638 0.440945 
vn 0.0787402 -0.897638 0.433071 
vn 0.0551181 -0.952756 0.307087 
vn 0.0551181 -0.952756 0.307087 
vn 0.0551181 -0.952756 0.307087 
vn 0.0551181 -0.944882 0.322835 
vn 0.0551181 -0.944882 0.322835 
vn 0.0551181 -0.944882 0.322835 
vn 0.0551181 -0.944882 0.322835 
vn 0.173228 0 0.984252 
vn 0.173228 0 0.984252 
vn 0.173228 0 0.984252 
vn 0.173228 0 0.984252 
vn 0.0629921 0.677165 0.732283 
vn 0.188976 0.677165 0.708661 
vn -0.015748 -1 -0.0708661 
vn -0.015748 -1 -0.0708661 
vn 0.0629921 -0.929134 0.362205 
vn 0.0629921 -0.929134 0.362205 
vn -0.984252 -0.173228 0.0708661 
vn 0.834646 0.527559 0.165354 
vn -0.724409 0.527559 0.440945 
vn 0.125984 0.685039 0.716535 
vn 0.165354 0.228346 0.96063 
vn 0.165354 0.228346 0.96063 
vn 0.125984 0.692913 0.708661 
vn -0.0393701 -0.976378 -0.204724 
vn -0.0393701 -0.976378 -0.204724 
vn 0.0866142 -0.866142 0.496063 
vn 0.0866142 -0.866142 0.496063 
vn 0.173228 0 0.984252 
vn 0.173228 0 0.984252 
vn 0.173228 0 0.984252 
vn 0.173228 0 0.984252 
vn -0.141732 0.598425 -0.787402 
vn -0.141732 0.598425 -0.787402 
vn -0.165354 -0.275591 -0.944882 
vn -0.165354 -0.275591 -0.944882 
vn -0.165354 -0.275591 -0.944882 
vn -0.165354 -0.275591 -0.944882 
vn 0.0787402 -0.897638 0.433071 
vn 0.0551181 -0.952756 0.307087 
vn -0.173228 0 -0.984252 
vn -0.173228 0 -0.984252 
vn 0.0551181 -0.944882 0.322835 
vn 0.0551181 -0.944882 0.322835 
vn -0.141732 -0.566929 -0.811024 
vn -0.141732 -0.566929 -0.811024 
vn -0.0866142 -0.866142 -0.496063 
vn -0.0866142 -0.866142 -0.496063 
vn -0.0866142 -0.866142 -0.496063 
vn -0.0866142 -0.866142 -0.496063 
vn -0.0866142 -0.866142 -0.496063 
vn -0.0866142 -0.866142 -0.496063 
vn -0.015748 -1 -0.0708661 
vn -0.0866142 -0.866142 -0.496063 
vn -0.015748 -1 -0.0708661 
vn -0.0866142 -0.866142 -0.496063 
vn -0.984252 -0.173228 0.0708661 
vn -0.0866142 -0.866142 -0.496063 
vn -0.0866142 -0.866142 -0.496063 
vn -0.0866142 -0.866142 -0.496063 
vn -0.0866142 -0.866142 -0.496063 
vn -0.944882 0.173228 0.275591 
vn -0.976378 0.0393701 0.204724 
vn 0.834646 0.527559 0.165354 
vn -0.724409 0.527559 0.440945 
vn 0.968504 0.251969 -0.015748 
vn 0.968504 0.251969 -0.00787402 
vn -0.0866142 -0.866142 -0.496063 
vn -0.0866142 -0.866142 -0.496063 
vn -0.0866142 -0.866142 -0.496063 
vn -0.0866142 -0.866142 -0.496063 
vn -0.0866142 -0.866142 -0.496063 
vn -0.0866142 -0.866142 -0.496063 
vn -0.0866142 -0.866142 -0.496063 
vn -0.0866142 -0.866142 -0.496063 
vn -0.0866142 -0.866142 -0.496063 
vn -0.0866142 -0.866142 -0.496063 
vn -0.0393701 -0.976378 -0.204724 
vn -0.0393701 -0.976378 -0.204724 
vn -0.0866142 -0.866142 -0.496063 
vn -0.0866142 -0.866142 -0.496063 
vn -0.141732 0.598425 -0.787402 
vn 0.0551181 -0.952756 0.307087 
vn -0.173228 0 -0.984252 
vn 0.0551181 -0.944882 0.322835 
vn -0.141732 -0.566929 -0.811024 
vn 0.0629921 0.677165 0.732283 
vn 0.0866142 0.866142 0.496063 
vn -0.015748 -1 -0.0708661 
vn -0.015748 -1 -0.0708661 
vn 0.944882 -0.173228 -0.267717 
vn -0.984252 -0.173228 0.0708661 
vn -0.984252 -0.173228 0.0708661 
vn -0.984252 -0.173228 0.0708661 
vn -0.984252 -0.173228 0.0708661 
vn -0.984252 -0.141732 0.102362 
vn -0.984252 -0.141732 0.102362 
vn -0.984252 -0.141732 0.102362 
vn -0.984252 -0.141732 0.102362 
vn -0.984252 -0.141732 0.102362 
vn -0.984252 -0.141732 0.102362 
vn -0.984252 -0.141732 0.102362 
vn -0.984252 -0.141732 0.102362 
vn -0.96063 0.11811 0.244094 
vn -0.984252 0.00787402 0.173228 
vn -0.984252 0.00787402 0.173228 
vn -0.96063 0.141732 0.251969 
vn -0.937008 0.188976 0.283465 
vn -0.944882 0.173228 0.275591 
vn -0.976378 0.0393701 0.204724 
vn -0.976378 0.0393701 0.204724 
vn -0.724409 0.527559 0.440945 
vn -0.724409 0.527559 0.440945 
vn -0.724409 0.527559 0.440945 
vn -0.724409 0.527559 0.440945 
vn -0.771654 0.464567 0.425197 
vn -0.771654 0.464567 0.425197 
vn -0.771654 0.464567 0.425197 
vn -0.771654 0.464567 0.425197 
vn -0.771654 0.464567 0.425197 
vn -0.771654 0.464567 0.425197 

vt 1.0791 1.50381 
vt 1.0377 1.489 
vt 1.09049 1.489 
vt 1.04909 1.50381 
vt 1.04253 1.46186 
vt 1.09039 1.48556 
vt 1.04253 1.46186 
vt 1.08567 1.46186 
vt 1.0378 1.48556 
vt 1.0377 1.489 
vt 1.09049 1.489 
vt 1.07896 1.50381 
vt 1.04923 1.50381 
vt 1.04253 1.46186 
vt 1.08567 1.45222 
vt 1.08567 1.46186 
vt 1.04253 1.45222 
vt 1.08443 1.51151 
vt 1.04556 1.51151 
vt 1.08636 1.49381 
vt 1.08602 1.489 
vt 1.0377 1.489 
vt 1.09049 1.489 
vt 1.04362 1.49381 
vt 1.04197 1.489 
vt 1.06499 1.489 
vt 1.04362 1.49381 
vt 1.04197 1.489 
vt 1.06499 1.49381 
vt 1.08602 1.489 
vt 1.08636 1.49381 
vt 1.04556 1.49863 
vt 1.08443 1.49863 
vt 1.06499 1.49863 
vt 1.08443 1.51151 
vt 1.06499 1.51151 
vt 1.04556 1.51151 
vt 0.932647 1.50826 
vt 0.932647 1.45547 
vt 1.19148 1.5017 
vt 1.18758 1.45953 
vt 1.17998 1.46154 
vt 1.13537 1.48097 
vt 1.13537 1.46154 
vt 1.17998 1.48097 
vt 1.13537 1.50041 
vt 1.17998 1.50041 
vt 1.19538 1.48103 
vt 1.19538 1.46125 
vt 1.19538 1.5008 
vt 1.13453 1.4596 
vt 0.965119 1.50826 
vt 0.965119 1.45547 
vt 1.04454 1.50233 
vt 1.13453 1.50235 
vt 1.04454 1.46162 
vt 0.977749 1.467 
vt 1.03731 1.467 
vt 1.03731 1.49673 
vt 0.977749 1.49673 
vt 0.934427 1.46686 
vt 0.973673 1.49673 
vt 0.934427 1.49687 
vt 0.973673 1.467 
vt 1.04454 1.46162 
vt 1.04454 1.50233 
vt 1.12994 1.46441 
vt 1.12994 1.50116 
vt 0.964627 1.45557 
vt 0.932647 1.50816 
vt 0.932647 1.45557 
vt 0.964627 1.50816 
vt 1.18487 1.5044 
vt 0.968703 1.45557 
vt 1.18487 1.45885 
vt 0.968703 1.50816 
vt 1.19555 1.489 
vt 1.17115 1.46186 
vt 0.936714 1.49346 
vt 1.14586 1.46186 
vt 0.955531 1.47149 
vt 1.10237 1.46186 
vt 0.992826 1.51151 
vt 0.948213 1.51151 
vt 1.04077 1.47149 
vt 1.17115 1.46186 
vt 1.16357 1.48556 
vt 1.14994 1.46186 
vt 1.19555 1.48556 
vt 0.955531 1.47149 
vt 1.04077 1.47149 
vt 0.943319 1.48556 
vt 1.15949 1.48556 
vt 1.10237 1.46186 
vt 1.14586 1.46186 
vt 1.05617 1.45222 
vt 1.09467 1.45222 
vt 1.19377 1.50381 
vt 1.16307 1.489 
vt 1.19555 1.489 
vt 1.15452 1.50381 
vt 1.159 1.489 
vt 1.09088 1.50381 
vt 1.08366 1.49611 
vt 1.15044 1.50381 
vt 0.994141 1.489 
vt 0.99825 1.49611 
vt 0.993669 1.49381 
vt 0.940616 1.489 
vt 0.990886 1.489 
vt 0.936714 1.49346 
vt 0.996451 1.49863 
vt 0.932813 1.49792 
vt 0.948213 1.51151 
vt 0.992826 1.51151 
vt 1.08567 1.46186 
vt 1.06326 1.50392 
vt 1.04348 1.49792 
vt 1.06326 1.49785 
vt 1.08303 1.49792 
vt 1.04259 1.49346 
vt 1.08393 1.49346 
vt 1.06326 1.489 
vt 1.04176 1.489 
vt 1.08518 1.489 
vt 1.04434 1.47149 
vt 1.08663 1.48556 
vt 1.04108 1.48556 
vt 1.08379 1.47149 
vt 1.04254 1.489 
vt 1.08596 1.489 
vt 1.04664 1.49611 
vt 1.08339 1.49611 
vt 1.04377 1.51151 
vt 1.08264 1.51151 
vt 1.08601 1.47149 
vt 1.04218 1.47149 
vt 1.04253 1.45222 
vt 1.08567 1.45222 
vt 1.04253 1.46186 
vt 1.09049 1.489 
vt 1.0377 1.489 
vt 1.04385 1.49611 
vt 1.07896 1.50381 
vt 1.04923 1.50381 
vt 1.08456 1.49611 
vt 1.0377 1.489 
vt 1.09049 1.489 
vt 1.04923 1.50381 
vt 1.07896 1.50381 
vt 1.04253 1.46186 
vt 1.09039 1.48556 
vt 1.0378 1.48556 
vt 1.08567 1.46186 
vt 1.19555 1.50826 
vt 1.19555 1.45547 
vt 1.19555 1.45557 
vt 1.17115 1.50344 
vt 1.17115 1.4603 
vt 1.19555 1.50816 
vt 0.936714 1.5017 
vt 0.940616 1.45953 
vt 1.14586 1.50344 
vt 1.14586 1.4603 
vt 0.955531 1.46211 
vt 0.955531 1.50156 
vt 1.10237 1.50344 
vt 1.10237 1.4603 
vt 1.14586 1.4603 
vt 1.14586 1.50344 
vt 1.05617 1.4603 
vt 1.09467 1.4603 
vt 1.09467 1.50344 
vt 1.05617 1.50344 
vt 1.04077 1.50378 
vt 0.955531 1.50156 
vt 1.04077 1.45995 
vt 0.955531 1.46211 
vt 1.14994 1.4603 
vt 1.14994 1.50344 
vt 1.14994 1.4603 
vt 1.17115 1.4603 
vt 1.17115 1.50344 
vt 0.993669 1.4596 
vt 0.990886 1.45994 
vt 1.16307 1.50826 
vt 1.16307 1.45547 
vt 0.993669 1.50235 
vt 0.990886 1.50399 
vt 0.990886 1.45994 
vt 0.940616 1.48103 
vt 0.940616 1.45953 
vt 0.990886 1.48097 
vt 0.940616 1.50295 
vt 0.990886 1.50399 
vt 0.994141 1.46031 
vt 1.159 1.45547 
vt 1.159 1.50826 
vt 0.994141 1.50373 
vt 1.16307 1.45547 
vt 1.16307 1.50826 
vt 1.19555 1.45547 
vt 1.19555 1.50826 
vt 0.932647 1.489 
vt 1.18758 1.489 
vt 0.982334 1.46186 
vt 1.17266 1.47149 
vt 1.02582 1.46186 
vt 1.17998 1.51151 
vt 1.13537 1.51151 
vt 1.08742 1.47149 
vt 1.08742 1.47149 
vt 0.964627 1.48556 
vt 0.932647 1.48556 
vt 0.957043 1.46186 
vt 0.964627 1.48556 
vt 0.978258 1.46186 
vt 0.968703 1.48556 
vt 1.02582 1.46186 
vt 1.08742 1.47149 
vt 0.982334 1.46186 
vt 1.18487 1.48556 
vt 1.17266 1.47149 
vt 1.07202 1.45222 
vt 1.03352 1.45222 
vt 1.13174 1.49863 
vt 1.17998 1.51151 
vt 1.13537 1.51151 
vt 1.19538 1.49792 
vt 1.19148 1.49346 
vt 1.13453 1.49381 
vt 1.18758 1.489 
vt 1.13731 1.489 
vt 0.973673 1.50381 
vt 0.934427 1.50381 
vt 0.965119 1.489 
vt 0.932647 1.489 
vt 0.969195 1.489 
vt 1.13405 1.489 
vt 1.04454 1.49611 
vt 1.12994 1.49611 
vt 1.03731 1.50381 
vt 0.977749 1.50381 

usemtl Meshpart1Mtl

f 1/1/1 2/2/2 3/3/3 
f 2/2/2 1/1/1 4/4/4 
f 6/6/6 7/7/7 8/8/8 
f 7/7/7 6/6/6 9/9/9 
f 10/10/10 11/11/11 12/12/12 
f 10/10/10 12/12/12 13/13/13 
f 14/14/14 15/15/15 16/16/16 
f 15/15/15 14/14/14 17/17/17 
f 26/26/26 27/27/27 28/28/28 
f 27/27/27 26/26/26 29/29/29 
f 30/30/30 29/29/29 26/26/26 
f 29/29/29 30/30/30 31/31/31 
f 29/29/29 32/32/32 27/27/27 
f 29/29/29 31/31/31 33/33/33 
f 33/33/33 34/34/34 29/29/29 
f 32/32/32 29/29/29 34/34/34 
f 35/35/35 34/34/34 33/33/33 
f 34/34/34 35/35/35 36/36/36 
f 36/36/36 32/32/32 34/34/34 
f 32/32/32 36/36/36 37/37/37 
f 42/42/42 43/43/43 44/44/44 
f 43/43/43 42/42/42 45/45/45 
f 45/45/45 46/46/46 43/43/43 
f 46/46/46 45/45/45 47/47/47 
f 42/42/42 48/48/48 45/45/45 
f 45/45/45 48/48/48 47/47/47 
f 48/48/48 42/42/42 49/49/49 
f 48/48/48 50/50/50 47/47/47 
f 57/57/57 58/58/58 59/59/59 
f 57/57/57 59/59/59 60/60/60 
f 61/61/61 62/62/62 63/63/63 
f 62/62/62 61/61/61 64/64/64 
f 67/67/67 66/66/66 65/65/65 
f 66/66/66 67/67/67 68/68/68 
f 69/69/69 70/70/70 71/71/71 
f 70/70/70 69/69/69 72/72/72 
f 73/73/73 74/74/74 75/75/75 
f 74/74/74 73/73/73 76/76/76 
f 86/86/86 87/87/87 88/88/88 
f 87/87/87 86/86/86 89/89/89 
f 90/90/90 91/91/91 92/92/92 
f 93/93/93 92/92/92 91/91/91 
f 93/93/93 91/91/91 94/94/94 
f 94/94/94 95/95/95 93/93/93 
f 94/94/94 91/91/91 96/96/96 
f 94/94/94 96/96/96 97/97/97 
f 98/98/98 99/99/99 100/100/100 
f 99/99/99 98/98/98 101/101/101 
f 102/102/102 103/103/103 104/104/104 
f 103/103/103 102/102/102 105/105/105 
f 106/106/106 102/102/102 104/104/104 
f 106/106/106 104/104/104 107/107/107 
f 108/108/108 109/109/109 110/110/110 
f 109/109/109 108/108/108 111/111/111 
f 112/112/112 111/111/111 108/108/108 
f 111/111/111 112/112/112 113/113/113 
f 113/113/113 112/112/112 114/114/114 
f 114/114/114 112/112/112 115/115/115 
f 117/117/117 118/118/118 119/119/119 
f 119/119/119 120/120/120 117/117/117 
f 121/121/121 119/119/119 118/118/118 
f 120/120/120 119/119/119 122/122/122 
f 123/123/123 119/119/119 121/121/121 
f 123/123/123 122/122/122 119/119/119 
f 124/124/124 123/123/123 121/121/121 
f 122/122/122 123/123/123 125/125/125 
f 126/126/126 127/127/127 128/128/128 
f 127/127/127 126/126/126 129/129/129 
f 130/130/130 131/131/131 132/132/132 
f 132/132/132 131/131/131 133/133/133 
f 138/138/138 136/136/136 137/137/137 
f 136/136/136 138/138/138 139/139/139 
f 143/143/143 144/144/144 145/145/145 
f 144/144/144 143/143/143 146/146/146 
f 147/147/147 148/148/148 149/149/149 
f 149/149/149 148/148/148 150/150/150 
f 151/151/151 152/152/152 153/153/153 
f 152/152/152 151/151/151 154/154/154 
f 157/157/157 158/158/158 159/159/159 
f 158/158/158 157/157/157 160/160/160 
f 169/169/169 167/167/167 168/168/168 
f 167/167/167 169/169/169 170/170/170 
f 171/171/171 172/172/172 173/173/173 
f 171/171/171 173/173/173 174/174/174 
f 175/175/175 176/176/176 177/177/177 
f 178/178/178 177/177/177 176/176/176 
f 180/180/180 181/181/181 182/182/182 
f 182/182/182 183/183/183 180/180/180 
f 190/190/190 191/191/191 192/192/192 
f 191/191/191 190/190/190 193/193/193 
f 193/193/193 194/194/194 191/191/191 
f 194/194/194 193/193/193 195/195/195 
f 196/196/196 197/197/197 198/198/198 
f 196/196/196 198/198/198 199/199/199 
f 202/202/202 201/201/201 200/200/200 
f 201/201/201 202/202/202 203/203/203 
f 214/214/214 215/215/215 216/216/216 
f 216/216/216 215/215/215 217/217/217 
f 218/218/218 219/219/219 220/220/220 
f 219/219/219 218/218/218 221/221/221 
f 222/222/222 218/218/218 220/220/220 
f 222/222/222 220/220/220 223/223/223 
f 224/224/224 220/220/220 219/219/219 
f 219/219/219 225/225/225 224/224/224 
f 226/226/226 227/227/227 228/228/228 
f 227/227/227 226/226/226 229/229/229 
f 229/229/229 226/226/226 230/230/230 
f 230/230/230 226/226/226 231/231/231 
f 230/230/230 231/231/231 232/232/232 
f 232/232/232 231/231/231 233/233/233 
f 234/234/234 235/235/235 236/236/236 
f 236/236/236 235/235/235 237/237/237 
f 238/238/238 239/239/239 240/240/240 
f 240/240/240 239/239/239 241/241/241 
f 238/238/238 240/240/240 242/242/242 
f 238/238/238 242/242/242 243/243/243 

g Meshpart2

v -79.6021 7.18323 -1.49011 
v -79.5584 7.14204 -1.52196 
v -79.5868 7.14204 -1.51695 
v -79.6103 7.10085 -1.53695 
v -79.5802 7.20089 -1.48361 
v -79.592 7.0832 -1.55053 
v -79.6447 7.22526 -1.45795 
v -79.6589 7.08379 -1.53839 
v -79.6472 7.2003 -1.47214 
v -79.6614 7.05882 -1.55259 
v -79.6958 7.18324 -1.47358 
v -79.7259 7.0832 -1.52693 
v -79.7141 7.20089 -1.46001 
v -79.704 7.10085 -1.52043 
v -79.7477 7.14204 -1.48858 
v -79.7193 7.14204 -1.49358 
v -79.5912 7.14712 -1.42851 
v -79.5759 7.10593 -1.45536 
v -79.6363 7.16418 -1.41055 
v -79.5995 7.06474 -1.47536 
v -79.648 7.04768 -1.4768 
v -79.6849 7.14712 -1.41199 
v -79.6932 7.06474 -1.45883 
v -79.704 7.10085 -1.52043 
v -79.7084 7.10593 -1.43199 
v -79.5173 7.16196 -1.33262 
v -79.6293 7.19472 -1.37049 
v -79.6164 7.21454 -1.29764 
v -79.5045 7.18178 -1.25977 
v -79.7087 7.18178 -1.22376 
v -79.7215 7.16196 -1.29661 
v -79.6423 7.0647 -1.44441 
v -79.4283 7.03194 -1.42455 
v -79.8366 7.03195 -1.35254 
v -79.4819 6.90194 -1.49132 
v -79.8091 6.90194 -1.43361 
v -79.6554 6.9347 -1.51833 
v -79.5822 7.2128 -1.13913 
v -79.6485 7.15185 -1.19255 
v -79.5944 7.2128 -1.13699 
v -79.5503 7.15185 -1.20987 
v -79.4061 5.92781 -0.958721 
v -79.6982 5.92781 -0.907212 
v -79.5597 5.92803 -0.975996 
v -79.5378 6.15227 -0.851512 
v -79.387 6.118 -0.850577 
v -79.6791 6.11801 -0.799067 
v -79.3657 6.15568 -0.729844 
v -79.6578 6.15568 -0.678334 
v -79.511 6.19913 -0.699543 
v -79.2892 5.1635 -0.295923 
v -79.4051 5.08974 -0.0992884 
v -79.2604 5.04668 -0.132318 
v -79.5524 5.04668 -0.0808088 
v -79.2368 5.08338 0.00154579 
v -79.5288 5.08338 0.0530552 
v -79.3875 5.11774 0.000723362 
v -79.38 5.18988 0.0431051 
v -79.2264 5.18812 0.0603426 
v -79.5184 5.18812 0.111852 
v -79.2491 5.47682 -0.0685004 
v -79.5411 5.47682 -0.016991 
v -79.4026 5.46867 -0.0850189 
v -79.4026 5.91633 -0.0849413 
v -79.249 5.9078 -0.068197 
v -79.5411 5.90781 -0.0166876 
v -79.3944 5.96962 -0.0386606 
v -79.2412 5.98574 -0.0238795 
v -79.5333 5.98575 0.0276299 
v -79.3372 6.34459 -0.922027 
v -79.3388 6.17113 -1.02344 
v -79.3214 6.34459 -0.924805 
v -79.3546 6.17113 -1.02066 
v -79.3396 6.23712 -0.935962 
v -79.3239 6.23712 -0.93874 
v -79.4742 6.4993 -0.491101 
v -79.3476 6.24462 -0.627015 
v -79.5009 6.23244 -0.642598 
v -79.3263 6.45693 -0.506293 
v -79.6396 6.24462 -0.575505 
v -79.6183 6.45694 -0.454784 
v -79.3416 6.22585 -1.03784 
v -79.7833 6.12308 -1.09064 
v -79.8137 6.27129 -1.11583 
v -79.7969 6.41468 -1.16758 
v -79.3518 6.4928 -0.94999 
v -79.3515 6.44475 -1.09563 
v -79.4024 6.41468 -1.23716 
v -79.4659 6.37327 0.267145 
v -79.3838 6.36672 0.248832 
v -79.4722 6.31071 0.231576 
v -79.306 6.36672 0.2351 
v -79.2289 6.31071 0.188663 
v -79.2226 6.37326 0.224232 
v -79.5771 6.51414 -1.07472 
v -79.7744 6.51414 -1.03993 
v -79.3799 6.51413 -1.10951 
v -79.3518 6.4928 -0.94999 
v -79.4024 6.41468 -1.23716 
v -79.5996 6.41468 -1.20237 
v -79.4061 6.2527 -1.25816 
v -79.7969 6.41468 -1.16758 
v -79.6033 6.2527 -1.22337 
v -79.8006 6.2527 -1.18859 
v -79.7833 6.12308 -1.09064 
v -79.7935 6.39004 -1.0028 
v -79.778 6.39004 -1.00553 
v -79.8025 6.35044 -1.05361 
v -79.7869 6.35044 -1.05635 
v -79.8039 6.28595 -1.06198 
v -79.7884 6.28595 -1.06471 
v -79.3647 6.39003 -1.07842 
v -79.3492 6.39003 -1.08115 
v -79.3737 6.35043 -1.12924 
v -79.3582 6.35043 -1.13197 
v -79.3528 6.23434 -1.10134 
v -79.3752 6.28595 -1.1376 
v -79.3683 6.23434 -1.0986 
v -79.3597 6.28595 -1.14034 
v -79.4964 6.49192 -0.617231 
v -79.7528 6.23713 -0.863077 
v -79.7835 6.17114 -0.944997 
v -79.7686 6.23713 -0.860299 
v -79.7678 6.17114 -0.947775 
v -79.7504 6.3446 -0.849142 
v -79.7661 6.3446 -0.846364 
v -79.7889 6.89733 -1.42161 
v -79.6844 6.59885 -1.68269 
v -79.8204 6.58275 -1.60048 
v -79.8215 6.32566 -1.60656 
v -79.6504 6.94868 -1.49007 
v -79.7727 6.9222 -1.3302 
v -79.4968 6.89732 -1.47312 
v -79.5284 6.58275 -1.65199 
v -79.5295 6.32565 -1.65807 
v -79.4807 6.92219 -1.38171 
v -79.4446 6.80217 -1.17698 
v -79.6845 6.29651 -1.68345 
v -79.5995 7.06474 -1.47536 
v -79.6103 7.10085 -1.53695 
v -79.648 7.04768 -1.4768 
v -79.6589 7.08379 -1.53839 
v -79.6932 7.06474 -1.45883 
v -79.704 7.10085 -1.52043 
v -79.6423 7.0647 -1.44441 
v -79.4283 7.03194 -1.42455 
v -79.5944 7.2128 -1.13699 
v -79.5814 7.16983 -1.06368 
v -79.5693 7.16983 -1.06583 
v -79.5822 7.2128 -1.13913 
v -79.3838 6.36672 0.248832 
v -79.3412 6.22511 0.49036 
v -79.2634 6.22511 0.476627 
v -79.306 6.36672 0.2351 
v -79.7087 7.18178 -1.22376 
v -79.5185 6.5496 -0.145493 
v -79.4164 6.5496 -0.163497 
v -79.6164 7.21454 -1.29764 
v -79.5045 7.18178 -1.25977 
v -79.3143 6.5496 -0.1815 
v -79.3196 5.47314 0.385571 
v -79.181 5.46595 0.317376 
v -79.4731 5.46595 0.368886 
v -79.1663 5.279 0.401036 
v -79.4583 5.279 0.452545 
v -79.3049 5.28718 0.469055 
v -79.5378 6.15227 -0.851512 
v -79.6791 6.11801 -0.799067 
v -79.3657 6.15568 -0.729844 
v -79.6578 6.15568 -0.678334 
v -79.511 6.19913 -0.699543 
v -79.3328 6.04612 -0.542975 
v -79.6248 6.04612 -0.491466 
v -79.4722 6.06785 -0.47989 
v -79.4713 5.73478 -0.474624 
v -79.3327 5.72602 -0.542533 
v -79.6248 5.72602 -0.491024 
v -79.2892 5.1635 -0.295923 
v -79.5813 5.1635 -0.244413 
v -79.4294 5.1916 -0.237215 
v -79.4051 5.08974 -0.0992884 
v -79.2604 5.04668 -0.132318 
v -79.5524 5.04668 -0.0808088 
v -79.2412 5.98574 -0.0238795 
v -79.5333 5.98575 0.0276299 
v -79.3689 6.27128 -1.19427 
v -79.3847 6.27129 -1.19149 
v -79.3575 6.18528 -1.12928 
v -79.3732 6.18528 -1.1265 
v -79.3388 6.17113 -1.02344 
v -79.3546 6.17113 -1.02066 
v -79.4742 6.4993 -0.491101 
v -79.3263 6.45693 -0.506293 
v -79.6183 6.45694 -0.454784 
v -79.3703 6.16756 0.0982188 
v -79.5191 6.12701 0.107952 
v -79.2271 6.12701 0.0564425 
v -79.2887 6.06336 0.560673 
v -79.1454 6.02256 0.519495 
v -79.4374 6.02257 0.571005 
v -79.1268 5.95812 0.625041 
v -79.4188 5.95813 0.676551 
v -79.2665 5.98281 0.686301 
v -79.3416 6.22585 -1.03784 
v -79.7327 6.20121 -0.803475 
v -79.7686 6.23713 -0.860299 
v -79.7969 6.41468 -1.16758 
v -79.3382 6.2012 -0.87305 
v -79.3214 6.34459 -0.924805 
v -79.3518 6.4928 -0.94999 
v -79.4024 6.41468 -1.23716 
v -79.4659 6.37327 0.267145 
v -79.45 6.36884 0.357419 
v -79.3672 6.36884 0.342829 
v -79.3369 6.26803 0.514764 
v -79.4196 6.26803 0.529354 
v -79.3838 6.36672 0.248832 
v -79.306 6.36672 0.2351 
v -79.2226 6.37326 0.224232 
v -79.2067 6.36883 0.314506 
v -79.2894 6.36884 0.329097 
v -79.1763 6.26803 0.486441 
v -79.2591 6.26803 0.501032 
v -79.729 6.36319 -0.782471 
v -79.549 6.49281 -0.915203 
v -79.7462 6.49281 -0.880415 
v -79.5771 6.51414 -1.07472 
v -79.7744 6.51414 -1.03993 
v -79.5317 6.36319 -0.817258 
v -79.7327 6.20121 -0.803475 
v -79.3799 6.51413 -1.10951 
v -79.3518 6.4928 -0.94999 
v -79.3345 6.36318 -0.852046 
v -79.7969 6.41468 -1.16758 
v -79.3382 6.2012 -0.87305 
v -79.7935 6.39004 -1.0028 
v -79.7823 6.38154 -0.93929 
v -79.7668 6.38154 -0.942027 
v -79.7599 6.32994 -0.903034 
v -79.778 6.39004 -1.00553 
v -79.7754 6.32994 -0.900297 
v -79.3311 6.32993 -0.978657 
v -79.3535 6.38154 -1.01491 
v -79.3467 6.32993 -0.97592 
v -79.338 6.38154 -1.01765 
v -79.3647 6.39003 -1.07842 
v -79.3492 6.39003 -1.08115 
v -79.3775 6.47666 -0.696032 
v -79.6005 6.85772 -1.20716 
v -79.4964 6.49192 -0.617231 
v -79.4767 6.80667 -1.25891 
v -79.6352 6.47666 -0.650577 
v -79.7345 6.80668 -1.21346 
v -79.5814 7.16983 -1.06368 
v -79.6093 7.02128 -0.969847 
v -79.511 7.02128 -0.987168 
v -79.5693 7.16983 -1.06583 
v -79.6222 6.27195 -0.577138 
v -79.3645 6.27194 -0.622593 
v -79.4853 6.30783 -0.55381 
v -79.5086 6.37067 -0.686169 
v -79.6473 6.35542 -0.719515 
v -79.3896 6.35542 -0.76497 
v -79.5802 7.20089 -1.48361 
v -79.5513 7.10479 -1.3197 
v -79.6447 7.22526 -1.45795 
v -79.6158 7.12916 -1.29404 
v -79.7141 7.20089 -1.46001 
v -79.6852 7.10479 -1.29609 
v -79.4233 6.17277 0.394288 
v -79.2965 6.03001 0.516844 
v -79.3212 6.17277 0.376285 
v -79.439 6.03001 0.541977 
v -79.2191 6.17277 0.358281 
v -79.2439 6.31554 0.217727 
v -79.154 6.03 0.491711 
v -79.346 6.31554 0.23573 
v -79.2634 6.30898 0.107577 
v -79.4481 6.31554 0.253734 
v -79.3654 6.30899 0.125581 
v -79.31 6.46392 -0.156681 
v -79.4675 6.30899 0.143584 
v -79.412 6.46392 -0.138677 
v -79.3143 6.5496 -0.1815 
v -79.5141 6.46392 -0.120674 
v -79.4164 6.5496 -0.163497 
v -79.5185 6.5496 -0.145493 
v -79.1923 5.94276 0.246768 
v -79.4867 5.94276 0.298704 
v -79.7835 6.17114 -0.944997 
v -79.7678 6.17114 -0.947775 
v -79.8022 6.18529 -1.05084 
v -79.7865 6.18529 -1.05362 
v -79.8137 6.27129 -1.11583 
v -79.7979 6.27129 -1.1186 
v -79.7889 6.89733 -1.42161 
v -79.6504 6.94868 -1.49007 
v -79.6254 6.98123 -1.3483 
v -79.7727 6.9222 -1.3302 
v -79.4968 6.89732 -1.47312 
v -79.4807 6.92219 -1.38171 
v -79.7366 6.80217 -1.12547 
v -79.4446 6.80217 -1.17698 
v -79.5806 6.81758 -1.09458 
v -79.6181 6.44415 -1.30691 
v -79.4821 6.42874 -1.38931 
v -79.7741 6.42875 -1.3378 
v -79.4728 6.39794 -1.33677 
v -79.7648 6.39794 -1.28527 
v -79.6098 6.42742 -1.26007 
v -79.6472 7.2003 -1.47214 
v -79.6958 7.18324 -1.47358 
v -79.6849 7.14712 -1.41199 
v -79.7193 7.14204 -1.49358 
v -79.6932 7.06474 -1.45883 
v -79.704 7.10085 -1.52043 
v -79.7084 7.10593 -1.43199 
v -79.6423 7.0647 -1.44441 
v -79.4283 7.03194 -1.42455 
v -79.6609 6.25572 -1.54946 
v -79.3196 5.47314 0.385571 
v -79.3049 5.28718 0.469055 
v -79.168 5.09014 0.39127 
v -79.4166 4.57039 -0.164367 
v -79.4568 4.79532 -0.392324 
v -79.5378 6.15227 -0.851512 
v -79.4294 5.1916 -0.237215 
v -79.3822 6.37876 -1.17755 
v -79.3689 6.27128 -1.19427 
v -79.3515 6.44475 -1.09563 
v -79.3486 6.4306 -0.987013 
v -79.3732 6.18528 -1.1265 
v -79.3388 6.17113 -1.02344 
v -79.3214 6.34459 -0.924805 
v -79.3396 6.23712 -0.935962 
v -79.2665 5.98281 0.686301 
v -79.511 7.02128 -0.987168 
v -79.5503 7.15185 -1.20987 
v -79.5693 7.16983 -1.06583 
v -79.5822 7.2128 -1.13913 
v -79.3416 6.22585 -1.03784 
v -79.3311 6.32993 -0.978657 
v -79.3326 6.26545 -0.987018 
v -79.338 6.38154 -1.01765 
v -79.3528 6.23434 -1.10134 
v -79.3597 6.28595 -1.14034 
v -79.3492 6.39003 -1.08115 
v -79.3582 6.35043 -1.13197 
v -79.5173 7.16196 -1.33262 
v -79.3143 6.5496 -0.1815 
v -79.31 6.46392 -0.156681 
v -79.5045 7.18178 -1.25977 
v -79.4283 7.03194 -1.42455 
v -79.2934 6.27527 -0.422452 
v -79.4819 6.90194 -1.49132 
v -79.2793 6.28655 -0.3425 
v -79.1401 5.98639 0.363415 
v -79.1923 5.94276 0.246768 
v -79.2634 6.30898 0.107577 
v -79.2191 6.17277 0.358281 
v -79.154 6.03 0.491711 
v -79.2439 6.31554 0.217727 
v -79.3588 6.17165 -1.13703 
v -79.3381 6.15593 -1.01943 
v -79.3607 6.10175 -1.0007 
v -79.3888 6.12308 -1.16022 
v -79.4061 6.2527 -1.25816 
v -79.3215 6.22925 -0.92532 
v -79.3382 6.2012 -0.87305 
v -79.3345 6.36318 -0.852046 
v -79.3239 6.23712 -0.93874 
v -79.3388 6.17113 -1.02344 
v -79.3575 6.18528 -1.12928 
v -79.3188 6.34867 -0.909835 
v -79.3214 6.34459 -0.924805 
v -79.3329 6.4306 -0.989792 
v -79.3315 6.44423 -0.982043 
v -79.3518 6.4928 -0.94999 
v -79.3799 6.51413 -1.10951 
v -79.3522 6.45995 -1.09965 
v -79.3515 6.44475 -1.09563 
v -79.3665 6.37876 -1.18033 
v -79.3688 6.38663 -1.19375 
v -79.4024 6.41468 -1.23716 
v -79.3716 6.26721 -1.20924 
v -79.3689 6.27128 -1.19427 
v -79.4821 6.42874 -1.38931 
v -79.484 6.17455 -1.40034 
v -79.5295 6.32565 -1.65807 
v -79.4732 6.20812 -1.33888 
v -79.4728 6.39794 -1.33677 
v -79.5284 6.58275 -1.65199 
v -79.4968 6.89732 -1.47312 
v -79.4446 6.80217 -1.17698 
v -79.4807 6.92219 -1.38171 
v -79.4061 5.92781 -0.958721 
v -79.387 6.118 -0.850577 
v -79.3977 5.83744 -0.910795 
v -79.3805 5.78034 -0.813408 
v -79.3657 6.15568 -0.729844 
v -79.3328 6.04612 -0.542975 
v -79.3327 5.72602 -0.542533 
v -79.2892 5.1635 -0.295923 
v -79.3045 4.81969 -0.382364 
v -79.2604 5.04668 -0.132318 
v -79.2691 4.61321 -0.181588 
v -79.2143 4.7458 0.129104 
v -79.2368 5.08338 0.00154579 
v -79.168 5.09014 0.39127 
v -79.2264 5.18812 0.0603426 
v -79.1663 5.279 0.401036 
v -79.181 5.46595 0.317376 
v -79.2491 5.47682 -0.0685004 
v -79.177 5.70647 0.340423 
v -79.249 5.9078 -0.068197 
v -79.2412 5.98574 -0.0238795 
v -79.1696 5.77998 0.382217 
v -79.2271 6.12701 0.0564425 
v -79.3 6.18119 -0.357246 
v -79.1454 6.02256 0.519495 
v -79.3263 6.45693 -0.506293 
v -79.3179 6.14601 -0.458826 
v -79.3476 6.24462 -0.627015 
v -79.1346 5.80136 0.58057 
v -79.1248 5.88739 0.636098 
v -79.1268 5.95812 0.625041 
v -79.778 6.39004 -1.00553 
v -79.8039 6.28595 -1.06198 
v -79.7703 6.22586 -0.962214 
v -79.3467 6.32993 -0.97592 
v -79.3326 6.26545 -0.987018 
v -79.3492 6.39003 -1.08115 
v -79.3896 6.35542 -0.76497 
v -79.4767 6.80667 -1.25891 
v -79.3775 6.47666 -0.696032 
v -79.5269 6.30677 -1.54316 
v -79.3887 5.84754 -0.759888 
v -79.3587 6.14699 -0.589624 
v -79.3645 6.27194 -0.622593 
v -79.1863 6.1691 0.43019 
v -79.2289 6.31071 0.188663 
v -79.2067 6.36883 0.314506 
v -79.2226 6.37326 0.224232 
v -79.1763 6.26803 0.486441 
v -79.4964 6.49192 -0.617231 
v -79.4774 6.13929 -0.509342 
v -79.3887 5.84754 -0.759888 
v -79.3645 6.27194 -0.622593 
v -79.5631 6.9871 -1.38662 
v -79.592 7.0832 -1.55053 
v -79.5584 7.14204 -1.52196 
v -79.6325 6.96272 -1.38868 
v -79.5295 7.04594 -1.35805 
v -79.5802 7.20089 -1.48361 
v -79.5513 7.10479 -1.3197 
v -79.6447 7.22526 -1.45795 
v -79.6158 7.12916 -1.29404 
v -79.3412 6.22511 0.49036 
v -79.3838 6.36672 0.248832 
v -79.3672 6.36884 0.342829 
v -79.3369 6.26803 0.514764 
v -79.6472 7.2003 -1.47214 
v -79.5995 7.06474 -1.47536 
v -79.704 7.10085 -1.52043 
v -79.4296 6.16911 0.473104 
v -79.2634 6.22511 0.476627 
v -79.3412 6.22511 0.49036 
v -79.4196 6.26803 0.529354 
v -79.3369 6.26803 0.514764 
v -79.1863 6.1691 0.43019 
v -79.1763 6.26803 0.486441 
v -79.2591 6.26803 0.501032 
v -79.177 5.70647 0.340423 
v -79.3196 5.47314 0.385571 
v -79.181 5.46595 0.317376 
v -79.469 5.70648 0.391932 
v -79.4731 5.46595 0.368886 
v -79.1663 5.279 0.401036 
v -79.4583 5.279 0.452545 
v -79.3049 5.28718 0.469055 
v -79.3069 5.075 0.457383 
v -79.168 5.09014 0.39127 
v -79.4601 5.09015 0.44278 
v -79.2143 4.7458 0.129104 
v -79.5063 4.7458 0.180613 
v -79.3556 4.71139 0.181378 
v -79.2691 4.61321 -0.181588 
v -79.5611 4.61322 -0.130079 
v -79.4166 4.57039 -0.164367 
v -79.5378 6.15227 -0.851512 
v -79.3328 6.04612 -0.542975 
v -79.6248 6.04612 -0.491466 
v -79.4722 6.06785 -0.47989 
v -79.4713 5.73478 -0.474624 
v -79.3327 5.72602 -0.542533 
v -79.6248 5.72602 -0.491024 
v -79.3 6.18119 -0.357246 
v -79.5921 6.1812 -0.305736 
v -79.4469 6.13777 -0.336369 
v -79.3673 6.44475 -1.09286 
v -79.3822 6.37876 -1.17755 
v -79.3665 6.37876 -1.18033 
v -79.3689 6.27128 -1.19427 
v -79.3515 6.44475 -1.09563 
v -79.3847 6.27129 -1.19149 
v -79.4645 6.10243 -0.436367 
v -79.3179 6.14601 -0.458826 
v -79.61 6.14602 -0.407316 
v -79.1268 5.95812 0.625041 
v -79.4188 5.95813 0.676551 
v -79.2665 5.98281 0.686301 
v -79.2634 5.87819 0.703913 
v -79.1248 5.88739 0.636098 
v -79.4169 5.8874 0.687608 
v -79.1346 5.80136 0.58057 
v -79.4267 5.80136 0.632079 
v -79.2766 5.76421 0.628981 
v -79.3118 5.74201 0.429504 
v -79.1696 5.77998 0.382217 
v -79.4616 5.77998 0.433726 
v -79.3159 5.6912 0.406581 
v -79.3416 6.22585 -1.03784 
v -79.3518 6.4928 -0.94999 
v -79.729 6.36319 -0.782471 
v -79.5317 6.36319 -0.817258 
v -79.7327 6.20121 -0.803475 
v -79.3345 6.36318 -0.852046 
v -79.3888 6.12308 -1.16022 
v -79.3607 6.10175 -1.0007 
v -79.5579 6.10175 -0.965911 
v -79.3382 6.2012 -0.87305 
v -79.7552 6.10176 -0.931124 
v -79.5354 6.20121 -0.838263 
v -79.7935 6.39004 -1.0028 
v -79.7599 6.32994 -0.903034 
v -79.778 6.39004 -1.00553 
v -79.7754 6.32994 -0.900297 
v -79.7614 6.26545 -0.911397 
v -79.7769 6.26545 -0.908659 
v -79.7703 6.22586 -0.962214 
v -79.7859 6.22586 -0.959477 
v -79.3311 6.32993 -0.978657 
v -79.3467 6.32993 -0.97592 
v -79.3326 6.26545 -0.987018 
v -79.3481 6.26545 -0.984281 
v -79.3492 6.39003 -1.08115 
v -79.3416 6.22585 -1.03784 
v -79.3571 6.22585 -1.0351 
v -79.3528 6.23434 -1.10134 
v -79.3683 6.23434 -1.0986 
v -79.3775 6.47666 -0.696032 
v -79.4964 6.49192 -0.617231 
v -79.5086 6.37067 -0.686169 
v -79.3896 6.35542 -0.76497 
v -79.6352 6.47666 -0.650577 
v -79.6473 6.35542 -0.719515 
v -79.4774 6.13929 -0.509342 
v -79.6222 6.27195 -0.577138 
v -79.6164 6.14699 -0.544169 
v -79.6465 5.84755 -0.714433 
v -79.515 5.79061 -0.722136 
v -79.3887 5.84754 -0.759888 
v -79.3587 6.14699 -0.589624 
v -79.3645 6.27194 -0.622593 
v -79.4853 6.30783 -0.55381 
v -79.2965 6.03001 0.516844 
v -79.439 6.03001 0.541977 
v -79.154 6.03 0.491711 
v -79.318 5.98639 0.394795 
v -79.1401 5.98639 0.363415 
v -79.4959 5.98639 0.426174 
v -79.1923 5.94276 0.246768 
v -79.4867 5.94276 0.298704 
v -79.3395 5.94276 0.272736 
v -79.8137 6.27129 -1.11583 
v -79.7979 6.27129 -1.1186 
v -79.7805 6.44476 -1.01997 
v -79.8112 6.37877 -1.10189 
v -79.7963 6.44476 -1.01719 
v -79.7955 6.37877 -1.10467 
v -79.8215 6.32566 -1.60656 
v -79.7727 6.9222 -1.3302 
v -79.5295 6.32565 -1.65807 
v -79.7366 6.80217 -1.12547 
v -79.4446 6.80217 -1.17698 
v -79.5806 6.81758 -1.09458 
v -79.6302 6.11501 -1.37546 
v -79.484 6.17455 -1.40034 
v -79.776 6.17455 -1.34883 
v -79.6181 6.44415 -1.30691 
v -79.4821 6.42874 -1.38931 
v -79.7741 6.42875 -1.3378 
v -79.4728 6.39794 -1.33677 
v -79.7648 6.39794 -1.28527 
v -79.6098 6.42742 -1.26007 
v -79.6103 6.1773 -1.26296 
v -79.4732 6.20812 -1.33888 
v -79.7652 6.20813 -1.28737 
v -79.5912 7.14712 -1.42851 
v -79.6021 7.18323 -1.49011 
v -79.6472 7.2003 -1.47214 
v -79.6363 7.16418 -1.41055 
v -79.6958 7.18324 -1.47358 
v -79.5995 7.06474 -1.47536 
v -79.6849 7.14712 -1.41199 
v -79.6423 7.0647 -1.44441 
v -79.4283 7.03194 -1.42455 
v -79.6609 6.25572 -1.54946 
v -79.3887 5.84754 -0.759888 
v -79.515 5.79061 -0.722136 
v -79.5269 6.30677 -1.54316 
v -79.6465 5.84755 -0.714433 
v -79.7846 6.30677 -1.4977 
v -79.2691 4.61321 -0.181588 
v -79.5611 4.61322 -0.130079 
v -79.4166 4.57039 -0.164367 
v -79.3045 4.81969 -0.382364 
v -79.5965 4.81969 -0.330854 
v -79.4568 4.79532 -0.392324 
v -79.3805 5.78034 -0.813408 
v -79.6725 5.78035 -0.761898 
v -79.5321 5.75103 -0.819556 
v -79.3977 5.83744 -0.910795 
v -79.6897 5.83744 -0.859286 
v -79.5491 5.80657 -0.915503 
v -79.4061 5.92781 -0.958721 
v -79.6982 5.92781 -0.907212 
v -79.5597 5.92803 -0.975996 
v -79.5378 6.15227 -0.851512 
v -79.6791 6.11801 -0.799067 
v -79.3657 6.15568 -0.729844 
v -79.38 5.18988 0.0431051 
v -79.2264 5.18812 0.0603426 
v -79.5184 5.18812 0.111852 
v -79.2491 5.47682 -0.0685004 
v -79.5411 5.47682 -0.016991 
v -79.4026 5.46867 -0.0850189 
v -79.3944 5.96962 -0.0386606 
v -79.2412 5.98574 -0.0238795 
v -79.5333 5.98575 0.0276299 
v -79.3 6.18119 -0.357246 
v -79.5921 6.1812 -0.305736 
v -79.4469 6.13777 -0.336369 
v -79.3673 6.44475 -1.09286 
v -79.3515 6.44475 -1.09563 
v -79.3486 6.4306 -0.987013 
v -79.3329 6.4306 -0.989792 
v -79.3372 6.34459 -0.922027 
v -79.3214 6.34459 -0.924805 
v -79.3476 6.24462 -0.627015 
v -79.5009 6.23244 -0.642598 
v -79.6396 6.24462 -0.575505 
v -79.4645 6.10243 -0.436367 
v -79.3179 6.14601 -0.458826 
v -79.61 6.14602 -0.407316 
v -79.1346 5.80136 0.58057 
v -79.4267 5.80136 0.632079 
v -79.2766 5.76421 0.628981 
v -79.3118 5.74201 0.429504 
v -79.1696 5.77998 0.382217 
v -79.4616 5.77998 0.433726 
v -79.3416 6.22585 -1.03784 
v -79.7327 6.20121 -0.803475 
v -79.4061 6.2527 -1.25816 
v -79.6033 6.2527 -1.22337 
v -79.3888 6.12308 -1.16022 
v -79.8006 6.2527 -1.18859 
v -79.5861 6.12308 -1.12543 
v -79.3607 6.10175 -1.0007 
v -79.7833 6.12308 -1.09064 
v -79.5579 6.10175 -0.965911 
v -79.7552 6.10176 -0.931124 
v -79.8039 6.28595 -1.06198 
v -79.7703 6.22586 -0.962214 
v -79.7884 6.28595 -1.06471 
v -79.7859 6.22586 -0.959477 
v -79.7971 6.23435 -1.02298 
v -79.7815 6.23435 -1.02572 
v -79.3326 6.26545 -0.987018 
v -79.3416 6.22585 -1.03784 
v -79.3571 6.22585 -1.0351 
v -79.3528 6.23434 -1.10134 
v -79.3752 6.28595 -1.1376 
v -79.3683 6.23434 -1.0986 
v -79.3597 6.28595 -1.14034 
v -79.4964 6.49192 -0.617231 
v -79.5631 6.9871 -1.38662 
v -79.592 7.0832 -1.55053 
v -79.5584 7.14204 -1.52196 
v -79.6325 6.96272 -1.38868 
v -79.5295 7.04594 -1.35805 
v -79.6614 7.05882 -1.55259 
v -79.697 6.9871 -1.36301 
v -79.7259 7.0832 -1.52693 
v -79.7188 7.04594 -1.32467 
v -79.7477 7.14204 -1.48858 
v -79.1923 5.94276 0.246768 
v -79.4867 5.94276 0.298704 
v -79.3395 5.94276 0.272736 
v -79.4429 6.28655 -0.313646 
v -79.6065 6.28655 -0.284793 
v -79.2793 6.28655 -0.3425 
v -79.6206 6.27527 -0.364745 
v -79.457 6.27527 -0.393598 
v -79.2934 6.27527 -0.422452 
v -79.8091 6.90194 -1.43361 
v -79.4819 6.90194 -1.49132 
v -79.6554 6.9347 -1.51833 
v -79.7504 6.3446 -0.849142 
v -79.7661 6.3446 -0.846364 
v -79.7618 6.43061 -0.914129 
v -79.7776 6.43061 -0.91135 
v -79.7805 6.44476 -1.01997 
v -79.7963 6.44476 -1.01719 
v -79.6093 7.02128 -0.969847 
v -79.6485 7.15185 -1.19255 
v -79.5503 7.15185 -1.20987 
v -79.511 7.02128 -0.987168 
v -79.8215 6.32566 -1.60656 
v -79.5295 6.32565 -1.65807 
v -79.6845 6.29651 -1.68345 
v -79.6302 6.11501 -1.37546 
v -79.484 6.17455 -1.40034 
v -79.776 6.17455 -1.34883 
v -79.5912 7.14712 -1.42851 
v -79.6021 7.18323 -1.49011 
v -79.5759 7.10593 -1.45536 
v -79.5868 7.14204 -1.51695 
v -79.5995 7.06474 -1.47536 
v -79.6103 7.10085 -1.53695 
v -79.6423 7.0647 -1.44441 
v -79.6609 6.25572 -1.54946 
v -79.3196 5.47314 0.385571 
v -79.3049 5.28718 0.469055 
v -79.4601 5.09015 0.44278 
v -79.4166 4.57039 -0.164367 
v -79.4568 4.79532 -0.392324 
v -79.5378 6.15227 -0.851512 
v -79.4294 5.1916 -0.237215 
v -79.3822 6.37876 -1.17755 
v -79.3689 6.27128 -1.19427 
v -79.3515 6.44475 -1.09563 
v -79.3486 6.4306 -0.987013 
v -79.3732 6.18528 -1.1265 
v -79.3388 6.17113 -1.02344 
v -79.3214 6.34459 -0.924805 
v -79.3396 6.23712 -0.935962 
v -79.2665 5.98281 0.686301 
v -79.6485 7.15185 -1.19255 
v -79.5814 7.16983 -1.06368 
v -79.5944 7.2128 -1.13699 
v -79.6093 7.02128 -0.969847 
v -79.8025 6.35044 -1.05361 
v -79.7823 6.38154 -0.93929 
v -79.7935 6.39004 -1.0028 
v -79.7971 6.23435 -1.02298 
v -79.8039 6.28595 -1.06198 
v -79.7769 6.26545 -0.908659 
v -79.7754 6.32994 -0.900297 
v -79.7859 6.22586 -0.959477 
v -79.3416 6.22585 -1.03784 
v -79.8052 6.15574 -1.06764 
v -79.7552 6.10176 -0.931124 
v -79.782 6.13818 -0.936299 
v -79.7833 6.12308 -1.09064 
v -79.7327 6.20121 -0.803475 
v -79.8006 6.2527 -1.18859 
v -79.7635 6.22007 -0.8312 
v -79.7686 6.23713 -0.860299 
v -79.7604 6.35343 -0.813905 
v -79.7835 6.17114 -0.944997 
v -79.8022 6.18529 -1.05084 
v -79.8137 6.27129 -1.11583 
v -79.729 6.36319 -0.782471 
v -79.7661 6.3446 -0.846364 
v -79.7462 6.49281 -0.880415 
v -79.7776 6.43061 -0.91135 
v -79.7746 6.46016 -0.894549 
v -79.7978 6.47772 -1.02589 
v -79.7744 6.51414 -1.03993 
v -79.7963 6.44476 -1.01719 
v -79.7969 6.41468 -1.16758 
v -79.8112 6.37877 -1.10189 
v -79.8163 6.39583 -1.13099 
v -79.8194 6.26246 -1.14828 
v -79.7215 7.16196 -1.29661 
v -79.5141 6.46392 -0.120674 
v -79.5185 6.5496 -0.145493 
v -79.7087 7.18178 -1.22376 
v -79.8366 7.03195 -1.35254 
v -79.8091 6.90194 -1.43361 
v -79.6206 6.27527 -0.364745 
v -79.6065 6.28655 -0.284793 
v -79.4959 5.98639 0.426174 
v -79.4867 5.94276 0.298704 
v -79.4675 6.30899 0.143584 
v -79.4233 6.17277 0.394288 
v -79.4481 6.31554 0.253734 
v -79.439 6.03001 0.541977 
v -79.3888 6.12308 -1.16022 
v -79.3345 6.36318 -0.852046 
v -79.3388 6.17113 -1.02344 
v -79.3518 6.4928 -0.94999 
v -79.4024 6.41468 -1.23716 
v -79.8204 6.58275 -1.60048 
v -79.8215 6.32566 -1.60656 
v -79.7741 6.42875 -1.3378 
v -79.776 6.17455 -1.34883 
v -79.7652 6.20813 -1.28737 
v -79.7648 6.39794 -1.28527 
v -79.7889 6.89733 -1.42161 
v -79.7366 6.80217 -1.12547 
v -79.7727 6.9222 -1.3302 
v -79.4616 5.77998 0.433726 
v -79.5333 5.98575 0.0276299 
v -79.469 5.70648 0.391932 
v -79.5411 5.90781 -0.0166876 
v -79.5411 5.47682 -0.016991 
v -79.4731 5.46595 0.368886 
v -79.5184 5.18812 0.111852 
v -79.4583 5.279 0.452545 
v -79.4601 5.09015 0.44278 
v -79.5288 5.08338 0.0530552 
v -79.5063 4.7458 0.180613 
v -79.5524 5.04668 -0.0808088 
v -79.5611 4.61322 -0.130079 
v -79.5965 4.81969 -0.330854 
v -79.5813 5.1635 -0.244413 
v -79.6725 5.78035 -0.761898 
v -79.6248 5.72602 -0.491024 
v -79.6248 6.04612 -0.491466 
v -79.6578 6.15568 -0.678334 
v -79.6791 6.11801 -0.799067 
v -79.6897 5.83744 -0.859286 
v -79.6982 5.92781 -0.907212 
v -79.4169 5.8874 0.687608 
v -79.4374 6.02257 0.571005 
v -79.4267 5.80136 0.632079 
v -79.4188 5.95813 0.676551 
v -79.5191 6.12701 0.107952 
v -79.5921 6.1812 -0.305736 
v -79.6183 6.45694 -0.454784 
v -79.61 6.14602 -0.407316 
v -79.6396 6.24462 -0.575505 
v -79.3467 6.32993 -0.97592 
v -79.3326 6.26545 -0.987018 
v -79.3683 6.23434 -1.0986 
v -79.7345 6.80668 -1.21346 
v -79.6473 6.35542 -0.719515 
v -79.6352 6.47666 -0.650577 
v -79.7846 6.30677 -1.4977 
v -79.6465 5.84755 -0.714433 
v -79.6164 6.14699 -0.544169 
v -79.6222 6.27195 -0.577138 
v -79.4722 6.31071 0.231576 
v -79.45 6.36884 0.357419 
v -79.4659 6.37327 0.267145 
v -79.4296 6.16911 0.473104 
v -79.4196 6.26803 0.529354 
v -79.4964 6.49192 -0.617231 
v -79.4774 6.13929 -0.509342 
v -79.6222 6.27195 -0.577138 
v -79.6465 5.84755 -0.714433 
v -79.6325 6.96272 -1.38868 
v -79.697 6.9871 -1.36301 
v -79.7259 7.0832 -1.52693 
v -79.6447 7.22526 -1.45795 
v -79.7188 7.04594 -1.32467 
v -79.6158 7.12916 -1.29404 
v -79.7477 7.14204 -1.48858 
v -79.7141 7.20089 -1.46001 
v -79.6852 7.10479 -1.29609 
v -79.2894 6.36884 0.329097 
v -79.2634 6.22511 0.476627 
v -79.2591 6.26803 0.501032 
v -79.306 6.36672 0.2351 

vn -0.149606 0.503937 -0.850394 
vn -0.149606 0.503937 -0.850394 
vn -0.149606 0.503937 -0.850394 
vn -0.149606 0.503937 -0.850394 
vn -0.149606 0.503937 -0.850394 
vn -0.149606 0.503937 -0.850394 
vn -0.149606 0.503937 -0.850394 
vn -0.149606 0.503937 -0.850394 
vn -0.149606 0.503937 -0.850394 
vn -0.149606 0.503937 -0.850394 
vn -0.149606 0.503937 -0.850394 
vn -0.149606 0.503937 -0.850394 
vn -0.149606 0.503937 -0.850394 
vn -0.149606 0.503937 -0.850394 
vn -0.149606 0.503937 -0.850394 
vn -0.149606 0.503937 -0.850394 
vn -0.755906 -0.19685 -0.629921 
vn -0.96063 0.204724 -0.188976 
vn -0.165354 -0.322835 -0.929134 
vn -0.653543 0.748031 -0.0866142 
vn -0.0314961 0.984252 -0.188976 
vn 0.488189 -0.19685 -0.850394 
vn 0.590551 0.748031 -0.307087 
vn 0.80315 0.566929 0.188976 
vn 0.834646 0.204724 -0.503937 
vn 0.314961 0.740157 -0.598425 
vn -0.102362 0.818898 -0.566929 
vn -0.0472441 0.968504 -0.251969 
vn 0.362205 0.88189 -0.307087 
vn -0.440945 0.88189 -0.165354 
vn -0.496063 0.740157 -0.456693 
vn -0.141732 0.543307 -0.826772 
vn 0.212598 0.488189 -0.850394 
vn -0.488189 0.488189 -0.724409 
vn 0.181102 0.433071 -0.88189 
vn -0.472441 0.433071 -0.771654 
vn -0.15748 0.456693 -0.874016 
vn -0.11811 0.724409 -0.677165 
vn -0.11811 0.724409 -0.677165 
vn -0.11811 0.724409 -0.677165 
vn -0.11811 0.724409 -0.677165 
vn 0.11811 0.015748 -0.992126 
vn -0.456693 0.015748 -0.889764 
vn -0.173228 0.015748 -0.984252 
vn -0.110236 0.779528 -0.614173 
vn 0.173228 0.748031 -0.637795 
vn -0.377953 0.748031 -0.543307 
vn 0.291339 0.952756 0.0629921 
vn -0.259843 0.952756 0.15748 
vn 0.023622 0.992126 0.110236 
vn 0.401575 0.606299 0.685039 
vn 0.0314961 0.984252 0.173228 
vn 0.314961 0.944882 0.11811 
vn -0.251969 0.944882 0.212598 
vn 0.173228 0.76378 -0.622047 
vn -0.377953 0.76378 -0.527559 
vn -0.102362 0.795276 -0.598425 
vn -0.173228 0.0472441 -0.984252 
vn 0.11811 0.0472441 -0.992126 
vn -0.456693 0.0472441 -0.889764 
vn 0.110236 -0.204724 -0.968504 
vn -0.433071 -0.204724 -0.874016 
vn -0.165354 -0.212598 -0.96063 
vn -0.165354 0.299213 -0.937008 
vn 0.0944882 0.291339 -0.952756 
vn -0.409449 0.291339 -0.858268 
vn -0.173228 -0.204724 -0.96063 
vn 0.165354 -0.212598 -0.96063 
vn -0.488189 -0.212598 -0.850394 
vn -0.165354 -0.259843 -0.952756 
vn -0.0472441 0.968504 -0.251969 
vn -0.165354 -0.259843 -0.952756 
vn -0.0472441 0.968504 -0.251969 
vn -0.149606 0.503937 -0.850394 
vn -0.149606 0.503937 -0.850394 
vn -0.0472441 0.968504 -0.259843 
vn 0.133858 -0.23622 -0.96063 
vn -0.165354 -0.251969 -0.952756 
vn 0.259843 0.92126 -0.299213 
vn -0.456693 -0.23622 -0.858268 
vn -0.346457 0.92126 -0.19685 
vn 0.984252 0 -0.173228 
vn -0.866142 -0.488189 -0.133858 
vn -0.984252 0 0.173228 
vn -0.897638 0.283465 -0.330709 
vn 0.929134 0.362205 0.0472441 
vn 0.984252 0 -0.173228 
vn 0.834646 0.204724 -0.511811 
vn -0.0629921 0.874016 -0.480315 
vn -0.0944882 0.755906 -0.645669 
vn -0.149606 0.503937 -0.850394 
vn -0.125984 0.755906 -0.637795 
vn -0.149606 0.503937 -0.850394 
vn -0.110236 0.874016 -0.472441 
vn -0.0472441 0.968504 -0.251969 
vn -0.0472441 0.968504 -0.251969 
vn -0.0472441 0.968504 -0.251969 
vn 0.0866142 0.866142 0.488189 
vn -0.149606 0.503937 -0.850394 
vn -0.149606 0.503937 -0.850394 
vn -0.165354 -0.259843 -0.952756 
vn -0.149606 0.503937 -0.850394 
vn -0.165354 -0.259843 -0.952756 
vn -0.165354 -0.259843 -0.952756 
vn -0.0866142 -0.866142 -0.496063 
vn -0.0472441 0.968504 -0.251969 
vn -0.0472441 0.968504 -0.251969 
vn -0.149606 0.503937 -0.850394 
vn -0.149606 0.503937 -0.850394 
vn -0.165354 -0.259843 -0.952756 
vn -0.165354 -0.259843 -0.952756 
vn -0.0472441 0.968504 -0.251969 
vn -0.0472441 0.968504 -0.251969 
vn -0.149606 0.503937 -0.850394 
vn -0.149606 0.503937 -0.850394 
vn -0.0866142 -0.866142 -0.496063 
vn -0.165354 -0.259843 -0.952756 
vn -0.0866142 -0.866142 -0.496063 
vn -0.165354 -0.259843 -0.952756 
vn 0.165354 0.251969 0.952756 
vn -0.149606 0.503937 -0.850394 
vn -0.0472441 0.968504 -0.251969 
vn -0.149606 0.503937 -0.850394 
vn -0.0472441 0.968504 -0.251969 
vn -0.165354 -0.259843 -0.952756 
vn -0.165354 -0.259843 -0.952756 
vn -0.488189 0.732283 -0.472441 
vn -0.165354 0.259843 -0.952756 
vn -0.519685 0.244094 -0.818898 
vn -0.519685 -0.456693 -0.724409 
vn -0.102362 0.795276 -0.598425 
vn -0.330709 0.92126 0.204724 
vn 0.299213 0.732283 -0.614173 
vn 0.212598 0.244094 -0.944882 
vn 0.23622 -0.456693 -0.858268 
vn 0.385827 0.92126 0.0787402 
vn 0.543307 0.228346 0.811024 
vn -0.149606 -0.496063 -0.858268 
vn -0.653543 0.748031 -0.0866142 
vn -0.685039 0.566929 0.456693 
vn -0.0314961 0.984252 -0.188976 
vn 0.0866142 0.866142 0.488189 
vn 0.590551 0.748031 -0.307087 
vn 0.80315 0.566929 0.188976 
vn -0.141732 0.543307 -0.826772 
vn 0.212598 0.488189 -0.850394 
vn 0.0866142 0.866142 0.488189 
vn 0.0866142 0.866142 0.488189 
vn 0.0866142 0.866142 0.488189 
vn 0.0866142 0.866142 0.488189 
vn 0.0866142 0.866142 0.488189 
vn 0.0866142 0.866142 0.488189 
vn 0.0866142 0.866142 0.488189 
vn 0.0866142 0.866142 0.488189 
vn 0.0866142 0.866142 0.488189 
vn 0.0866142 0.866142 0.488189 
vn 0.0866142 0.866142 0.488189 
vn 0.0866142 0.866142 0.488189 
vn 0.0866142 0.866142 0.488189 
vn 0.0866142 0.866142 0.488189 
vn 0.173228 0.165354 0.968504 
vn 0.440945 0.15748 0.88189 
vn -0.11811 0.15748 0.984252 
vn 0.440945 0.181102 0.88189 
vn -0.110236 0.181102 0.976378 
vn 0.173228 0.188976 0.968504 
vn -0.110236 0.779528 -0.614173 
vn -0.377953 0.748031 -0.543307 
vn 0.291339 0.952756 0.0629921 
vn -0.259843 0.952756 0.15748 
vn 0.023622 0.992126 0.110236 
vn 0.433071 0.480315 0.76378 
vn -0.149606 0.480315 0.866142 
vn 0.149606 0.503937 0.850394 
vn 0.173228 0.212598 0.96063 
vn 0.433071 0.204724 0.874016 
vn -0.110236 0.204724 0.976378 
vn 0.401575 0.606299 0.685039 
vn -0.141732 0.606299 0.779528 
vn 0.133858 0.629921 0.76378 
vn 0.0314961 0.984252 0.173228 
vn 0.314961 0.944882 0.11811 
vn -0.251969 0.944882 0.212598 
vn 0.165354 -0.212598 -0.96063 
vn -0.488189 -0.212598 -0.850394 
vn 0.165354 0.259843 0.952756 
vn 0.165354 0.259843 0.952756 
vn 0.0866142 0.866142 0.488189 
vn 0.0866142 0.866142 0.488189 
vn -0.0472441 0.968504 -0.251969 
vn -0.0472441 0.968504 -0.251969 
vn -0.0472441 0.968504 -0.259843 
vn 0.259843 0.92126 -0.299213 
vn -0.346457 0.92126 -0.19685 
vn 0.0629921 0.937008 0.354331 
vn -0.204724 0.897638 0.385827 
vn 0.322835 0.897638 0.291339 
vn 0.0629921 0.929134 0.370079 
vn 0.338583 0.889764 0.307087 
vn -0.212598 0.889764 0.401575 
vn 0.425197 0.535433 0.732283 
vn -0.149606 0.535433 0.834646 
vn 0.141732 0.559055 0.818898 
vn 0.984252 0 -0.173228 
vn -0.732283 -0.283465 0.622047 
vn -0.984252 0 0.173228 
vn -0.897638 0.283465 -0.330709 
vn 0.96063 -0.204724 0.19685 
vn 0.984252 0 -0.173228 
vn 0.929134 0.362205 0.0472441 
vn 0.834646 0.204724 -0.511811 
vn -0.0629921 0.874016 -0.480315 
vn 0.0629921 0.96063 0.259843 
vn 0.0629921 0.96063 0.259843 
vn 0.0866142 0.866142 0.488189 
vn 0.0866142 0.866142 0.488189 
vn -0.0944882 0.755906 -0.645669 
vn -0.125984 0.755906 -0.637795 
vn -0.110236 0.874016 -0.472441 
vn 0.023622 0.96063 0.267717 
vn 0.023622 0.96063 0.267717 
vn 0.0866142 0.866142 0.488189 
vn 0.0866142 0.866142 0.488189 
vn 0.165354 0.259843 0.952756 
vn 0.0866142 0.866142 0.488189 
vn 0.0866142 0.866142 0.488189 
vn -0.0472441 0.968504 -0.251969 
vn -0.0472441 0.968504 -0.251969 
vn 0.165354 0.259843 0.952756 
vn 0.149606 -0.496063 0.850394 
vn -0.0472441 0.968504 -0.251969 
vn 0.0866142 0.866142 0.488189 
vn 0.165354 0.259843 0.952756 
vn -0.149606 0.503937 -0.850394 
vn 0.149606 -0.496063 0.850394 
vn -0.0472441 0.968504 -0.251969 
vn 0.0866142 0.866142 0.488189 
vn 0.0866142 0.866142 0.488189 
vn 0.165354 0.259843 0.952756 
vn -0.0472441 0.968504 -0.251969 
vn 0.165354 0.259843 0.952756 
vn 0.165354 0.259843 0.952756 
vn 0.0866142 0.866142 0.488189 
vn 0.165354 0.259843 0.952756 
vn 0.0866142 0.866142 0.488189 
vn -0.0472441 0.968504 -0.251969 
vn -0.0472441 0.968504 -0.251969 
vn 0.590551 0.220472 0.779528 
vn 0.0866142 0.858268 0.503937 
vn 0.165354 0.251969 0.952756 
vn 0.440945 0.80315 0.409449 
vn -0.283465 0.220472 0.929134 
vn -0.275591 0.80315 0.535433 
vn 0.149606 0.511811 0.850394 
vn 0.149606 0.511811 0.850394 
vn 0.149606 0.511811 0.850394 
vn 0.149606 0.511811 0.850394 
vn -0.259843 0.574803 0.771654 
vn 0.503937 0.574803 0.637795 
vn 0.133858 0.622047 0.771654 
vn 0.0787402 0.88189 0.456693 
vn -0.251969 0.834646 0.488189 
vn 0.409449 0.834646 0.370079 
vn 0.80315 0.566929 0.188976 
vn 0.80315 0.566929 0.188976 
vn 0.0866142 0.866142 0.488189 
vn 0.0866142 0.866142 0.488189 
vn -0.685039 0.566929 0.456693 
vn -0.685039 0.566929 0.456693 
vn 0.125984 0.708661 0.692913 
vn 0.173228 -0.220472 0.96063 
vn 0.125984 0.708661 0.692913 
vn 0.149606 -0.543307 0.826772 
vn 0.125984 0.708661 0.692913 
vn 0.0629921 0.937008 0.346457 
vn 0.149606 -0.543307 0.826772 
vn 0.0629921 0.937008 0.346457 
vn 0.0393701 0.976378 0.228346 
vn 0.0629921 0.937008 0.346457 
vn 0.0393701 0.976378 0.228346 
vn 0.133858 0.622047 0.771654 
vn 0.0393701 0.976378 0.228346 
vn 0.133858 0.622047 0.771654 
vn 0.165354 0.283465 0.944882 
vn 0.133858 0.622047 0.771654 
vn 0.165354 0.283465 0.944882 
vn 0.165354 0.283465 0.944882 
vn -0.00787402 -1 -0.0472441 
vn -0.00787402 -1 -0.0472441 
vn -0.0472441 0.968504 -0.251969 
vn -0.0472441 0.968504 -0.251969 
vn 0.0866142 0.866142 0.488189 
vn 0.0866142 0.866142 0.488189 
vn 0.165354 0.259843 0.952756 
vn 0.165354 0.259843 0.952756 
vn -0.488189 0.732283 -0.472441 
vn -0.102362 0.795276 -0.598425 
vn 0.023622 0.984252 0.149606 
vn -0.330709 0.92126 0.204724 
vn 0.299213 0.732283 -0.614173 
vn 0.385827 0.92126 0.0787402 
vn -0.23622 0.228346 0.944882 
vn 0.543307 0.228346 0.811024 
vn 0.165354 0.244094 0.952756 
vn 0.165354 0.307087 0.937008 
vn 0.535433 0.275591 0.795276 
vn -0.23622 0.275591 0.929134 
vn 0.488189 0.496063 0.716535 
vn -0.212598 0.496063 0.84252 
vn 0.149606 0.527559 0.834646 
vn -0.0866142 -0.866142 -0.496063 
vn 0.685039 -0.566929 -0.456693 
vn 0.488189 -0.19685 -0.850394 
vn 0.984252 0 -0.173228 
vn 0.590551 0.748031 -0.307087 
vn 0.80315 0.566929 0.188976 
vn 0.834646 0.204724 -0.503937 
vn -0.141732 0.543307 -0.826772 
vn 0.212598 0.488189 -0.850394 
vn -0.0866142 -0.874016 -0.488189 
vn 0.173228 0.165354 0.968504 
vn 0.173228 0.188976 0.968504 
vn 0.433071 -0.330709 0.834646 
vn -0.0314961 -0.984252 -0.188976 
vn -0.141732 -0.574803 -0.811024 
vn -0.110236 0.779528 -0.614173 
vn 0.133858 0.629921 0.76378 
vn 0.149606 -0.496063 0.850394 
vn 0.165354 0.259843 0.952756 
vn 0.0472441 -0.968504 0.251969 
vn -0.0866142 -0.866142 -0.496063 
vn 0.0866142 0.866142 0.488189 
vn -0.0472441 0.968504 -0.251969 
vn -0.165354 -0.259843 -0.952756 
vn -0.149606 0.503937 -0.850394 
vn 0.141732 0.559055 0.818898 
vn 0.913386 0.393701 0.0708661 
vn 0.913386 0.393701 0.0708661 
vn 0.913386 0.393701 0.0708661 
vn 0.913386 0.393701 0.0708661 
vn 0.984252 0 -0.173228 
vn 0.984252 0 -0.173228 
vn 0.984252 0 -0.173228 
vn 0.984252 0 -0.173228 
vn 0.984252 0 -0.173228 
vn 0.984252 0 -0.173228 
vn 0.984252 0 -0.173228 
vn 0.984252 0 -0.173228 
vn 0.96063 0.283465 0 
vn 0.984252 0 -0.173228 
vn 0.937008 0.354331 0.0393701 
vn 0.984252 0 -0.173228 
vn 0.992126 0.102362 -0.102362 
vn 0.937008 -0.204724 -0.275591 
vn 0.937008 -0.204724 -0.275591 
vn 0.937008 -0.204724 -0.275591 
vn 0.968504 0.244094 -0.023622 
vn 0.937008 -0.204724 -0.275591 
vn 0.889764 0.440945 0.102362 
vn 0.889764 0.440945 0.102362 
vn 0.889764 0.440945 0.102362 
vn 0.889764 0.440945 0.102362 
vn 0.937008 -0.212598 -0.291339 
vn 0.968504 -0.23622 -0.102362 
vn 0.913386 -0.401575 -0.0551181 
vn 0.858268 -0.354331 -0.362205 
vn 0.826772 -0.110236 -0.551181 
vn 0.992126 -0.11811 0.0393701 
vn 0.96063 -0.204724 0.19685 
vn 0.968504 0.110236 0.23622 
vn 0.984252 0 -0.173228 
vn 0.984252 0 -0.173228 
vn 0.984252 0 -0.173228 
vn 0.992126 0.0629921 0.0629921 
vn 0.984252 0 -0.173228 
vn 0.984252 0 -0.173228 
vn 0.976378 0.212598 -0.0472441 
vn 0.929134 0.362205 0.0472441 
vn 0.874016 0.401575 -0.259843 
vn 0.944882 0.23622 -0.228346 
vn 0.984252 0 -0.173228 
vn 0.984252 0 -0.173228 
vn 0.92126 0.125984 -0.377953 
vn 0.834646 0.204724 -0.511811 
vn 0.913386 -0.0629921 -0.401575 
vn 0.984252 0 -0.173228 
vn 0.984252 0 -0.173228 
vn 0.984252 0 -0.173228 
vn 0.984252 0 -0.173228 
vn 0.984252 0 -0.173228 
vn 0.984252 0 -0.173228 
vn 0.984252 0 -0.173228 
vn 0.984252 0 -0.173228 
vn 0.984252 0 -0.173228 
vn 0.984252 0 -0.173228 
vn 0.984252 0 -0.173228 
vn 0.984252 0 -0.173228 
vn 0.984252 0 -0.173228 
vn 0.984252 0 -0.173228 
vn 0.984252 0 -0.173228 
vn 0.984252 0 -0.173228 
vn 0.984252 0 -0.173228 
vn 0.984252 0 -0.173228 
vn 0.984252 0 -0.173228 
vn 0.984252 0 -0.173228 
vn 0.984252 0 -0.173228 
vn 0.984252 0 -0.173228 
vn 0.984252 0 -0.173228 
vn 0.984252 0 -0.173228 
vn 0.984252 0 -0.173228 
vn 0.984252 0 -0.173228 
vn 0.984252 0 -0.173228 
vn 0.984252 0 -0.173228 
vn 0.984252 0 -0.173228 
vn 0.984252 0 -0.173228 
vn 0.984252 0 -0.173228 
vn 0.984252 0 -0.173228 
vn 0.984252 0 -0.173228 
vn 0.984252 0 -0.173228 
vn 0.984252 0 -0.173228 
vn 0.984252 0 -0.173228 
vn 0.984252 0 -0.173228 
vn 0.984252 0 -0.173228 
vn 0.984252 0 -0.173228 
vn 0.984252 0 -0.173228 
vn 0.984252 0 -0.173228 
vn -0.0472441 0.968504 -0.251969 
vn -0.165354 -0.259843 -0.952756 
vn 0.0472441 -0.968504 0.251969 
vn 0.165354 0.259843 0.952756 
vn 0.149606 -0.496063 0.850394 
vn -0.0472441 0.968504 -0.251969 
vn 0.984252 0 -0.173228 
vn 0.984252 0 -0.173228 
vn 0.984252 0 -0.173228 
vn 0.984252 0 -0.173228 
vn 0.984252 0 -0.173228 
vn 0.984252 0 -0.173228 
vn 0.984252 0 -0.173228 
vn 0.984252 0 -0.173228 
vn 0.984252 0 -0.173228 
vn 0.984252 0 -0.173228 
vn 0.984252 0 -0.173228 
vn 0.984252 0 -0.173228 
vn 0.165354 0.251969 0.952756 
vn 0.173228 -0.141732 0.976378 
vn 0.480315 -0.480315 0.732283 
vn 0.503937 0.574803 0.637795 
vn 0.685039 -0.566929 -0.456693 
vn 0.685039 -0.566929 -0.456693 
vn 0.984252 0 -0.173228 
vn -0.0866142 -0.866142 -0.496063 
vn 0.984252 0 -0.173228 
vn 0.80315 0.566929 0.188976 
vn 0.80315 0.566929 0.188976 
vn 0.0866142 0.866142 0.488189 
vn 0.0866142 0.866142 0.488189 
vn 0.984252 0 -0.173228 
vn 0.984252 0 -0.173228 
vn 0.984252 0 -0.173228 
vn 0.984252 0 -0.173228 
vn -0.0866142 -0.866142 -0.496063 
vn -0.653543 0.748031 -0.0866142 
vn 0.80315 0.566929 0.188976 
vn 0.149606 -0.496063 0.850394 
vn 0.149606 -0.496063 0.850394 
vn 0.149606 -0.496063 0.850394 
vn 0.149606 -0.496063 0.850394 
vn 0.149606 -0.496063 0.850394 
vn 0.149606 -0.496063 0.850394 
vn 0.149606 -0.496063 0.850394 
vn 0.149606 -0.496063 0.850394 
vn 0.425197 -0.275591 0.858268 
vn 0.173228 0.165354 0.968504 
vn 0.440945 0.15748 0.88189 
vn -0.110236 -0.275591 0.952756 
vn -0.11811 0.15748 0.984252 
vn 0.440945 0.181102 0.88189 
vn -0.110236 0.181102 0.976378 
vn 0.173228 0.188976 0.968504 
vn 0.165354 -0.346457 0.92126 
vn 0.433071 -0.330709 0.834646 
vn -0.125984 -0.330709 0.937008 
vn 0.370079 -0.76378 0.527559 
vn -0.165354 -0.76378 0.622047 
vn 0.102362 -0.795276 0.598425 
vn 0.267717 -0.937008 -0.23622 
vn -0.330709 -0.937008 -0.125984 
vn -0.0314961 -0.984252 -0.188976 
vn -0.110236 0.779528 -0.614173 
vn 0.433071 0.480315 0.76378 
vn -0.149606 0.480315 0.866142 
vn 0.149606 0.503937 0.850394 
vn 0.173228 0.212598 0.96063 
vn 0.433071 0.204724 0.874016 
vn -0.110236 0.204724 0.976378 
vn 0.251969 -0.96063 -0.133858 
vn -0.283465 -0.96063 -0.0393701 
vn -0.015748 -0.992126 -0.0866142 
vn 0.0472441 -0.968504 0.251969 
vn 0.149606 -0.496063 0.850394 
vn 0.149606 -0.496063 0.850394 
vn 0.165354 0.259843 0.952756 
vn 0.0472441 -0.968504 0.251969 
vn 0.165354 0.259843 0.952756 
vn -0.015748 -0.992126 -0.102362 
vn 0.251969 -0.96063 -0.149606 
vn -0.283465 -0.96063 -0.0551181 
vn 0.425197 0.535433 0.732283 
vn -0.149606 0.535433 0.834646 
vn 0.141732 0.559055 0.818898 
vn 0.173228 -0.212598 0.96063 
vn 0.440945 -0.19685 0.874016 
vn -0.110236 -0.19685 0.976378 
vn 0.370079 -0.818898 0.440945 
vn -0.19685 -0.818898 0.543307 
vn 0.0944882 -0.850394 0.511811 
vn 0.102362 -0.826772 0.559055 
vn 0.377953 -0.795276 0.472441 
vn -0.19685 -0.795276 0.574803 
vn 0.165354 -0.283465 0.944882 
vn 0.984252 0 -0.173228 
vn 0.929134 0.362205 0.0472441 
vn 0.165354 0.259843 0.952756 
vn 0.165354 0.259843 0.952756 
vn 0.149606 -0.496063 0.850394 
vn 0.165354 0.259843 0.952756 
vn -0.0866142 -0.866142 -0.496063 
vn 0.0472441 -0.968504 0.251969 
vn 0.0472441 -0.968504 0.251969 
vn 0.149606 -0.496063 0.850394 
vn 0.0472441 -0.968504 0.251969 
vn 0.149606 -0.496063 0.850394 
vn -0.0472441 0.968504 -0.251969 
vn 0.165354 0.259843 0.952756 
vn -0.0472441 0.968504 -0.251969 
vn 0.165354 0.259843 0.952756 
vn 0.149606 -0.496063 0.850394 
vn 0.149606 -0.496063 0.850394 
vn 0.0472441 -0.968504 0.251969 
vn 0.0472441 -0.968504 0.251969 
vn 0.165354 0.259843 0.952756 
vn 0.165354 0.259843 0.952756 
vn 0.149606 -0.496063 0.850394 
vn 0.149606 -0.496063 0.850394 
vn -0.0472441 0.968504 -0.251969 
vn 0.0472441 -0.968504 0.251969 
vn 0.0472441 -0.968504 0.251969 
vn -0.0866142 -0.866142 -0.496063 
vn -0.0866142 -0.866142 -0.496063 
vn 0.590551 0.220472 0.779528 
vn 0.165354 0.251969 0.952756 
vn 0.149606 -0.496063 0.850394 
vn 0.440945 -0.472441 0.76378 
vn -0.283465 0.220472 0.929134 
vn -0.15748 -0.472441 0.866142 
vn 0.173228 -0.141732 0.976378 
vn -0.259843 0.574803 0.771654 
vn -0.228346 -0.125984 0.968504 
vn -0.19685 -0.480315 0.850394 
vn 0.149606 -0.511811 0.84252 
vn 0.480315 -0.480315 0.732283 
vn 0.543307 -0.125984 0.826772 
vn 0.503937 0.574803 0.637795 
vn 0.133858 0.622047 0.771654 
vn 0.173228 -0.220472 0.96063 
vn 0.149606 -0.543307 0.826772 
vn 0.149606 -0.543307 0.826772 
vn 0.0551181 -0.944882 0.330709 
vn 0.0551181 -0.944882 0.330709 
vn 0.0551181 -0.944882 0.330709 
vn -0.00787402 -1 -0.0472441 
vn -0.00787402 -1 -0.0472441 
vn -0.015748 -0.992126 -0.0944882 
vn 0.165354 0.259843 0.952756 
vn 0.165354 0.259843 0.952756 
vn 0.0472441 -0.968504 0.251969 
vn 0.149606 -0.496063 0.850394 
vn 0.0472441 -0.968504 0.251969 
vn 0.149606 -0.496063 0.850394 
vn -0.519685 -0.456693 -0.724409 
vn -0.330709 0.92126 0.204724 
vn 0.23622 -0.456693 -0.858268 
vn -0.23622 0.228346 0.944882 
vn 0.543307 0.228346 0.811024 
vn 0.165354 0.244094 0.952756 
vn 0 -1 -0.015748 
vn 0.362205 -0.929134 -0.0787402 
vn -0.370079 -0.929134 0.0551181 
vn 0.165354 0.307087 0.937008 
vn 0.535433 0.275591 0.795276 
vn -0.23622 0.275591 0.929134 
vn 0.488189 0.496063 0.716535 
vn -0.212598 0.496063 0.84252 
vn 0.149606 0.527559 0.834646 
vn 0.149606 -0.519685 0.84252 
vn 0.503937 -0.480315 0.716535 
vn -0.228346 -0.480315 0.850394 
vn -0.755906 -0.19685 -0.629921 
vn -0.80315 -0.566929 -0.188976 
vn -0.0866142 -0.866142 -0.496063 
vn -0.165354 -0.322835 -0.929134 
vn 0.685039 -0.566929 -0.456693 
vn -0.653543 0.748031 -0.0866142 
vn 0.488189 -0.19685 -0.850394 
vn -0.141732 0.543307 -0.826772 
vn 0.212598 0.488189 -0.850394 
vn -0.0866142 -0.874016 -0.488189 
vn 0.275591 -0.811024 -0.511811 
vn -0.0866142 -0.874016 -0.488189 
vn 0.275591 -0.811024 -0.511811 
vn -0.433071 -0.811024 -0.385827 
vn -0.433071 -0.811024 -0.385827 
vn 0.267717 -0.937008 -0.23622 
vn -0.330709 -0.937008 -0.125984 
vn -0.0314961 -0.984252 -0.188976 
vn 0.125984 -0.551181 -0.826772 
vn -0.401575 -0.551181 -0.732283 
vn -0.141732 -0.574803 -0.811024 
vn 0.15748 -0.645669 -0.748031 
vn -0.401575 -0.645669 -0.645669 
vn -0.125984 -0.677165 -0.724409 
vn 0.149606 -0.661417 -0.732283 
vn -0.393701 -0.661417 -0.637795 
vn -0.125984 -0.692913 -0.708661 
vn 0.11811 0.015748 -0.992126 
vn -0.456693 0.015748 -0.889764 
vn -0.173228 0.015748 -0.984252 
vn -0.110236 0.779528 -0.614173 
vn -0.377953 0.748031 -0.543307 
vn 0.291339 0.952756 0.0629921 
vn -0.173228 0.0472441 -0.984252 
vn 0.11811 0.0472441 -0.992126 
vn -0.456693 0.0472441 -0.889764 
vn 0.110236 -0.204724 -0.968504 
vn -0.433071 -0.204724 -0.874016 
vn -0.165354 -0.212598 -0.96063 
vn -0.173228 -0.204724 -0.96063 
vn 0.165354 -0.212598 -0.96063 
vn -0.488189 -0.212598 -0.850394 
vn 0.251969 -0.96063 -0.133858 
vn -0.283465 -0.96063 -0.0393701 
vn -0.015748 -0.992126 -0.0866142 
vn 0.0472441 -0.968504 0.251969 
vn 0.0472441 -0.968504 0.251969 
vn -0.0866142 -0.866142 -0.496063 
vn -0.0866142 -0.866142 -0.496063 
vn -0.165354 -0.259843 -0.952756 
vn -0.165354 -0.259843 -0.952756 
vn 0.133858 -0.23622 -0.96063 
vn -0.165354 -0.251969 -0.952756 
vn -0.456693 -0.23622 -0.858268 
vn -0.015748 -0.992126 -0.102362 
vn 0.251969 -0.96063 -0.149606 
vn -0.283465 -0.96063 -0.0551181 
vn 0.370079 -0.818898 0.440945 
vn -0.19685 -0.818898 0.543307 
vn 0.0944882 -0.850394 0.511811 
vn 0.102362 -0.826772 0.559055 
vn 0.377953 -0.795276 0.472441 
vn -0.19685 -0.795276 0.574803 
vn 0.984252 0 -0.173228 
vn 0.149606 -0.496063 0.850394 
vn -0.165354 -0.259843 -0.952756 
vn -0.165354 -0.259843 -0.952756 
vn -0.0866142 -0.866142 -0.496063 
vn -0.165354 -0.259843 -0.952756 
vn -0.0866142 -0.866142 -0.496063 
vn 0.0472441 -0.968504 0.251969 
vn -0.0866142 -0.866142 -0.496063 
vn 0.0472441 -0.968504 0.251969 
vn 0.0472441 -0.968504 0.251969 
vn -0.165354 -0.259843 -0.952756 
vn 0.0472441 -0.968504 0.251969 
vn -0.165354 -0.259843 -0.952756 
vn 0.0472441 -0.968504 0.251969 
vn -0.0866142 -0.866142 -0.496063 
vn -0.0866142 -0.866142 -0.496063 
vn 0.149606 -0.496063 0.850394 
vn 0.0472441 -0.968504 0.251969 
vn 0.0472441 -0.968504 0.251969 
vn -0.0866142 -0.866142 -0.496063 
vn -0.165354 -0.259843 -0.952756 
vn -0.0866142 -0.866142 -0.496063 
vn -0.165354 -0.259843 -0.952756 
vn 0.165354 0.251969 0.952756 
vn 0.685039 -0.566929 -0.456693 
vn 0.685039 -0.566929 -0.456693 
vn 0.984252 0 -0.173228 
vn -0.0866142 -0.866142 -0.496063 
vn 0.984252 0 -0.173228 
vn -0.0866142 -0.866142 -0.496063 
vn -0.80315 -0.566929 -0.188976 
vn -0.80315 -0.566929 -0.188976 
vn -0.984252 0 0.173228 
vn -0.984252 0 0.173228 
vn -0.00787402 -1 -0.0472441 
vn -0.00787402 -1 -0.0472441 
vn -0.015748 -0.992126 -0.0944882 
vn -0.0314961 -0.984252 -0.188976 
vn -0.0314961 -0.984252 -0.181102 
vn -0.0314961 -0.984252 -0.181102 
vn -0.0314961 -0.984252 -0.188976 
vn -0.0314961 -0.984252 -0.188976 
vn -0.0314961 -0.984252 -0.188976 
vn -0.0866142 -0.866142 -0.496063 
vn -0.0866142 -0.866142 -0.496063 
vn -0.0866142 -0.866142 -0.496063 
vn -0.165354 -0.259843 -0.952756 
vn -0.165354 -0.259843 -0.952756 
vn -0.0866142 -0.866142 -0.496063 
vn -0.0866142 -0.866142 -0.496063 
vn 0.0472441 -0.968504 0.251969 
vn 0.0472441 -0.968504 0.251969 
vn -0.0866142 -0.866142 -0.496063 
vn -0.0866142 -0.866142 -0.496063 
vn -0.0866142 -0.866142 -0.496063 
vn -0.0866142 -0.866142 -0.496063 
vn -0.519685 -0.456693 -0.724409 
vn 0.23622 -0.456693 -0.858268 
vn -0.149606 -0.496063 -0.858268 
vn 0 -1 -0.015748 
vn 0.362205 -0.929134 -0.0787402 
vn -0.370079 -0.929134 0.0551181 
vn -0.755906 -0.19685 -0.629921 
vn -0.80315 -0.566929 -0.188976 
vn -0.96063 0.204724 -0.188976 
vn -0.984252 0 0.173228 
vn -0.653543 0.748031 -0.0866142 
vn -0.685039 0.566929 0.456693 
vn -0.141732 0.543307 -0.826772 
vn -0.0866142 -0.874016 -0.488189 
vn 0.173228 0.165354 0.968504 
vn 0.173228 0.188976 0.968504 
vn -0.125984 -0.330709 0.937008 
vn -0.0314961 -0.984252 -0.188976 
vn -0.141732 -0.574803 -0.811024 
vn -0.110236 0.779528 -0.614173 
vn 0.133858 0.629921 0.76378 
vn 0.149606 -0.496063 0.850394 
vn 0.165354 0.259843 0.952756 
vn 0.0472441 -0.968504 0.251969 
vn -0.0866142 -0.866142 -0.496063 
vn 0.0866142 0.866142 0.488189 
vn -0.0472441 0.968504 -0.251969 
vn -0.165354 -0.259843 -0.952756 
vn -0.149606 0.503937 -0.850394 
vn 0.141732 0.559055 0.818898 
vn -0.834646 0.393701 0.377953 
vn -0.834646 0.393701 0.377953 
vn -0.834646 0.393701 0.377953 
vn -0.834646 0.393701 0.377953 
vn -0.984252 0 0.173228 
vn -0.984252 0 0.173228 
vn -0.984252 0 0.173228 
vn -0.984252 0 0.173228 
vn -0.984252 0 0.173228 
vn -0.984252 0 0.173228 
vn -0.984252 0 0.173228 
vn -0.984252 0 0.173228 
vn 0.984252 0 -0.173228 
vn -0.96063 -0.275591 0.00787402 
vn -0.787402 -0.543307 0.283465 
vn -0.92126 -0.307087 0.244094 
vn -0.866142 -0.488189 -0.133858 
vn -0.732283 -0.283465 0.622047 
vn -0.913386 -0.141732 -0.385827 
vn -0.88189 -0.15748 0.433071 
vn -0.984252 0 0.173228 
vn -0.88189 0.0787402 0.464567 
vn -0.984252 0 0.173228 
vn -0.984252 0 0.173228 
vn -0.984252 0 0.173228 
vn -0.724409 0.141732 0.677165 
vn -0.984252 0 0.173228 
vn -0.76378 0.488189 0.417323 
vn -0.984252 0 0.173228 
vn -0.905512 0.275591 0.322835 
vn -0.944882 0.307087 0.0866142 
vn -0.84252 0.543307 0 
vn -0.984252 0 0.173228 
vn -0.897638 0.283465 -0.330709 
vn -0.984252 0 0.173228 
vn -0.984252 0.15748 -0.102362 
vn -0.984252 -0.0787402 -0.141732 
vn -0.897638 0.283465 0.330709 
vn -0.866142 0.354331 0.362205 
vn -0.984252 0 0.173228 
vn -0.984252 0 0.173228 
vn -0.968504 0.102362 0.23622 
vn -0.976378 -0.204724 0.0629921 
vn -0.976378 -0.204724 0.0629921 
vn -0.976378 -0.204724 0.0629921 
vn -0.92126 0.244094 0.314961 
vn -0.976378 -0.204724 0.0629921 
vn -0.80315 0.440945 0.401575 
vn -0.80315 0.440945 0.401575 
vn -0.80315 0.440945 0.401575 
vn -0.80315 0.440945 0.401575 
vn 0.858268 -0.354331 -0.362205 
vn 0.968504 0.110236 0.23622 
vn 0.984252 0 -0.173228 
vn 0.929134 0.362205 0.0472441 
vn 0.834646 0.204724 -0.511811 
vn -0.984252 0 0.173228 
vn -0.984252 0 0.173228 
vn -0.984252 0 0.173228 
vn -0.984252 0 0.173228 
vn -0.984252 0 0.173228 
vn -0.984252 0 0.173228 
vn -0.984252 0 0.173228 
vn -0.984252 0 0.173228 
vn -0.984252 0 0.173228 
vn -0.984252 0 0.173228 
vn -0.984252 0 0.173228 
vn -0.984252 0 0.173228 
vn -0.984252 0 0.173228 
vn -0.984252 0 0.173228 
vn -0.984252 0 0.173228 
vn -0.984252 0 0.173228 
vn -0.984252 0 0.173228 
vn -0.984252 0 0.173228 
vn -0.984252 0 0.173228 
vn -0.984252 0 0.173228 
vn -0.984252 0 0.173228 
vn -0.984252 0 0.173228 
vn -0.984252 0 0.173228 
vn -0.984252 0 0.173228 
vn -0.984252 0 0.173228 
vn -0.984252 0 0.173228 
vn -0.984252 0 0.173228 
vn -0.984252 0 0.173228 
vn -0.984252 0 0.173228 
vn -0.984252 0 0.173228 
vn -0.984252 0 0.173228 
vn -0.984252 0 0.173228 
vn -0.984252 0 0.173228 
vn -0.984252 0 0.173228 
vn -0.984252 0 0.173228 
vn -0.984252 0 0.173228 
vn -0.984252 0 0.173228 
vn -0.984252 0 0.173228 
vn -0.984252 0 0.173228 
vn -0.984252 0 0.173228 
vn 0.165354 0.259843 0.952756 
vn 0.149606 -0.496063 0.850394 
vn -0.0866142 -0.866142 -0.496063 
vn -0.984252 0 0.173228 
vn -0.984252 0 0.173228 
vn -0.984252 0 0.173228 
vn -0.984252 0 0.173228 
vn -0.984252 0 0.173228 
vn -0.984252 0 0.173228 
vn -0.984252 0 0.173228 
vn -0.984252 0 0.173228 
vn -0.984252 0 0.173228 
vn -0.984252 0 0.173228 
vn -0.984252 0 0.173228 
vn -0.984252 0 0.173228 
vn 0.165354 0.251969 0.952756 
vn 0.173228 -0.141732 0.976378 
vn -0.259843 0.574803 0.771654 
vn -0.19685 -0.480315 0.850394 
vn -0.0866142 -0.866142 -0.496063 
vn -0.80315 -0.566929 -0.188976 
vn -0.80315 -0.566929 -0.188976 
vn 0.0866142 0.866142 0.488189 
vn -0.984252 0 0.173228 
vn 0.0866142 0.866142 0.488189 
vn -0.984252 0 0.173228 
vn -0.685039 0.566929 0.456693 
vn -0.685039 0.566929 0.456693 
vn -0.984252 0 0.173228 
vn -0.984252 0 0.173228 
vn -0.984252 0 0.173228 
vn -0.984252 0 0.173228 

vt -0.902268 -0.696589 
vt -0.908334 -0.702535 
vt -0.90473 -0.702535 
vt -0.902268 -0.708481 
vt -0.904815 -0.694041 
vt -0.904815 -0.711029 
vt -0.896322 -0.690523 
vt -0.896322 -0.710943 
vt -0.896322 -0.694127 
vt -0.896322 -0.714547 
vt -0.890376 -0.696589 
vt -0.887828 -0.711029 
vt -0.887828 -0.694041 
vt -0.890376 -0.708481 
vt -0.88431 -0.702535 
vt -0.887913 -0.702535 
vt -0.902268 -0.696589 
vt -0.90473 -0.702535 
vt -0.896322 -0.694127 
vt -0.902268 -0.708481 
vt -0.896322 -0.710943 
vt -0.890376 -0.696589 
vt -0.890376 -0.708481 
vt -0.890376 -0.708481 
vt -0.887913 -0.702535 
vt -0.909278 -0.688279 
vt -0.896322 -0.688279 
vt -0.896322 -0.68151 
vt -0.909278 -0.68151 
vt -0.883366 -0.68151 
vt -0.883366 -0.688279 
vt -0.896322 -0.707045 
vt -0.922234 -0.707045 
vt -0.870409 -0.707045 
vt -0.917086 -0.72581 
vt -0.875558 -0.72581 
vt -0.896322 -0.72581 
vt -0.897093 -0.671569 
vt -0.890089 -0.682176 
vt -0.895551 -0.671569 
vt -0.902554 -0.682176 
vt -0.914856 -0.797656 
vt -0.877788 -0.797656 
vt -0.896322 -0.800363 
vt -0.896322 -0.768187 
vt -0.914856 -0.770203 
vt -0.877788 -0.770203 
vt -0.914856 -0.758462 
vt -0.877788 -0.758462 
vt -0.896322 -0.75347 
vt -0.914856 -0.838328 
vt -0.896322 -0.835467 
vt -0.914856 -0.84059 
vt -0.877788 -0.84059 
vt -0.914856 -0.828121 
vt -0.877788 -0.828121 
vt -0.896322 -0.826089 
vt -0.896322 -0.815589 
vt -0.914856 -0.813052 
vt -0.877788 -0.813052 
vt -0.914856 -0.789976 
vt -0.877788 -0.789976 
vt -0.896322 -0.793541 
vt -0.896322 -0.745077 
vt -0.914856 -0.743302 
vt -0.877788 -0.743302 
vt -0.896322 -0.73637 
vt -0.914856 -0.732052 
vt -0.877788 -0.732052 
vt -0.922547 -0.74953 
vt -0.924547 -0.774568 
vt -0.924547 -0.74953 
vt -0.922547 -0.774568 
vt -0.922547 -0.762049 
vt -0.924547 -0.762049 
vt -0.896322 -0.707747 
vt -0.914856 -0.742308 
vt -0.896322 -0.74625 
vt -0.914856 -0.711663 
vt -0.877788 -0.742308 
vt -0.877788 -0.711663 
vt -0.924517 -0.769561 
vt -0.871287 -0.788732 
vt -0.868097 -0.774568 
vt -0.871287 -0.762049 
vt -0.921356 -0.735366 
vt -0.924547 -0.74953 
vt -0.921356 -0.762049 
vt -0.880881 -0.674628 
vt -0.891381 -0.675573 
vt -0.880881 -0.683658 
vt -0.901263 -0.675573 
vt -0.911763 -0.683658 
vt -0.911763 -0.674628 
vt -0.896322 -0.743182 
vt -0.871287 -0.743182 
vt -0.921356 -0.743182 
vt -0.921356 -0.735366 
vt -0.921356 -0.762049 
vt -0.896322 -0.762049 
vt -0.921356 -0.780917 
vt -0.871287 -0.762049 
vt -0.896322 -0.780917 
vt -0.871287 -0.780917 
vt -0.871287 -0.788732 
vt -0.868127 -0.754538 
vt -0.870096 -0.754538 
vt -0.868127 -0.762049 
vt -0.870096 -0.762049 
vt -0.868127 -0.769561 
vt -0.870096 -0.769561 
vt -0.922547 -0.754538 
vt -0.924517 -0.754538 
vt -0.922547 -0.762049 
vt -0.924517 -0.762049 
vt -0.924517 -0.772672 
vt -0.922547 -0.769561 
vt -0.922547 -0.772672 
vt -0.924517 -0.769561 
vt -0.896322 -0.716551 
vt -0.870096 -0.762049 
vt -0.868097 -0.774568 
vt -0.868097 -0.762049 
vt -0.870096 -0.774568 
vt -0.870096 -0.74953 
vt -0.868097 -0.74953 
vt -0.877788 -0.725351 
vt -0.896322 -0.772597 
vt -0.877788 -0.770757 
vt -0.877788 -0.798974 
vt -0.896322 -0.722503 
vt -0.877788 -0.716857 
vt -0.914856 -0.725351 
vt -0.914856 -0.770757 
vt -0.914856 -0.798974 
vt -0.914856 -0.716857 
vt -0.914856 -0.716857 
vt -0.896322 -0.805375 
vt -1.05976 -0.776652 
vt -1.06879 -0.776652 
vt -1.05976 -0.782598 
vt -1.06879 -0.782598 
vt -1.05976 -0.788544 
vt -1.06879 -0.788544 
vt -1.05727 -0.782598 
vt -1.04908 -0.756686 
vt -1.03285 -0.783369 
vt -1.0221 -0.783369 
vt -1.0221 -0.781827 
vt -1.03285 -0.781827 
vt -0.828269 -0.787539 
vt -0.792869 -0.787539 
vt -0.792869 -0.777657 
vt -0.828269 -0.777657 
vt -1.04231 -0.795554 
vt -0.884269 -0.795554 
vt -0.884269 -0.782598 
vt -1.0505 -0.782598 
vt -1.04231 -0.769642 
vt -0.884269 -0.769642 
vt -0.756633 -0.782598 
vt -0.760849 -0.764064 
vt -0.760849 -0.801132 
vt -0.739968 -0.764064 
vt -0.739968 -0.801132 
vt -0.735833 -0.782598 
vt -0.935064 -0.782598 
vt -0.929988 -0.801132 
vt -0.919072 -0.764064 
vt -0.919072 -0.801132 
vt -0.921287 -0.782598 
vt -0.891683 -0.764064 
vt -0.891683 -0.801132 
vt -0.888937 -0.782598 
vt -0.867541 -0.782598 
vt -0.871627 -0.764064 
vt -0.871627 -0.801132 
vt -0.809361 -0.764064 
vt -0.809361 -0.801132 
vt -0.807495 -0.782598 
vt -0.785967 -0.782598 
vt -0.784075 -0.764064 
vt -0.784075 -0.801132 
vt -0.830849 -0.764064 
vt -0.830849 -0.801132 
vt -0.975868 -0.754373 
vt -0.975868 -0.756373 
vt -0.963349 -0.754373 
vt -0.963349 -0.756373 
vt -0.95083 -0.754373 
vt -0.95083 -0.756373 
vt -0.917136 -0.782598 
vt -0.913327 -0.764064 
vt -0.913327 -0.801132 
vt -0.831622 -0.782598 
vt -0.830849 -0.801132 
vt -0.830849 -0.764064 
vt -0.774276 -0.782598 
vt -0.773421 -0.764064 
vt -0.773421 -0.801132 
vt -0.757792 -0.764064 
vt -0.757792 -0.801132 
vt -0.755431 -0.782598 
vt -0.955838 -0.754403 
vt -0.936666 -0.807633 
vt -0.945644 -0.810823 
vt -0.990032 -0.807633 
vt -0.936666 -0.757564 
vt -0.95083 -0.754373 
vt -0.963349 -0.757564 
vt -0.990032 -0.757564 
vt -0.828269 -0.798039 
vt -0.818069 -0.798039 
vt -0.818069 -0.787539 
vt -0.792869 -0.787539 
vt -0.792869 -0.798039 
vt -0.828269 -0.787539 
vt -0.828269 -0.777657 
vt -0.828269 -0.767157 
vt -0.818069 -0.767157 
vt -0.818069 -0.777657 
vt -0.792869 -0.767157 
vt -0.792869 -0.777657 
vt -0.944481 -0.807633 
vt -0.963349 -0.782598 
vt -0.963349 -0.807633 
vt -0.982217 -0.782598 
vt -0.982217 -0.807633 
vt -0.944481 -0.782598 
vt -0.936666 -0.807633 
vt -0.982217 -0.757564 
vt -0.963349 -0.757564 
vt -0.944481 -0.757564 
vt -0.990032 -0.807633 
vt -0.936666 -0.757564 
vt -0.97086 -0.810793 
vt -0.963349 -0.810793 
vt -0.963349 -0.808824 
vt -0.955837 -0.808824 
vt -0.97086 -0.808824 
vt -0.955837 -0.810793 
vt -0.955838 -0.754403 
vt -0.963349 -0.756373 
vt -0.955838 -0.756373 
vt -0.963349 -0.754403 
vt -0.97086 -0.756373 
vt -0.97086 -0.754403 
vt -0.93575 -0.766242 
vt -1.01825 -0.782598 
vt -0.930539 -0.782598 
vt -1.01825 -0.766242 
vt -0.93575 -0.798954 
vt -1.01825 -0.798954 
vt -1.0221 -0.783369 
vt -1.00334 -0.788831 
vt -1.00334 -0.776366 
vt -1.0221 -0.781827 
vt -0.914882 -0.798954 
vt -0.914882 -0.766242 
vt -0.912062 -0.782598 
vt -0.930539 -0.782598 
vt -0.93575 -0.798954 
vt -0.93575 -0.766242 
vt -1.06879 -0.774104 
vt -1.04476 -0.774104 
vt -1.06879 -0.782598 
vt -1.04476 -0.782598 
vt -1.06879 -0.791092 
vt -1.04476 -0.791092 
vt -0.801382 -0.795554 
vt -0.777009 -0.782604 
vt -0.801382 -0.782598 
vt -0.777009 -0.80069 
vt -0.801382 -0.769642 
vt -0.825756 -0.769642 
vt -0.777009 -0.764517 
vt -0.825756 -0.782598 
vt -0.837454 -0.769642 
vt -0.825756 -0.795554 
vt -0.837454 -0.782598 
vt -0.876186 -0.769642 
vt -0.837454 -0.795554 
vt -0.876186 -0.782598 
vt -0.884269 -0.769642 
vt -0.876186 -0.795554 
vt -0.884269 -0.782598 
vt -0.884269 -0.795554 
vt -0.798389 -0.763916 
vt -0.798389 -0.801291 
vt -0.95083 -0.810823 
vt -0.95083 -0.808824 
vt -0.963349 -0.810823 
vt -0.963349 -0.808824 
vt -0.975868 -0.810823 
vt -0.975868 -0.808824 
vt -1.04713 -0.801132 
vt -1.05503 -0.782598 
vt -1.04148 -0.782598 
vt -1.03863 -0.801132 
vt -1.04713 -0.764064 
vt -1.03863 -0.764064 
vt -1.00863 -0.801132 
vt -1.00863 -0.764064 
vt -1.00337 -0.782598 
vt -1.00337 -0.782598 
vt -1.00863 -0.764064 
vt -1.00863 -0.801132 
vt -1.00093 -0.764064 
vt -1.00093 -0.801132 
vt -0.997171 -0.782598 
vt -0.723855 -0.694127 
vt -0.723855 -0.696589 
vt -0.732882 -0.696589 
vt -0.723855 -0.702535 
vt -0.732882 -0.708481 
vt -0.723855 -0.708481 
vt -0.732882 -0.702535 
vt -0.735378 -0.707045 
vt -0.743567 -0.707045 
vt -0.774394 -0.801286 
vt -1.03601 -0.76319 
vt -1.05681 -0.778023 
vt -1.06341 -0.802654 
vt -1.03198 -0.895818 
vt -0.992868 -0.885937 
vt -0.85758 -0.768187 
vt -0.985149 -0.833194 
vt -0.81159 -0.762049 
vt -0.816776 -0.774568 
vt -0.816776 -0.74953 
vt -0.829295 -0.744345 
vt -0.829295 -0.779754 
vt -0.841814 -0.774568 
vt -0.841814 -0.74953 
vt -0.847 -0.762049 
vt -1.03721 -0.688932 
vt -0.789305 -0.682176 
vt -0.756665 -0.682176 
vt -0.770541 -0.671569 
vt -0.759797 -0.671569 
vt -0.836806 -0.769561 
vt -0.836806 -0.754538 
vt -0.839918 -0.762049 
vt -0.829295 -0.751427 
vt -0.829295 -0.772672 
vt -0.821783 -0.769561 
vt -0.821783 -0.754538 
vt -0.818672 -0.762049 
vt -0.743567 -0.688279 
vt -0.908375 -0.68151 
vt -0.916458 -0.68921 
vt -0.750336 -0.68151 
vt -0.743567 -0.707045 
vt -0.900227 -0.72581 
vt -0.743567 -0.72581 
vt -0.908311 -0.719515 
vt -1.00494 -0.707045 
vt -0.994254 -0.719515 
vt -0.95519 -0.68921 
vt -0.991261 -0.688044 
vt -1.01563 -0.694578 
vt -0.966888 -0.68151 
vt -0.829295 -0.781721 
vt -0.843205 -0.775959 
vt -0.848163 -0.780917 
vt -0.829295 -0.788732 
vt -0.810427 -0.780917 
vt -0.848967 -0.762049 
vt -0.855978 -0.762049 
vt -0.848163 -0.743182 
vt -0.847 -0.762049 
vt -0.841814 -0.774568 
vt -0.829295 -0.779754 
vt -0.843205 -0.748139 
vt -0.841814 -0.74953 
vt -0.829295 -0.744345 
vt -0.829295 -0.742378 
vt -0.829295 -0.735366 
vt -0.810427 -0.743182 
vt -0.815385 -0.748139 
vt -0.816776 -0.74953 
vt -0.81159 -0.762049 
vt -0.809623 -0.762049 
vt -0.802612 -0.762049 
vt -0.815385 -0.775959 
vt -0.816776 -0.774568 
vt -0.784015 -0.770757 
vt -0.79869 -0.798974 
vt -0.760915 -0.798974 
vt -0.803347 -0.791439 
vt -0.791715 -0.770757 
vt -0.745515 -0.770757 
vt -0.745515 -0.725351 
vt -0.784015 -0.716857 
vt -0.754009 -0.716857 
vt -0.862656 -0.797656 
vt -0.862656 -0.770203 
vt -0.873572 -0.804397 
vt -0.887846 -0.804397 
vt -0.873572 -0.758462 
vt -0.900961 -0.758462 
vt -0.921017 -0.793086 
vt -0.983283 -0.838328 
vt -0.99527 -0.881032 
vt -1.00857 -0.84059 
vt -1.03025 -0.890641 
vt -1.05611 -0.856569 
vt -1.02099 -0.828121 
vt -1.06341 -0.802654 
vt -1.02091 -0.813052 
vt -1.05268 -0.781591 
vt -1.03179 -0.766663 
vt -0.988699 -0.789976 
vt -1.01929 -0.739163 
vt -0.961795 -0.743302 
vt -0.961795 -0.732052 
vt -1.01929 -0.728553 
vt -0.961795 -0.711663 
vt -0.912934 -0.732052 
vt -1.01922 -0.69358 
vt -0.879316 -0.711663 
vt -0.903967 -0.742308 
vt -0.879316 -0.742308 
vt -1.03976 -0.71365 
vt -1.04049 -0.700812 
vt -1.03485 -0.693857 
vt -0.821783 -0.754538 
vt -0.821783 -0.769561 
vt -0.836806 -0.769561 
vt -0.836806 -0.754538 
vt -0.839918 -0.762049 
vt -0.821783 -0.754538 
vt -0.856894 -0.739262 
vt -0.774394 -0.721762 
vt -0.856894 -0.721762 
vt -0.774394 -0.793917 
vt -0.889196 -0.793917 
vt -0.889196 -0.750696 
vt -0.877762 -0.739262 
vt -0.999775 -0.683658 
vt -0.964375 -0.683658 
vt -0.974575 -0.669378 
vt -0.964375 -0.674628 
vt -0.999775 -0.669378 
vt -0.862104 -0.716551 
vt -0.896003 -0.747876 
vt -0.889196 -0.793917 
vt -0.877762 -0.739262 
vt -0.747879 -0.711029 
vt -0.723855 -0.711029 
vt -0.723855 -0.702535 
vt -0.747879 -0.714547 
vt -0.747879 -0.702535 
vt -0.723855 -0.694041 
vt -0.747879 -0.694041 
vt -0.723855 -0.690523 
vt -0.747879 -0.690523 
vt -0.999775 -0.675573 
vt -0.964375 -0.675573 
vt -0.974575 -0.669378 
vt -0.999775 -0.669378 
vt -0.896322 -0.694127 
vt -0.890376 -0.708481 
vt -0.902268 -0.708481 
vt -0.911763 -0.683658 
vt -0.891381 -0.675573 
vt -0.901263 -0.675573 
vt -0.911763 -0.669378 
vt -0.901263 -0.669378 
vt -0.880881 -0.683658 
vt -0.880881 -0.669378 
vt -0.891381 -0.669378 
vt -0.877788 -0.739163 
vt -0.896322 -0.76319 
vt -0.877788 -0.766663 
vt -0.914856 -0.739163 
vt -0.914856 -0.766663 
vt -0.877788 -0.781591 
vt -0.914856 -0.781591 
vt -0.896322 -0.778023 
vt -0.896322 -0.801733 
vt -0.877788 -0.802654 
vt -0.914856 -0.802654 
vt -0.877788 -0.856569 
vt -0.914856 -0.856569 
vt -0.896322 -0.858611 
vt -0.877788 -0.890641 
vt -0.914856 -0.890641 
vt -0.896322 -0.895818 
vt -0.896322 -0.768187 
vt -0.877788 -0.758462 
vt -0.914856 -0.758462 
vt -0.896322 -0.753741 
vt -0.896322 -0.789462 
vt -0.877788 -0.793086 
vt -0.914856 -0.793086 
vt -0.877788 -0.732052 
vt -0.914856 -0.732052 
vt -0.896322 -0.737062 
vt -0.870096 -0.74953 
vt -0.870096 -0.762049 
vt -0.868097 -0.762049 
vt -0.868097 -0.774568 
vt -0.868097 -0.74953 
vt -0.870096 -0.774568 
vt -0.896322 -0.747235 
vt -0.877788 -0.742308 
vt -0.914856 -0.742308 
vt -0.877788 -0.693857 
vt -0.914856 -0.693857 
vt -0.896322 -0.688932 
vt -0.896322 -0.699139 
vt -0.877788 -0.700812 
vt -0.914856 -0.700812 
vt -0.877788 -0.71365 
vt -0.914856 -0.71365 
vt -0.896322 -0.716233 
vt -0.896322 -0.731296 
vt -0.877788 -0.728553 
vt -0.914856 -0.728553 
vt -0.896322 -0.738252 
vt -0.868127 -0.769561 
vt -0.871287 -0.735366 
vt -0.921356 -0.743182 
vt -0.896322 -0.743182 
vt -0.921356 -0.762049 
vt -0.871287 -0.743182 
vt -0.871287 -0.788732 
vt -0.871287 -0.780917 
vt -0.896322 -0.780917 
vt -0.871287 -0.762049 
vt -0.921356 -0.780917 
vt -0.896322 -0.762049 
vt -0.924517 -0.754538 
vt -0.922547 -0.754538 
vt -0.922547 -0.754538 
vt -0.924517 -0.754538 
vt -0.922547 -0.762049 
vt -0.924517 -0.762049 
vt -0.922547 -0.769561 
vt -0.924517 -0.769561 
vt -0.868127 -0.754538 
vt -0.870096 -0.754538 
vt -0.868127 -0.762049 
vt -0.870096 -0.762049 
vt -0.868127 -0.754538 
vt -0.868127 -0.769561 
vt -0.870096 -0.769561 
vt -0.868127 -0.772672 
vt -0.870096 -0.772672 
vt -0.879966 -0.721762 
vt -0.896322 -0.716551 
vt -0.896322 -0.734051 
vt -0.879966 -0.739262 
vt -0.912678 -0.721762 
vt -0.912678 -0.739262 
vt -0.896322 -0.747876 
vt -0.912678 -0.739262 
vt -0.912678 -0.750696 
vt -0.912678 -0.793917 
vt -0.896322 -0.799127 
vt -0.879966 -0.793917 
vt -0.879966 -0.750696 
vt -0.879966 -0.739262 
vt -0.896322 -0.732454 
vt -0.896327 -0.694578 
vt -0.914414 -0.694578 
vt -0.878241 -0.694578 
vt -0.896327 -0.707045 
vt -0.873745 -0.707045 
vt -0.91891 -0.707045 
vt -0.877639 -0.719515 
vt -0.915015 -0.719515 
vt -0.896327 -0.719515 
vt -0.924547 -0.774568 
vt -0.922547 -0.774568 
vt -0.922547 -0.74953 
vt -0.924547 -0.762049 
vt -0.924547 -0.74953 
vt -0.922547 -0.762049 
vt -0.914856 -0.798974 
vt -0.914856 -0.716857 
vt -0.877788 -0.798974 
vt -0.914856 -0.716857 
vt -0.877788 -0.716857 
vt -0.896322 -0.711594 
vt -0.896322 -0.805475 
vt -0.877788 -0.798974 
vt -0.914856 -0.798974 
vt -0.896322 -0.765494 
vt -0.877788 -0.770757 
vt -0.914856 -0.770757 
vt -0.877788 -0.770757 
vt -0.914856 -0.770757 
vt -0.896322 -0.764332 
vt -0.896322 -0.791592 
vt -0.877788 -0.791439 
vt -0.914856 -0.791439 
vt -0.732882 -0.776652 
vt -0.723855 -0.776652 
vt -0.723855 -0.782598 
vt -0.732882 -0.782598 
vt -0.723855 -0.788544 
vt -0.732882 -0.776652 
vt -0.732882 -0.788544 
vt -0.735378 -0.782598 
vt -0.743567 -0.756686 
vt -0.774394 -0.782598 
vt -0.889196 -0.766242 
vt -0.894406 -0.782598 
vt -0.774394 -0.766242 
vt -0.889196 -0.798954 
vt -0.774394 -0.798954 
vt -1.03025 -0.764064 
vt -1.03025 -0.801132 
vt -1.03198 -0.782598 
vt -0.99527 -0.764064 
vt -0.99527 -0.801132 
vt -0.992868 -0.782598 
vt -0.887846 -0.764064 
vt -0.887846 -0.801132 
vt -0.886171 -0.782598 
vt -0.873572 -0.764064 
vt -0.873572 -0.801132 
vt -0.872153 -0.782598 
vt -0.862656 -0.764064 
vt -0.862656 -0.801132 
vt -0.857912 -0.782598 
vt -0.85758 -0.782598 
vt -0.862656 -0.801132 
vt -0.873572 -0.764064 
vt -1.01607 -0.782598 
vt -1.02091 -0.764064 
vt -1.02091 -0.801132 
vt -0.988699 -0.764064 
vt -0.988699 -0.801132 
vt -0.984561 -0.782598 
vt -0.958347 -0.782598 
vt -0.961795 -0.764064 
vt -0.961795 -0.801132 
vt -0.912934 -0.764064 
vt -0.912934 -0.801132 
vt -0.915112 -0.782598 
vt -0.816776 -0.756373 
vt -0.816776 -0.754373 
vt -0.829295 -0.756373 
vt -0.829295 -0.754373 
vt -0.841814 -0.756373 
vt -0.841814 -0.754373 
vt -0.879316 -0.764064 
vt -0.875534 -0.782598 
vt -0.879316 -0.801132 
vt -0.906329 -0.782598 
vt -0.903967 -0.764064 
vt -0.903967 -0.801132 
vt -1.03976 -0.764064 
vt -1.03976 -0.801132 
vt -1.04457 -0.782598 
vt -1.02403 -0.782598 
vt -1.01929 -0.764064 
vt -1.01929 -0.801132 
vt -0.836806 -0.754403 
vt -0.855978 -0.807633 
vt -0.810427 -0.757564 
vt -0.810427 -0.782598 
vt -0.829295 -0.757564 
vt -0.810427 -0.807633 
vt -0.829295 -0.782598 
vt -0.848163 -0.757564 
vt -0.829295 -0.807633 
vt -0.848163 -0.782598 
vt -0.848163 -0.807633 
vt -0.821783 -0.810793 
vt -0.836806 -0.808824 
vt -0.821783 -0.808824 
vt -0.836806 -0.810793 
vt -0.829295 -0.810793 
vt -0.829295 -0.808824 
vt -0.839918 -0.754403 
vt -0.836806 -0.754403 
vt -0.836806 -0.756373 
vt -0.829295 -0.754403 
vt -0.821783 -0.756373 
vt -0.829295 -0.756373 
vt -0.821783 -0.754403 
vt -0.862104 -0.782598 
vt -0.747879 -0.774104 
vt -0.723855 -0.774104 
vt -0.723855 -0.770586 
vt -0.747879 -0.782598 
vt -0.747879 -0.770586 
vt -0.723855 -0.782598 
vt -0.747879 -0.791092 
vt -0.723855 -0.791092 
vt -0.747879 -0.79461 
vt -0.723855 -0.79461 
vt -0.994254 -0.763916 
vt -0.994254 -0.801291 
vt -0.994254 -0.782604 
vt -0.908311 -0.782598 
vt -0.908311 -0.803362 
vt -0.908311 -0.761834 
vt -0.900227 -0.803362 
vt -0.900227 -0.782598 
vt -0.900227 -0.761834 
vt -0.743567 -0.803362 
vt -0.743567 -0.761834 
vt -0.735378 -0.782598 
vt -0.841814 -0.808824 
vt -0.841814 -0.810823 
vt -0.829295 -0.808824 
vt -0.829295 -0.810823 
vt -0.816776 -0.808824 
vt -0.816776 -0.810823 
vt -0.789305 -0.788831 
vt -0.756665 -0.788831 
vt -0.756665 -0.776366 
vt -0.789305 -0.776366 
vt -0.760915 -0.801132 
vt -0.760915 -0.764064 
vt -0.757116 -0.782598 
vt -0.802315 -0.782598 
vt -0.79869 -0.764064 
vt -0.79869 -0.801132 
vt -1.05976 -0.696589 
vt -1.06879 -0.696589 
vt -1.05976 -0.702535 
vt -1.06879 -0.702535 
vt -1.05976 -0.708481 
vt -1.06879 -0.708481 
vt -1.05727 -0.707045 
vt -1.01825 -0.801286 
vt -0.756633 -0.76319 
vt -0.735833 -0.778023 
vt -0.729238 -0.802654 
vt -0.76066 -0.895818 
vt -0.799776 -0.885937 
vt -0.935064 -0.768187 
vt -0.807495 -0.833194 
vt -0.981054 -0.762049 
vt -0.975868 -0.774568 
vt -0.975868 -0.74953 
vt -0.963349 -0.744345 
vt -0.963349 -0.779754 
vt -0.95083 -0.774568 
vt -0.95083 -0.74953 
vt -0.945644 -0.762049 
vt -0.755431 -0.688932 
vt -1.03598 -0.682176 
vt -1.0221 -0.671569 
vt -1.03285 -0.671569 
vt -1.00334 -0.682176 
vt -0.973972 -0.762049 
vt -0.963349 -0.751427 
vt -0.97086 -0.754538 
vt -0.963349 -0.772672 
vt -0.97086 -0.769561 
vt -0.952726 -0.762049 
vt -0.955837 -0.754538 
vt -0.955837 -0.769561 
vt -0.955838 -0.769561 
vt -0.963349 -0.784019 
vt -0.944481 -0.780917 
vt -0.947814 -0.777584 
vt -0.963349 -0.788732 
vt -0.936666 -0.762049 
vt -0.982217 -0.780917 
vt -0.941379 -0.762049 
vt -0.945644 -0.762049 
vt -0.947814 -0.746514 
vt -0.95083 -0.774568 
vt -0.963349 -0.779754 
vt -0.975868 -0.774568 
vt -0.944481 -0.743182 
vt -0.95083 -0.74953 
vt -0.963349 -0.735366 
vt -0.963349 -0.744345 
vt -0.963349 -0.74008 
vt -0.978884 -0.746514 
vt -0.982217 -0.743182 
vt -0.975868 -0.74953 
vt -0.990032 -0.762049 
vt -0.981054 -0.762049 
vt -0.985319 -0.762049 
vt -0.978884 -0.777584 
vt -1.04908 -0.688279 
vt -0.876186 -0.68921 
vt -0.884269 -0.68151 
vt -1.04231 -0.68151 
vt -1.04908 -0.707045 
vt -1.04908 -0.72581 
vt -0.892416 -0.72581 
vt -0.884333 -0.719515 
vt -0.787699 -0.707045 
vt -0.798389 -0.719515 
vt -0.837454 -0.68921 
vt -0.801382 -0.688044 
vt -0.825756 -0.68151 
vt -0.777009 -0.694578 
vt -0.963349 -0.788732 
vt -0.944481 -0.743182 
vt -0.95083 -0.774568 
vt -0.963349 -0.735366 
vt -0.990032 -0.762049 
vt -1.04713 -0.770757 
vt -1.03173 -0.798974 
vt -1.00863 -0.770757 
vt -0.993953 -0.798974 
vt -0.989296 -0.791439 
vt -1.00093 -0.770757 
vt -1.04713 -0.725351 
vt -1.00863 -0.716857 
vt -1.03863 -0.716857 
vt -0.773349 -0.728553 
vt -0.830849 -0.732052 
vt -0.773349 -0.739163 
vt -0.830849 -0.743302 
vt -0.803945 -0.789976 
vt -0.760849 -0.766663 
vt -0.771738 -0.813052 
vt -0.739968 -0.781591 
vt -0.729238 -0.802654 
vt -0.771654 -0.828121 
vt -0.736533 -0.856569 
vt -0.784075 -0.84059 
vt -0.762399 -0.890641 
vt -0.797374 -0.881032 
vt -0.809361 -0.838328 
vt -0.904798 -0.804397 
vt -0.871627 -0.793086 
vt -0.891683 -0.758462 
vt -0.919072 -0.758462 
vt -0.929988 -0.770203 
vt -0.919072 -0.804397 
vt -0.929988 -0.797656 
vt -0.752155 -0.700812 
vt -0.773421 -0.69358 
vt -0.752882 -0.71365 
vt -0.757792 -0.693857 
vt -0.830849 -0.711663 
vt -0.879709 -0.732052 
vt -0.913327 -0.711663 
vt -0.888676 -0.742308 
vt -0.913327 -0.742308 
vt -0.955838 -0.754538 
vt -0.952726 -0.762049 
vt -0.963349 -0.772672 
vt -1.01825 -0.721762 
vt -0.93575 -0.739262 
vt -0.93575 -0.721762 
vt -1.01825 -0.793917 
vt -0.903448 -0.793917 
vt -0.903448 -0.750696 
vt -0.914882 -0.739262 
vt -0.828269 -0.683658 
vt -0.818069 -0.669378 
vt -0.828269 -0.674628 
vt -0.792869 -0.683658 
vt -0.792869 -0.669378 
vt -0.930539 -0.716551 
vt -0.89664 -0.747876 
vt -0.914882 -0.739262 
vt -0.903448 -0.793917 
vt -1.04476 -0.714547 
vt -1.04476 -0.711029 
vt -1.06879 -0.711029 
vt -1.06879 -0.690523 
vt -1.04476 -0.702535 
vt -1.04476 -0.690523 
vt -1.06879 -0.702535 
vt -1.06879 -0.694041 
vt -1.04476 -0.694041 
vt -0.818069 -0.669378 
vt -0.792869 -0.675573 
vt -0.792869 -0.669378 
vt -0.828269 -0.675573 

usemtl Meshpart2Mtl

f 244/244/244 245/245/245 246/246/246 
f 247/247/247 246/246/246 245/245/245 
f 245/245/245 244/244/244 248/248/248 
f 245/245/245 249/249/249 247/247/247 
f 250/250/250 248/248/248 244/244/244 
f 249/249/249 251/251/251 247/247/247 
f 250/250/250 244/244/244 252/252/252 
f 251/251/251 249/249/249 253/253/253 
f 254/254/254 250/250/250 252/252/252 
f 255/255/255 251/251/251 253/253/253 
f 250/250/250 254/254/254 256/256/256 
f 251/251/251 255/255/255 257/257/257 
f 254/254/254 258/258/258 256/256/256 
f 258/258/258 257/257/257 255/255/255 
f 258/258/258 254/254/254 259/259/259 
f 257/257/257 258/258/258 259/259/259 
f 261/261/261 262/262/262 260/260/260 
f 264/264/264 261/261/261 263/263/263 
f 264/264/264 262/262/262 261/261/261 
f 268/268/268 262/262/262 264/264/264 
f 268/268/268 264/264/264 266/266/266 
f 262/262/262 268/268/268 265/265/265 
f 269/269/269 270/270/270 271/271/271 
f 271/271/271 272/272/272 269/269/269 
f 273/273/273 271/271/271 270/270/270 
f 270/270/270 274/274/274 273/273/273 
f 275/275/275 270/270/270 269/269/269 
f 275/275/275 274/274/274 270/270/270 
f 276/276/276 275/275/275 269/269/269 
f 274/274/274 275/275/275 277/277/277 
f 278/278/278 275/275/275 276/276/276 
f 277/277/277 275/275/275 279/279/279 
f 275/275/275 278/278/278 280/280/280 
f 279/279/279 275/275/275 280/280/280 
f 281/281/281 282/282/282 283/283/283 
f 284/284/284 282/282/282 281/281/281 
f 287/287/287 288/288/288 285/285/285 
f 286/286/286 288/288/288 287/287/287 
f 288/288/288 289/289/289 285/285/285 
f 288/288/288 286/286/286 290/290/290 
f 288/288/288 291/291/291 289/289/289 
f 288/288/288 290/290/290 292/292/292 
f 291/291/291 288/288/288 293/293/293 
f 292/292/292 293/293/293 288/288/288 
f 295/295/295 298/298/298 296/296/296 
f 295/295/295 297/297/297 299/299/299 
f 298/298/298 295/295/295 300/300/300 
f 299/299/299 300/300/300 295/295/295 
f 300/300/300 301/301/301 298/298/298 
f 299/299/299 301/301/301 300/300/300 
f 301/301/301 302/302/302 298/298/298 
f 301/301/301 299/299/299 303/303/303 
f 306/306/306 307/307/307 304/304/304 
f 305/305/305 307/307/307 306/306/306 
f 308/308/308 304/304/304 307/307/307 
f 307/307/307 305/305/305 309/309/309 
f 310/310/310 308/308/308 307/307/307 
f 309/309/309 310/310/310 307/307/307 
f 308/308/308 310/310/310 311/311/311 
f 312/312/312 310/310/310 309/309/309 
f 317/317/317 313/313/313 315/315/315 
f 316/316/316 318/318/318 314/314/314 
f 317/317/317 315/315/315 318/318/318 
f 316/316/316 317/317/317 318/318/318 
f 319/319/319 320/320/320 321/321/321 
f 320/320/320 319/319/319 322/322/322 
f 323/323/323 319/319/319 321/321/321 
f 323/323/323 324/324/324 319/319/319 
f 333/333/333 334/334/334 332/332/332 
f 335/335/335 334/334/334 333/333/333 
f 334/334/334 335/335/335 336/336/336 
f 335/335/335 337/337/337 336/336/336 
f 342/342/342 338/338/338 340/340/340 
f 338/338/338 342/342/342 343/343/343 
f 343/343/343 339/339/339 338/338/338 
f 344/344/344 343/343/343 342/342/342 
f 339/339/339 343/343/343 345/345/345 
f 343/343/343 344/344/344 346/346/346 
f 346/346/346 345/345/345 343/343/343 
f 345/345/345 346/346/346 347/347/347 
f 351/351/351 349/349/349 350/350/350 
f 351/351/351 350/350/350 352/352/352 
f 353/353/353 351/351/351 352/352/352 
f 353/353/353 352/352/352 354/354/354 
f 356/356/356 357/357/357 355/355/355 
f 357/357/357 356/356/356 358/358/358 
f 358/358/358 360/360/360 357/357/357 
f 360/360/360 358/358/358 362/362/362 
f 364/364/364 365/365/365 366/366/366 
f 365/365/365 364/364/364 367/367/367 
f 366/366/366 368/368/368 364/364/364 
f 368/368/368 366/366/366 369/369/369 
f 370/370/370 371/371/371 372/372/372 
f 372/372/372 371/371/371 373/373/373 
f 371/371/371 370/370/370 374/374/374 
f 376/376/376 371/371/371 374/374/374 
f 371/371/371 376/376/376 377/377/377 
f 378/378/378 371/371/371 377/377/377 
f 371/371/371 378/378/378 381/381/381 
f 373/373/373 371/371/371 381/381/381 
f 383/383/383 384/384/384 382/382/382 
f 384/384/384 383/383/383 385/385/385 
f 385/385/385 386/386/386 384/384/384 
f 386/386/386 385/385/385 387/387/387 
f 390/390/390 391/391/391 392/392/392 
f 390/390/390 392/392/392 393/393/393 
f 394/394/394 395/395/395 396/396/396 
f 394/394/394 396/396/396 397/397/397 
f 398/398/398 399/399/399 400/400/400 
f 400/400/400 401/401/401 398/398/398 
f 400/400/400 402/402/402 401/401/401 
f 402/402/402 400/400/400 403/403/403 
f 404/404/404 407/407/407 405/405/405 
f 408/408/408 404/404/404 406/406/406 
f 407/407/407 404/404/404 409/409/409 
f 404/404/404 408/408/408 409/409/409 
f 414/414/414 415/415/415 412/412/412 
f 413/413/413 416/416/416 414/414/414 
f 415/415/415 414/414/414 417/417/417 
f 416/416/416 417/417/417 414/414/414 
f 418/418/418 421/421/421 419/419/419 
f 420/420/420 422/422/422 418/418/418 
f 421/421/421 418/418/418 423/423/423 
f 423/423/423 418/418/418 422/422/422 
f 423/423/423 424/424/424 421/421/421 
f 422/422/422 424/424/424 423/423/423 
f 424/424/424 425/425/425 421/421/421 
f 424/424/424 422/422/422 426/426/426 
f 430/430/430 431/431/431 429/429/429 
f 430/430/430 432/432/432 431/431/431 
f 432/432/432 433/433/433 431/431/431 
f 432/432/432 434/434/434 433/433/433 
f 437/437/437 438/438/438 435/435/435 
f 438/438/438 436/436/436 435/435/435 
f 437/437/437 439/439/439 438/438/438 
f 436/436/436 438/438/438 440/440/440 
f 441/441/441 440/440/440 438/438/438 
f 439/439/439 441/441/441 438/438/438 
f 440/440/440 441/441/441 442/442/442 
f 441/441/441 439/439/439 443/443/443 
f 441/441/441 444/444/444 442/442/442 
f 445/445/445 441/441/441 443/443/443 
f 444/444/444 441/441/441 446/446/446 
f 441/441/441 445/445/445 446/446/446 
f 455/455/455 456/456/456 457/457/457 
f 456/456/456 458/458/458 457/457/457 
f 456/456/456 459/459/459 458/458/458 
f 455/455/455 457/457/457 460/460/460 
f 461/461/461 463/463/463 462/462/462 
f 461/461/461 464/464/464 463/463/463 
f 464/464/464 465/465/465 463/463/463 
f 464/464/464 466/466/466 465/465/465 
f 467/467/467 468/468/468 469/469/469 
f 470/470/470 469/469/469 468/468/468 
f 469/469/469 470/470/470 471/471/471 
f 468/468/468 467/467/467 472/472/472 
f 468/468/468 474/474/474 470/470/470 
f 474/474/474 468/468/468 475/475/475 
f 472/472/472 475/475/475 468/468/468 
f 475/475/475 472/472/472 476/476/476 
f 479/479/479 480/480/480 481/481/481 
f 480/480/480 482/482/482 481/481/481 
f 479/479/479 481/481/481 483/483/483 
f 480/480/480 484/484/484 482/482/482 
f 485/485/485 486/486/486 487/487/487 
f 486/486/486 485/485/485 488/488/488 
f 489/489/489 486/486/486 488/488/488 
f 489/489/489 488/488/488 490/490/490 
f 491/491/491 492/492/492 493/493/493 
f 492/492/492 491/491/491 494/494/494 
f 493/493/493 492/492/492 495/495/495 
f 496/496/496 495/495/495 492/492/492 
f 497/497/497 498/498/498 499/499/499 
f 497/497/497 499/499/499 500/500/500 
f 504/504/504 501/501/501 503/503/503 
f 504/504/504 503/503/503 502/502/502 
f 501/501/501 504/504/504 505/505/505 
f 502/502/502 506/506/506 504/504/504 
f 509/509/509 508/508/508 507/507/507 
f 509/509/509 510/510/510 508/508/508 
f 511/511/511 510/510/510 509/509/509 
f 511/511/511 512/512/512 510/510/510 
f 513/513/513 514/514/514 515/515/515 
f 514/514/514 513/513/513 516/516/516 
f 514/514/514 517/517/517 515/515/515 
f 518/518/518 515/515/515 517/517/517 
f 517/517/517 514/514/514 519/519/519 
f 515/515/515 518/518/518 520/520/520 
f 520/520/520 513/513/513 515/515/515 
f 521/521/521 520/520/520 518/518/518 
f 513/513/513 520/520/520 522/522/522 
f 520/520/520 521/521/521 523/523/523 
f 523/523/523 522/522/522 520/520/520 
f 524/524/524 523/523/523 521/521/521 
f 522/522/522 523/523/523 525/525/525 
f 523/523/523 524/524/524 526/526/526 
f 526/526/526 525/525/525 523/523/523 
f 527/527/527 526/526/526 524/524/524 
f 525/525/525 526/526/526 528/528/528 
f 526/526/526 527/527/527 529/529/529 
f 529/529/529 528/528/528 526/526/526 
f 528/528/528 529/529/529 530/530/530 
f 534/534/534 535/535/535 533/533/533 
f 535/535/535 534/534/534 536/536/536 
f 536/536/536 537/537/537 535/535/535 
f 537/537/537 536/536/536 538/538/538 
f 539/539/539 541/541/541 540/540/540 
f 541/541/541 539/539/539 542/542/542 
f 543/543/543 540/540/540 541/541/541 
f 541/541/541 544/544/544 543/543/543 
f 545/545/545 541/541/541 542/542/542 
f 541/541/541 546/546/546 544/544/544 
f 541/541/541 545/545/545 547/547/547 
f 541/541/541 547/547/547 546/546/546 
f 551/551/551 549/549/549 548/548/548 
f 552/552/552 548/548/548 550/550/550 
f 553/553/553 551/551/551 548/548/548 
f 548/548/548 552/552/552 553/553/553 
f 557/557/557 555/555/555 556/556/556 
f 558/558/558 559/559/559 560/560/560 
f 560/560/560 557/557/557 556/556/556 
f 559/559/559 557/557/557 560/560/560 
f 580/580/580 581/581/581 582/582/582 
f 581/581/581 583/583/583 582/582/582 
f 584/584/584 585/585/585 586/586/586 
f 584/584/584 587/587/587 585/585/585 
f 588/588/588 587/587/587 584/584/584 
f 587/587/587 588/588/588 589/589/589 
f 589/589/589 590/590/590 587/587/587 
f 590/590/590 589/589/589 591/591/591 
f 592/592/592 593/593/593 594/594/594 
f 593/593/593 592/592/592 595/595/595 
f 592/592/592 594/594/594 596/596/596 
f 596/596/596 597/597/597 598/598/598 
f 597/597/597 596/596/596 599/599/599 
f 600/600/600 596/596/596 594/594/594 
f 596/596/596 600/600/600 599/599/599 
f 599/599/599 600/600/600 601/601/601 
f 600/600/600 594/594/594 602/602/602 
f 602/602/602 603/603/603 600/600/600 
f 600/600/600 603/603/603 604/604/604 
f 603/603/603 602/602/602 605/605/605 
f 606/606/606 607/607/607 608/608/608 
f 608/608/608 609/609/609 606/606/606 
f 610/610/610 606/606/606 609/609/609 
f 611/611/611 608/608/608 607/607/607 
f 608/608/608 611/611/611 612/612/612 
f 611/611/611 613/613/613 612/612/612 
f 607/607/607 614/614/614 611/611/611 
f 614/614/614 607/607/607 615/615/615 
f 616/616/616 615/615/615 607/607/607 
f 607/607/607 606/606/606 616/616/616 
f 614/614/614 617/617/617 611/611/611 
f 613/613/613 611/611/611 617/617/617 
f 617/617/617 614/614/614 618/618/618 
f 619/619/619 617/617/617 618/618/618 
f 620/620/620 613/613/613 617/617/617 
f 617/617/617 619/619/619 620/620/620 
f 613/613/613 620/620/620 621/621/621 
f 620/620/620 622/622/622 621/621/621 
f 619/619/619 623/623/623 620/620/620 
f 622/622/622 620/620/620 623/623/623 
f 623/623/623 619/619/619 624/624/624 
f 625/625/625 623/623/623 624/624/624 
f 626/626/626 622/622/622 623/623/623 
f 623/623/623 625/625/625 626/626/626 
f 622/622/622 626/626/626 627/627/627 
f 610/610/610 627/627/627 626/626/626 
f 628/628/628 626/626/626 625/625/625 
f 610/610/610 626/626/626 628/628/628 
f 628/628/628 625/625/625 629/629/629 
f 606/606/606 610/610/610 628/628/628 
f 616/616/616 628/628/628 629/629/629 
f 628/628/628 616/616/616 606/606/606 
f 630/630/630 631/631/631 632/632/632 
f 631/631/631 630/630/630 633/633/633 
f 633/633/633 630/630/630 634/634/634 
f 630/630/630 632/632/632 635/635/635 
f 635/635/635 636/636/636 630/630/630 
f 636/636/636 637/637/637 630/630/630 
f 637/637/637 636/636/636 638/638/638 
f 639/639/639 640/640/640 641/641/641 
f 640/640/640 642/642/642 641/641/641 
f 643/643/643 642/642/642 640/640/640 
f 642/642/642 643/643/643 644/644/644 
f 644/644/644 645/645/645 642/642/642 
f 646/646/646 642/642/642 645/645/645 
f 642/642/642 646/646/646 647/647/647 
f 648/648/648 647/647/647 646/646/646 
f 647/647/647 648/648/648 649/649/649 
f 648/648/648 650/650/650 649/649/649 
f 651/651/651 650/650/650 648/648/648 
f 650/650/650 651/651/651 652/652/652 
f 653/653/653 652/652/652 651/651/651 
f 652/652/652 653/653/653 654/654/654 
f 654/654/654 653/653/653 655/655/655 
f 656/656/656 655/655/655 653/653/653 
f 656/656/656 657/657/657 655/655/655 
f 658/658/658 657/657/657 656/656/656 
f 657/657/657 658/658/658 659/659/659 
f 659/659/659 660/660/660 657/657/657 
f 660/660/660 659/659/659 661/661/661 
f 659/659/659 662/662/662 661/661/661 
f 660/660/660 661/661/661 663/663/663 
f 661/661/661 662/662/662 664/664/664 
f 665/665/665 664/664/664 662/662/662 
f 664/664/664 665/665/665 666/666/666 
f 663/663/663 667/667/667 660/660/660 
f 667/667/667 663/663/663 668/668/668 
f 668/668/668 663/663/663 669/669/669 
f 676/676/676 677/677/677 678/678/678 
f 677/677/677 676/676/676 679/679/679 
f 676/676/676 680/680/680 679/679/679 
f 680/680/680 676/676/676 681/681/681 
f 676/676/676 682/682/682 681/681/681 
f 683/683/683 684/684/684 685/685/685 
f 685/685/685 684/684/684 686/686/686 
f 683/683/683 685/685/685 687/687/687 
f 692/692/692 693/693/693 694/694/694 
f 692/692/692 694/694/694 696/696/696 
f 696/696/696 694/694/694 697/697/697 
f 696/696/696 697/697/697 698/698/698 
f 701/701/701 702/702/702 703/703/703 
f 701/701/701 703/703/703 704/704/704 
f 708/708/708 709/709/709 710/710/710 
f 711/711/711 708/708/708 710/710/710 
f 711/711/711 710/710/710 712/712/712 
f 709/709/709 708/708/708 713/713/713 
f 709/709/709 713/713/713 714/714/714 
f 709/709/709 714/714/714 715/715/715 
f 716/716/716 717/717/717 718/718/718 
f 717/717/717 719/719/719 720/720/720 
f 724/724/724 721/721/721 723/723/723 
f 722/722/722 724/724/724 723/723/723 
f 721/721/721 724/724/724 725/725/725 
f 724/724/724 722/722/722 726/726/726 
f 724/724/724 727/727/727 725/725/725 
f 728/728/728 724/724/724 726/726/726 
f 724/724/724 729/729/729 727/727/727 
f 724/724/724 728/728/728 729/729/729 
f 729/729/729 730/730/730 727/727/727 
f 731/731/731 729/729/729 728/728/728 
f 730/730/730 729/729/729 732/732/732 
f 729/729/729 731/731/731 732/732/732 
f 736/736/736 737/737/737 734/734/734 
f 735/735/735 737/737/737 736/736/736 
f 737/737/737 738/738/738 734/734/734 
f 737/737/737 735/735/735 739/739/739 
f 743/743/743 744/744/744 745/745/745 
f 744/744/744 746/746/746 745/745/745 
f 743/743/743 745/745/745 747/747/747 
f 744/744/744 748/748/748 746/746/746 
f 742/742/742 751/751/751 749/749/749 
f 750/750/750 742/742/742 749/749/749 
f 751/751/751 742/742/742 741/741/741 
f 742/742/742 750/750/750 740/740/740 
f 755/755/755 752/752/752 754/754/754 
f 755/755/755 754/754/754 753/753/753 
f 752/752/752 755/755/755 756/756/756 
f 757/757/757 755/755/755 753/753/753 
f 755/755/755 758/758/758 756/756/756 
f 757/757/757 759/759/759 755/755/755 
f 758/758/758 755/755/755 760/760/760 
f 759/759/759 760/760/760 755/755/755 
f 716/716/716 762/762/762 761/761/761 
f 719/719/719 761/761/761 763/763/763 
f 764/764/764 716/716/716 761/761/761 
f 761/761/761 719/719/719 764/764/764 
f 717/717/717 716/716/716 764/764/764 
f 719/719/719 717/717/717 764/764/764 
f 769/769/769 768/768/768 767/767/767 
f 774/774/774 773/773/773 772/772/772 
f 773/773/773 774/774/774 776/776/776 
f 776/776/776 775/775/775 773/773/773 
f 770/770/770 776/776/776 774/774/774 
f 775/775/775 776/776/776 769/769/769 
f 776/776/776 770/770/770 768/768/768 
f 768/768/768 769/769/769 776/776/776 
f 780/780/780 781/781/781 778/778/778 
f 780/780/780 782/782/782 781/781/781 
f 782/782/782 783/783/783 781/781/781 
f 782/782/782 784/784/784 783/783/783 
f 786/786/786 787/787/787 785/785/785 
f 786/786/786 788/788/788 787/787/787 
f 788/788/788 790/790/790 787/787/787 
f 790/790/790 788/788/788 791/791/791 
f 795/795/795 796/796/796 794/794/794 
f 796/796/796 797/797/797 794/794/794 
f 798/798/798 796/796/796 795/795/795 
f 796/796/796 798/798/798 799/799/799 
f 800/800/800 801/801/801 802/802/802 
f 803/803/803 800/800/800 802/802/802 
f 800/800/800 803/803/803 804/804/804 
f 805/805/805 800/800/800 804/804/804 
f 800/800/800 805/805/805 806/806/806 
f 807/807/807 800/800/800 806/806/806 
f 801/801/801 800/800/800 808/808/808 
f 800/800/800 807/807/807 808/808/808 
f 812/812/812 811/811/811 809/809/809 
f 811/811/811 812/812/812 813/813/813 
f 810/810/810 812/812/812 809/809/809 
f 810/810/810 814/814/814 812/812/812 
f 812/812/812 815/815/815 813/813/813 
f 816/816/816 812/812/812 814/814/814 
f 812/812/812 817/817/817 815/815/815 
f 812/812/812 816/816/816 817/817/817 
f 819/819/819 821/821/821 818/818/818 
f 821/821/821 819/819/819 823/823/823 
f 822/822/822 823/823/823 820/820/820 
f 822/822/822 821/821/821 823/823/823 
f 829/829/829 833/833/833 828/828/828 
f 827/827/827 833/833/833 829/829/829 
f 834/834/834 828/828/828 833/833/833 
f 833/833/833 827/827/827 835/835/835 
f 839/839/839 836/836/836 838/838/838 
f 839/839/839 838/838/838 837/837/837 
f 836/836/836 839/839/839 840/840/840 
f 839/839/839 831/831/831 840/840/840 
f 831/831/831 839/839/839 830/830/830 
f 832/832/832 830/830/830 839/839/839 
f 837/837/837 841/841/841 839/839/839 
f 839/839/839 841/841/841 832/832/832 
f 844/844/844 843/843/843 842/842/842 
f 845/845/845 844/844/844 842/842/842 
f 846/846/846 844/844/844 845/845/845 
f 848/848/848 846/846/846 845/845/845 
f 851/851/851 852/852/852 853/853/853 
f 852/852/852 851/851/851 854/854/854 
f 855/855/855 851/851/851 853/853/853 
f 855/855/855 856/856/856 851/851/851 
f 859/859/859 860/860/860 857/857/857 
f 861/861/861 859/859/859 858/858/858 
f 860/860/860 859/859/859 862/862/862 
f 859/859/859 861/861/861 862/862/862 
f 862/862/862 863/863/863 860/860/860 
f 864/864/864 862/862/862 861/861/861 
f 862/862/862 865/865/865 863/863/863 
f 862/862/862 864/864/864 865/865/865 
f 865/865/865 866/866/866 863/863/863 
f 867/867/867 865/865/865 864/864/864 
f 866/866/866 865/865/865 868/868/868 
f 865/865/865 867/867/867 868/868/868 
f 868/868/868 869/869/869 866/866/866 
f 870/870/870 868/868/868 867/867/867 
f 869/869/869 868/868/868 871/871/871 
f 868/868/868 870/870/870 871/871/871 
f 875/875/875 878/878/878 876/876/876 
f 877/877/877 879/879/879 875/875/875 
f 878/878/878 875/875/875 880/880/880 
f 879/879/879 880/880/880 875/875/875 
f 881/881/881 884/884/884 882/882/882 
f 885/885/885 881/881/881 883/883/883 
f 884/884/884 881/881/881 886/886/886 
f 881/881/881 885/885/885 886/886/886 
f 889/889/889 887/887/887 888/888/888 
f 889/889/889 888/888/888 890/890/890 
f 891/891/891 889/889/889 890/890/890 
f 891/891/891 890/890/890 892/892/892 
f 893/893/893 896/896/896 894/894/894 
f 896/896/896 895/895/895 894/894/894 
f 896/896/896 893/893/893 897/897/897 
f 895/895/895 896/896/896 898/898/898 
f 901/901/901 902/902/902 899/899/899 
f 900/900/900 902/902/902 901/901/901 
f 902/902/902 903/903/903 899/899/899 
f 902/902/902 900/900/900 904/904/904 
f 909/909/909 908/908/908 907/907/907 
f 908/908/908 909/909/909 911/911/911 
f 911/911/911 910/910/910 908/908/908 
f 912/912/912 911/911/911 909/909/909 
f 910/910/910 911/911/911 913/913/913 
f 911/911/911 912/912/912 914/914/914 
f 914/914/914 913/913/913 911/911/911 
f 913/913/913 914/914/914 915/915/915 
f 920/920/920 916/916/916 918/918/918 
f 919/919/919 921/921/921 917/917/917 
f 920/920/920 918/918/918 921/921/921 
f 919/919/919 920/920/920 921/921/921 
f 924/924/924 925/925/925 923/923/923 
f 925/925/925 924/924/924 927/927/927 
f 927/927/927 928/928/928 925/925/925 
f 927/927/927 926/926/926 928/928/928 
f 933/933/933 931/931/931 930/930/930 
f 933/933/933 935/935/935 931/931/931 
f 936/936/936 935/935/935 933/933/933 
f 936/936/936 937/937/937 935/935/935 
f 942/942/942 943/943/943 940/940/940 
f 941/941/941 943/943/943 942/942/942 
f 943/943/943 941/941/941 944/944/944 
f 945/945/945 940/940/940 943/943/943 
f 943/943/943 944/944/944 946/946/946 
f 945/945/945 943/943/943 947/947/947 
f 946/946/946 947/947/947 943/943/943 
f 947/947/947 948/948/948 945/945/945 
f 949/949/949 947/947/947 946/946/946 
f 947/947/947 950/950/950 948/948/948 
f 947/947/947 949/949/949 951/951/951 
f 947/947/947 951/951/951 950/950/950 
f 953/953/953 954/954/954 952/952/952 
f 954/954/954 953/953/953 955/955/955 
f 955/955/955 956/956/956 954/954/954 
f 956/956/956 955/955/955 957/957/957 
f 958/958/958 959/959/959 960/960/960 
f 958/958/958 960/960/960 961/961/961 
f 965/965/965 964/964/964 963/963/963 
f 965/965/965 962/962/962 964/964/964 
f 965/965/965 963/963/963 966/966/966 
f 962/962/962 965/965/965 967/967/967 
f 968/968/968 969/969/969 970/970/970 
f 969/969/969 971/971/971 970/970/970 
f 970/970/970 971/971/971 972/972/972 
f 971/971/971 973/973/973 972/972/972 
f 992/992/992 993/993/993 994/994/994 
f 993/993/993 992/992/992 995/995/995 
f 996/996/996 997/997/997 998/998/998 
f 997/997/997 996/996/996 999/999/999 
f 999/999/999 996/996/996 1000/1000/1000 
f 999/999/999 1001/1001/1001 997/997/997 
f 997/997/997 1001/1001/1001 1002/1002/1002 
f 1001/1001/1001 999/999/999 1003/1003/1003 
f 1005/1005/1005 1006/1006/1006 1007/1007/1007 
f 1006/1006/1006 1005/1005/1005 1008/1008/1008 
f 1009/1009/1009 1007/1007/1007 1006/1006/1006 
f 1005/1005/1005 1010/1010/1010 1008/1008/1008 
f 1007/1007/1007 1009/1009/1009 1011/1011/1011 
f 1012/1012/1012 1007/1007/1007 1011/1011/1011 
f 1009/1009/1009 1013/1013/1013 1011/1011/1011 
f 1013/1013/1013 1012/1012/1012 1011/1011/1011 
f 1007/1007/1007 1012/1012/1012 1014/1014/1014 
f 1005/1005/1005 1007/1007/1007 1014/1014/1014 
f 1014/1014/1014 1015/1015/1015 1005/1005/1005 
f 1016/1016/1016 1005/1005/1005 1015/1015/1015 
f 1009/1009/1009 1017/1017/1017 1013/1013/1013 
f 1012/1012/1012 1013/1013/1013 1018/1018/1018 
f 1019/1019/1019 1013/1013/1013 1017/1017/1017 
f 1020/1020/1020 1018/1018/1018 1013/1013/1013 
f 1013/1013/1013 1019/1019/1019 1021/1021/1021 
f 1013/1013/1013 1021/1021/1021 1020/1020/1020 
f 1019/1019/1019 1022/1022/1022 1021/1021/1021 
f 1022/1022/1022 1020/1020/1020 1021/1021/1021 
f 1022/1022/1022 1019/1019/1019 1023/1023/1023 
f 1020/1020/1020 1022/1022/1022 1024/1024/1024 
f 1025/1025/1025 1022/1022/1022 1023/1023/1023 
f 1022/1022/1022 1026/1026/1026 1024/1024/1024 
f 1022/1022/1022 1025/1025/1025 1027/1027/1027 
f 1022/1022/1022 1027/1027/1027 1026/1026/1026 
f 1025/1025/1025 1028/1028/1028 1027/1027/1027 
f 1028/1028/1028 1026/1026/1026 1027/1027/1027 
f 1026/1026/1026 1028/1028/1028 1016/1016/1016 
f 1025/1025/1025 1010/1010/1010 1028/1028/1028 
f 1005/1005/1005 1016/1016/1016 1028/1028/1028 
f 1010/1010/1010 1005/1005/1005 1028/1028/1028 
f 1029/1029/1029 1030/1030/1030 1031/1031/1031 
f 1029/1029/1029 1031/1031/1031 1032/1032/1032 
f 1030/1030/1030 1029/1029/1029 1033/1033/1033 
f 1034/1034/1034 1035/1035/1035 1033/1033/1033 
f 1036/1036/1036 1033/1033/1033 1035/1035/1035 
f 1037/1037/1037 1030/1030/1030 1033/1033/1033 
f 1037/1037/1037 1033/1033/1033 1036/1036/1036 
f 1037/1037/1037 1036/1036/1036 1038/1038/1038 
f 1030/1030/1030 1037/1037/1037 1039/1039/1039 
f 1037/1037/1037 1040/1040/1040 1039/1039/1039 
f 1039/1039/1039 1040/1040/1040 1041/1041/1041 
f 1040/1040/1040 1037/1037/1037 1042/1042/1042 
f 1048/1048/1048 1049/1049/1049 1050/1050/1050 
f 1050/1050/1050 1049/1049/1049 1051/1051/1051 
f 1050/1050/1050 1051/1051/1051 1052/1052/1052 
f 1050/1050/1050 1052/1052/1052 1053/1053/1053 
f 1050/1050/1050 1054/1054/1054 1048/1048/1048 
f 1055/1055/1055 1054/1054/1054 1050/1050/1050 
f 1054/1054/1054 1055/1055/1055 1056/1056/1056 
f 1057/1057/1057 1058/1058/1058 1059/1059/1059 
f 1060/1060/1060 1059/1059/1059 1058/1058/1058 
f 1059/1059/1059 1060/1060/1060 1061/1061/1061 
f 1061/1061/1061 1062/1062/1062 1059/1059/1059 
f 1063/1063/1063 1062/1062/1062 1061/1061/1061 
f 1062/1062/1062 1063/1063/1063 1064/1064/1064 
f 1064/1064/1064 1063/1063/1063 1065/1065/1065 
f 1066/1066/1066 1065/1065/1065 1063/1063/1063 
f 1065/1065/1065 1066/1066/1066 1067/1067/1067 
f 1068/1068/1068 1067/1067/1067 1066/1066/1066 
f 1067/1067/1067 1068/1068/1068 1069/1069/1069 
f 1069/1069/1069 1068/1068/1068 1070/1070/1070 
f 1070/1070/1070 1068/1068/1068 1071/1071/1071 
f 1071/1071/1071 1072/1072/1072 1070/1070/1070 
f 1072/1072/1072 1071/1071/1071 1073/1073/1073 
f 1074/1074/1074 1072/1072/1072 1073/1073/1073 
f 1074/1074/1074 1075/1075/1075 1072/1072/1072 
f 1072/1072/1072 1075/1075/1075 1076/1076/1076 
f 1076/1076/1076 1077/1077/1077 1072/1072/1072 
f 1077/1077/1077 1076/1076/1076 1078/1078/1078 
f 1079/1079/1079 1080/1080/1080 1081/1081/1081 
f 1080/1080/1080 1079/1079/1079 1082/1082/1082 
f 1081/1081/1081 1080/1080/1080 1057/1057/1057 
f 1083/1083/1083 1057/1057/1057 1080/1080/1080 
f 1058/1058/1058 1057/1057/1057 1083/1083/1083 
f 1084/1084/1084 1058/1058/1058 1083/1083/1083 
f 1083/1083/1083 1085/1085/1085 1084/1084/1084 
f 1085/1085/1085 1086/1086/1086 1084/1084/1084 
f 1087/1087/1087 1086/1086/1086 1085/1085/1085 
f 1091/1091/1091 1092/1092/1092 1093/1093/1093 
f 1091/1091/1091 1094/1094/1094 1092/1092/1092 
f 1095/1095/1095 1092/1092/1092 1094/1094/1094 
f 1092/1092/1092 1095/1095/1095 1096/1096/1096 
f 1097/1097/1097 1092/1092/1092 1096/1096/1096 
f 1098/1098/1098 1099/1099/1099 1100/1100/1100 
f 1099/1099/1099 1098/1098/1098 1101/1101/1101 
f 1099/1099/1099 1101/1101/1101 1102/1102/1102 
f 1111/1111/1111 1109/1109/1109 1108/1108/1108 
f 1111/1111/1111 1113/1113/1113 1109/1109/1109 
f 1115/1115/1115 1113/1113/1113 1111/1111/1111 
f 1115/1115/1115 1114/1114/1114 1113/1113/1113 
f 1116/1116/1116 1117/1117/1117 1118/1118/1118 
f 1119/1119/1119 1117/1117/1117 1116/1116/1116 

g Meshpart3

v -79.3845 6.27132 -1.19153 
v -79.382 6.3788 -1.17759 
v -79.3735 6.35047 -1.12927 
v -79.3671 6.44479 -1.0929 
v -79.375 6.28599 -1.13764 
v -79.3645 6.39007 -1.07846 
v -79.3681 6.23438 -1.09864 
v -79.3533 6.38158 -1.01495 
v -79.373 6.18532 -1.12654 
v -79.3484 6.43064 -0.987053 
v -79.3543 6.17117 -1.0207 
v -79.3369 6.34464 -0.922066 
v -79.3569 6.22589 -1.03514 
v -79.3465 6.32997 -0.975958 
v -79.3479 6.26549 -0.98432 
v -79.3394 6.23716 -0.936001 
v -79.7502 6.34464 -0.849182 
v -79.7612 6.26549 -0.911436 
v -79.7526 6.23717 -0.863117 
v -79.7676 6.17118 -0.947815 
v -79.7597 6.32998 -0.903073 
v -79.7701 6.2259 -0.962254 
v -79.7666 6.38158 -0.942066 
v -79.7813 6.23439 -1.02576 
v -79.7616 6.43065 -0.914168 
v -79.7862 6.18533 -1.05366 
v -79.7803 6.4448 -1.02001 
v -79.7977 6.27133 -1.11864 
v -79.7778 6.39007 -1.00557 
v -79.7882 6.28599 -1.06475 
v -79.7867 6.35048 -1.05639 
v -79.7952 6.37881 -1.10471 

vn 0.984252 0 -0.173228 
vn 0.984252 0 -0.173228 
vn 0.984252 0 -0.173228 
vn 0.984252 0 -0.173228 
vn 0.984252 0 -0.173228 
vn 0.984252 0 -0.173228 
vn 0.984252 0 -0.173228 
vn 0.984252 0 -0.173228 
vn 0.984252 0 -0.173228 
vn 0.984252 0 -0.173228 
vn 0.984252 0 -0.173228 
vn 0.984252 0 -0.173228 
vn 0.984252 0 -0.173228 
vn 0.984252 0 -0.173228 
vn 0.984252 0 -0.173228 
vn 0.984252 0 -0.173228 
vn -0.984252 0 0.173228 
vn -0.984252 0 0.173228 
vn -0.984252 0 0.173228 
vn -0.984252 0 0.173228 
vn -0.984252 0 0.173228 
vn -0.984252 0 0.173228 
vn -0.984252 0 0.173228 
vn -0.984252 0 0.173228 
vn -0.984252 0 0.173228 
vn -0.984252 0 0.173228 
vn -0.984252 0 0.173228 
vn -0.984252 0 0.173228 
vn -0.984252 0 0.173228 
vn -0.984252 0 0.173228 
vn -0.984252 0 0.173228 
vn -0.984252 0 0.173228 

vt 0.408652 1.0585 
vt 0.413837 1.07102 
vt 0.406755 1.07102 
vt 0.408652 1.08354 
vt 0.403644 1.06351 
vt 0.403644 1.07853 
vt 0.396133 1.0604 
vt 0.396133 1.08164 
vt 0.396133 1.05332 
vt 0.396133 1.08873 
vt 0.383614 1.0585 
vt 0.383614 1.08354 
vt 0.388621 1.06351 
vt 0.388621 1.07853 
vt 0.38551 1.07102 
vt 0.378428 1.07102 
vt 0.408652 1.08354 
vt 0.406755 1.07102 
vt 0.413837 1.07102 
vt 0.408652 1.0585 
vt 0.403644 1.07853 
vt 0.403644 1.06351 
vt 0.396133 1.08164 
vt 0.396133 1.0604 
vt 0.396133 1.08873 
vt 0.396133 1.05332 
vt 0.383614 1.08354 
vt 0.383614 1.0585 
vt 0.388621 1.07853 
vt 0.388621 1.06351 
vt 0.38551 1.07102 
vt 0.378428 1.07102 

usemtl Meshpart3Mtl

f 1120/1120/1120 1121/1121/1121 1122/1122/1122 
f 1123/1123/1123 1122/1122/1122 1121/1121/1121 
f 1120/1120/1120 1122/1122/1122 1124/1124/1124 
f 1122/1122/1122 1123/1123/1123 1125/1125/1125 
f 1126/1126/1126 1120/1120/1120 1124/1124/1124 
f 1123/1123/1123 1127/1127/1127 1125/1125/1125 
f 1120/1120/1120 1126/1126/1126 1128/1128/1128 
f 1127/1127/1127 1123/1123/1123 1129/1129/1129 
f 1130/1130/1130 1128/1128/1128 1126/1126/1126 
f 1131/1131/1131 1127/1127/1127 1129/1129/1129 
f 1132/1132/1132 1130/1130/1130 1126/1126/1126 
f 1127/1127/1127 1131/1131/1131 1133/1133/1133 
f 1134/1134/1134 1130/1130/1130 1132/1132/1132 
f 1131/1131/1131 1134/1134/1134 1133/1133/1133 
f 1130/1130/1130 1134/1134/1134 1135/1135/1135 
f 1134/1134/1134 1131/1131/1131 1135/1135/1135 
f 1136/1136/1136 1137/1137/1137 1138/1138/1138 
f 1137/1137/1137 1139/1139/1139 1138/1138/1138 
f 1137/1137/1137 1136/1136/1136 1140/1140/1140 
f 1139/1139/1139 1137/1137/1137 1141/1141/1141 
f 1140/1140/1140 1136/1136/1136 1142/1142/1142 
f 1143/1143/1143 1139/1139/1139 1141/1141/1141 
f 1136/1136/1136 1144/1144/1144 1142/1142/1142 
f 1139/1139/1139 1143/1143/1143 1145/1145/1145 
f 1146/1146/1146 1142/1142/1142 1144/1144/1144 
f 1143/1143/1143 1147/1147/1147 1145/1145/1145 
f 1142/1142/1142 1146/1146/1146 1148/1148/1148 
f 1147/1147/1147 1143/1143/1143 1149/1149/1149 
f 1146/1146/1146 1150/1150/1150 1148/1148/1148 
f 1150/1150/1150 1147/1147/1147 1149/1149/1149 
f 1146/1146/1146 1151/1151/1151 1150/1150/1150 
f 1147/1147/1147 1150/1150/1150 1151/1151/1151 

g Meshpart4

v -79.6874 5.9297 -2.11045 
v -79.4282 5.70504 -2.03126 
v -79.8011 5.84949 -2.16699 
v -79.4754 5.84758 -2.0333 
v -79.5988 5.51422 -1.88567 
v -79.9079 5.82341 -1.89889 
v -79.668 5.51421 -1.69554 
v -79.9727 5.63225 -1.80646 
v -79.5363 5.6795 -1.76367 
v -79.5282 5.70503 -1.75651 
v -79.9011 5.84948 -1.89224 
v -79.8049 5.9293 -1.78442 
v -79.5949 5.84796 -1.70798 
v -79.787 5.5142 -1.36862 
v -80.1376 5.5598 -1.43067 
v -80.0917 5.63224 -1.47954 
v -79.8328 5.44176 -1.31976 
v -80.255 6.00209 -0.606351 
v -79.9804 5.89574 -0.506416 
v -80.3119 5.87436 -0.634233 
v -80.3295 5.83719 -0.616945 
v -79.517 5.70503 -1.78715 
v -79.8899 5.84948 -1.92288 
v -80.0099 5.7574 -0.524331 
v -80.0183 5.71667 -0.503692 
v -80.1809 5.77965 -0.562875 
v -80.0099 5.7574 -0.524331 
v -80.0183 5.71667 -0.503692 
v -80.1609 5.81588 -0.579282 
v -80.3295 5.83719 -0.616945 
v -80.3119 5.87436 -0.634233 
v -80.0036 5.79894 -0.545721 
v -80.2782 5.90529 -0.645655 
v -80.1409 5.85211 -0.595688 
v -80.255 6.00209 -0.606351 
v -80.1177 5.94892 -0.556383 
v -79.9804 5.89574 -0.506416 
v -79.4282 5.70504 -2.03126 
v -79.8011 5.84949 -2.16699 
v -80.1713 5.7565 -0.0981784 
v -80.4699 5.83829 -0.240084 
v -80.3771 6.00208 -0.270966 
v -80.1177 5.94892 -0.556383 
v -80.255 6.00209 -0.606351 
v -80.2398 5.9489 -0.220999 
v -79.9804 5.89574 -0.506416 
v -80.1025 5.89573 -0.171032 
v -80.301 5.89166 -0.112193 
v -80.4562 5.90071 -0.168646 
v -80.1768 5.7925 -0.0669606 
v -80.3119 5.87436 -0.634233 
v -79.517 5.70503 -1.78715 
v -79.8899 5.84948 -1.92288 
v -79.7579 5.77475 -1.19872 
v -80.0099 5.7574 -0.524331 
v -80.0455 5.88612 -1.30338 
v -79.8049 5.9293 -1.78442 
v -79.9679 5.92928 -1.33664 
v -79.7579 5.84794 -1.2602 
v -79.5949 5.84796 -1.70798 
v -79.6874 5.9297 -2.11045 
v -79.5838 5.84796 -1.73862 
v -79.4754 5.84758 -2.0333 
v -79.7938 5.9293 -1.81505 
v -80.0455 5.88612 -1.30338 
v -79.7579 5.77475 -1.19872 
v -80.2595 5.87847 -0.654163 
v -79.9999 5.77793 -0.559682 
v -79.8967 5.82341 -1.92953 
v -79.4377 5.67951 -2.03472 
v -79.8092 5.82342 -2.16994 
v -79.5252 5.6795 -1.79431 
v -80.1544 5.68975 -0.148278 
v -79.9079 5.82341 -1.89889 
v -80.4762 5.81438 -0.265385 
v -79.5363 5.6795 -1.76367 
v -79.4282 5.70504 -2.03126 
v -79.5988 5.51422 -1.88567 
v -80.1713 5.7565 -0.0981784 
v -79.668 5.51421 -1.69554 
v -80.1772 5.59173 -0.260555 
v -79.787 5.5142 -1.36862 
v -79.9804 5.89574 -0.506416 
v -80.1025 5.89573 -0.171032 
v -79.9283 5.58567 -0.895638 
v -79.5988 5.51422 -1.88567 
v -79.5252 5.6795 -1.79431 
v -79.6568 5.51421 -1.72618 
v -79.4377 5.67951 -2.03472 
v -80.1772 5.59173 -0.260555 
v -79.9283 5.58567 -0.895638 
v -80.1544 5.68975 -0.148278 
v -79.5363 5.6795 -1.76367 
v -79.787 5.5142 -1.36862 
v -79.668 5.51421 -1.69554 
v -79.9381 5.44175 -1.03033 
v -79.8328 5.44176 -1.31976 
v -79.4754 5.84758 -2.0333 
v -79.517 5.70503 -1.78715 
v -79.4282 5.70504 -2.03126 
v -79.5838 5.84796 -1.73862 
v -79.5282 5.70503 -1.75651 
v -79.7579 5.84794 -1.2602 
v -79.7579 5.77475 -1.19872 
v -79.5949 5.84796 -1.70798 
v -80.0112 5.71737 -0.528827 
v -79.9999 5.77793 -0.559682 
v -80.0099 5.7574 -0.524331 
v -80.1632 5.7195 -0.12846 
v -80.0183 5.71667 -0.503692 
v -80.1713 5.7565 -0.0981784 
v -80.0036 5.79894 -0.545721 
v -80.1768 5.7925 -0.0669606 
v -80.1025 5.89573 -0.171032 
v -79.9804 5.89574 -0.506416 
v -79.5988 5.51422 -1.88567 
v -80.301 5.89166 -0.112193 
v -80.4562 5.90071 -0.168646 
v -80.3171 5.84605 -0.11663 
v -80.1768 5.7925 -0.0669606 
v -80.4633 5.86959 -0.204449 
v -80.1713 5.7565 -0.0981784 
v -80.3181 5.77948 -0.184822 
v -80.4699 5.83829 -0.240084 
v -80.1632 5.7195 -0.12846 
v -80.4559 5.69966 -0.361972 
v -80.1544 5.68975 -0.148278 
v -80.4762 5.81438 -0.265385 
v -80.1772 5.59173 -0.260555 
v -80.318 5.83619 -0.640471 
v -80.0112 5.71737 -0.528827 
v -80.2595 5.87847 -0.654163 
v -79.9999 5.77793 -0.559682 
v -80.3771 6.00208 -0.270966 
v -80.1025 5.89573 -0.171032 
v -79.9283 5.58567 -0.895638 
v -80.2379 5.70559 -1.00832 
v -80.2429 5.55979 -1.14125 
v -79.9381 5.44175 -1.03033 
v -79.9616 5.63225 -1.8371 
v -79.517 5.70503 -1.78715 
v -79.8899 5.84948 -1.92288 
v -80.0455 5.88612 -1.30338 
v -79.7579 5.84794 -1.2602 
v -79.9679 5.92928 -1.33664 
v -79.7579 5.77475 -1.19872 
v -79.8899 5.84948 -1.92288 
v -79.517 5.70503 -1.78715 
v -79.7938 5.9293 -1.81505 
v -79.5838 5.84796 -1.73862 
v -79.9616 5.63225 -1.8371 
v -79.5252 5.6795 -1.79431 
v -79.8967 5.82341 -1.92953 
v -79.6568 5.51421 -1.72618 
v -79.4282 5.70504 -2.03126 
v -79.8011 5.84949 -2.16699 
v -79.8092 5.82342 -2.16994 
v -79.5988 5.51422 -1.88567 
v -79.9035 5.63225 -1.99659 
v -79.4377 5.67951 -2.03472 
v -80.1713 5.7565 -0.0981784 
v -80.4699 5.83829 -0.240084 
v -79.668 5.51421 -1.69554 
v -79.9727 5.63225 -1.80646 
v -80.4559 5.69966 -0.361972 
v -80.1772 5.59173 -0.260555 
v -79.787 5.5142 -1.36862 
v -80.0917 5.63224 -1.47954 
v -79.9727 5.63225 -1.80646 
v -79.668 5.51421 -1.69554 
v -80.2429 5.55979 -1.14125 
v -80.1376 5.5598 -1.43067 
v -79.8328 5.44176 -1.31976 
v -79.9381 5.44175 -1.03033 
v -79.9283 5.58567 -0.895638 
v -80.1772 5.59173 -0.260555 
v -80.2379 5.70559 -1.00832 
v -80.4559 5.69966 -0.361972 
v -79.9616 5.63225 -1.8371 
v -79.6568 5.51421 -1.72618 
v -79.9616 5.63225 -1.8371 
v -79.9035 5.63225 -1.99659 
v -79.5988 5.51422 -1.88567 
v -80.3119 5.87436 -0.634233 
v -80.3295 5.83719 -0.616945 
v -79.517 5.70503 -1.78715 
v -79.8899 5.84948 -1.92288 
v -80.0099 5.7574 -0.524331 
v -80.0183 5.71667 -0.503692 
v -80.3295 5.83719 -0.616945 
v -80.3181 5.77948 -0.184822 
v -80.4699 5.83829 -0.240084 
v -80.1809 5.77965 -0.562875 
v -80.1632 5.7195 -0.12846 
v -80.0183 5.71667 -0.503692 
v -80.318 5.83619 -0.640471 
v -79.9011 5.84948 -1.89224 
v -79.5282 5.70503 -1.75651 
v -80.0112 5.71737 -0.528827 
v -79.8899 5.84948 -1.92288 
v -79.517 5.70503 -1.78715 
v -79.8011 5.84949 -2.16699 
v -79.4282 5.70504 -2.03126 
v -79.8011 5.84949 -2.16699 
v -80.4699 5.83829 -0.240084 
v -79.9727 5.63225 -1.80646 
v -80.4559 5.69966 -0.361972 
v -80.0917 5.63224 -1.47954 
v -80.3771 6.00208 -0.270966 
v -80.255 6.00209 -0.606351 
v -79.9283 5.58567 -0.895638 
v -80.2379 5.70559 -1.00832 
v -79.5252 5.6795 -1.79431 
v -79.8092 5.82342 -2.16994 
v -79.9035 5.63225 -1.99659 
v -79.8967 5.82341 -1.92953 
v -79.9616 5.63225 -1.8371 
v -79.9079 5.82341 -1.89889 
v -80.0917 5.63224 -1.47954 
v -80.2379 5.70559 -1.00832 
v -79.9727 5.63225 -1.80646 
v -80.4762 5.81438 -0.265385 
v -80.4559 5.69966 -0.361972 
v -80.2429 5.55979 -1.14125 
v -80.1376 5.5598 -1.43067 
v -80.2782 5.90529 -0.645655 
v -80.3771 6.00208 -0.270966 
v -80.255 6.00209 -0.606351 
v -80.4562 5.90071 -0.168646 
v -80.4633 5.86959 -0.204449 
v -80.3119 5.87436 -0.634233 
v -80.4699 5.83829 -0.240084 
v -80.3295 5.83719 -0.616945 
v -79.7938 5.9293 -1.81505 
v -79.6874 5.9297 -2.11045 
v -79.8899 5.84948 -1.92288 
v -79.8011 5.84949 -2.16699 
v -79.9011 5.84948 -1.89224 
v -80.318 5.83619 -0.640471 
v -80.0455 5.88612 -1.30338 
v -80.2595 5.87847 -0.654163 
v -79.9679 5.92928 -1.33664 
v -79.8049 5.9293 -1.78442 

vn 0.377953 0.110236 -0.92126 
vn 0.377953 0.110236 -0.92126 
vn 0.377953 0.110236 -0.92126 
vn 0.377953 0.110236 -0.92126 
vn 0.00787402 -0.677165 -0.740157 
vn 0.133858 -0.472441 -0.874016 
vn 0.133858 -0.472441 -0.874016 
vn 0.133858 -0.472441 -0.874016 
vn 0.133858 -0.472441 -0.874016 
vn 0.456693 0.472441 -0.755906 
vn 0.456693 0.472441 -0.755906 
vn 0.456693 0.472441 -0.755906 
vn 0.456693 0.472441 -0.755906 
vn -0.141732 -0.850394 -0.511811 
vn 0.0629921 -0.582677 -0.811024 
vn -0.141732 -0.850394 -0.511811 
vn 0.0629921 -0.582677 -0.811024 
vn 0.322835 0.937008 0.11811 
vn 0.322835 0.937008 0.11811 
vn -0.80315 0.527559 -0.283465 
vn -0.866142 0.385827 -0.314961 
vn 0.897638 0.307087 0.330709 
vn -0.503937 0.84252 -0.181102 
vn 0.937008 -0.0551181 0.346457 
vn 0.929134 -0.0472441 0.354331 
vn 0.133858 -0.472441 -0.874016 
vn 0.133858 -0.472441 -0.874016 
vn 0.133858 -0.472441 -0.874016 
vn 0.133858 -0.472441 -0.874016 
vn 0.133858 -0.472441 -0.874016 
vn 0.133858 -0.472441 -0.874016 
vn 0.275591 -0.173228 -0.944882 
vn 0.275591 -0.173228 -0.944882 
vn 0.299213 -0.11811 -0.944882 
vn 0.417323 0.251969 -0.874016 
vn 0.417323 0.251969 -0.874016 
vn 0.417323 0.251969 -0.874016 
vn 0.377953 0.110236 -0.92126 
vn 0.377953 0.110236 -0.92126 
vn -0.456693 -0.527559 0.716535 
vn -0.472441 -0.622047 0.622047 
vn 0.149606 0.92126 0.370079 
vn 0.322835 0.937008 0.11811 
vn 0.322835 0.937008 0.11811 
vn 0.204724 0.897638 0.385827 
vn 0.322835 0.937008 0.11811 
vn 0.259843 0.874016 0.409449 
vn 0.0708661 0.771654 0.629921 
vn -0.0393701 0.811024 0.582677 
vn 0.181102 0.724409 0.661417 
vn -0.80315 0.527559 -0.283465 
vn 0.897638 0.307087 0.330709 
vn -0.503937 0.84252 -0.181102 
vn 0.913386 0.19685 0.346457 
vn 0.937008 -0.0551181 0.346457 
vn -0.566929 0.80315 -0.188976 
vn 0.322835 0.937008 0.11811 
vn 0.322835 0.937008 0.11811 
vn 0.322835 0.937008 0.11811 
vn 0.322835 0.937008 0.11811 
vn 0.322835 0.937008 0.11811 
vn 0.322835 0.937008 0.11811 
vn 0.322835 0.937008 0.11811 
vn 0.322835 0.937008 0.11811 
vn 0.212598 0.897638 0.377953 
vn 0.212598 0.905512 0.377953 
vn 0.322835 0.937008 0.11811 
vn 0.322835 0.937008 0.11811 
vn 0.322835 0.937008 0.11811 
vn 0.322835 0.937008 0.11811 
vn 0.322835 0.937008 0.11811 
vn 0.322835 0.937008 0.11811 
vn 0.322835 0.937008 0.11811 
vn 0.322835 0.937008 0.11811 
vn 0.322835 0.937008 0.11811 
vn 0.322835 0.937008 0.11811 
vn 0.377953 0.110236 -0.92126 
vn 0.00787402 -0.677165 -0.740157 
vn -0.456693 -0.527559 0.716535 
vn 0.133858 -0.472441 -0.874016 
vn -0.472441 -0.614173 0.629921 
vn -0.141732 -0.850394 -0.511811 
vn 0.322835 0.937008 0.11811 
vn 0.259843 0.874016 0.409449 
vn -0.440945 -0.84252 0.307087 
vn 0.80315 -0.519685 0.291339 
vn 0.80315 -0.519685 0.291339 
vn 0.80315 -0.519685 0.291339 
vn 0.80315 -0.519685 0.291339 
vn 0.818898 -0.480315 0.314961 
vn 0.818898 -0.480315 0.314961 
vn 0.818898 -0.480315 0.314961 
vn 0.818898 -0.480315 0.314961 
vn 0.818898 -0.480315 0.314961 
vn 0.818898 -0.480315 0.314961 
vn 0.818898 -0.480315 0.314961 
vn 0.818898 -0.480315 0.314961 
vn 0.897638 0.307087 0.330709 
vn 0.897638 0.307087 0.330709 
vn 0.897638 0.307087 0.330709 
vn 0.897638 0.307087 0.330709 
vn 0.913386 0.19685 0.346457 
vn 0.913386 0.19685 0.346457 
vn 0.913386 0.19685 0.346457 
vn 0.913386 0.19685 0.346457 
vn 0.913386 0.19685 0.346457 
vn 0.913386 0.19685 0.346457 
vn 0.937008 -0.0551181 0.346457 
vn 0.929134 -0.0472441 0.354331 
vn 0.929134 -0.0472441 0.354331 
vn 0.937008 -0.0551181 0.346457 
vn 0.92126 -0.212598 0.330709 
vn 0.92126 -0.181102 0.338583 
vn 0.889764 -0.330709 0.322835 
vn 0.889764 -0.330709 0.322835 
vn 0.00787402 -0.677165 -0.740157 
vn -0.433071 -0.314961 0.850394 
vn -0.440945 -0.307087 0.84252 
vn -0.456693 -0.464567 0.76378 
vn -0.425197 -0.314961 0.850394 
vn -0.464567 -0.519685 0.716535 
vn -0.456693 -0.527559 0.716535 
vn -0.472441 -0.622047 0.622047 
vn -0.472441 -0.622047 0.622047 
vn -0.464567 -0.622047 0.622047 
vn -0.472441 -0.614173 0.629921 
vn -0.472441 -0.614173 0.629921 
vn -0.472441 -0.614173 0.629921 
vn -0.472441 -0.614173 0.629921 
vn -0.133858 0.472441 0.874016 
vn -0.133858 0.472441 0.874016 
vn -0.133858 0.472441 0.874016 
vn -0.133858 0.472441 0.874016 
vn 0.149606 0.92126 0.370079 
vn 0.259843 0.874016 0.409449 
vn -0.440945 -0.84252 0.307087 
vn -0.440945 -0.84252 0.307087 
vn -0.464567 -0.582677 0.661417 
vn -0.464567 -0.582677 0.661417 
vn -0.929134 0.149606 -0.338583 
vn 0.897638 0.307087 0.330709 
vn -0.503937 0.84252 -0.181102 
vn 0.212598 0.897638 0.377953 
vn -0.0314961 0.645669 0.76378 
vn -0.0314961 0.645669 0.76378 
vn 0.212598 0.905512 0.377953 
vn -0.409449 -0.889764 0.181102 
vn -0.409449 -0.889764 0.181102 
vn -0.456693 -0.472441 0.755906 
vn -0.456693 -0.472441 0.755906 
vn -0.133858 0.472441 0.874016 
vn -0.133858 0.472441 0.874016 
vn -0.133858 0.472441 0.874016 
vn -0.133858 0.472441 0.874016 
vn 0.377953 0.110236 -0.92126 
vn 0.377953 0.110236 -0.92126 
vn 0.00787402 -0.677165 -0.740157 
vn 0.00787402 -0.677165 -0.740157 
vn 0.00787402 -0.677165 -0.740157 
vn 0.00787402 -0.677165 -0.740157 
vn -0.456693 -0.527559 0.716535 
vn -0.472441 -0.622047 0.622047 
vn 0.133858 -0.472441 -0.874016 
vn 0.133858 -0.472441 -0.874016 
vn -0.472441 -0.614173 0.629921 
vn -0.472441 -0.614173 0.629921 
vn -0.141732 -0.850394 -0.511811 
vn -0.141732 -0.850394 -0.511811 
vn -0.322835 -0.937008 -0.11811 
vn -0.322835 -0.937008 -0.11811 
vn -0.322835 -0.937008 -0.11811 
vn -0.322835 -0.937008 -0.11811 
vn -0.322835 -0.937008 -0.11811 
vn -0.322835 -0.937008 -0.11811 
vn -0.440945 -0.84252 0.307087 
vn -0.322835 -0.937008 -0.11811 
vn -0.440945 -0.84252 0.307087 
vn -0.322835 -0.937008 -0.11811 
vn -0.929134 0.149606 -0.338583 
vn -0.322835 -0.937008 -0.11811 
vn -0.322835 -0.937008 -0.11811 
vn -0.322835 -0.937008 -0.11811 
vn -0.322835 -0.937008 -0.11811 
vn -0.80315 0.527559 -0.283465 
vn -0.866142 0.385827 -0.314961 
vn 0.897638 0.307087 0.330709 
vn -0.503937 0.84252 -0.181102 
vn 0.937008 -0.0551181 0.346457 
vn 0.929134 -0.0472441 0.354331 
vn -0.322835 -0.937008 -0.11811 
vn -0.322835 -0.937008 -0.11811 
vn -0.322835 -0.937008 -0.11811 
vn -0.322835 -0.937008 -0.11811 
vn -0.322835 -0.937008 -0.11811 
vn -0.322835 -0.937008 -0.11811 
vn -0.322835 -0.937008 -0.11811 
vn -0.322835 -0.937008 -0.11811 
vn -0.322835 -0.937008 -0.11811 
vn -0.322835 -0.937008 -0.11811 
vn -0.409449 -0.889764 0.181102 
vn -0.409449 -0.889764 0.181102 
vn -0.322835 -0.937008 -0.11811 
vn -0.322835 -0.937008 -0.11811 
vn 0.377953 0.110236 -0.92126 
vn -0.472441 -0.622047 0.622047 
vn 0.133858 -0.472441 -0.874016 
vn -0.472441 -0.614173 0.629921 
vn -0.141732 -0.850394 -0.511811 
vn 0.149606 0.92126 0.370079 
vn 0.322835 0.937008 0.11811 
vn -0.440945 -0.84252 0.307087 
vn -0.440945 -0.84252 0.307087 
vn 0.80315 -0.519685 0.291339 
vn -0.929134 0.149606 -0.338583 
vn -0.929134 0.149606 -0.338583 
vn -0.929134 0.149606 -0.338583 
vn -0.929134 0.149606 -0.338583 
vn -0.929134 0.188976 -0.322835 
vn -0.929134 0.188976 -0.322835 
vn -0.929134 0.188976 -0.322835 
vn -0.929134 0.188976 -0.322835 
vn -0.929134 0.188976 -0.322835 
vn -0.929134 0.188976 -0.322835 
vn -0.929134 0.188976 -0.322835 
vn -0.929134 0.188976 -0.322835 
vn -0.834646 0.464567 -0.299213 
vn -0.88189 0.354331 -0.322835 
vn -0.88189 0.354331 -0.322835 
vn -0.818898 0.488189 -0.299213 
vn -0.795276 0.543307 -0.283465 
vn -0.80315 0.527559 -0.283465 
vn -0.866142 0.385827 -0.314961 
vn -0.866142 0.385827 -0.314961 
vn -0.503937 0.84252 -0.181102 
vn -0.503937 0.84252 -0.181102 
vn -0.503937 0.84252 -0.181102 
vn -0.503937 0.84252 -0.181102 
vn -0.566929 0.80315 -0.188976 
vn -0.566929 0.80315 -0.188976 
vn -0.566929 0.80315 -0.188976 
vn -0.566929 0.80315 -0.188976 
vn -0.566929 0.80315 -0.188976 
vn -0.566929 0.80315 -0.188976 

vt 0.461834 -0.225791 
vt 0.420432 -0.240607 
vt 0.473225 -0.240607 
vt 0.431823 -0.225791 
vt 0.425258 -0.267746 
vt 0.473126 -0.244038 
vt 0.425258 -0.267746 
vt 0.468399 -0.267746 
vt 0.420531 -0.244038 
vt 0.420432 -0.240607 
vt 0.473225 -0.240607 
vt 0.461693 -0.225791 
vt 0.431964 -0.225791 
vt 0.425258 -0.267746 
vt 0.468399 -0.277381 
vt 0.468399 -0.267746 
vt 0.425258 -0.277381 
vt 0.467158 -0.218091 
vt 0.428288 -0.218091 
vt 0.469096 -0.235788 
vt 0.468753 -0.240607 
vt 0.420432 -0.240607 
vt 0.473225 -0.240607 
vt 0.42635 -0.235788 
vt 0.424703 -0.240607 
vt 0.447723 -0.240607 
vt 0.42635 -0.235788 
vt 0.424703 -0.240607 
vt 0.447723 -0.235788 
vt 0.468753 -0.240607 
vt 0.469096 -0.235788 
vt 0.428288 -0.230968 
vt 0.467158 -0.230968 
vt 0.447723 -0.230968 
vt 0.467158 -0.218091 
vt 0.447723 -0.218091 
vt 0.428288 -0.218091 
vt 0.315379 -0.221339 
vt 0.315379 -0.274133 
vt 0.574211 -0.227908 
vt 0.57031 -0.270069 
vt 0.562713 -0.268065 
vt 0.518099 -0.248631 
vt 0.518099 -0.268065 
vt 0.562713 -0.248631 
vt 0.518099 -0.229196 
vt 0.562713 -0.229196 
vt 0.578113 -0.248575 
vt 0.578113 -0.26835 
vt 0.578113 -0.228799 
vt 0.517257 -0.270004 
vt 0.347851 -0.221339 
vt 0.347851 -0.274133 
vt 0.427268 -0.227277 
vt 0.517257 -0.227257 
vt 0.427268 -0.267982 
vt 0.360481 -0.262601 
vt 0.420045 -0.262601 
vt 0.420045 -0.232871 
vt 0.360481 -0.232871 
vt 0.317158 -0.262741 
vt 0.356405 -0.232871 
vt 0.317158 -0.232731 
vt 0.356405 -0.262601 
vt 0.427268 -0.267982 
vt 0.427268 -0.227277 
vt 0.512675 -0.265196 
vt 0.512675 -0.228448 
vt 0.347359 -0.274033 
vt 0.315379 -0.221439 
vt 0.315379 -0.274033 
vt 0.347359 -0.221439 
vt 0.567606 -0.225207 
vt 0.351435 -0.274033 
vt 0.567606 -0.270756 
vt 0.351435 -0.221439 
vt 0.578278 -0.240607 
vt 0.553882 -0.267746 
vt 0.319446 -0.236143 
vt 0.528591 -0.267746 
vt 0.338263 -0.258111 
vt 0.485104 -0.267746 
vt 0.375558 -0.218091 
vt 0.330944 -0.218091 
vt 0.423504 -0.258111 
vt 0.553882 -0.267746 
vt 0.546298 -0.244038 
vt 0.532667 -0.267746 
vt 0.578278 -0.244038 
vt 0.338263 -0.258111 
vt 0.423504 -0.258111 
vt 0.326051 -0.244038 
vt 0.542222 -0.244038 
vt 0.485104 -0.267746 
vt 0.528591 -0.267746 
vt 0.438904 -0.277381 
vt 0.477404 -0.277381 
vt 0.576499 -0.225791 
vt 0.545806 -0.240607 
vt 0.578278 -0.240607 
vt 0.537252 -0.225791 
vt 0.54173 -0.240607 
vt 0.473612 -0.225791 
vt 0.466388 -0.233491 
vt 0.533176 -0.225791 
vt 0.376873 -0.240607 
vt 0.380981 -0.233491 
vt 0.3764 -0.235788 
vt 0.323347 -0.240607 
vt 0.373618 -0.240607 
vt 0.319446 -0.236143 
vt 0.379183 -0.230968 
vt 0.315544 -0.231678 
vt 0.330944 -0.218091 
vt 0.375558 -0.218091 
vt 0.468399 -0.267746 
vt 0.44599 -0.225685 
vt 0.426215 -0.231678 
vt 0.44599 -0.231753 
vt 0.465765 -0.231678 
vt 0.425323 -0.236143 
vt 0.466657 -0.236143 
vt 0.44599 -0.240607 
vt 0.424496 -0.240607 
vt 0.467912 -0.240607 
vt 0.427072 -0.258111 
vt 0.469357 -0.244038 
vt 0.423808 -0.244038 
vt 0.466518 -0.258111 
vt 0.425271 -0.240607 
vt 0.468695 -0.240607 
vt 0.429368 -0.233491 
vt 0.466117 -0.233491 
vt 0.426499 -0.218091 
vt 0.465369 -0.218091 
vt 0.468743 -0.258111 
vt 0.424914 -0.258111 
vt 0.425258 -0.277381 
vt 0.468399 -0.277381 
vt 0.425258 -0.267746 
vt 0.473225 -0.240607 
vt 0.420432 -0.240607 
vt 0.426583 -0.233491 
vt 0.461693 -0.225791 
vt 0.431964 -0.225791 
vt 0.467288 -0.233491 
vt 0.420432 -0.240607 
vt 0.473225 -0.240607 
vt 0.431964 -0.225791 
vt 0.461693 -0.225791 
vt 0.425258 -0.267746 
vt 0.473126 -0.244038 
vt 0.420531 -0.244038 
vt 0.468399 -0.267746 
vt 0.578278 -0.221339 
vt 0.578278 -0.274133 
vt 0.578278 -0.274033 
vt 0.553882 -0.226165 
vt 0.553882 -0.269306 
vt 0.578278 -0.221439 
vt 0.319446 -0.227908 
vt 0.323347 -0.270069 
vt 0.528591 -0.226165 
vt 0.528591 -0.269306 
vt 0.338263 -0.267493 
vt 0.338263 -0.228047 
vt 0.485104 -0.226165 
vt 0.485104 -0.269306 
vt 0.528591 -0.269306 
vt 0.528591 -0.226165 
vt 0.438904 -0.269306 
vt 0.477404 -0.269306 
vt 0.477404 -0.226165 
vt 0.438904 -0.226165 
vt 0.423504 -0.225821 
vt 0.338263 -0.228047 
vt 0.423504 -0.26965 
vt 0.338263 -0.267493 
vt 0.532667 -0.269306 
vt 0.532667 -0.226165 
vt 0.532667 -0.269306 
vt 0.553882 -0.269306 
vt 0.553882 -0.226165 
vt 0.3764 -0.270004 
vt 0.373618 -0.269661 
vt 0.545806 -0.221339 
vt 0.545806 -0.274133 
vt 0.3764 -0.227257 
vt 0.373618 -0.225611 
vt 0.373618 -0.269661 
vt 0.323347 -0.248575 
vt 0.323347 -0.270069 
vt 0.373618 -0.248631 
vt 0.323347 -0.226653 
vt 0.373618 -0.225611 
vt 0.376873 -0.269293 
vt 0.54173 -0.274133 
vt 0.54173 -0.221339 
vt 0.376873 -0.225869 
vt 0.545806 -0.274133 
vt 0.545806 -0.221339 
vt 0.578278 -0.274133 
vt 0.578278 -0.221339 
vt 0.315379 -0.240607 
vt 0.57031 -0.240607 
vt 0.365066 -0.267746 
vt 0.555394 -0.258111 
vt 0.408553 -0.267746 
vt 0.562713 -0.218091 
vt 0.518099 -0.218091 
vt 0.470153 -0.258111 
vt 0.470153 -0.258111 
vt 0.347359 -0.244038 
vt 0.315379 -0.244038 
vt 0.339775 -0.267746 
vt 0.347359 -0.244038 
vt 0.36099 -0.267746 
vt 0.351435 -0.244038 
vt 0.408553 -0.267746 
vt 0.470153 -0.258111 
vt 0.365066 -0.267746 
vt 0.567606 -0.244038 
vt 0.555394 -0.258111 
vt 0.454753 -0.277381 
vt 0.416253 -0.277381 
vt 0.514474 -0.230968 
vt 0.562713 -0.218091 
vt 0.518099 -0.218091 
vt 0.578113 -0.231678 
vt 0.574211 -0.236143 
vt 0.517257 -0.235788 
vt 0.57031 -0.240607 
vt 0.520039 -0.240607 
vt 0.356405 -0.225791 
vt 0.317158 -0.225791 
vt 0.347851 -0.240607 
vt 0.315379 -0.240607 
vt 0.351927 -0.240607 
vt 0.516784 -0.240607 
vt 0.427268 -0.233491 
vt 0.512675 -0.233491 
vt 0.420045 -0.225791 
vt 0.360481 -0.225791 

usemtl Meshpart1Mtl

f 1152/1152/1152 1153/1153/1153 1154/1154/1154 
f 1153/1153/1153 1152/1152/1152 1155/1155/1155 
f 1157/1157/1157 1158/1158/1158 1159/1159/1159 
f 1158/1158/1158 1157/1157/1157 1160/1160/1160 
f 1161/1161/1161 1162/1162/1162 1163/1163/1163 
f 1161/1161/1161 1163/1163/1163 1164/1164/1164 
f 1165/1165/1165 1166/1166/1166 1167/1167/1167 
f 1166/1166/1166 1165/1165/1165 1168/1168/1168 
f 1177/1177/1177 1178/1178/1178 1179/1179/1179 
f 1178/1178/1178 1177/1177/1177 1180/1180/1180 
f 1181/1181/1181 1180/1180/1180 1177/1177/1177 
f 1180/1180/1180 1181/1181/1181 1182/1182/1182 
f 1180/1180/1180 1183/1183/1183 1178/1178/1178 
f 1180/1180/1180 1182/1182/1182 1184/1184/1184 
f 1184/1184/1184 1185/1185/1185 1180/1180/1180 
f 1183/1183/1183 1180/1180/1180 1185/1185/1185 
f 1186/1186/1186 1185/1185/1185 1184/1184/1184 
f 1185/1185/1185 1186/1186/1186 1187/1187/1187 
f 1187/1187/1187 1183/1183/1183 1185/1185/1185 
f 1183/1183/1183 1187/1187/1187 1188/1188/1188 
f 1193/1193/1193 1194/1194/1194 1195/1195/1195 
f 1194/1194/1194 1193/1193/1193 1196/1196/1196 
f 1196/1196/1196 1197/1197/1197 1194/1194/1194 
f 1197/1197/1197 1196/1196/1196 1198/1198/1198 
f 1193/1193/1193 1199/1199/1199 1196/1196/1196 
f 1196/1196/1196 1199/1199/1199 1198/1198/1198 
f 1199/1199/1199 1193/1193/1193 1200/1200/1200 
f 1199/1199/1199 1201/1201/1201 1198/1198/1198 
f 1208/1208/1208 1209/1209/1209 1210/1210/1210 
f 1208/1208/1208 1210/1210/1210 1211/1211/1211 
f 1212/1212/1212 1213/1213/1213 1214/1214/1214 
f 1213/1213/1213 1212/1212/1212 1215/1215/1215 
f 1218/1218/1218 1217/1217/1217 1216/1216/1216 
f 1217/1217/1217 1218/1218/1218 1219/1219/1219 
f 1220/1220/1220 1221/1221/1221 1222/1222/1222 
f 1221/1221/1221 1220/1220/1220 1223/1223/1223 
f 1224/1224/1224 1225/1225/1225 1226/1226/1226 
f 1225/1225/1225 1224/1224/1224 1227/1227/1227 
f 1237/1237/1237 1238/1238/1238 1239/1239/1239 
f 1238/1238/1238 1237/1237/1237 1240/1240/1240 
f 1241/1241/1241 1242/1242/1242 1243/1243/1243 
f 1244/1244/1244 1243/1243/1243 1242/1242/1242 
f 1244/1244/1244 1242/1242/1242 1245/1245/1245 
f 1245/1245/1245 1246/1246/1246 1244/1244/1244 
f 1245/1245/1245 1242/1242/1242 1247/1247/1247 
f 1245/1245/1245 1247/1247/1247 1248/1248/1248 
f 1249/1249/1249 1250/1250/1250 1251/1251/1251 
f 1250/1250/1250 1249/1249/1249 1252/1252/1252 
f 1253/1253/1253 1254/1254/1254 1255/1255/1255 
f 1254/1254/1254 1253/1253/1253 1256/1256/1256 
f 1257/1257/1257 1253/1253/1253 1255/1255/1255 
f 1257/1257/1257 1255/1255/1255 1258/1258/1258 
f 1259/1259/1259 1260/1260/1260 1261/1261/1261 
f 1260/1260/1260 1259/1259/1259 1262/1262/1262 
f 1263/1263/1263 1262/1262/1262 1259/1259/1259 
f 1262/1262/1262 1263/1263/1263 1264/1264/1264 
f 1264/1264/1264 1263/1263/1263 1265/1265/1265 
f 1265/1265/1265 1263/1263/1263 1266/1266/1266 
f 1268/1268/1268 1269/1269/1269 1270/1270/1270 
f 1270/1270/1270 1271/1271/1271 1268/1268/1268 
f 1272/1272/1272 1270/1270/1270 1269/1269/1269 
f 1271/1271/1271 1270/1270/1270 1273/1273/1273 
f 1274/1274/1274 1270/1270/1270 1272/1272/1272 
f 1274/1274/1274 1273/1273/1273 1270/1270/1270 
f 1275/1275/1275 1274/1274/1274 1272/1272/1272 
f 1273/1273/1273 1274/1274/1274 1276/1276/1276 
f 1277/1277/1277 1278/1278/1278 1279/1279/1279 
f 1278/1278/1278 1277/1277/1277 1280/1280/1280 
f 1281/1281/1281 1282/1282/1282 1283/1283/1283 
f 1283/1283/1283 1282/1282/1282 1284/1284/1284 
f 1289/1289/1289 1287/1287/1287 1288/1288/1288 
f 1287/1287/1287 1289/1289/1289 1290/1290/1290 
f 1294/1294/1294 1295/1295/1295 1296/1296/1296 
f 1295/1295/1295 1294/1294/1294 1297/1297/1297 
f 1298/1298/1298 1299/1299/1299 1300/1300/1300 
f 1300/1300/1300 1299/1299/1299 1301/1301/1301 
f 1302/1302/1302 1303/1303/1303 1304/1304/1304 
f 1303/1303/1303 1302/1302/1302 1305/1305/1305 
f 1308/1308/1308 1309/1309/1309 1310/1310/1310 
f 1309/1309/1309 1308/1308/1308 1311/1311/1311 
f 1320/1320/1320 1318/1318/1318 1319/1319/1319 
f 1318/1318/1318 1320/1320/1320 1321/1321/1321 
f 1322/1322/1322 1323/1323/1323 1324/1324/1324 
f 1322/1322/1322 1324/1324/1324 1325/1325/1325 
f 1326/1326/1326 1327/1327/1327 1328/1328/1328 
f 1329/1329/1329 1328/1328/1328 1327/1327/1327 
f 1331/1331/1331 1332/1332/1332 1333/1333/1333 
f 1333/1333/1333 1334/1334/1334 1331/1331/1331 
f 1341/1341/1341 1342/1342/1342 1343/1343/1343 
f 1342/1342/1342 1341/1341/1341 1344/1344/1344 
f 1344/1344/1344 1345/1345/1345 1342/1342/1342 
f 1345/1345/1345 1344/1344/1344 1346/1346/1346 
f 1347/1347/1347 1348/1348/1348 1349/1349/1349 
f 1347/1347/1347 1349/1349/1349 1350/1350/1350 
f 1353/1353/1353 1352/1352/1352 1351/1351/1351 
f 1352/1352/1352 1353/1353/1353 1354/1354/1354 
f 1365/1365/1365 1366/1366/1366 1367/1367/1367 
f 1367/1367/1367 1366/1366/1366 1368/1368/1368 
f 1369/1369/1369 1370/1370/1370 1371/1371/1371 
f 1370/1370/1370 1369/1369/1369 1372/1372/1372 
f 1373/1373/1373 1369/1369/1369 1371/1371/1371 
f 1373/1373/1373 1371/1371/1371 1374/1374/1374 
f 1375/1375/1375 1371/1371/1371 1370/1370/1370 
f 1370/1370/1370 1376/1376/1376 1375/1375/1375 
f 1377/1377/1377 1378/1378/1378 1379/1379/1379 
f 1378/1378/1378 1377/1377/1377 1380/1380/1380 
f 1380/1380/1380 1377/1377/1377 1381/1381/1381 
f 1381/1381/1381 1377/1377/1377 1382/1382/1382 
f 1381/1381/1381 1382/1382/1382 1383/1383/1383 
f 1383/1383/1383 1382/1382/1382 1384/1384/1384 
f 1385/1385/1385 1386/1386/1386 1387/1387/1387 
f 1387/1387/1387 1386/1386/1386 1388/1388/1388 
f 1389/1389/1389 1390/1390/1390 1391/1391/1391 
f 1391/1391/1391 1390/1390/1390 1392/1392/1392 
f 1389/1389/1389 1391/1391/1391 1393/1393/1393 
f 1389/1389/1389 1393/1393/1393 1394/1394/1394 

g Meshpart5

v -79.4763 5.81126 -2.302 
v -79.4488 5.74997 -2.29197 
v -79.4742 5.75983 -2.30123 
v -79.5069 5.72187 -2.31313 
v -79.4518 5.82345 -2.29306 
v -79.4955 5.69574 -2.30896 
v -79.5027 5.87314 -2.3116 
v -79.5553 5.71963 -2.33072 
v -79.512 5.84605 -2.31498 
v -79.5645 5.69253 -2.33409 
v -79.5603 5.8438 -2.33257 
v -79.6155 5.74222 -2.35264 
v -79.5718 5.86993 -2.33674 
v -79.5909 5.75441 -2.3437 
v -79.6185 5.8157 -2.35373 
v -79.593 5.80584 -2.34447 
v -79.501 5.81126 -2.23413 
v -79.4989 5.75983 -2.23336 
v -79.5367 5.84604 -2.24711 
v -79.5316 5.72187 -2.24526 
v -79.5799 5.71962 -2.26285 
v -79.5851 5.8438 -2.2647 
v -79.6156 5.75441 -2.27583 
v -79.5909 5.75441 -2.3437 
v -79.6177 5.80584 -2.2766 
v -79.4594 5.85455 -2.12801 
v -79.5285 5.89 -2.22288 
v -79.5296 5.94089 -2.16565 
v -79.4605 5.90544 -2.07078 
v -79.6436 5.97634 -2.1374 
v -79.6424 5.92545 -2.19463 
v -79.5768 5.74893 -2.24044 
v -79.4161 5.67802 -2.11226 
v -79.7822 5.81982 -2.2455 
v -79.5007 5.55104 -2.14306 
v -79.7941 5.66467 -2.24983 
v -79.625 5.60786 -2.25801 
v -79.5469 6.0135 -2.02168 
v -79.6151 5.95293 -2.07316 
v -79.5578 6.01772 -2.02565 
v -79.527 5.91883 -2.04111 
v -80.027 5.01701 -1.32079 
v -80.2889 5.11843 -1.41609 
v -80.1519 5.04737 -1.40664 
v -80.0683 5.28925 -1.37901 
v -79.9565 5.22339 -1.29509 
v -80.2183 5.32481 -1.3904 
v -79.9561 5.31165 -1.20204 
v -80.218 5.41307 -1.29734 
v -80.0682 5.39988 -1.26167 
v -80.4617 4.71122 -0.452034 
v -80.6492 4.78343 -0.321144 
v -80.5367 4.6942 -0.264067 
v -80.7985 4.79563 -0.35937 
v -80.5386 4.78794 -0.159022 
v -80.8004 4.88936 -0.254325 
v -80.6504 4.85393 -0.242877 
v -80.6238 4.93286 -0.231924 
v -80.4996 4.90123 -0.145542 
v -80.7615 5.00265 -0.240845 
v -80.3522 5.0747 -0.366062 
v -80.614 5.17613 -0.461366 
v -80.4809 5.09862 -0.448155 
v -80.2798 5.46296 -0.613062 
v -80.1585 5.42559 -0.524626 
v -80.4204 5.52701 -0.61993 
v -80.2622 5.52841 -0.591712 
v -80.1296 5.51016 -0.514096 
v -80.3915 5.61158 -0.6094 
v -79.7919 5.35776 -1.41265 
v -79.8422 5.16406 -1.43094 
v -79.7778 5.35229 -1.4075 
v -79.8563 5.16953 -1.43608 
v -79.8383 5.26364 -1.38538 
v -79.8242 5.25817 -1.38024 
v -79.962 5.74361 -1.18767 
v -79.9303 5.43309 -1.14373 
v -80.061 5.45416 -1.22351 
v -79.8515 5.66346 -1.11505 
v -80.1922 5.53451 -1.23904 
v -80.1134 5.76489 -1.21035 
v -79.8158 5.20179 -1.46398 
v -80.2206 5.20331 -1.67524 
v -80.1725 5.31852 -1.7643 
v -80.079 5.40391 -1.85086 
v -79.7297 5.4675 -1.49656 
v -79.7093 5.35229 -1.59573 
v -79.7253 5.26691 -1.72213 
v -80.229 6.03481 -0.528303 
v -80.1573 5.99897 -0.502192 
v -80.2523 5.96693 -0.536755 
v -80.0875 5.97193 -0.476784 
v -80.0341 5.88243 -0.457355 
v -80.0109 5.95031 -0.448904 
v -79.875 5.47725 -1.71008 
v -80.0519 5.54575 -1.77445 
v -79.6982 5.40875 -1.64572 
v -79.7297 5.4675 -1.49656 
v -79.7253 5.26691 -1.72213 
v -79.9021 5.33541 -1.78649 
v -79.7952 5.12507 -1.68104 
v -80.079 5.40391 -1.85086 
v -79.972 5.19357 -1.7454 
v -80.1489 5.26207 -1.80977 
v -80.2206 5.20331 -1.67524 
v -80.1345 5.46902 -1.70783 
v -80.1205 5.46363 -1.70277 
v -80.1453 5.41255 -1.73825 
v -80.1313 5.40716 -1.73319 
v -80.1731 5.35608 -1.72189 
v -80.1592 5.35069 -1.71683 
v -79.75 5.32012 -1.56791 
v -79.7361 5.31473 -1.56285 
v -79.7608 5.26365 -1.59834 
v -79.7469 5.25826 -1.59327 
v -79.8033 5.1784 -1.52336 
v -79.7886 5.20718 -1.58198 
v -79.8172 5.18379 -1.52842 
v -79.7747 5.20179 -1.57691 
v -79.9479 5.67743 -1.29667 
v -80.2088 5.40715 -1.52023 
v -80.241 5.31851 -1.57608 
v -80.223 5.41263 -1.52537 
v -80.2268 5.31304 -1.57093 
v -80.1625 5.50127 -1.5475 
v -80.1766 5.50674 -1.55264 
v -79.7825 5.66202 -2.22902 
v -79.7533 5.25614 -2.27981 
v -79.8992 5.32068 -2.27153 
v -80.0139 5.10855 -2.18217 
v -79.6226 5.63272 -2.23812 
v -79.7839 5.72587 -2.15722 
v -79.5206 5.5606 -2.13372 
v -79.6374 5.21925 -2.17622 
v -79.752 5.00713 -2.08686 
v -79.522 5.62445 -2.06192 
v -79.6041 5.62444 -1.83634 
v -79.889 5.00972 -2.16906 
v -79.5316 5.72187 -2.24526 
v -79.5069 5.72187 -2.31313 
v -79.5799 5.71962 -2.26285 
v -79.5553 5.71963 -2.33072 
v -79.6156 5.75441 -2.27583 
v -79.5909 5.75441 -2.3437 
v -79.5768 5.74893 -2.24044 
v -79.4161 5.67802 -2.11226 
v -79.5578 6.01772 -2.02565 
v -79.5872 6.01772 -1.94488 
v -79.5763 6.0135 -1.94092 
v -79.5469 6.0135 -2.02168 
v -80.1573 5.99897 -0.502192 
v -80.2542 5.99896 -0.23607 
v -80.1844 5.97192 -0.210662 
v -80.0875 5.97193 -0.476784 
v -79.6436 5.97634 -2.1374 
v -80.076 5.97629 -0.949338 
v -79.9844 5.94084 -0.916028 
v -79.5296 5.94089 -2.16565 
v -79.4605 5.90544 -2.07078 
v -79.8929 5.90539 -0.882717 
v -80.5437 5.32677 -0.0329745 
v -80.4101 5.24995 -0.020263 
v -80.672 5.35138 -0.115567 
v -80.5056 5.13772 0.122738 
v -80.7675 5.23915 0.027434 
v -80.6387 5.21526 0.109507 
v -80.0683 5.28925 -1.37901 
v -80.2183 5.32481 -1.3904 
v -79.9561 5.31165 -1.20204 
v -80.218 5.41307 -1.29734 
v -80.0682 5.39988 -1.26167 
v -80.0311 5.31164 -0.996139 
v -80.2929 5.41306 -1.09144 
v -80.1574 5.39784 -1.01873 
v -80.3078 5.1293 -0.891319 
v -80.175 5.05135 -0.877778 
v -80.4368 5.15277 -0.973082 
v -80.4617 4.71122 -0.452034 
v -80.7235 4.81265 -0.547338 
v -80.5845 4.80052 -0.480853 
v -80.6492 4.78343 -0.321144 
v -80.5367 4.6942 -0.264067 
v -80.7985 4.79563 -0.35937 
v -80.1296 5.51016 -0.514096 
v -80.3915 5.61158 -0.6094 
v -79.7737 5.16407 -1.61917 
v -79.7878 5.16954 -1.62431 
v -79.8213 5.12508 -1.52991 
v -79.8354 5.13055 -1.53505 
v -79.8422 5.16406 -1.43094 
v -79.8563 5.16953 -1.43608 
v -79.962 5.74361 -1.18767 
v -79.8515 5.66346 -1.11505 
v -80.1134 5.76489 -1.21035 
v -80.1921 5.7548 -0.543416 
v -80.3391 5.76486 -0.590314 
v -80.0772 5.66344 -0.49501 
v -80.3026 5.89063 -0.0953933 
v -80.1878 5.79936 -0.0463676 
v -80.4497 5.90079 -0.141671 
v -80.2313 5.79728 0.0708688 
v -80.4932 5.8987 -0.0244349 
v -80.356 5.88501 0.0455704 
v -79.8158 5.20179 -1.46398 
v -80.225 5.40389 -1.44968 
v -80.223 5.41263 -1.52537 
v -80.079 5.40391 -1.85086 
v -79.8713 5.2669 -1.32095 
v -79.7778 5.35229 -1.4075 
v -79.7297 5.4675 -1.49656 
v -79.7253 5.26691 -1.72213 
v -80.229 6.03481 -0.528303 
v -80.2435 6.07427 -0.44671 
v -80.1693 6.04554 -0.419714 
v -80.2382 6.04554 -0.230272 
v -80.3124 6.07426 -0.257267 
v -80.1573 5.99897 -0.502192 
v -80.0875 5.97193 -0.476784 
v -80.0109 5.95031 -0.448904 
v -80.0253 5.98977 -0.36731 
v -80.0995 6.0185 -0.394306 
v -80.0943 5.98977 -0.177868 
v -80.1684 6.0185 -0.204863 
v -80.1551 5.54573 -1.49077 
v -79.9065 5.53599 -1.56093 
v -80.0834 5.60449 -1.62529 
v -79.875 5.47725 -1.71008 
v -80.0519 5.54575 -1.77445 
v -79.9783 5.47724 -1.4264 
v -80.225 5.40389 -1.44968 
v -79.6982 5.40875 -1.64572 
v -79.7297 5.4675 -1.49656 
v -79.8014 5.40874 -1.36204 
v -80.079 5.40391 -1.85086 
v -79.8713 5.2669 -1.32095 
v -80.1345 5.46902 -1.70783 
v -80.147 5.49241 -1.64845 
v -80.1331 5.48702 -1.64339 
v -80.1616 5.46363 -1.58983 
v -80.1205 5.46363 -1.70277 
v -80.1756 5.46901 -1.59489 
v -79.7772 5.31472 -1.44991 
v -79.7626 5.3435 -1.50853 
v -79.7911 5.32011 -1.45498 
v -79.7486 5.33812 -1.50347 
v -79.75 5.32012 -1.56791 
v -79.7361 5.31473 -1.56285 
v -79.8315 5.59351 -1.29866 
v -79.7024 5.69368 -1.95401 
v -79.9479 5.67743 -1.29667 
v -79.6058 5.59353 -1.91886 
v -80.0626 5.68301 -1.38276 
v -79.8369 5.68304 -2.00296 
v -79.5872 6.01772 -1.94488 
v -79.7044 5.95292 -1.82779 
v -79.6163 5.91882 -1.79574 
v -79.5763 6.0135 -1.94092 
v -80.1647 5.55145 -1.24227 
v -79.9336 5.46195 -1.15817 
v -80.0394 5.55787 -1.17265 
v -79.9929 5.54587 -1.31305 
v -80.1076 5.55146 -1.39914 
v -79.8765 5.46195 -1.31504 
v -79.4518 5.82345 -2.29306 
v -79.5175 5.82344 -2.11246 
v -79.5027 5.87314 -2.3116 
v -79.5685 5.87313 -2.131 
v -79.5718 5.86993 -2.33674 
v -79.6375 5.86992 -2.15613 
v -80.3196 5.92715 -0.332348 
v -80.3116 5.84259 -0.121943 
v -80.228 5.8917 -0.299038 
v -80.4393 5.89207 -0.168443 
v -80.1365 5.85625 -0.265727 
v -80.053 5.90538 -0.442838 
v -80.1838 5.7931 -0.0754412 
v -80.1445 5.94083 -0.476149 
v -80.0408 5.8475 -0.53799 
v -80.2361 5.97628 -0.50946 
v -80.1323 5.88295 -0.571301 
v -79.9348 5.84751 -0.829156 
v -80.2239 5.9184 -0.604611 
v -80.0264 5.88296 -0.862467 
v -79.8929 5.90539 -0.882717 
v -80.1179 5.91841 -0.895778 
v -79.9844 5.94084 -0.916028 
v -80.076 5.97629 -0.949338 
v -80.1852 5.60399 -0.257963 
v -80.4492 5.70626 -0.354057 
v -80.241 5.31851 -1.57608 
v -80.2268 5.31304 -1.57093 
v -80.22 5.27953 -1.67504 
v -80.2059 5.27406 -1.6699 
v -80.1725 5.31852 -1.7643 
v -80.1583 5.31305 -1.75916 
v -79.7825 5.66202 -2.22902 
v -79.6226 5.63272 -2.23812 
v -79.6275 5.72686 -2.12454 
v -79.7839 5.72587 -2.15722 
v -79.5206 5.5606 -2.13372 
v -79.522 5.62445 -2.06192 
v -79.866 5.72586 -1.93165 
v -79.6041 5.62444 -1.83634 
v -79.7359 5.71472 -1.8395 
v -79.8745 5.30952 -1.88996 
v -79.7427 5.21924 -1.8868 
v -80.0046 5.32067 -1.9821 
v -79.7638 5.21924 -1.82891 
v -80.0256 5.32066 -1.92421 
v -79.8885 5.31825 -1.8423 
v -79.512 5.84605 -2.31498 
v -79.5603 5.8438 -2.33257 
v -79.5851 5.8438 -2.2647 
v -79.593 5.80584 -2.34447 
v -79.6156 5.75441 -2.27583 
v -79.5909 5.75441 -2.3437 
v -79.6177 5.80584 -2.2766 
v -79.5768 5.74893 -2.24044 
v -79.4161 5.67802 -2.11226 
v -79.9258 5.04046 -2.03535 
v -80.5437 5.32677 -0.0329745 
v -80.6387 5.21526 0.109507 
v -80.5892 4.97938 0.183687 
v -80.8736 4.32973 -0.18739 
v -80.7412 4.40402 -0.472198 
v -80.0683 5.28925 -1.37901 
v -80.5845 4.80052 -0.480853 
v -79.7414 5.26365 -1.65157 
v -79.7737 5.16407 -1.61917 
v -79.7093 5.35229 -1.59573 
v -79.7444 5.39674 -1.5019 
v -79.8354 5.13055 -1.53505 
v -79.8422 5.16406 -1.43094 
v -79.7778 5.35229 -1.4075 
v -79.8383 5.26364 -1.38538 
v -80.356 5.88501 0.0455704 
v -79.6163 5.91882 -1.79574 
v -79.527 5.91883 -2.04111 
v -79.5763 6.0135 -1.94092 
v -79.5469 6.0135 -2.02168 
v -79.8158 5.20179 -1.46398 
v -79.7772 5.31472 -1.44991 
v -79.805 5.25826 -1.43355 
v -79.7486 5.33812 -1.50347 
v -79.8033 5.1784 -1.52336 
v -79.7747 5.20179 -1.57691 
v -79.7361 5.31473 -1.56285 
v -79.7469 5.25826 -1.59327 
v -79.4594 5.85455 -2.12801 
v -79.8929 5.90539 -0.882717 
v -79.9348 5.84751 -0.829156 
v -79.4605 5.90544 -2.07078 
v -79.4161 5.67802 -2.11226 
v -79.9294 5.551 -0.965357 
v -79.5007 5.55104 -2.14306 
v -79.9353 5.59832 -0.898694 
v -80.1548 5.68708 -0.155915 
v -80.1852 5.60399 -0.257963 
v -80.0408 5.8475 -0.53799 
v -80.1365 5.85625 -0.265727 
v -80.1838 5.7931 -0.0754412 
v -80.053 5.90538 -0.442838 
v -79.8263 5.11029 -1.53175 
v -79.8496 5.1536 -1.42179 
v -79.8984 5.12506 -1.39736 
v -79.8669 5.06632 -1.54651 
v -79.7952 5.12507 -1.68104 
v -79.8296 5.25817 -1.36545 
v -79.8713 5.2669 -1.32095 
v -79.8014 5.40874 -1.36204 
v -79.8242 5.25817 -1.38024 
v -79.8422 5.16406 -1.43094 
v -79.8213 5.12508 -1.52991 
v -79.778 5.36274 -1.39575 
v -79.7778 5.35229 -1.4075 
v -79.7302 5.39127 -1.49676 
v -79.7252 5.40606 -1.49492 
v -79.7297 5.4675 -1.49656 
v -79.6982 5.40875 -1.64572 
v -79.7019 5.36275 -1.60488 
v -79.7093 5.35229 -1.59573 
v -79.7273 5.25818 -1.64643 
v -79.7219 5.25818 -1.66122 
v -79.7253 5.26691 -1.72213 
v -79.7735 5.15361 -1.63092 
v -79.7737 5.16407 -1.61917 
v -79.7427 5.21924 -1.8868 
v -79.8554 5.00712 -1.80288 
v -79.752 5.00713 -2.08686 
v -79.8488 5.06376 -1.76082 
v -79.7638 5.21924 -1.82891 
v -79.6374 5.21925 -2.17622 
v -79.5206 5.5606 -2.13372 
v -79.6041 5.62444 -1.83634 
v -79.522 5.62445 -2.06192 
v -80.027 5.01701 -1.32079 
v -79.9565 5.22339 -1.29509 
v -80.0742 4.96633 -1.24503 
v -80.1133 4.96633 -1.13773 
v -79.9561 5.31165 -1.20204 
v -80.0311 5.31164 -0.996139 
v -80.175 5.05135 -0.877778 
v -80.4617 4.71122 -0.452034 
v -80.6042 4.39019 -0.401894 
v -80.5367 4.6942 -0.264067 
v -80.7246 4.31794 -0.147961 
v -80.7078 4.57407 0.0783744 
v -80.5386 4.78794 -0.159022 
v -80.5892 4.97938 0.183687 
v -80.4996 4.90123 -0.145542 
v -80.5056 5.13772 0.122738 
v -80.4101 5.24995 -0.020263 
v -80.3522 5.0747 -0.366062 
v -80.3052 5.45669 -0.0884914 
v -80.1585 5.42559 -0.524626 
v -80.1296 5.51016 -0.514096 
v -80.278 5.53645 -0.0785606 
v -80.0772 5.66344 -0.49501 
v -79.9959 5.51017 -0.881407 
v -80.1878 5.79936 -0.0463676 
v -79.8515 5.66346 -1.11505 
v -79.9978 5.43308 -0.958417 
v -79.9303 5.43309 -1.14373 
v -80.2956 5.64848 0.0892531 
v -80.2646 5.74499 0.10673 
v -80.2313 5.79728 0.0708688 
v -80.1205 5.46363 -1.70277 
v -80.1731 5.35608 -1.72189 
v -80.2003 5.35069 -1.60389 
v -79.7911 5.32011 -1.45498 
v -79.805 5.25826 -1.43355 
v -79.7361 5.31473 -1.56285 
v -79.8765 5.46195 -1.31504 
v -79.6058 5.59353 -1.91886 
v -79.8315 5.59351 -1.29866 
v -79.7913 5.0511 -1.9864 
v -80.1054 5.05107 -1.12337 
v -79.9943 5.37599 -1.08291 
v -79.9336 5.46195 -1.15817 
v -80.131 5.88242 -0.191234 
v -80.0341 5.88243 -0.457355 
v -80.0253 5.98977 -0.36731 
v -80.0109 5.95031 -0.448904 
v -80.0943 5.98977 -0.177868 
v -79.9479 5.67743 -1.29667 
v -80.1212 5.44194 -1.07115 
v -80.1054 5.05107 -1.12337 
v -79.9336 5.46195 -1.15817 
v -79.5612 5.69574 -2.12836 
v -79.4955 5.69574 -2.30896 
v -79.4488 5.74997 -2.29197 
v -79.6302 5.69253 -2.15349 
v -79.5145 5.74996 -2.11136 
v -79.4518 5.82345 -2.29306 
v -79.5175 5.82344 -2.11246 
v -79.5027 5.87314 -2.3116 
v -79.5685 5.87313 -2.131 
v -80.2542 5.99896 -0.23607 
v -80.1573 5.99897 -0.502192 
v -80.1693 6.04554 -0.419714 
v -80.2382 6.04554 -0.230272 
v -79.512 5.84605 -2.31498 
v -79.5316 5.72187 -2.24526 
v -79.5909 5.75441 -2.3437 
v -80.3491 5.96692 -0.270633 
v -80.1844 5.97192 -0.210662 
v -80.2542 5.99896 -0.23607 
v -80.3124 6.07426 -0.257267 
v -80.2382 6.04554 -0.230272 
v -80.131 5.88242 -0.191234 
v -80.0943 5.98977 -0.177868 
v -80.1684 6.0185 -0.204863 
v -80.3052 5.45669 -0.0884914 
v -80.5437 5.32677 -0.0329745 
v -80.4101 5.24995 -0.020263 
v -80.5671 5.55811 -0.183795 
v -80.672 5.35138 -0.115567 
v -80.5056 5.13772 0.122738 
v -80.7675 5.23915 0.027434 
v -80.6387 5.21526 0.109507 
v -80.7325 5.03701 0.177365 
v -80.5892 4.97938 0.183687 
v -80.851 5.0808 0.0883832 
v -80.7078 4.57407 0.0783744 
v -80.9697 4.67549 -0.0169294 
v -80.8579 4.60943 0.0668933 
v -80.7246 4.31794 -0.147961 
v -80.9865 4.41937 -0.243265 
v -80.8736 4.32973 -0.18739 
v -80.0683 5.28925 -1.37901 
v -80.0311 5.31164 -0.996139 
v -80.2929 5.41306 -1.09144 
v -80.1574 5.39784 -1.01873 
v -80.3078 5.1293 -0.891319 
v -80.175 5.05135 -0.877778 
v -80.4368 5.15277 -0.973082 
v -79.9959 5.51017 -0.881407 
v -80.2578 5.6116 -0.976711 
v -80.1457 5.52322 -0.917377 
v -79.7234 5.35776 -1.60087 
v -79.7414 5.26365 -1.65157 
v -79.7273 5.25818 -1.64643 
v -79.7737 5.16407 -1.61917 
v -79.7093 5.35229 -1.59573 
v -79.7878 5.16954 -1.62431 
v -80.1478 5.44675 -0.992928 
v -79.9978 5.43308 -0.958417 
v -80.2596 5.5345 -1.05372 
v -80.2313 5.79728 0.0708688 
v -80.4932 5.8987 -0.0244349 
v -80.356 5.88501 0.0455704 
v -80.4055 5.80828 0.0997241 
v -80.2646 5.74499 0.10673 
v -80.5265 5.84641 0.0114257 
v -80.2956 5.64848 0.0892531 
v -80.5575 5.7499 -0.00605071 
v -80.4464 5.67977 0.0753579 
v -80.4289 5.56654 -0.0931488 
v -80.278 5.53645 -0.0785606 
v -80.5398 5.63787 -0.173864 
v -80.4486 5.51425 -0.0947261 
v -79.8158 5.20179 -1.46398 
v -79.7297 5.4675 -1.49656 
v -80.1551 5.54573 -1.49077 
v -79.9783 5.47724 -1.4264 
v -80.225 5.40389 -1.44968 
v -79.8014 5.40874 -1.36204 
v -79.8669 5.06632 -1.54651 
v -79.8984 5.12506 -1.39736 
v -80.0753 5.19356 -1.46172 
v -79.8713 5.2669 -1.32095 
v -80.2521 5.26206 -1.52609 
v -80.0481 5.3354 -1.38531 
v -80.1345 5.46902 -1.70783 
v -80.1616 5.46363 -1.58983 
v -80.1205 5.46363 -1.70277 
v -80.1756 5.46901 -1.59489 
v -80.1895 5.40716 -1.57347 
v -80.2034 5.41255 -1.57854 
v -80.2003 5.35069 -1.60389 
v -80.2142 5.35608 -1.60896 
v -79.7772 5.31472 -1.44991 
v -79.7911 5.32011 -1.45498 
v -79.805 5.25826 -1.43355 
v -79.8189 5.26364 -1.43862 
v -79.7361 5.31473 -1.56285 
v -79.8158 5.20179 -1.46398 
v -79.8297 5.20718 -1.46904 
v -79.8033 5.1784 -1.52336 
v -79.8172 5.18379 -1.52842 
v -79.8315 5.59351 -1.29866 
v -79.9479 5.67743 -1.29667 
v -79.9929 5.54587 -1.31305 
v -79.8765 5.46195 -1.31504 
v -80.0626 5.68301 -1.38276 
v -80.1076 5.55146 -1.39914 
v -80.1212 5.44194 -1.07115 
v -80.1647 5.55145 -1.24227 
v -80.2254 5.46549 -1.16702 
v -80.3365 5.14057 -1.20747 
v -80.2486 5.05665 -1.13113 
v -80.1054 5.05107 -1.12337 
v -79.9943 5.37599 -1.08291 
v -79.9336 5.46195 -1.15817 
v -80.0394 5.55787 -1.17265 
v -80.3116 5.84259 -0.121943 
v -80.4393 5.89207 -0.168443 
v -80.1838 5.7931 -0.0754412 
v -80.3144 5.74887 -0.213975 
v -80.1548 5.68708 -0.155915 
v -80.4739 5.81065 -0.272035 
v -80.1852 5.60399 -0.257963 
v -80.4492 5.70626 -0.354057 
v -80.3172 5.65513 -0.30601 
v -80.1725 5.31852 -1.7643 
v -80.1583 5.31305 -1.75916 
v -80.094 5.50128 -1.73572 
v -80.1261 5.41264 -1.79157 
v -80.1081 5.50675 -1.74086 
v -80.112 5.40716 -1.78643 
v -80.0139 5.10855 -2.18217 
v -79.7839 5.72587 -2.15722 
v -79.752 5.00713 -2.08686 
v -79.866 5.72586 -1.93165 
v -79.6041 5.62444 -1.83634 
v -79.7359 5.71472 -1.8395 
v -80.013 5.00896 -1.82937 
v -79.8554 5.00712 -1.80288 
v -80.1173 5.10854 -1.89819 
v -79.8745 5.30952 -1.88996 
v -79.7427 5.21924 -1.8868 
v -80.0046 5.32067 -1.9821 
v -79.7638 5.21924 -1.82891 
v -80.0256 5.32066 -1.92421 
v -79.8885 5.31825 -1.8423 
v -80.0005 5.11332 -1.75268 
v -79.8488 5.06376 -1.76082 
v -80.1106 5.16518 -1.85613 
v -79.501 5.81126 -2.23413 
v -79.4763 5.81126 -2.302 
v -79.512 5.84605 -2.31498 
v -79.5367 5.84604 -2.24711 
v -79.5603 5.8438 -2.33257 
v -79.5316 5.72187 -2.24526 
v -79.5851 5.8438 -2.2647 
v -79.5768 5.74893 -2.24044 
v -79.4161 5.67802 -2.11226 
v -79.9258 5.04046 -2.03535 
v -80.1054 5.05107 -1.12337 
v -80.2486 5.05665 -1.13113 
v -79.7913 5.0511 -1.9864 
v -80.3365 5.14057 -1.20747 
v -80.0224 5.1406 -2.0705 
v -80.7246 4.31794 -0.147961 
v -80.9865 4.41937 -0.243265 
v -80.8736 4.32973 -0.18739 
v -80.6042 4.39019 -0.401894 
v -80.8661 4.49161 -0.497197 
v -80.7412 4.40402 -0.472198 
v -80.1133 4.96633 -1.13773 
v -80.3751 5.06775 -1.23303 
v -80.253 4.97796 -1.20283 
v -80.0742 4.96633 -1.24503 
v -80.3361 5.06775 -1.34034 
v -80.2148 4.97739 -1.30829 
v -80.027 5.01701 -1.32079 
v -80.2889 5.11843 -1.41609 
v -80.1519 5.04737 -1.40664 
v -80.0683 5.28925 -1.37901 
v -80.2183 5.32481 -1.3904 
v -79.9561 5.31165 -1.20204 
v -80.6238 4.93286 -0.231924 
v -80.4996 4.90123 -0.145542 
v -80.7615 5.00265 -0.240845 
v -80.3522 5.0747 -0.366062 
v -80.614 5.17613 -0.461366 
v -80.4809 5.09862 -0.448155 
v -80.2622 5.52841 -0.591712 
v -80.1296 5.51016 -0.514096 
v -80.3915 5.61158 -0.6094 
v -79.9959 5.51017 -0.881407 
v -80.2578 5.6116 -0.976711 
v -80.1457 5.52322 -0.917377 
v -79.7234 5.35776 -1.60087 
v -79.7093 5.35229 -1.59573 
v -79.7444 5.39674 -1.5019 
v -79.7302 5.39127 -1.49676 
v -79.7919 5.35776 -1.41265 
v -79.7778 5.35229 -1.4075 
v -79.9303 5.43309 -1.14373 
v -80.061 5.45416 -1.22351 
v -80.1922 5.53451 -1.23904 
v -80.1478 5.44675 -0.992928 
v -79.9978 5.43308 -0.958417 
v -80.2596 5.5345 -1.05372 
v -80.2956 5.64848 0.0892531 
v -80.5575 5.7499 -0.00605071 
v -80.4464 5.67977 0.0753579 
v -80.4289 5.56654 -0.0931488 
v -80.278 5.53645 -0.0785606 
v -80.5398 5.63787 -0.173864 
v -79.8158 5.20179 -1.46398 
v -80.225 5.40389 -1.44968 
v -79.7952 5.12507 -1.68104 
v -79.972 5.19357 -1.7454 
v -79.8669 5.06632 -1.54651 
v -80.1489 5.26207 -1.80977 
v -80.0437 5.13481 -1.61088 
v -79.8984 5.12506 -1.39736 
v -80.2206 5.20331 -1.67524 
v -80.0753 5.19356 -1.46172 
v -80.2521 5.26206 -1.52609 
v -80.1731 5.35608 -1.72189 
v -80.2003 5.35069 -1.60389 
v -80.1592 5.35069 -1.71683 
v -80.2142 5.35608 -1.60896 
v -80.2016 5.33269 -1.66834 
v -80.1877 5.3273 -1.66327 
v -79.805 5.25826 -1.43355 
v -79.8158 5.20179 -1.46398 
v -79.8297 5.20718 -1.46904 
v -79.8033 5.1784 -1.52336 
v -79.7886 5.20718 -1.58198 
v -79.8172 5.18379 -1.52842 
v -79.7747 5.20179 -1.57691 
v -79.9479 5.67743 -1.29667 
v -79.5612 5.69574 -2.12836 
v -79.4955 5.69574 -2.30896 
v -79.4488 5.74997 -2.29197 
v -79.6302 5.69253 -2.15349 
v -79.5145 5.74996 -2.11136 
v -79.5645 5.69253 -2.33409 
v -79.6812 5.74222 -2.17203 
v -79.6155 5.74222 -2.35264 
v -79.6842 5.81569 -2.17313 
v -79.6185 5.8157 -2.35373 
v -80.1852 5.60399 -0.257963 
v -80.4492 5.70626 -0.354057 
v -80.3172 5.65513 -0.30601 
v -80.082 5.65514 -0.95208 
v -80.2287 5.71195 -1.00546 
v -79.9353 5.59832 -0.898694 
v -80.2227 5.66463 -1.07213 
v -80.076 5.60781 -1.01874 
v -79.9294 5.551 -0.965357 
v -79.7941 5.66467 -2.24983 
v -79.5007 5.55104 -2.14306 
v -79.625 5.60786 -2.25801 
v -80.1625 5.50127 -1.5475 
v -80.1766 5.50674 -1.55264 
v -80.1149 5.54026 -1.63676 
v -80.129 5.54573 -1.6419 
v -80.094 5.50128 -1.73572 
v -80.1081 5.50675 -1.74086 
v -79.7044 5.95292 -1.82779 
v -79.6151 5.95293 -2.07316 
v -79.527 5.91883 -2.04111 
v -79.6163 5.91882 -1.79574 
v -80.0139 5.10855 -2.18217 
v -79.752 5.00713 -2.08686 
v -79.889 5.00972 -2.16906 
v -80.013 5.00896 -1.82937 
v -79.8554 5.00712 -1.80288 
v -80.1173 5.10854 -1.89819 
v -79.501 5.81126 -2.23413 
v -79.4763 5.81126 -2.302 
v -79.4989 5.75983 -2.23336 
v -79.4742 5.75983 -2.30123 
v -79.5316 5.72187 -2.24526 
v -79.5069 5.72187 -2.31313 
v -79.5768 5.74893 -2.24044 
v -79.9258 5.04046 -2.03535 
v -80.5437 5.32677 -0.0329745 
v -80.6387 5.21526 0.109507 
v -80.851 5.0808 0.0883832 
v -80.8736 4.32973 -0.18739 
v -80.7412 4.40402 -0.472198 
v -80.0683 5.28925 -1.37901 
v -80.5845 4.80052 -0.480853 
v -79.7414 5.26365 -1.65157 
v -79.7737 5.16407 -1.61917 
v -79.7093 5.35229 -1.59573 
v -79.7444 5.39674 -1.5019 
v -79.8354 5.13055 -1.53505 
v -79.8422 5.16406 -1.43094 
v -79.7778 5.35229 -1.4075 
v -79.8383 5.26364 -1.38538 
v -80.356 5.88501 0.0455704 
v -79.6151 5.95293 -2.07316 
v -79.5872 6.01772 -1.94488 
v -79.5578 6.01772 -2.02565 
v -79.7044 5.95292 -1.82779 
v -80.1453 5.41255 -1.73825 
v -80.147 5.49241 -1.64845 
v -80.1345 5.46902 -1.70783 
v -80.2016 5.33269 -1.66834 
v -80.1731 5.35608 -1.72189 
v -80.2034 5.41255 -1.57854 
v -80.1756 5.46901 -1.59489 
v -80.2142 5.35608 -1.60896 
v -79.8158 5.20179 -1.46398 
v -80.231 5.24747 -1.67903 
v -80.2521 5.26206 -1.52609 
v -80.257 5.29584 -1.55623 
v -80.2206 5.20331 -1.67524 
v -80.225 5.40389 -1.44968 
v -80.1489 5.26207 -1.80977 
v -80.2346 5.41262 -1.49331 
v -80.223 5.41263 -1.52537 
v -80.1771 5.52941 -1.52714 
v -80.241 5.31851 -1.57608 
v -80.22 5.27953 -1.67504 
v -80.1725 5.31852 -1.7643 
v -80.1551 5.54573 -1.49077 
v -80.1766 5.50674 -1.55264 
v -80.0834 5.60449 -1.62529 
v -80.129 5.54573 -1.6419 
v -80.118 5.57779 -1.6379 
v -80.0921 5.52942 -1.76071 
v -80.0519 5.54575 -1.77445 
v -80.1081 5.50675 -1.74086 
v -80.079 5.40391 -1.85086 
v -80.1261 5.41264 -1.79157 
v -80.1144 5.41264 -1.82363 
v -80.172 5.29585 -1.7898 
v -79.6424 5.92545 -2.19463 
v -80.1179 5.91841 -0.895778 
v -80.076 5.97629 -0.949338 
v -79.6436 5.97634 -2.1374 
v -79.7822 5.81982 -2.2455 
v -79.7941 5.66467 -2.24983 
v -80.2227 5.66463 -1.07213 
v -80.2287 5.71195 -1.00546 
v -80.4739 5.81065 -0.272035 
v -80.4492 5.70626 -0.354057 
v -80.2239 5.9184 -0.604611 
v -80.3196 5.92715 -0.332348 
v -80.2361 5.97628 -0.50946 
v -80.4393 5.89207 -0.168443 
v -79.8669 5.06632 -1.54651 
v -79.8014 5.40874 -1.36204 
v -79.8422 5.16406 -1.43094 
v -79.7297 5.4675 -1.49656 
v -79.7253 5.26691 -1.72213 
v -79.8992 5.32068 -2.27153 
v -80.0139 5.10855 -2.18217 
v -80.0046 5.32067 -1.9821 
v -80.1173 5.10854 -1.89819 
v -80.1106 5.16518 -1.85613 
v -80.0256 5.32066 -1.92421 
v -79.7825 5.66202 -2.22902 
v -79.866 5.72586 -1.93165 
v -79.7839 5.72587 -2.15722 
v -80.5398 5.63787 -0.173864 
v -80.3915 5.61158 -0.6094 
v -80.5671 5.55811 -0.183795 
v -80.4204 5.52701 -0.61993 
v -80.614 5.17613 -0.461366 
v -80.672 5.35138 -0.115567 
v -80.7615 5.00265 -0.240845 
v -80.7675 5.23915 0.027434 
v -80.851 5.0808 0.0883832 
v -80.8004 4.88936 -0.254325 
v -80.9697 4.67549 -0.0169294 
v -80.7985 4.79563 -0.35937 
v -80.9865 4.41937 -0.243265 
v -80.8661 4.49161 -0.497197 
v -80.7235 4.81265 -0.547338 
v -80.3751 5.06775 -1.23303 
v -80.4368 5.15277 -0.973082 
v -80.2929 5.41306 -1.09144 
v -80.218 5.41307 -1.29734 
v -80.2183 5.32481 -1.3904 
v -80.3361 5.06775 -1.34034 
v -80.2889 5.11843 -1.41609 
v -80.5265 5.84641 0.0114257 
v -80.4497 5.90079 -0.141671 
v -80.5575 5.7499 -0.00605071 
v -80.4932 5.8987 -0.0244349 
v -80.3391 5.76486 -0.590314 
v -80.2578 5.6116 -0.976711 
v -80.1134 5.76489 -1.21035 
v -80.2596 5.5345 -1.05372 
v -80.1922 5.53451 -1.23904 
v -79.7911 5.32011 -1.45498 
v -79.805 5.25826 -1.43355 
v -79.8172 5.18379 -1.52842 
v -79.8369 5.68304 -2.00296 
v -80.1076 5.55146 -1.39914 
v -80.0626 5.68301 -1.38276 
v -80.0224 5.1406 -2.0705 
v -80.3365 5.14057 -1.20747 
v -80.2254 5.46549 -1.16702 
v -80.1647 5.55145 -1.24227 
v -80.2523 5.96693 -0.536755 
v -80.2435 6.07427 -0.44671 
v -80.229 6.03481 -0.528303 
v -80.3491 5.96692 -0.270633 
v -80.3124 6.07426 -0.257267 
v -79.9479 5.67743 -1.29667 
v -80.1212 5.44194 -1.07115 
v -80.1647 5.55145 -1.24227 
v -80.3365 5.14057 -1.20747 
v -79.6302 5.69253 -2.15349 
v -79.6812 5.74222 -2.17203 
v -79.6155 5.74222 -2.35264 
v -79.5027 5.87314 -2.3116 
v -79.6842 5.81569 -2.17313 
v -79.5685 5.87313 -2.131 
v -79.6185 5.8157 -2.35373 
v -79.5718 5.86993 -2.33674 
v -79.6375 5.86992 -2.15613 
v -80.0995 6.0185 -0.394306 
v -80.1844 5.97192 -0.210662 
v -80.1684 6.0185 -0.204863 
v -80.0875 5.97193 -0.476784 

vn 0.346457 0 -0.937008 
vn 0.346457 0 -0.937008 
vn 0.346457 0 -0.937008 
vn 0.346457 0 -0.937008 
vn 0.346457 0 -0.937008 
vn 0.346457 0 -0.937008 
vn 0.346457 0 -0.937008 
vn 0.346457 0 -0.937008 
vn 0.346457 0 -0.937008 
vn 0.346457 0 -0.937008 
vn 0.346457 0 -0.937008 
vn 0.346457 0 -0.937008 
vn 0.346457 0 -0.937008 
vn 0.346457 0 -0.937008 
vn 0.346457 0 -0.937008 
vn 0.346457 0 -0.937008 
vn -0.543307 -0.299213 -0.779528 
vn -0.669291 0.314961 -0.677165 
vn -0.015748 -0.708661 -0.708661 
vn -0.19685 0.732283 -0.653543 
vn 0.464567 0.708661 -0.527559 
vn 0.566929 -0.732283 -0.377953 
vn 0.92126 0.299213 -0.251969 
vn 0.874016 0.354331 0.322835 
vn 0.944882 -0.314961 -0.0944882 
vn 0.771654 0.212598 -0.606299 
vn 0.448819 0.393701 -0.80315 
vn 0.472441 0.661417 -0.582677 
vn 0.787402 0.464567 -0.401575 
vn 0.0708661 0.748031 -0.661417 
vn 0.0393701 0.488189 -0.866142 
vn 0.354331 0.0472441 -0.929134 
vn 0.637795 -0.0944882 -0.76378 
vn 0.015748 0.141732 -0.992126 
vn 0.598425 -0.15748 -0.787402 
vn 0.015748 0.0708661 -1 
vn 0.322835 -0.0472441 -0.944882 
vn 0.417323 0.267717 -0.866142 
vn 0.417323 0.267717 -0.866142 
vn 0.417323 0.267717 -0.866142 
vn 0.417323 0.267717 -0.866142 
vn 0.393701 -0.535433 -0.748031 
vn -0.11811 -0.330709 -0.937008 
vn 0.141732 -0.456693 -0.88189 
vn 0.433071 0.338583 -0.834646 
vn 0.661417 0.23622 -0.708661 
vn 0.173228 0.425197 -0.889764 
vn 0.661417 0.732283 -0.165354 
vn 0.165354 0.92126 -0.346457 
vn 0.433071 0.866142 -0.267717 
vn 0.417323 0.748031 0.511811 
vn 0.417323 0.88189 -0.212598 
vn 0.653543 0.748031 -0.110236 
vn 0.149606 0.944882 -0.291339 
vn 0.669291 0.251969 -0.700787 
vn 0.173228 0.440945 -0.88189 
vn 0.440945 0.362205 -0.826772 
vn 0.15748 -0.433071 -0.889764 
vn 0.409449 -0.511811 -0.755906 
vn -0.110236 -0.314961 -0.944882 
vn 0.283465 -0.700787 -0.653543 
vn -0.212598 -0.511811 -0.834646 
vn 0.0393701 -0.629921 -0.771654 
vn 0.259843 -0.204724 -0.944882 
vn 0.480315 -0.283465 -0.826772 
vn 0.0314961 -0.102362 -0.992126 
vn 0.0393701 -0.622047 -0.779528 
vn 0.314961 -0.716535 -0.614173 
vn -0.259843 -0.496063 -0.826772 
vn 0.015748 -0.661417 -0.748031 
vn 0.472441 0.661417 -0.582677 
vn 0.015748 -0.661417 -0.748031 
vn 0.472441 0.661417 -0.582677 
vn 0.346457 0 -0.937008 
vn 0.346457 0 -0.937008 
vn 0.472441 0.661417 -0.582677 
vn 0.283465 -0.732283 -0.622047 
vn 0.015748 -0.661417 -0.748031 
vn 0.716535 0.519685 -0.464567 
vn -0.244094 -0.527559 -0.818898 
vn 0.173228 0.732283 -0.661417 
vn 0.88189 -0.338583 0.322835 
vn -0.913386 -0.244094 -0.330709 
vn -0.88189 0.338583 -0.322835 
vn -0.543307 0.283465 -0.795276 
vn 0.937008 0.0787402 0.338583 
vn 0.88189 -0.338583 0.322835 
vn 0.944882 -0.307087 -0.0944882 
vn 0.480315 0.480315 -0.732283 
vn 0.440945 0.307087 -0.84252 
vn 0.346457 0 -0.937008 
vn 0.417323 0.314961 -0.850394 
vn 0.346457 0 -0.937008 
vn 0.440945 0.496063 -0.748031 
vn 0.472441 0.661417 -0.582677 
vn 0.472441 0.661417 -0.582677 
vn 0.472441 0.661417 -0.582677 
vn 0.322835 0.937008 0.11811 
vn 0.346457 0 -0.937008 
vn 0.346457 0 -0.937008 
vn 0.015748 -0.661417 -0.748031 
vn 0.346457 0 -0.937008 
vn 0.015748 -0.661417 -0.748031 
vn 0.015748 -0.661417 -0.748031 
vn -0.322835 -0.937008 -0.11811 
vn 0.472441 0.661417 -0.582677 
vn 0.472441 0.661417 -0.582677 
vn 0.346457 0 -0.937008 
vn 0.346457 0 -0.937008 
vn 0.015748 -0.661417 -0.748031 
vn 0.015748 -0.661417 -0.748031 
vn 0.472441 0.661417 -0.582677 
vn 0.472441 0.661417 -0.582677 
vn 0.346457 0 -0.937008 
vn 0.346457 0 -0.937008 
vn -0.322835 -0.937008 -0.11811 
vn 0.015748 -0.661417 -0.748031 
vn -0.322835 -0.937008 -0.11811 
vn 0.015748 -0.661417 -0.748031 
vn -0.015748 0.661417 0.755906 
vn 0.346457 0 -0.937008 
vn 0.472441 0.661417 -0.582677 
vn 0.346457 0 -0.937008 
vn 0.472441 0.661417 -0.582677 
vn 0.015748 -0.661417 -0.748031 
vn 0.015748 -0.661417 -0.748031 
vn 0.0551181 0.472441 -0.88189 
vn 0.251969 -0.244094 -0.937008 
vn -0.0944882 -0.0944882 -0.992126 
vn -0.433071 -0.622047 -0.653543 
vn 0.440945 0.362205 -0.818898 
vn 0.0708661 0.944882 -0.330709 
vn 0.755906 0.204724 -0.622047 
vn 0.559055 -0.354331 -0.748031 
vn 0.244094 -0.88189 -0.409449 
vn 0.716535 0.692913 -0.0944882 
vn 0.330709 0.464567 0.818898 
vn -0.102362 -0.811024 -0.574803 
vn -0.19685 0.732283 -0.653543 
vn -0.456693 0.874016 -0.165354 
vn 0.464567 0.708661 -0.527559 
vn 0.322835 0.937008 0.11811 
vn 0.92126 0.299213 -0.251969 
vn 0.874016 0.354331 0.322835 
vn 0.354331 0.0472441 -0.929134 
vn 0.637795 -0.0944882 -0.76378 
vn 0.322835 0.937008 0.11811 
vn 0.322835 0.937008 0.11811 
vn 0.322835 0.937008 0.11811 
vn 0.322835 0.937008 0.11811 
vn 0.322835 0.937008 0.11811 
vn 0.322835 0.937008 0.11811 
vn 0.322835 0.937008 0.11811 
vn 0.322835 0.937008 0.11811 
vn 0.322835 0.937008 0.11811 
vn 0.322835 0.937008 0.11811 
vn 0.322835 0.937008 0.11811 
vn 0.322835 0.937008 0.11811 
vn 0.322835 0.937008 0.11811 
vn 0.322835 0.937008 0.11811 
vn -0.0629921 0.598425 0.80315 
vn 0.188976 0.472441 0.858268 
vn -0.307087 0.669291 0.677165 
vn 0.19685 0.488189 0.850394 
vn -0.299213 0.685039 0.669291 
vn -0.0472441 0.614173 0.787402 
vn 0.433071 0.338583 -0.834646 
vn 0.173228 0.425197 -0.889764 
vn 0.661417 0.732283 -0.165354 
vn 0.165354 0.92126 -0.346457 
vn 0.433071 0.866142 -0.267717 
vn 0.362205 0.677165 0.637795 
vn -0.15748 0.88189 0.448819 
vn 0.110236 0.811024 0.566929 
vn -0.0393701 0.629921 0.771654 
vn 0.204724 0.511811 0.834646 
vn -0.275591 0.700787 0.653543 
vn 0.417323 0.748031 0.511811 
vn -0.0708661 0.937008 0.338583 
vn 0.181102 0.88189 0.440945 
vn 0.417323 0.88189 -0.212598 
vn 0.653543 0.748031 -0.110236 
vn 0.149606 0.944882 -0.291339 
vn 0.314961 -0.716535 -0.614173 
vn -0.259843 -0.496063 -0.826772 
vn -0.015748 0.661417 0.748031 
vn -0.015748 0.661417 0.748031 
vn 0.322835 0.937008 0.11811 
vn 0.322835 0.937008 0.11811 
vn 0.472441 0.661417 -0.582677 
vn 0.472441 0.661417 -0.582677 
vn 0.472441 0.661417 -0.582677 
vn 0.716535 0.519685 -0.464567 
vn 0.173228 0.732283 -0.661417 
vn 0.370079 0.929134 -0.0314961 
vn 0.125984 0.984252 -0.11811 
vn 0.590551 0.80315 0.0551181 
vn 0.362205 0.929134 -0.015748 
vn 0.598425 0.795276 0.0787402 
vn 0.102362 0.992126 -0.102362 
vn 0.385827 0.708661 0.590551 
vn -0.125984 0.905512 0.401575 
vn 0.141732 0.84252 0.519685 
vn 0.88189 -0.338583 0.322835 
vn -0.92126 0.283465 0.259843 
vn -0.88189 0.338583 -0.322835 
vn -0.543307 0.283465 -0.795276 
vn 0.661417 -0.307087 0.685039 
vn 0.88189 -0.338583 0.322835 
vn 0.937008 0.0787402 0.338583 
vn 0.944882 -0.307087 -0.0944882 
vn 0.480315 0.480315 -0.732283 
vn 0.417323 0.905512 -0.11811 
vn 0.417323 0.905512 -0.11811 
vn 0.322835 0.937008 0.11811 
vn 0.322835 0.937008 0.11811 
vn 0.440945 0.307087 -0.84252 
vn 0.417323 0.314961 -0.850394 
vn 0.440945 0.496063 -0.748031 
vn 0.377953 0.913386 -0.133858 
vn 0.377953 0.913386 -0.133858 
vn 0.322835 0.937008 0.11811 
vn 0.322835 0.937008 0.11811 
vn -0.015748 0.661417 0.748031 
vn 0.322835 0.937008 0.11811 
vn 0.322835 0.937008 0.11811 
vn 0.472441 0.661417 -0.582677 
vn 0.472441 0.661417 -0.582677 
vn -0.015748 0.661417 0.748031 
vn -0.338583 0 0.937008 
vn 0.472441 0.661417 -0.582677 
vn 0.322835 0.937008 0.11811 
vn -0.015748 0.661417 0.748031 
vn 0.346457 0 -0.937008 
vn -0.338583 0 0.937008 
vn 0.472441 0.661417 -0.582677 
vn 0.322835 0.937008 0.11811 
vn 0.322835 0.937008 0.11811 
vn -0.015748 0.661417 0.748031 
vn 0.472441 0.661417 -0.582677 
vn -0.015748 0.661417 0.748031 
vn -0.015748 0.661417 0.748031 
vn 0.322835 0.937008 0.11811 
vn -0.015748 0.661417 0.748031 
vn 0.322835 0.937008 0.11811 
vn 0.472441 0.661417 -0.582677 
vn 0.472441 0.661417 -0.582677 
vn 0.377953 0.440945 0.818898 
vn 0.314961 0.937008 0.125984 
vn -0.015748 0.661417 0.755906 
vn 0.614173 0.755906 0.23622 
vn -0.409449 0.740157 0.535433 
vn -0.023622 1 0.00787402 
vn 0.110236 0.818898 0.566929 
vn 0.110236 0.818898 0.566929 
vn 0.110236 0.818898 0.566929 
vn 0.110236 0.818898 0.566929 
vn -0.181102 0.937008 0.291339 
vn 0.503937 0.677165 0.535433 
vn 0.173228 0.874016 0.448819 
vn 0.338583 0.937008 0.0787402 
vn 0.015748 1 -0.0314961 
vn 0.614173 0.771654 0.181102 
vn 0.874016 0.354331 0.322835 
vn 0.874016 0.354331 0.322835 
vn 0.322835 0.937008 0.11811 
vn 0.322835 0.937008 0.11811 
vn -0.456693 0.874016 -0.165354 
vn -0.456693 0.874016 -0.165354 
vn 0.220472 0.905512 0.354331 
vn -0.228346 0.275591 0.929134 
vn 0.220472 0.905512 0.354331 
vn -0.362205 -0.0472441 0.929134 
vn 0.220472 0.905512 0.354331 
vn 0.370079 0.929134 -0.0314961 
vn -0.362205 -0.0472441 0.929134 
vn 0.370079 0.929134 -0.0314961 
vn 0.409449 0.897638 -0.15748 
vn 0.370079 0.929134 -0.0314961 
vn 0.409449 0.897638 -0.15748 
vn 0.173228 0.874016 0.456693 
vn 0.409449 0.897638 -0.15748 
vn 0.173228 0.874016 0.456693 
vn 0 0.677165 0.732283 
vn 0.173228 0.874016 0.456693 
vn 0 0.677165 0.732283 
vn 0 0.677165 0.732283 
vn -0.440945 -0.834646 0.322835 
vn -0.440945 -0.834646 0.322835 
vn 0.472441 0.661417 -0.582677 
vn 0.472441 0.661417 -0.582677 
vn 0.322835 0.937008 0.11811 
vn 0.322835 0.937008 0.11811 
vn -0.015748 0.661417 0.748031 
vn -0.015748 0.661417 0.748031 
vn 0.0551181 0.472441 -0.88189 
vn 0.440945 0.362205 -0.818898 
vn 0.425197 0.874016 -0.228346 
vn 0.0708661 0.944882 -0.330709 
vn 0.755906 0.204724 -0.622047 
vn 0.716535 0.692913 -0.0944882 
vn -0.370079 0.740157 0.566929 
vn 0.330709 0.464567 0.818898 
vn -0.015748 0.653543 0.755906 
vn 0.00787402 0.692913 0.716535 
vn 0.354331 0.503937 0.787402 
vn -0.338583 0.771654 0.535433 
vn 0.433071 0.653543 0.622047 
vn -0.19685 0.897638 0.393701 
vn 0.11811 0.826772 0.551181 
vn -0.322835 -0.937008 -0.11811 
vn 0.456693 -0.874016 0.165354 
vn 0.566929 -0.732283 -0.377953 
vn 0.88189 -0.338583 0.322835 
vn 0.92126 0.299213 -0.251969 
vn 0.874016 0.354331 0.322835 
vn 0.944882 -0.314961 -0.0944882 
vn 0.354331 0.0472441 -0.929134 
vn 0.637795 -0.0944882 -0.76378 
vn -0.322835 -0.937008 -0.110236 
vn -0.0629921 0.598425 0.80315 
vn -0.0472441 0.614173 0.787402 
vn -0.023622 0.0551181 1 
vn -0.417323 -0.889764 0.188976 
vn -0.141732 -0.850394 -0.503937 
vn 0.433071 0.338583 -0.834646 
vn 0.181102 0.88189 0.440945 
vn -0.338583 0 0.937008 
vn -0.015748 0.661417 0.748031 
vn -0.472441 -0.661417 0.582677 
vn -0.322835 -0.937008 -0.11811 
vn 0.322835 0.937008 0.11811 
vn 0.472441 0.661417 -0.582677 
vn 0.015748 -0.661417 -0.748031 
vn 0.346457 0 -0.937008 
vn 0.141732 0.84252 0.519685 
vn 0.929134 0.125984 0.338583 
vn 0.929134 0.125984 0.338583 
vn 0.929134 0.125984 0.338583 
vn 0.929134 0.125984 0.338583 
vn 0.88189 -0.338583 0.322835 
vn 0.88189 -0.338583 0.322835 
vn 0.88189 -0.338583 0.322835 
vn 0.88189 -0.338583 0.322835 
vn 0.88189 -0.338583 0.322835 
vn 0.88189 -0.338583 0.322835 
vn 0.88189 -0.338583 0.322835 
vn 0.88189 -0.338583 0.322835 
vn 0.937008 -0.015748 0.346457 
vn 0.88189 -0.338583 0.322835 
vn 0.937008 0.0708661 0.346457 
vn 0.88189 -0.338583 0.322835 
vn 0.913386 -0.228346 0.338583 
vn 0.779528 -0.551181 0.299213 
vn 0.779528 -0.551181 0.299213 
vn 0.779528 -0.551181 0.299213 
vn 0.937008 -0.0551181 0.346457 
vn 0.779528 -0.551181 0.299213 
vn 0.92126 0.188976 0.338583 
vn 0.92126 0.188976 0.338583 
vn 0.92126 0.188976 0.338583 
vn 0.92126 0.188976 0.338583 
vn 0.779528 -0.559055 0.283465 
vn 0.740157 -0.496063 0.456693 
vn 0.606299 -0.582677 0.535433 
vn 0.669291 -0.700787 0.244094 
vn 0.811024 -0.582677 -0.015748 
vn 0.771654 -0.330709 0.543307 
vn 0.661417 -0.307087 0.685039 
vn 0.795276 -0.0393701 0.598425 
vn 0.88189 -0.338583 0.322835 
vn 0.88189 -0.338583 0.322835 
vn 0.88189 -0.338583 0.322835 
vn 0.850394 -0.173228 0.496063 
vn 0.88189 -0.338583 0.322835 
vn 0.88189 -0.338583 0.322835 
vn 0.937008 -0.102362 0.338583 
vn 0.937008 0.0787402 0.338583 
vn 1 -0.0393701 0.0551181 
vn 0.968504 -0.173228 0.173228 
vn 0.88189 -0.338583 0.322835 
vn 0.88189 -0.338583 0.322835 
vn 0.937008 -0.330709 0.0787402 
vn 0.944882 -0.307087 -0.0944882 
vn 0.858268 -0.496063 0.125984 
vn 0.88189 -0.338583 0.322835 
vn 0.88189 -0.338583 0.322835 
vn 0.88189 -0.338583 0.322835 
vn 0.88189 -0.338583 0.322835 
vn 0.88189 -0.338583 0.322835 
vn 0.88189 -0.338583 0.322835 
vn 0.88189 -0.338583 0.322835 
vn 0.88189 -0.338583 0.322835 
vn 0.88189 -0.338583 0.322835 
vn 0.88189 -0.338583 0.322835 
vn 0.88189 -0.338583 0.322835 
vn 0.88189 -0.338583 0.322835 
vn 0.88189 -0.338583 0.322835 
vn 0.88189 -0.338583 0.322835 
vn 0.88189 -0.338583 0.322835 
vn 0.88189 -0.338583 0.322835 
vn 0.88189 -0.338583 0.322835 
vn 0.88189 -0.338583 0.322835 
vn 0.88189 -0.338583 0.322835 
vn 0.88189 -0.338583 0.322835 
vn 0.88189 -0.338583 0.322835 
vn 0.88189 -0.338583 0.322835 
vn 0.88189 -0.338583 0.322835 
vn 0.88189 -0.338583 0.322835 
vn 0.88189 -0.338583 0.322835 
vn 0.88189 -0.338583 0.322835 
vn 0.88189 -0.338583 0.322835 
vn 0.88189 -0.338583 0.322835 
vn 0.88189 -0.338583 0.322835 
vn 0.88189 -0.338583 0.322835 
vn 0.88189 -0.338583 0.322835 
vn 0.88189 -0.338583 0.322835 
vn 0.88189 -0.338583 0.322835 
vn 0.88189 -0.338583 0.322835 
vn 0.88189 -0.338583 0.322835 
vn 0.88189 -0.338583 0.322835 
vn 0.88189 -0.338583 0.322835 
vn 0.88189 -0.338583 0.322835 
vn 0.88189 -0.338583 0.322835 
vn 0.88189 -0.338583 0.322835 
vn 0.88189 -0.338583 0.322835 
vn 0.472441 0.661417 -0.582677 
vn 0.015748 -0.661417 -0.748031 
vn -0.472441 -0.661417 0.582677 
vn -0.015748 0.661417 0.748031 
vn -0.338583 0 0.937008 
vn 0.472441 0.661417 -0.582677 
vn 0.88189 -0.338583 0.322835 
vn 0.88189 -0.338583 0.322835 
vn 0.88189 -0.338583 0.322835 
vn 0.88189 -0.338583 0.322835 
vn 0.88189 -0.338583 0.322835 
vn 0.88189 -0.338583 0.322835 
vn 0.88189 -0.338583 0.322835 
vn 0.88189 -0.338583 0.322835 
vn 0.88189 -0.338583 0.322835 
vn 0.88189 -0.338583 0.322835 
vn 0.88189 -0.338583 0.322835 
vn 0.88189 -0.338583 0.322835 
vn -0.015748 0.661417 0.755906 
vn -0.19685 0.354331 0.913386 
vn -0.023622 -0.133858 0.992126 
vn 0.503937 0.677165 0.535433 
vn 0.456693 -0.874016 0.165354 
vn 0.456693 -0.874016 0.165354 
vn 0.88189 -0.338583 0.322835 
vn -0.322835 -0.937008 -0.11811 
vn 0.88189 -0.338583 0.322835 
vn 0.874016 0.354331 0.322835 
vn 0.874016 0.354331 0.322835 
vn 0.322835 0.937008 0.11811 
vn 0.322835 0.937008 0.11811 
vn 0.88189 -0.338583 0.322835 
vn 0.88189 -0.338583 0.322835 
vn 0.88189 -0.338583 0.322835 
vn 0.88189 -0.338583 0.322835 
vn -0.322835 -0.937008 -0.11811 
vn -0.19685 0.732283 -0.653543 
vn 0.874016 0.354331 0.322835 
vn -0.338583 0 0.937008 
vn -0.338583 0 0.937008 
vn -0.338583 0 0.937008 
vn -0.338583 0 0.937008 
vn -0.338583 0 0.937008 
vn -0.338583 0 0.937008 
vn -0.338583 0 0.937008 
vn -0.338583 0 0.937008 
vn -0.00787402 0.110236 0.992126 
vn -0.0629921 0.598425 0.80315 
vn 0.188976 0.472441 0.858268 
vn -0.488189 0.299213 0.818898 
vn -0.307087 0.669291 0.677165 
vn 0.19685 0.488189 0.850394 
vn -0.299213 0.685039 0.669291 
vn -0.0472441 0.614173 0.787402 
vn -0.283465 0.15748 0.944882 
vn -0.023622 0.0551181 1 
vn -0.519685 0.244094 0.818898 
vn -0.181102 -0.440945 0.88189 
vn -0.661417 -0.251969 0.700787 
vn -0.440945 -0.362205 0.818898 
vn -0.125984 -0.952756 0.283465 
vn -0.661417 -0.740157 0.0866142 
vn -0.417323 -0.889764 0.188976 
vn 0.433071 0.338583 -0.834646 
vn 0.362205 0.677165 0.637795 
vn -0.15748 0.88189 0.448819 
vn 0.110236 0.811024 0.566929 
vn -0.0393701 0.629921 0.771654 
vn 0.204724 0.511811 0.834646 
vn -0.275591 0.700787 0.653543 
vn -0.173228 -0.913386 0.362205 
vn -0.661417 -0.724409 0.188976 
vn -0.433071 -0.850394 0.283465 
vn -0.472441 -0.661417 0.582677 
vn -0.338583 0 0.937008 
vn -0.338583 0 0.937008 
vn -0.015748 0.661417 0.748031 
vn -0.472441 -0.661417 0.582677 
vn -0.015748 0.661417 0.748031 
vn -0.433071 -0.858268 0.275591 
vn -0.181102 -0.92126 0.354331 
vn -0.653543 -0.732283 0.173228 
vn 0.385827 0.708661 0.590551 
vn -0.125984 0.905512 0.401575 
vn 0.141732 0.84252 0.519685 
vn -0.228346 0.291339 0.929134 
vn 0.0314961 0.181102 0.984252 
vn -0.464567 0.377953 0.80315 
vn -0.181102 -0.527559 0.826772 
vn -0.685039 -0.338583 0.645669 
vn -0.456693 -0.448819 0.771654 
vn -0.448819 -0.401575 0.795276 
vn -0.173228 -0.496063 0.850394 
vn -0.685039 -0.291339 0.661417 
vn -0.259843 0.220472 0.944882 
vn 0.88189 -0.338583 0.322835 
vn 0.937008 0.0787402 0.338583 
vn -0.015748 0.661417 0.748031 
vn -0.015748 0.661417 0.748031 
vn -0.338583 0 0.937008 
vn -0.015748 0.661417 0.748031 
vn -0.322835 -0.937008 -0.11811 
vn -0.472441 -0.661417 0.582677 
vn -0.472441 -0.661417 0.582677 
vn -0.338583 0 0.937008 
vn -0.472441 -0.661417 0.582677 
vn -0.338583 0 0.937008 
vn 0.472441 0.661417 -0.582677 
vn -0.015748 0.661417 0.748031 
vn 0.472441 0.661417 -0.582677 
vn -0.015748 0.661417 0.748031 
vn -0.338583 0 0.937008 
vn -0.338583 0 0.937008 
vn -0.472441 -0.661417 0.582677 
vn -0.472441 -0.661417 0.582677 
vn -0.015748 0.661417 0.748031 
vn -0.015748 0.661417 0.748031 
vn -0.338583 0 0.937008 
vn -0.338583 0 0.937008 
vn 0.472441 0.661417 -0.582677 
vn -0.472441 -0.661417 0.582677 
vn -0.472441 -0.661417 0.582677 
vn -0.322835 -0.937008 -0.11811 
vn -0.322835 -0.937008 -0.11811 
vn 0.377953 0.440945 0.818898 
vn -0.015748 0.661417 0.755906 
vn -0.338583 0 0.937008 
vn -0.0551181 -0.102362 0.992126 
vn -0.409449 0.740157 0.535433 
vn -0.590551 0.102362 0.795276 
vn -0.19685 0.354331 0.913386 
vn -0.181102 0.937008 0.291339 
vn -0.527559 0.456693 0.716535 
vn -0.629921 0.102362 0.771654 
vn -0.346457 -0.015748 0.937008 
vn -0.023622 -0.133858 0.992126 
vn 0.165354 0.188976 0.968504 
vn 0.503937 0.677165 0.535433 
vn 0.173228 0.874016 0.448819 
vn -0.228346 0.275591 0.929134 
vn -0.362205 -0.0472441 0.929134 
vn -0.362205 -0.0472441 0.929134 
vn -0.464567 -0.614173 0.637795 
vn -0.464567 -0.614173 0.637795 
vn -0.464567 -0.614173 0.637795 
vn -0.440945 -0.834646 0.322835 
vn -0.440945 -0.834646 0.322835 
vn -0.433071 -0.850394 0.283465 
vn -0.015748 0.661417 0.748031 
vn -0.015748 0.661417 0.748031 
vn -0.472441 -0.661417 0.582677 
vn -0.338583 0 0.937008 
vn -0.472441 -0.661417 0.582677 
vn -0.338583 0 0.937008 
vn -0.433071 -0.622047 -0.653543 
vn 0.0708661 0.944882 -0.330709 
vn 0.244094 -0.88189 -0.409449 
vn -0.370079 0.740157 0.566929 
vn 0.330709 0.464567 0.818898 
vn -0.015748 0.653543 0.755906 
vn -0.448819 -0.818898 0.354331 
vn -0.0866142 -0.889764 0.448819 
vn -0.740157 -0.637795 0.212598 
vn 0.00787402 0.692913 0.716535 
vn 0.354331 0.503937 0.787402 
vn -0.338583 0.771654 0.535433 
vn 0.433071 0.653543 0.622047 
vn -0.19685 0.897638 0.393701 
vn 0.11811 0.826772 0.551181 
vn -0.346457 -0.015748 0.937008 
vn 0.00787402 -0.141732 0.992126 
vn -0.653543 0.110236 0.748031 
vn -0.543307 -0.299213 -0.779528 
vn -0.874016 -0.354331 -0.322835 
vn -0.322835 -0.937008 -0.11811 
vn -0.015748 -0.708661 -0.708661 
vn 0.456693 -0.874016 0.165354 
vn -0.19685 0.732283 -0.653543 
vn 0.566929 -0.732283 -0.377953 
vn 0.354331 0.0472441 -0.929134 
vn 0.637795 -0.0944882 -0.76378 
vn -0.322835 -0.937008 -0.110236 
vn 0.015748 -1 0.015748 
vn -0.322835 -0.937008 -0.110236 
vn 0.015748 -1 0.015748 
vn -0.622047 -0.755906 -0.220472 
vn -0.622047 -0.755906 -0.220472 
vn -0.125984 -0.952756 0.283465 
vn -0.661417 -0.740157 0.0866142 
vn -0.417323 -0.889764 0.188976 
vn 0.102362 -0.913386 -0.401575 
vn -0.377953 -0.724409 -0.574803 
vn -0.141732 -0.850394 -0.503937 
vn 0.0551181 -0.952756 -0.291339 
vn -0.448819 -0.76378 -0.472441 
vn -0.204724 -0.897638 -0.393701 
vn 0.0393701 -0.96063 -0.267717 
vn -0.448819 -0.771654 -0.448819 
vn -0.212598 -0.905512 -0.370079 
vn 0.393701 -0.535433 -0.748031 
vn -0.11811 -0.330709 -0.937008 
vn 0.141732 -0.456693 -0.88189 
vn 0.433071 0.338583 -0.834646 
vn 0.173228 0.425197 -0.889764 
vn 0.661417 0.732283 -0.165354 
vn 0.15748 -0.433071 -0.889764 
vn 0.409449 -0.511811 -0.755906 
vn -0.110236 -0.314961 -0.944882 
vn 0.283465 -0.700787 -0.653543 
vn -0.212598 -0.511811 -0.834646 
vn 0.0393701 -0.629921 -0.771654 
vn 0.0393701 -0.622047 -0.779528 
vn 0.314961 -0.716535 -0.614173 
vn -0.259843 -0.496063 -0.826772 
vn -0.173228 -0.913386 0.362205 
vn -0.661417 -0.724409 0.188976 
vn -0.433071 -0.850394 0.283465 
vn -0.472441 -0.661417 0.582677 
vn -0.472441 -0.661417 0.582677 
vn -0.322835 -0.937008 -0.11811 
vn -0.322835 -0.937008 -0.11811 
vn 0.015748 -0.661417 -0.748031 
vn 0.015748 -0.661417 -0.748031 
vn 0.283465 -0.732283 -0.622047 
vn 0.015748 -0.661417 -0.748031 
vn -0.244094 -0.527559 -0.818898 
vn -0.433071 -0.858268 0.275591 
vn -0.181102 -0.92126 0.354331 
vn -0.653543 -0.732283 0.173228 
vn -0.181102 -0.527559 0.826772 
vn -0.685039 -0.338583 0.645669 
vn -0.456693 -0.448819 0.771654 
vn -0.448819 -0.401575 0.795276 
vn -0.173228 -0.496063 0.850394 
vn -0.685039 -0.291339 0.661417 
vn 0.88189 -0.338583 0.322835 
vn -0.338583 0 0.937008 
vn 0.015748 -0.661417 -0.748031 
vn 0.015748 -0.661417 -0.748031 
vn -0.322835 -0.937008 -0.11811 
vn 0.015748 -0.661417 -0.748031 
vn -0.322835 -0.937008 -0.11811 
vn -0.472441 -0.661417 0.582677 
vn -0.322835 -0.937008 -0.11811 
vn -0.472441 -0.661417 0.582677 
vn -0.472441 -0.661417 0.582677 
vn 0.015748 -0.661417 -0.748031 
vn -0.472441 -0.661417 0.582677 
vn 0.015748 -0.661417 -0.748031 
vn -0.472441 -0.661417 0.582677 
vn -0.322835 -0.937008 -0.11811 
vn -0.322835 -0.937008 -0.11811 
vn -0.338583 0 0.937008 
vn -0.472441 -0.661417 0.582677 
vn -0.472441 -0.661417 0.582677 
vn -0.322835 -0.937008 -0.11811 
vn 0.015748 -0.661417 -0.748031 
vn -0.322835 -0.937008 -0.11811 
vn 0.015748 -0.661417 -0.748031 
vn -0.015748 0.661417 0.755906 
vn 0.456693 -0.874016 0.165354 
vn 0.456693 -0.874016 0.165354 
vn 0.88189 -0.338583 0.322835 
vn -0.322835 -0.937008 -0.11811 
vn 0.88189 -0.338583 0.322835 
vn -0.322835 -0.937008 -0.11811 
vn -0.874016 -0.354331 -0.322835 
vn -0.874016 -0.354331 -0.322835 
vn -0.88189 0.338583 -0.322835 
vn -0.88189 0.338583 -0.322835 
vn -0.440945 -0.834646 0.322835 
vn -0.440945 -0.834646 0.322835 
vn -0.433071 -0.850394 0.283465 
vn -0.417323 -0.889764 0.19685 
vn -0.417323 -0.889764 0.19685 
vn -0.417323 -0.889764 0.19685 
vn -0.417323 -0.889764 0.19685 
vn -0.417323 -0.889764 0.19685 
vn -0.417323 -0.889764 0.19685 
vn -0.322835 -0.937008 -0.11811 
vn -0.322835 -0.937008 -0.11811 
vn -0.322835 -0.937008 -0.11811 
vn 0.015748 -0.661417 -0.748031 
vn 0.015748 -0.661417 -0.748031 
vn -0.322835 -0.937008 -0.11811 
vn -0.322835 -0.937008 -0.11811 
vn -0.472441 -0.661417 0.582677 
vn -0.472441 -0.661417 0.582677 
vn -0.322835 -0.937008 -0.11811 
vn -0.322835 -0.937008 -0.11811 
vn -0.322835 -0.937008 -0.11811 
vn -0.322835 -0.937008 -0.11811 
vn -0.433071 -0.622047 -0.653543 
vn 0.244094 -0.88189 -0.409449 
vn -0.102362 -0.811024 -0.574803 
vn -0.448819 -0.818898 0.354331 
vn -0.0866142 -0.889764 0.448819 
vn -0.740157 -0.637795 0.212598 
vn -0.543307 -0.299213 -0.779528 
vn -0.874016 -0.354331 -0.322835 
vn -0.669291 0.314961 -0.677165 
vn -0.88189 0.338583 -0.322835 
vn -0.19685 0.732283 -0.653543 
vn -0.456693 0.874016 -0.165354 
vn 0.354331 0.0472441 -0.929134 
vn -0.322835 -0.937008 -0.110236 
vn -0.0629921 0.598425 0.80315 
vn -0.0472441 0.614173 0.787402 
vn -0.519685 0.244094 0.818898 
vn -0.417323 -0.889764 0.188976 
vn -0.141732 -0.850394 -0.503937 
vn 0.433071 0.338583 -0.834646 
vn 0.181102 0.88189 0.440945 
vn -0.338583 0 0.937008 
vn -0.015748 0.661417 0.748031 
vn -0.472441 -0.661417 0.582677 
vn -0.322835 -0.937008 -0.11811 
vn 0.322835 0.937008 0.11811 
vn 0.472441 0.661417 -0.582677 
vn 0.015748 -0.661417 -0.748031 
vn 0.346457 0 -0.937008 
vn 0.141732 0.84252 0.519685 
vn -0.637795 0.732283 -0.23622 
vn -0.637795 0.732283 -0.23622 
vn -0.637795 0.732283 -0.23622 
vn -0.637795 0.732283 -0.23622 
vn -0.88189 0.338583 -0.322835 
vn -0.88189 0.338583 -0.322835 
vn -0.88189 0.338583 -0.322835 
vn -0.88189 0.338583 -0.322835 
vn -0.88189 0.338583 -0.322835 
vn -0.88189 0.338583 -0.322835 
vn -0.88189 0.338583 -0.322835 
vn -0.88189 0.338583 -0.322835 
vn 0.88189 -0.338583 0.322835 
vn -0.937008 0.023622 -0.338583 
vn -0.992126 -0.0866142 0.0629921 
vn -0.984252 0.110236 -0.11811 
vn -0.913386 -0.244094 -0.330709 
vn -0.92126 0.283465 0.259843 
vn -0.724409 -0.0866142 -0.685039 
vn -0.944882 0.322835 -0.00787402 
vn -0.88189 0.338583 -0.322835 
vn -0.84252 0.535433 -0.0629921 
vn -0.88189 0.338583 -0.322835 
vn -0.88189 0.338583 -0.322835 
vn -0.88189 0.338583 -0.322835 
vn -0.740157 0.653543 0.149606 
vn -0.88189 0.338583 -0.322835 
vn -0.551181 0.811024 -0.204724 
vn -0.88189 0.338583 -0.322835 
vn -0.732283 0.622047 -0.267717 
vn -0.685039 0.535433 -0.488189 
vn -0.464567 0.653543 -0.590551 
vn -0.88189 0.338583 -0.322835 
vn -0.543307 0.283465 -0.795276 
vn -0.88189 0.338583 -0.322835 
vn -0.724409 0.322835 -0.606299 
vn -0.834646 0.110236 -0.543307 
vn -0.724409 0.629921 -0.259843 
vn -0.677165 0.692913 -0.244094 
vn -0.88189 0.338583 -0.322835 
vn -0.88189 0.338583 -0.322835 
vn -0.84252 0.456693 -0.299213 
vn -0.937008 0.11811 -0.330709 
vn -0.937008 0.11811 -0.330709 
vn -0.937008 0.11811 -0.330709 
vn -0.755906 0.598425 -0.267717 
vn -0.937008 0.11811 -0.330709 
vn -0.590551 0.771654 -0.212598 
vn -0.590551 0.771654 -0.212598 
vn -0.590551 0.771654 -0.212598 
vn -0.590551 0.771654 -0.212598 
vn 0.669291 -0.700787 0.244094 
vn 0.795276 -0.0393701 0.598425 
vn 0.88189 -0.338583 0.322835 
vn 0.937008 0.0787402 0.338583 
vn 0.944882 -0.307087 -0.0944882 
vn -0.88189 0.338583 -0.322835 
vn -0.88189 0.338583 -0.322835 
vn -0.88189 0.338583 -0.322835 
vn -0.88189 0.338583 -0.322835 
vn -0.88189 0.338583 -0.322835 
vn -0.88189 0.338583 -0.322835 
vn -0.88189 0.338583 -0.322835 
vn -0.88189 0.338583 -0.322835 
vn -0.88189 0.338583 -0.322835 
vn -0.88189 0.338583 -0.322835 
vn -0.88189 0.338583 -0.322835 
vn -0.88189 0.338583 -0.322835 
vn -0.88189 0.338583 -0.322835 
vn -0.88189 0.338583 -0.322835 
vn -0.88189 0.338583 -0.322835 
vn -0.88189 0.338583 -0.322835 
vn -0.88189 0.338583 -0.322835 
vn -0.88189 0.338583 -0.322835 
vn -0.88189 0.338583 -0.322835 
vn -0.88189 0.338583 -0.322835 
vn -0.88189 0.338583 -0.322835 
vn -0.88189 0.338583 -0.322835 
vn -0.88189 0.338583 -0.322835 
vn -0.88189 0.338583 -0.322835 
vn -0.88189 0.338583 -0.322835 
vn -0.88189 0.338583 -0.322835 
vn -0.88189 0.338583 -0.322835 
vn -0.88189 0.338583 -0.322835 
vn -0.88189 0.338583 -0.322835 
vn -0.88189 0.338583 -0.322835 
vn -0.88189 0.338583 -0.322835 
vn -0.88189 0.338583 -0.322835 
vn -0.88189 0.338583 -0.322835 
vn -0.88189 0.338583 -0.322835 
vn -0.88189 0.338583 -0.322835 
vn -0.88189 0.338583 -0.322835 
vn -0.88189 0.338583 -0.322835 
vn -0.88189 0.338583 -0.322835 
vn -0.88189 0.338583 -0.322835 
vn -0.88189 0.338583 -0.322835 
vn -0.015748 0.661417 0.748031 
vn -0.338583 0 0.937008 
vn -0.322835 -0.937008 -0.11811 
vn -0.88189 0.338583 -0.322835 
vn -0.88189 0.338583 -0.322835 
vn -0.88189 0.338583 -0.322835 
vn -0.88189 0.338583 -0.322835 
vn -0.88189 0.338583 -0.322835 
vn -0.88189 0.338583 -0.322835 
vn -0.88189 0.338583 -0.322835 
vn -0.88189 0.338583 -0.322835 
vn -0.88189 0.338583 -0.322835 
vn -0.88189 0.338583 -0.322835 
vn -0.88189 0.338583 -0.322835 
vn -0.88189 0.338583 -0.322835 
vn -0.015748 0.661417 0.755906 
vn -0.19685 0.354331 0.913386 
vn -0.181102 0.937008 0.291339 
vn -0.629921 0.102362 0.771654 
vn -0.322835 -0.937008 -0.11811 
vn -0.874016 -0.354331 -0.322835 
vn -0.874016 -0.354331 -0.322835 
vn 0.322835 0.937008 0.11811 
vn -0.88189 0.338583 -0.322835 
vn 0.322835 0.937008 0.11811 
vn -0.88189 0.338583 -0.322835 
vn -0.456693 0.874016 -0.165354 
vn -0.456693 0.874016 -0.165354 
vn -0.88189 0.338583 -0.322835 
vn -0.88189 0.338583 -0.322835 
vn -0.88189 0.338583 -0.322835 
vn -0.88189 0.338583 -0.322835 

vt 1.46313 1.44773 
vt 1.45707 1.44178 
vt 1.46067 1.44178 
vt 1.46313 1.43583 
vt 1.46058 1.45027 
vt 1.46058 1.43329 
vt 1.46908 1.45379 
vt 1.46908 1.43337 
vt 1.46908 1.45019 
vt 1.46908 1.42977 
vt 1.47502 1.44773 
vt 1.47757 1.43329 
vt 1.47757 1.45027 
vt 1.47502 1.43583 
vt 1.48109 1.44178 
vt 1.47749 1.44178 
vt 1.46313 1.44773 
vt 1.46067 1.44178 
vt 1.46908 1.45019 
vt 1.46313 1.43583 
vt 1.46908 1.43337 
vt 1.47502 1.44773 
vt 1.47502 1.43583 
vt 1.47502 1.43583 
vt 1.47749 1.44178 
vt 1.45612 1.45604 
vt 1.46908 1.45604 
vt 1.46908 1.46281 
vt 1.45612 1.46281 
vt 1.48203 1.46281 
vt 1.48203 1.45604 
vt 1.46908 1.43727 
vt 1.44317 1.43727 
vt 1.49499 1.43727 
vt 1.44831 1.4185 
vt 1.48984 1.4185 
vt 1.46908 1.4185 
vt 1.46831 1.47275 
vt 1.47531 1.46214 
vt 1.46985 1.47275 
vt 1.46285 1.46214 
vt 1.45054 1.34666 
vt 1.48761 1.34666 
vt 1.46908 1.34395 
vt 1.46908 1.37613 
vt 1.45054 1.37411 
vt 1.48761 1.37411 
vt 1.45054 1.38585 
vt 1.48761 1.38585 
vt 1.46908 1.39084 
vt 1.45054 1.30599 
vt 1.46908 1.30885 
vt 1.45054 1.30372 
vt 1.48761 1.30372 
vt 1.45054 1.31619 
vt 1.48761 1.31619 
vt 1.46908 1.31823 
vt 1.46908 1.32873 
vt 1.45054 1.33126 
vt 1.48761 1.33126 
vt 1.45054 1.35434 
vt 1.48761 1.35434 
vt 1.46908 1.35077 
vt 1.46908 1.39924 
vt 1.45054 1.40101 
vt 1.48761 1.40101 
vt 1.46908 1.40795 
vt 1.45054 1.41226 
vt 1.48761 1.41226 
vt 1.44285 1.39478 
vt 1.44085 1.36975 
vt 1.44085 1.39478 
vt 1.44285 1.36975 
vt 1.44285 1.38227 
vt 1.44085 1.38227 
vt 1.46908 1.43657 
vt 1.45054 1.40201 
vt 1.46908 1.39807 
vt 1.45054 1.43265 
vt 1.48761 1.40201 
vt 1.48761 1.43265 
vt 1.44088 1.37475 
vt 1.49411 1.35558 
vt 1.4973 1.36975 
vt 1.49411 1.38227 
vt 1.44404 1.40895 
vt 1.44085 1.39478 
vt 1.44404 1.38227 
vt 1.48452 1.46969 
vt 1.47402 1.46874 
vt 1.48452 1.46066 
vt 1.46414 1.46874 
vt 1.45364 1.46066 
vt 1.45364 1.46969 
vt 1.46908 1.40113 
vt 1.49411 1.40113 
vt 1.44404 1.40113 
vt 1.44404 1.40895 
vt 1.44404 1.38227 
vt 1.46908 1.38227 
vt 1.44404 1.3634 
vt 1.49411 1.38227 
vt 1.46908 1.3634 
vt 1.49411 1.3634 
vt 1.49411 1.35558 
vt 1.49727 1.38978 
vt 1.4953 1.38978 
vt 1.49727 1.38227 
vt 1.4953 1.38227 
vt 1.49727 1.37475 
vt 1.4953 1.37475 
vt 1.44285 1.38978 
vt 1.44088 1.38978 
vt 1.44285 1.38227 
vt 1.44088 1.38227 
vt 1.44088 1.37164 
vt 1.44285 1.37475 
vt 1.44285 1.37164 
vt 1.44088 1.37475 
vt 1.46908 1.42776 
vt 1.4953 1.38227 
vt 1.4973 1.36975 
vt 1.4973 1.38227 
vt 1.4953 1.36975 
vt 1.4953 1.39478 
vt 1.4973 1.39478 
vt 1.48761 1.41896 
vt 1.46908 1.37172 
vt 1.48761 1.37356 
vt 1.48761 1.34534 
vt 1.46908 1.42181 
vt 1.48761 1.42746 
vt 1.45054 1.41896 
vt 1.45054 1.37356 
vt 1.45054 1.34534 
vt 1.45054 1.42746 
vt 1.45054 1.42746 
vt 1.46908 1.33894 
vt 1.30564 1.36766 
vt 1.29661 1.36766 
vt 1.30564 1.36172 
vt 1.29661 1.36172 
vt 1.30564 1.35577 
vt 1.29661 1.35577 
vt 1.30813 1.36172 
vt 1.31632 1.38763 
vt 1.33255 1.36095 
vt 1.3433 1.36095 
vt 1.3433 1.36249 
vt 1.33255 1.36249 
vt 1.53713 1.35678 
vt 1.57253 1.35678 
vt 1.57253 1.36666 
vt 1.53713 1.36666 
vt 1.32309 1.34876 
vt 1.48113 1.34876 
vt 1.48113 1.36172 
vt 1.3149 1.36172 
vt 1.32309 1.37467 
vt 1.48113 1.37467 
vt 1.60877 1.36172 
vt 1.60455 1.38025 
vt 1.60455 1.34318 
vt 1.62543 1.38025 
vt 1.62543 1.34318 
vt 1.62957 1.36172 
vt 1.43034 1.36172 
vt 1.43541 1.34318 
vt 1.44633 1.38025 
vt 1.44633 1.34318 
vt 1.44411 1.36172 
vt 1.47372 1.38025 
vt 1.47372 1.34318 
vt 1.47646 1.36172 
vt 1.49786 1.36172 
vt 1.49377 1.38025 
vt 1.49377 1.34318 
vt 1.55604 1.38025 
vt 1.55604 1.34318 
vt 1.55791 1.36172 
vt 1.57943 1.36172 
vt 1.58132 1.38025 
vt 1.58132 1.34318 
vt 1.53455 1.38025 
vt 1.53455 1.34318 
vt 1.38953 1.38994 
vt 1.38953 1.38794 
vt 1.40205 1.38994 
vt 1.40205 1.38794 
vt 1.41457 1.38994 
vt 1.41457 1.38794 
vt 1.44826 1.36172 
vt 1.45207 1.38025 
vt 1.45207 1.34318 
vt 1.53378 1.36172 
vt 1.53455 1.34318 
vt 1.53455 1.38025 
vt 1.59112 1.36172 
vt 1.59198 1.38025 
vt 1.59198 1.34318 
vt 1.60761 1.38025 
vt 1.60761 1.34318 
vt 1.60997 1.36172 
vt 1.40956 1.38991 
vt 1.42873 1.33668 
vt 1.41976 1.33349 
vt 1.37537 1.33668 
vt 1.42873 1.38675 
vt 1.41457 1.38994 
vt 1.40205 1.38675 
vt 1.37537 1.38675 
vt 1.53713 1.34628 
vt 1.54733 1.34628 
vt 1.54733 1.35678 
vt 1.57253 1.35678 
vt 1.57253 1.34628 
vt 1.53713 1.35678 
vt 1.53713 1.36666 
vt 1.53713 1.37716 
vt 1.54733 1.37716 
vt 1.54733 1.36666 
vt 1.57253 1.37716 
vt 1.57253 1.36666 
vt 1.42092 1.33668 
vt 1.40205 1.36172 
vt 1.40205 1.33668 
vt 1.38318 1.36172 
vt 1.38318 1.33668 
vt 1.42092 1.36172 
vt 1.42873 1.33668 
vt 1.38318 1.38675 
vt 1.40205 1.38675 
vt 1.42092 1.38675 
vt 1.37537 1.33668 
vt 1.42873 1.38675 
vt 1.39454 1.33352 
vt 1.40205 1.33352 
vt 1.40205 1.33549 
vt 1.40956 1.33549 
vt 1.39454 1.33549 
vt 1.40956 1.33352 
vt 1.40956 1.38991 
vt 1.40205 1.38794 
vt 1.40956 1.38794 
vt 1.40205 1.38991 
vt 1.39454 1.38794 
vt 1.39454 1.38991 
vt 1.42965 1.37807 
vt 1.34715 1.36172 
vt 1.43486 1.36172 
vt 1.34715 1.37807 
vt 1.42965 1.34536 
vt 1.34715 1.34536 
vt 1.3433 1.36095 
vt 1.36206 1.35548 
vt 1.36206 1.36795 
vt 1.3433 1.36249 
vt 1.45052 1.34536 
vt 1.45052 1.37807 
vt 1.45334 1.36172 
vt 1.43486 1.36172 
vt 1.42965 1.34536 
vt 1.42965 1.37807 
vt 1.29661 1.37021 
vt 1.32063 1.37021 
vt 1.29661 1.36172 
vt 1.32063 1.36172 
vt 1.29661 1.35322 
vt 1.32063 1.35322 
vt 1.56402 1.34876 
vt 1.58839 1.36171 
vt 1.56402 1.36172 
vt 1.58839 1.34363 
vt 1.56402 1.37467 
vt 1.53964 1.37467 
vt 1.58839 1.3798 
vt 1.53964 1.36172 
vt 1.52795 1.37467 
vt 1.53964 1.34876 
vt 1.52795 1.36172 
vt 1.48921 1.37467 
vt 1.52795 1.34876 
vt 1.48921 1.36172 
vt 1.48113 1.37467 
vt 1.48921 1.34876 
vt 1.48113 1.36172 
vt 1.48113 1.34876 
vt 1.56701 1.3804 
vt 1.56701 1.34302 
vt 1.41457 1.33349 
vt 1.41457 1.33549 
vt 1.40205 1.33349 
vt 1.40205 1.33549 
vt 1.38953 1.33349 
vt 1.38953 1.33549 
vt 1.31827 1.34318 
vt 1.31037 1.36172 
vt 1.32392 1.36172 
vt 1.32677 1.34318 
vt 1.31827 1.38025 
vt 1.32677 1.38025 
vt 1.35677 1.34318 
vt 1.35677 1.38025 
vt 1.36203 1.36172 
vt 1.36203 1.36172 
vt 1.35677 1.38025 
vt 1.35677 1.34318 
vt 1.36447 1.38025 
vt 1.36447 1.34318 
vt 1.36823 1.36172 
vt 1.64155 1.45019 
vt 1.64155 1.44773 
vt 1.63252 1.44773 
vt 1.64155 1.44178 
vt 1.63252 1.43583 
vt 1.64155 1.43583 
vt 1.63252 1.44178 
vt 1.63002 1.43727 
vt 1.62183 1.43727 
vt 1.59101 1.34303 
vt 1.32939 1.38112 
vt 1.30859 1.36629 
vt 1.30199 1.34166 
vt 1.33342 1.2485 
vt 1.37253 1.25838 
vt 1.50782 1.37613 
vt 1.38025 1.31112 
vt 1.55381 1.38227 
vt 1.54862 1.36975 
vt 1.54862 1.39478 
vt 1.53611 1.39997 
vt 1.53611 1.36456 
vt 1.52359 1.36975 
vt 1.52359 1.39478 
vt 1.5184 1.38227 
vt 1.32819 1.45538 
vt 1.57609 1.46214 
vt 1.60873 1.46214 
vt 1.59486 1.47275 
vt 1.6056 1.47275 
vt 1.52859 1.37475 
vt 1.52859 1.38978 
vt 1.52548 1.38227 
vt 1.53611 1.39289 
vt 1.53611 1.37164 
vt 1.54362 1.37475 
vt 1.54362 1.38978 
vt 1.54673 1.38227 
vt 1.62183 1.45604 
vt 1.45703 1.46281 
vt 1.44894 1.45511 
vt 1.61506 1.46281 
vt 1.62183 1.43727 
vt 1.46517 1.4185 
vt 1.62183 1.4185 
vt 1.45709 1.4248 
vt 1.36046 1.43727 
vt 1.37115 1.4248 
vt 1.41021 1.45511 
vt 1.37414 1.45627 
vt 1.34977 1.44974 
vt 1.39851 1.46281 
vt 1.53611 1.36259 
vt 1.5222 1.36836 
vt 1.51724 1.3634 
vt 1.53611 1.35558 
vt 1.55497 1.3634 
vt 1.51643 1.38227 
vt 1.50942 1.38227 
vt 1.51724 1.40113 
vt 1.5184 1.38227 
vt 1.52359 1.36975 
vt 1.53611 1.36456 
vt 1.5222 1.39618 
vt 1.52359 1.39478 
vt 1.53611 1.39997 
vt 1.53611 1.40194 
vt 1.53611 1.40895 
vt 1.55497 1.40113 
vt 1.55002 1.39618 
vt 1.54862 1.39478 
vt 1.55381 1.38227 
vt 1.55578 1.38227 
vt 1.56279 1.38227 
vt 1.55002 1.36836 
vt 1.54862 1.36975 
vt 1.58139 1.37356 
vt 1.56671 1.34534 
vt 1.60449 1.34534 
vt 1.56205 1.35288 
vt 1.57369 1.37356 
vt 1.61989 1.37356 
vt 1.61989 1.41896 
vt 1.58139 1.42746 
vt 1.61139 1.42746 
vt 1.50274 1.34666 
vt 1.50274 1.37411 
vt 1.49183 1.33992 
vt 1.47755 1.33992 
vt 1.49183 1.38585 
vt 1.46444 1.38585 
vt 1.44438 1.35123 
vt 1.38212 1.30599 
vt 1.37013 1.26328 
vt 1.35683 1.30372 
vt 1.33515 1.25367 
vt 1.30929 1.28775 
vt 1.34441 1.31619 
vt 1.30199 1.34166 
vt 1.34449 1.33126 
vt 1.31272 1.36272 
vt 1.33361 1.37765 
vt 1.3767 1.35434 
vt 1.34611 1.40515 
vt 1.40361 1.40101 
vt 1.40361 1.41226 
vt 1.34611 1.41576 
vt 1.40361 1.43265 
vt 1.45247 1.41226 
vt 1.34618 1.45074 
vt 1.48608 1.43265 
vt 1.46143 1.40201 
vt 1.48608 1.40201 
vt 1.32564 1.43067 
vt 1.32491 1.4435 
vt 1.33055 1.45046 
vt 1.54362 1.38978 
vt 1.54362 1.37475 
vt 1.52859 1.37475 
vt 1.52859 1.38978 
vt 1.52548 1.38227 
vt 1.54362 1.38978 
vt 1.50851 1.40505 
vt 1.59101 1.42255 
vt 1.50851 1.42255 
vt 1.59101 1.3504 
vt 1.4762 1.3504 
vt 1.4762 1.39362 
vt 1.48764 1.40505 
vt 1.36563 1.46066 
vt 1.40103 1.46066 
vt 1.39083 1.47494 
vt 1.40103 1.46969 
vt 1.36563 1.47494 
vt 1.5033 1.42776 
vt 1.4694 1.39644 
vt 1.4762 1.3504 
vt 1.48764 1.40505 
vt 1.61752 1.43329 
vt 1.64155 1.43329 
vt 1.64155 1.44178 
vt 1.61752 1.42977 
vt 1.61752 1.44178 
vt 1.64155 1.45027 
vt 1.61752 1.45027 
vt 1.64155 1.45379 
vt 1.61752 1.45379 
vt 1.36563 1.46874 
vt 1.40103 1.46874 
vt 1.39083 1.47494 
vt 1.36563 1.47494 
vt 1.46908 1.45019 
vt 1.47502 1.43583 
vt 1.46313 1.43583 
vt 1.45364 1.46066 
vt 1.47402 1.46874 
vt 1.46414 1.46874 
vt 1.45364 1.47494 
vt 1.46414 1.47494 
vt 1.48452 1.46066 
vt 1.48452 1.47494 
vt 1.47402 1.47494 
vt 1.48761 1.40515 
vt 1.46908 1.38112 
vt 1.48761 1.37765 
vt 1.45054 1.40515 
vt 1.45054 1.37765 
vt 1.48761 1.36272 
vt 1.45054 1.36272 
vt 1.46908 1.36629 
vt 1.46908 1.34258 
vt 1.48761 1.34166 
vt 1.45054 1.34166 
vt 1.48761 1.28775 
vt 1.45054 1.28775 
vt 1.46908 1.2857 
vt 1.48761 1.25367 
vt 1.45054 1.25367 
vt 1.46908 1.2485 
vt 1.46908 1.37613 
vt 1.48761 1.38585 
vt 1.45054 1.38585 
vt 1.46908 1.39057 
vt 1.46908 1.35485 
vt 1.48761 1.35123 
vt 1.45054 1.35123 
vt 1.48761 1.41226 
vt 1.45054 1.41226 
vt 1.46908 1.40725 
vt 1.4953 1.39478 
vt 1.4953 1.38227 
vt 1.4973 1.38227 
vt 1.4973 1.36975 
vt 1.4973 1.39478 
vt 1.4953 1.36975 
vt 1.46908 1.39708 
vt 1.48761 1.40201 
vt 1.45054 1.40201 
vt 1.48761 1.45046 
vt 1.45054 1.45046 
vt 1.46908 1.45538 
vt 1.46908 1.44518 
vt 1.48761 1.4435 
vt 1.45054 1.4435 
vt 1.48761 1.43067 
vt 1.45054 1.43067 
vt 1.46908 1.42808 
vt 1.46908 1.41302 
vt 1.48761 1.41576 
vt 1.45054 1.41576 
vt 1.46908 1.40606 
vt 1.49727 1.37475 
vt 1.49411 1.40895 
vt 1.44404 1.40113 
vt 1.46908 1.40113 
vt 1.44404 1.38227 
vt 1.49411 1.40113 
vt 1.49411 1.35558 
vt 1.49411 1.3634 
vt 1.46908 1.3634 
vt 1.49411 1.38227 
vt 1.44404 1.3634 
vt 1.46908 1.38227 
vt 1.44088 1.38978 
vt 1.44285 1.38978 
vt 1.44285 1.38978 
vt 1.44088 1.38978 
vt 1.44285 1.38227 
vt 1.44088 1.38227 
vt 1.44285 1.37475 
vt 1.44088 1.37475 
vt 1.49727 1.38978 
vt 1.4953 1.38978 
vt 1.49727 1.38227 
vt 1.4953 1.38227 
vt 1.49727 1.38978 
vt 1.49727 1.37475 
vt 1.4953 1.37475 
vt 1.49727 1.37164 
vt 1.4953 1.37164 
vt 1.48543 1.42255 
vt 1.46908 1.42776 
vt 1.46908 1.41026 
vt 1.48543 1.40505 
vt 1.45272 1.42255 
vt 1.45272 1.40505 
vt 1.46908 1.39644 
vt 1.45272 1.40505 
vt 1.45272 1.39362 
vt 1.45272 1.3504 
vt 1.46908 1.34519 
vt 1.48543 1.3504 
vt 1.48543 1.39362 
vt 1.48543 1.40505 
vt 1.46908 1.41186 
vt 1.46907 1.44974 
vt 1.45099 1.44974 
vt 1.48716 1.44974 
vt 1.46907 1.43727 
vt 1.49166 1.43727 
vt 1.44649 1.43727 
vt 1.48776 1.4248 
vt 1.45038 1.4248 
vt 1.46907 1.4248 
vt 1.44085 1.36975 
vt 1.44285 1.36975 
vt 1.44285 1.39478 
vt 1.44085 1.38227 
vt 1.44085 1.39478 
vt 1.44285 1.38227 
vt 1.45054 1.34534 
vt 1.45054 1.42746 
vt 1.48761 1.34534 
vt 1.45054 1.42746 
vt 1.48761 1.42746 
vt 1.46908 1.43272 
vt 1.46908 1.33884 
vt 1.48761 1.34534 
vt 1.45054 1.34534 
vt 1.46908 1.37882 
vt 1.48761 1.37356 
vt 1.45054 1.37356 
vt 1.48761 1.37356 
vt 1.45054 1.37356 
vt 1.46908 1.37998 
vt 1.46908 1.35272 
vt 1.48761 1.35288 
vt 1.45054 1.35288 
vt 1.63252 1.36766 
vt 1.64155 1.36766 
vt 1.64155 1.36172 
vt 1.63252 1.36172 
vt 1.64155 1.35577 
vt 1.63252 1.36766 
vt 1.63252 1.35577 
vt 1.63002 1.36172 
vt 1.62183 1.38763 
vt 1.59101 1.36172 
vt 1.4762 1.37807 
vt 1.47099 1.36172 
vt 1.59101 1.37807 
vt 1.4762 1.34536 
vt 1.59101 1.34536 
vt 1.33515 1.38025 
vt 1.33515 1.34318 
vt 1.33342 1.36172 
vt 1.37013 1.38025 
vt 1.37013 1.34318 
vt 1.37253 1.36172 
vt 1.47755 1.38025 
vt 1.47755 1.34318 
vt 1.47923 1.36172 
vt 1.49183 1.38025 
vt 1.49183 1.34318 
vt 1.49325 1.36172 
vt 1.50274 1.38025 
vt 1.50274 1.34318 
vt 1.50749 1.36172 
vt 1.50782 1.36172 
vt 1.50274 1.34318 
vt 1.49183 1.38025 
vt 1.34933 1.36172 
vt 1.34449 1.38025 
vt 1.34449 1.34318 
vt 1.3767 1.38025 
vt 1.3767 1.34318 
vt 1.38084 1.36172 
vt 1.40705 1.36172 
vt 1.40361 1.38025 
vt 1.40361 1.34318 
vt 1.45247 1.38025 
vt 1.45247 1.34318 
vt 1.45029 1.36172 
vt 1.54862 1.38794 
vt 1.54862 1.38994 
vt 1.53611 1.38794 
vt 1.53611 1.38994 
vt 1.52359 1.38794 
vt 1.52359 1.38994 
vt 1.48608 1.38025 
vt 1.48987 1.36172 
vt 1.48608 1.34318 
vt 1.45907 1.36172 
vt 1.46143 1.38025 
vt 1.46143 1.34318 
vt 1.32564 1.38025 
vt 1.32564 1.34318 
vt 1.32083 1.36172 
vt 1.34137 1.36172 
vt 1.34611 1.38025 
vt 1.34611 1.34318 
vt 1.52859 1.38991 
vt 1.50942 1.33668 
vt 1.55497 1.38675 
vt 1.55497 1.36172 
vt 1.53611 1.38675 
vt 1.55497 1.33668 
vt 1.53611 1.36172 
vt 1.51724 1.38675 
vt 1.53611 1.33668 
vt 1.51724 1.36172 
vt 1.51724 1.33668 
vt 1.54362 1.33352 
vt 1.52859 1.33549 
vt 1.54362 1.33549 
vt 1.52859 1.33352 
vt 1.53611 1.33352 
vt 1.53611 1.33549 
vt 1.52548 1.38991 
vt 1.52859 1.38991 
vt 1.52859 1.38794 
vt 1.53611 1.38991 
vt 1.54362 1.38794 
vt 1.53611 1.38794 
vt 1.54362 1.38991 
vt 1.5033 1.36172 
vt 1.61752 1.37021 
vt 1.64155 1.37021 
vt 1.64155 1.37373 
vt 1.61752 1.36172 
vt 1.61752 1.37373 
vt 1.64155 1.36172 
vt 1.61752 1.35322 
vt 1.64155 1.35322 
vt 1.61752 1.3497 
vt 1.64155 1.3497 
vt 1.37115 1.3804 
vt 1.37115 1.34302 
vt 1.37115 1.36171 
vt 1.45709 1.36172 
vt 1.45709 1.34095 
vt 1.45709 1.38248 
vt 1.46517 1.34095 
vt 1.46517 1.36172 
vt 1.46517 1.38248 
vt 1.62183 1.34095 
vt 1.62183 1.38248 
vt 1.63002 1.36172 
vt 1.52359 1.33549 
vt 1.52359 1.33349 
vt 1.53611 1.33549 
vt 1.53611 1.33349 
vt 1.54862 1.33549 
vt 1.54862 1.33349 
vt 1.57609 1.35548 
vt 1.60873 1.35548 
vt 1.60873 1.36795 
vt 1.57609 1.36795 
vt 1.60449 1.34318 
vt 1.60449 1.38025 
vt 1.60828 1.36172 
vt 1.56309 1.36172 
vt 1.56671 1.38025 
vt 1.56671 1.34318 
vt 1.30564 1.44773 
vt 1.29661 1.44773 
vt 1.30564 1.44178 
vt 1.29661 1.44178 
vt 1.30564 1.43583 
vt 1.29661 1.43583 
vt 1.30813 1.43727 
vt 1.34715 1.34303 
vt 1.60877 1.38112 
vt 1.62957 1.36629 
vt 1.63616 1.34166 
vt 1.60474 1.2485 
vt 1.56562 1.25838 
vt 1.43034 1.37613 
vt 1.55791 1.31112 
vt 1.38435 1.38227 
vt 1.38953 1.36975 
vt 1.38953 1.39478 
vt 1.40205 1.39997 
vt 1.40205 1.36456 
vt 1.41457 1.36975 
vt 1.41457 1.39478 
vt 1.41976 1.38227 
vt 1.60997 1.45538 
vt 1.32942 1.46214 
vt 1.3433 1.47275 
vt 1.33255 1.47275 
vt 1.36206 1.46214 
vt 1.39143 1.38227 
vt 1.40205 1.39289 
vt 1.39454 1.38978 
vt 1.40205 1.37164 
vt 1.39454 1.37475 
vt 1.41267 1.38227 
vt 1.40956 1.38978 
vt 1.40956 1.37475 
vt 1.40956 1.37475 
vt 1.40205 1.3603 
vt 1.42092 1.3634 
vt 1.41759 1.36673 
vt 1.40205 1.35558 
vt 1.42873 1.38227 
vt 1.38318 1.3634 
vt 1.42402 1.38227 
vt 1.41976 1.38227 
vt 1.41759 1.3978 
vt 1.41457 1.36975 
vt 1.40205 1.36456 
vt 1.38953 1.36975 
vt 1.42092 1.40113 
vt 1.41457 1.39478 
vt 1.40205 1.40895 
vt 1.40205 1.39997 
vt 1.40205 1.40424 
vt 1.38652 1.3978 
vt 1.38318 1.40113 
vt 1.38953 1.39478 
vt 1.37537 1.38227 
vt 1.38435 1.38227 
vt 1.38008 1.38227 
vt 1.38652 1.36673 
vt 1.31632 1.45604 
vt 1.48921 1.45511 
vt 1.48113 1.46281 
vt 1.32309 1.46281 
vt 1.31632 1.43727 
vt 1.31632 1.4185 
vt 1.47298 1.4185 
vt 1.48107 1.4248 
vt 1.5777 1.43727 
vt 1.56701 1.4248 
vt 1.52795 1.45511 
vt 1.56402 1.45627 
vt 1.53964 1.46281 
vt 1.58839 1.44974 
vt 1.40205 1.35558 
vt 1.42092 1.40113 
vt 1.41457 1.36975 
vt 1.40205 1.40895 
vt 1.37537 1.38227 
vt 1.31827 1.37356 
vt 1.33367 1.34534 
vt 1.35677 1.37356 
vt 1.37145 1.34534 
vt 1.3761 1.35288 
vt 1.36447 1.37356 
vt 1.31827 1.41896 
vt 1.35677 1.42746 
vt 1.32677 1.42746 
vt 1.59205 1.41576 
vt 1.53455 1.41226 
vt 1.59205 1.40515 
vt 1.53455 1.40101 
vt 1.56146 1.35434 
vt 1.60455 1.37765 
vt 1.59366 1.33126 
vt 1.62543 1.36272 
vt 1.63616 1.34166 
vt 1.59375 1.31619 
vt 1.62887 1.28775 
vt 1.58132 1.30372 
vt 1.603 1.25367 
vt 1.56803 1.26328 
vt 1.55604 1.30599 
vt 1.4606 1.33992 
vt 1.49377 1.35123 
vt 1.47372 1.38585 
vt 1.44633 1.38585 
vt 1.43541 1.37411 
vt 1.44633 1.33992 
vt 1.43541 1.34666 
vt 1.61324 1.4435 
vt 1.59198 1.45074 
vt 1.61252 1.43067 
vt 1.60761 1.45046 
vt 1.53455 1.43265 
vt 1.48569 1.41226 
vt 1.45207 1.43265 
vt 1.47672 1.40201 
vt 1.45207 1.40201 
vt 1.40956 1.38978 
vt 1.41267 1.38227 
vt 1.40205 1.37164 
vt 1.34715 1.42255 
vt 1.42965 1.40505 
vt 1.42965 1.42255 
vt 1.34715 1.3504 
vt 1.46195 1.3504 
vt 1.46195 1.39362 
vt 1.45052 1.40505 
vt 1.53713 1.46066 
vt 1.54733 1.47494 
vt 1.53713 1.46969 
vt 1.57253 1.46066 
vt 1.57253 1.47494 
vt 1.43486 1.42776 
vt 1.46876 1.39644 
vt 1.45052 1.40505 
vt 1.46195 1.3504 
vt 1.32063 1.42977 
vt 1.32063 1.43329 
vt 1.29661 1.43329 
vt 1.29661 1.45379 
vt 1.32063 1.44178 
vt 1.32063 1.45379 
vt 1.29661 1.44178 
vt 1.29661 1.45027 
vt 1.32063 1.45027 
vt 1.54733 1.47494 
vt 1.57253 1.46874 
vt 1.57253 1.47494 
vt 1.53713 1.46874 

usemtl Meshpart2Mtl

f 1395/1395/1395 1396/1396/1396 1397/1397/1397 
f 1398/1398/1398 1397/1397/1397 1396/1396/1396 
f 1396/1396/1396 1395/1395/1395 1399/1399/1399 
f 1396/1396/1396 1400/1400/1400 1398/1398/1398 
f 1401/1401/1401 1399/1399/1399 1395/1395/1395 
f 1400/1400/1400 1402/1402/1402 1398/1398/1398 
f 1401/1401/1401 1395/1395/1395 1403/1403/1403 
f 1402/1402/1402 1400/1400/1400 1404/1404/1404 
f 1405/1405/1405 1401/1401/1401 1403/1403/1403 
f 1406/1406/1406 1402/1402/1402 1404/1404/1404 
f 1401/1401/1401 1405/1405/1405 1407/1407/1407 
f 1402/1402/1402 1406/1406/1406 1408/1408/1408 
f 1405/1405/1405 1409/1409/1409 1407/1407/1407 
f 1409/1409/1409 1408/1408/1408 1406/1406/1406 
f 1409/1409/1409 1405/1405/1405 1410/1410/1410 
f 1408/1408/1408 1409/1409/1409 1410/1410/1410 
f 1412/1412/1412 1413/1413/1413 1411/1411/1411 
f 1415/1415/1415 1412/1412/1412 1414/1414/1414 
f 1415/1415/1415 1413/1413/1413 1412/1412/1412 
f 1419/1419/1419 1413/1413/1413 1415/1415/1415 
f 1419/1419/1419 1415/1415/1415 1417/1417/1417 
f 1413/1413/1413 1419/1419/1419 1416/1416/1416 
f 1420/1420/1420 1421/1421/1421 1422/1422/1422 
f 1422/1422/1422 1423/1423/1423 1420/1420/1420 
f 1424/1424/1424 1422/1422/1422 1421/1421/1421 
f 1421/1421/1421 1425/1425/1425 1424/1424/1424 
f 1426/1426/1426 1421/1421/1421 1420/1420/1420 
f 1426/1426/1426 1425/1425/1425 1421/1421/1421 
f 1427/1427/1427 1426/1426/1426 1420/1420/1420 
f 1425/1425/1425 1426/1426/1426 1428/1428/1428 
f 1429/1429/1429 1426/1426/1426 1427/1427/1427 
f 1428/1428/1428 1426/1426/1426 1430/1430/1430 
f 1426/1426/1426 1429/1429/1429 1431/1431/1431 
f 1430/1430/1430 1426/1426/1426 1431/1431/1431 
f 1432/1432/1432 1433/1433/1433 1434/1434/1434 
f 1435/1435/1435 1433/1433/1433 1432/1432/1432 
f 1438/1438/1438 1439/1439/1439 1436/1436/1436 
f 1437/1437/1437 1439/1439/1439 1438/1438/1438 
f 1439/1439/1439 1440/1440/1440 1436/1436/1436 
f 1439/1439/1439 1437/1437/1437 1441/1441/1441 
f 1439/1439/1439 1442/1442/1442 1440/1440/1440 
f 1439/1439/1439 1441/1441/1441 1443/1443/1443 
f 1442/1442/1442 1439/1439/1439 1444/1444/1444 
f 1443/1443/1443 1444/1444/1444 1439/1439/1439 
f 1446/1446/1446 1449/1449/1449 1447/1447/1447 
f 1446/1446/1446 1448/1448/1448 1450/1450/1450 
f 1449/1449/1449 1446/1446/1446 1451/1451/1451 
f 1450/1450/1450 1451/1451/1451 1446/1446/1446 
f 1451/1451/1451 1452/1452/1452 1449/1449/1449 
f 1450/1450/1450 1452/1452/1452 1451/1451/1451 
f 1452/1452/1452 1453/1453/1453 1449/1449/1449 
f 1452/1452/1452 1450/1450/1450 1454/1454/1454 
f 1457/1457/1457 1458/1458/1458 1455/1455/1455 
f 1456/1456/1456 1458/1458/1458 1457/1457/1457 
f 1459/1459/1459 1455/1455/1455 1458/1458/1458 
f 1458/1458/1458 1456/1456/1456 1460/1460/1460 
f 1461/1461/1461 1459/1459/1459 1458/1458/1458 
f 1460/1460/1460 1461/1461/1461 1458/1458/1458 
f 1459/1459/1459 1461/1461/1461 1462/1462/1462 
f 1463/1463/1463 1461/1461/1461 1460/1460/1460 
f 1468/1468/1468 1464/1464/1464 1466/1466/1466 
f 1467/1467/1467 1469/1469/1469 1465/1465/1465 
f 1468/1468/1468 1466/1466/1466 1469/1469/1469 
f 1467/1467/1467 1468/1468/1468 1469/1469/1469 
f 1470/1470/1470 1471/1471/1471 1472/1472/1472 
f 1471/1471/1471 1470/1470/1470 1473/1473/1473 
f 1474/1474/1474 1470/1470/1470 1472/1472/1472 
f 1474/1474/1474 1475/1475/1475 1470/1470/1470 
f 1484/1484/1484 1485/1485/1485 1483/1483/1483 
f 1486/1486/1486 1485/1485/1485 1484/1484/1484 
f 1485/1485/1485 1486/1486/1486 1487/1487/1487 
f 1486/1486/1486 1488/1488/1488 1487/1487/1487 
f 1493/1493/1493 1489/1489/1489 1491/1491/1491 
f 1489/1489/1489 1493/1493/1493 1494/1494/1494 
f 1494/1494/1494 1490/1490/1490 1489/1489/1489 
f 1495/1495/1495 1494/1494/1494 1493/1493/1493 
f 1490/1490/1490 1494/1494/1494 1496/1496/1496 
f 1494/1494/1494 1495/1495/1495 1497/1497/1497 
f 1497/1497/1497 1496/1496/1496 1494/1494/1494 
f 1496/1496/1496 1497/1497/1497 1498/1498/1498 
f 1502/1502/1502 1500/1500/1500 1501/1501/1501 
f 1502/1502/1502 1501/1501/1501 1503/1503/1503 
f 1504/1504/1504 1502/1502/1502 1503/1503/1503 
f 1504/1504/1504 1503/1503/1503 1505/1505/1505 
f 1507/1507/1507 1508/1508/1508 1506/1506/1506 
f 1508/1508/1508 1507/1507/1507 1509/1509/1509 
f 1509/1509/1509 1511/1511/1511 1508/1508/1508 
f 1511/1511/1511 1509/1509/1509 1513/1513/1513 
f 1515/1515/1515 1516/1516/1516 1517/1517/1517 
f 1516/1516/1516 1515/1515/1515 1518/1518/1518 
f 1517/1517/1517 1519/1519/1519 1515/1515/1515 
f 1519/1519/1519 1517/1517/1517 1520/1520/1520 
f 1521/1521/1521 1522/1522/1522 1523/1523/1523 
f 1523/1523/1523 1522/1522/1522 1524/1524/1524 
f 1522/1522/1522 1521/1521/1521 1525/1525/1525 
f 1527/1527/1527 1522/1522/1522 1525/1525/1525 
f 1522/1522/1522 1527/1527/1527 1528/1528/1528 
f 1529/1529/1529 1522/1522/1522 1528/1528/1528 
f 1522/1522/1522 1529/1529/1529 1532/1532/1532 
f 1524/1524/1524 1522/1522/1522 1532/1532/1532 
f 1534/1534/1534 1535/1535/1535 1533/1533/1533 
f 1535/1535/1535 1534/1534/1534 1536/1536/1536 
f 1536/1536/1536 1537/1537/1537 1535/1535/1535 
f 1537/1537/1537 1536/1536/1536 1538/1538/1538 
f 1541/1541/1541 1542/1542/1542 1543/1543/1543 
f 1541/1541/1541 1543/1543/1543 1544/1544/1544 
f 1545/1545/1545 1546/1546/1546 1547/1547/1547 
f 1545/1545/1545 1547/1547/1547 1548/1548/1548 
f 1549/1549/1549 1550/1550/1550 1551/1551/1551 
f 1551/1551/1551 1552/1552/1552 1549/1549/1549 
f 1551/1551/1551 1553/1553/1553 1552/1552/1552 
f 1553/1553/1553 1551/1551/1551 1554/1554/1554 
f 1555/1555/1555 1558/1558/1558 1556/1556/1556 
f 1559/1559/1559 1555/1555/1555 1557/1557/1557 
f 1558/1558/1558 1555/1555/1555 1560/1560/1560 
f 1555/1555/1555 1559/1559/1559 1560/1560/1560 
f 1565/1565/1565 1566/1566/1566 1563/1563/1563 
f 1564/1564/1564 1567/1567/1567 1565/1565/1565 
f 1566/1566/1566 1565/1565/1565 1568/1568/1568 
f 1567/1567/1567 1568/1568/1568 1565/1565/1565 
f 1569/1569/1569 1572/1572/1572 1570/1570/1570 
f 1571/1571/1571 1573/1573/1573 1569/1569/1569 
f 1572/1572/1572 1569/1569/1569 1574/1574/1574 
f 1574/1574/1574 1569/1569/1569 1573/1573/1573 
f 1574/1574/1574 1575/1575/1575 1572/1572/1572 
f 1573/1573/1573 1575/1575/1575 1574/1574/1574 
f 1575/1575/1575 1576/1576/1576 1572/1572/1572 
f 1575/1575/1575 1573/1573/1573 1577/1577/1577 
f 1581/1581/1581 1582/1582/1582 1580/1580/1580 
f 1581/1581/1581 1583/1583/1583 1582/1582/1582 
f 1583/1583/1583 1584/1584/1584 1582/1582/1582 
f 1583/1583/1583 1585/1585/1585 1584/1584/1584 
f 1588/1588/1588 1589/1589/1589 1586/1586/1586 
f 1589/1589/1589 1587/1587/1587 1586/1586/1586 
f 1588/1588/1588 1590/1590/1590 1589/1589/1589 
f 1587/1587/1587 1589/1589/1589 1591/1591/1591 
f 1592/1592/1592 1591/1591/1591 1589/1589/1589 
f 1590/1590/1590 1592/1592/1592 1589/1589/1589 
f 1591/1591/1591 1592/1592/1592 1593/1593/1593 
f 1592/1592/1592 1590/1590/1590 1594/1594/1594 
f 1592/1592/1592 1595/1595/1595 1593/1593/1593 
f 1596/1596/1596 1592/1592/1592 1594/1594/1594 
f 1595/1595/1595 1592/1592/1592 1597/1597/1597 
f 1592/1592/1592 1596/1596/1596 1597/1597/1597 
f 1606/1606/1606 1607/1607/1607 1608/1608/1608 
f 1607/1607/1607 1609/1609/1609 1608/1608/1608 
f 1607/1607/1607 1610/1610/1610 1609/1609/1609 
f 1606/1606/1606 1608/1608/1608 1611/1611/1611 
f 1612/1612/1612 1614/1614/1614 1613/1613/1613 
f 1612/1612/1612 1615/1615/1615 1614/1614/1614 
f 1615/1615/1615 1616/1616/1616 1614/1614/1614 
f 1615/1615/1615 1617/1617/1617 1616/1616/1616 
f 1618/1618/1618 1619/1619/1619 1620/1620/1620 
f 1621/1621/1621 1620/1620/1620 1619/1619/1619 
f 1620/1620/1620 1621/1621/1621 1622/1622/1622 
f 1619/1619/1619 1618/1618/1618 1623/1623/1623 
f 1619/1619/1619 1625/1625/1625 1621/1621/1621 
f 1625/1625/1625 1619/1619/1619 1626/1626/1626 
f 1623/1623/1623 1626/1626/1626 1619/1619/1619 
f 1626/1626/1626 1623/1623/1623 1627/1627/1627 
f 1630/1630/1630 1631/1631/1631 1632/1632/1632 
f 1631/1631/1631 1633/1633/1633 1632/1632/1632 
f 1630/1630/1630 1632/1632/1632 1634/1634/1634 
f 1631/1631/1631 1635/1635/1635 1633/1633/1633 
f 1636/1636/1636 1637/1637/1637 1638/1638/1638 
f 1637/1637/1637 1636/1636/1636 1639/1639/1639 
f 1640/1640/1640 1637/1637/1637 1639/1639/1639 
f 1640/1640/1640 1639/1639/1639 1641/1641/1641 
f 1642/1642/1642 1643/1643/1643 1644/1644/1644 
f 1643/1643/1643 1642/1642/1642 1645/1645/1645 
f 1644/1644/1644 1643/1643/1643 1646/1646/1646 
f 1647/1647/1647 1646/1646/1646 1643/1643/1643 
f 1648/1648/1648 1649/1649/1649 1650/1650/1650 
f 1648/1648/1648 1650/1650/1650 1651/1651/1651 
f 1655/1655/1655 1652/1652/1652 1654/1654/1654 
f 1655/1655/1655 1654/1654/1654 1653/1653/1653 
f 1652/1652/1652 1655/1655/1655 1656/1656/1656 
f 1653/1653/1653 1657/1657/1657 1655/1655/1655 
f 1660/1660/1660 1659/1659/1659 1658/1658/1658 
f 1660/1660/1660 1661/1661/1661 1659/1659/1659 
f 1662/1662/1662 1661/1661/1661 1660/1660/1660 
f 1662/1662/1662 1663/1663/1663 1661/1661/1661 
f 1664/1664/1664 1665/1665/1665 1666/1666/1666 
f 1665/1665/1665 1664/1664/1664 1667/1667/1667 
f 1665/1665/1665 1668/1668/1668 1666/1666/1666 
f 1669/1669/1669 1666/1666/1666 1668/1668/1668 
f 1668/1668/1668 1665/1665/1665 1670/1670/1670 
f 1666/1666/1666 1669/1669/1669 1671/1671/1671 
f 1671/1671/1671 1664/1664/1664 1666/1666/1666 
f 1672/1672/1672 1671/1671/1671 1669/1669/1669 
f 1664/1664/1664 1671/1671/1671 1673/1673/1673 
f 1671/1671/1671 1672/1672/1672 1674/1674/1674 
f 1674/1674/1674 1673/1673/1673 1671/1671/1671 
f 1675/1675/1675 1674/1674/1674 1672/1672/1672 
f 1673/1673/1673 1674/1674/1674 1676/1676/1676 
f 1674/1674/1674 1675/1675/1675 1677/1677/1677 
f 1677/1677/1677 1676/1676/1676 1674/1674/1674 
f 1678/1678/1678 1677/1677/1677 1675/1675/1675 
f 1676/1676/1676 1677/1677/1677 1679/1679/1679 
f 1677/1677/1677 1678/1678/1678 1680/1680/1680 
f 1680/1680/1680 1679/1679/1679 1677/1677/1677 
f 1679/1679/1679 1680/1680/1680 1681/1681/1681 
f 1685/1685/1685 1686/1686/1686 1684/1684/1684 
f 1686/1686/1686 1685/1685/1685 1687/1687/1687 
f 1687/1687/1687 1688/1688/1688 1686/1686/1686 
f 1688/1688/1688 1687/1687/1687 1689/1689/1689 
f 1690/1690/1690 1692/1692/1692 1691/1691/1691 
f 1692/1692/1692 1690/1690/1690 1693/1693/1693 
f 1694/1694/1694 1691/1691/1691 1692/1692/1692 
f 1692/1692/1692 1695/1695/1695 1694/1694/1694 
f 1696/1696/1696 1692/1692/1692 1693/1693/1693 
f 1692/1692/1692 1697/1697/1697 1695/1695/1695 
f 1692/1692/1692 1696/1696/1696 1698/1698/1698 
f 1692/1692/1692 1698/1698/1698 1697/1697/1697 
f 1702/1702/1702 1700/1700/1700 1699/1699/1699 
f 1703/1703/1703 1699/1699/1699 1701/1701/1701 
f 1704/1704/1704 1702/1702/1702 1699/1699/1699 
f 1699/1699/1699 1703/1703/1703 1704/1704/1704 
f 1708/1708/1708 1706/1706/1706 1707/1707/1707 
f 1709/1709/1709 1710/1710/1710 1711/1711/1711 
f 1711/1711/1711 1708/1708/1708 1707/1707/1707 
f 1710/1710/1710 1708/1708/1708 1711/1711/1711 
f 1731/1731/1731 1732/1732/1732 1733/1733/1733 
f 1732/1732/1732 1734/1734/1734 1733/1733/1733 
f 1735/1735/1735 1736/1736/1736 1737/1737/1737 
f 1735/1735/1735 1738/1738/1738 1736/1736/1736 
f 1739/1739/1739 1738/1738/1738 1735/1735/1735 
f 1738/1738/1738 1739/1739/1739 1740/1740/1740 
f 1740/1740/1740 1741/1741/1741 1738/1738/1738 
f 1741/1741/1741 1740/1740/1740 1742/1742/1742 
f 1743/1743/1743 1744/1744/1744 1745/1745/1745 
f 1744/1744/1744 1743/1743/1743 1746/1746/1746 
f 1743/1743/1743 1745/1745/1745 1747/1747/1747 
f 1747/1747/1747 1748/1748/1748 1749/1749/1749 
f 1748/1748/1748 1747/1747/1747 1750/1750/1750 
f 1751/1751/1751 1747/1747/1747 1745/1745/1745 
f 1747/1747/1747 1751/1751/1751 1750/1750/1750 
f 1750/1750/1750 1751/1751/1751 1752/1752/1752 
f 1751/1751/1751 1745/1745/1745 1753/1753/1753 
f 1753/1753/1753 1754/1754/1754 1751/1751/1751 
f 1751/1751/1751 1754/1754/1754 1755/1755/1755 
f 1754/1754/1754 1753/1753/1753 1756/1756/1756 
f 1757/1757/1757 1758/1758/1758 1759/1759/1759 
f 1759/1759/1759 1760/1760/1760 1757/1757/1757 
f 1761/1761/1761 1757/1757/1757 1760/1760/1760 
f 1762/1762/1762 1759/1759/1759 1758/1758/1758 
f 1759/1759/1759 1762/1762/1762 1763/1763/1763 
f 1762/1762/1762 1764/1764/1764 1763/1763/1763 
f 1758/1758/1758 1765/1765/1765 1762/1762/1762 
f 1765/1765/1765 1758/1758/1758 1766/1766/1766 
f 1767/1767/1767 1766/1766/1766 1758/1758/1758 
f 1758/1758/1758 1757/1757/1757 1767/1767/1767 
f 1765/1765/1765 1768/1768/1768 1762/1762/1762 
f 1764/1764/1764 1762/1762/1762 1768/1768/1768 
f 1768/1768/1768 1765/1765/1765 1769/1769/1769 
f 1770/1770/1770 1768/1768/1768 1769/1769/1769 
f 1771/1771/1771 1764/1764/1764 1768/1768/1768 
f 1768/1768/1768 1770/1770/1770 1771/1771/1771 
f 1764/1764/1764 1771/1771/1771 1772/1772/1772 
f 1771/1771/1771 1773/1773/1773 1772/1772/1772 
f 1770/1770/1770 1774/1774/1774 1771/1771/1771 
f 1773/1773/1773 1771/1771/1771 1774/1774/1774 
f 1774/1774/1774 1770/1770/1770 1775/1775/1775 
f 1776/1776/1776 1774/1774/1774 1775/1775/1775 
f 1777/1777/1777 1773/1773/1773 1774/1774/1774 
f 1774/1774/1774 1776/1776/1776 1777/1777/1777 
f 1773/1773/1773 1777/1777/1777 1778/1778/1778 
f 1761/1761/1761 1778/1778/1778 1777/1777/1777 
f 1779/1779/1779 1777/1777/1777 1776/1776/1776 
f 1761/1761/1761 1777/1777/1777 1779/1779/1779 
f 1779/1779/1779 1776/1776/1776 1780/1780/1780 
f 1757/1757/1757 1761/1761/1761 1779/1779/1779 
f 1767/1767/1767 1779/1779/1779 1780/1780/1780 
f 1779/1779/1779 1767/1767/1767 1757/1757/1757 
f 1781/1781/1781 1782/1782/1782 1783/1783/1783 
f 1782/1782/1782 1781/1781/1781 1784/1784/1784 
f 1784/1784/1784 1781/1781/1781 1785/1785/1785 
f 1781/1781/1781 1783/1783/1783 1786/1786/1786 
f 1786/1786/1786 1787/1787/1787 1781/1781/1781 
f 1787/1787/1787 1788/1788/1788 1781/1781/1781 
f 1788/1788/1788 1787/1787/1787 1789/1789/1789 
f 1790/1790/1790 1791/1791/1791 1792/1792/1792 
f 1791/1791/1791 1793/1793/1793 1792/1792/1792 
f 1794/1794/1794 1793/1793/1793 1791/1791/1791 
f 1793/1793/1793 1794/1794/1794 1795/1795/1795 
f 1795/1795/1795 1796/1796/1796 1793/1793/1793 
f 1797/1797/1797 1793/1793/1793 1796/1796/1796 
f 1793/1793/1793 1797/1797/1797 1798/1798/1798 
f 1799/1799/1799 1798/1798/1798 1797/1797/1797 
f 1798/1798/1798 1799/1799/1799 1800/1800/1800 
f 1799/1799/1799 1801/1801/1801 1800/1800/1800 
f 1802/1802/1802 1801/1801/1801 1799/1799/1799 
f 1801/1801/1801 1802/1802/1802 1803/1803/1803 
f 1804/1804/1804 1803/1803/1803 1802/1802/1802 
f 1803/1803/1803 1804/1804/1804 1805/1805/1805 
f 1805/1805/1805 1804/1804/1804 1806/1806/1806 
f 1807/1807/1807 1806/1806/1806 1804/1804/1804 
f 1807/1807/1807 1808/1808/1808 1806/1806/1806 
f 1809/1809/1809 1808/1808/1808 1807/1807/1807 
f 1808/1808/1808 1809/1809/1809 1810/1810/1810 
f 1810/1810/1810 1811/1811/1811 1808/1808/1808 
f 1811/1811/1811 1810/1810/1810 1812/1812/1812 
f 1810/1810/1810 1813/1813/1813 1812/1812/1812 
f 1811/1811/1811 1812/1812/1812 1814/1814/1814 
f 1812/1812/1812 1813/1813/1813 1815/1815/1815 
f 1816/1816/1816 1815/1815/1815 1813/1813/1813 
f 1815/1815/1815 1816/1816/1816 1817/1817/1817 
f 1814/1814/1814 1818/1818/1818 1811/1811/1811 
f 1818/1818/1818 1814/1814/1814 1819/1819/1819 
f 1819/1819/1819 1814/1814/1814 1820/1820/1820 
f 1827/1827/1827 1828/1828/1828 1829/1829/1829 
f 1828/1828/1828 1827/1827/1827 1830/1830/1830 
f 1827/1827/1827 1831/1831/1831 1830/1830/1830 
f 1831/1831/1831 1827/1827/1827 1832/1832/1832 
f 1827/1827/1827 1833/1833/1833 1832/1832/1832 
f 1834/1834/1834 1835/1835/1835 1836/1836/1836 
f 1836/1836/1836 1835/1835/1835 1837/1837/1837 
f 1834/1834/1834 1836/1836/1836 1838/1838/1838 
f 1843/1843/1843 1844/1844/1844 1845/1845/1845 
f 1843/1843/1843 1845/1845/1845 1847/1847/1847 
f 1847/1847/1847 1845/1845/1845 1848/1848/1848 
f 1847/1847/1847 1848/1848/1848 1849/1849/1849 
f 1852/1852/1852 1853/1853/1853 1854/1854/1854 
f 1852/1852/1852 1854/1854/1854 1855/1855/1855 
f 1859/1859/1859 1860/1860/1860 1861/1861/1861 
f 1862/1862/1862 1859/1859/1859 1861/1861/1861 
f 1862/1862/1862 1861/1861/1861 1863/1863/1863 
f 1860/1860/1860 1859/1859/1859 1864/1864/1864 
f 1860/1860/1860 1864/1864/1864 1865/1865/1865 
f 1860/1860/1860 1865/1865/1865 1866/1866/1866 
f 1867/1867/1867 1868/1868/1868 1869/1869/1869 
f 1868/1868/1868 1870/1870/1870 1871/1871/1871 
f 1875/1875/1875 1872/1872/1872 1874/1874/1874 
f 1873/1873/1873 1875/1875/1875 1874/1874/1874 
f 1872/1872/1872 1875/1875/1875 1876/1876/1876 
f 1875/1875/1875 1873/1873/1873 1877/1877/1877 
f 1875/1875/1875 1878/1878/1878 1876/1876/1876 
f 1879/1879/1879 1875/1875/1875 1877/1877/1877 
f 1875/1875/1875 1880/1880/1880 1878/1878/1878 
f 1875/1875/1875 1879/1879/1879 1880/1880/1880 
f 1880/1880/1880 1881/1881/1881 1878/1878/1878 
f 1882/1882/1882 1880/1880/1880 1879/1879/1879 
f 1881/1881/1881 1880/1880/1880 1883/1883/1883 
f 1880/1880/1880 1882/1882/1882 1883/1883/1883 
f 1887/1887/1887 1888/1888/1888 1885/1885/1885 
f 1886/1886/1886 1888/1888/1888 1887/1887/1887 
f 1888/1888/1888 1889/1889/1889 1885/1885/1885 
f 1888/1888/1888 1886/1886/1886 1890/1890/1890 
f 1894/1894/1894 1895/1895/1895 1896/1896/1896 
f 1895/1895/1895 1897/1897/1897 1896/1896/1896 
f 1894/1894/1894 1896/1896/1896 1898/1898/1898 
f 1895/1895/1895 1899/1899/1899 1897/1897/1897 
f 1893/1893/1893 1902/1902/1902 1900/1900/1900 
f 1901/1901/1901 1893/1893/1893 1900/1900/1900 
f 1902/1902/1902 1893/1893/1893 1892/1892/1892 
f 1893/1893/1893 1901/1901/1901 1891/1891/1891 
f 1906/1906/1906 1903/1903/1903 1905/1905/1905 
f 1906/1906/1906 1905/1905/1905 1904/1904/1904 
f 1903/1903/1903 1906/1906/1906 1907/1907/1907 
f 1908/1908/1908 1906/1906/1906 1904/1904/1904 
f 1906/1906/1906 1909/1909/1909 1907/1907/1907 
f 1908/1908/1908 1910/1910/1910 1906/1906/1906 
f 1909/1909/1909 1906/1906/1906 1911/1911/1911 
f 1910/1910/1910 1911/1911/1911 1906/1906/1906 
f 1867/1867/1867 1913/1913/1913 1912/1912/1912 
f 1870/1870/1870 1912/1912/1912 1914/1914/1914 
f 1915/1915/1915 1867/1867/1867 1912/1912/1912 
f 1912/1912/1912 1870/1870/1870 1915/1915/1915 
f 1868/1868/1868 1867/1867/1867 1915/1915/1915 
f 1870/1870/1870 1868/1868/1868 1915/1915/1915 
f 1920/1920/1920 1919/1919/1919 1918/1918/1918 
f 1925/1925/1925 1924/1924/1924 1923/1923/1923 
f 1924/1924/1924 1925/1925/1925 1927/1927/1927 
f 1927/1927/1927 1926/1926/1926 1924/1924/1924 
f 1921/1921/1921 1927/1927/1927 1925/1925/1925 
f 1926/1926/1926 1927/1927/1927 1920/1920/1920 
f 1927/1927/1927 1921/1921/1921 1919/1919/1919 
f 1919/1919/1919 1920/1920/1920 1927/1927/1927 
f 1931/1931/1931 1932/1932/1932 1929/1929/1929 
f 1931/1931/1931 1933/1933/1933 1932/1932/1932 
f 1933/1933/1933 1934/1934/1934 1932/1932/1932 
f 1933/1933/1933 1935/1935/1935 1934/1934/1934 
f 1937/1937/1937 1938/1938/1938 1936/1936/1936 
f 1937/1937/1937 1939/1939/1939 1938/1938/1938 
f 1939/1939/1939 1941/1941/1941 1938/1938/1938 
f 1941/1941/1941 1939/1939/1939 1942/1942/1942 
f 1946/1946/1946 1947/1947/1947 1945/1945/1945 
f 1947/1947/1947 1948/1948/1948 1945/1945/1945 
f 1949/1949/1949 1947/1947/1947 1946/1946/1946 
f 1947/1947/1947 1949/1949/1949 1950/1950/1950 
f 1951/1951/1951 1952/1952/1952 1953/1953/1953 
f 1954/1954/1954 1951/1951/1951 1953/1953/1953 
f 1951/1951/1951 1954/1954/1954 1955/1955/1955 
f 1956/1956/1956 1951/1951/1951 1955/1955/1955 
f 1951/1951/1951 1956/1956/1956 1957/1957/1957 
f 1958/1958/1958 1951/1951/1951 1957/1957/1957 
f 1952/1952/1952 1951/1951/1951 1959/1959/1959 
f 1951/1951/1951 1958/1958/1958 1959/1959/1959 
f 1963/1963/1963 1962/1962/1962 1960/1960/1960 
f 1962/1962/1962 1963/1963/1963 1964/1964/1964 
f 1961/1961/1961 1963/1963/1963 1960/1960/1960 
f 1961/1961/1961 1965/1965/1965 1963/1963/1963 
f 1963/1963/1963 1966/1966/1966 1964/1964/1964 
f 1967/1967/1967 1963/1963/1963 1965/1965/1965 
f 1963/1963/1963 1968/1968/1968 1966/1966/1966 
f 1963/1963/1963 1967/1967/1967 1968/1968/1968 
f 1970/1970/1970 1972/1972/1972 1969/1969/1969 
f 1972/1972/1972 1970/1970/1970 1974/1974/1974 
f 1973/1973/1973 1974/1974/1974 1971/1971/1971 
f 1973/1973/1973 1972/1972/1972 1974/1974/1974 
f 1980/1980/1980 1984/1984/1984 1979/1979/1979 
f 1978/1978/1978 1984/1984/1984 1980/1980/1980 
f 1985/1985/1985 1979/1979/1979 1984/1984/1984 
f 1984/1984/1984 1978/1978/1978 1986/1986/1986 
f 1990/1990/1990 1987/1987/1987 1989/1989/1989 
f 1990/1990/1990 1989/1989/1989 1988/1988/1988 
f 1987/1987/1987 1990/1990/1990 1991/1991/1991 
f 1990/1990/1990 1982/1982/1982 1991/1991/1991 
f 1982/1982/1982 1990/1990/1990 1981/1981/1981 
f 1983/1983/1983 1981/1981/1981 1990/1990/1990 
f 1988/1988/1988 1992/1992/1992 1990/1990/1990 
f 1990/1990/1990 1992/1992/1992 1983/1983/1983 
f 1995/1995/1995 1994/1994/1994 1993/1993/1993 
f 1996/1996/1996 1995/1995/1995 1993/1993/1993 
f 1997/1997/1997 1995/1995/1995 1996/1996/1996 
f 1999/1999/1999 1997/1997/1997 1996/1996/1996 
f 2002/2002/2002 2003/2003/2003 2004/2004/2004 
f 2003/2003/2003 2002/2002/2002 2005/2005/2005 
f 2006/2006/2006 2002/2002/2002 2004/2004/2004 
f 2006/2006/2006 2007/2007/2007 2002/2002/2002 
f 2010/2010/2010 2011/2011/2011 2008/2008/2008 
f 2012/2012/2012 2010/2010/2010 2009/2009/2009 
f 2011/2011/2011 2010/2010/2010 2013/2013/2013 
f 2010/2010/2010 2012/2012/2012 2013/2013/2013 
f 2013/2013/2013 2014/2014/2014 2011/2011/2011 
f 2015/2015/2015 2013/2013/2013 2012/2012/2012 
f 2013/2013/2013 2016/2016/2016 2014/2014/2014 
f 2013/2013/2013 2015/2015/2015 2016/2016/2016 
f 2016/2016/2016 2017/2017/2017 2014/2014/2014 
f 2018/2018/2018 2016/2016/2016 2015/2015/2015 
f 2017/2017/2017 2016/2016/2016 2019/2019/2019 
f 2016/2016/2016 2018/2018/2018 2019/2019/2019 
f 2019/2019/2019 2020/2020/2020 2017/2017/2017 
f 2021/2021/2021 2019/2019/2019 2018/2018/2018 
f 2020/2020/2020 2019/2019/2019 2022/2022/2022 
f 2019/2019/2019 2021/2021/2021 2022/2022/2022 
f 2026/2026/2026 2029/2029/2029 2027/2027/2027 
f 2028/2028/2028 2030/2030/2030 2026/2026/2026 
f 2029/2029/2029 2026/2026/2026 2031/2031/2031 
f 2030/2030/2030 2031/2031/2031 2026/2026/2026 
f 2032/2032/2032 2035/2035/2035 2033/2033/2033 
f 2036/2036/2036 2032/2032/2032 2034/2034/2034 
f 2035/2035/2035 2032/2032/2032 2037/2037/2037 
f 2032/2032/2032 2036/2036/2036 2037/2037/2037 
f 2040/2040/2040 2038/2038/2038 2039/2039/2039 
f 2040/2040/2040 2039/2039/2039 2041/2041/2041 
f 2042/2042/2042 2040/2040/2040 2041/2041/2041 
f 2042/2042/2042 2041/2041/2041 2043/2043/2043 
f 2044/2044/2044 2047/2047/2047 2045/2045/2045 
f 2047/2047/2047 2046/2046/2046 2045/2045/2045 
f 2047/2047/2047 2044/2044/2044 2048/2048/2048 
f 2046/2046/2046 2047/2047/2047 2049/2049/2049 
f 2052/2052/2052 2053/2053/2053 2050/2050/2050 
f 2051/2051/2051 2053/2053/2053 2052/2052/2052 
f 2053/2053/2053 2054/2054/2054 2050/2050/2050 
f 2053/2053/2053 2051/2051/2051 2055/2055/2055 
f 2060/2060/2060 2059/2059/2059 2058/2058/2058 
f 2059/2059/2059 2060/2060/2060 2062/2062/2062 
f 2062/2062/2062 2061/2061/2061 2059/2059/2059 
f 2063/2063/2063 2062/2062/2062 2060/2060/2060 
f 2061/2061/2061 2062/2062/2062 2064/2064/2064 
f 2062/2062/2062 2063/2063/2063 2065/2065/2065 
f 2065/2065/2065 2064/2064/2064 2062/2062/2062 
f 2064/2064/2064 2065/2065/2065 2066/2066/2066 
f 2071/2071/2071 2067/2067/2067 2069/2069/2069 
f 2070/2070/2070 2072/2072/2072 2068/2068/2068 
f 2071/2071/2071 2069/2069/2069 2072/2072/2072 
f 2070/2070/2070 2071/2071/2071 2072/2072/2072 
f 2075/2075/2075 2076/2076/2076 2074/2074/2074 
f 2076/2076/2076 2075/2075/2075 2078/2078/2078 
f 2078/2078/2078 2079/2079/2079 2076/2076/2076 
f 2078/2078/2078 2077/2077/2077 2079/2079/2079 
f 2084/2084/2084 2082/2082/2082 2081/2081/2081 
f 2084/2084/2084 2086/2086/2086 2082/2082/2082 
f 2087/2087/2087 2086/2086/2086 2084/2084/2084 
f 2087/2087/2087 2088/2088/2088 2086/2086/2086 
f 2093/2093/2093 2094/2094/2094 2091/2091/2091 
f 2092/2092/2092 2094/2094/2094 2093/2093/2093 
f 2094/2094/2094 2092/2092/2092 2095/2095/2095 
f 2096/2096/2096 2091/2091/2091 2094/2094/2094 
f 2094/2094/2094 2095/2095/2095 2097/2097/2097 
f 2096/2096/2096 2094/2094/2094 2098/2098/2098 
f 2097/2097/2097 2098/2098/2098 2094/2094/2094 
f 2098/2098/2098 2099/2099/2099 2096/2096/2096 
f 2100/2100/2100 2098/2098/2098 2097/2097/2097 
f 2098/2098/2098 2101/2101/2101 2099/2099/2099 
f 2098/2098/2098 2100/2100/2100 2102/2102/2102 
f 2098/2098/2098 2102/2102/2102 2101/2101/2101 
f 2104/2104/2104 2105/2105/2105 2103/2103/2103 
f 2105/2105/2105 2104/2104/2104 2106/2106/2106 
f 2106/2106/2106 2107/2107/2107 2105/2105/2105 
f 2107/2107/2107 2106/2106/2106 2108/2108/2108 
f 2109/2109/2109 2110/2110/2110 2111/2111/2111 
f 2109/2109/2109 2111/2111/2111 2112/2112/2112 
f 2116/2116/2116 2115/2115/2115 2114/2114/2114 
f 2116/2116/2116 2113/2113/2113 2115/2115/2115 
f 2116/2116/2116 2114/2114/2114 2117/2117/2117 
f 2113/2113/2113 2116/2116/2116 2118/2118/2118 
f 2119/2119/2119 2120/2120/2120 2121/2121/2121 
f 2120/2120/2120 2122/2122/2122 2121/2121/2121 
f 2121/2121/2121 2122/2122/2122 2123/2123/2123 
f 2122/2122/2122 2124/2124/2124 2123/2123/2123 
f 2143/2143/2143 2144/2144/2144 2145/2145/2145 
f 2144/2144/2144 2143/2143/2143 2146/2146/2146 
f 2147/2147/2147 2148/2148/2148 2149/2149/2149 
f 2148/2148/2148 2147/2147/2147 2150/2150/2150 
f 2150/2150/2150 2147/2147/2147 2151/2151/2151 
f 2150/2150/2150 2152/2152/2152 2148/2148/2148 
f 2148/2148/2148 2152/2152/2152 2153/2153/2153 
f 2152/2152/2152 2150/2150/2150 2154/2154/2154 
f 2156/2156/2156 2157/2157/2157 2158/2158/2158 
f 2157/2157/2157 2156/2156/2156 2159/2159/2159 
f 2160/2160/2160 2158/2158/2158 2157/2157/2157 
f 2156/2156/2156 2161/2161/2161 2159/2159/2159 
f 2158/2158/2158 2160/2160/2160 2162/2162/2162 
f 2163/2163/2163 2158/2158/2158 2162/2162/2162 
f 2160/2160/2160 2164/2164/2164 2162/2162/2162 
f 2164/2164/2164 2163/2163/2163 2162/2162/2162 
f 2158/2158/2158 2163/2163/2163 2165/2165/2165 
f 2156/2156/2156 2158/2158/2158 2165/2165/2165 
f 2165/2165/2165 2166/2166/2166 2156/2156/2156 
f 2167/2167/2167 2156/2156/2156 2166/2166/2166 
f 2160/2160/2160 2168/2168/2168 2164/2164/2164 
f 2163/2163/2163 2164/2164/2164 2169/2169/2169 
f 2170/2170/2170 2164/2164/2164 2168/2168/2168 
f 2171/2171/2171 2169/2169/2169 2164/2164/2164 
f 2164/2164/2164 2170/2170/2170 2172/2172/2172 
f 2164/2164/2164 2172/2172/2172 2171/2171/2171 
f 2170/2170/2170 2173/2173/2173 2172/2172/2172 
f 2173/2173/2173 2171/2171/2171 2172/2172/2172 
f 2173/2173/2173 2170/2170/2170 2174/2174/2174 
f 2171/2171/2171 2173/2173/2173 2175/2175/2175 
f 2176/2176/2176 2173/2173/2173 2174/2174/2174 
f 2173/2173/2173 2177/2177/2177 2175/2175/2175 
f 2173/2173/2173 2176/2176/2176 2178/2178/2178 
f 2173/2173/2173 2178/2178/2178 2177/2177/2177 
f 2176/2176/2176 2179/2179/2179 2178/2178/2178 
f 2179/2179/2179 2177/2177/2177 2178/2178/2178 
f 2177/2177/2177 2179/2179/2179 2167/2167/2167 
f 2176/2176/2176 2161/2161/2161 2179/2179/2179 
f 2156/2156/2156 2167/2167/2167 2179/2179/2179 
f 2161/2161/2161 2156/2156/2156 2179/2179/2179 
f 2180/2180/2180 2181/2181/2181 2182/2182/2182 
f 2180/2180/2180 2182/2182/2182 2183/2183/2183 
f 2181/2181/2181 2180/2180/2180 2184/2184/2184 
f 2185/2185/2185 2186/2186/2186 2184/2184/2184 
f 2187/2187/2187 2184/2184/2184 2186/2186/2186 
f 2188/2188/2188 2181/2181/2181 2184/2184/2184 
f 2188/2188/2188 2184/2184/2184 2187/2187/2187 
f 2188/2188/2188 2187/2187/2187 2189/2189/2189 
f 2181/2181/2181 2188/2188/2188 2190/2190/2190 
f 2188/2188/2188 2191/2191/2191 2190/2190/2190 
f 2190/2190/2190 2191/2191/2191 2192/2192/2192 
f 2191/2191/2191 2188/2188/2188 2193/2193/2193 
f 2199/2199/2199 2200/2200/2200 2201/2201/2201 
f 2201/2201/2201 2200/2200/2200 2202/2202/2202 
f 2201/2201/2201 2202/2202/2202 2203/2203/2203 
f 2201/2201/2201 2203/2203/2203 2204/2204/2204 
f 2201/2201/2201 2205/2205/2205 2199/2199/2199 
f 2206/2206/2206 2205/2205/2205 2201/2201/2201 
f 2205/2205/2205 2206/2206/2206 2207/2207/2207 
f 2208/2208/2208 2209/2209/2209 2210/2210/2210 
f 2211/2211/2211 2210/2210/2210 2209/2209/2209 
f 2210/2210/2210 2211/2211/2211 2212/2212/2212 
f 2212/2212/2212 2213/2213/2213 2210/2210/2210 
f 2214/2214/2214 2213/2213/2213 2212/2212/2212 
f 2213/2213/2213 2214/2214/2214 2215/2215/2215 
f 2215/2215/2215 2214/2214/2214 2216/2216/2216 
f 2217/2217/2217 2216/2216/2216 2214/2214/2214 
f 2216/2216/2216 2217/2217/2217 2218/2218/2218 
f 2219/2219/2219 2218/2218/2218 2217/2217/2217 
f 2218/2218/2218 2219/2219/2219 2220/2220/2220 
f 2220/2220/2220 2219/2219/2219 2221/2221/2221 
f 2221/2221/2221 2219/2219/2219 2222/2222/2222 
f 2222/2222/2222 2223/2223/2223 2221/2221/2221 
f 2223/2223/2223 2222/2222/2222 2224/2224/2224 
f 2225/2225/2225 2223/2223/2223 2224/2224/2224 
f 2225/2225/2225 2226/2226/2226 2223/2223/2223 
f 2223/2223/2223 2226/2226/2226 2227/2227/2227 
f 2227/2227/2227 2228/2228/2228 2223/2223/2223 
f 2228/2228/2228 2227/2227/2227 2229/2229/2229 
f 2230/2230/2230 2231/2231/2231 2232/2232/2232 
f 2231/2231/2231 2230/2230/2230 2233/2233/2233 
f 2232/2232/2232 2231/2231/2231 2208/2208/2208 
f 2234/2234/2234 2208/2208/2208 2231/2231/2231 
f 2209/2209/2209 2208/2208/2208 2234/2234/2234 
f 2235/2235/2235 2209/2209/2209 2234/2234/2234 
f 2234/2234/2234 2236/2236/2236 2235/2235/2235 
f 2236/2236/2236 2237/2237/2237 2235/2235/2235 
f 2238/2238/2238 2237/2237/2237 2236/2236/2236 
f 2242/2242/2242 2243/2243/2243 2244/2244/2244 
f 2242/2242/2242 2245/2245/2245 2243/2243/2243 
f 2246/2246/2246 2243/2243/2243 2245/2245/2245 
f 2243/2243/2243 2246/2246/2246 2247/2247/2247 
f 2248/2248/2248 2243/2243/2243 2247/2247/2247 
f 2249/2249/2249 2250/2250/2250 2251/2251/2251 
f 2250/2250/2250 2249/2249/2249 2252/2252/2252 
f 2250/2250/2250 2252/2252/2252 2253/2253/2253 
f 2262/2262/2262 2260/2260/2260 2259/2259/2259 
f 2262/2262/2262 2264/2264/2264 2260/2260/2260 
f 2266/2266/2266 2264/2264/2264 2262/2262/2262 
f 2266/2266/2266 2265/2265/2265 2264/2264/2264 
f 2267/2267/2267 2268/2268/2268 2269/2269/2269 
f 2270/2270/2270 2268/2268/2268 2267/2267/2267 

g Meshpart6

v -79.7877 5.16958 -1.62431 
v -79.7413 5.2637 -1.65158 
v -79.7607 5.2637 -1.59834 
v -79.7233 5.35781 -1.60087 
v -79.7885 5.20723 -1.58198 
v -79.7499 5.32016 -1.56792 
v -79.8171 5.18384 -1.52842 
v -79.7625 5.34355 -1.50854 
v -79.8353 5.1306 -1.53505 
v -79.7443 5.39679 -1.50191 
v -79.8562 5.16958 -1.43609 
v -79.7918 5.3578 -1.41265 
v -79.8296 5.20722 -1.46904 
v -79.791 5.32016 -1.45498 
v -79.8188 5.26369 -1.43862 
v -79.8382 5.26369 -1.38538 
v -80.1624 5.50131 -1.5475 
v -80.1894 5.4072 -1.57348 
v -80.2087 5.4072 -1.52024 
v -80.2267 5.31309 -1.57094 
v -80.1615 5.46367 -1.58983 
v -80.2002 5.35073 -1.6039 
v -80.133 5.48706 -1.64339 
v -80.1876 5.32735 -1.66328 
v -80.1148 5.5403 -1.63676 
v -80.2058 5.27411 -1.66991 
v -80.0939 5.50132 -1.73573 
v -80.1582 5.3131 -1.75916 
v -80.1204 5.46368 -1.70277 
v -80.1591 5.35074 -1.71683 
v -80.1312 5.40721 -1.73319 
v -80.1119 5.40721 -1.78643 

vn 0.88189 -0.338583 0.322835 
vn 0.88189 -0.338583 0.322835 
vn 0.88189 -0.338583 0.322835 
vn 0.88189 -0.338583 0.322835 
vn 0.88189 -0.338583 0.322835 
vn 0.88189 -0.338583 0.322835 
vn 0.88189 -0.338583 0.322835 
vn 0.88189 -0.338583 0.322835 
vn 0.88189 -0.338583 0.322835 
vn 0.88189 -0.338583 0.322835 
vn 0.88189 -0.338583 0.322835 
vn 0.88189 -0.338583 0.322835 
vn 0.88189 -0.338583 0.322835 
vn 0.88189 -0.338583 0.322835 
vn 0.88189 -0.338583 0.322835 
vn 0.88189 -0.338583 0.322835 
vn -0.88189 0.338583 -0.322835 
vn -0.88189 0.338583 -0.322835 
vn -0.88189 0.338583 -0.322835 
vn -0.88189 0.338583 -0.322835 
vn -0.88189 0.338583 -0.322835 
vn -0.88189 0.338583 -0.322835 
vn -0.88189 0.338583 -0.322835 
vn -0.88189 0.338583 -0.322835 
vn -0.88189 0.338583 -0.322835 
vn -0.88189 0.338583 -0.322835 
vn -0.88189 0.338583 -0.322835 
vn -0.88189 0.338583 -0.322835 
vn -0.88189 0.338583 -0.322835 
vn -0.88189 0.338583 -0.322835 
vn -0.88189 0.338583 -0.322835 
vn -0.88189 0.338583 -0.322835 

vt 0.0386375 1.0024 
vt 0.0438232 1.01492 
vt 0.0367412 1.01492 
vt 0.0386375 1.02744 
vt 0.03363 1.00741 
vt 0.03363 1.02244 
vt 0.0261185 1.0043 
vt 0.0261185 1.02555 
vt 0.0261185 0.997219 
vt 0.0261185 1.03263 
vt 0.0135995 1.0024 
vt 0.0135995 1.02744 
vt 0.018607 1.00741 
vt 0.018607 1.02244 
vt 0.0154957 1.01492 
vt 0.00841372 1.01492 
vt 0.0386375 1.02744 
vt 0.0367412 1.01492 
vt 0.0438232 1.01492 
vt 0.0386375 1.0024 
vt 0.03363 1.02244 
vt 0.03363 1.00741 
vt 0.0261185 1.02555 
vt 0.0261185 1.0043 
vt 0.0261185 1.03263 
vt 0.0261185 0.997219 
vt 0.0135995 1.02744 
vt 0.0135995 1.0024 
vt 0.018607 1.02244 
vt 0.018607 1.00741 
vt 0.0154957 1.01492 
vt 0.00841372 1.01492 

usemtl Meshpart3Mtl

f 2271/2271/2271 2272/2272/2272 2273/2273/2273 
f 2274/2274/2274 2273/2273/2273 2272/2272/2272 
f 2271/2271/2271 2273/2273/2273 2275/2275/2275 
f 2273/2273/2273 2274/2274/2274 2276/2276/2276 
f 2277/2277/2277 2271/2271/2271 2275/2275/2275 
f 2274/2274/2274 2278/2278/2278 2276/2276/2276 
f 2271/2271/2271 2277/2277/2277 2279/2279/2279 
f 2278/2278/2278 2274/2274/2274 2280/2280/2280 
f 2281/2281/2281 2279/2279/2279 2277/2277/2277 
f 2282/2282/2282 2278/2278/2278 2280/2280/2280 
f 2283/2283/2283 2281/2281/2281 2277/2277/2277 
f 2278/2278/2278 2282/2282/2282 2284/2284/2284 
f 2285/2285/2285 2281/2281/2281 2283/2283/2283 
f 2282/2282/2282 2285/2285/2285 2284/2284/2284 
f 2281/2281/2281 2285/2285/2285 2286/2286/2286 
f 2285/2285/2285 2282/2282/2282 2286/2286/2286 
f 2287/2287/2287 2288/2288/2288 2289/2289/2289 
f 2288/2288/2288 2290/2290/2290 2289/2289/2289 
f 2288/2288/2288 2287/2287/2287 2291/2291/2291 
f 2290/2290/2290 2288/2288/2288 2292/2292/2292 
f 2291/2291/2291 2287/2287/2287 2293/2293/2293 
f 2294/2294/2294 2290/2290/2290 2292/2292/2292 
f 2287/2287/2287 2295/2295/2295 2293/2293/2293 
f 2290/2290/2290 2294/2294/2294 2296/2296/2296 
f 2297/2297/2297 2293/2293/2293 2295/2295/2295 
f 2294/2294/2294 2298/2298/2298 2296/2296/2296 
f 2293/2293/2293 2297/2297/2297 2299/2299/2299 
f 2298/2298/2298 2294/2294/2294 2300/2300/2300 
f 2297/2297/2297 2301/2301/2301 2299/2299/2299 
f 2301/2301/2301 2298/2298/2298 2300/2300/2300 
f 2297/2297/2297 2302/2302/2302 2301/2301/2301 
f 2298/2298/2298 2301/2301/2301 2302/2302/2302 

g Meshpart7

v -80.2843 5.49141 -1.69883 
v -80.2511 5.49058 -1.6805 
v -80.2813 5.48917 -1.70395 
v -80.2471 5.49058 -1.69157 
v -80.3082 5.46364 -1.70753 
v -80.2487 5.48521 -1.69454 
v -80.2782 5.48387 -1.70526 
v -80.252 5.48008 -1.69312 
v -80.304 5.46279 -1.71222 
v -80.2768 5.47875 -1.7021 
v -80.2778 5.47671 -1.69649 
v -80.2549 5.47794 -1.68814 
v -80.298 5.46079 -1.71249 
v -80.2939 5.45886 -1.70833 
v -80.2938 5.45809 -1.70232 
v -80.2928 5.43286 -1.70195 
v -80.2928 5.43191 -1.70793 
v -80.2968 5.42952 -1.71203 
v -80.2746 5.41392 -1.70136 
v -80.276 5.41624 -1.69583 
v -80.275 5.40834 -1.70411 
v -80.3025 5.42705 -1.71169 
v -80.2772 5.40259 -1.70253 
v -80.2853 5.48917 -1.693 
v -80.2481 5.49292 -1.68567 
v -80.2843 5.49141 -1.69883 
v -80.2511 5.49058 -1.6805 
v -80.2813 5.48917 -1.70395 
v -80.2471 5.49058 -1.69157 
v -80.252 5.48008 -1.69312 
v -80.2928 5.43286 -1.70195 
v -80.2928 5.43191 -1.70793 
v -80.2968 5.42952 -1.71203 
v -80.2746 5.41392 -1.70136 
v -80.276 5.41624 -1.69583 
v -80.2785 5.41392 -1.69068 
v -80.2772 5.40259 -1.70253 
v -80.3023 5.42952 -1.69677 
v -80.2967 5.4319 -1.69736 
v -80.2837 5.48387 -1.69 
v -80.2806 5.47875 -1.69153 
v -80.2782 5.48387 -1.70526 
v -80.2768 5.47875 -1.7021 
v -80.2778 5.47671 -1.69649 
v -80.298 5.46079 -1.71249 
v -80.2939 5.45886 -1.70833 
v -80.2938 5.45809 -1.70232 
v -80.2978 5.45886 -1.69776 
v -80.2928 5.43286 -1.70195 
v -80.2928 5.43191 -1.70793 
v -80.2968 5.42952 -1.71203 
v -80.3023 5.42952 -1.69677 
v -80.3036 5.46079 -1.69723 
v -80.2967 5.4319 -1.69736 
v -80.2853 5.48917 -1.693 
v -80.2843 5.49141 -1.69883 
v -80.2511 5.49058 -1.6805 
v -80.2543 5.48521 -1.67927 
v -80.3082 5.46364 -1.70753 
v -80.2837 5.48387 -1.69 
v -80.2558 5.48008 -1.68244 
v -80.308 5.46279 -1.70126 
v -80.2806 5.47875 -1.69153 
v -80.2778 5.47671 -1.69649 
v -80.2549 5.47794 -1.68814 
v -80.2938 5.45809 -1.70232 
v -80.2978 5.45886 -1.69776 
v -80.2928 5.43286 -1.70195 
v -80.276 5.41624 -1.69583 
v -80.2785 5.41392 -1.69068 
v -80.2772 5.40259 -1.70253 
v -80.3066 5.426 -1.70697 
v -80.3065 5.42704 -1.70073 
v -80.2812 5.40259 -1.69145 
v -80.2806 5.40834 -1.68884 
v -80.3023 5.42952 -1.69677 
v -80.3036 5.46079 -1.69723 
v -80.2967 5.4319 -1.69736 
v -80.2511 5.49058 -1.6805 
v -80.2837 5.48387 -1.69 
v -80.2558 5.48008 -1.68244 
v -80.2806 5.47875 -1.69153 
v -80.2782 5.48387 -1.70526 
v -80.252 5.48008 -1.69312 
v -80.2768 5.47875 -1.7021 
v -80.2778 5.47671 -1.69649 
v -80.2549 5.47794 -1.68814 
v -80.2785 5.41392 -1.69068 
v -80.3025 5.42705 -1.71169 
v -80.2772 5.40259 -1.70253 
v -80.2798 5.40012 -1.69723 
v -80.3066 5.426 -1.70697 
v -80.3065 5.42704 -1.70073 
v -80.2812 5.40259 -1.69145 
v -80.2853 5.48917 -1.693 
v -80.2843 5.49141 -1.69883 
v -80.2813 5.48917 -1.70395 
v -80.3082 5.46364 -1.70753 
v -80.308 5.46279 -1.70126 
v -80.304 5.46279 -1.71222 
v -80.3025 5.42705 -1.71169 
v -80.3066 5.426 -1.70697 
v -80.3065 5.42704 -1.70073 

vn -0.393701 0.905512 -0.141732 
vn -0.244094 0.779528 0.582677 
vn -0.0629921 0.669291 -0.740157 
vn 0.188976 0.779528 -0.598425 
vn -0.88189 0.338583 -0.322835 
vn 0.338583 0.110236 -0.937008 
vn 0.314961 0.0629921 -0.944882 
vn 0.275591 -0.685039 -0.677165 
vn -0.425197 0.251969 -0.866142 
vn 0.519685 -0.606299 -0.598425 
vn 0.401575 -0.905512 0.141732 
vn 0.0472441 -1 0.015748 
vn 0.275591 0.023622 -0.96063 
vn 0.84252 -0.228346 -0.488189 
vn 0.88189 -0.338583 0.322835 
vn 0.850394 0.417323 0.307087 
vn 0.826772 0.283465 -0.488189 
vn 0.275591 -0.0314961 -0.96063 
vn 0.685039 0.503937 -0.527559 
vn 0.637795 0.732283 0.23622 
vn 0.275591 -0.0787402 -0.96063 
vn -0.401575 -0.314961 -0.858268 
vn -0.275591 -0.574803 -0.771654 
vn -0.519685 0.669291 0.527559 
vn -0.0393701 1 -0.015748 
vn -0.393701 0.905512 -0.141732 
vn -0.244094 0.779528 0.582677 
vn -0.0629921 0.669291 -0.740157 
vn 0.188976 0.779528 -0.598425 
vn 0.275591 -0.685039 -0.677165 
vn 0.850394 0.417323 0.307087 
vn 0.826772 0.283465 -0.488189 
vn 0.275591 -0.0314961 -0.96063 
vn 0.685039 0.503937 -0.527559 
vn 0.637795 0.732283 0.23622 
vn 0.188976 0.503937 0.84252 
vn -0.275591 -0.574803 -0.771654 
vn -0.401575 -0.0314961 0.913386 
vn 0.314961 0.283465 0.905512 
vn -0.370079 0.0629921 0.929134 
vn 0.015748 -0.606299 0.795276 
vn 0.314961 0.0629921 -0.944882 
vn 0.519685 -0.606299 -0.598425 
vn 0.401575 -0.905512 0.141732 
vn 0.275591 0.023622 -0.96063 
vn 0.84252 -0.228346 -0.488189 
vn 0.88189 -0.338583 0.322835 
vn 0.338583 -0.228346 0.913386 
vn 0.850394 0.417323 0.307087 
vn 0.826772 0.283465 -0.488189 
vn 0.275591 -0.0314961 -0.96063 
vn -0.401575 -0.0314961 0.913386 
vn -0.409449 0.023622 0.913386 
vn 0.314961 0.283465 0.905512 
vn -0.519685 0.669291 0.527559 
vn -0.393701 0.905512 -0.141732 
vn -0.244094 0.779528 0.582677 
vn -0.346457 0.110236 0.929134 
vn -0.88189 0.338583 -0.322835 
vn -0.370079 0.0629921 0.929134 
vn -0.220472 -0.685039 0.692913 
vn -0.88189 0.251969 0.393701 
vn 0.015748 -0.606299 0.795276 
vn 0.401575 -0.905512 0.141732 
vn 0.0472441 -1 0.015748 
vn 0.88189 -0.338583 0.322835 
vn 0.338583 -0.228346 0.913386 
vn 0.850394 0.417323 0.307087 
vn 0.637795 0.732283 0.23622 
vn 0.188976 0.503937 0.84252 
vn -0.275591 -0.574803 -0.771654 
vn -0.850394 -0.425197 -0.307087 
vn -0.858268 -0.314961 0.401575 
vn -0.708661 -0.574803 0.409449 
vn -0.409449 -0.0787402 0.913386 
vn -0.401575 -0.0314961 0.913386 
vn -0.409449 0.023622 0.913386 
vn 0.314961 0.283465 0.905512 
vn -0.244094 0.779528 0.582677 
vn -0.370079 0.0629921 0.929134 
vn -0.220472 -0.685039 0.692913 
vn 0.015748 -0.606299 0.795276 
vn 0.314961 0.0629921 -0.944882 
vn 0.275591 -0.685039 -0.677165 
vn 0.519685 -0.606299 -0.598425 
vn 0.401575 -0.905512 0.141732 
vn 0.0472441 -1 0.015748 
vn 0.188976 0.503937 0.84252 
vn -0.401575 -0.314961 -0.858268 
vn -0.275591 -0.574803 -0.771654 
vn -0.629921 -0.740157 -0.228346 
vn -0.850394 -0.425197 -0.307087 
vn -0.858268 -0.314961 0.401575 
vn -0.708661 -0.574803 0.409449 
vn -0.519685 0.669291 0.527559 
vn -0.393701 0.905512 -0.141732 
vn -0.0629921 0.669291 -0.740157 
vn -0.88189 0.338583 -0.322835 
vn -0.88189 0.251969 0.393701 
vn -0.425197 0.251969 -0.866142 
vn -0.401575 -0.314961 -0.858268 
vn -0.850394 -0.425197 -0.307087 
vn -0.858268 -0.314961 0.401575 

vt 2.00133 -8.99565 
vt 1.9969 -8.99415 
vt 2.00111 -8.99587 
vt 1.9969 -8.99415 
vt 2.00313 -9 
vt 1.99697 -8.99489 
vt 2.00059 -8.99638 
vt 1.99705 -8.9956 
vt 2.00282 -9 
vt 2.00009 -8.99688 
vt 1.99989 -8.99708 
vt 1.99708 -8.9959 
vt 2.00209 -9 
vt 2.00138 -9 
vt 2.0011 -9 
vt 1.99989 -9.00292 
vt 2.00009 -9.00312 
vt 2.00059 -9.00362 
vt 1.99705 -9.0044 
vt 1.99708 -9.0041 
vt 1.99697 -9.00511 
vt 2.00111 -9.00413 
vt 1.9969 -9.00585 
vt 2.00073 -9.00111 
vt 2 -8.99687 
vt 2 -9.00133 
vt 2.00074 -8.9969 
vt 1.99927 -9.00111 
vt 1.99926 -8.9969 
vt 1.99929 -8.99705 
vt 2 -8.99989 
vt 1.9993 -9.00009 
vt 1.99899 -9.00059 
vt 1.99929 -8.99705 
vt 2 -8.99708 
vt 2.00071 -8.99705 
vt 1.99926 -8.9969 
vt 2.00101 -9.00059 
vt 2.0007 -9.00009 
vt 1.99899 -8.99638 
vt 1.9993 -8.99688 
vt 2.00101 -8.99638 
vt 2.0007 -8.99688 
vt 2 -8.99708 
vt 2.00101 -9 
vt 2.0007 -9 
vt 2 -9 
vt 1.9993 -9 
vt 2 -9.00292 
vt 2.0007 -9.00312 
vt 2.00101 -9.00362 
vt 1.99899 -9.00362 
vt 1.99899 -9 
vt 1.9993 -9.00312 
vt 1.99889 -8.99587 
vt 1.99867 -8.99565 
vt 2.0031 -8.99415 
vt 2.00303 -8.99489 
vt 1.99687 -9 
vt 1.99941 -8.99638 
vt 2.00295 -8.9956 
vt 1.99718 -9 
vt 1.99991 -8.99688 
vt 2.00011 -8.99708 
vt 2.00292 -8.9959 
vt 1.9989 -9 
vt 1.99862 -9 
vt 2.00011 -9.00292 
vt 2.00292 -9.0041 
vt 2.00295 -9.0044 
vt 2.0031 -9.00585 
vt 1.99867 -9.00435 
vt 1.99889 -9.00413 
vt 2.0031 -9.00585 
vt 2.00303 -9.00511 
vt 1.99941 -9.00362 
vt 1.99791 -9 
vt 1.99991 -9.00312 
vt 1.99926 -8.9969 
vt 1.99899 -9.00059 
vt 1.99929 -8.99705 
vt 1.9993 -9.00009 
vt 2.00101 -9.00059 
vt 2.00071 -8.99705 
vt 2.0007 -9.00009 
vt 2 -8.99989 
vt 2 -8.99708 
vt 1.99929 -8.99705 
vt 2.00073 -9.00111 
vt 2.00074 -8.9969 
vt 2 -8.99687 
vt 2 -9.00133 
vt 1.99927 -9.00111 
vt 1.99926 -8.9969 
vt 2.00073 -8.99587 
vt 2 -8.99565 
vt 1.99927 -8.99587 
vt 2 -9 
vt 2.00073 -9 
vt 1.99927 -9 
vt 1.99927 -9.00413 
vt 2 -9.00435 
vt 2.00073 -9.00413 

usemtl Meshpart7Mtl

f 2308/2308/2308 2305/2305/2305 2306/2306/2306 
f 2305/2305/2305 2308/2308/2308 2309/2309/2309 
f 2310/2310/2310 2309/2309/2309 2308/2308/2308 
f 2311/2311/2311 2305/2305/2305 2309/2309/2309 
f 2309/2309/2309 2310/2310/2310 2312/2312/2312 
f 2315/2315/2315 2309/2309/2309 2312/2312/2312 
f 2311/2311/2311 2309/2309/2309 2315/2315/2315 
f 2315/2315/2315 2312/2312/2312 2316/2316/2316 
f 2319/2319/2319 2315/2315/2315 2316/2316/2316 
f 2320/2320/2320 2311/2311/2311 2315/2315/2315 
f 2315/2315/2315 2319/2319/2319 2320/2320/2320 
f 2321/2321/2321 2320/2320/2320 2319/2319/2319 
f 2320/2320/2320 2321/2321/2321 2323/2323/2323 
f 2311/2311/2311 2320/2320/2320 2324/2324/2324 
f 2323/2323/2323 2324/2324/2324 2320/2320/2320 
f 2324/2324/2324 2323/2323/2323 2325/2325/2325 
f 2326/2326/2326 2327/2327/2327 2328/2328/2328 
f 2327/2327/2327 2326/2326/2326 2329/2329/2329 
f 2327/2327/2327 2330/2330/2330 2328/2328/2328 
f 2330/2330/2330 2327/2327/2327 2331/2331/2331 
f 2336/2336/2336 2334/2334/2334 2333/2333/2333 
f 2333/2333/2333 2337/2337/2337 2336/2336/2336 
f 2333/2333/2333 2338/2338/2338 2337/2337/2337 
f 2338/2338/2338 2333/2333/2333 2341/2341/2341 
f 2346/2346/2346 2348/2348/2348 2345/2345/2345 
f 2348/2348/2348 2346/2346/2346 2349/2349/2349 
f 2350/2350/2350 2346/2346/2346 2343/2343/2343 
f 2346/2346/2346 2350/2350/2350 2349/2349/2349 
f 2351/2351/2351 2348/2348/2348 2349/2349/2349 
f 2350/2350/2350 2351/2351/2351 2349/2349/2349 
f 2348/2348/2348 2351/2351/2351 2352/2352/2352 
f 2351/2351/2351 2350/2350/2350 2356/2356/2356 
f 2357/2357/2357 2360/2360/2360 2359/2359/2359 
f 2360/2360/2360 2357/2357/2357 2362/2362/2362 
f 2362/2362/2362 2363/2363/2363 2360/2360/2360 
f 2364/2364/2364 2362/2362/2362 2357/2357/2357 
f 2363/2363/2363 2362/2362/2362 2365/2365/2365 
f 2375/2375/2375 2376/2376/2376 2377/2377/2377 
f 2375/2375/2375 2377/2377/2377 2378/2378/2378 
f 2378/2378/2378 2364/2364/2364 2375/2375/2375 
f 2378/2378/2378 2377/2377/2377 2372/2372/2372 
f 2364/2364/2364 2378/2378/2378 2379/2379/2379 
f 2362/2362/2362 2364/2364/2364 2379/2379/2379 
f 2379/2379/2379 2365/2365/2365 2362/2362/2362 
f 2365/2365/2365 2379/2379/2379 2369/2369/2369 
f 2380/2380/2380 2379/2379/2379 2378/2378/2378 
f 2378/2378/2378 2372/2372/2372 2380/2380/2380 
f 2379/2379/2379 2380/2380/2380 2369/2369/2369 
f 2388/2388/2388 2383/2383/2383 2384/2384/2384 
f 2386/2386/2386 2388/2388/2388 2387/2387/2387 
f 2383/2383/2383 2388/2388/2388 2389/2389/2389 
f 2388/2388/2388 2386/2386/2386 2389/2389/2389 
f 2391/2391/2391 2392/2392/2392 2393/2393/2393 
f 2393/2393/2393 2394/2394/2394 2391/2391/2391 
f 2393/2393/2393 2395/2395/2395 2394/2394/2394 
f 2395/2395/2395 2393/2393/2393 2396/2396/2396 
f 2400/2400/2400 2397/2397/2397 2398/2398/2398 
f 2400/2400/2400 2398/2398/2398 2399/2399/2399 
f 2397/2397/2397 2400/2400/2400 2401/2401/2401 
f 2399/2399/2399 2402/2402/2402 2400/2400/2400 
f 2403/2403/2403 2400/2400/2400 2402/2402/2402 
f 2400/2400/2400 2403/2403/2403 2404/2404/2404 
f 2400/2400/2400 2404/2404/2404 2405/2405/2405 
f 2405/2405/2405 2401/2401/2401 2400/2400/2400 

g Meshpart8

v -80.2089 5.48214 -1.72213 
v -80.2395 5.39268 -1.73327 
v -80.1898 5.47814 -1.71819 
v -80.2222 5.38337 -1.72999 
v -80.1989 5.43076 -1.74372 
v -80.2174 5.43741 -1.74623 
v -80.2414 5.48214 -1.63267 
v -80.2243 5.47813 -1.62343 
v -80.2004 5.49776 -1.66837 
v -80.2188 5.50067 -1.67509 
v -80.2089 5.48214 -1.72213 
v -80.1898 5.47814 -1.71819 
v -80.2414 5.48214 -1.63267 
v -80.2635 5.43741 -1.61971 
v -80.2477 5.43075 -1.6097 
v -80.272 5.39268 -1.64381 
v -80.2243 5.47813 -1.62343 
v -80.2567 5.38337 -1.63523 
v -80.272 5.39268 -1.64381 
v -80.2567 5.38337 -1.63523 
v -80.2462 5.36375 -1.68506 
v -80.2621 5.37415 -1.69084 
v -80.2395 5.39268 -1.73327 
v -80.2222 5.38337 -1.72999 

vn 0.283465 0.716535 -0.637795 
vn -0.165354 -0.582677 -0.795276 
vn 0.283465 0.716535 -0.637795 
vn -0.165354 -0.582677 -0.795276 
vn 0.15748 0.0708661 -0.984252 
vn 0.15748 0.0708661 -0.984252 
vn -0.188976 0.716535 0.669291 
vn -0.188976 0.716535 0.669291 
vn 0.133858 0.992126 0.0472441 
vn 0.133858 0.992126 0.0472441 
vn 0.283465 0.716535 -0.637795 
vn 0.283465 0.716535 -0.637795 
vn -0.188976 0.716535 0.669291 
vn -0.511811 0.0708661 0.858268 
vn -0.511811 0.0708661 0.858268 
vn -0.637795 -0.582677 0.503937 
vn -0.188976 0.716535 0.669291 
vn -0.637795 -0.582677 0.503937 
vn -0.637795 -0.582677 0.503937 
vn -0.637795 -0.582677 0.503937 
vn -0.488189 -0.850394 -0.181102 
vn -0.488189 -0.850394 -0.181102 
vn -0.165354 -0.582677 -0.795276 
vn -0.165354 -0.582677 -0.795276 

vt -0.0569347 0.912995 
vt -0.0569347 0.901095 
vt -0.0593677 0.913348 
vt -0.0593677 0.900742 
vt -0.0593677 0.907045 
vt -0.0569347 0.907045 
vt -0.052201 0.905828 
vt -0.0518485 0.908261 
vt -0.0581512 0.908261 
vt -0.0581512 0.905828 
vt -0.0641015 0.905828 
vt -0.064454 0.908261 
vt -0.0593677 0.912995 
vt -0.0593677 0.907045 
vt -0.0569347 0.907045 
vt -0.0593677 0.901095 
vt -0.0569347 0.913348 
vt -0.0569347 0.900742 
vt -0.0641015 0.905828 
vt -0.064454 0.908261 
vt -0.0581512 0.908261 
vt -0.0581512 0.905828 
vt -0.052201 0.905828 
vt -0.0518485 0.908261 

usemtl Meshpart3Mtl

f 2410/2410/2410 2406/2406/2406 2408/2408/2408 
f 2407/2407/2407 2410/2410/2410 2409/2409/2409 
f 2406/2406/2406 2410/2410/2410 2411/2411/2411 
f 2407/2407/2407 2411/2411/2411 2410/2410/2410 
f 2414/2414/2414 2412/2412/2412 2413/2413/2413 
f 2412/2412/2412 2414/2414/2414 2415/2415/2415 
f 2416/2416/2416 2415/2415/2415 2414/2414/2414 
f 2416/2416/2416 2414/2414/2414 2417/2417/2417 
f 2418/2418/2418 2419/2419/2419 2420/2420/2420 
f 2421/2421/2421 2420/2420/2420 2419/2419/2419 
f 2418/2418/2418 2420/2420/2420 2422/2422/2422 
f 2420/2420/2420 2421/2421/2421 2423/2423/2423 
f 2424/2424/2424 2426/2426/2426 2425/2425/2425 
f 2424/2424/2424 2427/2427/2427 2426/2426/2426 
f 2428/2428/2428 2426/2426/2426 2427/2427/2427 
f 2426/2426/2426 2428/2428/2428 2429/2429/2429 

g Meshpart9

v -80.2659 5.41276 -1.73175 
v -80.2488 5.44762 -1.74185 
v -80.2172 5.43738 -1.74618 
v -80.2421 5.48249 -1.72307 
v -80.2393 5.39265 -1.73322 
v -80.2087 5.48211 -1.72208 
v -80.1896 5.47811 -1.71814 
v -80.1369 5.4644 -1.70493 
v -80.147 5.41176 -1.73329 
v -80.1987 5.43072 -1.74367 
v -80.222 5.38334 -1.72994 
v -80.1729 5.35911 -1.71804 
v -80.2421 5.48249 -1.72307 
v -80.2087 5.48211 -1.72208 
v -80.2186 5.50064 -1.67504 
v -80.2498 5.49693 -1.6864 
v -80.2675 5.48248 -1.65334 
v -80.2412 5.48211 -1.63262 
v -80.2241 5.4781 -1.62338 
v -80.1486 5.48621 -1.64957 
v -80.2001 5.49773 -1.66832 
v -80.1896 5.47811 -1.71814 
v -80.1752 5.4644 -1.59964 
v -80.1369 5.4644 -1.70493 
v -80.2913 5.41276 -1.66202 
v -80.2675 5.48248 -1.65334 
v -80.2718 5.39265 -1.64376 
v -80.2412 5.48211 -1.63262 
v -80.2633 5.43738 -1.61966 
v -80.2846 5.44762 -1.64323 
v -80.2241 5.4781 -1.62338 
v -80.1752 5.4644 -1.59964 
v -80.2012 5.41175 -1.58438 
v -80.2475 5.43072 -1.60965 
v -80.2565 5.38334 -1.63518 
v -80.2113 5.3591 -1.61275 
v -80.2659 5.41276 -1.73175 
v -80.2393 5.39265 -1.73322 
v -80.2619 5.37412 -1.69079 
v -80.2836 5.39831 -1.69868 
v -80.2913 5.41276 -1.66202 
v -80.2718 5.39265 -1.64376 
v -80.2565 5.38334 -1.63518 
v -80.222 5.38334 -1.72994 
v -80.2113 5.3591 -1.61275 
v -80.1729 5.35911 -1.71804 
v -80.1996 5.3373 -1.66811 
v -80.246 5.36371 -1.68501 
v -80.2659 5.41276 -1.73175 
v -80.2675 5.48248 -1.65334 
v -80.2421 5.48249 -1.72307 
v -80.2498 5.49693 -1.6864 
v -80.2488 5.44762 -1.74185 
v -80.2913 5.41276 -1.66202 
v -80.2846 5.44762 -1.64323 
v -80.2836 5.39831 -1.69868 

vn -0.377953 -0.440945 -0.811024 
vn -0.0866142 0.149606 -0.984252 
vn -0.0866142 0.149606 -0.984252 
vn 0.0314961 0.748031 -0.661417 
vn -0.377953 -0.440945 -0.811024 
vn 0.0314961 0.748031 -0.661417 
vn 0.338583 0.708661 -0.622047 
vn 0.338583 0.708661 -0.622047 
vn 0.212598 0.0472441 -0.976378 
vn 0.212598 0.0472441 -0.976378 
vn -0.110236 -0.606299 -0.787402 
vn -0.110236 -0.606299 -0.787402 
vn 0.0314961 0.748031 -0.661417 
vn 0.0314961 0.748031 -0.661417 
vn -0.102362 0.992126 -0.0393701 
vn -0.102362 0.992126 -0.0393701 
vn -0.401575 0.748031 0.527559 
vn -0.401575 0.748031 0.527559 
vn -0.141732 0.708661 0.692913 
vn 0.19685 0.976378 0.0708661 
vn 0.19685 0.976378 0.0708661 
vn 0.338583 0.708661 -0.622047 
vn -0.141732 0.708661 0.692913 
vn 0.338583 0.708661 -0.622047 
vn -0.811024 -0.440945 0.377953 
vn -0.401575 0.748031 0.527559 
vn -0.811024 -0.440945 0.377953 
vn -0.401575 0.748031 0.527559 
vn -0.700787 0.149606 0.700787 
vn -0.700787 0.149606 0.700787 
vn -0.141732 0.708661 0.692913 
vn -0.141732 0.708661 0.692913 
vn -0.464567 0.0472441 0.88189 
vn -0.464567 0.0472441 0.88189 
vn -0.590551 -0.606299 0.527559 
vn -0.590551 -0.606299 0.527559 
vn -0.377953 -0.440945 -0.811024 
vn -0.377953 -0.440945 -0.811024 
vn -0.677165 -0.692913 -0.244094 
vn -0.677165 -0.692913 -0.244094 
vn -0.811024 -0.440945 0.377953 
vn -0.811024 -0.440945 0.377953 
vn -0.590551 -0.606299 0.527559 
vn -0.110236 -0.606299 -0.787402 
vn -0.590551 -0.606299 0.527559 
vn -0.110236 -0.606299 -0.787402 
vn -0.440945 -0.88189 -0.165354 
vn -0.440945 -0.88189 -0.165354 
vn -0.88189 0.338583 -0.322835 
vn -0.88189 0.338583 -0.322835 
vn -0.88189 0.338583 -0.322835 
vn -0.88189 0.338583 -0.322835 
vn -0.88189 0.338583 -0.322835 
vn -0.88189 0.338583 -0.322835 
vn -0.88189 0.338583 -0.322835 
vn -0.88189 0.338583 -0.322835 

vt 0.105498 1.08777 
vt 0.105498 1.09241 
vt 0.101754 1.09241 
vt 0.105498 1.09705 
vt 0.101754 1.08646 
vt 0.101754 1.09836 
vt 0.0993211 1.09871 
vt 0.0923883 1.09941 
vt 0.0923883 1.09241 
vt 0.0993211 1.09241 
vt 0.0993211 1.08611 
vt 0.0923883 1.08541 
vt 0.0943052 1.08586 
vt 0.0929927 1.0896 
vt 0.0989429 1.0896 
vt 0.0989429 1.08586 
vt 0.103581 1.08586 
vt 0.104893 1.0896 
vt 0.105246 1.09203 
vt 0.0989429 1.09897 
vt 0.0989429 1.09203 
vt 0.0926402 1.09203 
vt 0.105946 1.09897 
vt 0.0919397 1.09897 
vt 0.0923883 1.08777 
vt 0.0923883 1.09705 
vt 0.0961318 1.08646 
vt 0.0961318 1.09836 
vt 0.0961318 1.09241 
vt 0.0923883 1.09241 
vt 0.0985648 1.09871 
vt 0.105498 1.09941 
vt 0.105498 1.09241 
vt 0.0985648 1.09241 
vt 0.0985648 1.08611 
vt 0.105498 1.08541 
vt 0.103581 1.08586 
vt 0.104893 1.0896 
vt 0.0989429 1.0896 
vt 0.0989429 1.08586 
vt 0.0943052 1.08586 
vt 0.0929927 1.0896 
vt 0.0926402 1.09203 
vt 0.105246 1.09203 
vt 0.0919397 1.09897 
vt 0.105946 1.09897 
vt 0.0989429 1.09897 
vt 0.0989429 1.09203 
vt 0.0943052 1.08777 
vt 0.103581 1.09705 
vt 0.0943052 1.09705 
vt 0.0989429 1.09897 
vt 0.0923839 1.09241 
vt 0.103581 1.08777 
vt 0.105502 1.09241 
vt 0.0989429 1.08585 

usemtl Meshpart9Mtl

f 2430/2430/2430 2431/2431/2431 2432/2432/2432 
f 2433/2433/2433 2432/2432/2432 2431/2431/2431 
f 2432/2432/2432 2434/2434/2434 2430/2430/2430 
f 2432/2432/2432 2433/2433/2433 2435/2435/2435 
f 2438/2438/2438 2436/2436/2436 2437/2437/2437 
f 2436/2436/2436 2438/2438/2438 2439/2439/2439 
f 2438/2438/2438 2440/2440/2440 2439/2439/2439 
f 2440/2440/2440 2438/2438/2438 2441/2441/2441 
f 2444/2444/2444 2443/2443/2443 2442/2442/2442 
f 2442/2442/2442 2445/2445/2445 2444/2444/2444 
f 2446/2446/2446 2444/2444/2444 2445/2445/2445 
f 2444/2444/2444 2446/2446/2446 2447/2447/2447 
f 2448/2448/2448 2449/2449/2449 2450/2450/2450 
f 2449/2449/2449 2451/2451/2451 2450/2450/2450 
f 2449/2449/2449 2448/2448/2448 2452/2452/2452 
f 2451/2451/2451 2449/2449/2449 2453/2453/2453 
f 2458/2458/2458 2454/2454/2454 2456/2456/2456 
f 2458/2458/2458 2457/2457/2457 2455/2455/2455 
f 2454/2454/2454 2458/2458/2458 2459/2459/2459 
f 2455/2455/2455 2459/2459/2459 2458/2458/2458 
f 2460/2460/2460 2462/2462/2462 2461/2461/2461 
f 2462/2462/2462 2460/2460/2460 2463/2463/2463 
f 2464/2464/2464 2462/2462/2462 2463/2463/2463 
f 2462/2462/2462 2464/2464/2464 2465/2465/2465 
f 2468/2468/2468 2466/2466/2466 2467/2467/2467 
f 2466/2466/2466 2468/2468/2468 2469/2469/2469 
f 2470/2470/2470 2469/2469/2469 2468/2468/2468 
f 2468/2468/2468 2471/2471/2471 2470/2470/2470 
f 2472/2472/2472 2476/2476/2476 2474/2474/2474 
f 2476/2476/2476 2473/2473/2473 2475/2475/2475 
f 2476/2476/2476 2472/2472/2472 2477/2477/2477 
f 2473/2473/2473 2476/2476/2476 2477/2477/2477 
f 2478/2478/2478 2479/2479/2479 2480/2480/2480 
f 2480/2480/2480 2479/2479/2479 2481/2481/2481 
f 2478/2478/2478 2480/2480/2480 2482/2482/2482 
f 2478/2478/2478 2483/2483/2483 2479/2479/2479 
f 2479/2479/2479 2483/2483/2483 2484/2484/2484 
f 2483/2483/2483 2478/2478/2478 2485/2485/2485 

