# This file is brought to you by Roblox Corporation
# Generated by Roblox Studio

mtllib Warper.mtl

g Meshpart1

v -570.145 5.88823 -0.766666 
v -570.108 5.83494 -0.842619 
v -570.063 5.74 -0.772829 
v -570.104 5.78672 -0.673184 
v -570.145 5.88823 -0.766666 
v -570.104 5.78672 -0.673184 
v -570.124 5.9263 -0.707225 
v -570.076 5.90905 -0.620152 
v -570.003 5.74511 -0.827858 
v -570.108 5.83494 -0.842619 
v -570.024 5.82614 -0.888698 
v -570.063 5.74 -0.772829 
v -570.145 5.88823 -0.766666 
v -570.07 5.93464 -0.877205 
v -570.108 5.83494 -0.842619 
v -570.091 5.98151 -0.834171 
v -570.145 5.88823 -0.766666 
v -570.124 5.9263 -0.707225 
v -570.098 5.97559 -0.716411 
v -570.108 5.83494 -0.842619 
v -570.07 5.93464 -0.877205 
v -570.024 5.82614 -0.888698 
v -570.098 5.97559 -0.716411 
v -570.091 5.98151 -0.834171 
v -570.145 5.88823 -0.766666 
v -570.024 5.82614 -0.888698 
v -569.905 5.77622 -0.846197 
v -570.003 5.74511 -0.827858 
v -570.063 5.74 -0.772829 
v -570.003 5.74511 -0.827858 
v -569.948 5.74505 -0.70228 
v -570.104 5.78672 -0.673184 
v -569.948 5.74505 -0.70228 
v -569.955 5.75585 -0.675299 
v -569.966 5.77485 -0.627811 
v -570.033 6.02737 -0.819847 
v -569.987 5.94952 -0.890321 
v -570.07 5.93464 -0.877205 
v -570.091 5.98151 -0.834171 
v -570.033 6.02737 -0.819847 
v -570.091 5.98151 -0.834171 
v -570.098 5.97559 -0.716411 
v -570.003 5.74511 -0.827858 
v -569.905 5.77622 -0.846197 
v -569.925 5.76174 -0.779312 
v -569.948 5.74505 -0.70228 
v -570.073 5.91726 -0.639175 
v -570.089 5.96371 -0.706381 
v -570.106 5.9293 -0.699973 
v -569.921 5.88422 -0.884308 
v -569.905 5.77622 -0.846197 
v -570.024 5.82614 -0.888698 
v -570.001 5.95471 -0.608702 
v -569.946 5.97759 -0.638887 
v -570.009 6.01963 -0.695999 
v -570.054 5.9973 -0.706339 
v -570.033 6.02737 -0.819847 
v -570.098 5.97559 -0.716411 
v -570.009 6.01963 -0.695999 
v -570.009 6.01963 -0.695999 
v -570.054 5.9973 -0.706339 
v -570.001 5.95471 -0.608702 
v -569.921 5.88422 -0.884308 
v -569.855 5.84839 -0.822646 
v -569.905 5.77622 -0.846197 
v -569.966 5.77485 -0.627811 
v -570.001 5.95471 -0.608702 
v -570.076 5.90905 -0.620152 
v -570.076 5.90905 -0.620152 
v -570.104 5.78672 -0.673184 
v -569.907 5.82927 -0.635234 
v -570.001 5.95471 -0.608702 
v -570.009 6.01963 -0.695999 
v -569.943 6.03222 -0.780775 
v -570.033 6.02737 -0.819847 
v -569.907 5.82927 -0.635234 
v -569.966 5.77485 -0.627811 
v -569.955 5.75585 -0.675299 
v -569.921 5.88422 -0.884308 
v -569.987 5.94952 -0.890321 
v -569.899 5.96655 -0.840643 
v -570.124 5.92632 -0.707225 
v -570.076 5.90907 -0.620152 
v -570.073 5.91726 -0.639175 
v -570.106 5.9293 -0.699973 
v -570.058 5.97887 -0.699353 
v -570.089 5.96371 -0.706381 
v -570.02 5.94913 -0.631186 
v -570.054 5.99733 -0.706339 
v -570.058 5.97887 -0.699353 
v -570.001 5.95473 -0.608702 
v -570.076 5.90907 -0.620152 
v -570.02 5.94913 -0.631186 
v -570.073 5.91726 -0.639175 
v -569.987 5.94952 -0.890321 
v -569.926 6.00677 -0.803975 
v -569.899 5.96655 -0.840643 
v -570.033 6.02737 -0.819847 
v -569.943 6.03222 -0.780775 
v -569.905 5.77622 -0.846197 
v -569.89 5.79177 -0.77771 
v -569.925 5.76174 -0.779312 
v -569.855 5.84839 -0.822646 
v -569.875 5.80809 -0.705804 
v -570.001 5.93388 -0.875389 
v -570.016 5.859 -0.87399 
v -570.048 5.92548 -0.867987 
v -569.855 5.84839 -0.822646 
v -569.826 5.90229 -0.755611 
v -569.875 5.80809 -0.705804 
v -569.946 5.97759 -0.638887 
v -570.001 5.95471 -0.608702 
v -569.907 5.82927 -0.635234 
v -569.865 5.95835 -0.677104 
v -569.987 5.94954 -0.890321 
v -569.921 5.88424 -0.884308 
v -569.958 5.89178 -0.871512 
v -570.001 5.93388 -0.875389 
v -570.001 5.93388 -0.875389 
v -570.016 5.859 -0.87399 
v -570.024 5.82615 -0.888698 
v -569.958 5.89178 -0.871512 
v -570.016 5.859 -0.87399 
v -569.919 6.00923 -0.748518 
v -569.946 5.97759 -0.638887 
v -569.865 5.95835 -0.677104 
v -570.009 6.01963 -0.695999 
v -569.943 6.03222 -0.780775 
v -569.921 5.88422 -0.884308 
v -569.857 5.9294 -0.791489 
v -569.855 5.84839 -0.822646 
v -569.826 5.90229 -0.755611 
v -569.899 5.96655 -0.840643 
v -569.848 5.93446 -0.710568 
v -569.875 5.80809 -0.705804 
v -569.826 5.90229 -0.755611 
v -569.865 5.95835 -0.677104 
v -569.875 5.80809 -0.705804 
v -569.865 5.95835 -0.677104 
v -569.907 5.82927 -0.635234 
v -569.947 5.7667 -0.705943 
v -569.921 5.82013 -0.663411 
v -569.951 5.77355 -0.688832 
v -569.901 5.80669 -0.708186 
v -569.919 6.00923 -0.748518 
v -569.926 6.00677 -0.803975 
v -569.943 6.03222 -0.780775 
v -569.901 5.80669 -0.708186 
v -569.947 5.7667 -0.705943 
v -569.932 5.77729 -0.75482 
v -569.91 5.79634 -0.753806 
v -569.857 5.9294 -0.791489 
v -569.848 5.93446 -0.710568 
v -569.826 5.90229 -0.755611 
v -570.098 5.97561 -0.7164 
v -570.058 5.97887 -0.699353 
v -570.054 5.99733 -0.706339 
v -570.089 5.96371 -0.706381 
v -570.106 5.9293 -0.699973 
v -570.089 5.96371 -0.706381 
v -570.124 5.92632 -0.707225 
v -569.932 5.77729 -0.75482 
v -569.925 5.76176 -0.779312 
v -569.91 5.79634 -0.753806 
v -569.89 5.79179 -0.77771 
v -569.875 5.80812 -0.705804 
v -569.901 5.80669 -0.708186 
v -569.89 5.79179 -0.77771 
v -569.877 5.93414 -0.779408 
v -569.922 5.98423 -0.787494 
v -569.917 5.98582 -0.751595 
v -569.904 5.95819 -0.811227 
v -569.872 5.93742 -0.727028 
v -569.882 5.95289 -0.705366 
v -569.904 5.95819 -0.811227 
v -569.926 6.0068 -0.803975 
v -569.899 5.96657 -0.840643 
v -569.875 5.80812 -0.705804 
v -569.907 5.8293 -0.635234 
v -569.921 5.82013 -0.663411 
v -569.901 5.80669 -0.708186 
v -570.07 5.93465 -0.877205 
v -570.016 5.859 -0.87399 
v -570.024 5.82615 -0.888698 
v -570.048 5.92548 -0.867987 
v -569.882 5.95289 -0.705366 
v -569.848 5.93448 -0.710558 
v -569.872 5.93742 -0.727028 
v -569.865 5.95838 -0.677104 
v -569.857 5.92942 -0.791489 
v -569.872 5.93742 -0.727028 
v -569.877 5.93414 -0.779408 
v -569.904 5.95819 -0.811227 
v -569.857 5.92942 -0.791489 
v -569.899 5.96657 -0.840643 
v -569.877 5.93414 -0.779408 
v -569.919 6.00926 -0.748518 
v -569.922 5.98423 -0.787494 
v -569.926 6.0068 -0.803975 
v -569.917 5.98582 -0.751595 
v -569.987 5.94954 -0.890321 
v -570.048 5.92548 -0.867987 
v -570.07 5.93465 -0.877205 
v -570.001 5.93388 -0.875389 
v -569.919 6.00926 -0.748518 
v -569.865 5.95838 -0.677104 
v -569.882 5.95289 -0.705366 
v -569.917 5.98582 -0.751595 
v -569.955 5.75587 -0.675299 
v -569.921 5.82013 -0.663411 
v -569.907 5.8293 -0.635234 
v -569.951 5.77355 -0.688832 
v -569.948 5.74508 -0.70228 
v -569.925 5.76176 -0.779312 
v -569.932 5.77729 -0.75482 
v -569.947 5.7667 -0.705943 
v -569.948 5.74508 -0.70228 
v -569.951 5.77355 -0.688832 
v -569.955 5.75587 -0.675299 
v -569.947 5.7667 -0.705943 

vn -0.944882 -0.291339 0.141732 
vn -0.874016 -0.480315 -0.11811 
vn -0.874016 -0.480315 -0.11811 
vn -0.944882 -0.283465 0.149606 
vn -0.944882 -0.291339 0.141732 
vn -0.944882 -0.283465 0.149606 
vn -0.905512 -0.023622 0.433071 
vn -0.905512 -0.023622 0.433071 
vn -0.448819 -0.637795 -0.622047 
vn -0.653543 -0.228346 -0.716535 
vn -0.488189 -0.440945 -0.755906 
vn -0.448819 -0.637795 -0.622047 
vn -0.84252 0.125984 -0.519685 
vn -0.755906 0.0551181 -0.653543 
vn -0.653543 -0.228346 -0.716535 
vn -0.84252 0.125984 -0.519685 
vn -0.874016 0.480315 -0.015748 
vn -0.889764 0.464567 0.023622 
vn -0.826772 0.566929 -0.00787402 
vn -0.653543 -0.228346 -0.716535 
vn -0.755906 0.0551181 -0.653543 
vn -0.488189 -0.440945 -0.755906 
vn -0.826772 0.566929 -0.00787402 
vn -0.732283 0.685039 -0.00787402 
vn -0.874016 0.480315 -0.015748 
vn 0.125984 -0.448819 -0.88189 
vn 0.314961 -0.362205 -0.874016 
vn 0.0393701 -0.590551 -0.80315 
vn -0.0629921 -0.984252 0.181102 
vn 0.0629921 -1 -0.023622 
vn -0.125984 -0.96063 0.251969 
vn -0.181102 -0.92126 0.346457 
vn -0.125984 -0.96063 0.251969 
vn -0.188976 -0.929134 0.322835 
vn -0.188976 -0.929134 0.322835 
vn 0.00787402 0.685039 -0.732283 
vn 0.133858 0.606299 -0.787402 
vn -0.244094 0.582677 -0.779528 
vn -0.244094 0.582677 -0.779528 
vn -0.622047 0.787402 0 
vn -0.732283 0.685039 -0.00787402 
vn -0.826772 0.566929 -0.00787402 
vn 0.275591 -0.952756 -0.125984 
vn 0.606299 -0.795276 -0.0629921 
vn 0.393701 -0.913386 -0.0787402 
vn 0.275591 -0.952756 -0.125984 
vn -0.448819 0.80315 0.393701 
vn -0.480315 0.472441 0.740157 
vn -0.480315 0.645669 0.590551 
vn 0.385827 -0.251969 -0.889764 
vn 0.314961 -0.362205 -0.874016 
vn 0.125984 -0.448819 -0.88189 
vn -0.149606 0.787402 0.598425 
vn 0.188976 0.866142 0.464567 
vn -0.149606 0.913386 0.377953 
vn -0.472441 0.84252 0.259843 
vn -0.259843 0.96063 0.110236 
vn -0.464567 0.874016 0.141732 
vn -0.149606 0.913386 0.377953 
vn -0.149606 0.913386 0.377953 
vn -0.472441 0.84252 0.259843 
vn -0.149606 0.787402 0.598425 
vn 0.385827 -0.251969 -0.889764 
vn 0.622047 -0.173228 -0.76378 
vn 0.314961 -0.362205 -0.874016 
vn -0.0551181 -0.173228 0.984252 
vn 0.19685 0 0.984252 
vn -0.173228 -0.19685 0.96063 
vn -0.173228 -0.19685 0.96063 
vn -0.322835 -0.314961 0.897638 
vn 0.291339 0.015748 0.96063 
vn 0.19685 0 0.984252 
vn -0.149606 0.913386 0.377953 
vn 0.11811 0.968504 0.220472 
vn -0.259843 0.96063 0.110236 
vn 0.645669 -0.637795 0.417323 
vn 0.645669 -0.637795 0.417323 
vn 0.645669 -0.637795 0.417323 
vn 0.629921 0.267717 -0.732283 
vn 0.133858 0.606299 -0.787402 
vn 0.511811 0.464567 -0.724409 
vn -0.385827 0.629921 0.677165 
vn -0.456693 0.84252 0.291339 
vn -0.448819 0.80315 0.393701 
vn -0.480315 0.645669 0.590551 
vn -0.559055 0.480315 0.677165 
vn -0.480315 0.472441 0.740157 
vn -0.637795 0.614173 0.464567 
vn -0.574803 0.377953 0.724409 
vn -0.559055 0.480315 0.677165 
vn -0.653543 0.629921 0.417323 
vn -0.456693 0.84252 0.291339 
vn -0.637795 0.614173 0.464567 
vn -0.448819 0.80315 0.393701 
vn 0.133858 0.606299 -0.787402 
vn 0.228346 0.732283 -0.645669 
vn 0.511811 0.464567 -0.724409 
vn 0.00787402 0.685039 -0.732283 
vn 0.228346 0.732283 -0.645669 
vn 0.606299 -0.795276 -0.0629921 
vn 0.787402 -0.614173 -0.0314961 
vn 0.393701 -0.913386 -0.0787402 
vn 0.858268 -0.511811 -0.0393701 
vn 0.866142 -0.503937 -0.0314961 
vn -0.125984 -0.417323 -0.897638 
vn 0.0944882 0.283465 -0.952756 
vn 0.165354 -0.19685 -0.968504 
vn 0.858268 -0.511811 -0.0393701 
vn 0.889764 -0.464567 -0.015748 
vn 0.866142 -0.503937 -0.0314961 
vn 0.440945 0.133858 0.889764 
vn 0.19685 0 0.984252 
vn 0.291339 0.015748 0.96063 
vn 0.448819 0.141732 0.88189 
vn -0.244094 -0.543307 -0.80315 
vn -0.322835 0.0314961 -0.944882 
vn -0.244094 -0.023622 -0.968504 
vn -0.125984 -0.417323 -0.897638 
vn -0.125984 -0.417323 -0.897638 
vn 0.0944882 0.283465 -0.952756 
vn 0.0787402 0.393701 -0.913386 
vn -0.244094 -0.023622 -0.968504 
vn 0.0944882 0.283465 -0.952756 
vn 0.330709 0.88189 0.346457 
vn 0.188976 0.866142 0.464567 
vn 0.330709 0.88189 0.346457 
vn -0.149606 0.913386 0.377953 
vn 0.11811 0.968504 0.220472 
vn 0.629921 0.267717 -0.732283 
vn 0.771654 0.19685 -0.598425 
vn 0.771654 0.19685 -0.598425 
vn 0.771654 0.19685 -0.598425 
vn 0.511811 0.464567 -0.724409 
vn 0.84252 -0.15748 0.519685 
vn 0.866142 -0.149606 0.480315 
vn 0.84252 -0.15748 0.519685 
vn 0.858268 -0.149606 0.496063 
vn 0.866142 -0.149606 0.480315 
vn 0.858268 -0.149606 0.496063 
vn 0.88189 -0.141732 0.448819 
vn 0.897638 -0.314961 0.291339 
vn 0.590551 -0.795276 0.0944882 
vn 0.897638 -0.409449 0.149606 
vn 0.299213 -0.913386 0.267717 
vn 0.76378 0.629921 -0.133858 
vn 0.76378 0.629921 -0.133858 
vn 0.76378 0.629921 -0.133858 
vn 0.299213 -0.913386 0.267717 
vn 0.897638 -0.314961 0.291339 
vn 0.826772 -0.464567 0.322835 
vn 0.417323 -0.866142 0.291339 
vn 0.732283 0.669291 -0.11811 
vn 0.732283 0.669291 -0.11811 
vn 0.732283 0.669291 -0.11811 
vn -0.393701 0.377953 0.834646 
vn -0.559055 0.480315 0.677165 
vn -0.574803 0.377953 0.724409 
vn -0.480315 0.472441 0.740157 
vn -0.480315 0.645669 0.590551 
vn -0.480315 0.472441 0.740157 
vn -0.385827 0.629921 0.677165 
vn 0.826772 -0.464567 0.322835 
vn 0.732283 -0.448819 0.511811 
vn 0.417323 -0.866142 0.291339 
vn 0.330709 -0.834646 0.440945 
vn 0.0314961 -0.968504 0.259843 
vn 0.299213 -0.913386 0.267717 
vn 0.330709 -0.834646 0.440945 
vn 0.488189 0.874016 0.023622 
vn 0.92126 0.385827 -0.015748 
vn 0.897638 0.338583 -0.283465 
vn 0.708661 0.677165 0.181102 
vn 0.480315 0.858268 -0.188976 
vn 0.716535 0.551181 -0.425197 
vn 0.708661 0.677165 0.181102 
vn 0.96063 0.251969 0.0944882 
vn 0.716535 0.622047 0.307087 
vn 0.0314961 -0.968504 0.259843 
vn 0.488189 -0.874016 0.0393701 
vn 0.590551 -0.795276 0.0944882 
vn 0.299213 -0.913386 0.267717 
vn 0.291339 -0.19685 -0.937008 
vn 0.0944882 0.283465 -0.952756 
vn 0.0787402 0.393701 -0.913386 
vn 0.165354 -0.19685 -0.968504 
vn 0.716535 0.551181 -0.425197 
vn 0.322835 0.897638 -0.299213 
vn 0.480315 0.858268 -0.188976 
vn 0.622047 0.598425 -0.503937 
vn 0.307087 0.944882 0.133858 
vn 0.480315 0.858268 -0.188976 
vn 0.488189 0.874016 0.023622 
vn 0.708661 0.677165 0.181102 
vn 0.307087 0.944882 0.133858 
vn 0.716535 0.622047 0.307087 
vn 0.488189 0.874016 0.023622 
vn 0.937008 0.110236 -0.322835 
vn 0.92126 0.385827 -0.015748 
vn 0.96063 0.251969 0.0944882 
vn 0.897638 0.338583 -0.283465 
vn -0.244094 -0.543307 -0.80315 
vn 0.165354 -0.19685 -0.968504 
vn 0.291339 -0.19685 -0.937008 
vn -0.125984 -0.417323 -0.897638 
vn 0.937008 0.110236 -0.322835 
vn 0.622047 0.598425 -0.503937 
vn 0.716535 0.551181 -0.425197 
vn 0.897638 0.338583 -0.283465 
vn 0.984252 -0.19685 -0.023622 
vn 0.590551 -0.795276 0.0944882 
vn 0.488189 -0.874016 0.0393701 
vn 0.897638 -0.409449 0.149606 
vn 0.968504 0.00787402 0.259843 
vn 0.732283 -0.448819 0.511811 
vn 0.826772 -0.464567 0.322835 
vn 0.897638 -0.314961 0.291339 
vn 0.968504 0.00787402 0.259843 
vn 0.897638 -0.409449 0.149606 
vn 0.984252 -0.19685 -0.023622 
vn 0.897638 -0.314961 0.291339 

vt 0.360169 0.517494 
vt 0.285768 0.469497 
vt 0.334299 0.37278 
vt 0.426609 0.414503 
vt 0.360169 0.517494 
vt 0.426609 0.414503 
vt 0.402629 0.533198 
vt 0.45464 0.496391 
vt 0.276788 0.367775 
vt 0.285768 0.469497 
vt 0.232591 0.44204 
vt 0.334299 0.37278 
vt 0.856138 0.354328 
vt 0.7703 0.260658 
vt 0.856073 0.248587 
vt 0.758017 0.329698 
vt 0.767258 0.544963 
vt 0.702253 0.551535 
vt 0.684512 0.503014 
vt 0.767258 0.483649 
vt 0.767258 0.36513 
vt 0.841895 0.449828 
vt 0.684512 0.503014 
vt 0.767258 0.415732 
vt 0.767258 0.544963 
vt 0.865061 0.037117 
vt 0.7491 0.121898 
vt 0.762054 0.014521 
vt 0.636709 0.118354 
vt 0.692528 0.060045 
vt 0.722032 0.189449 
vt 0.628758 0.231756 
vt 0.722032 0.189449 
vt 0.722032 0.219694 
vt 0.722032 0.272929 
vt 0.307029 0.087974 
vt 0.213149 0.161879 
vt 0.187156 0.086752 
vt 0.246061 0.048972 
vt 0.70829 0.36513 
vt 0.767258 0.415732 
vt 0.684512 0.503014 
vt 0.788468 0.732593 
vt 0.788468 0.631639 
vt 0.850042 0.674883 
vt 0.920957 0.724688 
vt 0.181344 0.787185 
vt 0.075966 0.907668 
vt 0.058057 0.836797 
vt 0.865061 0.161415 
vt 0.7491 0.121898 
vt 0.865061 0.037117 
vt 0.649433 0.484658 
vt 0.581105 0.493549 
vt 0.571908 0.406773 
vt 0.611205 0.369045 
vt 0.517277 0.286385 
vt 0.649433 0.332343 
vt 0.571908 0.406773 
vt 0.571908 0.406773 
vt 0.611205 0.369045 
vt 0.649433 0.484658 
vt 0.865061 0.161415 
vt 0.77967 0.203111 
vt 0.7491 0.121898 
vt 0.439051 0.231701 
vt 0.532492 0.060917 
vt 0.593077 0.132216 
vt 0.593077 0.132216 
vt 0.582644 0.272851 
vt 0.397719 0.160518 
vt 0.532492 0.060917 
vt 0.571908 0.406773 
vt 0.471543 0.3757 
vt 0.517277 0.286385 
vt 0.928108 0.272231 
vt 0.882982 0.199913 
vt 0.928108 0.171673 
vt 0.187156 0.252577 
vt 0.213149 0.161879 
vt 0.285391 0.242576 
vt 0.023152 0.82582 
vt 0.200804 0.753662 
vt 0.181344 0.787185 
vt 0.058057 0.836797 
vt 0.130187 0.946921 
vt 0.075966 0.907668 
vt 0.269276 0.867638 
vt 0.126719 0.984533 
vt 0.130187 0.946921 
vt 0.328067 0.870201 
vt 0.200804 0.753662 
vt 0.269276 0.867638 
vt 0.181344 0.787185 
vt 0.213149 0.161879 
vt 0.333093 0.201027 
vt 0.285391 0.242576 
vt 0.307029 0.087974 
vt 0.363268 0.174744 
vt 0.788468 0.631639 
vt 0.863801 0.628265 
vt 0.850042 0.674883 
vt 0.838152 0.551255 
vt 0.942894 0.624722 
vt 0.628249 0.936787 
vt 0.660933 0.789871 
vt 0.720994 0.921309 
vt 0.838152 0.551255 
vt 0.924601 0.510316 
vt 0.942894 0.624722 
vt 0.485597 0.026825 
vt 0.532492 0.060917 
vt 0.397719 0.160518 
vt 0.397719 0.027367 
vt 0.598685 0.968771 
vt 0.470692 0.835805 
vt 0.546924 0.852777 
vt 0.628249 0.936787 
vt 0.628249 0.936787 
vt 0.660933 0.789871 
vt 0.676278 0.722157 
vt 0.546924 0.852777 
vt 0.660933 0.789871 
vt 0.484225 0.41788 
vt 0.581105 0.493549 
vt 0.512302 0.511261 
vt 0.571908 0.406773 
vt 0.471543 0.3757 
vt 0.187156 0.252577 
vt 0.303522 0.300201 
vt 0.221731 0.333353 
vt 0.316755 0.342257 
vt 0.285391 0.242576 
vt 0.930237 0.362834 
vt 0.891977 0.475557 
vt 0.869636 0.378789 
vt 0.975256 0.350981 
vt 0.891977 0.475557 
vt 0.975256 0.350981 
vt 0.975256 0.478155 
vt 0.107038 0.56768 
vt 0.069563 0.711571 
vt 0.07414 0.5872 
vt 0.168187 0.676824 
vt 0.767258 0.541242 
vt 0.767258 0.483649 
vt 0.798474 0.508981 
vt 0.168187 0.676824 
vt 0.107038 0.56768 
vt 0.199818 0.565279 
vt 0.225043 0.616967 
vt 0.9547 0.033984 
vt 0.9547 0.118203 
vt 0.916391 0.06861 
vt 0.04843 0.927954 
vt 0.130187 0.946921 
vt 0.126719 0.984533 
vt 0.075966 0.907668 
vt 0.058057 0.836797 
vt 0.075966 0.907668 
vt 0.023152 0.82582 
vt 0.199818 0.565279 
vt 0.248188 0.530306 
vt 0.225043 0.616967 
vt 0.288435 0.612002 
vt 0.199919 0.708377 
vt 0.168187 0.676824 
vt 0.288435 0.612002 
vt 0.408663 0.622422 
vt 0.540752 0.663355 
vt 0.506998 0.729211 
vt 0.503005 0.592375 
vt 0.361879 0.720697 
vt 0.378682 0.776689 
vt 0.503005 0.592375 
vt 0.594345 0.653137 
vt 0.535237 0.541375 
vt 0.199919 0.708377 
vt 0.040621 0.764585 
vt 0.069563 0.711571 
vt 0.168187 0.676824 
vt 0.765772 0.940381 
vt 0.660933 0.789871 
vt 0.676278 0.722157 
vt 0.720994 0.921309 
vt 0.378682 0.776689 
vt 0.312621 0.743602 
vt 0.361879 0.720697 
vt 0.339447 0.831631 
vt 0.386504 0.588295 
vt 0.361879 0.720697 
vt 0.408663 0.622422 
vt 0.503005 0.592375 
vt 0.386504 0.588295 
vt 0.535237 0.541375 
vt 0.408663 0.622422 
vt 0.541313 0.756583 
vt 0.540752 0.663355 
vt 0.594345 0.653137 
vt 0.506998 0.729211 
vt 0.598685 0.968771 
vt 0.720994 0.921309 
vt 0.765772 0.940381 
vt 0.628249 0.936787 
vt 0.541313 0.756583 
vt 0.339447 0.831631 
vt 0.378682 0.776689 
vt 0.506998 0.729211 
vt 0.048206 0.563781 
vt 0.069563 0.711571 
vt 0.040621 0.764585 
vt 0.07414 0.5872 
vt 0.101223 0.532442 
vt 0.248188 0.530306 
vt 0.199818 0.565279 
vt 0.107038 0.56768 
vt 0.101223 0.532442 
vt 0.07414 0.5872 
vt 0.048206 0.563781 
vt 0.107038 0.56768 

usemtl Meshpart1Mtl

f 1/1/1 2/2/2 3/3/3 
f 3/3/3 4/4/4 1/1/1 
f 5/5/5 6/6/6 7/7/7 
f 6/6/6 8/8/8 7/7/7 
f 9/9/9 10/10/10 11/11/11 
f 10/10/10 9/9/9 12/12/12 
f 13/13/13 14/14/14 15/15/15 
f 14/14/14 13/13/13 16/16/16 
f 17/17/17 18/18/18 19/19/19 
f 20/20/20 21/21/21 22/22/22 
f 23/23/23 24/24/24 25/25/25 
f 26/26/26 27/27/27 28/28/28 
f 29/29/29 30/30/30 31/31/31 
f 32/32/32 29/29/29 33/33/33 
f 32/32/32 33/33/33 34/34/34 
f 32/32/32 34/34/34 35/35/35 
f 36/36/36 37/37/37 38/38/38 
f 36/36/36 38/38/38 39/39/39 
f 40/40/40 41/41/41 42/42/42 
f 43/43/43 44/44/44 45/45/45 
f 43/43/43 45/45/45 46/46/46 
f 47/47/47 48/48/48 49/49/49 
f 50/50/50 51/51/51 52/52/52 
f 53/53/53 54/54/54 55/55/55 
f 56/56/56 57/57/57 58/58/58 
f 59/59/59 57/57/57 56/56/56 
f 60/60/60 61/61/61 62/62/62 
f 63/63/63 64/64/64 65/65/65 
f 66/66/66 67/67/67 68/68/68 
f 66/66/66 69/69/69 70/70/70 
f 66/66/66 71/71/71 72/72/72 
f 73/73/73 74/74/74 75/75/75 
f 76/76/76 77/77/77 78/78/78 
f 79/79/79 80/80/80 81/81/81 
f 82/82/82 83/83/83 84/84/84 
f 82/82/82 84/84/84 85/85/85 
f 84/84/84 86/86/86 87/87/87 
f 86/86/86 84/84/84 88/88/88 
f 88/88/88 89/89/89 90/90/90 
f 89/89/89 88/88/88 91/91/91 
f 92/92/92 91/91/91 93/93/93 
f 92/92/92 93/93/93 94/94/94 
f 95/95/95 96/96/96 97/97/97 
f 96/96/96 95/95/95 98/98/98 
f 98/98/98 99/99/99 96/96/96 
f 100/100/100 101/101/101 102/102/102 
f 101/101/101 100/100/100 103/103/103 
f 103/103/103 104/104/104 101/101/101 
f 105/105/105 106/106/106 107/107/107 
f 108/108/108 109/109/109 110/110/110 
f 111/111/111 112/112/112 113/113/113 
f 114/114/114 111/111/111 113/113/113 
f 115/115/115 116/116/116 117/117/117 
f 115/115/115 117/117/117 118/118/118 
f 119/119/119 117/117/117 120/120/120 
f 121/121/121 122/122/122 116/116/116 
f 122/122/122 121/121/121 123/123/123 
f 124/124/124 125/125/125 126/126/126 
f 125/125/125 124/124/124 127/127/127 
f 128/128/128 127/127/127 124/124/124 
f 129/129/129 130/130/130 131/131/131 
f 130/130/130 132/132/132 131/131/131 
f 130/130/130 129/129/129 133/133/133 
f 134/134/134 135/135/135 136/136/136 
f 137/137/137 135/135/135 134/134/134 
f 138/138/138 139/139/139 140/140/140 
f 141/141/141 142/142/142 143/143/143 
f 142/142/142 141/141/141 144/144/144 
f 145/145/145 146/146/146 147/147/147 
f 148/148/148 149/149/149 150/150/150 
f 148/148/148 150/150/150 151/151/151 
f 152/152/152 153/153/153 154/154/154 
f 155/155/155 156/156/156 157/157/157 
f 156/156/156 155/155/155 158/158/158 
f 155/155/155 159/159/159 160/160/160 
f 155/155/155 161/161/161 159/159/159 
f 162/162/162 163/163/163 164/164/164 
f 163/163/163 165/165/165 164/164/164 
f 164/164/164 166/166/166 167/167/167 
f 166/166/166 164/164/164 168/168/168 
f 169/169/169 170/170/170 171/171/171 
f 170/170/170 169/169/169 172/172/172 
f 171/171/171 173/173/173 169/169/169 
f 171/171/171 174/174/174 173/173/173 
f 175/175/175 176/176/176 170/170/170 
f 176/176/176 175/175/175 177/177/177 
f 178/178/178 179/179/179 180/180/180 
f 178/178/178 180/180/180 181/181/181 
f 182/182/182 183/183/183 184/184/184 
f 183/183/183 182/182/182 185/185/185 
f 186/186/186 187/187/187 188/188/188 
f 187/187/187 186/186/186 189/189/189 
f 190/190/190 191/191/191 187/187/187 
f 191/191/191 190/190/190 192/192/192 
f 193/193/193 194/194/194 195/195/195 
f 194/194/194 193/193/193 196/196/196 
f 197/197/197 198/198/198 199/199/199 
f 198/198/198 197/197/197 200/200/200 
f 201/201/201 202/202/202 203/203/203 
f 202/202/202 201/201/201 204/204/204 
f 205/205/205 206/206/206 207/207/207 
f 205/205/205 207/207/207 208/208/208 
f 209/209/209 210/210/210 211/211/211 
f 210/210/210 209/209/209 212/212/212 
f 213/213/213 214/214/214 215/215/215 
f 213/213/213 215/215/215 216/216/216 
f 217/217/217 218/218/218 219/219/219 
f 218/218/218 217/217/217 220/220/220 

g Meshpart2

v -569.858 5.5351 -2.06097 
v -570.114 5.5351 -2.06097 
v -569.858 5.49512 -2.07753 
v -570.114 5.49512 -2.07753 
v -569.858 5.45515 -2.06097 
v -570.114 5.45515 -2.06097 
v -569.858 5.43859 -2.021 
v -570.114 5.43859 -2.021 
v -569.858 6.2351 -1.57464 
v -569.858 6.2351 -1.49469 
v -570.114 6.2351 -1.57464 
v -569.858 6.19512 -1.5912 
v -570.114 6.19512 -1.5912 
v -569.858 6.15515 -1.57464 
v -570.114 6.15515 -1.57464 
v -570.114 6.13859 -1.53467 
v -569.858 6.13859 -1.53467 
v -569.858 6.2951 -2.06097 
v -570.114 6.2951 -2.06097 
v -569.858 6.25512 -2.07753 
v -570.114 6.25512 -2.07753 
v -569.858 6.21515 -2.06097 
v -570.114 6.21515 -2.06097 
v -570.114 5.55165 -2.021 
v -569.858 5.5351 -2.06097 
v -570.114 5.5351 -2.06097 
v -569.858 5.55165 -2.021 
v -570.114 5.5351 -1.98103 
v -569.858 5.5351 -1.98103 
v -570.114 6.2351 -1.49469 
v -569.858 6.25165 -1.53467 
v -570.114 6.25165 -1.53467 
v -569.858 6.2351 -1.57464 
v -569.858 6.2351 -1.49469 
v -570.114 6.2351 -1.57464 
v -570.114 6.19512 -1.47814 
v -569.858 6.19512 -1.5912 
v -570.114 6.31165 -2.021 
v -569.858 6.2951 -2.06097 
v -570.114 6.2951 -2.06097 
v -569.858 6.31165 -2.021 
v -570.114 6.2951 -1.98103 
v -569.858 6.2951 -1.98103 
v -569.858 6.21515 -1.98103 
v -569.858 6.2951 -1.98103 
v -569.858 6.25512 -1.96447 
v -569.858 6.31165 -2.021 
v -569.858 6.25512 -2.07753 
v -569.858 6.2951 -2.06097 
v -569.858 6.21515 -2.06097 
v -569.858 6.19859 -2.021 
v -569.858 6.15515 -1.49469 
v -569.858 6.2351 -1.49469 
v -569.858 6.19512 -1.47814 
v -569.858 6.25165 -1.53467 
v -569.858 6.15515 -1.57464 
v -569.858 6.13859 -1.53467 
v -569.858 6.2351 -1.57464 
v -569.858 6.19512 -1.5912 
v -569.858 5.45515 -1.98103 
v -569.858 5.5351 -1.98103 
v -569.858 5.49512 -1.96447 
v -569.858 5.55165 -2.021 
v -569.858 5.49512 -2.07753 
v -569.858 5.5351 -2.06097 
v -569.858 5.45515 -2.06097 
v -569.858 5.43859 -2.021 
v -569.858 5.5351 -2.06097 
v -570.114 5.5351 -2.06097 
v -570.114 5.5351 -1.98103 
v -569.858 5.5351 -1.98103 
v -570.114 5.49512 -1.96447 
v -569.858 5.43859 -2.021 
v -569.858 5.49512 -1.96447 
v -570.114 5.43859 -2.021 
v -570.114 5.45515 -1.98103 
v -569.858 5.45515 -1.98103 
v -570.114 6.2351 -1.49469 
v -569.858 6.2351 -1.49469 
v -570.114 6.2351 -1.57464 
v -570.114 6.19512 -1.47814 
v -569.858 6.19512 -1.47814 
v -570.114 6.15515 -1.49469 
v -569.858 6.15515 -1.49469 
v -570.114 6.13859 -1.53467 
v -569.858 6.13859 -1.53467 
v -569.858 6.2951 -2.06097 
v -570.114 6.2951 -2.06097 
v -570.114 6.2951 -1.98103 
v -569.858 6.2951 -1.98103 
v -570.114 6.25512 -1.96447 
v -569.858 6.19859 -2.021 
v -569.858 6.25512 -1.96447 
v -570.114 6.19859 -2.021 
v -570.114 6.21515 -1.98103 
v -569.858 6.21515 -1.98103 
v -569.858 5.45515 -2.06097 
v -570.114 5.45515 -2.06097 
v -569.858 5.43859 -2.021 
v -570.114 5.43859 -2.021 
v -570.114 5.45515 -1.98103 
v -569.858 5.45515 -1.98103 
v -570.114 6.15515 -1.49469 
v -569.858 6.15515 -1.57464 
v -569.858 6.15515 -1.49469 
v -570.114 6.15515 -1.57464 
v -570.114 6.13859 -1.53467 
v -569.858 6.13859 -1.53467 
v -569.858 6.21515 -2.06097 
v -570.114 6.21515 -2.06097 
v -569.858 6.19859 -2.021 
v -570.114 6.19859 -2.021 
v -570.114 6.21515 -1.98103 
v -569.858 6.21515 -1.98103 
v -570.114 6.25512 -2.07753 
v -570.114 6.31165 -2.021 
v -570.114 6.2951 -2.06097 
v -570.114 6.21515 -1.98103 
v -570.114 6.2951 -1.98103 
v -570.114 6.25512 -1.96447 
v -570.114 6.21515 -2.06097 
v -570.114 6.19859 -2.021 
v -570.114 6.2351 -1.57464 
v -570.114 6.15515 -1.57464 
v -570.114 6.25165 -1.53467 
v -570.114 6.19512 -1.5912 
v -570.114 6.15515 -1.49469 
v -570.114 6.13859 -1.53467 
v -570.114 6.2351 -1.49469 
v -570.114 6.19512 -1.47814 
v -570.114 5.49512 -2.07753 
v -570.114 5.55165 -2.021 
v -570.114 5.5351 -2.06097 
v -570.114 5.45515 -1.98103 
v -570.114 5.5351 -1.98103 
v -570.114 5.49512 -1.96447 
v -570.114 5.45515 -2.06097 
v -570.114 5.43859 -2.021 

vn 0 0.740157 -0.669291 
vn 0 0.740157 -0.669291 
vn 0 0 -1 
vn 0 0 -1 
vn 0 -0.740157 -0.669291 
vn 0 -0.740157 -0.669291 
vn 0 -1 0 
vn 0 -1 0 
vn 0 0.740157 -0.669291 
vn 0 0.740157 0.669291 
vn 0 0.740157 -0.669291 
vn 0 0 -1 
vn 0 0 -1 
vn 0 -0.740157 -0.669291 
vn 0 -0.740157 -0.669291 
vn 0 -1 0 
vn 0 -1 0 
vn 0 0.740157 -0.669291 
vn 0 0.740157 -0.669291 
vn 0 0 -1 
vn 0 0 -1 
vn 0 -0.740157 -0.669291 
vn 0 -0.740157 -0.669291 
vn 0 1 0 
vn 0 0.740157 -0.669291 
vn 0 0.740157 -0.669291 
vn 0 1 0 
vn 0 0.740157 0.669291 
vn 0 0.740157 0.669291 
vn 0 0.740157 0.669291 
vn 0 1 0 
vn 0 1 0 
vn 0 0.740157 -0.669291 
vn 0 0.740157 0.669291 
vn 0 0.740157 -0.669291 
vn 0 0 1 
vn 0 0 -1 
vn 0 1 0 
vn 0 0.740157 -0.669291 
vn 0 0.740157 -0.669291 
vn 0 1 0 
vn 0 0.740157 0.669291 
vn 0 0.740157 0.669291 
vn 1 0 0 
vn 1 0 0 
vn 1 0 0 
vn 1 0 0 
vn 1 0 0 
vn 1 0 0 
vn 1 0 0 
vn 1 0 0 
vn 1 0 0 
vn 1 0 0 
vn 1 0 0 
vn 1 0 0 
vn 1 0 0 
vn 1 0 0 
vn 1 0 0 
vn 1 0 0 
vn 1 0 0 
vn 1 0 0 
vn 1 0 0 
vn 1 0 0 
vn 1 0 0 
vn 1 0 0 
vn 1 0 0 
vn 1 0 0 
vn 0 0.740157 -0.669291 
vn 0 0.740157 -0.669291 
vn 0 0.740157 0.669291 
vn 0 0.740157 0.669291 
vn 0 0 1 
vn 0 -1 0 
vn 0 0 1 
vn 0 -1 0 
vn 0 -0.740157 0.669291 
vn 0 -0.740157 0.669291 
vn 0 0.740157 0.669291 
vn 0 0.740157 0.669291 
vn 0 0.740157 -0.669291 
vn 0 0 1 
vn 0 0 1 
vn 0 -0.740157 0.669291 
vn 0 -0.740157 0.669291 
vn 0 -1 0 
vn 0 -1 0 
vn 0 0.740157 -0.669291 
vn 0 0.740157 -0.669291 
vn 0 0.740157 0.669291 
vn 0 0.740157 0.669291 
vn 0 0 1 
vn 0 -1 0 
vn 0 0 1 
vn 0 -1 0 
vn 0 -0.740157 0.669291 
vn 0 -0.740157 0.669291 
vn 0 -0.740157 -0.669291 
vn 0 -0.740157 -0.669291 
vn 0 -1 0 
vn 0 -1 0 
vn 0 -0.740157 0.669291 
vn 0 -0.740157 0.669291 
vn 0 -0.740157 0.669291 
vn 0 -0.740157 -0.669291 
vn 0 -0.740157 0.669291 
vn 0 -0.740157 -0.669291 
vn 0 -1 0 
vn 0 -1 0 
vn 0 -0.740157 -0.669291 
vn 0 -0.740157 -0.669291 
vn 0 -1 0 
vn 0 -1 0 
vn 0 -0.740157 0.669291 
vn 0 -0.740157 0.669291 
vn -1 0 0 
vn -1 0 0 
vn -1 0 0 
vn -1 0 0 
vn -1 0 0 
vn -1 0 0 
vn -1 0 0 
vn -1 0 0 
vn -1 0 0 
vn -1 0 0 
vn -1 0 0 
vn -1 0 0 
vn -1 0 0 
vn -1 0 0 
vn -1 0 0 
vn -1 0 0 
vn -1 0 0 
vn -1 0 0 
vn -1 0 0 
vn -1 0 0 
vn -1 0 0 
vn -1 0 0 
vn -1 0 0 
vn -1 0 0 

vt 9.98402 -19.0425 
vt 10.016 -19.0425 
vt 9.98402 -19.0475 
vt 10.016 -19.0475 
vt 9.98402 -19.0525 
vt 10.016 -19.0525 
vt 9.98402 -19.0546 
vt 10.016 -19.0546 
vt 9.98402 -18.955 
vt 9.98402 -18.955 
vt 10.016 -18.955 
vt 9.98402 -18.96 
vt 10.016 -18.96 
vt 9.98402 -18.965 
vt 10.016 -18.965 
vt 10.016 -18.9671 
vt 9.98402 -18.9671 
vt 9.98402 -18.9475 
vt 10.016 -18.9475 
vt 9.98402 -18.9525 
vt 10.016 -18.9525 
vt 9.98402 -18.9575 
vt 10.016 -18.9575 
vt 9.9696 -19.016 
vt 9.96461 -18.984 
vt 9.96461 -19.016 
vt 9.9696 -18.984 
vt 9.9746 -19.016 
vt 9.9746 -18.984 
vt 10.0354 -19.016 
vt 10.0304 -18.984 
vt 10.0304 -19.016 
vt 10.0254 -18.984 
vt 10.0354 -18.984 
vt 10.0254 -19.016 
vt 10.0375 -19.016 
vt 10.0233 -18.984 
vt 9.9696 -19.016 
vt 9.96461 -18.984 
vt 9.96461 -19.016 
vt 9.9696 -18.984 
vt 9.9746 -19.016 
vt 9.9746 -18.984 
vt 10.0254 -18.9575 
vt 10.0254 -18.9475 
vt 10.0233 -18.9525 
vt 10.0304 -18.9454 
vt 10.0375 -18.9525 
vt 10.0354 -18.9475 
vt 10.0354 -18.9575 
vt 10.0304 -18.9596 
vt 9.96461 -18.965 
vt 9.96461 -18.955 
vt 9.96254 -18.96 
vt 9.9696 -18.9529 
vt 9.9746 -18.965 
vt 9.9696 -18.9671 
vt 9.9746 -18.955 
vt 9.97667 -18.96 
vt 10.0254 -19.0525 
vt 10.0254 -19.0425 
vt 10.0233 -19.0475 
vt 10.0304 -19.0404 
vt 10.0375 -19.0475 
vt 10.0354 -19.0425 
vt 10.0354 -19.0525 
vt 10.0304 -19.0546 
vt 10.016 -19.0425 
vt 9.98402 -19.0425 
vt 9.98402 -19.0425 
vt 10.016 -19.0425 
vt 9.98402 -19.0475 
vt 10.016 -19.0546 
vt 10.016 -19.0475 
vt 9.98402 -19.0546 
vt 9.98402 -19.0525 
vt 10.016 -19.0525 
vt 9.98402 -18.955 
vt 10.016 -18.955 
vt 9.98402 -18.955 
vt 9.98402 -18.96 
vt 10.016 -18.96 
vt 9.98402 -18.965 
vt 10.016 -18.965 
vt 9.98402 -18.9671 
vt 10.016 -18.9671 
vt 10.016 -18.9475 
vt 9.98402 -18.9475 
vt 9.98402 -18.9475 
vt 10.016 -18.9475 
vt 9.98402 -18.9525 
vt 10.016 -18.9596 
vt 10.016 -18.9525 
vt 9.98402 -18.9596 
vt 9.98402 -18.9575 
vt 10.016 -18.9575 
vt 10.0354 -18.984 
vt 10.0354 -19.016 
vt 10.0304 -18.984 
vt 10.0304 -19.016 
vt 10.0254 -19.016 
vt 10.0254 -18.984 
vt 9.96461 -19.016 
vt 9.9746 -18.984 
vt 9.96461 -18.984 
vt 9.9746 -19.016 
vt 9.9696 -19.016 
vt 9.9696 -18.984 
vt 10.0354 -18.984 
vt 10.0354 -19.016 
vt 10.0304 -18.984 
vt 10.0304 -19.016 
vt 10.0254 -19.016 
vt 10.0254 -18.984 
vt 9.96254 -18.9525 
vt 9.9696 -18.9454 
vt 9.96461 -18.9475 
vt 9.9746 -18.9575 
vt 9.9746 -18.9475 
vt 9.97667 -18.9525 
vt 9.96461 -18.9575 
vt 9.9696 -18.9596 
vt 10.0254 -18.955 
vt 10.0254 -18.965 
vt 10.0304 -18.9529 
vt 10.0233 -18.96 
vt 10.0354 -18.965 
vt 10.0304 -18.9671 
vt 10.0354 -18.955 
vt 10.0375 -18.96 
vt 9.96254 -19.0475 
vt 9.9696 -19.0404 
vt 9.96461 -19.0425 
vt 9.9746 -19.0525 
vt 9.9746 -19.0425 
vt 9.97667 -19.0475 
vt 9.96461 -19.0525 
vt 9.9696 -19.0546 

usemtl Meshpart2Mtl

f 223/223/223 222/222/222 221/221/221 
f 222/222/222 223/223/223 224/224/224 
f 225/225/225 224/224/224 223/223/223 
f 224/224/224 225/225/225 226/226/226 
f 232/232/232 231/231/231 229/229/229 
f 231/231/231 232/232/232 233/233/233 
f 234/234/234 233/233/233 232/232/232 
f 233/233/233 234/234/234 235/235/235 
f 240/240/240 239/239/239 238/238/238 
f 239/239/239 240/240/240 241/241/241 
f 242/242/242 241/241/241 240/240/240 
f 241/241/241 242/242/242 243/243/243 
f 244/244/244 245/245/245 246/246/246 
f 245/245/245 244/244/244 247/247/247 
f 248/248/248 247/247/247 244/244/244 
f 247/247/247 248/248/248 249/249/249 
f 250/250/250 251/251/251 252/252/252 
f 253/253/253 252/252/252 251/251/251 
f 251/251/251 250/250/250 254/254/254 
f 252/252/252 253/253/253 255/255/255 
f 258/258/258 259/259/259 260/260/260 
f 259/259/259 258/258/258 261/261/261 
f 262/262/262 261/261/261 258/258/258 
f 261/261/261 262/262/262 263/263/263 
f 264/264/264 265/265/265 266/266/266 
f 265/265/265 264/264/264 267/267/267 
f 264/264/264 268/268/268 267/267/267 
f 267/267/267 268/268/268 269/269/269 
f 268/268/268 264/264/264 270/270/270 
f 270/270/270 264/264/264 271/271/271 
f 272/272/272 273/273/273 274/274/274 
f 273/273/273 272/272/272 275/275/275 
f 275/275/275 272/272/272 276/276/276 
f 276/276/276 272/272/272 277/277/277 
f 276/276/276 278/278/278 275/275/275 
f 278/278/278 276/276/276 279/279/279 
f 280/280/280 281/281/281 282/282/282 
f 281/281/281 280/280/280 283/283/283 
f 280/280/280 284/284/284 283/283/283 
f 283/283/283 284/284/284 285/285/285 
f 284/284/284 280/280/280 286/286/286 
f 286/286/286 280/280/280 287/287/287 
f 292/292/292 291/291/291 290/290/290 
f 291/291/291 292/292/292 294/294/294 
f 296/296/296 294/294/294 292/292/292 
f 294/294/294 296/296/296 297/297/297 
f 301/301/301 299/299/299 298/298/298 
f 299/299/299 301/301/301 302/302/302 
f 303/303/303 302/302/302 301/301/301 
f 302/302/302 303/303/303 304/304/304 
f 311/311/311 310/310/310 309/309/309 
f 310/310/310 311/311/311 313/313/313 
f 315/315/315 313/313/313 311/311/311 
f 313/313/313 315/315/315 316/316/316 
f 319/319/319 318/318/318 317/317/317 
f 318/318/318 319/319/319 320/320/320 
f 322/322/322 320/320/320 319/319/319 
f 320/320/320 322/322/322 321/321/321 
f 327/327/327 325/325/325 323/323/323 
f 328/328/328 326/326/326 324/324/324 
f 325/325/325 327/327/327 328/328/328 
f 326/326/326 328/328/328 327/327/327 
f 331/331/331 330/330/330 329/329/329 
f 330/330/330 331/331/331 332/332/332 
f 334/334/334 332/332/332 331/331/331 
f 332/332/332 334/334/334 333/333/333 
f 335/335/335 336/336/336 337/337/337 
f 335/335/335 338/338/338 336/336/336 
f 336/336/336 338/338/338 339/339/339 
f 339/339/339 338/338/338 340/340/340 
f 341/341/341 338/338/338 335/335/335 
f 338/338/338 341/341/341 342/342/342 
f 343/343/343 344/344/344 345/345/345 
f 344/344/344 343/343/343 346/346/346 
f 347/347/347 345/345/345 344/344/344 
f 347/347/347 344/344/344 348/348/348 
f 345/345/345 347/347/347 349/349/349 
f 349/349/349 347/347/347 350/350/350 
f 351/351/351 352/352/352 353/353/353 
f 351/351/351 354/354/354 352/352/352 
f 352/352/352 354/354/354 355/355/355 
f 355/355/355 354/354/354 356/356/356 
f 357/357/357 354/354/354 351/351/351 
f 354/354/354 357/357/357 358/358/358 

g Meshpart3

v -570.514 5.52401 -3.50251 
v -570.408 5.61639 -3.50251 
v -570.479 5.50436 -3.50251 
v -570.381 5.60067 -3.50251 
v -570.282 5.37023 -3.50251 
v -570.223 5.48882 -3.50251 
v -569.983 5.30989 -3.50251 
v -569.983 5.44054 -3.50251 
v -569.745 5.48882 -3.50251 
v -569.686 5.37023 -3.50251 
v -569.59 5.60067 -3.50251 
v -569.491 5.50436 -3.50251 
v -569.562 5.61639 -3.50251 
v -569.456 5.52401 -3.50251 
v -569.455 6.19188 -3.50251 
v -569.561 6.09949 -3.50251 
v -569.49 6.21153 -3.50251 
v -569.589 6.11521 -3.50251 
v -569.687 6.34565 -3.50251 
v -569.747 6.22707 -3.50251 
v -569.986 6.406 -3.50251 
v -569.986 6.27534 -3.50251 
v -570.224 6.22707 -3.50251 
v -570.284 6.34565 -3.50251 
v -570.38 6.11521 -3.50251 
v -570.479 6.21153 -3.50251 
v -570.408 6.09949 -3.50251 
v -570.513 6.19188 -3.50251 
v -570.074 5.34619 -1.04629 
v -569.985 6.48882 -3.38014 
v -569.649 6.42096 -3.38014 
v -570.32 6.42096 -3.38014 
v -570.54 6.27282 -3.38014 
v -569.565 5.61824 -3.28678 
v -569.426 5.49705 -3.28678 
v -569.462 5.47626 -3.28678 
v -569.592 5.6026 -3.28678 
v -569.669 5.33569 -3.28678 
v -569.747 5.49124 -3.28678 
v -569.984 5.27187 -3.28678 
v -569.984 5.44325 -3.28678 
v -570.222 5.49124 -3.28678 
v -570.3 5.33569 -3.28678 
v -570.379 5.6026 -3.28678 
v -570.508 5.47626 -3.28678 
v -570.406 5.61824 -3.28678 
v -570.545 5.49705 -3.28678 
v -570.405 6.09765 -3.28678 
v -570.507 6.23962 -3.28678 
v -570.378 6.11328 -3.28678 
v -570.544 6.21884 -3.28678 
v -570.301 6.3802 -3.28678 
v -570.223 6.22464 -3.28678 
v -569.986 6.44402 -3.28678 
v -569.986 6.27263 -3.28678 
v -569.748 6.22464 -3.28678 
v -569.67 6.3802 -3.28678 
v -569.591 6.11328 -3.28678 
v -569.461 6.23962 -3.28678 
v -569.563 6.09765 -3.28678 
v -569.424 6.21884 -3.28678 
v -569.388 6.2506 -3.22611 
v -569.984 5.22721 -3.22611 
v -569.391 5.46529 -3.22611 
v -569.986 5.48208 -1.09924 
v -569.717 5.59366 -1.09924 
v -570.091 6.43953 -3.17437 
v -569.986 6.51849 -3.17437 
v -569.882 6.43953 -3.17437 
v -569.9 6.48271 -3.17437 
v -570.073 6.48271 -3.17437 
v -569.986 5.22622 -3.17437 
v -569.882 5.30518 -3.17437 
v -569.9 5.26199 -3.17437 
v -570.091 5.30518 -3.17437 
v -570.073 5.26199 -3.17437 
v -569.864 5.34836 -3.10252 
v -570.109 5.34836 -3.10252 
v -570.106 5.43473 -3.10252 
v -569.867 5.43473 -3.10252 
v -569.986 5.54236 -3.10194 
v -569.9 5.50658 -3.10194 
v -570.073 5.50658 -3.10194 
v -569.986 6.20235 -3.10194 
v -570.106 6.30997 -3.10252 
v -569.867 6.30997 -3.10252 
v -570.073 6.23812 -3.10194 
v -569.9 6.23812 -3.10194 
v -570.109 6.39634 -3.10252 
v -569.864 6.39634 -3.10252 
v -569.867 6.30997 -2.79712 
v -569.882 6.43953 -2.2871 
v -570.091 6.43953 -2.2871 
v -569.906 5.86303 -2.64139 
v -569.897 5.77417 -2.64139 
v -569.93 5.80545 -2.64139 
v -569.861 5.86303 -2.64139 
v -569.986 5.73736 -2.64139 
v -569.897 5.9519 -2.64139 
v -569.986 5.78159 -2.64139 
v -569.93 5.92062 -2.64139 
v -570.043 5.80545 -2.64139 
v -569.986 5.98871 -2.64139 
v -570.075 5.77417 -2.64139 
v -569.986 5.94447 -2.64139 
v -570.067 5.86303 -2.64139 
v -570.043 5.92062 -2.64139 
v -570.112 5.86303 -2.64139 
v -570.075 5.9519 -2.64139 
v -570.091 5.30518 -2.2871 
v -570.105 5.60007 -2.10837 
v -569.882 5.30518 -2.2871 
v -569.868 5.60007 -2.10837 
v -570.073 6.48271 -1.47261 
v -569.9 6.48271 -1.47261 
v -570.091 6.43953 -0.412232 
v -570.105 6.10446 -1.40824 
v -570.311 5.86303 -1.69497 
v -569.986 6.18754 -1.69497 
v -569.986 5.53853 -1.69497 
v -569.662 5.86303 -1.69497 
v -570.347 5.86303 -1.75497 
v -570.216 5.63357 -1.69497 
v -569.986 5.50247 -1.75497 
v -570.043 5.92062 -2.52844 
v -569.93 5.92062 -2.52844 
v -569.906 5.86303 -2.52844 
v -569.986 5.94447 -2.52844 
v -570.067 5.86303 -2.52844 
v -569.93 5.80545 -2.52844 
v -570.043 5.80545 -2.52844 
v -569.986 5.78159 -2.52844 
v -570.201 6.04724 -1.37367 
v -569.882 6.43953 -0.412232 
v -569.868 6.10446 -1.40824 
v -569.867 6.15156 -2.15785 
v -569.747 6.10206 -2.15785 
v -569.801 6.04819 -2.19443 
v -569.894 6.08653 -2.19443 
v -569.648 5.86303 -2.15785 
v -569.724 5.86303 -2.19443 
v -569.747 5.62401 -2.15785 
v -569.801 5.67788 -2.19443 
v -569.867 5.57451 -2.15785 
v -569.894 5.63953 -2.19443 
v -570.172 6.04819 -2.19443 
v -570.324 5.86303 -2.15785 
v -570.225 6.10206 -2.15785 
v -570.106 6.15156 -2.15785 
v -570.079 6.08653 -2.19443 
v -570.248 5.86303 -2.19443 
v -570.225 5.62401 -2.15785 
v -570.172 5.67788 -2.19443 
v -570.106 5.57451 -2.15785 
v -570.079 5.63953 -2.19443 
v -569.424 6.21893 -3.32275 
v -570.403 6.09552 -3.25466 
v -570.074 4.88869 -1.01957 
v -570.074 5.0359 -0.382538 
v -570.544 6.21893 -3.32275 
v -569.898 4.88869 -1.01957 
v -570.079 5.87049 -2.1759 
v -569.893 5.87049 -2.1759 
v -569.986 5.7774 -2.1759 
v -569.921 5.80467 -2.1759 
v -570.052 5.80467 -2.1759 
v -569.986 5.96357 -2.1759 
v -569.921 5.93631 -2.1759 
v -570.052 5.93631 -2.1759 
v -569.986 5.98871 -2.16673 
v -569.821 5.86303 -2.06515 
v -569.986 5.69808 -2.12389 
v -569.986 6.02799 -2.12389 
v -570.151 5.86303 -2.06515 
v -569.986 6.17854 -0.528078 
v -569.986 6.17854 -0.436334 
v -570.302 5.86303 -0.528078 
v -569.671 5.86303 -0.528078 
v -569.986 5.54752 -0.436334 
v -569.719 6.13075 -0.372182 
v -569.608 5.86303 -0.372182 
v -570.254 6.13075 -0.372182 
v -569.986 5.48442 -0.372182 
v -569.886 6.15156 -2.10462 
v -569.986 6.11316 -2.11237 
v -569.986 6.20106 -2.10462 
v -569.912 6.07653 -2.11237 
v -570.087 6.15156 -2.10462 
v -570.061 6.07653 -2.11237 
v -569.986 5.61291 -2.11237 
v -570.087 5.57451 -2.10462 
v -570.061 5.64954 -2.11237 
v -569.986 5.525 -2.10462 
v -569.886 5.57451 -2.10462 
v -569.912 5.64954 -2.11237 
v -570.061 6.07653 -2.11237 
v -570.155 6.03161 -2.06196 
v -570.248 5.86303 -2.19443 
v -569.986 6.11316 -2.11237 
v -570.155 5.69445 -2.06196 
v -569.912 6.07653 -2.11237 
v -569.818 6.03161 -2.06196 
v -569.986 5.61291 -2.11237 
v -569.912 5.64954 -2.11237 
v -569.748 5.86303 -2.06196 
v -570.225 5.86303 -2.06196 
v -569.986 6.10144 -2.06196 
v -569.986 5.62462 -2.06196 
v -570.155 5.69445 -2.06196 
v -570.155 6.03161 -2.06196 
v -569.818 5.69445 -2.06196 
v -569.818 6.03161 -2.06196 
v -569.748 5.86303 -2.06196 
v -570.074 4.88869 -1.01957 
v -570.074 5.48366 -1.26982 
v -569.898 5.48366 -1.26982 
v -570.074 5.60782 -1.26982 
v -569.898 5.60782 -1.26982 
v -569.898 4.88869 -1.01957 
v -570.091 6.43953 -1.47261 
v -569.986 6.51849 -1.47261 
v -569.882 6.43953 -1.47261 
v -569.9 6.48271 -1.47261 
v -570.073 6.48271 -1.47261 
v -569.868 6.1981 -1.67576 
v -570.105 6.1981 -1.67576 
v -569.868 6.10446 -1.67576 
v -570.105 6.10446 -1.67576 
v -569.594 5.60483 -3.25466 
v -570.22 5.49396 -3.25466 
v -570.091 5.30518 -2.2871 
v -569.868 5.54661 -2.10837 
v -569.882 5.30518 -2.2871 
v -570.105 5.54661 -2.10837 
v -569.868 5.60007 -2.10837 
v -570.105 5.60007 -2.10837 
v -569.986 6.26965 -3.35013 
v -569.591 6.11314 -3.47599 
v -570.378 6.11314 -3.47599 
v -569.986 6.27534 -3.50251 
v -569.593 6.11106 -3.25466 
v -570.221 6.22192 -3.25466 
v -569.898 5.42211 -0.60219 
v -569.898 5.35892 -0.511306 
v -570.074 5.35892 -0.511306 
v -570.074 5.0359 -0.382538 
v -569.898 5.0359 -0.382538 
v -570.105 6.1981 -2.10837 
v -569.868 6.1981 -2.10837 
v -570.105 6.14464 -2.10837 
v -569.868 6.14464 -2.10837 
v -570.091 6.43953 -2.2871 
v -569.882 6.43953 -2.2871 
v -569.749 6.10008 -1.38583 
v -569.903 5.94666 -1.38583 
v -569.986 6.19827 -1.38583 
v -569.651 5.86303 -1.38583 
v -569.986 5.9813 -1.38583 
v -569.868 5.86303 -1.38583 
v -570.07 5.94666 -1.38583 
v -569.903 5.7794 -1.38583 
v -570.223 6.10008 -1.38583 
v -569.749 5.62598 -1.38583 
v -570.322 5.86303 -1.38583 
v -569.986 5.52779 -1.38583 
v -570.105 5.86303 -1.38583 
v -569.986 5.74476 -1.38583 
v -570.07 5.7794 -1.38583 
v -570.223 5.62598 -1.38583 
v -569.986 5.70401 -0.5239 
v -569.763 5.63993 -0.528078 
v -569.986 5.54752 -0.52808 
v -570.209 5.63993 -0.528078 
v -569.874 5.75059 -0.523898 
v -570.099 5.75059 -0.523898 
v -569.671 5.86303 -0.528078 
v -570.302 5.86303 -0.528078 
v -569.827 5.86303 -0.523898 
v -570.145 5.86303 -0.523898 
v -569.874 5.97547 -0.523898 
v -570.099 5.97547 -0.523898 
v -569.763 6.08613 -0.528078 
v -570.209 6.08613 -0.528078 
v -569.986 6.02205 -0.5239 
v -569.986 6.17854 -0.528078 
v -569.882 6.43953 -0.412232 
v -570.109 6.39634 -0.393738 
v -570.091 6.43953 -0.412232 
v -569.864 6.39634 -0.393738 
v -570.106 6.30997 -0.35675 
v -569.867 6.30997 -0.35675 
v -570.073 6.1862 -0.325982 
v -569.9 6.1862 -0.325982 
v -570.074 5.0359 -0.382538 
v -569.898 4.96042 -0.435068 
v -570.074 4.96042 -0.435068 
v -569.898 5.0359 -0.382538 
v -570.301 5.86303 0.108956 
v -569.764 6.08567 0.108958 
v -570.209 6.08567 0.108956 
v -569.719 6.13075 0.0341138 
v -570.254 6.13075 0.0341138 
v -569.986 6.24164 0.0341138 
v -569.986 6.17788 0.108958 
v -569.986 6.51849 0.0430397 
v -570.073 6.48271 0.0430397 
v -569.898 5.0018 -0.125806 
v -569.864 6.39634 -0.0288103 
v -570.074 5.48366 -0.228094 
v -569.898 5.48366 -0.228094 
v -569.59 5.60067 -3.50251 
v -569.456 5.52401 -3.50251 
v -569.455 6.19188 -3.50251 
v -569.561 6.09949 -3.50251 
v -569.687 6.34565 -3.50251 
v -570.284 6.34565 -3.50251 
v -570.513 6.19188 -3.50251 
v -569.985 6.48882 -3.38014 
v -569.687 6.34565 -3.50251 
v -569.986 6.406 -3.50251 
v -570.284 6.34565 -3.50251 
v -569.649 6.42096 -3.38014 
v -570.32 6.42096 -3.38014 
v -569.49 6.21153 -3.50251 
v -570.479 6.21153 -3.50251 
v -569.427 6.27282 -3.38014 
v -569.455 6.19188 -3.50251 
v -569.388 6.2507 -3.38014 
v -570.54 6.27282 -3.38014 
v -570.513 6.19188 -3.50251 
v -570.579 6.25069 -3.38014 
v -570.302 5.86303 -0.954034 
v -570.145 5.86303 -0.958214 
v -569.671 5.86303 -0.954034 
v -569.827 5.86303 -0.958214 
v -569.986 6.17854 -0.954034 
v -569.388 6.2506 -3.22611 
v -569.424 6.21884 -3.28678 
v -569.427 6.27271 -3.22611 
v -569.461 6.23962 -3.28678 
v -569.649 6.42083 -3.22611 
v -569.67 6.3802 -3.28678 
v -569.985 6.48868 -3.22611 
v -569.986 6.44402 -3.28678 
v -570.301 6.3802 -3.28678 
v -570.32 6.42083 -3.22611 
v -570.507 6.23962 -3.28678 
v -570.54 6.27271 -3.22611 
v -570.544 6.21884 -3.28678 
v -570.579 6.2506 -3.22611 
v -569.984 5.22721 -3.22611 
v -569.391 5.46529 -3.22611 
v -570.256 6.13241 -1.09924 
v -570.367 5.86303 -1.09924 
v -569.605 5.86303 -1.09924 
v -569.986 5.48208 -1.09924 
v -569.717 5.59366 -1.09924 
v -570.091 6.43953 -3.17437 
v -569.9 6.48271 -3.17437 
v -569.9 5.26199 -3.17437 
v -570.091 6.43953 -2.74164 
v -569.986 6.20235 -2.84321 
v -569.867 6.30997 -2.79712 
v -569.864 6.39634 -3.10252 
v -569.882 6.43953 -2.74164 
v -569.9 6.48271 -3.17437 
v -569.882 6.43953 -3.17437 
v -569.9 6.48271 -2.04399 
v -569.986 6.51849 -3.17437 
v -569.986 6.51849 -2.04399 
v -570.073 6.48271 -3.17437 
v -570.073 6.48271 -2.04399 
v -570.091 6.43953 -2.2871 
v -570.091 6.43953 -2.04399 
v -569.897 5.77417 -2.64139 
v -569.986 5.73736 -2.64139 
v -569.897 5.9519 -2.64139 
v -569.986 5.98871 -2.64139 
v -570.091 5.30518 -2.2871 
v -569.882 5.30518 -2.74164 
v -569.882 5.30518 -2.2871 
v -569.9 5.50658 -2.82789 
v -569.9 5.50658 -3.10194 
v -569.986 5.54236 -2.84321 
v -569.986 5.54236 -3.10194 
v -570.073 5.50658 -3.10194 
v -570.073 5.50658 -2.82789 
v -570.109 5.34836 -3.10252 
v -570.109 5.34836 -2.76013 
v -570.073 6.48271 0.0430397 
v -569.986 6.51849 -1.47261 
v -570.073 6.48271 -1.47261 
v -569.986 6.51849 0.0430397 
v -569.9 6.48271 -1.47261 
v -569.9 6.48271 0.0430397 
v -570.091 6.43953 -0.412232 
v -570.091 6.43953 -1.22951 
v -570.091 6.43953 -1.47261 
v -570.105 6.10446 -1.40824 
v -570.311 5.86303 -1.69497 
v -569.986 6.18754 -1.69497 
v -569.662 5.86303 -1.69497 
v -570.216 6.09249 -1.69497 
v -570.347 5.86303 -1.75497 
v -570.241 6.11799 -1.75497 
v -569.986 6.22359 -1.75497 
v -569.986 6.18754 -1.69497 
v -569.757 6.09249 -1.69497 
v -569.731 6.11799 -1.75497 
v -569.626 5.86303 -1.75497 
v -569.662 5.86303 -1.69497 
v -569.986 6.172 -1.70473 
v -569.986 6.172 -1.37367 
v -569.768 6.08151 -1.37367 
v -569.768 6.08151 -1.70473 
v -570.205 6.08151 -1.70473 
v -570.205 6.08151 -1.37367 
v -570.201 6.04724 -1.37367 
v -569.882 6.43953 -1.22951 
v -569.882 6.43953 -0.412232 
v -569.868 6.10446 -1.67576 
v -569.868 6.10446 -1.40824 
v -569.864 6.39634 -0.0288103 
v -569.882 6.43953 0.0430397 
v -569.648 5.86303 -2.15785 
v -569.894 5.63953 -2.19443 
v -570.324 5.86303 -2.15785 
v -570.079 5.63953 -2.19443 
v -569.562 5.61639 -3.10178 
v -569.456 5.52401 -3.10178 
v -569.565 5.61838 -3.12906 
v -569.567 5.62037 -3.25466 
v -569.391 5.46529 -3.22611 
v -569.426 5.49705 -3.28678 
v -569.565 5.61824 -3.28678 
v -569.567 5.62037 -3.35013 
v -569.426 5.49696 -3.32275 
v -569.391 5.46519 -3.38014 
v -569.565 5.61824 -3.32275 
v -569.456 5.52401 -3.50251 
v -569.565 5.61838 -3.47599 
v -569.562 5.61639 -3.50251 
v -570.404 5.62037 -3.35012 
v -570.582 5.46519 -3.38014 
v -570.545 5.49696 -3.32275 
v -570.406 5.61824 -3.32275 
v -570.514 5.52401 -3.50251 
v -570.406 5.61838 -3.47599 
v -570.408 5.61639 -3.50251 
v -570.514 5.52401 -3.10178 
v -570.404 5.62037 -3.25466 
v -570.581 5.46529 -3.22611 
v -570.545 5.49705 -3.28678 
v -570.406 5.61824 -3.28678 
v -570.406 5.61838 -3.12906 
v -570.408 5.61639 -3.10178 
v -569.424 6.21893 -3.32275 
v -569.561 6.09949 -3.10178 
v -570.408 6.09949 -3.10178 
v -570.074 4.96042 -0.810708 
v -570.074 5.0359 -0.382538 
v -570.544 6.21893 -3.32275 
v -569.898 4.81013 -0.867686 
v -569.898 5.0359 -0.382538 
v -569.882 5.30518 -3.17437 
v -570.091 5.30518 -3.17437 
v -570.109 5.34836 -3.10252 
v -569.864 5.34836 -3.10252 
v -570.074 4.96042 -0.810708 
v -569.898 4.96042 -0.810708 
v -570.074 5.01891 -0.89854 
v -569.898 4.96042 -0.435068 
v -570.074 4.96042 -0.435068 
v -569.898 5.01891 -0.89854 
v -570.256 6.13241 -1.33237 
v -570.256 6.13241 -1.09924 
v -569.986 6.24399 -1.33237 
v -569.986 6.24399 -1.09924 
v -569.717 6.13241 -1.09924 
v -569.717 6.13241 -1.33237 
v -569.986 6.02799 -2.12389 
v -569.897 5.9519 -2.16673 
v -569.986 5.98871 -2.16673 
v -570.075 5.9519 -2.16673 
v -569.87 5.97967 -2.12389 
v -570.103 5.97967 -2.12389 
v -570.347 5.86303 -1.89497 
v -570.347 5.86303 -1.75497 
v -570.241 6.11799 -1.89497 
v -570.241 6.11799 -1.75497 
v -569.626 5.86303 -1.75497 
v -569.986 6.22359 -1.75497 
v -569.626 5.86303 -1.89497 
v -569.986 6.22359 -1.89497 
v -569.731 6.11799 -1.75497 
v -569.731 6.11799 -1.89497 
v -569.87 5.97967 -2.06515 
v -569.87 5.97967 -2.12389 
v -569.986 6.02799 -2.06515 
v -569.986 6.02799 -2.12389 
v -570.103 5.97967 -2.06515 
v -570.103 5.97967 -2.12389 
v -569.763 6.08613 -0.954034 
v -569.671 5.86303 -0.954034 
v -569.671 5.86303 -1.04578 
v -569.763 6.08613 -1.04578 
v -569.986 6.17854 -0.954034 
v -569.986 6.17854 -1.04578 
v -570.209 6.08613 -0.954034 
v -570.209 6.08613 -1.04578 
v -570.302 5.86303 -0.954034 
v -570.302 5.86303 -1.04578 
v -569.986 6.17854 -0.528078 
v -570.209 6.08613 -0.528078 
v -570.209 6.08613 -0.436334 
v -570.302 5.86303 -0.436336 
v -569.986 6.17854 -0.436334 
v -570.302 5.86303 -0.528078 
v -569.763 6.08613 -0.528078 
v -569.763 6.08613 -0.436334 
v -569.671 5.86303 -0.528078 
v -569.671 5.86303 -0.436334 
v -569.986 6.24164 0.0341138 
v -569.719 6.13075 -0.372182 
v -569.986 6.24164 -0.372182 
v -569.719 6.13075 0.0341138 
v -570.254 6.13075 0.0341138 
v -569.608 5.86303 -0.372182 
v -570.254 6.13075 -0.372182 
v -570.365 5.86303 0.0341138 
v -570.365 5.86303 -0.372184 
v -570.043 5.80545 -2.52844 
v -569.986 5.78159 -2.64139 
v -570.043 5.80545 -2.64139 
v -569.986 5.78159 -2.52844 
v -569.93 5.80545 -2.64139 
v -569.93 5.80545 -2.52844 
v -570.155 6.03161 -2.06196 
v -570.248 5.86303 -2.19443 
v -570.155 5.69445 -2.06196 
v -570.172 5.67788 -2.19443 
v -569.818 6.03161 -2.06196 
v -570.061 5.64954 -2.11237 
v -570.079 5.63953 -2.19443 
v -569.986 5.62462 -2.06196 
v -569.986 5.61291 -2.11237 
v -569.912 5.64954 -2.11237 
v -569.818 5.69445 -2.06196 
v -569.801 5.67788 -2.19443 
v -569.894 5.63953 -2.19443 
v -569.648 5.86303 -1.93374 
v -569.747 6.10206 -2.15785 
v -569.747 6.10206 -1.93374 
v -569.648 5.86303 -2.15785 
v -569.886 6.15156 -2.10462 
v -569.867 6.15156 -2.15785 
v -569.986 6.20106 -1.93374 
v -569.986 6.20106 -2.10462 
v -570.087 6.15156 -2.10462 
v -570.225 6.10206 -1.93374 
v -570.225 6.10206 -2.15785 
v -570.106 6.15156 -2.15785 
v -570.324 5.86303 -1.93374 
v -570.324 5.86303 -2.15785 
v -569.985 6.48868 -3.22611 
v -570.32 6.42083 -3.22611 
v -570.284 6.34565 -3.10178 
v -570.479 6.21153 -3.10178 
v -569.986 6.406 -3.10178 
v -570.54 6.27271 -3.22611 
v -570.513 6.19188 -3.10178 
v -570.579 6.2506 -3.22611 
v -569.687 6.34565 -3.10178 
v -569.649 6.42083 -3.22611 
v -569.49 6.21153 -3.10178 
v -569.427 6.27271 -3.22611 
v -569.455 6.19188 -3.10178 
v -569.388 6.2506 -3.22611 
v -570.201 5.67882 -1.70473 
v -570.201 5.67882 -1.37367 
v -569.986 5.6249 -1.37367 
v -569.986 5.6249 -1.70473 
v -569.772 5.67882 -1.37367 
v -569.772 5.67882 -1.70473 
v -570.347 5.86303 -1.89497 
v -570.324 5.86303 -1.93374 
v -570.225 6.10206 -1.93374 
v -570.241 6.11799 -1.89497 
v -569.626 5.86303 -1.89497 
v -569.986 6.22359 -1.89497 
v -569.648 5.86303 -1.93374 
v -569.986 6.20106 -1.93374 
v -569.747 6.10206 -1.93374 
v -569.731 6.11799 -1.89497 
v -569.898 5.60782 -0.228094 
v -569.898 5.60782 -1.26982 
v -570.074 5.60782 -0.228094 
v -570.074 5.60782 -1.26982 
v -570.112 5.86303 -2.64139 
v -570.075 5.9519 -2.16673 
v -570.075 5.9519 -2.64139 
v -569.986 5.98871 -2.16673 
v -569.986 5.73736 -2.16673 
v -569.986 5.98871 -2.64139 
v -569.897 5.9519 -2.16673 
v -569.897 5.9519 -2.64139 
v -569.984 5.44325 -3.32275 
v -569.748 5.49396 -3.35013 
v -569.984 5.44624 -3.35013 
v -570.22 5.49396 -3.35012 
v -569.747 5.49124 -3.32275 
v -570.222 5.49124 -3.32275 
v -569.594 5.60483 -3.35013 
v -570.376 5.60483 -3.35012 
v -569.592 5.6026 -3.32275 
v -570.379 5.6026 -3.32275 
v -569.567 5.62037 -3.35013 
v -569.565 5.61824 -3.32275 
v -569.592 5.60275 -3.47599 
v -570.404 5.62037 -3.35012 
v -570.406 5.61824 -3.32275 
v -569.565 5.61838 -3.47599 
v -570.378 5.60275 -3.47599 
v -570.406 5.61838 -3.47599 
v -569.59 5.60067 -3.50251 
v -569.562 5.61639 -3.50251 
v -569.745 5.48882 -3.50251 
v -569.747 5.49139 -3.47599 
v -569.983 5.44054 -3.50251 
v -569.983 5.44339 -3.47599 
v -570.222 5.49139 -3.47599 
v -570.223 5.48882 -3.50251 
v -570.381 5.60067 -3.50251 
v -570.408 5.61639 -3.50251 
v -569.565 5.61838 -3.12906 
v -569.567 5.62037 -3.25466 
v -569.592 5.60275 -3.12906 
v -569.59 5.60067 -3.10178 
v -569.562 5.61639 -3.10178 
v -569.745 5.48882 -3.10178 
v -569.747 5.49139 -3.12906 
v -569.983 5.44054 -3.10178 
v -569.983 5.44339 -3.12906 
v -570.222 5.49139 -3.12906 
v -570.223 5.48882 -3.10178 
v -569.594 5.60483 -3.25466 
v -570.378 5.60275 -3.12906 
v -570.381 5.60067 -3.10178 
v -569.592 5.6026 -3.28678 
v -569.565 5.61824 -3.28678 
v -569.747 5.49124 -3.28678 
v -569.748 5.49396 -3.25466 
v -569.984 5.44325 -3.28678 
v -569.984 5.44624 -3.25466 
v -570.22 5.49396 -3.25466 
v -570.222 5.49124 -3.28678 
v -570.376 5.60483 -3.25466 
v -570.379 5.6026 -3.28678 
v -570.404 5.62037 -3.25466 
v -570.406 5.61824 -3.28678 
v -570.406 5.61838 -3.12906 
v -570.408 5.61639 -3.10178 
v -570.091 5.30518 -2.2871 
v -569.882 5.30518 -2.2871 
v -569.882 5.30518 -2.74164 
v -570.091 5.30518 -2.74164 
v -569.985 6.48882 -3.38014 
v -569.669 6.38032 -3.32275 
v -569.649 6.42096 -3.38014 
v -569.461 6.23972 -3.32275 
v -569.986 6.44415 -3.32275 
v -569.427 6.27282 -3.38014 
v -569.424 6.21893 -3.32275 
v -569.388 6.2507 -3.38014 
v -570.301 6.38032 -3.32275 
v -570.32 6.42096 -3.38014 
v -570.507 6.23972 -3.32275 
v -570.54 6.27282 -3.38014 
v -570.544 6.21893 -3.32275 
v -570.579 6.25069 -3.38014 
v -569.651 5.86303 -1.38583 
v -570.223 6.10008 -1.38583 
v -570.256 6.13241 -1.33237 
v -569.986 6.24399 -1.33237 
v -569.986 6.19827 -1.38583 
v -569.749 6.10008 -1.38583 
v -569.717 6.13241 -1.33237 
v -569.671 5.86303 -0.528078 
v -570.302 5.86303 -0.528078 
v -569.827 5.86303 -0.523898 
v -570.145 5.86303 -0.523898 
v -570.365 5.86303 -0.372184 
v -570.254 6.13075 -0.372182 
v -570.209 6.08613 -0.436334 
v -569.986 6.24164 -0.372182 
v -570.302 5.86303 -0.436336 
v -569.986 6.17854 -0.436334 
v -569.763 6.08613 -0.436334 
v -569.719 6.13075 -0.372182 
v -569.672 5.86303 0.108958 
v -569.764 5.6404 0.108958 
v -569.764 5.6404 0.108958 
v -569.986 5.54818 0.108958 
v -569.986 5.48442 0.0341138 
v -569.719 5.59531 0.0341138 
v -569.608 5.86303 0.0341138 
v -569.672 5.86303 0.108958 
v -569.764 6.08567 0.108958 
v -569.719 6.13075 0.0341138 
v -569.986 6.24164 0.0341138 
v -569.986 6.51849 0.0430397 
v -570.074 4.81013 -0.255816 
v -569.898 5.0018 -0.125806 
v -569.864 6.39634 -0.0288103 
v -569.898 5.48366 -0.228094 
v -569.491 5.50436 -3.50251 
v -569.455 6.19188 -3.50251 
v -569.561 6.09949 -3.50251 
v -569.898 5.34619 -1.04629 
v -570.074 5.42211 -0.995778 
v -570.074 5.34619 -1.04629 
v -569.985 6.48882 -3.38014 
v -569.649 6.42096 -3.38014 
v -569.427 6.27282 -3.38014 
v -569.388 6.2506 -3.22611 
v -569.605 5.86303 -1.09924 
v -569.986 5.48208 -1.09924 
v -569.717 5.59366 -1.09924 
v -569.9 6.48271 -3.17437 
v -569.9 5.26199 -3.17437 
v -569.864 5.34836 -3.10252 
v -569.9 6.23812 -3.10194 
v -569.9 6.23812 -2.82789 
v -569.867 6.30997 -3.10252 
v -569.867 6.30997 -2.79712 
v -569.864 6.39634 -3.10252 
v -569.864 6.39634 -2.76013 
v -569.882 6.43953 -2.74164 
v -569.9 6.48271 -3.17437 
v -569.882 6.43953 -3.17437 
v -569.9 6.48271 -2.04399 
v -569.882 6.43953 -2.2871 
v -569.882 6.43953 -2.04399 
v -569.986 6.51849 -2.04399 
v -569.868 6.1981 -2.10837 
v -569.868 6.1981 -1.84084 
v -569.868 6.14464 -2.10837 
v -569.868 6.14464 -1.84084 
v -569.897 5.77417 -2.64139 
v -569.986 5.73736 -2.64139 
v -569.897 5.9519 -2.64139 
v -569.986 5.98871 -2.64139 
v -570.075 5.9519 -2.64139 
v -570.105 5.60007 -2.10837 
v -569.9 5.26199 -3.17437 
v -569.9 5.26199 -2.04399 
v -569.882 5.30518 -2.74164 
v -569.882 5.30518 -2.2871 
v -569.882 5.30518 -2.04399 
v -569.868 5.54661 -2.10837 
v -569.868 5.54661 -1.84084 
v -569.868 5.60007 -1.84084 
v -569.868 5.60007 -2.10837 
v -569.864 5.34836 -3.10252 
v -569.882 5.30518 -3.17437 
v -569.864 5.34836 -2.76013 
v -569.867 5.43473 -2.79712 
v -569.867 5.43473 -3.10252 
v -569.9 5.50658 -2.82789 
v -569.9 5.50658 -3.10194 
v -569.986 6.51849 -1.47261 
v -569.9 6.48271 -1.47261 
v -569.9 6.48271 0.0430397 
v -569.986 6.18754 -1.69497 
v -569.986 5.53853 -1.69497 
v -569.662 5.86303 -1.69497 
v -569.757 6.09249 -1.69497 
v -569.757 5.63357 -1.69497 
v -569.731 6.11799 -1.75497 
v -569.731 5.60808 -1.75497 
v -569.626 5.86303 -1.75497 
v -569.662 5.86303 -1.69497 
v -569.768 5.64456 -1.37367 
v -569.768 5.64456 -1.70473 
v -569.772 5.67882 -1.70473 
v -569.772 5.67882 -1.37367 
v -570.201 6.04724 -1.37367 
v -569.772 6.04724 -1.37367 
v -569.772 6.04724 -1.70473 
v -569.768 6.08151 -1.70473 
v -569.768 6.08151 -1.37367 
v -569.882 6.43953 -1.22951 
v -569.882 6.43953 -1.47261 
v -569.868 6.1981 -1.40824 
v -569.882 6.43953 -0.412232 
v -569.868 6.1981 -1.67576 
v -569.868 6.10446 -1.67576 
v -569.868 6.10446 -1.40824 
v -569.864 6.39634 -0.0288103 
v -569.882 6.43953 0.0430397 
v -569.864 6.39634 -0.393738 
v -569.867 6.30997 -0.35675 
v -569.867 6.30997 -0.0288103 
v -569.9 6.1862 -0.325982 
v -569.9 6.1862 -0.0293943 
v -569.801 6.04819 -2.19443 
v -569.648 5.86303 -2.15785 
v -569.894 5.63953 -2.19443 
v -570.172 6.04819 -2.19443 
v -570.079 5.63953 -2.19443 
v -569.561 6.09949 -3.10178 
v -570.074 5.01891 -0.89854 
v -570.074 4.96042 -0.810708 
v -570.074 4.96042 -0.435068 
v -570.074 5.0359 -0.382538 
v -569.898 4.81013 -0.255816 
v -569.898 4.81013 -0.867686 
v -569.898 4.96042 -0.435068 
v -569.898 4.96042 -0.810708 
v -569.898 5.0359 -0.382538 
v -569.898 5.01891 -0.89854 
v -569.898 5.0018 -0.125806 
v -569.898 4.88869 -1.01957 
v -569.898 5.41192 -0.277512 
v -569.898 5.34619 -1.04629 
v -569.898 5.48366 -1.26982 
v -569.898 5.42211 -0.995778 
v -569.898 5.60782 -1.26982 
v -569.898 5.42211 -0.60219 
v -569.898 5.60782 -0.228094 
v -569.898 5.35892 -0.511306 
v -569.898 5.48366 -0.228094 
v -570.106 6.15156 -2.15785 
v -570.061 6.07653 -2.11237 
v -570.079 6.08653 -2.19443 
v -570.087 6.15156 -2.10462 
v -570.106 5.57451 -2.15785 
v -570.061 5.64954 -2.11237 
v -570.087 5.57451 -2.10462 
v -570.079 5.63953 -2.19443 
v -569.986 6.24399 -1.09924 
v -569.717 6.13241 -1.09924 
v -569.717 6.13241 -1.33237 
v -569.986 5.48208 -1.09924 
v -569.605 5.86303 -1.09924 
v -569.605 5.86303 -1.33237 
v -569.717 5.59366 -1.09924 
v -569.717 5.59366 -1.33237 
v -569.986 6.02799 -2.12389 
v -569.897 5.9519 -2.16673 
v -569.986 5.98871 -2.16673 
v -569.87 5.97967 -2.12389 
v -569.821 5.86303 -2.12389 
v -569.861 5.86303 -2.16673 
v -569.897 5.77417 -2.16673 
v -569.87 5.74639 -2.12389 
v -569.986 5.69808 -2.12389 
v -569.986 5.73736 -2.16673 
v -569.731 5.60808 -1.75497 
v -569.731 5.60808 -1.89497 
v -569.626 5.86303 -1.75497 
v -569.626 5.86303 -1.89497 
v -569.731 6.11799 -1.75497 
v -569.731 6.11799 -1.89497 
v -569.821 5.86303 -2.06515 
v -569.87 5.74639 -2.06515 
v -569.87 5.74639 -2.12389 
v -569.821 5.86303 -2.12389 
v -569.87 5.97967 -2.06515 
v -569.87 5.97967 -2.12389 
v -569.763 6.08613 -0.954034 
v -569.671 5.86303 -0.954034 
v -569.671 5.86303 -1.04578 
v -569.763 5.63993 -1.04578 
v -569.763 6.08613 -1.04578 
v -569.763 5.63993 -0.954034 
v -569.986 5.54752 -1.04578 
v -569.986 6.17854 -0.528078 
v -569.763 6.08613 -0.528078 
v -569.763 6.08613 -0.436334 
v -569.671 5.86303 -0.528078 
v -569.986 5.54752 -0.436334 
v -569.671 5.86303 -0.436334 
v -569.763 5.63993 -0.528078 
v -569.763 5.63993 -0.436334 
v -569.986 6.24164 0.0341138 
v -569.719 6.13075 -0.372182 
v -569.986 6.24164 -0.372182 
v -569.719 6.13075 0.0341138 
v -569.608 5.86303 -0.372182 
v -570.254 6.13075 -0.372182 
v -569.608 5.86303 0.0341138 
v -569.719 5.59531 -0.372182 
v -569.719 5.59531 0.0341138 
v -569.986 5.48442 -0.372182 
v -569.986 5.48442 0.0341138 
v -570.043 5.80545 -2.52844 
v -570.043 5.80545 -2.64139 
v -570.067 5.86303 -2.52844 
v -569.93 5.80545 -2.64139 
v -570.067 5.86303 -2.64139 
v -570.043 5.92062 -2.52844 
v -570.043 5.92062 -2.64139 
v -569.986 5.525 -2.10462 
v -570.172 6.04819 -2.19443 
v -570.061 6.07653 -2.11237 
v -570.155 6.03161 -2.06196 
v -570.079 6.08653 -2.19443 
v -570.248 5.86303 -2.19443 
v -570.225 5.86303 -2.06196 
v -570.155 5.69445 -2.06196 
v -570.172 5.67788 -2.19443 
v -569.818 6.03161 -2.06196 
v -570.061 5.64954 -2.11237 
v -570.079 5.63953 -2.19443 
v -569.648 5.86303 -1.93374 
v -569.747 6.10206 -2.15785 
v -569.747 6.10206 -1.93374 
v -569.648 5.86303 -2.15785 
v -569.747 5.62401 -2.15785 
v -569.886 6.15156 -2.10462 
v -569.867 6.15156 -2.15785 
v -569.986 6.20106 -1.93374 
v -569.747 5.62401 -1.93374 
v -569.886 5.57451 -2.10462 
v -569.867 5.57451 -2.15785 
v -569.986 5.525 -1.93374 
v -569.986 6.406 -3.10178 
v -569.687 6.34565 -3.10178 
v -569.747 5.62401 -1.93374 
v -569.731 5.60808 -1.89497 
v -569.626 5.86303 -1.89497 
v -569.648 5.86303 -1.93374 
v -569.747 6.10206 -1.93374 
v -569.731 6.11799 -1.89497 
v -569.986 5.73736 -2.64139 
v -569.986 5.73736 -2.16673 
v -569.986 5.98871 -2.64139 
v -569.897 5.77417 -2.64139 
v -569.897 5.9519 -2.16673 
v -569.897 5.77417 -2.16673 
v -569.897 5.9519 -2.64139 
v -569.861 5.86303 -2.64139 
v -569.861 5.86303 -2.16673 
v -569.983 5.44054 -3.10178 
v -569.594 5.60483 -3.25466 
v -569.593 6.11106 -3.25466 
v -569.984 5.27174 -3.32275 
v -569.651 5.86303 -1.38583 
v -569.749 5.62598 -1.38583 
v -569.749 5.62598 -1.38583 
v -569.717 5.59366 -1.33237 
v -569.605 5.86303 -1.33237 
v -569.651 5.86303 -1.38583 
v -569.749 6.10008 -1.38583 
v -569.717 6.13241 -1.33237 
v -569.763 6.08613 -0.436334 
v -569.719 6.13075 -0.372182 
v -569.986 5.48442 -0.372182 
v -569.608 5.86303 -0.372182 
v -569.986 5.54752 -0.436334 
v -569.671 5.86303 -0.436334 
v -569.763 5.63993 -0.436334 
v -569.719 5.59531 -0.372182 
v -569.672 5.86303 0.108958 
v -570.301 5.86303 0.108956 
v -569.764 5.6404 0.108958 
v -570.209 5.6404 0.108956 
v -569.986 5.54818 0.108958 
v -569.986 6.17788 0.108958 
v -570.209 6.08567 0.108956 
v -569.764 6.08567 0.108958 
v -569.986 5.54818 0.108958 
v -569.986 5.48442 0.0341138 
v -570.254 5.59531 0.0341138 
v -569.608 5.86303 0.0341138 
v -570.365 5.86303 0.0341138 
v -569.764 6.08567 0.108958 
v -570.209 6.08567 0.108956 
v -569.719 6.13075 0.0341138 
v -570.254 6.13075 0.0341138 
v -569.986 6.24164 0.0341138 
v -569.882 6.43953 0.0430397 
v -569.986 6.51849 0.0430397 
v -570.091 6.43953 0.0430397 
v -570.073 6.48271 0.0430397 
v -569.9 6.48271 0.0430397 
v -570.074 5.0018 -0.125806 
v -570.074 4.81013 -0.255816 
v -569.898 5.0018 -0.125806 
v -569.898 4.81013 -0.255816 
v -570.106 6.30997 -0.0288103 
v -569.867 6.30997 -0.0288103 
v -570.109 6.39634 -0.0288103 
v -569.864 6.39634 -0.0288103 
v -570.073 6.1862 -0.0293943 
v -569.9 6.1862 -0.0293943 
v -570.074 5.41192 -0.277512 
v -569.898 5.41192 -0.277512 
v -570.074 5.48366 -0.228094 
v -569.898 5.48366 -0.228094 
v -569.898 5.60782 -0.228094 
v -570.074 5.60782 -0.228094 
v -570.074 5.41192 -0.277512 
v -570.074 5.0018 -0.125806 
v -569.898 5.0018 -0.125806 
v -569.898 5.41192 -0.277512 
v -569.898 5.34619 -1.04629 
v -570.074 5.42211 -0.995778 
v -570.074 5.34619 -1.04629 
v -569.898 5.42211 -0.995778 
v -569.985 6.48882 -3.38014 
v -569.649 6.42096 -3.38014 
v -570.32 6.42096 -3.38014 
v -570.54 6.27282 -3.38014 
v -569.986 5.54752 -0.954034 
v -570.099 5.75059 -0.958214 
v -570.209 5.63993 -0.954034 
v -570.302 5.86303 -0.954034 
v -569.986 5.70402 -0.958214 
v -570.145 5.86303 -0.958214 
v -569.874 5.75059 -0.958214 
v -570.099 5.97547 -0.958214 
v -569.763 5.63993 -0.954034 
v -570.209 6.08613 -0.954034 
v -569.671 5.86303 -0.954034 
v -569.986 6.02205 -0.958214 
v -569.827 5.86303 -0.958214 
v -569.986 6.17854 -0.954034 
v -569.874 5.97547 -0.958214 
v -569.763 6.08613 -0.954034 
v -570.545 5.49705 -3.28678 
v -569.388 6.2506 -3.22611 
v -569.984 5.22721 -3.22611 
v -569.391 5.46529 -3.22611 
v -569.986 6.24399 -1.09924 
v -570.256 6.13241 -1.09924 
v -570.209 6.08613 -1.04578 
v -570.367 5.86303 -1.09924 
v -569.986 6.17854 -1.04578 
v -570.302 5.86303 -1.04578 
v -569.763 6.08613 -1.04578 
v -570.209 5.63993 -1.04578 
v -569.717 6.13241 -1.09924 
v -570.256 5.59366 -1.09924 
v -569.605 5.86303 -1.09924 
v -569.986 5.54752 -1.04578 
v -569.671 5.86303 -1.04578 
v -569.986 5.48208 -1.09924 
v -569.763 5.63993 -1.04578 
v -569.717 5.59366 -1.09924 
v -570.091 6.43953 -3.17437 
v -569.9 6.48271 -3.17437 
v -569.9 5.26199 -3.17437 
v -569.864 5.34836 -3.10252 
v -570.109 5.34836 -3.10252 
v -570.091 6.43953 -2.74164 
v -569.986 6.20235 -2.84321 
v -569.864 6.39634 -2.76013 
v -569.9 6.48271 -2.04399 
v -570.073 6.48271 -2.04399 
v -569.897 5.77417 -2.64139 
v -569.986 5.73736 -2.64139 
v -569.897 5.9519 -2.64139 
v -569.986 5.98871 -2.64139 
v -570.075 5.9519 -2.64139 
v -570.073 5.26199 -2.04399 
v -570.105 5.60007 -2.10837 
v -569.882 5.30518 -2.74164 
v -569.882 5.30518 -2.04399 
v -569.868 5.60007 -2.10837 
v -570.109 5.34836 -2.76013 
v -570.091 6.43953 -1.22951 
v -570.105 6.10446 -1.40824 
v -570.067 5.94399 -1.69497 
v -570.311 5.86303 -1.69497 
v -570.101 5.86303 -1.69497 
v -570.216 6.09249 -1.69497 
v -570.216 5.63357 -1.69497 
v -569.986 5.97752 -1.69497 
v -570.067 5.78208 -1.69497 
v -569.986 6.18754 -1.69497 
v -569.986 5.74855 -1.69497 
v -569.757 6.09249 -1.69497 
v -569.986 5.53853 -1.69497 
v -569.905 5.94399 -1.69497 
v -569.757 5.63357 -1.69497 
v -569.662 5.86303 -1.69497 
v -569.905 5.78208 -1.69497 
v -569.872 5.86303 -1.69497 
v -570.347 5.86303 -1.75497 
v -570.216 5.63357 -1.69497 
v -569.986 5.50247 -1.75497 
v -569.986 6.18754 -1.69497 
v -569.662 5.86303 -1.69497 
v -570.091 6.43953 -2.04399 
v -570.105 6.1981 -1.84084 
v -569.882 6.43953 -2.04399 
v -569.868 6.1981 -1.84084 
v -570.105 6.14464 -1.84084 
v -569.868 6.14464 -1.84084 
v -569.986 6.51849 -2.04399 
v -570.073 6.48271 -2.04399 
v -569.9 6.48271 -2.04399 
v -570.091 5.30518 -2.04399 
v -569.986 5.22622 -2.04399 
v -569.882 5.30518 -2.04399 
v -570.073 5.26199 -2.04399 
v -569.9 5.26199 -2.04399 
v -570.105 5.54661 -1.84084 
v -569.868 5.54661 -1.84084 
v -569.868 5.60007 -1.84084 
v -570.105 5.60007 -1.84084 
v -570.201 6.04724 -1.37367 
v -569.882 6.43953 -1.22951 
v -569.868 6.10446 -1.40824 
v -569.424 6.21893 -3.32275 
v -569.561 6.09949 -3.10178 
v -570.403 6.09552 -3.25466 
v -570.408 6.09949 -3.10178 
v -570.074 5.01891 -0.89854 
v -570.074 5.0359 -0.382538 
v -570.544 6.21893 -3.32275 
v -569.898 4.81013 -0.867686 
v -569.898 5.0359 -0.382538 
v -569.898 4.88869 -1.01957 
v -569.898 5.42211 -0.60219 
v -570.074 4.96042 -0.810708 
v -569.898 4.96042 -0.810708 
v -570.074 5.01891 -0.89854 
v -569.898 5.01891 -0.89854 
v -569.898 5.34619 -1.04629 
v -570.074 5.34619 -1.04629 
v -569.821 5.86303 -2.06515 
v -569.986 5.69808 -2.12389 
v -569.986 6.02799 -2.12389 
v -570.151 5.86303 -2.06515 
v -569.671 5.86303 -0.954034 
v -569.986 5.54752 -1.04578 
v -569.986 6.17854 -1.04578 
v -570.302 5.86303 -0.954034 
v -569.608 5.86303 -0.372182 
v -570.254 6.13075 -0.372182 
v -570.155 6.03161 -2.06196 
v -569.818 6.03161 -2.06196 
v -570.105 6.1981 -1.40824 
v -569.882 6.43953 -1.22951 
v -570.091 6.43953 -1.22951 
v -569.868 6.1981 -1.40824 
v -570.105 6.10446 -1.40824 
v -569.868 6.10446 -1.40824 
v -570.284 6.34565 -3.10178 
v -569.687 6.34565 -3.10178 
v -569.592 5.60275 -3.12906 
v -569.983 5.44054 -3.10178 
v -569.594 5.60483 -3.25466 
v -570.378 5.60275 -3.12906 
v -570.22 5.49396 -3.25466 
v -569.986 6.26965 -3.35013 
v -570.378 6.11314 -3.12906 
v -569.986 6.27534 -3.10178 
v -569.591 6.11314 -3.12906 
v -569.593 6.11106 -3.25466 
v -570.221 6.22192 -3.25466 
v -569.651 5.86303 -1.38583 
v -570.109 5.34836 -2.76013 
v -569.864 5.34836 -2.76013 
v -570.106 5.43473 -2.79712 
v -569.882 5.30518 -2.74164 
v -570.091 5.30518 -2.74164 
v -569.867 5.43473 -2.79712 
v -569.986 5.54236 -2.84321 
v -569.9 5.50658 -2.82789 
v -570.073 5.50658 -2.82789 
v -569.864 6.39634 -2.76013 
v -570.109 6.39634 -2.76013 
v -569.867 6.30997 -2.79712 
v -570.091 6.43953 -2.74164 
v -569.882 6.43953 -2.74164 
v -570.106 6.30997 -2.79712 
v -569.986 6.20235 -2.84321 
v -570.073 6.23812 -2.82789 
v -569.9 6.23812 -2.82789 
v -570.223 5.48882 -3.10178 
v -569.983 5.30989 -3.10178 
v -569.983 5.44054 -3.10178 
v -569.745 5.48882 -3.10178 
v -570.282 5.37023 -3.10178 
v -569.686 5.37023 -3.10178 
v -570.381 5.60067 -3.10178 
v -569.59 5.60067 -3.10178 
v -570.479 5.50436 -3.10178 
v -570.408 5.61639 -3.10178 
v -570.514 5.52401 -3.10178 
v -569.491 5.50436 -3.10178 
v -569.562 5.61639 -3.10178 
v -569.456 5.52401 -3.10178 
v -569.986 6.406 -3.10178 
v -569.747 6.22706 -3.10178 
v -569.687 6.34565 -3.10178 
v -569.589 6.11521 -3.10178 
v -569.986 6.27534 -3.10178 
v -569.49 6.21153 -3.10178 
v -569.561 6.09949 -3.10178 
v -569.455 6.19188 -3.10178 
v -570.224 6.22706 -3.10178 
v -570.284 6.34565 -3.10178 
v -570.38 6.11521 -3.10178 
v -570.479 6.21153 -3.10178 
v -570.408 6.09949 -3.10178 
v -570.513 6.19188 -3.10178 
v -569.426 5.49696 -3.32275 
v -569.565 5.61824 -3.32275 
v -569.462 5.47617 -3.32275 
v -569.592 5.6026 -3.32275 
v -569.669 5.33557 -3.32275 
v -569.747 5.49124 -3.32275 
v -569.984 5.27174 -3.32275 
v -569.984 5.44325 -3.32275 
v -570.222 5.49124 -3.32275 
v -570.3 5.33557 -3.32275 
v -570.379 5.6026 -3.32275 
v -570.508 5.47617 -3.32275 
v -570.406 5.61824 -3.32275 
v -570.545 5.49696 -3.32275 
v -570.544 6.21893 -3.32275 
v -570.405 6.09765 -3.32275 
v -570.507 6.23972 -3.32275 
v -570.378 6.11328 -3.32275 
v -570.301 6.38032 -3.32275 
v -570.223 6.22464 -3.32275 
v -569.986 6.44415 -3.32275 
v -569.986 6.27263 -3.32275 
v -569.748 6.22464 -3.32275 
v -569.669 6.38032 -3.32275 
v -569.591 6.11328 -3.32275 
v -569.461 6.23972 -3.32275 
v -569.563 6.09765 -3.32275 
v -569.424 6.21893 -3.32275 
v -569.764 5.6404 0.108958 
v -569.764 5.6404 0.108958 
v -569.986 5.54818 0.108958 
v -569.986 5.48442 0.0341138 
v -570.209 5.6404 0.108956 
v -569.719 5.59531 0.0341138 
v -570.254 5.59531 0.0341138 
v -569.719 6.13075 0.0341138 
v -570.254 6.13075 0.0341138 
v -569.986 6.51849 0.0430397 
v -570.074 4.81013 -0.255816 
v -569.898 5.0018 -0.125806 
v -570.074 5.48366 -0.228094 
v -569.898 5.48366 -0.228094 
v -570.408 5.61639 -3.50251 
v -570.282 5.37023 -3.50251 
v -569.983 5.30989 -3.50251 
v -569.686 5.37023 -3.50251 
v -569.491 5.50436 -3.50251 
v -569.456 5.52401 -3.50251 
v -569.455 6.19188 -3.50251 
v -569.589 6.11521 -3.50251 
v -569.898 5.34619 -1.04629 
v -570.074 5.42211 -0.995778 
v -569.427 6.27282 -3.38014 
v -570.302 5.86303 -0.954034 
v -570.145 5.86303 -0.958214 
v -569.671 5.86303 -0.954034 
v -569.827 5.86303 -0.958214 
v -570.282 5.37023 -3.50251 
v -569.984 5.22707 -3.38014 
v -570.321 5.29493 -3.38014 
v -569.983 5.30989 -3.50251 
v -570.479 5.50436 -3.50251 
v -569.686 5.37023 -3.50251 
v -570.543 5.44307 -3.38014 
v -570.514 5.52401 -3.50251 
v -570.582 5.46519 -3.38014 
v -569.649 5.29493 -3.38014 
v -569.491 5.50436 -3.50251 
v -569.43 5.44307 -3.38014 
v -569.456 5.52401 -3.50251 
v -569.391 5.46519 -3.38014 
v -570.545 5.49705 -3.28678 
v -569.388 6.2506 -3.22611 
v -570.545 5.49705 -3.28678 
v -570.542 5.44317 -3.22611 
v -570.581 5.46529 -3.22611 
v -570.508 5.47626 -3.28678 
v -570.321 5.29505 -3.22611 
v -570.3 5.33569 -3.28678 
v -569.984 5.22721 -3.22611 
v -569.984 5.27187 -3.28678 
v -569.669 5.33569 -3.28678 
v -569.649 5.29505 -3.22611 
v -569.462 5.47626 -3.28678 
v -569.43 5.44317 -3.22611 
v -569.426 5.49705 -3.28678 
v -569.391 5.46529 -3.22611 
v -570.367 5.86303 -1.09924 
v -569.605 5.86303 -1.09924 
v -569.986 5.48208 -1.09924 
v -569.717 5.59366 -1.09924 
v -569.9 6.48271 -3.17437 
v -569.9 5.26199 -3.17437 
v -569.864 5.34836 -3.10252 
v -570.109 5.34836 -3.10252 
v -569.882 6.43953 0.0430397 
v -570.091 6.43953 0.0430397 
v -570.109 6.39634 -0.0288103 
v -569.864 6.39634 -0.0288103 
v -570.091 6.43953 -2.74164 
v -570.073 6.23812 -2.82789 
v -570.073 6.23812 -3.10194 
v -569.986 6.20235 -2.84321 
v -569.986 6.20235 -3.10194 
v -569.9 6.23812 -3.10194 
v -569.9 6.23812 -2.82789 
v -569.867 6.30997 -2.79712 
v -569.864 6.39634 -3.10252 
v -569.864 6.39634 -2.76013 
v -569.882 6.43953 -2.2871 
v -570.091 6.43953 -2.2871 
v -569.897 5.77417 -2.64139 
v -569.986 5.73736 -2.64139 
v -569.897 5.9519 -2.64139 
v -569.986 5.98871 -2.64139 
v -570.073 5.26199 -3.17437 
v -570.073 5.26199 -2.04399 
v -570.091 5.30518 -2.74164 
v -570.105 5.60007 -2.10837 
v -569.986 5.22622 -3.17437 
v -569.986 5.22622 -2.04399 
v -569.9 5.26199 -3.17437 
v -569.9 5.26199 -2.04399 
v -569.882 5.30518 -2.74164 
v -569.882 5.30518 -2.2871 
v -569.882 5.30518 -2.04399 
v -569.868 5.60007 -2.10837 
v -570.109 5.34836 -3.10252 
v -570.091 5.30518 -3.17437 
v -569.986 6.51849 -1.47261 
v -570.091 6.43953 -0.412232 
v -570.091 6.43953 -1.22951 
v -570.311 5.86303 -1.69497 
v -569.986 5.53853 -1.69497 
v -569.662 5.86303 -1.69497 
v -570.216 5.63357 -1.69497 
v -570.241 5.60808 -1.75497 
v -569.986 5.50247 -1.75497 
v -569.986 5.53853 -1.69497 
v -569.757 5.63357 -1.69497 
v -569.731 5.60808 -1.75497 
v -569.626 5.86303 -1.75497 
v -569.662 5.86303 -1.69497 
v -570.205 5.64456 -1.70473 
v -569.986 5.55406 -1.70473 
v -570.205 5.64456 -1.37367 
v -569.986 5.55406 -1.37367 
v -569.768 5.64456 -1.70473 
v -569.768 5.64456 -1.37367 
v -570.201 6.04724 -1.37367 
v -569.882 6.43953 -1.22951 
v -569.882 6.43953 -0.412232 
v -569.801 6.04819 -2.19443 
v -570.172 6.04819 -2.19443 
v -570.324 5.86303 -2.15785 
v -570.545 5.49696 -3.32275 
v -570.408 5.61639 -3.10178 
v -569.561 6.09949 -3.50251 
v -569.455 6.19188 -3.50251 
v -569.563 6.0975 -3.47599 
v -569.566 6.09552 -3.35012 
v -569.388 6.2507 -3.38014 
v -569.424 6.21893 -3.32275 
v -569.563 6.09765 -3.32275 
v -569.424 6.21884 -3.28678 
v -569.566 6.09552 -3.25466 
v -569.563 6.09765 -3.28678 
v -569.388 6.2506 -3.22611 
v -569.455 6.19188 -3.10178 
v -569.563 6.0975 -3.12906 
v -569.561 6.09949 -3.10178 
v -570.403 6.09552 -3.25466 
v -570.579 6.2506 -3.22611 
v -570.544 6.21884 -3.28678 
v -570.405 6.09765 -3.28678 
v -570.513 6.19188 -3.10178 
v -570.405 6.0975 -3.12906 
v -570.408 6.09949 -3.10178 
v -570.074 5.01891 -0.89854 
v -570.074 4.88869 -1.01957 
v -570.074 4.96042 -0.810708 
v -570.074 5.0359 -0.382538 
v -570.544 6.21893 -3.32275 
v -570.403 6.09552 -3.35013 
v -570.405 6.09765 -3.32275 
v -570.579 6.25069 -3.38014 
v -570.513 6.19188 -3.50251 
v -570.405 6.0975 -3.47599 
v -570.408 6.09949 -3.50251 
v -569.898 4.81013 -0.867686 
v -569.898 5.0359 -0.382538 
v -569.898 4.88869 -1.01957 
v -569.898 5.42211 -0.60219 
v -570.091 6.43953 -3.17437 
v -569.864 6.39634 -3.10252 
v -570.109 6.39634 -3.10252 
v -569.882 6.43953 -3.17437 
v -570.256 5.59366 -1.33237 
v -570.256 5.59366 -1.09924 
v -569.986 5.48208 -1.09924 
v -569.986 5.48208 -1.33237 
v -569.717 5.59366 -1.09924 
v -569.717 5.59366 -1.33237 
v -569.897 5.77417 -2.16673 
v -570.075 5.77417 -2.16673 
v -569.87 5.74639 -2.12389 
v -570.103 5.74639 -2.12389 
v -569.986 5.69808 -2.12389 
v -569.986 5.73736 -2.16673 
v -569.986 5.50247 -1.75497 
v -570.241 5.60808 -1.75497 
v -570.241 5.60808 -1.89497 
v -570.347 5.86303 -1.89497 
v -569.986 5.50247 -1.89497 
v -570.347 5.86303 -1.75497 
v -569.731 5.60808 -1.75497 
v -569.731 5.60808 -1.89497 
v -569.626 5.86303 -1.75497 
v -569.626 5.86303 -1.89497 
v -569.87 5.74639 -2.06515 
v -569.87 5.74639 -2.12389 
v -569.986 5.69808 -2.12389 
v -569.986 5.69808 -2.06515 
v -570.103 5.74639 -2.12389 
v -570.103 5.74639 -2.06515 
v -569.763 5.63993 -1.04578 
v -569.763 5.63993 -0.954034 
v -569.986 5.54752 -1.04578 
v -569.986 5.54752 -0.954034 
v -570.209 5.63993 -1.04578 
v -570.209 5.63993 -0.954034 
v -570.209 5.63993 -0.436336 
v -570.209 5.63993 -0.528078 
v -569.986 5.54752 -0.436334 
v -569.986 5.54752 -0.52808 
v -569.763 5.63993 -0.528078 
v -569.763 5.63993 -0.436334 
v -569.719 6.13075 -0.372182 
v -569.608 5.86303 -0.372182 
v -570.254 6.13075 -0.372182 
v -570.365 5.86303 0.0341138 
v -569.719 5.59531 -0.372182 
v -570.365 5.86303 -0.372184 
v -569.719 5.59531 0.0341138 
v -570.254 5.59531 0.0341138 
v -569.986 5.48442 -0.372182 
v -570.254 5.59531 -0.372184 
v -569.986 5.48442 0.0341138 
v -570.043 5.92062 -2.52844 
v -570.043 5.92062 -2.64139 
v -569.986 5.94447 -2.52844 
v -569.93 5.92062 -2.64139 
v -569.986 5.94447 -2.64139 
v -569.93 5.92062 -2.52844 
v -569.986 5.525 -2.10462 
v -570.172 6.04819 -2.19443 
v -570.061 6.07653 -2.11237 
v -570.155 6.03161 -2.06196 
v -570.079 6.08653 -2.19443 
v -569.986 6.10144 -2.06196 
v -569.986 6.11316 -2.11237 
v -569.912 6.07653 -2.11237 
v -569.818 6.03161 -2.06196 
v -569.801 6.04819 -2.19443 
v -569.894 6.08653 -2.19443 
v -569.648 5.86303 -1.93374 
v -569.648 5.86303 -2.15785 
v -569.747 5.62401 -2.15785 
v -569.747 5.62401 -1.93374 
v -569.886 5.57451 -2.10462 
v -569.867 5.57451 -2.15785 
v -569.986 5.525 -1.93374 
v -569.986 5.525 -2.10462 
v -570.087 5.57451 -2.10462 
v -570.324 5.86303 -1.93374 
v -570.225 5.62401 -1.93374 
v -570.225 5.62401 -2.15785 
v -570.106 5.57451 -2.15785 
v -569.882 6.43953 -1.22951 
v -570.091 6.43953 -1.22951 
v -570.091 6.43953 -0.412232 
v -569.882 6.43953 -0.412232 
v -570.074 4.88869 -1.01957 
v -569.898 4.88869 -1.01957 
v -569.898 4.81013 -0.867686 
v -570.074 4.81013 -0.867686 
v -570.074 4.81013 -0.255816 
v -569.898 4.81013 -0.255816 
v -569.984 5.22721 -3.22611 
v -569.686 5.37023 -3.10178 
v -569.983 5.30989 -3.10178 
v -570.282 5.37023 -3.10178 
v -569.649 5.29505 -3.22611 
v -570.321 5.29505 -3.22611 
v -569.491 5.50436 -3.10178 
v -570.479 5.50436 -3.10178 
v -569.43 5.44317 -3.22611 
v -569.456 5.52401 -3.10178 
v -569.391 5.46529 -3.22611 
v -570.542 5.44317 -3.22611 
v -570.514 5.52401 -3.10178 
v -570.581 5.46529 -3.22611 
v -569.772 6.04724 -1.70473 
v -569.986 6.10117 -1.37367 
v -569.986 6.10117 -1.70473 
v -569.772 6.04724 -1.37367 
v -570.201 6.04724 -1.37367 
v -570.201 6.04724 -1.70473 
v -570.225 5.62401 -1.93374 
v -569.986 5.50247 -1.89497 
v -570.241 5.60808 -1.89497 
v -570.347 5.86303 -1.89497 
v -569.986 5.525 -1.93374 
v -570.324 5.86303 -1.93374 
v -569.747 5.62401 -1.93374 
v -569.731 5.60808 -1.89497 
v -569.626 5.86303 -1.89497 
v -569.648 5.86303 -1.93374 
v -570.075 5.77417 -2.64139 
v -570.112 5.86303 -2.64139 
v -570.075 5.77417 -2.16673 
v -569.986 5.73736 -2.64139 
v -569.986 5.73736 -2.16673 
v -569.897 5.77417 -2.64139 
v -569.897 5.77417 -2.16673 
v -569.983 5.44054 -3.10178 
v -569.594 5.60483 -3.25466 
v -570.073 6.1862 -0.0293943 
v -569.9 6.1862 -0.325982 
v -569.9 6.1862 -0.0293943 
v -570.073 6.1862 -0.325982 
v -570.221 6.22192 -3.35013 
v -569.986 6.27263 -3.32275 
v -570.223 6.22464 -3.32275 
v -569.986 6.26965 -3.35013 
v -570.375 6.11106 -3.35013 
v -569.749 6.22192 -3.35013 
v -569.748 6.22464 -3.32275 
v -569.593 6.11106 -3.35012 
v -569.591 6.11328 -3.32275 
v -570.378 6.11328 -3.32275 
v -569.566 6.09552 -3.35012 
v -569.563 6.09765 -3.32275 
v -569.591 6.11314 -3.47599 
v -570.403 6.09552 -3.35013 
v -570.405 6.09765 -3.32275 
v -570.378 6.11314 -3.47599 
v -569.563 6.0975 -3.47599 
v -570.405 6.0975 -3.47599 
v -569.589 6.11521 -3.50251 
v -569.561 6.09949 -3.50251 
v -569.747 6.22707 -3.50251 
v -569.748 6.22449 -3.47599 
v -569.986 6.27534 -3.50251 
v -569.986 6.2725 -3.47599 
v -570.223 6.22449 -3.47599 
v -570.224 6.22707 -3.50251 
v -570.38 6.11521 -3.50251 
v -570.408 6.09949 -3.50251 
v -570.403 6.09552 -3.25466 
v -570.378 6.11314 -3.12906 
v -570.405 6.0975 -3.12906 
v -570.38 6.11521 -3.10178 
v -570.408 6.09949 -3.10178 
v -570.224 6.22706 -3.10178 
v -570.223 6.22449 -3.12906 
v -569.986 6.27534 -3.10178 
v -569.986 6.2725 -3.12906 
v -569.748 6.22449 -3.12906 
v -569.747 6.22706 -3.10178 
v -570.375 6.11106 -3.25466 
v -569.591 6.11314 -3.12906 
v -569.589 6.11521 -3.10178 
v -569.563 6.0975 -3.12906 
v -569.561 6.09949 -3.10178 
v -569.566 6.09552 -3.25466 
v -569.593 6.11106 -3.25466 
v -570.378 6.11328 -3.28678 
v -570.405 6.09765 -3.28678 
v -570.223 6.22464 -3.28678 
v -570.221 6.22192 -3.25466 
v -569.986 6.27263 -3.28678 
v -569.986 6.26965 -3.25466 
v -569.749 6.22192 -3.25466 
v -569.748 6.22464 -3.28678 
v -569.591 6.11328 -3.28678 
v -569.563 6.09765 -3.28678 
v -570.074 5.42211 -0.995778 
v -569.898 5.42211 -0.60219 
v -570.074 5.42211 -0.60219 
v -569.898 5.42211 -0.995778 
v -569.898 5.35892 -0.511306 
v -570.074 5.35892 -0.511306 
v -570.091 6.43953 -2.2871 
v -569.882 6.43953 -2.2871 
v -570.091 6.43953 -2.74164 
v -569.882 6.43953 -2.74164 
v -570.3 5.33557 -3.32275 
v -569.984 5.22707 -3.38014 
v -569.984 5.27174 -3.32275 
v -569.669 5.33557 -3.32275 
v -570.321 5.29493 -3.38014 
v -569.649 5.29493 -3.38014 
v -570.508 5.47617 -3.32275 
v -569.462 5.47617 -3.32275 
v -570.543 5.44307 -3.38014 
v -570.545 5.49696 -3.32275 
v -570.582 5.46519 -3.38014 
v -569.43 5.44307 -3.38014 
v -569.426 5.49696 -3.32275 
v -569.391 5.46519 -3.38014 
v -569.651 5.86303 -1.38583 
v -569.749 5.62598 -1.38583 
v -570.223 5.62598 -1.38583 
v -570.223 5.62598 -1.38583 
v -569.986 5.48208 -1.33237 
v -570.256 5.59366 -1.33237 
v -569.986 5.52779 -1.38583 
v -569.749 5.62598 -1.38583 
v -569.717 5.59366 -1.33237 
v -569.671 5.86303 -0.528078 
v -570.302 5.86303 -0.528078 
v -569.827 5.86303 -0.523898 
v -570.145 5.86303 -0.523898 
v -570.365 5.86303 -0.372184 
v -570.302 5.86303 -0.436336 
v -570.209 5.63993 -0.436336 
v -570.254 5.59531 -0.372184 
v -569.986 5.48442 -0.372182 
v -569.986 5.54752 -0.436334 
v -569.763 5.63993 -0.436334 
v -569.719 5.59531 -0.372182 
v -570.301 5.86303 0.108956 
v -569.986 5.54818 0.108958 
v -569.986 5.48442 0.0341138 
v -570.209 5.6404 0.108956 
v -570.254 5.59531 0.0341138 
v -570.365 5.86303 0.0341138 
v -570.301 5.86303 0.108956 
v -570.209 6.08567 0.108956 
v -570.254 6.13075 0.0341138 
v -569.986 6.24164 0.0341138 
v -569.986 6.51849 0.0430397 
v -570.073 6.48271 0.0430397 
v -570.074 4.81013 -0.255816 
v -569.898 5.0018 -0.125806 
v -569.864 6.39634 -0.0288103 
v -570.074 5.48366 -0.228094 
v -570.282 5.37023 -3.50251 
v -570.284 6.34565 -3.50251 
v -570.408 6.09949 -3.50251 
v -570.513 6.19188 -3.50251 
v -569.898 5.34619 -1.04629 
v -570.074 5.42211 -0.995778 
v -570.074 5.34619 -1.04629 
v -569.985 6.48882 -3.38014 
v -570.32 6.42096 -3.38014 
v -570.54 6.27282 -3.38014 
v -569.984 5.22721 -3.22611 
v -570.256 6.13241 -1.09924 
v -570.367 5.86303 -1.09924 
v -569.986 5.48208 -1.09924 
v -570.091 6.43953 -3.17437 
v -570.109 5.34836 -3.10252 
v -570.109 6.39634 -3.10252 
v -570.106 6.30997 -2.79712 
v -570.109 6.39634 -2.76013 
v -570.091 6.43953 -2.74164 
v -570.106 6.30997 -3.10252 
v -570.073 6.23812 -2.82789 
v -570.073 6.23812 -3.10194 
v -569.867 6.30997 -2.79712 
v -569.986 6.51849 -2.04399 
v -570.073 6.48271 -3.17437 
v -570.073 6.48271 -2.04399 
v -570.091 6.43953 -3.17437 
v -570.091 6.43953 -2.2871 
v -570.091 6.43953 -2.04399 
v -570.105 6.1981 -2.10837 
v -570.105 6.1981 -1.84084 
v -570.105 6.14464 -1.84084 
v -570.105 6.14464 -2.10837 
v -569.897 5.77417 -2.64139 
v -569.986 5.73736 -2.64139 
v -569.897 5.9519 -2.64139 
v -569.986 5.98871 -2.64139 
v -570.075 5.9519 -2.64139 
v -570.073 5.26199 -3.17437 
v -570.073 5.26199 -2.04399 
v -570.091 5.30518 -2.74164 
v -570.091 5.30518 -2.2871 
v -570.091 5.30518 -2.04399 
v -570.105 5.54661 -2.10837 
v -570.105 5.54661 -1.84084 
v -570.105 5.60007 -2.10837 
v -570.105 5.60007 -1.84084 
v -569.868 5.60007 -2.10837 
v -570.073 5.50658 -3.10194 
v -570.073 5.50658 -2.82789 
v -570.106 5.43473 -3.10252 
v -570.106 5.43473 -2.79712 
v -570.109 5.34836 -3.10252 
v -570.109 5.34836 -2.76013 
v -570.091 5.30518 -3.17437 
v -570.073 6.48271 0.0430397 
v -569.986 6.51849 -1.47261 
v -570.073 6.48271 -1.47261 
v -569.9 6.48271 -1.47261 
v -570.091 6.43953 -0.412232 
v -570.091 6.43953 -1.22951 
v -570.091 6.43953 -1.47261 
v -570.105 6.1981 -1.40824 
v -570.105 6.1981 -1.67576 
v -570.105 6.10446 -1.40824 
v -570.105 6.10446 -1.67576 
v -570.109 6.39634 -0.0288103 
v -570.091 6.43953 0.0430397 
v -570.109 6.39634 -0.393738 
v -570.106 6.30997 -0.35675 
v -570.106 6.30997 -0.0288103 
v -570.073 6.1862 -0.325982 
v -570.073 6.1862 -0.0293943 
v -569.986 6.18754 -1.69497 
v -569.986 5.53853 -1.69497 
v -570.216 6.09249 -1.69497 
v -570.347 5.86303 -1.75497 
v -570.311 5.86303 -1.69497 
v -570.216 5.63357 -1.69497 
v -570.241 6.11799 -1.75497 
v -570.241 5.60808 -1.75497 
v -570.201 5.67882 -1.37367 
v -570.201 5.67882 -1.70473 
v -570.205 5.64456 -1.70473 
v -570.205 5.64456 -1.37367 
v -570.205 6.08151 -1.70473 
v -570.201 6.04724 -1.37367 
v -570.205 6.08151 -1.37367 
v -570.201 6.04724 -1.70473 
v -569.882 6.43953 -1.22951 
v -569.882 6.43953 -0.412232 
v -569.801 6.04819 -2.19443 
v -569.894 5.63953 -2.19443 
v -570.172 6.04819 -2.19443 
v -570.324 5.86303 -2.15785 
v -570.079 5.63953 -2.19443 
v -570.403 6.09552 -3.25466 
v -570.408 6.09949 -3.10178 
v -570.074 4.81013 -0.867686 
v -570.074 5.01891 -0.89854 
v -570.074 4.88869 -1.01957 
v -570.074 5.34619 -1.04629 
v -570.074 4.96042 -0.810708 
v -570.074 5.48366 -1.26982 
v -570.074 4.96042 -0.435068 
v -570.074 5.42211 -0.995778 
v -570.074 4.81013 -0.255816 
v -570.074 5.60782 -1.26982 
v -570.074 5.0359 -0.382538 
v -570.074 5.42211 -0.60219 
v -570.074 5.0018 -0.125806 
v -570.074 5.60782 -0.228094 
v -570.074 5.41192 -0.277512 
v -570.074 5.48366 -0.228094 
v -570.074 5.35892 -0.511306 
v -569.898 5.42211 -0.60219 
v -569.867 6.15156 -2.15785 
v -569.912 6.07653 -2.11237 
v -569.886 6.15156 -2.10462 
v -569.894 6.08653 -2.19443 
v -569.867 5.57451 -2.15785 
v -569.912 5.64954 -2.11237 
v -569.894 5.63953 -2.19443 
v -569.886 5.57451 -2.10462 
v -570.256 6.13241 -1.33237 
v -570.367 5.86303 -1.33237 
v -570.256 6.13241 -1.09924 
v -570.367 5.86303 -1.09924 
v -569.986 6.24399 -1.09924 
v -570.256 5.59366 -1.33237 
v -570.256 5.59366 -1.09924 
v -569.986 5.48208 -1.09924 
v -569.986 6.02799 -2.12389 
v -569.986 5.98871 -2.16673 
v -570.075 5.9519 -2.16673 
v -570.103 5.97967 -2.12389 
v -570.151 5.86303 -2.12389 
v -570.112 5.86303 -2.16673 
v -570.075 5.77417 -2.16673 
v -570.103 5.74639 -2.12389 
v -569.986 5.69808 -2.12389 
v -569.986 5.73736 -2.16673 
v -570.241 5.60808 -1.75497 
v -570.241 5.60808 -1.89497 
v -570.347 5.86303 -1.89497 
v -570.347 5.86303 -1.75497 
v -570.241 6.11799 -1.89497 
v -570.241 6.11799 -1.75497 
v -570.103 5.74639 -2.12389 
v -570.103 5.74639 -2.06515 
v -570.151 5.86303 -2.12389 
v -570.151 5.86303 -2.06515 
v -570.103 5.97967 -2.06515 
v -570.103 5.97967 -2.12389 
v -569.986 5.54752 -1.04578 
v -570.209 6.08613 -0.954034 
v -570.209 5.63993 -1.04578 
v -570.209 6.08613 -1.04578 
v -570.209 5.63993 -0.954034 
v -570.302 5.86303 -0.954034 
v -570.302 5.86303 -1.04578 
v -569.986 6.17854 -0.528078 
v -570.209 6.08613 -0.528078 
v -570.209 6.08613 -0.436334 
v -570.302 5.86303 -0.436336 
v -570.302 5.86303 -0.528078 
v -570.209 5.63993 -0.436336 
v -570.209 5.63993 -0.528078 
v -569.986 5.54752 -0.436334 
v -569.986 5.54752 -0.52808 
v -569.986 6.24164 0.0341138 
v -569.986 6.24164 -0.372182 
v -570.254 6.13075 0.0341138 
v -570.254 6.13075 -0.372182 
v -570.365 5.86303 0.0341138 
v -570.365 5.86303 -0.372184 
v -570.254 5.59531 0.0341138 
v -569.986 5.48442 -0.372182 
v -570.254 5.59531 -0.372184 
v -569.986 5.48442 0.0341138 
v -569.93 5.80545 -2.64139 
v -569.93 5.80545 -2.52844 
v -570.043 5.92062 -2.52844 
v -569.906 5.86303 -2.64139 
v -570.043 5.92062 -2.64139 
v -569.906 5.86303 -2.52844 
v -569.93 5.92062 -2.64139 
v -569.93 5.92062 -2.52844 
v -569.986 5.525 -2.10462 
v -570.155 6.03161 -2.06196 
v -569.912 6.07653 -2.11237 
v -569.818 6.03161 -2.06196 
v -569.912 5.64954 -2.11237 
v -569.818 5.69445 -2.06196 
v -569.801 6.04819 -2.19443 
v -569.894 6.08653 -2.19443 
v -569.724 5.86303 -2.19443 
v -569.748 5.86303 -2.06196 
v -569.801 5.67788 -2.19443 
v -569.894 5.63953 -2.19443 
v -569.986 6.20106 -1.93374 
v -570.087 6.15156 -2.10462 
v -570.225 6.10206 -1.93374 
v -570.087 5.57451 -2.10462 
v -570.225 6.10206 -2.15785 
v -570.106 6.15156 -2.15785 
v -570.324 5.86303 -1.93374 
v -570.324 5.86303 -2.15785 
v -570.225 5.62401 -1.93374 
v -570.225 5.62401 -2.15785 
v -570.106 5.57451 -2.15785 
v -570.284 6.34565 -3.10178 
v -569.986 6.406 -3.10178 
v -570.225 5.62401 -1.93374 
v -570.241 5.60808 -1.89497 
v -570.347 5.86303 -1.89497 
v -570.324 5.86303 -1.93374 
v -570.225 6.10206 -1.93374 
v -570.241 6.11799 -1.89497 
v -570.075 5.77417 -2.64139 
v -570.112 5.86303 -2.16673 
v -570.112 5.86303 -2.64139 
v -570.075 5.9519 -2.16673 
v -570.075 5.77417 -2.16673 
v -570.075 5.9519 -2.64139 
v -569.983 5.44054 -3.10178 
v -570.22 5.49396 -3.25466 
v -570.221 6.22192 -3.25466 
v -569.984 5.27174 -3.32275 
v -570.223 5.62598 -1.38583 
v -570.223 5.62598 -1.38583 
v -570.256 5.59366 -1.33237 
v -570.367 5.86303 -1.33237 
v -570.322 5.86303 -1.38583 
v -570.223 6.10008 -1.38583 
v -570.256 6.13241 -1.33237 
v -570.365 5.86303 -0.372184 
v -570.254 6.13075 -0.372182 
v -570.209 6.08613 -0.436334 
v -570.302 5.86303 -0.436336 
v -570.209 5.63993 -0.436336 
v -570.254 5.59531 -0.372184 

vn 0 0 -1 
vn 0 0 -1 
vn 0 0 -1 
vn 0 0 -1 
vn 0 0 -1 
vn 0 0 -1 
vn 0 0 -1 
vn 0 0 -1 
vn 0 0 -1 
vn 0 0 -1 
vn 0 0 -1 
vn 0 0 -1 
vn 0 0 -1 
vn 0 0 -1 
vn 0 0 -1 
vn 0 0 -1 
vn 0 0 -1 
vn 0 0 -1 
vn 0 0 -1 
vn 0 0 -1 
vn 0 0 -1 
vn 0 0 -1 
vn 0 0 -1 
vn 0 0 -1 
vn 0 0 -1 
vn 0 0 -1 
vn 0 0 -1 
vn 0 0 -1 
vn 0 -0.551181 0.834646 
vn 0 0.826772 -0.559055 
vn 0.322835 0.755906 -0.566929 
vn -0.322835 0.755906 -0.566929 
vn -0.433071 0.700787 -0.566929 
vn 0 0 -1 
vn 0 0 -1 
vn 0 0 -1 
vn 0 0 -1 
vn 0 0 -1 
vn 0 0 -1 
vn 0 0 -1 
vn 0 0 -1 
vn 0 0 -1 
vn 0 0 -1 
vn 0 0 -1 
vn 0 0 -1 
vn 0 0 -1 
vn 0 0 -1 
vn 0 0 -1 
vn 0 0 -1 
vn 0 0 -1 
vn 0 0 -1 
vn 0 0 -1 
vn 0 0 -1 
vn 0 0 -1 
vn 0 0 -1 
vn 0 0 -1 
vn 0 0 -1 
vn 0 0 -1 
vn 0 0 -1 
vn 0 0 -1 
vn 0 0 -1 
vn 0.393701 0.692913 -0.598425 
vn 0 -0.80315 -0.590551 
vn 0.401575 -0.700787 -0.598425 
vn 0 -0.629921 0.771654 
vn 0.448819 -0.448819 0.771654 
vn 0 0 -1 
vn 0 0 -1 
vn 0 0 -1 
vn 0 0 -1 
vn 0 0 -1 
vn 0 0 -1 
vn 0 0 -1 
vn 0 0 -1 
vn 0 0 -1 
vn 0 0 -1 
vn 0 0 -1 
vn 0 0 -1 
vn 0 0 -1 
vn 0 0 -1 
vn 0 0 -1 
vn 0 0 -1 
vn 0 0 -1 
vn 0 0 -1 
vn 0 0 -1 
vn 0 0 -1 
vn 0 0 -1 
vn 0 0 -1 
vn 0 0 -1 
vn 0 0 -1 
vn 0.984252 -0.181102 0 
vn 0.952756 0.307087 0 
vn -0.952756 0.307087 0 
vn 0 0 -1 
vn 0 0 -1 
vn 0 0 -1 
vn 0 0 -1 
vn 0 0 -1 
vn 0 0 -1 
vn 0 0 -1 
vn 0 0 -1 
vn 0 0 -1 
vn 0 0 -1 
vn 0 0 -1 
vn 0 0 -1 
vn 0 0 -1 
vn 0 0 -1 
vn 0 0 -1 
vn 0 0 -1 
vn -0.952756 -0.307087 0 
vn -1 -0.0472441 0 
vn 0.952756 -0.307087 0 
vn 1 -0.0472441 0 
vn -0.708661 0.708661 0 
vn 0.708661 0.708661 0 
vn -0.92126 0.385827 0 
vn -1 0.0393701 0 
vn 0 0 1 
vn 0 0 1 
vn 0 0 1 
vn 0 0 1 
vn -0.858268 0 0.511811 
vn -0.606299 -0.606299 0.511811 
vn 0 -0.858268 0.511811 
vn 0 0 -1 
vn 0 0 -1 
vn 0 0 -1 
vn 0 0 -1 
vn 0 0 -1 
vn 0 0 -1 
vn 0 0 -1 
vn 0 0 -1 
vn -0.992126 -0.110236 0 
vn 0.92126 0.385827 0 
vn 1 0.0393701 0 
vn 0.173228 0.425197 -0.889764 
vn 0.307087 0.307087 -0.897638 
vn 0.307087 0.307087 -0.897638 
vn 0.173228 0.425197 -0.889764 
vn 0.433071 0 -0.905512 
vn 0.433071 0 -0.905512 
vn 0.307087 -0.307087 -0.897638 
vn 0.307087 -0.307087 -0.897638 
vn 0.173228 -0.425197 -0.889764 
vn 0.173228 -0.425197 -0.889764 
vn -0.307087 0.307087 -0.897638 
vn -0.433071 0 -0.905512 
vn -0.307087 0.307087 -0.897638 
vn -0.173228 0.425197 -0.889764 
vn -0.173228 0.425197 -0.889764 
vn -0.433071 0 -0.905512 
vn -0.307087 -0.307087 -0.897638 
vn -0.307087 -0.307087 -0.897638 
vn -0.173228 -0.425197 -0.889764 
vn -0.173228 -0.425197 -0.889764 
vn 0.661417 -0.755906 0 
vn -0.661417 -0.748031 0 
vn -1 0 0 
vn -1 0 0 
vn -0.661417 -0.748031 0 
vn 1 0 0 
vn 0 0 -1 
vn 0 0 -1 
vn 0 0 -1 
vn 0 0 -1 
vn 0 0 -1 
vn 0 0 -1 
vn 0 0 -1 
vn 0 0 -1 
vn 0 0.740157 -0.677165 
vn 1 0 0 
vn 0 -1 0 
vn 0 1 0 
vn -1 0 0 
vn 0 1 0 
vn 0 1 0 
vn -1 0 0 
vn 1 0 0 
vn 0 -1 0 
vn 0.708661 0.708661 0 
vn 1 0 0 
vn -0.708661 0.708661 0 
vn 0 -1 0 
vn 0 0.0866142 -1 
vn 0 0.0866142 -1 
vn 0 0.0866142 -1 
vn 0 0.0866142 -1 
vn 0 0.0866142 -1 
vn 0 0.0866142 -1 
vn 0 -0.0866142 -1 
vn 0 -0.0866142 -1 
vn 0 -0.0866142 -1 
vn 0 -0.0866142 -1 
vn 0 -0.0866142 -1 
vn 0 -0.0866142 -1 
vn 0.377953 -0.913386 -0.15748 
vn 0.692913 -0.700787 -0.173228 
vn 0.984252 0 -0.173228 
vn 0 -0.984252 -0.173228 
vn 0.692913 0.700787 -0.173228 
vn -0.377953 -0.913386 -0.15748 
vn -0.692913 -0.700787 -0.173228 
vn 0 0.984252 -0.173228 
vn -0.377953 0.913386 -0.15748 
vn -0.984252 0 -0.173228 
vn 0 0 -1 
vn 0 0 -1 
vn 0 0 -1 
vn 0 0 -1 
vn 0 0 -1 
vn 0 0 -1 
vn 0 0 -1 
vn 0 0 -1 
vn 0 -0.677165 -0.732283 
vn 0 -0.19685 -0.976378 
vn 0 -0.19685 -0.976378 
vn 0 0 -1 
vn 0 0 -1 
vn 0 -0.677165 -0.732283 
vn 0 0.393701 -0.92126 
vn 0 0 -1 
vn 0 0.393701 -0.92126 
vn 0 0 -1 
vn 0 0 -1 
vn 0 0.338583 -0.944882 
vn 0 0.338583 -0.944882 
vn 0 0 -1 
vn 0 0 -1 
vn -0.527559 0.850394 -0.0551181 
vn 0.393701 0.913386 -0.0944882 
vn 0 0.889764 -0.456693 
vn 0 0.307087 -0.952756 
vn 0 0.889764 -0.456693 
vn 0 0.307087 -0.952756 
vn 0 0 -1 
vn 0 0 -1 
vn 0 -0.992126 0.110236 
vn -0.519685 -0.850394 -0.0787402 
vn 0.527559 -0.850394 -0.0787402 
vn 0 -0.992126 -0.110236 
vn -0.519685 -0.850394 -0.0551181 
vn 0.401575 -0.913386 -0.0944882 
vn 0 -0.952756 -0.299213 
vn 0 -0.622047 -0.779528 
vn 0 -0.622047 -0.779528 
vn 0 -0.370079 -0.929134 
vn 0 -0.370079 -0.929134 
vn 0 -0.307087 -0.952756 
vn 0 -0.307087 -0.952756 
vn 0 0 -1 
vn 0 0 -1 
vn 0 -0.889764 -0.456693 
vn 0 -0.889764 -0.456693 
vn 0 0 -1 
vn 0 0 -1 
vn 0 0 -1 
vn 0 0 -1 
vn 0 0 -1 
vn 0 0 -1 
vn 0 0 -1 
vn 0 0 -1 
vn 0 0 -1 
vn 0 0 -1 
vn 0 0 -1 
vn 0 0 -1 
vn 0 0 -1 
vn 0 0 -1 
vn 0 0 -1 
vn 0 0 -1 
vn 0 0.023622 -1 
vn -0.015748 0.015748 -1 
vn 0 0.023622 -1 
vn 0.015748 0.015748 -1 
vn -0.015748 0.015748 -1 
vn 0.015748 0.015748 -1 
vn -0.023622 0 -1 
vn 0.023622 0 -1 
vn -0.023622 0 -1 
vn 0.023622 0 -1 
vn -0.015748 -0.015748 -1 
vn 0.015748 -0.015748 -1 
vn -0.015748 -0.015748 -1 
vn 0.015748 -0.015748 -1 
vn 0 -0.023622 -1 
vn 0 -0.023622 -1 
vn 0 -0.393701 -0.92126 
vn 0 -0.393701 -0.92126 
vn 0 -0.393701 -0.92126 
vn 0 -0.393701 -0.92126 
vn 0 -0.322835 -0.944882 
vn 0 -0.322835 -0.944882 
vn 0 -0.244094 -0.968504 
vn 0 -0.244094 -0.968504 
vn 0 0.574803 -0.818898 
vn 0 0.574803 -0.818898 
vn 0 0.574803 -0.818898 
vn 0 0.574803 -0.818898 
vn 0 0 1 
vn 0.535433 0.535433 0.645669 
vn -0.535433 0.535433 0.645669 
vn 0.535433 0.535433 0.645669 
vn -0.535433 0.535433 0.645669 
vn 0 0.76378 0.645669 
vn 0 0.76378 0.645669 
vn 0 0 1 
vn 0 0 1 
vn 0 -0.559055 0.826772 
vn 0 0 1 
vn 0 -0.299213 0.952756 
vn 0 -0.299213 0.952756 
vn 0 0 -1 
vn 0 0 -1 
vn 0 0 -1 
vn 0 0 -1 
vn 0 0 -1 
vn 0 0 -1 
vn 0 0 -1 
vn 0 0.826772 -0.559055 
vn 0.314961 0.76378 -0.566929 
vn 0 0.826772 -0.559055 
vn -0.314961 0.76378 -0.566929 
vn 0.322835 0.755906 -0.566929 
vn -0.322835 0.755906 -0.566929 
vn 0.433071 0.700787 -0.566929 
vn -0.440945 0.700787 -0.566929 
vn 0.433071 0.700787 -0.566929 
vn 0.401575 0.716535 -0.566929 
vn 0.401575 0.716535 -0.566929 
vn -0.433071 0.700787 -0.566929 
vn -0.409449 0.716535 -0.566929 
vn -0.409449 0.716535 -0.566929 
vn 0 0 1 
vn 0 0 1 
vn 0 0 1 
vn 0 0 1 
vn 0 0 1 
vn 0.393701 0.692913 -0.598425 
vn 0.393701 0.692913 -0.598425 
vn 0.417323 0.677165 -0.606299 
vn 0.425197 0.677165 -0.606299 
vn 0.314961 0.732283 -0.598425 
vn 0.299213 0.740157 -0.598425 
vn 0 0.80315 -0.590551 
vn 0 0.80315 -0.590551 
vn -0.307087 0.740157 -0.598425 
vn -0.314961 0.740157 -0.598425 
vn -0.425197 0.677165 -0.598425 
vn -0.425197 0.685039 -0.598425 
vn -0.401575 0.700787 -0.598425 
vn -0.401575 0.700787 -0.598425 
vn 0 -0.80315 -0.590551 
vn 0.401575 -0.700787 -0.598425 
vn -0.448819 0.448819 0.771654 
vn -0.629921 0 0.771654 
vn 0.629921 0 0.771654 
vn 0 -0.629921 0.771654 
vn 0.448819 -0.448819 0.771654 
vn 0 0 -1 
vn 0 0 -1 
vn 0 0 -1 
vn -0.92126 0.385827 0 
vn 0 -1 0 
vn 0.984252 -0.181102 0 
vn 0.976378 0.228346 0 
vn 0.92126 0.385827 0 
vn 0.708661 0.708661 0 
vn 0.92126 0.385827 0 
vn 0.708661 0.708661 0 
vn 0 1 0 
vn 0 1 0 
vn -0.708661 0.708661 0 
vn -0.708661 0.708661 0 
vn -0.952756 0.307087 0 
vn -0.984252 0.188976 0 
vn 0 0 -1 
vn 0 0 -1 
vn 0 0 -1 
vn 0 0 -1 
vn -0.952756 -0.307087 0 
vn 0.92126 -0.385827 0 
vn 0.952756 -0.307087 0 
vn 0.740157 0.677165 0 
vn 0.692913 0.716535 0 
vn 0 1 0 
vn 0 1 0 
vn -0.692913 0.716535 0 
vn -0.740157 0.677165 0 
vn -0.976378 -0.228346 0 
vn -0.976378 -0.23622 0 
vn -0.708661 0.708661 0 
vn 0 1 0 
vn -0.708661 0.708661 0 
vn 0 1 0 
vn 0.708661 0.708661 0 
vn 0.708661 0.708661 0 
vn -0.92126 0.385827 0 
vn -0.952756 0.307087 0 
vn -0.984252 0.181102 0 
vn -1 0.0393701 0 
vn 0 0 1 
vn 0 0 1 
vn 0 0 1 
vn -0.606299 0.606299 0.511811 
vn -0.858268 0 0.511811 
vn -0.606299 0.606299 0.511811 
vn 0 0.858268 0.511811 
vn 0 0.858268 0.511811 
vn 0.606299 0.606299 0.511811 
vn 0.606299 0.606299 0.511811 
vn 0.858268 0 0.511811 
vn 0.858268 0 0.511811 
vn 0 1 0 
vn 0 1 0 
vn 0.385827 0.92126 0 
vn 0.385827 0.92126 0 
vn -0.385827 0.92126 0 
vn -0.385827 0.92126 0 
vn -0.992126 -0.110236 0 
vn 0.952756 0.307087 0 
vn 0.92126 0.385827 0 
vn 1 0.0393701 0 
vn 1 0.0393701 0 
vn 0.976378 0.228346 0 
vn 0.92126 0.385827 0 
vn 0.433071 0 -0.905512 
vn 0.173228 -0.425197 -0.889764 
vn -0.433071 0 -0.905512 
vn -0.173228 -0.425197 -0.889764 
vn 0.661417 0.748031 0 
vn 0.661417 0.748031 0 
vn 0.661417 0.748031 0 
vn 0.661417 0.748031 0 
vn 0.661417 0.748031 0 
vn 0.661417 0.748031 0 
vn 0.661417 0.748031 0 
vn 0.661417 0.748031 0 
vn 0.661417 0.748031 0 
vn 0.661417 0.748031 0 
vn 0.661417 0.748031 0 
vn 0.661417 0.748031 0 
vn 0.661417 0.748031 0 
vn 0.661417 0.748031 0 
vn -0.661417 0.755906 0 
vn -0.661417 0.755906 0 
vn -0.661417 0.755906 0 
vn -0.661417 0.755906 0 
vn -0.661417 0.755906 0 
vn -0.661417 0.755906 0 
vn -0.661417 0.755906 0 
vn -0.661417 0.755906 0 
vn -0.661417 0.755906 0 
vn -0.661417 0.755906 0 
vn -0.661417 0.755906 0 
vn -0.661417 0.755906 0 
vn -0.661417 0.755906 0 
vn -0.661417 0.755906 0 
vn 0.661417 -0.755906 0 
vn 0.661417 -0.755906 0 
vn -0.661417 -0.748031 0 
vn -1 0 0 
vn -1 0 0 
vn -0.661417 -0.748031 0 
vn 1 0 0 
vn 1 0 0 
vn 0 0.858268 -0.511811 
vn 0 0.858268 -0.511811 
vn 0 0.858268 -0.511811 
vn 0 0.858268 -0.511811 
vn 0 0.96063 0.291339 
vn 0 0.96063 0.291339 
vn 0 0.645669 0.76378 
vn 0 1 0 
vn 0 1 0 
vn 0 0.645669 0.76378 
vn -0.708661 0.708661 0 
vn -0.708661 0.708661 0 
vn 0 1 0 
vn 0 1 0 
vn 0.708661 0.708661 0 
vn 0.708661 0.708661 0 
vn 0 0.740157 -0.677165 
vn 0.519685 0.519685 -0.677165 
vn 0 0.740157 -0.677165 
vn -0.519685 0.519685 -0.677165 
vn 0.519685 0.519685 -0.677165 
vn -0.519685 0.519685 -0.677165 
vn -1 0 0 
vn -1 0 0 
vn -0.708661 0.708661 0 
vn -0.708661 0.708661 0 
vn 1 0 0 
vn 0 1 0 
vn 1 0 0 
vn 0 1 0 
vn 0.708661 0.708661 0 
vn 0.708661 0.708661 0 
vn 0.708661 0.708661 0 
vn 0.708661 0.708661 0 
vn 0 1 0 
vn 0 1 0 
vn -0.708661 0.708661 0 
vn -0.708661 0.708661 0 
vn 0.708661 0.708661 0 
vn 1 0 0 
vn 1 0 0 
vn 0.708661 0.708661 0 
vn 0 1 0 
vn 0 1 0 
vn -0.708661 0.708661 0 
vn -0.708661 0.708661 0 
vn -1 0 0 
vn -1 0 0 
vn 0 1 0 
vn -0.708661 0.708661 0 
vn -0.708661 0.708661 0 
vn -1 0 0 
vn 0 1 0 
vn -1 0 0 
vn 0.708661 0.708661 0 
vn 0.708661 0.708661 0 
vn 1 0 0 
vn 1 0 0 
vn 0 1 0 
vn 0.708661 0.708661 0 
vn 0 1 0 
vn 0.708661 0.708661 0 
vn -0.708661 0.708661 0 
vn 1 0 0 
vn -0.708661 0.708661 0 
vn -1 0 0 
vn -1 0 0 
vn 0.708661 0.700787 0 
vn 0 1 0 
vn 0.708661 0.700787 0 
vn 0 1 0 
vn -0.708661 0.700787 0 
vn -0.708661 0.700787 0 
vn 0.692913 -0.700787 -0.173228 
vn 0.984252 0 -0.173228 
vn 0.692913 0.700787 -0.173228 
vn 0.692913 0.700787 -0.173228 
vn -0.692913 -0.700787 -0.173228 
vn 0.377953 0.913386 -0.15748 
vn 0.377953 0.913386 -0.15748 
vn 0 0.984252 -0.173228 
vn 0 0.984252 -0.173228 
vn -0.377953 0.913386 -0.15748 
vn -0.692913 0.700787 -0.173228 
vn -0.692913 0.700787 -0.173228 
vn -0.377953 0.913386 -0.15748 
vn 1 0 0 
vn 0.708661 0.708661 -0.00787402 
vn 0.708661 0.708661 -0.00787402 
vn 1 0 0 
vn 0.377953 0.929134 -0.00787402 
vn 0.377953 0.929134 -0.00787402 
vn 0 1 -0.00787402 
vn 0 1 -0.00787402 
vn -0.377953 0.929134 -0.00787402 
vn -0.708661 0.708661 -0.00787402 
vn -0.708661 0.708661 -0.00787402 
vn -0.377953 0.929134 -0.00787402 
vn -1 0 0 
vn -1 0 0 
vn 0 0.834646 0.551181 
vn -0.322835 0.76378 0.559055 
vn -0.314961 0.76378 0.559055 
vn -0.440945 0.700787 0.559055 
vn 0 0.834646 0.551181 
vn -0.433071 0.708661 0.559055 
vn -0.409449 0.724409 0.559055 
vn -0.409449 0.724409 0.559055 
vn 0.314961 0.76378 0.559055 
vn 0.322835 0.76378 0.566929 
vn 0.440945 0.700787 0.559055 
vn 0.433071 0.708661 0.559055 
vn 0.409449 0.724409 0.559055 
vn 0.409449 0.724409 0.559055 
vn 0.244094 0.968504 0 
vn 0.244094 0.968504 0 
vn 0 1 0 
vn 0 1 0 
vn -0.244094 0.968504 0 
vn -0.244094 0.968504 0 
vn -0.866142 0 -0.503937 
vn -0.866142 0 -0.503937 
vn -0.614173 0.614173 -0.503937 
vn -0.614173 0.614173 -0.503937 
vn 0.866142 0 -0.503937 
vn 0 0.866142 -0.503937 
vn 0.866142 0 -0.503937 
vn 0 0.866142 -0.503937 
vn 0.614173 0.614173 -0.503937 
vn 0.614173 0.614173 -0.503937 
vn 0 1 0 
vn 0 1 0 
vn 0 1 0 
vn 0 1 0 
vn -1 0 0 
vn -0.708661 0.708661 0 
vn -0.708661 0.708661 0 
vn 0 1 0 
vn 0 -1 0 
vn 0 1 0 
vn 0.708661 0.708661 0 
vn 0.708661 0.708661 0 
vn 0 0.992126 0.110236 
vn -0.393701 0.913386 0.110236 
vn 0 0.992126 0.110236 
vn 0.393701 0.913386 0.110236 
vn -0.401575 0.913386 0.110236 
vn 0.393701 0.913386 0.110236 
vn -0.527559 0.850394 0.0629921 
vn 0.519685 0.850394 0.0629921 
vn -0.535433 0.834646 0.110236 
vn 0.535433 0.84252 0.110236 
vn -0.496063 0.866142 0.0393701 
vn -0.496063 0.866142 0.110236 
vn -0.527559 0.850394 -0.0787402 
vn 0.488189 0.866142 0.0472441 
vn 0.488189 0.866142 0.110236 
vn -0.496063 0.866142 -0.0708661 
vn 0.519685 0.850394 -0.0787402 
vn 0.488189 0.866142 -0.0629921 
vn -0.535433 0.834646 -0.110236 
vn -0.496063 0.866142 -0.110236 
vn -0.401575 0.913386 -0.110236 
vn -0.393701 0.913386 -0.110236 
vn 0 0.992126 -0.110236 
vn 0 0.992126 -0.110236 
vn 0.393701 0.913386 -0.110236 
vn 0.393701 0.913386 -0.110236 
vn 0.535433 0.84252 -0.110236 
vn 0.488189 0.866142 -0.110236 
vn -0.496063 0.866142 0.0629921 
vn -0.496063 0.866142 -0.0314961 
vn -0.527559 0.850394 0.0787402 
vn -0.535433 0.834646 0.110236 
vn -0.496063 0.866142 0.110236 
vn -0.401575 0.913386 0.110236 
vn -0.393701 0.913386 0.110236 
vn 0 0.992126 0.102362 
vn 0 0.992126 0.102362 
vn 0.393701 0.913386 0.102362 
vn 0.393701 0.913386 0.102362 
vn -0.527559 0.850394 -0.0551181 
vn 0.519685 0.850394 0.0787402 
vn 0.535433 0.84252 0.102362 
vn -0.535433 0.834646 -0.0944882 
vn -0.496063 0.866142 -0.0944882 
vn -0.401575 0.913386 -0.0944882 
vn -0.401575 0.913386 -0.0944882 
vn 0 0.992126 -0.0944882 
vn 0 0.992126 -0.0944882 
vn 0.393701 0.913386 -0.0944882 
vn 0.393701 0.913386 -0.0944882 
vn 0.519685 0.850394 -0.0551181 
vn 0.535433 0.84252 -0.0944882 
vn 0.488189 0.874016 -0.0393701 
vn 0.488189 0.866142 -0.0944882 
vn 0.488189 0.866142 0.0629921 
vn 0.488189 0.866142 0.102362 
vn 0 0.889764 -0.456693 
vn 0 0.889764 -0.456693 
vn 0 1 0 
vn 0 1 0 
vn 0 0.787402 0.614173 
vn 0.299213 0.724409 0.622047 
vn 0.307087 0.716535 0.622047 
vn 0.409449 0.661417 0.622047 
vn 0 0.787402 0.614173 
vn 0.409449 0.669291 0.622047 
vn 0.385827 0.685039 0.622047 
vn 0.385827 0.685039 0.622047 
vn -0.299213 0.724409 0.622047 
vn -0.307087 0.724409 0.622047 
vn -0.417323 0.669291 0.614173 
vn -0.417323 0.669291 0.614173 
vn -0.393701 0.685039 0.614173 
vn -0.393701 0.685039 0.614173 
vn 0 0 -1 
vn -0.535433 0.535433 -0.653543 
vn -0.535433 0.535433 -0.653543 
vn 0 0.755906 -0.653543 
vn 0 0.755906 -0.653543 
vn 0.535433 0.535433 -0.653543 
vn 0.535433 0.535433 -0.653543 
vn -0.023622 0 -1 
vn 0.023622 0 -1 
vn -0.023622 0 -1 
vn 0.023622 0 -1 
vn -0.716535 0 -0.700787 
vn -0.503937 0.503937 -0.700787 
vn -0.503937 0.503937 -0.700787 
vn 0 0.716535 -0.700787 
vn -0.716535 0 -0.700787 
vn 0 0.716535 -0.700787 
vn 0.503937 0.503937 -0.700787 
vn 0.503937 0.503937 -0.700787 
vn 0 0 1 
vn 0 0 1 
vn 0.535433 -0.535433 0.645669 
vn 0 -0.76378 0.645669 
vn 0 -0.76378 0.645669 
vn 0.535433 -0.535433 0.645669 
vn 0.76378 0 0.645669 
vn 0.76378 0 0.645669 
vn 0.535433 0.535433 0.645669 
vn 0.535433 0.535433 0.645669 
vn 0 0.76378 0.645669 
vn 0 0 1 
vn 0 -0.559055 0.826772 
vn 0 -0.559055 0.826772 
vn 0 0 1 
vn 0 -0.299213 0.952756 
vn 0 0 -1 
vn 0 0 -1 
vn 0 0 -1 
vn 0 -0.551181 0.834646 
vn 0 -0.551181 0.834646 
vn 0 -0.551181 0.834646 
vn 0 0.826772 -0.559055 
vn 0.322835 0.755906 -0.566929 
vn 0.433071 0.700787 -0.566929 
vn 0.393701 0.692913 -0.598425 
vn 0.629921 0 0.771654 
vn 0 -0.629921 0.771654 
vn 0.448819 -0.448819 0.771654 
vn 0 0 -1 
vn 0 0 -1 
vn 0 0 -1 
vn 0.692913 -0.716535 0 
vn 0.740157 -0.677165 0 
vn 0.976378 -0.228346 0 
vn 0.984252 -0.181102 0 
vn 0.976378 0.228346 0 
vn 0.976378 0.23622 0 
vn 0.92126 0.385827 0 
vn 0.708661 0.708661 0 
vn 0.92126 0.385827 0 
vn 0.708661 0.708661 0 
vn 0.952756 0.307087 0 
vn 0.984252 0.188976 0 
vn 0 1 0 
vn 1 0.0472441 0 
vn 1 0.0472441 0 
vn 1 0.0472441 0 
vn 1 0.0472441 0 
vn 0 0 -1 
vn 0 0 -1 
vn 0 0 -1 
vn 0 0 -1 
vn 0 0 -1 
vn -1 -0.0472441 0 
vn 0.708661 -0.708661 0 
vn 0.708661 -0.708661 0 
vn 0.92126 -0.385827 0 
vn 0.952756 -0.307087 0 
vn 0.984252 -0.188976 0 
vn 1 -0.0472441 0 
vn 1 -0.0472441 0 
vn 1 -0.0472441 0 
vn 1 -0.0472441 0 
vn 0.976378 -0.228346 0 
vn 0.92126 -0.385827 0 
vn 0.976378 -0.23622 0 
vn 0.984252 0.181102 0 
vn 0.976378 0.228346 0 
vn 0.740157 0.677165 0 
vn 0.692913 0.716535 0 
vn 0 1 0 
vn 0.708661 0.708661 0 
vn 0.708661 0.708661 0 
vn 0 0 1 
vn 0 0 1 
vn 0 0 1 
vn 0.606299 0.606299 0.511811 
vn 0.606299 -0.606299 0.511811 
vn 0.606299 0.606299 0.511811 
vn 0.606299 -0.606299 0.511811 
vn 0.858268 0 0.511811 
vn 0.858268 0 0.511811 
vn 0.992126 0.110236 0 
vn 0.992126 0.110236 0 
vn 0.992126 0.110236 0 
vn 0.992126 0.110236 0 
vn -0.992126 -0.110236 0 
vn 0.992126 -0.110236 0 
vn 0.992126 -0.110236 0 
vn 0.992126 -0.110236 0 
vn 0.992126 -0.110236 0 
vn 0.952756 0.307087 0 
vn 0.984252 0.181102 0 
vn 1 0.0393701 0 
vn 0.92126 0.385827 0 
vn 1 0.0393701 0 
vn 1 0.0393701 0 
vn 1 0.0393701 0 
vn 0.976378 0.228346 0 
vn 0.92126 0.385827 0 
vn 0.976378 0.23622 0 
vn 0.992126 -0.125984 0 
vn 0.992126 -0.141732 0 
vn 0.968504 -0.259843 0 
vn 0.968504 -0.259843 0 
vn 0.307087 0.307087 -0.897638 
vn 0.433071 0 -0.905512 
vn 0.173228 -0.425197 -0.889764 
vn -0.307087 0.307087 -0.897638 
vn -0.173228 -0.425197 -0.889764 
vn 0.661417 -0.755906 0 
vn -1 0 0 
vn -1 0 0 
vn -1 0 0 
vn -1 0 0 
vn 1 0 0 
vn 1 0 0 
vn 1 0 0 
vn 1 0 0 
vn 1 0 0 
vn 1 0 0 
vn 1 0 0 
vn 1 0 0 
vn 1 0 0 
vn 1 0 0 
vn 1 0 0 
vn 1 0 0 
vn 1 0 0 
vn 1 0 0 
vn 1 0 0 
vn 1 0 0 
vn 1 0 0 
vn 0.889764 0.401575 -0.212598 
vn 0.889764 0.401575 -0.212598 
vn 0.889764 0.401575 -0.212598 
vn 0.889764 0.401575 -0.212598 
vn 0.889764 -0.401575 -0.212598 
vn 0.889764 -0.401575 -0.212598 
vn 0.889764 -0.401575 -0.212598 
vn 0.889764 -0.401575 -0.212598 
vn 0 1 0 
vn 0.708661 0.708661 0 
vn 0.708661 0.708661 0 
vn 0 -1 0 
vn 1 0 0 
vn 1 0 0 
vn 0.708661 -0.708661 0 
vn 0.708661 -0.708661 0 
vn 0 0.740157 -0.677165 
vn 0.519685 0.519685 -0.677165 
vn 0 0.740157 -0.677165 
vn 0.519685 0.519685 -0.677165 
vn 0.740157 0 -0.677165 
vn 0.740157 0 -0.677165 
vn 0.519685 -0.519685 -0.677165 
vn 0.519685 -0.519685 -0.677165 
vn 0 -0.740157 -0.677165 
vn 0 -0.740157 -0.677165 
vn 0.708661 -0.708661 0 
vn 0.708661 -0.708661 0 
vn 1 0 0 
vn 1 0 0 
vn 0.708661 0.708661 0 
vn 0.708661 0.708661 0 
vn 1 0 0 
vn 0.708661 -0.708661 0 
vn 0.708661 -0.708661 0 
vn 1 0 0 
vn 0.708661 0.708661 0 
vn 0.708661 0.708661 0 
vn 0.708661 0.708661 0 
vn 1 0 0 
vn 1 0 0 
vn 0.708661 -0.708661 0 
vn 0.708661 0.708661 0 
vn 0.708661 -0.708661 0 
vn 0 -1 0 
vn 0 1 0 
vn 0.708661 0.708661 0 
vn 0.708661 0.708661 0 
vn 1 0 0 
vn 0 -1 0 
vn 1 0 0 
vn 0.708661 -0.708661 0 
vn 0.708661 -0.708661 0 
vn 0 1 0 
vn 0.708661 0.708661 0 
vn 0 1 0 
vn 0.708661 0.708661 0 
vn 1 0 0 
vn -0.708661 0.708661 0 
vn 1 0 0 
vn 0.708661 -0.708661 0 
vn 0.708661 -0.708661 0 
vn 0 -1 0 
vn 0 -1 0 
vn 0.708661 0.700787 0 
vn 0.708661 0.700787 0 
vn 1 0 0 
vn -0.708661 0.700787 0 
vn 1 0 0 
vn 0.708661 -0.700787 0 
vn 0.708661 -0.700787 0 
vn 0 -0.0866142 -1 
vn 0.692913 -0.700787 -0.173228 
vn 0.377953 -0.913386 -0.15748 
vn 0.692913 -0.700787 -0.173228 
vn 0.377953 -0.913386 -0.15748 
vn 0.984252 0 -0.173228 
vn 0.984252 0 -0.173228 
vn 0.692913 0.700787 -0.173228 
vn 0.692913 0.700787 -0.173228 
vn -0.692913 -0.700787 -0.173228 
vn 0.377953 0.913386 -0.15748 
vn 0.377953 0.913386 -0.15748 
vn 1 0 0 
vn 0.708661 0.708661 -0.00787402 
vn 0.708661 0.708661 -0.00787402 
vn 1 0 0 
vn 0.708661 -0.708661 -0.00787402 
vn 0.377953 0.929134 -0.00787402 
vn 0.377953 0.929134 -0.00787402 
vn 0 1 -0.00787402 
vn 0.708661 -0.708661 -0.00787402 
vn 0.377953 -0.929134 -0.00787402 
vn 0.377953 -0.929134 -0.00787402 
vn 0 -1 -0.00787402 
vn 0 0.834646 0.551181 
vn 0.314961 0.76378 0.559055 
vn 0.614173 -0.614173 -0.503937 
vn 0.614173 -0.614173 -0.503937 
vn 0.866142 0 -0.503937 
vn 0.866142 0 -0.503937 
vn 0.614173 0.614173 -0.503937 
vn 0.614173 0.614173 -0.503937 
vn 0 -1 0 
vn 0 -1 0 
vn 0 1 0 
vn 0.708661 -0.708661 0 
vn 0.708661 0.708661 0 
vn 0.708661 -0.708661 0 
vn 0.708661 0.708661 0 
vn 1 0 0 
vn 1 0 0 
vn 0 0.992126 0.102362 
vn -0.527559 0.850394 -0.0551181 
vn -0.519685 -0.850394 -0.0551181 
vn 0 -0.787402 0.614173 
vn 0 0 -1 
vn 0 0 -1 
vn 0.535433 -0.535433 -0.653543 
vn 0.535433 -0.535433 -0.653543 
vn 0.755906 0 -0.653543 
vn 0.755906 0 -0.653543 
vn 0.535433 0.535433 -0.653543 
vn 0.535433 0.535433 -0.653543 
vn 0.503937 0.503937 -0.700787 
vn 0.503937 0.503937 -0.700787 
vn 0 -0.716535 -0.700787 
vn 0.716535 0 -0.700787 
vn 0 -0.716535 -0.700787 
vn 0.716535 0 -0.700787 
vn 0.503937 -0.503937 -0.700787 
vn 0.503937 -0.503937 -0.700787 
vn 0 0 1 
vn 0 0 1 
vn 0 0 1 
vn 0 0 1 
vn 0 0 1 
vn 0 0 1 
vn 0 0 1 
vn 0 0 1 
vn 0 -0.76378 0.645669 
vn 0 -0.76378 0.645669 
vn -0.535433 -0.535433 0.645669 
vn 0.76378 0 0.645669 
vn -0.76378 0 0.645669 
vn 0.535433 0.535433 0.645669 
vn -0.535433 0.535433 0.645669 
vn 0.535433 0.535433 0.645669 
vn -0.535433 0.535433 0.645669 
vn 0 0.76378 0.645669 
vn 0 0 1 
vn 0 0 1 
vn 0 0 1 
vn 0 0 1 
vn 0 0 1 
vn 0 -0.559055 0.826772 
vn 0 -0.559055 0.826772 
vn 0 -0.559055 0.826772 
vn 0 -0.559055 0.826772 
vn 0 0 1 
vn 0 0 1 
vn 0 0 1 
vn 0 0 1 
vn 0 0 1 
vn 0 0 1 
vn 0 -0.566929 0.826772 
vn 0 -0.566929 0.826772 
vn 0 -0.299213 0.952756 
vn 0 -0.299213 0.952756 
vn 0 0 1 
vn 0 0 1 
vn 0 0.346457 0.937008 
vn 0 0.346457 0.937008 
vn 0 0.346457 0.937008 
vn 0 0.346457 0.937008 
vn 0 -0.551181 0.834646 
vn 0 -0.551181 0.834646 
vn 0 -0.551181 0.834646 
vn 0 -0.551181 0.834646 
vn 0 0.826772 -0.559055 
vn 0.322835 0.755906 -0.566929 
vn -0.322835 0.755906 -0.566929 
vn -0.433071 0.700787 -0.566929 
vn 0.00787402 0.00787402 1 
vn 0.00787402 0.00787402 1 
vn 0.00787402 0.00787402 1 
vn 0 0 1 
vn 0.00787402 0.00787402 1 
vn 0 0 1 
vn 0 0 1 
vn 0 0 1 
vn 0 0 1 
vn 0 0 1 
vn 0 0 1 
vn 0 0 1 
vn 0 0 1 
vn 0 0 1 
vn 0 0 1 
vn 0 0 1 
vn 0 0 -1 
vn 0.393701 0.692913 -0.598425 
vn 0 -0.80315 -0.590551 
vn 0.401575 -0.700787 -0.598425 
vn 0 0.629921 0.771654 
vn -0.448819 0.448819 0.771654 
vn -0.448819 0.448819 0.771654 
vn -0.629921 0 0.771654 
vn 0 0.629921 0.771654 
vn -0.629921 0 0.771654 
vn 0.448819 0.448819 0.771654 
vn -0.448819 -0.448819 0.771654 
vn 0.448819 0.448819 0.771654 
vn -0.448819 -0.448819 0.771654 
vn 0.629921 0 0.771654 
vn 0 -0.629921 0.771654 
vn 0.629921 0 0.771654 
vn 0 -0.629921 0.771654 
vn 0.448819 -0.448819 0.771654 
vn 0.448819 -0.448819 0.771654 
vn 0 0 -1 
vn 0 0 -1 
vn 0 0 -1 
vn 0 0 -1 
vn 0 0 -1 
vn -0.92126 0.385827 0 
vn 0 -1 0 
vn 0.976378 0.23622 0 
vn 0.708661 0.708661 0 
vn -0.708661 0.708661 0 
vn 0 0 -1 
vn 0 0 -1 
vn 0 0 -1 
vn 0 0 -1 
vn 0 0 -1 
vn -0.708661 -0.708661 0 
vn -1 -0.0472441 0 
vn 0.92126 -0.385827 0 
vn 0.984252 -0.188976 0 
vn 1 -0.0472441 0 
vn -0.976378 -0.23622 0 
vn -0.952756 0.307087 0 
vn -1 0.0393701 0 
vn 0 0 1 
vn 0 0 1 
vn 0 0 1 
vn 0 0 1 
vn 0 0 1 
vn 0 0 1 
vn 0 0 1 
vn 0 0 1 
vn 0 0 1 
vn 0 0 1 
vn 0 0 1 
vn 0 0 1 
vn 0 0 1 
vn 0 0 1 
vn 0 0 1 
vn 0 0 1 
vn -0.858268 0 0.511811 
vn -0.606299 -0.606299 0.511811 
vn 0 -0.858268 0.511811 
vn 0 0.858268 0.511811 
vn 0.858268 0 0.511811 
vn 0 0.393701 0.92126 
vn 0 0.338583 0.944882 
vn 0 0.393701 0.92126 
vn 0 0.338583 0.944882 
vn 0 0 1 
vn 0 0 1 
vn 0 0 1 
vn 0 0 1 
vn 0 0 1 
vn 0 -0.393701 0.92126 
vn 0 0 1 
vn 0 -0.393701 0.92126 
vn 0 0 1 
vn 0 0 1 
vn 0 -0.338583 0.944882 
vn 0 -0.338583 0.944882 
vn 0 0 1 
vn 0 0 1 
vn -0.992126 -0.110236 0 
vn 0.952756 0.307087 0 
vn 1 0.0393701 0 
vn 0.661417 -0.755906 0 
vn 0.661417 -0.755906 0 
vn -0.661417 -0.748031 0 
vn -0.661417 -0.748031 0 
vn -1 0 0 
vn -1 0 0 
vn -0.661417 -0.748031 0 
vn 1 0 0 
vn 1 0 0 
vn 1 0 0 
vn 1 0 0 
vn 0 0.96063 0.291339 
vn 0 0.96063 0.291339 
vn 0 0.645669 0.76378 
vn 0 0.645669 0.76378 
vn 0 0.409449 0.913386 
vn 0 0.409449 0.913386 
vn 1 0 0 
vn 0 -1 0 
vn 0 1 0 
vn -1 0 0 
vn 1 0 0 
vn 0 -1 0 
vn 0 1 0 
vn -1 0 0 
vn 1 0 0 
vn -0.708661 0.708661 0 
vn 0.692913 -0.700787 -0.173228 
vn -0.692913 -0.700787 -0.173228 
vn 0 -0.307087 0.952756 
vn 0 -0.889764 0.456693 
vn 0 -0.889764 0.456693 
vn 0 -0.307087 0.952756 
vn 0 0 1 
vn 0 0 1 
vn -0.314961 0.76378 0.559055 
vn 0.314961 0.76378 0.559055 
vn -0.527559 0.850394 0.0787402 
vn 0 0.992126 0.102362 
vn -0.527559 0.850394 -0.0551181 
vn 0.519685 0.850394 0.0787402 
vn 0.393701 0.913386 -0.0944882 
vn 0 -0.992126 0.110236 
vn 0.527559 -0.850394 0.0787402 
vn 0 -0.992126 0.102362 
vn -0.519685 -0.850394 0.0787402 
vn -0.519685 -0.850394 -0.0551181 
vn 0.401575 -0.913386 -0.0944882 
vn 0 0 -1 
vn 0 0.393701 0.92126 
vn 0 0.393701 0.92126 
vn 0 0.393701 0.92126 
vn 0 0.393701 0.92126 
vn 0 0.393701 0.92126 
vn 0 0.393701 0.92126 
vn 0 0.393701 0.92126 
vn 0 0.393701 0.92126 
vn 0 0.393701 0.92126 
vn 0 -0.393701 0.92126 
vn 0 -0.393701 0.92126 
vn 0 -0.393701 0.92126 
vn 0 -0.393701 0.92126 
vn 0 -0.393701 0.92126 
vn 0 -0.393701 0.92126 
vn 0 -0.393701 0.92126 
vn 0 -0.393701 0.92126 
vn 0 -0.393701 0.92126 
vn 0 0 1 
vn 0 0 1 
vn 0 0 1 
vn 0 0 1 
vn 0 0 1 
vn 0 0 1 
vn 0 0 1 
vn 0 0 1 
vn 0 0 1 
vn 0 0 1 
vn 0 0 1 
vn 0 0 1 
vn 0 0 1 
vn 0 0 1 
vn 0 0 1 
vn 0 0 1 
vn 0 0 1 
vn 0 0 1 
vn 0 0 1 
vn 0 0 1 
vn 0 0 1 
vn 0 0 1 
vn 0 0 1 
vn 0 0 1 
vn 0 0 1 
vn 0 0 1 
vn 0 0 1 
vn 0 0 1 
vn 0 0 1 
vn 0 0 1 
vn 0 0 1 
vn 0 0 1 
vn 0 0 1 
vn 0 0 1 
vn 0 0 1 
vn 0 0 1 
vn 0 0 1 
vn 0 0 1 
vn 0 0 1 
vn 0 0 1 
vn 0 0 1 
vn 0 0 1 
vn 0 0 1 
vn 0 0 1 
vn 0 0 1 
vn 0 0 1 
vn 0 0 1 
vn 0 0 1 
vn 0 0 1 
vn 0 0 1 
vn 0 0 1 
vn 0 0 1 
vn 0 0 1 
vn 0 0 1 
vn 0 0 1 
vn 0 0 1 
vn 0 0 1 
vn 0.535433 -0.535433 0.645669 
vn 0 -0.76378 0.645669 
vn 0 -0.76378 0.645669 
vn -0.535433 -0.535433 0.645669 
vn 0.535433 -0.535433 0.645669 
vn -0.535433 -0.535433 0.645669 
vn 0.535433 0.535433 0.645669 
vn -0.535433 0.535433 0.645669 
vn 0 0 1 
vn 0 -0.559055 0.826772 
vn 0 -0.559055 0.826772 
vn 0 -0.299213 0.952756 
vn 0 -0.299213 0.952756 
vn 0 0 -1 
vn 0 0 -1 
vn 0 0 -1 
vn 0 0 -1 
vn 0 0 -1 
vn 0 0 -1 
vn 0 0 -1 
vn 0 0 -1 
vn 0 -0.551181 0.834646 
vn 0 -0.551181 0.834646 
vn 0.433071 0.700787 -0.566929 
vn 0 0 1 
vn 0 0 1 
vn 0 0 1 
vn 0 0 1 
vn -0.314961 -0.76378 -0.566929 
vn 0 -0.826772 -0.559055 
vn -0.322835 -0.755906 -0.566929 
vn 0 -0.826772 -0.559055 
vn -0.433071 -0.700787 -0.566929 
vn 0.314961 -0.76378 -0.566929 
vn -0.433071 -0.700787 -0.566929 
vn -0.401575 -0.716535 -0.566929 
vn -0.401575 -0.716535 -0.566929 
vn 0.322835 -0.755906 -0.566929 
vn 0.440945 -0.700787 -0.566929 
vn 0.433071 -0.700787 -0.566929 
vn 0.409449 -0.716535 -0.566929 
vn 0.409449 -0.716535 -0.566929 
vn 0 0 -1 
vn 0.393701 0.692913 -0.598425 
vn -0.393701 -0.692913 -0.598425 
vn -0.417323 -0.677165 -0.606299 
vn -0.393701 -0.692913 -0.598425 
vn -0.425197 -0.677165 -0.606299 
vn -0.314961 -0.732283 -0.598425 
vn -0.299213 -0.740157 -0.598425 
vn 0 -0.80315 -0.590551 
vn 0 -0.80315 -0.590551 
vn 0.307087 -0.740157 -0.598425 
vn 0.314961 -0.740157 -0.598425 
vn 0.425197 -0.677165 -0.598425 
vn 0.425197 -0.685039 -0.598425 
vn 0.401575 -0.700787 -0.598425 
vn 0.401575 -0.700787 -0.598425 
vn -0.629921 0 0.771654 
vn 0.629921 0 0.771654 
vn 0 -0.629921 0.771654 
vn 0.448819 -0.448819 0.771654 
vn 0 0 -1 
vn 0 0 -1 
vn 0 0 -1 
vn 0 0 -1 
vn 0 -0.858268 0.511811 
vn 0 -0.858268 0.511811 
vn 0 -0.858268 0.511811 
vn 0 -0.858268 0.511811 
vn -0.92126 0.385827 0 
vn -0.740157 -0.677165 0 
vn -0.692913 -0.716535 0 
vn 0 -1 0 
vn 0 -1 0 
vn 0.692913 -0.716535 0 
vn 0.740157 -0.677165 0 
vn 0.984252 -0.181102 0 
vn 0.976378 0.228346 0 
vn 0.976378 0.23622 0 
vn 0.952756 0.307087 0 
vn -0.952756 0.307087 0 
vn 0 0 -1 
vn 0 0 -1 
vn 0 0 -1 
vn 0 0 -1 
vn -0.708661 -0.708661 0 
vn -0.708661 -0.708661 0 
vn -0.92126 -0.385827 0 
vn -1 -0.0472441 0 
vn 0 -1 0 
vn 0 -1 0 
vn 0.708661 -0.708661 0 
vn 0.708661 -0.708661 0 
vn 0.92126 -0.385827 0 
vn 0.952756 -0.307087 0 
vn 0.984252 -0.188976 0 
vn 1 -0.0472441 0 
vn -0.976378 -0.228346 0 
vn -0.92126 -0.385827 0 
vn 0 1 0 
vn -0.92126 0.385827 0 
vn -0.952756 0.307087 0 
vn 0 0 1 
vn 0 0 1 
vn 0 0 1 
vn -0.606299 -0.606299 0.511811 
vn -0.606299 -0.606299 0.511811 
vn 0 -0.858268 0.511811 
vn 0 -0.858268 0.511811 
vn 0.606299 -0.606299 0.511811 
vn 0.606299 -0.606299 0.511811 
vn 0.858268 0 0.511811 
vn 0.858268 0 0.511811 
vn -0.385827 -0.92126 0 
vn 0 -1 0 
vn -0.385827 -0.92126 0 
vn 0 -1 0 
vn 0.385827 -0.92126 0 
vn 0.385827 -0.92126 0 
vn -0.992126 -0.110236 0 
vn 0.952756 0.307087 0 
vn 0.92126 0.385827 0 
vn 0.307087 0.307087 -0.897638 
vn -0.307087 0.307087 -0.897638 
vn -0.433071 0 -0.905512 
vn -0.661417 0.755906 0 
vn -0.661417 0.755906 0 
vn 0.661417 -0.755906 0 
vn 0.661417 -0.755906 0 
vn 0.661417 -0.755906 0 
vn 0.661417 -0.755906 0 
vn 0.661417 -0.755906 0 
vn 0.661417 -0.755906 0 
vn 0.661417 -0.755906 0 
vn 0.661417 -0.755906 0 
vn 0.661417 -0.755906 0 
vn 0.661417 -0.755906 0 
vn 0.661417 -0.755906 0 
vn 0.661417 -0.755906 0 
vn 0.661417 -0.755906 0 
vn 0.661417 -0.755906 0 
vn -0.661417 -0.748031 0 
vn -0.661417 -0.748031 0 
vn -0.661417 -0.748031 0 
vn -0.661417 -0.748031 0 
vn -0.661417 -0.748031 0 
vn -0.661417 -0.748031 0 
vn -0.661417 -0.748031 0 
vn -1 0 0 
vn -1 0 0 
vn -1 0 0 
vn -1 0 0 
vn -0.661417 -0.748031 0 
vn -0.661417 -0.748031 0 
vn -0.661417 -0.748031 0 
vn -0.661417 -0.748031 0 
vn -0.661417 -0.748031 0 
vn -0.661417 -0.748031 0 
vn -0.661417 -0.748031 0 
vn 1 0 0 
vn 1 0 0 
vn 1 0 0 
vn 1 0 0 
vn 0 -0.858268 -0.511811 
vn 0 -0.858268 -0.511811 
vn 0 -0.858268 -0.511811 
vn 0 -0.858268 -0.511811 
vn -0.708661 -0.708661 0 
vn -0.708661 -0.708661 0 
vn 0 -1 0 
vn 0 -1 0 
vn 0.708661 -0.708661 0 
vn 0.708661 -0.708661 0 
vn 0.519685 -0.519685 -0.677165 
vn -0.519685 -0.519685 -0.677165 
vn 0.519685 -0.519685 -0.677165 
vn -0.519685 -0.519685 -0.677165 
vn 0 -0.740157 -0.677165 
vn 0 -0.740157 -0.677165 
vn 0 -1 0 
vn -0.708661 -0.708661 0 
vn -0.708661 -0.708661 0 
vn -1 0 0 
vn 0 -1 0 
vn -1 0 0 
vn 0.708661 -0.708661 0 
vn 0.708661 -0.708661 0 
vn 1 0 0 
vn 1 0 0 
vn 0.708661 -0.708661 0 
vn 0.708661 -0.708661 0 
vn 0 -1 0 
vn 0 -1 0 
vn -0.708661 -0.708661 0 
vn -0.708661 -0.708661 0 
vn 0.708661 -0.708661 0 
vn 0.708661 -0.708661 0 
vn 0 -1 0 
vn 0 -1 0 
vn -0.708661 -0.708661 0 
vn -0.708661 -0.708661 0 
vn -0.708661 -0.708661 0 
vn -0.708661 -0.708661 0 
vn 0 -1 0 
vn 0 -1 0 
vn 0.708661 -0.708661 0 
vn 0.708661 -0.708661 0 
vn 0.708661 0.708661 0 
vn 1 0 0 
vn -0.708661 0.708661 0 
vn -1 0 0 
vn 0.708661 -0.708661 0 
vn -1 0 0 
vn 0.708661 -0.708661 0 
vn -0.708661 -0.708661 0 
vn 0 -1 0 
vn -0.708661 -0.708661 0 
vn 0 -1 0 
vn 0.708661 -0.700787 0 
vn 0.708661 -0.700787 0 
vn 0 -1 0 
vn -0.708661 -0.700787 0 
vn 0 -1 0 
vn -0.708661 -0.700787 0 
vn 0 -0.0866142 -1 
vn 0.692913 -0.700787 -0.173228 
vn 0.377953 -0.913386 -0.15748 
vn 0.692913 -0.700787 -0.173228 
vn 0.377953 -0.913386 -0.15748 
vn 0 -0.984252 -0.173228 
vn 0 -0.984252 -0.173228 
vn -0.377953 -0.913386 -0.15748 
vn -0.692913 -0.700787 -0.173228 
vn -0.692913 -0.700787 -0.173228 
vn -0.377953 -0.913386 -0.15748 
vn 1 0 0 
vn 1 0 0 
vn 0.708661 -0.708661 -0.00787402 
vn 0.708661 -0.708661 -0.00787402 
vn 0.377953 -0.929134 -0.00787402 
vn 0.377953 -0.929134 -0.00787402 
vn 0 -1 -0.00787402 
vn 0 -1 -0.00787402 
vn -0.377953 -0.929134 -0.00787402 
vn -1 0 0 
vn -0.708661 -0.708661 -0.00787402 
vn -0.708661 -0.708661 -0.00787402 
vn -0.377953 -0.929134 -0.00787402 
vn 0 -0.889764 0.456693 
vn 0 -0.889764 0.456693 
vn 0 -1 0 
vn 0 -1 0 
vn 0 -0.677165 -0.732283 
vn 0 -0.677165 -0.732283 
vn 0 -0.968504 -0.23622 
vn 0 -0.968504 -0.23622 
vn 0 -1 0 
vn 0 -1 0 
vn 0 -0.834646 0.551181 
vn 0.314961 -0.76378 0.559055 
vn 0 -0.834646 0.551181 
vn -0.314961 -0.76378 0.559055 
vn 0.322835 -0.76378 0.559055 
vn -0.322835 -0.76378 0.566929 
vn 0.440945 -0.700787 0.559055 
vn -0.440945 -0.700787 0.559055 
vn 0.433071 -0.708661 0.559055 
vn 0.409449 -0.724409 0.559055 
vn 0.409449 -0.724409 0.559055 
vn -0.433071 -0.708661 0.559055 
vn -0.409449 -0.724409 0.559055 
vn -0.409449 -0.724409 0.559055 
vn -0.244094 -0.968504 0 
vn 0 -1 0 
vn 0 -1 0 
vn -0.244094 -0.968504 0 
vn 0.244094 -0.968504 0 
vn 0.244094 -0.968504 0 
vn -0.614173 -0.614173 -0.503937 
vn 0 -0.866142 -0.503937 
vn -0.614173 -0.614173 -0.503937 
vn -0.866142 0 -0.503937 
vn 0 -0.866142 -0.503937 
vn -0.866142 0 -0.503937 
vn 0.614173 -0.614173 -0.503937 
vn 0.614173 -0.614173 -0.503937 
vn 0.866142 0 -0.503937 
vn 0.866142 0 -0.503937 
vn -0.708661 -0.708661 0 
vn -1 0 0 
vn -0.708661 -0.708661 0 
vn 0 -1 0 
vn 0 -1 0 
vn 0.708661 -0.708661 0 
vn 0.708661 -0.708661 0 
vn 0 0.992126 0.102362 
vn -0.527559 0.850394 -0.0551181 
vn 0 -1 0 
vn 0 -1 0 
vn 0 -1 0 
vn 0 -1 0 
vn 0.393701 -0.913386 0.110236 
vn 0 -0.992126 0.110236 
vn 0.401575 -0.913386 0.110236 
vn 0 -0.992126 0.110236 
vn 0.527559 -0.850394 0.0629921 
vn -0.393701 -0.913386 0.110236 
vn -0.393701 -0.913386 0.110236 
vn -0.519685 -0.850394 0.0629921 
vn -0.535433 -0.84252 0.110236 
vn 0.535433 -0.834646 0.110236 
vn -0.488189 -0.866142 0.0472441 
vn -0.488189 -0.866142 0.110236 
vn -0.519685 -0.850394 -0.0787402 
vn 0.496063 -0.866142 0.0393701 
vn 0.496063 -0.866142 0.110236 
vn 0.527559 -0.850394 -0.0787402 
vn -0.488189 -0.866142 -0.0629921 
vn 0.496063 -0.866142 -0.0708661 
vn -0.535433 -0.84252 -0.110236 
vn -0.488189 -0.866142 -0.110236 
vn -0.393701 -0.913386 -0.110236 
vn -0.393701 -0.913386 -0.110236 
vn 0 -0.992126 -0.110236 
vn 0 -0.992126 -0.110236 
vn 0.393701 -0.913386 -0.110236 
vn 0.401575 -0.913386 -0.110236 
vn 0.535433 -0.834646 -0.110236 
vn 0.496063 -0.866142 -0.110236 
vn 0.496063 -0.866142 -0.0314961 
vn 0.527559 -0.850394 0.0787402 
vn 0.496063 -0.866142 0.0629921 
vn 0.535433 -0.834646 0.110236 
vn 0.496063 -0.866142 0.110236 
vn 0.401575 -0.913386 0.110236 
vn 0.393701 -0.913386 0.110236 
vn 0 -0.992126 0.102362 
vn 0 -0.992126 0.102362 
vn -0.393701 -0.913386 0.102362 
vn -0.393701 -0.913386 0.102362 
vn 0.527559 -0.850394 -0.0551181 
vn -0.519685 -0.850394 0.0787402 
vn -0.535433 -0.84252 0.102362 
vn -0.488189 -0.866142 0.0629921 
vn -0.488189 -0.866142 0.102362 
vn -0.488189 -0.874016 -0.0393701 
vn -0.519685 -0.850394 -0.0551181 
vn 0.535433 -0.834646 -0.0944882 
vn 0.496063 -0.866142 -0.0944882 
vn 0.401575 -0.913386 -0.0944882 
vn 0.401575 -0.913386 -0.0944882 
vn 0 -0.992126 -0.0944882 
vn 0 -0.992126 -0.0944882 
vn -0.393701 -0.913386 -0.0944882 
vn -0.393701 -0.913386 -0.0944882 
vn -0.535433 -0.84252 -0.0944882 
vn -0.488189 -0.866142 -0.0944882 
vn 0 -1 0 
vn 0 -0.952756 -0.299213 
vn 0 -0.952756 -0.299213 
vn 0 -1 0 
vn 0 -0.622047 -0.779528 
vn 0 -0.622047 -0.779528 
vn 0 -0.889764 -0.456693 
vn 0 -0.889764 -0.456693 
vn 0 -1 0 
vn 0 -1 0 
vn -0.299213 -0.724409 0.622047 
vn 0 -0.787402 0.614173 
vn 0 -0.787402 0.614173 
vn 0.299213 -0.724409 0.622047 
vn -0.307087 -0.716535 0.622047 
vn 0.307087 -0.724409 0.622047 
vn -0.409449 -0.661417 0.622047 
vn 0.417323 -0.669291 0.614173 
vn -0.409449 -0.669291 0.622047 
vn -0.385827 -0.685039 0.622047 
vn -0.385827 -0.685039 0.622047 
vn 0.417323 -0.669291 0.614173 
vn 0.393701 -0.685039 0.614173 
vn 0.393701 -0.685039 0.614173 
vn 0 0 -1 
vn 0 0 -1 
vn 0 0 -1 
vn -0.535433 -0.535433 -0.653543 
vn 0 -0.755906 -0.653543 
vn -0.535433 -0.535433 -0.653543 
vn 0 -0.755906 -0.653543 
vn 0.535433 -0.535433 -0.653543 
vn 0.535433 -0.535433 -0.653543 
vn -0.023622 0 -1 
vn 0.023622 0 -1 
vn -0.023622 0 -1 
vn 0.023622 0 -1 
vn -0.716535 0 -0.700787 
vn -0.716535 0 -0.700787 
vn -0.503937 -0.503937 -0.700787 
vn -0.503937 -0.503937 -0.700787 
vn 0 -0.716535 -0.700787 
vn 0 -0.716535 -0.700787 
vn 0.503937 -0.503937 -0.700787 
vn 0.503937 -0.503937 -0.700787 
vn 0 0 1 
vn 0 -0.76378 0.645669 
vn 0 -0.76378 0.645669 
vn -0.535433 -0.535433 0.645669 
vn -0.535433 -0.535433 0.645669 
vn -0.76378 0 0.645669 
vn -0.76378 0 0.645669 
vn -0.535433 0.535433 0.645669 
vn -0.535433 0.535433 0.645669 
vn 0 0.76378 0.645669 
vn 0 0 1 
vn 0 0 1 
vn 0 -0.559055 0.826772 
vn 0 -0.559055 0.826772 
vn 0 0 1 
vn 0 -0.299213 0.952756 
vn 0 0 -1 
vn 0 0 -1 
vn 0 0 -1 
vn 0 0 -1 
vn 0 -0.551181 0.834646 
vn 0 -0.551181 0.834646 
vn 0 -0.551181 0.834646 
vn 0 0.826772 -0.559055 
vn -0.322835 0.755906 -0.566929 
vn -0.433071 0.700787 -0.566929 
vn 0 -0.80315 -0.590551 
vn -0.448819 0.448819 0.771654 
vn -0.629921 0 0.771654 
vn 0 -0.629921 0.771654 
vn 0 0 -1 
vn 0 0 -1 
vn -0.976378 0.228346 0 
vn -0.984252 -0.181102 0 
vn -0.976378 0.23622 0 
vn -0.92126 0.385827 0 
vn -0.976378 -0.228346 0 
vn -0.740157 -0.677165 0 
vn -0.692913 -0.716535 0 
vn 0.984252 -0.181102 0 
vn 0 1 0 
vn -0.708661 0.708661 0 
vn -0.708661 0.708661 0 
vn -0.92126 0.385827 0 
vn -0.952756 0.307087 0 
vn -0.984252 0.188976 0 
vn -1 0.0472441 0 
vn -1 0.0472441 0 
vn -1 0.0472441 0 
vn -1 0.0472441 0 
vn 0 0 -1 
vn 0 0 -1 
vn 0 0 -1 
vn 0 0 -1 
vn 0 0 -1 
vn -0.708661 -0.708661 0 
vn -0.708661 -0.708661 0 
vn -0.92126 -0.385827 0 
vn -0.952756 -0.307087 0 
vn -0.984252 -0.188976 0 
vn -1 -0.0472441 0 
vn -1 -0.0472441 0 
vn -1 -0.0472441 0 
vn -1 -0.0472441 0 
vn 1 -0.0472441 0 
vn -0.692913 0.716535 0 
vn -0.740157 0.677165 0 
vn -0.976378 0.228346 0 
vn -0.984252 0.181102 0 
vn -0.976378 -0.228346 0 
vn -0.976378 -0.23622 0 
vn -0.92126 -0.385827 0 
vn -0.708661 0.708661 0 
vn 0 1 0 
vn -0.708661 0.708661 0 
vn 0.708661 0.708661 0 
vn -0.92126 0.385827 0 
vn -0.952756 0.307087 0 
vn -0.984252 0.181102 0 
vn -1 0.0393701 0 
vn -1 0.0393701 0 
vn -1 0.0393701 0 
vn -1 0.0393701 0 
vn -0.976378 0.228346 0 
vn -0.92126 0.385827 0 
vn -0.976378 0.23622 0 
vn -0.992126 -0.125984 0 
vn -0.992126 -0.141732 0 
vn -0.968504 -0.259843 0 
vn -0.968504 -0.259843 0 
vn 0 0 1 
vn 0 0 1 
vn -0.606299 0.606299 0.511811 
vn -0.858268 0 0.511811 
vn -0.858268 0 0.511811 
vn -0.606299 -0.606299 0.511811 
vn -0.606299 0.606299 0.511811 
vn -0.606299 -0.606299 0.511811 
vn -0.992126 0.110236 0 
vn -0.992126 0.110236 0 
vn -0.992126 0.110236 0 
vn -0.992126 0.110236 0 
vn -0.992126 -0.110236 0 
vn -0.992126 -0.110236 0 
vn -0.992126 -0.110236 0 
vn -0.992126 -0.110236 0 
vn 0.952756 0.307087 0 
vn 0.92126 0.385827 0 
vn 0.307087 0.307087 -0.897638 
vn 0.173228 -0.425197 -0.889764 
vn -0.307087 0.307087 -0.897638 
vn -0.433071 0 -0.905512 
vn -0.173228 -0.425197 -0.889764 
vn -0.661417 -0.748031 0 
vn -0.661417 -0.748031 0 
vn -1 0 0 
vn -1 0 0 
vn -1 0 0 
vn -1 0 0 
vn -1 0 0 
vn -1 0 0 
vn -1 0 0 
vn -1 0 0 
vn -1 0 0 
vn -1 0 0 
vn -1 0 0 
vn -1 0 0 
vn -1 0 0 
vn -1 0 0 
vn -1 0 0 
vn -1 0 0 
vn -1 0 0 
vn 1 0 0 
vn -0.889764 0.401575 -0.212598 
vn -0.889764 0.401575 -0.212598 
vn -0.889764 0.401575 -0.212598 
vn -0.889764 0.401575 -0.212598 
vn -0.889764 -0.401575 -0.212598 
vn -0.889764 -0.401575 -0.212598 
vn -0.889764 -0.401575 -0.212598 
vn -0.889764 -0.401575 -0.212598 
vn -0.708661 0.708661 0 
vn -1 0 0 
vn -0.708661 0.708661 0 
vn -1 0 0 
vn 0 1 0 
vn -0.708661 -0.708661 0 
vn -0.708661 -0.708661 0 
vn 0 -1 0 
vn 0 0.740157 -0.677165 
vn 0 0.740157 -0.677165 
vn -0.519685 0.519685 -0.677165 
vn -0.519685 0.519685 -0.677165 
vn -0.740157 0 -0.677165 
vn -0.740157 0 -0.677165 
vn -0.519685 -0.519685 -0.677165 
vn -0.519685 -0.519685 -0.677165 
vn 0 -0.740157 -0.677165 
vn 0 -0.740157 -0.677165 
vn -0.708661 -0.708661 0 
vn -0.708661 -0.708661 0 
vn -1 0 0 
vn -1 0 0 
vn -0.708661 0.708661 0 
vn -0.708661 0.708661 0 
vn -0.708661 -0.708661 0 
vn -0.708661 -0.708661 0 
vn -1 0 0 
vn -1 0 0 
vn -0.708661 0.708661 0 
vn -0.708661 0.708661 0 
vn 0 -1 0 
vn -0.708661 0.708661 0 
vn -0.708661 -0.708661 0 
vn -0.708661 0.708661 0 
vn -0.708661 -0.708661 0 
vn -1 0 0 
vn -1 0 0 
vn 0 1 0 
vn -0.708661 0.708661 0 
vn -0.708661 0.708661 0 
vn -1 0 0 
vn -1 0 0 
vn -0.708661 -0.708661 0 
vn -0.708661 -0.708661 0 
vn 0 -1 0 
vn 0 -1 0 
vn 0 1 0 
vn 0 1 0 
vn -0.708661 0.708661 0 
vn -0.708661 0.708661 0 
vn -1 0 0 
vn -1 0 0 
vn -0.708661 -0.708661 0 
vn 0 -1 0 
vn -0.708661 -0.708661 0 
vn 0 -1 0 
vn -0.708661 0.700787 0 
vn -0.708661 0.700787 0 
vn 0.708661 -0.700787 0 
vn -1 0 0 
vn 0.708661 -0.700787 0 
vn -1 0 0 
vn -0.708661 -0.700787 0 
vn -0.708661 -0.700787 0 
vn 0 -0.0866142 -1 
vn 0.692913 -0.700787 -0.173228 
vn -0.377953 -0.913386 -0.15748 
vn -0.692913 -0.700787 -0.173228 
vn -0.377953 0.913386 -0.15748 
vn -0.692913 0.700787 -0.173228 
vn -0.692913 -0.700787 -0.173228 
vn -0.377953 -0.913386 -0.15748 
vn -0.984252 0 -0.173228 
vn -0.984252 0 -0.173228 
vn -0.692913 0.700787 -0.173228 
vn -0.377953 0.913386 -0.15748 
vn 0 1 -0.00787402 
vn -0.377953 0.929134 -0.00787402 
vn -0.708661 0.708661 -0.00787402 
vn -0.377953 -0.929134 -0.00787402 
vn -0.708661 0.708661 -0.00787402 
vn -0.377953 0.929134 -0.00787402 
vn -1 0 0 
vn -1 0 0 
vn -0.708661 -0.708661 -0.00787402 
vn -0.708661 -0.708661 -0.00787402 
vn -0.377953 -0.929134 -0.00787402 
vn -0.314961 0.76378 0.559055 
vn 0 0.834646 0.551181 
vn -0.614173 -0.614173 -0.503937 
vn -0.614173 -0.614173 -0.503937 
vn -0.866142 0 -0.503937 
vn -0.866142 0 -0.503937 
vn -0.614173 0.614173 -0.503937 
vn -0.614173 0.614173 -0.503937 
vn -0.708661 -0.708661 0 
vn -1 0 0 
vn -1 0 0 
vn -0.708661 0.708661 0 
vn -0.708661 -0.708661 0 
vn -0.708661 0.708661 0 
vn 0 0.992126 0.102362 
vn 0.393701 0.913386 -0.0944882 
vn 0.401575 -0.913386 -0.0944882 
vn 0 -0.787402 0.614173 
vn 0 0 -1 
vn -0.535433 -0.535433 -0.653543 
vn -0.535433 -0.535433 -0.653543 
vn -0.755906 0 -0.653543 
vn -0.755906 0 -0.653543 
vn -0.535433 0.535433 -0.653543 
vn -0.535433 0.535433 -0.653543 
vn -0.716535 0 -0.700787 
vn -0.503937 0.503937 -0.700787 
vn -0.503937 0.503937 -0.700787 
vn -0.716535 0 -0.700787 
vn -0.503937 -0.503937 -0.700787 
vn -0.503937 -0.503937 -0.700787 

vt 34.0662 -5.01754 
vt 34.053 -5.00599 
vt 34.0618 -5.01999 
vt 34.0495 -5.00795 
vt 34.0372 -5.03676 
vt 34.0298 -5.02194 
vt 33.9998 -5.0443 
vt 33.9998 -5.02797 
vt 33.9701 -5.02194 
vt 33.9626 -5.03676 
vt 33.9506 -5.00795 
vt 33.9382 -5.01999 
vt 33.9472 -5.00599 
vt 33.9339 -5.01754 
vt 33.9338 -4.93405 
vt 33.947 -4.9456 
vt 33.9382 -4.9316 
vt 33.9505 -4.94364 
vt 33.9628 -4.91483 
vt 33.9702 -4.92966 
vt 34.0002 -4.90729 
vt 34.0002 -4.92362 
vt 34.0299 -4.92966 
vt 34.0374 -4.91483 
vt 34.0494 -4.94364 
vt 34.0618 -4.9316 
vt 34.0528 -4.9456 
vt 34.0661 -4.93405 
vt 34.0112 -5.03976 
vt 34.0001 -4.89694 
vt 33.958 -4.90542 
vt 34.0419 -4.90542 
vt 34.0694 -4.92394 
vt 33.9475 -5.00576 
vt 33.9301 -5.02091 
vt 33.9347 -5.02351 
vt 33.9509 -5.00771 
vt 33.9605 -5.04108 
vt 33.9703 -5.02163 
vt 33.9998 -5.04905 
vt 33.9998 -5.02763 
vt 34.0296 -5.02163 
vt 34.0394 -5.04108 
vt 34.0492 -5.00771 
vt 34.0654 -5.02351 
vt 34.0527 -5.00576 
vt 34.07 -5.02091 
vt 34.0525 -4.94583 
vt 34.0653 -4.92809 
vt 34.0491 -4.94388 
vt 34.0699 -4.93068 
vt 34.0395 -4.91051 
vt 34.0297 -4.92996 
vt 34.0002 -4.90254 
vt 34.0002 -4.92396 
vt 33.9704 -4.92996 
vt 33.9606 -4.91051 
vt 33.9508 -4.94388 
vt 33.9346 -4.92809 
vt 33.9473 -4.94583 
vt 33.93 -4.93068 
vt 33.9254 -4.92671 
vt 33.9999 -5.05464 
vt 33.9258 -5.02488 
vt 34.0002 -5.02278 
vt 33.9665 -5.00883 
vt 34.0132 -4.9031 
vt 34.0002 -4.89323 
vt 33.9872 -4.9031 
vt 33.9894 -4.8977 
vt 34.011 -4.8977 
vt 34.0002 -5.05476 
vt 33.9872 -5.04489 
vt 33.9894 -5.05029 
vt 34.0132 -5.04489 
vt 34.011 -5.05029 
vt 33.9849 -5.03949 
vt 34.0155 -5.03949 
vt 34.0151 -5.0287 
vt 33.9853 -5.0287 
vt 34.0002 -5.01524 
vt 33.9894 -5.01972 
vt 34.011 -5.01972 
vt 34.0002 -4.93274 
vt 34.0151 -4.91929 
vt 33.9853 -4.91929 
vt 34.011 -4.92827 
vt 33.9894 -4.92827 
vt 34.0155 -4.9085 
vt 33.9849 -4.9085 
vt 33.9853 -4.91929 
vt 33.9872 -4.9031 
vt 34.0132 -4.9031 
vt 33.9901 -4.97516 
vt 33.9891 -4.98627 
vt 33.9931 -4.98236 
vt 33.9845 -4.97516 
vt 34.0002 -4.99087 
vt 33.9891 -4.96405 
vt 34.0002 -4.98534 
vt 33.9931 -4.96796 
vt 34.0073 -4.98236 
vt 34.0002 -4.95945 
vt 34.0113 -4.98627 
vt 34.0002 -4.96498 
vt 34.0102 -4.97516 
vt 34.0073 -4.96796 
vt 34.0159 -4.97516 
vt 34.0113 -4.96405 
vt 34.0132 -5.04489 
vt 34.015 -5.00803 
vt 33.9872 -5.04489 
vt 33.9854 -5.00803 
vt 34.011 -4.8977 
vt 33.9894 -4.8977 
vt 34.0132 -4.9031 
vt 34.015 -4.94498 
vt 34.0408 -4.97516 
vt 34.0002 -4.9346 
vt 34.0002 -5.01572 
vt 33.9596 -4.97516 
vt 34.0453 -4.97516 
vt 34.0289 -5.00384 
vt 34.0002 -5.02023 
vt 34.0073 -4.96796 
vt 33.9931 -4.96796 
vt 33.9901 -4.97516 
vt 34.0002 -4.96498 
vt 34.0102 -4.97516 
vt 33.9931 -4.98236 
vt 34.0073 -4.98236 
vt 34.0002 -4.98534 
vt 34.027 -4.95213 
vt 33.9872 -4.9031 
vt 33.9854 -4.94498 
vt 33.9853 -4.93909 
vt 33.9703 -4.94528 
vt 33.9771 -4.95201 
vt 33.9886 -4.94722 
vt 33.9579 -4.97516 
vt 33.9675 -4.97516 
vt 33.9703 -5.00504 
vt 33.9771 -4.9983 
vt 33.9853 -5.01123 
vt 33.9886 -5.0031 
vt 34.0233 -4.95201 
vt 34.0424 -4.97516 
vt 34.0301 -4.94528 
vt 34.0151 -4.93909 
vt 34.0118 -4.94722 
vt 34.0329 -4.97516 
vt 34.0301 -5.00504 
vt 34.0233 -4.9983 
vt 34.0151 -5.01123 
vt 34.0118 -5.0031 
vt 33.9299 -4.93067 
vt 34.0522 -4.9461 
vt 34.0112 -5.09695 
vt 34.0112 -5.07855 
vt 34.0699 -4.93067 
vt 33.9892 -5.09695 
vt 34.0118 -4.97423 
vt 33.9886 -4.97423 
vt 34.0002 -4.98586 
vt 33.992 -4.98246 
vt 34.0084 -4.98246 
vt 34.0002 -4.96259 
vt 33.992 -4.966 
vt 34.0084 -4.966 
vt 34.0002 -4.95945 
vt 33.9796 -4.97516 
vt 34.0002 -4.99578 
vt 34.0002 -4.95454 
vt 34.0208 -4.97516 
vt 34.0002 -4.93572 
vt 34.0002 -4.93572 
vt 34.0396 -4.97516 
vt 33.9608 -4.97516 
vt 34.0002 -5.0146 
vt 33.9667 -4.94169 
vt 33.9529 -4.97516 
vt 34.0337 -4.94169 
vt 34.0002 -5.02249 
vt 33.9876 -4.93909 
vt 34.0002 -4.94389 
vt 34.0002 -4.93291 
vt 33.9909 -4.94847 
vt 34.0128 -4.93909 
vt 34.0095 -4.94847 
vt 34.0002 -5.00642 
vt 34.0128 -5.01123 
vt 34.0095 -5.00185 
vt 34.0002 -5.01741 
vt 33.9876 -5.01123 
vt 33.9909 -5.00185 
vt 34.0095 -4.94847 
vt 34.0213 -4.95409 
vt 34.0329 -4.97516 
vt 34.0002 -4.94389 
vt 34.0213 -4.99623 
vt 33.9909 -4.94847 
vt 33.9791 -4.95409 
vt 34.0002 -5.00642 
vt 33.9909 -5.00185 
vt 33.9704 -4.97516 
vt 34.03 -4.97516 
vt 34.0002 -4.94536 
vt 34.0002 -5.00496 
vt 34.0213 -4.99623 
vt 34.0213 -4.95409 
vt 33.9791 -4.99623 
vt 33.9791 -4.95409 
vt 33.9704 -4.97516 
vt 34.0112 -5.09695 
vt 34.0112 -5.02258 
vt 33.9892 -5.02258 
vt 34.0112 -5.00706 
vt 33.9892 -5.00706 
vt 33.9892 -5.09695 
vt 34.0132 -4.9031 
vt 34.0002 -4.89323 
vt 33.9872 -4.9031 
vt 33.9894 -4.8977 
vt 34.011 -4.8977 
vt 33.9854 -4.93328 
vt 34.015 -4.93328 
vt 33.9854 -4.94498 
vt 34.015 -4.94498 
vt 33.9512 -5.00744 
vt 34.0294 -5.02129 
vt 34.0132 -5.04489 
vt 33.9854 -5.01471 
vt 33.9872 -5.04489 
vt 34.015 -5.01471 
vt 33.9854 -5.00803 
vt 34.015 -5.00803 
vt 34.0002 -4.92433 
vt 33.9508 -4.9439 
vt 34.0491 -4.9439 
vt 34.0002 -4.92362 
vt 33.9511 -4.94416 
vt 34.0296 -4.9303 
vt 33.9892 -5.03027 
vt 33.9892 -5.03817 
vt 34.0112 -5.03817 
vt 34.0112 -5.07855 
vt 33.9892 -5.07855 
vt 34.015 -4.93328 
vt 33.9854 -4.93328 
vt 34.015 -4.93996 
vt 33.9854 -4.93996 
vt 34.0132 -4.9031 
vt 33.9872 -4.9031 
vt 33.9706 -4.94553 
vt 33.9897 -4.96471 
vt 34.0002 -4.93325 
vt 33.9583 -4.97516 
vt 34.0002 -4.96038 
vt 33.9854 -4.97516 
vt 34.0106 -4.96471 
vt 33.9897 -4.98561 
vt 34.0298 -4.94553 
vt 33.9706 -5.00479 
vt 34.0421 -4.97516 
vt 34.0002 -5.01706 
vt 34.015 -4.97516 
vt 34.0002 -4.98994 
vt 34.0106 -4.98561 
vt 34.0298 -5.00479 
vt 34.0002 -4.99504 
vt 33.9723 -5.00305 
vt 34.0002 -5.0146 
vt 34.0281 -5.00305 
vt 33.9861 -4.98921 
vt 34.0142 -4.98921 
vt 33.9608 -4.97516 
vt 34.0396 -4.97516 
vt 33.9803 -4.97516 
vt 34.0201 -4.97516 
vt 33.9861 -4.9611 
vt 34.0142 -4.9611 
vt 33.9723 -4.94727 
vt 34.0281 -4.94727 
vt 34.0002 -4.95528 
vt 34.0002 -4.93572 
vt 33.9872 -4.9031 
vt 34.0155 -4.9085 
vt 34.0132 -4.9031 
vt 33.9849 -4.9085 
vt 34.0151 -4.91929 
vt 33.9853 -4.91929 
vt 34.011 -4.93476 
vt 33.9894 -4.93476 
vt 34.0112 -5.07855 
vt 33.9892 -5.08799 
vt 34.0112 -5.08799 
vt 33.9892 -5.07855 
vt 34.2257 -5.03955 
vt 34.2257 -4.97236 
vt 34.2257 -5.02802 
vt 34.2164 -4.96673 
vt 34.2164 -5.03366 
vt 34.2164 -5.00019 
vt 34.2257 -5.00019 
vt 34.2175 -5.00019 
vt 34.2175 -5.01099 
vt 34.1964 -4.98919 
vt 34.2085 -4.98493 
vt 34.1836 -5.0112 
vt 34.1836 -4.98919 
vt 33.7743 -4.95059 
vt 33.7743 -4.93393 
vt 33.7743 -4.93382 
vt 33.7743 -4.94704 
vt 33.7743 -4.96279 
vt 33.7743 -5.03738 
vt 33.7743 -5.06607 
vt 33.7896 -5.00008 
vt 33.7743 -4.96279 
vt 33.7743 -5.00018 
vt 33.7743 -5.03738 
vt 33.7896 -4.95798 
vt 33.7896 -5.04193 
vt 33.7743 -4.93816 
vt 33.7743 -5.06177 
vt 33.7896 -4.93029 
vt 33.7743 -4.93382 
vt 33.7896 -4.9254 
vt 33.7896 -5.0694 
vt 33.7743 -5.06607 
vt 33.7896 -5.07425 
vt 34.0928 -5.03963 
vt 34.0923 -5.02007 
vt 34.0928 -4.96076 
vt 34.0923 -4.98032 
vt 34.0928 -5.00019 
vt 33.8088 -4.92541 
vt 33.8013 -4.92996 
vt 33.8088 -4.9303 
vt 33.8013 -4.93455 
vt 33.8088 -4.95799 
vt 33.8013 -4.9606 
vt 33.8088 -5.00008 
vt 33.8013 -5.00015 
vt 33.8013 -5.0395 
vt 33.8088 -5.04192 
vt 33.8013 -5.06531 
vt 33.8088 -5.06939 
vt 33.8013 -5.06986 
vt 33.8088 -5.07423 
vt 33.8088 -4.99992 
vt 33.8088 -4.92577 
vt 34.0747 -5.03387 
vt 34.0747 -5.04781 
vt 34.0747 -4.95257 
vt 34.0747 -5.00019 
vt 34.0747 -4.96652 
vt 33.8153 -5.01323 
vt 33.8153 -4.9894 
vt 33.8153 -4.9894 
vt 33.8694 -5.01323 
vt 33.8567 -5.00019 
vt 33.8625 -4.98526 
vt 33.8243 -4.98493 
vt 33.8694 -4.98716 
vt 33.8153 -4.9894 
vt 33.8153 -4.98716 
vt 33.9566 -4.9894 
vt 33.8153 -5.00019 
vt 33.9566 -5.00019 
vt 33.8153 -5.01099 
vt 33.9566 -5.01099 
vt 33.9262 -5.01323 
vt 33.9566 -5.01323 
vt 33.8819 -4.98909 
vt 33.8819 -5.00019 
vt 33.8819 -4.98909 
vt 33.8819 -5.00019 
vt 33.9262 -5.01323 
vt 33.8694 -4.98716 
vt 33.9262 -4.98716 
vt 33.8586 -4.9894 
vt 33.8244 -4.9894 
vt 33.8567 -5.00019 
vt 33.8244 -5.00019 
vt 33.8244 -5.01099 
vt 33.8586 -5.01099 
vt 33.8243 -5.01546 
vt 33.8671 -5.01546 
vt 34.2175 -5.01099 
vt 34.028 -5.00019 
vt 34.028 -5.01099 
vt 34.2175 -5.00019 
vt 34.028 -4.9894 
vt 34.2175 -4.9894 
vt 34.1606 -5.01323 
vt 34.0584 -5.01323 
vt 34.028 -5.01323 
vt 34.0361 -5.01501 
vt 34.0002 -5.04076 
vt 34.0002 -5.00019 
vt 34.0002 -4.95963 
vt 34.0002 -5.02888 
vt 33.9927 -5.04526 
vt 33.9927 -5.03206 
vt 33.9927 -5.00019 
vt 34.0002 -5.00019 
vt 34.0002 -4.97151 
vt 33.9927 -4.96832 
vt 33.9927 -4.95512 
vt 34.0002 -4.95963 
vt 33.999 -5.00019 
vt 34.0404 -5.00019 
vt 34.0404 -4.97288 
vt 33.999 -4.97288 
vt 33.999 -5.0275 
vt 34.0404 -5.0275 
vt 34.0404 -5.02702 
vt 34.0584 -4.98716 
vt 34.1606 -4.98716 
vt 34.0026 -4.98538 
vt 34.0361 -4.98538 
vt 34.2085 -4.98493 
vt 34.2175 -4.98716 
vt 33.9424 -4.95794 
vt 33.9378 -4.98862 
vt 33.9424 -5.04245 
vt 33.9378 -5.01177 
vt 33.8244 -4.94715 
vt 33.8244 -4.93393 
vt 33.821 -4.94746 
vt 33.8053 -4.94777 
vt 33.8088 -4.92577 
vt 33.8013 -4.93014 
vt 33.8013 -4.94749 
vt 33.7933 -4.94777 
vt 33.7968 -4.93013 
vt 33.7896 -4.92575 
vt 33.7968 -4.94749 
vt 33.7743 -4.93393 
vt 33.7776 -4.94746 
vt 33.7743 -4.94715 
vt 33.7933 -5.05239 
vt 33.7896 -5.0746 
vt 33.7968 -5.07006 
vt 33.7968 -5.05269 
vt 33.7743 -5.06618 
vt 33.7776 -5.05267 
vt 33.7743 -5.05296 
vt 33.8244 -5.06618 
vt 33.8053 -5.05239 
vt 33.8088 -5.07459 
vt 33.8013 -5.07004 
vt 33.8013 -5.05269 
vt 33.821 -5.05267 
vt 33.8244 -5.05296 
vt 33.7968 -4.92994 
vt 33.8244 -4.94704 
vt 33.8244 -5.05285 
vt 34.1108 -5.0112 
vt 34.1643 -5.0112 
vt 33.7968 -5.06987 
vt 34.1036 -4.98919 
vt 34.1643 -4.98919 
vt 33.8153 -4.98716 
vt 33.8153 -5.01323 
vt 33.8243 -5.01546 
vt 33.8243 -4.98493 
vt 34.1108 -5.0112 
vt 34.1108 -4.98919 
vt 34.0998 -5.0112 
vt 34.1577 -4.98919 
vt 34.1577 -5.0112 
vt 34.0998 -4.98919 
vt 34.0456 -5.03387 
vt 34.0747 -5.03387 
vt 34.0456 -5.00019 
vt 34.0747 -5.00019 
vt 34.0747 -4.96652 
vt 34.0456 -4.96652 
vt 33.9466 -5.00019 
vt 33.9413 -4.98909 
vt 33.9413 -5.00019 
vt 33.9413 -5.0113 
vt 33.9466 -4.98561 
vt 33.9466 -5.01477 
vt 33.9752 -5.04526 
vt 33.9927 -5.04526 
vt 33.9752 -5.03206 
vt 33.9927 -5.03206 
vt 33.9927 -4.95512 
vt 33.9927 -5.00019 
vt 33.9752 -4.95512 
vt 33.9752 -5.00019 
vt 33.9927 -4.96832 
vt 33.9752 -4.96832 
vt 33.954 -4.98561 
vt 33.9466 -4.98561 
vt 33.954 -5.00019 
vt 33.9466 -5.00019 
vt 33.954 -5.01477 
vt 33.9466 -5.01477 
vt 34.0928 -4.97231 
vt 34.0928 -4.96076 
vt 34.0814 -4.96076 
vt 34.0814 -4.97231 
vt 34.0928 -5.00019 
vt 34.0814 -5.00019 
vt 34.0928 -5.02808 
vt 34.0814 -5.02808 
vt 34.0928 -5.03963 
vt 34.0814 -5.03963 
vt 34.1461 -5.00019 
vt 34.1461 -5.02808 
vt 34.1576 -5.02808 
vt 34.1576 -5.03963 
vt 34.1576 -5.00019 
vt 34.1461 -5.03963 
vt 34.1461 -4.97231 
vt 34.1576 -4.97231 
vt 34.1461 -4.96076 
vt 34.1576 -4.96076 
vt 34.2164 -5.00019 
vt 34.1656 -4.96673 
vt 34.1656 -5.00019 
vt 34.2164 -4.96673 
vt 34.2164 -5.03366 
vt 34.1656 -4.95287 
vt 34.1656 -5.03366 
vt 34.2164 -5.04752 
vt 34.1656 -5.04752 
vt 33.896 -5.0073 
vt 33.8819 -5.00019 
vt 33.8819 -5.0073 
vt 33.896 -5.00019 
vt 33.8819 -4.99308 
vt 33.896 -4.99308 
vt 33.9544 -5.02127 
vt 33.9378 -5.03292 
vt 33.9544 -5.02127 
vt 33.9378 -5.02334 
vt 33.9544 -4.97912 
vt 33.9481 -5.0095 
vt 33.9378 -5.01177 
vt 33.9544 -5.00019 
vt 33.9481 -5.00019 
vt 33.9481 -4.99089 
vt 33.9544 -4.97912 
vt 33.9378 -4.97705 
vt 33.9378 -4.98862 
vt 33.9704 -4.95794 
vt 33.9424 -4.97032 
vt 33.9704 -4.97032 
vt 33.9424 -4.95794 
vt 33.949 -4.98762 
vt 33.9424 -4.98525 
vt 33.9704 -5.00019 
vt 33.949 -5.00019 
vt 33.949 -5.01276 
vt 33.9704 -5.03007 
vt 33.9424 -5.03007 
vt 33.9424 -5.01513 
vt 33.9704 -5.04245 
vt 33.9424 -5.04245 
vt 33.8088 -5.00008 
vt 33.8088 -5.04192 
vt 33.8244 -5.03738 
vt 33.8244 -5.06177 
vt 33.8244 -5.00018 
vt 33.8088 -5.06939 
vt 33.8244 -5.06607 
vt 33.8088 -5.07423 
vt 33.8244 -4.96279 
vt 33.8088 -4.95799 
vt 33.8244 -4.93816 
vt 33.8088 -4.9303 
vt 33.8244 -4.93382 
vt 33.8088 -4.92541 
vt 33.999 -5.02702 
vt 34.0404 -5.02702 
vt 34.0404 -5.00019 
vt 33.999 -5.00019 
vt 34.0404 -4.97337 
vt 33.999 -4.97337 
vt 33.9752 -5.04526 
vt 33.9704 -5.04245 
vt 33.9704 -5.03007 
vt 33.9752 -5.03206 
vt 33.9752 -4.95512 
vt 33.9752 -5.00019 
vt 33.9704 -4.95794 
vt 33.9704 -5.00019 
vt 33.9704 -4.97032 
vt 33.9752 -4.96832 
vt 34.1836 -4.98919 
vt 34.0534 -4.98919 
vt 34.1836 -5.0112 
vt 34.0534 -5.0112 
vt 33.8819 -5.0159 
vt 33.9413 -5.0113 
vt 33.8819 -5.0113 
vt 33.9413 -5.00019 
vt 33.9413 -5.00019 
vt 33.8819 -5.00019 
vt 33.9413 -4.98909 
vt 33.8819 -4.98909 
vt 33.7968 -4.99985 
vt 33.7933 -4.97044 
vt 33.7933 -4.99984 
vt 33.7933 -5.02944 
vt 33.7968 -4.97029 
vt 33.7968 -5.02962 
vt 33.7933 -4.95117 
vt 33.7933 -5.04895 
vt 33.7968 -4.95091 
vt 33.7968 -5.04923 
vt 33.7933 -4.94777 
vt 33.7968 -4.94749 
vt 33.7776 -4.95088 
vt 33.7933 -5.05239 
vt 33.7968 -5.05269 
vt 33.7776 -4.94746 
vt 33.7776 -5.04921 
vt 33.7776 -5.05267 
vt 33.7743 -4.95059 
vt 33.7743 -4.94715 
vt 33.7743 -4.97008 
vt 33.7776 -4.97026 
vt 33.7743 -4.99982 
vt 33.7776 -4.99983 
vt 33.7776 -5.0296 
vt 33.7743 -5.02975 
vt 33.7743 -5.04948 
vt 33.7743 -5.05296 
vt 33.821 -4.94746 
vt 33.8053 -4.94777 
vt 33.821 -4.95088 
vt 33.8244 -4.95059 
vt 33.8244 -4.94715 
vt 33.8244 -4.97008 
vt 33.821 -4.97026 
vt 33.8244 -4.99982 
vt 33.821 -4.99983 
vt 33.821 -5.0296 
vt 33.8244 -5.02975 
vt 33.8053 -4.95117 
vt 33.821 -5.04921 
vt 33.8244 -5.04948 
vt 33.8013 -4.95091 
vt 33.8013 -4.94749 
vt 33.8013 -4.97029 
vt 33.8053 -4.97044 
vt 33.8013 -4.99985 
vt 33.8053 -4.99984 
vt 33.8053 -5.02944 
vt 33.8013 -5.02962 
vt 33.8053 -5.04895 
vt 33.8013 -5.04923 
vt 33.8053 -5.05239 
vt 33.8013 -5.05269 
vt 33.821 -5.05267 
vt 33.8244 -5.05296 
vt 33.9262 -5.01323 
vt 33.9262 -4.98716 
vt 33.8694 -4.98716 
vt 33.8694 -5.01323 
vt 33.7896 -5.00008 
vt 33.7968 -4.96059 
vt 33.7896 -4.95798 
vt 33.7968 -4.93454 
vt 33.7968 -5.00015 
vt 33.7896 -4.93029 
vt 33.7968 -4.92994 
vt 33.7896 -4.9254 
vt 33.7968 -5.03951 
vt 33.7896 -5.04193 
vt 33.7968 -5.06532 
vt 33.7896 -5.0694 
vt 33.7968 -5.06987 
vt 33.7896 -5.07425 
vt 34.0389 -4.95829 
vt 34.0389 -5.02983 
vt 34.0456 -5.03387 
vt 34.0456 -5.00019 
vt 34.0389 -5.00019 
vt 34.0389 -4.97056 
vt 34.0456 -4.96652 
vt 34.1461 -4.96076 
vt 34.1461 -5.03963 
vt 34.1466 -4.98032 
vt 34.1466 -5.02007 
vt 34.1656 -5.04752 
vt 34.1656 -5.03366 
vt 34.1576 -5.02808 
vt 34.1656 -5.00019 
vt 34.1576 -5.03963 
vt 34.1576 -5.00019 
vt 34.1576 -4.97231 
vt 34.1656 -4.96673 
vt 33.7743 -4.97516 
vt 33.7743 -5.00299 
vt 33.7743 -5.00299 
vt 33.7743 -5.01452 
vt 33.7836 -5.02249 
vt 33.7836 -5.00862 
vt 33.7836 -4.97516 
vt 33.7743 -4.97516 
vt 33.7743 -4.94733 
vt 33.7836 -4.94169 
vt 33.7836 -4.92783 
vt 33.7825 -4.89323 
vt 33.8199 -5.10677 
vt 33.8036 -5.08281 
vt 33.7915 -4.9085 
vt 33.8164 -5.02258 
vt 34.2257 -5.01999 
vt 34.2257 -4.93405 
vt 34.2257 -4.9456 
vt 33.9187 -5.03976 
vt 33.9124 -5.03027 
vt 33.9187 -5.03976 
vt 34.2104 -4.89694 
vt 34.2104 -4.90542 
vt 34.2104 -4.92394 
vt 34.1912 -4.92671 
vt 33.9253 -4.97516 
vt 33.9253 -5.02278 
vt 33.9253 -5.00883 
vt 34.1847 -4.8977 
vt 34.1847 -5.05029 
vt 34.1757 -5.03949 
vt 34.1756 -4.92827 
vt 34.1414 -4.92827 
vt 34.1757 -4.91929 
vt 34.1375 -4.91929 
vt 34.1757 -4.9085 
vt 34.1329 -4.9085 
vt 34.1306 -4.9031 
vt 34.1847 -4.8977 
vt 34.1847 -4.9031 
vt 34.0434 -4.8977 
vt 34.0738 -4.9031 
vt 34.0434 -4.9031 
vt 34.0434 -4.89323 
vt 34.0514 -4.93328 
vt 34.018 -4.93328 
vt 34.0514 -4.93996 
vt 34.018 -4.93996 
vt 34.1181 -4.98627 
vt 34.1181 -4.99087 
vt 34.1181 -4.96405 
vt 34.1181 -4.95945 
vt 34.1181 -4.96405 
vt 34.0514 -5.00803 
vt 34.1847 -5.05029 
vt 34.0434 -5.05029 
vt 34.1306 -5.04489 
vt 34.0738 -5.04489 
vt 34.0434 -5.04489 
vt 34.0514 -5.01471 
vt 34.018 -5.01471 
vt 34.018 -5.00803 
vt 34.0514 -5.00803 
vt 34.1757 -5.03949 
vt 34.1847 -5.04489 
vt 34.1329 -5.03949 
vt 34.1375 -5.0287 
vt 34.1757 -5.0287 
vt 34.1414 -5.01972 
vt 34.1756 -5.01972 
vt 33.972 -4.89323 
vt 33.972 -4.8977 
vt 33.7825 -4.8977 
vt 33.9998 -4.9346 
vt 33.9998 -5.01572 
vt 33.9998 -4.97516 
vt 33.9998 -4.94648 
vt 33.9998 -5.00384 
vt 34.0073 -4.94329 
vt 34.0073 -5.00703 
vt 34.0073 -4.97516 
vt 33.9998 -4.97516 
vt 33.9596 -5.00247 
vt 34.001 -5.00247 
vt 34.001 -4.99819 
vt 33.9596 -4.99819 
vt 33.9596 -4.95213 
vt 33.9596 -4.95213 
vt 34.001 -4.95213 
vt 34.001 -4.94785 
vt 33.9596 -4.94785 
vt 33.9416 -4.9031 
vt 33.972 -4.9031 
vt 33.9639 -4.93328 
vt 33.8394 -4.9031 
vt 33.9974 -4.93328 
vt 33.9974 -4.94498 
vt 33.9639 -4.94498 
vt 33.7915 -4.9085 
vt 33.7825 -4.9031 
vt 33.8371 -4.9085 
vt 33.8325 -4.91929 
vt 33.7915 -4.91929 
vt 33.8287 -4.93476 
vt 33.7916 -4.93476 
vt 34.0622 -4.95201 
vt 34.0576 -4.97516 
vt 34.0622 -5.0031 
vt 34.0622 -4.95201 
vt 34.0622 -5.0031 
vt 34.1756 -4.9456 
vt 33.9002 -5.08067 
vt 33.8892 -5.08799 
vt 33.8423 -5.08799 
vt 33.8357 -5.07855 
vt 33.8199 -5.10677 
vt 33.8964 -5.10677 
vt 33.8423 -5.08799 
vt 33.8892 -5.08799 
vt 33.8357 -5.07855 
vt 33.9002 -5.08067 
vt 33.8036 -5.08281 
vt 33.9153 -5.09695 
vt 33.8226 -5.03155 
vt 33.9187 -5.03976 
vt 33.9466 -5.02258 
vt 33.9124 -5.03027 
vt 33.9466 -5.00706 
vt 33.8632 -5.03027 
vt 33.8164 -5.00706 
vt 33.8518 -5.03817 
vt 33.8164 -5.02258 
vt 34.0576 -4.93909 
vt 34.0519 -4.94847 
vt 34.0622 -4.94722 
vt 34.051 -4.93909 
vt 34.0576 -5.01123 
vt 34.0519 -5.00185 
vt 34.051 -5.01123 
vt 34.0622 -5.0031 
vt 33.9253 -4.92754 
vt 33.9253 -4.94149 
vt 33.9544 -4.94149 
vt 33.9253 -5.02278 
vt 33.9253 -4.97516 
vt 33.9544 -4.97516 
vt 33.9253 -5.00883 
vt 33.9544 -5.00883 
vt 34.0534 -4.95454 
vt 34.0587 -4.96405 
vt 34.0587 -4.95945 
vt 34.0534 -4.96058 
vt 34.0534 -4.97516 
vt 34.0587 -4.97516 
vt 34.0587 -4.98627 
vt 34.0534 -4.98974 
vt 34.0534 -4.99578 
vt 34.0587 -4.99087 
vt 34.0073 -5.00703 
vt 34.0248 -5.00703 
vt 34.0073 -4.97516 
vt 34.0248 -4.97516 
vt 34.0073 -4.94329 
vt 34.0248 -4.94329 
vt 34.046 -4.97516 
vt 34.046 -4.98974 
vt 34.0534 -4.98974 
vt 34.0534 -4.97516 
vt 34.046 -4.96058 
vt 34.0534 -4.96058 
vt 33.9072 -4.94727 
vt 33.9072 -4.97516 
vt 33.9186 -4.97516 
vt 33.9186 -5.00305 
vt 33.9186 -4.94727 
vt 33.9072 -5.00305 
vt 33.9186 -5.0146 
vt 33.8539 -4.93572 
vt 33.8539 -4.94727 
vt 33.8424 -4.94727 
vt 33.8539 -4.97516 
vt 33.8424 -5.0146 
vt 33.8424 -4.97516 
vt 33.8539 -5.00305 
vt 33.8424 -5.00305 
vt 33.7836 -4.92783 
vt 33.8344 -4.94169 
vt 33.8344 -4.92783 
vt 33.7836 -4.94169 
vt 33.8344 -4.97516 
vt 33.8344 -4.94169 
vt 33.7836 -4.97516 
vt 33.8344 -5.00862 
vt 33.7836 -5.00862 
vt 33.8344 -5.02249 
vt 33.7836 -5.02249 
vt 34.104 -4.98236 
vt 34.1181 -4.98236 
vt 34.104 -4.97516 
vt 34.1181 -4.98236 
vt 34.1181 -4.97516 
vt 34.104 -4.96796 
vt 34.1181 -4.96796 
vt 34.051 -5.01741 
vt 34.0622 -4.95201 
vt 34.0519 -4.94847 
vt 34.0456 -4.95409 
vt 34.0622 -4.94722 
vt 34.0622 -4.97516 
vt 34.0456 -4.97516 
vt 34.0456 -4.99623 
vt 34.0622 -4.9983 
vt 34.0456 -4.95409 
vt 34.0519 -5.00185 
vt 34.0622 -5.0031 
vt 34.0296 -4.97516 
vt 34.0576 -4.94528 
vt 34.0296 -4.94528 
vt 34.0576 -4.97516 
vt 34.0576 -5.00504 
vt 34.051 -4.93909 
vt 34.0576 -4.93909 
vt 34.0296 -4.93291 
vt 34.0296 -5.00504 
vt 34.051 -5.01123 
vt 34.0576 -5.01123 
vt 34.0296 -5.01741 
vt 34.1756 -4.90729 
vt 34.1756 -4.91483 
vt 34.0296 -5.00504 
vt 34.0248 -5.00703 
vt 34.0248 -4.97516 
vt 34.0296 -4.97516 
vt 34.0296 -4.94528 
vt 34.0248 -4.94329 
vt 34.1181 -4.99087 
vt 34.0587 -4.99087 
vt 34.1181 -4.95945 
vt 34.1181 -4.98627 
vt 34.0587 -4.96405 
vt 34.0587 -4.98627 
vt 34.1181 -4.96405 
vt 34.1181 -4.97516 
vt 34.0587 -4.97516 
vt 34.1756 -5.02797 
vt 34.1947 -5.00744 
vt 34.1947 -4.94416 
vt 34.2032 -5.04907 
vt 33.9611 -4.97516 
vt 33.9611 -5.00479 
vt 33.9611 -5.00479 
vt 33.9544 -5.00883 
vt 33.9544 -4.97516 
vt 33.9611 -4.97516 
vt 33.9611 -4.94553 
vt 33.9544 -4.94149 
vt 33.8424 -4.94727 
vt 33.8344 -4.94169 
vt 33.8344 -5.02249 
vt 33.8344 -4.97516 
vt 33.8424 -5.0146 
vt 33.8424 -4.97516 
vt 33.8424 -5.00305 
vt 33.8344 -5.00862 
vt 34.0392 -4.97516 
vt 33.9604 -4.97516 
vt 34.0276 -5.00299 
vt 33.972 -5.00299 
vt 33.9998 -5.01452 
vt 33.9998 -4.9358 
vt 33.972 -4.94733 
vt 34.0276 -4.94733 
vt 33.9998 -5.01452 
vt 33.9998 -5.02249 
vt 33.9663 -5.00862 
vt 34.0471 -4.97516 
vt 33.9525 -4.97516 
vt 34.0276 -4.94733 
vt 33.972 -4.94733 
vt 34.0333 -4.94169 
vt 33.9663 -4.94169 
vt 33.9998 -4.92783 
vt 34.0128 -4.9031 
vt 33.9998 -4.89323 
vt 33.9868 -4.9031 
vt 33.989 -4.8977 
vt 34.0106 -4.8977 
vt 33.9888 -5.08281 
vt 33.9888 -5.10677 
vt 34.0108 -5.08281 
vt 34.0108 -5.10677 
vt 33.9849 -4.91929 
vt 34.0147 -4.91929 
vt 33.9845 -4.9085 
vt 34.0151 -4.9085 
vt 33.989 -4.93476 
vt 34.0106 -4.93476 
vt 33.9888 -5.03155 
vt 34.0108 -5.03155 
vt 33.9888 -5.02258 
vt 34.0108 -5.02258 
vt 34.0108 -5.00706 
vt 33.9888 -5.00706 
vt 33.9888 -5.03155 
vt 33.9888 -5.08281 
vt 34.0108 -5.08281 
vt 34.0108 -5.03155 
vt 34.0108 -5.03976 
vt 33.9888 -5.03027 
vt 33.9888 -5.03976 
vt 34.0108 -5.03027 
vt 33.9999 -4.89694 
vt 34.042 -4.90542 
vt 33.9581 -4.90542 
vt 33.9306 -4.92394 
vt 33.9998 -5.0146 
vt 33.9858 -4.98921 
vt 33.9719 -5.00305 
vt 33.9604 -4.97516 
vt 33.9998 -4.99504 
vt 33.9799 -4.97516 
vt 34.0139 -4.98921 
vt 33.9858 -4.9611 
vt 34.0277 -5.00305 
vt 33.9719 -4.94727 
vt 34.0392 -4.97516 
vt 33.9998 -4.95528 
vt 34.0197 -4.97516 
vt 33.9998 -4.93572 
vt 34.0139 -4.9611 
vt 34.0277 -4.94727 
vt 33.93 -5.02091 
vt 34.0746 -4.92671 
vt 34.0001 -5.05464 
vt 34.0742 -5.02488 
vt 33.9998 -4.92754 
vt 33.9661 -4.94149 
vt 33.9719 -4.94727 
vt 33.9522 -4.97516 
vt 33.9998 -4.93572 
vt 33.9604 -4.97516 
vt 34.0277 -4.94727 
vt 33.9719 -5.00305 
vt 34.0335 -4.94149 
vt 33.9661 -5.00883 
vt 34.0474 -4.97516 
vt 33.9998 -5.0146 
vt 34.0392 -4.97516 
vt 33.9998 -5.02278 
vt 34.0277 -5.00305 
vt 34.0335 -5.00883 
vt 33.9868 -4.9031 
vt 34.0106 -4.8977 
vt 34.0106 -5.05029 
vt 34.0151 -5.03949 
vt 33.9845 -5.03949 
vt 33.9868 -4.9031 
vt 33.9998 -4.93274 
vt 34.0151 -4.9085 
vt 34.0106 -4.8977 
vt 33.989 -4.8977 
vt 34.0109 -4.98627 
vt 33.9998 -4.99087 
vt 34.0109 -4.96405 
vt 33.9998 -4.95945 
vt 33.9887 -4.96405 
vt 33.989 -5.05029 
vt 33.985 -5.00803 
vt 34.0128 -5.04489 
vt 34.0128 -5.04489 
vt 34.0146 -5.00803 
vt 33.9845 -5.03949 
vt 33.9868 -4.9031 
vt 33.985 -4.94498 
vt 33.9897 -4.96504 
vt 33.9592 -4.97516 
vt 33.9855 -4.97516 
vt 33.9711 -4.94648 
vt 33.9711 -5.00384 
vt 33.9998 -4.96085 
vt 33.9897 -4.98528 
vt 33.9998 -4.9346 
vt 33.9998 -4.98947 
vt 34.0285 -4.94648 
vt 33.9998 -5.01572 
vt 34.0099 -4.96504 
vt 34.0285 -5.00384 
vt 34.0404 -4.97516 
vt 34.0099 -4.98528 
vt 34.0141 -4.97516 
vt 33.9547 -4.97516 
vt 33.9711 -5.00384 
vt 33.9998 -5.02023 
vt 33.9998 -4.9346 
vt 34.0404 -4.97516 
vt 33.9868 -4.9031 
vt 33.985 -4.93328 
vt 34.0128 -4.9031 
vt 34.0146 -4.93328 
vt 33.985 -4.93996 
vt 34.0146 -4.93996 
vt 33.9998 -4.89323 
vt 33.989 -4.8977 
vt 34.0106 -4.8977 
vt 33.9868 -5.04489 
vt 33.9998 -5.05476 
vt 34.0128 -5.04489 
vt 33.989 -5.05029 
vt 34.0106 -5.05029 
vt 33.985 -5.01471 
vt 34.0146 -5.01471 
vt 34.0146 -5.00803 
vt 33.985 -5.00803 
vt 33.973 -4.95213 
vt 34.0128 -4.9031 
vt 34.0146 -4.94498 
vt 34.0701 -4.93067 
vt 34.053 -4.9456 
vt 33.9478 -4.9461 
vt 33.9472 -4.9456 
vt 33.9888 -5.08067 
vt 33.9888 -5.07855 
vt 33.9301 -4.93067 
vt 34.0108 -5.10677 
vt 34.0108 -5.07855 
vt 34.0108 -5.09695 
vt 34.0108 -5.03027 
vt 33.9888 -5.08799 
vt 34.0108 -5.08799 
vt 33.9888 -5.08067 
vt 34.0108 -5.08067 
vt 34.0108 -5.03976 
vt 33.9888 -5.03976 
vt 34.0204 -4.97516 
vt 33.9998 -4.99578 
vt 33.9998 -4.95454 
vt 33.9792 -4.97516 
vt 34.0392 -4.97516 
vt 33.9998 -5.0146 
vt 33.9998 -4.93572 
vt 33.9604 -4.97516 
vt 34.0471 -4.97516 
vt 33.9663 -4.94169 
vt 33.9787 -4.95409 
vt 34.0209 -4.95409 
vt 33.985 -4.93328 
vt 34.0128 -4.9031 
vt 33.9868 -4.9031 
vt 34.0146 -4.93328 
vt 33.985 -4.94498 
vt 34.0146 -4.94498 
vt 33.9626 -4.91483 
vt 34.0372 -4.91483 
vt 34.0491 -5.00769 
vt 34.0002 -5.02797 
vt 34.0488 -5.00744 
vt 33.9508 -5.00769 
vt 33.9706 -5.02129 
vt 33.9998 -4.92433 
vt 33.9509 -4.9439 
vt 33.9998 -4.92362 
vt 34.0492 -4.9439 
vt 34.0489 -4.94416 
vt 33.9704 -4.9303 
vt 34.0417 -4.97516 
vt 33.9845 -5.03949 
vt 34.0151 -5.03949 
vt 33.9849 -5.0287 
vt 34.0128 -5.04489 
vt 33.9868 -5.04489 
vt 34.0147 -5.0287 
vt 33.9998 -5.01524 
vt 34.0106 -5.01972 
vt 33.989 -5.01972 
vt 34.0151 -4.9085 
vt 33.9845 -4.9085 
vt 34.0147 -4.91929 
vt 33.9868 -4.9031 
vt 34.0128 -4.9031 
vt 33.9849 -4.91929 
vt 33.9998 -4.93274 
vt 33.989 -4.92827 
vt 34.0106 -4.92827 
vt 33.9702 -5.02194 
vt 34.0002 -5.0443 
vt 34.0002 -5.02797 
vt 34.0299 -5.02194 
vt 33.9628 -5.03676 
vt 34.0374 -5.03676 
vt 33.9505 -5.00795 
vt 34.0494 -5.00795 
vt 33.9382 -5.01999 
vt 33.947 -5.00599 
vt 33.9338 -5.01754 
vt 34.0618 -5.01999 
vt 34.0528 -5.00599 
vt 34.0661 -5.01754 
vt 33.9998 -4.90729 
vt 34.0298 -4.92966 
vt 34.0372 -4.91483 
vt 34.0495 -4.94364 
vt 33.9998 -4.92362 
vt 34.0618 -4.9316 
vt 34.053 -4.9456 
vt 34.0662 -4.93405 
vt 33.9701 -4.92966 
vt 33.9626 -4.91483 
vt 33.9506 -4.94364 
vt 33.9382 -4.9316 
vt 33.9472 -4.9456 
vt 33.9339 -4.93405 
vt 34.0699 -5.02092 
vt 34.0525 -5.00576 
vt 34.0653 -5.02352 
vt 34.0491 -5.00771 
vt 34.0395 -5.04109 
vt 34.0297 -5.02163 
vt 34.0002 -5.04907 
vt 34.0002 -5.02763 
vt 33.9704 -5.02163 
vt 33.9606 -5.04109 
vt 33.9508 -5.00771 
vt 33.9345 -5.02352 
vt 33.9473 -5.00576 
vt 33.9299 -5.02092 
vt 33.9301 -4.93067 
vt 33.9475 -4.94583 
vt 33.9347 -4.92807 
vt 33.9509 -4.94388 
vt 33.9605 -4.9105 
vt 33.9703 -4.92996 
vt 33.9998 -4.90252 
vt 33.9998 -4.92396 
vt 34.0296 -4.92996 
vt 34.0394 -4.9105 
vt 34.0492 -4.94388 
vt 34.0655 -4.92807 
vt 34.0527 -4.94583 
vt 34.0701 -4.93067 
vt 33.7743 -4.97236 
vt 33.7743 -4.97236 
vt 33.7743 -5.00019 
vt 33.7836 -5.00019 
vt 33.7743 -5.02802 
vt 33.7836 -4.96673 
vt 33.7836 -5.03366 
vt 33.7836 -4.96673 
vt 33.7836 -5.03366 
vt 33.7825 -5.00019 
vt 33.8199 -5.0112 
vt 33.8036 -4.98919 
vt 33.8164 -5.0112 
vt 33.8164 -4.98919 
vt 34.2257 -5.05296 
vt 34.2257 -5.03721 
vt 34.2257 -4.99982 
vt 34.2257 -4.96262 
vt 34.2257 -4.93823 
vt 34.2257 -4.93393 
vt 34.2257 -4.93382 
vt 34.2257 -4.95052 
vt 33.9187 -4.98919 
vt 33.9124 -5.0112 
vt 34.2104 -4.93029 
vt 33.9072 -5.03963 
vt 33.9077 -5.02007 
vt 33.9072 -4.96076 
vt 33.9077 -4.98032 
vt 34.2257 -5.03721 
vt 34.2104 -4.99992 
vt 34.2104 -5.04202 
vt 34.2257 -4.99982 
vt 34.2257 -5.06184 
vt 34.2257 -4.96262 
vt 34.2104 -5.06971 
vt 34.2257 -5.06618 
vt 34.2104 -5.0746 
vt 34.2104 -4.95807 
vt 34.2257 -4.93823 
vt 34.2104 -4.9306 
vt 34.2257 -4.93393 
vt 34.2104 -4.92575 
vt 34.1987 -5.07004 
vt 34.1912 -4.92541 
vt 34.1987 -5.07004 
vt 34.1912 -5.0697 
vt 34.1912 -5.07459 
vt 34.1987 -5.06545 
vt 34.1912 -5.04201 
vt 34.1987 -5.0394 
vt 34.1912 -4.99992 
vt 34.1987 -4.99985 
vt 34.1987 -4.9605 
vt 34.1912 -4.95808 
vt 34.1987 -4.93469 
vt 34.1912 -4.93061 
vt 34.1987 -4.93014 
vt 34.1912 -4.92577 
vt 33.9253 -5.04781 
vt 33.9253 -4.95257 
vt 33.9253 -5.00019 
vt 33.9253 -4.96652 
vt 34.1847 -4.9894 
vt 34.1847 -4.9894 
vt 34.1757 -4.98493 
vt 34.1757 -5.01546 
vt 33.7825 -4.98716 
vt 33.7825 -5.01323 
vt 33.7915 -5.01546 
vt 33.7915 -4.98493 
vt 34.1306 -5.01323 
vt 34.1414 -5.01099 
vt 34.1756 -5.01099 
vt 34.1433 -5.00019 
vt 34.1756 -5.00019 
vt 34.1756 -4.9894 
vt 34.1414 -4.9894 
vt 34.1375 -4.98526 
vt 34.1757 -4.98493 
vt 34.1329 -4.98493 
vt 34.0738 -4.98716 
vt 34.0738 -5.01323 
vt 34.1181 -4.98909 
vt 34.1181 -5.00019 
vt 34.1181 -4.98909 
vt 34.1181 -5.00019 
vt 34.1847 -5.01099 
vt 34.0434 -5.01099 
vt 34.1306 -5.01323 
vt 34.0514 -5.01501 
vt 34.1847 -5.00019 
vt 34.0434 -5.00019 
vt 34.1847 -4.9894 
vt 34.0434 -4.9894 
vt 34.1306 -4.98716 
vt 34.0738 -4.98716 
vt 34.0434 -4.98716 
vt 34.0514 -4.98538 
vt 34.1757 -5.01546 
vt 34.1847 -5.01323 
vt 33.972 -5.00019 
vt 33.8394 -5.01323 
vt 33.9416 -5.01323 
vt 33.9998 -5.04076 
vt 33.9998 -5.00019 
vt 33.9998 -4.95963 
vt 33.9998 -5.02888 
vt 34.0073 -5.03206 
vt 34.0073 -5.00019 
vt 33.9998 -5.00019 
vt 33.9998 -4.97151 
vt 34.0073 -4.96832 
vt 34.0073 -4.95512 
vt 33.9998 -4.95963 
vt 34.001 -5.0275 
vt 34.001 -5.00019 
vt 33.9596 -5.0275 
vt 33.9596 -5.00019 
vt 34.001 -4.97288 
vt 33.9596 -4.97288 
vt 33.9596 -5.02702 
vt 33.9416 -4.98716 
vt 33.8394 -4.98716 
vt 34.0622 -4.97705 
vt 34.0622 -5.02334 
vt 34.0576 -5.04245 
vt 34.2032 -5.07006 
vt 34.1756 -5.05296 
vt 34.2257 -4.94704 
vt 34.2257 -4.93382 
vt 34.2224 -4.94733 
vt 34.2067 -4.94761 
vt 34.2104 -4.9254 
vt 34.2032 -4.92994 
vt 34.2032 -4.94731 
vt 34.1987 -4.92996 
vt 34.1947 -4.94761 
vt 34.1987 -4.94731 
vt 34.1912 -4.92541 
vt 34.1756 -4.93382 
vt 34.179 -4.94733 
vt 34.1756 -4.94704 
vt 34.1947 -5.05223 
vt 34.1912 -5.07423 
vt 34.1987 -5.06986 
vt 34.1987 -5.05251 
vt 34.1756 -5.06607 
vt 34.179 -5.05254 
vt 34.1756 -5.05285 
vt 33.9002 -5.0112 
vt 33.9153 -5.0112 
vt 33.8892 -5.0112 
vt 33.8357 -5.0112 
vt 34.2032 -5.06987 
vt 34.2067 -5.05223 
vt 34.2032 -5.05251 
vt 34.2104 -5.07425 
vt 34.2257 -5.06607 
vt 34.2224 -5.05254 
vt 34.2257 -5.05285 
vt 33.8964 -4.98919 
vt 33.8357 -4.98919 
vt 33.9153 -4.98919 
vt 33.8632 -4.98919 
vt 34.1847 -5.01323 
vt 34.1757 -4.98493 
vt 34.1757 -5.01546 
vt 34.1847 -4.98716 
vt 33.9544 -5.03387 
vt 33.9253 -5.03387 
vt 33.9253 -5.00019 
vt 33.9544 -5.00019 
vt 33.9253 -4.96652 
vt 33.9544 -4.96652 
vt 34.0587 -4.98909 
vt 34.0587 -5.0113 
vt 34.0534 -4.98561 
vt 34.0534 -5.01477 
vt 34.0534 -5.00019 
vt 34.0587 -5.00019 
vt 34.0073 -5.00019 
vt 34.0073 -5.03206 
vt 34.0248 -5.03206 
vt 34.0248 -5.04526 
vt 34.0248 -5.00019 
vt 34.0073 -5.04526 
vt 34.0073 -4.96832 
vt 34.0248 -4.96832 
vt 34.0073 -4.95512 
vt 34.0248 -4.95512 
vt 34.046 -4.98561 
vt 34.0534 -4.98561 
vt 34.0534 -5.00019 
vt 34.046 -5.00019 
vt 34.0534 -5.01477 
vt 34.046 -5.01477 
vt 33.9186 -4.97231 
vt 33.9072 -4.97231 
vt 33.9186 -5.00019 
vt 33.9072 -5.00019 
vt 33.9186 -5.02808 
vt 33.9072 -5.02808 
vt 33.8424 -5.02808 
vt 33.8539 -5.02808 
vt 33.8424 -5.00019 
vt 33.8539 -5.00019 
vt 33.8539 -4.97231 
vt 33.8424 -4.97231 
vt 33.8344 -4.96673 
vt 33.8344 -4.95287 
vt 33.8344 -5.03366 
vt 33.7836 -5.04752 
vt 33.8344 -4.96673 
vt 33.8344 -5.04752 
vt 33.7836 -4.96673 
vt 33.7836 -5.03366 
vt 33.8344 -5.00019 
vt 33.8344 -5.03366 
vt 33.7836 -5.00019 
vt 34.104 -5.0073 
vt 34.1181 -5.0073 
vt 34.104 -5.00019 
vt 34.1181 -4.99308 
vt 34.1181 -5.00019 
vt 34.104 -4.99308 
vt 34.051 -5.00019 
vt 34.0622 -5.02334 
vt 34.0519 -5.0095 
vt 34.0456 -5.02127 
vt 34.0622 -5.01177 
vt 34.0456 -5.00019 
vt 34.0519 -5.00019 
vt 34.0519 -4.99089 
vt 34.0456 -4.97912 
vt 34.0622 -4.97705 
vt 34.0622 -4.98862 
vt 34.0296 -4.95794 
vt 34.0576 -4.95794 
vt 34.0576 -4.97032 
vt 34.0296 -4.97032 
vt 34.051 -4.98762 
vt 34.0576 -4.98525 
vt 34.0296 -5.00019 
vt 34.051 -5.00019 
vt 34.051 -5.01276 
vt 34.0296 -5.04245 
vt 34.0296 -5.03007 
vt 34.0576 -5.03007 
vt 34.0576 -5.01513 
vt 33.9416 -4.98716 
vt 33.9416 -5.01323 
vt 33.8394 -5.01323 
vt 33.8394 -4.98716 
vt 33.9153 -5.0112 
vt 33.9153 -4.98919 
vt 33.8964 -4.98919 
vt 33.8964 -5.0112 
vt 33.8199 -5.0112 
vt 33.8199 -4.98919 
vt 34.1912 -4.99992 
vt 34.1756 -4.96262 
vt 34.1756 -4.99982 
vt 34.1756 -5.03721 
vt 34.1912 -4.95808 
vt 34.1912 -5.04201 
vt 34.1756 -4.93823 
vt 34.1756 -5.06184 
vt 34.1912 -4.93061 
vt 34.1756 -4.93393 
vt 34.1912 -4.92577 
vt 34.1912 -5.0697 
vt 34.1756 -5.06618 
vt 34.1912 -5.07459 
vt 34.001 -4.97337 
vt 33.9596 -5.00019 
vt 34.001 -5.00019 
vt 33.9596 -4.97337 
vt 33.9596 -5.02702 
vt 34.001 -5.02702 
vt 34.0296 -5.03007 
vt 34.0248 -5.00019 
vt 34.0248 -5.03206 
vt 34.0248 -5.04526 
vt 34.0296 -5.00019 
vt 34.0296 -5.04245 
vt 34.0296 -4.97032 
vt 34.0248 -4.96832 
vt 34.0248 -4.95512 
vt 34.0296 -4.95794 
vt 34.1181 -5.0113 
vt 34.1181 -5.0159 
vt 34.0587 -5.0113 
vt 34.1181 -5.00019 
vt 34.0587 -5.00019 
vt 34.1181 -4.98909 
vt 34.0587 -4.98909 
vt 34.1756 -4.99982 
vt 34.1947 -4.95117 
vt 33.7916 -5.01099 
vt 33.8287 -4.9894 
vt 33.7916 -4.9894 
vt 33.8287 -5.01099 
vt 34.2067 -5.02956 
vt 34.2032 -5.00015 
vt 34.2032 -5.02971 
vt 34.2067 -5.00016 
vt 34.2067 -5.04883 
vt 34.2067 -4.97056 
vt 34.2032 -4.97038 
vt 34.2067 -4.95105 
vt 34.2032 -4.95077 
vt 34.2032 -5.04909 
vt 34.2067 -4.94761 
vt 34.2032 -4.94731 
vt 34.2224 -4.95079 
vt 34.2067 -5.05223 
vt 34.2032 -5.05251 
vt 34.2224 -5.04912 
vt 34.2224 -4.94733 
vt 34.2224 -5.05254 
vt 34.2257 -4.95052 
vt 34.2257 -4.94704 
vt 34.2257 -4.97025 
vt 34.2224 -4.9704 
vt 34.2257 -5.00018 
vt 34.2224 -5.00017 
vt 34.2224 -5.02974 
vt 34.2257 -5.02992 
vt 34.2257 -5.04941 
vt 34.2257 -5.05285 
vt 34.1947 -5.05223 
vt 34.179 -5.04912 
vt 34.179 -5.05254 
vt 34.1756 -5.04941 
vt 34.1756 -5.05285 
vt 34.1756 -5.02992 
vt 34.179 -5.02974 
vt 34.1756 -5.00018 
vt 34.179 -5.00017 
vt 34.179 -4.9704 
vt 34.1756 -4.97025 
vt 34.1947 -5.04883 
vt 34.179 -4.95079 
vt 34.1756 -4.95052 
vt 34.179 -4.94733 
vt 34.1756 -4.94704 
vt 34.1947 -4.94761 
vt 34.1947 -4.95105 
vt 34.1987 -5.04909 
vt 34.1987 -5.05251 
vt 34.1987 -5.02971 
vt 34.1947 -5.02956 
vt 34.1987 -5.00015 
vt 34.1947 -5.00016 
vt 34.1947 -4.97056 
vt 34.1987 -4.97038 
vt 34.1987 -4.95077 
vt 34.1987 -4.94731 
vt 33.9124 -5.0112 
vt 33.8632 -4.98919 
vt 33.8632 -5.0112 
vt 33.9124 -4.98919 
vt 33.8518 -4.98919 
vt 33.8518 -5.0112 
vt 34.0738 -5.01323 
vt 34.0738 -4.98716 
vt 34.1306 -5.01323 
vt 34.1306 -4.98716 
vt 34.2032 -5.03941 
vt 34.2104 -4.99992 
vt 34.2032 -4.99985 
vt 34.2032 -4.96049 
vt 34.2104 -5.04202 
vt 34.2104 -4.95807 
vt 34.2032 -5.06546 
vt 34.2032 -4.93468 
vt 34.2104 -5.06971 
vt 34.2032 -5.07006 
vt 34.2104 -5.0746 
vt 34.2104 -4.9306 
vt 34.2032 -4.93013 
vt 34.2104 -4.92575 
vt 33.9611 -4.95829 
vt 33.9611 -4.97056 
vt 33.9611 -5.02983 
vt 33.9611 -5.02983 
vt 33.9544 -5.00019 
vt 33.9544 -5.03387 
vt 33.9611 -5.00019 
vt 33.9611 -4.97056 
vt 33.9544 -4.96652 
vt 33.8539 -4.96076 
vt 33.8539 -5.03963 
vt 33.8534 -4.98032 
vt 33.8534 -5.02007 
vt 33.8344 -5.04752 
vt 33.8424 -5.03963 
vt 33.8424 -5.02808 
vt 33.8344 -5.03366 
vt 33.8344 -5.00019 
vt 33.8424 -5.00019 
vt 33.8424 -4.97231 
vt 33.8344 -4.96673 
vt 34.2257 -4.97516 
vt 34.2257 -5.01452 
vt 34.2164 -5.02249 
vt 34.2257 -5.00299 
vt 34.2164 -5.00862 
vt 34.2164 -4.97516 
vt 34.2257 -4.97516 
vt 34.2257 -4.94733 
vt 34.2164 -4.94169 
vt 34.2164 -4.92783 
vt 34.2175 -4.89323 
vt 34.2175 -4.8977 
vt 34.1801 -5.10677 
vt 34.1964 -5.08281 
vt 34.2085 -4.9085 
vt 34.1836 -5.02258 
vt 33.7743 -5.03676 
vt 33.7743 -4.91483 
vt 33.7743 -4.9456 
vt 33.7743 -4.93405 
vt 34.0813 -5.03976 
vt 34.0876 -5.03027 
vt 34.0813 -5.03976 
vt 33.7896 -4.89694 
vt 33.7896 -4.90542 
vt 33.7896 -4.92394 
vt 33.8088 -5.05464 
vt 34.0747 -4.94149 
vt 34.0747 -4.97516 
vt 34.0747 -5.02278 
vt 33.8153 -4.9031 
vt 33.8243 -5.03949 
vt 33.8243 -4.9085 
vt 33.8625 -4.91929 
vt 33.8671 -4.9085 
vt 33.8694 -4.9031 
vt 33.8243 -4.91929 
vt 33.8586 -4.92827 
vt 33.8244 -4.92827 
vt 33.8625 -4.91929 
vt 33.9566 -4.89323 
vt 33.8153 -4.8977 
vt 33.9566 -4.8977 
vt 33.8153 -4.9031 
vt 33.9262 -4.9031 
vt 33.9566 -4.9031 
vt 33.9486 -4.93328 
vt 33.982 -4.93328 
vt 33.982 -4.93996 
vt 33.9486 -4.93996 
vt 33.8819 -4.98627 
vt 33.8819 -4.99087 
vt 33.8819 -4.96405 
vt 33.8819 -4.95945 
vt 33.8819 -4.96405 
vt 33.8153 -5.05029 
vt 33.9566 -5.05029 
vt 33.8694 -5.04489 
vt 33.9262 -5.04489 
vt 33.9566 -5.04489 
vt 33.9486 -5.01471 
vt 33.982 -5.01471 
vt 33.9486 -5.00803 
vt 33.982 -5.00803 
vt 33.9486 -5.00803 
vt 33.8244 -5.01972 
vt 33.8586 -5.01972 
vt 33.8243 -5.0287 
vt 33.8625 -5.0287 
vt 33.8243 -5.03949 
vt 33.8671 -5.03949 
vt 33.8153 -5.04489 
vt 34.2175 -4.8977 
vt 34.028 -4.89323 
vt 34.028 -4.8977 
vt 34.028 -4.8977 
vt 34.1606 -4.9031 
vt 34.0584 -4.9031 
vt 34.028 -4.9031 
vt 34.0361 -4.93328 
vt 34.0026 -4.93328 
vt 34.0361 -4.94498 
vt 34.0026 -4.94498 
vt 34.2085 -4.9085 
vt 34.2175 -4.9031 
vt 34.1629 -4.9085 
vt 34.1675 -4.91929 
vt 34.2085 -4.91929 
vt 34.1713 -4.93476 
vt 34.2084 -4.93476 
vt 34.0002 -4.9346 
vt 34.0002 -5.01572 
vt 34.0002 -4.94648 
vt 33.9927 -4.97516 
vt 34.0002 -4.97516 
vt 34.0002 -5.00384 
vt 33.9927 -4.94329 
vt 33.9927 -5.00703 
vt 34.0404 -4.99819 
vt 33.999 -4.99819 
vt 33.999 -5.00247 
vt 34.0404 -5.00247 
vt 33.999 -4.94785 
vt 34.0404 -4.95213 
vt 34.0404 -4.94785 
vt 33.999 -4.95213 
vt 34.0584 -4.9031 
vt 34.1606 -4.9031 
vt 33.9378 -4.95201 
vt 33.9378 -5.0031 
vt 33.9378 -4.95201 
vt 33.9424 -4.97516 
vt 33.9378 -5.0031 
vt 33.8053 -4.9461 
vt 33.8244 -4.9456 
vt 34.1036 -5.10677 
vt 34.0998 -5.08067 
vt 34.0847 -5.09695 
vt 34.0813 -5.03976 
vt 34.1108 -5.08799 
vt 34.0534 -5.02258 
vt 34.1577 -5.08799 
vt 34.0876 -5.03027 
vt 34.1801 -5.10677 
vt 34.0534 -5.00706 
vt 34.1643 -5.07855 
vt 34.1368 -5.03027 
vt 34.1964 -5.08281 
vt 34.1836 -5.00706 
vt 34.1774 -5.03155 
vt 34.1836 -5.02258 
vt 34.1482 -5.03817 
vt 34.1368 -5.03027 
vt 33.9424 -4.93909 
vt 33.9481 -4.94847 
vt 33.949 -4.93909 
vt 33.9378 -4.94722 
vt 33.9424 -5.01123 
vt 33.9481 -5.00185 
vt 33.9378 -5.0031 
vt 33.949 -5.01123 
vt 34.0456 -4.94149 
vt 34.0456 -4.97516 
vt 34.0747 -4.94149 
vt 34.0747 -4.97516 
vt 34.0747 -4.92754 
vt 34.0456 -5.00883 
vt 34.0747 -5.00883 
vt 34.0747 -5.02278 
vt 33.9466 -4.95454 
vt 33.9413 -4.95945 
vt 33.9413 -4.96405 
vt 33.9466 -4.96058 
vt 33.9466 -4.97516 
vt 33.9413 -4.97516 
vt 33.9413 -4.98627 
vt 33.9466 -4.98974 
vt 33.9466 -4.99578 
vt 33.9413 -4.99087 
vt 33.9927 -5.00703 
vt 33.9752 -5.00703 
vt 33.9752 -4.97516 
vt 33.9927 -4.97516 
vt 33.9752 -4.94329 
vt 33.9927 -4.94329 
vt 33.9466 -4.98974 
vt 33.954 -4.98974 
vt 33.9466 -4.97516 
vt 33.954 -4.97516 
vt 33.954 -4.96058 
vt 33.9466 -4.96058 
vt 34.0814 -5.0146 
vt 34.0928 -4.94727 
vt 34.0814 -5.00305 
vt 34.0814 -4.94727 
vt 34.0928 -5.00305 
vt 34.0928 -4.97516 
vt 34.0814 -4.97516 
vt 34.1461 -4.93572 
vt 34.1461 -4.94727 
vt 34.1576 -4.94727 
vt 34.1576 -4.97516 
vt 34.1461 -4.97516 
vt 34.1576 -5.00305 
vt 34.1461 -5.00305 
vt 34.1576 -5.0146 
vt 34.1461 -5.0146 
vt 34.2164 -4.92783 
vt 34.1656 -4.92783 
vt 34.2164 -4.94169 
vt 34.1656 -4.94169 
vt 34.2164 -4.97516 
vt 34.1656 -4.97516 
vt 34.2164 -5.00862 
vt 34.1656 -5.02249 
vt 34.1656 -5.00862 
vt 34.2164 -5.02249 
vt 33.8819 -4.98236 
vt 33.896 -4.98236 
vt 33.896 -4.96796 
vt 33.8819 -4.97516 
vt 33.8819 -4.96796 
vt 33.896 -4.97516 
vt 33.8819 -4.96796 
vt 33.896 -4.96796 
vt 33.949 -5.01741 
vt 33.9544 -4.95409 
vt 33.9481 -4.94847 
vt 33.9544 -4.95409 
vt 33.9481 -5.00185 
vt 33.9544 -4.99623 
vt 33.9378 -4.95201 
vt 33.9378 -4.94722 
vt 33.9378 -4.97516 
vt 33.9544 -4.97516 
vt 33.9378 -4.9983 
vt 33.9378 -5.0031 
vt 33.9704 -4.93291 
vt 33.949 -4.93909 
vt 33.9704 -4.94528 
vt 33.949 -5.01123 
vt 33.9424 -4.94528 
vt 33.9424 -4.93909 
vt 33.9704 -4.97516 
vt 33.9424 -4.97516 
vt 33.9704 -5.00504 
vt 33.9424 -5.00504 
vt 33.9424 -5.01123 
vt 33.8244 -4.91483 
vt 33.8244 -4.90729 
vt 33.9704 -5.00504 
vt 33.9752 -5.00703 
vt 33.9752 -4.97516 
vt 33.9704 -4.97516 
vt 33.9704 -4.94528 
vt 33.9752 -4.94329 
vt 33.8819 -4.98627 
vt 33.9413 -4.97516 
vt 33.8819 -4.97516 
vt 33.9413 -4.96405 
vt 33.9413 -4.98627 
vt 33.8819 -4.96405 
vt 33.8244 -5.02797 
vt 33.8053 -5.02129 
vt 33.8053 -4.9303 
vt 33.7968 -5.04907 
vt 34.0389 -5.00479 
vt 34.0389 -5.00479 
vt 34.0456 -5.00883 
vt 34.0456 -4.97516 
vt 34.0389 -4.97516 
vt 34.0389 -4.94553 
vt 34.0456 -4.94149 
vt 34.1656 -4.97516 
vt 34.1656 -4.94169 
vt 34.1576 -4.94727 
vt 34.1576 -4.97516 
vt 34.1576 -5.00305 
vt 34.1656 -5.00862 

usemtl Meshpart3Mtl

f 359/359/359 360/360/360 361/361/361 
f 362/362/362 361/361/361 360/360/360 
f 363/363/363 361/361/361 362/362/362 
f 362/362/362 364/364/364 363/363/363 
f 364/364/364 365/365/365 363/363/363 
f 365/365/365 364/364/364 366/366/366 
f 367/367/367 365/365/365 366/366/366 
f 365/365/365 367/367/367 368/368/368 
f 369/369/369 368/368/368 367/367/367 
f 368/368/368 369/369/369 370/370/370 
f 371/371/371 370/370/370 369/369/369 
f 370/370/370 371/371/371 372/372/372 
f 373/373/373 374/374/374 375/375/375 
f 375/375/375 374/374/374 376/376/376 
f 376/376/376 377/377/377 375/375/375 
f 377/377/377 376/376/376 378/378/378 
f 379/379/379 377/377/377 378/378/378 
f 379/379/379 378/378/378 380/380/380 
f 381/381/381 379/379/379 380/380/380 
f 379/379/379 381/381/381 382/382/382 
f 383/383/383 382/382/382 381/381/381 
f 382/382/382 383/383/383 384/384/384 
f 385/385/385 384/384/384 383/383/383 
f 384/384/384 385/385/385 386/386/386 
f 392/392/392 393/393/393 394/394/394 
f 394/394/394 395/395/395 392/392/392 
f 394/394/394 396/396/396 395/395/395 
f 396/396/396 397/397/397 395/395/395 
f 398/398/398 397/397/397 396/396/396 
f 397/397/397 398/398/398 399/399/399 
f 399/399/399 398/398/398 400/400/400 
f 400/400/400 398/398/398 401/401/401 
f 402/402/402 400/400/400 401/401/401 
f 401/401/401 403/403/403 402/402/402 
f 402/402/402 403/403/403 404/404/404 
f 405/405/405 404/404/404 403/403/403 
f 406/406/406 407/407/407 408/408/408 
f 407/407/407 406/406/406 409/409/409 
f 410/410/410 408/408/408 407/407/407 
f 408/408/408 410/410/410 411/411/411 
f 412/412/412 411/411/411 410/410/410 
f 411/411/411 412/412/412 413/413/413 
f 413/413/413 412/412/412 414/414/414 
f 412/412/412 415/415/415 414/414/414 
f 415/415/415 416/416/416 414/414/414 
f 416/416/416 415/415/415 417/417/417 
f 417/417/417 418/418/418 416/416/416 
f 419/419/419 418/418/418 417/417/417 
f 425/425/425 426/426/426 427/427/427 
f 427/427/427 426/426/426 428/428/428 
f 426/426/426 425/425/425 429/429/429 
f 430/430/430 431/431/431 432/432/432 
f 431/431/431 430/430/430 433/433/433 
f 433/433/433 430/430/430 434/434/434 
f 435/435/435 436/436/436 437/437/437 
f 437/437/437 438/438/438 435/435/435 
f 439/439/439 438/438/438 437/437/437 
f 438/438/438 439/439/439 440/440/440 
f 439/439/439 437/437/437 441/441/441 
f 442/442/442 443/443/443 444/444/444 
f 443/443/443 442/442/442 445/445/445 
f 442/442/442 444/444/444 446/446/446 
f 444/444/444 443/443/443 447/447/447 
f 444/444/444 447/447/447 448/448/448 
f 452/452/452 453/453/453 454/454/454 
f 453/453/453 452/452/452 455/455/455 
f 456/456/456 454/454/454 453/453/453 
f 452/452/452 457/457/457 455/455/455 
f 454/454/454 456/456/456 458/458/458 
f 457/457/457 452/452/452 459/459/459 
f 456/456/456 460/460/460 458/458/458 
f 461/461/461 457/457/457 459/459/459 
f 456/456/456 462/462/462 460/460/460 
f 461/461/461 459/459/459 463/463/463 
f 462/462/462 464/464/464 460/460/460 
f 465/465/465 461/461/461 463/463/463 
f 462/462/462 466/466/466 464/464/464 
f 461/461/461 465/465/465 467/467/467 
f 467/467/467 464/464/464 466/466/466 
f 464/464/464 467/467/467 465/465/465 
f 483/483/483 484/484/484 485/485/485 
f 484/484/484 483/483/483 486/486/486 
f 483/483/483 485/485/485 487/487/487 
f 488/488/488 487/487/487 485/485/485 
f 487/487/487 488/488/488 489/489/489 
f 489/489/489 488/488/488 490/490/490 
f 494/494/494 495/495/495 496/496/496 
f 494/494/494 496/496/496 497/497/497 
f 498/498/498 496/496/496 495/495/495 
f 496/496/496 498/498/498 499/499/499 
f 500/500/500 499/499/499 498/498/498 
f 499/499/499 500/500/500 501/501/501 
f 502/502/502 501/501/501 500/500/500 
f 501/501/501 502/502/502 503/503/503 
f 504/504/504 505/505/505 506/506/506 
f 507/507/507 504/504/504 506/506/506 
f 504/504/504 507/507/507 508/508/508 
f 505/505/505 504/504/504 509/509/509 
f 510/510/510 505/505/505 509/509/509 
f 509/509/509 511/511/511 510/510/510 
f 512/512/512 510/510/510 511/511/511 
f 511/511/511 513/513/513 512/512/512 
f 520/520/520 521/521/521 522/522/522 
f 522/522/522 521/521/521 523/523/523 
f 520/520/520 522/522/522 524/524/524 
f 520/520/520 525/525/525 521/521/521 
f 521/521/521 525/525/525 526/526/526 
f 525/525/525 520/520/520 527/527/527 
f 542/542/542 543/543/543 544/544/544 
f 543/543/543 542/542/542 545/545/545 
f 543/543/543 546/546/546 544/544/544 
f 546/546/546 543/543/543 547/547/547 
f 548/548/548 549/549/549 550/550/550 
f 549/549/549 548/548/548 551/551/551 
f 552/552/552 551/551/551 548/548/548 
f 552/552/552 548/548/548 553/553/553 
f 564/564/564 565/565/565 566/566/566 
f 564/564/564 566/566/566 567/567/567 
f 565/565/565 564/564/564 568/568/568 
f 566/566/566 565/565/565 569/569/569 
f 570/570/570 569/569/569 565/565/565 
f 569/569/569 570/570/570 571/571/571 
f 572/572/572 573/573/573 574/574/574 
f 575/575/575 574/574/574 573/573/573 
f 574/574/574 575/575/575 576/576/576 
f 572/572/572 574/574/574 577/577/577 
f 578/578/578 579/579/579 580/580/580 
f 580/580/580 579/579/579 581/581/581 
f 579/579/579 578/578/578 582/582/582 
f 583/583/583 578/578/578 580/580/580 
f 578/578/578 583/583/583 584/584/584 
f 584/584/584 583/583/583 585/585/585 
f 585/585/585 586/586/586 584/584/584 
f 589/589/589 590/590/590 591/591/591 
f 590/590/590 589/589/589 592/592/592 
f 592/592/592 593/593/593 590/590/590 
f 593/593/593 592/592/592 594/594/594 
f 604/604/604 603/603/603 602/602/602 
f 604/604/604 602/602/602 605/605/605 
f 606/606/606 607/607/607 608/608/608 
f 608/608/608 607/607/607 609/609/609 
f 606/606/606 610/610/610 607/607/607 
f 610/610/610 611/611/611 607/607/607 
f 612/612/612 613/613/613 614/614/614 
f 615/615/615 613/613/613 612/612/612 
f 614/614/614 613/613/613 616/616/616 
f 613/613/613 615/615/615 617/617/617 
f 618/618/618 614/614/614 616/616/616 
f 617/617/617 615/615/615 619/619/619 
f 614/614/614 618/618/618 620/620/620 
f 615/615/615 621/621/621 619/619/619 
f 618/618/618 622/622/622 620/620/620 
f 623/623/623 619/619/619 621/621/621 
f 622/622/622 618/618/618 624/624/624 
f 619/619/619 623/623/623 625/625/625 
f 626/626/626 622/622/622 624/624/624 
f 623/623/623 626/626/626 625/625/625 
f 622/622/622 626/626/626 627/627/627 
f 623/623/623 627/627/627 626/626/626 
f 628/628/628 629/629/629 630/630/630 
f 631/631/631 628/628/628 630/630/630 
f 629/629/629 628/628/628 632/632/632 
f 628/628/628 631/631/631 633/633/633 
f 634/634/634 629/629/629 632/632/632 
f 635/635/635 633/633/633 631/631/631 
f 636/636/636 634/634/634 632/632/632 
f 633/633/633 635/635/635 637/637/637 
f 638/638/638 634/634/634 636/636/636 
f 635/635/635 639/639/639 637/637/637 
f 634/634/634 638/638/638 640/640/640 
f 639/639/639 635/635/635 641/641/641 
f 642/642/642 640/640/640 638/638/638 
f 641/641/641 642/642/642 639/639/639 
f 640/640/640 642/642/642 643/643/643 
f 641/641/641 643/643/643 642/642/642 
f 644/644/644 645/645/645 646/646/646 
f 647/647/647 645/645/645 644/644/644 
f 645/645/645 647/647/647 648/648/648 
f 648/648/648 647/647/647 649/649/649 
f 648/648/648 649/649/649 650/650/650 
f 650/650/650 649/649/649 651/651/651 
f 652/652/652 653/653/653 654/654/654 
f 653/653/653 652/652/652 655/655/655 
f 661/661/661 657/657/657 659/659/659 
f 658/658/658 661/661/661 660/660/660 
f 657/657/657 661/661/661 662/662/662 
f 661/661/661 658/658/658 662/662/662 
f 676/676/676 677/677/677 678/678/678 
f 679/679/679 676/676/676 678/678/678 
f 677/677/677 676/676/676 680/680/680 
f 681/681/681 676/676/676 679/679/679 
f 680/680/680 682/682/682 677/677/677 
f 683/683/683 681/681/681 679/679/679 
f 682/682/682 680/680/680 684/684/684 
f 684/684/684 685/685/685 682/682/682 
f 685/685/685 684/684/684 686/686/686 
f 683/683/683 687/687/687 681/681/681 
f 688/688/688 687/687/687 683/683/683 
f 688/688/688 689/689/689 687/687/687 
f 695/695/695 696/696/696 697/697/697 
f 698/698/698 697/697/697 696/696/696 
f 699/699/699 697/697/697 698/698/698 
f 698/698/698 700/700/700 699/699/699 
f 701/701/701 699/699/699 700/700/700 
f 700/700/700 702/702/702 701/701/701 
f 703/703/703 701/701/701 702/702/702 
f 701/701/701 703/703/703 704/704/704 
f 705/705/705 704/704/704 703/703/703 
f 704/704/704 705/705/705 706/706/706 
f 707/707/707 706/706/706 705/705/705 
f 706/706/706 707/707/707 708/708/708 
f 727/727/727 726/726/726 724/724/724 
f 727/727/727 728/728/728 726/726/726 
f 729/729/729 728/728/728 727/727/727 
f 729/729/729 730/730/730 728/728/728 
f 741/741/741 742/742/742 740/740/740 
f 742/742/742 741/741/741 743/743/743 
f 744/744/744 742/742/742 743/743/743 
f 744/744/744 745/745/745 742/742/742 
f 748/748/748 749/749/749 750/750/750 
f 749/749/749 748/748/748 751/751/751 
f 751/751/751 752/752/752 749/749/749 
f 752/752/752 751/751/751 753/753/753 
f 761/761/761 764/764/764 763/763/763 
f 764/764/764 761/761/761 765/765/765 
f 766/766/766 764/764/764 765/765/765 
f 764/764/764 766/766/766 767/767/767 
f 770/770/770 771/771/771 772/772/772 
f 770/770/770 772/772/772 773/773/773 
f 774/774/774 771/771/771 770/770/770 
f 774/774/774 775/775/775 771/771/771 
f 787/787/787 788/788/788 789/789/789 
f 788/788/788 790/790/790 789/789/789 
f 790/790/790 788/788/788 791/791/791 
f 790/790/790 791/791/791 792/792/792 
f 790/790/790 792/792/792 793/793/793 
f 794/794/794 795/795/795 796/796/796 
f 795/795/795 794/794/794 797/797/797 
f 798/798/798 794/794/794 796/796/796 
f 794/794/794 798/798/798 799/799/799 
f 799/799/799 798/798/798 800/800/800 
f 801/801/801 802/802/802 803/803/803 
f 801/801/801 803/803/803 804/804/804 
f 801/801/801 805/805/805 802/802/802 
f 805/805/805 801/801/801 806/806/806 
f 805/805/805 806/806/806 807/807/807 
f 808/808/808 809/809/809 810/810/810 
f 809/809/809 811/811/811 810/810/810 
f 811/811/811 809/809/809 812/812/812 
f 809/809/809 808/808/808 813/813/813 
f 813/813/813 808/808/808 814/814/814 
f 823/823/823 824/824/824 825/825/825 
f 825/825/825 826/826/826 823/823/823 
f 827/827/827 828/828/828 829/829/829 
f 827/827/827 830/830/830 828/828/828 
f 827/827/827 831/831/831 830/830/830 
f 829/829/829 828/828/828 832/832/832 
f 834/834/834 835/835/835 833/833/833 
f 835/835/835 834/834/834 836/836/836 
f 835/835/835 836/836/836 837/837/837 
f 835/835/835 837/837/837 838/838/838 
f 839/839/839 840/840/840 841/841/841 
f 842/842/842 839/839/839 841/841/841 
f 839/839/839 843/843/843 840/840/840 
f 839/839/839 842/842/842 844/844/844 
f 850/850/850 847/847/847 848/848/848 
f 847/847/847 850/850/850 852/852/852 
f 850/850/850 854/854/854 852/852/852 
f 854/854/854 850/850/850 853/853/853 
f 856/856/856 857/857/857 855/855/855 
f 857/857/857 856/856/856 858/858/858 
f 858/858/858 859/859/859 857/857/857 
f 859/859/859 858/858/858 860/860/860 
f 864/864/864 865/865/865 861/861/861 
f 865/865/865 864/864/864 866/866/866 
f 866/866/866 867/867/867 865/865/865 
f 867/867/867 866/866/866 868/868/868 
f 871/871/871 872/872/872 873/873/873 
f 873/873/873 875/875/875 871/871/871 
f 877/877/877 871/871/871 875/875/875 
f 875/875/875 878/878/878 877/877/877 
f 881/881/881 882/882/882 883/883/883 
f 882/882/882 881/881/881 884/884/884 
f 883/883/883 885/885/885 881/881/881 
f 885/885/885 883/883/883 887/887/887 
f 890/890/890 891/891/891 892/892/892 
f 891/891/891 890/890/890 893/893/893 
f 893/893/893 894/894/894 891/891/891 
f 894/894/894 893/893/893 895/895/895 
f 899/899/899 898/898/898 901/901/901 
f 899/899/899 901/901/901 902/902/902 
f 898/898/898 903/903/903 901/901/901 
f 903/903/903 904/904/904 901/901/901 
f 903/903/903 905/905/905 904/904/904 
f 903/903/903 906/906/906 905/905/905 
f 907/907/907 905/905/905 906/906/906 
f 905/905/905 907/907/907 908/908/908 
f 910/910/910 913/913/913 911/911/911 
f 913/913/913 910/910/910 914/914/914 
f 915/915/915 911/911/911 913/913/913 
f 916/916/916 915/915/915 913/913/913 
f 917/917/917 915/915/915 916/916/916 
f 915/915/915 917/917/917 918/918/918 
f 917/917/917 919/919/919 918/918/918 
f 919/919/919 917/917/917 920/920/920 
f 923/923/923 924/924/924 925/925/925 
f 926/926/926 925/925/925 924/924/924 
f 925/925/925 927/927/927 923/923/923 
f 928/928/928 926/926/926 924/924/924 
f 926/926/926 928/928/928 929/929/929 
f 930/930/930 929/929/929 928/928/928 
f 931/931/931 923/923/923 927/927/927 
f 923/923/923 931/931/931 932/932/932 
f 933/933/933 932/932/932 931/931/931 
f 932/932/932 933/933/933 934/934/934 
f 935/935/935 934/934/934 933/933/933 
f 934/934/934 935/935/935 936/936/936 
f 937/937/937 938/938/938 939/939/939 
f 937/937/937 939/939/939 940/940/940 
f 940/940/940 939/939/939 941/941/941 
f 940/940/940 941/941/941 942/942/942 
f 948/948/948 945/945/945 946/946/946 
f 945/945/945 948/948/948 950/950/950 
f 951/951/951 950/950/950 948/948/948 
f 948/948/948 952/952/952 951/951/951 
f 953/953/953 954/954/954 955/955/955 
f 956/956/956 955/955/955 954/954/954 
f 959/959/959 958/958/958 960/960/960 
f 959/959/959 960/960/960 962/962/962 
f 962/962/962 960/960/960 963/963/963 
f 962/962/962 963/963/963 964/964/964 
f 965/965/965 966/966/966 967/967/967 
f 968/968/968 965/965/965 967/967/967 
f 966/966/966 965/965/965 969/969/969 
f 970/970/970 965/965/965 968/968/968 
f 969/969/969 971/971/971 966/966/966 
f 972/972/972 970/970/970 968/968/968 
f 971/971/971 969/969/969 973/973/973 
f 974/974/974 970/970/970 972/972/972 
f 973/973/973 975/975/975 971/971/971 
f 975/975/975 973/973/973 976/976/976 
f 975/975/975 977/977/977 971/971/971 
f 978/978/978 974/974/974 972/972/972 
f 978/978/978 979/979/979 974/974/974 
f 977/977/977 975/975/975 980/980/980 
f 981/981/981 978/978/978 972/972/972 
f 978/978/978 981/981/981 982/982/982 
f 980/980/980 983/983/983 977/977/977 
f 983/983/983 980/980/980 984/984/984 
f 985/985/985 977/977/977 983/983/983 
f 977/977/977 985/985/985 986/986/986 
f 987/987/987 986/986/986 985/985/985 
f 986/986/986 987/987/987 988/988/988 
f 987/987/987 989/989/989 988/988/988 
f 989/989/989 987/987/987 990/990/990 
f 990/990/990 981/981/981 989/989/989 
f 981/981/981 990/990/990 991/991/991 
f 991/991/991 982/982/982 981/981/981 
f 982/982/982 991/991/991 992/992/992 
f 993/993/993 994/994/994 995/995/995 
f 995/995/995 996/996/996 993/993/993 
f 996/996/996 997/997/997 993/993/993 
f 998/998/998 996/996/996 995/995/995 
f 995/995/995 999/999/999 998/998/998 
f 1000/1000/1000 998/998/998 999/999/999 
f 999/999/999 1001/1001/1001 1000/1000/1000 
f 1002/1002/1002 1000/1000/1000 1001/1001/1001 
f 1000/1000/1000 1002/1002/1002 1003/1003/1003 
f 1004/1004/1004 995/995/995 994/994/994 
f 1005/1005/1005 1003/1003/1003 1002/1002/1002 
f 1003/1003/1003 1005/1005/1005 1006/1006/1006 
f 1004/1004/1004 994/994/994 1007/1007/1007 
f 1007/1007/1007 994/994/994 1008/1008/1008 
f 1009/1009/1009 1004/1004/1004 1007/1007/1007 
f 1010/1010/1010 1004/1004/1004 1009/1009/1009 
f 1011/1011/1011 1010/1010/1010 1009/1009/1009 
f 1010/1010/1010 1011/1011/1011 1012/1012/1012 
f 1011/1011/1011 1013/1013/1013 1012/1012/1012 
f 1013/1013/1013 1011/1011/1011 1014/1014/1014 
f 1014/1014/1014 1015/1015/1015 1013/1013/1013 
f 1015/1015/1015 1014/1014/1014 1016/1016/1016 
f 1016/1016/1016 1017/1017/1017 1015/1015/1015 
f 1017/1017/1017 1005/1005/1005 1015/1015/1015 
f 1017/1017/1017 1016/1016/1016 1018/1018/1018 
f 1005/1005/1005 1017/1017/1017 1019/1019/1019 
f 1019/1019/1019 1006/1006/1006 1005/1005/1005 
f 1006/1006/1006 1019/1019/1019 1020/1020/1020 
f 1022/1022/1022 1023/1023/1023 1021/1021/1021 
f 1024/1024/1024 1021/1021/1021 1023/1023/1023 
f 1025/1025/1025 1026/1026/1026 1027/1027/1027 
f 1028/1028/1028 1027/1027/1027 1026/1026/1026 
f 1026/1026/1026 1025/1025/1025 1029/1029/1029 
f 1027/1027/1027 1028/1028/1028 1030/1030/1030 
f 1031/1031/1031 1030/1030/1030 1028/1028/1028 
f 1030/1030/1030 1031/1031/1031 1032/1032/1032 
f 1025/1025/1025 1033/1033/1033 1029/1029/1029 
f 1033/1033/1033 1025/1025/1025 1034/1034/1034 
f 1035/1035/1035 1033/1033/1033 1034/1034/1034 
f 1035/1035/1035 1034/1034/1034 1036/1036/1036 
f 1037/1037/1037 1035/1035/1035 1036/1036/1036 
f 1037/1037/1037 1036/1036/1036 1038/1038/1038 
f 1042/1042/1042 1040/1040/1040 1041/1041/1041 
f 1040/1040/1040 1042/1042/1042 1043/1043/1043 
f 1044/1044/1044 1043/1043/1043 1042/1042/1042 
f 1042/1042/1042 1045/1045/1045 1044/1044/1044 
f 1053/1053/1053 1052/1052/1052 1051/1051/1051 
f 1052/1052/1052 1053/1053/1053 1055/1055/1055 
f 1053/1053/1053 1056/1056/1056 1055/1055/1055 
f 1053/1053/1053 1057/1057/1057 1056/1056/1056 
f 1064/1064/1064 1060/1060/1060 1063/1063/1063 
f 1060/1060/1060 1064/1064/1064 1065/1065/1065 
f 1066/1066/1066 1065/1065/1065 1064/1064/1064 
f 1064/1064/1064 1067/1067/1067 1066/1066/1066 
f 1091/1091/1091 1090/1090/1090 1092/1092/1092 
f 1092/1092/1092 1093/1093/1093 1091/1091/1091 
f 1093/1093/1093 1092/1092/1092 1094/1094/1094 
f 1093/1093/1093 1094/1094/1094 1095/1095/1095 
f 1094/1094/1094 1096/1096/1096 1095/1095/1095 
f 1096/1096/1096 1094/1094/1094 1097/1097/1097 
f 1094/1094/1094 1098/1098/1098 1097/1097/1097 
f 1097/1097/1097 1099/1099/1099 1096/1096/1096 
f 1096/1096/1096 1099/1099/1099 1100/1100/1100 
f 1099/1099/1099 1101/1101/1101 1100/1100/1100 
f 1101/1101/1101 1103/1103/1103 1100/1100/1100 
f 1104/1104/1104 1103/1103/1103 1101/1101/1101 
f 1103/1103/1103 1104/1104/1104 1105/1105/1105 
f 1105/1105/1105 1104/1104/1104 1106/1106/1106 
f 1115/1115/1115 1114/1114/1114 1113/1113/1113 
f 1114/1114/1114 1115/1115/1115 1116/1116/1116 
f 1114/1114/1114 1116/1116/1116 1117/1117/1117 
f 1118/1118/1118 1117/1117/1117 1116/1116/1116 
f 1117/1117/1117 1118/1118/1118 1119/1119/1119 
f 1119/1119/1119 1118/1118/1118 1120/1120/1120 
f 1121/1121/1121 1120/1120/1120 1118/1118/1118 
f 1113/1113/1113 1122/1122/1122 1115/1115/1115 
f 1122/1122/1122 1113/1113/1113 1123/1123/1123 
f 1122/1122/1122 1124/1124/1124 1115/1115/1115 
f 1122/1122/1122 1125/1125/1125 1124/1124/1124 
f 1125/1125/1125 1122/1122/1122 1126/1126/1126 
f 1126/1126/1126 1127/1127/1127 1125/1125/1125 
f 1127/1127/1127 1126/1126/1126 1128/1128/1128 
f 1139/1139/1139 1137/1137/1137 1135/1135/1135 
f 1139/1139/1139 1136/1136/1136 1138/1138/1138 
f 1135/1135/1135 1140/1140/1140 1139/1139/1139 
f 1136/1136/1136 1139/1139/1139 1140/1140/1140 
f 1141/1141/1141 1142/1142/1142 1143/1143/1143 
f 1141/1141/1141 1143/1143/1143 1144/1144/1144 
f 1146/1146/1146 1147/1147/1147 1148/1148/1148 
f 1146/1146/1146 1148/1148/1148 1149/1149/1149 
f 1150/1150/1150 1151/1151/1151 1130/1130/1130 
f 1152/1152/1152 1151/1151/1151 1150/1150/1150 
f 1130/1130/1130 1153/1153/1153 1150/1150/1150 
f 1151/1151/1151 1152/1152/1152 1154/1154/1154 
f 1154/1154/1154 1152/1152/1152 1155/1155/1155 
f 1155/1155/1155 1152/1152/1152 1156/1156/1156 
f 1153/1153/1153 1130/1130/1130 1131/1131/1131 
f 1131/1131/1131 1157/1157/1157 1153/1153/1153 
f 1157/1157/1157 1131/1131/1131 1158/1158/1158 
f 1153/1153/1153 1157/1157/1157 1159/1159/1159 
f 1157/1157/1157 1160/1160/1160 1159/1159/1159 
f 1160/1160/1160 1157/1157/1157 1161/1161/1161 
f 1161/1161/1161 1162/1162/1162 1160/1160/1160 
f 1162/1162/1162 1161/1161/1161 1163/1163/1163 
f 1174/1174/1174 1175/1175/1175 1176/1176/1176 
f 1176/1176/1176 1175/1175/1175 1177/1177/1177 
f 1178/1178/1178 1174/1174/1174 1176/1176/1176 
f 1175/1175/1175 1179/1179/1179 1177/1177/1177 
f 1178/1178/1178 1180/1180/1180 1174/1174/1174 
f 1179/1179/1179 1175/1175/1175 1181/1181/1181 
f 1178/1178/1178 1182/1182/1182 1180/1180/1180 
f 1183/1183/1183 1179/1179/1179 1181/1181/1181 
f 1181/1181/1181 1184/1184/1184 1183/1183/1183 
f 1184/1184/1184 1185/1185/1185 1183/1183/1183 
f 1186/1186/1186 1185/1185/1185 1184/1184/1184 
f 1185/1185/1185 1186/1186/1186 1187/1187/1187 
f 1186/1186/1186 1188/1188/1188 1187/1187/1187 
f 1182/1182/1182 1178/1178/1178 1189/1189/1189 
f 1188/1188/1188 1189/1189/1189 1187/1187/1187 
f 1188/1188/1188 1182/1182/1182 1189/1189/1189 
f 1182/1182/1182 1188/1188/1188 1190/1190/1190 
f 1191/1191/1191 1192/1192/1192 1193/1193/1193 
f 1192/1192/1192 1191/1191/1191 1194/1194/1194 
f 1195/1195/1195 1196/1196/1196 1197/1197/1197 
f 1196/1196/1196 1195/1195/1195 1198/1198/1198 
f 1203/1203/1203 1201/1201/1201 1200/1200/1200 
f 1204/1204/1204 1201/1201/1201 1203/1203/1203 
f 1205/1205/1205 1204/1204/1204 1203/1203/1203 
f 1206/1206/1206 1204/1204/1204 1205/1205/1205 
f 1211/1211/1211 1208/1208/1208 1210/1210/1210 
f 1208/1208/1208 1211/1211/1211 1212/1212/1212 
f 1213/1213/1213 1212/1212/1212 1211/1211/1211 
f 1211/1211/1211 1214/1214/1214 1213/1213/1213 
f 1219/1219/1219 1217/1217/1217 1218/1218/1218 
f 1218/1218/1218 1220/1220/1220 1219/1219/1219 
f 1221/1221/1221 1219/1219/1219 1220/1220/1220 
f 1220/1220/1220 1222/1222/1222 1221/1221/1221 
f 1223/1223/1223 1224/1224/1224 1225/1225/1225 
f 1225/1225/1225 1226/1226/1226 1223/1223/1223 
f 1227/1227/1227 1223/1223/1223 1226/1226/1226 
f 1226/1226/1226 1228/1228/1228 1227/1227/1227 
f 1229/1229/1229 1230/1230/1230 1231/1231/1231 
f 1232/1232/1232 1231/1231/1231 1230/1230/1230 
f 1231/1231/1231 1233/1233/1233 1229/1229/1229 
f 1230/1230/1230 1234/1234/1234 1232/1232/1232 
f 1238/1238/1238 1239/1239/1239 1237/1237/1237 
f 1239/1239/1239 1238/1238/1238 1241/1241/1241 
f 1241/1241/1241 1242/1242/1242 1239/1239/1239 
f 1242/1242/1242 1241/1241/1241 1243/1243/1243 
f 1248/1248/1248 1245/1245/1245 1247/1247/1247 
f 1250/1250/1250 1248/1248/1248 1247/1247/1247 
f 1251/1251/1251 1248/1248/1248 1250/1250/1250 
f 1252/1252/1252 1251/1251/1251 1250/1250/1250 
f 1255/1255/1255 1256/1256/1256 1257/1257/1257 
f 1259/1259/1259 1257/1257/1257 1256/1256/1256 
f 1257/1257/1257 1259/1259/1259 1260/1260/1260 
f 1261/1261/1261 1260/1260/1260 1259/1259/1259 
f 1267/1267/1267 1263/1263/1263 1265/1265/1265 
f 1268/1268/1268 1267/1267/1267 1265/1265/1265 
f 1269/1269/1269 1267/1267/1267 1268/1268/1268 
f 1267/1267/1267 1269/1269/1269 1270/1270/1270 
f 1274/1274/1274 1275/1275/1275 1276/1276/1276 
f 1275/1275/1275 1274/1274/1274 1277/1277/1277 
f 1274/1274/1274 1278/1278/1278 1277/1277/1277 
f 1278/1278/1278 1274/1274/1274 1282/1282/1282 
f 1288/1288/1288 1290/1290/1290 1289/1289/1289 
f 1290/1290/1290 1288/1288/1288 1291/1291/1291 
f 1292/1292/1292 1290/1290/1290 1291/1291/1291 
f 1290/1290/1290 1292/1292/1292 1293/1293/1293 
f 1301/1301/1301 1299/1299/1299 1297/1297/1297 
f 1298/1298/1298 1301/1301/1301 1300/1300/1300 
f 1299/1299/1299 1301/1301/1301 1302/1302/1302 
f 1301/1301/1301 1298/1298/1298 1302/1302/1302 
f 1309/1309/1309 1311/1311/1311 1310/1310/1310 
f 1311/1311/1311 1309/1309/1309 1312/1312/1312 
f 1313/1313/1313 1311/1311/1311 1312/1312/1312 
f 1311/1311/1311 1313/1313/1313 1314/1314/1314 
f 1318/1318/1318 1315/1315/1315 1316/1316/1316 
f 1315/1315/1315 1318/1318/1318 1320/1320/1320 
f 1321/1321/1321 1320/1320/1320 1318/1318/1318 
f 1318/1318/1318 1322/1322/1322 1321/1321/1321 
f 1323/1323/1323 1324/1324/1324 1325/1325/1325 
f 1325/1325/1325 1324/1324/1324 1326/1326/1326 
f 1325/1325/1325 1326/1326/1326 1327/1327/1327 
f 1323/1323/1323 1328/1328/1328 1324/1324/1324 
f 1324/1324/1324 1328/1328/1328 1329/1329/1329 
f 1328/1328/1328 1323/1323/1323 1330/1330/1330 
f 1341/1341/1341 1342/1342/1342 1343/1343/1343 
f 1343/1343/1343 1342/1342/1342 1344/1344/1344 
f 1342/1342/1342 1341/1341/1341 1345/1345/1345 
f 1346/1346/1346 1347/1347/1347 1348/1348/1348 
f 1347/1347/1347 1349/1349/1349 1348/1348/1348 
f 1350/1350/1350 1351/1351/1351 1352/1352/1352 
f 1352/1352/1352 1351/1351/1351 1353/1353/1353 
f 1354/1354/1354 1351/1351/1351 1350/1350/1350 
f 1351/1351/1351 1354/1354/1354 1355/1355/1355 
f 1356/1356/1356 1357/1357/1357 1358/1358/1358 
f 1358/1358/1358 1357/1357/1357 1359/1359/1359 
f 1358/1358/1358 1359/1359/1359 1360/1360/1360 
f 1361/1361/1361 1358/1358/1358 1360/1360/1360 
f 1362/1362/1362 1363/1363/1363 1364/1364/1364 
f 1362/1362/1362 1364/1364/1364 1365/1365/1365 
f 1366/1366/1366 1367/1367/1367 1368/1368/1368 
f 1367/1367/1367 1366/1366/1366 1369/1369/1369 
f 1374/1374/1374 1375/1375/1375 1376/1376/1376 
f 1375/1375/1375 1377/1377/1377 1376/1376/1376 
f 1375/1375/1375 1374/1374/1374 1378/1378/1378 
f 1377/1377/1377 1375/1375/1375 1379/1379/1379 
f 1374/1374/1374 1380/1380/1380 1378/1378/1378 
f 1381/1381/1381 1377/1377/1377 1379/1379/1379 
f 1374/1374/1374 1382/1382/1382 1380/1380/1380 
f 1377/1377/1377 1381/1381/1381 1383/1383/1383 
f 1384/1384/1384 1380/1380/1380 1382/1382/1382 
f 1385/1385/1385 1383/1383/1383 1381/1381/1381 
f 1380/1380/1380 1384/1384/1384 1386/1386/1386 
f 1385/1385/1385 1387/1387/1387 1383/1383/1383 
f 1384/1384/1384 1388/1388/1388 1386/1386/1386 
f 1387/1387/1387 1385/1385/1385 1389/1389/1389 
f 1388/1388/1388 1384/1384/1384 1389/1389/1389 
f 1389/1389/1389 1385/1385/1385 1388/1388/1388 
f 1394/1394/1394 1395/1395/1395 1396/1396/1396 
f 1397/1397/1397 1396/1396/1396 1395/1395/1395 
f 1394/1394/1394 1396/1396/1396 1398/1398/1398 
f 1396/1396/1396 1397/1397/1397 1399/1399/1399 
f 1400/1400/1400 1394/1394/1394 1398/1398/1398 
f 1397/1397/1397 1401/1401/1401 1399/1399/1399 
f 1394/1394/1394 1400/1400/1400 1402/1402/1402 
f 1401/1401/1401 1397/1397/1397 1403/1403/1403 
f 1404/1404/1404 1402/1402/1402 1400/1400/1400 
f 1403/1403/1403 1405/1405/1405 1401/1401/1401 
f 1400/1400/1400 1406/1406/1406 1404/1404/1404 
f 1403/1403/1403 1407/1407/1407 1405/1405/1405 
f 1408/1408/1408 1404/1404/1404 1406/1406/1406 
f 1409/1409/1409 1405/1405/1405 1407/1407/1407 
f 1404/1404/1404 1408/1408/1408 1409/1409/1409 
f 1405/1405/1405 1409/1409/1409 1408/1408/1408 
f 1433/1433/1433 1434/1434/1434 1435/1435/1435 
f 1434/1434/1434 1433/1433/1433 1436/1436/1436 
f 1437/1437/1437 1435/1435/1435 1434/1434/1434 
f 1438/1438/1438 1436/1436/1436 1433/1433/1433 
f 1435/1435/1435 1437/1437/1437 1439/1439/1439 
f 1436/1436/1436 1438/1438/1438 1440/1440/1440 
f 1437/1437/1437 1441/1441/1441 1439/1439/1439 
f 1438/1438/1438 1442/1442/1442 1440/1440/1440 
f 1437/1437/1437 1443/1443/1443 1441/1441/1441 
f 1442/1442/1442 1438/1438/1438 1444/1444/1444 
f 1445/1445/1445 1441/1441/1441 1443/1443/1443 
f 1446/1446/1446 1442/1442/1442 1444/1444/1444 
f 1441/1441/1441 1445/1445/1445 1447/1447/1447 
f 1446/1446/1446 1447/1447/1447 1445/1445/1445 
f 1447/1447/1447 1446/1446/1446 1448/1448/1448 
f 1448/1448/1448 1446/1446/1446 1444/1444/1444 
f 1454/1454/1454 1455/1455/1455 1456/1456/1456 
f 1455/1455/1455 1457/1457/1457 1456/1456/1456 
f 1458/1458/1458 1457/1457/1457 1455/1455/1455 
f 1457/1457/1457 1458/1458/1458 1459/1459/1459 
f 1456/1456/1456 1460/1460/1460 1454/1454/1454 
f 1454/1454/1454 1460/1460/1460 1461/1461/1461 
f 1460/1460/1460 1456/1456/1456 1462/1462/1462 
f 1463/1463/1463 1464/1464/1464 1465/1465/1465 
f 1464/1464/1464 1463/1463/1463 1466/1466/1466 
f 1465/1465/1465 1464/1464/1464 1467/1467/1467 
f 1465/1465/1465 1468/1468/1468 1463/1463/1463 
f 1468/1468/1468 1465/1465/1465 1469/1469/1469 
f 1468/1468/1468 1469/1469/1469 1470/1470/1470 
f 1470/1470/1470 1471/1471/1471 1468/1468/1468 
f 1490/1490/1490 1488/1488/1488 1489/1489/1489 
f 1488/1488/1488 1490/1490/1490 1491/1491/1491 
f 1504/1504/1504 1505/1505/1505 1506/1506/1506 
f 1505/1505/1505 1504/1504/1504 1507/1507/1507 
f 1508/1508/1508 1507/1507/1507 1504/1504/1504 
f 1507/1507/1507 1508/1508/1508 1509/1509/1509 
f 1524/1524/1524 1525/1525/1525 1526/1526/1526 
f 1525/1525/1525 1524/1524/1524 1527/1527/1527 
f 1528/1528/1528 1527/1527/1527 1524/1524/1524 
f 1529/1529/1529 1526/1526/1526 1525/1525/1525 
f 1526/1526/1526 1529/1529/1529 1530/1530/1530 
f 1530/1530/1530 1529/1529/1529 1531/1531/1531 
f 1526/1526/1526 1530/1530/1530 1532/1532/1532 
f 1533/1533/1533 1534/1534/1534 1535/1535/1535 
f 1534/1534/1534 1533/1533/1533 1536/1536/1536 
f 1536/1536/1536 1533/1533/1533 1537/1537/1537 
f 1538/1538/1538 1535/1535/1535 1534/1534/1534 
f 1535/1535/1535 1538/1538/1538 1539/1539/1539 
f 1539/1539/1539 1538/1538/1538 1540/1540/1540 
f 1535/1535/1535 1539/1539/1539 1541/1541/1541 
f 1542/1542/1542 1543/1543/1543 1544/1544/1544 
f 1543/1543/1543 1545/1545/1545 1544/1544/1544 
f 1543/1543/1543 1542/1542/1542 1546/1546/1546 
f 1543/1543/1543 1547/1547/1547 1545/1545/1545 
f 1548/1548/1548 1546/1546/1546 1542/1542/1542 
f 1547/1547/1547 1549/1549/1549 1545/1545/1545 
f 1546/1546/1546 1548/1548/1548 1550/1550/1550 
f 1551/1551/1551 1550/1550/1550 1548/1548/1548 
f 1550/1550/1550 1551/1551/1551 1552/1552/1552 
f 1549/1549/1549 1547/1547/1547 1553/1553/1553 
f 1553/1553/1553 1554/1554/1554 1549/1549/1549 
f 1555/1555/1555 1554/1554/1554 1553/1553/1553 
f 1556/1556/1556 1557/1557/1557 1558/1558/1558 
f 1559/1559/1559 1558/1558/1558 1557/1557/1557 
f 1557/1557/1557 1556/1556/1556 1560/1560/1560 
f 1558/1558/1558 1559/1559/1559 1561/1561/1561 
f 1562/1562/1562 1561/1561/1561 1559/1559/1559 
f 1561/1561/1561 1562/1562/1562 1563/1563/1563 
f 1556/1556/1556 1564/1564/1564 1560/1560/1560 
f 1564/1564/1564 1556/1556/1556 1565/1565/1565 
f 1566/1566/1566 1564/1564/1564 1565/1565/1565 
f 1565/1565/1565 1567/1567/1567 1566/1566/1566 
f 1566/1566/1566 1567/1567/1567 1568/1568/1568 
f 1569/1569/1569 1568/1568/1568 1567/1567/1567 
f 1570/1570/1570 1571/1571/1571 1572/1572/1572 
f 1572/1572/1572 1571/1571/1571 1573/1573/1573 
f 1573/1573/1573 1574/1574/1574 1572/1572/1572 
f 1574/1574/1574 1573/1573/1573 1575/1575/1575 
f 1576/1576/1576 1574/1574/1574 1575/1575/1575 
f 1577/1577/1577 1576/1576/1576 1575/1575/1575 
f 1578/1578/1578 1576/1576/1576 1577/1577/1577 
f 1576/1576/1576 1578/1578/1578 1579/1579/1579 
f 1580/1580/1580 1579/1579/1579 1578/1578/1578 
f 1579/1579/1579 1580/1580/1580 1581/1581/1581 
f 1582/1582/1582 1581/1581/1581 1580/1580/1580 
f 1581/1581/1581 1582/1582/1582 1583/1583/1583 
f 1584/1584/1584 1585/1585/1585 1586/1586/1586 
f 1587/1587/1587 1586/1586/1586 1585/1585/1585 
f 1588/1588/1588 1586/1586/1586 1587/1587/1587 
f 1587/1587/1587 1589/1589/1589 1588/1588/1588 
f 1589/1589/1589 1590/1590/1590 1588/1588/1588 
f 1591/1591/1591 1590/1590/1590 1589/1589/1589 
f 1592/1592/1592 1590/1590/1590 1591/1591/1591 
f 1590/1590/1590 1592/1592/1592 1593/1593/1593 
f 1593/1593/1593 1592/1592/1592 1594/1594/1594 
f 1595/1595/1595 1593/1593/1593 1594/1594/1594 
f 1595/1595/1595 1594/1594/1594 1596/1596/1596 
f 1596/1596/1596 1597/1597/1597 1595/1595/1595 
f 1599/1599/1599 1600/1600/1600 1601/1601/1601 
f 1602/1602/1602 1601/1601/1601 1600/1600/1600 
f 1601/1601/1601 1603/1603/1603 1599/1599/1599 
f 1601/1601/1601 1602/1602/1602 1604/1604/1604 
f 1627/1627/1627 1628/1628/1628 1629/1629/1629 
f 1628/1628/1628 1627/1627/1627 1630/1630/1630 
f 1629/1629/1629 1631/1631/1631 1627/1627/1627 
f 1632/1632/1632 1628/1628/1628 1630/1630/1630 
f 1631/1631/1631 1629/1629/1629 1633/1633/1633 
f 1633/1633/1633 1634/1634/1634 1631/1631/1631 
f 1634/1634/1634 1633/1633/1633 1635/1635/1635 
f 1628/1628/1628 1632/1632/1632 1636/1636/1636 
f 1632/1632/1632 1637/1637/1637 1636/1636/1636 
f 1638/1638/1638 1636/1636/1636 1637/1637/1637 
f 1638/1638/1638 1637/1637/1637 1639/1639/1639 
f 1639/1639/1639 1640/1640/1640 1638/1638/1638 
f 1643/1643/1643 1644/1644/1644 1645/1645/1645 
f 1643/1643/1643 1646/1646/1646 1644/1644/1644 
f 1646/1646/1646 1647/1647/1647 1644/1644/1644 
f 1646/1646/1646 1648/1648/1648 1647/1647/1647 
f 1648/1648/1648 1649/1649/1649 1647/1647/1647 
f 1649/1649/1649 1648/1648/1648 1650/1650/1650 
f 1651/1651/1651 1649/1649/1649 1650/1650/1650 
f 1649/1649/1649 1651/1651/1651 1652/1652/1652 
f 1653/1653/1653 1652/1652/1652 1651/1651/1651 
f 1652/1652/1652 1653/1653/1653 1654/1654/1654 
f 1655/1655/1655 1654/1654/1654 1653/1653/1653 
f 1654/1654/1654 1655/1655/1655 1656/1656/1656 
f 1665/1665/1665 1666/1666/1666 1667/1667/1667 
f 1667/1667/1667 1668/1668/1668 1665/1665/1665 
f 1671/1671/1671 1672/1672/1672 1670/1670/1670 
f 1672/1672/1672 1671/1671/1671 1673/1673/1673 
f 1672/1672/1672 1673/1673/1673 1674/1674/1674 
f 1672/1672/1672 1674/1674/1674 1675/1675/1675 
f 1686/1686/1686 1685/1685/1685 1689/1689/1689 
f 1686/1686/1686 1689/1689/1689 1690/1690/1690 
f 1690/1690/1690 1689/1689/1689 1691/1691/1691 
f 1690/1690/1690 1691/1691/1691 1692/1692/1692 
f 1707/1707/1707 1705/1705/1705 1706/1706/1706 
f 1705/1705/1705 1707/1707/1707 1708/1708/1708 
f 1709/1709/1709 1708/1708/1708 1707/1707/1707 
f 1707/1707/1707 1710/1710/1710 1709/1709/1709 
f 1713/1713/1713 1714/1714/1714 1715/1715/1715 
f 1715/1715/1715 1714/1714/1714 1716/1716/1716 
f 1714/1714/1714 1717/1717/1717 1716/1716/1716 
f 1716/1716/1716 1717/1717/1717 1718/1718/1718 
f 1727/1727/1727 1728/1728/1728 1729/1729/1729 
f 1728/1728/1728 1730/1730/1730 1729/1729/1729 
f 1730/1730/1730 1728/1728/1728 1731/1731/1731 
f 1730/1730/1730 1731/1731/1731 1732/1732/1732 
f 1730/1730/1730 1732/1732/1732 1733/1733/1733 
f 1734/1734/1734 1735/1735/1735 1736/1736/1736 
f 1735/1735/1735 1734/1734/1734 1737/1737/1737 
f 1738/1738/1738 1735/1735/1735 1737/1737/1737 
f 1735/1735/1735 1738/1738/1738 1739/1739/1739 
f 1739/1739/1739 1738/1738/1738 1740/1740/1740 
f 1741/1741/1741 1742/1742/1742 1743/1743/1743 
f 1741/1741/1741 1743/1743/1743 1744/1744/1744 
f 1741/1741/1741 1745/1745/1745 1742/1742/1742 
f 1745/1745/1745 1741/1741/1741 1746/1746/1746 
f 1745/1745/1745 1746/1746/1746 1747/1747/1747 
f 1752/1752/1752 1753/1753/1753 1754/1754/1754 
f 1753/1753/1753 1752/1752/1752 1755/1755/1755 
f 1756/1756/1756 1753/1753/1753 1755/1755/1755 
f 1753/1753/1753 1756/1756/1756 1757/1757/1757 
f 1757/1757/1757 1756/1756/1756 1758/1758/1758 
f 1763/1763/1763 1764/1764/1764 1765/1765/1765 
f 1764/1764/1764 1763/1763/1763 1766/1766/1766 
f 1768/1768/1768 1767/1767/1767 1769/1769/1769 
f 1767/1767/1767 1770/1770/1770 1769/1769/1769 
f 1769/1769/1769 1770/1770/1770 1771/1771/1771 
f 1770/1770/1770 1772/1772/1772 1771/1771/1771 
f 1777/1777/1777 1773/1773/1773 1775/1775/1775 
f 1777/1777/1777 1776/1776/1776 1774/1774/1774 
f 1773/1773/1773 1777/1777/1777 1778/1778/1778 
f 1774/1774/1774 1778/1778/1778 1777/1777/1777 
f 1779/1779/1779 1780/1780/1780 1781/1781/1781 
f 1781/1781/1781 1783/1783/1783 1779/1779/1779 
f 1785/1785/1785 1779/1779/1779 1783/1783/1783 
f 1783/1783/1783 1786/1786/1786 1785/1785/1785 
f 1791/1791/1791 1790/1790/1790 1789/1789/1789 
f 1789/1789/1789 1792/1792/1792 1791/1791/1791 
f 1793/1793/1793 1791/1791/1791 1792/1792/1792 
f 1792/1792/1792 1794/1794/1794 1793/1793/1793 
f 1797/1797/1797 1795/1795/1795 1796/1796/1796 
f 1796/1796/1796 1798/1798/1798 1797/1797/1797 
f 1799/1799/1799 1797/1797/1797 1798/1798/1798 
f 1798/1798/1798 1800/1800/1800 1799/1799/1799 
f 1802/1802/1802 1803/1803/1803 1801/1801/1801 
f 1803/1803/1803 1802/1802/1802 1804/1804/1804 
f 1805/1805/1805 1803/1803/1803 1804/1804/1804 
f 1803/1803/1803 1805/1805/1805 1806/1806/1806 
f 1815/1815/1815 1811/1811/1811 1813/1813/1813 
f 1815/1815/1815 1814/1814/1814 1816/1816/1816 
f 1814/1814/1814 1815/1815/1815 1817/1817/1817 
f 1817/1817/1817 1815/1815/1815 1813/1813/1813 
f 1818/1818/1818 1819/1819/1819 1820/1820/1820 
f 1822/1822/1822 1820/1820/1820 1819/1819/1819 
f 1820/1820/1820 1822/1822/1822 1823/1823/1823 
f 1821/1821/1821 1823/1823/1823 1822/1822/1822 
f 1825/1825/1825 1826/1826/1826 1827/1827/1827 
f 1826/1826/1826 1825/1825/1825 1828/1828/1828 
f 1829/1829/1829 1827/1827/1827 1826/1826/1826 
f 1826/1826/1826 1830/1830/1830 1829/1829/1829 
f 1831/1831/1831 1829/1829/1829 1830/1830/1830 
f 1832/1832/1832 1829/1829/1829 1831/1831/1831 
f 1831/1831/1831 1833/1833/1833 1832/1832/1832 
f 1833/1833/1833 1831/1831/1831 1834/1834/1834 
f 1839/1839/1839 1837/1837/1837 1838/1838/1838 
f 1837/1837/1837 1839/1839/1839 1840/1840/1840 
f 1841/1841/1841 1839/1839/1839 1838/1838/1838 
f 1839/1839/1839 1841/1841/1841 1842/1842/1842 
f 1841/1841/1841 1843/1843/1843 1842/1842/1842 
f 1841/1841/1841 1845/1845/1845 1843/1843/1843 
f 1846/1846/1846 1843/1843/1843 1845/1845/1845 
f 1843/1843/1843 1846/1846/1846 1847/1847/1847 
f 1848/1848/1848 1850/1850/1850 1849/1849/1849 
f 1850/1850/1850 1848/1848/1848 1851/1851/1851 
f 1854/1854/1854 1852/1852/1852 1853/1853/1853 
f 1852/1852/1852 1854/1854/1854 1855/1855/1855 
f 1856/1856/1856 1855/1855/1855 1854/1854/1854 
f 1856/1856/1856 1854/1854/1854 1857/1857/1857 
f 1858/1858/1858 1859/1859/1859 1860/1860/1860 
f 1861/1861/1861 1858/1858/1858 1860/1860/1860 
f 1859/1859/1859 1858/1858/1858 1862/1862/1862 
f 1858/1858/1858 1861/1861/1861 1863/1863/1863 
f 1862/1862/1862 1864/1864/1864 1859/1859/1859 
f 1865/1865/1865 1863/1863/1863 1861/1861/1861 
f 1862/1862/1862 1866/1866/1866 1864/1864/1864 
f 1866/1866/1866 1867/1867/1867 1864/1864/1864 
f 1868/1868/1868 1867/1867/1867 1866/1866/1866 
f 1863/1863/1863 1865/1865/1865 1869/1869/1869 
f 1870/1870/1870 1869/1869/1869 1865/1865/1865 
f 1869/1869/1869 1870/1870/1870 1871/1871/1871 
f 1872/1872/1872 1873/1873/1873 1874/1874/1874 
f 1873/1873/1873 1872/1872/1872 1875/1875/1875 
f 1876/1876/1876 1874/1874/1874 1873/1873/1873 
f 1874/1874/1874 1876/1876/1876 1877/1877/1877 
f 1878/1878/1878 1879/1879/1879 1880/1880/1880 
f 1879/1879/1879 1878/1878/1878 1882/1882/1882 
f 1884/1884/1884 1879/1879/1879 1882/1882/1882 
f 1879/1879/1879 1884/1884/1884 1885/1885/1885 
f 1891/1891/1891 1890/1890/1890 1888/1888/1888 
f 1890/1890/1890 1891/1891/1891 1892/1892/1892 
f 1893/1893/1893 1892/1892/1892 1891/1891/1891 
f 1892/1892/1892 1893/1893/1893 1894/1894/1894 
f 1897/1897/1897 1898/1898/1898 1899/1899/1899 
f 1898/1898/1898 1897/1897/1897 1900/1900/1900 
f 1901/1901/1901 1902/1902/1902 1903/1903/1903 
f 1902/1902/1902 1901/1901/1901 1904/1904/1904 
f 1903/1903/1903 1905/1905/1905 1901/1901/1901 
f 1904/1904/1904 1906/1906/1906 1902/1902/1902 
f 1902/1902/1902 1906/1906/1906 1907/1907/1907 
f 1906/1906/1906 1908/1908/1908 1907/1907/1907 
f 1907/1907/1907 1908/1908/1908 1909/1909/1909 
f 1905/1905/1905 1903/1903/1903 1910/1910/1910 
f 1908/1908/1908 1911/1911/1911 1909/1909/1909 
f 1909/1909/1909 1911/1911/1911 1912/1912/1912 
f 1908/1908/1908 1913/1913/1913 1911/1911/1911 
f 1910/1910/1910 1914/1914/1914 1905/1905/1905 
f 1914/1914/1914 1910/1910/1910 1915/1915/1915 
f 1914/1914/1914 1916/1916/1916 1905/1905/1905 
f 1917/1917/1917 1911/1911/1911 1913/1913/1913 
f 1916/1916/1916 1914/1914/1914 1918/1918/1918 
f 1913/1913/1913 1919/1919/1919 1917/1917/1917 
f 1919/1919/1919 1920/1920/1920 1917/1917/1917 
f 1921/1921/1921 1919/1919/1919 1913/1913/1913 
f 1913/1913/1913 1922/1922/1922 1921/1921/1921 
f 1923/1923/1923 1921/1921/1921 1922/1922/1922 
f 1922/1922/1922 1924/1924/1924 1923/1923/1923 
f 1925/1925/1925 1923/1923/1923 1924/1924/1924 
f 1923/1923/1923 1925/1925/1925 1926/1926/1926 
f 1916/1916/1916 1926/1926/1926 1925/1925/1925 
f 1926/1926/1926 1916/1916/1916 1927/1927/1927 
f 1918/1918/1918 1927/1927/1927 1916/1916/1916 
f 1927/1927/1927 1918/1918/1918 1928/1928/1928 
f 1929/1929/1929 1930/1930/1930 1931/1931/1931 
f 1932/1932/1932 1931/1931/1931 1930/1930/1930 
f 1931/1931/1931 1932/1932/1932 1933/1933/1933 
f 1930/1930/1930 1934/1934/1934 1932/1932/1932 
f 1934/1934/1934 1930/1930/1930 1935/1935/1935 
f 1935/1935/1935 1936/1936/1936 1934/1934/1934 
f 1936/1936/1936 1935/1935/1935 1937/1937/1937 
f 1938/1938/1938 1936/1936/1936 1937/1937/1937 
f 1936/1936/1936 1938/1938/1938 1939/1939/1939 
f 1930/1930/1930 1929/1929/1929 1940/1940/1940 
f 1941/1941/1941 1939/1939/1939 1938/1938/1938 
f 1939/1939/1939 1941/1941/1941 1942/1942/1942 
f 1943/1943/1943 1942/1942/1942 1941/1941/1941 
f 1942/1942/1942 1943/1943/1943 1944/1944/1944 
f 1941/1941/1941 1945/1945/1945 1943/1943/1943 
f 1945/1945/1945 1941/1941/1941 1946/1946/1946 
f 1929/1929/1929 1947/1947/1947 1940/1940/1940 
f 1929/1929/1929 1948/1948/1948 1947/1947/1947 
f 1947/1947/1947 1949/1949/1949 1940/1940/1940 
f 1940/1940/1940 1949/1949/1949 1950/1950/1950 
f 1949/1949/1949 1951/1951/1951 1950/1950/1950 
f 1950/1950/1950 1951/1951/1951 1952/1952/1952 
f 1951/1951/1951 1953/1953/1953 1952/1952/1952 
f 1953/1953/1953 1951/1951/1951 1954/1954/1954 
f 1954/1954/1954 1946/1946/1946 1953/1953/1953 
f 1946/1946/1946 1954/1954/1954 1955/1955/1955 
f 1955/1955/1955 1945/1945/1945 1946/1946/1946 
f 1945/1945/1945 1955/1955/1955 1956/1956/1956 
f 1957/1957/1957 1958/1958/1958 1959/1959/1959 
f 1958/1958/1958 1957/1957/1957 1960/1960/1960 
f 1961/1961/1961 1959/1959/1959 1958/1958/1958 
f 1959/1959/1959 1961/1961/1961 1962/1962/1962 
f 1965/1965/1965 1964/1964/1964 1963/1963/1963 
f 1964/1964/1964 1965/1965/1965 1966/1966/1966 
f 1967/1967/1967 1968/1968/1968 1969/1969/1969 
f 1970/1970/1970 1969/1969/1969 1968/1968/1968 
f 1968/1968/1968 1967/1967/1967 1971/1971/1971 
f 1968/1968/1968 1972/1972/1972 1970/1970/1970 
f 1973/1973/1973 1971/1971/1971 1967/1967/1967 
f 1974/1974/1974 1970/1970/1970 1972/1972/1972 
f 1971/1971/1971 1973/1973/1973 1975/1975/1975 
f 1976/1976/1976 1975/1975/1975 1973/1973/1973 
f 1975/1975/1975 1976/1976/1976 1977/1977/1977 
f 1972/1972/1972 1978/1978/1978 1974/1974/1974 
f 1974/1974/1974 1978/1978/1978 1979/1979/1979 
f 1980/1980/1980 1979/1979/1979 1978/1978/1978 
f 1984/1984/1984 1985/1985/1985 1986/1986/1986 
f 1985/1985/1985 1984/1984/1984 1987/1987/1987 
f 1988/1988/1988 1985/1985/1985 1987/1987/1987 
f 1985/1985/1985 1988/1988/1988 1989/1989/1989 
f 1998/1998/1998 1997/1997/1997 1996/1996/1996 
f 1996/1996/1996 1999/1999/1999 1998/1998/1998 
f 2000/2000/2000 1998/1998/1998 1999/1999/1999 
f 1998/1998/1998 2000/2000/2000 2001/2001/2001 
f 2007/2007/2007 2006/2006/2006 2005/2005/2005 
f 2005/2005/2005 2008/2008/2008 2007/2007/2007 
f 2009/2009/2009 2007/2007/2007 2008/2008/2008 
f 2007/2007/2007 2009/2009/2009 2010/2010/2010 
f 2034/2034/2034 2035/2035/2035 2036/2036/2036 
f 2034/2034/2034 2036/2036/2036 2037/2037/2037 
f 2035/2035/2035 2034/2034/2034 2038/2038/2038 
f 2038/2038/2038 2039/2039/2039 2035/2035/2035 
f 2039/2039/2039 2038/2038/2038 2040/2040/2040 
f 2034/2034/2034 2043/2043/2043 2045/2045/2045 
f 2043/2043/2043 2034/2034/2034 2037/2037/2037 
f 2037/2037/2037 2044/2044/2044 2043/2043/2043 
f 2044/2044/2044 2037/2037/2037 2046/2046/2046 
f 2044/2044/2044 2046/2046/2046 2047/2047/2047 
f 2048/2048/2048 2047/2047/2047 2046/2046/2046 
f 2047/2047/2047 2048/2048/2048 2049/2049/2049 
f 2049/2049/2049 2048/2048/2048 2050/2050/2050 
f 2051/2051/2051 2050/2050/2050 2048/2048/2048 
f 2057/2057/2057 2058/2058/2058 2059/2059/2059 
f 2059/2059/2059 2058/2058/2058 2060/2060/2060 
f 2058/2058/2058 2061/2061/2061 2060/2060/2060 
f 2061/2061/2061 2062/2062/2062 2060/2060/2060 
f 2063/2063/2063 2062/2062/2062 2061/2061/2061 
f 2062/2062/2062 2063/2063/2063 2064/2064/2064 
f 2064/2064/2064 2063/2063/2063 2065/2065/2065 
f 2068/2068/2068 2067/2067/2067 2069/2069/2069 
f 2069/2069/2069 2070/2070/2070 2068/2068/2068 
f 2070/2070/2070 2069/2069/2069 2071/2071/2071 
f 2070/2070/2070 2071/2071/2071 2072/2072/2072 
f 2071/2071/2071 2059/2059/2059 2072/2072/2072 
f 2059/2059/2059 2071/2071/2071 2057/2057/2057 
f 2071/2071/2071 2073/2073/2073 2057/2057/2057 
f 2076/2076/2076 2078/2078/2078 2074/2074/2074 
f 2078/2078/2078 2076/2076/2076 2079/2079/2079 
f 2076/2076/2076 2080/2080/2080 2079/2079/2079 
f 2081/2081/2081 2079/2079/2079 2080/2080/2080 
f 2082/2082/2082 2081/2081/2081 2080/2080/2080 
f 2081/2081/2081 2082/2082/2082 2083/2083/2083 
f 2083/2083/2083 2082/2082/2082 2084/2084/2084 
f 2078/2078/2078 2085/2085/2085 2074/2074/2074 
f 2074/2074/2074 2085/2085/2085 2086/2086/2086 
f 2085/2085/2085 2078/2078/2078 2087/2087/2087 
f 2085/2085/2085 2087/2087/2087 2088/2088/2088 
f 2085/2085/2085 2088/2088/2088 2089/2089/2089 
f 2090/2090/2090 2089/2089/2089 2088/2088/2088 
f 2089/2089/2089 2090/2090/2090 2091/2091/2091 
f 2094/2094/2094 2095/2095/2095 2096/2096/2096 
f 2097/2097/2097 2096/2096/2096 2095/2095/2095 
f 2095/2095/2095 2094/2094/2094 2098/2098/2098 
f 2095/2095/2095 2099/2099/2099 2097/2097/2097 
f 2100/2100/2100 2101/2101/2101 2102/2102/2102 
f 2100/2100/2100 2102/2102/2102 2103/2103/2103 
f 2104/2104/2104 2105/2105/2105 2106/2106/2106 
f 2105/2105/2105 2104/2104/2104 2107/2107/2107 
f 2117/2117/2117 2118/2118/2118 2119/2119/2119 
f 2118/2118/2118 2120/2120/2120 2119/2119/2119 
f 2118/2118/2118 2117/2117/2117 2121/2121/2121 
f 2122/2122/2122 2119/2119/2119 2120/2120/2120 
f 2123/2123/2123 2121/2121/2121 2117/2117/2117 
f 2124/2124/2124 2122/2122/2122 2120/2120/2120 
f 2123/2123/2123 2117/2117/2117 2125/2125/2125 
f 2124/2124/2124 2126/2126/2126 2122/2122/2122 
f 2125/2125/2125 2127/2127/2127 2123/2123/2123 
f 2126/2126/2126 2124/2124/2124 2128/2128/2128 
f 2129/2129/2129 2127/2127/2127 2125/2125/2125 
f 2130/2130/2130 2126/2126/2126 2128/2128/2128 
f 2129/2129/2129 2131/2131/2131 2127/2127/2127 
f 2130/2130/2130 2131/2131/2131 2132/2132/2132 
f 2133/2133/2133 2127/2127/2127 2131/2131/2131 
f 2133/2133/2133 2130/2130/2130 2128/2128/2128 
f 2131/2131/2131 2130/2130/2130 2133/2133/2133 
f 2135/2135/2135 2136/2136/2136 2137/2137/2137 
f 2136/2136/2136 2135/2135/2135 2138/2138/2138 
f 2139/2139/2139 2140/2140/2140 2141/2141/2141 
f 2140/2140/2140 2139/2139/2139 2142/2142/2142 
f 2143/2143/2143 2144/2144/2144 2145/2145/2145 
f 2145/2145/2145 2144/2144/2144 2146/2146/2146 
f 2144/2144/2144 2148/2148/2148 2146/2146/2146 
f 2146/2146/2146 2148/2148/2148 2149/2149/2149 
f 2155/2155/2155 2154/2154/2154 2153/2153/2153 
f 2153/2153/2153 2156/2156/2156 2155/2155/2155 
f 2157/2157/2157 2155/2155/2155 2156/2156/2156 
f 2155/2155/2155 2157/2157/2157 2158/2158/2158 
f 2163/2163/2163 2162/2162/2162 2161/2161/2161 
f 2161/2161/2161 2164/2164/2164 2163/2163/2163 
f 2165/2165/2165 2163/2163/2163 2164/2164/2164 
f 2164/2164/2164 2166/2166/2166 2165/2165/2165 
f 2169/2169/2169 2167/2167/2167 2168/2168/2168 
f 2168/2168/2168 2170/2170/2170 2169/2169/2169 
f 2172/2172/2172 2169/2169/2169 2170/2170/2170 
f 2170/2170/2170 2171/2171/2171 2172/2172/2172 
f 2178/2178/2178 2174/2174/2174 2176/2176/2176 
f 2179/2179/2179 2175/2175/2175 2177/2177/2177 
f 2177/2177/2177 2178/2178/2178 2179/2179/2179 
f 2176/2176/2176 2179/2179/2179 2178/2178/2178 
f 2181/2181/2181 2183/2183/2183 2182/2182/2182 
f 2183/2183/2183 2181/2181/2181 2184/2184/2184 
f 2184/2184/2184 2185/2185/2185 2183/2183/2183 
f 2185/2185/2185 2184/2184/2184 2186/2186/2186 
f 2191/2191/2191 2192/2192/2192 2193/2193/2193 
f 2192/2192/2192 2194/2194/2194 2193/2193/2193 
f 2193/2193/2193 2194/2194/2194 2195/2195/2195 
f 2194/2194/2194 2197/2197/2197 2195/2195/2195 
f 2199/2199/2199 2200/2200/2200 2202/2202/2202 
f 2204/2204/2204 2202/2202/2202 2200/2200/2200 
f 2202/2202/2202 2204/2204/2204 2205/2205/2205 
f 2206/2206/2206 2205/2205/2205 2204/2204/2204 
f 2215/2215/2215 2210/2210/2210 2213/2213/2213 
f 2210/2210/2210 2215/2215/2215 2216/2216/2216 
f 2216/2216/2216 2215/2215/2215 2212/2212/2212 
f 2215/2215/2215 2217/2217/2217 2212/2212/2212 
f 2223/2223/2223 2225/2225/2225 2221/2221/2221 
f 2225/2225/2225 2223/2223/2223 2226/2226/2226 
f 2226/2226/2226 2227/2227/2227 2225/2225/2225 
f 2227/2227/2227 2226/2226/2226 2228/2228/2228 
f 2234/2234/2234 2232/2232/2232 2233/2233/2233 
f 2232/2232/2232 2234/2234/2234 2235/2235/2235 
f 2234/2234/2234 2236/2236/2236 2235/2235/2235 
f 2236/2236/2236 2234/2234/2234 2237/2237/2237 
f 2238/2238/2238 2239/2239/2239 2240/2240/2240 
f 2241/2241/2241 2240/2240/2240 2239/2239/2239 
f 2239/2239/2239 2238/2238/2238 2242/2242/2242 
f 2241/2241/2241 2243/2243/2243 2240/2240/2240 
f 2251/2251/2251 2249/2249/2249 2250/2250/2250 
f 2249/2249/2249 2251/2251/2251 2252/2252/2252 
f 2251/2251/2251 2253/2253/2253 2252/2252/2252 
f 2253/2253/2253 2251/2251/2251 2254/2254/2254 
f 2255/2255/2255 2256/2256/2256 2257/2257/2257 
f 2257/2257/2257 2258/2258/2258 2255/2255/2255 
f 2259/2259/2259 2255/2255/2255 2258/2258/2258 
f 2255/2255/2255 2259/2259/2259 2260/2260/2260 

g Meshpart4

v -570.17 5.67927 -0.956342 
v -570.303 5.86304 -0.894668 
v -570.21 5.63913 -0.894668 
v -569.986 5.54638 -0.894668 
v -569.986 5.60315 -0.956342 
v -569.802 5.67927 -0.956342 
v -569.762 5.63913 -0.89467 
v -569.67 5.86304 -0.89467 
v -570.194 5.65496 -1.69695 
v -570.194 5.65496 -1.38163 
v -569.986 5.56877 -1.69695 
v -569.986 5.56877 -1.38163 
v -569.778 5.65496 -1.69695 
v -569.778 5.65496 -1.38163 
v -569.778 6.07112 -1.69695 
v -569.778 6.07112 -1.38163 
v -570.21 5.63913 -0.583472 
v -570.21 5.63913 -0.894668 
v -570.303 5.86304 -0.894668 
v -570.303 5.86304 -0.583472 
v -569.986 5.54638 -0.583472 
v -569.986 5.54638 -0.894668 
v -569.762 5.63913 -0.583474 
v -569.762 5.63913 -0.89467 
v -569.67 5.86304 -0.583474 
v -569.67 5.86304 -0.89467 
v -569.802 5.67927 -0.5218 
v -569.762 5.63913 -0.583474 
v -569.986 5.54638 -0.583472 
v -569.986 5.60315 -0.5218 
v -570.17 5.67927 -0.5218 
v -570.21 5.63913 -0.583472 
v -570.17 5.67927 -0.956342 
v -570.303 5.86304 -0.894668 
v -570.21 5.63913 -0.894668 
v -570.246 5.86304 -0.956342 
v -569.986 5.60315 -0.956342 
v -570.17 6.0468 -0.956342 
v -570.21 6.08695 -0.894668 
v -570.303 5.86304 -0.894668 
v -570.246 5.86304 -0.956342 
v -570.194 5.65496 -1.69695 
v -570.281 5.86304 -1.38163 
v -570.194 5.65496 -1.38163 
v -570.281 5.86304 -1.69695 
v -569.986 6.15731 -1.69695 
v -570.194 6.07112 -1.69695 
v -570.194 6.07112 -1.38163 
v -570.281 5.86304 -1.69695 
v -570.281 5.86304 -1.38163 
v -570.21 5.63913 -0.583472 
v -570.21 5.63913 -0.894668 
v -570.303 5.86304 -0.894668 
v -570.303 5.86304 -0.583472 
v -570.21 6.08695 -0.583472 
v -570.21 6.08695 -0.894668 
v -570.303 5.86304 -0.583472 
v -570.303 5.86304 -0.894668 
v -570.17 6.0468 -0.5218 
v -570.21 6.08695 -0.583472 
v -570.303 5.86304 -0.583472 
v -570.246 5.86304 -0.5218 
v -569.986 5.60315 -0.5218 
v -570.17 5.67927 -0.5218 
v -570.21 5.63913 -0.583472 
v -570.303 5.86304 -0.583472 
v -570.246 5.86304 -0.5218 
v -569.67 5.86304 -0.89467 
v -569.802 6.0468 -0.956342 
v -569.762 6.08695 -0.894668 
v -569.986 6.17969 -0.894668 
v -569.986 6.12292 -0.956342 
v -570.17 6.0468 -0.956342 
v -570.21 6.08695 -0.894668 
v -570.303 5.86304 -0.894668 
v -570.246 5.86304 -0.956342 
v -569.778 6.07112 -1.69695 
v -569.778 6.07112 -1.38163 
v -569.986 6.15731 -1.69695 
v -569.986 6.15731 -1.38163 
v -570.194 6.07112 -1.69695 
v -570.194 6.07112 -1.38163 
v -569.67 5.86304 -0.583474 
v -569.67 5.86304 -0.89467 
v -569.762 6.08695 -0.894668 
v -569.762 6.08695 -0.583474 
v -569.986 6.17969 -0.894668 
v -569.986 6.17969 -0.583472 
v -570.21 6.08695 -0.583472 
v -570.21 6.08695 -0.894668 
v -570.303 5.86304 -0.583472 
v -569.762 6.08695 -0.583474 
v -569.802 6.0468 -0.5218 
v -569.986 6.17969 -0.583472 
v -569.986 6.12292 -0.5218 
v -570.17 6.0468 -0.5218 
v -570.21 6.08695 -0.583472 
v -569.802 5.67927 -0.956342 
v -569.762 5.63913 -0.89467 
v -569.67 5.86304 -0.89467 
v -569.726 5.86304 -0.956342 
v -569.802 6.0468 -0.956342 
v -569.762 6.08695 -0.894668 
v -569.778 5.65496 -1.69695 
v -569.778 5.65496 -1.38163 
v -569.692 5.86304 -1.69695 
v -569.692 5.86304 -1.38163 
v -569.778 6.07112 -1.69695 
v -569.778 6.07112 -1.38163 
v -569.762 5.63913 -0.583474 
v -569.762 5.63913 -0.89467 
v -569.67 5.86304 -0.583474 
v -569.67 5.86304 -0.89467 
v -569.762 6.08695 -0.894668 
v -569.762 6.08695 -0.583474 
v -569.762 6.08695 -0.583474 
v -569.67 5.86304 -0.583474 
v -569.802 6.0468 -0.5218 
v -569.986 6.17969 -0.583472 
v -569.726 5.86304 -0.5218 
v -569.986 6.12292 -0.5218 
v -569.802 5.67927 -0.5218 
v -569.762 5.63913 -0.583474 

vn 0.519685 0.519685 0.677165 
vn 0.732283 0 0.677165 
vn 0.519685 0.519685 0.677165 
vn 0 0.732283 0.677165 
vn 0 0.732283 0.677165 
vn -0.519685 0.519685 0.677165 
vn -0.519685 0.519685 0.677165 
vn -0.732283 0 0.677165 
vn 0.708661 0.708661 0 
vn 0.708661 0.708661 0 
vn 0 1 0 
vn 0 1 0 
vn -0.708661 0.708661 0 
vn -0.708661 0.708661 0 
vn -0.708661 -0.708661 0 
vn -0.708661 -0.708661 0 
vn 0.708661 0.708661 0 
vn 0.708661 0.708661 0 
vn 1 0 0 
vn 1 0 0 
vn 0 1 0 
vn 0 1 0 
vn -0.708661 0.708661 0 
vn -0.708661 0.708661 0 
vn -1 0 0 
vn -1 0 0 
vn -0.519685 0.519685 -0.677165 
vn -0.519685 0.519685 -0.677165 
vn 0 0.732283 -0.677165 
vn 0 0.732283 -0.677165 
vn 0.519685 0.519685 -0.677165 
vn 0.519685 0.519685 -0.677165 
vn 0.519685 0.519685 0.677165 
vn 0.732283 0 0.677165 
vn 0.519685 0.519685 0.677165 
vn 0.732283 0 0.677165 
vn 0 0.732283 0.677165 
vn 0.519685 -0.519685 0.677165 
vn 0.519685 -0.519685 0.677165 
vn 0.732283 0 0.677165 
vn 0.732283 0 0.677165 
vn 0.708661 0.708661 0 
vn 1 0 0 
vn 0.708661 0.708661 0 
vn 1 0 0 
vn 0 -1 0 
vn 0.708661 -0.708661 0 
vn 0.708661 -0.708661 0 
vn 1 0 0 
vn 1 0 0 
vn 0.708661 0.708661 0 
vn 0.708661 0.708661 0 
vn 1 0 0 
vn 1 0 0 
vn 0.708661 -0.708661 0 
vn 0.708661 -0.708661 0 
vn 1 0 0 
vn 1 0 0 
vn 0.519685 -0.519685 -0.677165 
vn 0.519685 -0.519685 -0.677165 
vn 0.732283 0 -0.677165 
vn 0.732283 0 -0.677165 
vn 0 0.732283 -0.677165 
vn 0.519685 0.519685 -0.677165 
vn 0.519685 0.519685 -0.677165 
vn 0.732283 0 -0.677165 
vn 0.732283 0 -0.677165 
vn -0.732283 0 0.677165 
vn -0.519685 -0.519685 0.677165 
vn -0.519685 -0.519685 0.677165 
vn 0 -0.732283 0.677165 
vn 0 -0.732283 0.677165 
vn 0.519685 -0.519685 0.677165 
vn 0.519685 -0.519685 0.677165 
vn 0.732283 0 0.677165 
vn 0.732283 0 0.677165 
vn -0.708661 -0.708661 0 
vn -0.708661 -0.708661 0 
vn 0 -1 0 
vn 0 -1 0 
vn 0.708661 -0.708661 0 
vn 0.708661 -0.708661 0 
vn -1 0 0 
vn -1 0 0 
vn -0.708661 -0.708661 0 
vn -0.708661 -0.708661 0 
vn 0 -1 0 
vn 0 -1 0 
vn 0.708661 -0.708661 0 
vn 0.708661 -0.708661 0 
vn 1 0 0 
vn -0.519685 -0.519685 -0.677165 
vn -0.519685 -0.519685 -0.677165 
vn 0 -0.732283 -0.677165 
vn 0 -0.732283 -0.677165 
vn 0.519685 -0.519685 -0.677165 
vn 0.519685 -0.519685 -0.677165 
vn -0.519685 0.519685 0.677165 
vn -0.519685 0.519685 0.677165 
vn -0.732283 0 0.677165 
vn -0.732283 0 0.677165 
vn -0.519685 -0.519685 0.677165 
vn -0.519685 -0.519685 0.677165 
vn -0.708661 0.708661 0 
vn -0.708661 0.708661 0 
vn -1 0 0 
vn -1 0 0 
vn -0.708661 -0.708661 0 
vn -0.708661 -0.708661 0 
vn -0.708661 0.708661 0 
vn -0.708661 0.708661 0 
vn -1 0 0 
vn -1 0 0 
vn -0.708661 -0.708661 0 
vn -0.708661 -0.708661 0 
vn -0.519685 -0.519685 -0.677165 
vn -0.732283 0 -0.677165 
vn -0.519685 -0.519685 -0.677165 
vn 0 -0.732283 -0.677165 
vn -0.732283 0 -0.677165 
vn 0 -0.732283 -0.677165 
vn -0.519685 0.519685 -0.677165 
vn -0.519685 0.519685 -0.677165 

vt 0.38283 -0.169973 
vt 0.390539 -0.186584 
vt 0.390539 -0.174991 
vt 0.390539 -0.147003 
vt 0.38283 -0.147003 
vt 0.38283 -0.124032 
vt 0.390539 -0.119014 
vt 0.390539 -0.107421 
vt 0.290254 -0.173013 
vt 0.329669 -0.173013 
vt 0.290254 -0.147003 
vt 0.329669 -0.147003 
vt 0.290254 -0.120993 
vt 0.329669 -0.120993 
vt 0.290254 -0.120993 
vt 0.329669 -0.120993 
vt 0.429439 -0.174991 
vt 0.390539 -0.174991 
vt 0.390539 -0.186584 
vt 0.429439 -0.186584 
vt 0.429439 -0.147003 
vt 0.390539 -0.147003 
vt 0.429439 -0.119014 
vt 0.390539 -0.119014 
vt 0.429439 -0.107421 
vt 0.390539 -0.107421 
vt 0.437148 -0.124032 
vt 0.429439 -0.119014 
vt 0.429439 -0.147003 
vt 0.437148 -0.147003 
vt 0.437148 -0.169973 
vt 0.429439 -0.174991 
vt 0.344572 -0.169974 
vt 0.336863 -0.147003 
vt 0.336863 -0.174991 
vt 0.344572 -0.147003 
vt 0.344572 -0.179488 
vt 0.344572 -0.124032 
vt 0.336863 -0.119014 
vt 0.336863 -0.147003 
vt 0.344572 -0.147003 
vt 0.437148 -0.173013 
vt 0.397733 -0.147003 
vt 0.397733 -0.173013 
vt 0.437148 -0.147003 
vt 0.437148 -0.110219 
vt 0.437148 -0.120993 
vt 0.397733 -0.120993 
vt 0.437148 -0.147003 
vt 0.397733 -0.147003 
vt 0.297963 -0.174991 
vt 0.336863 -0.174991 
vt 0.336863 -0.147003 
vt 0.297963 -0.147003 
vt 0.297963 -0.119014 
vt 0.336863 -0.119014 
vt 0.297963 -0.147003 
vt 0.336863 -0.147003 
vt 0.290254 -0.124032 
vt 0.297963 -0.119014 
vt 0.297963 -0.147003 
vt 0.290254 -0.147003 
vt 0.290254 -0.179488 
vt 0.290254 -0.169973 
vt 0.297963 -0.174991 
vt 0.297963 -0.147003 
vt 0.290254 -0.147003 
vt 0.336863 -0.107421 
vt 0.344572 -0.124032 
vt 0.336863 -0.119014 
vt 0.336863 -0.147003 
vt 0.344572 -0.147003 
vt 0.344572 -0.169973 
vt 0.336863 -0.174991 
vt 0.336863 -0.186584 
vt 0.344572 -0.179488 
vt 0.437148 -0.120993 
vt 0.397733 -0.120993 
vt 0.437148 -0.147003 
vt 0.397733 -0.147003 
vt 0.437148 -0.173013 
vt 0.397733 -0.173013 
vt 0.297963 -0.107421 
vt 0.336863 -0.107421 
vt 0.336863 -0.119014 
vt 0.297963 -0.119014 
vt 0.336863 -0.147003 
vt 0.297963 -0.147003 
vt 0.297963 -0.174991 
vt 0.336863 -0.174991 
vt 0.297963 -0.186584 
vt 0.297963 -0.119014 
vt 0.290254 -0.124032 
vt 0.297963 -0.147003 
vt 0.290254 -0.147003 
vt 0.290254 -0.169973 
vt 0.297963 -0.174991 
vt 0.38283 -0.169974 
vt 0.390539 -0.174991 
vt 0.390539 -0.147003 
vt 0.38283 -0.147003 
vt 0.38283 -0.124032 
vt 0.390539 -0.119014 
vt 0.290254 -0.173013 
vt 0.329669 -0.173013 
vt 0.290254 -0.147003 
vt 0.329669 -0.147003 
vt 0.290254 -0.120993 
vt 0.329669 -0.120993 
vt 0.429439 -0.174991 
vt 0.390539 -0.174991 
vt 0.429439 -0.147003 
vt 0.390539 -0.147003 
vt 0.390539 -0.119014 
vt 0.429439 -0.119014 
vt 0.429439 -0.119014 
vt 0.429439 -0.147003 
vt 0.437148 -0.124032 
vt 0.429439 -0.107421 
vt 0.437148 -0.147003 
vt 0.437148 -0.114517 
vt 0.437148 -0.169973 
vt 0.429439 -0.174991 

usemtl Meshpart4Mtl

f 2263/2263/2263 2264/2264/2264 2261/2261/2261 
f 2261/2261/2261 2264/2264/2264 2265/2265/2265 
f 2264/2264/2264 2266/2266/2266 2265/2265/2265 
f 2266/2266/2266 2264/2264/2264 2267/2267/2267 
f 2269/2269/2269 2270/2270/2270 2271/2271/2271 
f 2270/2270/2270 2272/2272/2272 2271/2271/2271 
f 2271/2271/2271 2272/2272/2272 2273/2273/2273 
f 2272/2272/2272 2274/2274/2274 2273/2273/2273 
f 2277/2277/2277 2281/2281/2281 2278/2278/2278 
f 2278/2278/2278 2281/2281/2281 2282/2282/2282 
f 2281/2281/2281 2283/2283/2283 2282/2282/2282 
f 2282/2282/2282 2283/2283/2283 2284/2284/2284 
f 2288/2288/2288 2289/2289/2289 2287/2287/2287 
f 2290/2290/2290 2287/2287/2287 2289/2289/2289 
f 2289/2289/2289 2291/2291/2291 2290/2290/2290 
f 2291/2291/2291 2289/2289/2289 2292/2292/2292 
f 2293/2293/2293 2294/2294/2294 2295/2295/2295 
f 2294/2294/2294 2293/2293/2293 2296/2296/2296 
f 2300/2300/2300 2298/2298/2298 2299/2299/2299 
f 2301/2301/2301 2298/2298/2298 2300/2300/2300 
f 2302/2302/2302 2303/2303/2303 2304/2304/2304 
f 2303/2303/2303 2302/2302/2302 2305/2305/2305 
f 2308/2308/2308 2309/2309/2309 2307/2307/2307 
f 2309/2309/2309 2308/2308/2308 2310/2310/2310 
f 2311/2311/2311 2312/2312/2312 2313/2313/2313 
f 2311/2311/2311 2313/2313/2313 2314/2314/2314 
f 2317/2317/2317 2316/2316/2316 2315/2315/2315 
f 2317/2317/2317 2318/2318/2318 2316/2316/2316 
f 2319/2319/2319 2321/2321/2321 2320/2320/2320 
f 2321/2321/2321 2319/2319/2319 2322/2322/2322 
f 2325/2325/2325 2326/2326/2326 2324/2324/2324 
f 2324/2324/2324 2326/2326/2326 2327/2327/2327 
f 2331/2331/2331 2329/2329/2329 2330/2330/2330 
f 2332/2332/2332 2329/2329/2329 2331/2331/2331 
f 2331/2331/2331 2333/2333/2333 2332/2332/2332 
f 2333/2333/2333 2331/2331/2331 2334/2334/2334 
f 2338/2338/2338 2339/2339/2339 2337/2337/2337 
f 2339/2339/2339 2338/2338/2338 2340/2340/2340 
f 2340/2340/2340 2341/2341/2341 2339/2339/2339 
f 2341/2341/2341 2340/2340/2340 2342/2342/2342 
f 2346/2346/2346 2347/2347/2347 2345/2345/2345 
f 2347/2347/2347 2346/2346/2346 2348/2348/2348 
f 2349/2349/2349 2347/2347/2347 2348/2348/2348 
f 2349/2349/2349 2350/2350/2350 2347/2347/2347 
f 2353/2353/2353 2354/2354/2354 2352/2352/2352 
f 2354/2354/2354 2353/2353/2353 2355/2355/2355 
f 2356/2356/2356 2354/2354/2354 2355/2355/2355 
f 2357/2357/2357 2354/2354/2354 2356/2356/2356 
f 2360/2360/2360 2358/2358/2358 2359/2359/2359 
f 2361/2361/2361 2358/2358/2358 2360/2360/2360 
f 2360/2360/2360 2362/2362/2362 2361/2361/2361 
f 2362/2362/2362 2360/2360/2360 2363/2363/2363 
f 2365/2365/2365 2366/2366/2366 2364/2364/2364 
f 2366/2366/2366 2365/2365/2365 2367/2367/2367 
f 2367/2367/2367 2368/2368/2368 2366/2366/2366 
f 2368/2368/2368 2367/2367/2367 2369/2369/2369 
f 2372/2372/2372 2371/2371/2371 2370/2370/2370 
f 2372/2372/2372 2373/2373/2373 2371/2371/2371 
f 2372/2372/2372 2374/2374/2374 2373/2373/2373 
f 2374/2374/2374 2372/2372/2372 2375/2375/2375 
f 2376/2376/2376 2377/2377/2377 2378/2378/2378 
f 2378/2378/2378 2377/2377/2377 2380/2380/2380 
f 2377/2377/2377 2382/2382/2382 2380/2380/2380 
f 2382/2382/2382 2377/2377/2377 2383/2383/2383 

g Meshpart5

v -570.07 5.77937 -1.38611 
v -569.915 5.79131 -1.33865 
v -570.058 5.93468 -1.33865 
v -569.903 5.94663 -1.38611 
v -569.986 5.96437 -1.33865 
v -570.088 5.863 -1.33865 
v -570.058 5.93468 -1.33865 
v -569.885 5.863 -1.33865 
v -569.915 5.93468 -1.33865 
v -569.986 5.76162 -1.33865 
v -570.058 5.79131 -1.33865 
v -569.915 5.79131 -1.33865 
v -569.905 5.78205 -1.69525 
v -569.888 5.863 -1.74271 
v -569.986 5.76487 -1.74271 
v -570.067 5.78205 -1.69525 
v -570.084 5.863 -1.74271 
v -570.067 5.94395 -1.69525 
v -570.099 5.97544 -0.524172 
v -570.072 5.863 -0.46176 
v -570.145 5.863 -0.524172 
v -570.047 5.92329 -0.46176 
v -569.986 6.02201 -0.524172 
v -570.047 5.80271 -0.46176 
v -570.099 5.75056 -0.524172 
v -569.986 5.70398 -0.524172 
v -569.986 5.77774 -0.46176 
v -569.986 5.94826 -0.46176 
v -569.926 5.92329 -0.46176 
v -569.874 5.97544 -0.524172 
v -569.901 5.863 -0.46176 
v -569.827 5.863 -0.524172 
v -569.926 5.80271 -0.46176 
v -569.874 5.75056 -0.524172 
v -569.615 5.83456 -0.310746 
v -570.358 5.83456 -0.310746 
v -570.37 5.863 -0.32539 
v -569.603 5.863 -0.32539 
v -569.603 5.863 -0.32539 
v -570.37 5.863 -0.32539 
v -570.358 5.89144 -0.310746 
v -569.615 5.89144 -0.310746 
v -570.358 5.89144 -0.0178702 
v -569.615 5.89144 -0.310746 
v -570.358 5.89144 -0.310746 
v -569.615 5.89144 -0.0178702 
v -570.058 5.79131 -1.33865 
v -569.986 5.74472 -1.38611 
v -570.07 5.77937 -1.38611 
v -569.986 5.76162 -1.33865 
v -569.915 5.79131 -1.33865 
v -569.903 5.77937 -1.38611 
v -569.917 5.79361 -1.74271 
v -569.905 5.78205 -1.69525 
v -569.986 5.74851 -1.69525 
v -569.986 5.76487 -1.74271 
v -570.056 5.79361 -1.74271 
v -570.067 5.78205 -1.69525 
v -569.983 5.44336 -3.47627 
v -569.748 5.49393 -3.3504 
v -569.747 5.49136 -3.47627 
v -569.594 5.60479 -3.3504 
v -569.592 5.60272 -3.47627 
v -569.984 5.4462 -3.3504 
v -570.22 5.49393 -3.3504 
v -570.222 5.49136 -3.47627 
v -570.376 5.60479 -3.3504 
v -570.378 5.60272 -3.47627 
v -570.22 5.49393 -3.25493 
v -569.983 5.44336 -3.12933 
v -569.984 5.4462 -3.25493 
v -569.748 5.49393 -3.25493 
v -570.222 5.49136 -3.12933 
v -570.376 5.60479 -3.25493 
v -570.378 5.60272 -3.12933 
v -569.747 5.49136 -3.12933 
v -569.594 5.60479 -3.25493 
v -569.592 5.60272 -3.12933 
v -569.603 5.863 -0.32539 
v -569.603 5.863 -0.00322604 
v -569.615 5.83456 -0.0178702 
v -569.615 5.83456 -0.310746 
v -569.615 5.89144 -0.310746 
v -569.615 5.89144 -0.0178702 
v -570.058 5.79131 -1.33865 
v -570.07 5.77937 -1.38611 
v -570.105 5.863 -1.38611 
v -570.088 5.863 -1.33865 
v -570.058 5.93468 -1.33865 
v -570.07 5.94663 -1.38611 
v -570.056 5.79361 -1.74271 
v -570.067 5.78205 -1.69525 
v -570.101 5.863 -1.69525 
v -570.084 5.863 -1.74271 
v -570.056 5.93239 -1.74271 
v -570.067 5.94395 -1.69525 
v -570.358 5.83456 -0.0178702 
v -569.603 5.863 -0.00322604 
v -570.37 5.863 -0.00322604 
v -569.615 5.83456 -0.0178702 
v -570.37 5.863 -0.00322604 
v -569.615 5.89144 -0.0178702 
v -570.358 5.89144 -0.0178702 
v -569.603 5.863 -0.00322604 
v -570.047 5.80271 -1.0209 
v -570.145 5.863 -0.958488 
v -570.099 5.75056 -0.958488 
v -569.986 5.70398 -0.958488 
v -570.072 5.863 -1.0209 
v -570.099 5.97544 -0.958488 
v -569.986 5.77774 -1.0209 
v -570.047 5.92329 -1.0209 
v -569.986 6.02201 -0.958488 
v -569.901 5.863 -1.0209 
v -569.926 5.80271 -1.0209 
v -569.874 5.75056 -0.958488 
v -569.827 5.863 -0.958488 
v -569.874 5.97544 -0.958488 
v -569.926 5.92329 -1.0209 
v -569.986 5.94826 -1.0209 
v -570.07 5.77937 -1.38611 
v -569.915 5.79131 -1.33865 
v -570.058 5.93468 -1.33865 
v -569.903 5.94663 -1.38611 
v -569.905 5.78205 -1.69525 
v -569.888 5.863 -1.74271 
v -569.986 5.76487 -1.74271 
v -569.905 5.94395 -1.69525 
v -570.067 5.78205 -1.69525 
v -570.084 5.863 -1.74271 
v -570.067 5.94395 -1.69525 
v -570.056 5.93239 -1.74271 
v -569.917 5.93239 -1.74271 
v -569.986 5.96113 -1.74271 
v -570.056 5.79361 -1.74271 
v -570.084 5.863 -1.74271 
v -569.917 5.79361 -1.74271 
v -569.888 5.863 -1.74271 
v -569.986 5.76487 -1.74271 
v -570.358 5.83456 -0.310746 
v -569.615 5.83456 -0.0178702 
v -570.358 5.83456 -0.0178702 
v -569.615 5.83456 -0.310746 
v -570.058 5.93468 -1.33865 
v -570.07 5.94663 -1.38611 
v -569.986 5.98127 -1.38611 
v -569.986 5.96437 -1.33865 
v -569.915 5.93468 -1.33865 
v -569.903 5.94663 -1.38611 
v -569.917 5.93239 -1.74271 
v -569.905 5.94395 -1.69525 
v -569.986 5.97748 -1.69525 
v -569.986 5.96113 -1.74271 
v -570.056 5.93239 -1.74271 
v -570.067 5.94395 -1.69525 
v -570.221 6.22189 -3.3504 
v -569.986 6.27246 -3.47627 
v -569.986 6.26962 -3.3504 
v -569.749 6.22189 -3.3504 
v -570.223 6.22446 -3.47627 
v -570.375 6.11103 -3.3504 
v -570.378 6.1131 -3.47627 
v -569.748 6.22446 -3.47627 
v -569.593 6.11103 -3.3504 
v -569.591 6.1131 -3.47627 
v -569.986 6.27246 -3.12933 
v -569.749 6.22189 -3.25493 
v -569.748 6.22446 -3.12933 
v -569.593 6.11103 -3.25493 
v -569.591 6.1131 -3.12933 
v -569.986 6.26962 -3.25493 
v -570.221 6.22189 -3.25493 
v -570.223 6.22446 -3.12933 
v -570.375 6.11103 -3.25493 
v -570.378 6.1131 -3.12933 
v -570.37 5.863 -0.00322604 
v -570.37 5.863 -0.32539 
v -570.358 5.83456 -0.310746 
v -570.358 5.83456 -0.0178702 
v -570.358 5.89144 -0.0178702 
v -570.358 5.89144 -0.310746 
v -569.915 5.79131 -1.33865 
v -569.903 5.77937 -1.38611 
v -569.868 5.863 -1.38611 
v -569.885 5.863 -1.33865 
v -569.915 5.93468 -1.33865 
v -569.903 5.94663 -1.38611 
v -569.872 5.863 -1.69525 
v -569.917 5.79361 -1.74271 
v -569.905 5.78205 -1.69525 
v -569.888 5.863 -1.74271 
v -569.917 5.93239 -1.74271 
v -569.905 5.94395 -1.69525 

vn 0.669291 0.669291 -0.338583 
vn -0.669291 0.669291 -0.338583 
vn 0.669291 -0.669291 -0.338583 
vn -0.669291 -0.669291 -0.338583 
vn 0 0 -1 
vn 0 0 -1 
vn 0 0 -1 
vn 0 0 -1 
vn 0 0 -1 
vn 0 0 -1 
vn 0 0 -1 
vn 0 0 -1 
vn -0.669291 0.669291 0.322835 
vn -0.944882 0 0.322835 
vn 0 0.944882 0.322835 
vn 0.669291 0.669291 0.322835 
vn 0.944882 0 0.322835 
vn 0.669291 -0.669291 0.322835 
vn 0.456693 -0.456693 -0.76378 
vn 0.417323 0 -0.913386 
vn 0.645669 0 -0.76378 
vn 0.291339 -0.291339 -0.913386 
vn 0 -0.645669 -0.76378 
vn 0.291339 0.291339 -0.913386 
vn 0.456693 0.456693 -0.76378 
vn 0 0.645669 -0.76378 
vn 0 0.417323 -0.913386 
vn 0 -0.417323 -0.913386 
vn -0.291339 -0.291339 -0.913386 
vn -0.456693 -0.456693 -0.76378 
vn -0.417323 0 -0.913386 
vn -0.645669 0 -0.76378 
vn -0.291339 0.291339 -0.913386 
vn -0.456693 0.456693 -0.76378 
vn 0 -0.456693 -0.889764 
vn 0 -0.456693 -0.889764 
vn 0 -0.456693 -0.889764 
vn 0 -0.456693 -0.889764 
vn 0 0.456693 -0.889764 
vn 0 0.456693 -0.889764 
vn 0 0.456693 -0.889764 
vn 0 0.456693 -0.889764 
vn 0 1 0 
vn 0 1 0 
vn 0 1 0 
vn 0 1 0 
vn 0.669291 0.669291 -0.338583 
vn 0 0.944882 -0.338583 
vn 0.669291 0.669291 -0.338583 
vn 0 0.944882 -0.338583 
vn -0.669291 0.669291 -0.338583 
vn -0.669291 0.669291 -0.338583 
vn -0.669291 0.669291 0.322835 
vn -0.669291 0.669291 0.322835 
vn 0 0.944882 0.322835 
vn 0 0.944882 0.322835 
vn 0.669291 0.669291 0.322835 
vn 0.669291 0.669291 0.322835 
vn 0 1 -0.023622 
vn -0.401575 0.913386 -0.023622 
vn -0.401575 0.913386 -0.023622 
vn -0.582677 0.811024 -0.023622 
vn -0.582677 0.811024 -0.023622 
vn 0 1 -0.023622 
vn 0.393701 0.92126 -0.023622 
vn 0.393701 0.92126 -0.023622 
vn 0.582677 0.818898 -0.023622 
vn 0.582677 0.818898 -0.023622 
vn 0.393701 0.92126 0.023622 
vn 0 1 0.023622 
vn 0 1 0.023622 
vn -0.401575 0.913386 0.023622 
vn 0.393701 0.92126 0.023622 
vn 0.582677 0.818898 0.023622 
vn 0.582677 0.818898 0.023622 
vn -0.401575 0.913386 0.023622 
vn -0.582677 0.811024 0.023622 
vn -0.582677 0.811024 0.023622 
vn 1 0 0 
vn 1 0 0 
vn 0.92126 -0.377953 0 
vn 0.92126 -0.377953 0 
vn 0.92126 0.377953 0 
vn 0.92126 0.377953 0 
vn 0.669291 0.669291 -0.338583 
vn 0.669291 0.669291 -0.338583 
vn 0.944882 0 -0.338583 
vn 0.944882 0 -0.338583 
vn 0.669291 -0.669291 -0.338583 
vn 0.669291 -0.669291 -0.338583 
vn 0.669291 0.669291 0.322835 
vn 0.669291 0.669291 0.322835 
vn 0.944882 0 0.322835 
vn 0.944882 0 0.322835 
vn 0.669291 -0.669291 0.322835 
vn 0.669291 -0.669291 0.322835 
vn 0 -0.456693 0.889764 
vn 0 -0.456693 0.889764 
vn 0 -0.456693 0.889764 
vn 0 -0.456693 0.889764 
vn 0 0.456693 0.889764 
vn 0 0.456693 0.889764 
vn 0 0.456693 0.889764 
vn 0 0.456693 0.889764 
vn 0.291339 0.291339 0.913386 
vn 0.645669 0 0.76378 
vn 0.456693 0.456693 0.76378 
vn 0 0.645669 0.76378 
vn 0.417323 0 0.913386 
vn 0.456693 -0.456693 0.76378 
vn 0 0.417323 0.913386 
vn 0.291339 -0.291339 0.913386 
vn 0 -0.645669 0.76378 
vn -0.417323 0 0.913386 
vn -0.291339 0.291339 0.913386 
vn -0.456693 0.456693 0.76378 
vn -0.645669 0 0.76378 
vn -0.456693 -0.456693 0.76378 
vn -0.291339 -0.291339 0.913386 
vn 0 -0.417323 0.913386 
vn 0.669291 0.669291 -0.338583 
vn -0.669291 0.669291 -0.338583 
vn 0.669291 -0.669291 -0.338583 
vn -0.669291 -0.669291 -0.338583 
vn -0.669291 0.669291 0.322835 
vn -0.944882 0 0.322835 
vn 0 0.944882 0.322835 
vn -0.669291 -0.669291 0.322835 
vn 0.669291 0.669291 0.322835 
vn 0.944882 0 0.322835 
vn 0.669291 -0.669291 0.322835 
vn 0 0 1 
vn 0 0 1 
vn 0 0 1 
vn 0 0 1 
vn 0 0 1 
vn 0 0 1 
vn 0 0 1 
vn 0 0 1 
vn 0 -1 0 
vn 0 -1 0 
vn 0 -1 0 
vn 0 -1 0 
vn 0.669291 -0.669291 -0.338583 
vn 0.669291 -0.669291 -0.338583 
vn 0 -0.944882 -0.338583 
vn 0 -0.944882 -0.338583 
vn -0.669291 -0.669291 -0.338583 
vn -0.669291 -0.669291 -0.338583 
vn -0.669291 -0.669291 0.322835 
vn -0.669291 -0.669291 0.322835 
vn 0 -0.944882 0.322835 
vn 0 -0.944882 0.322835 
vn 0.669291 -0.669291 0.322835 
vn 0.669291 -0.669291 0.322835 
vn 0.401575 -0.913386 -0.023622 
vn 0 -1 -0.023622 
vn 0 -1 -0.023622 
vn -0.393701 -0.92126 -0.023622 
vn 0.401575 -0.913386 -0.023622 
vn 0.582677 -0.811024 -0.023622 
vn 0.582677 -0.811024 -0.023622 
vn -0.393701 -0.92126 -0.023622 
vn -0.582677 -0.818898 -0.023622 
vn -0.582677 -0.818898 -0.023622 
vn 0 -1 0.023622 
vn -0.393701 -0.92126 0.023622 
vn -0.393701 -0.92126 0.023622 
vn -0.582677 -0.818898 0.023622 
vn -0.582677 -0.818898 0.023622 
vn 0 -1 0.023622 
vn 0.401575 -0.913386 0.023622 
vn 0.401575 -0.913386 0.023622 
vn 0.582677 -0.811024 0.023622 
vn 0.582677 -0.811024 0.023622 
vn -1 0 0 
vn -1 0 0 
vn -0.92126 -0.377953 0 
vn -0.92126 -0.377953 0 
vn -0.92126 0.377953 0 
vn -0.92126 0.377953 0 
vn -0.669291 0.669291 -0.338583 
vn -0.669291 0.669291 -0.338583 
vn -0.944882 0 -0.338583 
vn -0.944882 0 -0.338583 
vn -0.669291 -0.669291 -0.338583 
vn -0.669291 -0.669291 -0.338583 
vn -0.944882 0 0.322835 
vn -0.669291 0.669291 0.322835 
vn -0.669291 0.669291 0.322835 
vn -0.944882 0 0.322835 
vn -0.669291 -0.669291 0.322835 
vn -0.669291 -0.669291 0.322835 

vt -0.806883 -0.511107 
vt -0.826297 -0.509613 
vt -0.808376 -0.491692 
vt -0.827791 -0.490199 
vt -0.817337 -0.487981 
vt -0.804665 -0.500653 
vt -0.808376 -0.491692 
vt -0.830009 -0.500653 
vt -0.826297 -0.491692 
vt -0.817337 -0.513325 
vt -0.808376 -0.509613 
vt -0.826297 -0.509613 
vt -0.827456 -0.510772 
vt -0.829603 -0.500653 
vt -0.817337 -0.512919 
vt -0.807218 -0.510772 
vt -0.805071 -0.500653 
vt -0.807218 -0.490533 
vt -0.803282 -0.486598 
vt -0.806679 -0.500653 
vt -0.79746 -0.500653 
vt -0.809801 -0.493117 
vt -0.817337 -0.480776 
vt -0.809801 -0.508189 
vt -0.803282 -0.514708 
vt -0.817337 -0.52053 
vt -0.817337 -0.51131 
vt -0.817337 -0.489995 
vt -0.824873 -0.493117 
vt -0.831392 -0.486598 
vt -0.827994 -0.500653 
vt -0.837214 -0.500653 
vt -0.824873 -0.508189 
vt -0.831392 -0.514708 
vt -0.863788 -0.504207 
vt -0.770885 -0.504207 
vt -0.769427 -0.500652 
vt -0.865247 -0.500652 
vt -0.865247 -0.500652 
vt -0.769427 -0.500652 
vt -0.770885 -0.497098 
vt -0.863788 -0.497098 
vt -0.602296 -0.547934 
vt -0.638906 -0.455031 
vt -0.638906 -0.547934 
vt -0.602296 -0.455031 
vt -0.767394 -0.510443 
vt -0.773326 -0.501483 
vt -0.773326 -0.511937 
vt -0.767394 -0.501483 
vt -0.767394 -0.492522 
vt -0.773326 -0.491029 
vt -0.817901 -0.492809 
vt -0.811969 -0.491363 
vt -0.811969 -0.501483 
vt -0.817901 -0.501483 
vt -0.817901 -0.510156 
vt -0.811969 -0.511602 
vt -1.0346 -0.501116 
vt -1.01886 -0.471728 
vt -1.0346 -0.471548 
vt -1.01886 -0.452459 
vt -1.0346 -0.45217 
vt -1.01886 -0.501126 
vt -1.01886 -0.530731 
vt -1.0346 -0.530886 
vt -1.01886 -0.550235 
vt -1.0346 -0.5505 
vt -1.00693 -0.530731 
vt -0.991229 -0.501116 
vt -1.00693 -0.501126 
vt -1.00693 -0.471728 
vt -0.991229 -0.530886 
vt -1.00693 -0.550235 
vt -0.991229 -0.5505 
vt -0.991229 -0.471548 
vt -1.00693 -0.452459 
vt -0.991229 -0.45217 
vt -0.994325 -0.500652 
vt -1.0346 -0.500652 
vt -1.03277 -0.504207 
vt -0.996156 -0.504207 
vt -0.996156 -0.497098 
vt -1.03277 -0.497098 
vt -0.867668 -0.509613 
vt -0.861736 -0.511107 
vt -0.861736 -0.500653 
vt -0.867668 -0.500653 
vt -0.867668 -0.491692 
vt -0.861736 -0.490199 
vt -0.817161 -0.509326 
vt -0.823093 -0.510772 
vt -0.823093 -0.500653 
vt -0.817161 -0.500653 
vt -0.817161 -0.491979 
vt -0.823093 -0.490533 
vt -0.864176 -0.504207 
vt -0.769815 -0.500652 
vt -0.865635 -0.500652 
vt -0.771273 -0.504207 
vt -0.865635 -0.500652 
vt -0.771273 -0.497098 
vt -0.864176 -0.497098 
vt -0.769815 -0.500652 
vt -0.825261 -0.508189 
vt -0.837602 -0.500653 
vt -0.83178 -0.514708 
vt -0.817725 -0.52053 
vt -0.828382 -0.500653 
vt -0.83178 -0.486598 
vt -0.817725 -0.51131 
vt -0.825261 -0.493117 
vt -0.817725 -0.480776 
vt -0.807067 -0.500653 
vt -0.810189 -0.508189 
vt -0.80367 -0.514708 
vt -0.797848 -0.500653 
vt -0.80367 -0.486598 
vt -0.810189 -0.493117 
vt -0.817725 -0.489995 
vt -0.828179 -0.511107 
vt -0.808764 -0.509613 
vt -0.826685 -0.491692 
vt -0.807271 -0.490199 
vt -0.807606 -0.510772 
vt -0.805459 -0.500653 
vt -0.817725 -0.512919 
vt -0.807606 -0.490533 
vt -0.827844 -0.510772 
vt -0.829991 -0.500653 
vt -0.827844 -0.490533 
vt -0.826398 -0.491979 
vt -0.809051 -0.491979 
vt -0.817725 -0.488386 
vt -0.826398 -0.509326 
vt -0.829991 -0.500653 
vt -0.809051 -0.509326 
vt -0.805459 -0.500653 
vt -0.817725 -0.512919 
vt -0.996156 -0.547934 
vt -1.03277 -0.455031 
vt -1.03277 -0.547934 
vt -0.996156 -0.455031 
vt -0.867668 -0.510443 
vt -0.861736 -0.511937 
vt -0.861736 -0.501483 
vt -0.867668 -0.501483 
vt -0.867668 -0.492522 
vt -0.861736 -0.491029 
vt -0.817161 -0.492809 
vt -0.823093 -0.491363 
vt -0.823093 -0.501483 
vt -0.817161 -0.501483 
vt -0.817161 -0.510156 
vt -0.823093 -0.511602 
vt -0.616199 -0.53085 
vt -0.600466 -0.501461 
vt -0.616199 -0.501451 
vt -0.616199 -0.471846 
vt -0.600466 -0.531029 
vt -0.616199 -0.550118 
vt -0.600466 -0.550407 
vt -0.600466 -0.471691 
vt -0.616199 -0.452342 
vt -0.600466 -0.452077 
vt -0.643833 -0.501461 
vt -0.628132 -0.471846 
vt -0.643833 -0.471691 
vt -0.628132 -0.452343 
vt -0.643833 -0.452077 
vt -0.628132 -0.501451 
vt -0.628132 -0.53085 
vt -0.643833 -0.531029 
vt -0.628132 -0.550118 
vt -0.643833 -0.550407 
vt -0.600466 -0.500652 
vt -0.640736 -0.500652 
vt -0.638906 -0.504207 
vt -0.602296 -0.504207 
vt -0.602296 -0.497098 
vt -0.638906 -0.497098 
vt -0.767394 -0.509613 
vt -0.773326 -0.511107 
vt -0.773326 -0.500653 
vt -0.767394 -0.500653 
vt -0.767394 -0.491692 
vt -0.773326 -0.490199 
vt -0.811969 -0.500653 
vt -0.817901 -0.509326 
vt -0.811969 -0.510772 
vt -0.817901 -0.500653 
vt -0.817901 -0.491979 
vt -0.811969 -0.490533 

usemtl Meshpart5Mtl

f 2388/2388/2388 2389/2389/2389 2390/2390/2390 
f 2389/2389/2389 2388/2388/2388 2391/2391/2391 
f 2391/2391/2391 2388/2388/2388 2392/2392/2392 
f 2391/2391/2391 2393/2393/2393 2389/2389/2389 
f 2389/2389/2389 2393/2393/2393 2394/2394/2394 
f 2393/2393/2393 2391/2391/2391 2395/2395/2395 
f 2402/2402/2402 2403/2403/2403 2404/2404/2404 
f 2403/2403/2403 2402/2402/2402 2405/2405/2405 
f 2406/2406/2406 2405/2405/2405 2402/2402/2402 
f 2407/2407/2407 2404/2404/2404 2403/2403/2403 
f 2404/2404/2404 2407/2407/2407 2408/2408/2408 
f 2409/2409/2409 2408/2408/2408 2407/2407/2407 
f 2403/2403/2403 2410/2410/2410 2407/2407/2407 
f 2409/2409/2409 2407/2407/2407 2410/2410/2410 
f 2411/2411/2411 2403/2403/2403 2405/2405/2405 
f 2405/2405/2405 2406/2406/2406 2411/2411/2411 
f 2410/2410/2410 2403/2403/2403 2411/2411/2411 
f 2406/2406/2406 2412/2412/2412 2411/2411/2411 
f 2413/2413/2413 2412/2412/2412 2406/2406/2406 
f 2414/2414/2414 2411/2411/2411 2412/2412/2412 
f 2413/2413/2413 2414/2414/2414 2412/2412/2412 
f 2410/2410/2410 2411/2411/2411 2414/2414/2414 
f 2414/2414/2414 2413/2413/2413 2415/2415/2415 
f 2416/2416/2416 2409/2409/2409 2410/2410/2410 
f 2410/2410/2410 2414/2414/2414 2416/2416/2416 
f 2414/2414/2414 2415/2415/2415 2416/2416/2416 
f 2409/2409/2409 2416/2416/2416 2417/2417/2417 
f 2415/2415/2415 2417/2417/2417 2416/2416/2416 
f 2418/2418/2418 2419/2419/2419 2420/2420/2420 
f 2420/2420/2420 2421/2421/2421 2418/2418/2418 
f 2422/2422/2422 2423/2423/2423 2424/2424/2424 
f 2422/2422/2422 2424/2424/2424 2425/2425/2425 
f 2426/2426/2426 2427/2427/2427 2428/2428/2428 
f 2427/2427/2427 2426/2426/2426 2429/2429/2429 
f 2430/2430/2430 2431/2431/2431 2432/2432/2432 
f 2431/2431/2431 2430/2430/2430 2433/2433/2433 
f 2434/2434/2434 2431/2431/2431 2433/2433/2433 
f 2431/2431/2431 2434/2434/2434 2435/2435/2435 
f 2438/2438/2438 2437/2437/2437 2436/2436/2436 
f 2439/2439/2439 2438/2438/2438 2436/2436/2436 
f 2440/2440/2440 2438/2438/2438 2439/2439/2439 
f 2438/2438/2438 2440/2440/2440 2441/2441/2441 
f 2442/2442/2442 2443/2443/2443 2444/2444/2444 
f 2445/2445/2445 2444/2444/2444 2443/2443/2443 
f 2444/2444/2444 2445/2445/2445 2446/2446/2446 
f 2443/2443/2443 2442/2442/2442 2447/2447/2447 
f 2442/2442/2442 2448/2448/2448 2447/2447/2447 
f 2448/2448/2448 2442/2442/2442 2449/2449/2449 
f 2449/2449/2449 2450/2450/2450 2448/2448/2448 
f 2450/2450/2450 2449/2449/2449 2451/2451/2451 
f 2452/2452/2452 2453/2453/2453 2454/2454/2454 
f 2455/2455/2455 2454/2454/2454 2453/2453/2453 
f 2453/2453/2453 2452/2452/2452 2456/2456/2456 
f 2457/2457/2457 2456/2456/2456 2452/2452/2452 
f 2456/2456/2456 2457/2457/2457 2458/2458/2458 
f 2453/2453/2453 2459/2459/2459 2455/2455/2455 
f 2455/2455/2455 2459/2459/2459 2460/2460/2460 
f 2459/2459/2459 2461/2461/2461 2460/2460/2460 
f 2462/2462/2462 2463/2463/2463 2464/2464/2464 
f 2462/2462/2462 2464/2464/2464 2465/2465/2465 
f 2463/2463/2463 2462/2462/2462 2466/2466/2466 
f 2463/2463/2463 2466/2466/2466 2467/2467/2467 
f 2470/2470/2470 2468/2468/2468 2469/2469/2469 
f 2468/2468/2468 2470/2470/2470 2471/2471/2471 
f 2471/2471/2471 2470/2470/2470 2472/2472/2472 
f 2470/2470/2470 2473/2473/2473 2472/2472/2472 
f 2474/2474/2474 2476/2476/2476 2475/2475/2475 
f 2476/2476/2476 2474/2474/2474 2477/2477/2477 
f 2478/2478/2478 2476/2476/2476 2477/2477/2477 
f 2476/2476/2476 2478/2478/2478 2479/2479/2479 
f 2480/2480/2480 2481/2481/2481 2482/2482/2482 
f 2481/2481/2481 2480/2480/2480 2483/2483/2483 
f 2484/2484/2484 2485/2485/2485 2486/2486/2486 
f 2484/2484/2484 2487/2487/2487 2485/2485/2485 
f 2488/2488/2488 2489/2489/2489 2490/2490/2490 
f 2491/2491/2491 2488/2488/2488 2490/2490/2490 
f 2489/2489/2489 2488/2488/2488 2492/2492/2492 
f 2493/2493/2493 2489/2489/2489 2492/2492/2492 
f 2488/2488/2488 2491/2491/2491 2494/2494/2494 
f 2494/2494/2494 2492/2492/2492 2488/2488/2488 
f 2495/2495/2495 2493/2493/2493 2492/2492/2492 
f 2496/2496/2496 2493/2493/2493 2495/2495/2495 
f 2497/2497/2497 2492/2492/2492 2494/2494/2494 
f 2491/2491/2491 2498/2498/2498 2494/2494/2494 
f 2497/2497/2497 2494/2494/2494 2498/2498/2498 
f 2499/2499/2499 2498/2498/2498 2491/2491/2491 
f 2500/2500/2500 2498/2498/2498 2499/2499/2499 
f 2498/2498/2498 2500/2500/2500 2497/2497/2497 
f 2501/2501/2501 2497/2497/2497 2500/2500/2500 
f 2496/2496/2496 2502/2502/2502 2501/2501/2501 
f 2497/2497/2497 2501/2501/2501 2502/2502/2502 
f 2502/2502/2502 2496/2496/2496 2503/2503/2503 
f 2503/2503/2503 2497/2497/2497 2502/2502/2502 
f 2496/2496/2496 2495/2495/2495 2503/2503/2503 
f 2497/2497/2497 2503/2503/2503 2492/2492/2492 
f 2492/2492/2492 2503/2503/2503 2495/2495/2495 
f 2515/2515/2515 2516/2516/2516 2517/2517/2517 
f 2516/2516/2516 2515/2515/2515 2518/2518/2518 
f 2518/2518/2518 2515/2515/2515 2519/2519/2519 
f 2520/2520/2520 2516/2516/2516 2518/2518/2518 
f 2516/2516/2516 2520/2520/2520 2521/2521/2521 
f 2520/2520/2520 2518/2518/2518 2522/2522/2522 
f 2523/2523/2523 2524/2524/2524 2525/2525/2525 
f 2524/2524/2524 2523/2523/2523 2526/2526/2526 
f 2529/2529/2529 2527/2527/2527 2528/2528/2528 
f 2527/2527/2527 2529/2529/2529 2530/2530/2530 
f 2530/2530/2530 2529/2529/2529 2531/2531/2531 
f 2529/2529/2529 2532/2532/2532 2531/2531/2531 
f 2535/2535/2535 2533/2533/2533 2534/2534/2534 
f 2533/2533/2533 2535/2535/2535 2536/2536/2536 
f 2535/2535/2535 2537/2537/2537 2536/2536/2536 
f 2537/2537/2537 2535/2535/2535 2538/2538/2538 
f 2539/2539/2539 2540/2540/2540 2541/2541/2541 
f 2542/2542/2542 2541/2541/2541 2540/2540/2540 
f 2540/2540/2540 2539/2539/2539 2543/2543/2543 
f 2544/2544/2544 2543/2543/2543 2539/2539/2539 
f 2543/2543/2543 2544/2544/2544 2545/2545/2545 
f 2540/2540/2540 2546/2546/2546 2542/2542/2542 
f 2542/2542/2542 2546/2546/2546 2547/2547/2547 
f 2546/2546/2546 2548/2548/2548 2547/2547/2547 
f 2549/2549/2549 2550/2550/2550 2551/2551/2551 
f 2552/2552/2552 2551/2551/2551 2550/2550/2550 
f 2551/2551/2551 2552/2552/2552 2553/2553/2553 
f 2550/2550/2550 2549/2549/2549 2554/2554/2554 
f 2549/2549/2549 2555/2555/2555 2554/2554/2554 
f 2555/2555/2555 2549/2549/2549 2556/2556/2556 
f 2556/2556/2556 2557/2557/2557 2555/2555/2555 
f 2557/2557/2557 2556/2556/2556 2558/2558/2558 
f 2559/2559/2559 2560/2560/2560 2561/2561/2561 
f 2559/2559/2559 2561/2561/2561 2562/2562/2562 
f 2563/2563/2563 2560/2560/2560 2559/2559/2559 
f 2563/2563/2563 2564/2564/2564 2560/2560/2560 
f 2567/2567/2567 2566/2566/2566 2565/2565/2565 
f 2568/2568/2568 2567/2567/2567 2565/2565/2565 
f 2569/2569/2569 2567/2567/2567 2568/2568/2568 
f 2567/2567/2567 2569/2569/2569 2570/2570/2570 
f 2571/2571/2571 2572/2572/2572 2573/2573/2573 
f 2572/2572/2572 2571/2571/2571 2574/2574/2574 
f 2571/2571/2571 2575/2575/2575 2574/2574/2574 
f 2575/2575/2575 2571/2571/2571 2576/2576/2576 

g Meshpart6

v -570.423 5.89674 -2.0415 
v -570.388 5.90876 -2.03561 
v -570.421 5.895 -2.04733 
v -570.388 5.90876 -2.0474 
v -570.438 5.86194 -2.0415 
v -570.388 5.90284 -2.04963 
v -570.417 5.89086 -2.04962 
v -570.389 5.89714 -2.04719 
v -570.435 5.86194 -2.04733 
v -570.413 5.88687 -2.04713 
v -570.412 5.88527 -2.0415 
v -570.389 5.89477 -2.0415 
v -570.429 5.86194 -2.04962 
v -570.424 5.86194 -2.04713 
v -570.421 5.86194 -2.0415 
v -570.412 5.83861 -2.0415 
v -570.413 5.83701 -2.04713 
v -570.417 5.83302 -2.04962 
v -570.389 5.82673 -2.04719 
v -570.389 5.82911 -2.0415 
v -570.388 5.82104 -2.04963 
v -570.421 5.82888 -2.04733 
v -570.388 5.81512 -2.0474 
v -570.421 5.895 -2.03567 
v -570.388 5.91132 -2.0415 
v -570.423 5.89674 -2.0415 
v -570.388 5.90876 -2.03561 
v -570.421 5.895 -2.04733 
v -570.388 5.90876 -2.0474 
v -570.389 5.89714 -2.04719 
v -570.412 5.83861 -2.0415 
v -570.413 5.83701 -2.04713 
v -570.417 5.83302 -2.04962 
v -570.389 5.82673 -2.04719 
v -570.389 5.82911 -2.0415 
v -570.389 5.82673 -2.03582 
v -570.388 5.81512 -2.0474 
v -570.417 5.83302 -2.03338 
v -570.413 5.83701 -2.03588 
v -570.417 5.89086 -2.03338 
v -570.413 5.88687 -2.03588 
v -570.417 5.89086 -2.04962 
v -570.413 5.88687 -2.04713 
v -570.412 5.88527 -2.0415 
v -570.429 5.86194 -2.04962 
v -570.424 5.86194 -2.04713 
v -570.421 5.86194 -2.0415 
v -570.424 5.86194 -2.03588 
v -570.412 5.83861 -2.0415 
v -570.413 5.83701 -2.04713 
v -570.417 5.83302 -2.04962 
v -570.417 5.83302 -2.03338 
v -570.429 5.86194 -2.03338 
v -570.413 5.83701 -2.03588 
v -570.421 5.895 -2.03567 
v -570.423 5.89674 -2.0415 
v -570.388 5.90876 -2.03561 
v -570.388 5.90284 -2.03338 
v -570.438 5.86194 -2.0415 
v -570.417 5.89086 -2.03338 
v -570.389 5.89714 -2.03582 
v -570.435 5.86194 -2.03567 
v -570.413 5.88687 -2.03588 
v -570.412 5.88527 -2.0415 
v -570.389 5.89477 -2.0415 
v -570.421 5.86194 -2.0415 
v -570.424 5.86194 -2.03588 
v -570.412 5.83861 -2.0415 
v -570.389 5.82911 -2.0415 
v -570.389 5.82673 -2.03582 
v -570.388 5.81512 -2.0474 
v -570.423 5.82714 -2.0415 
v -570.421 5.82888 -2.03567 
v -570.388 5.81512 -2.03561 
v -570.388 5.82104 -2.03338 
v -570.417 5.83302 -2.03338 
v -570.429 5.86194 -2.03338 
v -570.413 5.83701 -2.03588 
v -570.388 5.90876 -2.03561 
v -570.417 5.89086 -2.03338 
v -570.389 5.89714 -2.03582 
v -570.413 5.88687 -2.03588 
v -570.417 5.89086 -2.04962 
v -570.389 5.89714 -2.04719 
v -570.413 5.88687 -2.04713 
v -570.412 5.88527 -2.0415 
v -570.389 5.89477 -2.0415 
v -570.389 5.82673 -2.03582 
v -570.421 5.82888 -2.04733 
v -570.388 5.81512 -2.0474 
v -570.388 5.81256 -2.0415 
v -570.423 5.82714 -2.0415 
v -570.421 5.82888 -2.03567 
v -570.388 5.81512 -2.03561 
v -570.421 5.895 -2.03567 
v -570.423 5.89674 -2.0415 
v -570.421 5.895 -2.04733 
v -570.438 5.86194 -2.0415 
v -570.435 5.86194 -2.03567 
v -570.435 5.86194 -2.04733 
v -570.421 5.82888 -2.04733 
v -570.423 5.82714 -2.0415 
v -570.421 5.82888 -2.03567 

vn -0.708661 0.708661 0 
vn -0.299213 0.716535 0.629921 
vn -0.519685 0.527559 -0.669291 
vn -0.299213 0.716535 -0.629921 
vn -1 0 0 
vn -0.0393701 0.102362 -0.992126 
vn -0.0551181 0.0551181 -1 
vn 0.267717 -0.629921 -0.724409 
vn -0.740157 0 -0.669291 
vn 0.472441 -0.472441 -0.740157 
vn 0.708661 -0.700787 0 
vn 0.385827 -0.92126 0 
vn -0.0708661 0 -1 
vn 0.669291 0 -0.748031 
vn 1 0 0 
vn 0.708661 0.708661 0 
vn 0.472441 0.472441 -0.740157 
vn -0.0551181 -0.0551181 -1 
vn 0.267717 0.629921 -0.732283 
vn 0.385827 0.92126 0 
vn -0.0393701 -0.102362 -0.992126 
vn -0.519685 -0.527559 -0.669291 
vn -0.299213 -0.716535 -0.629921 
vn -0.519685 0.527559 0.669291 
vn -0.377953 0.929134 0 
vn -0.708661 0.708661 0 
vn -0.299213 0.716535 0.629921 
vn -0.519685 0.527559 -0.669291 
vn -0.299213 0.716535 -0.629921 
vn 0.267717 -0.629921 -0.724409 
vn 0.708661 0.708661 0 
vn 0.472441 0.472441 -0.740157 
vn -0.0551181 -0.0551181 -1 
vn 0.267717 0.629921 -0.732283 
vn 0.385827 0.92126 0 
vn 0.267717 0.629921 0.732283 
vn -0.299213 -0.716535 -0.629921 
vn -0.0551181 -0.0551181 1 
vn 0.472441 0.472441 0.740157 
vn -0.0551181 0.0551181 1 
vn 0.472441 -0.472441 0.740157 
vn -0.0551181 0.0551181 -1 
vn 0.472441 -0.472441 -0.740157 
vn 0.708661 -0.700787 0 
vn -0.0708661 0 -1 
vn 0.669291 0 -0.748031 
vn 1 0 0 
vn 0.669291 0 0.748031 
vn 0.708661 0.708661 0 
vn 0.472441 0.472441 -0.740157 
vn -0.0551181 -0.0551181 -1 
vn -0.0551181 -0.0551181 1 
vn -0.0708661 0 1 
vn 0.472441 0.472441 0.740157 
vn -0.519685 0.527559 0.669291 
vn -0.708661 0.708661 0 
vn -0.299213 0.716535 0.629921 
vn -0.0393701 0.102362 0.992126 
vn -1 0 0 
vn -0.0551181 0.0551181 1 
vn 0.267717 -0.629921 0.732283 
vn -0.740157 0 0.669291 
vn 0.472441 -0.472441 0.740157 
vn 0.708661 -0.700787 0 
vn 0.385827 -0.92126 0 
vn 1 0 0 
vn 0.669291 0 0.748031 
vn 0.708661 0.708661 0 
vn 0.385827 0.92126 0 
vn 0.267717 0.629921 0.732283 
vn -0.299213 -0.716535 -0.629921 
vn -0.708661 -0.708661 0 
vn -0.519685 -0.527559 0.669291 
vn -0.299213 -0.716535 0.629921 
vn -0.0393701 -0.102362 0.992126 
vn -0.0551181 -0.0551181 1 
vn -0.0708661 0 1 
vn 0.472441 0.472441 0.740157 
vn -0.299213 0.716535 0.629921 
vn -0.0551181 0.0551181 1 
vn 0.267717 -0.629921 0.732283 
vn 0.472441 -0.472441 0.740157 
vn -0.0551181 0.0551181 -1 
vn 0.267717 -0.629921 -0.724409 
vn 0.472441 -0.472441 -0.740157 
vn 0.708661 -0.700787 0 
vn 0.385827 -0.92126 0 
vn 0.267717 0.629921 0.732283 
vn -0.519685 -0.527559 -0.669291 
vn -0.299213 -0.716535 -0.629921 
vn -0.377953 -0.929134 0 
vn -0.708661 -0.708661 0 
vn -0.519685 -0.527559 0.669291 
vn -0.299213 -0.716535 0.629921 
vn -0.519685 0.527559 0.669291 
vn -0.708661 0.708661 0 
vn -0.519685 0.527559 -0.669291 
vn -1 0 0 
vn -0.740157 0 0.669291 
vn -0.740157 0 -0.669291 
vn -0.519685 -0.527559 -0.669291 
vn -0.708661 -0.708661 0 
vn -0.519685 -0.527559 0.669291 

vt 2.00133 -6.99565 
vt 1.9969 -6.99415 
vt 2.00111 -6.99587 
vt 1.9969 -6.99415 
vt 2.00313 -7 
vt 1.99697 -6.99489 
vt 2.00059 -6.99639 
vt 1.99705 -6.9956 
vt 2.00282 -7 
vt 2.00009 -6.99688 
vt 1.99989 -6.99708 
vt 1.99708 -6.9959 
vt 2.00209 -7 
vt 2.00138 -7 
vt 2.0011 -7 
vt 1.99989 -7.00292 
vt 2.00009 -7.00312 
vt 2.00059 -7.00362 
vt 1.99705 -7.0044 
vt 1.99708 -7.0041 
vt 1.99697 -7.00511 
vt 2.00111 -7.00413 
vt 1.9969 -7.00585 
vt 2.00073 -7.00111 
vt 2 -6.99687 
vt 2 -7.00133 
vt 2.00074 -6.9969 
vt 1.99927 -7.00111 
vt 1.99926 -6.9969 
vt 1.99929 -6.99705 
vt 2 -6.99989 
vt 1.9993 -7.00009 
vt 1.99899 -7.00059 
vt 1.99929 -6.99705 
vt 2 -6.99708 
vt 2.00071 -6.99705 
vt 1.99926 -6.9969 
vt 2.00101 -7.00059 
vt 2.0007 -7.00009 
vt 1.99899 -6.99639 
vt 1.9993 -6.99688 
vt 2.00101 -6.99639 
vt 2.0007 -6.99688 
vt 2 -6.99708 
vt 2.00101 -7 
vt 2.0007 -7 
vt 2 -7 
vt 1.9993 -7 
vt 2 -7.00292 
vt 2.0007 -7.00312 
vt 2.00101 -7.00362 
vt 1.99899 -7.00362 
vt 1.99899 -7 
vt 1.9993 -7.00312 
vt 1.99889 -6.99587 
vt 1.99867 -6.99565 
vt 2.0031 -6.99415 
vt 2.00303 -6.99489 
vt 1.99687 -7 
vt 1.99941 -6.99639 
vt 2.00295 -6.9956 
vt 1.99718 -7 
vt 1.99991 -6.99688 
vt 2.00011 -6.99708 
vt 2.00292 -6.9959 
vt 1.9989 -7 
vt 1.99862 -7 
vt 2.00011 -7.00292 
vt 2.00292 -7.0041 
vt 2.00295 -7.0044 
vt 2.0031 -7.00585 
vt 1.99867 -7.00435 
vt 1.99889 -7.00413 
vt 2.0031 -7.00585 
vt 2.00303 -7.00511 
vt 1.99941 -7.00362 
vt 1.99791 -7 
vt 1.99991 -7.00312 
vt 1.99926 -6.9969 
vt 1.99899 -7.00059 
vt 1.99929 -6.99705 
vt 1.9993 -7.00009 
vt 2.00101 -7.00059 
vt 2.00071 -6.99705 
vt 2.0007 -7.00009 
vt 2 -6.99989 
vt 2 -6.99708 
vt 1.99929 -6.99705 
vt 2.00073 -7.00111 
vt 2.00074 -6.9969 
vt 2 -6.99687 
vt 2 -7.00133 
vt 1.99927 -7.00111 
vt 1.99926 -6.9969 
vt 2.00073 -6.99587 
vt 2 -6.99565 
vt 1.99927 -6.99587 
vt 2 -7 
vt 2.00073 -7 
vt 1.99927 -7 
vt 1.99927 -7.00413 
vt 2 -7.00435 
vt 2.00073 -7.00413 

usemtl Meshpart2Mtl

f 2582/2582/2582 2579/2579/2579 2580/2580/2580 
f 2579/2579/2579 2582/2582/2582 2583/2583/2583 
f 2584/2584/2584 2583/2583/2583 2582/2582/2582 
f 2585/2585/2585 2579/2579/2579 2583/2583/2583 
f 2583/2583/2583 2584/2584/2584 2586/2586/2586 
f 2589/2589/2589 2583/2583/2583 2586/2586/2586 
f 2585/2585/2585 2583/2583/2583 2589/2589/2589 
f 2589/2589/2589 2586/2586/2586 2590/2590/2590 
f 2593/2593/2593 2589/2589/2589 2590/2590/2590 
f 2594/2594/2594 2585/2585/2585 2589/2589/2589 
f 2589/2589/2589 2593/2593/2593 2594/2594/2594 
f 2595/2595/2595 2594/2594/2594 2593/2593/2593 
f 2594/2594/2594 2595/2595/2595 2597/2597/2597 
f 2585/2585/2585 2594/2594/2594 2598/2598/2598 
f 2597/2597/2597 2598/2598/2598 2594/2594/2594 
f 2598/2598/2598 2597/2597/2597 2599/2599/2599 
f 2600/2600/2600 2601/2601/2601 2602/2602/2602 
f 2601/2601/2601 2600/2600/2600 2603/2603/2603 
f 2601/2601/2601 2604/2604/2604 2602/2602/2602 
f 2604/2604/2604 2601/2601/2601 2605/2605/2605 
f 2610/2610/2610 2608/2608/2608 2607/2607/2607 
f 2607/2607/2607 2611/2611/2611 2610/2610/2610 
f 2607/2607/2607 2612/2612/2612 2611/2611/2611 
f 2612/2612/2612 2607/2607/2607 2615/2615/2615 
f 2620/2620/2620 2622/2622/2622 2619/2619/2619 
f 2622/2622/2622 2620/2620/2620 2623/2623/2623 
f 2624/2624/2624 2620/2620/2620 2617/2617/2617 
f 2620/2620/2620 2624/2624/2624 2623/2623/2623 
f 2625/2625/2625 2622/2622/2622 2623/2623/2623 
f 2624/2624/2624 2625/2625/2625 2623/2623/2623 
f 2622/2622/2622 2625/2625/2625 2626/2626/2626 
f 2625/2625/2625 2624/2624/2624 2630/2630/2630 
f 2631/2631/2631 2634/2634/2634 2633/2633/2633 
f 2634/2634/2634 2631/2631/2631 2636/2636/2636 
f 2636/2636/2636 2637/2637/2637 2634/2634/2634 
f 2638/2638/2638 2636/2636/2636 2631/2631/2631 
f 2637/2637/2637 2636/2636/2636 2639/2639/2639 
f 2649/2649/2649 2650/2650/2650 2651/2651/2651 
f 2649/2649/2649 2651/2651/2651 2652/2652/2652 
f 2652/2652/2652 2638/2638/2638 2649/2649/2649 
f 2652/2652/2652 2651/2651/2651 2646/2646/2646 
f 2638/2638/2638 2652/2652/2652 2653/2653/2653 
f 2636/2636/2636 2638/2638/2638 2653/2653/2653 
f 2653/2653/2653 2639/2639/2639 2636/2636/2636 
f 2639/2639/2639 2653/2653/2653 2643/2643/2643 
f 2654/2654/2654 2653/2653/2653 2652/2652/2652 
f 2652/2652/2652 2646/2646/2646 2654/2654/2654 
f 2653/2653/2653 2654/2654/2654 2643/2643/2643 
f 2662/2662/2662 2657/2657/2657 2658/2658/2658 
f 2660/2660/2660 2662/2662/2662 2661/2661/2661 
f 2657/2657/2657 2662/2662/2662 2663/2663/2663 
f 2662/2662/2662 2660/2660/2660 2663/2663/2663 
f 2665/2665/2665 2666/2666/2666 2667/2667/2667 
f 2667/2667/2667 2668/2668/2668 2665/2665/2665 
f 2667/2667/2667 2669/2669/2669 2668/2668/2668 
f 2669/2669/2669 2667/2667/2667 2670/2670/2670 
f 2674/2674/2674 2671/2671/2671 2672/2672/2672 
f 2674/2674/2674 2672/2672/2672 2673/2673/2673 
f 2671/2671/2671 2674/2674/2674 2675/2675/2675 
f 2673/2673/2673 2676/2676/2676 2674/2674/2674 
f 2677/2677/2677 2674/2674/2674 2676/2676/2676 
f 2674/2674/2674 2677/2677/2677 2678/2678/2678 
f 2674/2674/2674 2678/2678/2678 2679/2679/2679 
f 2679/2679/2679 2675/2675/2675 2674/2674/2674 

g Meshpart7

v -570.36 5.90954 -2.08911 
v -570.36 5.81434 -2.08911 
v -570.341 5.91236 -2.09193 
v -570.341 5.81152 -2.09193 
v -570.341 5.86194 -2.11281 
v -570.36 5.86194 -2.10882 
v -570.36 5.90954 -1.9939 
v -570.341 5.91236 -1.99108 
v -570.341 5.93325 -2.0415 
v -570.36 5.92926 -2.0415 
v -570.36 5.90954 -2.08911 
v -570.341 5.91236 -2.09193 
v -570.36 5.90954 -1.9939 
v -570.36 5.86194 -1.97418 
v -570.341 5.86194 -1.9702 
v -570.36 5.81434 -1.9939 
v -570.341 5.91236 -1.99108 
v -570.341 5.81152 -1.99108 
v -570.36 5.81434 -1.9939 
v -570.341 5.81152 -1.99108 
v -570.341 5.79063 -2.0415 
v -570.36 5.79462 -2.0415 
v -570.36 5.81434 -2.08911 
v -570.341 5.81152 -2.09193 

vn -0.19685 0.692913 -0.692913 
vn -0.19685 -0.692913 -0.692913 
vn -0.19685 0.692913 -0.692913 
vn -0.19685 -0.692913 -0.692913 
vn -0.19685 0 -0.976378 
vn -0.19685 0 -0.976378 
vn -0.19685 0.692913 0.692913 
vn -0.19685 0.692913 0.692913 
vn -0.19685 0.976378 0 
vn -0.19685 0.976378 0 
vn -0.19685 0.692913 -0.692913 
vn -0.19685 0.692913 -0.692913 
vn -0.19685 0.692913 0.692913 
vn -0.19685 0 0.976378 
vn -0.19685 0 0.976378 
vn -0.19685 -0.692913 0.692913 
vn -0.19685 0.692913 0.692913 
vn -0.19685 -0.692913 0.692913 
vn -0.19685 -0.692913 0.692913 
vn -0.19685 -0.692913 0.692913 
vn -0.19685 -0.976378 0 
vn -0.19685 -0.976378 0 
vn -0.19685 -0.692913 -0.692913 
vn -0.19685 -0.692913 -0.692913 

vt 14.0012 -26.994 
vt 14.0012 -27.006 
vt 13.9988 -26.9937 
vt 13.9988 -27.0063 
vt 13.9988 -27 
vt 14.0012 -27 
vt 14.0059 -27.0012 
vt 14.0063 -26.9988 
vt 14 -26.9988 
vt 14 -27.0012 
vt 13.9941 -27.0012 
vt 13.9937 -26.9988 
vt 13.9988 -26.994 
vt 13.9988 -27 
vt 14.0012 -27 
vt 13.9988 -27.006 
vt 14.0012 -26.9937 
vt 14.0012 -27.0063 
vt 13.9941 -27.0012 
vt 13.9937 -26.9988 
vt 14 -26.9988 
vt 14 -27.0012 
vt 14.0059 -27.0012 
vt 14.0063 -26.9988 

usemtl Meshpart2Mtl

f 2684/2684/2684 2680/2680/2680 2682/2682/2682 
f 2681/2681/2681 2684/2684/2684 2683/2683/2683 
f 2680/2680/2680 2684/2684/2684 2685/2685/2685 
f 2681/2681/2681 2685/2685/2685 2684/2684/2684 
f 2688/2688/2688 2686/2686/2686 2687/2687/2687 
f 2686/2686/2686 2688/2688/2688 2689/2689/2689 
f 2690/2690/2690 2689/2689/2689 2688/2688/2688 
f 2690/2690/2690 2688/2688/2688 2691/2691/2691 
f 2692/2692/2692 2693/2693/2693 2694/2694/2694 
f 2695/2695/2695 2694/2694/2694 2693/2693/2693 
f 2692/2692/2692 2694/2694/2694 2696/2696/2696 
f 2694/2694/2694 2695/2695/2695 2697/2697/2697 
f 2698/2698/2698 2700/2700/2700 2699/2699/2699 
f 2698/2698/2698 2701/2701/2701 2700/2700/2700 
f 2702/2702/2702 2700/2700/2700 2701/2701/2701 
f 2700/2700/2700 2702/2702/2702 2703/2703/2703 

g Meshpart8

v -570.39 5.82484 -2.07861 
v -570.39 5.86194 -2.09398 
v -570.36 5.86194 -2.10882 
v -570.39 5.89904 -2.07861 
v -570.36 5.81434 -2.08911 
v -570.36 5.90954 -2.08911 
v -570.341 5.91236 -2.09193 
v -570.285 5.91796 -2.09753 
v -570.285 5.86194 -2.12074 
v -570.341 5.86194 -2.11281 
v -570.341 5.81152 -2.09193 
v -570.285 5.80591 -2.09753 
v -570.39 5.89904 -2.07861 
v -570.36 5.90954 -2.08911 
v -570.36 5.92926 -2.0415 
v -570.39 5.91441 -2.0415 
v -570.39 5.89904 -2.0044 
v -570.36 5.90954 -1.9939 
v -570.341 5.91236 -1.99108 
v -570.285 5.94117 -2.0415 
v -570.341 5.93325 -2.0415 
v -570.341 5.91236 -2.09193 
v -570.285 5.91796 -1.98548 
v -570.285 5.91796 -2.09753 
v -570.39 5.82484 -2.0044 
v -570.39 5.89904 -2.0044 
v -570.36 5.81434 -1.9939 
v -570.36 5.90954 -1.9939 
v -570.36 5.86194 -1.97418 
v -570.39 5.86194 -1.98903 
v -570.341 5.91236 -1.99108 
v -570.285 5.91796 -1.98548 
v -570.285 5.86194 -1.96227 
v -570.341 5.86194 -1.9702 
v -570.341 5.81152 -1.99108 
v -570.285 5.80591 -1.98548 
v -570.39 5.82484 -2.07861 
v -570.36 5.81434 -2.08911 
v -570.36 5.79462 -2.0415 
v -570.39 5.80947 -2.0415 
v -570.39 5.82484 -2.0044 
v -570.36 5.81434 -1.9939 
v -570.341 5.81152 -1.99108 
v -570.341 5.81152 -2.09193 
v -570.285 5.80591 -1.98548 
v -570.285 5.80591 -2.09753 
v -570.285 5.78271 -2.0415 
v -570.341 5.79063 -2.0415 
v -570.39 5.82484 -2.07861 
v -570.39 5.89904 -2.0044 
v -570.39 5.89904 -2.07861 
v -570.39 5.91441 -2.0415 
v -570.39 5.86194 -2.09398 
v -570.39 5.82484 -2.0044 
v -570.39 5.86194 -1.98903 
v -570.39 5.80947 -2.0415 

vn -0.440945 -0.629921 -0.629921 
vn -0.440945 0 -0.897638 
vn -0.440945 0 -0.897638 
vn -0.440945 0.629921 -0.629921 
vn -0.440945 -0.629921 -0.629921 
vn -0.440945 0.629921 -0.629921 
vn -0.141732 0.700787 -0.700787 
vn -0.141732 0.700787 -0.700787 
vn -0.141732 0 -0.992126 
vn -0.141732 0 -0.992126 
vn -0.141732 -0.700787 -0.700787 
vn -0.141732 -0.700787 -0.700787 
vn -0.440945 0.629921 -0.629921 
vn -0.440945 0.629921 -0.629921 
vn -0.440945 0.897638 0 
vn -0.440945 0.897638 0 
vn -0.440945 0.629921 0.629921 
vn -0.440945 0.629921 0.629921 
vn -0.141732 0.700787 0.700787 
vn -0.141732 0.992126 0 
vn -0.141732 0.992126 0 
vn -0.141732 0.700787 -0.700787 
vn -0.141732 0.700787 0.700787 
vn -0.141732 0.700787 -0.700787 
vn -0.440945 -0.629921 0.629921 
vn -0.440945 0.629921 0.629921 
vn -0.440945 -0.629921 0.629921 
vn -0.440945 0.629921 0.629921 
vn -0.440945 0 0.897638 
vn -0.440945 0 0.897638 
vn -0.141732 0.700787 0.700787 
vn -0.141732 0.700787 0.700787 
vn -0.141732 0 0.992126 
vn -0.141732 0 0.992126 
vn -0.141732 -0.700787 0.700787 
vn -0.141732 -0.700787 0.700787 
vn -0.440945 -0.629921 -0.629921 
vn -0.440945 -0.629921 -0.629921 
vn -0.440945 -0.897638 0 
vn -0.440945 -0.897638 0 
vn -0.440945 -0.629921 0.629921 
vn -0.440945 -0.629921 0.629921 
vn -0.141732 -0.700787 0.700787 
vn -0.141732 -0.700787 -0.700787 
vn -0.141732 -0.700787 0.700787 
vn -0.141732 -0.700787 -0.700787 
vn -0.141732 -0.992126 0 
vn -0.141732 -0.992126 0 
vn -1 0 0 
vn -1 0 0 
vn -1 0 0 
vn -1 0 0 
vn -1 0 0 
vn -1 0 0 
vn -1 0 0 
vn -1 0 0 

vt 26.0066 -11.0046 
vt 26.0066 -11 
vt 26.0028 -11 
vt 26.0066 -10.9954 
vt 26.0028 -11.0059 
vt 26.0028 -10.9941 
vt 26.0004 -10.9937 
vt 25.9934 -10.993 
vt 25.9934 -11 
vt 26.0004 -11 
vt 26.0004 -11.0063 
vt 25.9934 -11.007 
vt 25.9954 -11.0066 
vt 25.994 -11.0028 
vt 26 -11.0028 
vt 26 -11.0066 
vt 26.0046 -11.0066 
vt 26.006 -11.0028 
vt 26.0063 -11.0004 
vt 26 -10.9934 
vt 26 -11.0004 
vt 25.9937 -11.0004 
vt 26.007 -10.9934 
vt 25.993 -10.9934 
vt 25.9934 -11.0046 
vt 25.9934 -10.9954 
vt 25.9972 -11.0059 
vt 25.9972 -10.9941 
vt 25.9972 -11 
vt 25.9934 -11 
vt 25.9996 -10.9937 
vt 26.0066 -10.993 
vt 26.0066 -11 
vt 25.9996 -11 
vt 25.9996 -11.0063 
vt 26.0066 -11.007 
vt 26.0046 -11.0066 
vt 26.006 -11.0028 
vt 26 -11.0028 
vt 26 -11.0066 
vt 25.9954 -11.0066 
vt 25.994 -11.0028 
vt 25.9937 -11.0004 
vt 26.0063 -11.0004 
vt 25.993 -10.9934 
vt 26.007 -10.9934 
vt 26 -10.9934 
vt 26 -11.0004 
vt 25.9954 -11.0046 
vt 26.0046 -10.9954 
vt 25.9954 -10.9954 
vt 26 -10.9934 
vt 25.9934 -11 
vt 26.0046 -11.0046 
vt 26.0066 -11 
vt 26 -11.0066 

usemtl Meshpart3Mtl

f 2704/2704/2704 2705/2705/2705 2706/2706/2706 
f 2707/2707/2707 2706/2706/2706 2705/2705/2705 
f 2706/2706/2706 2708/2708/2708 2704/2704/2704 
f 2706/2706/2706 2707/2707/2707 2709/2709/2709 
f 2712/2712/2712 2710/2710/2710 2711/2711/2711 
f 2710/2710/2710 2712/2712/2712 2713/2713/2713 
f 2712/2712/2712 2714/2714/2714 2713/2713/2713 
f 2714/2714/2714 2712/2712/2712 2715/2715/2715 
f 2718/2718/2718 2717/2717/2717 2716/2716/2716 
f 2716/2716/2716 2719/2719/2719 2718/2718/2718 
f 2720/2720/2720 2718/2718/2718 2719/2719/2719 
f 2718/2718/2718 2720/2720/2720 2721/2721/2721 
f 2722/2722/2722 2723/2723/2723 2724/2724/2724 
f 2723/2723/2723 2725/2725/2725 2724/2724/2724 
f 2723/2723/2723 2722/2722/2722 2726/2726/2726 
f 2725/2725/2725 2723/2723/2723 2727/2727/2727 
f 2732/2732/2732 2728/2728/2728 2730/2730/2730 
f 2732/2732/2732 2731/2731/2731 2729/2729/2729 
f 2728/2728/2728 2732/2732/2732 2733/2733/2733 
f 2729/2729/2729 2733/2733/2733 2732/2732/2732 
f 2734/2734/2734 2736/2736/2736 2735/2735/2735 
f 2736/2736/2736 2734/2734/2734 2737/2737/2737 
f 2738/2738/2738 2736/2736/2736 2737/2737/2737 
f 2736/2736/2736 2738/2738/2738 2739/2739/2739 
f 2742/2742/2742 2740/2740/2740 2741/2741/2741 
f 2740/2740/2740 2742/2742/2742 2743/2743/2743 
f 2744/2744/2744 2743/2743/2743 2742/2742/2742 
f 2742/2742/2742 2745/2745/2745 2744/2744/2744 
f 2746/2746/2746 2750/2750/2750 2748/2748/2748 
f 2750/2750/2750 2747/2747/2747 2749/2749/2749 
f 2750/2750/2750 2746/2746/2746 2751/2751/2751 
f 2747/2747/2747 2750/2750/2750 2751/2751/2751 
f 2752/2752/2752 2753/2753/2753 2754/2754/2754 
f 2754/2754/2754 2753/2753/2753 2755/2755/2755 
f 2752/2752/2752 2754/2754/2754 2756/2756/2756 
f 2752/2752/2752 2757/2757/2757 2753/2753/2753 
f 2753/2753/2753 2757/2757/2757 2758/2758/2758 
f 2757/2757/2757 2752/2752/2752 2759/2759/2759 

