# This file is brought to you by Roblox Corporation
# Generated by Roblox Studio

mtllib Uzi.mtl

g Meshpart1

v -490.03 6.31125 -0.133211 
v -489.804 6.26951 -0.133211 
v -489.829 6.31125 -0.133211 
v -490.056 6.26951 -0.133211 
v -489.895 6.25852 -0.299745 
v -489.812 6.05643 -0.299745 
v -489.812 6.25852 -0.299745 
v -489.895 6.05643 -0.299745 
v -490.082 6.06462 -0.0587091 
v -490.018 6.06462 -0.0587091 
v -490.018 6.0923 -0.0411652 
v -490.082 6.0923 -0.0411652 
v -490.082 6.2326 -0.0587091 
v -490.018 6.2326 -0.0587091 
v -490.082 6.20492 -0.0411652 
v -490.018 6.20492 -0.0411652 
v -490.082 6.17723 -0.0587091 
v -490.018 6.17723 -0.0587091 
v -490.018 6.20492 -0.0411652 
v -490.082 6.20492 -0.0411652 
v -490.082 6.11999 -0.0587091 
v -490.018 6.11999 -0.0587091 
v -490.082 6.0923 -0.0411652 
v -490.018 6.0923 -0.0411652 
v -490.03 6.31125 -0.133211 
v -489.829 6.31125 -0.133211 
v -489.829 6.31125 -1.11869 
v -490.03 6.31125 -1.11869 
v -489.812 6.25852 -0.991047 
v -489.895 6.25852 -0.991047 
v -489.895 6.25852 -0.299745 
v -489.812 6.25852 -0.299745 
v -489.829 6.31125 -1.11869 
v -490.03 6.31125 -0.133211 
v -489.829 6.31125 -0.133211 
v -490.03 6.31125 -1.11869 
v -489.812 6.25852 -0.991047 
v -489.895 6.25852 -0.299745 
v -489.812 6.25852 -0.299745 
v -489.895 6.25852 -0.991047 
v -490.018 6.2326 -1.23023 
v -490.082 6.2326 -0.0587091 
v -490.018 6.2326 -0.0587091 
v -490.082 6.2326 -1.23023 
v -490.018 6.11999 -1.23023 
v -490.082 6.11999 -0.0587091 
v -490.018 6.11999 -0.0587091 
v -490.082 6.11999 -1.23023 
v -489.895 6.05643 -0.991047 
v -489.895 6.25852 -0.991047 
v -489.895 6.25852 -0.299745 
v -489.895 6.05643 -0.299745 
v -490.082 6.06462 -0.0587091 
v -490.082 6.06462 -1.23023 
v -490.03 6.31125 -0.133211 
v -490.03 6.31125 -1.11869 
v -490.056 6.26951 -0.133211 
v -490.056 6.26951 -1.11869 
v -490.082 6.0923 -1.24778 
v -490.082 6.06462 -0.0587091 
v -490.082 6.0923 -0.0411652 
v -490.082 6.06462 -1.23023 
v -490.082 6.11999 -0.0587091 
v -490.082 6.11999 -1.23023 
v -490.082 6.20492 -1.24778 
v -490.082 6.17723 -0.0587091 
v -490.082 6.20492 -0.0411652 
v -490.082 6.17723 -1.23023 
v -490.082 6.2326 -0.0587091 
v -490.082 6.2326 -1.23023 
v -489.895 6.25852 -0.299745 
v -489.895 6.25852 -0.991047 
v -489.895 6.05643 -0.299745 
v -489.895 6.05643 -0.991047 
v -489.804 6.26951 -1.11869 
v -490.056 6.26951 -1.11869 
v -489.829 6.31125 -1.11869 
v -490.03 6.31125 -1.11869 
v -489.812 6.25852 -0.991047 
v -489.812 6.05643 -0.991047 
v -489.895 6.05643 -0.991047 
v -489.895 6.25852 -0.991047 
v -490.018 6.06462 -1.23023 
v -490.082 6.06462 -1.23023 
v -490.082 6.0923 -1.24778 
v -490.018 6.0923 -1.24778 
v -490.018 6.2326 -1.23023 
v -490.082 6.2326 -1.23023 
v -490.018 6.20492 -1.24778 
v -490.082 6.20492 -1.24778 
v -490.018 6.17723 -1.23023 
v -490.082 6.17723 -1.23023 
v -490.082 6.20492 -1.24778 
v -490.018 6.20492 -1.24778 
v -490.018 6.11999 -1.23023 
v -490.082 6.11999 -1.23023 
v -490.018 6.0923 -1.24778 
v -490.082 6.0923 -1.24778 
v -489.812 6.05643 -0.991047 
v -489.895 6.05643 -0.991047 
v -489.812 6.05643 -0.299745 
v -489.895 6.05643 -0.299745 
v -489.812 6.05643 -0.991047 
v -489.812 6.05643 -0.299745 
v -489.895 6.05643 -0.299745 
v -489.895 6.05643 -0.991047 
v -490.082 6.06462 -0.0587091 
v -490.018 6.06462 -0.0587091 
v -490.018 6.06462 -1.23023 
v -490.082 6.06462 -1.23023 
v -490.082 6.17723 -0.0587091 
v -490.018 6.17723 -0.0587091 
v -490.018 6.17723 -1.23023 
v -490.082 6.17723 -1.23023 
v -489.812 6.25852 -0.991047 
v -489.812 6.05643 -0.991047 
v -489.812 6.05643 -0.299745 
v -489.812 6.25852 -0.299745 
v -489.829 6.31125 -0.133211 
v -489.804 6.26951 -1.11869 
v -489.829 6.31125 -1.11869 
v -489.804 6.26951 -0.133211 
v -489.812 6.25852 -0.299745 
v -489.812 6.05643 -0.991047 
v -489.812 6.25852 -0.991047 
v -489.812 6.05643 -0.299745 

vn 0 0 1 
vn 0 0 1 
vn 0 0 1 
vn 0 0 1 
vn 0 0 1 
vn 0 0 1 
vn 0 0 1 
vn 0 0 1 
vn 0 -0.874016 0.480315 
vn 0 -0.874016 0.480315 
vn 0 -0.535433 0.84252 
vn 0 -0.535433 0.84252 
vn 0 0.874016 0.480315 
vn 0 0.874016 0.480315 
vn 0 0.535433 0.84252 
vn 0 0.535433 0.84252 
vn 0 -0.874016 0.480315 
vn 0 -0.874016 0.480315 
vn 0 -0.535433 0.84252 
vn 0 -0.535433 0.84252 
vn 0 0.874016 0.480315 
vn 0 0.874016 0.480315 
vn 0 0.535433 0.84252 
vn 0 0.535433 0.84252 
vn 0 0 1 
vn 0 0 1 
vn 0 0 -1 
vn 0 0 -1 
vn 0 0 -1 
vn 0 0 -1 
vn 0 0 1 
vn 0 0 1 
vn 0 1 0 
vn 0 1 0 
vn 0 1 0 
vn 0 1 0 
vn 0 1 0 
vn 0 1 0 
vn 0 1 0 
vn 0 1 0 
vn 0 0.874016 -0.480315 
vn 0 0.874016 0.480315 
vn 0 0.874016 0.480315 
vn 0 0.874016 -0.480315 
vn 0 0.874016 -0.480315 
vn 0 0.874016 0.480315 
vn 0 0.874016 0.480315 
vn 0 0.874016 -0.480315 
vn 0 0 -1 
vn 0 0 -1 
vn 0 0 1 
vn 0 0 1 
vn 0 -0.874016 0.480315 
vn 0 -0.874016 -0.480315 
vn -0.850394 0.527559 0 
vn -0.850394 0.527559 0 
vn -0.850394 0.527559 0 
vn -0.850394 0.527559 0 
vn -1 0 0 
vn -1 0 0 
vn -1 0 0 
vn -1 0 0 
vn -1 0 0 
vn -1 0 0 
vn -1 0 0 
vn -1 0 0 
vn -1 0 0 
vn -1 0 0 
vn -1 0 0 
vn -1 0 0 
vn -1 0 0 
vn -1 0 0 
vn -1 0 0 
vn -1 0 0 
vn 0 0 -1 
vn 0 0 -1 
vn 0 0 -1 
vn 0 0 -1 
vn 0 0 -1 
vn 0 0 -1 
vn 0 0 -1 
vn 0 0 -1 
vn 0 -0.874016 -0.480315 
vn 0 -0.874016 -0.480315 
vn 0 -0.535433 -0.84252 
vn 0 -0.535433 -0.84252 
vn 0 0.874016 -0.480315 
vn 0 0.874016 -0.480315 
vn 0 0.535433 -0.84252 
vn 0 0.535433 -0.84252 
vn 0 -0.874016 -0.480315 
vn 0 -0.874016 -0.480315 
vn 0 -0.535433 -0.84252 
vn 0 -0.535433 -0.84252 
vn 0 0.874016 -0.480315 
vn 0 0.874016 -0.480315 
vn 0 0.535433 -0.84252 
vn 0 0.535433 -0.84252 
vn 0 0 -1 
vn 0 0 -1 
vn 0 0 1 
vn 0 0 1 
vn 0 -1 0 
vn 0 -1 0 
vn 0 -1 0 
vn 0 -1 0 
vn 0 -0.874016 0.480315 
vn 0 -0.874016 0.480315 
vn 0 -0.874016 -0.480315 
vn 0 -0.874016 -0.480315 
vn 0 -0.874016 0.480315 
vn 0 -0.874016 0.480315 
vn 0 -0.874016 -0.480315 
vn 0 -0.874016 -0.480315 
vn 0 0 -1 
vn 0 0 -1 
vn 0 0 1 
vn 0 0 1 
vn 0.850394 0.527559 0 
vn 0.850394 0.527559 0 
vn 0.850394 0.527559 0 
vn 0.850394 0.527559 0 
vn 1 0 0 
vn 1 0 0 
vn 1 0 0 
vn 1 0 0 

vt 3.98911 -30.9841 
vt 4.01741 -30.9893 
vt 4.01417 -30.9841 
vt 3.98588 -30.9893 
vt 4.00602 -30.9907 
vt 4.01631 -31.0159 
vt 4.01631 -30.9907 
vt 4.00602 -31.0159 
vt 3.98259 -31.0149 
vt 3.99055 -31.0149 
vt 3.99055 -31.0114 
vt 3.98259 -31.0114 
vt 3.98259 -30.9939 
vt 3.99055 -30.9939 
vt 3.98259 -30.9974 
vt 3.99055 -30.9974 
vt 3.98259 -31.0008 
vt 3.99055 -31.0008 
vt 3.99055 -30.9974 
vt 3.98259 -30.9974 
vt 3.98259 -31.008 
vt 3.99055 -31.008 
vt 3.98259 -31.0114 
vt 3.99055 -31.0114 
vt 3.93609 -30.9891 
vt 3.93609 -31.0142 
vt 4.05928 -31.0142 
vt 4.05928 -30.9891 
vt 4.04332 -31.0163 
vt 4.04332 -31.006 
vt 3.95691 -31.006 
vt 3.95691 -31.0163 
vt 4.05928 -31.0142 
vt 3.93609 -30.9891 
vt 3.93609 -31.0142 
vt 4.05928 -30.9891 
vt 4.04332 -31.0163 
vt 3.95691 -31.006 
vt 3.95691 -31.0163 
vt 4.04332 -31.006 
vt 4.07322 -30.9905 
vt 3.92678 -30.9826 
vt 3.92678 -30.9905 
vt 4.07322 -30.9826 
vt 4.07322 -30.9905 
vt 3.92678 -30.9826 
vt 3.92678 -30.9905 
vt 4.07322 -30.9826 
vt 3.95668 -31.0159 
vt 3.95668 -30.9907 
vt 4.04309 -30.9907 
vt 4.04309 -31.0159 
vt 4.07322 -31.0149 
vt 3.92678 -31.0149 
vt 4.06391 -30.9841 
vt 3.94072 -30.9841 
vt 4.06391 -30.9893 
vt 3.94072 -30.9893 
vt 3.92459 -31.0114 
vt 4.07322 -31.0149 
vt 4.07541 -31.0114 
vt 3.92678 -31.0149 
vt 4.07322 -31.008 
vt 3.92678 -31.008 
vt 3.92459 -30.9974 
vt 4.07322 -31.0008 
vt 4.07541 -30.9974 
vt 3.92678 -31.0008 
vt 4.07322 -30.9939 
vt 3.92678 -30.9939 
vt 4.04309 -30.9907 
vt 3.95668 -30.9907 
vt 4.04309 -31.0159 
vt 3.95668 -31.0159 
vt 3.98259 -30.9893 
vt 4.01412 -30.9893 
vt 3.98583 -30.9841 
vt 4.01089 -30.9841 
vt 3.98369 -30.9907 
vt 3.98369 -31.0159 
vt 3.99398 -31.0159 
vt 3.99398 -30.9907 
vt 4.00946 -31.0149 
vt 4.01741 -31.0149 
vt 4.01741 -31.0114 
vt 4.00946 -31.0114 
vt 4.00946 -30.9939 
vt 4.01741 -30.9939 
vt 4.00946 -30.9974 
vt 4.01741 -30.9974 
vt 4.00946 -31.0008 
vt 4.01741 -31.0008 
vt 4.01741 -30.9974 
vt 4.00946 -30.9974 
vt 4.00946 -31.008 
vt 4.01741 -31.008 
vt 4.00946 -31.0114 
vt 4.01741 -31.0114 
vt 3.95668 -31.0163 
vt 3.95668 -31.006 
vt 4.04309 -31.0163 
vt 4.04309 -31.006 
vt 3.95668 -31.0163 
vt 4.04309 -31.0163 
vt 4.04309 -31.006 
vt 3.95668 -31.006 
vt 4.07322 -30.9826 
vt 4.07322 -30.9905 
vt 3.92678 -30.9905 
vt 3.92678 -30.9826 
vt 4.07322 -30.9826 
vt 4.07322 -30.9905 
vt 3.92678 -30.9905 
vt 3.92678 -30.9826 
vt 4.04332 -30.9907 
vt 4.04332 -31.0159 
vt 3.95691 -31.0159 
vt 3.95691 -30.9907 
vt 3.93609 -30.9841 
vt 4.05928 -30.9893 
vt 4.05928 -30.9841 
vt 3.93609 -30.9893 
vt 3.95691 -30.9907 
vt 4.04332 -31.0159 
vt 4.04332 -30.9907 
vt 3.95691 -31.0159 

usemtl Meshpart1Mtl

f 1/1/1 2/2/2 3/3/3 
f 4/4/4 2/2/2 1/1/1 
f 5/5/5 6/6/6 7/7/7 
f 6/6/6 5/5/5 8/8/8 
f 9/9/9 10/10/10 11/11/11 
f 11/11/11 12/12/12 9/9/9 
f 14/14/14 13/13/13 15/15/15 
f 15/15/15 16/16/16 14/14/14 
f 17/17/17 18/18/18 19/19/19 
f 19/19/19 20/20/20 17/17/17 
f 22/22/22 21/21/21 23/23/23 
f 23/23/23 24/24/24 22/22/22 
f 33/33/33 34/34/34 35/35/35 
f 34/34/34 33/33/33 36/36/36 
f 37/37/37 38/38/38 39/39/39 
f 38/38/38 37/37/37 40/40/40 
f 41/41/41 42/42/42 43/43/43 
f 42/42/42 41/41/41 44/44/44 
f 45/45/45 46/46/46 47/47/47 
f 46/46/46 45/45/45 48/48/48 
f 55/55/55 56/56/56 57/57/57 
f 58/58/58 57/57/57 56/56/56 
f 59/59/59 60/60/60 61/61/61 
f 60/60/60 59/59/59 62/62/62 
f 59/59/59 61/61/61 63/63/63 
f 59/59/59 63/63/63 64/64/64 
f 65/65/65 66/66/66 67/67/67 
f 66/66/66 65/65/65 68/68/68 
f 65/65/65 67/67/67 69/69/69 
f 65/65/65 69/69/69 70/70/70 
f 71/71/71 72/72/72 73/73/73 
f 74/74/74 73/73/73 72/72/72 
f 75/75/75 76/76/76 77/77/77 
f 77/77/77 76/76/76 78/78/78 
f 79/79/79 80/80/80 81/81/81 
f 79/79/79 81/81/81 82/82/82 
f 85/85/85 83/83/83 84/84/84 
f 83/83/83 85/85/85 86/86/86 
f 89/89/89 88/88/88 87/87/87 
f 88/88/88 89/89/89 90/90/90 
f 93/93/93 91/91/91 92/92/92 
f 91/91/91 93/93/93 94/94/94 
f 97/97/97 96/96/96 95/95/95 
f 96/96/96 97/97/97 98/98/98 
f 103/103/103 104/104/104 105/105/105 
f 103/103/103 105/105/105 106/106/106 
f 107/107/107 109/109/109 108/108/108 
f 109/109/109 107/107/107 110/110/110 
f 111/111/111 113/113/113 112/112/112 
f 113/113/113 111/111/111 114/114/114 
f 119/119/119 120/120/120 121/121/121 
f 120/120/120 119/119/119 122/122/122 
f 123/123/123 124/124/124 125/125/125 
f 124/124/124 123/123/123 126/126/126 

g Meshpart2

v -489.741 4.8809 -0.0743605 
v -490.119 4.8809 -0.0743605 
v -489.899 6.32966 0.392483 
v -489.93 6.32355 0.392483 
v -489.899 6.29418 0.392483 
v -489.961 6.29418 0.392483 
v -489.961 6.32966 0.392483 
v -489.962 6.41244 0.392483 
v -489.93 6.42602 0.392483 
v -489.974 6.42415 0.392483 
v -489.976 6.37964 0.392483 
v -489.93 6.44259 0.392483 
v -489.993 6.37964 0.392483 
v -489.885 6.42415 0.392483 
v -489.974 6.33513 0.392483 
v -489.897 6.41244 0.392483 
v -489.962 6.34685 0.392483 
v -489.883 6.37964 0.392483 
v -489.93 6.33327 0.392483 
v -489.867 6.37964 0.392483 
v -489.93 6.3167 0.392483 
v -489.885 6.33513 0.392483 
v -489.897 6.34685 0.392483 
v -489.83 6.31478 0.476884 
v -489.741 5.96725 0.144324 
v -490.119 5.96725 0.144325 
v -489.741 5.71034 0.18155 
v -490.119 5.71034 0.18155 
v -489.741 5.65434 -0.0612005 
v -490.119 5.65434 -0.0612005 
v -489.741 4.8809 -0.0743605 
v -489.741 5.16145 0.0100975 
v -490.119 4.8809 -0.0743605 
v -490.119 5.16145 0.0100995 
v -489.741 5.65434 -0.0612005 
v -490.119 5.65434 -0.0612005 
v -489.764 5.77752 0.520398 
v -490.096 5.77752 0.520398 
v -490.096 6.29936 0.520398 
v -489.764 6.29936 0.520398 
v -490.068 5.74331 0.246654 
v -490.002 6.28987 0.499856 
v -490.002 6.38567 0.499856 
v -490.045 6.38567 0.499856 
v -490.045 6.28987 0.499856 
v -490.045 6.44308 0.451702 
v -490.002 6.44308 0.451702 
v -489.814 6.38567 0.499856 
v -489.857 6.28987 0.499856 
v -489.814 6.28987 0.499856 
v -489.857 6.38567 0.499856 
v -489.814 6.44308 0.451702 
v -489.857 6.44308 0.451702 
v -489.974 6.33513 0.37035 
v -489.974 6.42415 0.392483 
v -489.885 6.33513 0.392483 
v -489.791 6.06105 -0.972532 
v -489.791 6.25371 -0.972532 
v -489.883 6.25371 -0.972532 
v -489.883 6.06105 -0.972532 
v -489.835 6.42095 -1.57941 
v -489.876 6.35779 -1.52941 
v -489.835 6.35779 -1.52941 
v -489.876 6.42095 -1.57941 
v -489.876 6.30695 -1.52941 
v -489.835 6.30695 -1.52941 
v -489.835 6.27482 -1.52941 
v -489.876 6.27482 -1.52941 
v -489.93 6.27482 -1.52941 
v -489.93 6.30695 -1.52941 
v -489.983 6.30695 -1.52941 
v -489.983 6.27482 -1.52941 
v -490.024 6.27482 -1.52941 
v -490.024 6.30695 -1.52941 
v -490.024 6.35779 -1.52941 
v -489.983 6.35779 -1.52941 
v -489.983 6.42095 -1.57941 
v -490.024 6.42095 -1.57941 
v -489.932 6.38292 -1.5882 
v -489.913 6.30488 -1.57401 
v -489.927 6.38292 -1.5882 
v -489.946 6.30488 -1.57401 
v -489.855 6.05182 -2.19557 
v -489.93 6.1265 -2.19557 
v -489.891 6.01369 -2.03096 
v -489.891 6.01369 -2.19557 
v -489.93 5.99789 -2.03096 
v -489.93 5.99789 -2.19557 
v -489.968 6.01369 -2.03096 
v -489.968 6.01369 -2.19557 
v -489.796 6.05182 -1.86365 
v -490.024 6.14652 -1.86365 
v -489.93 6.33327 0.392483 
v -489.93 5.91789 -1.69881 
v -490.024 6.14652 -1.69881 
v -490.024 6.14652 -1.86365 
v -489.93 6.18575 -1.86365 
v -489.93 6.18575 -1.69881 
v -489.835 6.14652 -1.86365 
v -489.835 6.14652 -1.69881 
v -489.791 6.27822 -1.70629 
v -490.029 6.31478 0.476884 
v -489.83 6.2916 0.500412 
v -489.83 6.31478 0.476884 
v -490.029 6.2916 0.500412 
v -489.946 6.30488 -1.60715 
v -489.741 5.96725 0.144324 
v -490.119 5.96725 0.144325 
v -489.764 6.03432 -1.60014 
v -490.096 6.03432 -1.60014 
v -490.119 5.96725 -1.09186 
v -489.741 5.65434 -0.617496 
v -490.068 5.74331 0.246654 
v -490.002 6.28987 0.499856 
v -490.002 6.38567 0.499856 
v -490.045 6.38567 0.499856 
v -490.045 6.28987 0.499856 
v -490.045 6.44308 0.451702 
v -490.002 6.44308 0.451702 
v -490.045 6.44308 0.312533 
v -490.002 6.44308 0.312533 
v -490.045 6.28987 0.26438 
v -490.002 6.28987 0.26438 
v -489.814 6.38567 0.499856 
v -489.814 6.44308 0.451702 
v -489.857 6.44308 0.451702 
v -489.814 6.44308 0.312533 
v -489.857 6.44308 0.312533 
v -489.857 6.38567 0.26438 
v -489.927 6.38292 -1.5882 
v -489.927 6.38292 -1.59296 
v -489.932 6.38292 -1.59296 
v -489.932 6.38292 -1.5882 
v -490.096 6.03432 -0.0111205 
v -489.899 6.32966 0.392483 
v -489.899 6.32966 0.37035 
v -489.93 6.32355 0.37035 
v -489.93 6.32355 0.392483 
v -489.93 6.32355 0.392483 
v -489.93 6.32355 0.37035 
v -489.961 6.32966 0.37035 
v -489.961 6.32966 0.392483 
v -489.83 6.31478 0.294749 
v -490.029 6.31478 0.476884 
v -489.83 6.31478 0.476884 
v -490.029 6.31478 0.294749 
v -489.764 6.03432 -0.0111205 
v -489.93 6.30695 -1.65094 
v -489.93 6.30695 -1.52941 
v -489.876 6.30695 -1.65094 
v -489.876 6.30695 -1.52941 
v -489.983 6.30695 -1.52941 
v -489.983 6.30695 -1.65094 
v -489.764 6.29936 0.520398 
v -489.764 6.29936 0.242257 
v -490.096 6.29936 0.242257 
v -490.096 6.29936 0.520398 
v -489.791 6.25371 -0.972532 
v -489.791 6.06105 -0.972532 
v -489.791 6.27822 0.246654 
v -489.791 6.27822 -1.70629 
v -490.068 6.27822 -1.70629 
v -490.068 6.27822 0.246654 
v -489.877 6.10463 -2.19557 
v -489.93 6.1265 -1.85017 
v -489.877 6.10463 -1.85017 
v -489.93 6.1265 -2.19557 
v -489.982 6.10463 -1.85017 
v -489.982 6.10463 -2.19557 
v -489.877 5.99901 -1.85017 
v -489.93 5.97713 -1.85017 
v -489.962 6.34685 0.392483 
v -489.962 6.34685 0.37035 
v -489.93 6.33327 0.37035 
v -489.93 6.33327 0.392483 
v -489.897 6.34685 0.37035 
v -489.897 6.34685 0.392483 
v -489.974 6.42415 0.392483 
v -489.974 6.42415 0.37035 
v -489.93 6.44259 0.392483 
v -489.93 6.44259 0.37035 
v -489.885 6.42415 0.392483 
v -489.885 6.42415 0.37035 
v -489.883 6.06105 -0.972532 
v -489.883 6.06105 -0.318429 
v -489.791 6.06105 -0.972532 
v -489.791 6.06105 -0.318429 
v -489.764 6.03432 -1.60014 
v -490.096 6.03432 -0.0111205 
v -489.764 6.03432 -0.0111205 
v -490.096 6.03432 -1.60014 
v -489.741 5.96725 0.144324 
v -489.741 5.96725 -1.09186 
v -490.119 5.96725 -1.09186 
v -490.119 5.96725 0.144325 
v -489.83 6.2916 0.271222 
v -490.029 6.2916 0.271222 
v -489.83 6.31478 0.294749 
v -490.029 6.31478 0.294749 
v -489.835 6.42095 -1.57941 
v -489.876 6.42095 -1.57941 
v -489.835 6.42095 -1.65094 
v -489.876 6.42095 -1.65094 
v -489.983 6.42095 -1.57941 
v -490.024 6.42095 -1.57941 
v -490.024 6.42095 -1.65094 
v -489.983 6.42095 -1.65094 
v -489.984 6.05182 -2.19557 
v -489.93 6.1265 -2.19557 
v -489.891 6.01369 -2.03096 
v -489.876 6.05182 -2.19557 
v -489.891 6.01369 -2.19557 
v -489.876 6.05182 -2.03096 
v -489.891 6.08995 -2.19557 
v -489.891 6.08995 -2.03096 
v -489.93 6.10574 -2.03096 
v -489.93 5.99789 -2.03096 
v -490.119 4.8809 -0.0743605 
v -490.119 4.8809 -0.617496 
v -490.024 6.14652 -1.86365 
v -490.024 5.95712 -1.86365 
v -489.93 6.33327 0.392483 
v -490.024 5.95712 -1.86365 
v -490.024 5.95712 -1.69881 
v -490.064 6.05182 -1.69881 
v -490.064 6.05182 -1.86365 
v -489.93 5.91789 -1.69881 
v -490.024 6.14652 -1.69881 
v -490.024 6.14652 -1.86365 
v -490.068 5.74331 -1.70629 
v -489.946 6.30488 -1.60715 
v -490.119 5.96725 0.144325 
v -490.119 5.65434 -0.0612005 
v -490.096 5.71297 -1.60014 
v -490.096 6.03432 -1.60014 
v -490.119 5.16145 0.0100995 
v -490.119 5.71034 -1.13766 
v -490.119 5.96725 -1.09186 
v -489.741 5.65434 -0.617496 
v -490.119 5.65434 -0.617496 
v -490.096 5.77752 0.520398 
v -490.068 5.74331 0.246654 
v -490.002 6.28987 0.499856 
v -490.002 6.38567 0.499856 
v -490.045 6.38567 0.499856 
v -490.045 6.44308 0.312533 
v -490.119 5.96725 -1.09186 
v -490.119 5.65434 -1.07967 
v -490.119 5.65434 -0.617496 
v -490.119 5.71034 -1.13766 
v -490.119 5.96725 0.144325 
v -490.119 5.65434 -0.0612005 
v -490.119 5.71034 0.18155 
v -490.119 5.65434 0.123562 
v -490.119 5.16145 0.0100995 
v -490.119 4.8809 -0.617496 
v -490.119 4.8809 -0.0743605 
v -490.096 6.03432 -0.0111205 
v -490.096 5.71297 -1.60014 
v -490.096 5.71297 0.429229 
v -490.096 6.03432 -1.60014 
v -490.096 6.29936 0.242257 
v -490.096 5.77752 0.520398 
v -490.096 6.29936 0.520398 
v -490.029 6.31478 0.294749 
v -490.068 6.27822 0.246654 
v -490.068 6.27822 -1.70629 
v -490.068 5.74331 0.246654 
v -490.068 5.74331 -1.70629 
v -490.045 6.28987 0.499856 
v -490.045 6.44308 0.451702 
v -490.045 6.28987 0.26438 
v -490.045 6.38567 0.499856 
v -490.045 6.44308 0.312533 
v -490.045 6.38567 0.26438 
v -490.024 6.30695 -1.65094 
v -490.024 6.42095 -1.57941 
v -490.024 6.42095 -1.65094 
v -490.024 6.35779 -1.52941 
v -490.024 6.30695 -1.52941 
v -490.024 6.27482 -1.65094 
v -490.024 6.27482 -1.52941 
v -489.932 6.38292 -1.59296 
v -489.946 6.30488 -1.60715 
v -489.946 6.30488 -1.57401 
v -489.932 6.38292 -1.5882 
v -489.982 6.10463 -1.85017 
v -489.982 6.10463 -2.19557 
v -490.004 6.05182 -1.85017 
v -490.004 6.05182 -2.19557 
v -489.982 5.99901 -1.85017 
v -489.982 5.99901 -2.19557 
v -489.961 6.29418 0.37035 
v -489.961 6.29418 0.392483 
v -489.961 6.32966 0.37035 
v -489.961 6.32966 0.392483 
v -489.897 6.34685 0.37035 
v -489.897 6.41244 0.37035 
v -489.897 6.34685 0.392483 
v -489.897 6.41244 0.392483 
v -489.883 6.37964 0.37035 
v -489.883 6.37964 0.392483 
v -489.974 6.33513 0.392483 
v -489.993 6.37964 0.392483 
v -489.974 6.33513 0.37035 
v -489.993 6.37964 0.37035 
v -489.974 6.42415 0.392483 
v -489.974 6.42415 0.37035 
v -489.876 6.35779 -1.52941 
v -489.876 6.30695 -1.65094 
v -489.876 6.30695 -1.52941 
v -489.876 6.42095 -1.57941 
v -489.876 6.42095 -1.65094 
v -489.857 6.28987 0.26438 
v -489.857 6.28987 0.499856 
v -489.857 6.44308 0.451702 
v -489.857 6.38567 0.499856 
v -489.857 6.44308 0.312533 
v -489.857 6.38567 0.26438 
v -489.982 5.99901 -2.19557 
v -489.93 5.99789 -2.19557 
v -489.93 5.97713 -2.19557 
v -489.877 5.99901 -2.19557 
v -489.968 6.01369 -2.19557 
v -489.891 6.01369 -2.19557 
v -489.984 6.05182 -2.19557 
v -489.855 6.05182 -2.19557 
v -490.004 6.05182 -2.19557 
v -489.876 6.05182 -2.19557 
v -489.982 6.10463 -2.19557 
v -489.877 6.10463 -2.19557 
v -489.968 6.08995 -2.19557 
v -489.891 6.08995 -2.19557 
v -489.93 6.1265 -2.19557 
v -489.93 6.10574 -2.19557 
v -489.891 6.01369 -2.03096 
v -489.876 6.05182 -2.03096 
v -489.891 6.08995 -2.03096 
v -489.93 6.10574 -2.03096 
v -489.93 5.99789 -2.03096 
v -489.968 6.01369 -2.03096 
v -489.984 6.05182 -2.03096 
v -489.968 6.08995 -2.03096 
v -489.741 4.8809 -0.617496 
v -490.119 4.8809 -0.617496 
v -489.835 5.95712 -1.86365 
v -489.835 6.14652 -1.86365 
v -489.796 6.05182 -1.86365 
v -489.93 6.18575 -1.86365 
v -489.93 5.91789 -1.86365 
v -490.024 6.14652 -1.86365 
v -490.024 5.95712 -1.86365 
v -490.064 6.05182 -1.86365 
v -489.791 6.27822 -1.70629 
v -489.791 5.74331 -1.70629 
v -490.068 5.74331 -1.70629 
v -490.068 6.27822 -1.70629 
v -489.876 6.30695 -1.65094 
v -489.876 6.42095 -1.65094 
v -489.835 6.30695 -1.65094 
v -489.835 6.42095 -1.65094 
v -489.876 6.27482 -1.65094 
v -489.835 6.27482 -1.65094 
v -489.93 6.30695 -1.65094 
v -489.93 6.27482 -1.65094 
v -489.983 6.27482 -1.65094 
v -489.983 6.30695 -1.65094 
v -490.024 6.30695 -1.65094 
v -490.024 6.27482 -1.65094 
v -489.983 6.42095 -1.65094 
v -490.024 6.42095 -1.65094 
v -489.927 6.38292 -1.59296 
v -489.913 6.30488 -1.60715 
v -489.946 6.30488 -1.60715 
v -489.932 6.38292 -1.59296 
v -489.764 6.03432 -1.60014 
v -489.764 5.71297 -1.60014 
v -490.096 5.71297 -1.60014 
v -490.096 6.03432 -1.60014 
v -489.741 5.96725 -1.09186 
v -489.741 5.71034 -1.13766 
v -490.119 5.71034 -1.13766 
v -490.119 5.96725 -1.09186 
v -489.741 5.65434 -0.617496 
v -490.119 5.65434 -0.617496 
v -490.045 6.44308 0.312533 
v -490.002 6.44308 0.312533 
v -490.045 6.38567 0.26438 
v -490.002 6.38567 0.26438 
v -490.045 6.28987 0.26438 
v -490.002 6.28987 0.26438 
v -489.814 6.44308 0.312533 
v -489.857 6.44308 0.312533 
v -489.814 6.38567 0.26438 
v -489.857 6.38567 0.26438 
v -489.814 6.28987 0.26438 
v -489.857 6.28987 0.26438 
v -489.791 6.06105 -0.972532 
v -489.974 6.33513 0.37035 
v -489.974 6.42415 0.392483 
v -489.885 6.42415 0.37035 
v -489.741 5.65434 -0.617496 
v -489.741 4.8809 -0.617496 
v -490.119 4.8809 -0.617496 
v -490.119 5.65434 -0.617496 
v -489.883 6.06105 -0.318429 
v -489.883 6.25371 -0.318429 
v -489.791 6.06105 -0.318429 
v -489.791 6.25371 -0.318429 
v -489.764 6.29936 0.242257 
v -489.764 6.03432 -0.0111205 
v -490.096 6.03432 -0.0111205 
v -490.096 6.29936 0.242257 
v -489.899 6.29418 0.37035 
v -489.93 6.32355 0.37035 
v -489.899 6.32966 0.37035 
v -489.961 6.29418 0.37035 
v -489.961 6.32966 0.37035 
v -489.885 6.42415 0.37035 
v -489.93 6.42602 0.37035 
v -489.93 6.44259 0.37035 
v -489.974 6.42415 0.37035 
v -489.897 6.41244 0.37035 
v -489.962 6.41244 0.37035 
v -489.883 6.37964 0.37035 
v -489.976 6.37964 0.37035 
v -489.867 6.37964 0.37035 
v -489.993 6.37964 0.37035 
v -489.885 6.33513 0.37035 
v -489.974 6.33513 0.37035 
v -489.897 6.34685 0.37035 
v -489.962 6.34685 0.37035 
v -489.93 6.33327 0.37035 
v -489.93 6.3167 0.37035 
v -489.984 6.05182 -2.19557 
v -489.855 6.05182 -2.19557 
v -489.891 6.08995 -2.19557 
v -489.891 6.08995 -2.03096 
v -489.93 6.10574 -2.03096 
v -489.93 6.10574 -2.19557 
v -489.968 6.08995 -2.03096 
v -489.968 6.08995 -2.19557 
v -489.741 4.8809 -0.617496 
v -489.741 4.8809 -0.0743605 
v -490.119 4.8809 -0.0743605 
v -490.119 4.8809 -0.617496 
v -489.796 6.05182 -1.86365 
v -490.024 5.95712 -1.86365 
v -490.024 5.95712 -1.86365 
v -490.024 5.95712 -1.69881 
v -489.93 5.91789 -1.86365 
v -489.93 5.91789 -1.69881 
v -489.835 5.95712 -1.86365 
v -489.835 5.95712 -1.69881 
v -489.791 5.74331 -1.70629 
v -490.068 5.74331 -1.70629 
v -489.741 5.71034 0.18155 
v -490.119 5.71034 0.18155 
v -490.119 5.65434 0.123562 
v -489.741 5.65434 0.123562 
v -489.741 5.65434 -0.0612005 
v -490.119 5.65434 -0.0612005 
v -489.764 6.03432 -1.60014 
v -489.764 5.71297 -1.60014 
v -490.096 5.71297 -1.60014 
v -489.741 5.71034 -1.13766 
v -490.119 5.71034 -1.13766 
v -489.741 5.65434 -1.07968 
v -490.119 5.65434 -1.07967 
v -489.741 5.65434 -0.617496 
v -490.119 5.65434 -0.617496 
v -489.764 5.71297 0.429228 
v -490.096 5.71297 -1.60014 
v -489.764 5.71297 -1.60014 
v -490.096 5.71297 0.429229 
v -489.764 5.77752 0.520398 
v -490.096 5.77752 0.520398 
v -489.791 5.74331 0.246654 
v -490.068 5.74331 -1.70629 
v -489.791 5.74331 -1.70629 
v -490.068 5.74331 0.246654 
v -489.764 6.03432 -0.0111205 
v -489.982 6.10463 -2.19557 
v -489.877 5.99901 -2.19557 
v -489.877 5.99901 -1.85017 
v -489.93 5.97713 -1.85017 
v -489.982 5.99901 -1.85017 
v -489.93 5.97713 -2.19557 
v -489.982 5.99901 -2.19557 
v -489.962 6.41244 0.37035 
v -489.962 6.41244 0.392483 
v -489.93 6.42602 0.37035 
v -489.93 6.42602 0.392483 
v -489.897 6.41244 0.37035 
v -489.897 6.41244 0.392483 
v -489.974 6.33513 0.392483 
v -489.974 6.33513 0.37035 
v -489.93 6.3167 0.37035 
v -489.93 6.3167 0.392483 
v -489.885 6.33513 0.37035 
v -489.885 6.33513 0.392483 
v -489.883 6.25371 -0.318429 
v -489.883 6.25371 -0.972532 
v -489.791 6.25371 -0.318429 
v -489.791 6.25371 -0.972532 
v -489.93 6.10574 -2.03096 
v -489.93 5.99789 -2.03096 
v -489.968 6.01369 -2.03096 
v -489.968 6.01369 -2.19557 
v -489.984 6.05182 -2.03096 
v -489.984 6.05182 -2.19557 
v -489.968 6.08995 -2.03096 
v -489.968 6.08995 -2.19557 
v -489.741 4.8809 -0.617496 
v -489.741 4.8809 -0.0743605 
v -490.119 4.8809 -0.0743605 
v -490.119 4.8809 -0.617496 
v -489.93 6.33327 0.392483 
v -489.93 5.91789 -1.69881 
v -489.835 5.95712 -1.86365 
v -489.835 5.95712 -1.69881 
v -489.796 6.05182 -1.86365 
v -489.796 6.05182 -1.69881 
v -489.835 6.14652 -1.86365 
v -489.835 6.14652 -1.69881 
v -489.791 6.27822 -1.70629 
v -489.791 5.74331 -1.70629 
v -489.83 6.31478 0.476884 
v -489.946 6.30488 -1.60715 
v -489.741 5.96725 0.144324 
v -489.741 5.71034 0.18155 
v -489.741 5.65434 -0.0612005 
v -489.764 6.03432 -1.60014 
v -489.764 5.71297 -1.60014 
v -489.741 5.16145 0.0100975 
v -489.741 5.71034 -1.13766 
v -489.741 5.65434 -0.617496 
v -489.764 5.77752 0.520398 
v -490.068 5.74331 0.246654 
v -490.002 6.38567 0.499856 
v -490.045 6.44308 0.312533 
v -490.045 6.28987 0.26438 
v -489.741 5.71034 0.18155 
v -489.741 5.65434 -0.0612005 
v -489.741 5.96725 0.144324 
v -489.741 5.65434 0.123562 
v -489.741 5.65434 -0.617496 
v -489.741 5.96725 -1.09186 
v -489.741 5.16145 0.0100975 
v -489.741 5.65434 -1.07968 
v -489.741 5.71034 -1.13766 
v -489.741 4.8809 -0.617496 
v -489.741 4.8809 -0.0743605 
v -489.83 6.31478 0.294749 
v -489.764 5.71297 0.429228 
v -489.764 6.29936 0.242257 
v -489.764 5.77752 0.520398 
v -489.764 6.29936 0.520398 
v -489.764 6.03432 -0.0111205 
v -489.764 5.71297 -1.60014 
v -489.764 6.03432 -1.60014 
v -489.791 6.27822 0.246654 
v -489.791 6.06105 -0.318429 
v -489.791 6.25371 -0.318429 
v -489.791 6.25371 -0.972532 
v -489.791 5.74331 0.246654 
v -489.791 6.27822 -1.70629 
v -489.791 6.06105 -0.972532 
v -489.791 5.74331 -1.70629 
v -489.814 6.28987 0.26438 
v -489.814 6.44308 0.451702 
v -489.814 6.28987 0.499856 
v -489.814 6.38567 0.499856 
v -489.814 6.44308 0.312533 
v -489.814 6.38567 0.26438 
v -489.835 6.42095 -1.57941 
v -489.835 6.30695 -1.65094 
v -489.835 6.42095 -1.65094 
v -489.835 6.35779 -1.52941 
v -489.835 6.30695 -1.52941 
v -489.835 6.27482 -1.65094 
v -489.835 6.27482 -1.52941 
v -489.883 6.25371 -0.972532 
v -489.883 6.25371 -0.318429 
v -489.883 6.06105 -0.318429 
v -489.883 6.06105 -0.972532 
v -489.913 6.30488 -1.57401 
v -489.927 6.38292 -1.59296 
v -489.927 6.38292 -1.5882 
v -489.913 6.30488 -1.60715 
v -489.877 6.10463 -2.19557 
v -489.877 6.10463 -1.85017 
v -489.855 6.05182 -2.19557 
v -489.855 6.05182 -1.85017 
v -489.877 5.99901 -2.19557 
v -489.877 5.99901 -1.85017 
v -489.899 6.32966 0.392483 
v -489.899 6.29418 0.37035 
v -489.899 6.32966 0.37035 
v -489.899 6.29418 0.392483 
v -489.976 6.37964 0.37035 
v -489.976 6.37964 0.392483 
v -489.962 6.34685 0.392483 
v -489.962 6.41244 0.37035 
v -489.962 6.34685 0.37035 
v -489.962 6.41244 0.392483 
v -489.885 6.33513 0.37035 
v -489.885 6.33513 0.392483 
v -489.867 6.37964 0.37035 
v -489.885 6.42415 0.392483 
v -489.867 6.37964 0.392483 
v -489.885 6.42415 0.37035 
v -489.983 6.42095 -1.57941 
v -489.983 6.30695 -1.65094 
v -489.983 6.42095 -1.65094 
v -489.983 6.35779 -1.52941 
v -489.983 6.30695 -1.52941 
v -490.002 6.44308 0.451702 
v -490.002 6.28987 0.26438 
v -490.002 6.44308 0.312533 
v -490.002 6.38567 0.26438 
v -490.002 6.28987 0.499856 
v -490.002 6.38567 0.499856 

vn 0 -1 0 
vn 0 -1 0 
vn 0 0 1 
vn 0 0 1 
vn 0 0 1 
vn 0 0 1 
vn 0 0 1 
vn 0 0 1 
vn 0 0 1 
vn 0 0 1 
vn 0 0 1 
vn 0 0 1 
vn 0 0 1 
vn 0 0 1 
vn 0 0 1 
vn 0 0 1 
vn 0 0 1 
vn 0 0 1 
vn 0 0 1 
vn 0 0 1 
vn 0 0 1 
vn 0 0 1 
vn 0 0 1 
vn 0 0.708661 0.700787 
vn 0 0.141732 0.992126 
vn 0 0.141732 0.992126 
vn 0 -0.322835 0.944882 
vn 0 -0.322835 0.944882 
vn 0 -1 0 
vn 0 -1 0 
vn 0 -0.291339 0.96063 
vn 0 -0.0708661 1 
vn 0 -0.291339 0.96063 
vn 0 -0.0708661 1 
vn 0 0.141732 0.992126 
vn 0 0.141732 0.992126 
vn 0 -0.456693 0.889764 
vn 0 -0.456693 0.889764 
vn 0 0 1 
vn 0 0 1 
vn 0 -1 0 
vn 0 0 1 
vn 0 0.338583 0.937008 
vn 0 0.338583 0.937008 
vn 0 0 1 
vn 0 0.905512 0.425197 
vn 0 0.905512 0.425197 
vn 0 0.338583 0.937008 
vn 0 0 1 
vn 0 0 1 
vn 0 0.338583 0.937008 
vn 0 0.905512 0.425197 
vn 0 0.905512 0.425197 
vn -0.708661 -0.708661 0 
vn -0.708661 0.708661 0 
vn 0.708661 -0.708661 0 
vn 0 0 1 
vn 0 0 1 
vn 0 0 1 
vn 0 0 1 
vn 0 0.897638 0.433071 
vn 0 0.330709 0.944882 
vn 0 0.330709 0.944882 
vn 0 0.897638 0.433071 
vn 0 0 1 
vn 0 0 1 
vn 0 0 1 
vn 0 0 1 
vn 0 0 1 
vn 0 0 1 
vn 0 0 1 
vn 0 0 1 
vn 0 0 1 
vn 0 0 1 
vn 0 0.330709 0.944882 
vn 0 0.330709 0.944882 
vn 0 0.897638 0.433071 
vn 0 0.897638 0.433071 
vn 0 0.181102 0.984252 
vn 0 0.181102 0.984252 
vn 0 0.181102 0.984252 
vn 0 0.181102 0.984252 
vn 0 0 -1 
vn 0 0 -1 
vn -0.551181 0.551181 -0.629921 
vn -0.708661 0.708661 0 
vn 0 0.779528 -0.629921 
vn 0 1 0 
vn 0.551181 0.551181 -0.629921 
vn 0.708661 0.708661 0 
vn 0 0 -1 
vn 0 0 -1 
vn 0 0 1 
vn 0 -1 0 
vn -0.708661 0.708661 0 
vn -0.708661 0.708661 0 
vn 0 1 0 
vn 0 1 0 
vn 0.708661 0.708661 0 
vn 0.708661 0.708661 0 
vn 0 0 -1 
vn 0 0.708661 0.700787 
vn 0 0.708661 0.700787 
vn 0 0.708661 0.700787 
vn 0 0.708661 0.700787 
vn 0 0.181102 -0.984252 
vn 0 0.141732 0.992126 
vn 0 0.141732 0.992126 
vn 0 0 -1 
vn 0 0 -1 
vn 0 0.173228 -0.984252 
vn 0 -1 0 
vn 0 -1 0 
vn 0 0 1 
vn 0 0.338583 0.937008 
vn 0 0.338583 0.937008 
vn 0 0 1 
vn 0 0.905512 0.425197 
vn 0 0.905512 0.425197 
vn 0 0.905512 -0.425197 
vn 0 0.905512 -0.425197 
vn 0 0 -1 
vn 0 0 -1 
vn 0 0.338583 0.937008 
vn 0 0.905512 0.425197 
vn 0 0.905512 0.425197 
vn 0 0.905512 -0.425197 
vn 0 0.905512 -0.425197 
vn 0 0.338583 -0.937008 
vn 0 1 0 
vn 0 1 0 
vn 0 1 0 
vn 0 1 0 
vn -1 0 0 
vn -0.19685 0.984252 0 
vn -0.19685 0.984252 0 
vn -0.19685 0.984252 0 
vn -0.19685 0.984252 0 
vn 0.19685 0.984252 0 
vn 0.19685 0.984252 0 
vn 0.19685 0.984252 0 
vn 0.19685 0.984252 0 
vn 0 1 0 
vn 0 1 0 
vn 0 1 0 
vn 0 1 0 
vn 1 0 0 
vn 0 1 0 
vn 0 1 0 
vn 0 1 0 
vn 0 1 0 
vn 0 1 0 
vn 0 1 0 
vn 0 1 0 
vn 0 1 0 
vn 0 1 0 
vn 0 1 0 
vn 1 0 0 
vn 1 0 0 
vn 0 1 0 
vn 0 1 0 
vn 0 1 0 
vn 0 1 0 
vn 0.708661 0.708661 0 
vn 0 1 0 
vn 0.708661 0.708661 0 
vn 0 1 0 
vn -0.708661 0.708661 0 
vn -0.708661 0.708661 0 
vn 0.708661 -0.708661 0 
vn 0 -1 0 
vn 0.708661 0.708661 0 
vn 0.708661 0.708661 0 
vn 0 1 0 
vn 0 1 0 
vn -0.708661 0.708661 0 
vn -0.708661 0.708661 0 
vn -0.708661 0.708661 0 
vn -0.708661 0.708661 0 
vn 0 1 0 
vn 0 1 0 
vn 0.708661 0.708661 0 
vn 0.708661 0.708661 0 
vn 0 1 0 
vn 0 1 0 
vn 0 1 0 
vn 0 1 0 
vn 0 1 0 
vn 0 1 0 
vn 0 1 0 
vn 0 1 0 
vn 0 1 0 
vn 0 1 0 
vn 0 1 0 
vn 0 1 0 
vn 0 0.708661 -0.700787 
vn 0 0.708661 -0.700787 
vn 0 0.708661 -0.700787 
vn 0 0.708661 -0.700787 
vn 0 0.897638 0.433071 
vn 0 0.897638 0.433071 
vn 0 1 0 
vn 0 1 0 
vn 0 0.897638 0.433071 
vn 0 0.897638 0.433071 
vn 0 1 0 
vn 0 1 0 
vn 0 0 -1 
vn 0 0 -1 
vn -0.551181 0.551181 -0.629921 
vn -1 0 0 
vn -0.708661 0.708661 0 
vn -0.779528 0 -0.629921 
vn -0.708661 -0.708661 0 
vn -0.551181 -0.551181 -0.629921 
vn 0 -0.779528 -0.629921 
vn 0 0.779528 -0.629921 
vn 0 -1 0 
vn 0 -1 0 
vn 0 0 -1 
vn 0 0 -1 
vn 0 0 1 
vn -0.708661 -0.708661 0 
vn -0.708661 -0.708661 0 
vn -1 0 0 
vn -1 0 0 
vn 0 -1 0 
vn -0.708661 0.708661 0 
vn -0.708661 0.708661 0 
vn 0 0 -1 
vn 0 0.181102 -0.984252 
vn 0 0.141732 0.992126 
vn 0 -1 0 
vn 0 0 -1 
vn 0 0 -1 
vn 0 -0.0708661 1 
vn 0 -0.307087 -0.952756 
vn 0 0.173228 -0.984252 
vn 0 -1 0 
vn 0 -1 0 
vn 0 -0.456693 0.889764 
vn 0 -1 0 
vn 0 0 1 
vn 0 0.338583 0.937008 
vn 0 0.338583 0.937008 
vn 0 0.905512 -0.425197 
vn -1 0 0 
vn -1 0 0 
vn -1 0 0 
vn -1 0 0 
vn -1 0 0 
vn -1 0 0 
vn -1 0 0 
vn -1 0 0 
vn -1 0 0 
vn -1 0 0 
vn -1 0 0 
vn -1 0 0 
vn -1 0 0 
vn -1 0 0 
vn -1 0 0 
vn -1 0 0 
vn -1 0 0 
vn -1 0 0 
vn 0 1 0 
vn -1 0 0 
vn -1 0 0 
vn -1 0 0 
vn -1 0 0 
vn -1 0 0 
vn -1 0 0 
vn -1 0 0 
vn -1 0 0 
vn -1 0 0 
vn -1 0 0 
vn -1 0 0 
vn -1 0 0 
vn -1 0 0 
vn -1 0 0 
vn -1 0 0 
vn -1 0 0 
vn -1 0 0 
vn -0.984252 0.181102 0 
vn -0.984252 0.181102 0 
vn -0.984252 0.181102 0 
vn -0.984252 0.181102 0 
vn -0.708661 0.708661 0 
vn -0.708661 0.708661 0 
vn -1 0 0 
vn -1 0 0 
vn -0.708661 -0.708661 0 
vn -0.708661 -0.708661 0 
vn -1 0 0 
vn -1 0 0 
vn -1 0 0 
vn -1 0 0 
vn -0.708661 0.708661 0 
vn -0.708661 -0.708661 0 
vn -0.708661 0.708661 0 
vn -0.708661 -0.708661 0 
vn -1 0 0 
vn -1 0 0 
vn -0.708661 -0.708661 0 
vn -1 0 0 
vn -0.708661 -0.708661 0 
vn -1 0 0 
vn -0.708661 0.708661 0 
vn -0.708661 0.708661 0 
vn -1 0 0 
vn -1 0 0 
vn -1 0 0 
vn -1 0 0 
vn -1 0 0 
vn -1 0 0 
vn -1 0 0 
vn -1 0 0 
vn -1 0 0 
vn -1 0 0 
vn -1 0 0 
vn 0 0 -1 
vn 0 0 -1 
vn 0 0 -1 
vn 0 0 -1 
vn 0 0 -1 
vn 0 0 -1 
vn 0 0 -1 
vn 0 0 -1 
vn 0 0 -1 
vn 0 0 -1 
vn 0 0 -1 
vn 0 0 -1 
vn 0 0 -1 
vn 0 0 -1 
vn 0 0 -1 
vn 0 0 -1 
vn -0.551181 0.551181 -0.629921 
vn -0.779528 0 -0.629921 
vn -0.551181 -0.551181 -0.629921 
vn 0 -0.779528 -0.629921 
vn 0 0.779528 -0.629921 
vn 0.551181 0.551181 -0.629921 
vn 0.779528 0 -0.629921 
vn 0.551181 -0.551181 -0.629921 
vn 0 -1 0 
vn 0 -1 0 
vn 0 0 -1 
vn 0 0 -1 
vn 0 0 -1 
vn 0 0 -1 
vn 0 0 -1 
vn 0 0 -1 
vn 0 0 -1 
vn 0 0 -1 
vn 0 0 -1 
vn 0 0 -1 
vn 0 0 -1 
vn 0 0 -1 
vn 0 0 -1 
vn 0 0 -1 
vn 0 0 -1 
vn 0 0 -1 
vn 0 0 -1 
vn 0 0 -1 
vn 0 0 -1 
vn 0 0 -1 
vn 0 0 -1 
vn 0 0 -1 
vn 0 0 -1 
vn 0 0 -1 
vn 0 0 -1 
vn 0 0 -1 
vn 0 0.181102 -0.984252 
vn 0 0.181102 -0.984252 
vn 0 0.181102 -0.984252 
vn 0 0.181102 -0.984252 
vn 0 0 -1 
vn 0 0 -1 
vn 0 0 -1 
vn 0 0 -1 
vn 0 0.173228 -0.984252 
vn 0 -0.307087 -0.952756 
vn 0 -0.307087 -0.952756 
vn 0 0.173228 -0.984252 
vn 0 -1 0 
vn 0 -1 0 
vn 0 0.905512 -0.425197 
vn 0 0.905512 -0.425197 
vn 0 0.338583 -0.937008 
vn 0 0.338583 -0.937008 
vn 0 0 -1 
vn 0 0 -1 
vn 0 0.905512 -0.425197 
vn 0 0.905512 -0.425197 
vn 0 0.338583 -0.937008 
vn 0 0.338583 -0.937008 
vn 0 0 -1 
vn 0 0 -1 
vn 1 0 0 
vn -0.708661 -0.708661 0 
vn -0.708661 0.708661 0 
vn 0.708661 0.708661 0 
vn 0 0 -1 
vn 0 0 -1 
vn 0 0 -1 
vn 0 0 -1 
vn 0 0 -1 
vn 0 0 -1 
vn 0 0 -1 
vn 0 0 -1 
vn 0 0.692913 -0.724409 
vn 0 0.692913 -0.724409 
vn 0 0.692913 -0.724409 
vn 0 0.692913 -0.724409 
vn 0 0 -1 
vn 0 0 -1 
vn 0 0 -1 
vn 0 0 -1 
vn 0 0 -1 
vn 0 0 -1 
vn 0 0 -1 
vn 0 0 -1 
vn 0 0 -1 
vn 0 0 -1 
vn 0 0 -1 
vn 0 0 -1 
vn 0 0 -1 
vn 0 0 -1 
vn 0 0 -1 
vn 0 0 -1 
vn 0 0 -1 
vn 0 0 -1 
vn 0 0 -1 
vn 0 0 -1 
vn 0 0 -1 
vn 0 0 -1 
vn 0 0 -1 
vn -0.708661 -0.708661 0 
vn -0.551181 -0.551181 -0.629921 
vn 0 -0.779528 -0.629921 
vn 0 -1 0 
vn 0.551181 -0.551181 -0.629921 
vn 0.708661 -0.708661 0 
vn 0 -1 0 
vn 0 -1 0 
vn 0 -1 0 
vn 0 -1 0 
vn 0 0 -1 
vn 0 0 -1 
vn -0.708661 -0.708661 0 
vn -0.708661 -0.708661 0 
vn 0 -1 0 
vn 0 -1 0 
vn 0.708661 -0.708661 0 
vn 0.708661 -0.708661 0 
vn 0 0 -1 
vn 0 0 -1 
vn 0 -0.322835 0.944882 
vn 0 -0.322835 0.944882 
vn 0 -0.929134 0.377953 
vn 0 -0.929134 0.377953 
vn 0 -1 0 
vn 0 -1 0 
vn 0 0 -1 
vn 0 0 -1 
vn 0 0 -1 
vn 0 -0.307087 -0.952756 
vn 0 -0.307087 -0.952756 
vn 0 -0.929134 -0.377953 
vn 0 -0.929134 -0.377953 
vn 0 -1 0 
vn 0 -1 0 
vn 0 -0.952756 0.307087 
vn 0 -1 0 
vn 0 -1 0 
vn 0 -0.952756 0.307087 
vn 0 -0.456693 0.889764 
vn 0 -0.456693 0.889764 
vn 0 -1 0 
vn 0 -1 0 
vn 0 -1 0 
vn 0 -1 0 
vn 1 0 0 
vn -0.708661 0.708661 0 
vn 0.708661 -0.708661 0 
vn 0.708661 -0.708661 0 
vn 0 -1 0 
vn -0.708661 -0.708661 0 
vn 0 -1 0 
vn -0.708661 -0.708661 0 
vn 0.708661 -0.708661 0 
vn 0.708661 -0.708661 0 
vn 0 -1 0 
vn 0 -1 0 
vn -0.708661 -0.708661 0 
vn -0.708661 -0.708661 0 
vn -0.708661 -0.708661 0 
vn -0.708661 -0.708661 0 
vn 0 -1 0 
vn 0 -1 0 
vn 0.708661 -0.708661 0 
vn 0.708661 -0.708661 0 
vn 0 -1 0 
vn 0 -1 0 
vn 0 -1 0 
vn 0 -1 0 
vn 0 -0.779528 -0.629921 
vn 0 0.779528 -0.629921 
vn 0.551181 0.551181 -0.629921 
vn 0.708661 0.708661 0 
vn 0.779528 0 -0.629921 
vn 1 0 0 
vn 0.551181 -0.551181 -0.629921 
vn 0.708661 -0.708661 0 
vn 0 -1 0 
vn 0 -1 0 
vn 0 -1 0 
vn 0 -1 0 
vn 0 0 1 
vn 0 -1 0 
vn 0.708661 -0.708661 0 
vn 0.708661 -0.708661 0 
vn 1 0 0 
vn 1 0 0 
vn 0.708661 0.708661 0 
vn 0.708661 0.708661 0 
vn 0 0 -1 
vn 0 0 -1 
vn 0 0.708661 0.700787 
vn 0 0.181102 -0.984252 
vn 0 0.141732 0.992126 
vn 0 -0.322835 0.944882 
vn 0 -1 0 
vn 0 0 -1 
vn 0 0 -1 
vn 0 -0.0708661 1 
vn 0 -0.307087 -0.952756 
vn 0 -1 0 
vn 0 -0.456693 0.889764 
vn 0 -1 0 
vn 0 0.338583 0.937008 
vn 0 0.905512 -0.425197 
vn 0 0 -1 
vn 1 0 0 
vn 1 0 0 
vn 1 0 0 
vn 1 0 0 
vn 1 0 0 
vn 1 0 0 
vn 1 0 0 
vn 1 0 0 
vn 1 0 0 
vn 1 0 0 
vn 1 0 0 
vn 0 1 0 
vn 1 0 0 
vn 1 0 0 
vn 1 0 0 
vn 1 0 0 
vn 1 0 0 
vn 1 0 0 
vn 1 0 0 
vn 1 0 0 
vn 1 0 0 
vn 1 0 0 
vn 1 0 0 
vn 1 0 0 
vn 1 0 0 
vn 1 0 0 
vn 1 0 0 
vn 1 0 0 
vn 1 0 0 
vn 1 0 0 
vn 1 0 0 
vn 1 0 0 
vn 1 0 0 
vn 1 0 0 
vn 1 0 0 
vn 1 0 0 
vn 1 0 0 
vn 1 0 0 
vn 1 0 0 
vn 1 0 0 
vn 1 0 0 
vn 1 0 0 
vn 1 0 0 
vn 1 0 0 
vn 0.984252 0.181102 0 
vn 0.984252 0.181102 0 
vn 0.984252 0.181102 0 
vn 0.984252 0.181102 0 
vn 0.708661 0.708661 0 
vn 0.708661 0.708661 0 
vn 1 0 0 
vn 1 0 0 
vn 0.708661 -0.708661 0 
vn 0.708661 -0.708661 0 
vn 1 0 0 
vn 1 0 0 
vn 1 0 0 
vn 1 0 0 
vn 1 0 0 
vn 1 0 0 
vn 0.708661 0.708661 0 
vn 0.708661 -0.708661 0 
vn 0.708661 0.708661 0 
vn 0.708661 -0.708661 0 
vn 0.708661 -0.708661 0 
vn 0.708661 -0.708661 0 
vn 1 0 0 
vn 0.708661 0.708661 0 
vn 1 0 0 
vn 0.708661 0.708661 0 
vn 1 0 0 
vn 1 0 0 
vn 1 0 0 
vn 1 0 0 
vn 1 0 0 
vn 1 0 0 
vn 1 0 0 
vn 1 0 0 
vn 1 0 0 
vn 1 0 0 
vn 1 0 0 

vt 10.0236 -1.09764 
vt 9.97637 -1.09764 
vt 10.0039 -0.916541 
vt 10 -0.917305 
vt 10.0039 -0.920976 
vt 9.99613 -0.920976 
vt 9.99613 -0.916541 
vt 9.9959 -0.906194 
vt 10 -0.904496 
vt 9.99444 -0.904729 
vt 9.9942 -0.910293 
vt 10 -0.902424 
vt 9.99213 -0.910293 
vt 10.0056 -0.904729 
vt 9.99444 -0.915857 
vt 10.0041 -0.906194 
vt 9.9959 -0.914392 
vt 10.0058 -0.910293 
vt 10 -0.91609 
vt 10.0079 -0.910293 
vt 10 -0.918162 
vt 10.0056 -0.915857 
vt 10.0041 -0.914392 
vt 10.0125 -0.918401 
vt 10.0236 -0.961842 
vt 9.97637 -0.961842 
vt 10.0236 -0.993956 
vt 9.97637 -0.993956 
vt 10.0236 -1.00096 
vt 9.97637 -1.00096 
vt 10.0236 -1.09764 
vt 10.0236 -1.06257 
vt 9.97637 -1.09764 
vt 9.97637 -1.06257 
vt 10.0236 -1.00096 
vt 9.97637 -1.00096 
vt 10.0207 -0.985559 
vt 9.97925 -0.985559 
vt 9.97925 -0.920328 
vt 10.0207 -0.920328 
vt 9.98264 -0.989834 
vt 9.99096 -0.921515 
vt 9.99096 -0.90954 
vt 9.98554 -0.90954 
vt 9.98554 -0.921515 
vt 9.98554 -0.902364 
vt 9.99096 -0.902364 
vt 10.0145 -0.90954 
vt 10.009 -0.921515 
vt 10.0145 -0.921515 
vt 10.009 -0.90954 
vt 10.0145 -0.902364 
vt 10.009 -0.902364 
vt 9.99444 -0.915857 
vt 9.99444 -0.904729 
vt 10.0056 -0.915857 
vt 10.0174 -0.950117 
vt 10.0174 -0.926034 
vt 10.0058 -0.926034 
vt 10.0058 -0.950117 
vt 10.0118 -0.90513 
vt 10.0067 -0.913025 
vt 10.0118 -0.913025 
vt 10.0067 -0.90513 
vt 10.0067 -0.919379 
vt 10.0118 -0.919379 
vt 10.0118 -0.923396 
vt 10.0067 -0.923396 
vt 10 -0.923396 
vt 10 -0.919379 
vt 9.99333 -0.919379 
vt 9.99333 -0.923396 
vt 9.9882 -0.923396 
vt 9.9882 -0.919379 
vt 9.9882 -0.913025 
vt 9.99333 -0.913025 
vt 9.99333 -0.90513 
vt 9.9882 -0.90513 
vt 9.9997 -0.909884 
vt 10.0021 -0.919639 
vt 10.0003 -0.909884 
vt 9.99793 -0.919639 
vt 10.1697 -1.00934 
vt 10.1697 -1 
vt 10.1492 -1.00477 
vt 10.1697 -1.00477 
vt 10.1492 -1 
vt 10.1697 -1 
vt 10.1492 -0.995234 
vt 10.1697 -0.995234 
vt 10.1283 -1.01674 
vt 10.1283 -0.988163 
vt 9.84624 -1 
vt 10.1077 -1 
vt 10.1077 -0.988163 
vt 10.1283 -0.988163 
vt 10.1283 -1 
vt 10.1077 -1 
vt 10.1283 -1.01184 
vt 10.1077 -1.01184 
vt 10.1086 -1.01735 
vt 9.83569 -0.987533 
vt 9.83275 -1.01247 
vt 9.83569 -1.01247 
vt 9.83275 -0.987533 
vt 10.0962 -0.997929 
vt 9.87726 -1.02363 
vt 9.87726 -0.976372 
vt 10.0953 -1.02075 
vt 10.0953 -0.979252 
vt 10.0318 -0.976372 
vt 9.97249 -1.02363 
vt 9.86447 -0.982644 
vt 9.83282 -0.990961 
vt 9.83282 -0.990961 
vt 9.83282 -0.985542 
vt 9.83282 -0.985542 
vt 9.83884 -0.985542 
vt 9.83884 -0.990961 
vt 9.85624 -0.985542 
vt 9.85624 -0.990961 
vt 9.86225 -0.985542 
vt 9.86225 -0.990961 
vt 9.83282 -1.01446 
vt 9.83884 -1.01446 
vt 9.83884 -1.00904 
vt 9.85624 -1.01446 
vt 9.85624 -1.00904 
vt 9.86225 -1.00904 
vt 10.0938 -1.0003 
vt 10.0944 -1.0003 
vt 10.0944 -0.999703 
vt 10.0938 -0.999703 
vt 9.89669 -0.979253 
vt 9.84624 -1.00389 
vt 9.84901 -1.00389 
vt 9.84901 -1.00001 
vt 9.84624 -1.00001 
vt 9.84624 -1.00001 
vt 9.84901 -1.00001 
vt 9.84901 -0.996134 
vt 9.84624 -0.996134 
vt 9.85846 -1.01247 
vt 9.83569 -0.987533 
vt 9.83569 -1.01247 
vt 9.85846 -0.987533 
vt 9.89669 -1.02075 
vt 10.1017 -1 
vt 10.0865 -1 
vt 10.1017 -1.00667 
vt 10.0865 -1.00667 
vt 10.0865 -0.99333 
vt 10.1017 -0.993329 
vt 9.83025 -1.02075 
vt 9.86502 -1.02075 
vt 9.86502 -0.979253 
vt 9.83025 -0.979253 
vt 10.0169 -1.01735 
vt 10.0169 -1.01735 
vt 9.86447 -1.01735 
vt 10.1086 -1.01735 
vt 10.1086 -0.982644 
vt 9.86447 -0.982644 
vt 10.1697 -1.0066 
vt 10.1266 -1 
vt 10.1266 -1.0066 
vt 10.1697 -1 
vt 10.1266 -0.993399 
vt 10.1697 -0.993399 
vt 10.1266 -1.0066 
vt 10.1266 -1 
vt 9.84624 -0.995901 
vt 9.84901 -0.995901 
vt 9.84901 -1 
vt 9.84624 -1 
vt 9.84901 -1.0041 
vt 9.84624 -1.0041 
vt 9.84624 -0.994436 
vt 9.84901 -0.994436 
vt 9.84624 -1 
vt 9.84901 -1 
vt 9.84624 -1.00556 
vt 9.84901 -1.00556 
vt 10.0169 -1.00582 
vt 9.93511 -1.00582 
vt 10.0169 -1.01735 
vt 9.93511 -1.01735 
vt 10.0953 -1.02075 
vt 9.89669 -0.979253 
vt 9.89669 -1.02075 
vt 10.0953 -0.979252 
vt 9.87726 -1.02363 
vt 10.0318 -1.02363 
vt 10.0318 -0.976372 
vt 9.87726 -0.976372 
vt 9.8614 -1.01247 
vt 9.8614 -0.987533 
vt 9.85846 -1.01247 
vt 9.85846 -0.987533 
vt 10.0927 -1.0118 
vt 10.0927 -1.00667 
vt 10.1017 -1.0118 
vt 10.1017 -1.00667 
vt 10.0927 -0.993329 
vt 10.0927 -0.988203 
vt 10.1017 -0.988203 
vt 10.1017 -0.993329 
vt 9.83025 -0.951271 
vt 9.83025 -0.941936 
vt 9.85083 -0.956038 
vt 9.83025 -0.951271 
vt 9.83025 -0.956038 
vt 9.85083 -0.951271 
vt 9.83025 -0.946505 
vt 9.85083 -0.946505 
vt 9.85083 -0.94453 
vt 9.85083 -0.958012 
vt 10.0954 -1.09764 
vt 10.0275 -1.09764 
vt 9.87174 -0.939433 
vt 9.87174 -0.963109 
vt 10.1538 -0.91609 
vt 9.87174 -0.963109 
vt 9.89235 -0.963109 
vt 9.89235 -0.951271 
vt 9.87174 -0.951271 
vt 9.89235 -0.968012 
vt 9.89235 -0.939433 
vt 9.87174 -0.939433 
vt 9.89141 -0.989834 
vt 9.9038 -0.919639 
vt 10.1227 -0.961842 
vt 10.097 -1.00096 
vt 9.90468 -0.993628 
vt 9.90468 -0.953459 
vt 10.106 -1.06257 
vt 9.96249 -0.993956 
vt 9.96822 -0.961842 
vt 10.0275 -1.00096 
vt 10.0275 -1.00096 
vt 10.1697 -0.985559 
vt 10.1355 -0.989834 
vt 10.1672 -0.921515 
vt 10.1672 -0.90954 
vt 10.1672 -0.90954 
vt 10.1438 -0.902364 
vt 9.96822 -0.961842 
vt 9.96974 -1.00096 
vt 10.0275 -1.00096 
vt 9.96249 -0.993956 
vt 10.1227 -0.961842 
vt 10.097 -1.00096 
vt 10.1274 -0.993956 
vt 10.1201 -1.00096 
vt 10.106 -1.06257 
vt 10.0275 -1.09764 
vt 10.0954 -1.09764 
vt 10.1033 -0.953459 
vt 9.90468 -0.993628 
vt 10.1584 -0.993628 
vt 9.90468 -0.953459 
vt 10.135 -0.920328 
vt 10.1697 -0.985559 
vt 10.1697 -0.920328 
vt 10.1415 -0.918401 
vt 10.1355 -0.922971 
vt 9.89141 -0.922971 
vt 10.1355 -0.989834 
vt 9.89141 -0.989834 
vt 10.1672 -0.921515 
vt 10.1612 -0.902364 
vt 10.1377 -0.921515 
vt 10.1672 -0.90954 
vt 10.1438 -0.902364 
vt 10.1377 -0.90954 
vt 9.89833 -0.919379 
vt 9.90727 -0.90513 
vt 9.89833 -0.90513 
vt 9.91352 -0.913025 
vt 9.91352 -0.919379 
vt 9.89833 -0.923396 
vt 9.91352 -0.923396 
vt 9.90558 -0.909884 
vt 9.9038 -0.919639 
vt 9.90795 -0.919639 
vt 9.90617 -0.909884 
vt 9.87343 -0.94467 
vt 9.83025 -0.94467 
vt 9.87343 -0.951271 
vt 9.83025 -0.951271 
vt 9.87343 -0.957873 
vt 9.83025 -0.957873 
vt 10.151 -0.920976 
vt 10.1538 -0.920976 
vt 10.151 -0.916541 
vt 10.1538 -0.916541 
vt 10.151 -0.914392 
vt 10.151 -0.906194 
vt 10.1538 -0.914392 
vt 10.1538 -0.906194 
vt 10.151 -0.910293 
vt 10.1538 -0.910293 
vt 10.1538 -0.915857 
vt 10.1538 -0.910293 
vt 10.151 -0.915857 
vt 10.151 -0.910293 
vt 10.1538 -0.904729 
vt 10.151 -0.904729 
vt 9.91352 -0.913025 
vt 9.89833 -0.919379 
vt 9.91352 -0.919379 
vt 9.90727 -0.90513 
vt 9.89833 -0.90513 
vt 10.1377 -0.921515 
vt 10.1672 -0.921515 
vt 10.1612 -0.902364 
vt 10.1672 -0.90954 
vt 10.1438 -0.902364 
vt 10.1377 -0.90954 
vt 10.0066 -0.957873 
vt 10 -0.958012 
vt 10 -0.960607 
vt 9.9934 -0.957873 
vt 10.0048 -0.956038 
vt 9.99523 -0.956038 
vt 10.0067 -0.951271 
vt 9.99066 -0.951271 
vt 10.0093 -0.951271 
vt 9.99326 -0.951271 
vt 10.0066 -0.94467 
vt 9.9934 -0.94467 
vt 10.0048 -0.946505 
vt 9.99523 -0.946505 
vt 10 -0.941936 
vt 10 -0.94453 
vt 9.99523 -0.956038 
vt 9.99326 -0.951271 
vt 9.99523 -0.946505 
vt 10 -0.94453 
vt 10 -0.958012 
vt 10.0048 -0.956038 
vt 10.0067 -0.951271 
vt 10.0048 -0.946505 
vt 9.97637 -1.09764 
vt 10.0236 -1.09764 
vt 9.98816 -0.963109 
vt 9.98816 -0.939433 
vt 9.98326 -0.951271 
vt 10 -0.93453 
vt 10 -0.968012 
vt 10.0118 -0.939433 
vt 10.0118 -0.963109 
vt 10.0167 -0.951271 
vt 9.98265 -0.922971 
vt 9.98265 -0.989834 
vt 10.0174 -0.989834 
vt 10.0174 -0.922971 
vt 9.99333 -0.919379 
vt 9.99333 -0.90513 
vt 9.9882 -0.919379 
vt 9.9882 -0.90513 
vt 9.99333 -0.923396 
vt 9.9882 -0.923396 
vt 10 -0.919379 
vt 10 -0.923396 
vt 10.0067 -0.923396 
vt 10.0067 -0.919379 
vt 10.0118 -0.919379 
vt 10.0118 -0.923396 
vt 10.0067 -0.90513 
vt 10.0118 -0.90513 
vt 9.9997 -0.909884 
vt 9.99793 -0.919639 
vt 10.0021 -0.919639 
vt 10.0003 -0.909884 
vt 9.97925 -0.953459 
vt 9.97925 -0.993628 
vt 10.0207 -0.993628 
vt 10.0207 -0.953459 
vt 9.97637 -0.961842 
vt 9.97637 -0.993956 
vt 10.0236 -0.993956 
vt 10.0236 -0.961842 
vt 9.97637 -1.00096 
vt 10.0236 -1.00096 
vt 10.0145 -0.902364 
vt 10.009 -0.902364 
vt 10.0145 -0.90954 
vt 10.009 -0.90954 
vt 10.0145 -0.921515 
vt 10.009 -0.921515 
vt 9.98554 -0.902364 
vt 9.99096 -0.902364 
vt 9.98554 -0.90954 
vt 9.99096 -0.90954 
vt 9.98554 -0.921515 
vt 9.99096 -0.921515 
vt 9.98265 -0.950117 
vt 10.0056 -0.915857 
vt 10.0056 -0.904729 
vt 9.99444 -0.904729 
vt 9.97637 -1.00096 
vt 9.97637 -1.09764 
vt 10.0236 -1.09764 
vt 10.0236 -1.00096 
vt 9.99418 -0.950117 
vt 9.99418 -0.926034 
vt 9.98265 -0.950117 
vt 9.98265 -0.926034 
vt 9.97925 -0.920328 
vt 9.97925 -0.953459 
vt 10.0207 -0.953459 
vt 10.0207 -0.920328 
vt 9.99611 -0.920976 
vt 9.99999 -0.917305 
vt 9.99611 -0.916541 
vt 10.0039 -0.920976 
vt 10.0039 -0.916541 
vt 9.99444 -0.904729 
vt 10 -0.904496 
vt 10 -0.902424 
vt 10.0056 -0.904729 
vt 9.9959 -0.906194 
vt 10.0041 -0.906194 
vt 9.9942 -0.910293 
vt 10.0058 -0.910293 
vt 9.99213 -0.910293 
vt 10.0079 -0.910293 
vt 9.99444 -0.915857 
vt 10.0056 -0.915857 
vt 9.9959 -0.914392 
vt 10.0041 -0.914392 
vt 10 -0.91609 
vt 10 -0.918162 
vt 9.83025 -0.993259 
vt 9.83025 -1.00934 
vt 9.83025 -1.00477 
vt 9.85083 -1.00477 
vt 9.85083 -1 
vt 9.83025 -1 
vt 9.85083 -0.995234 
vt 9.83025 -0.995234 
vt 10.0275 -1.02363 
vt 10.0954 -1.02363 
vt 10.0954 -0.976372 
vt 10.0275 -0.976372 
vt 9.87174 -1.01674 
vt 9.87174 -0.988163 
vt 9.87174 -0.988163 
vt 9.89235 -0.988163 
vt 9.87174 -1 
vt 9.89235 -1 
vt 9.87174 -1.01184 
vt 9.89235 -1.01184 
vt 9.89141 -1.01735 
vt 9.89141 -0.982644 
vt 10.1274 -1.02363 
vt 10.1274 -0.976372 
vt 10.1201 -0.976372 
vt 10.1201 -1.02363 
vt 10.097 -1.02363 
vt 10.097 -0.976372 
vt 9.90468 -1.02075 
vt 9.90468 -1.02075 
vt 9.90468 -0.979252 
vt 9.96249 -1.02363 
vt 9.96249 -0.976372 
vt 9.96974 -1.02363 
vt 9.96974 -0.976372 
vt 10.0275 -1.02363 
vt 10.0275 -0.976372 
vt 10.1584 -1.02075 
vt 9.90468 -0.979252 
vt 9.90468 -1.02075 
vt 10.1584 -0.979253 
vt 10.1697 -1.02075 
vt 10.1697 -0.979253 
vt 10.1355 -1.01735 
vt 9.89141 -0.982644 
vt 9.89141 -1.01735 
vt 10.1355 -0.982644 
vt 10.1033 -1.02075 
vt 9.83025 -0.993399 
vt 9.83025 -1.0066 
vt 9.87343 -1.0066 
vt 9.87343 -1 
vt 9.87343 -0.993399 
vt 9.83025 -1 
vt 9.83025 -0.993399 
vt 10.151 -0.995901 
vt 10.1538 -0.995901 
vt 10.151 -1 
vt 10.1538 -1 
vt 10.151 -1.0041 
vt 10.1538 -1.0041 
vt 10.1538 -0.994436 
vt 10.151 -0.994436 
vt 10.151 -1 
vt 10.1538 -1 
vt 10.151 -1.00556 
vt 10.1538 -1.00556 
vt 10.0649 -1.00582 
vt 9.98313 -1.00582 
vt 10.0649 -1.01735 
vt 9.98313 -1.01735 
vt 10.1492 -0.94453 
vt 10.1492 -0.958012 
vt 10.1492 -0.956038 
vt 10.1697 -0.956038 
vt 10.1492 -0.951271 
vt 10.1697 -0.951271 
vt 10.1492 -0.946505 
vt 10.1697 -0.946505 
vt 9.97249 -1.09764 
vt 9.9046 -1.09764 
vt 9.9046 -1.09764 
vt 9.97249 -1.09764 
vt 9.84624 -0.91609 
vt 10.1077 -0.968012 
vt 10.1283 -0.963109 
vt 10.1077 -0.963109 
vt 10.1283 -0.951271 
vt 10.1077 -0.951271 
vt 10.1283 -0.939433 
vt 10.1077 -0.939433 
vt 10.1086 -0.922971 
vt 10.1086 -0.989834 
vt 9.83569 -0.918401 
vt 10.0962 -0.919639 
vt 9.87726 -0.961842 
vt 9.87261 -0.993956 
vt 9.90295 -1.00096 
vt 10.0953 -0.953459 
vt 10.0953 -0.993628 
vt 9.89404 -1.06257 
vt 10.0375 -0.993956 
vt 9.97249 -1.00096 
vt 9.83025 -0.985559 
vt 9.86447 -0.989834 
vt 9.83282 -0.90954 
vt 9.85624 -0.902364 
vt 9.86225 -0.921515 
vt 9.87261 -0.993956 
vt 9.90295 -1.00096 
vt 9.87726 -0.961842 
vt 9.87986 -1.00096 
vt 9.97249 -1.00096 
vt 10.0318 -0.961842 
vt 9.89404 -1.06257 
vt 10.0303 -1.00096 
vt 10.0375 -0.993956 
vt 9.97249 -1.09764 
vt 9.9046 -1.09764 
vt 9.85846 -0.918401 
vt 9.84165 -0.993628 
vt 9.86502 -0.920328 
vt 9.83025 -0.985559 
vt 9.83025 -0.920328 
vt 9.89669 -0.953459 
vt 10.0953 -0.993628 
vt 10.0953 -0.953459 
vt 9.86447 -0.922971 
vt 9.93511 -0.950117 
vt 9.93511 -0.926034 
vt 10.0169 -0.926034 
vt 9.86447 -0.989834 
vt 10.1086 -0.922971 
vt 10.0169 -0.950117 
vt 10.1086 -0.989834 
vt 9.86225 -0.921515 
vt 9.83884 -0.902364 
vt 9.83282 -0.921515 
vt 9.83282 -0.90954 
vt 9.85624 -0.902364 
vt 9.86225 -0.90954 
vt 10.0927 -0.90513 
vt 10.1017 -0.919379 
vt 10.1017 -0.90513 
vt 10.0865 -0.913025 
vt 10.0865 -0.919379 
vt 10.1017 -0.923396 
vt 10.0865 -0.923396 
vt 10.0169 -0.926034 
vt 9.93511 -0.926034 
vt 9.93511 -0.950117 
vt 10.0169 -0.950117 
vt 10.0921 -0.919639 
vt 10.0944 -0.909884 
vt 10.0938 -0.909884 
vt 10.0962 -0.919639 
vt 10.1697 -0.94467 
vt 10.1266 -0.94467 
vt 10.1697 -0.951271 
vt 10.1266 -0.951271 
vt 10.1697 -0.957873 
vt 10.1266 -0.957873 
vt 9.84624 -0.916541 
vt 9.84901 -0.920976 
vt 9.84901 -0.916541 
vt 9.84624 -0.920976 
vt 9.84901 -0.910293 
vt 9.84624 -0.910293 
vt 9.84624 -0.914392 
vt 9.84901 -0.906194 
vt 9.84901 -0.914392 
vt 9.84624 -0.906194 
vt 9.84901 -0.915857 
vt 9.84624 -0.915857 
vt 9.84901 -0.910293 
vt 9.84624 -0.904729 
vt 9.84624 -0.910293 
vt 9.84901 -0.904729 
vt 10.0927 -0.90513 
vt 10.1017 -0.919379 
vt 10.1017 -0.90513 
vt 10.0865 -0.913025 
vt 10.0865 -0.919379 
vt 9.83884 -0.902364 
vt 9.86225 -0.921515 
vt 9.85624 -0.902364 
vt 9.86225 -0.90954 
vt 9.83282 -0.921515 
vt 9.83282 -0.90954 

usemtl Meshpart2Mtl

f 129/129/129 130/130/130 131/131/131 
f 130/130/130 132/132/132 131/131/131 
f 132/132/132 130/130/130 133/133/133 
f 134/134/134 135/135/135 136/136/136 
f 136/136/136 137/137/137 134/134/134 
f 138/138/138 136/136/136 135/135/135 
f 136/136/136 139/139/139 137/137/137 
f 135/135/135 140/140/140 138/138/138 
f 141/141/141 137/137/137 139/139/139 
f 140/140/140 135/135/135 142/142/142 
f 137/137/137 141/141/141 143/143/143 
f 144/144/144 140/140/140 142/142/142 
f 141/141/141 145/145/145 143/143/143 
f 140/140/140 144/144/144 146/146/146 
f 141/141/141 147/147/147 145/145/145 
f 148/148/148 146/146/146 144/144/144 
f 148/148/148 145/145/145 147/147/147 
f 148/148/148 144/144/144 149/149/149 
f 145/145/145 148/148/148 149/149/149 
f 151/151/151 152/152/152 153/153/153 
f 153/153/153 152/152/152 154/154/154 
f 157/157/157 158/158/158 159/159/159 
f 158/158/158 160/160/160 159/159/159 
f 158/158/158 161/161/161 160/160/160 
f 161/161/161 162/162/162 160/160/160 
f 163/163/163 165/165/165 164/164/164 
f 165/165/165 163/163/163 166/166/166 
f 168/168/168 169/169/169 170/170/170 
f 168/168/168 170/170/170 171/171/171 
f 169/169/169 172/172/172 170/170/170 
f 169/169/169 173/173/173 172/172/172 
f 174/174/174 175/175/175 176/176/176 
f 175/175/175 174/174/174 177/177/177 
f 174/174/174 178/178/178 177/177/177 
f 178/178/178 179/179/179 177/177/177 
f 183/183/183 184/184/184 185/185/185 
f 183/183/183 185/185/185 186/186/186 
f 187/187/187 188/188/188 189/189/189 
f 188/188/188 187/187/187 190/190/190 
f 191/191/191 189/189/189 188/188/188 
f 189/189/189 191/191/191 192/192/192 
f 193/193/193 192/192/192 191/191/191 
f 193/193/193 191/191/191 194/194/194 
f 194/194/194 191/191/191 195/195/195 
f 191/191/191 196/196/196 195/195/195 
f 195/195/195 196/196/196 197/197/197 
f 195/195/195 197/197/197 198/198/198 
f 198/198/198 197/197/197 199/199/199 
f 197/197/197 200/200/200 199/199/199 
f 197/197/197 201/201/201 200/200/200 
f 202/202/202 201/201/201 197/197/197 
f 203/203/203 201/201/201 202/202/202 
f 201/201/201 203/203/203 204/204/204 
f 205/205/205 206/206/206 207/207/207 
f 206/206/206 205/205/205 208/208/208 
f 211/211/211 212/212/212 213/213/213 
f 214/214/214 213/213/213 212/212/212 
f 213/213/213 214/214/214 215/215/215 
f 216/216/216 215/215/215 214/214/214 
f 221/221/221 223/223/223 222/222/222 
f 223/223/223 221/221/221 224/224/224 
f 224/224/224 225/225/225 223/223/223 
f 225/225/225 224/224/224 226/226/226 
f 228/228/228 229/229/229 230/230/230 
f 229/229/229 228/228/228 231/231/231 
f 245/245/245 246/246/246 244/244/244 
f 245/245/245 247/247/247 246/246/246 
f 251/251/251 253/253/253 252/252/252 
f 254/254/254 252/252/252 253/253/253 
f 256/256/256 257/257/257 258/258/258 
f 256/256/256 258/258/258 259/259/259 
f 261/261/261 262/262/262 263/263/263 
f 261/261/261 263/263/263 264/264/264 
f 265/265/265 266/266/266 267/267/267 
f 265/265/265 267/267/267 268/268/268 
f 269/269/269 270/270/270 271/271/271 
f 270/270/270 269/269/269 272/272/272 
f 274/274/274 275/275/275 276/276/276 
f 277/277/277 276/276/276 275/275/275 
f 274/274/274 278/278/278 275/275/275 
f 278/278/278 274/274/274 279/279/279 
f 280/280/280 281/281/281 282/282/282 
f 280/280/280 282/282/282 283/283/283 
f 286/286/286 287/287/287 288/288/288 
f 286/286/286 288/288/288 289/289/289 
f 290/290/290 291/291/291 292/292/292 
f 291/291/291 290/290/290 293/293/293 
f 293/293/293 294/294/294 291/291/291 
f 294/294/294 293/293/293 295/295/295 
f 300/300/300 299/299/299 298/298/298 
f 301/301/301 300/300/300 298/298/298 
f 302/302/302 300/300/300 301/301/301 
f 303/303/303 302/302/302 301/301/301 
f 306/306/306 305/305/305 304/304/304 
f 307/307/307 305/305/305 306/306/306 
f 308/308/308 307/307/307 306/306/306 
f 309/309/309 307/307/307 308/308/308 
f 310/310/310 311/311/311 312/312/312 
f 313/313/313 312/312/312 311/311/311 
f 314/314/314 315/315/315 316/316/316 
f 315/315/315 314/314/314 317/317/317 
f 318/318/318 319/319/319 320/320/320 
f 318/318/318 320/320/320 321/321/321 
f 322/322/322 323/323/323 324/324/324 
f 324/324/324 323/323/323 325/325/325 
f 326/326/326 328/328/328 327/327/327 
f 329/329/329 327/327/327 328/328/328 
f 330/330/330 332/332/332 331/331/331 
f 330/330/330 333/333/333 332/332/332 
f 336/336/336 337/337/337 338/338/338 
f 337/337/337 336/336/336 339/339/339 
f 339/339/339 340/340/340 337/337/337 
f 340/340/340 339/339/339 341/341/341 
f 349/349/349 350/350/350 351/351/351 
f 349/349/349 351/351/351 352/352/352 
f 352/352/352 351/351/351 354/354/354 
f 352/352/352 354/354/354 355/355/355 
f 373/373/373 374/374/374 375/375/375 
f 374/374/374 373/373/373 376/376/376 
f 375/375/375 377/377/377 373/373/373 
f 377/377/377 375/375/375 378/378/378 
f 378/378/378 379/379/379 377/377/377 
f 379/379/379 378/378/378 380/380/380 
f 381/381/381 378/378/378 375/375/375 
f 382/382/382 381/381/381 375/375/375 
f 381/381/381 382/382/382 383/383/383 
f 384/384/384 385/385/385 386/386/386 
f 385/385/385 384/384/384 387/387/387 
f 386/386/386 388/388/388 384/384/384 
f 389/389/389 388/388/388 386/386/386 
f 388/388/388 389/389/389 390/390/390 
f 392/392/392 393/393/393 394/394/394 
f 395/395/395 394/394/394 393/393/393 
f 396/396/396 397/397/397 398/398/398 
f 397/397/397 396/396/396 399/399/399 
f 400/400/400 398/398/398 397/397/397 
f 398/398/398 400/400/400 401/401/401 
f 402/402/402 403/403/403 404/404/404 
f 403/403/403 402/402/402 405/405/405 
f 405/405/405 402/402/402 406/406/406 
f 407/407/407 406/406/406 402/402/402 
f 407/407/407 408/408/408 406/406/406 
f 409/409/409 410/410/410 411/411/411 
f 411/411/411 412/412/412 409/409/409 
f 413/413/413 414/414/414 415/415/415 
f 416/416/416 415/415/415 414/414/414 
f 415/415/415 416/416/416 417/417/417 
f 418/418/418 417/417/417 416/416/416 
f 419/419/419 420/420/420 421/421/421 
f 420/420/420 422/422/422 421/421/421 
f 425/425/425 427/427/427 423/423/423 
f 424/424/424 428/428/428 426/426/426 
f 427/427/427 425/425/425 428/428/428 
f 428/428/428 424/424/424 427/427/427 
f 429/429/429 430/430/430 431/431/431 
f 431/431/431 430/430/430 432/432/432 
f 430/430/430 433/433/433 432/432/432 
f 432/432/432 433/433/433 434/434/434 
f 435/435/435 436/436/436 437/437/437 
f 438/438/438 436/436/436 435/435/435 
f 436/436/436 438/438/438 439/439/439 
f 440/440/440 441/441/441 442/442/442 
f 442/442/442 441/441/441 443/443/443 
f 444/444/444 440/440/440 442/442/442 
f 440/440/440 444/444/444 445/445/445 
f 446/446/446 447/447/447 448/448/448 
f 449/449/449 448/448/448 447/447/447 
f 447/447/447 446/446/446 450/450/450 
f 449/449/449 447/447/447 451/451/451 
f 446/446/446 452/452/452 450/450/450 
f 451/451/451 453/453/453 449/449/449 
f 452/452/452 446/446/446 454/454/454 
f 453/453/453 451/451/451 455/455/455 
f 456/456/456 452/452/452 454/454/454 
f 457/457/457 453/453/453 455/455/455 
f 452/452/452 456/456/456 458/458/458 
f 455/455/455 459/459/459 457/457/457 
f 460/460/460 458/458/458 456/456/456 
f 460/460/460 457/457/457 459/459/459 
f 458/458/458 460/460/460 461/461/461 
f 460/460/460 459/459/459 461/461/461 
f 462/462/462 464/464/464 463/463/463 
f 462/462/462 465/465/465 464/464/464 
f 467/467/467 462/462/462 466/466/466 
f 468/468/468 462/462/462 467/467/467 
f 462/462/462 468/468/468 465/465/465 
f 465/465/465 468/468/468 469/469/469 
f 472/472/472 473/473/473 474/474/474 
f 472/472/472 475/475/475 473/473/473 
f 476/476/476 475/475/475 472/472/472 
f 476/476/476 477/477/477 475/475/475 
f 477/477/477 476/476/476 478/478/478 
f 477/477/477 478/478/478 479/479/479 
f 480/480/480 481/481/481 482/482/482 
f 480/480/480 482/482/482 483/483/483 
f 484/484/484 485/485/485 486/486/486 
f 487/487/487 486/486/486 485/485/485 
f 486/486/486 488/488/488 484/484/484 
f 489/489/489 488/488/488 486/486/486 
f 484/484/484 488/488/488 490/490/490 
f 488/488/488 491/491/491 490/490/490 
f 490/490/490 491/491/491 492/492/492 
f 490/490/490 492/492/492 493/493/493 
f 492/492/492 494/494/494 493/493/493 
f 494/494/494 492/492/492 495/495/495 
f 496/496/496 493/493/493 494/494/494 
f 496/496/496 494/494/494 497/497/497 
f 498/498/498 499/499/499 500/500/500 
f 498/498/498 500/500/500 501/501/501 
f 502/502/502 503/503/503 504/504/504 
f 502/502/502 504/504/504 505/505/505 
f 506/506/506 507/507/507 508/508/508 
f 506/506/506 508/508/508 509/509/509 
f 513/513/513 514/514/514 512/512/512 
f 513/513/513 515/515/515 514/514/514 
f 515/515/515 516/516/516 514/514/514 
f 515/515/515 517/517/517 516/516/516 
f 518/518/518 520/520/520 519/519/519 
f 520/520/520 521/521/521 519/519/519 
f 520/520/520 522/522/522 521/521/521 
f 523/523/523 521/521/521 522/522/522 
f 528/528/528 529/529/529 530/530/530 
f 528/528/528 530/530/530 531/531/531 
f 532/532/532 533/533/533 534/534/534 
f 535/535/535 534/534/534 533/533/533 
f 536/536/536 537/537/537 538/538/538 
f 536/536/536 538/538/538 539/539/539 
f 540/540/540 541/541/541 542/542/542 
f 541/541/541 540/540/540 543/543/543 
f 543/543/543 544/544/544 541/541/541 
f 545/545/545 546/546/546 547/547/547 
f 548/548/548 547/547/547 546/546/546 
f 546/546/546 545/545/545 549/549/549 
f 548/548/548 546/546/546 550/550/550 
f 545/545/545 551/551/551 549/549/549 
f 552/552/552 548/548/548 550/550/550 
f 551/551/551 545/545/545 553/553/553 
f 548/548/548 552/552/552 554/554/554 
f 555/555/555 551/551/551 553/553/553 
f 552/552/552 556/556/556 554/554/554 
f 551/551/551 555/555/555 557/557/557 
f 556/556/556 552/552/552 558/558/558 
f 555/555/555 559/559/559 557/557/557 
f 559/559/559 556/556/556 558/558/558 
f 559/559/559 555/555/555 560/560/560 
f 556/556/556 559/559/559 560/560/560 
f 565/565/565 563/563/563 564/564/564 
f 563/563/563 565/565/565 566/566/566 
f 567/567/567 566/566/566 565/565/565 
f 566/566/566 567/567/567 568/568/568 
f 569/569/569 570/570/570 571/571/571 
f 569/569/569 571/571/571 572/572/572 
f 577/577/577 576/576/576 575/575/575 
f 577/577/577 578/578/578 576/576/576 
f 579/579/579 578/578/578 577/577/577 
f 579/579/579 580/580/580 578/578/578 
f 583/583/583 584/584/584 585/585/585 
f 585/585/585 586/586/586 583/583/583 
f 586/586/586 585/585/585 587/587/587 
f 587/587/587 585/585/585 588/588/588 
f 594/594/594 593/593/593 592/592/592 
f 593/593/593 594/594/594 595/595/595 
f 596/596/596 595/595/595 594/594/594 
f 595/595/595 596/596/596 597/597/597 
f 598/598/598 599/599/599 600/600/600 
f 599/599/599 598/598/598 601/601/601 
f 602/602/602 601/601/601 598/598/598 
f 601/601/601 602/602/602 603/603/603 
f 604/604/604 605/605/605 606/606/606 
f 605/605/605 604/604/604 607/607/607 
f 612/612/612 610/610/610 611/611/611 
f 610/610/610 612/612/612 614/614/614 
f 613/613/613 614/614/614 612/612/612 
f 614/614/614 613/613/613 615/615/615 
f 618/618/618 617/617/617 616/616/616 
f 618/618/618 619/619/619 617/617/617 
f 620/620/620 619/619/619 618/618/618 
f 620/620/620 621/621/621 619/619/619 
f 624/624/624 622/622/622 623/623/623 
f 625/625/625 622/622/622 624/624/624 
f 626/626/626 625/625/625 624/624/624 
f 627/627/627 625/625/625 626/626/626 
f 628/628/628 629/629/629 630/630/630 
f 631/631/631 630/630/630 629/629/629 
f 635/635/635 636/636/636 634/634/634 
f 636/636/636 635/635/635 637/637/637 
f 637/637/637 638/638/638 636/636/636 
f 638/638/638 637/637/637 639/639/639 
f 648/648/648 647/647/647 646/646/646 
f 648/648/648 649/649/649 647/647/647 
f 650/650/650 649/649/649 648/648/648 
f 650/650/650 651/651/651 649/649/649 
f 669/669/669 670/670/670 671/671/671 
f 670/670/670 669/669/669 672/672/672 
f 673/673/673 671/671/671 670/670/670 
f 671/671/671 673/673/673 674/674/674 
f 675/675/675 673/673/673 670/670/670 
f 673/673/673 676/676/676 674/674/674 
f 674/674/674 676/676/676 677/677/677 
f 673/673/673 675/675/675 678/678/678 
f 678/678/678 675/675/675 679/679/679 
f 681/681/681 682/682/682 683/683/683 
f 684/684/684 683/683/683 682/682/682 
f 682/682/682 681/681/681 685/685/685 
f 681/681/681 686/686/686 685/685/685 
f 687/687/687 685/685/685 686/686/686 
f 688/688/688 689/689/689 690/690/690 
f 691/691/691 688/688/688 690/690/690 
f 689/689/689 688/688/688 692/692/692 
f 688/688/688 691/691/691 693/693/693 
f 692/692/692 694/694/694 689/689/689 
f 694/694/694 693/693/693 691/691/691 
f 694/694/694 692/692/692 695/695/695 
f 693/693/693 694/694/694 695/695/695 
f 696/696/696 697/697/697 698/698/698 
f 698/698/698 697/697/697 699/699/699 
f 697/697/697 696/696/696 700/700/700 
f 700/700/700 696/696/696 701/701/701 
f 702/702/702 703/703/703 704/704/704 
f 705/705/705 703/703/703 702/702/702 
f 703/703/703 705/705/705 706/706/706 
f 703/703/703 706/706/706 707/707/707 
f 708/708/708 707/707/707 706/706/706 
f 709/709/709 710/710/710 711/711/711 
f 709/709/709 711/711/711 712/712/712 
f 713/713/713 714/714/714 715/715/715 
f 714/714/714 713/713/713 716/716/716 
f 717/717/717 718/718/718 719/719/719 
f 720/720/720 719/719/719 718/718/718 
f 719/719/719 720/720/720 721/721/721 
f 722/722/722 721/721/721 720/720/720 
f 723/723/723 724/724/724 725/725/725 
f 724/724/724 723/723/723 726/726/726 
f 727/727/727 728/728/728 729/729/729 
f 730/730/730 728/728/728 727/727/727 
f 727/727/727 729/729/729 731/731/731 
f 730/730/730 732/732/732 728/728/728 
f 735/735/735 734/734/734 733/733/733 
f 737/737/737 734/734/734 735/735/735 
f 736/736/736 737/737/737 738/738/738 
f 738/738/738 737/737/737 735/735/735 
f 739/739/739 740/740/740 741/741/741 
f 740/740/740 739/739/739 742/742/742 
f 740/740/740 742/742/742 743/743/743 
f 744/744/744 745/745/745 746/746/746 
f 746/746/746 745/745/745 747/747/747 
f 745/745/745 744/744/744 748/748/748 
f 748/748/748 744/744/744 749/749/749 

g Meshpart3

v -490.051 6.40154 0.418724 
v -490.036 6.40154 0.418724 
v -490.051 6.36443 0.434096 
v -490.036 6.36443 0.434096 
v -490.051 6.32732 0.418724 
v -490.036 6.32732 0.418724 
v -490.104 5.82778 0.466466 
v -489.755 5.82778 0.466466 
v -490.104 5.79066 0.481838 
v -489.755 5.79066 0.481838 
v -490.104 5.75355 0.466466 
v -489.755 5.75355 0.466466 
v -489.755 5.73818 0.429354 
v -490.104 5.73818 0.429354 
v -489.732 5.95576 0.0915139 
v -489.732 5.94039 0.128626 
v -490.127 5.94039 0.0544018 
v -490.127 5.94039 0.128626 
v -489.732 5.90328 0.144 
v -490.127 5.90328 0.144 
v -490.127 5.86616 0.128626 
v -489.732 5.86616 0.128626 
v -489.755 5.82778 -1.4761 
v -490.104 5.82778 -1.4761 
v -489.755 5.73818 -1.51322 
v -490.104 5.79066 -1.46073 
v -490.104 5.73818 -1.51322 
v -489.755 5.79066 -1.46073 
v -489.755 5.75355 -1.4761 
v -490.104 5.75355 -1.4761 
v -490.127 5.95576 -1.03461 
v -489.732 5.95576 -1.03461 
v -489.732 5.94039 -0.9975 
v -490.127 5.94039 -0.997498 
v -490.127 5.90328 -0.982126 
v -489.732 5.90328 -0.982126 
v -490.127 5.86616 -0.997498 
v -489.732 5.86616 -0.9975 
v -489.809 6.40154 0.418724 
v -489.823 6.40154 0.418724 
v -489.809 6.36443 0.434096 
v -489.823 6.36443 0.434096 
v -489.809 6.32732 0.418724 
v -489.823 6.32732 0.418724 
v -490.051 6.40154 0.3445 
v -490.051 6.41691 0.381612 
v -490.036 6.40154 0.3445 
v -490.036 6.41691 0.381612 
v -490.051 6.40154 0.418724 
v -490.036 6.40154 0.418724 
v -490.104 5.84315 0.429354 
v -489.755 5.84315 0.429354 
v -489.755 5.82778 0.39224 
v -490.104 5.82778 0.466466 
v -490.104 5.82778 0.39224 
v -489.755 5.82778 0.466466 
v -490.127 5.95576 0.0915139 
v -489.732 5.95576 0.0915139 
v -489.732 5.94039 0.0544018 
v -489.732 5.94039 0.128626 
v -490.127 5.94039 0.0544018 
v -490.127 5.94039 0.128626 
v -490.127 5.90328 0.144 
v -490.104 5.82778 -1.55033 
v -489.755 5.82778 -1.55033 
v -489.755 5.84315 -1.51322 
v -490.104 5.79066 -1.5657 
v -490.104 5.84315 -1.51322 
v -489.755 5.82778 -1.4761 
v -490.104 5.82778 -1.4761 
v -489.755 5.79066 -1.46073 
v -490.127 5.95576 -1.03461 
v -489.732 5.95576 -1.03461 
v -489.732 5.94039 -1.07172 
v -489.732 5.94039 -0.9975 
v -490.127 5.94039 -1.07172 
v -490.127 5.94039 -0.997498 
v -490.127 5.90328 -0.982126 
v -489.822 5.6053 -0.156598 
v -489.822 5.6053 -0.562632 
v -490.037 5.6053 -0.562632 
v -490.037 5.6053 -0.156598 
v -489.809 6.41691 0.381612 
v -489.809 6.40154 0.3445 
v -489.823 6.40154 0.3445 
v -489.823 6.41691 0.381612 
v -489.809 6.40154 0.418724 
v -489.823 6.40154 0.418724 
v -490.051 6.41691 0.381612 
v -490.036 6.40154 0.3445 
v -490.036 6.36443 0.329126 
v -490.051 6.36443 0.329126 
v -490.036 6.40154 0.418724 
v -490.036 6.32732 0.3445 
v -490.036 6.36443 0.434096 
v -490.036 6.31194 0.381612 
v -490.051 6.32732 0.418724 
v -490.127 5.85079 -1.03461 
v -490.127 5.90328 -0.982126 
v -490.127 5.94039 -0.997498 
v -490.127 5.86616 -0.997498 
v -490.127 5.94039 -1.07172 
v -490.127 5.95576 -1.03461 
v -490.127 5.90328 -1.0871 
v -490.127 5.86616 -1.07172 
v -490.127 5.86616 0.128626 
v -490.127 5.94039 0.128626 
v -490.127 5.85079 0.0915139 
v -490.127 5.90328 0.144 
v -490.127 5.90328 0.0390298 
v -490.127 5.86616 0.0544018 
v -490.127 5.94039 0.0544018 
v -490.127 5.95576 0.0915139 
v -490.104 5.75355 0.466466 
v -490.104 5.75355 0.39224 
v -490.104 5.73818 0.429354 
v -490.104 5.84315 0.429354 
v -490.104 5.79066 0.481838 
v -490.104 5.82778 0.466466 
v -490.104 5.79066 0.376868 
v -490.104 5.82778 0.39224 
v -490.104 5.75355 -1.4761 
v -490.104 5.75355 -1.55033 
v -490.104 5.73818 -1.51322 
v -490.104 5.84315 -1.51322 
v -490.104 5.79066 -1.46073 
v -490.104 5.82778 -1.4761 
v -490.104 5.79066 -1.5657 
v -490.104 5.82778 -1.55033 
v -490.051 6.36443 0.434096 
v -490.051 6.40154 0.3445 
v -490.051 6.31194 0.381612 
v -490.051 6.32732 0.418724 
v -490.051 6.32732 0.3445 
v -490.051 6.36443 0.329126 
v -490.051 6.40154 0.418724 
v -490.051 6.41691 0.381612 
v -490.051 6.40154 0.3445 
v -490.036 6.40154 0.3445 
v -490.036 6.36443 0.329126 
v -490.051 6.36443 0.329126 
v -490.036 6.32732 0.3445 
v -490.051 6.32732 0.3445 
v -489.755 5.82778 0.39224 
v -490.104 5.82778 0.39224 
v -489.755 5.79066 0.376868 
v -490.104 5.79066 0.376868 
v -489.755 5.75355 0.39224 
v -490.104 5.75355 0.39224 
v -489.755 5.73818 0.429354 
v -490.104 5.73818 0.429354 
v -489.732 5.95576 0.0915139 
v -489.732 5.94039 0.0544018 
v -490.127 5.94039 0.0544018 
v -489.732 5.90328 0.0390298 
v -490.127 5.90328 0.0390298 
v -489.732 5.86616 0.0544018 
v -490.127 5.86616 0.0544018 
v -489.732 5.86616 0.128626 
v -490.104 5.82778 -1.55033 
v -489.755 5.82778 -1.55033 
v -489.755 5.79066 -1.5657 
v -490.104 5.79066 -1.5657 
v -489.755 5.75355 -1.55033 
v -490.104 5.75355 -1.55033 
v -489.755 5.73818 -1.51322 
v -490.104 5.73818 -1.51322 
v -490.127 5.95576 -1.03461 
v -489.732 5.95576 -1.03461 
v -489.732 5.94039 -1.07172 
v -490.127 5.94039 -1.07172 
v -489.732 5.90328 -1.0871 
v -490.127 5.90328 -1.0871 
v -489.732 5.86616 -1.07172 
v -490.127 5.86616 -1.07172 
v -489.732 5.86616 -0.9975 
v -489.809 6.40154 0.3445 
v -489.823 6.40154 0.3445 
v -489.823 6.36443 0.329126 
v -489.809 6.36443 0.329126 
v -489.823 6.32732 0.3445 
v -489.809 6.32732 0.3445 
v -490.036 6.32732 0.3445 
v -490.051 6.32732 0.3445 
v -490.036 6.31194 0.381612 
v -490.051 6.32732 0.418724 
v -490.051 6.31194 0.381612 
v -490.036 6.32732 0.418724 
v -489.755 5.75355 0.39224 
v -490.104 5.75355 0.466466 
v -490.104 5.75355 0.39224 
v -489.755 5.75355 0.466466 
v -489.755 5.73818 0.429354 
v -490.104 5.73818 0.429354 
v -490.127 5.94039 0.0544018 
v -490.127 5.90328 0.144 
v -489.732 5.86616 0.0544018 
v -490.127 5.86616 0.128626 
v -490.127 5.86616 0.0544018 
v -489.732 5.86616 0.128626 
v -489.732 5.85079 0.0915139 
v -490.127 5.85079 0.0915139 
v -489.755 5.82778 -1.55033 
v -490.104 5.79066 -1.5657 
v -489.755 5.75355 -1.55033 
v -490.104 5.75355 -1.55033 
v -490.104 5.82778 -1.4761 
v -489.755 5.73818 -1.51322 
v -490.104 5.73818 -1.51322 
v -489.755 5.75355 -1.4761 
v -490.104 5.75355 -1.4761 
v -489.732 5.86616 -1.07172 
v -490.127 5.86616 -0.997498 
v -490.127 5.86616 -1.07172 
v -489.732 5.86616 -0.9975 
v -489.732 5.85079 -1.03461 
v -490.127 5.85079 -1.03461 
v -489.823 6.32732 0.3445 
v -489.809 6.32732 0.3445 
v -489.823 6.31194 0.381612 
v -489.809 6.31194 0.381612 
v -489.809 6.32732 0.418724 
v -489.823 6.32732 0.418724 
v -490.051 6.41691 0.381612 
v -490.036 6.36443 0.329126 
v -490.036 6.36443 0.434096 
v -490.036 6.31194 0.381612 
v -490.051 6.32732 0.418724 
v -489.732 5.85079 -1.03461 
v -489.732 5.94039 -0.9975 
v -489.732 5.86616 -0.9975 
v -489.732 5.90328 -0.982126 
v -489.732 5.90328 -1.0871 
v -489.732 5.86616 -1.07172 
v -489.732 5.94039 -1.07172 
v -489.732 5.95576 -1.03461 
v -489.732 5.85079 0.0915139 
v -489.732 5.94039 0.128626 
v -489.732 5.86616 0.128626 
v -489.732 5.90328 0.144 
v -489.732 5.90328 0.0390298 
v -489.732 5.86616 0.0544018 
v -489.732 5.94039 0.0544018 
v -489.732 5.95576 0.0915139 
v -489.755 5.73818 0.429354 
v -489.755 5.75355 0.39224 
v -489.755 5.75355 0.466466 
v -489.755 5.84315 0.429354 
v -489.755 5.79066 0.481838 
v -489.755 5.82778 0.466466 
v -489.755 5.79066 0.376868 
v -489.755 5.82778 0.39224 
v -489.755 5.73818 -1.51322 
v -489.755 5.75355 -1.55033 
v -489.755 5.75355 -1.4761 
v -489.755 5.79066 -1.5657 
v -489.755 5.84315 -1.51322 
v -489.755 5.82778 -1.55033 
v -489.755 5.82778 -1.4761 
v -489.755 5.79066 -1.46073 
v -489.809 6.40154 0.3445 
v -489.809 6.36443 0.434096 
v -489.809 6.31194 0.381612 
v -489.809 6.32732 0.418724 
v -489.809 6.40154 0.418724 
v -489.809 6.41691 0.381612 
v -489.809 6.32732 0.3445 
v -489.809 6.36443 0.329126 

vn 0 0.708661 0.708661 
vn 0 0.708661 0.708661 
vn 0 0 1 
vn 0 0 1 
vn 0 -0.708661 0.708661 
vn 0 -0.708661 0.708661 
vn 0 0.708661 0.708661 
vn 0 0.708661 0.708661 
vn 0 0 1 
vn 0 0 1 
vn 0 -0.708661 0.708661 
vn 0 -0.708661 0.708661 
vn 0 -1 0 
vn 0 -1 0 
vn 0 1 0 
vn 0 0.708661 0.708661 
vn 0 0.708661 -0.708661 
vn 0 0.708661 0.708661 
vn 0 0 1 
vn 0 0 1 
vn 0 -0.708661 0.708661 
vn 0 -0.708661 0.708661 
vn 0 0.708661 0.708661 
vn 0 0.708661 0.708661 
vn 0 -1 0 
vn 0 0 1 
vn 0 -1 0 
vn 0 0 1 
vn 0 -0.708661 0.708661 
vn 0 -0.708661 0.708661 
vn 0 1 0 
vn 0 1 0 
vn 0 0.708661 0.708661 
vn 0 0.708661 0.708661 
vn 0 0 1 
vn 0 0 1 
vn 0 -0.708661 0.708661 
vn 0 -0.708661 0.708661 
vn 0 0.708661 0.708661 
vn 0 0.708661 0.708661 
vn 0 0 1 
vn 0 0 1 
vn 0 -0.708661 0.708661 
vn 0 -0.708661 0.708661 
vn 0 0.708661 -0.708661 
vn 0 1 0 
vn 0 0.708661 -0.708661 
vn 0 1 0 
vn 0 0.708661 0.708661 
vn 0 0.708661 0.708661 
vn 0 1 0 
vn 0 1 0 
vn 0 0.708661 -0.708661 
vn 0 0.708661 0.708661 
vn 0 0.708661 -0.708661 
vn 0 0.708661 0.708661 
vn 0 1 0 
vn 0 1 0 
vn 0 0.708661 -0.708661 
vn 0 0.708661 0.708661 
vn 0 0.708661 -0.708661 
vn 0 0.708661 0.708661 
vn 0 0 1 
vn 0 0.708661 -0.708661 
vn 0 0.708661 -0.708661 
vn 0 1 0 
vn 0 0 -1 
vn 0 1 0 
vn 0 0.708661 0.708661 
vn 0 0.708661 0.708661 
vn 0 0 1 
vn 0 1 0 
vn 0 1 0 
vn 0 0.708661 -0.708661 
vn 0 0.708661 0.708661 
vn 0 0.708661 -0.708661 
vn 0 0.708661 0.708661 
vn 0 0 1 
vn 0 1 0 
vn 0 1 0 
vn 0 1 0 
vn 0 1 0 
vn 0 1 0 
vn 0 0.708661 -0.708661 
vn 0 0.708661 -0.708661 
vn 0 1 0 
vn 0 0.708661 0.708661 
vn 0 0.708661 0.708661 
vn 0 1 0 
vn 0 0.708661 -0.708661 
vn 0 0 -1 
vn 0 0 -1 
vn 0 0.708661 0.708661 
vn 0 -0.708661 -0.708661 
vn 0 0 1 
vn 0 -1 0 
vn 0 -0.708661 0.708661 
vn -1 0 0 
vn -1 0 0 
vn -1 0 0 
vn -1 0 0 
vn -1 0 0 
vn -1 0 0 
vn -1 0 0 
vn -1 0 0 
vn -1 0 0 
vn -1 0 0 
vn -1 0 0 
vn -1 0 0 
vn -1 0 0 
vn -1 0 0 
vn -1 0 0 
vn -1 0 0 
vn -1 0 0 
vn -1 0 0 
vn -1 0 0 
vn -1 0 0 
vn -1 0 0 
vn -1 0 0 
vn -1 0 0 
vn -1 0 0 
vn -1 0 0 
vn -1 0 0 
vn -1 0 0 
vn -1 0 0 
vn -1 0 0 
vn -1 0 0 
vn -1 0 0 
vn -1 0 0 
vn -1 0 0 
vn -1 0 0 
vn -1 0 0 
vn -1 0 0 
vn -1 0 0 
vn -1 0 0 
vn -1 0 0 
vn -1 0 0 
vn 0 0.708661 -0.708661 
vn 0 0.708661 -0.708661 
vn 0 0 -1 
vn 0 0 -1 
vn 0 -0.708661 -0.708661 
vn 0 -0.708661 -0.708661 
vn 0 0.708661 -0.708661 
vn 0 0.708661 -0.708661 
vn 0 0 -1 
vn 0 0 -1 
vn 0 -0.708661 -0.708661 
vn 0 -0.708661 -0.708661 
vn 0 -1 0 
vn 0 -1 0 
vn 0 1 0 
vn 0 0.708661 -0.708661 
vn 0 0.708661 -0.708661 
vn 0 0 -1 
vn 0 0 -1 
vn 0 -0.708661 -0.708661 
vn 0 -0.708661 -0.708661 
vn 0 -0.708661 0.708661 
vn 0 0.708661 -0.708661 
vn 0 0.708661 -0.708661 
vn 0 0 -1 
vn 0 0 -1 
vn 0 -0.708661 -0.708661 
vn 0 -0.708661 -0.708661 
vn 0 -1 0 
vn 0 -1 0 
vn 0 1 0 
vn 0 1 0 
vn 0 0.708661 -0.708661 
vn 0 0.708661 -0.708661 
vn 0 0 -1 
vn 0 0 -1 
vn 0 -0.708661 -0.708661 
vn 0 -0.708661 -0.708661 
vn 0 -0.708661 0.708661 
vn 0 0.708661 -0.708661 
vn 0 0.708661 -0.708661 
vn 0 0 -1 
vn 0 0 -1 
vn 0 -0.708661 -0.708661 
vn 0 -0.708661 -0.708661 
vn 0 -0.708661 -0.708661 
vn 0 -0.708661 -0.708661 
vn 0 -1 0 
vn 0 -0.708661 0.708661 
vn 0 -1 0 
vn 0 -0.708661 0.708661 
vn 0 -0.708661 -0.708661 
vn 0 -0.708661 0.708661 
vn 0 -0.708661 -0.708661 
vn 0 -0.708661 0.708661 
vn 0 -1 0 
vn 0 -1 0 
vn 0 0.708661 -0.708661 
vn 0 0 1 
vn 0 -0.708661 -0.708661 
vn 0 -0.708661 0.708661 
vn 0 -0.708661 -0.708661 
vn 0 -0.708661 0.708661 
vn 0 -1 0 
vn 0 -1 0 
vn 0 0.708661 -0.708661 
vn 0 0 -1 
vn 0 -0.708661 -0.708661 
vn 0 -0.708661 -0.708661 
vn 0 0.708661 0.708661 
vn 0 -1 0 
vn 0 -1 0 
vn 0 -0.708661 0.708661 
vn 0 -0.708661 0.708661 
vn 0 -0.708661 -0.708661 
vn 0 -0.708661 0.708661 
vn 0 -0.708661 -0.708661 
vn 0 -0.708661 0.708661 
vn 0 -1 0 
vn 0 -1 0 
vn 0 -0.708661 -0.708661 
vn 0 -0.708661 -0.708661 
vn 0 -1 0 
vn 0 -1 0 
vn 0 -0.708661 0.708661 
vn 0 -0.708661 0.708661 
vn 0 1 0 
vn 0 0 -1 
vn 0 0 1 
vn 0 -1 0 
vn 0 -0.708661 0.708661 
vn 1 0 0 
vn 1 0 0 
vn 1 0 0 
vn 1 0 0 
vn 1 0 0 
vn 1 0 0 
vn 1 0 0 
vn 1 0 0 
vn 1 0 0 
vn 1 0 0 
vn 1 0 0 
vn 1 0 0 
vn 1 0 0 
vn 1 0 0 
vn 1 0 0 
vn 1 0 0 
vn 1 0 0 
vn 1 0 0 
vn 1 0 0 
vn 1 0 0 
vn 1 0 0 
vn 1 0 0 
vn 1 0 0 
vn 1 0 0 
vn 1 0 0 
vn 1 0 0 
vn 1 0 0 
vn 1 0 0 
vn 1 0 0 
vn 1 0 0 
vn 1 0 0 
vn 1 0 0 
vn 1 0 0 
vn 1 0 0 
vn 1 0 0 
vn 1 0 0 
vn 1 0 0 
vn 1 0 0 
vn 1 0 0 
vn 1 0 0 

vt 45.9849 -44.9512 
vt 45.9867 -44.9512 
vt 45.9849 -44.9558 
vt 45.9867 -44.9558 
vt 45.9849 -44.9605 
vt 45.9867 -44.9605 
vt 45.9782 -45.0229 
vt 46.0218 -45.0229 
vt 45.9782 -45.0276 
vt 46.0218 -45.0276 
vt 45.9782 -45.0322 
vt 46.0218 -45.0322 
vt 46.0218 -45.0341 
vt 45.9782 -45.0341 
vt 46.0246 -45.0069 
vt 46.0246 -45.0088 
vt 45.9754 -45.0088 
vt 45.9754 -45.0088 
vt 46.0246 -45.0135 
vt 45.9754 -45.0135 
vt 45.9754 -45.0181 
vt 46.0246 -45.0181 
vt 46.0218 -45.0229 
vt 45.9782 -45.0229 
vt 46.0218 -45.0341 
vt 45.9782 -45.0276 
vt 45.9782 -45.0341 
vt 46.0218 -45.0276 
vt 46.0218 -45.0322 
vt 45.9782 -45.0322 
vt 45.9754 -45.0069 
vt 46.0246 -45.0069 
vt 46.0246 -45.0088 
vt 45.9754 -45.0088 
vt 45.9754 -45.0135 
vt 46.0246 -45.0135 
vt 45.9754 -45.0181 
vt 46.0246 -45.0181 
vt 46.0151 -44.9512 
vt 46.0133 -44.9512 
vt 46.0151 -44.9558 
vt 46.0133 -44.9558 
vt 46.0151 -44.9605 
vt 46.0133 -44.9605 
vt 45.8892 -44.9849 
vt 45.8846 -44.9849 
vt 45.8892 -44.9867 
vt 45.8846 -44.9867 
vt 45.8799 -44.9849 
vt 45.8799 -44.9867 
vt 45.8786 -44.9782 
vt 45.8786 -45.0218 
vt 45.8832 -45.0218 
vt 45.874 -44.9782 
vt 45.8832 -44.9782 
vt 45.874 -45.0218 
vt 45.9208 -44.9754 
vt 45.9208 -45.0246 
vt 45.9255 -45.0246 
vt 45.9162 -45.0246 
vt 45.9255 -44.9754 
vt 45.9162 -44.9754 
vt 45.9143 -44.9754 
vt 46.126 -44.9782 
vt 46.126 -45.0218 
vt 46.1214 -45.0218 
vt 46.128 -44.9782 
vt 46.1214 -44.9782 
vt 46.1168 -45.0218 
vt 46.1168 -44.9782 
vt 46.1148 -45.0218 
vt 46.0616 -44.9754 
vt 46.0616 -45.0246 
vt 46.0662 -45.0246 
vt 46.0569 -45.0246 
vt 46.0662 -44.9754 
vt 46.0569 -44.9754 
vt 46.055 -44.9754 
vt 45.9518 -45.0134 
vt 46.0026 -45.0134 
vt 46.0026 -44.9866 
vt 45.9518 -44.9866 
vt 45.8846 -45.0151 
vt 45.8892 -45.0151 
vt 45.8892 -45.0133 
vt 45.8846 -45.0133 
vt 45.8799 -45.0151 
vt 45.8799 -45.0133 
vt 46.1154 -44.9493 
vt 46.1108 -44.9512 
vt 46.1089 -44.9558 
vt 46.1089 -44.9558 
vt 46.1201 -44.9512 
vt 46.1108 -44.9605 
vt 46.122 -44.9558 
vt 46.1154 -44.9624 
vt 46.1201 -44.9605 
vt 45.9384 -45.02 
vt 45.945 -45.0135 
vt 45.9431 -45.0088 
vt 45.9431 -45.0181 
vt 45.9338 -45.0088 
vt 45.9384 -45.0069 
vt 45.9319 -45.0135 
vt 45.9338 -45.0181 
vt 46.0838 -45.0181 
vt 46.0838 -45.0088 
vt 46.0792 -45.02 
vt 46.0857 -45.0135 
vt 46.0726 -45.0135 
vt 46.0745 -45.0181 
vt 46.0745 -45.0088 
vt 46.0792 -45.0069 
vt 46.126 -45.0322 
vt 46.1168 -45.0322 
vt 46.1214 -45.0341 
vt 46.1214 -45.021 
vt 46.128 -45.0276 
vt 46.126 -45.0229 
vt 46.1148 -45.0276 
vt 46.1168 -45.0229 
vt 45.8832 -45.0322 
vt 45.874 -45.0322 
vt 45.8786 -45.0341 
vt 45.8786 -45.021 
vt 45.8852 -45.0276 
vt 45.8832 -45.0229 
vt 45.872 -45.0276 
vt 45.874 -45.0229 
vt 46.122 -44.9558 
vt 46.1108 -44.9512 
vt 46.1154 -44.9624 
vt 46.1201 -44.9605 
vt 46.1108 -44.9605 
vt 46.1089 -44.9558 
vt 46.1201 -44.9512 
vt 46.1154 -44.9493 
vt 46.0151 -44.9512 
vt 46.0133 -44.9512 
vt 46.0133 -44.9558 
vt 46.0151 -44.9558 
vt 46.0133 -44.9605 
vt 46.0151 -44.9605 
vt 45.9782 -45.0229 
vt 46.0218 -45.0229 
vt 45.9782 -45.0276 
vt 46.0218 -45.0276 
vt 45.9782 -45.0322 
vt 46.0218 -45.0322 
vt 45.9782 -45.0341 
vt 46.0218 -45.0341 
vt 45.9754 -45.0069 
vt 45.9754 -45.0088 
vt 46.0246 -45.0088 
vt 45.9754 -45.0135 
vt 46.0246 -45.0135 
vt 45.9754 -45.0181 
vt 46.0246 -45.0181 
vt 45.9754 -45.0181 
vt 46.0218 -45.0229 
vt 45.9782 -45.0229 
vt 45.9782 -45.0276 
vt 46.0218 -45.0276 
vt 45.9782 -45.0322 
vt 46.0218 -45.0322 
vt 45.9782 -45.0341 
vt 46.0218 -45.0341 
vt 46.0246 -45.0069 
vt 45.9754 -45.0069 
vt 45.9754 -45.0088 
vt 46.0246 -45.0088 
vt 45.9754 -45.0135 
vt 46.0246 -45.0135 
vt 45.9754 -45.0181 
vt 46.0246 -45.0181 
vt 45.9754 -45.0181 
vt 45.9849 -44.9512 
vt 45.9867 -44.9512 
vt 45.9867 -44.9558 
vt 45.9849 -44.9558 
vt 45.9867 -44.9605 
vt 45.9849 -44.9605 
vt 46.1108 -44.9867 
vt 46.1108 -44.9849 
vt 46.1154 -44.9867 
vt 46.1201 -44.9849 
vt 46.1154 -44.9849 
vt 46.1201 -44.9867 
vt 46.1168 -45.0218 
vt 46.126 -44.9782 
vt 46.1168 -44.9782 
vt 46.126 -45.0218 
vt 46.1214 -45.0218 
vt 46.1214 -44.9782 
vt 46.0745 -44.9754 
vt 46.0857 -44.9754 
vt 46.0745 -45.0246 
vt 46.0838 -44.9754 
vt 46.0745 -44.9754 
vt 46.0838 -45.0246 
vt 46.0792 -45.0246 
vt 46.0792 -44.9754 
vt 45.874 -45.0218 
vt 45.872 -44.9782 
vt 45.874 -45.0218 
vt 45.874 -44.9782 
vt 45.8832 -44.9782 
vt 45.8786 -45.0218 
vt 45.8786 -44.9782 
vt 45.8832 -45.0218 
vt 45.8832 -44.9782 
vt 45.9338 -45.0246 
vt 45.9431 -44.9754 
vt 45.9338 -44.9754 
vt 45.9431 -45.0246 
vt 45.9384 -45.0246 
vt 45.9384 -44.9754 
vt 46.1108 -45.0133 
vt 46.1108 -45.0151 
vt 46.1154 -45.0133 
vt 46.1154 -45.0151 
vt 46.1201 -45.0151 
vt 46.1201 -45.0133 
vt 45.8846 -44.9493 
vt 45.8911 -44.9558 
vt 45.878 -44.9558 
vt 45.8846 -44.9624 
vt 45.8799 -44.9605 
vt 46.0616 -45.02 
vt 46.0569 -45.0088 
vt 46.0569 -45.0181 
vt 46.055 -45.0135 
vt 46.0681 -45.0135 
vt 46.0662 -45.0181 
vt 46.0662 -45.0088 
vt 46.0616 -45.0069 
vt 45.9208 -45.02 
vt 45.9162 -45.0088 
vt 45.9162 -45.0181 
vt 45.9143 -45.0135 
vt 45.9274 -45.0135 
vt 45.9255 -45.0181 
vt 45.9255 -45.0088 
vt 45.9208 -45.0069 
vt 45.8786 -45.0341 
vt 45.8832 -45.0322 
vt 45.874 -45.0322 
vt 45.8786 -45.021 
vt 45.872 -45.0276 
vt 45.874 -45.0229 
vt 45.8852 -45.0276 
vt 45.8832 -45.0229 
vt 46.1214 -45.0341 
vt 46.126 -45.0322 
vt 46.1168 -45.0322 
vt 46.128 -45.0276 
vt 46.1214 -45.021 
vt 46.126 -45.0229 
vt 46.1168 -45.0229 
vt 46.1148 -45.0276 
vt 45.8892 -44.9512 
vt 45.878 -44.9558 
vt 45.8846 -44.9624 
vt 45.8799 -44.9605 
vt 45.8799 -44.9512 
vt 45.8846 -44.9493 
vt 45.8892 -44.9605 
vt 45.8911 -44.9558 

usemtl Meshpart3Mtl

f 750/750/750 752/752/752 751/751/751 
f 753/753/753 751/751/751 752/752/752 
f 752/752/752 754/754/754 753/753/753 
f 755/755/755 753/753/753 754/754/754 
f 757/757/757 756/756/756 758/758/758 
f 758/758/758 759/759/759 757/757/757 
f 759/759/759 758/758/758 760/760/760 
f 760/760/760 761/761/761 759/759/759 
f 765/765/765 767/767/767 768/768/768 
f 768/768/768 767/767/767 769/769/769 
f 768/768/768 769/769/769 770/770/770 
f 770/770/770 771/771/771 768/768/768 
f 772/772/772 773/773/773 775/775/775 
f 775/775/775 777/777/777 772/772/772 
f 777/777/777 775/775/775 779/779/779 
f 779/779/779 778/778/778 777/777/777 
f 782/782/782 783/783/783 784/784/784 
f 784/784/784 785/785/785 782/782/782 
f 785/785/785 784/784/784 786/786/786 
f 786/786/786 787/787/787 785/785/785 
f 790/790/790 788/788/788 789/789/789 
f 790/790/790 789/789/789 791/791/791 
f 792/792/792 790/790/790 791/791/791 
f 792/792/792 791/791/791 793/793/793 
f 794/794/794 795/795/795 796/796/796 
f 797/797/797 796/796/796 795/795/795 
f 795/795/795 798/798/798 797/797/797 
f 799/799/799 797/797/797 798/798/798 
f 800/800/800 801/801/801 802/802/802 
f 801/801/801 800/800/800 803/803/803 
f 802/802/802 804/804/804 800/800/800 
f 803/803/803 805/805/805 801/801/801 
f 806/806/806 807/807/807 808/808/808 
f 807/807/807 806/806/806 809/809/809 
f 808/808/808 810/810/810 806/806/806 
f 809/809/809 806/806/806 811/811/811 
f 814/814/814 813/813/813 815/815/815 
f 815/815/815 813/813/813 817/817/817 
f 815/815/815 817/817/817 818/818/818 
f 818/818/818 817/817/817 819/819/819 
f 821/821/821 822/822/822 823/823/823 
f 821/821/821 824/824/824 822/822/822 
f 823/823/823 825/825/825 821/821/821 
f 824/824/824 821/821/821 826/826/826 
f 828/828/828 829/829/829 830/830/830 
f 828/828/828 830/830/830 831/831/831 
f 832/832/832 833/833/833 834/834/834 
f 832/832/832 834/834/834 835/835/835 
f 836/836/836 832/832/832 835/835/835 
f 836/836/836 835/835/835 837/837/837 
f 847/847/847 848/848/848 849/849/849 
f 848/848/848 847/847/847 850/850/850 
f 849/849/849 851/851/851 847/847/847 
f 851/851/851 849/849/849 852/852/852 
f 847/847/847 851/851/851 853/853/853 
f 847/847/847 853/853/853 854/854/854 
f 855/855/855 856/856/856 857/857/857 
f 856/856/856 855/855/855 858/858/858 
f 856/856/856 859/859/859 857/857/857 
f 857/857/857 859/859/859 860/860/860 
f 859/859/859 856/856/856 861/861/861 
f 861/861/861 856/856/856 862/862/862 
f 863/863/863 864/864/864 865/865/865 
f 864/864/864 863/863/863 866/866/866 
f 867/867/867 866/866/866 863/863/863 
f 866/866/866 867/867/867 868/868/868 
f 864/864/864 866/866/866 869/869/869 
f 869/869/869 866/866/866 870/870/870 
f 871/871/871 872/872/872 873/873/873 
f 872/872/872 871/871/871 874/874/874 
f 875/875/875 874/874/874 871/871/871 
f 874/874/874 875/875/875 876/876/876 
f 872/872/872 874/874/874 877/877/877 
f 877/877/877 874/874/874 878/878/878 
f 879/879/879 880/880/880 881/881/881 
f 879/879/879 881/881/881 882/882/882 
f 880/880/880 883/883/883 881/881/881 
f 883/883/883 880/880/880 884/884/884 
f 880/880/880 879/879/879 885/885/885 
f 880/880/880 885/885/885 886/886/886 
f 888/888/888 889/889/889 887/887/887 
f 890/890/890 887/887/887 889/889/889 
f 889/889/889 891/891/891 890/890/890 
f 892/892/892 890/890/890 891/891/891 
f 894/894/894 893/893/893 895/895/895 
f 895/895/895 896/896/896 894/894/894 
f 896/896/896 895/895/895 897/897/897 
f 897/897/897 898/898/898 896/896/896 
f 903/903/903 902/902/902 904/904/904 
f 904/904/904 905/905/905 903/903/903 
f 905/905/905 904/904/904 906/906/906 
f 906/906/906 907/907/907 905/905/905 
f 909/909/909 910/910/910 911/911/911 
f 911/911/911 912/912/912 909/909/909 
f 912/912/912 911/911/911 913/913/913 
f 913/913/913 914/914/914 912/912/912 
f 920/920/920 919/919/919 921/921/921 
f 921/921/921 922/922/922 920/920/920 
f 922/922/922 921/921/921 923/923/923 
f 923/923/923 924/924/924 922/922/922 
f 926/926/926 928/928/928 927/927/927 
f 926/926/926 929/929/929 928/928/928 
f 929/929/929 930/930/930 928/928/928 
f 929/929/929 931/931/931 930/930/930 
f 932/932/932 934/934/934 933/933/933 
f 936/936/936 933/933/933 934/934/934 
f 934/934/934 937/937/937 936/936/936 
f 935/935/935 936/936/936 937/937/937 
f 940/940/940 938/938/938 942/942/942 
f 941/941/941 939/939/939 943/943/943 
f 942/942/942 943/943/943 940/940/940 
f 943/943/943 942/942/942 941/941/941 
f 948/948/948 946/946/946 950/950/950 
f 949/949/949 947/947/947 951/951/951 
f 950/950/950 951/951/951 948/948/948 
f 951/951/951 950/950/950 949/949/949 
f 955/955/955 954/954/954 957/957/957 
f 957/957/957 958/958/958 955/955/955 
f 958/958/958 957/957/957 959/959/959 
f 959/959/959 960/960/960 958/958/958 
f 963/963/963 961/961/961 965/965/965 
f 964/964/964 962/962/962 966/966/966 
f 965/965/965 966/966/966 963/963/963 
f 966/966/966 965/965/965 964/964/964 
f 968/968/968 969/969/969 967/967/967 
f 968/968/968 970/970/970 969/969/969 
f 970/970/970 972/972/972 969/969/969 
f 970/970/970 971/971/971 972/972/972 
f 978/978/978 979/979/979 980/980/980 
f 980/980/980 979/979/979 981/981/981 
f 978/978/978 982/982/982 979/979/979 
f 982/982/982 978/978/978 983/983/983 
f 984/984/984 979/979/979 982/982/982 
f 979/979/979 984/984/984 985/985/985 
f 986/986/986 987/987/987 988/988/988 
f 988/988/988 987/987/987 989/989/989 
f 986/986/986 990/990/990 987/987/987 
f 990/990/990 986/986/986 991/991/991 
f 992/992/992 987/987/987 990/990/990 
f 987/987/987 992/992/992 993/993/993 
f 994/994/994 995/995/995 996/996/996 
f 997/997/997 996/996/996 995/995/995 
f 996/996/996 997/997/997 998/998/998 
f 998/998/998 997/997/997 999/999/999 
f 997/997/997 995/995/995 1000/1000/1000 
f 997/997/997 1000/1000/1000 1001/1001/1001 
f 1002/1002/1002 1003/1003/1003 1004/1004/1004 
f 1005/1005/1005 1004/1004/1004 1003/1003/1003 
f 1004/1004/1004 1005/1005/1005 1006/1006/1006 
f 1006/1006/1006 1005/1005/1005 1007/1007/1007 
f 1004/1004/1004 1006/1006/1006 1008/1008/1008 
f 1004/1004/1004 1008/1008/1008 1009/1009/1009 
f 1010/1010/1010 1011/1011/1011 1012/1012/1012 
f 1012/1012/1012 1011/1011/1011 1013/1013/1013 
f 1011/1011/1011 1010/1010/1010 1014/1014/1014 
f 1014/1014/1014 1010/1010/1010 1015/1015/1015 
f 1010/1010/1010 1012/1012/1012 1016/1016/1016 
f 1010/1010/1010 1016/1016/1016 1017/1017/1017 

g Meshpart4

v -490.204 6.18751 -1.57916 
v -490.169 6.19953 -1.57327 
v -490.203 6.18577 -1.58499 
v -490.169 6.19953 -1.58506 
v -490.219 6.15271 -1.57916 
v -490.169 6.19361 -1.58728 
v -490.199 6.18163 -1.58728 
v -490.17 6.18791 -1.58484 
v -490.216 6.15271 -1.58499 
v -490.195 6.17764 -1.58479 
v -490.193 6.17604 -1.57916 
v -490.17 6.18554 -1.57916 
v -490.21 6.15271 -1.58728 
v -490.205 6.15271 -1.58479 
v -490.203 6.15271 -1.57916 
v -490.193 6.12938 -1.57916 
v -490.195 6.12778 -1.58479 
v -490.199 6.12379 -1.58728 
v -490.17 6.11751 -1.58484 
v -490.17 6.11988 -1.57916 
v -490.169 6.11181 -1.58728 
v -490.203 6.11965 -1.58499 
v -490.169 6.10589 -1.58506 
v -490.203 6.18577 -1.57333 
v -490.169 6.20209 -1.57916 
v -490.204 6.18751 -1.57916 
v -490.169 6.19953 -1.57327 
v -490.203 6.18577 -1.58499 
v -490.169 6.19953 -1.58506 
v -490.17 6.18791 -1.58484 
v -490.193 6.12938 -1.57916 
v -490.195 6.12778 -1.58479 
v -490.199 6.12379 -1.58728 
v -490.17 6.11751 -1.58484 
v -490.17 6.11988 -1.57916 
v -490.17 6.11751 -1.57348 
v -490.169 6.10589 -1.58506 
v -490.199 6.12379 -1.57104 
v -490.195 6.12778 -1.57354 
v -490.199 6.18163 -1.57104 
v -490.195 6.17764 -1.57354 
v -490.199 6.18163 -1.58728 
v -490.195 6.17764 -1.58479 
v -490.193 6.17604 -1.57916 
v -490.21 6.15271 -1.58728 
v -490.205 6.15271 -1.58479 
v -490.203 6.15271 -1.57916 
v -490.205 6.15271 -1.57354 
v -490.193 6.12938 -1.57916 
v -490.195 6.12778 -1.58479 
v -490.199 6.12379 -1.58728 
v -490.199 6.12379 -1.57104 
v -490.21 6.15271 -1.57104 
v -490.195 6.12778 -1.57354 
v -490.203 6.18577 -1.57333 
v -490.204 6.18751 -1.57916 
v -490.169 6.19953 -1.57327 
v -490.169 6.19361 -1.57104 
v -490.219 6.15271 -1.57916 
v -490.199 6.18163 -1.57104 
v -490.17 6.18791 -1.57348 
v -490.216 6.15271 -1.57333 
v -490.195 6.17764 -1.57354 
v -490.193 6.17604 -1.57916 
v -490.17 6.18554 -1.57916 
v -490.203 6.15271 -1.57916 
v -490.205 6.15271 -1.57354 
v -490.193 6.12938 -1.57916 
v -490.17 6.11988 -1.57916 
v -490.17 6.11751 -1.57348 
v -490.169 6.10589 -1.58506 
v -490.204 6.11791 -1.57916 
v -490.203 6.11965 -1.57333 
v -490.169 6.10589 -1.57327 
v -490.169 6.11181 -1.57104 
v -490.199 6.12379 -1.57104 
v -490.21 6.15271 -1.57104 
v -490.195 6.12778 -1.57354 
v -490.169 6.19953 -1.57327 
v -490.199 6.18163 -1.57104 
v -490.17 6.18791 -1.57348 
v -490.195 6.17764 -1.57354 
v -490.199 6.18163 -1.58728 
v -490.17 6.18791 -1.58484 
v -490.195 6.17764 -1.58479 
v -490.193 6.17604 -1.57916 
v -490.17 6.18554 -1.57916 
v -490.17 6.11751 -1.57348 
v -490.203 6.11965 -1.58499 
v -490.169 6.10589 -1.58506 
v -490.169 6.10333 -1.57916 
v -490.204 6.11791 -1.57916 
v -490.203 6.11965 -1.57333 
v -490.169 6.10589 -1.57327 
v -490.203 6.18577 -1.57333 
v -490.204 6.18751 -1.57916 
v -490.203 6.18577 -1.58499 
v -490.219 6.15271 -1.57916 
v -490.216 6.15271 -1.57333 
v -490.216 6.15271 -1.58499 
v -490.203 6.11965 -1.58499 
v -490.204 6.11791 -1.57916 
v -490.203 6.11965 -1.57333 

vn -0.708661 0.708661 0 
vn -0.299213 0.716535 0.629921 
vn -0.519685 0.527559 -0.669291 
vn -0.299213 0.716535 -0.629921 
vn -1 0 0 
vn -0.0393701 0.102362 -0.992126 
vn -0.0551181 0.0551181 -1 
vn 0.267717 -0.629921 -0.724409 
vn -0.740157 0 -0.669291 
vn 0.472441 -0.472441 -0.740157 
vn 0.708661 -0.700787 0 
vn 0.385827 -0.92126 0 
vn -0.0708661 0 -1 
vn 0.669291 0 -0.748031 
vn 1 0 0 
vn 0.708661 0.708661 0 
vn 0.472441 0.472441 -0.740157 
vn -0.0551181 -0.0551181 -1 
vn 0.267717 0.629921 -0.732283 
vn 0.385827 0.92126 0 
vn -0.0393701 -0.102362 -0.992126 
vn -0.519685 -0.527559 -0.669291 
vn -0.299213 -0.716535 -0.629921 
vn -0.519685 0.527559 0.669291 
vn -0.377953 0.929134 0 
vn -0.708661 0.708661 0 
vn -0.299213 0.716535 0.629921 
vn -0.519685 0.527559 -0.669291 
vn -0.299213 0.716535 -0.629921 
vn 0.267717 -0.629921 -0.724409 
vn 0.708661 0.708661 0 
vn 0.472441 0.472441 -0.740157 
vn -0.0551181 -0.0551181 -1 
vn 0.267717 0.629921 -0.732283 
vn 0.385827 0.92126 0 
vn 0.267717 0.629921 0.732283 
vn -0.299213 -0.716535 -0.629921 
vn -0.0551181 -0.0551181 1 
vn 0.472441 0.472441 0.740157 
vn -0.0551181 0.0551181 1 
vn 0.472441 -0.472441 0.740157 
vn -0.0551181 0.0551181 -1 
vn 0.472441 -0.472441 -0.740157 
vn 0.708661 -0.700787 0 
vn -0.0708661 0 -1 
vn 0.669291 0 -0.748031 
vn 1 0 0 
vn 0.669291 0 0.748031 
vn 0.708661 0.708661 0 
vn 0.472441 0.472441 -0.740157 
vn -0.0551181 -0.0551181 -1 
vn -0.0551181 -0.0551181 1 
vn -0.0708661 0 1 
vn 0.472441 0.472441 0.740157 
vn -0.519685 0.527559 0.669291 
vn -0.708661 0.708661 0 
vn -0.299213 0.716535 0.629921 
vn -0.0393701 0.102362 0.992126 
vn -1 0 0 
vn -0.0551181 0.0551181 1 
vn 0.267717 -0.629921 0.732283 
vn -0.740157 0 0.669291 
vn 0.472441 -0.472441 0.740157 
vn 0.708661 -0.700787 0 
vn 0.385827 -0.92126 0 
vn 1 0 0 
vn 0.669291 0 0.748031 
vn 0.708661 0.708661 0 
vn 0.385827 0.92126 0 
vn 0.267717 0.629921 0.732283 
vn -0.299213 -0.716535 -0.629921 
vn -0.708661 -0.708661 0 
vn -0.519685 -0.527559 0.669291 
vn -0.299213 -0.716535 0.629921 
vn -0.0393701 -0.102362 0.992126 
vn -0.0551181 -0.0551181 1 
vn -0.0708661 0 1 
vn 0.472441 0.472441 0.740157 
vn -0.299213 0.716535 0.629921 
vn -0.0551181 0.0551181 1 
vn 0.267717 -0.629921 0.732283 
vn 0.472441 -0.472441 0.740157 
vn -0.0551181 0.0551181 -1 
vn 0.267717 -0.629921 -0.724409 
vn 0.472441 -0.472441 -0.740157 
vn 0.708661 -0.700787 0 
vn 0.385827 -0.92126 0 
vn 0.267717 0.629921 0.732283 
vn -0.519685 -0.527559 -0.669291 
vn -0.299213 -0.716535 -0.629921 
vn -0.377953 -0.929134 0 
vn -0.708661 -0.708661 0 
vn -0.519685 -0.527559 0.669291 
vn -0.299213 -0.716535 0.629921 
vn -0.519685 0.527559 0.669291 
vn -0.708661 0.708661 0 
vn -0.519685 0.527559 -0.669291 
vn -1 0 0 
vn -0.740157 0 0.669291 
vn -0.740157 0 -0.669291 
vn -0.519685 -0.527559 -0.669291 
vn -0.708661 -0.708661 0 
vn -0.519685 -0.527559 0.669291 

vt 24.0013 1.00435 
vt 23.9969 1.00585 
vt 24.0011 1.00413 
vt 23.9969 1.00585 
vt 24.0031 1 
vt 23.997 1.00511 
vt 24.0006 1.00362 
vt 23.997 1.0044 
vt 24.0028 1 
vt 24.0001 1.00312 
vt 23.9999 1.00292 
vt 23.9971 1.0041 
vt 24.0021 1 
vt 24.0014 1 
vt 24.0011 1 
vt 23.9999 0.997083 
vt 24.0001 0.996884 
vt 24.0006 0.996385 
vt 23.997 0.9956 
vt 23.9971 0.995896 
vt 23.997 0.994887 
vt 24.0011 0.995868 
vt 23.9969 0.994147 
vt 24.0007 0.998892 
vt 24 1.00313 
vt 24 0.998674 
vt 24.0007 1.0031 
vt 23.9993 0.998892 
vt 23.9993 1.0031 
vt 23.9993 1.00295 
vt 24 1.00011 
vt 23.9993 0.999908 
vt 23.999 0.999409 
vt 23.9993 1.00295 
vt 24 1.00292 
vt 24.0007 1.00295 
vt 23.9993 1.0031 
vt 24.001 0.999409 
vt 24.0007 0.999908 
vt 23.999 1.00362 
vt 23.9993 1.00312 
vt 24.001 1.00362 
vt 24.0007 1.00312 
vt 24 1.00292 
vt 24.001 1 
vt 24.0007 1 
vt 24 1 
vt 23.9993 1 
vt 24 0.997083 
vt 24.0007 0.996884 
vt 24.001 0.996385 
vt 23.999 0.996385 
vt 23.999 1 
vt 23.9993 0.996884 
vt 23.9989 1.00413 
vt 23.9987 1.00435 
vt 24.0031 1.00585 
vt 24.003 1.00511 
vt 23.9969 1 
vt 23.9994 1.00362 
vt 24.003 1.0044 
vt 23.9972 1 
vt 23.9999 1.00312 
vt 24.0001 1.00292 
vt 24.0029 1.0041 
vt 23.9989 1 
vt 23.9986 1 
vt 24.0001 0.997083 
vt 24.0029 0.995896 
vt 24.003 0.9956 
vt 24.0031 0.994147 
vt 23.9987 0.99565 
vt 23.9989 0.995868 
vt 24.0031 0.994147 
vt 24.003 0.994887 
vt 23.9994 0.996385 
vt 23.9979 1 
vt 23.9999 0.996884 
vt 23.9993 1.0031 
vt 23.999 0.999409 
vt 23.9993 1.00295 
vt 23.9993 0.999908 
vt 24.001 0.999409 
vt 24.0007 1.00295 
vt 24.0007 0.999908 
vt 24 1.00011 
vt 24 1.00292 
vt 23.9993 1.00295 
vt 24.0007 0.998892 
vt 24.0007 1.0031 
vt 24 1.00313 
vt 24 0.998674 
vt 23.9993 0.998892 
vt 23.9993 1.0031 
vt 24.0007 1.00413 
vt 24 1.00435 
vt 23.9993 1.00413 
vt 24 1 
vt 24.0007 1 
vt 23.9993 1 
vt 23.9993 0.995868 
vt 24 0.99565 
vt 24.0007 0.995868 

usemtl Meshpart3Mtl

f 1023/1023/1023 1020/1020/1020 1021/1021/1021 
f 1020/1020/1020 1023/1023/1023 1024/1024/1024 
f 1025/1025/1025 1024/1024/1024 1023/1023/1023 
f 1026/1026/1026 1020/1020/1020 1024/1024/1024 
f 1024/1024/1024 1025/1025/1025 1027/1027/1027 
f 1030/1030/1030 1024/1024/1024 1027/1027/1027 
f 1026/1026/1026 1024/1024/1024 1030/1030/1030 
f 1030/1030/1030 1027/1027/1027 1031/1031/1031 
f 1034/1034/1034 1030/1030/1030 1031/1031/1031 
f 1035/1035/1035 1026/1026/1026 1030/1030/1030 
f 1030/1030/1030 1034/1034/1034 1035/1035/1035 
f 1036/1036/1036 1035/1035/1035 1034/1034/1034 
f 1035/1035/1035 1036/1036/1036 1038/1038/1038 
f 1026/1026/1026 1035/1035/1035 1039/1039/1039 
f 1038/1038/1038 1039/1039/1039 1035/1035/1035 
f 1039/1039/1039 1038/1038/1038 1040/1040/1040 
f 1041/1041/1041 1042/1042/1042 1043/1043/1043 
f 1042/1042/1042 1041/1041/1041 1044/1044/1044 
f 1042/1042/1042 1045/1045/1045 1043/1043/1043 
f 1045/1045/1045 1042/1042/1042 1046/1046/1046 
f 1051/1051/1051 1049/1049/1049 1048/1048/1048 
f 1048/1048/1048 1052/1052/1052 1051/1051/1051 
f 1048/1048/1048 1053/1053/1053 1052/1052/1052 
f 1053/1053/1053 1048/1048/1048 1056/1056/1056 
f 1061/1061/1061 1063/1063/1063 1060/1060/1060 
f 1063/1063/1063 1061/1061/1061 1064/1064/1064 
f 1065/1065/1065 1061/1061/1061 1058/1058/1058 
f 1061/1061/1061 1065/1065/1065 1064/1064/1064 
f 1066/1066/1066 1063/1063/1063 1064/1064/1064 
f 1065/1065/1065 1066/1066/1066 1064/1064/1064 
f 1063/1063/1063 1066/1066/1066 1067/1067/1067 
f 1066/1066/1066 1065/1065/1065 1071/1071/1071 
f 1072/1072/1072 1075/1075/1075 1074/1074/1074 
f 1075/1075/1075 1072/1072/1072 1077/1077/1077 
f 1077/1077/1077 1078/1078/1078 1075/1075/1075 
f 1079/1079/1079 1077/1077/1077 1072/1072/1072 
f 1078/1078/1078 1077/1077/1077 1080/1080/1080 
f 1090/1090/1090 1091/1091/1091 1092/1092/1092 
f 1090/1090/1090 1092/1092/1092 1093/1093/1093 
f 1093/1093/1093 1079/1079/1079 1090/1090/1090 
f 1093/1093/1093 1092/1092/1092 1087/1087/1087 
f 1079/1079/1079 1093/1093/1093 1094/1094/1094 
f 1077/1077/1077 1079/1079/1079 1094/1094/1094 
f 1094/1094/1094 1080/1080/1080 1077/1077/1077 
f 1080/1080/1080 1094/1094/1094 1084/1084/1084 
f 1095/1095/1095 1094/1094/1094 1093/1093/1093 
f 1093/1093/1093 1087/1087/1087 1095/1095/1095 
f 1094/1094/1094 1095/1095/1095 1084/1084/1084 
f 1103/1103/1103 1098/1098/1098 1099/1099/1099 
f 1101/1101/1101 1103/1103/1103 1102/1102/1102 
f 1098/1098/1098 1103/1103/1103 1104/1104/1104 
f 1103/1103/1103 1101/1101/1101 1104/1104/1104 
f 1106/1106/1106 1107/1107/1107 1108/1108/1108 
f 1108/1108/1108 1109/1109/1109 1106/1106/1106 
f 1108/1108/1108 1110/1110/1110 1109/1109/1109 
f 1110/1110/1110 1108/1108/1108 1111/1111/1111 
f 1115/1115/1115 1112/1112/1112 1113/1113/1113 
f 1115/1115/1115 1113/1113/1113 1114/1114/1114 
f 1112/1112/1112 1115/1115/1115 1116/1116/1116 
f 1114/1114/1114 1117/1117/1117 1115/1115/1115 
f 1118/1118/1118 1115/1115/1115 1117/1117/1117 
f 1115/1115/1115 1118/1118/1118 1119/1119/1119 
f 1115/1115/1115 1119/1119/1119 1120/1120/1120 
f 1120/1120/1120 1116/1116/1116 1115/1115/1115 

g Meshpart5

v -490.142 6.20031 -1.62676 
v -490.142 6.10511 -1.62676 
v -490.123 6.20313 -1.62958 
v -490.123 6.10229 -1.62958 
v -490.123 6.15271 -1.65047 
v -490.142 6.15271 -1.64648 
v -490.142 6.20031 -1.53156 
v -490.123 6.20313 -1.52874 
v -490.123 6.22402 -1.57916 
v -490.142 6.22003 -1.57916 
v -490.142 6.20031 -1.62676 
v -490.123 6.20313 -1.62958 
v -490.142 6.20031 -1.53156 
v -490.142 6.15271 -1.51184 
v -490.123 6.15271 -1.50785 
v -490.142 6.10511 -1.53156 
v -490.123 6.20313 -1.52874 
v -490.123 6.10229 -1.52874 
v -490.142 6.10511 -1.53156 
v -490.123 6.10229 -1.52874 
v -490.123 6.0814 -1.57916 
v -490.142 6.08539 -1.57916 
v -490.142 6.10511 -1.62676 
v -490.123 6.10229 -1.62958 

vn -0.19685 0.692913 -0.692913 
vn -0.19685 -0.692913 -0.692913 
vn -0.19685 0.692913 -0.692913 
vn -0.19685 -0.692913 -0.692913 
vn -0.19685 0 -0.976378 
vn -0.19685 0 -0.976378 
vn -0.19685 0.692913 0.692913 
vn -0.19685 0.692913 0.692913 
vn -0.19685 0.976378 0 
vn -0.19685 0.976378 0 
vn -0.19685 0.692913 -0.692913 
vn -0.19685 0.692913 -0.692913 
vn -0.19685 0.692913 0.692913 
vn -0.19685 0 0.976378 
vn -0.19685 0 0.976378 
vn -0.19685 -0.692913 0.692913 
vn -0.19685 0.692913 0.692913 
vn -0.19685 -0.692913 0.692913 
vn -0.19685 -0.692913 0.692913 
vn -0.19685 -0.692913 0.692913 
vn -0.19685 -0.976378 0 
vn -0.19685 -0.976378 0 
vn -0.19685 -0.692913 -0.692913 
vn -0.19685 -0.692913 -0.692913 

vt 10.0012 -32.994 
vt 10.0012 -33.006 
vt 9.99878 -32.9937 
vt 9.99878 -33.0063 
vt 9.99878 -33 
vt 10.0012 -33 
vt 10.0059 -33.0012 
vt 10.0063 -32.9988 
vt 10 -32.9988 
vt 10 -33.0012 
vt 9.99405 -33.0012 
vt 9.9937 -32.9988 
vt 9.99878 -32.994 
vt 9.99878 -33 
vt 10.0012 -33 
vt 9.99878 -33.006 
vt 10.0012 -32.9937 
vt 10.0012 -33.0063 
vt 9.99405 -33.0012 
vt 9.9937 -32.9988 
vt 10 -32.9988 
vt 10 -33.0012 
vt 10.0059 -33.0012 
vt 10.0063 -32.9988 

usemtl Meshpart3Mtl

f 1125/1125/1125 1121/1121/1121 1123/1123/1123 
f 1122/1122/1122 1125/1125/1125 1124/1124/1124 
f 1121/1121/1121 1125/1125/1125 1126/1126/1126 
f 1122/1122/1122 1126/1126/1126 1125/1125/1125 
f 1129/1129/1129 1127/1127/1127 1128/1128/1128 
f 1127/1127/1127 1129/1129/1129 1130/1130/1130 
f 1131/1131/1131 1130/1130/1130 1129/1129/1129 
f 1131/1131/1131 1129/1129/1129 1132/1132/1132 
f 1133/1133/1133 1134/1134/1134 1135/1135/1135 
f 1136/1136/1136 1135/1135/1135 1134/1134/1134 
f 1133/1133/1133 1135/1135/1135 1137/1137/1137 
f 1135/1135/1135 1136/1136/1136 1138/1138/1138 
f 1139/1139/1139 1141/1141/1141 1140/1140/1140 
f 1139/1139/1139 1142/1142/1142 1141/1141/1141 
f 1143/1143/1143 1141/1141/1141 1142/1142/1142 
f 1141/1141/1141 1143/1143/1143 1144/1144/1144 

g Meshpart6

v -490.172 6.11561 -1.61626 
v -490.172 6.15271 -1.63163 
v -490.142 6.15271 -1.64648 
v -490.172 6.18981 -1.61626 
v -490.142 6.10511 -1.62676 
v -490.142 6.20031 -1.62676 
v -490.123 6.20313 -1.62958 
v -490.067 6.20874 -1.63519 
v -490.067 6.15271 -1.65839 
v -490.123 6.15271 -1.65047 
v -490.123 6.10229 -1.62958 
v -490.067 6.09668 -1.63519 
v -490.172 6.18981 -1.61626 
v -490.142 6.20031 -1.62676 
v -490.142 6.22003 -1.57916 
v -490.172 6.20518 -1.57916 
v -490.172 6.18981 -1.54206 
v -490.142 6.20031 -1.53156 
v -490.123 6.20313 -1.52874 
v -490.067 6.23194 -1.57916 
v -490.123 6.22402 -1.57916 
v -490.123 6.20313 -1.62958 
v -490.067 6.20874 -1.52314 
v -490.067 6.20874 -1.63519 
v -490.172 6.11561 -1.54206 
v -490.172 6.18981 -1.54206 
v -490.142 6.10511 -1.53156 
v -490.142 6.20031 -1.53156 
v -490.142 6.15271 -1.51184 
v -490.172 6.15271 -1.52669 
v -490.123 6.20313 -1.52874 
v -490.067 6.20874 -1.52314 
v -490.067 6.15271 -1.49993 
v -490.123 6.15271 -1.50785 
v -490.123 6.10229 -1.52874 
v -490.067 6.09668 -1.52314 
v -490.172 6.11561 -1.61626 
v -490.142 6.10511 -1.62676 
v -490.142 6.08539 -1.57916 
v -490.172 6.10024 -1.57916 
v -490.172 6.11561 -1.54206 
v -490.142 6.10511 -1.53156 
v -490.123 6.10229 -1.52874 
v -490.123 6.10229 -1.62958 
v -490.067 6.09668 -1.52314 
v -490.067 6.09668 -1.63519 
v -490.067 6.07348 -1.57916 
v -490.123 6.0814 -1.57916 
v -490.172 6.11561 -1.61626 
v -490.172 6.18981 -1.54206 
v -490.172 6.18981 -1.61626 
v -490.172 6.20518 -1.57916 
v -490.172 6.15271 -1.63163 
v -490.172 6.11561 -1.54206 
v -490.172 6.15271 -1.52669 
v -490.172 6.10024 -1.57916 

vn -0.440945 -0.629921 -0.629921 
vn -0.440945 0 -0.897638 
vn -0.440945 0 -0.897638 
vn -0.440945 0.629921 -0.629921 
vn -0.440945 -0.629921 -0.629921 
vn -0.440945 0.629921 -0.629921 
vn -0.141732 0.700787 -0.700787 
vn -0.141732 0.700787 -0.700787 
vn -0.141732 0 -0.992126 
vn -0.141732 0 -0.992126 
vn -0.141732 -0.700787 -0.700787 
vn -0.141732 -0.700787 -0.700787 
vn -0.440945 0.629921 -0.629921 
vn -0.440945 0.629921 -0.629921 
vn -0.440945 0.897638 0 
vn -0.440945 0.897638 0 
vn -0.440945 0.629921 0.629921 
vn -0.440945 0.629921 0.629921 
vn -0.141732 0.700787 0.700787 
vn -0.141732 0.992126 0 
vn -0.141732 0.992126 0 
vn -0.141732 0.700787 -0.700787 
vn -0.141732 0.700787 0.700787 
vn -0.141732 0.700787 -0.700787 
vn -0.440945 -0.629921 0.629921 
vn -0.440945 0.629921 0.629921 
vn -0.440945 -0.629921 0.629921 
vn -0.440945 0.629921 0.629921 
vn -0.440945 0 0.897638 
vn -0.440945 0 0.897638 
vn -0.141732 0.700787 0.700787 
vn -0.141732 0.700787 0.700787 
vn -0.141732 0 0.992126 
vn -0.141732 0 0.992126 
vn -0.141732 -0.700787 0.700787 
vn -0.141732 -0.700787 0.700787 
vn -0.440945 -0.629921 -0.629921 
vn -0.440945 -0.629921 -0.629921 
vn -0.440945 -0.897638 0 
vn -0.440945 -0.897638 0 
vn -0.440945 -0.629921 0.629921 
vn -0.440945 -0.629921 0.629921 
vn -0.141732 -0.700787 0.700787 
vn -0.141732 -0.700787 -0.700787 
vn -0.141732 -0.700787 0.700787 
vn -0.141732 -0.700787 -0.700787 
vn -0.141732 -0.992126 0 
vn -0.141732 -0.992126 0 
vn -1 0 0 
vn -1 0 0 
vn -1 0 0 
vn -1 0 0 
vn -1 0 0 
vn -1 0 0 
vn -1 0 0 
vn -1 0 0 

vt 2.00655 -39.0046 
vt 2.00655 -39 
vt 2.00281 -39 
vt 2.00655 -38.9954 
vt 2.00281 -39.006 
vt 2.00281 -38.994 
vt 2.00038 -38.9937 
vt 1.99345 -38.993 
vt 1.99345 -39 
vt 2.00038 -39 
vt 2.00038 -39.0063 
vt 1.99345 -39.007 
vt 1.99536 -39.0066 
vt 1.99405 -39.0028 
vt 2 -39.0028 
vt 2 -39.0066 
vt 2.00464 -39.0066 
vt 2.00595 -39.0028 
vt 2.0063 -39.0004 
vt 2 -38.9934 
vt 2 -39.0004 
vt 1.9937 -39.0004 
vt 2.007 -38.9934 
vt 1.993 -38.9934 
vt 1.99345 -39.0046 
vt 1.99345 -38.9954 
vt 1.99719 -39.006 
vt 1.99719 -38.994 
vt 1.99719 -39 
vt 1.99345 -39 
vt 1.99962 -38.9937 
vt 2.00655 -38.993 
vt 2.00655 -39 
vt 1.99962 -39 
vt 1.99962 -39.0063 
vt 2.00655 -39.007 
vt 2.00464 -39.0066 
vt 2.00595 -39.0028 
vt 2 -39.0028 
vt 2 -39.0066 
vt 1.99536 -39.0066 
vt 1.99405 -39.0028 
vt 1.9937 -39.0004 
vt 2.0063 -39.0004 
vt 1.993 -38.9934 
vt 2.007 -38.9934 
vt 2 -38.9934 
vt 2 -39.0004 
vt 1.99536 -39.0046 
vt 2.00464 -38.9954 
vt 1.99536 -38.9954 
vt 2 -38.9934 
vt 1.99344 -39 
vt 2.00464 -39.0046 
vt 2.00656 -39 
vt 2 -39.0066 

usemtl Meshpart6Mtl

f 1145/1145/1145 1146/1146/1146 1147/1147/1147 
f 1148/1148/1148 1147/1147/1147 1146/1146/1146 
f 1147/1147/1147 1149/1149/1149 1145/1145/1145 
f 1147/1147/1147 1148/1148/1148 1150/1150/1150 
f 1153/1153/1153 1151/1151/1151 1152/1152/1152 
f 1151/1151/1151 1153/1153/1153 1154/1154/1154 
f 1153/1153/1153 1155/1155/1155 1154/1154/1154 
f 1155/1155/1155 1153/1153/1153 1156/1156/1156 
f 1159/1159/1159 1158/1158/1158 1157/1157/1157 
f 1157/1157/1157 1160/1160/1160 1159/1159/1159 
f 1161/1161/1161 1159/1159/1159 1160/1160/1160 
f 1159/1159/1159 1161/1161/1161 1162/1162/1162 
f 1163/1163/1163 1164/1164/1164 1165/1165/1165 
f 1164/1164/1164 1166/1166/1166 1165/1165/1165 
f 1164/1164/1164 1163/1163/1163 1167/1167/1167 
f 1166/1166/1166 1164/1164/1164 1168/1168/1168 
f 1173/1173/1173 1169/1169/1169 1171/1171/1171 
f 1173/1173/1173 1172/1172/1172 1170/1170/1170 
f 1169/1169/1169 1173/1173/1173 1174/1174/1174 
f 1170/1170/1170 1174/1174/1174 1173/1173/1173 
f 1175/1175/1175 1177/1177/1177 1176/1176/1176 
f 1177/1177/1177 1175/1175/1175 1178/1178/1178 
f 1179/1179/1179 1177/1177/1177 1178/1178/1178 
f 1177/1177/1177 1179/1179/1179 1180/1180/1180 
f 1183/1183/1183 1181/1181/1181 1182/1182/1182 
f 1181/1181/1181 1183/1183/1183 1184/1184/1184 
f 1185/1185/1185 1184/1184/1184 1183/1183/1183 
f 1183/1183/1183 1186/1186/1186 1185/1185/1185 
f 1187/1187/1187 1191/1191/1191 1189/1189/1189 
f 1191/1191/1191 1188/1188/1188 1190/1190/1190 
f 1191/1191/1191 1187/1187/1187 1192/1192/1192 
f 1188/1188/1188 1191/1191/1191 1192/1192/1192 
f 1193/1193/1193 1194/1194/1194 1195/1195/1195 
f 1195/1195/1195 1194/1194/1194 1196/1196/1196 
f 1193/1193/1193 1195/1195/1195 1197/1197/1197 
f 1193/1193/1193 1198/1198/1198 1194/1194/1194 
f 1194/1194/1194 1198/1198/1198 1199/1199/1199 
f 1198/1198/1198 1193/1193/1193 1200/1200/1200 

g Meshpart7

v -489.822 4.24564 -0.156664 
v -489.822 5.60534 -0.156664 
v -490.037 5.60534 -0.156664 
v -490.037 4.24564 -0.156664 
v -489.81 4.19778 -0.133846 
v -490.049 4.19778 -0.133844 
v -490.049 4.10486 -0.133844 
v -489.81 4.10486 -0.133846 
v -489.822 5.60534 -0.156664 
v -489.822 5.60534 -0.562698 
v -490.037 5.60534 -0.562698 
v -490.037 5.60534 -0.156664 
v -490.037 5.60534 -0.562698 
v -490.037 4.24564 -0.562698 
v -490.037 4.24564 -0.156664 
v -490.037 5.60534 -0.156664 
v -490.049 4.19778 -0.585516 
v -490.049 4.19778 -0.133844 
v -490.049 4.10486 -0.585516 
v -490.049 4.10486 -0.133844 
v -489.822 5.60534 -0.562698 
v -489.822 4.24564 -0.562698 
v -490.037 4.24564 -0.562698 
v -490.037 5.60534 -0.562698 
v -489.81 4.19778 -0.585516 
v -490.049 4.19778 -0.585516 
v -489.81 4.10486 -0.585516 
v -490.049 4.10486 -0.585516 
v -489.81 4.10486 -0.133846 
v -490.049 4.10486 -0.585516 
v -489.81 4.10486 -0.585516 
v -490.049 4.10486 -0.133844 
v -489.822 5.60534 -0.156664 
v -489.822 4.24564 -0.562698 
v -489.822 5.60534 -0.562698 
v -489.822 4.24564 -0.156664 
v -489.81 4.19778 -0.133846 
v -489.81 4.19778 -0.585516 
v -489.81 4.10486 -0.133846 
v -489.81 4.10486 -0.585516 

vn 0 0.23622 0.968504 
vn 0 0 1 
vn 0 0 1 
vn 0 0.23622 0.968504 
vn 0 0.204724 0.976378 
vn 0 0.204724 0.976378 
vn 0 0 1 
vn 0 0 1 
vn 0 1 0 
vn 0 1 0 
vn 0 1 0 
vn 0 1 0 
vn -1 0 0 
vn -0.992126 0.141732 0 
vn -0.992126 0.141732 0 
vn -1 0 0 
vn -0.992126 0.102362 0 
vn -0.992126 0.102362 0 
vn -1 0 0 
vn -1 0 0 
vn 0 0 -1 
vn 0 0.23622 -0.968504 
vn 0 0.23622 -0.968504 
vn 0 0 -1 
vn 0 0.204724 -0.976378 
vn 0 0.204724 -0.976378 
vn 0 0 -1 
vn 0 0 -1 
vn 0 -1 0 
vn 0 -1 0 
vn 0 -1 0 
vn 0 -1 0 
vn 1 0 0 
vn 0.992126 0.141732 0 
vn 1 0 0 
vn 0.992126 0.141732 0 
vn 0.992126 0.102362 0 
vn 0.992126 0.102362 0 
vn 1 0 0 
vn 1 0 0 

vt 0.0134015 -33.0762 
vt 0.0134015 -32.9062 
vt -0.0134012 -32.9062 
vt -0.0134012 -33.0762 
vt 0.0149077 -33.0822 
vt -0.0149075 -33.0822 
vt -0.0149075 -33.0938 
vt 0.0149077 -33.0938 
vt -0.025377 -33.0134 
vt 0.0253772 -33.0134 
vt 0.0253772 -32.9866 
vt -0.025377 -32.9866 
vt -0.0253772 -32.9062 
vt -0.0253772 -33.0762 
vt 0.025377 -33.0762 
vt 0.025377 -32.9062 
vt -0.0282295 -33.0822 
vt 0.0282295 -33.0822 
vt -0.0282295 -33.0938 
vt 0.0282295 -33.0938 
vt -0.0134015 -32.9062 
vt -0.0134015 -33.0762 
vt 0.0134012 -33.0762 
vt 0.0134012 -32.9062 
vt -0.0149077 -33.0822 
vt 0.0149077 -33.0822 
vt -0.0149077 -33.0938 
vt 0.0149077 -33.0938 
vt 0.0282293 -33.0149 
vt -0.0282295 -32.9851 
vt -0.0282295 -33.0149 
vt 0.0282295 -32.9851 
vt -0.025377 -32.9062 
vt 0.0253772 -33.0762 
vt 0.0253772 -32.9062 
vt -0.025377 -33.0762 
vt -0.0282293 -33.0822 
vt 0.0282295 -33.0822 
vt -0.0282293 -33.0938 
vt 0.0282295 -33.0938 

usemtl Meshpart1Mtl

f 1201/1201/1201 1202/1202/1202 1203/1203/1203 
f 1201/1201/1201 1203/1203/1203 1204/1204/1204 
f 1204/1204/1204 1205/1205/1205 1201/1201/1201 
f 1205/1205/1205 1204/1204/1204 1206/1206/1206 
f 1205/1205/1205 1206/1206/1206 1207/1207/1207 
f 1207/1207/1207 1208/1208/1208 1205/1205/1205 
f 1209/1209/1209 1210/1210/1210 1211/1211/1211 
f 1209/1209/1209 1211/1211/1211 1212/1212/1212 
f 1213/1213/1213 1214/1214/1214 1215/1215/1215 
f 1215/1215/1215 1216/1216/1216 1213/1213/1213 
f 1217/1217/1217 1215/1215/1215 1214/1214/1214 
f 1217/1217/1217 1218/1218/1218 1215/1215/1215 
f 1219/1219/1219 1218/1218/1218 1217/1217/1217 
f 1219/1219/1219 1220/1220/1220 1218/1218/1218 
f 1221/1221/1221 1222/1222/1222 1223/1223/1223 
f 1221/1221/1221 1223/1223/1223 1224/1224/1224 
f 1225/1225/1225 1223/1223/1223 1222/1222/1222 
f 1223/1223/1223 1225/1225/1225 1226/1226/1226 
f 1227/1227/1227 1226/1226/1226 1225/1225/1225 
f 1226/1226/1226 1227/1227/1227 1228/1228/1228 
f 1229/1229/1229 1230/1230/1230 1231/1231/1231 
f 1230/1230/1230 1229/1229/1229 1232/1232/1232 
f 1233/1233/1233 1234/1234/1234 1235/1235/1235 
f 1234/1234/1234 1233/1233/1233 1236/1236/1236 
f 1234/1234/1234 1236/1236/1236 1237/1237/1237 
f 1234/1234/1234 1237/1237/1237 1238/1238/1238 
f 1238/1238/1238 1237/1237/1237 1239/1239/1239 
f 1238/1238/1238 1239/1239/1239 1240/1240/1240 

