# This file is brought to you by Roblox Corporation
# Generated by Roblox Studio

mtllib Katana.mtl

g Meshpart1

v -369.931 5.95816 -0.0725061 
v -369.931 6.59174 -0.0725061 
v -369.983 6.59174 -0.0725061 
v -369.983 5.95816 -0.0725061 
v -369.879 5.95816 -0.0725061 
v -369.879 6.59174 -0.0725061 
v -369.879 7.36669 -0.0597501 
v -369.931 7.36669 -0.0597501 
v -369.983 7.36669 -0.0597501 
v -369.879 7.8553 -0.0363661 
v -369.931 7.8553 -0.0363661 
v -369.983 7.8553 -0.0363661 
v -369.879 8.43105 0.00614993 
v -369.931 8.43105 0.00614993 
v -369.983 8.43105 0.00614993 
v -369.879 8.95041 0.0699259 
v -369.931 8.95041 0.0699259 
v -369.983 8.95041 0.0699259 
v -369.879 9.37923 0.12945 
v -369.931 9.37923 0.12945 
v -369.983 9.37923 0.12945 
v -369.879 9.84906 0.23149 
v -369.931 9.84906 0.23149 
v -369.983 9.84906 0.23149 
v -369.879 10.3906 0.348412 
v -369.931 10.3906 0.348412 
v -369.931 10.3906 0.348412 
v -369.879 11.3644 0.624772 
v -369.931 11.4697 0.657196 
v -369.983 10.3906 0.348412 
v -369.983 11.3644 0.624772 
v -369.931 11.4697 0.657196 
v -369.931 5.95816 -0.0725061 
v -369.931 6.59174 -0.0725061 
v -369.931 7.36669 -0.0597501 
v -369.931 7.8553 -0.0363661 
v -369.931 8.43105 0.00614993 
v -369.931 8.95041 0.0699259 
v -369.931 9.37923 0.12945 
v -369.931 9.84906 0.23149 
v -369.931 10.3906 0.348412 
v -369.931 11.4697 0.657196 
v -369.931 6.49784 -0.390106 
v -369.931 5.94607 -0.390106 
v -369.931 7.30513 -0.390106 
v -369.931 7.81413 -0.366722 
v -369.931 8.4139 -0.319954 
v -369.931 8.95494 -0.256178 
v -369.931 9.40165 -0.181774 
v -369.931 9.89108 -0.0946141 
v -369.931 11.2205 0.228516 
v -369.983 6.59174 -0.275846 
v -369.931 7.30513 -0.390106 
v -369.931 6.49784 -0.390106 
v -369.983 5.95816 -0.275846 
v -369.931 5.94607 -0.390106 
v -369.983 7.36669 -0.275846 
v -369.931 7.81413 -0.366722 
v -369.983 7.8553 -0.252462 
v -369.931 8.4139 -0.319954 
v -369.983 8.43105 -0.205694 
v -369.931 8.95494 -0.256178 
v -369.983 8.95041 -0.141918 
v -369.931 9.40165 -0.181774 
v -369.983 9.37923 -0.0675141 
v -369.983 9.84906 0.0196459 
v -369.931 9.89108 -0.0946141 
v -369.983 10.3906 0.136568 
v -369.931 10.4553 0.0223079 
v -369.983 11.1253 0.342774 
v -369.931 11.2205 0.228516 
v -369.983 11.3644 0.624772 
v -369.931 11.4697 0.657196 
v -369.983 6.59174 -0.275846 
v -369.983 5.95816 -0.275846 
v -369.983 5.95816 -0.0725061 
v -369.983 6.59174 -0.0725061 
v -369.983 7.36669 -0.275846 
v -369.983 7.36669 -0.0597501 
v -369.983 7.8553 -0.252462 
v -369.983 7.8553 -0.0363661 
v -369.983 8.43105 -0.205694 
v -369.983 8.43105 0.00614993 
v -369.983 8.95041 -0.141918 
v -369.983 8.95041 0.0699259 
v -369.983 9.37923 -0.0675141 
v -369.983 9.37923 0.12945 
v -369.983 9.84906 0.0196459 
v -369.983 9.84906 0.23149 
v -369.983 10.3906 0.136568 
v -369.983 10.3906 0.348412 
v -369.983 11.1253 0.342774 
v -369.983 11.3644 0.624772 
v -369.931 5.95816 -0.0725061 
v -369.931 6.59174 -0.0725061 
v -369.931 7.36669 -0.0597501 
v -369.931 7.8553 -0.0363661 
v -369.931 8.43105 0.00614993 
v -369.931 8.95041 0.0699259 
v -369.931 9.37923 0.12945 
v -369.931 9.84906 0.23149 
v -369.931 10.3906 0.348412 
v -369.931 11.4697 0.657196 
v -369.931 6.49784 -0.390106 
v -369.879 5.95816 -0.275846 
v -369.931 5.94607 -0.390106 
v -369.879 6.59174 -0.275846 
v -369.931 7.30513 -0.390106 
v -369.879 7.36669 -0.275846 
v -369.931 7.81413 -0.366722 
v -369.879 7.8553 -0.252462 
v -369.931 8.4139 -0.319954 
v -369.879 8.43105 -0.205694 
v -369.931 8.95494 -0.256178 
v -369.879 8.95041 -0.141918 
v -369.931 9.40165 -0.181774 
v -369.879 9.37923 -0.0675141 
v -369.879 9.84906 0.0196459 
v -369.931 9.89108 -0.0946141 
v -369.879 10.3906 0.136568 
v -369.931 10.4553 0.0223079 
v -369.879 11.1253 0.342774 
v -369.931 11.2205 0.228516 
v -369.879 11.3644 0.624772 
v -369.931 11.4697 0.657196 
v -369.879 6.59174 -0.0725061 
v -369.879 5.95816 -0.275846 
v -369.879 6.59174 -0.275846 
v -369.879 5.95816 -0.0725061 
v -369.879 7.36669 -0.275846 
v -369.879 7.36669 -0.0597501 
v -369.879 7.8553 -0.252462 
v -369.879 7.8553 -0.0363661 
v -369.879 8.43105 -0.205694 
v -369.879 8.43105 0.00614993 
v -369.879 8.95041 -0.141918 
v -369.879 8.95041 0.0699259 
v -369.879 9.37923 -0.0675141 
v -369.879 9.37923 0.12945 
v -369.879 9.84906 0.0196459 
v -369.879 9.84906 0.23149 
v -369.879 10.3906 0.136568 
v -369.879 10.3906 0.348412 
v -369.879 11.1253 0.342774 
v -369.879 11.3644 0.624772 

vn 0 0 1 
vn 0 -0.00787402 1 
vn 0 -0.00787402 1 
vn 0 0 1 
vn 0 0 1 
vn 0 -0.00787402 1 
vn 0 -0.0314961 1 
vn 0 -0.0314961 1 
vn 0 -0.0314961 1 
vn 0 -0.0629921 1 
vn 0 -0.0629921 1 
vn 0 -0.0629921 1 
vn 0 -0.0944882 0.992126 
vn 0 -0.0944882 0.992126 
vn 0 -0.0944882 0.992126 
vn 0 -0.125984 0.992126 
vn 0 -0.125984 0.992126 
vn 0 -0.125984 0.992126 
vn 0 -0.173228 0.984252 
vn 0 -0.173228 0.984252 
vn 0 -0.173228 0.984252 
vn 0 -0.212598 0.976378 
vn 0 -0.212598 0.976378 
vn 0 -0.212598 0.976378 
vn 0.00787402 -0.244094 0.968504 
vn -0.00787402 -0.244094 0.968504 
vn 0.00787402 -0.244094 0.968504 
vn 0.023622 -0.275591 0.96063 
vn 0.023622 -0.275591 0.96063 
vn -0.00787402 -0.244094 0.968504 
vn -0.023622 -0.275591 0.96063 
vn -0.023622 -0.275591 0.96063 
vn 0 0 1 
vn 0 -0.00787402 1 
vn 0 -0.0314961 1 
vn 0 -0.0629921 1 
vn 0 -0.0944882 0.992126 
vn 0 -0.125984 0.992126 
vn 0 -0.173228 0.984252 
vn 0 -0.212598 0.976378 
vn -0.00787402 -0.244094 0.968504 
vn 0.023622 -0.275591 0.96063 
vn 0.905512 0 -0.417323 
vn 0.905512 0 -0.417323 
vn 0.905512 0.00787402 -0.417323 
vn 0.905512 0.023622 -0.425197 
vn 0.905512 0.0393701 -0.417323 
vn 0.905512 0.0629921 -0.409449 
vn 0.913386 0.0708661 -0.401575 
vn 0.92126 0.0787402 -0.385827 
vn 0.92126 0.23622 -0.307087 
vn -0.905512 0 -0.417323 
vn -0.905512 0.00787402 -0.417323 
vn -0.905512 0 -0.417323 
vn -0.905512 0 -0.417323 
vn -0.905512 0 -0.417323 
vn -0.905512 0.015748 -0.417323 
vn -0.905512 0.023622 -0.425197 
vn -0.905512 0.0314961 -0.425197 
vn -0.905512 0.0393701 -0.417323 
vn -0.905512 0.0472441 -0.417323 
vn -0.905512 0.0629921 -0.409449 
vn -0.905512 0.0629921 -0.409449 
vn -0.913386 0.0708661 -0.401575 
vn -0.913386 0.0708661 -0.401575 
vn -0.913386 0.0787402 -0.393701 
vn -0.92126 0.0787402 -0.385827 
vn -0.92126 0.0866142 -0.370079 
vn -0.929134 0.0866142 -0.370079 
vn -0.92126 0.228346 -0.307087 
vn -0.92126 0.23622 -0.307087 
vn -0.897638 0.362205 -0.251969 
vn -0.897638 0.362205 -0.251969 
vn -1 0 0 
vn -1 0 0 
vn -1 0 0 
vn -1 0 0 
vn -1 0 0 
vn -1 0 0 
vn -1 0 0 
vn -1 0 0 
vn -1 0 0 
vn -1 0 0 
vn -1 0 0 
vn -1 0 0 
vn -1 0 0 
vn -1 0 0 
vn -1 0 0 
vn -1 0 0 
vn -1 0 0 
vn -1 0 0 
vn -1 0 0 
vn -1 0 0 
vn 0 0 1 
vn 0 -0.00787402 1 
vn 0 -0.0314961 1 
vn 0 -0.0629921 1 
vn 0 -0.0944882 0.992126 
vn 0 -0.125984 0.992126 
vn 0 -0.173228 0.984252 
vn 0 -0.212598 0.976378 
vn -0.00787402 -0.244094 0.968504 
vn 0.023622 -0.275591 0.96063 
vn 0.905512 0 -0.417323 
vn 0.905512 0 -0.417323 
vn 0.905512 0 -0.417323 
vn 0.905512 0 -0.417323 
vn 0.905512 0.00787402 -0.417323 
vn 0.905512 0.015748 -0.417323 
vn 0.905512 0.023622 -0.425197 
vn 0.905512 0.0314961 -0.425197 
vn 0.905512 0.0393701 -0.417323 
vn 0.905512 0.0472441 -0.417323 
vn 0.905512 0.0629921 -0.409449 
vn 0.905512 0.0629921 -0.409449 
vn 0.913386 0.0708661 -0.401575 
vn 0.913386 0.0708661 -0.401575 
vn 0.913386 0.0787402 -0.393701 
vn 0.92126 0.0787402 -0.385827 
vn 0.92126 0.0866142 -0.370079 
vn 0.929134 0.0866142 -0.370079 
vn 0.92126 0.228346 -0.307087 
vn 0.92126 0.23622 -0.307087 
vn 0.897638 0.362205 -0.251969 
vn 0.897638 0.362205 -0.251969 
vn 1 0 0 
vn 1 0 0 
vn 1 0 0 
vn 1 0 0 
vn 1 0 0 
vn 1 0 0 
vn 1 0 0 
vn 1 0 0 
vn 1 0 0 
vn 1 0 0 
vn 1 0 0 
vn 1 0 0 
vn 1 0 0 
vn 1 0 0 
vn 1 0 0 
vn 1 0 0 
vn 1 0 0 
vn 1 0 0 
vn 1 0 0 
vn 1 0 0 

vt 40 -55.3437 
vt 40 -55.2645 
vt 39.9935 -55.2645 
vt 39.9935 -55.3437 
vt 40.0065 -55.3437 
vt 40.0065 -55.2645 
vt 40.0065 -55.1676 
vt 40 -55.1676 
vt 39.9935 -55.1676 
vt 40.0065 -55.1066 
vt 40 -55.1066 
vt 39.9935 -55.1066 
vt 40.0065 -55.0346 
vt 40 -55.0346 
vt 39.9935 -55.0346 
vt 40.0065 -54.9697 
vt 40 -54.9697 
vt 39.9935 -54.9697 
vt 40.0065 -54.9161 
vt 40 -54.9161 
vt 39.9935 -54.9161 
vt 40.0065 -54.8574 
vt 40 -54.8574 
vt 39.9935 -54.8574 
vt 40.0065 -54.7897 
vt 40 -54.7897 
vt 40 -54.7897 
vt 40.0065 -54.6679 
vt 40 -54.6548 
vt 39.9935 -54.7897 
vt 39.9935 -54.6679 
vt 40 -54.6548 
vt 39.9742 -55.3437 
vt 39.9742 -55.2645 
vt 39.9758 -55.1676 
vt 39.9788 -55.1066 
vt 39.9841 -55.0346 
vt 39.992 -54.9697 
vt 39.9995 -54.9161 
vt 40.0122 -54.8574 
vt 40.0269 -54.7897 
vt 40.0655 -54.6548 
vt 39.9345 -55.2763 
vt 39.9345 -55.3452 
vt 39.9345 -55.1753 
vt 39.9375 -55.1117 
vt 39.9433 -55.0367 
vt 39.9513 -54.9691 
vt 39.9606 -54.9133 
vt 39.9715 -54.8521 
vt 40.0119 -54.6859 
vt 39.9488 -55.2645 
vt 39.9345 -55.1753 
vt 39.9345 -55.2763 
vt 39.9488 -55.3437 
vt 39.9345 -55.3452 
vt 39.9488 -55.1676 
vt 39.9375 -55.1117 
vt 39.9517 -55.1066 
vt 39.9433 -55.0367 
vt 39.9576 -55.0346 
vt 39.9513 -54.9691 
vt 39.9656 -54.9697 
vt 39.9606 -54.9133 
vt 39.9749 -54.9161 
vt 39.9858 -54.8574 
vt 39.9715 -54.8521 
vt 40.0004 -54.7897 
vt 39.9861 -54.7816 
vt 40.0262 -54.6978 
vt 40.0119 -54.6859 
vt 40.0614 -54.6679 
vt 40.0655 -54.6548 
vt 39.9488 -55.2645 
vt 39.9488 -55.3437 
vt 39.9742 -55.3437 
vt 39.9742 -55.2645 
vt 39.9488 -55.1676 
vt 39.9758 -55.1676 
vt 39.9517 -55.1066 
vt 39.9788 -55.1066 
vt 39.9576 -55.0346 
vt 39.9841 -55.0346 
vt 39.9656 -54.9697 
vt 39.992 -54.9697 
vt 39.9749 -54.9161 
vt 39.9995 -54.9161 
vt 39.9858 -54.8574 
vt 40.0122 -54.8574 
vt 40.0004 -54.7897 
vt 40.0269 -54.7897 
vt 40.0262 -54.6978 
vt 40.0614 -54.6679 
vt 40.0258 -55.3437 
vt 40.0258 -55.2645 
vt 40.0242 -55.1676 
vt 40.0212 -55.1066 
vt 40.0159 -55.0346 
vt 40.008 -54.9697 
vt 40.0005 -54.9161 
vt 39.9878 -54.8574 
vt 39.9731 -54.7897 
vt 39.9345 -54.6548 
vt 40.0655 -55.2763 
vt 40.0512 -55.3437 
vt 40.0655 -55.3452 
vt 40.0512 -55.2645 
vt 40.0655 -55.1753 
vt 40.0512 -55.1676 
vt 40.0625 -55.1117 
vt 40.0483 -55.1066 
vt 40.0567 -55.0367 
vt 40.0424 -55.0346 
vt 40.0487 -54.9691 
vt 40.0344 -54.9697 
vt 40.0394 -54.9133 
vt 40.0251 -54.9161 
vt 40.0142 -54.8574 
vt 40.0285 -54.8521 
vt 39.9996 -54.7897 
vt 40.0139 -54.7816 
vt 39.9738 -54.6978 
vt 39.9881 -54.6859 
vt 39.9386 -54.6679 
vt 39.9345 -54.6548 
vt 40.0258 -55.2645 
vt 40.0512 -55.3437 
vt 40.0512 -55.2645 
vt 40.0258 -55.3437 
vt 40.0512 -55.1676 
vt 40.0242 -55.1676 
vt 40.0483 -55.1066 
vt 40.0212 -55.1066 
vt 40.0424 -55.0346 
vt 40.0159 -55.0346 
vt 40.0344 -54.9697 
vt 40.008 -54.9697 
vt 40.0251 -54.9161 
vt 40.0005 -54.9161 
vt 40.0142 -54.8574 
vt 39.9878 -54.8574 
vt 39.9996 -54.7897 
vt 39.9731 -54.7897 
vt 39.9738 -54.6978 
vt 39.9386 -54.6679 

usemtl Meshpart1Mtl

f 1/1/1 2/2/2 3/3/3 
f 1/1/1 3/3/3 4/4/4 
f 5/5/5 2/2/2 1/1/1 
f 5/5/5 6/6/6 2/2/2 
f 7/7/7 2/2/2 6/6/6 
f 8/8/8 3/3/3 2/2/2 
f 2/2/2 7/7/7 8/8/8 
f 3/3/3 8/8/8 9/9/9 
f 10/10/10 8/8/8 7/7/7 
f 11/11/11 9/9/9 8/8/8 
f 8/8/8 10/10/10 11/11/11 
f 9/9/9 11/11/11 12/12/12 
f 13/13/13 11/11/11 10/10/10 
f 14/14/14 12/12/12 11/11/11 
f 11/11/11 13/13/13 14/14/14 
f 12/12/12 14/14/14 15/15/15 
f 16/16/16 14/14/14 13/13/13 
f 17/17/17 15/15/15 14/14/14 
f 14/14/14 16/16/16 17/17/17 
f 15/15/15 17/17/17 18/18/18 
f 19/19/19 17/17/17 16/16/16 
f 20/20/20 18/18/18 17/17/17 
f 17/17/17 19/19/19 20/20/20 
f 18/18/18 20/20/20 21/21/21 
f 22/22/22 20/20/20 19/19/19 
f 23/23/23 21/21/21 20/20/20 
f 20/20/20 22/22/22 23/23/23 
f 21/21/21 23/23/23 24/24/24 
f 25/25/25 23/23/23 22/22/22 
f 26/26/26 24/24/24 23/23/23 
f 23/23/23 25/25/25 27/27/27 
f 28/28/28 27/27/27 25/25/25 
f 29/29/29 27/27/27 28/28/28 
f 24/24/24 26/26/26 30/30/30 
f 26/26/26 31/31/31 30/30/30 
f 31/31/31 26/26/26 32/32/32 
f 52/52/52 53/53/53 54/54/54 
f 55/55/55 52/52/52 54/54/54 
f 54/54/54 56/56/56 55/55/55 
f 53/53/53 52/52/52 57/57/57 
f 57/57/57 58/58/58 53/53/53 
f 58/58/58 57/57/57 59/59/59 
f 59/59/59 60/60/60 58/58/58 
f 60/60/60 59/59/59 61/61/61 
f 61/61/61 62/62/62 60/60/60 
f 62/62/62 61/61/61 63/63/63 
f 63/63/63 64/64/64 62/62/62 
f 64/64/64 63/63/63 65/65/65 
f 65/65/65 66/66/66 64/64/64 
f 67/67/67 64/64/64 66/66/66 
f 66/66/66 68/68/68 67/67/67 
f 69/69/69 67/67/67 68/68/68 
f 68/68/68 70/70/70 69/69/69 
f 71/71/71 69/69/69 70/70/70 
f 72/72/72 71/71/71 70/70/70 
f 71/71/71 72/72/72 73/73/73 
f 74/74/74 75/75/75 76/76/76 
f 76/76/76 77/77/77 74/74/74 
f 77/77/77 78/78/78 74/74/74 
f 78/78/78 77/77/77 79/79/79 
f 79/79/79 80/80/80 78/78/78 
f 80/80/80 79/79/79 81/81/81 
f 81/81/81 82/82/82 80/80/80 
f 82/82/82 81/81/81 83/83/83 
f 83/83/83 84/84/84 82/82/82 
f 84/84/84 83/83/83 85/85/85 
f 85/85/85 86/86/86 84/84/84 
f 86/86/86 85/85/85 87/87/87 
f 87/87/87 88/88/88 86/86/86 
f 88/88/88 87/87/87 89/89/89 
f 89/89/89 90/90/90 88/88/88 
f 90/90/90 89/89/89 91/91/91 
f 91/91/91 92/92/92 90/90/90 
f 92/92/92 91/91/91 93/93/93 
f 104/104/104 105/105/105 106/106/106 
f 105/105/105 104/104/104 107/107/107 
f 108/108/108 107/107/107 104/104/104 
f 109/109/109 107/107/107 108/108/108 
f 110/110/110 109/109/109 108/108/108 
f 111/111/111 109/109/109 110/110/110 
f 111/111/111 110/110/110 112/112/112 
f 113/113/113 111/111/111 112/112/112 
f 113/113/113 112/112/112 114/114/114 
f 115/115/115 113/113/113 114/114/114 
f 115/115/115 114/114/114 116/116/116 
f 117/117/117 115/115/115 116/116/116 
f 116/116/116 118/118/118 117/117/117 
f 118/118/118 116/116/116 119/119/119 
f 119/119/119 120/120/120 118/118/118 
f 120/120/120 119/119/119 121/121/121 
f 121/121/121 122/122/122 120/120/120 
f 122/122/122 121/121/121 123/123/123 
f 124/124/124 122/122/122 123/123/123 
f 123/123/123 125/125/125 124/124/124 
f 126/126/126 127/127/127 128/128/128 
f 127/127/127 126/126/126 129/129/129 
f 130/130/130 126/126/126 128/128/128 
f 131/131/131 126/126/126 130/130/130 
f 132/132/132 131/131/131 130/130/130 
f 133/133/133 131/131/131 132/132/132 
f 134/134/134 133/133/133 132/132/132 
f 135/135/135 133/133/133 134/134/134 
f 135/135/135 134/134/134 136/136/136 
f 137/137/137 135/135/135 136/136/136 
f 137/137/137 136/136/136 138/138/138 
f 139/139/139 137/137/137 138/138/138 
f 139/139/139 138/138/138 140/140/140 
f 141/141/141 139/139/139 140/140/140 
f 141/141/141 140/140/140 142/142/142 
f 143/143/143 141/141/141 142/142/142 
f 143/143/143 142/142/142 144/144/144 
f 145/145/145 143/143/143 144/144/144 

g Meshpart2

v -370.017 4.8674 -0.205069 
v -369.975 4.87185 -0.100783 
v -369.975 4.95589 -0.208847 
v -369.975 4.77891 -0.201289 
v -369.975 4.86294 -0.309353 
v -370.017 4.61417 -0.186651 
v -369.975 4.61922 -0.082395 
v -369.975 4.70263 -0.190939 
v -369.975 4.5257 -0.182365 
v -369.975 4.60911 -0.290909 
v -369.975 5.03666 -0.217347 
v -370.017 5.12523 -0.217347 
v -369.975 5.12523 -0.321725 
v -369.975 5.2138 -0.217347 
v -369.975 5.12523 -0.112967 
v -369.975 5.29142 -0.225019 
v -370.017 5.37999 -0.225019 
v -369.975 5.37999 -0.329399 
v -369.975 5.46856 -0.225019 
v -369.975 5.37999 -0.120641 
v -369.975 5.54618 -0.226555 
v -370.017 5.63475 -0.226555 
v -369.975 5.63475 -0.330935 
v -369.975 5.72332 -0.226555 
v -369.975 5.63475 -0.122175 
v -369.846 4.8674 -0.205069 
v -369.888 4.95589 -0.208847 
v -369.888 4.87185 -0.100783 
v -369.888 4.86294 -0.309353 
v -369.888 4.77891 -0.201289 
v -369.846 4.61417 -0.186651 
v -369.888 4.70263 -0.190939 
v -369.888 4.61922 -0.082395 
v -369.888 4.60911 -0.290909 
v -369.888 4.5257 -0.182365 
v -369.888 5.03666 -0.217347 
v -369.888 5.12523 -0.321725 
v -369.846 5.12523 -0.217347 
v -369.888 5.2138 -0.217347 
v -369.888 5.12523 -0.112967 
v -369.888 5.29142 -0.225019 
v -369.888 5.37999 -0.329399 
v -369.846 5.37999 -0.225019 
v -369.888 5.46856 -0.225019 
v -369.888 5.37999 -0.120641 
v -369.888 5.54618 -0.226555 
v -369.888 5.63475 -0.330935 
v -369.846 5.63475 -0.226555 
v -369.888 5.72332 -0.226555 
v -369.888 5.63475 -0.122175 

vn -1 0 0 
vn -0.929134 0.015748 0.377953 
vn -0.897638 0.433071 -0.015748 
vn -0.897638 -0.433071 0.015748 
vn -0.929134 -0.015748 -0.377953 
vn -1 0 0 
vn -0.929134 0.015748 0.377953 
vn -0.897638 0.433071 -0.023622 
vn -0.897638 -0.433071 0.023622 
vn -0.929134 -0.015748 -0.377953 
vn -0.897638 -0.433071 0 
vn -1 0 0 
vn -0.929134 0 -0.377953 
vn -0.897638 0.433071 0 
vn -0.929134 0 0.377953 
vn -0.897638 -0.433071 0 
vn -1 0 0 
vn -0.929134 0 -0.377953 
vn -0.897638 0.433071 0 
vn -0.929134 0 0.377953 
vn -0.897638 -0.433071 0 
vn -1 0 0 
vn -0.929134 0 -0.377953 
vn -0.897638 0.433071 0 
vn -0.929134 0 0.377953 
vn 1 0 0 
vn 0.897638 0.433071 -0.015748 
vn 0.929134 0.015748 0.377953 
vn 0.929134 -0.015748 -0.377953 
vn 0.897638 -0.433071 0.015748 
vn 1 0 0 
vn 0.897638 0.433071 -0.023622 
vn 0.929134 0.015748 0.377953 
vn 0.929134 -0.015748 -0.377953 
vn 0.897638 -0.433071 0.023622 
vn 0.897638 -0.433071 0 
vn 0.929134 0 -0.377953 
vn 1 0 0 
vn 0.897638 0.433071 0 
vn 0.929134 0 0.377953 
vn 0.897638 -0.433071 0 
vn 0.929134 0 -0.377953 
vn 1 0 0 
vn 0.897638 0.433071 0 
vn 0.929134 0 0.377953 
vn 0.897638 -0.433071 0 
vn 0.929134 0 -0.377953 
vn 1 0 0 
vn 0.897638 0.433071 0 
vn 0.929134 0 0.377953 

vt 16.0002 -39.0321 
vt 16.0132 -39.0316 
vt 15.9997 -39.0211 
vt 16.0007 -39.0432 
vt 15.9872 -39.0327 
vt 16.0025 -39.0638 
vt 16.0155 -39.0632 
vt 16.002 -39.0527 
vt 16.003 -39.0749 
vt 15.9895 -39.0644 
vt 15.9987 -39.011 
vt 15.9987 -38.9999 
vt 15.9856 -38.9999 
vt 15.9987 -38.9888 
vt 16.0117 -38.9999 
vt 15.9977 -38.9791 
vt 15.9977 -38.9681 
vt 15.9847 -38.9681 
vt 15.9977 -38.957 
vt 16.0108 -38.9681 
vt 15.9975 -38.9473 
vt 15.9975 -38.9362 
vt 15.9845 -38.9362 
vt 15.9975 -38.9251 
vt 16.0106 -38.9362 
vt 15.9998 -39.0321 
vt 16.0003 -39.0211 
vt 15.9868 -39.0316 
vt 16.0128 -39.0327 
vt 15.9993 -39.0432 
vt 15.9975 -39.0638 
vt 15.998 -39.0527 
vt 15.9845 -39.0632 
vt 16.0105 -39.0644 
vt 15.997 -39.0749 
vt 16.0013 -39.011 
vt 16.0144 -38.9999 
vt 16.0013 -38.9999 
vt 16.0013 -38.9888 
vt 15.9883 -38.9999 
vt 16.0023 -38.9791 
vt 16.0153 -38.9681 
vt 16.0023 -38.9681 
vt 16.0023 -38.957 
vt 15.9892 -38.9681 
vt 16.0025 -38.9473 
vt 16.0155 -38.9362 
vt 16.0025 -38.9362 
vt 16.0025 -38.9251 
vt 15.9894 -38.9362 

usemtl Meshpart1Mtl

f 146/146/146 147/147/147 148/148/148 
f 147/147/147 146/146/146 149/149/149 
f 150/150/150 146/146/146 148/148/148 
f 149/149/149 146/146/146 150/150/150 
f 151/151/151 152/152/152 153/153/153 
f 152/152/152 151/151/151 154/154/154 
f 155/155/155 151/151/151 153/153/153 
f 154/154/154 151/151/151 155/155/155 
f 156/156/156 157/157/157 158/158/158 
f 158/158/158 157/157/157 159/159/159 
f 160/160/160 157/157/157 156/156/156 
f 157/157/157 160/160/160 159/159/159 
f 161/161/161 162/162/162 163/163/163 
f 163/163/163 162/162/162 164/164/164 
f 165/165/165 162/162/162 161/161/161 
f 162/162/162 165/165/165 164/164/164 
f 166/166/166 167/167/167 168/168/168 
f 168/168/168 167/167/167 169/169/169 
f 170/170/170 167/167/167 166/166/166 
f 167/167/167 170/170/170 169/169/169 
f 171/171/171 172/172/172 173/173/173 
f 174/174/174 172/172/172 171/171/171 
f 173/173/173 175/175/175 171/171/171 
f 175/175/175 174/174/174 171/171/171 
f 176/176/176 177/177/177 178/178/178 
f 179/179/179 177/177/177 176/176/176 
f 178/178/178 180/180/180 176/176/176 
f 180/180/180 179/179/179 176/176/176 
f 181/181/181 182/182/182 183/183/183 
f 182/182/182 184/184/184 183/183/183 
f 185/185/185 181/181/181 183/183/183 
f 183/183/183 184/184/184 185/185/185 
f 186/186/186 187/187/187 188/188/188 
f 187/187/187 189/189/189 188/188/188 
f 190/190/190 186/186/186 188/188/188 
f 188/188/188 189/189/189 190/190/190 
f 191/191/191 192/192/192 193/193/193 
f 192/192/192 194/194/194 193/193/193 
f 195/195/195 191/191/191 193/193/193 
f 193/193/193 194/194/194 195/195/195 

g Meshpart3

v -369.872 4.27191 -0.166212 
v -369.932 5.96394 -0.0736503 
v -370.059 5.96394 -0.0736503 
v -369.784 5.97375 -0.236572 
v -369.99 4.61954 -0.0849643 
v -369.855 4.64413 -0.11695 
v -369.855 4.89615 -0.13417 
v -369.976 5.00415 -0.0885703 
v -369.99 4.8635 -0.30677 
v -369.976 4.74816 -0.0710743 
v -369.932 4.749 -0.0517403 
v -369.932 5.00499 -0.0692363 
v -369.887 5.00415 -0.0885703 
v -370.021 4.74271 -0.196056 
v -369.976 4.37062 -0.0452923 
v -369.932 4.37146 -0.0259563 
v -369.961 4.27555 -0.0825903 
v -369.932 4.27611 -0.0696543 
v -370.021 4.36517 -0.170272 
v -369.902 4.27555 -0.0825903 
v -369.887 4.37062 -0.0452923 
v -369.873 4.8635 -0.30677 
v -369.99 5.38044 -0.326814 
v -369.874 5.38044 -0.326814 
v -369.873 4.61954 -0.0849643 
v -369.887 4.74816 -0.0710743 
v -369.843 4.74271 -0.196056 
v -369.855 5.10128 -0.144286 
v -370.021 5.71724 -0.231668 
v -369.976 5.91193 -0.111472 
v -369.988 5.6352 -0.124746 
v -369.976 5.51521 -0.101462 
v -369.932 5.51605 -0.0821283 
v -369.932 5.91193 -0.0921203 
v -369.887 5.91193 -0.111472 
v -369.887 5.51521 -0.101462 
v -369.875 5.6352 -0.124746 
v -369.855 5.66349 -0.158082 
v -369.855 5.91193 -0.164346 
v -369.932 5.50348 -0.370758 
v -369.843 5.50977 -0.226442 
v -369.887 5.25737 -0.0959383 
v -369.932 5.25822 -0.0766023 
v -369.855 5.25507 -0.14876 
v -369.843 5.25193 -0.220918 
v -369.873 5.12568 -0.115538 
v -369.873 5.12568 -0.31914 
v -369.976 5.25737 -0.0959383 
v -369.99 5.12568 -0.115538 
v -370.021 5.21006 -0.2197 
v -369.99 5.12568 -0.31914 
v -370.005 5.94585 0.0456177 
v -370.005 5.85961 0.0456177 
v -369.932 5.93295 0.0892737 
v -369.932 5.84672 0.0892737 
v -369.858 5.85961 0.0456177 
v -369.858 5.94585 0.0456177 
v -369.932 5.93295 0.0892737 
v -369.858 5.94585 0.0456177 
v -369.932 5.94585 0.0456177 
v -370.005 5.94585 0.0456177 
v -369.932 5.96394 -0.0736503 
v -369.804 5.96394 -0.0736503 
v -370.059 5.96394 -0.0736503 
v -369.932 5.97375 -0.236572 
v -369.784 5.97375 -0.236572 
v -370.079 5.97375 -0.236572 
v -369.804 5.96394 -0.399494 
v -370.059 5.96394 -0.399494 
v -369.932 5.96394 -0.399494 
v -369.858 5.94585 -0.518762 
v -370.005 5.94585 -0.518762 
v -369.932 5.94585 -0.518762 
v -369.932 5.93295 -0.562418 
v -369.99 4.61954 -0.0849643 
v -369.872 4.60969 -0.288326 
v -369.991 4.60969 -0.288326 
v -369.843 5.54882 -0.226548 
v -370.009 5.6081 -0.156686 
v -369.855 5.6081 -0.156686 
v -370.02 5.54882 -0.226548 
v -369.875 5.6352 -0.124746 
v -369.988 5.6352 -0.124746 
v -369.843 5.54882 -0.226548 
v -370.021 5.54958 -0.227446 
v -370.02 5.54882 -0.226548 
v -369.843 5.54958 -0.227446 
v -369.855 5.61222 -0.301258 
v -370.009 5.61222 -0.301258 
v -369.992 5.6352 -0.328348 
v -369.871 5.6352 -0.328348 
v -370.02 4.52834 -0.182464 
v -369.843 4.52834 -0.182464 
v -369.843 5.29672 -0.221878 
v -370.021 5.29672 -0.221878 
v -369.855 5.35691 -0.150942 
v -369.843 5.29406 -0.225012 
v -370.02 5.29406 -0.225012 
v -370.009 5.35691 -0.150942 
v -369.991 5.38044 -0.123212 
v -369.872 5.38044 -0.123212 
v -369.855 5.35372 -0.295324 
v -370.009 5.35372 -0.295324 
v -370.02 5.29406 -0.225012 
v -369.843 5.29406 -0.225012 
v -369.99 5.38044 -0.326814 
v -369.874 5.38044 -0.326814 
v -369.855 5.10128 -0.144286 
v -369.976 5.91193 -0.361672 
v -369.976 5.91193 -0.111472 
v -369.976 5.51521 -0.101462 
v -369.855 5.66349 -0.158082 
v -369.843 5.50977 -0.226442 
v -369.843 5.25193 -0.220918 
v -369.873 5.12568 -0.31914 
v -369.976 5.25737 -0.0959383 
v -369.99 5.12568 -0.115538 
v -369.99 5.12568 -0.31914 
v -369.873 5.12568 -0.115538 
v -370.009 5.10128 -0.144286 
v -369.99 5.12568 -0.115538 
v -369.855 5.10128 -0.144286 
v -369.843 5.04145 -0.214794 
v -370.021 5.04145 -0.214794 
v -370.02 5.0393 -0.21734 
v -369.843 5.0393 -0.21734 
v -369.873 5.12568 -0.31914 
v -369.99 5.12568 -0.31914 
v -369.855 5.09989 -0.288744 
v -370.009 5.09989 -0.288744 
v -369.843 5.0393 -0.21734 
v -370.02 5.0393 -0.21734 
v -369.872 4.87219 -0.103354 
v -370.009 4.84681 -0.130798 
v -369.991 4.87219 -0.103354 
v -369.855 4.84681 -0.130798 
v -369.843 4.78386 -0.198868 
v -370.021 4.78386 -0.198868 
v -370.02 4.78154 -0.201376 
v -369.843 4.78154 -0.201376 
v -369.873 4.8635 -0.30677 
v -369.99 4.8635 -0.30677 
v -369.855 4.83879 -0.274994 
v -370.009 4.83879 -0.274994 
v -369.843 4.78154 -0.201376 
v -370.02 4.78154 -0.201376 
v -369.873 4.61954 -0.0849643 
v -370.009 4.59289 -0.113452 
v -369.99 4.61954 -0.0849643 
v -369.855 4.59289 -0.113452 
v -369.843 4.52926 -0.181478 
v -370.021 4.52926 -0.181478 
v -370.02 4.52834 -0.182464 
v -369.843 4.52834 -0.182464 
v -369.872 4.60969 -0.288326 
v -369.991 4.60969 -0.288326 
v -369.855 4.58618 -0.257738 
v -370.009 4.58618 -0.257738 
v -369.843 4.52834 -0.182464 
v -370.02 4.52834 -0.182464 
v -369.991 4.27191 -0.166212 
v -369.932 4.27611 -0.0696543 
v -369.872 4.27191 -0.166212 
v -369.932 5.94585 0.0456177 
v -369.932 5.96394 -0.0736503 
v -370.059 5.96394 -0.0736503 
v -370.059 5.96394 -0.399494 
v -369.932 5.94585 -0.518762 
v -369.99 4.61954 -0.0849643 
v -369.991 4.60969 -0.288326 
v -369.992 5.6352 -0.328348 
v -370.009 4.89615 -0.13417 
v -370.021 5.04145 -0.214794 
v -370.009 5.00185 -0.141394 
v -370.009 5.10128 -0.144286 
v -370.02 4.95415 -0.208748 
v -370.009 4.89615 -0.13417 
v -369.932 4.99242 -0.357866 
v -369.976 4.73727 -0.321036 
v -369.976 4.99326 -0.338532 
v -369.976 5.00415 -0.0885703 
v -369.991 4.87219 -0.103354 
v -370.009 4.83879 -0.274994 
v -369.99 4.8635 -0.30677 
v -369.976 4.74816 -0.0710743 
v -370.009 4.84681 -0.130798 
v -370.009 4.73957 -0.268214 
v -370.02 4.78154 -0.201376 
v -370.021 4.74271 -0.196056 
v -370.021 4.78386 -0.198868 
v -370.021 4.69881 -0.193058 
v -370.009 4.63517 -0.261084 
v -370.02 4.7009 -0.190826 
v -369.991 4.60969 -0.288326 
v -370.009 4.74586 -0.123898 
v -370.009 4.64413 -0.11695 
v -369.99 4.61954 -0.0849643 
v -369.976 4.35973 -0.295254 
v -370.009 4.58618 -0.257738 
v -369.976 4.37062 -0.0452923 
v -370.009 4.59289 -0.113452 
v -369.932 4.37146 -0.0259563 
v -370.009 4.36832 -0.0981143 
v -370.021 4.52926 -0.181478 
v -369.961 4.27555 -0.0825903 
v -369.983 4.27401 -0.117932 
v -369.932 4.27611 -0.0696543 
v -370.021 4.36517 -0.170272 
v -369.991 4.27191 -0.166212 
v -370.02 4.52834 -0.182464 
v -369.983 4.2698 -0.21449 
v -370.009 4.36203 -0.24243 
v -369.961 4.26827 -0.249834 
v -369.932 4.35889 -0.314588 
v -369.932 4.2677 -0.26277 
v -369.932 4.73643 -0.340372 
v -369.873 4.8635 -0.30677 
v -369.99 5.38044 -0.326814 
v -369.874 5.38044 -0.326814 
v -369.843 4.74271 -0.196056 
v -370.009 5.91193 -0.308798 
v -370.009 5.65723 -0.30239 
v -370.021 5.71724 -0.231668 
v -370.021 5.91193 -0.236572 
v -369.976 5.91193 -0.361672 
v -370.02 5.72159 -0.226548 
v -370.009 5.91193 -0.164346 
v -370.009 5.66349 -0.158082 
v -369.992 5.6352 -0.328348 
v -369.976 5.91193 -0.111472 
v -369.988 5.6352 -0.124746 
v -369.976 5.50432 -0.351424 
v -370.009 5.61222 -0.301258 
v -369.932 5.91193 -0.381024 
v -369.976 5.51521 -0.101462 
v -370.009 5.6081 -0.156686 
v -369.932 5.51605 -0.0821283 
v -369.932 5.91193 -0.0921203 
v -369.855 5.66349 -0.158082 
v -369.932 5.50348 -0.370758 
v -369.855 5.40621 -0.296448 
v -369.843 5.50977 -0.226442 
v -369.855 5.25507 -0.14876 
v -369.976 5.24649 -0.345898 
v -369.99 5.38044 -0.326814 
v -370.009 5.40621 -0.296448 
v -370.009 5.35372 -0.295324 
v -370.009 5.50662 -0.2986 
v -370.021 5.4664 -0.225514 
v -370.021 5.54958 -0.227446 
v -370.021 5.50977 -0.226442 
v -370.02 5.46682 -0.225012 
v -370.02 5.54882 -0.226548 
v -370.009 5.51291 -0.154286 
v -370.009 5.40484 -0.15197 
v -369.991 5.38044 -0.123212 
v -369.976 5.25737 -0.0959383 
v -370.009 5.35691 -0.150942 
v -370.009 5.25507 -0.14876 
v -370.021 5.29672 -0.221878 
v -370.009 5.15131 -0.145742 
v -369.99 5.12568 -0.115538 
v -370.02 5.21206 -0.21734 
v -370.021 5.25193 -0.220918 
v -370.02 5.29406 -0.225012 
v -370.021 5.21006 -0.2197 
v -370.009 5.24879 -0.293076 
v -370.009 5.15023 -0.290208 
v -369.99 5.12568 -0.31914 
v -370.009 5.09989 -0.288744 
v -370.009 4.99556 -0.28571 
v -370.02 5.0393 -0.21734 
v -370.009 4.88967 -0.278472 
v -370.021 4.95262 -0.210402 
v -370.021 4.9987 -0.213552 
v -370.079 5.97375 -0.236572 
v -370.059 5.96394 -0.399494 
v -370.079 5.88752 -0.236572 
v -370.059 5.96394 -0.0736503 
v -370.059 5.8777 -0.399494 
v -370.059 5.8777 -0.0736503 
v -370.005 5.94585 -0.518762 
v -370.005 5.94585 0.0456177 
v -370.005 5.85961 -0.518762 
v -370.005 5.85961 0.0456177 
v -369.872 4.27191 -0.166212 
v -369.932 5.96394 -0.0736503 
v -370.059 5.96394 -0.0736503 
v -369.804 5.96394 -0.399494 
v -370.059 5.96394 -0.399494 
v -369.932 5.94585 -0.518762 
v -369.99 4.61954 -0.0849643 
v -369.855 4.64413 -0.11695 
v -369.872 4.60969 -0.288326 
v -369.991 4.60969 -0.288326 
v -369.992 5.6352 -0.328348 
v -369.871 5.6352 -0.328348 
v -370.009 4.89615 -0.13417 
v -369.855 4.89615 -0.13417 
v -369.932 4.99242 -0.357866 
v -369.976 4.73727 -0.321036 
v -369.976 4.99326 -0.338532 
v -369.99 4.8635 -0.30677 
v -370.021 4.74271 -0.196056 
v -369.991 4.60969 -0.288326 
v -369.976 4.35973 -0.295254 
v -370.009 4.58618 -0.257738 
v -370.021 4.36517 -0.170272 
v -370.009 4.36203 -0.24243 
v -369.961 4.26827 -0.249834 
v -369.932 4.35889 -0.314588 
v -369.932 4.2677 -0.26277 
v -369.902 4.26827 -0.249834 
v -369.932 4.73643 -0.340372 
v -369.887 4.35973 -0.295254 
v -369.887 4.73727 -0.321036 
v -369.872 4.60969 -0.288326 
v -369.843 4.52834 -0.182464 
v -369.873 4.8635 -0.30677 
v -369.99 5.38044 -0.326814 
v -369.874 5.38044 -0.326814 
v -369.843 4.74271 -0.196056 
v -369.873 4.8635 -0.30677 
v -369.887 4.99326 -0.338532 
v -369.932 5.24565 -0.365234 
v -369.855 5.10128 -0.144286 
v -370.009 5.91193 -0.308798 
v -370.009 5.65723 -0.30239 
v -370.021 5.71724 -0.231668 
v -369.976 5.91193 -0.361672 
v -370.009 5.66349 -0.158082 
v -369.992 5.6352 -0.328348 
v -369.976 5.50432 -0.351424 
v -369.932 5.91193 -0.381024 
v -369.976 5.51521 -0.101462 
v -369.855 5.66349 -0.158082 
v -369.887 5.91193 -0.361672 
v -369.887 5.50432 -0.351424 
v -369.932 5.50348 -0.370758 
v -369.855 5.40621 -0.296448 
v -369.874 5.38044 -0.326814 
v -369.843 5.50977 -0.226442 
v -369.887 5.24649 -0.345898 
v -369.855 5.25507 -0.14876 
v -369.843 5.25193 -0.220918 
v -369.873 5.12568 -0.31914 
v -369.976 5.24649 -0.345898 
v -369.99 5.38044 -0.326814 
v -369.976 5.25737 -0.0959383 
v -369.99 5.12568 -0.115538 
v -370.021 5.21006 -0.2197 
v -369.99 5.12568 -0.31914 
v -370.059 5.8777 -0.399494 
v -370.005 5.94585 -0.518762 
v -370.005 5.85961 -0.518762 
v -369.932 5.93295 -0.562418 
v -369.932 5.84672 -0.562418 
v -369.858 5.85961 -0.518762 
v -369.858 5.94585 -0.518762 
v -369.88 4.27401 -0.117932 
v -369.983 4.27401 -0.117932 
v -369.991 4.27191 -0.166212 
v -369.961 4.27555 -0.0825903 
v -369.902 4.27555 -0.0825903 
v -369.932 4.27611 -0.0696543 
v -369.872 4.27191 -0.166212 
v -369.88 4.2698 -0.21449 
v -369.983 4.2698 -0.21449 
v -369.961 4.26827 -0.249834 
v -369.902 4.26827 -0.249834 
v -369.932 4.2677 -0.26277 
v -369.932 5.93295 0.0892737 
v -369.858 5.94585 0.0456177 
v -369.932 5.96394 -0.0736503 
v -370.059 5.96394 -0.0736503 
v -369.784 5.97375 -0.236572 
v -369.804 5.96394 -0.399494 
v -369.858 5.94585 -0.518762 
v -369.932 5.94585 -0.518762 
v -369.932 5.93295 -0.562418 
v -369.99 4.61954 -0.0849643 
v -369.855 4.64413 -0.11695 
v -369.873 4.61954 -0.0849643 
v -370.009 4.64413 -0.11695 
v -370.02 4.7009 -0.190826 
v -369.843 4.7009 -0.190826 
v -369.855 4.63517 -0.261084 
v -370.009 4.63517 -0.261084 
v -369.872 4.60969 -0.288326 
v -369.991 4.60969 -0.288326 
v -369.843 4.69881 -0.193058 
v -370.021 4.69881 -0.193058 
v -370.02 4.7009 -0.190826 
v -369.843 4.7009 -0.190826 
v -369.992 5.6352 -0.328348 
v -369.871 5.6352 -0.328348 
v -370.009 4.89615 -0.13417 
v -369.855 4.89615 -0.13417 
v -369.872 4.87219 -0.103354 
v -369.991 4.87219 -0.103354 
v -369.843 4.95415 -0.208748 
v -370.02 4.95415 -0.208748 
v -369.99 4.8635 -0.30677 
v -369.932 4.37146 -0.0259563 
v -369.932 4.35889 -0.314588 
v -369.855 4.88967 -0.278472 
v -370.009 4.88967 -0.278472 
v -369.873 4.8635 -0.30677 
v -369.99 4.8635 -0.30677 
v -369.843 4.95262 -0.210402 
v -370.021 4.95262 -0.210402 
v -370.02 4.95415 -0.208748 
v -369.843 4.95415 -0.208748 
v -369.976 5.91193 -0.361672 
v -370.009 5.66349 -0.158082 
v -369.976 5.91193 -0.111472 
v -369.976 5.51521 -0.101462 
v -369.855 5.66349 -0.158082 
v -369.932 5.50348 -0.370758 
v -369.843 5.50977 -0.226442 
v -369.843 5.25193 -0.220918 
v -369.976 5.25737 -0.0959383 
v -369.99 5.12568 -0.31914 
v -370.059 5.8777 -0.399494 
v -370.009 5.15131 -0.145742 
v -369.855 5.15131 -0.145742 
v -369.873 5.12568 -0.115538 
v -369.99 5.12568 -0.115538 
v -369.843 5.21206 -0.21734 
v -370.02 5.21206 -0.21734 
v -369.855 5.15023 -0.290208 
v -369.99 5.12568 -0.31914 
v -369.873 5.12568 -0.31914 
v -370.009 5.15023 -0.290208 
v -369.843 5.21006 -0.2197 
v -370.021 5.21006 -0.2197 
v -370.02 5.21206 -0.21734 
v -369.843 5.21206 -0.21734 
v -369.991 5.38044 -0.123212 
v -369.855 5.40484 -0.15197 
v -369.872 5.38044 -0.123212 
v -370.009 5.40484 -0.15197 
v -369.843 5.46682 -0.225012 
v -370.02 5.46682 -0.225012 
v -369.855 5.40621 -0.296448 
v -370.009 5.40621 -0.296448 
v -369.874 5.38044 -0.326814 
v -369.99 5.38044 -0.326814 
v -369.843 5.4664 -0.225514 
v -370.021 5.4664 -0.225514 
v -370.02 5.46682 -0.225012 
v -369.843 5.46682 -0.225012 
v -369.875 5.6352 -0.124746 
v -370.009 5.66349 -0.158082 
v -369.855 5.66349 -0.158082 
v -369.988 5.6352 -0.124746 
v -370.02 5.72159 -0.226548 
v -369.844 5.72159 -0.226548 
v -369.855 5.65723 -0.30239 
v -369.992 5.6352 -0.328348 
v -369.871 5.6352 -0.328348 
v -370.009 5.65723 -0.30239 
v -369.843 5.71724 -0.231668 
v -370.021 5.71724 -0.231668 
v -370.02 5.72159 -0.226548 
v -369.844 5.72159 -0.226548 
v -369.932 5.84672 -0.562418 
v -369.858 5.85961 -0.518762 
v -369.932 5.85961 -0.518762 
v -370.005 5.85961 -0.518762 
v -369.932 5.8777 -0.399494 
v -369.804 5.8777 -0.399494 
v -370.059 5.8777 -0.399494 
v -369.932 5.88752 -0.236572 
v -369.784 5.88752 -0.236572 
v -370.079 5.88752 -0.236572 
v -369.804 5.8777 -0.0736503 
v -370.059 5.8777 -0.0736503 
v -369.932 5.8777 -0.0736503 
v -369.858 5.85961 0.0456177 
v -370.005 5.85961 0.0456177 
v -369.932 5.85961 0.0456177 
v -369.932 5.84672 0.0892737 
v -369.932 4.27611 -0.0696543 
v -369.872 4.27191 -0.166212 
v -369.932 5.94585 0.0456177 
v -369.932 5.96394 -0.0736503 
v -369.784 5.97375 -0.236572 
v -369.804 5.96394 -0.399494 
v -369.932 5.94585 -0.518762 
v -369.855 4.64413 -0.11695 
v -369.872 4.60969 -0.288326 
v -369.991 4.60969 -0.288326 
v -369.871 5.6352 -0.328348 
v -369.855 4.89615 -0.13417 
v -369.932 4.99242 -0.357866 
v -369.99 4.8635 -0.30677 
v -369.887 5.00415 -0.0885703 
v -369.932 4.37146 -0.0259563 
v -369.932 4.27611 -0.0696543 
v -369.902 4.27555 -0.0825903 
v -369.932 4.35889 -0.314588 
v -369.932 4.2677 -0.26277 
v -369.902 4.26827 -0.249834 
v -369.932 4.73643 -0.340372 
v -369.887 4.35973 -0.295254 
v -369.887 4.73727 -0.321036 
v -369.855 4.36203 -0.24243 
v -369.88 4.2698 -0.21449 
v -369.855 4.58618 -0.257738 
v -369.872 4.60969 -0.288326 
v -369.843 4.52834 -0.182464 
v -369.843 4.36517 -0.170272 
v -369.872 4.27191 -0.166212 
v -369.843 4.52926 -0.181478 
v -369.88 4.27401 -0.117932 
v -369.855 4.36832 -0.0981143 
v -369.855 4.59289 -0.113452 
v -369.887 4.37062 -0.0452923 
v -369.873 4.8635 -0.30677 
v -369.874 5.38044 -0.326814 
v -369.873 4.61954 -0.0849643 
v -369.887 4.74816 -0.0710743 
v -369.855 4.64413 -0.11695 
v -369.872 4.87219 -0.103354 
v -369.855 4.84681 -0.130798 
v -369.855 4.89615 -0.13417 
v -369.855 4.74586 -0.123898 
v -369.843 4.78386 -0.198868 
v -369.843 4.7009 -0.190826 
v -369.843 4.74271 -0.196056 
v -369.843 4.78154 -0.201376 
v -369.843 4.69881 -0.193058 
v -369.855 4.73957 -0.268214 
v -369.855 4.83879 -0.274994 
v -369.855 4.63517 -0.261084 
v -369.873 4.8635 -0.30677 
v -369.887 4.99326 -0.338532 
v -369.855 4.88967 -0.278472 
v -369.855 4.99556 -0.28571 
v -369.855 5.09989 -0.288744 
v -369.843 4.95262 -0.210402 
v -369.843 5.0393 -0.21734 
v -369.843 4.9987 -0.213552 
v -369.843 4.95415 -0.208748 
v -369.843 5.04145 -0.214794 
v -369.855 5.00185 -0.141394 
v -369.855 5.10128 -0.144286 
v -369.932 5.51605 -0.0821283 
v -369.932 5.91193 -0.0921203 
v -369.887 5.91193 -0.111472 
v -369.887 5.51521 -0.101462 
v -369.875 5.6352 -0.124746 
v -369.855 5.66349 -0.158082 
v -369.855 5.91193 -0.164346 
v -369.844 5.72159 -0.226548 
v -369.843 5.91193 -0.236572 
v -369.843 5.71724 -0.231668 
v -369.855 5.91193 -0.308798 
v -369.855 5.65723 -0.30239 
v -369.887 5.91193 -0.361672 
v -369.871 5.6352 -0.328348 
v -369.887 5.50432 -0.351424 
v -369.855 5.61222 -0.301258 
v -369.855 5.6081 -0.156686 
v -369.932 5.50348 -0.370758 
v -369.855 5.50662 -0.2986 
v -369.843 5.54958 -0.227446 
v -369.855 5.40621 -0.296448 
v -369.843 5.4664 -0.225514 
v -369.874 5.38044 -0.326814 
v -369.843 5.50977 -0.226442 
v -369.843 5.54882 -0.226548 
v -369.843 5.46682 -0.225012 
v -369.887 5.24649 -0.345898 
v -369.855 5.35372 -0.295324 
v -369.855 5.51291 -0.154286 
v -369.855 5.40484 -0.15197 
v -369.872 5.38044 -0.123212 
v -369.887 5.25737 -0.0959383 
v -369.855 5.35691 -0.150942 
v -369.855 5.25507 -0.14876 
v -369.843 5.29672 -0.221878 
v -369.843 5.25193 -0.220918 
v -369.843 5.29406 -0.225012 
v -369.843 5.21206 -0.21734 
v -369.855 5.15131 -0.145742 
v -369.843 5.21006 -0.2197 
v -369.873 5.12568 -0.115538 
v -369.855 5.24879 -0.293076 
v -369.855 5.15023 -0.290208 
v -369.873 5.12568 -0.31914 
v -369.99 5.12568 -0.31914 
v -369.932 5.93295 -0.562418 
v -369.858 5.85961 -0.518762 
v -369.858 5.85961 0.0456177 
v -369.858 5.94585 -0.518762 
v -369.858 5.94585 0.0456177 
v -369.804 5.8777 -0.399494 
v -369.804 5.8777 -0.0736503 
v -369.804 5.96394 -0.399494 
v -369.804 5.96394 -0.0736503 
v -369.784 5.88752 -0.236572 
v -369.784 5.97375 -0.236572 

vn 0 -1 0.0472441 
vn 0 0.992126 0.102362 
vn 0 0.992126 0.0944882 
vn 0 1 0 
vn 0 -0.795276 -0.606299 
vn 0 -0.795276 -0.606299 
vn 0 -0.787402 -0.614173 
vn -0.653543 0.0393701 0.755906 
vn -0.850394 -0.0393701 -0.519685 
vn -0.653543 0.0551181 0.755906 
vn 0 0.0708661 1 
vn 0 0.0472441 1 
vn 0.653543 0.0393701 0.755906 
vn -1 0 0 
vn -0.629921 -0.15748 0.755906 
vn 0 -0.165354 0.984252 
vn -0.622047 -0.370079 0.692913 
vn 0 -0.417323 0.905512 
vn -0.992126 -0.149606 0.00787402 
vn 0.622047 -0.370079 0.692913 
vn 0.629921 -0.15748 0.755906 
vn 0 -0.732283 0.677165 
vn 0 0.76378 0.645669 
vn 0 0.76378 0.645669 
vn 0.850394 0.0393701 0.519685 
vn 0.653543 0.0551181 0.755906 
vn 1 0 0 
vn 0.905512 0.015748 0.425197 
vn -1 0 -0.0708661 
vn -0.661417 0.015748 0.755906 
vn -0.850394 0.015748 0.527559 
vn -0.653543 0.015748 0.755906 
vn 0 0.023622 1 
vn 0 0.023622 1 
vn 0.661417 0.015748 0.755906 
vn 0.653543 0.015748 0.755906 
vn 0.850394 0.015748 0.527559 
vn 0.905512 0.00787402 0.433071 
vn 0.937008 0.00787402 0.346457 
vn 0 -0.023622 -1 
vn 1 0 0 
vn 0.653543 0.015748 0.755906 
vn 0 0.023622 1 
vn 0.937008 0.00787402 0.346457 
vn 1 0 0 
vn 0.850394 0.015748 0.527559 
vn 0.850394 -0.015748 -0.527559 
vn -0.653543 0.015748 0.755906 
vn -0.850394 0.015748 0.527559 
vn -1 0 -0.0708661 
vn -0.850394 -0.015748 -0.527559 
vn -0.76378 0 0.645669 
vn -0.724409 0 0.685039 
vn 0 0 1 
vn 0 0 1 
vn 0.724409 0 0.685039 
vn 0.76378 0 0.645669 
vn 0 0.96063 0.283465 
vn 0 0.984252 0.181102 
vn 0 0.976378 0.220472 
vn 0 0.984252 0.181102 
vn 0 0.992126 0.102362 
vn 0 0.992126 0.0944882 
vn 0 0.992126 0.0944882 
vn 0 1 0 
vn 0 1 0 
vn 0 1 0 
vn 0 0.992126 -0.0944882 
vn 0 0.992126 -0.0944882 
vn 0 0.992126 -0.102362 
vn 0 0.984252 -0.181102 
vn 0 0.984252 -0.181102 
vn 0 0.976378 -0.220472 
vn 0 0.96063 -0.283465 
vn 0 -0.795276 -0.606299 
vn 0 -0.732283 0.685039 
vn 0 -0.732283 0.685039 
vn 0 0.76378 -0.645669 
vn 0 0.76378 -0.645669 
vn 0 0.76378 -0.645669 
vn 0 0.76378 -0.645669 
vn 0 0.76378 -0.645669 
vn 0 0.76378 -0.645669 
vn 0 0.76378 0.645669 
vn 0 0.76378 0.645669 
vn 0 0.76378 0.645669 
vn 0 0.76378 0.645669 
vn 0 0.76378 0.645669 
vn 0 0.76378 0.645669 
vn 0 0.76378 0.645669 
vn 0 0.76378 0.645669 
vn -0.984252 -0.00787402 -0.165354 
vn 0.984252 -0.00787402 -0.165354 
vn 0 0.76378 -0.645669 
vn 0 0.76378 -0.645669 
vn 0 0.76378 -0.645669 
vn 0 0.76378 -0.645669 
vn 0 0.76378 -0.645669 
vn 0 0.76378 -0.645669 
vn 0 0.76378 -0.645669 
vn 0 0.76378 -0.645669 
vn 0 0.76378 0.645669 
vn 0 0.76378 0.645669 
vn 0 0.76378 0.645669 
vn 0 0.76378 0.645669 
vn 0 0.76378 0.645669 
vn 0 0.76378 0.645669 
vn 0.905512 0.015748 0.425197 
vn -0.653543 -0.015748 -0.755906 
vn -0.661417 0.015748 0.755906 
vn -0.653543 0.015748 0.755906 
vn 0.905512 0.00787402 0.433071 
vn 1 0 0 
vn 1 0 0 
vn 0.850394 -0.015748 -0.527559 
vn -0.653543 0.015748 0.755906 
vn -0.850394 0.015748 0.527559 
vn -0.850394 -0.015748 -0.527559 
vn 0 0.76378 -0.645669 
vn 0 0.76378 -0.645669 
vn 0 0.76378 -0.645669 
vn 0 0.76378 -0.645669 
vn 0 0.76378 -0.645669 
vn 0 0.76378 -0.645669 
vn 0 0.76378 -0.645669 
vn 0 0.76378 -0.645669 
vn 0 0.76378 0.645669 
vn 0 0.76378 0.645669 
vn 0 0.76378 0.645669 
vn 0 0.76378 0.645669 
vn 0 0.76378 0.645669 
vn 0 0.76378 0.645669 
vn 0 0.732283 -0.677165 
vn 0 0.732283 -0.677165 
vn 0 0.732283 -0.677165 
vn 0 0.732283 -0.677165 
vn 0 0.732283 -0.677165 
vn 0 0.732283 -0.677165 
vn 0 0.732283 -0.677165 
vn 0 0.732283 -0.677165 
vn 0 0.787402 0.614173 
vn 0 0.787402 0.614173 
vn 0 0.787402 0.614173 
vn 0 0.787402 0.614173 
vn 0 0.787402 0.614173 
vn 0 0.787402 0.614173 
vn 0 0.732283 -0.685039 
vn 0 0.732283 -0.685039 
vn 0 0.732283 -0.685039 
vn 0 0.732283 -0.685039 
vn 0 0.732283 -0.685039 
vn 0 0.732283 -0.685039 
vn 0 0.732283 -0.685039 
vn 0 0.732283 -0.685039 
vn 0 0.795276 0.606299 
vn 0 0.795276 0.606299 
vn 0 0.795276 0.606299 
vn 0 0.795276 0.606299 
vn 0 0.795276 0.606299 
vn 0 0.795276 0.606299 
vn 0 -1 0.0472441 
vn 0 -1 0.0472441 
vn 0 -1 0.0472441 
vn 0 0.976378 0.220472 
vn 0 0.992126 0.102362 
vn 0 0.992126 0.0944882 
vn 0 0.992126 -0.0944882 
vn 0 0.976378 -0.220472 
vn 0 -0.795276 -0.606299 
vn 0 -0.732283 0.685039 
vn 0 0.76378 0.645669 
vn 0 -0.787402 -0.614173 
vn -1 0 0.0708661 
vn -0.937008 0.015748 0.346457 
vn -0.905512 0.015748 0.425197 
vn -0.984252 0.00787402 0.165354 
vn -0.905512 0.0314961 0.433071 
vn 0 -0.0472441 -1 
vn -0.653543 -0.0551181 -0.755906 
vn -0.653543 -0.0393701 -0.755906 
vn -0.653543 0.0393701 0.755906 
vn -0.850394 0.0393701 0.519685 
vn -0.905512 -0.0314961 -0.433071 
vn -0.850394 -0.0393701 -0.519685 
vn -0.653543 0.0551181 0.755906 
vn -0.905512 0.0314961 0.425197 
vn -0.937008 -0.023622 -0.346457 
vn -0.984252 -0.00787402 -0.165354 
vn -1 0 0 
vn -1 0.00787402 0.0708661 
vn -1 -0.00787402 -0.0708661 
vn -0.905512 -0.0314961 -0.425197 
vn -0.984252 0.00787402 0.165354 
vn -0.850394 -0.0393701 -0.519685 
vn -0.937008 0.023622 0.346457 
vn -0.905512 0.0314961 0.433071 
vn -0.850394 0.0393701 0.519685 
vn -0.629921 -0.244094 -0.732283 
vn -0.905512 -0.0314961 -0.433071 
vn -0.629921 -0.15748 0.755906 
vn -0.905512 0.0314961 0.425197 
vn 0 -0.165354 0.984252 
vn -0.92126 -0.141732 0.362205 
vn -1 0.00787402 0.0708661 
vn -0.622047 -0.370079 0.692913 
vn -0.889764 -0.307087 0.330709 
vn 0 -0.417323 0.905512 
vn -0.992126 -0.149606 0.00787402 
vn -0.952756 -0.299213 0.015748 
vn -0.984252 -0.00787402 -0.165354 
vn -0.889764 -0.338583 -0.299213 
vn -0.92126 -0.181102 -0.346457 
vn -0.622047 -0.425197 -0.653543 
vn 0 -0.275591 -0.96063 
vn 0 -0.496063 -0.866142 
vn 0 -0.0708661 -1 
vn 0 -0.732283 0.677165 
vn 0 0.76378 0.645669 
vn 0 0.76378 0.645669 
vn 1 0 0 
vn -0.937008 -0.00787402 -0.354331 
vn -0.905512 -0.00787402 -0.425197 
vn -1 0 -0.0708661 
vn -1 0 0 
vn -0.653543 -0.015748 -0.755906 
vn -0.984252 0.00787402 0.165354 
vn -0.937008 0.00787402 0.346457 
vn -0.905512 0.00787402 0.433071 
vn -0.850394 -0.015748 -0.527559 
vn -0.661417 0.015748 0.755906 
vn -0.850394 0.015748 0.527559 
vn -0.653543 -0.015748 -0.755906 
vn -0.905512 -0.00787402 -0.433071 
vn 0 -0.023622 -1 
vn -0.653543 0.015748 0.755906 
vn -0.905512 0.00787402 0.425197 
vn 0 0.023622 1 
vn 0 0.023622 1 
vn 0.905512 0.00787402 0.433071 
vn 0 -0.023622 -1 
vn 0.905512 -0.00787402 -0.425197 
vn 1 0 0 
vn 0.937008 0.00787402 0.346457 
vn -0.653543 -0.015748 -0.755906 
vn -0.850394 -0.00787402 -0.527559 
vn -0.905512 -0.00787402 -0.425197 
vn -0.905512 -0.00787402 -0.433071 
vn -0.937008 -0.00787402 -0.346457 
vn -1 0 -0.0708661 
vn -1 0 -0.0787402 
vn -1 0 0 
vn -0.984252 0 0.165354 
vn -0.984252 0.00787402 0.165354 
vn -0.937008 0.00787402 0.346457 
vn -0.905512 0.00787402 0.433071 
vn -0.850394 0.00787402 0.527559 
vn -0.653543 0.015748 0.755906 
vn -0.905512 0.00787402 0.425197 
vn -0.937008 0.00787402 0.346457 
vn -1 0 0.0708661 
vn -0.905512 0.015748 0.433071 
vn -0.850394 0.015748 0.527559 
vn -0.984252 0.00787402 0.165354 
vn -1 0 0 
vn -0.984252 0 -0.165354 
vn -1 0 -0.0708661 
vn -0.937008 -0.00787402 -0.346457 
vn -0.905512 -0.015748 -0.425197 
vn -0.850394 -0.015748 -0.527559 
vn -0.905512 -0.015748 -0.433071 
vn -0.937008 -0.015748 -0.354331 
vn -0.984252 -0.00787402 -0.165354 
vn -0.905512 -0.0314961 -0.425197 
vn -1 -0.00787402 -0.0708661 
vn -1 0 0 
vn -1 0 0 
vn -0.968504 0 -0.259843 
vn -1 0 0 
vn -0.968504 0 0.259843 
vn -0.96063 0 -0.275591 
vn -0.96063 0 0.275591 
vn -0.76378 0 -0.645669 
vn -0.76378 0 0.645669 
vn -0.724409 0 -0.685039 
vn -0.724409 0 0.685039 
vn 0 -1 0.0472441 
vn 0 0.992126 0.102362 
vn 0 0.992126 0.0944882 
vn 0 0.992126 -0.0944882 
vn 0 0.992126 -0.0944882 
vn 0 0.976378 -0.220472 
vn 0 -0.795276 -0.606299 
vn 0 -0.795276 -0.606299 
vn 0 -0.732283 0.685039 
vn 0 -0.732283 0.685039 
vn 0 0.76378 0.645669 
vn 0 0.76378 0.645669 
vn 0 -0.787402 -0.614173 
vn 0 -0.787402 -0.614173 
vn 0 -0.0472441 -1 
vn -0.653543 -0.0551181 -0.755906 
vn -0.653543 -0.0393701 -0.755906 
vn -0.850394 -0.0393701 -0.519685 
vn -1 0 0 
vn -0.850394 -0.0393701 -0.519685 
vn -0.629921 -0.244094 -0.732283 
vn -0.905512 -0.0314961 -0.433071 
vn -0.992126 -0.149606 0.00787402 
vn -0.92126 -0.181102 -0.346457 
vn -0.622047 -0.425197 -0.653543 
vn 0 -0.275591 -0.96063 
vn 0 -0.496063 -0.866142 
vn 0.622047 -0.425197 -0.653543 
vn 0 -0.0708661 -1 
vn 0.629921 -0.244094 -0.732283 
vn 0.653543 -0.0551181 -0.755906 
vn 0.850394 -0.0393701 -0.519685 
vn 0.984252 -0.00787402 -0.165354 
vn 0 -0.732283 0.677165 
vn 0 0.76378 0.645669 
vn 0 0.76378 0.645669 
vn 1 0 0 
vn 0.850394 -0.0393701 -0.519685 
vn 0.653543 -0.0393701 -0.755906 
vn 0 -0.023622 -1 
vn 0.905512 0.015748 0.425197 
vn -0.937008 -0.00787402 -0.354331 
vn -0.905512 -0.00787402 -0.425197 
vn -1 0 -0.0708661 
vn -0.653543 -0.015748 -0.755906 
vn -0.905512 0.00787402 0.433071 
vn -0.850394 -0.015748 -0.527559 
vn -0.653543 -0.015748 -0.755906 
vn 0 -0.023622 -1 
vn -0.653543 0.015748 0.755906 
vn 0.905512 0.00787402 0.433071 
vn 0.653543 -0.015748 -0.755906 
vn 0.653543 -0.015748 -0.755906 
vn 0 -0.023622 -1 
vn 0.905512 -0.00787402 -0.425197 
vn 0.850394 -0.00787402 -0.527559 
vn 1 0 0 
vn 0.653543 -0.015748 -0.755906 
vn 0.937008 0.00787402 0.346457 
vn 1 0 0 
vn 0.850394 -0.015748 -0.527559 
vn -0.653543 -0.015748 -0.755906 
vn -0.850394 -0.00787402 -0.527559 
vn -0.653543 0.015748 0.755906 
vn -0.850394 0.015748 0.527559 
vn -1 0 -0.0708661 
vn -0.850394 -0.015748 -0.527559 
vn -0.96063 0 -0.275591 
vn -0.76378 0 -0.645669 
vn -0.724409 0 -0.685039 
vn 0 0 -1 
vn 0 0 -1 
vn 0.724409 0 -0.685039 
vn 0.76378 0 -0.645669 
vn 0 -1 0.0472441 
vn 0 -1 0.0472441 
vn 0 -1 0.0472441 
vn 0 -1 0.0472441 
vn 0 -1 0.0472441 
vn 0 -1 0.0472441 
vn 0 -1 0.0472441 
vn 0 -1 0.0472441 
vn 0 -1 0.0472441 
vn 0 -1 0.0472441 
vn 0 -1 0.0472441 
vn 0 -1 0.0472441 
vn 0 0.96063 0.283465 
vn 0 0.984252 0.181102 
vn 0 0.992126 0.102362 
vn 0 0.992126 0.0944882 
vn 0 1 0 
vn 0 0.992126 -0.0944882 
vn 0 0.984252 -0.181102 
vn 0 0.976378 -0.220472 
vn 0 0.96063 -0.283465 
vn 0 -0.795276 -0.606299 
vn 0 -0.795276 -0.606299 
vn 0 -0.795276 -0.606299 
vn 0 -0.795276 -0.606299 
vn 0 -0.795276 -0.606299 
vn 0 -0.795276 -0.606299 
vn 0 -0.732283 0.685039 
vn 0 -0.732283 0.685039 
vn 0 -0.732283 0.685039 
vn 0 -0.732283 0.685039 
vn 0 -0.732283 0.685039 
vn 0 -0.732283 0.685039 
vn 0 -0.732283 0.685039 
vn 0 -0.732283 0.685039 
vn 0 0.76378 0.645669 
vn 0 0.76378 0.645669 
vn 0 -0.787402 -0.614173 
vn 0 -0.787402 -0.614173 
vn 0 -0.787402 -0.614173 
vn 0 -0.787402 -0.614173 
vn 0 -0.787402 -0.614173 
vn 0 -0.787402 -0.614173 
vn -0.850394 -0.0393701 -0.519685 
vn 0 -0.165354 0.984252 
vn 0 -0.275591 -0.96063 
vn 0 -0.732283 0.677165 
vn 0 -0.732283 0.677165 
vn 0 -0.732283 0.677165 
vn 0 -0.732283 0.677165 
vn 0 -0.732283 0.677165 
vn 0 -0.732283 0.677165 
vn 0 -0.732283 0.677165 
vn 0 -0.732283 0.677165 
vn -0.653543 -0.015748 -0.755906 
vn -0.905512 0.00787402 0.433071 
vn -0.661417 0.015748 0.755906 
vn -0.653543 0.015748 0.755906 
vn 0.905512 0.00787402 0.433071 
vn 0 -0.023622 -1 
vn 1 0 0 
vn 1 0 0 
vn -0.653543 0.015748 0.755906 
vn -0.850394 -0.015748 -0.527559 
vn -0.96063 0 -0.275591 
vn 0 -0.76378 -0.645669 
vn 0 -0.76378 -0.645669 
vn 0 -0.76378 -0.645669 
vn 0 -0.76378 -0.645669 
vn 0 -0.76378 -0.645669 
vn 0 -0.76378 -0.645669 
vn 0 -0.76378 0.645669 
vn 0 -0.76378 0.645669 
vn 0 -0.76378 0.645669 
vn 0 -0.76378 0.645669 
vn 0 -0.76378 0.645669 
vn 0 -0.76378 0.645669 
vn 0 -0.76378 0.645669 
vn 0 -0.76378 0.645669 
vn 0 -0.76378 -0.645669 
vn 0 -0.76378 -0.645669 
vn 0 -0.76378 -0.645669 
vn 0 -0.76378 -0.645669 
vn 0 -0.76378 -0.645669 
vn 0 -0.76378 -0.645669 
vn 0 -0.76378 0.645669 
vn 0 -0.76378 0.645669 
vn 0 -0.76378 0.645669 
vn 0 -0.76378 0.645669 
vn 0 -0.76378 0.645669 
vn 0 -0.76378 0.645669 
vn 0 -0.76378 0.645669 
vn 0 -0.76378 0.645669 
vn 0 -0.76378 -0.645669 
vn 0 -0.76378 -0.645669 
vn 0 -0.76378 -0.645669 
vn 0 -0.76378 -0.645669 
vn 0 -0.76378 -0.645669 
vn 0 -0.76378 -0.645669 
vn 0 -0.76378 0.645669 
vn 0 -0.76378 0.645669 
vn 0 -0.76378 0.645669 
vn 0 -0.76378 0.645669 
vn 0 -0.76378 0.645669 
vn 0 -0.76378 0.645669 
vn 0 -0.76378 0.645669 
vn 0 -0.76378 0.645669 
vn 0 -0.96063 0.283465 
vn 0 -0.984252 0.181102 
vn 0 -0.976378 0.220472 
vn 0 -0.984252 0.181102 
vn 0 -0.992126 0.102362 
vn 0 -0.992126 0.0944882 
vn 0 -0.992126 0.0944882 
vn 0 -1 0 
vn 0 -1 0 
vn 0 -1 0 
vn 0 -0.992126 -0.0944882 
vn 0 -0.992126 -0.0944882 
vn 0 -0.992126 -0.102362 
vn 0 -0.984252 -0.181102 
vn 0 -0.984252 -0.181102 
vn 0 -0.976378 -0.220472 
vn 0 -0.96063 -0.283465 
vn 0 -1 0.0472441 
vn 0 -1 0.0472441 
vn 0 0.976378 0.220472 
vn 0 0.992126 0.102362 
vn 0 1 0 
vn 0 0.992126 -0.0944882 
vn 0 0.976378 -0.220472 
vn 0 -0.795276 -0.606299 
vn 0 -0.732283 0.685039 
vn 0 -0.732283 0.685039 
vn 0 0.76378 0.645669 
vn 0 -0.787402 -0.614173 
vn 0 -0.0472441 -1 
vn -0.850394 -0.0393701 -0.519685 
vn 0.653543 0.0393701 0.755906 
vn 0 -0.165354 0.984252 
vn 0 -0.417323 0.905512 
vn 0.622047 -0.370079 0.692913 
vn 0 -0.275591 -0.96063 
vn 0 -0.496063 -0.866142 
vn 0.622047 -0.425197 -0.653543 
vn 0 -0.0708661 -1 
vn 0.629921 -0.244094 -0.732283 
vn 0.653543 -0.0551181 -0.755906 
vn 0.92126 -0.181102 -0.346457 
vn 0.889764 -0.338583 -0.299213 
vn 0.905512 -0.0314961 -0.433071 
vn 0.850394 -0.0393701 -0.519685 
vn 0.984252 -0.00787402 -0.165354 
vn 0.992126 -0.149606 0.00787402 
vn 0.952756 -0.299213 0.015748 
vn 1 0.00787402 0.0708661 
vn 0.889764 -0.307087 0.330709 
vn 0.92126 -0.141732 0.362205 
vn 0.905512 0.0314961 0.425197 
vn 0.629921 -0.15748 0.755906 
vn 0 -0.732283 0.677165 
vn 0 0.76378 0.645669 
vn 0.850394 0.0393701 0.519685 
vn 0.653543 0.0551181 0.755906 
vn 0.905512 0.0314961 0.433071 
vn 0.850394 0.0393701 0.519685 
vn 0.905512 0.0314961 0.425197 
vn 0.905512 0.0314961 0.433071 
vn 0.937008 0.023622 0.346457 
vn 1 0.00787402 0.0708661 
vn 0.984252 0.00787402 0.165354 
vn 1 0 0 
vn 0.984252 -0.00787402 -0.165354 
vn 1 -0.00787402 -0.0708661 
vn 0.937008 -0.023622 -0.346457 
vn 0.905512 -0.0314961 -0.433071 
vn 0.905512 -0.0314961 -0.425197 
vn 0.850394 -0.0393701 -0.519685 
vn 0.653543 -0.0393701 -0.755906 
vn 0.905512 -0.0314961 -0.425197 
vn 0.937008 -0.015748 -0.354331 
vn 0.905512 -0.015748 -0.433071 
vn 1 -0.00787402 -0.0708661 
vn 0.984252 -0.00787402 -0.165354 
vn 1 0 0 
vn 0.984252 0.00787402 0.165354 
vn 1 0 0.0708661 
vn 0.937008 0.015748 0.346457 
vn 0.905512 0.015748 0.425197 
vn 0 0.023622 1 
vn 0 0.023622 1 
vn 0.661417 0.015748 0.755906 
vn 0.653543 0.015748 0.755906 
vn 0.850394 0.015748 0.527559 
vn 0.905512 0.00787402 0.433071 
vn 0.937008 0.00787402 0.346457 
vn 0.984252 0.00787402 0.165354 
vn 1 0 0 
vn 1 0 -0.0708661 
vn 0.937008 -0.00787402 -0.354331 
vn 0.905512 -0.00787402 -0.425197 
vn 0.653543 -0.015748 -0.755906 
vn 0.850394 -0.015748 -0.527559 
vn 0.653543 -0.015748 -0.755906 
vn 0.905512 -0.00787402 -0.433071 
vn 0.905512 0.00787402 0.425197 
vn 0 -0.023622 -1 
vn 0.937008 -0.00787402 -0.346457 
vn 1 0 -0.0787402 
vn 0.905512 -0.00787402 -0.425197 
vn 1 0 -0.0708661 
vn 0.850394 -0.00787402 -0.527559 
vn 1 0 0 
vn 0.984252 0.00787402 0.165354 
vn 0.984252 0 0.165354 
vn 0.653543 -0.015748 -0.755906 
vn 0.905512 -0.00787402 -0.433071 
vn 0.937008 0.00787402 0.346457 
vn 0.905512 0.00787402 0.433071 
vn 0.850394 0.00787402 0.527559 
vn 0.653543 0.015748 0.755906 
vn 0.905512 0.00787402 0.425197 
vn 0.937008 0.00787402 0.346457 
vn 1 0 0.0708661 
vn 1 0 0 
vn 0.984252 0 -0.165354 
vn 0.984252 0.00787402 0.165354 
vn 0.905512 0.015748 0.433071 
vn 1 0 -0.0708661 
vn 0.850394 0.015748 0.527559 
vn 0.937008 -0.00787402 -0.346457 
vn 0.905512 -0.015748 -0.425197 
vn 0.850394 -0.015748 -0.527559 
vn -0.850394 -0.015748 -0.527559 
vn 0 0 -1 
vn 0.724409 0 -0.685039 
vn 0.724409 0 0.685039 
vn 0.76378 0 -0.645669 
vn 0.76378 0 0.645669 
vn 0.96063 0 -0.275591 
vn 0.96063 0 0.275591 
vn 0.968504 0 -0.259843 
vn 0.968504 0 0.259843 
vn 1 0 0 
vn 1 0 0 

vt 4.00744 -45.1061 
vt 4 -44.8946 
vt 3.98404 -44.8946 
vt 4.01843 -44.8934 
vt 3.9927 -45.0626 
vt 4.00963 -45.0596 
vt 4.00963 -45.0281 
vt 3.99444 -45.0146 
vt 3.99268 -45.0322 
vt 3.99444 -45.0466 
vt 4 -45.0465 
vt 4 -45.0145 
vt 4.00556 -45.0146 
vt 3.98888 -45.0473 
vt 3.99444 -45.0938 
vt 4 -45.0937 
vt 3.99628 -45.1056 
vt 4 -45.1056 
vt 3.98888 -45.0944 
vt 4.00372 -45.1056 
vt 4.00556 -45.0938 
vt 4.00732 -45.0322 
vt 3.99275 -44.9675 
vt 4.00725 -44.9675 
vt 4.0073 -45.0626 
vt 4.00556 -45.0466 
vt 4.01112 -45.0473 
vt 4.00963 -45.0024 
vt 3.98888 -44.9254 
vt 3.99444 -44.9011 
vt 3.99288 -44.9357 
vt 3.99444 -44.9507 
vt 4 -44.9506 
vt 4 -44.9011 
vt 4.00556 -44.9011 
vt 4.00556 -44.9507 
vt 4.00712 -44.9357 
vt 4.00963 -44.9322 
vt 4.00963 -44.9011 
vt 4 -44.9522 
vt 4.01112 -44.9514 
vt 4.00556 -44.9829 
vt 4 -44.9828 
vt 4.00963 -44.9832 
vt 4.01112 -44.9836 
vt 4.00736 -44.9994 
vt 4.00735 -44.9994 
vt 3.99444 -44.9829 
vt 3.99264 -44.9994 
vt 3.98888 -44.9888 
vt 3.99265 -44.9994 
vt 3.99078 -44.8969 
vt 3.99078 -44.9076 
vt 4 -44.8985 
vt 4 -44.9093 
vt 4.00922 -44.9076 
vt 4.00922 -44.8969 
vt 3.95927 -45 
vt 3.96473 -45.0092 
vt 3.96473 -45 
vt 3.96473 -44.9908 
vt 3.97963 -45 
vt 3.97963 -45.016 
vt 3.97963 -44.984 
vt 4 -45 
vt 4 -45.0184 
vt 4 -44.9816 
vt 4.02037 -45.016 
vt 4.02037 -44.984 
vt 4.02037 -45 
vt 4.03527 -45.0092 
vt 4.03527 -44.9908 
vt 4.03527 -45 
vt 4.04073 -45 
vt 3.98105 -44.9927 
vt 4.00647 -45.0074 
vt 4.00647 -44.9926 
vt 3.99875 -45.0111 
vt 3.99001 -44.9904 
vt 3.99001 -45.0096 
vt 3.99875 -44.9889 
vt 3.98602 -45.0071 
vt 3.98602 -44.9929 
vt 3.99875 -45.0111 
vt 3.99886 -44.9889 
vt 3.99875 -44.9889 
vt 3.99886 -45.0111 
vt 4.00809 -45.0096 
vt 4.00809 -44.9904 
vt 4.01147 -44.9924 
vt 4.01147 -45.0076 
vt 3.99324 -44.9889 
vt 3.99324 -45.0111 
vt 3.99816 -45.0111 
vt 3.99816 -44.9889 
vt 3.9893 -45.0096 
vt 3.99855 -45.0111 
vt 3.99855 -44.9889 
vt 3.9893 -44.9904 
vt 3.98583 -44.9925 
vt 3.98583 -45.0075 
vt 4.00734 -45.0096 
vt 4.00734 -44.9904 
vt 3.99855 -44.9889 
vt 3.99855 -45.0111 
vt 4.01128 -44.9928 
vt 4.01128 -45.0072 
vt 3.98846 -45.0096 
vt 4.01564 -44.9944 
vt 3.98436 -44.9944 
vt 3.98311 -44.9944 
vt 3.99019 -45.0096 
vt 3.99873 -45.0111 
vt 3.99804 -45.0111 
vt 4.01032 -45.0073 
vt 3.98242 -44.9944 
vt 3.98487 -44.9926 
vt 4.01032 -44.9927 
vt 3.98487 -45.0074 
vt 3.98846 -44.9904 
vt 3.98487 -44.9926 
vt 3.98846 -45.0096 
vt 3.99728 -45.0111 
vt 3.99728 -44.9889 
vt 3.9976 -44.9889 
vt 3.9976 -45.0111 
vt 4.01032 -45.0073 
vt 4.01032 -44.9927 
vt 4.00652 -45.0096 
vt 4.00652 -44.9904 
vt 3.9976 -45.0111 
vt 3.9976 -44.9889 
vt 3.98335 -45.0074 
vt 3.98678 -44.9904 
vt 3.98335 -44.9926 
vt 3.98678 -45.0096 
vt 3.99529 -45.0111 
vt 3.99529 -44.9889 
vt 3.9956 -44.9889 
vt 3.9956 -45.0111 
vt 4.00877 -45.0073 
vt 4.00877 -44.9927 
vt 4.0048 -45.0096 
vt 4.0048 -44.9904 
vt 3.9956 -45.0111 
vt 3.9956 -44.9889 
vt 3.98105 -45.0073 
vt 3.98461 -44.9904 
vt 3.98105 -44.9927 
vt 3.98461 -45.0096 
vt 3.99311 -45.0111 
vt 3.99311 -44.9889 
vt 3.99324 -44.9889 
vt 3.99324 -45.0111 
vt 4.00647 -45.0074 
vt 4.00647 -44.9926 
vt 4.00265 -45.0096 
vt 4.00265 -44.9904 
vt 3.99324 -45.0111 
vt 3.99324 -44.9889 
vt 4.00879 -45.1061 
vt 4.02086 -45.1056 
vt 4.00879 -45.1061 
vt 4.03527 -44.8969 
vt 4.02037 -44.8946 
vt 4.02037 -44.8946 
vt 3.97963 -44.8946 
vt 3.96473 -44.8969 
vt 4.01895 -45.0626 
vt 3.99353 -45.0639 
vt 3.98853 -44.9357 
vt 4.0128 -45.0281 
vt 4.00272 -45.0099 
vt 4.0119 -45.0149 
vt 4.01154 -45.0024 
vt 4.00348 -45.0208 
vt 4.0128 -45.0281 
vt 3.98484 -45.016 
vt 3.98944 -45.0479 
vt 3.98726 -45.0159 
vt 4.0185 -45.0146 
vt 4.01665 -45.0311 
vt 3.9952 -45.0352 
vt 3.99123 -45.0322 
vt 4.02069 -45.0466 
vt 4.01322 -45.0342 
vt 3.99604 -45.0476 
vt 4.0044 -45.0424 
vt 4.00506 -45.0473 
vt 4.00471 -45.0421 
vt 4.00544 -45.0527 
vt 3.99694 -45.0607 
vt 4.00572 -45.0525 
vt 3.99353 -45.0639 
vt 4.01408 -45.0469 
vt 4.01495 -45.0596 
vt 4.01895 -45.0626 
vt 3.99266 -45.0951 
vt 3.99735 -45.0668 
vt 4.02391 -45.0938 
vt 4.01539 -45.066 
vt 4.02633 -45.0937 
vt 4.01731 -45.0941 
vt 4.00689 -45.0739 
vt 4.01925 -45.1056 
vt 4.01483 -45.1058 
vt 4.02086 -45.1056 
vt 4.00829 -45.0944 
vt 4.00879 -45.1061 
vt 4.00676 -45.0741 
vt 4.00276 -45.1064 
vt 3.99927 -45.0948 
vt 3.99834 -45.1066 
vt 3.99025 -45.0952 
vt 3.99673 -45.1066 
vt 3.98703 -45.048 
vt 3.99123 -45.0322 
vt 3.98872 -44.9675 
vt 3.98872 -44.9675 
vt 4.00506 -45.0473 
vt 3.99097 -44.9011 
vt 3.99177 -44.9329 
vt 4.00061 -44.9254 
vt 4 -44.9011 
vt 3.98436 -44.9011 
vt 4.00125 -44.9249 
vt 4.00903 -44.9011 
vt 4.00981 -44.9322 
vt 3.98853 -44.9357 
vt 4.01564 -44.9011 
vt 4.01398 -44.9357 
vt 3.98564 -44.952 
vt 3.99191 -44.9386 
vt 3.98194 -44.9011 
vt 4.01689 -44.9507 
vt 4.00999 -44.9391 
vt 4.01931 -44.9506 
vt 4.01806 -44.9011 
vt 4.00981 -44.9322 
vt 3.98323 -44.9522 
vt 3.99252 -44.9643 
vt 4.00127 -44.9514 
vt 4.01098 -44.9832 
vt 3.98633 -44.9843 
vt 3.98872 -44.9675 
vt 3.99252 -44.9643 
vt 3.99266 -44.9709 
vt 3.99225 -44.9518 
vt 4.00138 -44.9568 
vt 4.00114 -44.9464 
vt 4.00127 -44.9514 
vt 4.00144 -44.9567 
vt 4.00125 -44.9465 
vt 4.01029 -44.951 
vt 4.01058 -44.9645 
vt 4.01417 -44.9675 
vt 4.01758 -44.9829 
vt 4.0107 -44.9705 
vt 4.01098 -44.9832 
vt 4.00184 -44.978 
vt 4.01135 -44.9962 
vt 4.01513 -44.9994 
vt 4.0024 -44.9886 
vt 4.00196 -44.9836 
vt 4.00144 -44.9783 
vt 4.00211 -44.9888 
vt 3.99294 -44.984 
vt 3.9933 -44.9963 
vt 3.98968 -44.9994 
vt 3.99348 -45.0026 
vt 3.99386 -45.0156 
vt 4.0024 -45.0102 
vt 3.99476 -45.0289 
vt 4.00327 -45.021 
vt 4.00288 -45.0153 
vt 4 -44.8934 
vt 3.97963 -44.8946 
vt 4 -44.9042 
vt 4.02037 -44.8946 
vt 3.97963 -44.9054 
vt 4.02037 -44.9054 
vt 3.96473 -44.8969 
vt 4.03527 -44.8969 
vt 3.96473 -44.9076 
vt 4.03527 -44.9076 
vt 3.99256 -45.1061 
vt 4 -44.8946 
vt 4.01596 -44.8946 
vt 3.98404 -44.8946 
vt 4.01596 -44.8946 
vt 4 -44.8969 
vt 4.0073 -45.0626 
vt 3.99037 -45.0596 
vt 3.9926 -45.0639 
vt 4.0074 -45.0639 
vt 4.00759 -44.9357 
vt 3.99241 -44.9357 
vt 4.00963 -45.0281 
vt 3.99037 -45.0281 
vt 4 -45.016 
vt 4.00556 -45.0479 
vt 4.00556 -45.0159 
vt 4.00732 -45.0322 
vt 4.01112 -45.0473 
vt 4.0074 -45.0639 
vt 4.00556 -45.0951 
vt 4.00963 -45.0668 
vt 4.01112 -45.0944 
vt 4.00963 -45.0948 
vt 4.00372 -45.1066 
vt 4 -45.0952 
vt 4 -45.1066 
vt 3.99628 -45.1066 
vt 4 -45.048 
vt 3.99444 -45.0951 
vt 3.99444 -45.0479 
vt 3.9926 -45.0639 
vt 3.98891 -45.0741 
vt 3.99268 -45.0322 
vt 4.00725 -44.9675 
vt 3.99275 -44.9675 
vt 3.98888 -45.0473 
vt 3.99268 -45.0322 
vt 3.99444 -45.0159 
vt 4 -44.9844 
vt 3.99037 -45.0024 
vt 4.00963 -44.9011 
vt 4.00963 -44.9329 
vt 4.01112 -44.9254 
vt 4.00556 -44.9011 
vt 4.00963 -44.9322 
vt 4.00759 -44.9357 
vt 4.00556 -44.952 
vt 4 -44.9011 
vt 4.00556 -44.9507 
vt 3.99037 -44.9322 
vt 3.99444 -44.9011 
vt 3.99444 -44.952 
vt 4 -44.9522 
vt 3.99037 -44.9643 
vt 3.99275 -44.9675 
vt 3.98888 -44.9514 
vt 3.99444 -44.9843 
vt 3.99037 -44.9832 
vt 3.98888 -44.9836 
vt 3.99265 -44.9994 
vt 4.00556 -44.9843 
vt 4.00725 -44.9675 
vt 4.00556 -44.9829 
vt 4.00736 -44.9994 
vt 4.01112 -44.9888 
vt 4.00735 -44.9994 
vt 4.01596 -44.9054 
vt 4.00922 -44.8969 
vt 4.00922 -44.9076 
vt 4 -44.8985 
vt 4 -44.9093 
vt 3.99078 -44.9076 
vt 3.99078 -44.8969 
vt 4.01483 -45.0064 
vt 4.01483 -44.9936 
vt 4.00879 -44.9926 
vt 4.01925 -44.9963 
vt 4.01925 -45.0037 
vt 4.02086 -45 
vt 4.00879 -45.0074 
vt 4.00276 -45.0064 
vt 4.00276 -44.9936 
vt 3.99834 -44.9963 
vt 3.99834 -45.0037 
vt 3.99673 -45 
vt 4.04073 -45 
vt 4.03527 -45.0092 
vt 4.02037 -45 
vt 4.02037 -44.984 
vt 4 -45.0184 
vt 3.97963 -45.016 
vt 3.96473 -45.0092 
vt 3.96473 -45 
vt 3.95927 -45 
vt 4.01895 -44.9927 
vt 4.01495 -45.0096 
vt 4.01895 -45.0073 
vt 4.01495 -44.9904 
vt 4.00572 -44.9889 
vt 4.00572 -45.0111 
vt 3.99694 -45.0096 
vt 3.99694 -44.9904 
vt 3.99353 -45.0074 
vt 3.99353 -44.9926 
vt 4.00544 -45.0111 
vt 4.00544 -44.9889 
vt 4.00572 -44.9889 
vt 4.00572 -45.0111 
vt 3.98853 -44.9924 
vt 3.98853 -45.0076 
vt 4.0128 -44.9904 
vt 4.0128 -45.0096 
vt 4.01665 -45.0074 
vt 4.01665 -44.9926 
vt 4.00348 -45.0111 
vt 4.00348 -44.9889 
vt 3.99123 -44.9927 
vt 4.02633 -45 
vt 3.99025 -45 
vt 3.99476 -45.0096 
vt 3.99476 -44.9904 
vt 3.99123 -45.0073 
vt 3.99123 -44.9927 
vt 4.00327 -45.0111 
vt 4.00327 -44.9889 
vt 4.00348 -44.9889 
vt 4.00348 -45.0111 
vt 3.98436 -44.9944 
vt 4.00981 -44.9904 
vt 4.01564 -44.9944 
vt 4.01689 -44.9944 
vt 4.00981 -45.0096 
vt 3.98323 -45 
vt 4.00127 -45.0111 
vt 4.00196 -45.0111 
vt 4.01758 -44.9944 
vt 3.98968 -44.9927 
vt 3.97963 -44.984 
vt 4.01135 -44.9904 
vt 4.01135 -45.0096 
vt 4.01513 -45.0074 
vt 4.01513 -44.9926 
vt 4.0024 -45.0111 
vt 4.0024 -44.9889 
vt 3.9933 -45.0096 
vt 3.98968 -44.9927 
vt 3.98968 -45.0073 
vt 3.9933 -44.9904 
vt 4.00211 -45.0111 
vt 4.00211 -44.9889 
vt 4.0024 -44.9889 
vt 4.0024 -45.0111 
vt 4.01417 -44.9925 
vt 4.01058 -45.0096 
vt 4.01417 -45.0075 
vt 4.01058 -44.9904 
vt 4.00144 -45.0111 
vt 4.00144 -44.9889 
vt 3.99252 -45.0096 
vt 3.99252 -44.9904 
vt 3.98872 -45.0072 
vt 3.98872 -44.9928 
vt 4.00138 -45.0111 
vt 4.00138 -44.9889 
vt 4.00144 -44.9889 
vt 4.00144 -45.0111 
vt 4.01398 -45.0071 
vt 4.00981 -44.9904 
vt 4.00981 -45.0096 
vt 4.01398 -44.9929 
vt 4.00125 -44.989 
vt 4.00125 -45.011 
vt 3.99177 -45.0096 
vt 3.98853 -44.9924 
vt 3.98853 -45.0076 
vt 3.99177 -44.9904 
vt 4.00061 -45.0111 
vt 4.00061 -44.9889 
vt 4.00125 -44.989 
vt 4.00125 -45.011 
vt 3.95927 -45 
vt 3.96473 -45.0092 
vt 3.96473 -45 
vt 3.96473 -44.9908 
vt 3.97963 -45 
vt 3.97963 -45.016 
vt 3.97963 -44.984 
vt 4 -45 
vt 4 -45.0184 
vt 4 -44.9816 
vt 4.02037 -45.016 
vt 4.02037 -44.984 
vt 4.02037 -45 
vt 4.03527 -45.0092 
vt 4.03527 -44.9908 
vt 4.03527 -45 
vt 4.04073 -45 
vt 3.97914 -45.1056 
vt 3.9912 -45.1061 
vt 3.96473 -44.8969 
vt 3.97963 -44.8946 
vt 4 -44.8934 
vt 4.02037 -44.8946 
vt 4.03527 -44.8969 
vt 3.98505 -45.0596 
vt 4.00647 -45.0639 
vt 4.00647 -45.0639 
vt 4.01147 -44.9357 
vt 3.9872 -45.0281 
vt 4.01516 -45.016 
vt 4.00877 -45.0322 
vt 3.9815 -45.0146 
vt 3.97367 -45.0937 
vt 3.97914 -45.1056 
vt 3.98075 -45.1056 
vt 4.00975 -45.0952 
vt 4.00327 -45.1066 
vt 4.00166 -45.1066 
vt 4.01298 -45.048 
vt 4.00734 -45.0951 
vt 4.01056 -45.0479 
vt 4.00073 -45.0948 
vt 3.99724 -45.1064 
vt 4.00265 -45.0668 
vt 4.00647 -45.0639 
vt 3.99324 -45.0741 
vt 3.99171 -45.0944 
vt 3.9912 -45.1061 
vt 3.99311 -45.0739 
vt 3.98517 -45.1058 
vt 3.98269 -45.0941 
vt 3.98461 -45.066 
vt 3.97609 -45.0938 
vt 4.00877 -45.0322 
vt 4.01128 -44.9675 
vt 3.98105 -45.0626 
vt 3.97931 -45.0466 
vt 3.98505 -45.0596 
vt 3.98335 -45.0311 
vt 3.98678 -45.0342 
vt 3.9872 -45.0281 
vt 3.98592 -45.0469 
vt 3.99529 -45.0421 
vt 3.99428 -45.0525 
vt 3.99494 -45.0473 
vt 3.9956 -45.0424 
vt 3.99456 -45.0527 
vt 4.00396 -45.0476 
vt 4.0048 -45.0352 
vt 4.00306 -45.0607 
vt 4.00877 -45.0322 
vt 4.01274 -45.0159 
vt 4.00524 -45.0289 
vt 4.00614 -45.0156 
vt 4.00652 -45.0026 
vt 3.99673 -45.021 
vt 3.9976 -45.0102 
vt 3.99712 -45.0153 
vt 3.99652 -45.0208 
vt 3.99728 -45.0099 
vt 3.9881 -45.0149 
vt 3.98846 -45.0024 
vt 3.98069 -44.9506 
vt 3.98194 -44.9011 
vt 3.98436 -44.9011 
vt 3.98311 -44.9507 
vt 3.98602 -44.9357 
vt 3.99019 -44.9322 
vt 3.99097 -44.9011 
vt 3.99875 -44.9249 
vt 4 -44.9011 
vt 3.99939 -44.9254 
vt 4.00903 -44.9011 
vt 4.00823 -44.9329 
vt 4.01564 -44.9011 
vt 4.01147 -44.9357 
vt 4.01436 -44.952 
vt 4.00809 -44.9386 
vt 3.99001 -44.9391 
vt 4.01677 -44.9522 
vt 4.00775 -44.9518 
vt 3.99886 -44.9464 
vt 4.00748 -44.9643 
vt 3.99862 -44.9568 
vt 4.01128 -44.9675 
vt 3.99873 -44.9514 
vt 3.99875 -44.9465 
vt 3.99855 -44.9567 
vt 4.01367 -44.9843 
vt 4.00734 -44.9709 
vt 3.98971 -44.951 
vt 3.98942 -44.9645 
vt 3.98583 -44.9675 
vt 3.98242 -44.9829 
vt 3.9893 -44.9705 
vt 3.98902 -44.9832 
vt 3.99816 -44.978 
vt 3.99804 -44.9836 
vt 3.99855 -44.9783 
vt 3.9976 -44.9886 
vt 3.98865 -44.9962 
vt 3.99789 -44.9888 
vt 3.98487 -44.9994 
vt 4.00706 -44.984 
vt 4.0067 -44.9963 
vt 4.01032 -44.9994 
vt 4.01032 -44.9994 
vt 4.04073 -44.8985 
vt 4.03527 -44.9076 
vt 3.96473 -44.9076 
vt 4.03527 -44.8969 
vt 3.96473 -44.8969 
vt 4.02037 -44.9054 
vt 3.97963 -44.9054 
vt 4.02037 -44.8946 
vt 3.97963 -44.8946 
vt 4 -44.9042 
vt 4 -44.8934 

usemtl Meshpart3Mtl

f 206/206/206 203/203/203 205/205/205 
f 203/203/203 206/206/206 207/207/207 
f 207/207/207 206/206/206 208/208/208 
f 211/211/211 205/205/205 210/210/210 
f 205/205/205 211/211/211 206/206/206 
f 210/210/210 212/212/212 211/211/211 
f 213/213/213 211/211/211 212/212/212 
f 215/215/215 211/211/211 213/213/213 
f 211/211/211 215/215/215 216/216/216 
f 216/216/216 221/221/221 211/211/211 
f 206/206/206 211/211/211 221/221/221 
f 221/221/221 208/208/208 206/206/206 
f 228/228/228 225/225/225 227/227/227 
f 228/228/228 229/229/229 225/225/225 
f 228/228/228 230/230/230 229/229/229 
f 230/230/230 228/228/228 231/231/231 
f 237/237/237 231/231/231 238/238/238 
f 228/228/228 238/238/238 231/231/231 
f 227/227/227 238/238/238 228/228/228 
f 238/238/238 227/227/227 243/243/243 
f 243/243/243 207/207/207 238/238/238 
f 238/238/238 207/207/207 237/237/237 
f 208/208/208 237/237/237 207/207/207 
f 207/207/207 243/243/243 203/203/203 
f 248/248/248 249/249/249 247/247/247 
f 249/249/249 248/248/248 250/250/250 
f 251/251/251 249/249/249 250/250/250 
f 252/252/252 249/249/249 251/251/251 
f 253/253/253 254/254/254 255/255/255 
f 256/256/256 253/253/253 255/255/255 
f 254/254/254 257/257/257 255/255/255 
f 257/257/257 256/256/256 255/255/255 
f 254/254/254 258/258/258 257/257/257 
f 256/256/256 257/257/257 259/259/259 
f 258/258/258 260/260/260 257/257/257 
f 260/260/260 259/259/259 257/257/257 
f 258/258/258 261/261/261 260/260/260 
f 259/259/259 260/260/260 262/262/262 
f 263/263/263 260/260/260 261/261/261 
f 260/260/260 264/264/264 262/262/262 
f 260/260/260 263/263/263 265/265/265 
f 260/260/260 265/265/265 264/264/264 
f 266/266/266 265/265/265 263/263/263 
f 265/265/265 267/267/267 264/264/264 
f 265/265/265 266/266/266 268/268/268 
f 265/265/265 268/268/268 267/267/267 
f 266/266/266 269/269/269 268/268/268 
f 269/269/269 267/267/267 268/268/268 
f 273/273/273 274/274/274 275/275/275 
f 274/274/274 273/273/273 276/276/276 
f 275/275/275 274/274/274 277/277/277 
f 277/277/277 274/274/274 278/278/278 
f 279/279/279 280/280/280 281/281/281 
f 282/282/282 280/280/280 279/279/279 
f 280/280/280 282/282/282 283/283/283 
f 280/280/280 283/283/283 284/284/284 
f 284/284/284 283/283/283 285/285/285 
f 285/285/285 283/283/283 286/286/286 
f 289/289/289 290/290/290 291/291/291 
f 292/292/292 290/290/290 289/289/289 
f 290/290/290 292/292/292 293/293/293 
f 291/291/291 290/290/290 294/294/294 
f 291/291/291 294/294/294 295/295/295 
f 295/295/295 296/296/296 291/291/291 
f 297/297/297 298/298/298 299/299/299 
f 299/299/299 300/300/300 297/297/297 
f 298/298/298 297/297/297 301/301/301 
f 301/301/301 297/297/297 302/302/302 
f 314/314/314 315/315/315 316/316/316 
f 317/317/317 315/315/315 314/314/314 
f 315/315/315 317/317/317 318/318/318 
f 315/315/315 318/318/318 319/319/319 
f 319/319/319 318/318/318 320/320/320 
f 320/320/320 318/318/318 321/321/321 
f 322/322/322 323/323/323 324/324/324 
f 325/325/325 324/324/324 323/323/323 
f 324/324/324 325/325/325 326/326/326 
f 326/326/326 325/325/325 327/327/327 
f 328/328/328 329/329/329 330/330/330 
f 331/331/331 329/329/329 328/328/328 
f 329/329/329 331/331/331 332/332/332 
f 329/329/329 332/332/332 333/333/333 
f 333/333/333 332/332/332 334/334/334 
f 334/334/334 332/332/332 335/335/335 
f 336/336/336 337/337/337 338/338/338 
f 339/339/339 338/338/338 337/337/337 
f 338/338/338 339/339/339 340/340/340 
f 340/340/340 339/339/339 341/341/341 
f 342/342/342 343/343/343 344/344/344 
f 345/345/345 343/343/343 342/342/342 
f 343/343/343 345/345/345 346/346/346 
f 343/343/343 346/346/346 347/347/347 
f 347/347/347 346/346/346 348/348/348 
f 348/348/348 346/346/346 349/349/349 
f 350/350/350 351/351/351 352/352/352 
f 353/353/353 352/352/352 351/351/351 
f 352/352/352 353/353/353 354/354/354 
f 354/354/354 353/353/353 355/355/355 
f 368/368/368 369/369/369 370/370/370 
f 371/371/371 372/372/372 369/369/369 
f 376/376/376 370/370/370 369/369/369 
f 372/372/372 376/376/376 369/369/369 
f 376/376/376 372/372/372 377/377/377 
f 378/378/378 379/379/379 374/374/374 
f 380/380/380 376/376/376 377/377/377 
f 381/381/381 380/380/380 377/377/377 
f 374/374/374 382/382/382 378/378/378 
f 378/378/378 382/382/382 383/383/383 
f 382/382/382 384/384/384 383/383/383 
f 384/384/384 385/385/385 383/383/383 
f 386/386/386 384/384/384 382/382/382 
f 387/387/387 386/386/386 382/382/382 
f 387/387/387 382/382/382 374/374/374 
f 384/384/384 386/386/386 388/388/388 
f 389/389/389 387/387/387 374/374/374 
f 390/390/390 385/385/385 384/384/384 
f 390/390/390 384/384/384 388/388/388 
f 385/385/385 390/390/390 381/381/381 
f 388/388/388 391/391/391 390/390/390 
f 380/380/380 381/381/381 390/390/390 
f 391/391/391 380/380/380 390/390/390 
f 380/380/380 391/391/391 392/392/392 
f 374/374/374 393/393/393 389/389/389 
f 393/393/393 394/394/394 389/389/389 
f 395/395/395 380/380/380 392/392/392 
f 396/396/396 395/395/395 392/392/392 
f 395/395/395 396/396/396 398/398/398 
f 399/399/399 398/398/398 396/396/396 
f 398/398/398 400/400/400 395/395/395 
f 400/400/400 398/398/398 401/401/401 
f 398/398/398 399/399/399 403/403/403 
f 403/403/403 401/401/401 398/398/398 
f 401/401/401 403/403/403 404/404/404 
f 405/405/405 403/403/403 399/399/399 
f 404/404/404 403/403/403 406/406/406 
f 403/403/403 405/405/405 407/407/407 
f 403/403/403 407/407/407 406/406/406 
f 394/394/394 407/407/407 405/405/405 
f 406/406/406 407/407/407 408/408/408 
f 407/407/407 394/394/394 393/393/393 
f 407/407/407 393/393/393 408/408/408 
f 416/416/416 417/417/417 418/418/418 
f 416/416/416 418/418/418 419/419/419 
f 420/420/420 417/417/417 416/416/416 
f 421/421/421 419/419/419 418/418/418 
f 419/419/419 421/421/421 422/422/422 
f 423/423/423 422/422/422 421/421/421 
f 417/417/417 420/420/420 424/424/424 
f 425/425/425 422/422/422 423/423/423 
f 425/425/425 423/423/423 426/426/426 
f 420/420/420 427/427/427 424/424/424 
f 428/428/428 424/424/424 427/427/427 
f 430/430/430 425/425/425 426/426/426 
f 426/426/426 431/431/431 430/430/430 
f 427/427/427 439/439/439 440/440/440 
f 440/440/440 441/441/441 427/427/427 
f 439/439/439 442/442/442 440/440/440 
f 441/441/441 443/443/443 427/427/427 
f 427/427/427 443/443/443 428/428/428 
f 441/441/441 444/444/444 443/443/443 
f 428/428/428 443/443/443 445/445/445 
f 444/444/444 446/446/446 443/443/443 
f 445/445/445 443/443/443 446/446/446 
f 446/446/446 444/444/444 447/447/447 
f 445/445/445 446/446/446 448/448/448 
f 449/449/449 446/446/446 447/447/447 
f 446/446/446 449/449/449 448/448/448 
f 431/431/431 448/448/448 449/449/449 
f 447/447/447 450/450/450 449/449/449 
f 449/449/449 430/430/430 431/431/431 
f 450/450/450 430/430/430 449/449/449 
f 430/430/430 450/450/450 451/451/451 
f 452/452/452 430/430/430 451/451/451 
f 453/453/453 452/452/452 451/451/451 
f 452/452/452 453/453/453 454/454/454 
f 455/455/455 454/454/454 453/453/453 
f 456/456/456 452/452/452 454/454/454 
f 452/452/452 456/456/456 457/457/457 
f 458/458/458 456/456/456 454/454/454 
f 376/376/376 452/452/452 457/457/457 
f 370/370/370 376/376/376 457/457/457 
f 454/454/454 455/455/455 459/459/459 
f 454/454/454 459/459/459 458/458/458 
f 459/459/459 455/455/455 460/460/460 
f 459/459/459 461/461/461 458/458/458 
f 462/462/462 459/459/459 460/460/460 
f 461/461/461 459/459/459 462/462/462 
f 442/442/442 462/462/462 460/460/460 
f 463/463/463 461/461/461 462/462/462 
f 439/439/439 462/462/462 442/442/442 
f 463/463/463 462/462/462 439/439/439 
f 464/464/464 463/463/463 439/439/439 
f 439/439/439 375/375/375 464/464/464 
f 375/375/375 465/465/465 464/464/464 
f 375/375/375 466/466/466 465/465/465 
f 465/465/465 466/466/466 467/467/467 
f 468/468/468 466/466/466 375/375/375 
f 468/468/468 469/469/469 466/466/466 
f 468/468/468 375/375/375 379/379/379 
f 469/469/469 470/470/470 466/466/466 
f 466/466/466 470/470/470 467/467/467 
f 470/470/470 469/469/469 371/371/371 
f 470/470/470 368/368/368 467/467/467 
f 375/375/375 374/374/374 379/379/379 
f 369/369/369 470/470/470 371/371/371 
f 369/369/369 368/368/368 470/470/470 
f 471/471/471 472/472/472 473/473/473 
f 473/473/473 474/474/474 471/471/471 
f 475/475/475 473/473/473 472/472/472 
f 474/474/474 473/473/473 476/476/476 
f 472/472/472 477/477/477 475/475/475 
f 476/476/476 478/478/478 474/474/474 
f 479/479/479 475/475/475 477/477/477 
f 478/478/478 476/476/476 480/480/480 
f 495/495/495 496/496/496 497/497/497 
f 506/506/506 505/505/505 501/501/501 
f 505/505/505 506/506/506 507/507/507 
f 506/506/506 508/508/508 507/507/507 
f 501/501/501 509/509/509 506/506/506 
f 509/509/509 501/501/501 496/496/496 
f 496/496/496 495/495/495 509/509/509 
f 509/509/509 510/510/510 506/506/506 
f 508/508/508 506/506/506 510/510/510 
f 495/495/495 511/511/511 509/509/509 
f 510/510/510 509/509/509 511/511/511 
f 511/511/511 495/495/495 519/519/519 
f 520/520/520 519/519/519 495/495/495 
f 529/529/529 528/528/528 525/525/525 
f 533/533/533 529/529/529 532/532/532 
f 529/529/529 533/533/533 534/534/534 
f 529/529/529 534/534/534 528/528/528 
f 538/538/538 534/534/534 533/533/533 
f 519/519/519 520/520/520 538/538/538 
f 534/534/534 538/538/538 520/520/520 
f 542/542/542 534/534/534 520/520/520 
f 534/534/534 542/542/542 528/528/528 
f 520/520/520 497/497/497 542/542/542 
f 497/497/497 520/520/520 495/495/495 
f 550/550/550 549/549/549 551/551/551 
f 551/551/551 552/552/552 550/550/550 
f 551/551/551 553/553/553 552/552/552 
f 553/553/553 551/551/551 554/554/554 
f 555/555/555 556/556/556 557/557/557 
f 556/556/556 555/555/555 558/558/558 
f 559/559/559 558/558/558 555/555/555 
f 558/558/558 559/559/559 560/560/560 
f 555/555/555 557/557/557 561/561/561 
f 561/561/561 557/557/557 562/562/562 
f 562/562/562 557/557/557 563/563/563 
f 562/562/562 563/563/563 564/564/564 
f 564/564/564 565/565/565 562/562/562 
f 565/565/565 564/564/564 566/566/566 
f 576/576/576 577/577/577 578/578/578 
f 579/579/579 577/577/577 576/576/576 
f 577/577/577 579/579/579 580/580/580 
f 577/577/577 580/580/580 581/581/581 
f 582/582/582 583/583/583 584/584/584 
f 584/584/584 583/583/583 585/585/585 
f 586/586/586 583/583/583 582/582/582 
f 586/586/586 587/587/587 583/583/583 
f 587/587/587 586/586/586 588/588/588 
f 588/588/588 586/586/586 589/589/589 
f 592/592/592 593/593/593 594/594/594 
f 592/592/592 594/594/594 595/595/595 
f 593/593/593 592/592/592 596/596/596 
f 596/596/596 592/592/592 597/597/597 
f 601/601/601 602/602/602 603/603/603 
f 603/603/603 602/602/602 604/604/604 
f 605/605/605 602/602/602 601/601/601 
f 605/605/605 606/606/606 602/602/602 
f 606/606/606 605/605/605 607/607/607 
f 607/607/607 605/605/605 608/608/608 
f 620/620/620 621/621/621 622/622/622 
f 620/620/620 622/622/622 623/623/623 
f 621/621/621 620/620/620 624/624/624 
f 624/624/624 620/620/620 625/625/625 
f 626/626/626 627/627/627 628/628/628 
f 627/627/627 626/626/626 629/629/629 
f 630/630/630 629/629/629 626/626/626 
f 630/630/630 631/631/631 629/629/629 
f 631/631/631 630/630/630 632/632/632 
f 632/632/632 630/630/630 633/633/633 
f 634/634/634 635/635/635 636/636/636 
f 637/637/637 635/635/635 634/634/634 
f 635/635/635 637/637/637 638/638/638 
f 638/638/638 637/637/637 639/639/639 
f 640/640/640 641/641/641 642/642/642 
f 642/642/642 641/641/641 643/643/643 
f 644/644/644 641/641/641 640/640/640 
f 644/644/644 645/645/645 641/641/641 
f 645/645/645 644/644/644 646/646/646 
f 646/646/646 644/644/644 647/647/647 
f 648/648/648 649/649/649 650/650/650 
f 649/649/649 648/648/648 651/651/651 
f 650/650/650 649/649/649 652/652/652 
f 650/650/650 652/652/652 653/653/653 
f 654/654/654 655/655/655 656/656/656 
f 655/655/655 654/654/654 657/657/657 
f 658/658/658 657/657/657 654/654/654 
f 658/658/658 659/659/659 657/657/657 
f 659/659/659 658/658/658 660/660/660 
f 660/660/660 658/658/658 661/661/661 
f 662/662/662 663/663/663 664/664/664 
f 665/665/665 662/662/662 664/664/664 
f 663/663/663 666/666/666 664/664/664 
f 666/666/666 665/665/665 664/664/664 
f 663/663/663 667/667/667 666/666/666 
f 665/665/665 666/666/666 668/668/668 
f 667/667/667 669/669/669 666/666/666 
f 669/669/669 668/668/668 666/666/666 
f 667/667/667 670/670/670 669/669/669 
f 668/668/668 669/669/669 671/671/671 
f 672/672/672 669/669/669 670/670/670 
f 669/669/669 673/673/673 671/671/671 
f 669/669/669 672/672/672 674/674/674 
f 669/669/669 674/674/674 673/673/673 
f 675/675/675 674/674/674 672/672/672 
f 674/674/674 676/676/676 673/673/673 
f 674/674/674 675/675/675 677/677/677 
f 674/674/674 677/677/677 676/676/676 
f 675/675/675 678/678/678 677/677/677 
f 678/678/678 676/676/676 677/677/677 
f 703/703/703 699/699/699 701/701/701 
f 699/699/699 703/703/703 704/704/704 
f 705/705/705 703/703/703 701/701/701 
f 705/705/705 701/701/701 706/706/706 
f 701/701/701 702/702/702 706/706/706 
f 703/703/703 705/705/705 707/707/707 
f 708/708/708 704/704/704 703/703/703 
f 707/707/707 708/708/708 703/703/703 
f 704/704/704 708/708/708 709/709/709 
f 708/708/708 707/707/707 710/710/710 
f 708/708/708 711/711/711 709/709/709 
f 710/710/710 712/712/712 708/708/708 
f 712/712/712 711/711/711 708/708/708 
f 712/712/712 710/710/710 713/713/713 
f 712/712/712 696/696/696 711/711/711 
f 713/713/713 714/714/714 712/712/712 
f 714/714/714 696/696/696 712/712/712 
f 714/714/714 713/713/713 717/717/717 
f 718/718/718 714/714/714 717/717/717 
f 717/717/717 719/719/719 718/718/718 
f 693/693/693 718/718/718 720/720/720 
f 721/721/721 720/720/720 718/718/718 
f 722/722/722 693/693/693 720/720/720 
f 721/721/721 718/718/718 723/723/723 
f 718/718/718 719/719/719 723/723/723 
f 723/723/723 724/724/724 721/721/721 
f 719/719/719 725/725/725 723/723/723 
f 724/724/724 723/723/723 726/726/726 
f 726/726/726 723/723/723 725/725/725 
f 724/724/724 726/726/726 727/727/727 
f 728/728/728 726/726/726 725/725/725 
f 726/726/726 729/729/729 727/727/727 
f 728/728/728 729/729/729 726/726/726 
f 730/730/730 727/727/727 729/729/729 
f 729/729/729 728/728/728 731/731/731 
f 730/730/730 729/729/729 702/702/702 
f 731/731/731 702/702/702 729/729/729 
f 731/731/731 706/706/706 702/702/702 
f 732/732/732 730/730/730 702/702/702 
f 702/702/702 733/733/733 732/732/732 
f 733/733/733 734/734/734 732/732/732 
f 734/734/734 733/733/733 735/735/735 
f 736/736/736 735/735/735 733/733/733 
f 735/735/735 737/737/737 734/734/734 
f 736/736/736 738/738/738 735/735/735 
f 737/737/737 735/735/735 739/739/739 
f 739/739/739 735/735/735 738/738/738 
f 739/739/739 740/740/740 737/737/737 
f 741/741/741 739/739/739 738/738/738 
f 742/742/742 740/740/740 739/739/739 
f 741/741/741 742/742/742 739/739/739 
f 742/742/742 722/722/722 740/740/740 
f 742/742/742 741/741/741 743/743/743 
f 693/693/693 722/722/722 742/742/742 
f 743/743/743 693/693/693 742/742/742 
f 746/746/746 747/747/747 748/748/748 
f 749/749/749 746/746/746 748/748/748 
f 746/746/746 749/749/749 750/750/750 
f 750/750/750 749/749/749 751/751/751 
f 751/751/751 752/752/752 750/750/750 
f 752/752/752 751/751/751 753/753/753 
f 753/753/753 754/754/754 752/752/752 
f 754/754/754 753/753/753 755/755/755 
f 754/754/754 755/755/755 756/756/756 
f 756/756/756 755/755/755 757/757/757 
f 758/758/758 756/756/756 757/757/757 
f 757/757/757 759/759/759 758/758/758 
f 760/760/760 748/748/748 747/747/747 
f 759/759/759 762/762/762 758/758/758 
f 759/759/759 763/763/763 762/762/762 
f 758/758/758 762/762/762 764/764/764 
f 762/762/762 765/765/765 764/764/764 
f 764/764/764 766/766/766 758/758/758 
f 763/763/763 767/767/767 762/762/762 
f 765/765/765 762/762/762 767/767/767 
f 767/767/767 763/763/763 768/768/768 
f 767/767/767 769/769/769 765/765/765 
f 770/770/770 758/758/758 766/766/766 
f 771/771/771 770/770/770 766/766/766 
f 772/772/772 767/767/767 768/768/768 
f 772/772/772 769/769/769 767/767/767 
f 768/768/768 760/760/760 772/772/772 
f 772/772/772 773/773/773 769/769/769 
f 760/760/760 747/747/747 772/772/772 
f 747/747/747 773/773/773 772/772/772 
f 773/773/773 747/747/747 774/774/774 
f 747/747/747 775/775/775 774/774/774 
f 776/776/776 774/774/774 775/775/775 
f 776/776/776 775/775/775 777/777/777 
f 777/777/777 778/778/778 776/776/776 
f 778/778/778 777/777/777 779/779/779 
f 778/778/778 779/779/779 780/780/780 
f 777/777/777 781/781/781 779/779/779 
f 777/777/777 782/782/782 781/781/781 
f 775/775/775 782/782/782 777/777/777 
f 779/779/779 781/781/781 783/783/783 
f 782/782/782 775/775/775 784/784/784 
f 779/779/779 785/785/785 780/780/780 
f 783/783/783 785/785/785 779/779/779 
f 771/771/771 780/780/780 785/785/785 
f 785/785/785 783/783/783 786/786/786 
f 771/771/771 785/785/785 770/770/770 
f 770/770/770 785/785/785 786/786/786 
f 786/786/786 787/787/787 770/770/770 
f 775/775/775 693/693/693 784/784/784 
f 743/743/743 784/784/784 693/693/693 
f 733/733/733 770/770/770 787/787/787 
f 736/736/736 733/733/733 787/787/787 
f 792/792/792 794/794/794 790/790/790 
f 795/795/795 793/793/793 791/791/791 
f 794/794/794 792/792/792 796/796/796 
f 793/793/793 795/795/795 797/797/797 
f 796/796/796 798/798/798 794/794/794 
f 798/798/798 797/797/797 795/795/795 
f 798/798/798 796/796/796 799/799/799 
f 797/797/797 798/798/798 799/799/799 

g Meshpart4

v -370.833 5.4079 -0.608253 
v -370.96 5.44838 -0.117146 
v -370.96 5.45069 -0.117018 
v -371.555 5.64707 0.327583 
v -370.833 5.4079 -0.608253 
v -372.684 6.02973 -0.872036 
v -370.96 5.44838 -0.117146 
v -371.313 5.56624 0.253731 
v -370.96 5.45053 -1.09948 
v -372.299 5.89551 0.237572 
v -371.811 5.73243 0.386575 
v -372.476 5.95447 0.0520186 
v -372.749 6.04571 -0.608253 
v -372.635 6.0076 -0.132502 
v -371.545 5.64707 -1.54135 
v -371.313 5.56913 -1.47051 
v -372.46 5.95447 -1.28435 
v -372.633 6.01273 -1.08311 
v -371.811 5.73639 -1.60264 
v -372.299 5.90037 -1.45361 

vn 0.314961 0.944882 0 
vn 0.314961 0.944882 0 
vn 0.314961 0.944882 0 
vn 0.314961 0.944882 0 
vn 0.314961 0.944882 0 
vn 0.314961 0.944882 0 
vn 0.314961 0.944882 0 
vn 0.314961 0.944882 0 
vn 0.314961 0.944882 0 
vn 0.314961 0.944882 0 
vn 0.314961 0.944882 0 
vn 0.314961 0.944882 0 
vn 0.314961 0.944882 0 
vn 0.314961 0.944882 0 
vn 0.314961 0.944882 0 
vn 0.314961 0.944882 0 
vn 0.314961 0.944882 0 
vn 0.314961 0.944882 0 
vn 0.314961 0.944882 0 
vn 0.314961 0.944882 0 

vt 7.99997 -25.0399 
vt 8.06136 -25.0348 
vt 8.06138 -25.0345 
vt 8.02948 -25.117 
vt 8.11974 -25 
vt 7.88839 -24.967 
vt 8.10386 -25.0614 
vt 8.05974 -25.1077 
vt 8.10388 -24.9386 
vt 7.93649 -25.1057 
vt 7.99753 -25.1243 
vt 7.91441 -25.0825 
vt 7.88026 -25 
vt 7.89453 -25.0594 
vt 8.03076 -24.8833 
vt 8.05976 -24.8922 
vt 7.91639 -24.9155 
vt 7.89472 -24.9406 
vt 7.99753 -24.8757 
vt 7.93652 -24.8943 

usemtl Meshpart4Mtl

f 800/800/800 801/801/801 802/802/802 
f 803/803/803 804/804/804 805/805/805 
f 804/804/804 803/803/803 806/806/806 
f 806/806/806 803/803/803 807/807/807 
f 805/805/805 804/804/804 808/808/808 
f 803/803/803 809/809/809 810/810/810 
f 809/809/809 803/803/803 811/811/811 
f 803/803/803 805/805/805 811/811/811 
f 811/811/811 805/805/805 812/812/812 
f 811/811/811 812/812/812 813/813/813 
f 814/814/814 805/805/805 808/808/808 
f 814/814/814 808/808/808 815/815/815 
f 805/805/805 814/814/814 816/816/816 
f 805/805/805 816/816/816 817/817/817 
f 816/816/816 814/814/814 818/818/818 
f 816/816/816 818/818/818 819/819/819 

g Meshpart5

v -372.749 6.04589 -0.608204 
v -372.809 6.07206 -0.913195 
v -372.884 6.09044 -0.609994 
v -372.684 6.0299 -0.871987 
v -372.635 6.00778 -0.132453 
v -372.634 6.0129 -1.08306 
v -372.753 6.04663 -0.0631556 
v -372.751 6.05252 -1.1558 
v -372.57 5.98556 0.148937 
v -372.551 5.98556 -1.38712 
v -372.476 5.95465 0.0520677 
v -372.46 5.95465 -1.28431 
v -372.3 5.89568 0.237621 
v -372.299 5.90055 -1.45356 
v -372.367 5.91778 0.362218 
v -372.366 5.92338 -1.58167 
v -371.811 5.73261 0.386624 
v -371.811 5.73656 -1.60259 
v -371.805 5.73034 0.533485 
v -371.805 5.73489 -1.75297 
v -371.512 5.63223 0.465679 
v -371.5 5.63223 -1.68252 
v -371.556 5.64724 0.327632 
v -371.545 5.64724 -1.5413 
v -371.314 5.56642 0.25378 
v -371.313 5.5693 -1.47046 
v -371.233 5.53932 0.380791 
v -370.961 5.44856 -0.117097 
v -370.828 5.40385 -0.0455046 
v -371.233 5.54264 -1.6011 
v -370.827 5.40631 -1.17462 
v -370.96 5.4507 -1.09943 
v -370.682 5.35732 -0.609994 
v -370.833 5.40807 -0.608203 
v -370.827 5.4065 -0.0453568 
v -370.96 5.45086 -0.116969 
v -370.827 5.4065 -0.0453568 
v -370.961 5.44856 -0.117097 
v -370.828 5.40385 -0.0455046 
v -370.96 5.45086 -0.116969 

vn 0.314961 0.952756 0.00787402 
vn 0.314961 0.944882 0.00787402 
vn 0.314961 0.952756 0.00787402 
vn 0.314961 0.944882 0.00787402 
vn 0.314961 0.952756 0 
vn 0.322835 0.944882 0 
vn 0.314961 0.952756 0 
vn 0.322835 0.944882 0 
vn 0.314961 0.952756 0 
vn 0.322835 0.944882 0 
vn 0.314961 0.952756 0 
vn 0.322835 0.944882 0 
vn 0.314961 0.944882 0 
vn 0.322835 0.944882 0 
vn 0.314961 0.944882 0 
vn 0.322835 0.944882 0 
vn 0.314961 0.944882 0 
vn 0.314961 0.944882 0 
vn 0.314961 0.944882 0 
vn 0.314961 0.944882 0 
vn 0.314961 0.944882 0 
vn 0.314961 0.944882 0 
vn 0.314961 0.944882 0 
vn 0.314961 0.944882 0 
vn 0.314961 0.944882 0 
vn 0.314961 0.944882 0 
vn 0.314961 0.944882 0 
vn 0.314961 0.944882 0 
vn 0.314961 0.944882 0 
vn 0.314961 0.944882 0 
vn 0.314961 0.944882 0 
vn 0.314961 0.944882 0 
vn 0.314961 0.944882 0 
vn 0.314961 0.944882 0 
vn 0.314961 0.944882 0 
vn 0.314961 0.944882 0 
vn -0.472441 0 0.88189 
vn -0.472441 0 0.88189 
vn -0.472441 0 0.88189 
vn -0.472441 0 0.88189 

vt 5.87916 -49.0002 
vt 5.87172 -48.9621 
vt 5.86237 -49 
vt 5.8873 -48.9672 
vt 5.89343 -49.0597 
vt 5.89362 -48.9408 
vt 5.87876 -49.0683 
vt 5.87899 -48.9317 
vt 5.90162 -49.0948 
vt 5.9039 -48.9028 
vt 5.91332 -49.0827 
vt 5.91529 -48.9157 
vt 5.93539 -49.1059 
vt 5.93542 -48.8945 
vt 5.927 -49.1215 
vt 5.92703 -48.8785 
vt 5.99643 -49.1245 
vt 5.99643 -48.8759 
vt 5.99716 -49.1429 
vt 5.99716 -48.8571 
vt 6.03389 -49.1344 
vt 6.03536 -48.8659 
vt 6.02838 -49.1172 
vt 6.02966 -48.8836 
vt 6.05864 -49.1079 
vt 6.05866 -48.8924 
vt 6.06866 -49.1238 
vt 6.10276 -49.0616 
vt 6.11937 -49.0705 
vt 6.06869 -48.8761 
vt 6.1194 -48.9294 
vt 6.10278 -48.9388 
vt 6.13763 -49 
vt 6.11864 -49.0002 
vt 6.11941 -49.0705 
vt 6.10279 -49.0616 
vt 6.11941 -49.0397 
vt 6.10276 -49.0344 
vt 6.11937 -49.04 
vt 6.10279 -49.0341 

usemtl Meshpart5Mtl

f 820/820/820 821/821/821 822/822/822 
f 821/821/821 820/820/820 823/823/823 
f 822/822/822 824/824/824 820/820/820 
f 825/825/825 821/821/821 823/823/823 
f 824/824/824 822/822/822 826/826/826 
f 821/821/821 825/825/825 827/827/827 
f 828/828/828 824/824/824 826/826/826 
f 829/829/829 827/827/827 825/825/825 
f 824/824/824 828/828/828 830/830/830 
f 829/829/829 825/825/825 831/831/831 
f 832/832/832 830/830/830 828/828/828 
f 833/833/833 829/829/829 831/831/831 
f 828/828/828 834/834/834 832/832/832 
f 829/829/829 833/833/833 835/835/835 
f 836/836/836 832/832/832 834/834/834 
f 837/837/837 835/835/835 833/833/833 
f 834/834/834 838/838/838 836/836/836 
f 835/835/835 837/837/837 839/839/839 
f 840/840/840 836/836/836 838/838/838 
f 837/837/837 841/841/841 839/839/839 
f 836/836/836 840/840/840 842/842/842 
f 841/841/841 837/837/837 843/843/843 
f 840/840/840 844/844/844 842/842/842 
f 845/845/845 841/841/841 843/843/843 
f 844/844/844 840/840/840 846/846/846 
f 846/846/846 847/847/847 844/844/844 
f 847/847/847 846/846/846 848/848/848 
f 841/841/841 845/845/845 849/849/849 
f 845/845/845 850/850/850 849/849/849 
f 850/850/850 845/845/845 851/851/851 
f 852/852/852 850/850/850 851/851/851 
f 852/852/852 851/851/851 853/853/853 
f 854/854/854 852/852/852 853/853/853 
f 853/853/853 855/855/855 854/854/854 
f 856/856/856 857/857/857 858/858/858 
f 857/857/857 856/856/856 859/859/859 

g Meshpart6

v -372.771 5.98554 -0.0525728 
v -372.959 5.6322 -0.610107 
v -372.805 5.6322 -0.0329053 
v -372.771 5.27886 -0.0525728 
v -372.92 5.98554 -0.610107 
v -372.752 6.04661 -0.0632684 
v -372.883 6.09041 -0.610107 
v -372.92 5.27886 -0.610107 
v -372.671 4.94961 -0.110236 
v -372.805 4.94961 -0.610107 
v -372.512 4.66686 -0.201964 
v -372.621 4.66686 -0.610107 
v -372.382 4.44991 -0.610107 
v -372.512 4.66686 -1.01825 
v -372.305 4.94961 -1.47591 
v -372.671 4.94961 -1.10998 
v -372.771 5.27886 -1.16764 
v -372.382 5.6322 -1.60985 
v -372.805 5.6322 -1.18731 
v -372.551 5.98554 -1.38724 
v -372.366 5.92335 -1.58178 
v -371.805 4.66686 -1.42639 
v -371.397 4.66686 -1.31703 
v -371.805 4.94961 -1.60985 
v -371.305 4.94961 -1.47591 
v -371.805 5.27886 -1.72518 
v -371.247 5.27886 -1.57578 
v -371.499 5.6322 -1.68263 
v -371.233 5.54261 -1.60121 
v -371.805 5.6322 -1.76451 
v -371.805 5.73487 -1.75308 
v -372.213 4.66686 -1.31703 
v -372.512 4.66686 -1.01825 
v -372.305 4.94961 -1.47591 
v -372.671 4.94961 -1.10998 
v -372.362 5.27886 -1.57578 
v -372.771 5.27886 -1.16764 
v -372.382 5.6322 -1.60985 
v -372.805 5.6322 -1.18731 
v -372.551 5.98554 -1.38724 
v -372.366 5.92335 -1.58178 
v -372.771 5.98554 -1.16764 
v -372.75 6.0525 -1.15591 
v -370.939 4.94961 -0.110236 
v -371.247 5.27886 0.35557 
v -370.839 5.27886 -0.0525738 
v -370.827 5.40382 -0.0456174 
v -370.989 4.66686 -0.610107 
v -371.098 4.66686 -1.01825 
v -370.805 4.94961 -0.610107 
v -370.939 4.94961 -1.10998 
v -370.69 5.27886 -0.610107 
v -370.839 5.27886 -1.16764 
v -370.681 5.35729 -0.610107 
v -370.827 5.40629 -1.17473 
v -371.805 4.26701 -0.610107 
v -371.546 4.31353 -0.460717 
v -371.656 4.31353 -0.351354 
v -371.516 4.44991 -0.110236 
v -371.305 4.44991 -0.321506 
v -371.397 4.66686 0.0968174 
v -371.098 4.66686 -0.201964 
v -371.305 4.44991 -0.898708 
v -371.506 4.31353 -0.610107 
v -371.546 4.31353 -0.759498 
v -371.805 4.26701 -0.610107 
v -371.228 4.44991 -0.610107 
v -370.989 4.66686 -0.610107 
v -371.098 4.66686 -1.01825 
v -372.094 4.44991 -0.110236 
v -371.805 4.31353 -0.311325 
v -371.805 4.44991 -0.0329052 
v -371.805 4.66686 0.206179 
v -371.954 4.31353 -0.351354 
v -371.805 4.26701 -0.610107 
v -372.213 4.66686 0.0968173 
v -371.805 4.94961 0.389635 
v -371.805 4.66686 -1.42639 
v -371.397 4.66686 -1.31703 
v -371.805 4.44991 -1.18731 
v -371.516 4.44991 -1.10998 
v -371.656 4.31353 -0.868859 
v -371.805 4.31353 -0.908888 
v -371.805 4.26701 -0.610107 
v -372.805 4.94961 -0.610107 
v -372.512 4.66686 -0.201964 
v -372.621 4.66686 -0.610107 
v -372.382 4.44991 -0.610107 
v -372.305 4.44991 -0.321506 
v -372.064 4.31353 -0.460717 
v -372.104 4.31353 -0.610107 
v -371.805 4.26701 -0.610107 
v -372.213 4.66686 -1.31703 
v -372.512 4.66686 -1.01825 
v -372.305 4.94961 -1.47591 
v -372.094 4.44991 -1.10998 
v -372.305 4.44991 -0.898708 
v -371.954 4.31353 -0.868859 
v -372.064 4.31353 -0.759498 
v -371.805 4.26701 -0.610107 
v -371.805 4.26701 -0.610107 
v -371.397 4.66686 0.0968174 
v -371.098 4.66686 -0.201964 
v -371.305 4.94961 0.255695 
v -370.939 4.94961 -0.110236 
v -371.247 5.27886 0.35557 
v -370.827 5.40382 -0.0456174 
v -371.233 5.5393 0.380678 
v -372.094 4.44991 -0.110236 
v -371.805 4.44991 -0.0329052 
v -371.805 4.66686 0.206179 
v -372.213 4.66686 0.0968173 
v -371.805 4.94961 0.389635 
v -372.305 4.94961 0.255696 
v -371.805 5.27886 0.50496 
v -372.362 5.27886 0.35557 
v -371.805 5.6322 0.544295 
v -372.382 5.6322 0.389635 
v -371.805 5.73032 0.533372 
v -372.366 5.91776 0.362105 

vn -0.944882 0.212598 0.251969 
vn -0.968504 0 0.259843 
vn -0.968504 0 0.259843 
vn -0.944882 -0.212598 0.251969 
vn -0.944882 0.212598 0.251969 
vn -0.913386 0.322835 0.244094 
vn -0.913386 0.322835 0.244094 
vn -0.944882 -0.212598 0.251969 
vn -0.874016 -0.417323 0.23622 
vn -0.874016 -0.417323 0.23622 
vn -0.755906 -0.622047 0.204724 
vn -0.755906 -0.622047 0.204724 
vn -0.566929 -0.80315 0.149606 
vn -0.551181 -0.622047 -0.551181 
vn -0.637795 -0.417323 -0.637795 
vn -0.637795 -0.417323 -0.637795 
vn -0.692913 -0.212598 -0.692913 
vn -0.708661 0 -0.708661 
vn -0.708661 0 -0.708661 
vn -0.700787 0.125984 -0.700787 
vn -0.700787 0.110236 -0.700787 
vn 0.204724 -0.622047 -0.755906 
vn 0.204724 -0.622047 -0.755906 
vn 0.23622 -0.417323 -0.874016 
vn 0.23622 -0.417323 -0.874016 
vn 0.251969 -0.212598 -0.944882 
vn 0.251969 -0.212598 -0.944882 
vn 0.259843 -0.0866142 -0.96063 
vn 0.259843 -0.110236 -0.96063 
vn 0.259843 0 -0.968504 
vn 0.259843 0.110236 -0.96063 
vn -0.551181 -0.622047 -0.551181 
vn -0.551181 -0.622047 -0.551181 
vn -0.637795 -0.417323 -0.637795 
vn -0.637795 -0.417323 -0.637795 
vn -0.692913 -0.212598 -0.692913 
vn -0.692913 -0.212598 -0.692913 
vn -0.708661 0 -0.708661 
vn -0.708661 0 -0.708661 
vn -0.700787 0.125984 -0.700787 
vn -0.700787 0.110236 -0.700787 
vn -0.692913 0.212598 -0.692913 
vn -0.669291 0.322835 -0.669291 
vn 0.637795 -0.417323 0.637795 
vn 0.692913 -0.212598 0.692913 
vn 0.692913 -0.212598 0.692913 
vn 0.700787 -0.110236 0.700787 
vn 0.755906 -0.622047 -0.204724 
vn 0.755906 -0.622047 -0.204724 
vn 0.874016 -0.417323 -0.23622 
vn 0.874016 -0.417323 -0.23622 
vn 0.944882 -0.212598 -0.251969 
vn 0.944882 -0.212598 -0.251969 
vn 0.96063 -0.110236 -0.259843 
vn 0.96063 -0.110236 -0.259843 
vn 0.110236 -0.984252 0.110236 
vn 0.23622 -0.944882 0.23622 
vn 0.23622 -0.944882 0.23622 
vn 0.417323 -0.80315 0.417323 
vn 0.417323 -0.80315 0.417323 
vn 0.551181 -0.622047 0.551181 
vn 0.551181 -0.622047 0.551181 
vn 0.566929 -0.80315 -0.149606 
vn 0.322835 -0.944882 -0.0866142 
vn 0.322835 -0.944882 -0.0866142 
vn 0.149606 -0.984252 -0.0393701 
vn 0.566929 -0.80315 -0.149606 
vn 0.755906 -0.622047 -0.204724 
vn 0.755906 -0.622047 -0.204724 
vn -0.149606 -0.80315 0.566929 
vn -0.0866142 -0.944882 0.322835 
vn -0.149606 -0.80315 0.566929 
vn -0.204724 -0.622047 0.755906 
vn -0.0866142 -0.944882 0.322835 
vn -0.0393701 -0.984252 0.149606 
vn -0.204724 -0.622047 0.755906 
vn -0.23622 -0.417323 0.874016 
vn 0.204724 -0.622047 -0.755906 
vn 0.204724 -0.622047 -0.755906 
vn 0.149606 -0.80315 -0.566929 
vn 0.149606 -0.80315 -0.566929 
vn 0.0866142 -0.944882 -0.322835 
vn 0.0866142 -0.944882 -0.322835 
vn 0.0393701 -0.984252 -0.149606 
vn -0.874016 -0.417323 0.23622 
vn -0.755906 -0.622047 0.204724 
vn -0.755906 -0.622047 0.204724 
vn -0.566929 -0.80315 0.149606 
vn -0.566929 -0.80315 0.149606 
vn -0.322835 -0.944882 0.0866142 
vn -0.322835 -0.944882 0.0866142 
vn -0.149606 -0.984252 0.0393701 
vn -0.551181 -0.622047 -0.551181 
vn -0.551181 -0.622047 -0.551181 
vn -0.637795 -0.417323 -0.637795 
vn -0.417323 -0.80315 -0.417323 
vn -0.417323 -0.80315 -0.417323 
vn -0.23622 -0.944882 -0.23622 
vn -0.23622 -0.944882 -0.23622 
vn -0.110236 -0.984252 -0.110236 
vn 0.110236 -0.984252 0.110236 
vn 0.551181 -0.622047 0.551181 
vn 0.551181 -0.622047 0.551181 
vn 0.637795 -0.417323 0.637795 
vn 0.637795 -0.417323 0.637795 
vn 0.692913 -0.212598 0.692913 
vn 0.700787 -0.110236 0.700787 
vn 0.700787 -0.110236 0.700787 
vn -0.149606 -0.80315 0.566929 
vn -0.149606 -0.80315 0.566929 
vn -0.204724 -0.622047 0.755906 
vn -0.204724 -0.622047 0.755906 
vn -0.23622 -0.417323 0.874016 
vn -0.23622 -0.417323 0.874016 
vn -0.251969 -0.212598 0.944882 
vn -0.251969 -0.212598 0.944882 
vn -0.259843 0 0.968504 
vn -0.259843 0 0.968504 
vn -0.259843 0.110236 0.96063 
vn -0.259843 0.110236 0.96063 

vt 6.06969 -50.8991 
vt 6 -50.9433 
vt 6.07215 -50.9433 
vt 6.06969 -50.9875 
vt 6 -50.8991 
vt 6.06836 -50.8915 
vt 6 -50.886 
vt 6 -50.9875 
vt 6.06248 -51.0286 
vt 6 -51.0286 
vt 6.05102 -51.064 
vt 6 -51.064 
vt 6 -51.0911 
vt 5.94898 -51.064 
vt 5.89177 -51.0286 
vt 5.93752 -51.0286 
vt 5.93031 -50.9875 
vt 5.87503 -50.9433 
vt 5.92785 -50.9433 
vt 5.90286 -50.8991 
vt 5.87854 -50.9069 
vt 5.99809 -51.064 
vt 5.94707 -51.064 
vt 5.99809 -51.0286 
vt 5.9356 -51.0286 
vt 5.99809 -50.9875 
vt 5.9284 -50.9875 
vt 5.95989 -50.9433 
vt 5.92656 -50.9545 
vt 5.99809 -50.9433 
vt 5.99809 -50.9305 
vt 6.04911 -51.064 
vt 6.08645 -51.064 
vt 6.06057 -51.0286 
vt 6.10631 -51.0286 
vt 6.06778 -50.9875 
vt 6.1188 -50.9875 
vt 6.07024 -50.9433 
vt 6.12305 -50.9433 
vt 6.09135 -50.8991 
vt 6.06821 -50.9069 
vt 6.1188 -50.8991 
vt 6.11626 -50.8908 
vt 5.93752 -51.0286 
vt 5.87929 -50.9875 
vt 5.93031 -50.9875 
vt 5.92944 -50.9719 
vt 6 -51.064 
vt 6.05102 -51.064 
vt 6 -51.0286 
vt 6.06248 -51.0286 
vt 6 -50.9875 
vt 6.06969 -50.9875 
vt 6 -50.9777 
vt 6.07058 -50.9716 
vt 5.99809 -51 
vt 5.96574 -51.0187 
vt 5.97941 -51.0323 
vt 5.96201 -51.0625 
vt 5.9356 -51.0361 
vt 5.94707 -51.0884 
vt 5.90972 -51.051 
vt 5.9356 -50.9639 
vt 5.96074 -51 
vt 5.96574 -50.9813 
vt 5.99809 -51 
vt 5.92594 -51 
vt 5.89605 -51 
vt 5.90972 -50.949 
vt 6.03416 -51.0625 
vt 5.99809 -51.0373 
vt 5.99809 -51.0722 
vt 5.99809 -51.102 
vt 6.01676 -51.0323 
vt 5.99809 -51 
vt 6.04911 -51.0884 
vt 5.99809 -51.125 
vt 5.99809 -50.898 
vt 5.94707 -50.9116 
vt 5.99809 -50.9278 
vt 5.96201 -50.9375 
vt 5.97941 -50.9677 
vt 5.99809 -50.9627 
vt 5.99809 -51 
vt 6.12305 -51 
vt 6.08645 -51.051 
vt 6.10012 -51 
vt 6.07024 -51 
vt 6.06057 -51.0361 
vt 6.03043 -51.0187 
vt 6.03543 -51 
vt 5.99809 -51 
vt 6.04911 -50.9116 
vt 6.08645 -50.949 
vt 6.06057 -50.8918 
vt 6.03416 -50.9375 
vt 6.06057 -50.9639 
vt 6.01676 -50.9677 
vt 6.03043 -50.9813 
vt 5.99809 -51 
vt 6.00191 -51.114 
vt 6.05293 -51.064 
vt 6.09028 -51.064 
vt 6.0644 -51.0286 
vt 6.11014 -51.0286 
vt 6.0716 -50.9875 
vt 6.12413 -50.9719 
vt 6.07342 -50.9549 
vt 5.96584 -51.0911 
vt 6.00191 -51.0911 
vt 6.00191 -51.064 
vt 5.95089 -51.064 
vt 6.00191 -51.0286 
vt 5.93943 -51.0286 
vt 6.00191 -50.9875 
vt 5.93222 -50.9875 
vt 6.00191 -50.9433 
vt 5.92976 -50.9433 
vt 6.00191 -50.931 
vt 5.93175 -50.9076 

usemtl Meshpart6Mtl

f 860/860/860 861/861/861 862/862/862 
f 862/862/862 861/861/861 863/863/863 
f 861/861/861 860/860/860 864/864/864 
f 865/865/865 864/864/864 860/860/860 
f 864/864/864 865/865/865 866/866/866 
f 863/863/863 861/861/861 867/867/867 
f 863/863/863 867/867/867 868/868/868 
f 868/868/868 867/867/867 869/869/869 
f 868/868/868 869/869/869 870/870/870 
f 870/870/870 869/869/869 871/871/871 
f 873/873/873 875/875/875 874/874/874 
f 876/876/876 878/878/878 877/877/877 
f 879/879/879 877/877/877 878/878/878 
f 877/877/877 879/879/879 880/880/880 
f 883/883/883 882/882/882 881/881/881 
f 882/882/882 883/883/883 884/884/884 
f 885/885/885 884/884/884 883/883/883 
f 884/884/884 885/885/885 886/886/886 
f 887/887/887 886/886/886 885/885/885 
f 886/886/886 887/887/887 888/888/888 
f 885/885/885 889/889/889 887/887/887 
f 889/889/889 890/890/890 887/887/887 
f 891/891/891 892/892/892 893/893/893 
f 893/893/893 894/894/894 895/895/895 
f 894/894/894 896/896/896 895/895/895 
f 895/895/895 896/896/896 897/897/897 
f 898/898/898 901/901/901 899/899/899 
f 901/901/901 902/902/902 899/899/899 
f 904/904/904 903/903/903 905/905/905 
f 906/906/906 904/904/904 905/905/905 
f 909/909/909 907/907/907 908/908/908 
f 909/909/909 908/908/908 910/910/910 
f 911/911/911 909/909/909 910/910/910 
f 911/911/911 910/910/910 912/912/912 
f 911/911/911 912/912/912 913/913/913 
f 912/912/912 914/914/914 913/913/913 
f 915/915/915 916/916/916 917/917/917 
f 916/916/916 918/918/918 917/917/917 
f 916/916/916 919/919/919 918/918/918 
f 919/919/919 920/920/920 918/918/918 
f 921/921/921 920/920/920 919/919/919 
f 922/922/922 923/923/923 924/924/924 
f 925/925/925 924/924/924 923/923/923 
f 923/923/923 922/922/922 926/926/926 
f 922/922/922 927/927/927 926/926/926 
f 927/927/927 922/922/922 928/928/928 
f 929/929/929 930/930/930 931/931/931 
f 932/932/932 929/929/929 931/931/931 
f 930/930/930 929/929/929 933/933/933 
f 934/934/934 930/930/930 933/933/933 
f 929/929/929 932/932/932 935/935/935 
f 937/937/937 938/938/938 939/939/939 
f 939/939/939 938/938/938 940/940/940 
f 941/941/941 939/939/939 940/940/940 
f 939/939/939 941/941/941 942/942/942 
f 943/943/943 942/942/942 941/941/941 
f 947/947/947 945/945/945 946/946/946 
f 945/945/945 947/947/947 948/948/948 
f 949/949/949 948/948/948 947/947/947 
f 949/949/949 947/947/947 950/950/950 
f 951/951/951 949/949/949 950/950/950 
f 955/955/955 953/953/953 952/952/952 
f 953/953/953 955/955/955 956/956/956 
f 957/957/957 956/956/956 955/955/955 
f 956/956/956 957/957/957 958/958/958 
f 959/959/959 958/958/958 957/957/957 
f 962/962/962 963/963/963 961/961/961 
f 964/964/964 963/963/963 962/962/962 
f 964/964/964 965/965/965 963/963/963 
f 965/965/965 966/966/966 967/967/967 
f 972/972/972 971/971/971 970/970/970 
f 971/971/971 972/972/972 973/973/973 
f 974/974/974 973/973/973 972/972/972 
f 973/973/973 974/974/974 975/975/975 
f 976/976/976 975/975/975 974/974/974 
f 975/975/975 976/976/976 977/977/977 
f 978/978/978 977/977/977 976/976/976 
f 977/977/977 978/978/978 979/979/979 

g Meshpart7

v -372.569 5.98554 0.148824 
v -372.382 5.6322 0.389635 
v -372.366 5.91776 0.362105 
v -372.752 6.04661 -0.0632684 
v -372.805 5.6322 -0.0329053 
v -372.362 5.27886 0.35557 
v -372.671 4.94961 -0.110236 
v -372.305 4.94961 0.255696 
v -372.213 4.66686 0.0968173 
v -371.954 4.31353 -0.351354 
v -371.805 4.26701 -0.610107 
v -372.959 5.6322 -0.610107 
v -372.771 5.27886 -1.16764 
v -372.92 5.27886 -0.610107 
v -372.671 4.94961 -1.10998 
v -372.805 5.6322 -1.18731 
v -372.805 4.94961 -0.610107 
v -372.771 5.98554 -1.16764 
v -372.512 4.66686 -1.01825 
v -372.621 4.66686 -0.610107 
v -372.305 4.44991 -0.898708 
v -372.382 4.44991 -0.610107 
v -372.92 5.98554 -0.610107 
v -372.808 6.07204 -0.913308 
v -372.883 6.09041 -0.610107 
v -372.75 6.0525 -1.15591 
v -371.098 4.66686 -1.01825 
v -371.397 4.66686 -1.31703 
v -370.939 4.94961 -1.10998 
v -371.247 5.27886 -1.57578 
v -371.805 4.26701 -0.610107 
v -370.839 5.27886 -1.16764 
v -370.827 5.40629 -1.17473 
v -371.233 5.54261 -1.60121 
v -371.805 4.94961 -1.60985 
v -372.305 4.94961 -1.47591 
v -371.805 5.27886 -1.72518 
v -372.362 5.27886 -1.57578 
v -372.213 4.66686 -1.31703 
v -371.805 5.6322 -1.76451 
v -371.805 4.66686 -1.42639 
v -372.382 5.6322 -1.60985 
v -371.805 5.73487 -1.75308 
v -372.366 5.92335 -1.58178 
v -371.305 4.94961 -1.47591 
v -371.098 4.66686 -1.01825 
v -371.397 4.66686 -1.31703 
v -370.939 4.94961 -1.10998 
v -371.247 5.27886 -1.57578 
v -371.098 4.66686 -0.201964 
v -370.989 4.66686 -0.610107 
v -370.805 4.94961 -0.610107 
v -370.939 4.94961 -0.110236 
v -370.69 5.27886 -0.610107 
v -370.839 5.27886 -0.0525738 
v -370.681 5.35729 -0.610107 
v -370.827 5.40648 -0.0454696 
v -371.098 4.66686 -1.01825 
v -371.397 4.66686 -1.31703 
v -371.516 4.44991 -1.10998 
v -371.305 4.44991 -0.898708 
v -371.546 4.31353 -0.759498 
v -371.656 4.31353 -0.868859 
v -371.805 4.26701 -0.610107 
v -371.305 4.44991 -0.321506 
v -371.228 4.44991 -0.610107 
v -371.098 4.66686 -0.201964 
v -371.546 4.31353 -0.460717 
v -371.506 4.31353 -0.610107 
v -371.805 4.26701 -0.610107 
v -370.989 4.66686 -0.610107 
v -372.213 4.66686 -1.31703 
v -371.805 4.66686 -1.42639 
v -372.094 4.44991 -1.10998 
v -371.805 4.44991 -1.18731 
v -371.954 4.31353 -0.868859 
v -371.805 4.31353 -0.908888 
v -371.805 4.26701 -0.610107 
v -371.516 4.44991 -0.110236 
v -371.805 4.44991 -0.0329052 
v -371.656 4.31353 -0.351354 
v -371.805 4.31353 -0.311325 
v -371.805 4.26701 -0.610107 
v -371.397 4.66686 0.0968174 
v -371.805 4.66686 0.206179 
v -372.671 4.94961 -0.110236 
v -372.305 4.94961 0.255696 
v -372.213 4.66686 0.0968173 
v -372.512 4.66686 -0.201964 
v -372.305 4.44991 -0.321506 
v -372.094 4.44991 -0.110236 
v -371.954 4.31353 -0.351354 
v -372.064 4.31353 -0.460717 
v -371.805 4.26701 -0.610107 
v -372.671 4.94961 -1.10998 
v -372.805 4.94961 -0.610107 
v -372.512 4.66686 -1.01825 
v -372.621 4.66686 -0.610107 
v -372.305 4.44991 -0.898708 
v -372.382 4.44991 -0.610107 
v -372.064 4.31353 -0.759498 
v -372.104 4.31353 -0.610107 
v -371.805 4.26701 -0.610107 
v -371.805 4.26701 -0.610107 
v -370.989 4.66686 -0.610107 
v -370.827 5.40648 -0.0454696 
v -371.397 4.66686 0.0968174 
v -371.805 4.66686 0.206179 
v -371.805 4.94961 0.389635 
v -371.305 4.94961 0.255695 
v -371.805 5.27886 0.50496 
v -371.247 5.27886 0.35557 
v -371.511 5.6322 0.465566 
v -371.233 5.5393 0.380678 
v -371.805 5.6322 0.544295 
v -371.805 5.73032 0.533372 
v -372.569 5.98554 0.148824 
v -372.382 5.6322 0.389635 
v -372.366 5.91776 0.362105 
v -372.752 6.04661 -0.0632684 
v -372.771 5.98554 -0.0525728 
v -372.805 5.6322 -0.0329053 
v -372.771 5.27886 -0.0525728 
v -372.362 5.27886 0.35557 
v -372.671 4.94961 -0.110236 
v -372.305 4.94961 0.255696 
v -372.213 4.66686 0.0968173 
v -372.512 4.66686 -0.201964 

vn -0.700787 0.125984 0.700787 
vn -0.708661 0 0.708661 
vn -0.700787 0.110236 0.700787 
vn -0.669291 0.322835 0.669291 
vn -0.708661 0 0.708661 
vn -0.692913 -0.212598 0.692913 
vn -0.637795 -0.417323 0.637795 
vn -0.637795 -0.417323 0.637795 
vn -0.551181 -0.622047 0.551181 
vn -0.23622 -0.944882 0.23622 
vn -0.110236 -0.984252 0.110236 
vn -0.968504 0 -0.259843 
vn -0.944882 -0.212598 -0.251969 
vn -0.944882 -0.212598 -0.251969 
vn -0.874016 -0.417323 -0.23622 
vn -0.968504 0 -0.259843 
vn -0.874016 -0.417323 -0.23622 
vn -0.944882 0.212598 -0.251969 
vn -0.755906 -0.622047 -0.204724 
vn -0.755906 -0.622047 -0.204724 
vn -0.566929 -0.80315 -0.149606 
vn -0.566929 -0.80315 -0.149606 
vn -0.944882 0.212598 -0.251969 
vn -0.913386 0.322835 -0.244094 
vn -0.913386 0.322835 -0.244094 
vn -0.913386 0.322835 -0.244094 
vn 0.551181 -0.622047 -0.551181 
vn 0.551181 -0.622047 -0.551181 
vn 0.637795 -0.417323 -0.637795 
vn 0.692913 -0.212598 -0.692913 
vn 0.110236 -0.984252 -0.110236 
vn 0.692913 -0.212598 -0.692913 
vn 0.700787 -0.110236 -0.700787 
vn 0.700787 -0.110236 -0.700787 
vn -0.23622 -0.417323 -0.874016 
vn -0.23622 -0.417323 -0.874016 
vn -0.251969 -0.212598 -0.944882 
vn -0.251969 -0.212598 -0.944882 
vn -0.204724 -0.622047 -0.755906 
vn -0.259843 0 -0.968504 
vn -0.204724 -0.622047 -0.755906 
vn -0.259843 0 -0.968504 
vn -0.259843 0.110236 -0.96063 
vn -0.259843 0.110236 -0.96063 
vn 0.637795 -0.417323 -0.637795 
vn 0.551181 -0.622047 -0.551181 
vn 0.551181 -0.622047 -0.551181 
vn 0.637795 -0.417323 -0.637795 
vn 0.692913 -0.212598 -0.692913 
vn 0.755906 -0.622047 0.204724 
vn 0.755906 -0.622047 0.204724 
vn 0.874016 -0.417323 0.23622 
vn 0.874016 -0.417323 0.23622 
vn 0.944882 -0.212598 0.251969 
vn 0.944882 -0.212598 0.251969 
vn 0.96063 -0.110236 0.259843 
vn 0.96063 -0.110236 0.259843 
vn 0.551181 -0.622047 -0.551181 
vn 0.551181 -0.622047 -0.551181 
vn 0.417323 -0.80315 -0.417323 
vn 0.417323 -0.80315 -0.417323 
vn 0.23622 -0.944882 -0.23622 
vn 0.23622 -0.944882 -0.23622 
vn 0.110236 -0.984252 -0.110236 
vn 0.566929 -0.80315 0.149606 
vn 0.566929 -0.80315 0.149606 
vn 0.755906 -0.622047 0.204724 
vn 0.322835 -0.944882 0.0866142 
vn 0.322835 -0.944882 0.0866142 
vn 0.149606 -0.984252 0.0393701 
vn 0.755906 -0.622047 0.204724 
vn -0.204724 -0.622047 -0.755906 
vn -0.204724 -0.622047 -0.755906 
vn -0.149606 -0.80315 -0.566929 
vn -0.149606 -0.80315 -0.566929 
vn -0.0866142 -0.944882 -0.322835 
vn -0.0866142 -0.944882 -0.322835 
vn -0.0393701 -0.984252 -0.149606 
vn 0.149606 -0.80315 0.566929 
vn 0.149606 -0.80315 0.566929 
vn 0.0866142 -0.944882 0.322835 
vn 0.0866142 -0.944882 0.322835 
vn 0.0393701 -0.984252 0.149606 
vn 0.204724 -0.622047 0.755906 
vn 0.204724 -0.622047 0.755906 
vn -0.637795 -0.417323 0.637795 
vn -0.637795 -0.417323 0.637795 
vn -0.551181 -0.622047 0.551181 
vn -0.551181 -0.622047 0.551181 
vn -0.417323 -0.80315 0.417323 
vn -0.417323 -0.80315 0.417323 
vn -0.23622 -0.944882 0.23622 
vn -0.23622 -0.944882 0.23622 
vn -0.110236 -0.984252 0.110236 
vn -0.874016 -0.417323 -0.23622 
vn -0.874016 -0.417323 -0.23622 
vn -0.755906 -0.622047 -0.204724 
vn -0.755906 -0.622047 -0.204724 
vn -0.566929 -0.80315 -0.149606 
vn -0.566929 -0.80315 -0.149606 
vn -0.322835 -0.944882 -0.0866142 
vn -0.322835 -0.944882 -0.0866142 
vn -0.149606 -0.984252 -0.0393701 
vn 0.149606 -0.984252 0.0393701 
vn 0.755906 -0.622047 0.204724 
vn 0.96063 -0.110236 0.259843 
vn 0.204724 -0.622047 0.755906 
vn 0.204724 -0.622047 0.755906 
vn 0.23622 -0.417323 0.874016 
vn 0.23622 -0.417323 0.874016 
vn 0.251969 -0.212598 0.944882 
vn 0.251969 -0.212598 0.944882 
vn 0.259843 -0.0866142 0.96063 
vn 0.259843 -0.110236 0.96063 
vn 0.259843 0 0.968504 
vn 0.259843 0.110236 0.96063 
vn -0.700787 0.125984 0.700787 
vn -0.708661 0 0.708661 
vn -0.700787 0.110236 0.700787 
vn -0.669291 0.322835 0.669291 
vn -0.692913 0.212598 0.692913 
vn -0.708661 0 0.708661 
vn -0.692913 -0.212598 0.692913 
vn -0.692913 -0.212598 0.692913 
vn -0.637795 -0.417323 0.637795 
vn -0.637795 -0.417323 0.637795 
vn -0.551181 -0.622047 0.551181 
vn -0.551181 -0.622047 0.551181 

vt 20.0949 -12.8991 
vt 20.125 -12.9433 
vt 20.1215 -12.9076 
vt 20.0684 -12.8915 
vt 20.0722 -12.9433 
vt 20.1207 -12.9875 
vt 20.0625 -13.0286 
vt 20.1082 -13.0286 
vt 20.0884 -13.064 
vt 20.0323 -13.1081 
vt 20 -13.114 
vt 20 -12.9433 
vt 19.9303 -12.9875 
vt 20 -12.9875 
vt 19.9375 -13.0286 
vt 19.9279 -12.9433 
vt 20 -13.0286 
vt 19.9303 -12.8991 
vt 19.949 -13.064 
vt 20 -13.064 
vt 19.9639 -13.0911 
vt 20 -13.0911 
vt 20 -12.8991 
vt 19.9621 -12.8883 
vt 20 -12.886 
vt 19.9318 -12.8908 
vt 19.9097 -13.064 
vt 19.9471 -13.064 
vt 19.8899 -13.0286 
vt 19.9284 -12.9875 
vt 19.9981 -13.114 
vt 19.8774 -12.9875 
vt 19.8758 -12.9716 
vt 19.9266 -12.9545 
vt 19.9981 -13.0286 
vt 20.0606 -13.0286 
vt 19.9981 -12.9875 
vt 20.0678 -12.9875 
vt 20.0491 -13.064 
vt 19.9981 -12.9433 
vt 19.9981 -13.064 
vt 20.0702 -12.9433 
vt 19.9981 -12.9305 
vt 20.0682 -12.9069 
vt 20.1082 -13.0286 
vt 20.051 -13.064 
vt 20.0884 -13.064 
vt 20.0625 -13.0286 
vt 20.1207 -12.9875 
vt 19.949 -13.064 
vt 20 -13.064 
vt 20 -13.0286 
vt 19.9375 -13.0286 
vt 20 -12.9875 
vt 19.9303 -12.9875 
vt 20 -12.9777 
vt 19.9294 -12.9715 
vt 19.9097 -12.949 
vt 19.9471 -12.9116 
vt 19.962 -12.9375 
vt 19.9356 -12.9639 
vt 19.9657 -12.9813 
vt 19.9794 -12.9677 
vt 19.9981 -13 
vt 19.9356 -13.0361 
vt 19.9259 -13 
vt 19.9097 -13.051 
vt 19.9657 -13.0187 
vt 19.9607 -13 
vt 19.9981 -13 
vt 19.8961 -13 
vt 20.0491 -12.9116 
vt 19.9981 -12.898 
vt 20.0342 -12.9375 
vt 19.9981 -12.9278 
vt 20.0168 -12.9677 
vt 19.9981 -12.9627 
vt 19.9981 -13 
vt 19.962 -13.0625 
vt 19.9981 -13.0722 
vt 19.9794 -13.0323 
vt 19.9981 -13.0373 
vt 19.9981 -13 
vt 19.9471 -13.0884 
vt 19.9981 -13.102 
vt 20.1063 -13.0625 
vt 20.0606 -13.1082 
vt 20.0491 -13.0884 
vt 20.0865 -13.051 
vt 20.0606 -13.0361 
vt 20.0342 -13.0625 
vt 20.0168 -13.0323 
vt 20.0304 -13.0187 
vt 19.9981 -13 
vt 20.1063 -12.9375 
vt 20.1231 -13 
vt 20.0865 -12.949 
vt 20.1001 -13 
vt 20.0606 -12.9639 
vt 20.0702 -13 
vt 20.0304 -12.9813 
vt 20.0354 -13 
vt 19.9981 -13 
vt 20.0019 -13.114 
vt 20.1039 -13.064 
vt 20.1242 -12.9715 
vt 20.0529 -13.064 
vt 20.0019 -13.064 
vt 20.0019 -13.0286 
vt 20.0644 -13.0286 
vt 20.0019 -12.9875 
vt 20.0716 -12.9875 
vt 20.0386 -12.9433 
vt 20.0734 -12.9549 
vt 20.0019 -12.9433 
vt 20.0019 -12.931 
vt 19.9064 -12.8991 
vt 19.9298 -12.9433 
vt 19.9317 -12.9076 
vt 19.8835 -12.8915 
vt 19.8812 -12.8991 
vt 19.8769 -12.9433 
vt 19.8812 -12.9875 
vt 19.9322 -12.9875 
vt 19.8937 -13.0286 
vt 19.9394 -13.0286 
vt 19.9509 -13.064 
vt 19.9135 -13.064 

usemtl Meshpart7Mtl

f 980/980/980 981/981/981 982/982/982 
f 985/985/985 986/986/986 987/987/987 
f 987/987/987 986/986/986 988/988/988 
f 991/991/991 992/992/992 993/993/993 
f 994/994/994 993/993/993 992/992/992 
f 992/992/992 991/991/991 995/995/995 
f 993/993/993 994/994/994 996/996/996 
f 991/991/991 997/997/997 995/995/995 
f 998/998/998 996/996/996 994/994/994 
f 996/996/996 998/998/998 999/999/999 
f 1002/1002/1002 997/997/997 991/991/991 
f 997/997/997 1002/1002/1002 1003/1003/1003 
f 1003/1003/1003 1002/1002/1002 1004/1004/1004 
f 1003/1003/1003 1005/1005/1005 997/997/997 
f 1008/1008/1008 1009/1009/1009 1011/1011/1011 
f 1011/1011/1011 1009/1009/1009 1012/1012/1012 
f 1013/1013/1013 1012/1012/1012 1009/1009/1009 
f 1014/1014/1014 1015/1015/1015 1016/1016/1016 
f 1015/1015/1015 1017/1017/1017 1016/1016/1016 
f 1018/1018/1018 1015/1015/1015 1014/1014/1014 
f 1016/1016/1016 1017/1017/1017 1019/1019/1019 
f 1020/1020/1020 1018/1018/1018 1014/1014/1014 
f 1017/1017/1017 1021/1021/1021 1019/1019/1019 
f 1019/1019/1019 1021/1021/1021 1022/1022/1022 
f 1023/1023/1023 1022/1022/1022 1021/1021/1021 
f 1024/1024/1024 1025/1025/1025 1026/1026/1026 
f 1025/1025/1025 1024/1024/1024 1027/1027/1027 
f 1028/1028/1028 1027/1027/1027 1024/1024/1024 
f 1031/1031/1031 1029/1029/1029 1030/1030/1030 
f 1029/1029/1029 1031/1031/1031 1032/1032/1032 
f 1033/1033/1033 1032/1032/1032 1031/1031/1031 
f 1032/1032/1032 1033/1033/1033 1034/1034/1034 
f 1035/1035/1035 1034/1034/1034 1033/1033/1033 
f 1034/1034/1034 1035/1035/1035 1036/1036/1036 
f 1038/1038/1038 1037/1037/1037 1039/1039/1039 
f 1039/1039/1039 1037/1037/1037 1040/1040/1040 
f 1041/1041/1041 1039/1039/1039 1040/1040/1040 
f 1039/1039/1039 1041/1041/1041 1042/1042/1042 
f 1043/1043/1043 1042/1042/1042 1041/1041/1041 
f 1044/1044/1044 1045/1045/1045 1046/1046/1046 
f 1047/1047/1047 1045/1045/1045 1044/1044/1044 
f 1045/1045/1045 1047/1047/1047 1048/1048/1048 
f 1049/1049/1049 1048/1048/1048 1047/1047/1047 
f 1045/1045/1045 1050/1050/1050 1046/1046/1046 
f 1053/1053/1053 1051/1051/1051 1052/1052/1052 
f 1054/1054/1054 1053/1053/1053 1052/1052/1052 
f 1055/1055/1055 1053/1053/1053 1054/1054/1054 
f 1054/1054/1054 1056/1056/1056 1055/1055/1055 
f 1057/1057/1057 1055/1055/1055 1056/1056/1056 
f 1058/1058/1058 1059/1059/1059 1060/1060/1060 
f 1060/1060/1060 1059/1059/1059 1061/1061/1061 
f 1062/1062/1062 1060/1060/1060 1061/1061/1061 
f 1063/1063/1063 1059/1059/1059 1058/1058/1058 
f 1059/1059/1059 1063/1063/1063 1064/1064/1064 
f 1069/1069/1069 1067/1067/1067 1068/1068/1068 
f 1067/1067/1067 1069/1069/1069 1070/1070/1070 
f 1071/1071/1071 1070/1070/1070 1069/1069/1069 
f 1069/1069/1069 1072/1072/1072 1071/1071/1071 
f 1073/1073/1073 1071/1071/1071 1072/1072/1072 
f 1078/1078/1078 1077/1077/1077 1076/1076/1076 
f 1077/1077/1077 1078/1078/1078 1079/1079/1079 
f 1080/1080/1080 1079/1079/1079 1078/1078/1078 
f 1079/1079/1079 1080/1080/1080 1081/1081/1081 
f 1082/1082/1082 1081/1081/1081 1080/1080/1080 
f 1086/1086/1086 1088/1088/1088 1087/1087/1087 
f 1088/1088/1088 1086/1086/1086 1089/1089/1089 
f 1089/1089/1089 1090/1090/1090 1088/1088/1088 
f 1090/1090/1090 1089/1089/1089 1091/1091/1091 
f 1092/1092/1092 1090/1090/1090 1091/1091/1091 
f 1092/1092/1092 1091/1091/1091 1093/1093/1093 
f 1090/1090/1090 1092/1092/1092 1094/1094/1094 
f 1092/1092/1092 1095/1095/1095 1094/1094/1094 
f 1096/1096/1096 1099/1099/1099 1100/1100/1100 
f 1101/1101/1101 1096/1096/1096 1100/1100/1100 
f 1096/1096/1096 1101/1101/1101 1097/1097/1097 
f 1102/1102/1102 1097/1097/1097 1101/1101/1101 
f 1097/1097/1097 1102/1102/1102 1103/1103/1103 
f 1104/1104/1104 1103/1103/1103 1102/1102/1102 
f 1106/1106/1106 1104/1104/1104 1107/1107/1107 

g Meshpart8

v -370.833 5.4079 -0.608253 
v -370.96 5.45069 -0.117018 
v -370.96 5.44838 -0.117146 
v -372.684 6.02973 -0.872036 
v -370.96 5.45053 -1.09948 
v -370.833 5.4079 -0.608253 
v -371.545 5.64707 -1.54135 
v -371.313 5.56913 -1.47051 
v -372.46 5.95447 -1.28435 
v -371.811 5.73639 -1.60264 
v -372.299 5.90037 -1.45361 
v -372.633 6.01273 -1.08311 
v -370.96 5.44838 -0.117146 
v -371.555 5.64707 0.327583 
v -371.313 5.56624 0.253731 
v -372.476 5.95447 0.0520186 
v -372.749 6.04571 -0.608253 
v -372.635 6.0076 -0.132502 
v -372.299 5.89551 0.237572 
v -371.811 5.73243 0.386575 

vn -0.314961 -0.944882 0 
vn -0.314961 -0.944882 0 
vn -0.314961 -0.944882 0 
vn -0.314961 -0.944882 0 
vn -0.314961 -0.944882 0 
vn -0.314961 -0.944882 0 
vn -0.314961 -0.944882 0 
vn -0.314961 -0.944882 0 
vn -0.314961 -0.944882 0 
vn -0.314961 -0.944882 0 
vn -0.314961 -0.944882 0 
vn -0.314961 -0.944882 0 
vn -0.314961 -0.944882 0 
vn -0.314961 -0.944882 0 
vn -0.314961 -0.944882 0 
vn -0.314961 -0.944882 0 
vn -0.314961 -0.944882 0 
vn -0.314961 -0.944882 0 
vn -0.314961 -0.944882 0 
vn -0.314961 -0.944882 0 

vt 2.00003 -45.0399 
vt 1.93862 -45.0345 
vt 1.93864 -45.0348 
vt 2.11161 -44.967 
vt 1.89612 -44.9386 
vt 1.88026 -45 
vt 1.96924 -44.8833 
vt 1.94024 -44.8922 
vt 2.08361 -44.9155 
vt 2.00247 -44.8757 
vt 2.06348 -44.8943 
vt 2.10528 -44.9406 
vt 1.89614 -45.0614 
vt 1.97052 -45.117 
vt 1.94026 -45.1077 
vt 2.08559 -45.0825 
vt 2.11974 -45 
vt 2.10547 -45.0594 
vt 2.06351 -45.1057 
vt 2.00247 -45.1243 

usemtl Meshpart4Mtl

f 1108/1108/1108 1109/1109/1109 1110/1110/1110 
f 1111/1111/1111 1112/1112/1112 1113/1113/1113 
f 1112/1112/1112 1114/1114/1114 1115/1115/1115 
f 1112/1112/1112 1111/1111/1111 1114/1114/1114 
f 1116/1116/1116 1114/1114/1114 1111/1111/1111 
f 1116/1116/1116 1117/1117/1117 1114/1114/1114 
f 1117/1117/1117 1116/1116/1116 1118/1118/1118 
f 1116/1116/1116 1111/1111/1111 1119/1119/1119 
f 1121/1121/1121 1113/1113/1113 1120/1120/1120 
f 1113/1113/1113 1121/1121/1121 1111/1111/1111 
f 1121/1121/1121 1120/1120/1120 1122/1122/1122 
f 1121/1121/1121 1123/1123/1123 1111/1111/1111 
f 1123/1123/1123 1124/1124/1124 1111/1111/1111 
f 1124/1124/1124 1123/1123/1123 1125/1125/1125 
f 1123/1123/1123 1121/1121/1121 1126/1126/1126 
f 1126/1126/1126 1121/1121/1121 1127/1127/1127 

g Meshpart9

v -372.621 6.59646 -0.609994 
v -372.512 6.59646 -1.01814 
v -372.805 6.31372 -0.609994 
v -372.305 6.81342 -0.898595 
v -372.382 6.81342 -0.609994 
v -372.671 6.31372 -1.10987 
v -372.809 6.07096 -0.913195 
v -372.75 6.05142 -1.1558 
v -372.883 6.08934 -0.609994 
v -372.213 6.59646 0.0969301 
v -372.671 6.31372 -0.110124 
v -372.305 6.31372 0.255808 
v -372.752 6.04553 -0.0631556 
v -372.569 5.98447 0.148937 
v -372.363 5.98447 0.355683 
v -372.366 5.91669 0.362218 
v -372.621 6.59646 -0.609994 
v -372.512 6.59646 -1.01814 
v -372.305 6.81342 -0.898595 
v -372.382 6.81342 -0.609994 
v -372.064 6.9498 -0.759385 
v -372.104 6.9498 -0.609994 
v -371.805 6.99632 -0.609994 
v -372.883 6.08934 -0.609994 
v -371.954 6.9498 -0.868747 
v -371.805 6.99632 -0.609994 
v -371.805 6.9498 -0.908776 
v -371.805 6.81342 -1.1872 
v -372.094 6.81342 -1.10987 
v -371.805 6.59646 -1.42628 
v -372.213 6.59646 -1.31692 
v -372.366 5.92228 -1.58167 
v -372.213 6.59646 0.0969301 
v -372.305 6.81342 -0.321393 
v -372.512 6.59646 -0.201851 
v -372.094 6.81342 -0.110124 
v -371.954 6.9498 -0.351241 
v -372.064 6.9498 -0.460604 
v -371.805 6.99632 -0.609994 
v -371.305 6.81342 -0.898595 
v -371.516 6.81342 -1.10987 
v -371.546 6.9498 -0.759385 
v -371.656 6.9498 -0.868747 
v -371.805 6.99632 -0.609994 
v -371.098 6.59646 -1.01814 
v -371.397 6.59646 -1.31692 
v -370.939 6.31372 -1.10987 
v -371.397 6.59646 0.0969302 
v -371.805 6.59646 0.206292 
v -371.805 6.81342 -0.0327924 
v -371.516 6.81342 -0.110124 
v -371.656 6.9498 -0.351241 
v -371.805 6.9498 -0.311213 
v -371.805 6.99632 -0.609994 
v -371.098 6.59646 -0.201851 
v -371.228 6.81342 -0.609994 
v -371.305 6.81342 -0.321393 
v -371.546 6.9498 -0.460604 
v -371.506 6.9498 -0.609994 
v -371.805 6.99632 -0.609994 
v -370.989 6.59646 -0.609994 
v -371.805 6.59646 -1.42628 
v -372.213 6.59646 -1.31692 
v -371.805 6.31372 -1.60974 
v -372.305 6.31372 -1.4758 
v -371.805 5.98447 -1.72506 
v -372.363 5.98447 -1.57567 
v -372.366 5.92228 -1.58167 
v -371.805 5.7338 -1.75297 
v -371.098 6.59646 -1.01814 
v -371.397 6.59646 -1.31692 
v -371.305 6.31372 -1.4758 
v -370.939 6.31372 -1.10987 
v -371.248 5.98447 -1.57567 
v -370.839 5.98447 -1.16753 
v -370.805 5.63113 -1.1872 
v -371.098 6.59646 -1.01814 
v -371.305 6.31372 -1.4758 
v -370.939 6.31372 -1.10987 
v -371.248 5.98447 -1.57567 
v -370.805 5.63113 -1.1872 
v -371.228 5.63113 -1.60974 
v -371.233 5.54154 -1.6011 
v -370.827 5.40522 -1.17462 
v -371.805 6.59646 0.206292 
v -371.805 6.99632 -0.609994 
v -371.233 5.53823 0.380791 
v -371.098 6.59646 -0.201851 
v -371.228 6.81342 -0.609994 
v -371.305 6.81342 -0.321393 
v -370.989 6.59646 -0.609994 
v -370.805 6.31372 -0.609994 
v -370.939 6.31372 -0.110123 
v -370.69 5.98447 -0.609994 
v -370.839 5.98447 -0.052461 
v -370.651 5.63113 -0.609994 
v -370.805 5.63113 -0.0327923 
v -370.827 5.4054 -0.0453568 
v -370.681 5.35622 -0.609994 
v -372.213 6.59646 0.0969301 
v -372.512 6.59646 -0.201851 
v -372.671 6.31372 -0.110124 
v -372.752 6.04553 -0.0631556 
v -372.366 5.91669 0.362218 
v -371.805 6.31372 0.389748 
v -371.397 6.59646 0.0969302 
v -371.805 6.59646 0.206292 
v -371.305 6.31372 0.255807 
v -371.805 5.98447 0.505073 
v -371.248 5.98447 0.355683 
v -371.511 5.63113 0.465679 
v -371.805 5.72925 0.533485 
v -371.228 5.63113 0.389748 
v -371.233 5.53823 0.380791 

vn -0.755906 0.622047 -0.204724 
vn -0.755906 0.622047 -0.204724 
vn -0.874016 0.417323 -0.23622 
vn -0.566929 0.811024 -0.149606 
vn -0.566929 0.811024 -0.149606 
vn -0.874016 0.417323 -0.23622 
vn -0.913386 0.322835 -0.244094 
vn -0.913386 0.322835 -0.244094 
vn -0.913386 0.322835 -0.244094 
vn -0.551181 0.622047 0.551181 
vn -0.637795 0.417323 0.637795 
vn -0.637795 0.417323 0.637795 
vn -0.669291 0.322835 0.669291 
vn -0.677165 0.307087 0.677165 
vn -0.692913 0.212598 0.692913 
vn -0.700787 0.110236 0.700787 
vn -0.755906 0.622047 -0.204724 
vn -0.755906 0.622047 -0.204724 
vn -0.566929 0.811024 -0.149606 
vn -0.566929 0.811024 -0.149606 
vn -0.322835 0.944882 -0.0866142 
vn -0.322835 0.944882 -0.0866142 
vn -0.15748 0.984252 -0.0393701 
vn -0.913386 0.322835 -0.244094 
vn -0.0866142 0.944882 -0.322835 
vn -0.0393701 0.984252 -0.15748 
vn -0.0866142 0.944882 -0.322835 
vn -0.149606 0.811024 -0.566929 
vn -0.149606 0.811024 -0.566929 
vn -0.204724 0.622047 -0.755906 
vn -0.204724 0.622047 -0.755906 
vn -0.259843 0.110236 -0.96063 
vn -0.551181 0.622047 0.551181 
vn -0.417323 0.811024 0.417323 
vn -0.551181 0.622047 0.551181 
vn -0.417323 0.811024 0.417323 
vn -0.23622 0.944882 0.23622 
vn -0.23622 0.944882 0.23622 
vn -0.110236 0.984252 0.110236 
vn 0.417323 0.811024 -0.417323 
vn 0.417323 0.811024 -0.417323 
vn 0.23622 0.944882 -0.23622 
vn 0.23622 0.944882 -0.23622 
vn 0.110236 0.984252 -0.110236 
vn 0.551181 0.622047 -0.551181 
vn 0.551181 0.622047 -0.551181 
vn 0.637795 0.417323 -0.637795 
vn 0.204724 0.622047 0.755906 
vn 0.204724 0.622047 0.755906 
vn 0.149606 0.80315 0.566929 
vn 0.149606 0.80315 0.566929 
vn 0.0866142 0.944882 0.322835 
vn 0.0866142 0.944882 0.322835 
vn 0.0393701 0.984252 0.15748 
vn 0.755906 0.622047 0.204724 
vn 0.566929 0.80315 0.149606 
vn 0.566929 0.80315 0.149606 
vn 0.322835 0.944882 0.0866142 
vn 0.322835 0.944882 0.0866142 
vn 0.15748 0.984252 0.0393701 
vn 0.755906 0.622047 0.204724 
vn -0.204724 0.622047 -0.755906 
vn -0.204724 0.622047 -0.755906 
vn -0.23622 0.417323 -0.874016 
vn -0.23622 0.417323 -0.874016 
vn -0.251969 0.212598 -0.944882 
vn -0.251969 0.212598 -0.944882 
vn -0.259843 0.110236 -0.96063 
vn -0.259843 0.110236 -0.96063 
vn 0.551181 0.622047 -0.551181 
vn 0.551181 0.622047 -0.551181 
vn 0.637795 0.417323 -0.637795 
vn 0.637795 0.417323 -0.637795 
vn 0.692913 0.212598 -0.692913 
vn 0.692913 0.212598 -0.692913 
vn 0.708661 0 -0.708661 
vn 0.551181 0.622047 -0.551181 
vn 0.637795 0.417323 -0.637795 
vn 0.637795 0.417323 -0.637795 
vn 0.692913 0.212598 -0.692913 
vn 0.708661 0 -0.708661 
vn 0.708661 0 -0.708661 
vn 0.700787 -0.110236 -0.700787 
vn 0.700787 -0.110236 -0.700787 
vn 0.204724 0.622047 0.755906 
vn 0.0393701 0.984252 0.15748 
vn 0.259843 -0.110236 0.96063 
vn 0.755906 0.622047 0.204724 
vn 0.566929 0.80315 0.149606 
vn 0.566929 0.80315 0.149606 
vn 0.755906 0.622047 0.204724 
vn 0.874016 0.417323 0.23622 
vn 0.874016 0.417323 0.23622 
vn 0.944882 0.212598 0.251969 
vn 0.944882 0.212598 0.251969 
vn 0.968504 0 0.259843 
vn 0.968504 0 0.259843 
vn 0.96063 -0.110236 0.259843 
vn 0.96063 -0.110236 0.259843 
vn -0.551181 0.622047 0.551181 
vn -0.551181 0.622047 0.551181 
vn -0.637795 0.417323 0.637795 
vn -0.669291 0.322835 0.669291 
vn -0.700787 0.110236 0.700787 
vn 0.23622 0.417323 0.874016 
vn 0.204724 0.622047 0.755906 
vn 0.204724 0.622047 0.755906 
vn 0.23622 0.417323 0.874016 
vn 0.251969 0.212598 0.944882 
vn 0.251969 0.212598 0.944882 
vn 0.259843 0.0866142 0.96063 
vn 0.259843 0.110236 0.96063 
vn 0.259843 0 0.968504 
vn 0.259843 -0.110236 0.96063 

vt 26 -34.9475 
vt 25.9489 -34.9475 
vt 26 -34.9828 
vt 25.9639 -34.9204 
vt 26 -34.9204 
vt 25.9375 -34.9828 
vt 25.9621 -35.0132 
vt 25.9317 -35.0156 
vt 26 -35.0109 
vt 26.0883 -34.9475 
vt 26.0625 -34.9828 
vt 26.1082 -34.9828 
vt 26.0683 -35.0163 
vt 26.0948 -35.024 
vt 26.1207 -35.024 
vt 26.1215 -35.0324 
vt 25.8932 -35 
vt 25.9069 -34.949 
vt 25.9328 -34.9639 
vt 25.9231 -35 
vt 25.9629 -34.9813 
vt 25.9579 -35 
vt 25.9952 -35 
vt 25.8605 -35 
vt 25.9766 -34.9676 
vt 25.9952 -35 
vt 25.9952 -34.9626 
vt 25.9952 -34.9278 
vt 25.9592 -34.9375 
vt 25.9952 -34.8979 
vt 25.9442 -34.9116 
vt 25.9251 -34.8785 
vt 25.9442 -35.0883 
vt 25.9328 -35.036 
vt 25.9069 -35.051 
vt 25.9592 -35.0625 
vt 25.9766 -35.0323 
vt 25.9629 -35.0186 
vt 25.9952 -35 
vt 26.0577 -34.9639 
vt 26.0313 -34.9375 
vt 26.0276 -34.9813 
vt 26.0139 -34.9676 
vt 25.9952 -35 
vt 26.0836 -34.949 
vt 26.0463 -34.9116 
vt 26.1035 -34.9375 
vt 26.0463 -35.0883 
vt 25.9952 -35.102 
vt 25.9952 -35.0721 
vt 26.0313 -35.0625 
vt 26.0139 -35.0323 
vt 25.9952 -35.0373 
vt 25.9952 -35 
vt 26.0836 -35.051 
vt 26.0674 -35 
vt 26.0577 -35.036 
vt 26.0276 -35.0186 
vt 26.0326 -35 
vt 25.9952 -35 
vt 26.0973 -35 
vt 26.0048 -34.9475 
vt 26.0558 -34.9475 
vt 26.0048 -34.9828 
vt 26.0672 -34.9828 
vt 26.0048 -35.024 
vt 26.0744 -35.024 
vt 26.0749 -35.0317 
vt 26.0048 -35.0553 
vt 25.9164 -34.9475 
vt 25.9537 -34.9475 
vt 25.9423 -34.9828 
vt 25.8965 -34.9828 
vt 25.9351 -35.024 
vt 25.884 -35.024 
vt 25.8798 -35.0681 
vt 26.0511 -34.9475 
vt 26.1083 -34.9828 
vt 26.0625 -34.9828 
vt 26.1207 -35.024 
vt 26.0722 -35.0681 
vt 26.125 -35.0681 
vt 26.1239 -35.0793 
vt 26.0706 -35.0964 
vt 25.898 -34.9475 
vt 26 -34.8975 
vt 25.8762 -35.0798 
vt 25.949 -34.9475 
vt 26 -34.9204 
vt 25.964 -34.9204 
vt 26 -34.9475 
vt 26 -34.9828 
vt 25.9375 -34.9828 
vt 26 -35.024 
vt 25.9303 -35.024 
vt 26 -35.0681 
vt 25.9279 -35.0681 
vt 25.9295 -35.0964 
vt 26 -35.1025 
vt 25.9442 -34.9475 
vt 25.9069 -34.9475 
vt 25.887 -34.9828 
vt 25.8769 -35.0163 
vt 25.9251 -35.0324 
vt 25.9952 -34.9828 
vt 26.0463 -34.9475 
vt 25.9952 -34.9475 
vt 26.0577 -34.9828 
vt 25.9952 -35.024 
vt 26.0649 -35.024 
vt 26.032 -35.0681 
vt 25.9952 -35.0559 
vt 26.0674 -35.0681 
vt 26.0667 -35.0798 

usemtl Meshpart7Mtl

f 1128/1128/1128 1129/1129/1129 1130/1130/1130 
f 1130/1130/1130 1129/1129/1129 1133/1133/1133 
f 1130/1130/1130 1133/1133/1133 1134/1134/1134 
f 1134/1134/1134 1133/1133/1133 1135/1135/1135 
f 1130/1130/1130 1134/1134/1134 1136/1136/1136 
f 1137/1137/1137 1138/1138/1138 1139/1139/1139 
f 1140/1140/1140 1139/1139/1139 1138/1138/1138 
f 1141/1141/1141 1139/1139/1139 1140/1140/1140 
f 1139/1139/1139 1141/1141/1141 1142/1142/1142 
f 1141/1141/1141 1143/1143/1143 1142/1142/1142 
f 1145/1145/1145 1144/1144/1144 1146/1146/1146 
f 1146/1146/1146 1144/1144/1144 1147/1147/1147 
f 1146/1146/1146 1147/1147/1147 1148/1148/1148 
f 1148/1148/1148 1147/1147/1147 1149/1149/1149 
f 1149/1149/1149 1150/1150/1150 1148/1148/1148 
f 1152/1152/1152 1153/1153/1153 1154/1154/1154 
f 1155/1155/1155 1152/1152/1152 1154/1154/1154 
f 1152/1152/1152 1155/1155/1155 1156/1156/1156 
f 1157/1157/1157 1156/1156/1156 1155/1155/1155 
f 1156/1156/1156 1157/1157/1157 1158/1158/1158 
f 1160/1160/1160 1161/1161/1161 1162/1162/1162 
f 1161/1161/1161 1160/1160/1160 1163/1163/1163 
f 1164/1164/1164 1161/1161/1161 1163/1163/1163 
f 1161/1161/1161 1164/1164/1164 1165/1165/1165 
f 1164/1164/1164 1166/1166/1166 1165/1165/1165 
f 1167/1167/1167 1168/1168/1168 1169/1169/1169 
f 1168/1168/1168 1170/1170/1170 1169/1169/1169 
f 1170/1170/1170 1171/1171/1171 1169/1169/1169 
f 1172/1172/1172 1168/1168/1168 1167/1167/1167 
f 1168/1168/1168 1172/1172/1172 1173/1173/1173 
f 1176/1176/1176 1175/1175/1175 1177/1177/1177 
f 1177/1177/1177 1175/1175/1175 1178/1178/1178 
f 1179/1179/1179 1177/1177/1177 1178/1178/1178 
f 1177/1177/1177 1179/1179/1179 1180/1180/1180 
f 1179/1179/1179 1181/1181/1181 1180/1180/1180 
f 1182/1182/1182 1183/1183/1183 1184/1184/1184 
f 1183/1183/1183 1185/1185/1185 1184/1184/1184 
f 1185/1185/1185 1183/1183/1183 1186/1186/1186 
f 1186/1186/1186 1187/1187/1187 1185/1185/1185 
f 1183/1183/1183 1182/1182/1182 1188/1188/1188 
f 1191/1191/1191 1190/1190/1190 1189/1189/1189 
f 1190/1190/1190 1191/1191/1191 1192/1192/1192 
f 1193/1193/1193 1192/1192/1192 1191/1191/1191 
f 1192/1192/1192 1193/1193/1193 1194/1194/1194 
f 1193/1193/1193 1195/1195/1195 1194/1194/1194 
f 1195/1195/1195 1193/1193/1193 1196/1196/1196 
f 1199/1199/1199 1198/1198/1198 1197/1197/1197 
f 1202/1202/1202 1201/1201/1201 1200/1200/1200 
f 1203/1203/1203 1201/1201/1201 1202/1202/1202 
f 1206/1206/1206 1205/1205/1205 1204/1204/1204 
f 1207/1207/1207 1205/1205/1205 1206/1206/1206 
f 1207/1207/1207 1208/1208/1208 1209/1209/1209 
f 1208/1208/1208 1210/1210/1210 1209/1209/1209 
f 1210/1210/1210 1208/1208/1208 1211/1211/1211 
f 1215/1215/1215 1219/1219/1219 1218/1218/1218 
f 1215/1215/1215 1220/1220/1220 1219/1219/1219 
f 1220/1220/1220 1221/1221/1221 1219/1219/1219 
f 1220/1220/1220 1222/1222/1222 1221/1221/1221 
f 1222/1222/1222 1223/1223/1223 1221/1221/1221 
f 1222/1222/1222 1224/1224/1224 1223/1223/1223 
f 1223/1223/1223 1224/1224/1224 1225/1225/1225 
f 1225/1225/1225 1226/1226/1226 1223/1223/1223 
f 1229/1229/1229 1227/1227/1227 1228/1228/1228 
f 1232/1232/1232 1233/1233/1233 1234/1234/1234 
f 1233/1233/1233 1232/1232/1232 1235/1235/1235 
f 1236/1236/1236 1235/1235/1235 1232/1232/1232 
f 1235/1235/1235 1236/1236/1236 1237/1237/1237 
f 1236/1236/1236 1238/1238/1238 1237/1237/1237 
f 1238/1238/1238 1236/1236/1236 1239/1239/1239 
f 1237/1237/1237 1238/1238/1238 1240/1240/1240 
f 1238/1238/1238 1241/1241/1241 1240/1240/1240 

g Meshpart10

v -372.299 5.90055 -1.45356 
v -372.551 5.98556 -1.38712 
v -372.366 5.92338 -1.58167 
v -372.46 5.95465 -1.28431 
v -371.811 5.73656 -1.60259 
v -372.634 6.0129 -1.08306 
v -371.805 5.73489 -1.75297 
v -372.751 6.05252 -1.1558 
v -371.5 5.63223 -1.68252 
v -372.809 6.07206 -0.913195 
v -371.545 5.64724 -1.5413 
v -372.684 6.0299 -0.871987 
v -371.313 5.5693 -1.47046 
v -372.749 6.04589 -0.608204 
v -371.233 5.54264 -1.6011 
v -372.884 6.09044 -0.609994 
v -370.827 5.40631 -1.17462 
v -372.635 6.00778 -0.132453 
v -370.96 5.4507 -1.09943 
v -372.753 6.04663 -0.0631556 
v -370.682 5.35732 -0.609994 
v -372.57 5.98556 0.148937 
v -370.833 5.40807 -0.608203 
v -370.827 5.4065 -0.0453568 
v -370.96 5.45086 -0.116969 
v -372.476 5.95465 0.0520677 
v -372.3 5.89568 0.237621 
v -372.367 5.91778 0.362218 
v -371.811 5.73261 0.386624 
v -371.805 5.73034 0.533485 
v -371.512 5.63223 0.465679 
v -371.556 5.64724 0.327632 
v -371.314 5.56642 0.25378 
v -371.233 5.53932 0.380791 
v -370.961 5.44856 -0.117097 
v -370.828 5.40385 -0.0455046 

vn -0.322835 -0.944882 0 
vn -0.322835 -0.944882 0 
vn -0.322835 -0.944882 0 
vn -0.322835 -0.944882 0 
vn -0.314961 -0.944882 0 
vn -0.322835 -0.944882 0 
vn -0.314961 -0.944882 0 
vn -0.322835 -0.944882 0 
vn -0.314961 -0.944882 0 
vn -0.314961 -0.944882 -0.00787402 
vn -0.314961 -0.944882 0 
vn -0.314961 -0.944882 -0.00787402 
vn -0.314961 -0.944882 0 
vn -0.314961 -0.952756 -0.00787402 
vn -0.314961 -0.944882 0 
vn -0.314961 -0.952756 -0.00787402 
vn -0.314961 -0.944882 0 
vn -0.314961 -0.952756 0 
vn -0.314961 -0.944882 0 
vn -0.314961 -0.952756 0 
vn -0.314961 -0.944882 0 
vn -0.314961 -0.952756 0 
vn -0.314961 -0.944882 0 
vn -0.314961 -0.944882 0 
vn -0.314961 -0.944882 0 
vn -0.314961 -0.952756 0 
vn -0.314961 -0.952756 0 
vn -0.314961 -0.952756 0 
vn -0.314961 -0.944882 0 
vn -0.314961 -0.944882 0 
vn -0.314961 -0.944882 0 
vn -0.314961 -0.944882 0 
vn -0.314961 -0.944882 0 
vn -0.314961 -0.944882 0 
vn -0.314961 -0.944882 0 
vn -0.314961 -0.944882 0 

vt 30.0646 -10.8945 
vt 30.0961 -10.9028 
vt 30.073 -10.8785 
vt 30.0847 -10.9157 
vt 30.0036 -10.8759 
vt 30.1064 -10.9408 
vt 30.0028 -10.8571 
vt 30.121 -10.9317 
vt 29.9646 -10.8659 
vt 30.1283 -10.9621 
vt 29.9703 -10.8836 
vt 30.1127 -10.9672 
vt 29.9413 -10.8924 
vt 30.1208 -11.0002 
vt 29.9313 -10.8761 
vt 30.1376 -11 
vt 29.8806 -10.9294 
vt 30.1066 -11.0597 
vt 29.8972 -10.9388 
vt 30.1212 -11.0683 
vt 29.8624 -11 
vt 30.0984 -11.0948 
vt 29.8814 -11.0002 
vt 29.8806 -11.0705 
vt 29.8972 -11.0616 
vt 30.0867 -11.0827 
vt 30.0646 -11.1059 
vt 30.073 -11.1215 
vt 30.0036 -11.1245 
vt 30.0028 -11.1429 
vt 29.9661 -11.1344 
vt 29.9716 -11.1172 
vt 29.9414 -11.1079 
vt 29.9313 -11.1238 
vt 29.8972 -11.0616 
vt 29.8806 -11.0705 

usemtl Meshpart5Mtl

f 1242/1242/1242 1243/1243/1243 1244/1244/1244 
f 1243/1243/1243 1242/1242/1242 1245/1245/1245 
f 1244/1244/1244 1246/1246/1246 1242/1242/1242 
f 1247/1247/1247 1243/1243/1243 1245/1245/1245 
f 1246/1246/1246 1244/1244/1244 1248/1248/1248 
f 1243/1243/1243 1247/1247/1247 1249/1249/1249 
f 1250/1250/1250 1246/1246/1246 1248/1248/1248 
f 1251/1251/1251 1249/1249/1249 1247/1247/1247 
f 1246/1246/1246 1250/1250/1250 1252/1252/1252 
f 1251/1251/1251 1247/1247/1247 1253/1253/1253 
f 1254/1254/1254 1252/1252/1252 1250/1250/1250 
f 1255/1255/1255 1251/1251/1251 1253/1253/1253 
f 1250/1250/1250 1256/1256/1256 1254/1254/1254 
f 1251/1251/1251 1255/1255/1255 1257/1257/1257 
f 1258/1258/1258 1254/1254/1254 1256/1256/1256 
f 1259/1259/1259 1257/1257/1257 1255/1255/1255 
f 1254/1254/1254 1258/1258/1258 1260/1260/1260 
f 1257/1257/1257 1259/1259/1259 1261/1261/1261 
f 1262/1262/1262 1260/1260/1260 1258/1258/1258 
f 1259/1259/1259 1263/1263/1263 1261/1261/1261 
f 1260/1260/1260 1262/1262/1262 1264/1264/1264 
f 1265/1265/1265 1264/1264/1264 1262/1262/1262 
f 1264/1264/1264 1265/1265/1265 1266/1266/1266 
f 1263/1263/1263 1259/1259/1259 1267/1267/1267 
f 1268/1268/1268 1263/1263/1263 1267/1267/1267 
f 1263/1263/1263 1268/1268/1268 1269/1269/1269 
f 1270/1270/1270 1269/1269/1269 1268/1268/1268 
f 1269/1269/1269 1270/1270/1270 1271/1271/1271 
f 1272/1272/1272 1271/1271/1271 1270/1270/1270 
f 1272/1272/1272 1270/1270/1270 1273/1273/1273 
f 1274/1274/1274 1272/1272/1272 1273/1273/1273 
f 1272/1272/1272 1274/1274/1274 1275/1275/1275 
f 1276/1276/1276 1275/1275/1275 1274/1274/1274 
f 1275/1275/1275 1276/1276/1276 1277/1277/1277 

g Meshpart11

v -372.382 6.81342 -0.609994 
v -372.305 6.81342 -0.321393 
v -372.512 6.59646 -0.201851 
v -372.621 6.59646 -0.609994 
v -372.805 6.31372 -0.609994 
v -372.671 6.31372 -0.110124 
v -372.883 6.08934 -0.609994 
v -372.752 6.04553 -0.0631556 
v -372.213 6.59646 -1.31692 
v -372.305 6.81342 -0.898595 
v -372.305 6.31372 -1.4758 
v -372.551 5.98447 -1.38712 
v -372.75 6.05142 -1.1558 
v -372.363 5.98447 -1.57567 
v -372.366 5.92228 -1.58167 
v -372.064 6.9498 -0.460604 
v -372.382 6.81342 -0.609994 
v -372.305 6.81342 -0.321393 
v -372.104 6.9498 -0.609994 
v -371.805 6.99632 -0.609994 
v -372.512 6.59646 -0.201851 
v -372.621 6.59646 -0.609994 
v -372.213 6.59646 -1.31692 
v -372.512 6.59646 -1.01814 
v -372.094 6.81342 -1.10987 
v -372.305 6.81342 -0.898595 
v -371.954 6.9498 -0.868747 
v -372.064 6.9498 -0.759385 
v -371.805 6.99632 -0.609994 
v -372.551 5.98447 -1.38712 
v -371.805 6.9498 -0.311213 
v -371.805 6.99632 -0.609994 
v -371.954 6.9498 -0.351241 
v -372.094 6.81342 -0.110124 
v -371.805 6.81342 -0.0327924 
v -371.805 6.59646 0.206292 
v -372.213 6.59646 0.0969301 
v -371.805 6.31372 -1.60974 
v -371.397 6.59646 -1.31692 
v -371.805 6.59646 -1.42628 
v -371.805 6.81342 -1.1872 
v -371.516 6.81342 -1.10987 
v -371.656 6.9498 -0.868747 
v -371.805 6.9498 -0.908776 
v -371.805 6.99632 -0.609994 
v -371.656 6.9498 -0.351241 
v -371.305 6.81342 -0.321393 
v -371.546 6.9498 -0.460604 
v -371.805 6.99632 -0.609994 
v -371.516 6.81342 -0.110124 
v -371.397 6.59646 0.0969302 
v -371.098 6.59646 -0.201851 
v -371.305 6.31372 0.255807 
v -371.546 6.9498 -0.759385 
v -371.805 6.99632 -0.609994 
v -371.506 6.9498 -0.609994 
v -371.228 6.81342 -0.609994 
v -371.305 6.81342 -0.898595 
v -370.989 6.59646 -0.609994 
v -371.098 6.59646 -1.01814 
v -372.213 6.59646 -1.31692 
v -372.512 6.59646 -1.01814 
v -372.671 6.31372 -1.10987 
v -372.305 6.31372 -1.4758 
v -372.551 5.98447 -1.38712 
v -372.75 6.05142 -1.1558 
v -372.366 5.92228 -1.58167 
v -371.305 6.31372 -1.4758 
v -371.805 6.31372 -1.60974 
v -371.397 6.59646 -1.31692 
v -371.805 6.59646 -1.42628 
v -371.805 5.98447 -1.72506 
v -371.248 5.98447 -1.57567 
v -371.499 5.63113 -1.68252 
v -371.805 5.7338 -1.75297 
v -371.228 5.63113 -1.60974 
v -371.233 5.54154 -1.6011 
v -370.96 5.44746 -0.117097 
v -370.827 5.4054 -0.0453568 
v -370.827 5.40275 -0.0455046 
v -370.96 5.44977 -0.116969 
v -371.305 6.81342 -0.321393 
v -371.098 6.59646 -0.201851 
v -371.305 6.31372 0.255807 
v -370.939 6.31372 -0.110123 
v -371.248 5.98447 0.355683 
v -370.839 5.98447 -0.052461 
v -371.228 5.63113 0.389748 
v -371.233 5.53823 0.380791 
v -370.827 5.40275 -0.0455046 
v -371.228 6.81342 -0.609994 
v -371.305 6.81342 -0.898595 
v -370.989 6.59646 -0.609994 
v -371.098 6.59646 -1.01814 
v -370.805 6.31372 -0.609994 
v -370.939 6.31372 -1.10987 
v -370.69 5.98447 -0.609994 
v -370.839 5.98447 -1.16753 
v -370.651 5.63113 -0.609994 
v -370.805 5.63113 -1.1872 
v -370.827 5.40522 -1.17462 
v -370.681 5.35622 -0.609994 
v -372.382 6.81342 -0.609994 
v -371.805 6.99632 -0.609994 
v -372.752 6.04553 -0.0631556 
v -371.805 6.99632 -0.609994 
v -371.805 6.59646 0.206292 
v -372.213 6.59646 0.0969301 
v -371.805 6.31372 0.389748 
v -372.305 6.31372 0.255808 
v -371.805 5.98447 0.505073 
v -372.363 5.98447 0.355683 
v -372.366 5.91669 0.362218 
v -371.805 5.72925 0.533485 
v -371.656 6.9498 -0.351241 
v -371.305 6.81342 -0.321393 
v -371.397 6.59646 0.0969302 
v -371.098 6.59646 -0.201851 
v -371.305 6.31372 0.255807 
v -370.939 6.31372 -0.110123 
v -371.248 5.98447 0.355683 
v -370.839 5.98447 -0.052461 
v -371.228 5.63113 0.389748 
v -370.805 5.63113 -0.0327923 
v -371.233 5.53823 0.380791 
v -370.827 5.40275 -0.0455046 

vn -0.566929 0.811024 0.149606 
vn -0.566929 0.811024 0.149606 
vn -0.755906 0.622047 0.204724 
vn -0.755906 0.622047 0.204724 
vn -0.874016 0.417323 0.23622 
vn -0.874016 0.417323 0.23622 
vn -0.913386 0.322835 0.244094 
vn -0.913386 0.322835 0.244094 
vn -0.551181 0.622047 -0.551181 
vn -0.417323 0.811024 -0.417323 
vn -0.637795 0.417323 -0.637795 
vn -0.677165 0.307087 -0.677165 
vn -0.669291 0.322835 -0.669291 
vn -0.692913 0.212598 -0.692913 
vn -0.700787 0.110236 -0.700787 
vn -0.322835 0.944882 0.0866142 
vn -0.566929 0.811024 0.149606 
vn -0.566929 0.811024 0.149606 
vn -0.322835 0.944882 0.0866142 
vn -0.15748 0.984252 0.0393701 
vn -0.755906 0.622047 0.204724 
vn -0.755906 0.622047 0.204724 
vn -0.551181 0.622047 -0.551181 
vn -0.551181 0.622047 -0.551181 
vn -0.417323 0.811024 -0.417323 
vn -0.417323 0.811024 -0.417323 
vn -0.23622 0.944882 -0.23622 
vn -0.23622 0.944882 -0.23622 
vn -0.110236 0.984252 -0.110236 
vn -0.677165 0.307087 -0.677165 
vn -0.0866142 0.944882 0.322835 
vn -0.0393701 0.984252 0.15748 
vn -0.0866142 0.944882 0.322835 
vn -0.149606 0.811024 0.566929 
vn -0.149606 0.811024 0.566929 
vn -0.204724 0.622047 0.755906 
vn -0.204724 0.622047 0.755906 
vn 0.23622 0.417323 -0.874016 
vn 0.204724 0.622047 -0.755906 
vn 0.204724 0.622047 -0.755906 
vn 0.149606 0.80315 -0.566929 
vn 0.149606 0.80315 -0.566929 
vn 0.0866142 0.944882 -0.322835 
vn 0.0866142 0.944882 -0.322835 
vn 0.0393701 0.984252 -0.15748 
vn 0.23622 0.944882 0.23622 
vn 0.417323 0.811024 0.417323 
vn 0.23622 0.944882 0.23622 
vn 0.110236 0.984252 0.110236 
vn 0.417323 0.811024 0.417323 
vn 0.551181 0.622047 0.551181 
vn 0.551181 0.622047 0.551181 
vn 0.637795 0.417323 0.637795 
vn 0.322835 0.944882 -0.0866142 
vn 0.15748 0.984252 -0.0393701 
vn 0.322835 0.944882 -0.0866142 
vn 0.566929 0.80315 -0.149606 
vn 0.566929 0.80315 -0.149606 
vn 0.755906 0.622047 -0.204724 
vn 0.755906 0.622047 -0.204724 
vn -0.551181 0.622047 -0.551181 
vn -0.551181 0.622047 -0.551181 
vn -0.637795 0.417323 -0.637795 
vn -0.637795 0.417323 -0.637795 
vn -0.677165 0.307087 -0.677165 
vn -0.669291 0.322835 -0.669291 
vn -0.700787 0.110236 -0.700787 
vn 0.23622 0.417323 -0.874016 
vn 0.23622 0.417323 -0.874016 
vn 0.204724 0.622047 -0.755906 
vn 0.204724 0.622047 -0.755906 
vn 0.251969 0.212598 -0.944882 
vn 0.251969 0.212598 -0.944882 
vn 0.259843 0.0866142 -0.96063 
vn 0.259843 0.110236 -0.96063 
vn 0.259843 0 -0.968504 
vn 0.259843 -0.110236 -0.96063 
vn 0.472441 0 -0.88189 
vn 0.472441 0 -0.88189 
vn 0.472441 0 -0.88189 
vn 0.472441 0 -0.88189 
vn 0.417323 0.811024 0.417323 
vn 0.551181 0.622047 0.551181 
vn 0.637795 0.417323 0.637795 
vn 0.637795 0.417323 0.637795 
vn 0.692913 0.212598 0.692913 
vn 0.692913 0.212598 0.692913 
vn 0.708661 0 0.708661 
vn 0.700787 -0.110236 0.700787 
vn 0.700787 -0.110236 0.700787 
vn 0.566929 0.80315 -0.149606 
vn 0.566929 0.80315 -0.149606 
vn 0.755906 0.622047 -0.204724 
vn 0.755906 0.622047 -0.204724 
vn 0.874016 0.417323 -0.23622 
vn 0.874016 0.417323 -0.23622 
vn 0.944882 0.212598 -0.251969 
vn 0.944882 0.212598 -0.251969 
vn 0.968504 0 -0.259843 
vn 0.968504 0 -0.259843 
vn 0.96063 -0.110236 -0.259843 
vn 0.96063 -0.110236 -0.259843 
vn -0.566929 0.811024 0.149606 
vn -0.15748 0.984252 0.0393701 
vn -0.913386 0.322835 0.244094 
vn -0.0393701 0.984252 0.15748 
vn -0.204724 0.622047 0.755906 
vn -0.204724 0.622047 0.755906 
vn -0.23622 0.417323 0.874016 
vn -0.23622 0.417323 0.874016 
vn -0.251969 0.212598 0.944882 
vn -0.251969 0.212598 0.944882 
vn -0.259843 0.110236 0.96063 
vn -0.259843 0.110236 0.96063 
vn 0.23622 0.944882 0.23622 
vn 0.417323 0.811024 0.417323 
vn 0.551181 0.622047 0.551181 
vn 0.551181 0.622047 0.551181 
vn 0.637795 0.417323 0.637795 
vn 0.637795 0.417323 0.637795 
vn 0.692913 0.212598 0.692913 
vn 0.692913 0.212598 0.692913 
vn 0.708661 0 0.708661 
vn 0.708661 0 0.708661 
vn 0.700787 -0.110236 0.700787 
vn 0.700787 -0.110236 0.700787 

vt 36 -34.9204 
vt 36.036 -34.9204 
vt 36.051 -34.9475 
vt 36 -34.9475 
vt 36 -34.9828 
vt 36.0625 -34.9828 
vt 36 -35.0109 
vt 36.0683 -35.0163 
vt 35.9116 -34.9475 
vt 35.9639 -34.9204 
vt 35.8917 -34.9828 
vt 35.9028 -35.024 
vt 35.9317 -35.0156 
vt 35.8793 -35.024 
vt 35.8785 -35.0317 
vt 35.9629 -35.0186 
vt 35.9231 -35 
vt 35.9328 -35.036 
vt 35.9579 -35 
vt 35.9952 -35 
vt 35.9069 -35.051 
vt 35.8932 -35 
vt 35.9442 -34.9116 
vt 35.9069 -34.949 
vt 35.9592 -34.9375 
vt 35.9328 -34.9639 
vt 35.9766 -34.9676 
vt 35.9629 -34.9813 
vt 35.9952 -35 
vt 35.902 -34.9028 
vt 35.9952 -35.0373 
vt 35.9952 -35 
vt 35.9766 -35.0323 
vt 35.9592 -35.0625 
vt 35.9952 -35.0721 
vt 35.9952 -35.102 
vt 35.9442 -35.0883 
vt 35.9952 -34.875 
vt 36.0463 -34.9116 
vt 35.9952 -34.8979 
vt 35.9952 -34.9278 
vt 36.0313 -34.9375 
vt 36.0139 -34.9676 
vt 35.9952 -34.9626 
vt 35.9952 -35 
vt 36.0139 -35.0323 
vt 36.0577 -35.036 
vt 36.0276 -35.0186 
vt 35.9952 -35 
vt 36.0313 -35.0625 
vt 36.0463 -35.0883 
vt 36.0836 -35.051 
vt 36.0577 -35.1082 
vt 36.0276 -34.9813 
vt 35.9952 -35 
vt 36.0326 -35 
vt 36.0674 -35 
vt 36.0577 -34.9639 
vt 36.0973 -35 
vt 36.0836 -34.949 
vt 36.0558 -34.9475 
vt 36.0931 -34.9475 
vt 36.113 -34.9828 
vt 36.0672 -34.9828 
vt 36.098 -35.024 
vt 36.1229 -35.0156 
vt 36.0749 -35.0317 
vt 35.9423 -34.9828 
vt 36.0048 -34.9828 
vt 35.9537 -34.9475 
vt 36.0048 -34.9475 
vt 36.0048 -35.024 
vt 35.9351 -35.024 
vt 35.9666 -35.0681 
vt 36.0048 -35.0553 
vt 35.9326 -35.0681 
vt 35.9332 -35.0793 
vt 35.8992 -35.0911 
vt 35.8825 -35.0964 
vt 35.8825 -35.0967 
vt 35.8991 -35.0908 
vt 35.964 -34.9204 
vt 35.949 -34.9475 
vt 35.8918 -34.9828 
vt 35.9375 -34.9828 
vt 35.8793 -35.024 
vt 35.9303 -35.024 
vt 35.8751 -35.0681 
vt 35.8762 -35.0798 
vt 35.9295 -35.0967 
vt 36 -34.9204 
vt 36.0361 -34.9204 
vt 36 -34.9475 
vt 36.051 -34.9475 
vt 36 -34.9828 
vt 36.0625 -34.9828 
vt 36 -35.024 
vt 36.0697 -35.024 
vt 36 -35.0681 
vt 36.0722 -35.0681 
vt 36.0706 -35.0964 
vt 36 -35.1025 
vt 35.9231 -34.9204 
vt 35.9952 -34.8975 
vt 35.8769 -35.0163 
vt 35.9952 -34.8975 
vt 35.9952 -34.9475 
vt 35.9442 -34.9475 
vt 35.9952 -34.9828 
vt 35.9328 -34.9828 
vt 35.9952 -35.024 
vt 35.9256 -35.024 
vt 35.9251 -35.0324 
vt 35.9952 -35.0559 
vt 36.0139 -34.9033 
vt 36.0577 -34.9204 
vt 36.0463 -34.9475 
vt 36.0836 -34.9475 
vt 36.0577 -34.9828 
vt 36.1035 -34.9828 
vt 36.0649 -35.024 
vt 36.116 -35.024 
vt 36.0674 -35.0681 
vt 36.1202 -35.0681 
vt 36.0667 -35.0798 
vt 36.1175 -35.0967 

usemtl Meshpart6Mtl

f 1282/1282/1282 1280/1280/1280 1281/1281/1281 
f 1280/1280/1280 1282/1282/1282 1283/1283/1283 
f 1284/1284/1284 1283/1283/1283 1282/1282/1282 
f 1283/1283/1283 1284/1284/1284 1285/1285/1285 
f 1289/1289/1289 1288/1288/1288 1291/1291/1291 
f 1292/1292/1292 1289/1289/1289 1291/1291/1291 
f 1293/1293/1293 1294/1294/1294 1295/1295/1295 
f 1294/1294/1294 1293/1293/1293 1296/1296/1296 
f 1293/1293/1293 1297/1297/1297 1296/1296/1296 
f 1294/1294/1294 1298/1298/1298 1295/1295/1295 
f 1298/1298/1298 1294/1294/1294 1299/1299/1299 
f 1300/1300/1300 1301/1301/1301 1302/1302/1302 
f 1301/1301/1301 1303/1303/1303 1302/1302/1302 
f 1304/1304/1304 1302/1302/1302 1303/1303/1303 
f 1303/1303/1303 1305/1305/1305 1304/1304/1304 
f 1305/1305/1305 1306/1306/1306 1304/1304/1304 
f 1308/1308/1308 1309/1309/1309 1310/1310/1310 
f 1311/1311/1311 1308/1308/1308 1310/1310/1310 
f 1308/1308/1308 1311/1311/1311 1312/1312/1312 
f 1313/1313/1313 1312/1312/1312 1311/1311/1311 
f 1314/1314/1314 1313/1313/1313 1311/1311/1311 
f 1318/1318/1318 1316/1316/1316 1317/1317/1317 
f 1316/1316/1316 1318/1318/1318 1319/1319/1319 
f 1318/1318/1318 1320/1320/1320 1319/1319/1319 
f 1320/1320/1320 1318/1318/1318 1321/1321/1321 
f 1321/1321/1321 1322/1322/1322 1320/1320/1320 
f 1323/1323/1323 1324/1324/1324 1325/1325/1325 
f 1325/1325/1325 1326/1326/1326 1323/1323/1323 
f 1324/1324/1324 1323/1323/1323 1327/1327/1327 
f 1328/1328/1328 1324/1324/1324 1327/1327/1327 
f 1324/1324/1324 1328/1328/1328 1329/1329/1329 
f 1331/1331/1331 1332/1332/1332 1333/1333/1333 
f 1334/1334/1334 1331/1331/1331 1333/1333/1333 
f 1331/1331/1331 1334/1334/1334 1335/1335/1335 
f 1336/1336/1336 1335/1335/1335 1334/1334/1334 
f 1335/1335/1335 1336/1336/1336 1337/1337/1337 
f 1339/1339/1339 1338/1338/1338 1340/1340/1340 
f 1341/1341/1341 1340/1340/1340 1338/1338/1338 
f 1342/1342/1342 1340/1340/1340 1341/1341/1341 
f 1340/1340/1340 1342/1342/1342 1343/1343/1343 
f 1345/1345/1345 1346/1346/1346 1347/1347/1347 
f 1346/1346/1346 1348/1348/1348 1347/1347/1347 
f 1349/1349/1349 1346/1346/1346 1345/1345/1345 
f 1350/1350/1350 1349/1349/1349 1345/1345/1345 
f 1351/1351/1351 1349/1349/1349 1350/1350/1350 
f 1349/1349/1349 1351/1351/1351 1352/1352/1352 
f 1353/1353/1353 1351/1351/1351 1350/1350/1350 
f 1354/1354/1354 1351/1351/1351 1353/1353/1353 
f 1355/1355/1355 1356/1356/1356 1357/1357/1357 
f 1358/1358/1358 1356/1356/1356 1355/1355/1355 
f 1360/1360/1360 1361/1361/1361 1362/1362/1362 
f 1362/1362/1362 1363/1363/1363 1364/1364/1364 
f 1365/1365/1365 1364/1364/1364 1363/1363/1363 
f 1372/1372/1372 1371/1371/1371 1370/1370/1370 
f 1371/1371/1371 1372/1372/1372 1373/1373/1373 
f 1374/1374/1374 1373/1373/1373 1372/1372/1372 
f 1373/1373/1373 1374/1374/1374 1375/1375/1375 
f 1376/1376/1376 1375/1375/1375 1374/1374/1374 
f 1375/1375/1375 1376/1376/1376 1377/1377/1377 
f 1376/1376/1376 1378/1378/1378 1377/1377/1377 
f 1378/1378/1378 1376/1376/1376 1379/1379/1379 
f 1385/1385/1385 1386/1386/1386 1384/1384/1384 
f 1386/1386/1386 1385/1385/1385 1387/1387/1387 
f 1387/1387/1387 1388/1388/1388 1386/1386/1386 
f 1388/1388/1388 1387/1387/1387 1389/1389/1389 
f 1388/1388/1388 1389/1389/1389 1390/1390/1390 
f 1388/1388/1388 1390/1390/1390 1391/1391/1391 
f 1396/1396/1396 1395/1395/1395 1394/1394/1394 
f 1398/1398/1398 1397/1397/1397 1396/1396/1396 
f 1399/1399/1399 1400/1400/1400 1401/1401/1401 
f 1401/1401/1401 1400/1400/1400 1402/1402/1402 
f 1401/1401/1401 1402/1402/1402 1403/1403/1403 

g Meshpart12

v -371.762 9.22243 -0.594202 
v -371.762 9.22243 -1.01469 
v -371.867 9.19003 -0.804444 
v -371.402 9.33298 -1.06576 
v -371.507 9.30064 -1.10177 
v -371.402 9.33298 -0.543122 
v -371.507 9.30064 -0.507117 
v -371.203 9.39395 -0.804444 
v -371.287 9.36831 -1.01469 
v -371.287 9.36831 -0.594202 

vn -0.291339 0.952756 0 
vn -0.291339 0.952756 0 
vn -0.291339 0.952756 0 
vn -0.291339 0.952756 0 
vn -0.291339 0.952756 0 
vn -0.291339 0.952756 0 
vn -0.291339 0.952756 0 
vn -0.291339 0.952756 0 
vn -0.291339 0.952756 0 
vn -0.291339 0.952756 0 

vt 47.9717 -9.02628 
vt 47.9717 -8.97372 
vt 47.9585 -9 
vt 48.0167 -8.96733 
vt 48.0035 -8.96283 
vt 48.0167 -9.03267 
vt 48.0035 -9.03717 
vt 48.0415 -9 
vt 48.0311 -8.97372 
vt 48.0311 -9.02628 

usemtl Meshpart12Mtl

f 1404/1404/1404 1405/1405/1405 1406/1406/1406 
f 1404/1404/1404 1407/1407/1407 1405/1405/1405 
f 1405/1405/1405 1407/1407/1407 1408/1408/1408 
f 1407/1407/1407 1404/1404/1404 1409/1409/1409 
f 1409/1409/1409 1404/1404/1404 1410/1410/1410 
f 1411/1411/1411 1407/1407/1407 1409/1409/1409 
f 1407/1407/1407 1411/1411/1411 1412/1412/1412 
f 1411/1411/1411 1409/1409/1409 1413/1413/1413 

g Meshpart13

v -371.798 9.2128 -0.56541 
v -371.798 9.2128 -1.04323 
v -372.089 8.53852 -1.11771 
v -371.798 9.2128 -0.56541 
v -371.918 9.17599 -0.804321 
v -371.903 8.93551 -0.56541 
v -371.996 8.97073 -0.804321 
v -371.903 8.93551 -1.04323 
v -371.798 9.2128 -1.04323 
v -371.798 9.2128 -0.56541 
v -372.628 8.30372 -0.74254 
v -372.089 8.53852 -1.11771 
v -371.762 9.22383 -1.01456 
v -371.507 9.30204 -1.10165 
v -371.508 9.30168 -1.14219 
v -371.798 9.2128 -1.04323 
v -371.388 9.33843 -1.10128 
v -371.867 9.19143 -0.804321 
v -371.402 9.33438 -1.06564 
v -371.918 9.17599 -0.804321 
v -371.287 9.3697 -1.01456 
v -371.798 9.2128 -0.56541 
v -371.258 9.37857 -1.04323 
v -371.762 9.22383 -0.59408 
v -371.163 9.40771 -0.804321 
v -371.508 9.30168 -0.466451 
v -371.203 9.39535 -0.804321 
v -371.507 9.30204 -0.506995 
v -371.287 9.3697 -0.59408 
v -371.388 9.33843 -0.507365 
v -371.258 9.37857 -0.56541 
v -371.402 9.33438 -0.543 
v -371.918 9.17599 -0.804321 
v -371.903 8.93551 -0.56541 
v -371.996 8.97073 -0.804321 
v -372.212 8.72251 -0.582723 
v -371.903 8.93551 -1.04323 
v -372.212 8.72251 -1.02592 
v -372.264 8.79872 -0.804321 
v -372.647 8.42584 -0.74254 
v -372.647 8.42584 -0.866102 
v -372.651 8.45114 -0.804321 
v -371.798 9.2128 -1.04323 
v -371.68 8.85047 -1.14219 
v -371.903 8.93551 -1.04323 
v -371.508 9.30168 -1.14219 
v -372.089 8.53852 -1.11771 
v -372.212 8.72251 -1.02592 
v -372.647 8.42584 -0.866102 
v -372.637 8.36478 -0.891693 
v -372.628 8.30372 -0.866102 
v -371.965 8.35453 -1.02592 
v -371.457 8.76544 -1.04323 
v -371.258 9.28855 -1.04323 
v -371.388 9.33843 -1.10128 
v -371.258 9.37857 -1.04323 
v -371.457 8.76544 -0.56541 
v -371.258 9.37857 -0.56541 
v -371.457 8.76544 -1.04323 
v -371.258 9.37857 -1.04323 
v -371.165 9.25333 -0.804321 
v -371.364 8.73021 -0.804321 
v -371.457 8.76544 -1.04323 
v -371.258 9.28855 -1.04323 
v -371.163 9.40771 -0.804321 
v -371.258 9.37857 -1.04323 
v -371.258 9.28855 -0.56541 
v -371.258 9.37857 -0.56541 
v -371.457 8.76544 -0.56541 
v -371.457 8.76544 -0.56541 
v -372.628 8.30372 -0.74254 
v -372.089 8.53852 -1.11771 
v -371.457 8.76544 -1.04323 
v -371.364 8.73021 -0.804321 
v -371.457 8.76544 -1.04323 
v -371.457 8.76544 -0.56541 
v -371.914 8.27832 -0.804321 
v -371.965 8.35453 -1.02592 
v -371.965 8.35453 -0.582723 
v -372.624 8.27843 -0.804321 
v -372.628 8.30372 -0.866102 
v -372.628 8.30372 -0.74254 
v -371.798 9.2128 -0.56541 
v -371.68 8.85047 -0.466451 
v -371.508 9.30168 -0.466451 
v -371.903 8.93551 -0.56541 
v -371.457 8.76544 -0.56541 
v -371.258 9.28855 -0.56541 
v -371.388 9.33843 -0.507365 
v -371.258 9.37857 -0.56541 
v -371.965 8.35453 -0.582723 
v -372.089 8.53852 -0.490934 
v -372.212 8.72251 -0.582723 
v -372.628 8.30372 -0.74254 
v -372.647 8.42584 -0.74254 
v -372.637 8.36478 -0.71695 

vn -0.354331 0.133858 0.92126 
vn -0.354331 0.133858 -0.92126 
vn -0.15748 -0.133858 -0.976378 
vn -0.866142 0.330709 0.385827 
vn -0.937008 0.354331 0 
vn -0.740157 0.551181 0.385827 
vn -0.771654 0.637795 0 
vn -0.740157 0.551181 -0.385827 
vn -0.866142 0.330709 -0.385827 
vn -0.354331 0.133858 0.92126 
vn -0.173228 -0.503937 0.850394 
vn -0.15748 -0.133858 -0.976378 
vn -0.291339 0.952756 0 
vn -0.291339 0.952756 0 
vn -0.291339 0.952756 0 
vn -0.291339 0.952756 0 
vn -0.291339 0.952756 0 
vn -0.291339 0.952756 0 
vn -0.291339 0.952756 0 
vn -0.291339 0.952756 0 
vn -0.291339 0.952756 0 
vn -0.291339 0.952756 0 
vn -0.291339 0.952756 0 
vn -0.291339 0.952756 0 
vn -0.291339 0.952756 0 
vn -0.291339 0.952756 0 
vn -0.291339 0.952756 0 
vn -0.291339 0.952756 0 
vn -0.291339 0.952756 0 
vn -0.291339 0.952756 0 
vn -0.291339 0.952756 0 
vn -0.291339 0.952756 0 
vn -0.937008 0.354331 0 
vn -0.740157 0.551181 0.385827 
vn -0.771654 0.637795 0 
vn -0.566929 0.740157 0.362205 
vn -0.740157 0.551181 -0.385827 
vn -0.566929 0.740157 -0.362205 
vn -0.614173 0.787402 0 
vn -0.614173 0.692913 0.370079 
vn -0.614173 0.692913 -0.370079 
vn -0.661417 0.748031 0 
vn -0.354331 0.133858 -0.92126 
vn 0.0314961 -0.0708661 -1 
vn -0.307087 0.228346 -0.92126 
vn 0.149606 -0.0551181 -0.984252 
vn -0.15748 -0.133858 -0.976378 
vn -0.354331 0.244094 -0.905512 
vn -0.433071 0.188976 -0.88189 
vn -0.314961 -0.19685 -0.929134 
vn -0.173228 -0.503937 -0.850394 
vn 0.0472441 -0.425197 -0.905512 
vn 0.307087 -0.228346 -0.92126 
vn 0.377953 -0.0787402 -0.92126 
vn 0.370079 -0.110236 -0.92126 
vn 0.409449 0 -0.913386 
vn 0.307087 -0.228346 0.92126 
vn 0.409449 0 0.913386 
vn 0.307087 -0.228346 -0.92126 
vn 0.409449 0 -0.913386 
vn 0.984252 -0.188976 0 
vn 0.818898 -0.574803 0 
vn 0.740157 -0.551181 -0.377953 
vn 0.913386 -0.165354 -0.377953 
vn 1 -0.00787402 0 
vn 0.929134 -0.00787402 -0.362205 
vn 0.913386 -0.165354 0.377953 
vn 0.929134 -0.00787402 0.362205 
vn 0.740157 -0.551181 0.377953 
vn 0.307087 -0.228346 0.92126 
vn -0.173228 -0.503937 0.850394 
vn -0.15748 -0.133858 -0.976378 
vn 0.307087 -0.228346 -0.92126 
vn 0.818898 -0.574803 0 
vn 0.740157 -0.551181 -0.377953 
vn 0.740157 -0.551181 0.377953 
vn 0.346457 -0.937008 0 
vn 0.314961 -0.874016 -0.370079 
vn 0.314961 -0.874016 0.370079 
vn -0.00787402 -1 0 
vn -0.00787402 -0.944882 -0.338583 
vn -0.00787402 -0.944882 0.338583 
vn -0.354331 0.133858 0.92126 
vn 0.0314961 -0.0708661 1 
vn 0.149606 -0.0551181 0.984252 
vn -0.307087 0.228346 0.92126 
vn 0.307087 -0.228346 0.92126 
vn 0.377953 -0.0787402 0.92126 
vn 0.370079 -0.110236 0.92126 
vn 0.409449 0 0.913386 
vn 0.0472441 -0.425197 0.905512 
vn -0.15748 -0.133858 0.976378 
vn -0.354331 0.244094 0.905512 
vn -0.173228 -0.503937 0.850394 
vn -0.433071 0.188976 0.88189 
vn -0.314961 -0.19685 0.929134 

vt 28.0299 -54.9538 
vt 27.9701 -54.9538 
vt 27.9608 -55.0381 
vt 28.0299 -54.9538 
vt 28 -54.9584 
vt 28.0299 -54.9884 
vt 28 -54.984 
vt 27.9701 -54.9884 
vt 27.9701 -54.9538 
vt 28.0136 -55.0299 
vt 27.9099 -55.0077 
vt 27.9772 -54.9608 
vt 28.0181 -54.9737 
vt 28.05 -54.9628 
vt 28.0498 -54.9578 
vt 28.0136 -54.9701 
vt 28.0648 -54.9629 
vt 28.0049 -55 
vt 28.0631 -54.9673 
vt 27.9986 -55 
vt 28.0775 -54.9737 
vt 28.0136 -55.0299 
vt 28.0811 -54.9701 
vt 28.0181 -55.0263 
vt 28.093 -55 
vt 28.0498 -55.0422 
vt 28.0879 -55 
vt 28.05 -55.0372 
vt 28.0775 -55.0263 
vt 28.0648 -55.0371 
vt 28.0811 -55.0299 
vt 28.0631 -55.0327 
vt 27.9986 -55 
vt 28.0004 -55.0299 
vt 27.9889 -55 
vt 27.9618 -55.0277 
vt 28.0004 -54.9701 
vt 27.9618 -54.9723 
vt 27.9554 -55 
vt 27.9075 -55.0077 
vt 27.9075 -54.9923 
vt 27.907 -55 
vt 27.9864 -54.9538 
vt 27.9717 -54.9991 
vt 27.9996 -54.9884 
vt 27.9502 -54.9427 
vt 28.0228 -55.0381 
vt 28.0382 -55.0151 
vt 28.0925 -55.0521 
vt 28.0913 -55.0598 
vt 28.0901 -55.0674 
vt 28.0073 -55.0611 
vt 27.9438 -55.0097 
vt 27.9189 -54.9443 
vt 27.9352 -54.9381 
vt 27.9189 -54.9331 
vt 27.9701 -55.0097 
vt 27.9701 -54.9331 
vt 28.0299 -55.0097 
vt 28.0299 -54.9331 
vt 28 -54.9487 
vt 28 -55.0141 
vt 28.0299 -55.0097 
vt 28.0299 -54.9443 
vt 28 -54.9294 
vt 28.0299 -54.9331 
vt 27.9701 -54.9443 
vt 27.9701 -54.9331 
vt 27.9701 -55.0097 
vt 27.9438 -55.0299 
vt 28.0901 -55.0077 
vt 28.0228 -54.9608 
vt 27.9438 -54.9701 
vt 27.9322 -55 
vt 27.9438 -54.9701 
vt 27.9438 -55.0299 
vt 28.0009 -55 
vt 28.0073 -54.9723 
vt 28.0073 -55.0277 
vt 28.0897 -55 
vt 28.0901 -54.9923 
vt 28.0901 -55.0077 
vt 28.0136 -54.9538 
vt 28.0283 -54.9991 
vt 28.0498 -54.9427 
vt 28.0004 -54.9884 
vt 28.0562 -55.0097 
vt 28.0811 -54.9443 
vt 28.0648 -54.9381 
vt 28.0811 -54.9331 
vt 27.9927 -55.0611 
vt 27.9772 -55.0381 
vt 27.9618 -55.0151 
vt 27.9099 -55.0674 
vt 27.9075 -55.0521 
vt 27.9087 -55.0598 

usemtl Meshpart13Mtl

f 1417/1417/1417 1418/1418/1418 1419/1419/1419 
f 1419/1419/1419 1418/1418/1418 1420/1420/1420 
f 1418/1418/1418 1421/1421/1421 1420/1420/1420 
f 1421/1421/1421 1418/1418/1418 1422/1422/1422 
f 1426/1426/1426 1427/1427/1427 1428/1428/1428 
f 1428/1428/1428 1429/1429/1429 1426/1426/1426 
f 1427/1427/1427 1430/1430/1430 1428/1428/1428 
f 1429/1429/1429 1431/1431/1431 1426/1426/1426 
f 1430/1430/1430 1427/1427/1427 1432/1432/1432 
f 1431/1431/1431 1429/1429/1429 1433/1433/1433 
f 1434/1434/1434 1430/1430/1430 1432/1432/1432 
f 1435/1435/1435 1431/1431/1431 1433/1433/1433 
f 1430/1430/1430 1434/1434/1434 1436/1436/1436 
f 1431/1431/1431 1435/1435/1435 1437/1437/1437 
f 1438/1438/1438 1436/1436/1436 1434/1434/1434 
f 1439/1439/1439 1437/1437/1437 1435/1435/1435 
f 1438/1438/1438 1434/1434/1434 1440/1440/1440 
f 1437/1437/1437 1439/1439/1439 1441/1441/1441 
f 1442/1442/1442 1438/1438/1438 1440/1440/1440 
f 1443/1443/1443 1441/1441/1441 1439/1439/1439 
f 1438/1438/1438 1442/1442/1442 1444/1444/1444 
f 1442/1442/1442 1443/1443/1443 1444/1444/1444 
f 1441/1441/1441 1443/1443/1443 1445/1445/1445 
f 1443/1443/1443 1442/1442/1442 1445/1445/1445 
f 1448/1448/1448 1449/1449/1449 1447/1447/1447 
f 1448/1448/1448 1450/1450/1450 1451/1451/1451 
f 1449/1449/1449 1448/1448/1448 1452/1452/1452 
f 1452/1452/1452 1448/1448/1448 1451/1451/1451 
f 1452/1452/1452 1453/1453/1453 1449/1449/1449 
f 1451/1451/1451 1454/1454/1454 1452/1452/1452 
f 1453/1453/1453 1452/1452/1452 1455/1455/1455 
f 1455/1455/1455 1452/1452/1452 1454/1454/1454 
f 1456/1456/1456 1457/1457/1457 1458/1458/1458 
f 1457/1457/1457 1456/1456/1456 1459/1459/1459 
f 1457/1457/1457 1460/1460/1460 1458/1458/1458 
f 1458/1458/1458 1460/1460/1460 1461/1461/1461 
f 1460/1460/1460 1462/1462/1462 1461/1461/1461 
f 1462/1462/1462 1460/1460/1460 1463/1463/1463 
f 1460/1460/1460 1464/1464/1464 1463/1463/1463 
f 1465/1465/1465 1464/1464/1464 1460/1460/1460 
f 1457/1457/1457 1465/1465/1465 1460/1460/1460 
f 1466/1466/1466 1465/1465/1465 1457/1457/1457 
f 1459/1459/1459 1466/1466/1466 1457/1457/1457 
f 1466/1466/1466 1459/1459/1459 1467/1467/1467 
f 1467/1467/1467 1459/1459/1459 1468/1468/1468 
f 1467/1467/1467 1468/1468/1468 1469/1469/1469 
f 1474/1474/1474 1475/1475/1475 1476/1476/1476 
f 1474/1474/1474 1476/1476/1476 1477/1477/1477 
f 1477/1477/1477 1478/1478/1478 1474/1474/1474 
f 1478/1478/1478 1477/1477/1477 1479/1479/1479 
f 1480/1480/1480 1474/1474/1474 1478/1478/1478 
f 1478/1478/1478 1481/1481/1481 1480/1480/1480 
f 1482/1482/1482 1474/1474/1474 1480/1480/1480 
f 1474/1474/1474 1482/1482/1482 1475/1475/1475 
f 1490/1490/1490 1488/1488/1488 1487/1487/1487 
f 1489/1489/1489 1490/1490/1490 1487/1487/1487 
f 1488/1488/1488 1490/1490/1490 1491/1491/1491 
f 1490/1490/1490 1489/1489/1489 1492/1492/1492 
f 1493/1493/1493 1491/1491/1491 1490/1490/1490 
f 1492/1492/1492 1493/1493/1493 1490/1490/1490 
f 1491/1491/1491 1493/1493/1493 1494/1494/1494 
f 1493/1493/1493 1492/1492/1492 1495/1495/1495 
f 1496/1496/1496 1497/1497/1497 1498/1498/1498 
f 1497/1497/1497 1496/1496/1496 1499/1499/1499 
f 1500/1500/1500 1498/1498/1498 1497/1497/1497 
f 1501/1501/1501 1498/1498/1498 1500/1500/1500 
f 1498/1498/1498 1501/1501/1501 1502/1502/1502 
f 1503/1503/1503 1502/1502/1502 1501/1501/1501 
f 1497/1497/1497 1504/1504/1504 1500/1500/1500 
f 1499/1499/1499 1505/1505/1505 1497/1497/1497 
f 1504/1504/1504 1497/1497/1497 1505/1505/1505 
f 1505/1505/1505 1499/1499/1499 1506/1506/1506 
f 1505/1505/1505 1507/1507/1507 1504/1504/1504 
f 1505/1505/1505 1506/1506/1506 1508/1508/1508 
f 1507/1507/1507 1505/1505/1505 1509/1509/1509 
f 1509/1509/1509 1505/1505/1505 1508/1508/1508 

g Meshpart14

v -372.817 8.39928 -0.742662 
v -372.798 8.27716 -0.742662 
v -372.807 8.33822 -0.717072 
v -372.82 8.42457 -0.804443 
v -372.794 8.25187 -0.804443 
v -372.798 8.27716 -0.866224 
v -372.817 8.39928 -0.866224 
v -372.807 8.33822 -0.891815 
v -372.647 8.42548 -0.742662 
v -372.647 8.42548 -0.866224 
v -372.817 8.39928 -0.742662 
v -372.817 8.39928 -0.866224 
v -372.65 8.45077 -0.804443 
v -372.82 8.42457 -0.804443 
v -372.628 8.30336 -0.866224 
v -372.798 8.27716 -0.866224 
v -372.807 8.33822 -0.891815 
v -372.637 8.36442 -0.891815 
v -372.647 8.42548 -0.866224 
v -372.817 8.39928 -0.866224 
v -372.628 8.30336 -0.742662 
v -372.794 8.25187 -0.804443 
v -372.624 8.27807 -0.804443 
v -372.628 8.30336 -0.866224 
v -372.798 8.27716 -0.742662 
v -372.798 8.27716 -0.866224 
v -372.628 8.30336 -0.742662 
v -372.798 8.27716 -0.742662 
v -372.807 8.33822 -0.717072 
v -372.637 8.36442 -0.717072 
v -372.647 8.42548 -0.742662 
v -372.817 8.39928 -0.742662 

vn -0.992126 -0.149606 0 
vn -0.992126 -0.149606 0 
vn -0.992126 -0.149606 0 
vn -0.992126 -0.149606 0 
vn -0.992126 -0.149606 0 
vn -0.992126 -0.149606 0 
vn -0.992126 -0.149606 0 
vn -0.992126 -0.149606 0 
vn -0.110236 0.700787 0.708661 
vn -0.110236 0.700787 -0.708661 
vn -0.110236 0.700787 0.708661 
vn -0.110236 0.700787 -0.708661 
vn -0.149606 0.992126 0 
vn -0.149606 0.992126 0 
vn 0.110236 -0.700787 -0.708661 
vn 0.110236 -0.700787 -0.708661 
vn 0 0 -1 
vn 0 0 -1 
vn -0.110236 0.700787 -0.708661 
vn -0.110236 0.700787 -0.708661 
vn 0.110236 -0.700787 0.708661 
vn 0.149606 -0.992126 0 
vn 0.149606 -0.992126 0 
vn 0.110236 -0.700787 -0.708661 
vn 0.110236 -0.700787 0.708661 
vn 0.110236 -0.700787 -0.708661 
vn 0.110236 -0.700787 0.708661 
vn 0.110236 -0.700787 0.708661 
vn 0 0 1 
vn 0 0 1 
vn -0.110236 0.700787 0.708661 
vn -0.110236 0.700787 0.708661 

vt 18.0077 -42.994 
vt 18.0077 -43.0093 
vt 18.0109 -43.0016 
vt 18 -42.9908 
vt 18 -43.0124 
vt 17.9923 -43.0093 
vt 17.9923 -42.994 
vt 17.9891 -43.0016 
vt 18.0094 -43.0077 
vt 18.0094 -42.9923 
vt 17.9882 -43.0077 
vt 17.9882 -42.9923 
vt 18.009 -43 
vt 17.9877 -43 
vt 17.9882 -43.006 
vt 18.0094 -43.0093 
vt 18.0106 -43.0016 
vt 17.9894 -42.9984 
vt 17.9906 -42.9907 
vt 18.0118 -42.994 
vt 17.9882 -43.0077 
vt 18.009 -43 
vt 17.9877 -43 
vt 17.9882 -42.9923 
vt 18.0094 -43.0077 
vt 18.0094 -42.9923 
vt 18.0118 -43.006 
vt 17.9906 -43.0093 
vt 17.9894 -43.0016 
vt 18.0106 -42.9984 
vt 18.0094 -42.9907 
vt 17.9882 -42.994 

usemtl Meshpart14Mtl

f 1510/1510/1510 1511/1511/1511 1512/1512/1512 
f 1513/1513/1513 1511/1511/1511 1510/1510/1510 
f 1511/1511/1511 1513/1513/1513 1514/1514/1514 
f 1514/1514/1514 1513/1513/1513 1515/1515/1515 
f 1515/1515/1515 1513/1513/1513 1516/1516/1516 
f 1516/1516/1516 1517/1517/1517 1515/1515/1515 
f 1522/1522/1522 1520/1520/1520 1518/1518/1518 
f 1519/1519/1519 1521/1521/1521 1522/1522/1522 
f 1520/1520/1520 1522/1522/1522 1523/1523/1523 
f 1523/1523/1523 1522/1522/1522 1521/1521/1521 
f 1526/1526/1526 1524/1524/1524 1525/1525/1525 
f 1524/1524/1524 1526/1526/1526 1527/1527/1527 
f 1526/1526/1526 1528/1528/1528 1527/1527/1527 
f 1528/1528/1528 1526/1526/1526 1529/1529/1529 
f 1530/1530/1530 1531/1531/1531 1532/1532/1532 
f 1531/1531/1531 1533/1533/1533 1532/1532/1532 
f 1531/1531/1531 1530/1530/1530 1534/1534/1534 
f 1533/1533/1533 1531/1531/1531 1535/1535/1535 
f 1536/1536/1536 1538/1538/1538 1537/1537/1537 
f 1538/1538/1538 1536/1536/1536 1539/1539/1539 
f 1540/1540/1540 1538/1538/1538 1539/1539/1539 
f 1538/1538/1538 1540/1540/1540 1541/1541/1541 

g Meshpart15

v -372.295 10.7259 -0.804322 
v -372.39 10.5249 -0.712188 
v -372.311 10.6914 -0.712188 
v -372.351 10.6081 -0.674025 
v -372.406 10.4904 -0.804322 
v -372.39 10.5249 -0.896455 
v -372.311 10.6914 -0.896455 
v -372.351 10.6081 -0.934618 
v -372.082 10.534 -0.852254 
v -372.311 10.6914 -0.896455 
v -372.295 10.7259 -0.804322 
v -372.082 10.534 -0.756389 
v -372.074 10.5519 -0.804322 
v -372.311 10.6914 -0.712188 
v -372.39 10.5249 -0.896455 
v -372.123 10.4473 -0.852254 
v -372.351 10.6081 -0.934618 
v -372.103 10.4907 -0.872108 
v -372.082 10.534 -0.852254 
v -372.311 10.6914 -0.896455 
v -372.132 10.4294 -0.804322 
v -372.39 10.5249 -0.896455 
v -372.123 10.4473 -0.852254 
v -372.406 10.4904 -0.804322 
v -372.39 10.5249 -0.712188 
v -372.123 10.4473 -0.756389 
v -372.39 10.5249 -0.712188 
v -372.123 10.4473 -0.756389 
v -372.351 10.6081 -0.674025 
v -372.103 10.4907 -0.736535 
v -372.082 10.534 -0.756389 
v -372.311 10.6914 -0.712188 

vn -0.905512 0.425197 0 
vn -0.905512 0.425197 0 
vn -0.905512 0.425197 0 
vn -0.905512 0.425197 0 
vn -0.905512 0.425197 0 
vn -0.905512 0.425197 0 
vn -0.905512 0.425197 0 
vn -0.905512 0.425197 0 
vn 0.496063 0.527559 -0.692913 
vn 0.496063 0.527559 -0.692913 
vn 0.622047 0.787402 0 
vn 0.496063 0.527559 0.692913 
vn 0.622047 0.787402 0 
vn 0.496063 0.527559 0.692913 
vn -0.0944882 -0.716535 -0.692913 
vn -0.0944882 -0.716535 -0.692913 
vn 0.204724 -0.0944882 -0.976378 
vn 0.204724 -0.0944882 -0.976378 
vn 0.496063 0.527559 -0.692913 
vn 0.496063 0.527559 -0.692913 
vn -0.220472 -0.976378 0 
vn -0.0944882 -0.716535 -0.692913 
vn -0.0944882 -0.716535 -0.692913 
vn -0.220472 -0.976378 0 
vn -0.0944882 -0.716535 0.692913 
vn -0.0944882 -0.716535 0.692913 
vn -0.0944882 -0.716535 0.692913 
vn -0.0944882 -0.716535 0.692913 
vn 0.204724 -0.0944882 0.976378 
vn 0.204724 -0.0944882 0.976378 
vn 0.496063 0.527559 0.692913 
vn 0.496063 0.527559 0.692913 

vt 12 -50.9815 
vt 12.0115 -51.0066 
vt 12.0115 -50.9858 
vt 12.0163 -50.9962 
vt 12 -51.0109 
vt 11.9885 -51.0066 
vt 11.9885 -50.9858 
vt 11.9837 -50.9962 
vt 12.0197 -50.994 
vt 11.9911 -50.9885 
vt 11.9932 -51 
vt 12.0197 -51.006 
vt 12.0208 -51 
vt 11.9911 -51.0115 
vt 12.0187 -51.0066 
vt 11.9854 -51.0163 
vt 12.0138 -50.9962 
vt 11.9828 -51.0109 
vt 11.9803 -51.0055 
vt 12.0089 -50.9858 
vt 11.9865 -51 
vt 12.0187 -50.9885 
vt 11.9854 -50.994 
vt 12.0208 -51 
vt 12.0187 -51.0115 
vt 11.9854 -51.006 
vt 11.9813 -51.0066 
vt 12.0146 -51.0163 
vt 11.9862 -50.9962 
vt 12.0172 -51.0109 
vt 12.0197 -51.0055 
vt 11.9911 -50.9858 

usemtl Meshpart15Mtl

f 1542/1542/1542 1543/1543/1543 1544/1544/1544 
f 1544/1544/1544 1543/1543/1543 1545/1545/1545 
f 1542/1542/1542 1546/1546/1546 1543/1543/1543 
f 1546/1546/1546 1542/1542/1542 1547/1547/1547 
f 1548/1548/1548 1547/1547/1547 1542/1542/1542 
f 1547/1547/1547 1548/1548/1548 1549/1549/1549 
f 1552/1552/1552 1550/1550/1550 1551/1551/1551 
f 1550/1550/1550 1552/1552/1552 1554/1554/1554 
f 1554/1554/1554 1552/1552/1552 1553/1553/1553 
f 1555/1555/1555 1553/1553/1553 1552/1552/1552 
f 1558/1558/1558 1557/1557/1557 1556/1556/1556 
f 1557/1557/1557 1558/1558/1558 1559/1559/1559 
f 1558/1558/1558 1560/1560/1560 1559/1559/1559 
f 1561/1561/1561 1560/1560/1560 1558/1558/1558 
f 1562/1562/1562 1563/1563/1563 1564/1564/1564 
f 1563/1563/1563 1562/1562/1562 1565/1565/1565 
f 1562/1562/1562 1566/1566/1566 1565/1565/1565 
f 1566/1566/1566 1562/1562/1562 1567/1567/1567 
f 1569/1569/1569 1570/1570/1570 1568/1568/1568 
f 1570/1570/1570 1569/1569/1569 1571/1571/1571 
f 1572/1572/1572 1570/1570/1570 1571/1571/1571 
f 1570/1570/1570 1572/1572/1572 1573/1573/1573 

g Meshpart16

v -371.762 9.22243 -0.594202 
v -371.402 9.33298 -0.543122 
v -371.507 9.30064 -0.507117 
v -371.203 9.39395 -0.804444 
v -371.287 9.36831 -0.594202 
v -371.402 9.33298 -1.06576 
v -371.287 9.36831 -1.01469 
v -371.762 9.22243 -1.01469 
v -371.867 9.19003 -0.804444 
v -371.507 9.30064 -1.10177 

vn 0.291339 -0.952756 0 
vn 0.291339 -0.952756 0 
vn 0.291339 -0.952756 0 
vn 0.291339 -0.952756 0 
vn 0.291339 -0.952756 0 
vn 0.291339 -0.952756 0 
vn 0.291339 -0.952756 0 
vn 0.291339 -0.952756 0 
vn 0.291339 -0.952756 0 
vn 0.291339 -0.952756 0 

vt 42.0283 -7.02628 
vt 41.9833 -7.03267 
vt 41.9965 -7.03717 
vt 41.9585 -7 
vt 41.9689 -7.02628 
vt 41.9833 -6.96733 
vt 41.9689 -6.97372 
vt 42.0283 -6.97372 
vt 42.0415 -7 
vt 41.9965 -6.96283 

usemtl Meshpart12Mtl

f 1574/1574/1574 1575/1575/1575 1576/1576/1576 
f 1575/1575/1575 1577/1577/1577 1578/1578/1578 
f 1577/1577/1577 1575/1575/1575 1579/1579/1579 
f 1574/1574/1574 1579/1579/1579 1575/1575/1575 
f 1577/1577/1577 1579/1579/1579 1580/1580/1580 
f 1579/1579/1579 1574/1574/1574 1581/1581/1581 
f 1581/1581/1581 1574/1574/1574 1582/1582/1582 
f 1579/1579/1579 1581/1581/1581 1583/1583/1583 

g Meshpart17

v -371.798 9.2122 -1.04323 
v -371.798 9.2122 -0.56541 
v -371.735 9.59583 -1.04323 
v -372.102 10.4894 -0.872108 
v -371.695 10.054 -0.542548 
v -372.102 10.4894 -0.736535 
v -371.735 9.59583 -0.56541 
v -371.904 9.897 -0.804321 
v -371.834 9.58952 -0.804321 
v -371.843 9.94299 -0.619219 
v -372.132 10.4282 -0.804321 
v -372.123 10.4461 -0.756389 
v -371.843 9.94299 -0.989423 
v -372.123 10.4461 -0.852253 
v -371.735 9.59583 -1.04323 
v -371.796 9.49324 -0.804321 
v -371.704 9.45802 -0.56541 
v -371.704 9.45802 -1.04323 
v -371.798 9.2122 -0.56541 
v -371.798 9.2122 -1.04323 
v -371.917 9.17538 -0.804321 
v -371.546 10.165 -0.619219 
v -371.546 10.165 -0.989423 
v -371.485 10.211 -0.804321 
v -372.073 10.5507 -0.804321 
v -372.082 10.5328 -0.756389 
v -372.082 10.5328 -0.852253 
v -371.258 9.37796 -1.04323 
v -371.798 9.2122 -1.04323 
v -371.159 9.63258 -0.804321 
v -371.546 10.165 -0.989423 
v -371.485 10.211 -0.804321 
v -372.073 10.5507 -0.804321 
v -371.704 9.45802 -1.04323 
v -371.497 9.61105 -1.14219 
v -371.481 9.37298 -1.14219 
v -371.508 9.30108 -1.14219 
v -371.798 9.2122 -1.04323 
v -371.388 9.33782 -1.10128 
v -371.735 9.59583 -1.04323 
v -371.258 9.62627 -1.04323 
v -371.258 9.37796 -1.04323 
v -371.546 10.165 -0.989423 
v -371.695 10.054 -1.06609 
v -371.843 9.94299 -0.989423 
v -372.123 10.4461 -0.852253 
v -372.102 10.4894 -0.872108 
v -372.082 10.5328 -0.852253 
v -371.258 9.37796 -1.04323 
v -371.258 9.37797 -0.56541 
v -371.159 9.63258 -0.804321 
v -371.546 10.165 -0.619219 
v -371.258 9.62627 -0.56541 
v -371.163 9.40711 -0.804321 
v -371.258 9.37797 -0.56541 
v -371.258 9.62627 -1.04323 
v -371.258 9.37796 -1.04323 
v -371.546 10.165 -0.989423 
v -371.485 10.211 -0.804321 
v -371.286 9.3691 -1.01456 
v -371.402 9.33377 -1.06564 
v -371.388 9.33782 -1.10128 
v -371.507 9.30143 -1.10165 
v -371.258 9.37796 -1.04323 
v -371.508 9.30108 -1.14219 
v -371.163 9.40711 -0.804321 
v -371.762 9.22322 -1.01456 
v -371.203 9.39474 -0.804321 
v -371.798 9.2122 -1.04323 
v -371.286 9.3691 -0.59408 
v -371.867 9.19082 -0.804321 
v -371.258 9.37797 -0.56541 
v -371.917 9.17538 -0.804321 
v -371.388 9.33782 -0.507365 
v -371.798 9.2122 -0.56541 
v -371.402 9.33377 -0.543 
v -371.762 9.22322 -0.59408 
v -371.507 9.30143 -0.506995 
v -371.508 9.30108 -0.466451 
v -371.258 9.37797 -0.56541 
v -371.798 9.2122 -0.56541 
v -371.546 10.165 -0.619219 
v -371.258 9.62627 -0.56541 
v -371.485 10.211 -0.804321 
v -372.073 10.5507 -0.804321 
v -371.388 9.33782 -0.507365 
v -371.497 9.61105 -0.466451 
v -371.481 9.37298 -0.466451 
v -371.508 9.30108 -0.466451 
v -371.704 9.45802 -0.56541 
v -371.798 9.2122 -0.56541 
v -371.735 9.59583 -0.56541 
v -371.258 9.62627 -0.56541 
v -371.258 9.37797 -0.56541 
v -371.546 10.165 -0.619219 
v -371.695 10.054 -0.542548 
v -371.843 9.94299 -0.619219 
v -372.123 10.4461 -0.756389 
v -372.102 10.4894 -0.736535 
v -372.082 10.5328 -0.756389 

vn 0.291339 -0.952756 0 
vn 0.291339 -0.952756 0 
vn -0.409449 -0.023622 -0.913386 
vn -0.149606 0.283465 -0.944882 
vn -0.0866142 0.204724 0.976378 
vn -0.149606 0.283465 0.944882 
vn -0.905512 -0.244094 0.354331 
vn -0.952756 -0.307087 0 
vn -0.968504 -0.251969 0 
vn -0.88189 -0.291339 0.362205 
vn -0.913386 -0.401575 0 
vn -0.858268 -0.370079 0.362205 
vn -0.88189 -0.291339 -0.362205 
vn -0.858268 -0.370079 -0.362205 
vn -0.905512 -0.244094 -0.354331 
vn -1 0.00787402 0 
vn -0.92126 0.0551181 0.385827 
vn -0.92126 0.0551181 -0.377953 
vn -0.866142 0.330709 0.385827 
vn -0.866142 0.330709 -0.385827 
vn -0.937008 0.354331 0 
vn 0.669291 0.645669 0.370079 
vn 0.669291 0.645669 -0.370079 
vn 0.716535 0.700787 0 
vn 0.496063 0.866142 0 
vn 0.464567 0.811024 0.362205 
vn 0.464567 0.811024 -0.362205 
vn 0.291339 -0.952756 0 
vn 0.291339 -0.952756 0 
vn 0.968504 0.244094 0 
vn 0.669291 0.645669 -0.370079 
vn 0.716535 0.700787 0 
vn 0.496063 0.866142 0 
vn -0.385827 0.0314961 -0.92126 
vn 0.015748 0.0787402 -1 
vn 0.0551181 -0.00787402 -1 
vn -0.149606 0.0551181 -0.984252 
vn -0.354331 0.133858 -0.92126 
vn 0.385827 -0.015748 -0.92126 
vn -0.409449 -0.023622 -0.913386 
vn 0.362205 0.133858 -0.92126 
vn 0.393701 0.015748 -0.92126 
vn 0.204724 0.370079 -0.905512 
vn -0.0866142 0.204724 -0.976378 
vn -0.440945 -0.023622 -0.897638 
vn -0.472441 -0.0393701 -0.88189 
vn -0.149606 0.283465 -0.944882 
vn 0.0787402 0.464567 -0.88189 
vn 0.291339 -0.952756 0 
vn 0.291339 -0.952756 0 
vn 0.968504 0.244094 0 
vn 0.669291 0.645669 0.370079 
vn 0.889764 0.23622 0.377953 
vn 1 -0.00787402 0 
vn 0.929134 -0.00787402 0.377953 
vn 0.889764 0.23622 -0.377953 
vn 0.929134 -0.00787402 -0.377953 
vn 0.669291 0.645669 -0.370079 
vn 0.716535 0.700787 0 
vn 0.291339 -0.952756 0 
vn 0.291339 -0.952756 0 
vn 0.291339 -0.952756 0 
vn 0.291339 -0.952756 0 
vn 0.291339 -0.952756 0 
vn 0.291339 -0.952756 0 
vn 0.291339 -0.952756 0 
vn 0.291339 -0.952756 0 
vn 0.291339 -0.952756 0 
vn 0.291339 -0.952756 0 
vn 0.291339 -0.952756 0 
vn 0.291339 -0.952756 0 
vn 0.291339 -0.952756 0 
vn 0.291339 -0.952756 0 
vn 0.291339 -0.952756 0 
vn 0.291339 -0.952756 0 
vn 0.291339 -0.952756 0 
vn 0.291339 -0.952756 0 
vn 0.291339 -0.952756 0 
vn 0.291339 -0.952756 0 
vn 0.291339 -0.952756 0 
vn 0.291339 -0.952756 0 
vn 0.669291 0.645669 0.370079 
vn 0.889764 0.23622 0.377953 
vn 0.716535 0.700787 0 
vn 0.496063 0.866142 0 
vn 0.385827 -0.015748 0.92126 
vn 0.015748 0.0787402 1 
vn 0.0551181 -0.00787402 1 
vn -0.149606 0.0551181 0.984252 
vn -0.385827 0.0314961 0.92126 
vn -0.354331 0.133858 0.92126 
vn -0.409449 -0.023622 0.913386 
vn 0.362205 0.133858 0.92126 
vn 0.393701 0.015748 0.92126 
vn 0.204724 0.370079 0.905512 
vn -0.0866142 0.204724 0.976378 
vn -0.440945 -0.023622 0.897638 
vn -0.472441 -0.0393701 0.88189 
vn -0.149606 0.283465 0.944882 
vn 0.0787402 0.464567 0.88189 

vt 59.9701 -13.0814 
vt 60.0299 -13.0814 
vt 59.9701 -13.0334 
vt 59.9915 -12.9217 
vt 60.0327 -12.9761 
vt 60.0085 -12.9217 
vt 60.0299 -13.0334 
vt 60 -12.9958 
vt 60 -13.0342 
vt 60.0231 -12.99 
vt 60 -12.9294 
vt 60.006 -12.9271 
vt 59.9769 -12.99 
vt 59.994 -12.9271 
vt 59.9701 -13.0334 
vt 60 -13.0462 
vt 60.0299 -13.0506 
vt 59.9701 -13.0506 
vt 60.0299 -13.0814 
vt 59.9701 -13.0814 
vt 60 -13.086 
vt 60.0124 -13.0231 
vt 60.0124 -12.9769 
vt 60.02 -13 
vt 59.9465 -13 
vt 59.9454 -13.006 
vt 59.9454 -12.994 
vt 59.9515 -13.0606 
vt 60.019 -13.0814 
vt 59.9392 -13.0288 
vt 59.9876 -12.9623 
vt 59.98 -12.9565 
vt 60.0535 -12.914 
vt 60.0073 -13.0506 
vt 59.9814 -13.0315 
vt 59.9794 -13.0613 
vt 59.9828 -13.0702 
vt 60.019 -13.0814 
vt 59.9679 -13.0657 
vt 60.0112 -13.0334 
vt 59.9516 -13.0296 
vt 59.9515 -13.0606 
vt 59.9876 -12.9623 
vt 60.0061 -12.9761 
vt 60.0247 -12.99 
vt 60.0597 -12.9271 
vt 60.0571 -12.9217 
vt 60.0546 -12.9163 
vt 60.0299 -13.0606 
vt 59.9701 -13.0606 
vt 60 -13.0288 
vt 59.9769 -12.9623 
vt 59.9701 -13.0296 
vt 60 -13.057 
vt 59.9701 -13.0606 
vt 60.0299 -13.0296 
vt 60.0299 -13.0606 
vt 60.0231 -12.9623 
vt 60 -12.9565 
vt 59.9551 -12.9737 
vt 59.9695 -12.9673 
vt 59.9679 -12.9629 
vt 59.9827 -12.9628 
vt 59.9515 -12.9701 
vt 59.9828 -12.9578 
vt 59.9397 -13 
vt 60.0145 -12.9737 
vt 59.9447 -13 
vt 60.019 -12.9701 
vt 59.9551 -13.0263 
vt 60.0277 -13 
vt 59.9515 -13.0299 
vt 60.034 -13 
vt 59.9679 -13.0371 
vt 60.019 -13.0299 
vt 59.9695 -13.0327 
vt 60.0145 -13.0263 
vt 59.9827 -13.0372 
vt 59.9828 -13.0422 
vt 60.0485 -13.0606 
vt 59.981 -13.0814 
vt 60.0124 -12.9623 
vt 60.0484 -13.0296 
vt 60.02 -12.9565 
vt 59.9465 -12.914 
vt 60.0321 -13.0657 
vt 60.0186 -13.0315 
vt 60.0206 -13.0613 
vt 60.0172 -13.0702 
vt 59.9927 -13.0506 
vt 59.981 -13.0814 
vt 59.9888 -13.0334 
vt 60.0484 -13.0296 
vt 60.0485 -13.0606 
vt 60.0124 -12.9623 
vt 59.9939 -12.9761 
vt 59.9753 -12.99 
vt 59.9403 -12.9271 
vt 59.9429 -12.9217 
vt 59.9454 -12.9163 

usemtl Meshpart13Mtl

f 1590/1590/1590 1591/1591/1591 1592/1592/1592 
f 1591/1591/1591 1590/1590/1590 1593/1593/1593 
f 1593/1593/1593 1594/1594/1594 1591/1591/1591 
f 1594/1594/1594 1593/1593/1593 1595/1595/1595 
f 1594/1594/1594 1596/1596/1596 1591/1591/1591 
f 1596/1596/1596 1594/1594/1594 1597/1597/1597 
f 1598/1598/1598 1591/1591/1591 1596/1596/1596 
f 1591/1591/1591 1598/1598/1598 1592/1592/1592 
f 1599/1599/1599 1590/1590/1590 1592/1592/1592 
f 1598/1598/1598 1599/1599/1599 1592/1592/1592 
f 1590/1590/1590 1599/1599/1599 1600/1600/1600 
f 1599/1599/1599 1598/1598/1598 1601/1601/1601 
f 1599/1599/1599 1602/1602/1602 1600/1600/1600 
f 1603/1603/1603 1599/1599/1599 1601/1601/1601 
f 1602/1602/1602 1599/1599/1599 1604/1604/1604 
f 1599/1599/1599 1603/1603/1603 1604/1604/1604 
f 1607/1607/1607 1608/1608/1608 1605/1605/1605 
f 1606/1606/1606 1608/1608/1608 1607/1607/1607 
f 1609/1609/1609 1605/1605/1605 1608/1608/1608 
f 1608/1608/1608 1606/1606/1606 1610/1610/1610 
f 1617/1617/1617 1618/1618/1618 1619/1619/1619 
f 1620/1620/1620 1617/1617/1617 1619/1619/1619 
f 1621/1621/1621 1617/1617/1617 1620/1620/1620 
f 1622/1622/1622 1620/1620/1620 1619/1619/1619 
f 1618/1618/1618 1622/1622/1622 1619/1619/1619 
f 1618/1618/1618 1617/1617/1617 1623/1623/1623 
f 1624/1624/1624 1622/1622/1622 1618/1618/1618 
f 1622/1622/1622 1624/1624/1624 1625/1625/1625 
f 1618/1618/1618 1626/1626/1626 1624/1624/1624 
f 1623/1623/1623 1627/1627/1627 1618/1618/1618 
f 1626/1626/1626 1618/1618/1618 1627/1627/1627 
f 1627/1627/1627 1623/1623/1623 1628/1628/1628 
f 1628/1628/1628 1629/1629/1629 1627/1627/1627 
f 1630/1630/1630 1627/1627/1627 1629/1629/1629 
f 1627/1627/1627 1630/1630/1630 1626/1626/1626 
f 1631/1631/1631 1626/1626/1626 1630/1630/1630 
f 1634/1634/1634 1635/1635/1635 1636/1636/1636 
f 1637/1637/1637 1636/1636/1636 1638/1638/1638 
f 1636/1636/1636 1637/1637/1637 1634/1634/1634 
f 1634/1634/1634 1637/1637/1637 1639/1639/1639 
f 1637/1637/1637 1640/1640/1640 1639/1639/1639 
f 1639/1639/1639 1641/1641/1641 1634/1634/1634 
f 1635/1635/1635 1634/1634/1634 1642/1642/1642 
f 1642/1642/1642 1634/1634/1634 1641/1641/1641 
f 1643/1643/1643 1644/1644/1644 1645/1645/1645 
f 1646/1646/1646 1645/1645/1645 1644/1644/1644 
f 1645/1645/1645 1647/1647/1647 1643/1643/1643 
f 1645/1645/1645 1646/1646/1646 1648/1648/1648 
f 1649/1649/1649 1643/1643/1643 1647/1647/1647 
f 1650/1650/1650 1648/1648/1648 1646/1646/1646 
f 1643/1643/1643 1649/1649/1649 1651/1651/1651 
f 1648/1648/1648 1650/1650/1650 1652/1652/1652 
f 1649/1649/1649 1653/1653/1653 1651/1651/1651 
f 1654/1654/1654 1652/1652/1652 1650/1650/1650 
f 1649/1649/1649 1655/1655/1655 1653/1653/1653 
f 1652/1652/1652 1654/1654/1654 1656/1656/1656 
f 1657/1657/1657 1653/1653/1653 1655/1655/1655 
f 1658/1658/1658 1656/1656/1656 1654/1654/1654 
f 1653/1653/1653 1657/1657/1657 1659/1659/1659 
f 1654/1654/1654 1660/1660/1660 1658/1658/1658 
f 1661/1661/1661 1659/1659/1659 1657/1657/1657 
f 1660/1660/1660 1662/1662/1662 1658/1658/1658 
f 1657/1657/1657 1662/1662/1662 1661/1661/1661 
f 1662/1662/1662 1660/1660/1660 1661/1661/1661 
f 1669/1669/1669 1670/1670/1670 1671/1671/1671 
f 1672/1672/1672 1669/1669/1669 1671/1671/1671 
f 1673/1673/1673 1672/1672/1672 1671/1671/1671 
f 1672/1672/1672 1673/1673/1673 1674/1674/1674 
f 1670/1670/1670 1673/1673/1673 1671/1671/1671 
f 1670/1670/1670 1675/1675/1675 1673/1673/1673 
f 1670/1670/1670 1669/1669/1669 1676/1676/1676 
f 1676/1676/1676 1669/1669/1669 1677/1677/1677 
f 1676/1676/1676 1678/1678/1678 1670/1670/1670 
f 1675/1675/1675 1670/1670/1670 1679/1679/1679 
f 1679/1679/1679 1670/1670/1670 1678/1678/1678 
f 1680/1680/1680 1675/1675/1675 1679/1679/1679 
f 1679/1679/1679 1681/1681/1681 1680/1680/1680 
f 1681/1681/1681 1679/1679/1679 1682/1682/1682 
f 1678/1678/1678 1682/1682/1682 1679/1679/1679 
f 1682/1682/1682 1678/1678/1678 1683/1683/1683 

g Meshpart18

v -371.174 8.08353 -0.565282 
v -372.345 7.45383 -0.250928 
v -372.475 7.38427 -0.484596 
v -372.518 7.36091 -0.741332 
v -371.151 8.09588 -0.741332 
v -371.174 8.08353 -0.917382 
v -372.475 7.38427 -0.99807 
v -372.345 7.45383 -1.23174 
v -371.327 8.00089 -0.213989 
v -371.19 8.07464 -0.466068 
v -371.967 7.65734 -0.00377262 
v -372.134 7.56718 -0.0664928 
v -371.477 7.9207 -0.0803481 
v -371.855 7.71743 0.0218337 
v -371.559 7.87624 -0.0280312 
v -371.327 8.00089 -1.26868 
v -371.19 8.07464 -1.0166 
v -371.967 7.65734 -1.47889 
v -372.134 7.56718 -1.41617 
v -371.477 7.9207 -1.40232 
v -371.855 7.71743 -1.5045 
v -371.559 7.87624 -1.45464 

vn 0.472441 -0.88189 0 
vn 0.472441 -0.88189 0 
vn 0.472441 -0.88189 0 
vn 0.472441 -0.88189 0 
vn 0.472441 -0.88189 0 
vn 0.472441 -0.88189 0 
vn 0.472441 -0.88189 0 
vn 0.472441 -0.88189 0 
vn 0.472441 -0.88189 0 
vn 0.472441 -0.88189 0 
vn 0.472441 -0.88189 0 
vn 0.472441 -0.88189 0 
vn 0.472441 -0.88189 0 
vn 0.472441 -0.88189 0 
vn 0.472441 -0.88189 0 
vn 0.472441 -0.88189 0 
vn 0.472441 -0.88189 0 
vn 0.472441 -0.88189 0 
vn 0.472441 -0.88189 0 
vn 0.472441 -0.88189 0 
vn 0.472441 -0.88189 0 
vn 0.472441 -0.88189 0 

vt 14.0826 -18.978 
vt 13.9361 -18.9387 
vt 13.92 -18.9679 
vt 13.9145 -19 
vt 14.0855 -19 
vt 14.0826 -19.022 
vt 13.92 -19.0321 
vt 13.9361 -19.0613 
vt 14.0634 -18.9341 
vt 14.0805 -18.9656 
vt 13.9835 -18.9078 
vt 13.9625 -18.9156 
vt 14.0447 -18.9174 
vt 13.9975 -18.9046 
vt 14.0344 -18.9108 
vt 14.0634 -19.0659 
vt 14.0805 -19.0344 
vt 13.9835 -19.0922 
vt 13.9625 -19.0844 
vt 14.0447 -19.0826 
vt 13.9975 -19.0954 
vt 14.0344 -19.0892 

usemtl Meshpart18Mtl

f 1684/1684/1684 1685/1685/1685 1686/1686/1686 
f 1687/1687/1687 1684/1684/1684 1686/1686/1686 
f 1684/1684/1684 1687/1687/1687 1688/1688/1688 
f 1687/1687/1687 1689/1689/1689 1688/1688/1688 
f 1689/1689/1689 1687/1687/1687 1690/1690/1690 
f 1691/1691/1691 1689/1689/1689 1690/1690/1690 
f 1684/1684/1684 1692/1692/1692 1685/1685/1685 
f 1692/1692/1692 1684/1684/1684 1693/1693/1693 
f 1694/1694/1694 1685/1685/1685 1692/1692/1692 
f 1685/1685/1685 1694/1694/1694 1695/1695/1695 
f 1694/1694/1694 1692/1692/1692 1696/1696/1696 
f 1696/1696/1696 1697/1697/1697 1694/1694/1694 
f 1697/1697/1697 1696/1696/1696 1698/1698/1698 
f 1699/1699/1699 1689/1689/1689 1691/1691/1691 
f 1689/1689/1689 1699/1699/1699 1700/1700/1700 
f 1701/1701/1701 1699/1699/1699 1691/1691/1691 
f 1701/1701/1701 1691/1691/1691 1702/1702/1702 
f 1699/1699/1699 1701/1701/1701 1703/1703/1703 
f 1704/1704/1704 1703/1703/1703 1701/1701/1701 
f 1703/1703/1703 1704/1704/1704 1705/1705/1705 

g Meshpart19

v -371.869 8.21305 -0.708722 
v -371.857 8.21825 -0.711195 
v -371.832 8.01175 -0.718239 
v -371.832 7.90512 -0.718239 
v -371.848 8.22266 -0.718239 
v -371.825 8.01175 -0.728778 
v -371.825 7.90512 -0.728778 
v -371.914 8.36472 -0.718239 
v -371.998 8.45868 -0.717605 
v -371.822 8.01175 -0.74121 
v -371.841 8.2256 -0.728778 
v -371.909 8.36944 -0.728778 
v -371.993 8.46354 -0.728436 
v -371.822 7.90512 -0.74121 
v -371.839 8.22664 -0.74121 
v -371.907 8.3711 -0.74121 
v -371.991 8.46524 -0.74121 
v -371.993 8.46354 -0.753986 
v -371.909 8.36944 -0.753644 
v -371.998 8.45868 -0.764817 
v -371.841 8.2256 -0.753644 
v -371.914 8.36472 -0.764183 
v -371.825 8.01175 -0.753644 
v -371.825 7.90512 -0.753644 
v -371.848 8.22266 -0.764183 
v -371.832 8.01175 -0.764183 
v -371.832 7.90512 -0.764183 
v -372.041 8.43275 -0.730561 
v -372.003 8.46724 -0.730561 
v -372.043 8.43133 -0.74121 
v -372.037 8.4368 -0.721533 
v -372.002 8.46866 -0.74121 
v -372.008 8.46319 -0.721533 
v -372.003 8.46724 -0.75186 
v -372.014 8.45714 -0.715499 
v -372.03 8.44285 -0.715499 
v -372.022 8.44999 -0.713381 
v -372.041 8.43275 -0.75186 
v -372.037 8.4368 -0.760889 
v -372.008 8.46319 -0.760889 
v -372.014 8.45714 -0.766921 
v -372.03 8.44285 -0.766921 
v -372.022 8.44999 -0.769041 
v -372.002 8.46866 -0.74121 
v -371.993 8.46354 -0.728436 
v -371.991 8.46524 -0.74121 
v -371.993 8.46354 -0.753986 
v -372.003 8.46724 -0.730561 
v -372.003 8.46724 -0.75186 
v -371.998 8.45868 -0.717605 
v -371.998 8.45868 -0.764817 
v -372.008 8.46319 -0.721533 
v -372.008 8.46319 -0.760889 
v -371.998 8.45868 -0.717605 
v -372.008 8.46319 -0.721533 
v -372.006 8.45142 -0.710369 
v -372.014 8.45714 -0.715499 
v -372.016 8.44285 -0.707827 
v -372.022 8.44999 -0.713381 
v -372.03 8.44285 -0.715499 
v -372.025 8.43428 -0.710369 
v -372.037 8.4368 -0.721533 
v -372.033 8.42702 -0.717605 
v -371.887 8.01175 -0.74121 
v -371.898 8.19947 -0.74121 
v -371.878 8.01175 -0.718239 
v -371.878 7.90512 -0.718239 
v -371.948 8.3339 -0.718239 
v -372.033 8.42702 -0.717605 
v -372.025 8.43428 -0.710369 
v -371.889 8.20345 -0.718239 
v -371.867 8.01175 -0.711195 
v -371.867 7.90512 -0.711195 
v -371.88 8.20786 -0.711195 
v -371.855 8.01175 -0.708722 
v -371.855 7.90512 -0.708722 
v -371.94 8.34097 -0.711195 
v -372.016 8.44285 -0.707827 
v -371.869 8.21305 -0.708722 
v -371.842 8.01175 -0.711195 
v -371.842 7.90512 -0.711195 
v -371.931 8.34931 -0.708722 
v -371.857 8.21825 -0.711195 
v -371.832 8.01175 -0.718239 
v -371.832 7.90512 -0.718239 
v -371.922 8.35765 -0.711195 
v -372.006 8.45142 -0.710369 
v -371.848 8.22266 -0.718239 
v -371.825 8.01175 -0.728778 
v -371.825 7.90512 -0.728778 
v -371.914 8.36472 -0.718239 
v -371.998 8.45868 -0.717605 
v -372.016 8.44285 -0.707827 
v -372.022 8.44999 -0.713381 
v -372.022 8.44999 -0.769041 
v -372.03 8.44285 -0.715499 
v -372.037 8.4368 -0.721533 
v -372.037 8.4368 -0.760889 
v -372.033 8.42702 -0.717605 
v -372.033 8.42702 -0.764817 
v -372.041 8.43275 -0.730561 
v -372.041 8.43275 -0.75186 
v -372.039 8.42217 -0.728436 
v -372.039 8.42217 -0.753986 
v -372.043 8.43133 -0.74121 
v -372.041 8.42046 -0.74121 
v -371.878 8.01175 -0.764183 
v -371.878 7.90512 -0.764183 
v -371.885 8.01175 -0.753644 
v -371.885 7.90512 -0.753644 
v -371.889 8.20345 -0.764183 
v -371.887 8.01175 -0.74121 
v -371.887 7.90512 -0.74121 
v -371.896 8.20051 -0.753644 
v -371.898 8.19947 -0.74121 
v -371.885 8.01175 -0.728778 
v -371.885 7.90512 -0.728778 
v -371.878 8.01175 -0.718239 
v -371.878 7.90512 -0.718239 
v -371.896 8.20051 -0.728778 
v -371.955 8.32752 -0.74121 
v -371.954 8.32918 -0.753644 
v -372.041 8.42046 -0.74121 
v -372.039 8.42217 -0.753986 
v -371.954 8.32918 -0.728778 
v -372.039 8.42217 -0.728436 
v -371.948 8.3339 -0.764183 
v -372.033 8.42702 -0.764817 
v -371.948 8.3339 -0.718239 
v -372.033 8.42702 -0.717605 
v -371.889 8.20345 -0.718239 
v -371.998 8.45868 -0.764817 
v -372.008 8.46319 -0.760889 
v -372.006 8.45142 -0.772053 
v -372.014 8.45714 -0.766921 
v -372.016 8.44285 -0.774594 
v -372.022 8.44999 -0.769041 
v -372.03 8.44285 -0.766921 
v -372.025 8.43428 -0.772053 
v -372.037 8.4368 -0.760889 
v -372.033 8.42702 -0.764817 
v -371.867 8.01175 -0.771226 
v -371.867 7.90512 -0.771226 
v -371.878 8.01175 -0.764183 
v -371.878 7.90512 -0.764183 
v -371.855 7.90512 -0.7737 
v -371.889 8.20345 -0.764183 
v -371.898 8.19947 -0.74121 
v -371.878 7.90512 -0.718239 
v -371.954 8.32918 -0.753644 
v -371.948 8.3339 -0.764183 
v -372.033 8.42702 -0.764817 
v -372.025 8.43428 -0.772053 
v -371.94 8.34097 -0.771226 
v -372.016 8.44285 -0.774594 
v -371.88 8.20786 -0.771226 
v -371.839 8.22664 -0.74121 
v -371.907 8.3711 -0.74121 
v -371.991 8.46524 -0.74121 
v -371.998 8.45868 -0.764817 
v -371.914 8.36472 -0.764183 
v -372.006 8.45142 -0.772053 
v -371.825 7.90512 -0.753644 
v -371.848 8.22266 -0.764183 
v -371.832 8.01175 -0.764183 
v -371.832 7.90512 -0.764183 
v -371.922 8.35765 -0.771226 
v -371.857 8.21825 -0.771226 
v -371.842 8.01175 -0.771226 
v -371.842 7.90512 -0.771226 
v -371.931 8.34931 -0.7737 
v -371.869 8.21305 -0.7737 
v -371.855 8.01175 -0.7737 

vn 0.023622 0 1 
vn 0.393701 0.102362 0.913386 
vn 0.716535 0.0314961 0.700787 
vn 0.708661 0 0.708661 
vn 0.700787 0.181102 0.692913 
vn 0.929134 0.0393701 0.377953 
vn 0.92126 0 0.385827 
vn 0.598425 0.393701 0.700787 
vn 0.527559 0.472441 0.708661 
vn 1 0.0393701 0 
vn 0.897638 0.23622 0.370079 
vn 0.771654 0.511811 0.377953 
vn 0.692913 0.614173 0.385827 
vn 1 0 0 
vn 0.968504 0.259843 0 
vn 0.834646 0.551181 0 
vn 0.748031 0.661417 0 
vn 0.692913 0.614173 -0.385827 
vn 0.771654 0.511811 -0.377953 
vn 0.527559 0.472441 -0.708661 
vn 0.897638 0.23622 -0.370079 
vn 0.598425 0.393701 -0.700787 
vn 0.929134 0.0393701 -0.377953 
vn 0.92126 0 -0.385827 
vn 0.700787 0.181102 -0.692913 
vn 0.716535 0.0314961 -0.700787 
vn 0.708661 0 -0.708661 
vn -0.669291 0.740157 0 
vn -0.669291 0.740157 0 
vn -0.669291 0.740157 0 
vn -0.669291 0.740157 0 
vn -0.669291 0.740157 0 
vn -0.669291 0.740157 0 
vn -0.669291 0.740157 0 
vn -0.669291 0.740157 0 
vn -0.669291 0.740157 0 
vn -0.669291 0.740157 0 
vn -0.669291 0.740157 0 
vn -0.669291 0.740157 0 
vn -0.669291 0.740157 0 
vn -0.669291 0.740157 0 
vn -0.669291 0.740157 0 
vn -0.669291 0.740157 0 
vn 0.307087 0.952756 0 
vn 0.259843 0.905512 0.330709 
vn 0.307087 0.952756 0 
vn 0.259843 0.905512 -0.330709 
vn 0.259843 0.905512 0.330709 
vn 0.259843 0.905512 -0.330709 
vn 0.11811 0.779528 0.614173 
vn 0.11811 0.779528 -0.614173 
vn 0.11811 0.779528 0.614173 
vn 0.11811 0.779528 -0.614173 
vn 0.11811 0.779528 0.614173 
vn 0.11811 0.779528 0.614173 
vn -0.0866142 0.590551 0.80315 
vn -0.0866142 0.590551 0.80315 
vn -0.338583 0.370079 0.866142 
vn -0.338583 0.370079 0.866142 
vn -0.582677 0.149606 0.80315 
vn -0.582677 0.149606 0.80315 
vn -0.787402 -0.0393701 0.614173 
vn -0.787402 -0.0393701 0.614173 
vn -1 -0.0314961 0 
vn -0.968504 -0.23622 0 
vn -0.708661 -0.023622 0.700787 
vn -0.708661 0 0.708661 
vn -0.582677 -0.385827 0.716535 
vn -0.519685 -0.480315 0.708661 
vn -0.275591 -0.259843 0.92126 
vn -0.677165 -0.165354 0.716535 
vn -0.385827 -0.015748 0.92126 
vn -0.385827 0 0.92126 
vn -0.354331 -0.0944882 0.929134 
vn 0.00787402 0 1 
vn 0 0 1 
vn -0.299213 -0.204724 0.929134 
vn 0.00787402 -0.00787402 1 
vn 0.023622 0 1 
vn 0.393701 0.015748 0.92126 
vn 0.385827 0 0.92126 
vn 0.023622 0.00787402 1 
vn 0.393701 0.102362 0.913386 
vn 0.716535 0.0314961 0.700787 
vn 0.708661 0 0.708661 
vn 0.338583 0.212598 0.913386 
vn 0.291339 0.251969 0.92126 
vn 0.700787 0.181102 0.692913 
vn 0.929134 0.0393701 0.377953 
vn 0.92126 0 0.385827 
vn 0.598425 0.393701 0.700787 
vn 0.527559 0.472441 0.708661 
vn -0.338583 0.370079 0.866142 
vn -0.338583 0.370079 0.866142 
vn -0.338583 0.370079 -0.866142 
vn -0.582677 0.149606 0.80315 
vn -0.787402 -0.0393701 0.614173 
vn -0.787402 -0.0393701 -0.614173 
vn -0.787402 -0.0393701 0.614173 
vn -0.787402 -0.0393701 -0.614173 
vn -0.929134 -0.165354 0.330709 
vn -0.929134 -0.165354 -0.330709 
vn -0.929134 -0.165354 0.330709 
vn -0.929134 -0.165354 -0.330709 
vn -0.976378 -0.212598 0 
vn -0.976378 -0.212598 0 
vn -0.708661 -0.023622 -0.700787 
vn -0.708661 0 -0.708661 
vn -0.92126 -0.0314961 -0.377953 
vn -0.92126 0 -0.385827 
vn -0.677165 -0.165354 -0.716535 
vn -1 -0.0314961 0 
vn -1 0 0 
vn -0.897638 -0.220472 -0.385827 
vn -0.968504 -0.23622 0 
vn -0.92126 -0.0314961 0.377953 
vn -0.92126 0 0.385827 
vn -0.708661 -0.023622 0.700787 
vn -0.708661 0 0.708661 
vn -0.897638 -0.220472 0.385827 
vn -0.834646 -0.543307 0 
vn -0.771654 -0.503937 -0.385827 
vn -0.740157 -0.677165 0 
vn -0.677165 -0.622047 -0.385827 
vn -0.771654 -0.503937 0.385827 
vn -0.677165 -0.622047 0.385827 
vn -0.582677 -0.385827 -0.716535 
vn -0.519685 -0.480315 -0.708661 
vn -0.582677 -0.385827 0.716535 
vn -0.519685 -0.480315 0.708661 
vn -0.677165 -0.165354 0.716535 
vn 0.11811 0.779528 -0.614173 
vn 0.11811 0.779528 -0.614173 
vn -0.0866142 0.590551 -0.80315 
vn -0.0866142 0.590551 -0.80315 
vn -0.338583 0.370079 -0.866142 
vn -0.338583 0.370079 -0.866142 
vn -0.582677 0.149606 -0.80315 
vn -0.582677 0.149606 -0.80315 
vn -0.787402 -0.0393701 -0.614173 
vn -0.787402 -0.0393701 -0.614173 
vn -0.385827 -0.015748 -0.92126 
vn -0.385827 0 -0.92126 
vn -0.708661 -0.023622 -0.700787 
vn -0.708661 0 -0.708661 
vn 0 0 -1 
vn -0.677165 -0.165354 -0.716535 
vn -0.968504 -0.23622 0 
vn -0.708661 0 0.708661 
vn -0.771654 -0.503937 -0.385827 
vn -0.582677 -0.385827 -0.716535 
vn -0.519685 -0.480315 -0.708661 
vn -0.275591 -0.259843 -0.92126 
vn -0.299213 -0.204724 -0.929134 
vn 0.00787402 -0.00787402 -1 
vn -0.354331 -0.0944882 -0.929134 
vn 0.968504 0.259843 0 
vn 0.834646 0.551181 0 
vn 0.748031 0.661417 0 
vn 0.527559 0.472441 -0.708661 
vn 0.598425 0.393701 -0.700787 
vn 0.291339 0.251969 -0.92126 
vn 0.92126 0 -0.385827 
vn 0.700787 0.181102 -0.692913 
vn 0.716535 0.0314961 -0.700787 
vn 0.708661 0 -0.708661 
vn 0.338583 0.212598 -0.913386 
vn 0.393701 0.102362 -0.913386 
vn 0.393701 0.015748 -0.92126 
vn 0.385827 0 -0.92126 
vn 0.023622 0.00787402 -1 
vn 0.023622 0 -1 
vn 0.00787402 0 -1 

vt 7.99594 -4.99673 
vt 7.99625 -4.99608 
vt 7.99713 -5.02189 
vt 7.99713 -5.03522 
vt 7.99713 -4.99553 
vt 7.99845 -5.02189 
vt 7.99845 -5.03522 
vt 7.99713 -4.97777 
vt 7.99705 -4.96603 
vt 8 -5.02189 
vt 7.99845 -4.99516 
vt 7.99845 -4.97718 
vt 7.9984 -4.96542 
vt 8 -5.03522 
vt 8 -4.99503 
vt 8 -4.97697 
vt 8 -4.96521 
vt 8.0016 -4.96542 
vt 8.00155 -4.97718 
vt 8.00295 -4.96603 
vt 8.00155 -4.99516 
vt 8.00287 -4.97777 
vt 8.00155 -5.02189 
vt 8.00155 -5.03522 
vt 8.00287 -4.99553 
vt 8.00287 -5.02189 
vt 8.00287 -5.03522 
vt 8.0136 -4.99867 
vt 8.00884 -4.99867 
vt 8.0138 -5 
vt 8.01304 -4.99754 
vt 8.00864 -5 
vt 8.00939 -4.99754 
vt 8.00884 -5.00133 
vt 8.01023 -4.99679 
vt 8.01221 -4.99679 
vt 8.01122 -4.99652 
vt 8.0136 -5.00133 
vt 8.01304 -5.00246 
vt 8.00939 -5.00246 
vt 8.01023 -5.00321 
vt 8.01221 -5.00321 
vt 8.01122 -5.00348 
vt 8.00864 -5 
vt 8.00755 -4.9984 
vt 8.00732 -5 
vt 8.00755 -5.0016 
vt 8.00884 -4.99867 
vt 8.00884 -5.00133 
vt 8.00822 -4.99705 
vt 8.00822 -5.00295 
vt 8.00939 -4.99754 
vt 8.00939 -5.00246 
vt 7.99178 -4.96603 
vt 7.99061 -4.96546 
vt 7.99077 -4.96693 
vt 7.98977 -4.96622 
vt 7.98959 -4.968 
vt 7.98878 -4.96711 
vt 7.98779 -4.968 
vt 7.9884 -4.96908 
vt 7.98696 -4.96876 
vt 7.9874 -4.96998 
vt 8.00568 -5.02189 
vt 8.00431 -4.99843 
vt 8.00687 -5.02189 
vt 8.00687 -5.03522 
vt 7.99803 -4.98162 
vt 7.9874 -4.96998 
vt 7.9884 -4.96908 
vt 8.00539 -4.99793 
vt 8.00818 -5.02189 
vt 8.00818 -5.03522 
vt 8.00659 -4.99738 
vt 8.00974 -5.02189 
vt 8.00974 -5.03522 
vt 7.99901 -4.98074 
vt 7.98959 -4.968 
vt 8.008 -4.99673 
vt 8.01129 -5.02189 
vt 8.01129 -5.03522 
vt 8.00016 -4.9797 
vt 8.00941 -4.99608 
vt 8.01261 -5.02189 
vt 8.01261 -5.03522 
vt 8.00131 -4.97866 
vt 7.99077 -4.96693 
vt 8.01061 -4.99553 
vt 8.01349 -5.02189 
vt 8.01349 -5.03522 
vt 8.00229 -4.97777 
vt 7.99178 -4.96603 
vt 8.00417 -4.968 
vt 8.00348 -4.96711 
vt 7.99652 -4.96711 
vt 8.00321 -4.968 
vt 8.00246 -4.96876 
vt 7.99754 -4.96876 
vt 8.00295 -4.96998 
vt 7.99705 -4.96998 
vt 8.00133 -4.96927 
vt 7.99867 -4.96927 
vt 8.0016 -4.97059 
vt 7.9984 -4.97059 
vt 8 -4.96945 
vt 8 -4.9708 
vt 7.99713 -5.02189 
vt 7.99713 -5.03522 
vt 7.99845 -5.02189 
vt 7.99845 -5.03522 
vt 7.99713 -4.99793 
vt 8 -5.02189 
vt 8 -5.03522 
vt 7.99845 -4.9983 
vt 8 -4.99843 
vt 8.00155 -5.02189 
vt 8.00155 -5.03522 
vt 8.00287 -5.02189 
vt 8.00287 -5.03522 
vt 8.00155 -4.9983 
vt 8 -4.98242 
vt 7.99845 -4.98221 
vt 8 -4.9708 
vt 7.9984 -4.97059 
vt 8.00155 -4.98221 
vt 8.0016 -4.97059 
vt 7.99713 -4.98162 
vt 7.99705 -4.96998 
vt 8.00287 -4.98162 
vt 8.00295 -4.96998 
vt 8.00287 -4.99793 
vt 8.00822 -4.96603 
vt 8.00939 -4.96546 
vt 8.00923 -4.96693 
vt 8.01023 -4.96622 
vt 8.01041 -4.968 
vt 8.01122 -4.96711 
vt 8.01221 -4.968 
vt 8.0116 -4.96908 
vt 8.01304 -4.96876 
vt 8.0126 -4.96998 
vt 7.99182 -5.02189 
vt 7.99182 -5.03522 
vt 7.99313 -5.02189 
vt 7.99313 -5.03522 
vt 7.99026 -5.03522 
vt 7.99461 -4.99793 
vt 7.99569 -4.99843 
vt 7.99313 -5.03522 
vt 8.00262 -4.98221 
vt 8.00197 -4.98162 
vt 8.0126 -4.96998 
vt 8.0116 -4.96908 
vt 8.00099 -4.98074 
vt 8.01041 -4.968 
vt 7.99341 -4.99738 
vt 7.98831 -4.99503 
vt 7.99683 -4.97697 
vt 8.00732 -4.96521 
vt 8.00822 -4.96603 
vt 7.99771 -4.97777 
vt 8.00923 -4.96693 
vt 7.98651 -5.03522 
vt 7.98939 -4.99553 
vt 7.98739 -5.02189 
vt 7.98739 -5.03522 
vt 7.99869 -4.97866 
vt 7.99059 -4.99608 
vt 7.98871 -5.02189 
vt 7.98871 -5.03522 
vt 7.99984 -4.9797 
vt 7.992 -4.99673 
vt 7.99026 -5.02189 

usemtl Meshpart14Mtl

f 1709/1709/1709 1711/1711/1711 1708/1708/1708 
f 1711/1711/1711 1710/1710/1710 1708/1708/1708 
f 1711/1711/1711 1709/1709/1709 1712/1712/1712 
f 1712/1712/1712 1715/1715/1715 1711/1711/1711 
f 1710/1710/1710 1711/1711/1711 1716/1716/1716 
f 1716/1716/1716 1713/1713/1713 1710/1710/1710 
f 1715/1715/1715 1716/1716/1716 1711/1711/1711 
f 1717/1717/1717 1714/1714/1714 1713/1713/1713 
f 1713/1713/1713 1716/1716/1716 1717/1717/1717 
f 1714/1714/1714 1717/1717/1717 1718/1718/1718 
f 1715/1715/1715 1712/1712/1712 1719/1719/1719 
f 1720/1720/1720 1717/1717/1717 1716/1716/1716 
f 1716/1716/1716 1715/1715/1715 1720/1720/1720 
f 1721/1721/1721 1718/1718/1718 1717/1717/1717 
f 1717/1717/1717 1720/1720/1720 1721/1721/1721 
f 1718/1718/1718 1721/1721/1721 1722/1722/1722 
f 1721/1721/1721 1723/1723/1723 1722/1722/1722 
f 1723/1723/1723 1721/1721/1721 1724/1724/1724 
f 1720/1720/1720 1724/1724/1724 1721/1721/1721 
f 1724/1724/1724 1725/1725/1725 1723/1723/1723 
f 1715/1715/1715 1726/1726/1726 1720/1720/1720 
f 1724/1724/1724 1720/1720/1720 1726/1726/1726 
f 1727/1727/1727 1725/1725/1725 1724/1724/1724 
f 1726/1726/1726 1727/1727/1727 1724/1724/1724 
f 1726/1726/1726 1715/1715/1715 1728/1728/1728 
f 1719/1719/1719 1728/1728/1728 1715/1715/1715 
f 1728/1728/1728 1719/1719/1719 1729/1729/1729 
f 1728/1728/1728 1730/1730/1730 1726/1726/1726 
f 1727/1727/1727 1726/1726/1726 1730/1730/1730 
f 1729/1729/1729 1731/1731/1731 1728/1728/1728 
f 1730/1730/1730 1728/1728/1728 1731/1731/1731 
f 1731/1731/1731 1729/1729/1729 1732/1732/1732 
f 1733/1733/1733 1734/1734/1734 1735/1735/1735 
f 1736/1736/1736 1734/1734/1734 1733/1733/1733 
f 1737/1737/1737 1735/1735/1735 1734/1734/1734 
f 1734/1734/1734 1736/1736/1736 1738/1738/1738 
f 1739/1739/1739 1735/1735/1735 1737/1737/1737 
f 1738/1738/1738 1736/1736/1736 1740/1740/1740 
f 1740/1740/1740 1736/1736/1736 1741/1741/1741 
f 1740/1740/1740 1741/1741/1741 1742/1742/1742 
f 1735/1735/1735 1739/1739/1739 1743/1743/1743 
f 1739/1739/1739 1744/1744/1744 1743/1743/1743 
f 1744/1744/1744 1739/1739/1739 1745/1745/1745 
f 1746/1746/1746 1744/1744/1744 1745/1745/1745 
f 1744/1744/1744 1746/1746/1746 1747/1747/1747 
f 1747/1747/1747 1746/1746/1746 1748/1748/1748 
f 1749/1749/1749 1750/1750/1750 1751/1751/1751 
f 1752/1752/1752 1749/1749/1749 1751/1751/1751 
f 1750/1750/1750 1749/1749/1749 1753/1753/1753 
f 1749/1749/1749 1752/1752/1752 1754/1754/1754 
f 1753/1753/1753 1755/1755/1755 1750/1750/1750 
f 1756/1756/1756 1754/1754/1754 1752/1752/1752 
f 1755/1755/1755 1753/1753/1753 1757/1757/1757 
f 1754/1754/1754 1756/1756/1756 1758/1758/1758 
f 1760/1760/1760 1761/1761/1761 1759/1759/1759 
f 1760/1760/1760 1762/1762/1762 1761/1761/1761 
f 1762/1762/1762 1763/1763/1763 1761/1761/1761 
f 1763/1763/1763 1762/1762/1762 1764/1764/1764 
f 1765/1765/1765 1763/1763/1763 1764/1764/1764 
f 1763/1763/1763 1765/1765/1765 1766/1766/1766 
f 1767/1767/1767 1766/1766/1766 1765/1765/1765 
f 1766/1766/1766 1767/1767/1767 1768/1768/1768 
f 1774/1774/1774 1773/1773/1773 1775/1775/1775 
f 1777/1777/1777 1776/1776/1776 1771/1771/1771 
f 1772/1772/1772 1777/1777/1777 1771/1771/1771 
f 1778/1778/1778 1777/1777/1777 1772/1772/1772 
f 1776/1776/1776 1777/1777/1777 1779/1779/1779 
f 1779/1779/1779 1773/1773/1773 1776/1776/1776 
f 1778/1778/1778 1780/1780/1780 1777/1777/1777 
f 1780/1780/1780 1779/1779/1779 1777/1777/1777 
f 1780/1780/1780 1778/1778/1778 1781/1781/1781 
f 1773/1773/1773 1779/1779/1779 1782/1782/1782 
f 1775/1775/1775 1773/1773/1773 1782/1782/1782 
f 1775/1775/1775 1782/1782/1782 1783/1783/1783 
f 1784/1784/1784 1782/1782/1782 1779/1779/1779 
f 1779/1779/1779 1780/1780/1780 1784/1784/1784 
f 1781/1781/1781 1785/1785/1785 1780/1780/1780 
f 1785/1785/1785 1784/1784/1784 1780/1780/1780 
f 1786/1786/1786 1785/1785/1785 1781/1781/1781 
f 1782/1782/1782 1784/1784/1784 1787/1787/1787 
f 1783/1783/1783 1782/1782/1782 1787/1787/1787 
f 1784/1784/1784 1785/1785/1785 1788/1788/1788 
f 1788/1788/1788 1787/1787/1787 1784/1784/1784 
f 1786/1786/1786 1789/1789/1789 1785/1785/1785 
f 1789/1789/1789 1788/1788/1788 1785/1785/1785 
f 1790/1790/1790 1789/1789/1789 1786/1786/1786 
f 1791/1791/1791 1783/1783/1783 1787/1787/1787 
f 1787/1787/1787 1788/1788/1788 1791/1791/1791 
f 1783/1783/1783 1791/1791/1791 1792/1792/1792 
f 1788/1788/1788 1789/1789/1789 1793/1793/1793 
f 1793/1793/1793 1791/1791/1791 1788/1788/1788 
f 1796/1796/1796 1792/1792/1792 1791/1791/1791 
f 1791/1791/1791 1793/1793/1793 1796/1796/1796 
f 1792/1792/1792 1796/1796/1796 1797/1797/1797 
f 1806/1806/1806 1804/1804/1804 1802/1802/1802 
f 1807/1807/1807 1803/1803/1803 1805/1805/1805 
f 1804/1804/1804 1806/1806/1806 1808/1808/1808 
f 1805/1805/1805 1809/1809/1809 1807/1807/1807 
f 1810/1810/1810 1808/1808/1808 1806/1806/1806 
f 1807/1807/1807 1809/1809/1809 1810/1810/1810 
f 1808/1808/1808 1810/1810/1810 1811/1811/1811 
f 1809/1809/1809 1811/1811/1811 1810/1810/1810 
f 1812/1812/1812 1813/1813/1813 1814/1814/1814 
f 1815/1815/1815 1814/1814/1814 1813/1813/1813 
f 1814/1814/1814 1815/1815/1815 1817/1817/1817 
f 1818/1818/1818 1817/1817/1817 1815/1815/1815 
f 1814/1814/1814 1819/1819/1819 1812/1812/1812 
f 1816/1816/1816 1812/1812/1812 1819/1819/1819 
f 1817/1817/1817 1820/1820/1820 1814/1814/1814 
f 1819/1819/1819 1814/1814/1814 1820/1820/1820 
f 1817/1817/1817 1818/1818/1818 1821/1821/1821 
f 1821/1821/1821 1820/1820/1820 1817/1817/1817 
f 1822/1822/1822 1821/1821/1821 1818/1818/1818 
f 1821/1821/1821 1822/1822/1822 1823/1823/1823 
f 1824/1824/1824 1823/1823/1823 1822/1822/1822 
f 1820/1820/1820 1821/1821/1821 1825/1825/1825 
f 1823/1823/1823 1825/1825/1825 1821/1821/1821 
f 1820/1820/1820 1826/1826/1826 1819/1819/1819 
f 1825/1825/1825 1826/1826/1826 1820/1820/1820 
f 1827/1827/1827 1819/1819/1819 1826/1826/1826 
f 1819/1819/1819 1827/1827/1827 1816/1816/1816 
f 1826/1826/1826 1828/1828/1828 1827/1827/1827 
f 1829/1829/1829 1827/1827/1827 1828/1828/1828 
f 1830/1830/1830 1828/1828/1828 1826/1826/1826 
f 1826/1826/1826 1825/1825/1825 1830/1830/1830 
f 1828/1828/1828 1830/1830/1830 1831/1831/1831 
f 1827/1827/1827 1829/1829/1829 1832/1832/1832 
f 1832/1832/1832 1816/1816/1816 1827/1827/1827 
f 1833/1833/1833 1832/1832/1832 1829/1829/1829 
f 1834/1834/1834 1831/1831/1831 1830/1830/1830 
f 1831/1831/1831 1834/1834/1834 1835/1835/1835 
f 1830/1830/1830 1836/1836/1836 1834/1834/1834 
f 1836/1836/1836 1830/1830/1830 1825/1825/1825 
f 1825/1825/1825 1823/1823/1823 1836/1836/1836 
f 1839/1839/1839 1838/1838/1838 1837/1837/1837 
f 1838/1838/1838 1839/1839/1839 1840/1840/1840 
f 1841/1841/1841 1840/1840/1840 1839/1839/1839 
f 1840/1840/1840 1841/1841/1841 1842/1842/1842 
f 1841/1841/1841 1843/1843/1843 1842/1842/1842 
f 1843/1843/1843 1841/1841/1841 1844/1844/1844 
f 1844/1844/1844 1845/1845/1845 1843/1843/1843 
f 1845/1845/1845 1844/1844/1844 1846/1846/1846 
f 1847/1847/1847 1848/1848/1848 1849/1849/1849 
f 1849/1849/1849 1848/1848/1848 1850/1850/1850 
f 1847/1847/1847 1851/1851/1851 1848/1848/1848 
f 1852/1852/1852 1847/1847/1847 1849/1849/1849 
f 1858/1858/1858 1856/1856/1856 1857/1857/1857 
f 1856/1856/1856 1858/1858/1858 1859/1859/1859 
f 1860/1860/1860 1859/1859/1859 1858/1858/1858 
f 1856/1856/1856 1861/1861/1861 1852/1852/1852 
f 1859/1859/1859 1861/1861/1861 1856/1856/1856 
f 1861/1861/1861 1847/1847/1847 1852/1852/1852 
f 1866/1866/1866 1867/1867/1867 1865/1865/1865 
f 1867/1867/1867 1866/1866/1866 1872/1872/1872 
f 1866/1866/1866 1869/1869/1869 1872/1872/1872 
f 1872/1872/1872 1860/1860/1860 1867/1867/1867 
f 1869/1869/1869 1870/1870/1870 1873/1873/1873 
f 1872/1872/1872 1869/1869/1869 1873/1873/1873 
f 1870/1870/1870 1871/1871/1871 1874/1874/1874 
f 1873/1873/1873 1870/1870/1870 1874/1874/1874 
f 1874/1874/1874 1871/1871/1871 1875/1875/1875 
f 1860/1860/1860 1872/1872/1872 1876/1876/1876 
f 1872/1872/1872 1873/1873/1873 1876/1876/1876 
f 1859/1859/1859 1860/1860/1860 1876/1876/1876 
f 1876/1876/1876 1873/1873/1873 1877/1877/1877 
f 1876/1876/1876 1877/1877/1877 1859/1859/1859 
f 1873/1873/1873 1874/1874/1874 1877/1877/1877 
f 1859/1859/1859 1877/1877/1877 1861/1861/1861 
f 1874/1874/1874 1875/1875/1875 1878/1878/1878 
f 1877/1877/1877 1874/1874/1874 1878/1878/1878 
f 1877/1877/1877 1878/1878/1878 1861/1861/1861 
f 1878/1878/1878 1875/1875/1875 1851/1851/1851 
f 1861/1861/1861 1878/1878/1878 1847/1847/1847 
f 1878/1878/1878 1851/1851/1851 1847/1847/1847 

g Meshpart20

v -371.559 7.87433 -0.027787 
v -371.559 7.87433 -1.45439 
v -372.084 8.20322 -1.29324 
v -371.348 8.08161 -1.24746 
v -371.327 7.99897 -1.26843 
v -371.19 8.07272 -1.01635 
v -371.193 8.08161 -1.01513 
v -371.174 8.08161 -0.917138 
v -371.303 8.20322 -0.969795 
v -371.257 8.20322 -0.741088 
v -371.151 8.09397 -0.741088 
v -371.174 8.08161 -0.565038 
v -371.303 8.20322 -0.512383 
v -371.193 8.08161 -0.467045 
v -371.19 8.07272 -0.465824 
v -371.348 8.08161 -0.234723 
v -371.327 7.99897 -0.213745 
v -371.855 8.20322 -0.14345 
v -371.855 8.25063 -0.321048 
v -371.903 7.96476 -0.6931 
v -371.967 8.09906 -0.628614 
v -372.044 8.20785 -0.551966 
v -372.002 8.09906 -0.680219 
v -371.918 7.96476 -0.715118 
v -372.102 8.20785 -0.638737 
v -372.014 8.09906 -0.741088 
v -371.923 7.96476 -0.741088 
v -371.918 7.96476 -0.76706 
v -372.122 8.20785 -0.741088 
v -372.002 8.09906 -0.801959 
v -372.275 8.25063 -0.741088 
v -371.903 7.96476 -0.789076 
v -372.102 8.20785 -0.843441 
v -371.967 8.09906 -0.853564 
v -371.878 7.90294 -0.718117 
v -371.903 7.96476 -0.6931 
v -371.918 7.96476 -0.715118 
v -371.885 7.90294 -0.728656 
v -371.923 7.96476 -0.741088 
v -371.887 7.90294 -0.741088 
v -371.885 7.90294 -0.753522 
v -371.918 7.96476 -0.76706 
v -371.878 7.90294 -0.764061 
v -371.903 7.96476 -0.789076 
v -372.403 7.91878 -0.193389 
v -372.361 8.08161 -0.234723 
v -372.57 7.91878 -0.444676 
v -372.57 7.91878 -1.0375 
v -372.403 7.91878 -1.28879 
v -372.361 8.08161 -1.24745 
v -372.516 8.08161 -1.01513 
v -372.129 8.08161 -1.40269 
v -371.559 7.87433 -1.45439 
v -371.581 8.08161 -1.40269 
v -371.855 8.08161 -1.4572 
v -372.084 8.20322 -1.29324 
v -371.348 8.08161 -1.24746 
v -371.327 7.99897 -1.26843 
v -371.626 8.20322 -1.29324 
v -371.19 8.07272 -1.01635 
v -371.193 8.08161 -1.01513 
v -371.432 8.20322 -1.16368 
v -371.303 8.20322 -0.969795 
v -371.257 8.20322 -0.741088 
v -371.467 8.25063 -0.90183 
v -371.435 8.25063 -0.741088 
v -371.303 8.20322 -0.512383 
v -371.467 8.25063 -0.580347 
v -371.193 8.08161 -0.467045 
v -371.19 8.07272 -0.465824 
v -371.432 8.20322 -0.318495 
v -371.348 8.08161 -0.234723 
v -371.327 7.99897 -0.213745 
v -371.626 8.20322 -0.188942 
v -371.581 8.08161 -0.0794894 
v -371.855 8.08161 -0.024979 
v -372.129 8.08161 -0.0794893 
v -372.084 8.20322 -0.188942 
v -372.277 8.20322 -0.318493 
v -371.855 8.20322 -0.14345 
v -372.016 8.25063 -0.353023 
v -372.407 8.20322 -0.512383 
v -371.694 8.25063 -0.353023 
v -371.855 8.25063 -0.321048 
v -371.558 8.25063 -0.444076 
v -371.855 8.20785 -0.473629 
v -371.752 8.20785 -0.493989 
v -371.666 8.20785 -0.551966 
v -371.608 8.20785 -0.638737 
v -371.742 8.09906 -0.628614 
v -371.587 8.20785 -0.741088 
v -371.708 8.09906 -0.680219 
v -371.794 8.09906 -0.594134 
v -371.792 7.96476 -0.76706 
v -371.708 8.09906 -0.801959 
v -371.916 8.09906 -0.594134 
v -371.903 7.96476 -0.6931 
v -371.957 8.20785 -0.493989 
v -371.967 8.09906 -0.628614 
v -372.044 8.20785 -0.551966 
v -372.002 8.09906 -0.680219 
v -372.152 8.25063 -0.444076 
v -372.243 8.25063 -0.580345 
v -372.102 8.20785 -0.638737 
v -371.918 7.96476 -0.76706 
v -372.122 8.20785 -0.741088 
v -372.002 8.09906 -0.801959 
v -372.275 8.25063 -0.741088 
v -372.102 8.20785 -0.843441 
v -372.452 8.20322 -0.741088 
v -372.243 8.25063 -0.90183 
v -372.044 8.20785 -0.930211 
v -371.967 8.09906 -0.853564 
v -371.916 8.09906 -0.888043 
v -371.957 8.20785 -0.988189 
v -371.855 7.96476 -0.808954 
v -371.855 8.20785 -1.00855 
v -371.794 8.09906 -0.888043 
v -372.016 8.25063 -1.12915 
v -371.742 8.09906 -0.853564 
v -371.752 8.20785 -0.988189 
v -371.608 8.20785 -0.843441 
v -371.666 8.20785 -0.930211 
v -371.694 8.25063 -1.12915 
v -371.558 8.25063 -1.0381 
v -371.855 8.25063 -1.16113 
v -371.855 8.20322 -1.33873 
v -372.152 8.25063 -1.0381 
v -372.277 8.20322 -1.16368 
v -372.407 8.20322 -0.969795 
v -372.516 8.08161 -0.467045 
v -372.392 7.65543 -0.203831 
v -372.151 7.91878 -0.0254845 
v -372.403 7.91878 -0.193389 
v -372.361 8.08161 -0.234723 
v -372.146 7.65543 -0.0391276 
v -372.134 7.56527 -0.0662487 
v -371.967 7.65543 -0.00352842 
v -372.345 7.45191 -0.250684 
v -371.855 7.91878 0.0334749 
v -371.855 7.71551 0.0220778 
v -371.559 7.87433 -0.027787 
v -371.19 8.07272 -0.465824 
v -371.348 8.08161 -0.234723 
v -371.327 7.99897 -0.213745 
v -371.477 7.91878 -0.0801039 
v -371.626 8.20322 -0.188942 
v -371.581 8.08161 -0.0794894 
v -371.558 7.91878 -0.0254846 
v -371.855 8.08161 -0.024979 
v -372.129 8.08161 -0.0794893 
v -372.084 8.20322 -0.188942 
v -371.855 8.20322 -0.14345 
v -371.792 7.96476 -0.76706 
v -371.807 7.96476 -0.789076 
v -371.918 7.96476 -0.76706 
v -371.903 7.96476 -0.789076 
v -372.102 8.20785 -0.843441 
v -371.967 8.09906 -0.853564 
v -371.916 8.09906 -0.888043 
v -371.881 7.96476 -0.803789 
v -371.957 8.20785 -0.988189 
v -371.855 8.09906 -0.900152 
v -371.855 7.96476 -0.808954 
v -371.829 7.96476 -0.803789 
v -371.855 8.20785 -1.00855 
v -371.794 8.09906 -0.888043 
v -371.742 8.09906 -0.853564 
v -371.752 8.20785 -0.988189 
v -371.608 8.20785 -0.843441 
v -371.558 8.25063 -1.0381 
v -371.885 7.90294 -0.753522 
v -371.918 7.96476 -0.76706 
v -371.878 7.90294 -0.764061 
v -371.903 7.96476 -0.789076 
v -371.881 7.96476 -0.803789 
v -371.867 7.90294 -0.771104 
v -371.855 7.96476 -0.808954 
v -371.855 7.90294 -0.773578 
v -371.825 7.90294 -0.753522 
v -371.842 7.90294 -0.771104 
v -371.792 7.96476 -0.76706 
v -371.829 7.96476 -0.803789 
v -371.832 7.90294 -0.764061 
v -371.807 7.96476 -0.789076 
v -372.392 7.65543 -0.203831 
v -372.403 7.91878 -0.193389 
v -372.361 8.08161 -0.234723 
v -372.57 7.91878 -0.444676 
v -372.345 7.45191 -0.250684 
v -372.557 7.65543 -0.450327 
v -372.475 7.38235 -0.484352 
v -372.615 7.65543 -0.741088 
v -372.518 7.35899 -0.741088 
v -372.475 7.38235 -0.997826 
v -372.629 7.91878 -0.741088 
v -372.557 7.65543 -1.03185 
v -372.345 7.45191 -1.23149 
v -372.392 7.65543 -1.27835 
v -372.134 7.56527 -1.41593 
v -372.57 7.91878 -1.0375 
v -372.403 7.91878 -1.28879 
v -372.361 8.08161 -1.24745 
v -372.516 8.08161 -1.01513 
v -371.559 7.87433 -1.45439 
v -372.084 8.20322 -1.29324 
v -371.855 8.20322 -0.14345 
v -372.407 8.20322 -0.512383 
v -371.752 8.20785 -0.493989 
v -371.608 8.20785 -0.638737 
v -371.742 8.09906 -0.628614 
v -371.587 8.20785 -0.741088 
v -371.708 8.09906 -0.680219 
v -371.807 7.96476 -0.693102 
v -371.792 7.96476 -0.715118 
v -371.829 7.96476 -0.678389 
v -371.696 8.09906 -0.741088 
v -371.787 7.96476 -0.741088 
v -371.792 7.96476 -0.76706 
v -371.708 8.09906 -0.801959 
v -371.807 7.96476 -0.789076 
v -372.452 8.20322 -0.741088 
v -371.742 8.09906 -0.853564 
v -371.608 8.20785 -0.843441 
v -372.407 8.20322 -0.969795 
v -372.571 8.08161 -0.741088 
v -372.516 8.08161 -0.467045 
v -371.842 7.90294 -0.711073 
v -371.829 7.96476 -0.678389 
v -371.832 7.90294 -0.718117 
v -371.807 7.96476 -0.693102 
v -371.792 7.96476 -0.715118 
v -371.825 7.90294 -0.728656 
v -371.787 7.96476 -0.741088 
v -371.822 7.90294 -0.741088 
v -371.825 7.90294 -0.753522 
v -371.792 7.96476 -0.76706 
v -371.832 7.90294 -0.764061 
v -371.807 7.96476 -0.789076 
v -372.475 7.38235 -0.997826 
v -372.345 7.45191 -1.23149 
v -372.392 7.65543 -1.27835 
v -372.134 7.56527 -1.41593 
v -372.146 7.65543 -1.44305 
v -371.967 7.65543 -1.47865 
v -372.151 7.91878 -1.45669 
v -372.403 7.91878 -1.28879 
v -372.361 8.08161 -1.24745 
v -371.855 7.91878 -1.51565 
v -371.855 7.71551 -1.50426 
v -372.129 8.08161 -1.40269 
v -371.559 7.87433 -1.45439 
v -371.558 7.91878 -1.45669 
v -371.477 7.91878 -1.40207 
v -371.581 8.08161 -1.40269 
v -371.855 8.08161 -1.4572 
v -372.084 8.20322 -1.29324 
v -371.348 8.08161 -1.24746 
v -371.327 7.99897 -1.26843 
v -371.626 8.20322 -1.29324 
v -371.19 8.07272 -1.01635 
v -371.303 8.20322 -0.969795 
v -371.855 8.20785 -0.473629 
v -371.752 8.20785 -0.493989 
v -371.742 8.09906 -0.628614 
v -371.794 8.09906 -0.594134 
v -371.807 7.96476 -0.693102 
v -371.829 7.96476 -0.678389 
v -371.855 8.09906 -0.582026 
v -371.855 7.96476 -0.673224 
v -371.881 7.96476 -0.678389 
v -371.916 8.09906 -0.594134 
v -371.903 7.96476 -0.6931 
v -371.957 8.20785 -0.493989 
v -371.967 8.09906 -0.628614 
v -372.044 8.20785 -0.551966 
v -371.855 8.20322 -1.33873 
v -371.881 7.96476 -0.678389 
v -371.878 7.90294 -0.718117 
v -371.903 7.96476 -0.6931 
v -371.867 7.90294 -0.711073 
v -371.855 7.96476 -0.673224 
v -371.855 7.90294 -0.7086 
v -371.842 7.90294 -0.711073 
v -371.885 7.90294 -0.753522 
v -371.829 7.96476 -0.678389 
v -371.918 7.96476 -0.76706 
v -371.832 7.90294 -0.718117 
v -371.807 7.96476 -0.693102 

vn 0.330709 -0.0551181 0.944882 
vn 0.330709 -0.0551181 -0.944882 
vn -0.204724 0.850394 -0.488189 
vn 0.606299 0.519685 -0.606299 
vn 0.637795 0.338583 -0.692913 
vn 0.858268 0.338583 -0.377953 
vn 0.787402 0.519685 -0.330709 
vn 0.716535 0.685039 -0.141732 
vn 0.488189 0.850394 -0.204724 
vn 0.527559 0.850394 0 
vn 0.716535 0.700787 0 
vn 0.716535 0.685039 0.141732 
vn 0.488189 0.850394 0.204724 
vn 0.787402 0.519685 0.330709 
vn 0.858268 0.338583 0.377953 
vn 0.606299 0.519685 0.606299 
vn 0.637795 0.338583 0.692913 
vn 0 0.850394 0.527559 
vn 0 1 0.023622 
vn 0.582677 0.559055 -0.582677 
vn 0.543307 0.645669 -0.543307 
vn 0.338583 0.874016 -0.338583 
vn 0.708661 0.645669 -0.291339 
vn 0.76378 0.559055 -0.314961 
vn 0.448819 0.874016 -0.181102 
vn 0.76378 0.645669 0 
vn 0.826772 0.559055 0 
vn 0.76378 0.559055 0.314961 
vn 0.480315 0.874016 0 
vn 0.708661 0.645669 0.291339 
vn -0.023622 1 0 
vn 0.582677 0.559055 0.582677 
vn 0.448819 0.874016 0.181102 
vn 0.543307 0.645669 0.543307 
vn 0.614173 0.496063 -0.614173 
vn 0.614173 0.496063 -0.614173 
vn 0.80315 0.496063 -0.330709 
vn 0.80315 0.496063 -0.330709 
vn 0.866142 0.496063 0 
vn 0.866142 0.496063 0 
vn 0.80315 0.496063 0.330709 
vn 0.80315 0.496063 0.330709 
vn 0.614173 0.496063 0.614173 
vn 0.614173 0.496063 0.614173 
vn -0.700787 0.141732 0.700787 
vn -0.606299 0.519685 0.606299 
vn -0.913386 0.141732 0.377953 
vn -0.913386 0.141732 -0.377953 
vn -0.700787 0.141732 -0.700787 
vn -0.606299 0.519685 -0.606299 
vn -0.787402 0.519685 -0.330709 
vn -0.330709 0.519685 -0.787402 
vn 0.330709 -0.0551181 -0.944882 
vn 0.330709 0.519685 -0.787402 
vn 0 0.519685 -0.858268 
vn -0.204724 0.850394 -0.488189 
vn 0.606299 0.519685 -0.606299 
vn 0.637795 0.338583 -0.692913 
vn 0.204724 0.850394 -0.488189 
vn 0.858268 0.338583 -0.377953 
vn 0.787402 0.519685 -0.330709 
vn 0.377953 0.850394 -0.377953 
vn 0.488189 0.850394 -0.204724 
vn 0.527559 0.850394 0 
vn 0.023622 1 -0.00787402 
vn 0.023622 1 0 
vn 0.488189 0.850394 0.204724 
vn 0.023622 1 0.00787402 
vn 0.787402 0.519685 0.330709 
vn 0.858268 0.338583 0.377953 
vn 0.377953 0.850394 0.377953 
vn 0.606299 0.519685 0.606299 
vn 0.637795 0.338583 0.692913 
vn 0.204724 0.850394 0.488189 
vn 0.330709 0.519685 0.787402 
vn 0 0.519685 0.858268 
vn -0.330709 0.519685 0.787402 
vn -0.204724 0.850394 0.488189 
vn -0.370079 0.850394 0.377953 
vn 0 0.850394 0.527559 
vn -0.00787402 1 0.023622 
vn -0.488189 0.850394 0.204724 
vn 0.00787402 1 0.023622 
vn 0 1 0.023622 
vn 0.015748 1 0.015748 
vn 0 0.874016 -0.480315 
vn -0.181102 0.874016 -0.440945 
vn -0.338583 0.874016 -0.338583 
vn -0.440945 0.874016 -0.181102 
vn -0.543307 0.645669 -0.543307 
vn -0.480315 0.874016 0 
vn -0.708661 0.645669 -0.291339 
vn -0.291339 0.645669 -0.708661 
vn -0.76378 0.559055 0.314961 
vn -0.708661 0.645669 0.291339 
vn 0.291339 0.645669 -0.708661 
vn 0.582677 0.559055 -0.582677 
vn 0.181102 0.874016 -0.440945 
vn 0.543307 0.645669 -0.543307 
vn 0.338583 0.874016 -0.338583 
vn 0.708661 0.645669 -0.291339 
vn -0.015748 1 0.015748 
vn -0.023622 1 0.00787402 
vn 0.448819 0.874016 -0.181102 
vn 0.76378 0.559055 0.314961 
vn 0.480315 0.874016 0 
vn 0.708661 0.645669 0.291339 
vn -0.023622 1 0 
vn 0.448819 0.874016 0.181102 
vn -0.527559 0.850394 0 
vn -0.023622 1 -0.00787402 
vn 0.338583 0.874016 0.338583 
vn 0.543307 0.645669 0.543307 
vn 0.291339 0.645669 0.708661 
vn 0.181102 0.874016 0.440945 
vn 0 0.559055 0.826772 
vn 0 0.874016 0.480315 
vn -0.291339 0.645669 0.708661 
vn -0.00787402 1 -0.023622 
vn -0.543307 0.645669 0.543307 
vn -0.181102 0.874016 0.440945 
vn -0.440945 0.874016 0.181102 
vn -0.338583 0.874016 0.338583 
vn 0.00787402 1 -0.023622 
vn 0.015748 1 -0.015748 
vn 0 1 -0.023622 
vn 0 0.850394 -0.527559 
vn -0.015748 1 -0.015748 
vn -0.370079 0.850394 -0.377953 
vn -0.488189 0.850394 -0.204724 
vn -0.787402 0.519685 0.330709 
vn -0.692913 -0.181102 0.692913 
vn -0.377953 0.141732 0.913386 
vn -0.700787 0.141732 0.700787 
vn -0.606299 0.519685 0.606299 
vn -0.377953 -0.181102 0.905512 
vn -0.409449 -0.307087 0.858268 
vn -0.19685 -0.0944882 0.976378 
vn -0.700787 -0.307087 0.645669 
vn 0 0.141732 0.992126 
vn -0.0629921 -0.0551181 1 
vn 0.330709 -0.0551181 0.944882 
vn 0.858268 0.338583 0.377953 
vn 0.606299 0.519685 0.606299 
vn 0.637795 0.338583 0.692913 
vn 0.535433 0.283465 0.795276 
vn 0.204724 0.850394 0.488189 
vn 0.330709 0.519685 0.787402 
vn 0.377953 0.141732 0.913386 
vn 0 0.519685 0.858268 
vn -0.330709 0.519685 0.787402 
vn -0.204724 0.850394 0.488189 
vn 0 0.850394 0.527559 
vn -0.76378 0.559055 0.314961 
vn -0.582677 0.559055 0.582677 
vn 0.76378 0.559055 0.314961 
vn 0.582677 0.559055 0.582677 
vn 0.448819 0.874016 0.181102 
vn 0.543307 0.645669 0.543307 
vn 0.291339 0.645669 0.708661 
vn 0.314961 0.559055 0.76378 
vn 0.181102 0.874016 0.440945 
vn 0 0.645669 0.76378 
vn 0 0.559055 0.826772 
vn -0.314961 0.559055 0.76378 
vn 0 0.874016 0.480315 
vn -0.291339 0.645669 0.708661 
vn -0.543307 0.645669 0.543307 
vn -0.181102 0.874016 0.440945 
vn -0.440945 0.874016 0.181102 
vn 0.015748 1 -0.015748 
vn 0.80315 0.496063 0.330709 
vn 0.80315 0.496063 0.330709 
vn 0.614173 0.496063 0.614173 
vn 0.614173 0.496063 0.614173 
vn 0.330709 0.496063 0.80315 
vn 0.330709 0.496063 0.80315 
vn 0 0.496063 0.866142 
vn 0 0.496063 0.866142 
vn -0.80315 0.496063 0.330709 
vn -0.330709 0.496063 0.80315 
vn -0.80315 0.496063 0.330709 
vn -0.330709 0.496063 0.80315 
vn -0.614173 0.496063 0.614173 
vn -0.614173 0.496063 0.614173 
vn -0.692913 -0.181102 0.692913 
vn -0.700787 0.141732 0.700787 
vn -0.606299 0.519685 0.606299 
vn -0.913386 0.141732 0.377953 
vn -0.700787 -0.307087 0.645669 
vn -0.905512 -0.181102 0.377953 
vn -0.889764 -0.307087 0.346457 
vn -0.984252 -0.181102 0 
vn -0.952756 -0.307087 0 
vn -0.889764 -0.307087 -0.346457 
vn -0.992126 0.141732 0 
vn -0.905512 -0.181102 -0.377953 
vn -0.700787 -0.307087 -0.645669 
vn -0.692913 -0.181102 -0.692913 
vn -0.409449 -0.307087 -0.858268 
vn -0.913386 0.141732 -0.377953 
vn -0.700787 0.141732 -0.700787 
vn -0.606299 0.519685 -0.606299 
vn -0.787402 0.519685 -0.330709 
vn 0.330709 -0.0551181 -0.944882 
vn -0.204724 0.850394 -0.488189 
vn 0 0.850394 0.527559 
vn -0.488189 0.850394 0.204724 
vn -0.181102 0.874016 -0.440945 
vn -0.440945 0.874016 -0.181102 
vn -0.543307 0.645669 -0.543307 
vn -0.480315 0.874016 0 
vn -0.708661 0.645669 -0.291339 
vn -0.582677 0.559055 -0.582677 
vn -0.76378 0.559055 -0.314961 
vn -0.314961 0.559055 -0.76378 
vn -0.76378 0.645669 0 
vn -0.826772 0.559055 0 
vn -0.76378 0.559055 0.314961 
vn -0.708661 0.645669 0.291339 
vn -0.582677 0.559055 0.582677 
vn -0.527559 0.850394 0 
vn -0.543307 0.645669 0.543307 
vn -0.440945 0.874016 0.181102 
vn -0.488189 0.850394 -0.204724 
vn -0.858268 0.519685 0 
vn -0.787402 0.519685 0.330709 
vn -0.330709 0.496063 -0.80315 
vn -0.330709 0.496063 -0.80315 
vn -0.614173 0.496063 -0.614173 
vn -0.614173 0.496063 -0.614173 
vn -0.80315 0.496063 -0.330709 
vn -0.80315 0.496063 -0.330709 
vn -0.866142 0.496063 0 
vn -0.866142 0.496063 0 
vn -0.80315 0.496063 0.330709 
vn -0.80315 0.496063 0.330709 
vn -0.614173 0.496063 0.614173 
vn -0.614173 0.496063 0.614173 
vn -0.889764 -0.307087 -0.346457 
vn -0.700787 -0.307087 -0.645669 
vn -0.692913 -0.181102 -0.692913 
vn -0.409449 -0.307087 -0.858268 
vn -0.377953 -0.181102 -0.905512 
vn -0.19685 -0.0944882 -0.976378 
vn -0.377953 0.141732 -0.913386 
vn -0.700787 0.141732 -0.700787 
vn -0.606299 0.519685 -0.606299 
vn 0 0.141732 -0.992126 
vn -0.0629921 -0.0551181 -1 
vn -0.330709 0.519685 -0.787402 
vn 0.330709 -0.0551181 -0.944882 
vn 0.377953 0.141732 -0.913386 
vn 0.535433 0.283465 -0.795276 
vn 0.330709 0.519685 -0.787402 
vn 0 0.519685 -0.858268 
vn -0.204724 0.850394 -0.488189 
vn 0.606299 0.519685 -0.606299 
vn 0.637795 0.338583 -0.692913 
vn 0.204724 0.850394 -0.488189 
vn 0.858268 0.338583 -0.377953 
vn 0.488189 0.850394 -0.204724 
vn 0 0.874016 -0.480315 
vn -0.181102 0.874016 -0.440945 
vn -0.543307 0.645669 -0.543307 
vn -0.291339 0.645669 -0.708661 
vn -0.582677 0.559055 -0.582677 
vn -0.314961 0.559055 -0.76378 
vn 0 0.645669 -0.76378 
vn 0 0.559055 -0.826772 
vn 0.314961 0.559055 -0.76378 
vn 0.291339 0.645669 -0.708661 
vn 0.582677 0.559055 -0.582677 
vn 0.181102 0.874016 -0.440945 
vn 0.543307 0.645669 -0.543307 
vn 0.338583 0.874016 -0.338583 
vn 0 0.850394 -0.527559 
vn 0.330709 0.496063 -0.80315 
vn 0.614173 0.496063 -0.614173 
vn 0.614173 0.496063 -0.614173 
vn 0.330709 0.496063 -0.80315 
vn 0 0.496063 -0.866142 
vn 0 0.496063 -0.866142 
vn -0.330709 0.496063 -0.80315 
vn 0.80315 0.496063 0.330709 
vn -0.330709 0.496063 -0.80315 
vn 0.80315 0.496063 0.330709 
vn -0.614173 0.496063 -0.614173 
vn -0.614173 0.496063 -0.614173 

vt 25.9108 -50.9913 
vt 26.0892 -50.9913 
vt 26.069 -50.9502 
vt 26.0633 -50.9654 
vt 26.0659 -50.9757 
vt 26.0344 -50.9665 
vt 26.0343 -50.9654 
vt 26.022 -50.9654 
vt 26.0286 -50.9502 
vt 26 -50.9502 
vt 26 -50.9639 
vt 25.978 -50.9654 
vt 25.9714 -50.9502 
vt 25.9657 -50.9654 
vt 25.9656 -50.9665 
vt 25.9367 -50.9654 
vt 25.9341 -50.9757 
vt 25.9253 -50.9502 
vt 25.9475 -50.9443 
vt 25.994 -50.98 
vt 25.9859 -50.9632 
vt 25.9764 -50.9496 
vt 25.9924 -50.9632 
vt 25.9968 -50.98 
vt 25.9872 -50.9496 
vt 26 -50.9632 
vt 26 -50.98 
vt 26.0032 -50.98 
vt 26 -50.9496 
vt 26.0076 -50.9632 
vt 26 -50.9443 
vt 26.006 -50.98 
vt 26.0128 -50.9496 
vt 26.0141 -50.9632 
vt 25.9971 -50.9877 
vt 25.994 -50.98 
vt 25.9968 -50.98 
vt 25.9984 -50.9877 
vt 26 -50.98 
vt 26 -50.9877 
vt 26.0016 -50.9877 
vt 26.0032 -50.98 
vt 26.0029 -50.9877 
vt 26.006 -50.98 
vt 26.0641 -50.9315 
vt 26.0589 -50.9367 
vt 26.085 -50.9629 
vt 26.085 -51.0371 
vt 26.0641 -51.0685 
vt 26.0589 -51.0633 
vt 26.0783 -51.0343 
vt 26.0299 -51.0827 
vt 25.9587 -51.0892 
vt 25.9613 -51.0827 
vt 25.9956 -51.0895 
vt 26.0242 -51.069 
vt 25.9323 -51.0633 
vt 25.9297 -51.0659 
vt 25.967 -51.069 
vt 25.9125 -51.0344 
vt 25.9129 -51.0343 
vt 25.9428 -51.0528 
vt 25.9266 -51.0286 
vt 25.9209 -51 
vt 25.9471 -51.0201 
vt 25.9431 -51 
vt 25.9266 -50.9714 
vt 25.9471 -50.9799 
vt 25.9129 -50.9657 
vt 25.9125 -50.9656 
vt 25.9428 -50.9472 
vt 25.9323 -50.9367 
vt 25.9297 -50.9341 
vt 25.967 -50.931 
vt 25.9613 -50.9173 
vt 25.9956 -50.9105 
vt 26.0299 -50.9173 
vt 26.0242 -50.931 
vt 26.0484 -50.9472 
vt 25.9956 -50.9253 
vt 26.0157 -50.9515 
vt 26.0646 -50.9714 
vt 25.9755 -50.9515 
vt 25.9956 -50.9475 
vt 25.9585 -50.9629 
vt 25.9956 -50.9666 
vt 25.9828 -50.9691 
vt 25.972 -50.9764 
vt 25.9647 -50.9872 
vt 25.9815 -50.9859 
vt 25.9622 -51 
vt 25.9772 -50.9924 
vt 25.988 -50.9816 
vt 25.9878 -51.0032 
vt 25.9772 -51.0076 
vt 26.0032 -50.9816 
vt 26.0016 -50.994 
vt 26.0084 -50.9691 
vt 26.0097 -50.9859 
vt 26.0192 -50.9764 
vt 26.014 -50.9924 
vt 26.0327 -50.9629 
vt 26.0441 -50.9799 
vt 26.0265 -50.9872 
vt 26.0034 -51.0032 
vt 26.029 -51 
vt 26.014 -51.0076 
vt 26.0481 -51 
vt 26.0265 -51.0128 
vt 26.0703 -51 
vt 26.0441 -51.0201 
vt 26.0192 -51.0236 
vt 26.0097 -51.0141 
vt 26.0032 -51.0184 
vt 26.0084 -51.0309 
vt 25.9956 -51.0085 
vt 25.9956 -51.0334 
vt 25.988 -51.0184 
vt 26.0157 -51.0485 
vt 25.9815 -51.0141 
vt 25.9828 -51.0309 
vt 25.9647 -51.0128 
vt 25.972 -51.0236 
vt 25.9755 -51.0485 
vt 25.9585 -51.0371 
vt 25.9956 -51.0525 
vt 25.9956 -51.0747 
vt 26.0327 -51.0371 
vt 26.0484 -51.0528 
vt 26.0646 -51.0286 
vt 26.0783 -50.9657 
vt 25.9372 -51.0187 
vt 25.9674 -50.9858 
vt 25.9359 -50.9858 
vt 25.9411 -50.9654 
vt 25.9681 -51.0187 
vt 25.9695 -51.0299 
vt 25.9904 -51.0187 
vt 25.9431 -51.0441 
vt 26.0044 -50.9858 
vt 26.0044 -51.0112 
vt 26.0413 -50.9913 
vt 26.0875 -50.9665 
vt 26.0677 -50.9654 
vt 26.0703 -50.9757 
vt 26.0517 -50.9858 
vt 26.033 -50.9502 
vt 26.0387 -50.9654 
vt 26.0415 -50.9858 
vt 26.0044 -50.9654 
vt 25.9701 -50.9654 
vt 25.9758 -50.9502 
vt 26.0044 -50.9502 
vt 26.0122 -50.98 
vt 26.0104 -50.98 
vt 25.9966 -50.98 
vt 25.9984 -50.98 
vt 25.9735 -50.9496 
vt 25.9903 -50.9632 
vt 25.9968 -50.9632 
vt 26.0012 -50.98 
vt 25.9916 -50.9496 
vt 26.0044 -50.9632 
vt 26.0044 -50.98 
vt 26.0077 -50.98 
vt 26.0044 -50.9496 
vt 26.012 -50.9632 
vt 26.0185 -50.9632 
vt 26.0172 -50.9496 
vt 26.0353 -50.9496 
vt 26.0415 -50.9443 
vt 26.0007 -50.9877 
vt 25.9966 -50.98 
vt 26.0015 -50.9877 
vt 25.9984 -50.98 
vt 26.0012 -50.98 
vt 26.0029 -50.9877 
vt 26.0044 -50.98 
vt 26.0044 -50.9877 
vt 26.0082 -50.9877 
vt 26.006 -50.9877 
vt 26.0122 -50.98 
vt 26.0077 -50.98 
vt 26.0073 -50.9877 
vt 26.0104 -50.98 
vt 26.0672 -51.0187 
vt 26.0685 -50.9858 
vt 26.0633 -50.9654 
vt 26.0371 -50.9858 
vt 26.0613 -51.0441 
vt 26.0363 -51.0187 
vt 26.0321 -51.0528 
vt 26 -51.0187 
vt 26 -51.0557 
vt 25.9679 -51.0528 
vt 26 -50.9858 
vt 25.9637 -51.0187 
vt 25.9387 -51.0441 
vt 25.9328 -51.0187 
vt 25.9156 -51.0299 
vt 25.9629 -50.9858 
vt 25.9315 -50.9858 
vt 25.9367 -50.9654 
vt 25.9657 -50.9654 
vt 25.9108 -50.9913 
vt 25.931 -50.9502 
vt 26.0747 -50.9502 
vt 26.0286 -50.9502 
vt 26.0309 -50.9496 
vt 26.0128 -50.9496 
vt 26.0141 -50.9632 
vt 26 -50.9496 
vt 26.0076 -50.9632 
vt 26.006 -50.98 
vt 26.0032 -50.98 
vt 26.0078 -50.98 
vt 26 -50.9632 
vt 26 -50.98 
vt 25.9968 -50.98 
vt 25.9924 -50.9632 
vt 25.994 -50.98 
vt 26 -50.9502 
vt 25.9859 -50.9632 
vt 25.9872 -50.9496 
vt 25.9714 -50.9502 
vt 26 -50.9654 
vt 26.0343 -50.9654 
vt 26.0038 -50.9877 
vt 26.0078 -50.98 
vt 26.0029 -50.9877 
vt 26.006 -50.98 
vt 26.0032 -50.98 
vt 26.0016 -50.9877 
vt 26 -50.98 
vt 26 -50.9877 
vt 25.9984 -50.9877 
vt 25.9968 -50.98 
vt 25.9971 -50.9877 
vt 25.994 -50.98 
vt 26.0731 -51.0528 
vt 26.0569 -51.0441 
vt 26.0628 -51.0187 
vt 26.0305 -51.0299 
vt 26.0319 -51.0187 
vt 26.0096 -51.0187 
vt 26.0326 -50.9858 
vt 26.0641 -50.9858 
vt 26.0589 -50.9654 
vt 25.9956 -50.9858 
vt 25.9956 -51.0112 
vt 26.0299 -50.9654 
vt 25.9587 -50.9913 
vt 25.9585 -50.9858 
vt 25.9483 -50.9858 
vt 25.9613 -50.9654 
vt 25.9956 -50.9654 
vt 26.0242 -50.9502 
vt 25.9323 -50.9654 
vt 25.9297 -50.9757 
vt 25.967 -50.9502 
vt 25.9125 -50.9665 
vt 25.9266 -50.9502 
vt 25.9956 -50.9496 
vt 25.9828 -50.9496 
vt 25.9815 -50.9632 
vt 25.988 -50.9632 
vt 25.9896 -50.98 
vt 25.9923 -50.98 
vt 25.9956 -50.9632 
vt 25.9956 -50.98 
vt 25.9988 -50.98 
vt 26.0032 -50.9632 
vt 26.0016 -50.98 
vt 26.0084 -50.9496 
vt 26.0097 -50.9632 
vt 26.0192 -50.9496 
vt 25.9956 -50.9502 
vt 25.9988 -50.98 
vt 25.9985 -50.9877 
vt 26.0016 -50.98 
vt 25.9971 -50.9877 
vt 25.9956 -50.98 
vt 25.9956 -50.9877 
vt 25.994 -50.9877 
vt 25.9993 -50.9877 
vt 25.9923 -50.98 
vt 26.0034 -50.98 
vt 25.9927 -50.9877 
vt 25.9896 -50.98 

usemtl Meshpart20Mtl

f 1882/1882/1882 1884/1884/1884 1883/1883/1883 
f 1884/1884/1884 1882/1882/1882 1885/1885/1885 
f 1886/1886/1886 1884/1884/1884 1885/1885/1885 
f 1887/1887/1887 1886/1886/1886 1885/1885/1885 
f 1888/1888/1888 1886/1886/1886 1887/1887/1887 
f 1886/1886/1886 1888/1888/1888 1889/1889/1889 
f 1888/1888/1888 1890/1890/1890 1889/1889/1889 
f 1891/1891/1891 1890/1890/1890 1888/1888/1888 
f 1890/1890/1890 1891/1891/1891 1892/1892/1892 
f 1893/1893/1893 1890/1890/1890 1892/1892/1892 
f 1894/1894/1894 1893/1893/1893 1892/1892/1892 
f 1893/1893/1893 1894/1894/1894 1895/1895/1895 
f 1899/1899/1899 1898/1898/1898 1901/1901/1901 
f 1902/1902/1902 1901/1901/1901 1898/1898/1898 
f 1901/1901/1901 1902/1902/1902 1904/1904/1904 
f 1905/1905/1905 1904/1904/1904 1902/1902/1902 
f 1906/1906/1906 1904/1904/1904 1905/1905/1905 
f 1904/1904/1904 1907/1907/1907 1901/1901/1901 
f 1903/1903/1903 1901/1901/1901 1907/1907/1907 
f 1904/1904/1904 1906/1906/1906 1908/1908/1908 
f 1908/1908/1908 1907/1907/1907 1904/1904/1904 
f 1910/1910/1910 1908/1908/1908 1906/1906/1906 
f 1907/1907/1907 1908/1908/1908 1911/1911/1911 
f 1908/1908/1908 1910/1910/1910 1912/1912/1912 
f 1914/1914/1914 1913/1913/1913 1915/1915/1915 
f 1916/1916/1916 1915/1915/1915 1913/1913/1913 
f 1915/1915/1915 1916/1916/1916 1917/1917/1917 
f 1918/1918/1918 1917/1917/1917 1916/1916/1916 
f 1919/1919/1919 1917/1917/1917 1918/1918/1918 
f 1917/1917/1917 1919/1919/1919 1920/1920/1920 
f 1921/1921/1921 1920/1920/1920 1919/1919/1919 
f 1920/1920/1920 1921/1921/1921 1922/1922/1922 
f 1928/1928/1928 1934/1934/1934 1930/1930/1930 
f 1935/1935/1935 1932/1932/1932 1937/1937/1937 
f 1939/1939/1939 1935/1935/1935 1940/1940/1940 
f 1937/1937/1937 1940/1940/1940 1935/1935/1935 
f 1940/1940/1940 1941/1941/1941 1939/1939/1939 
f 1940/1940/1940 1943/1943/1943 1941/1941/1941 
f 1941/1941/1941 1944/1944/1944 1942/1942/1942 
f 1944/1944/1944 1941/1941/1941 1943/1943/1943 
f 1944/1944/1944 1945/1945/1945 1942/1942/1942 
f 1945/1945/1945 1944/1944/1944 1946/1946/1946 
f 1949/1949/1949 1947/1947/1947 1945/1945/1945 
f 1945/1945/1945 1946/1946/1946 1949/1949/1949 
f 1947/1947/1947 1949/1949/1949 1950/1950/1950 
f 1952/1952/1952 1950/1950/1950 1949/1949/1949 
f 1950/1950/1950 1952/1952/1952 1953/1953/1953 
f 1955/1955/1955 1957/1957/1957 1924/1924/1924 
f 1957/1957/1957 1955/1955/1955 1956/1956/1956 
f 1959/1959/1959 1957/1957/1957 1956/1956/1956 
f 1958/1958/1958 1959/1959/1959 1956/1956/1956 
f 1960/1960/1960 1924/1924/1924 1957/1957/1957 
f 1958/1958/1958 1952/1952/1952 1961/1961/1961 
f 1959/1959/1959 1958/1958/1958 1962/1962/1962 
f 1961/1961/1961 1962/1962/1962 1958/1958/1958 
f 1961/1961/1961 1952/1952/1952 1963/1963/1963 
f 1952/1952/1952 1949/1949/1949 1963/1963/1963 
f 1961/1961/1961 1964/1964/1964 1962/1962/1962 
f 1964/1964/1964 1959/1959/1959 1962/1962/1962 
f 1949/1949/1949 1946/1946/1946 1963/1963/1963 
f 1963/1963/1963 1965/1965/1965 1961/1961/1961 
f 1964/1964/1964 1961/1961/1961 1965/1965/1965 
f 1946/1946/1946 1966/1966/1966 1963/1963/1963 
f 1965/1965/1965 1963/1963/1963 1966/1966/1966 
f 1966/1966/1966 1946/1946/1946 1967/1967/1967 
f 1965/1965/1965 1966/1966/1966 1968/1968/1968 
f 1967/1967/1967 1968/1968/1968 1966/1966/1966 
f 1946/1946/1946 1969/1969/1969 1967/1967/1967 
f 1969/1969/1969 1946/1946/1946 1944/1944/1944 
f 1968/1968/1968 1967/1967/1967 1970/1970/1970 
f 1971/1971/1971 1965/1965/1965 1968/1968/1968 
f 1959/1959/1959 1964/1964/1964 1976/1976/1976 
f 1977/1977/1977 1976/1976/1976 1974/1974/1974 
f 1978/1978/1978 1959/1959/1959 1976/1976/1976 
f 1976/1976/1976 1977/1977/1977 1978/1978/1978 
f 1979/1979/1979 1978/1978/1978 1977/1977/1977 
f 1959/1959/1959 1978/1978/1978 1980/1980/1980 
f 1957/1957/1957 1959/1959/1959 1980/1980/1980 
f 1980/1980/1980 1960/1960/1960 1957/1957/1957 
f 1978/1978/1978 1981/1981/1981 1980/1980/1980 
f 1960/1960/1960 1980/1980/1980 1981/1981/1981 
f 1978/1978/1978 1979/1979/1979 1982/1982/1982 
f 1981/1981/1981 1978/1978/1978 1982/1982/1982 
f 1981/1981/1981 1982/1982/1982 1986/1986/1986 
f 1986/1986/1986 1982/1982/1982 1984/1984/1984 
f 1986/1986/1986 1960/1960/1960 1981/1981/1981 
f 1987/1987/1987 1986/1986/1986 1984/1984/1984 
f 1960/1960/1960 1986/1986/1986 1988/1988/1988 
f 1986/1986/1986 1987/1987/1987 1989/1989/1989 
f 1989/1989/1989 1988/1988/1988 1986/1986/1986 
f 1990/1990/1990 1987/1987/1987 1985/1985/1985 
f 1990/1990/1990 1989/1989/1989 1987/1987/1987 
f 1990/1990/1990 1985/1985/1985 1991/1991/1991 
f 1991/1991/1991 1993/1993/1993 1990/1990/1990 
f 1993/1993/1993 1991/1991/1991 1992/1992/1992 
f 1997/1997/1997 1990/1990/1990 1993/1993/1993 
f 1995/1995/1995 1997/1997/1997 1993/1993/1993 
f 1998/1998/1998 1999/1999/1999 1996/1996/1996 
f 2000/2000/2000 1998/1998/1998 1973/1973/1973 
f 1999/1999/1999 1998/1998/1998 2001/2001/2001 
f 2000/2000/2000 2001/2001/2001 1998/1998/1998 
f 2002/2002/2002 1995/1995/1995 1999/1999/1999 
f 2001/2001/2001 2002/2002/2002 1999/1999/1999 
f 1969/1969/1969 1943/1943/1943 2000/2000/2000 
f 2001/2001/2001 2000/2000/2000 1943/1943/1943 
f 1943/1943/1943 1969/1969/1969 1944/1944/1944 
f 1943/1943/1943 2003/2003/2003 2001/2001/2001 
f 2002/2002/2002 2001/2001/2001 2003/2003/2003 
f 1943/1943/1943 1940/1940/1940 2003/2003/2003 
f 2003/2003/2003 1940/1940/1940 2002/2002/2002 
f 1940/1940/1940 1937/1937/1937 2002/2002/2002 
f 2004/2004/2004 1995/1995/1995 2002/2002/2002 
f 1937/1937/1937 2004/2004/2004 2002/2002/2002 
f 1997/1997/1997 1995/1995/1995 2004/2004/2004 
f 2005/2005/2005 2004/2004/2004 1937/1937/1937 
f 2005/2005/2005 1997/1997/1997 2004/2004/2004 
f 1997/1997/1997 2005/2005/2005 1934/1934/1934 
f 1934/1934/1934 2006/2006/2006 1997/1997/1997 
f 1990/1990/1990 1997/1997/1997 2006/2006/2006 
f 1989/1989/1989 1990/1990/1990 2006/2006/2006 
f 2006/2006/2006 1934/1934/1934 2007/2007/2007 
f 1934/1934/1934 1928/1928/1928 2007/2007/2007 
f 1929/1929/1929 2007/2007/2007 1928/1928/1928 
f 2008/2008/2008 2006/2006/2006 2007/2007/2007 
f 2006/2006/2006 2008/2008/2008 1989/1989/1989 
f 2007/2007/2007 1929/1929/1929 2008/2008/2008 
f 1988/1988/1988 1989/1989/1989 2008/2008/2008 
f 1924/1924/1924 1960/1960/1960 2009/2009/2009 
f 2010/2010/2010 2011/2011/2011 2012/2012/2012 
f 2011/2011/2011 2013/2013/2013 2012/2012/2012 
f 2011/2011/2011 2010/2010/2010 2014/2014/2014 
f 2010/2010/2010 2015/2015/2015 2014/2014/2014 
f 2015/2015/2015 2016/2016/2016 2014/2014/2014 
f 2014/2014/2014 2016/2016/2016 2011/2011/2011 
f 2015/2015/2015 2010/2010/2010 2017/2017/2017 
f 2016/2016/2016 2018/2018/2018 2011/2011/2011 
f 2018/2018/2018 2016/2016/2016 2019/2019/2019 
f 2020/2020/2020 2018/2018/2018 2019/2019/2019 
f 2022/2022/2022 2024/2024/2024 2023/2023/2023 
f 2026/2026/2026 2024/2024/2024 2022/2022/2022 
f 2024/2024/2024 2026/2026/2026 2027/2027/2027 
f 2020/2020/2020 2024/2024/2024 2027/2027/2027 
f 2018/2018/2018 2020/2020/2020 2027/2027/2027 
f 2026/2026/2026 2018/2018/2018 2027/2027/2027 
f 2018/2018/2018 2026/2026/2026 2028/2028/2028 
f 2028/2028/2028 2026/2026/2026 2025/2025/2025 
f 2029/2029/2029 2018/2018/2018 2028/2028/2028 
f 2018/2018/2018 2029/2029/2029 2011/2011/2011 
f 2013/2013/2013 2011/2011/2011 2029/2029/2029 
f 2028/2028/2028 2030/2030/2030 2029/2029/2029 
f 2030/2030/2030 2028/2028/2028 2031/2031/2031 
f 2028/2028/2028 2025/2025/2025 2031/2031/2031 
f 2037/2037/2037 2035/2035/2035 2038/2038/2038 
f 2039/2039/2039 2038/2038/2038 2035/2035/2035 
f 2041/2041/2041 2038/2038/2038 2039/2039/2039 
f 2042/2042/2042 2041/2041/2041 2039/2039/2039 
f 2043/2043/2043 2041/2041/2041 2042/2042/2042 
f 2041/2041/2041 2044/2044/2044 2038/2038/2038 
f 2044/2044/2044 2040/2040/2040 2038/2038/2038 
f 2041/2041/2041 2043/2043/2043 2045/2045/2045 
f 2045/2045/2045 2044/2044/2044 2041/2041/2041 
f 2033/2033/2033 2045/2045/2045 2043/2043/2043 
f 2045/2045/2045 2033/2033/2033 2046/2046/2046 
f 2044/2044/2044 2045/2045/2045 2047/2047/2047 
f 2053/2053/2053 2052/2052/2052 2054/2054/2054 
f 2055/2055/2055 2054/2054/2054 2052/2052/2052 
f 2056/2056/2056 2054/2054/2054 2055/2055/2055 
f 2057/2057/2057 2056/2056/2056 2055/2055/2055 
f 2059/2059/2059 2056/2056/2056 2057/2057/2057 
f 2056/2056/2056 2059/2059/2059 2061/2061/2061 
f 2062/2062/2062 2061/2061/2061 2059/2059/2059 
f 2061/2061/2061 2062/2062/2062 2063/2063/2063 
f 2067/2067/2067 2064/2064/2064 2065/2065/2065 
f 2067/2067/2067 2065/2065/2065 2066/2066/2066 
f 2069/2069/2069 2068/2068/2068 2064/2064/2064 
f 2067/2067/2067 2069/2069/2069 2064/2064/2064 
f 2068/2068/2068 2069/2069/2069 2070/2070/2070 
f 2071/2071/2071 2070/2070/2070 2069/2069/2069 
f 2070/2070/2070 2071/2071/2071 2072/2072/2072 
f 2071/2071/2071 2073/2073/2073 2072/2072/2072 
f 2074/2074/2074 2071/2071/2071 2069/2069/2069 
f 2074/2074/2074 2069/2069/2069 2067/2067/2067 
f 2073/2073/2073 2071/2071/2071 2075/2075/2075 
f 2074/2074/2074 2075/2075/2075 2071/2071/2071 
f 2075/2075/2075 2076/2076/2076 2073/2073/2073 
f 2076/2076/2076 2075/2075/2075 2077/2077/2077 
f 2079/2079/2079 2077/2077/2077 2075/2075/2075 
f 2075/2075/2075 2074/2074/2074 2079/2079/2079 
f 2077/2077/2077 2079/2079/2079 2080/2080/2080 
f 2079/2079/2079 2081/2081/2081 2080/2080/2080 
f 2074/2074/2074 2082/2082/2082 2079/2079/2079 
f 2081/2081/2081 2079/2079/2079 2082/2082/2082 
f 2090/2090/2090 2091/2091/2091 2088/2088/2088 
f 2091/2091/2091 2092/2092/2092 2089/2089/2089 
f 2092/2092/2092 2091/2091/2091 2093/2093/2093 
f 2095/2095/2095 2093/2093/2093 2091/2091/2091 
f 2091/2091/2091 2090/2090/2090 2095/2095/2095 
f 2093/2093/2093 2095/2095/2095 2096/2096/2096 
f 2095/2095/2095 2097/2097/2097 2096/2096/2096 
f 2097/2097/2097 2095/2095/2095 2098/2098/2098 
f 2090/2090/2090 2098/2098/2098 2095/2095/2095 
f 2097/2097/2097 2098/2098/2098 2099/2099/2099 
f 2099/2099/2099 2098/2098/2098 2101/2101/2101 
f 2098/2098/2098 2090/2090/2090 2102/2102/2102 
f 2104/2104/2104 2103/2103/2103 2082/2082/2082 
f 2103/2103/2103 2104/2104/2104 2100/2100/2100 
f 2082/2082/2082 2074/2074/2074 2104/2104/2104 
f 2086/2086/2086 2100/2100/2100 2104/2104/2104 
f 2104/2104/2104 2074/2074/2074 2105/2105/2105 
f 2104/2104/2104 2105/2105/2105 2086/2086/2086 
f 2074/2074/2074 2067/2067/2067 2105/2105/2105 
f 2105/2105/2105 2067/2067/2067 2066/2066/2066 
f 2110/2110/2110 2108/2108/2108 2109/2109/2109 
f 2108/2108/2108 2110/2110/2110 2111/2111/2111 
f 2112/2112/2112 2111/2111/2111 2110/2110/2110 
f 2111/2111/2111 2112/2112/2112 2113/2113/2113 
f 2112/2112/2112 2114/2114/2114 2113/2113/2113 
f 2114/2114/2114 2112/2112/2112 2115/2115/2115 
f 2114/2114/2114 2115/2115/2115 2116/2116/2116 
f 2116/2116/2116 2115/2115/2115 2117/2117/2117 
f 2119/2119/2119 2120/2120/2120 2121/2121/2121 
f 2121/2121/2121 2120/2120/2120 2122/2122/2122 
f 2122/2122/2122 2123/2123/2123 2121/2121/2121 
f 2120/2120/2120 2124/2124/2124 2122/2122/2122 
f 2124/2124/2124 2123/2123/2123 2122/2122/2122 
f 2124/2124/2124 2120/2120/2120 2125/2125/2125 
f 2124/2124/2124 2125/2125/2125 2126/2126/2126 
f 2127/2127/2127 2123/2123/2123 2124/2124/2124 
f 2123/2123/2123 2127/2127/2127 2128/2128/2128 
f 2126/2126/2126 2129/2129/2129 2124/2124/2124 
f 2129/2129/2129 2127/2127/2127 2124/2124/2124 
f 2127/2127/2127 2130/2130/2130 2128/2128/2128 
f 2127/2127/2127 2131/2131/2131 2130/2130/2130 
f 2132/2132/2132 2130/2130/2130 2131/2131/2131 
f 2127/2127/2127 2133/2133/2133 2131/2131/2131 
f 2133/2133/2133 2132/2132/2132 2131/2131/2131 
f 2129/2129/2129 2134/2134/2134 2127/2127/2127 
f 2133/2133/2133 2127/2127/2127 2134/2134/2134 
f 2134/2134/2134 2129/2129/2129 2135/2135/2135 
f 2136/2136/2136 2132/2132/2132 2133/2133/2133 
f 2132/2132/2132 2136/2136/2136 2137/2137/2137 
f 2134/2134/2134 2138/2138/2138 2133/2133/2133 
f 2142/2142/2142 2144/2144/2144 2141/2141/2141 
f 2143/2143/2143 2145/2145/2145 2144/2144/2144 
f 2144/2144/2144 2145/2145/2145 2146/2146/2146 
f 2146/2146/2146 2147/2147/2147 2144/2144/2144 
f 2141/2141/2141 2144/2144/2144 2147/2147/2147 
f 2147/2147/2147 2146/2146/2146 2148/2148/2148 
f 2149/2149/2149 2147/2147/2147 2148/2148/2148 
f 2147/2147/2147 2149/2149/2149 2150/2150/2150 
f 2150/2150/2150 2141/2141/2141 2147/2147/2147 
f 2151/2151/2151 2150/2150/2150 2149/2149/2149 
f 2141/2141/2141 2150/2150/2150 2152/2152/2152 
f 2150/2150/2150 2151/2151/2151 2153/2153/2153 
f 2138/2138/2138 2134/2134/2134 2155/2155/2155 
f 2135/2135/2135 2155/2155/2155 2134/2134/2134 
f 2156/2156/2156 2157/2157/2157 2158/2158/2158 
f 2157/2157/2157 2156/2156/2156 2159/2159/2159 
f 2160/2160/2160 2159/2159/2159 2156/2156/2156 
f 2159/2159/2159 2160/2160/2160 2161/2161/2161 
f 2160/2160/2160 2162/2162/2162 2161/2161/2161 
f 2164/2164/2164 2162/2162/2162 2160/2160/2160 
f 2164/2164/2164 2166/2166/2166 2162/2162/2162 
f 2167/2167/2167 2166/2166/2166 2164/2164/2164 

g Meshpart21

v -371.711 7.03722 -1.08782 
v -371.488 7.14111 -1.10796 
v -371.376 7.14111 -0.939637 
v -371.318 7.65805 -1.27835 
v -371.387 7.35876 -1.20944 
v -371.307 7.9214 -1.28879 
v -371.328 8.00159 -1.26843 
v -371.139 7.9214 -1.0375 
v -371.19 8.07534 -1.01635 
v -371.174 8.08424 -0.917138 
v -371.153 7.65805 -1.03185 
v -371.08 7.9214 -0.741088 
v -371.139 8.08424 -0.741088 
v -371.151 8.09659 -0.741088 
v -371.174 8.08424 -0.565038 
v -371.139 7.9214 -0.444677 
v -371.19 8.07534 -0.465824 
v -371.328 8.00159 -0.213745 
v -371.307 7.9214 -0.193389 
v -371.318 7.65805 -0.203831 
v -371.153 7.65805 -0.450327 
v -371.095 7.65805 -0.741088 
v -371.559 7.87695 -0.027787 
v -371.387 7.35876 -0.272733 
v -371.243 7.35876 -0.487617 
v -371.243 7.35876 -0.994561 
v -371.193 7.35876 -0.741088 
v -371.376 7.14111 -0.542541 
v -371.336 7.14111 -0.741088 
v -371.488 7.14111 -0.374219 
v -371.711 7.03722 -0.394355 
v -371.328 8.00159 -0.213745 
v -371.307 7.9214 -0.193389 
v -371.477 7.9214 -0.0801039 
v -371.318 7.65805 -0.203831 
v -371.564 7.65805 -0.0391277 
v -371.559 7.87695 -0.027787 
v -371.855 7.71814 0.0220778 
v -371.387 7.35876 -0.272733 
v -371.376 7.14111 -0.542541 
v -371.336 7.14111 -0.741088 
v -371.488 7.14111 -0.374219 
v -371.601 7.35876 -0.129152 
v -371.855 7.65805 0.0187079 
v -371.967 7.65805 -0.00352848 
v -371.855 7.35876 -0.0787329 
v -372.134 7.56789 -0.0662487 
v -371.656 7.14111 -0.26175 
v -371.855 7.14111 -0.222256 
v -372.108 7.35876 -0.129152 
v -372.345 7.45454 -0.250684 
v -372.053 7.14111 -0.26175 
v -372.323 7.35876 -0.272731 
v -372.222 7.14111 -0.374219 
v -372.23 7.03722 -0.741088 
v -372.374 7.14111 -0.741088 
v -372.334 7.14111 -0.939637 
v -372.517 7.35876 -0.741088 
v -372.467 7.35876 -0.994561 
v -372.518 7.36161 -0.741088 
v -372.475 7.38497 -0.997826 
v -372.222 7.14111 -1.10796 
v -372.323 7.35876 -1.20944 
v -372.345 7.45454 -1.23149 
v -372.345 7.45454 -0.250684 
v -372.323 7.35876 -0.272731 
v -372.475 7.38497 -0.484352 
v -372.222 7.14111 -0.374219 
v -372.467 7.35876 -0.487616 
v -372.334 7.14111 -0.542541 
v -372.058 7.01002 -0.741088 
v -372.202 7.03722 -0.597467 
v -372.23 7.03722 -0.741088 
v -372.374 7.14111 -0.741088 
v -371.93 6.99765 -0.772351 
v -372.042 7.01002 -0.818674 
v -372.202 7.03722 -0.88471 
v -372.334 7.14111 -0.939637 
v -372.12 7.03722 -1.00647 
v -372.475 7.38497 -0.997826 
v -372.222 7.14111 -1.10796 
v -372.345 7.45454 -1.23149 
v -372.053 7.14111 -1.22043 
v -371.999 7.03722 -1.08782 
v -371.855 7.14111 -1.25992 
v -371.656 7.14111 -1.22043 
v -371.998 7.01002 -0.884448 
v -371.711 7.03722 -1.08782 
v -371.488 7.14111 -1.10796 
v -371.855 7.03722 -1.11639 
v -371.932 7.01002 -0.928395 
v -371.913 6.99765 -0.798853 
v -371.855 7.01002 -0.943827 
v -371.886 6.99765 -0.816561 
v -371.824 6.99765 -0.665617 
v -371.855 6.99765 -0.822779 
v -371.777 7.01002 -0.928395 
v -371.824 6.99765 -0.816561 
v -371.797 6.99765 -0.798853 
v -371.779 6.99765 -0.772351 
v -371.712 7.01002 -0.884448 
v -371.59 7.03722 -1.00647 
v -371.376 7.14111 -0.939637 
v -371.508 7.03722 -0.88471 
v -371.48 7.03722 -0.741088 
v -371.668 7.01002 -0.818675 
v -371.652 7.01002 -0.741088 
v -371.508 7.03722 -0.597468 
v -371.773 6.99765 -0.741088 
v -371.668 7.01002 -0.663503 
v -371.712 7.01002 -0.59773 
v -371.779 6.99765 -0.709827 
v -371.797 6.99765 -0.683324 
v -371.777 7.01002 -0.553783 
v -371.711 7.03722 -0.394355 
v -371.855 7.71814 -1.50426 
v -371.318 7.65805 -0.203831 
v -371.243 7.35876 -0.994561 
v -371.376 7.14111 -0.542541 
v -371.336 7.14111 -0.741088 
v -371.488 7.14111 -0.374219 
v -371.601 7.35876 -0.129152 
v -371.59 7.03722 -0.47571 
v -371.656 7.14111 -0.26175 
v -371.855 7.14111 -0.222256 
v -372.345 7.45454 -0.250684 
v -372.053 7.14111 -0.26175 
v -372.475 7.38497 -0.484352 
v -372.222 7.14111 -0.374219 
v -371.999 7.03722 -0.394355 
v -372.334 7.14111 -0.542541 
v -372.12 7.03722 -0.47571 
v -371.855 7.03722 -0.365787 
v -372.042 7.01002 -0.663503 
v -371.932 7.01002 -0.553783 
v -371.998 7.01002 -0.59773 
v -371.855 7.01002 -0.53835 
v -371.913 6.99765 -0.683324 
v -371.855 6.99765 -0.659398 
v -371.886 6.99765 -0.665617 
v -371.93 6.99765 -0.709827 
v -371.937 6.99765 -0.741088 
v -372.23 7.03722 -0.741088 
v -372.475 7.38497 -0.997826 
v -372.222 7.14111 -1.10796 
v -372.323 7.35876 -1.20944 
v -372.345 7.45454 -1.23149 
v -372.108 7.35876 -1.35303 
v -372.134 7.56789 -1.41593 
v -371.855 7.35876 -1.40345 
v -372.053 7.14111 -1.22043 
v -371.855 7.14111 -1.25992 
v -371.656 7.14111 -1.22043 
v -371.711 7.03722 -1.08782 
v -371.488 7.14111 -1.10796 
v -371.855 7.71814 -1.50426 
v -371.564 7.65805 -1.44305 
v -371.855 7.65805 -1.50089 
v -371.967 7.65805 -1.47865 
v -371.559 7.87695 -1.45439 
v -371.477 7.9214 -1.40207 
v -371.601 7.35876 -1.35303 
v -371.318 7.65805 -1.27835 
v -371.387 7.35876 -1.20944 
v -371.307 7.9214 -1.28879 
v -371.328 8.00159 -1.26843 

vn 0.15748 -0.913386 -0.377953 
vn 0.519685 -0.677165 -0.519685 
vn 0.677165 -0.677165 -0.283465 
vn 0.692913 -0.181102 -0.692913 
vn 0.637795 -0.425197 -0.637795 
vn 0.700787 0.141732 -0.700787 
vn 0.692913 0.338583 -0.637795 
vn 0.913386 0.141732 -0.377953 
vn 0.874016 0.338583 -0.338583 
vn 0.92126 0.346457 -0.181102 
vn 0.905512 -0.181102 -0.377953 
vn 0.992126 0.141732 0 
vn 0.858268 0.519685 0 
vn 0.716535 0.700787 0 
vn 0.92126 0.346457 0.181102 
vn 0.913386 0.141732 0.377953 
vn 0.874016 0.338583 0.338583 
vn 0.692913 0.338583 0.637795 
vn 0.700787 0.141732 0.700787 
vn 0.692913 -0.181102 0.692913 
vn 0.905512 -0.181102 0.377953 
vn 0.984252 -0.181102 0 
vn 0.433071 -0.0551181 0.897638 
vn 0.637795 -0.425197 0.637795 
vn 0.834646 -0.425197 0.346457 
vn 0.834646 -0.425197 -0.346457 
vn 0.905512 -0.425197 0 
vn 0.677165 -0.677165 0.283465 
vn 0.732283 -0.677165 0 
vn 0.519685 -0.677165 0.519685 
vn 0.15748 -0.913386 0.377953 
vn 0.692913 0.338583 0.637795 
vn 0.700787 0.141732 0.700787 
vn 0.559055 -0.00787402 0.834646 
vn 0.692913 -0.181102 0.692913 
vn 0.377953 -0.181102 0.905512 
vn 0.433071 -0.0551181 0.897638 
vn 0.0629921 -0.0551181 1 
vn 0.637795 -0.425197 0.637795 
vn 0.677165 -0.677165 0.283465 
vn 0.732283 -0.677165 0 
vn 0.519685 -0.677165 0.519685 
vn 0.346457 -0.425197 0.834646 
vn 0 -0.181102 0.984252 
vn -0.188976 -0.267717 0.944882 
vn 0 -0.425197 0.905512 
vn -0.314961 -0.307087 0.897638 
vn 0.283465 -0.677165 0.677165 
vn 0 -0.677165 0.732283 
vn -0.346457 -0.425197 0.834646 
vn -0.645669 -0.307087 0.700787 
vn -0.283465 -0.677165 0.677165 
vn -0.637795 -0.425197 0.637795 
vn -0.519685 -0.677165 0.519685 
vn -0.409449 -0.913386 0 
vn -0.732283 -0.677165 0 
vn -0.677165 -0.677165 -0.283465 
vn -0.905512 -0.425197 0 
vn -0.834646 -0.425197 -0.346457 
vn -0.952756 -0.307087 0 
vn -0.874016 -0.307087 -0.385827 
vn -0.519685 -0.677165 -0.519685 
vn -0.637795 -0.425197 -0.637795 
vn -0.645669 -0.307087 -0.700787 
vn -0.645669 -0.307087 0.700787 
vn -0.637795 -0.425197 0.637795 
vn -0.874016 -0.307087 0.385827 
vn -0.519685 -0.677165 0.519685 
vn -0.834646 -0.425197 0.346457 
vn -0.677165 -0.677165 0.283465 
vn -0.133858 -0.992126 0 
vn -0.377953 -0.913386 0.15748 
vn -0.409449 -0.913386 0 
vn -0.732283 -0.677165 0 
vn -0.0551181 -1 -0.023622 
vn -0.125984 -0.992126 -0.0472441 
vn -0.377953 -0.913386 -0.15748 
vn -0.677165 -0.677165 -0.283465 
vn -0.283465 -0.913386 -0.283465 
vn -0.874016 -0.307087 -0.385827 
vn -0.519685 -0.677165 -0.519685 
vn -0.645669 -0.307087 -0.700787 
vn -0.283465 -0.677165 -0.677165 
vn -0.15748 -0.913386 -0.377953 
vn 0 -0.677165 -0.732283 
vn 0.283465 -0.677165 -0.677165 
vn -0.0944882 -0.992126 -0.0944882 
vn 0.15748 -0.913386 -0.377953 
vn 0.519685 -0.677165 -0.519685 
vn 0 -0.913386 -0.409449 
vn -0.0472441 -0.992126 -0.125984 
vn -0.0393701 -1 -0.0393701 
vn 0 -0.992126 -0.133858 
vn -0.023622 -1 -0.0551181 
vn 0.023622 -1 0.0551181 
vn 0 -1 -0.0551181 
vn 0.0472441 -0.992126 -0.125984 
vn 0.023622 -1 -0.0551181 
vn 0.0393701 -1 -0.0393701 
vn 0.0551181 -1 -0.023622 
vn 0.0944882 -0.992126 -0.0944882 
vn 0.283465 -0.913386 -0.283465 
vn 0.677165 -0.677165 -0.283465 
vn 0.377953 -0.913386 -0.15748 
vn 0.409449 -0.913386 0 
vn 0.125984 -0.992126 -0.0472441 
vn 0.133858 -0.992126 0 
vn 0.377953 -0.913386 0.15748 
vn 0.0551181 -1 0 
vn 0.125984 -0.992126 0.0472441 
vn 0.0944882 -0.992126 0.0944882 
vn 0.0551181 -1 0.023622 
vn 0.0393701 -1 0.0393701 
vn 0.0472441 -0.992126 0.125984 
vn 0.15748 -0.913386 0.377953 
vn 0.0629921 -0.0551181 -1 
vn 0.692913 -0.181102 0.692913 
vn 0.834646 -0.425197 -0.346457 
vn 0.677165 -0.677165 0.283465 
vn 0.732283 -0.677165 0 
vn 0.519685 -0.677165 0.519685 
vn 0.346457 -0.425197 0.834646 
vn 0.283465 -0.913386 0.283465 
vn 0.283465 -0.677165 0.677165 
vn 0 -0.677165 0.732283 
vn -0.645669 -0.307087 0.700787 
vn -0.283465 -0.677165 0.677165 
vn -0.874016 -0.307087 0.385827 
vn -0.519685 -0.677165 0.519685 
vn -0.15748 -0.913386 0.377953 
vn -0.677165 -0.677165 0.283465 
vn -0.283465 -0.913386 0.283465 
vn 0 -0.913386 0.409449 
vn -0.125984 -0.992126 0.0472441 
vn -0.0472441 -0.992126 0.125984 
vn -0.0944882 -0.992126 0.0944882 
vn 0 -0.992126 0.133858 
vn -0.0393701 -1 0.0393701 
vn 0 -1 0.0551181 
vn -0.023622 -1 0.0551181 
vn -0.0551181 -1 0.023622 
vn -0.0551181 -1 0 
vn -0.409449 -0.913386 0 
vn -0.874016 -0.307087 -0.385827 
vn -0.519685 -0.677165 -0.519685 
vn -0.637795 -0.425197 -0.637795 
vn -0.645669 -0.307087 -0.700787 
vn -0.346457 -0.425197 -0.834646 
vn -0.314961 -0.307087 -0.897638 
vn 0 -0.425197 -0.905512 
vn -0.283465 -0.677165 -0.677165 
vn 0 -0.677165 -0.732283 
vn 0.283465 -0.677165 -0.677165 
vn 0.15748 -0.913386 -0.377953 
vn 0.519685 -0.677165 -0.519685 
vn 0.0629921 -0.0551181 -1 
vn 0.377953 -0.181102 -0.905512 
vn 0 -0.181102 -0.984252 
vn -0.188976 -0.267717 -0.944882 
vn 0.433071 -0.0551181 -0.897638 
vn 0.559055 -0.00787402 -0.834646 
vn 0.346457 -0.425197 -0.834646 
vn 0.692913 -0.181102 -0.692913 
vn 0.637795 -0.425197 -0.637795 
vn 0.700787 0.141732 -0.700787 
vn 0.692913 0.338583 -0.637795 

vt 24.0433 -45.0637 
vt 24.0459 -45.0508 
vt 24.0248 -45.0508 
vt 24.0672 -44.9861 
vt 24.0585 -45.0235 
vt 24.0685 -44.9532 
vt 24.0659 -44.9432 
vt 24.0371 -44.9532 
vt 24.0344 -44.934 
vt 24.022 -44.9329 
vt 24.0363 -44.9861 
vt 24 -44.9532 
vt 24 -44.9329 
vt 24 -44.9313 
vt 23.978 -44.9329 
vt 23.9629 -44.9532 
vt 23.9656 -44.934 
vt 23.9341 -44.9432 
vt 23.9315 -44.9532 
vt 23.9328 -44.9861 
vt 23.9637 -44.9861 
vt 24 -44.9861 
vt 23.9108 -44.9588 
vt 23.9415 -45.0235 
vt 23.9683 -45.0235 
vt 24.0317 -45.0235 
vt 24 -45.0235 
vt 23.9752 -45.0508 
vt 24 -45.0508 
vt 23.9541 -45.0508 
vt 24.011 -45.0637 
vt 24.059 -44.9432 
vt 24.0615 -44.9532 
vt 24.0403 -44.9532 
vt 24.0602 -44.9861 
vt 24.0294 -44.9861 
vt 24.03 -44.9588 
vt 23.993 -44.9786 
vt 24.0516 -45.0235 
vt 24.053 -45.0508 
vt 24.0579 -45.0508 
vt 24.0389 -45.0508 
vt 24.0247 -45.0235 
vt 23.993 -44.9861 
vt 23.9791 -44.9861 
vt 23.993 -45.0235 
vt 23.9581 -44.9974 
vt 24.0179 -45.0508 
vt 23.993 -45.0508 
vt 23.9614 -45.0235 
vt 23.9317 -45.0116 
vt 23.9682 -45.0508 
vt 23.9345 -45.0235 
vt 23.9472 -45.0508 
vt 24 -45.0637 
vt 24 -45.0508 
vt 23.9752 -45.0508 
vt 24 -45.0235 
vt 23.9683 -45.0235 
vt 24 -45.0232 
vt 23.9679 -45.0203 
vt 23.9541 -45.0508 
vt 23.9415 -45.0235 
vt 23.9387 -45.0116 
vt 24.0613 -45.0116 
vt 24.0585 -45.0235 
vt 24.0321 -45.0203 
vt 24.0459 -45.0508 
vt 24.0317 -45.0235 
vt 24.0248 -45.0508 
vt 23.9677 -45 
vt 23.9497 -44.982 
vt 23.9461 -45 
vt 23.9282 -45 
vt 23.9836 -45.0039 
vt 23.9696 -45.0097 
vt 23.9497 -45.018 
vt 23.9331 -45.0248 
vt 23.9599 -45.0332 
vt 23.9156 -45.0321 
vt 23.9472 -45.0459 
vt 23.9317 -45.0613 
vt 23.9682 -45.0599 
vt 23.9751 -45.0433 
vt 23.993 -45.0649 
vt 24.0179 -45.0599 
vt 23.9751 -45.0179 
vt 24.011 -45.0433 
vt 24.0389 -45.0459 
vt 23.993 -45.0469 
vt 23.9833 -45.0234 
vt 23.9858 -45.0072 
vt 23.993 -45.0253 
vt 23.9891 -45.0094 
vt 23.997 -44.9906 
vt 23.993 -45.0102 
vt 24.0027 -45.0234 
vt 23.997 -45.0094 
vt 24.0003 -45.0072 
vt 24.0025 -45.0039 
vt 24.011 -45.0179 
vt 24.0262 -45.0332 
vt 24.053 -45.0248 
vt 24.0364 -45.018 
vt 24.04 -45 
vt 24.0165 -45.0097 
vt 24.0184 -45 
vt 24.0364 -44.982 
vt 24.0033 -45 
vt 24.0165 -44.9903 
vt 24.011 -44.9821 
vt 24.0025 -44.9961 
vt 24.0003 -44.9928 
vt 24.0027 -44.9766 
vt 24.011 -44.9567 
vt 23.993 -45.0954 
vt 24.0602 -44.9328 
vt 24.0695 -45.0317 
vt 24.053 -44.9752 
vt 24.0579 -45 
vt 24.0389 -44.9541 
vt 24.0247 -44.9235 
vt 24.0262 -44.9668 
vt 24.0179 -44.9401 
vt 23.993 -44.9351 
vt 23.9317 -44.9387 
vt 23.9682 -44.9401 
vt 23.9156 -44.9679 
vt 23.9472 -44.9541 
vt 23.9751 -44.9567 
vt 23.9331 -44.9752 
vt 23.9599 -44.9668 
vt 23.993 -44.9531 
vt 23.9696 -44.9903 
vt 23.9833 -44.9766 
vt 23.9751 -44.9821 
vt 23.993 -44.9747 
vt 23.9858 -44.9928 
vt 23.993 -44.9898 
vt 23.9891 -44.9906 
vt 23.9836 -44.9961 
vt 23.9828 -45 
vt 24.0539 -45.0637 
vt 24.0844 -45.0203 
vt 24.0528 -45.0508 
vt 24.0655 -45.0235 
vt 24.0683 -45.0116 
vt 24.0386 -45.0235 
vt 24.0419 -44.9974 
vt 24.007 -45.0235 
vt 24.0318 -45.0508 
vt 24.007 -45.0508 
vt 23.9821 -45.0508 
vt 23.989 -45.0637 
vt 23.9611 -45.0508 
vt 24.007 -44.9786 
vt 23.9706 -44.9861 
vt 24.007 -44.9861 
vt 24.0209 -44.9861 
vt 23.97 -44.9588 
vt 23.9597 -44.9532 
vt 23.9753 -45.0235 
vt 23.9398 -44.9861 
vt 23.9484 -45.0235 
vt 23.9385 -44.9532 
vt 23.941 -44.9432 

usemtl Meshpart20Mtl

f 2174/2174/2174 2175/2175/2175 2173/2173/2173 
f 2173/2173/2173 2175/2175/2175 2171/2171/2171 
f 2175/2175/2175 2174/2174/2174 2176/2176/2176 
f 2177/2177/2177 2175/2175/2175 2176/2176/2176 
f 2171/2171/2171 2175/2175/2175 2178/2178/2178 
f 2178/2178/2178 2172/2172/2172 2171/2171/2171 
f 2175/2175/2175 2177/2177/2177 2179/2179/2179 
f 2175/2175/2175 2179/2179/2179 2178/2178/2178 
f 2179/2179/2179 2177/2177/2177 2180/2180/2180 
f 2180/2180/2180 2177/2177/2177 2181/2181/2181 
f 2181/2181/2181 2182/2182/2182 2180/2180/2180 
f 2182/2182/2182 2179/2179/2179 2180/2180/2180 
f 2179/2179/2179 2182/2182/2182 2183/2183/2183 
f 2183/2183/2183 2182/2182/2182 2184/2184/2184 
f 2185/2185/2185 2183/2183/2183 2184/2184/2184 
f 2183/2183/2183 2185/2185/2185 2186/2186/2186 
f 2187/2187/2187 2183/2183/2183 2186/2186/2186 
f 2188/2188/2188 2179/2179/2179 2183/2183/2183 
f 2183/2183/2183 2187/2187/2187 2188/2188/2188 
f 2179/2179/2179 2188/2188/2188 2189/2189/2189 
f 2178/2178/2178 2179/2179/2179 2189/2189/2189 
f 2187/2187/2187 2191/2191/2191 2188/2188/2188 
f 2189/2189/2189 2188/2188/2188 2192/2192/2192 
f 2192/2192/2192 2188/2188/2188 2191/2191/2191 
f 2189/2189/2189 2193/2193/2193 2178/2178/2178 
f 2172/2172/2172 2178/2178/2178 2193/2193/2193 
f 2194/2194/2194 2189/2189/2189 2192/2192/2192 
f 2193/2193/2193 2189/2189/2189 2194/2194/2194 
f 2193/2193/2193 2169/2169/2169 2172/2172/2172 
f 2194/2194/2194 2170/2170/2170 2193/2193/2193 
f 2169/2169/2169 2193/2193/2193 2170/2170/2170 
f 2194/2194/2194 2192/2192/2192 2195/2195/2195 
f 2170/2170/2170 2194/2194/2194 2196/2196/2196 
f 2196/2196/2196 2194/2194/2194 2195/2195/2195 
f 2195/2195/2195 2192/2192/2192 2197/2197/2197 
f 2191/2191/2191 2197/2197/2197 2192/2192/2192 
f 2199/2199/2199 2201/2201/2201 2200/2200/2200 
f 2202/2202/2202 2200/2200/2200 2201/2201/2201 
f 2201/2201/2201 2203/2203/2203 2202/2202/2202 
f 2203/2203/2203 2201/2201/2201 2204/2204/2204 
f 2204/2204/2204 2205/2205/2205 2203/2203/2203 
f 2203/2203/2203 2206/2206/2206 2202/2202/2202 
f 2210/2210/2210 2209/2209/2209 2206/2206/2206 
f 2206/2206/2206 2203/2203/2203 2210/2210/2210 
f 2211/2211/2211 2210/2210/2210 2203/2203/2203 
f 2211/2211/2211 2203/2203/2203 2205/2205/2205 
f 2211/2211/2211 2205/2205/2205 2212/2212/2212 
f 2212/2212/2212 2213/2213/2213 2211/2211/2211 
f 2210/2210/2210 2211/2211/2211 2213/2213/2213 
f 2214/2214/2214 2213/2213/2213 2212/2212/2212 
f 2209/2209/2209 2210/2210/2210 2215/2215/2215 
f 2213/2213/2213 2215/2215/2215 2210/2210/2210 
f 2215/2215/2215 2213/2213/2213 2216/2216/2216 
f 2213/2213/2213 2214/2214/2214 2217/2217/2217 
f 2218/2218/2218 2217/2217/2217 2214/2214/2214 
f 2219/2219/2219 2216/2216/2216 2213/2213/2213 
f 2213/2213/2213 2217/2217/2217 2219/2219/2219 
f 2217/2217/2217 2218/2218/2218 2220/2220/2220 
f 2219/2219/2219 2217/2217/2217 2221/2221/2221 
f 2217/2217/2217 2220/2220/2220 2221/2221/2221 
f 2225/2225/2225 2224/2224/2224 2223/2223/2223 
f 2224/2224/2224 2225/2225/2225 2226/2226/2226 
f 2227/2227/2227 2226/2226/2226 2225/2225/2225 
f 2226/2226/2226 2227/2227/2227 2228/2228/2228 
f 2226/2226/2226 2229/2229/2229 2224/2224/2224 
f 2228/2228/2228 2230/2230/2230 2226/2226/2226 
f 2229/2229/2229 2226/2226/2226 2230/2230/2230 
f 2230/2230/2230 2228/2228/2228 2231/2231/2231 
f 2234/2234/2234 2233/2233/2233 2232/2232/2232 
f 2233/2233/2233 2234/2234/2234 2236/2236/2236 
f 2236/2236/2236 2235/2235/2235 2233/2233/2233 
f 2227/2227/2227 2236/2236/2236 2234/2234/2234 
f 2235/2235/2235 2236/2236/2236 2237/2237/2237 
f 2236/2236/2236 2227/2227/2227 2225/2225/2225 
f 2225/2225/2225 2237/2237/2237 2236/2236/2236 
f 2237/2237/2237 2225/2225/2225 2223/2223/2223 
f 2238/2238/2238 2239/2239/2239 2240/2240/2240 
f 2239/2239/2239 2241/2241/2241 2240/2240/2240 
f 2242/2242/2242 2238/2238/2238 2243/2243/2243 
f 2240/2240/2240 2243/2243/2243 2238/2238/2238 
f 2241/2241/2241 2244/2244/2244 2240/2240/2240 
f 2243/2243/2243 2240/2240/2240 2244/2244/2244 
f 2244/2244/2244 2241/2241/2241 2245/2245/2245 
f 2246/2246/2246 2243/2243/2243 2244/2244/2244 
f 2246/2246/2246 2244/2244/2244 2245/2245/2245 
f 2245/2245/2245 2248/2248/2248 2246/2246/2246 
f 2248/2248/2248 2250/2250/2250 2251/2251/2251 
f 2246/2246/2246 2248/2248/2248 2251/2251/2251 
f 2252/2252/2252 2251/2251/2251 2250/2250/2250 
f 2251/2251/2251 2254/2254/2254 2246/2246/2246 
f 2243/2243/2243 2246/2246/2246 2254/2254/2254 
f 2255/2255/2255 2252/2252/2252 2253/2253/2253 
f 2256/2256/2256 2255/2255/2255 2253/2253/2253 
f 2251/2251/2251 2252/2252/2252 2257/2257/2257 
f 2252/2252/2252 2255/2255/2255 2257/2257/2257 
f 2254/2254/2254 2251/2251/2251 2258/2258/2258 
f 2257/2257/2257 2258/2258/2258 2251/2251/2251 
f 2243/2243/2243 2254/2254/2254 2259/2259/2259 
f 2258/2258/2258 2259/2259/2259 2254/2254/2254 
f 2242/2242/2242 2243/2243/2243 2259/2259/2259 
f 2258/2258/2258 2257/2257/2257 2260/2260/2260 
f 2261/2261/2261 2242/2242/2242 2259/2259/2259 
f 2259/2259/2259 2258/2258/2258 2261/2261/2261 
f 2262/2262/2262 2242/2242/2242 2261/2261/2261 
f 2260/2260/2260 2263/2263/2263 2258/2258/2258 
f 2258/2258/2258 2263/2263/2263 2261/2261/2261 
f 2257/2257/2257 2264/2264/2264 2260/2260/2260 
f 2264/2264/2264 2263/2263/2263 2260/2260/2260 
f 2264/2264/2264 2257/2257/2257 2255/2255/2255 
f 2265/2265/2265 2261/2261/2261 2263/2263/2263 
f 2263/2263/2263 2264/2264/2264 2265/2265/2265 
f 2265/2265/2265 2262/2262/2262 2261/2261/2261 
f 2264/2264/2264 2266/2266/2266 2265/2265/2265 
f 2267/2267/2267 2262/2262/2262 2265/2265/2265 
f 2267/2267/2267 2265/2265/2265 2266/2266/2266 
f 2266/2266/2266 2264/2264/2264 2268/2268/2268 
f 2255/2255/2255 2268/2268/2268 2264/2264/2264 
f 2266/2266/2266 2268/2268/2268 2267/2267/2267 
f 2268/2268/2268 2255/2255/2255 2269/2269/2269 
f 2255/2255/2255 2256/2256/2256 2269/2269/2269 
f 2270/2270/2270 2269/2269/2269 2256/2256/2256 
f 2269/2269/2269 2270/2270/2270 2271/2271/2271 
f 2271/2271/2271 2268/2268/2268 2269/2269/2269 
f 2272/2272/2272 2271/2271/2271 2270/2270/2270 
f 2268/2268/2268 2273/2273/2273 2267/2267/2267 
f 2268/2268/2268 2271/2271/2271 2273/2273/2273 
f 2271/2271/2271 2272/2272/2272 2274/2274/2274 
f 2273/2273/2273 2271/2271/2271 2274/2274/2274 
f 2275/2275/2275 2274/2274/2274 2272/2272/2272 
f 2267/2267/2267 2273/2273/2273 2276/2276/2276 
f 2273/2273/2273 2274/2274/2274 2276/2276/2276 
f 2274/2274/2274 2275/2275/2275 2277/2277/2277 
f 2277/2277/2277 2276/2276/2276 2274/2274/2274 
f 2275/2275/2275 2278/2278/2278 2277/2277/2277 
f 2279/2279/2279 2267/2267/2267 2276/2276/2276 
f 2276/2276/2276 2277/2277/2277 2279/2279/2279 
f 2278/2278/2278 2279/2279/2279 2277/2277/2277 
f 2262/2262/2262 2267/2267/2267 2279/2279/2279 
f 2262/2262/2262 2279/2279/2279 2280/2280/2280 
f 2279/2279/2279 2278/2278/2278 2280/2280/2280 
f 2280/2280/2280 2281/2281/2281 2262/2262/2262 
f 2281/2281/2281 2280/2280/2280 2278/2278/2278 
f 2278/2278/2278 2282/2282/2282 2281/2281/2281 
f 2270/2270/2270 2287/2287/2287 2272/2272/2272 
f 2286/2286/2286 2272/2272/2272 2287/2287/2287 
f 2272/2272/2272 2286/2286/2286 2275/2275/2275 
f 2290/2290/2290 2286/2286/2286 2288/2288/2288 
f 2286/2286/2286 2290/2290/2290 2275/2275/2275 
f 2288/2288/2288 2282/2282/2282 2290/2290/2290 
f 2278/2278/2278 2275/2275/2275 2290/2290/2290 
f 2282/2282/2282 2278/2278/2278 2290/2290/2290 
f 2282/2282/2282 2288/2288/2288 2291/2291/2291 
f 2292/2292/2292 2282/2282/2282 2291/2291/2291 
f 2296/2296/2296 2297/2297/2297 2294/2294/2294 
f 2292/2292/2292 2294/2294/2294 2297/2297/2297 
f 2298/2298/2298 2299/2299/2299 2296/2296/2296 
f 2297/2297/2297 2296/2296/2296 2299/2299/2299 
f 2297/2297/2297 2300/2300/2300 2292/2292/2292 
f 2282/2282/2282 2292/2292/2292 2300/2300/2300 
f 2299/2299/2299 2298/2298/2298 2239/2239/2239 
f 2241/2241/2241 2239/2239/2239 2298/2298/2298 
f 2300/2300/2300 2281/2281/2281 2282/2282/2282 
f 2239/2239/2239 2301/2301/2301 2299/2299/2299 
f 2300/2300/2300 2297/2297/2297 2302/2302/2302 
f 2299/2299/2299 2303/2303/2303 2297/2297/2297 
f 2302/2302/2302 2297/2297/2297 2303/2303/2303 
f 2299/2299/2299 2301/2301/2301 2303/2303/2303 
f 2304/2304/2304 2300/2300/2300 2302/2302/2302 
f 2281/2281/2281 2300/2300/2300 2304/2304/2304 
f 2303/2303/2303 2305/2305/2305 2302/2302/2302 
f 2301/2301/2301 2305/2305/2305 2303/2303/2303 
f 2302/2302/2302 2306/2306/2306 2304/2304/2304 
f 2306/2306/2306 2281/2281/2281 2304/2304/2304 
f 2307/2307/2307 2302/2302/2302 2305/2305/2305 
f 2306/2306/2306 2302/2302/2302 2307/2307/2307 
f 2305/2305/2305 2301/2301/2301 2308/2308/2308 
f 2308/2308/2308 2307/2307/2307 2305/2305/2305 
f 2301/2301/2301 2309/2309/2309 2308/2308/2308 
f 2307/2307/2307 2262/2262/2262 2306/2306/2306 
f 2281/2281/2281 2306/2306/2306 2262/2262/2262 
f 2242/2242/2242 2307/2307/2307 2308/2308/2308 
f 2242/2242/2242 2308/2308/2308 2309/2309/2309 
f 2307/2307/2307 2242/2242/2242 2262/2262/2262 
f 2309/2309/2309 2301/2301/2301 2238/2238/2238 
f 2238/2238/2238 2242/2242/2242 2309/2309/2309 
f 2239/2239/2239 2238/2238/2238 2301/2301/2301 
f 2314/2314/2314 2315/2315/2315 2313/2313/2313 
f 2315/2315/2315 2312/2312/2312 2313/2313/2313 
f 2314/2314/2314 2316/2316/2316 2315/2315/2315 
f 2316/2316/2316 2317/2317/2317 2315/2315/2315 
f 2312/2312/2312 2315/2315/2315 2318/2318/2318 
f 2317/2317/2317 2318/2318/2318 2315/2315/2315 
f 2318/2318/2318 2317/2317/2317 2319/2319/2319 
f 2317/2317/2317 2320/2320/2320 2319/2319/2319 
f 2323/2323/2323 2324/2324/2324 2325/2325/2325 
f 2326/2326/2326 2323/2323/2323 2325/2325/2325 
f 2324/2324/2324 2323/2323/2323 2327/2327/2327 
f 2328/2328/2328 2324/2324/2324 2327/2327/2327 
f 2317/2317/2317 2326/2326/2326 2325/2325/2325 
f 2326/2326/2326 2317/2317/2317 2316/2316/2316 
f 2324/2324/2324 2329/2329/2329 2325/2325/2325 
f 2325/2325/2325 2329/2329/2329 2317/2317/2317 
f 2328/2328/2328 2330/2330/2330 2324/2324/2324 
f 2324/2324/2324 2331/2331/2331 2329/2329/2329 
f 2330/2330/2330 2331/2331/2331 2324/2324/2324 
f 2330/2330/2330 2328/2328/2328 2332/2332/2332 
f 2332/2332/2332 2328/2328/2328 2333/2333/2333 
f 2331/2331/2331 2322/2322/2322 2329/2329/2329 
f 2329/2329/2329 2322/2322/2322 2320/2320/2320 
f 2329/2329/2329 2320/2320/2320 2317/2317/2317 

g Meshpart22

v -371.477 7.9207 -0.0803481 
v -371.967 7.65734 -0.00377262 
v -371.855 7.71743 0.0218337 
v -371.559 7.87624 -0.0280312 
v -371.327 8.00089 -0.213989 
v -372.345 7.45383 -0.250928 
v -372.134 7.56718 -0.0664928 
v -371.174 8.08353 -0.565282 
v -371.19 8.07464 -0.466068 
v -372.475 7.38427 -0.484596 
v -372.518 7.36091 -0.741332 
v -371.151 8.09588 -0.741332 
v -371.174 8.08353 -0.917382 
v -372.475 7.38427 -0.99807 
v -372.345 7.45383 -1.23174 
v -371.327 8.00089 -1.26868 
v -371.19 8.07464 -1.0166 
v -371.967 7.65734 -1.47889 
v -372.134 7.56718 -1.41617 
v -371.477 7.9207 -1.40232 
v -371.855 7.71743 -1.5045 
v -371.559 7.87624 -1.45464 

vn -0.472441 0.88189 0 
vn -0.472441 0.88189 0 
vn -0.472441 0.88189 0 
vn -0.472441 0.88189 0 
vn -0.472441 0.88189 0 
vn -0.472441 0.88189 0 
vn -0.472441 0.88189 0 
vn -0.472441 0.88189 0 
vn -0.472441 0.88189 0 
vn -0.472441 0.88189 0 
vn -0.472441 0.88189 0 
vn -0.472441 0.88189 0 
vn -0.472441 0.88189 0 
vn -0.472441 0.88189 0 
vn -0.472441 0.88189 0 
vn -0.472441 0.88189 0 
vn -0.472441 0.88189 0 
vn -0.472441 0.88189 0 
vn -0.472441 0.88189 0 
vn -0.472441 0.88189 0 
vn -0.472441 0.88189 0 
vn -0.472441 0.88189 0 

vt 11.9553 -32.9174 
vt 12.0165 -32.9078 
vt 12.0025 -32.9046 
vt 11.9656 -32.9108 
vt 11.9366 -32.9341 
vt 12.0639 -32.9387 
vt 12.0375 -32.9156 
vt 11.9174 -32.978 
vt 11.9195 -32.9656 
vt 12.08 -32.9679 
vt 12.0855 -33 
vt 11.9145 -33 
vt 11.9174 -33.022 
vt 12.08 -33.0321 
vt 12.0639 -33.0613 
vt 11.9366 -33.0659 
vt 11.9195 -33.0344 
vt 12.0165 -33.0922 
vt 12.0375 -33.0844 
vt 11.9553 -33.0826 
vt 12.0025 -33.0954 
vt 11.9656 -33.0892 

usemtl Meshpart22Mtl

f 2334/2334/2334 2335/2335/2335 2336/2336/2336 
f 2334/2334/2334 2336/2336/2336 2337/2337/2337 
f 2338/2338/2338 2335/2335/2335 2334/2334/2334 
f 2338/2338/2338 2339/2339/2339 2335/2335/2335 
f 2335/2335/2335 2339/2339/2339 2340/2340/2340 
f 2339/2339/2339 2338/2338/2338 2341/2341/2341 
f 2341/2341/2341 2338/2338/2338 2342/2342/2342 
f 2341/2341/2341 2343/2343/2343 2339/2339/2339 
f 2343/2343/2343 2341/2341/2341 2344/2344/2344 
f 2345/2345/2345 2344/2344/2344 2341/2341/2341 
f 2344/2344/2344 2345/2345/2345 2346/2346/2346 
f 2344/2344/2344 2346/2346/2346 2347/2347/2347 
f 2347/2347/2347 2346/2346/2346 2348/2348/2348 
f 2349/2349/2349 2348/2348/2348 2346/2346/2346 
f 2349/2349/2349 2346/2346/2346 2350/2350/2350 
f 2348/2348/2348 2349/2349/2349 2351/2351/2351 
f 2348/2348/2348 2351/2351/2351 2352/2352/2352 
f 2351/2351/2351 2349/2349/2349 2353/2353/2353 
f 2351/2351/2351 2353/2353/2353 2354/2354/2354 
f 2354/2354/2354 2353/2353/2353 2355/2355/2355 

