# This file is brought to you by Roblox Corporation
# Generated by Roblox Studio

mtllib War Horn.mtl

g Meshpart1

v -380.444 5.91521 0.853592 
v -380.273 5.94846 0.685684 
v -380.236 5.88234 0.672592 
v -380.323 5.92495 0.804412 
v -380.297 5.85368 0.817356 
v -380.444 5.8418 0.87732 
v -380.444 5.91521 0.853592 
v -380.565 5.92495 0.804412 
v -380.592 5.85368 0.817356 
v -380.557 5.77051 0.650446 
v -380.524 5.78603 0.572084 
v -380.524 5.96398 0.607324 
v -380.444 5.79246 0.539626 
v -380.444 5.97041 0.574866 
v -380.364 5.96398 0.607324 
v -380.364 5.78603 0.572084 
v -380.331 5.77051 0.650446 
v -380.653 4.67507 -1.37406 
v -380.745 5.11437 -1.11538 
v -380.444 4.60275 -1.28271 
v -380.019 4.85393 -1.26575 
v -380.284 4.66008 -1.24961 
v -380.444 5.22224 -1.0531 
v -380.149 4.74085 -1.06988 
v -380.67 4.79848 -1.16971 
v -380.235 4.92189 -0.96535 
v -380.444 4.99689 -0.922054 
v -380.604 4.66008 -1.24961 
v -380.444 5.11134 -0.861018 
v -380.144 5.00347 -0.9233 
v -380.019 4.74303 -1.07366 
v -380.144 4.4826 -1.22403 
v -380.653 4.92189 -0.96535 
v -380.745 5.00347 -0.9233 
v -380.235 4.5598 -1.17441 
v -380.444 4.37472 -1.28631 
v -380.444 4.48481 -1.2177 
v -380.653 4.5598 -1.17441 
v -380.745 4.48259 -1.22403 
v -380.74 4.74085 -1.06988 
v -380.87 4.74303 -1.07366 
v -380.444 4.37657 -1.4133 
v -380.931 4.79848 -1.16971 
v -380.87 4.85393 -1.26575 
v -380.789 5.09682 -0.99746 
v -380.1 5.09682 -0.99746 
v -380.444 5.22039 -0.926114 
v -380.364 4.95729 0.179172 
v -380.524 4.95729 0.179172 
v -380.331 4.88672 0.2166 
v -380.444 4.98653 0.16367 
v -380.616 4.93098 0.300054 
v -380.566 5.03839 0.243088 
v -380.444 5.08289 0.219492 
v -380.444 5.172 0.165334 
v -380.323 5.03839 0.243088 
v -380.639 5.10057 0.203214 
v -380.249 5.10057 0.203214 
v -380.72 4.92812 0.294668 
v -380.639 4.75567 0.38612 
v -380.566 4.82356 0.357018 
v -380.444 4.68424 0.424002 
v -380.444 4.77907 0.380614 
v -380.323 4.82356 0.357018 
v -380.249 4.75567 0.38612 
v -380.272 4.93098 0.300054 
v -380.168 4.92812 0.294668 
v -380.673 4.68423 0.323986 
v -380.444 4.60035 0.368468 
v -380.444 4.68424 0.424002 
v -380.215 4.68423 0.323986 
v -380.639 4.75567 0.38612 
v -380.249 4.75567 0.38612 
v -380.72 4.92812 0.294668 
v -380.168 4.92812 0.294668 
v -380.444 5.17309 0.0647319 
v -380.444 4.2761 -0.18866 
v -380.866 4.69185 -0.261968 
v -380.146 4.39787 -0.210132 
v -380.146 4.98583 -0.313806 
v -380.444 4.2761 -0.18866 
v -380.701 4.45724 -0.112326 
v -380.866 4.69185 -0.261968 
v -380.701 4.96349 -0.201592 
v -380.444 5.1076 -0.335276 
v -380.081 4.71037 -0.15696 
v -380.444 4.43763 -0.331506 
v -380.325 4.5742 -0.241224 
v -380.444 4.47674 -0.109676 
v -380.325 4.8095 -0.282714 
v -380.206 4.71141 -0.151054 
v -380.444 4.90696 -0.41426 
v -380.613 4.83823 -0.402142 
v -380.444 4.94607 -0.192432 
v -380.276 4.87734 -0.180312 
v -380.444 5.06834 -0.22008 
v -380.187 4.96349 -0.201592 
v -380.081 4.71037 -0.15696 
v -380.187 4.45724 -0.112326 
v -380.613 4.87734 -0.180312 
v -380.701 4.96349 -0.201592 
v -380.276 4.54547 -0.121796 
v -380.444 4.35239 -0.0938381 
v -380.683 4.71141 -0.151054 
v -380.808 4.71037 -0.15696 
v -380.701 4.45724 -0.112326 
v -380.613 4.54547 -0.121796 
v -380.215 4.68423 0.323986 
v -380.168 4.84532 0.138532 
v -380.444 5.17309 0.0647319 
v -380.568 5.32094 0.63652 
v -380.444 5.65464 0.498984 
v -380.533 5.61283 0.710094 
v -380.592 5.85368 0.817356 
v -380.444 5.8418 0.87732 
v -380.236 5.88234 0.672592 
v -380.321 5.32094 0.63652 
v -380.355 5.61283 0.710094 
v -380.297 5.85368 0.817356 
v -380.444 5.60566 0.746316 
v -380.444 5.30601 0.68523 
v -380.444 4.37472 -1.28631 
v -380.1 4.50014 -1.34195 
v -379.957 4.79848 -1.16971 
v -380.87 4.74303 -1.07366 
v -380.745 5.00347 -0.9233 
v -380.144 5.00347 -0.9233 
v -380.789 5.09682 -0.99746 
v -380.1 5.09682 -0.99746 
v -380.444 5.11134 -0.861018 
v -380.444 5.22039 -0.926114 
v -380.444 5.98171 0.517778 
v -380.565 5.97198 0.566956 
v -380.524 5.96398 0.607324 
v -380.444 5.97041 0.574866 
v -380.557 5.94846 0.685684 
v -380.364 5.96398 0.607324 
v -380.615 5.94846 0.685684 
v -380.323 5.97198 0.566956 
v -380.565 5.92495 0.804412 
v -380.331 5.94846 0.685684 
v -380.524 5.93295 0.764044 
v -380.273 5.94846 0.685684 
v -380.444 5.91521 0.853592 
v -380.323 5.92495 0.804412 
v -380.444 5.92652 0.796502 
v -380.364 5.93295 0.764044 
v -380.273 5.94846 0.685684 
v -380.236 5.88234 0.672592 
v -380.297 5.91101 0.527826 
v -380.297 5.85368 0.817356 
v -380.444 5.98171 0.517778 
v -380.444 5.91521 0.853592 
v -380.592 5.91101 0.527826 
v -380.592 5.85368 0.817356 
v -380.615 5.94846 0.685684 
v -380.557 5.77051 0.650446 
v -380.524 5.78603 0.572084 
v -380.524 5.75499 0.728806 
v -380.444 5.79246 0.539626 
v -380.444 5.74857 0.761264 
v -380.364 5.75499 0.728806 
v -380.364 5.78603 0.572084 
v -380.331 5.77051 0.650446 
v -380.444 4.48562 -1.47839 
v -380.745 4.59349 -1.41611 
v -380.653 4.67507 -1.37406 
v -380.444 4.60008 -1.41736 
v -380.87 4.85393 -1.26575 
v -380.235 4.67507 -1.37406 
v -380.144 4.59349 -1.41611 
v -380.444 4.60275 -1.28271 
v -380.019 4.85393 -1.26575 
v -380.284 4.66008 -1.24961 
v -380.218 4.79848 -1.16971 
v -380.67 4.79848 -1.16971 
v -380.604 4.66008 -1.24961 
v -380.653 4.92189 -0.96535 
v -380.87 4.74303 -1.07366 
v -380.931 4.79848 -1.16971 
v -379.957 4.79848 -1.16971 
v -380.87 4.85393 -1.26575 
v -380.019 4.85393 -1.26575 
v -380.745 5.11437 -1.11538 
v -380.144 5.11437 -1.11538 
v -380.789 5.09682 -0.99746 
v -380.1 5.09682 -0.99746 
v -380.444 5.22224 -1.0531 
v -380.444 5.22039 -0.926114 
v -380.444 4.78691 0.26953 
v -380.524 4.81614 0.254028 
v -380.364 4.81614 0.254028 
v -380.331 4.88672 0.2166 
v -380.557 4.88672 0.2166 
v -380.639 4.75567 0.38612 
v -380.566 4.82356 0.357018 
v -380.444 4.77907 0.380614 
v -380.323 4.82356 0.357018 
v -380.168 4.92812 0.294668 
v -380.768 4.88672 0.2166 
v -380.12 4.88672 0.2166 
v -380.72 4.92812 0.294668 
v -380.639 5.10057 0.203214 
v -380.249 5.10057 0.203214 
v -380.673 5.08921 0.109212 
v -380.215 5.08921 0.109212 
v -380.444 5.172 0.165334 
v -380.444 5.17309 0.0647319 
v -380.187 4.92646 -0.41161 
v -380.146 4.98583 -0.313806 
v -380.444 5.1076 -0.335276 
v -380.444 5.03131 -0.430098 
v -380.701 4.92646 -0.41161 
v -380.743 4.98583 -0.313806 
v -380.701 4.96349 -0.201592 
v -380.743 4.98583 -0.313806 
v -380.022 4.69185 -0.261968 
v -380.444 5.1076 -0.335276 
v -380.081 4.71037 -0.15696 
v -380.444 5.06834 -0.22008 
v -380.187 4.96349 -0.201592 
v -380.146 4.98583 -0.313806 
v -380.444 4.52547 -0.23263 
v -380.444 4.43763 -0.331506 
v -380.564 4.5742 -0.241224 
v -380.613 4.50636 -0.343624 
v -380.325 4.5742 -0.241224 
v -380.276 4.50636 -0.343624 
v -380.206 4.67229 -0.372882 
v -380.444 4.47674 -0.109676 
v -380.081 4.71037 -0.15696 
v -380.276 4.54547 -0.121796 
v -380.701 4.45724 -0.112326 
v -380.613 4.54547 -0.121796 
v -380.444 5.98171 0.517778 
v -380.444 5.91521 0.853592 
v -380.565 5.97198 0.566956 
v -380.565 5.92495 0.804412 
v -380.592 5.91101 0.527826 
v -380.592 5.85368 0.817356 
v -380.653 5.88234 0.672592 
v -380.615 5.94846 0.685684 
v -380.444 5.92652 0.796502 
v -380.444 5.97041 0.574866 
v -380.444 5.74857 0.761264 
v -380.364 5.96398 0.607324 
v -380.364 5.75499 0.728806 
v -380.364 5.93295 0.764044 
v -380.364 5.78603 0.572084 
v -380.331 5.94846 0.685684 
v -380.331 5.77051 0.650446 
v -380.653 4.67507 -1.37406 
v -380.444 4.60008 -1.41736 
v -380.235 4.67507 -1.37406 
v -380.144 4.59349 -1.41611 
v -380.149 4.85612 -1.26953 
v -380.019 4.85393 -1.26575 
v -380.284 4.66008 -1.24961 
v -380.235 5.03717 -1.16501 
v -380.444 5.22224 -1.0531 
v -380.218 4.79848 -1.16971 
v -380.284 4.93688 -1.0898 
v -380.149 4.74085 -1.06988 
v -380.235 4.92189 -0.96535 
v -380.444 4.99689 -0.922054 
v -380.444 5.11134 -0.861018 
v -380.144 5.00347 -0.9233 
v -380.019 4.74303 -1.07366 
v -380.235 4.5598 -1.17441 
v -380.444 4.37472 -1.28631 
v -380.444 4.48481 -1.2177 
v -380.789 4.50014 -1.34195 
v -380.444 4.48562 -1.47839 
v -380.444 4.37657 -1.4133 
v -380.745 4.59349 -1.41611 
v -380.931 4.79848 -1.16971 
v -380.87 4.85393 -1.26575 
v -380.745 5.11437 -1.11538 
v -380.789 5.09682 -0.99746 
v -380.444 4.60144 0.267866 
v -380.323 4.73505 0.19011 
v -380.249 4.67287 0.229984 
v -380.364 4.81614 0.254028 
v -380.272 4.84246 0.133146 
v -380.168 4.84532 0.138532 
v -380.323 4.94988 0.0761819 
v -380.444 5.0892 0.00919789 
v -380.364 4.95729 0.179172 
v -380.331 4.88672 0.2166 
v -380.444 5.08289 0.219492 
v -380.323 5.03839 0.243088 
v -380.444 4.68424 0.424002 
v -380.323 4.82356 0.357018 
v -380.272 4.93098 0.300054 
v -380.168 4.92812 0.294668 
v -380.673 4.68423 0.323986 
v -380.444 4.60035 0.368468 
v -380.444 4.68424 0.424002 
v -380.639 4.75567 0.38612 
v -380.768 4.88672 0.2166 
v -380.72 4.92812 0.294668 
v -380.639 5.10057 0.203214 
v -380.673 5.08921 0.109212 
v -380.701 4.42021 -0.322344 
v -380.743 4.39787 -0.210132 
v -380.866 4.69185 -0.261968 
v -380.444 4.43763 -0.331506 
v -380.444 5.1076 -0.335276 
v -380.444 4.90696 -0.41426 
v -380.701 4.92646 -0.41161 
v -380.743 4.98583 -0.313806 
v -380.808 4.67333 -0.366978 
v -380.701 4.45724 -0.112326 
v -380.743 4.39787 -0.210132 
v -380.866 4.69185 -0.261968 
v -380.808 4.71037 -0.15696 
v -380.701 4.96349 -0.201592 
v -380.743 4.98583 -0.313806 
v -380.444 4.43763 -0.331506 
v -380.325 4.5742 -0.241224 
v -380.276 4.50636 -0.343624 
v -380.206 4.67229 -0.372882 
v -380.275 4.69185 -0.261968 
v -380.325 4.8095 -0.282714 
v -380.276 4.83823 -0.402142 
v -380.206 4.71141 -0.151054 
v -380.444 4.90696 -0.41426 
v -380.276 4.87734 -0.180312 
v -380.081 4.71037 -0.15696 
v -380.276 4.54547 -0.121796 
v -380.444 4.35239 -0.0938381 
v -380.673 4.68423 0.323986 
v -380.639 4.67287 0.229984 
v -380.768 4.88672 0.2166 
v -380.72 4.84532 0.138532 
v -380.639 5.01777 0.0470779 
v -380.673 5.08921 0.109212 
v -380.444 5.0892 0.00919789 
v -380.444 5.17309 0.0647319 
v -380.444 5.39167 0.402732 
v -380.619 5.35697 0.51892 
v -380.533 5.64747 0.535206 
v -380.568 5.39299 0.401318 
v -380.57 5.63015 0.62265 
v -380.568 5.32094 0.63652 
v -380.653 5.88234 0.672592 
v -380.592 5.91101 0.527826 
v -380.533 5.61283 0.710094 
v -380.592 5.85368 0.817356 
v -380.444 5.60566 0.746316 
v -380.789 4.50014 -1.34195 
v -380.745 4.48259 -1.22403 
v -380.931 4.79848 -1.16971 
v -380.87 4.74303 -1.07366 
v -380.745 5.00347 -0.9233 
v -380.789 5.09682 -0.99746 
v -380.444 5.98171 0.517778 
v -380.323 5.97198 0.566956 
v -380.273 5.94846 0.685684 
v -380.236 5.88234 0.672592 
v -380.297 5.91101 0.527826 
v -380.444 5.92289 0.467862 
v -380.444 5.98171 0.517778 
v -380.565 5.97198 0.566956 
v -380.592 5.91101 0.527826 
v -380.524 5.93295 0.764044 
v -380.524 5.75499 0.728806 
v -380.444 5.92652 0.796502 
v -380.444 5.74857 0.761264 
v -380.364 5.75499 0.728806 
v -380.364 5.93295 0.764044 
v -380.444 4.48562 -1.47839 
v -380.745 4.59349 -1.41611 
v -380.653 4.67507 -1.37406 
v -380.444 4.60008 -1.41736 
v -380.74 4.85612 -1.26953 
v -380.87 4.85393 -1.26575 
v -380.745 5.11437 -1.11538 
v -380.235 4.67507 -1.37406 
v -380.144 4.59349 -1.41611 
v -380.149 4.85612 -1.26953 
v -380.019 4.85393 -1.26575 
v -380.144 5.11437 -1.11538 
v -380.284 4.66008 -1.24961 
v -380.235 5.03717 -1.16501 
v -380.444 5.22224 -1.0531 
v -380.444 5.11216 -1.12171 
v -380.284 4.93688 -1.0898 
v -380.444 4.99421 -1.0567 
v -380.653 5.03717 -1.16501 
v -380.604 4.93688 -1.0898 
v -380.144 4.4826 -1.22403 
v -380.653 4.92189 -0.96535 
v -380.444 4.37472 -1.28631 
v -380.789 4.50014 -1.34195 
v -380.444 4.48562 -1.47839 
v -380.444 4.37657 -1.4133 
v -380.1 4.50014 -1.34195 
v -380.745 4.59349 -1.41611 
v -380.144 4.59349 -1.41611 
v -380.931 4.79848 -1.16971 
v -380.019 4.85393 -1.26575 
v -380.1 5.09682 -0.99746 
v -380.444 5.22039 -0.926114 
v -380.444 4.60144 0.267866 
v -380.639 4.67287 0.229984 
v -380.566 4.73505 0.19011 
v -380.444 4.69055 0.213706 
v -380.616 4.84246 0.133146 
v -380.72 4.84532 0.138532 
v -380.639 5.01777 0.0470779 
v -380.323 4.73505 0.19011 
v -380.249 4.67287 0.229984 
v -380.444 4.78691 0.26953 
v -380.524 4.81614 0.254028 
v -380.364 4.81614 0.254028 
v -380.272 4.84246 0.133146 
v -380.168 4.84532 0.138532 
v -380.249 5.01777 0.0470779 
v -380.323 4.94988 0.0761819 
v -380.444 5.0892 0.00919789 
v -380.444 4.99437 0.0525859 
v -380.566 4.94988 0.0761819 
v -380.331 4.88672 0.2166 
v -380.639 4.75567 0.38612 
v -380.215 4.68423 0.323986 
v -380.168 4.92812 0.294668 
v -380.444 5.17309 0.0647319 
v -380.701 4.42021 -0.322344 
v -380.444 4.31536 -0.303858 
v -380.444 4.2761 -0.18866 
v -380.743 4.39787 -0.210132 
v -380.866 4.69185 -0.261968 
v -380.187 4.42021 -0.322344 
v -380.146 4.39787 -0.210132 
v -380.613 4.50636 -0.343624 
v -380.444 4.43763 -0.331506 
v -380.276 4.50636 -0.343624 
v -380.683 4.67229 -0.372882 
v -380.206 4.67229 -0.372882 
v -380.022 4.69185 -0.261968 
v -380.081 4.67333 -0.366978 
v -380.187 4.92646 -0.41161 
v -380.146 4.98583 -0.313806 
v -380.276 4.83823 -0.402142 
v -380.444 5.1076 -0.335276 
v -380.444 5.03131 -0.430098 
v -380.444 4.90696 -0.41426 
v -380.613 4.83823 -0.402142 
v -380.701 4.92646 -0.41161 
v -380.743 4.98583 -0.313806 
v -380.808 4.67333 -0.366978 
v -380.866 4.69185 -0.261968 
v -380.701 4.96349 -0.201592 
v -380.444 5.1076 -0.335276 
v -380.444 4.43763 -0.331506 
v -380.613 4.50636 -0.343624 
v -380.206 4.67229 -0.372882 
v -380.325 4.8095 -0.282714 
v -380.206 4.71141 -0.151054 
v -380.444 4.90696 -0.41426 
v -380.613 4.83823 -0.402142 
v -380.701 4.45724 -0.112326 
v -380.12 4.88672 0.2166 
v -380.639 5.01777 0.0470779 
v -380.249 5.01777 0.0470779 
v -380.673 5.08921 0.109212 
v -380.215 5.08921 0.109212 
v -380.444 5.0892 0.00919789 
v -380.444 5.17309 0.0647319 
v -380.444 5.39167 0.402732 
v -380.533 5.64747 0.535206 
v -380.568 5.39299 0.401318 
v -380.444 5.40792 0.352608 
v -380.444 5.65464 0.498984 
v -380.592 5.91101 0.527826 
v -380.444 5.92289 0.467862 
v -380.355 5.64747 0.535206 
v -380.297 5.91101 0.527826 
v -380.321 5.39299 0.401318 
v -380.273 5.94846 0.685684 
v -380.236 5.88234 0.672592 
v -380.444 5.98171 0.517778 
v -380.444 5.91521 0.853592 
v -380.592 5.91101 0.527826 
v -380.592 5.85368 0.817356 
v -380.615 5.94846 0.685684 
v -380.87 4.85393 -1.26575 
v -380.019 4.85393 -1.26575 
v -380.218 4.79848 -1.16971 
v -380.284 4.93688 -1.0898 
v -380.444 4.99421 -1.0567 
v -380.604 4.93688 -1.0898 
v -380.235 4.92189 -0.96535 
v -380.444 4.99689 -0.922054 
v -380.444 5.11134 -0.861018 
v -380.144 5.00347 -0.9233 
v -380.653 4.92189 -0.96535 
v -380.87 4.74303 -1.07366 
v -380.639 5.01777 0.0470779 
v -380.168 4.84532 0.138532 
v -380.323 4.94988 0.0761819 
v -380.444 5.0892 0.00919789 
v -380.364 4.95729 0.179172 
v -380.444 4.99437 0.0525859 
v -380.566 4.94988 0.0761819 
v -380.524 4.95729 0.179172 
v -380.444 4.98653 0.16367 
v -380.557 4.88672 0.2166 
v -380.72 4.92812 0.294668 
v -380.168 4.92812 0.294668 
v -380.12 4.88672 0.2166 
v -380.701 4.42021 -0.322344 
v -380.444 4.31536 -0.303858 
v -380.444 4.2761 -0.18866 
v -380.743 4.39787 -0.210132 
v -380.187 4.42021 -0.322344 
v -380.146 4.39787 -0.210132 
v -380.146 4.98583 -0.313806 
v -380.444 4.2761 -0.18866 
v -380.701 4.45724 -0.112326 
v -380.743 4.39787 -0.210132 
v -380.866 4.69185 -0.261968 
v -380.444 4.35239 -0.0938381 
v -380.187 4.45724 -0.112326 
v -380.701 4.96349 -0.201592 
v -380.146 4.39787 -0.210132 
v -380.325 4.8095 -0.282714 
v -380.276 4.83823 -0.402142 
v -380.444 4.90696 -0.41426 
v -380.564 4.8095 -0.282714 
v -380.613 4.83823 -0.402142 
v -380.444 4.85823 -0.291306 
v -380.444 4.94607 -0.192432 
v -380.276 4.87734 -0.180312 
v -380.187 4.96349 -0.201592 
v -380.081 4.71037 -0.15696 
v -380.613 4.87734 -0.180312 
v -380.701 4.96349 -0.201592 
v -380.673 4.68423 0.323986 
v -380.444 4.60144 0.267866 
v -380.444 4.60035 0.368468 
v -380.215 4.68423 0.323986 
v -380.639 4.67287 0.229984 
v -380.249 4.67287 0.229984 
v -380.768 4.88672 0.2166 
v -380.72 4.84532 0.138532 
v -380.168 4.84532 0.138532 
v -380.358 5.33108 0.600494 
v -380.444 5.30601 0.68523 
v -380.444 5.32069 0.634424 
v -380.53 5.33108 0.600494 
v -380.321 5.32094 0.63652 
v -380.568 5.32094 0.63652 
v -380.323 5.35618 0.518578 
v -380.566 5.35618 0.518578 
v -380.27 5.35697 0.51892 
v -380.619 5.35697 0.51892 
v -380.321 5.39299 0.401318 
v -380.568 5.39299 0.401318 
v -380.358 5.38127 0.436662 
v -380.53 5.38127 0.436662 
v -380.444 5.40792 0.352608 
v -380.444 5.39167 0.402732 
v -380.789 4.50014 -1.34195 
v -380.444 4.37657 -1.4133 
v -380.444 4.37472 -1.28631 
v -380.1 4.50014 -1.34195 
v -380.745 4.48259 -1.22403 
v -380.144 4.4826 -1.22403 
v -380.444 5.98171 0.517778 
v -380.444 5.91521 0.853592 
v -380.323 5.97198 0.566956 
v -380.273 5.94846 0.685684 
v -380.236 5.88234 0.672592 
v -380.323 5.92495 0.804412 
v -380.297 5.91101 0.527826 
v -380.297 5.85368 0.817356 
v -380.524 5.93295 0.764044 
v -380.557 5.77051 0.650446 
v -380.557 5.94846 0.685684 
v -380.524 5.78603 0.572084 
v -380.524 5.96398 0.607324 
v -380.524 5.75499 0.728806 
v -380.444 5.92652 0.796502 
v -380.444 5.97041 0.574866 
v -380.444 5.74857 0.761264 
v -380.745 4.59349 -1.41611 
v -380.653 4.67507 -1.37406 
v -380.444 4.60008 -1.41736 
v -380.74 4.85612 -1.26953 
v -380.019 4.85393 -1.26575 
v -380.444 5.22224 -1.0531 
v -380.653 5.03717 -1.16501 
v -380.604 4.93688 -1.0898 
v -380.67 4.79848 -1.16971 
v -380.444 4.99689 -0.922054 
v -380.604 4.66008 -1.24961 
v -380.144 4.4826 -1.22403 
v -380.653 4.92189 -0.96535 
v -380.444 4.37472 -1.28631 
v -380.444 4.48481 -1.2177 
v -380.653 4.5598 -1.17441 
v -380.745 4.48259 -1.22403 
v -380.74 4.74085 -1.06988 
v -380.1 4.50014 -1.34195 
v -380.144 4.59349 -1.41611 
v -379.957 4.79848 -1.16971 
v -380.019 4.85393 -1.26575 
v -380.144 5.11437 -1.11538 
v -380.1 5.09682 -0.99746 
v -380.444 4.60144 0.267866 
v -380.566 4.73505 0.19011 
v -380.444 4.69055 0.213706 
v -380.616 4.84246 0.133146 
v -380.72 4.84532 0.138532 
v -380.639 5.01777 0.0470779 
v -380.524 4.81614 0.254028 
v -380.444 5.0892 0.00919789 
v -380.566 4.94988 0.0761819 
v -380.524 4.95729 0.179172 
v -380.557 4.88672 0.2166 
v -380.616 4.93098 0.300054 
v -380.566 5.03839 0.243088 
v -380.444 5.08289 0.219492 
v -380.72 4.92812 0.294668 
v -380.639 4.75567 0.38612 
v -380.566 4.82356 0.357018 
v -380.444 4.68424 0.424002 
v -380.215 4.68423 0.323986 
v -380.249 4.75567 0.38612 
v -380.12 4.88672 0.2166 
v -380.168 4.92812 0.294668 
v -380.249 5.10057 0.203214 
v -380.215 5.08921 0.109212 
v -380.187 4.42021 -0.322344 
v -380.146 4.39787 -0.210132 
v -380.022 4.69185 -0.261968 
v -380.081 4.67333 -0.366978 
v -380.187 4.92646 -0.41161 
v -380.146 4.98583 -0.313806 
v -380.444 4.2761 -0.18866 
v -380.187 4.45724 -0.112326 
v -380.146 4.39787 -0.210132 
v -380.022 4.69185 -0.261968 
v -380.081 4.71037 -0.15696 
v -380.187 4.96349 -0.201592 
v -380.146 4.98583 -0.313806 
v -380.444 4.43763 -0.331506 
v -380.564 4.5742 -0.241224 
v -380.613 4.50636 -0.343624 
v -380.683 4.67229 -0.372882 
v -380.613 4.69185 -0.261968 
v -380.564 4.8095 -0.282714 
v -380.613 4.83823 -0.402142 
v -380.613 4.87734 -0.180312 
v -380.701 4.96349 -0.201592 
v -380.444 4.35239 -0.0938381 
v -380.683 4.71141 -0.151054 
v -380.613 4.54547 -0.121796 
v -380.215 4.68423 0.323986 
v -380.249 4.67287 0.229984 
v -380.12 4.88672 0.2166 
v -380.168 4.84532 0.138532 
v -380.249 5.01777 0.0470779 
v -380.215 5.08921 0.109212 
v -380.444 5.0892 0.00919789 
v -380.444 5.17309 0.0647319 
v -380.444 5.39167 0.402732 
v -380.355 5.64747 0.535206 
v -380.297 5.91101 0.527826 
v -380.321 5.39299 0.401318 
v -380.236 5.88234 0.672592 
v -380.27 5.35697 0.51892 
v -380.318 5.63015 0.62265 
v -380.321 5.32094 0.63652 
v -380.355 5.61283 0.710094 
v -380.297 5.85368 0.817356 
v -380.444 5.60566 0.746316 
v -380.444 5.30601 0.68523 
v -380.1 4.50014 -1.34195 
v -380.144 4.4826 -1.22403 
v -379.957 4.79848 -1.16971 
v -380.019 4.74303 -1.07366 
v -380.144 5.00347 -0.9233 
v -380.1 5.09682 -0.99746 

vn 0 0.984252 0.19685 
vn 0.874016 0.480315 0.0944882 
vn 0.874016 0.480315 0.0944882 
vn 0.614173 0.354331 0.700787 
vn 0.614173 0.354331 0.700787 
vn 0 0.307087 0.952756 
vn 0 0.307087 0.952756 
vn -0.614173 0.354331 0.700787 
vn -0.614173 0.354331 0.700787 
vn 0.779528 0.622047 0.125984 
vn 0.551181 0.511811 0.661417 
vn 0.708661 -0.133858 0.692913 
vn 0 0.464567 0.88189 
vn 0 -0.19685 0.984252 
vn -0.708661 -0.133858 0.692913 
vn -0.551181 0.511811 0.661417 
vn -0.779528 0.622047 0.125984 
vn 0.259843 0.692913 -0.677165 
vn -0.023622 0.519685 -0.850394 
vn 0 0.866142 0.496063 
vn 0.0314961 0.496063 -0.866142 
vn -0.708661 0.614173 0.354331 
vn 0 0.527559 -0.850394 
vn -0.370079 -0.464567 0.80315 
vn 1 0 0 
vn -0.259843 -0.692913 0.677165 
vn 0 -0.779528 0.622047 
vn 0.708661 0.614173 0.354331 
vn 0 -0.472441 0.88189 
vn 0.023622 -0.480315 0.874016 
vn 0.0314961 -0.496063 0.866142 
vn 0.023622 -0.519685 0.850394 
vn 0.259843 -0.692913 0.677165 
vn -0.023622 -0.480315 0.874016 
vn -0.259843 -0.23622 0.937008 
vn 0 -0.527559 0.850394 
vn 0 -0.149606 0.992126 
vn 0.259843 -0.23622 0.937008 
vn -0.023622 -0.519685 0.850394 
vn 0.370079 -0.464567 0.80315 
vn -0.0314961 -0.496063 0.866142 
vn 0 -0.511811 -0.858268 
vn -0.874016 0.244094 -0.425197 
vn -0.874016 0.244094 -0.425197 
vn -0.614173 0.779528 -0.110236 
vn 0.614173 0.779528 -0.110236 
vn 0 1 0.015748 
vn -0.708661 -0.622047 0.330709 
vn 0.708661 -0.622047 0.330709 
vn -1 0 0 
vn 0 -0.88189 0.464567 
vn 0.346457 0.440945 0.826772 
vn 0.244094 0.220472 0.944882 
vn 0 0.133858 0.992126 
vn 0 0.519685 0.858268 
vn -0.244094 0.220472 0.944882 
vn -0.0393701 0.503937 0.866142 
vn 0.0393701 0.503937 0.866142 
vn -0.0551181 0.464567 0.88189 
vn -0.0393701 0.433071 0.897638 
vn 0.244094 0.653543 0.716535 
vn 0 0.417323 0.905512 
vn 0 0.748031 0.669291 
vn -0.244094 0.653543 0.716535 
vn 0.0393701 0.433071 0.897638 
vn -0.346457 0.440945 0.826772 
vn 0.0551181 0.464567 0.88189 
vn -0.622047 -0.322835 0.716535 
vn 0 -0.551181 0.834646 
vn 0 -0.551181 0.834646 
vn 0.622047 -0.322835 0.716535 
vn -0.622047 -0.322835 0.716535 
vn 0.622047 -0.322835 0.716535 
vn -0.88189 0.220472 0.425197 
vn 0.88189 0.220472 0.425197 
vn 0 1 0.00787402 
vn 0 -0.944882 -0.322835 
vn -0.874016 -0.0866142 -0.472441 
vn 0.622047 -0.692913 -0.370079 
vn 0.622047 0.527559 -0.582677 
vn 0 -0.779528 0.629921 
vn -0.622047 -0.527559 0.582677 
vn -0.874016 0.0866142 0.472441 
vn -0.622047 0.692913 0.370079 
vn 0 0.944882 0.322835 
vn 0.874016 0.0866142 0.472441 
vn 0 0.748031 -0.661417 
vn -0.708661 0.692913 -0.125984 
vn 0 0.511811 0.858268 
vn -0.708661 -0.692913 0.125984 
vn -0.354331 0.165354 0.92126 
vn 0 -0.929134 -0.370079 
vn 0.598425 -0.685039 -0.409449 
vn 0 -0.188976 0.984252 
vn -0.251969 -0.0866142 0.96063 
vn 0 0.220472 0.976378 
vn 0.0314961 0.204724 0.976378 
vn 0.0472441 0.173228 0.984252 
vn 0.0314961 0.141732 0.992126 
vn 0.251969 -0.0866142 0.96063 
vn -0.0314961 0.204724 0.976378 
vn -0.251969 0.409449 0.874016 
vn 0 0.125984 0.992126 
vn 0.354331 0.165354 0.92126 
vn -0.0472441 0.173228 0.984252 
vn -0.0314961 0.141732 0.992126 
vn 0.251969 0.409449 0.874016 
vn 0.622047 -0.771654 -0.133858 
vn 0.88189 -0.220472 -0.425197 
vn 0 0.551181 -0.834646 
vn -0.708661 -0.0944882 0.700787 
vn 0 0.212598 -0.976378 
vn -0.685039 -0.275591 0.669291 
vn -0.677165 -0.433071 0.598425 
vn 0 -0.488189 0.874016 
vn 0.952756 -0.299213 -0.0629921 
vn 0.708661 -0.0944882 0.700787 
vn 0.685039 -0.275591 0.669291 
vn 0.677165 -0.433071 0.598425 
vn 0 -0.354331 0.937008 
vn 0 -0.19685 0.976378 
vn 0 -1 -0.015748 
vn 0.614173 -0.779528 0.110236 
vn 0.874016 -0.244094 0.425197 
vn -0.874016 -0.244094 0.425197 
vn -0.614173 0.291339 0.732283 
vn 0.614173 0.291339 0.732283 
vn -0.614173 0.291339 0.732283 
vn 0.614173 0.291339 0.732283 
vn 0 0.511811 0.858268 
vn 0 0.511811 0.858268 
vn 0 0.984252 0.19685 
vn 0 0.984252 0.19685 
vn 0 0.984252 0.19685 
vn 0 0.984252 0.19685 
vn 0 0.984252 0.19685 
vn 0 0.984252 0.19685 
vn 0 0.984252 0.19685 
vn 0 0.984252 0.19685 
vn 0 0.984252 0.19685 
vn 0 0.984252 0.19685 
vn 0 0.984252 0.19685 
vn 0 0.984252 0.19685 
vn 0 0.984252 0.19685 
vn 0 0.984252 0.19685 
vn 0 0.984252 0.19685 
vn 0 0.984252 0.19685 
vn 0.874016 0.480315 0.0944882 
vn 0.874016 0.480315 0.0944882 
vn 0.614173 0.598425 -0.511811 
vn 0.614173 0.354331 0.700787 
vn 0 0.645669 -0.76378 
vn 0 0.307087 0.952756 
vn -0.614173 0.598425 -0.511811 
vn -0.614173 0.354331 0.700787 
vn -0.874016 0.480315 0.0944882 
vn 0.779528 0.622047 0.125984 
vn 0.551181 0.511811 0.661417 
vn 0.551181 0.724409 -0.417323 
vn 0 0.464567 0.88189 
vn 0 0.771654 -0.637795 
vn -0.551181 0.724409 -0.417323 
vn -0.551181 0.511811 0.661417 
vn -0.779528 0.622047 0.125984 
vn 0 0.472441 -0.88189 
vn -0.023622 0.480315 -0.874016 
vn 0.259843 0.692913 -0.677165 
vn 0 0.787402 -0.622047 
vn -0.0314961 0.496063 -0.866142 
vn -0.259843 0.692913 -0.677165 
vn 0.023622 0.480315 -0.874016 
vn 0 0.866142 0.496063 
vn 0.0314961 0.496063 -0.866142 
vn -0.708661 0.614173 0.354331 
vn -1 0 0 
vn 1 0 0 
vn 0.708661 0.614173 0.354331 
vn 0.259843 -0.692913 0.677165 
vn -0.0314961 -0.496063 0.866142 
vn -0.874016 0.244094 -0.425197 
vn 0.874016 0.244094 -0.425197 
vn -0.874016 0.244094 -0.425197 
vn 0.874016 0.244094 -0.425197 
vn -0.614173 0.779528 -0.110236 
vn 0.614173 0.779528 -0.110236 
vn -0.614173 0.779528 -0.110236 
vn 0.614173 0.779528 -0.110236 
vn 0 1 0.015748 
vn 0 1 0.015748 
vn 0 0.88189 -0.464567 
vn 0.708661 0.622047 -0.330709 
vn -0.708661 0.622047 -0.330709 
vn -1 0 0 
vn 1 0 0 
vn -0.0393701 0.433071 0.897638 
vn 0.244094 0.653543 0.716535 
vn 0 0.748031 0.669291 
vn -0.244094 0.653543 0.716535 
vn 0.0551181 0.464567 0.88189 
vn -0.88189 0.220472 0.425197 
vn 0.88189 0.220472 0.425197 
vn -0.88189 0.220472 0.425197 
vn -0.622047 0.771654 0.133858 
vn 0.622047 0.771654 0.133858 
vn -0.622047 0.771654 0.133858 
vn 0.622047 0.771654 0.133858 
vn 0 1 0.00787402 
vn 0 1 0.00787402 
vn 0.425197 0.283465 -0.858268 
vn 0.622047 0.527559 -0.582677 
vn 0 0.779528 -0.629921 
vn 0 0.456693 -0.889764 
vn -0.425197 0.283465 -0.858268 
vn -0.622047 0.527559 -0.582677 
vn -0.622047 0.692913 0.370079 
vn -0.622047 0.692913 0.370079 
vn 0.874016 0.0866142 0.472441 
vn 0 0.944882 0.322835 
vn 0.874016 0.0866142 0.472441 
vn 0 0.944882 0.322835 
vn 0.622047 0.692913 0.370079 
vn 0.622047 0.692913 0.370079 
vn 0 0.984252 -0.173228 
vn 0 0.748031 -0.661417 
vn 0.708661 0.692913 -0.125984 
vn 0.598425 0.503937 -0.622047 
vn -0.708661 0.692913 -0.125984 
vn -0.598425 0.503937 -0.622047 
vn -0.850394 -0.0944882 -0.519685 
vn 0 0.511811 0.858268 
vn 0.0472441 0.173228 0.984252 
vn -0.251969 0.409449 0.874016 
vn -0.0314961 0.141732 0.992126 
vn 0.251969 0.409449 0.874016 
vn 0 0.984252 0.19685 
vn 0 0.984252 0.19685 
vn -0.614173 0.598425 -0.511811 
vn -0.614173 0.354331 0.700787 
vn -0.614173 0.598425 -0.511811 
vn -0.614173 0.354331 0.700787 
vn -0.874016 0.480315 0.0944882 
vn -0.874016 0.480315 0.0944882 
vn 0 0.19685 -0.984252 
vn 0 -0.19685 0.984252 
vn 0 0.771654 -0.637795 
vn -0.708661 -0.133858 0.692913 
vn -0.551181 0.724409 -0.417323 
vn -0.708661 0.133858 -0.692913 
vn -0.551181 0.511811 0.661417 
vn -1 0 0 
vn -0.779528 0.622047 0.125984 
vn 0.259843 0.692913 -0.677165 
vn 0 0.787402 -0.622047 
vn -0.259843 0.692913 -0.677165 
vn 0.023622 0.480315 -0.874016 
vn -0.370079 0.464567 -0.80315 
vn 0.0314961 0.496063 -0.866142 
vn -0.708661 0.614173 0.354331 
vn -0.259843 0.23622 -0.937008 
vn 0 0.527559 -0.850394 
vn -1 0 0 
vn -0.708661 -0.614173 -0.354331 
vn -0.370079 -0.464567 0.80315 
vn -0.259843 -0.692913 0.677165 
vn 0 -0.779528 0.622047 
vn 0 -0.472441 0.88189 
vn 0.023622 -0.480315 0.874016 
vn 0.0314961 -0.496063 0.866142 
vn -0.259843 -0.23622 0.937008 
vn 0 -0.527559 0.850394 
vn 0 -0.149606 0.992126 
vn -0.614173 -0.291339 -0.732283 
vn 0 -0.511811 -0.858268 
vn 0 -0.511811 -0.858268 
vn -0.614173 -0.291339 -0.732283 
vn -0.874016 0.244094 -0.425197 
vn -0.874016 0.244094 -0.425197 
vn -0.614173 0.779528 -0.110236 
vn -0.614173 0.779528 -0.110236 
vn 0 -0.519685 -0.858268 
vn -0.244094 -0.220472 -0.944882 
vn 0.0393701 -0.503937 -0.866142 
vn -0.708661 0.622047 -0.330709 
vn -0.346457 -0.440945 -0.826772 
vn 0.0551181 -0.464567 -0.88189 
vn -0.244094 -0.653543 -0.716535 
vn 0 -0.417323 -0.913386 
vn -0.708661 -0.622047 0.330709 
vn -1 0 0 
vn 0 0.133858 0.992126 
vn -0.244094 0.220472 0.944882 
vn 0 0.417323 0.905512 
vn -0.244094 0.653543 0.716535 
vn -0.346457 0.440945 0.826772 
vn 0.0551181 0.464567 0.88189 
vn -0.622047 -0.322835 0.716535 
vn 0 -0.551181 0.834646 
vn 0 -0.551181 0.834646 
vn -0.622047 -0.322835 0.716535 
vn -0.88189 0.220472 0.425197 
vn -0.88189 0.220472 0.425197 
vn -0.622047 0.771654 0.133858 
vn -0.622047 0.771654 0.133858 
vn -0.425197 -0.559055 -0.708661 
vn -0.622047 -0.692913 -0.370079 
vn -0.874016 -0.0866142 -0.472441 
vn 0 -0.220472 -0.976378 
vn 0 0.779528 -0.629921 
vn 0 -0.125984 -0.992126 
vn -0.425197 0.283465 -0.858268 
vn -0.622047 0.527559 -0.582677 
vn -0.606299 -0.141732 -0.779528 
vn -0.622047 -0.527559 0.582677 
vn -0.622047 -0.527559 0.582677 
vn -0.874016 0.0866142 0.472441 
vn -0.874016 0.0866142 0.472441 
vn -0.622047 0.692913 0.370079 
vn -0.622047 0.692913 0.370079 
vn 0 0.748031 -0.661417 
vn -0.708661 0.692913 -0.125984 
vn -0.598425 0.503937 -0.622047 
vn -0.850394 -0.0944882 -0.519685 
vn -1 0 0 
vn -0.708661 -0.692913 0.125984 
vn -0.598425 -0.685039 -0.409449 
vn -0.354331 0.165354 0.92126 
vn 0 -0.929134 -0.370079 
vn -0.251969 -0.0866142 0.96063 
vn 0.0472441 0.173228 0.984252 
vn -0.251969 0.409449 0.874016 
vn 0 0.125984 0.992126 
vn -0.622047 -0.771654 -0.133858 
vn -0.622047 -0.771654 -0.133858 
vn -0.88189 -0.220472 -0.425197 
vn -0.88189 -0.220472 -0.425197 
vn -0.622047 0.322835 -0.716535 
vn -0.622047 0.322835 -0.716535 
vn 0 0.551181 -0.834646 
vn 0 0.551181 -0.834646 
vn 0 -0.952756 -0.307087 
vn -0.984252 0.165354 0.0314961 
vn -0.724409 0.11811 -0.685039 
vn -0.677165 0.409449 -0.606299 
vn -1 -0.0866142 0.00787402 
vn -0.708661 -0.0944882 0.700787 
vn -0.952756 -0.299213 -0.0629921 
vn -0.677165 -0.173228 -0.716535 
vn -0.685039 -0.275591 0.669291 
vn -0.677165 -0.433071 0.598425 
vn 0 -0.354331 0.937008 
vn -0.614173 -0.779528 0.110236 
vn -0.614173 -0.779528 0.110236 
vn -0.874016 -0.244094 0.425197 
vn -0.874016 -0.244094 0.425197 
vn -0.614173 0.291339 0.732283 
vn -0.614173 0.291339 0.732283 
vn 0 0.984252 0.19685 
vn 0.614173 0.598425 -0.511811 
vn 0.874016 0.480315 0.0944882 
vn 0.874016 0.480315 0.0944882 
vn 0.614173 0.598425 -0.511811 
vn 0 0.645669 -0.76378 
vn 0 0.645669 -0.76378 
vn -0.614173 0.598425 -0.511811 
vn -0.614173 0.598425 -0.511811 
vn 0.708661 0.133858 -0.692913 
vn 0.551181 0.724409 -0.417323 
vn 0 0.19685 -0.984252 
vn 0 0.771654 -0.637795 
vn -0.551181 0.724409 -0.417323 
vn -0.708661 0.133858 -0.692913 
vn 0 0.472441 -0.88189 
vn -0.023622 0.480315 -0.874016 
vn 0.259843 0.692913 -0.677165 
vn 0 0.787402 -0.622047 
vn 0.370079 0.464567 -0.80315 
vn -0.0314961 0.496063 -0.866142 
vn -0.023622 0.519685 -0.850394 
vn -0.259843 0.692913 -0.677165 
vn 0.023622 0.480315 -0.874016 
vn -0.370079 0.464567 -0.80315 
vn 0.0314961 0.496063 -0.866142 
vn 0.023622 0.519685 -0.850394 
vn -0.708661 0.614173 0.354331 
vn -0.259843 0.23622 -0.937008 
vn 0 0.527559 -0.850394 
vn 0 0.149606 -0.992126 
vn -0.708661 -0.614173 -0.354331 
vn 0 -0.866142 -0.496063 
vn 0.259843 0.23622 -0.937008 
vn 0.708661 -0.614173 -0.354331 
vn 0.023622 -0.519685 0.850394 
vn 0.259843 -0.692913 0.677165 
vn 0 -0.527559 0.850394 
vn -0.614173 -0.291339 -0.732283 
vn 0 -0.511811 -0.858268 
vn 0 -0.511811 -0.858268 
vn 0.614173 -0.291339 -0.732283 
vn -0.614173 -0.291339 -0.732283 
vn 0.614173 -0.291339 -0.732283 
vn -0.874016 0.244094 -0.425197 
vn 0.874016 0.244094 -0.425197 
vn 0.614173 0.779528 -0.110236 
vn 0 1 0.015748 
vn 0 -0.519685 -0.858268 
vn -0.0393701 -0.503937 -0.866142 
vn 0.244094 -0.220472 -0.944882 
vn 0 -0.133858 -0.992126 
vn 0.346457 -0.440945 -0.826772 
vn -0.0551181 -0.464567 -0.88189 
vn -0.0393701 -0.433071 -0.897638 
vn -0.244094 -0.220472 -0.944882 
vn 0.0393701 -0.503937 -0.866142 
vn 0 0.88189 -0.464567 
vn 0.708661 0.622047 -0.330709 
vn -0.708661 0.622047 -0.330709 
vn -0.346457 -0.440945 -0.826772 
vn 0.0551181 -0.464567 -0.88189 
vn 0.0393701 -0.433071 -0.897638 
vn -0.244094 -0.653543 -0.716535 
vn 0 -0.417323 -0.913386 
vn 0 -0.748031 -0.669291 
vn 0.244094 -0.653543 -0.716535 
vn -1 0 0 
vn -0.0393701 0.433071 0.897638 
vn 0.622047 -0.322835 0.716535 
vn 0.88189 0.220472 0.425197 
vn 0 1 0.00787402 
vn -0.425197 -0.559055 -0.708661 
vn 0 -0.732283 -0.677165 
vn 0 -0.944882 -0.322835 
vn -0.622047 -0.692913 -0.370079 
vn -0.874016 -0.0866142 -0.472441 
vn 0.425197 -0.559055 -0.708661 
vn 0.622047 -0.692913 -0.370079 
vn -0.0314961 -0.204724 -0.976378 
vn 0 -0.220472 -0.976378 
vn 0.0314961 -0.204724 -0.976378 
vn -0.0472441 -0.173228 -0.984252 
vn 0.0472441 -0.173228 -0.984252 
vn 0.874016 -0.0866142 -0.472441 
vn 0.606299 -0.141732 -0.779528 
vn 0.425197 0.283465 -0.858268 
vn 0.622047 0.527559 -0.582677 
vn 0.0314961 -0.141732 -0.992126 
vn 0 0.779528 -0.629921 
vn 0 0.456693 -0.889764 
vn 0 -0.125984 -0.992126 
vn -0.0314961 -0.141732 -0.992126 
vn -0.425197 0.283465 -0.858268 
vn -0.622047 0.527559 -0.582677 
vn -0.606299 -0.141732 -0.779528 
vn -0.874016 0.0866142 0.472441 
vn -0.622047 0.692913 0.370079 
vn 0 0.944882 0.322835 
vn 0 0.748031 -0.661417 
vn 0.598425 0.503937 -0.622047 
vn -0.850394 -0.0944882 -0.519685 
vn -0.708661 -0.692913 0.125984 
vn -0.354331 0.165354 0.92126 
vn 0 -0.929134 -0.370079 
vn 0.598425 -0.685039 -0.409449 
vn -0.0314961 0.141732 0.992126 
vn 0.88189 -0.220472 -0.425197 
vn -0.622047 0.322835 -0.716535 
vn 0.622047 0.322835 -0.716535 
vn -0.622047 0.322835 -0.716535 
vn 0.622047 0.322835 -0.716535 
vn 0 0.551181 -0.834646 
vn 0 0.551181 -0.834646 
vn 0 -0.952756 -0.307087 
vn -0.724409 0.11811 -0.685039 
vn -0.677165 0.409449 -0.606299 
vn 0 0.511811 -0.858268 
vn 0 0.212598 -0.976378 
vn -0.677165 -0.173228 -0.716535 
vn 0 -0.11811 -0.992126 
vn 0.724409 0.11811 -0.685039 
vn 0.677165 -0.173228 -0.716535 
vn 0.677165 0.409449 -0.606299 
vn 0.874016 0.480315 0.0944882 
vn 0.874016 0.480315 0.0944882 
vn 0 0.645669 -0.76378 
vn 0 0.307087 0.952756 
vn -0.614173 0.598425 -0.511811 
vn -0.614173 0.354331 0.700787 
vn -0.874016 0.480315 0.0944882 
vn -0.0314961 0.496063 -0.866142 
vn 0.0314961 0.496063 -0.866142 
vn -1 0 0 
vn -0.708661 -0.614173 -0.354331 
vn 0 -0.866142 -0.496063 
vn 0.708661 -0.614173 -0.354331 
vn -0.259843 -0.692913 0.677165 
vn 0 -0.779528 0.622047 
vn 0 -0.472441 0.88189 
vn 0.023622 -0.480315 0.874016 
vn 0.259843 -0.692913 0.677165 
vn -0.0314961 -0.496063 0.866142 
vn -0.0393701 -0.433071 -0.897638 
vn 0.0551181 -0.464567 -0.88189 
vn -0.244094 -0.653543 -0.716535 
vn 0 -0.417323 -0.913386 
vn -0.708661 -0.622047 0.330709 
vn 0 -0.748031 -0.669291 
vn 0.244094 -0.653543 -0.716535 
vn 0.708661 -0.622047 0.330709 
vn 0 -0.88189 0.464567 
vn 1 0 0 
vn -0.0551181 0.464567 0.88189 
vn 0.0551181 0.464567 0.88189 
vn 0.88189 0.220472 0.425197 
vn -0.425197 -0.559055 -0.708661 
vn 0 -0.732283 -0.677165 
vn 0 -0.944882 -0.322835 
vn -0.622047 -0.692913 -0.370079 
vn 0.425197 -0.559055 -0.708661 
vn 0.622047 -0.692913 -0.370079 
vn 0.622047 0.527559 -0.582677 
vn 0 -0.779528 0.629921 
vn -0.622047 -0.527559 0.582677 
vn -0.622047 -0.527559 0.582677 
vn -0.874016 0.0866142 0.472441 
vn 0 -0.779528 0.629921 
vn 0.622047 -0.527559 0.582677 
vn -0.622047 0.692913 0.370079 
vn 0.622047 -0.527559 0.582677 
vn -0.708661 -0.692913 0.125984 
vn -0.598425 -0.685039 -0.409449 
vn 0 -0.929134 -0.370079 
vn 0.708661 -0.692913 0.125984 
vn 0.598425 -0.685039 -0.409449 
vn 0 -0.984252 0.173228 
vn 0 -0.188976 0.984252 
vn -0.251969 -0.0866142 0.96063 
vn 0.0314961 0.204724 0.976378 
vn 0.0472441 0.173228 0.984252 
vn 0.251969 -0.0866142 0.96063 
vn -0.0314961 0.204724 0.976378 
vn -0.622047 -0.771654 -0.133858 
vn 0 -1 -0.00787402 
vn 0 -1 -0.00787402 
vn 0.622047 -0.771654 -0.133858 
vn -0.622047 -0.771654 -0.133858 
vn 0.622047 -0.771654 -0.133858 
vn -0.88189 -0.220472 -0.425197 
vn -0.88189 -0.220472 -0.425197 
vn 0.88189 -0.220472 -0.425197 
vn 0.00787402 -0.96063 -0.283465 
vn 0 -0.96063 -0.275591 
vn 0 -0.96063 -0.275591 
vn -0.00787402 -0.96063 -0.283465 
vn 0.00787402 -0.96063 -0.283465 
vn -0.00787402 -0.96063 -0.283465 
vn 0.015748 -0.952756 -0.291339 
vn -0.015748 -0.952756 -0.291339 
vn 0.015748 -0.952756 -0.291339 
vn -0.015748 -0.952756 -0.291339 
vn 0.00787402 -0.952756 -0.307087 
vn -0.00787402 -0.952756 -0.307087 
vn 0.00787402 -0.952756 -0.307087 
vn -0.00787402 -0.952756 -0.307087 
vn 0 -0.952756 -0.307087 
vn 0 -0.952756 -0.307087 
vn -0.614173 -0.779528 0.110236 
vn 0 -1 -0.015748 
vn 0 -1 -0.015748 
vn 0.614173 -0.779528 0.110236 
vn -0.614173 -0.779528 0.110236 
vn 0.614173 -0.779528 0.110236 
vn 0 0.984252 0.19685 
vn 0 0.984252 0.19685 
vn 0.614173 0.598425 -0.511811 
vn 0.874016 0.480315 0.0944882 
vn 0.874016 0.480315 0.0944882 
vn 0.614173 0.354331 0.700787 
vn 0.614173 0.598425 -0.511811 
vn 0.614173 0.354331 0.700787 
vn 0.708661 0.133858 -0.692913 
vn 0.779528 0.622047 0.125984 
vn 1 0 0 
vn 0.551181 0.511811 0.661417 
vn 0.708661 -0.133858 0.692913 
vn 0.551181 0.724409 -0.417323 
vn 0 0.19685 -0.984252 
vn 0 -0.19685 0.984252 
vn 0 0.771654 -0.637795 
vn -0.023622 0.480315 -0.874016 
vn 0.259843 0.692913 -0.677165 
vn 0 0.787402 -0.622047 
vn 0.370079 0.464567 -0.80315 
vn 0.0314961 0.496063 -0.866142 
vn 0 0.527559 -0.850394 
vn 0.259843 0.23622 -0.937008 
vn 0.708661 -0.614173 -0.354331 
vn 1 0 0 
vn 0 -0.779528 0.622047 
vn 0.708661 0.614173 0.354331 
vn 0.023622 -0.519685 0.850394 
vn 0.259843 -0.692913 0.677165 
vn 0 -0.527559 0.850394 
vn 0 -0.149606 0.992126 
vn 0.259843 -0.23622 0.937008 
vn -0.023622 -0.519685 0.850394 
vn 0.370079 -0.464567 0.80315 
vn 0.614173 -0.291339 -0.732283 
vn 0.614173 -0.291339 -0.732283 
vn 0.874016 0.244094 -0.425197 
vn 0.874016 0.244094 -0.425197 
vn 0.614173 0.779528 -0.110236 
vn 0.614173 0.779528 -0.110236 
vn 0 -0.519685 -0.858268 
vn 0.244094 -0.220472 -0.944882 
vn 0 -0.133858 -0.992126 
vn 0.346457 -0.440945 -0.826772 
vn -0.0551181 -0.464567 -0.88189 
vn -0.0393701 -0.433071 -0.897638 
vn 0.708661 0.622047 -0.330709 
vn 0 -0.417323 -0.913386 
vn 0.244094 -0.653543 -0.716535 
vn 0.708661 -0.622047 0.330709 
vn 1 0 0 
vn 0.346457 0.440945 0.826772 
vn 0.244094 0.220472 0.944882 
vn 0 0.133858 0.992126 
vn -0.0551181 0.464567 0.88189 
vn -0.0393701 0.433071 0.897638 
vn 0.244094 0.653543 0.716535 
vn 0 0.417323 0.905512 
vn 0.622047 -0.322835 0.716535 
vn 0.622047 -0.322835 0.716535 
vn 0.88189 0.220472 0.425197 
vn 0.88189 0.220472 0.425197 
vn 0.622047 0.771654 0.133858 
vn 0.622047 0.771654 0.133858 
vn 0.425197 -0.559055 -0.708661 
vn 0.622047 -0.692913 -0.370079 
vn 0.874016 -0.0866142 -0.472441 
vn 0.606299 -0.141732 -0.779528 
vn 0.425197 0.283465 -0.858268 
vn 0.622047 0.527559 -0.582677 
vn 0 -0.779528 0.629921 
vn 0.622047 -0.527559 0.582677 
vn 0.622047 -0.527559 0.582677 
vn 0.874016 0.0866142 0.472441 
vn 0.874016 0.0866142 0.472441 
vn 0.622047 0.692913 0.370079 
vn 0.622047 0.692913 0.370079 
vn 0 0.748031 -0.661417 
vn 0.708661 0.692913 -0.125984 
vn 0.598425 0.503937 -0.622047 
vn 0.850394 -0.0944882 -0.519685 
vn 1 0 0 
vn 0.708661 -0.692913 0.125984 
vn 0.598425 -0.685039 -0.409449 
vn 0.251969 -0.0866142 0.96063 
vn -0.0314961 0.204724 0.976378 
vn 0 0.125984 0.992126 
vn 0.354331 0.165354 0.92126 
vn 0.251969 0.409449 0.874016 
vn 0.622047 -0.771654 -0.133858 
vn 0.622047 -0.771654 -0.133858 
vn 0.88189 -0.220472 -0.425197 
vn 0.88189 -0.220472 -0.425197 
vn 0.622047 0.322835 -0.716535 
vn 0.622047 0.322835 -0.716535 
vn 0 0.551181 -0.834646 
vn 0 0.551181 -0.834646 
vn 0 -0.952756 -0.307087 
vn 0.724409 0.11811 -0.685039 
vn 0.677165 -0.173228 -0.716535 
vn 0.677165 0.409449 -0.606299 
vn 0.952756 -0.299213 -0.0629921 
vn 0.984252 0.165354 0.0314961 
vn 1 -0.0866142 0.00787402 
vn 0.708661 -0.0944882 0.700787 
vn 0.685039 -0.275591 0.669291 
vn 0.677165 -0.433071 0.598425 
vn 0 -0.354331 0.937008 
vn 0 -0.19685 0.976378 
vn 0.614173 -0.779528 0.110236 
vn 0.614173 -0.779528 0.110236 
vn 0.874016 -0.244094 0.425197 
vn 0.874016 -0.244094 0.425197 
vn 0.614173 0.291339 0.732283 
vn 0.614173 0.291339 0.732283 

vt 54 -32.9017 
vt 54.0214 -32.8976 
vt 54.0261 -32.9058 
vt 54.0151 -32.9005 
vt 54.0184 -32.9094 
vt 54 -32.9109 
vt 54 -32.9017 
vt 53.9849 -32.9005 
vt 53.9816 -32.9094 
vt 53.9859 -32.9198 
vt 53.99 -32.9179 
vt 53.99 -32.8956 
vt 54 -32.9171 
vt 54 -32.8948 
vt 54.01 -32.8956 
vt 54.01 -32.9179 
vt 54.0141 -32.9198 
vt 53.9739 -33.0567 
vt 53.9624 -33.0018 
vt 54 -33.0658 
vt 54.0532 -33.0344 
vt 54.02 -33.0586 
vt 54 -32.9883 
vt 54.037 -33.0485 
vt 53.9717 -33.0413 
vt 54.0261 -33.0259 
vt 54 -33.0165 
vt 53.98 -33.0586 
vt 54 -33.0022 
vt 54.0376 -33.0157 
vt 54.0532 -33.0482 
vt 54.0376 -33.0808 
vt 53.9739 -33.0259 
vt 53.9624 -33.0157 
vt 54.0261 -33.0711 
vt 54 -33.0943 
vt 54 -33.0805 
vt 53.9739 -33.0711 
vt 53.9624 -33.0808 
vt 53.963 -33.0485 
vt 53.9468 -33.0482 
vt 54 -33.094 
vt 53.9391 -33.0413 
vt 53.9468 -33.0344 
vt 53.9569 -33.004 
vt 54.0431 -33.004 
vt 54 -32.9886 
vt 54.01 -33.0215 
vt 53.99 -33.0215 
vt 54.0141 -33.0303 
vt 54 -33.0178 
vt 53.9785 -33.0247 
vt 53.9848 -33.0113 
vt 54 -33.0058 
vt 54 -32.9946 
vt 54.0152 -33.0113 
vt 53.9756 -33.0035 
vt 54.0244 -33.0035 
vt 53.9655 -33.0251 
vt 53.9756 -33.0467 
vt 53.9848 -33.0382 
vt 54 -33.0556 
vt 54 -33.0437 
vt 54.0152 -33.0382 
vt 54.0244 -33.0467 
vt 54.0215 -33.0247 
vt 54.0345 -33.0251 
vt 53.9713 -33.0556 
vt 54 -33.0661 
vt 54 -33.0556 
vt 54.0287 -33.0556 
vt 53.9756 -33.0467 
vt 54.0244 -33.0467 
vt 53.9655 -33.0251 
vt 54.0345 -33.0251 
vt 54 -32.9945 
vt 54 -33.1066 
vt 53.9472 -33.0546 
vt 54.0373 -33.0914 
vt 54.0373 -33.0179 
vt 54 -33.1066 
vt 53.9679 -33.084 
vt 53.9472 -33.0546 
vt 53.9679 -33.0207 
vt 54 -33.0027 
vt 54.0454 -33.0523 
vt 54 -33.0864 
vt 54.0149 -33.0693 
vt 54 -33.0815 
vt 54.0149 -33.0399 
vt 54.0298 -33.0522 
vt 54 -33.0277 
vt 53.9789 -33.0363 
vt 54 -33.0229 
vt 54.0211 -33.0314 
vt 54 -33.0076 
vt 54.0321 -33.0207 
vt 54.0454 -33.0523 
vt 54.0321 -33.084 
vt 53.9789 -33.0314 
vt 53.9679 -33.0207 
vt 54.0211 -33.0729 
vt 54 -33.0971 
vt 53.9702 -33.0522 
vt 53.9546 -33.0523 
vt 53.9679 -33.084 
vt 53.9789 -33.0729 
vt 54.0287 -33.0556 
vt 54.0345 -33.0354 
vt 54 -32.9945 
vt 53.9846 -32.976 
vt 54 -32.9343 
vt 53.9889 -32.9395 
vt 53.9816 -32.9094 
vt 54 -32.9109 
vt 54.0261 -32.9058 
vt 54.0154 -32.976 
vt 54.0111 -32.9395 
vt 54.0184 -32.9094 
vt 54 -32.9404 
vt 54 -32.9779 
vt 54 -33.0943 
vt 54.0431 -33.0786 
vt 54.0609 -33.0413 
vt 53.9468 -33.0482 
vt 53.9624 -33.0157 
vt 54.0376 -33.0157 
vt 53.9569 -33.004 
vt 54.0431 -33.004 
vt 54 -33.0022 
vt 54 -32.9886 
vt 53.8977 -33 
vt 53.8916 -32.9849 
vt 53.8865 -32.99 
vt 53.8906 -33 
vt 53.8767 -32.9859 
vt 53.8865 -33.01 
vt 53.8767 -32.9786 
vt 53.8916 -33.0151 
vt 53.8619 -32.9849 
vt 53.8767 -33.0141 
vt 53.8669 -32.99 
vt 53.8767 -33.0214 
vt 53.8557 -33 
vt 53.8619 -33.0151 
vt 53.8629 -33 
vt 53.8669 -33.01 
vt 53.8767 -33.0214 
vt 53.8784 -33.0261 
vt 53.8965 -33.0184 
vt 53.8603 -33.0184 
vt 53.8977 -33 
vt 53.8557 -33 
vt 53.8965 -32.9816 
vt 53.8603 -32.9816 
vt 53.8767 -32.9786 
vt 53.8811 -32.9859 
vt 53.8909 -32.99 
vt 53.8713 -32.99 
vt 53.895 -33 
vt 53.8673 -33 
vt 53.8713 -33.01 
vt 53.8909 -33.01 
vt 53.8811 -33.0141 
vt 54.1472 -33 
vt 54.1394 -32.9624 
vt 54.1342 -32.9739 
vt 54.1396 -33 
vt 54.1207 -32.9468 
vt 54.1342 -33.0261 
vt 54.1394 -33.0376 
vt 54.1228 -33 
vt 54.1207 -33.0532 
vt 54.1186 -33.02 
vt 54.1086 -33.0283 
vt 54.1086 -32.9717 
vt 54.1186 -32.98 
vt 54.0831 -32.9739 
vt 54.0966 -32.9468 
vt 54.1086 -32.9391 
vt 54.1086 -33.0609 
vt 54.1207 -32.9468 
vt 54.1207 -33.0532 
vt 54.1019 -32.9624 
vt 54.1019 -33.0376 
vt 54.0871 -32.9569 
vt 54.0871 -33.0431 
vt 54.0941 -33 
vt 54.0782 -33 
vt 53.9287 -33 
vt 53.9307 -32.99 
vt 53.9307 -33.01 
vt 53.9354 -33.0141 
vt 53.9354 -32.9859 
vt 53.9142 -32.9756 
vt 53.9178 -32.9848 
vt 53.9149 -33 
vt 53.9178 -33.0152 
vt 53.9256 -33.0345 
vt 53.9354 -32.9595 
vt 53.9354 -33.0405 
vt 53.9256 -32.9655 
vt 53.937 -32.9756 
vt 53.937 -33.0244 
vt 53.9488 -32.9713 
vt 53.9488 -33.0287 
vt 53.9418 -33 
vt 53.9543 -33 
vt 54.0139 -33.0321 
vt 54.0017 -33.0373 
vt 54.0043 -33 
vt 54.0162 -33 
vt 54.0139 -32.9679 
vt 54.0017 -32.9627 
vt 53.9876 -32.9679 
vt 54.0017 -32.9627 
vt 53.9952 -33.0528 
vt 54.0043 -33 
vt 53.9821 -33.0454 
vt 53.9899 -33 
vt 53.9876 -33.0321 
vt 54.0017 -33.0373 
vt 53.9915 -33 
vt 54.0039 -33 
vt 53.9926 -32.9851 
vt 54.0054 -32.9789 
vt 53.9926 -33.0149 
vt 54.0054 -33.0211 
vt 54.009 -33.0298 
vt 53.9761 -33 
vt 53.9821 -33.0454 
vt 53.9777 -33.0211 
vt 53.9765 -32.9679 
vt 53.9777 -32.9789 
vt 54.1023 -32.8934 
vt 54.1443 -32.9017 
vt 54.1084 -32.8946 
vt 54.1381 -32.9005 
vt 54.1035 -32.9022 
vt 54.1397 -32.9094 
vt 54.1216 -32.9058 
vt 54.1233 -32.8976 
vt 54.1371 -32.9003 
vt 54.1094 -32.8948 
vt 54.1327 -32.9225 
vt 54.1135 -32.8956 
vt 54.1287 -32.9217 
vt 54.1331 -32.8995 
vt 54.1091 -32.9179 
vt 54.1233 -32.8976 
vt 54.1189 -32.9198 
vt 53.8658 -33.0567 
vt 53.8604 -33.0661 
vt 53.8658 -33.0567 
vt 53.8606 -33.0669 
vt 53.8789 -33.0341 
vt 53.8793 -33.0344 
vt 53.8814 -33.0586 
vt 53.8919 -33.0115 
vt 53.9059 -32.9883 
vt 53.8914 -33.0413 
vt 53.9013 -33.024 
vt 53.9038 -33.0485 
vt 53.9169 -33.0259 
vt 53.9223 -33.0165 
vt 53.9299 -33.0022 
vt 53.9222 -33.0157 
vt 53.9034 -33.0482 
vt 53.8908 -33.0711 
vt 53.8768 -33.0943 
vt 53.8854 -33.0805 
vt 53.8698 -33.0786 
vt 53.8528 -33.0804 
vt 53.8609 -33.094 
vt 53.8606 -33.0669 
vt 53.8914 -33.0413 
vt 53.8793 -33.0344 
vt 53.8981 -33.0018 
vt 53.9129 -33.004 
vt 54.071 -33.0659 
vt 54.0613 -33.0492 
vt 54.0663 -33.057 
vt 54.0693 -33.0391 
vt 54.0542 -33.0358 
vt 54.0549 -33.0354 
vt 54.0471 -33.0224 
vt 54.0387 -33.005 
vt 54.06 -33.0215 
vt 54.0646 -33.0303 
vt 54.065 -33.0058 
vt 54.068 -33.0113 
vt 54.0906 -33.0556 
vt 54.0822 -33.0382 
vt 54.0751 -33.0247 
vt 54.0744 -33.0251 
vt 54.0781 -33.0556 
vt 54.0836 -33.0661 
vt 54.0906 -33.0556 
vt 54.0858 -33.0467 
vt 54.0646 -33.0303 
vt 54.0744 -33.0251 
vt 54.063 -33.0035 
vt 54.0512 -33.005 
vt 53.9973 -33.0886 
vt 54.0113 -33.0914 
vt 54.0048 -33.0546 
vt 53.9961 -33.0864 
vt 53.9957 -33.0027 
vt 53.9858 -33.0277 
vt 53.9861 -33.0253 
vt 53.9983 -33.0179 
vt 53.9917 -33.0569 
vt 54.0235 -33.084 
vt 54.0113 -33.0914 
vt 54.0048 -33.0546 
vt 54.0179 -33.0523 
vt 54.0124 -33.0207 
vt 53.9983 -33.0179 
vt 53.9961 -33.0864 
vt 54.0074 -33.0693 
vt 53.9946 -33.0778 
vt 53.991 -33.0571 
vt 54.0048 -33.0546 
vt 54.0022 -33.0399 
vt 53.9873 -33.0363 
vt 54.0187 -33.0522 
vt 53.9858 -33.0277 
vt 54.015 -33.0314 
vt 54.0179 -33.0523 
vt 54.0223 -33.0729 
vt 54.0258 -33.0971 
vt 54.0781 -33.0556 
vt 54.0663 -33.057 
vt 54.0646 -33.0303 
vt 54.0549 -33.0354 
vt 54.0435 -33.0139 
vt 54.0512 -33.005 
vt 54.0387 -33.005 
vt 54.0457 -32.9945 
vt 54.0879 -32.9672 
vt 54.1024 -32.9715 
vt 54.1045 -32.9352 
vt 54.0877 -32.967 
vt 54.1154 -32.9373 
vt 54.1171 -32.976 
vt 54.1216 -32.9058 
vt 54.1035 -32.9022 
vt 54.1263 -32.9395 
vt 54.1397 -32.9094 
vt 54.1309 -32.9404 
vt 53.8698 -33.0786 
vt 53.8846 -33.0808 
vt 53.8914 -33.0413 
vt 53.9034 -33.0482 
vt 53.9222 -33.0157 
vt 53.9129 -33.004 
vt 54 -32.8934 
vt 53.9849 -32.8946 
vt 53.9786 -32.8976 
vt 53.9739 -32.9058 
vt 53.9816 -32.9022 
vt 54 -32.9008 
vt 54 -32.8934 
vt 54.0151 -32.8946 
vt 54.0184 -32.9022 
vt 54.01 -32.8995 
vt 54.01 -32.9217 
vt 54 -32.9003 
vt 54 -32.9225 
vt 53.99 -32.9217 
vt 53.99 -32.8995 
vt 54 -33.0804 
vt 54.0376 -33.0669 
vt 54.0261 -33.0567 
vt 54 -33.0661 
vt 54.037 -33.0341 
vt 54.0532 -33.0344 
vt 54.0376 -33.0018 
vt 53.9739 -33.0567 
vt 53.9624 -33.0669 
vt 53.963 -33.0341 
vt 53.9468 -33.0344 
vt 53.9624 -33.0018 
vt 53.98 -33.0586 
vt 53.9739 -33.0115 
vt 54 -32.9883 
vt 54 -33.0021 
vt 53.98 -33.024 
vt 54 -33.0168 
vt 54.0261 -33.0115 
vt 54.02 -33.024 
vt 53.9624 -33.0808 
vt 54.0261 -33.0259 
vt 54 -33.0943 
vt 54.0431 -33.0786 
vt 54 -33.0804 
vt 54 -33.094 
vt 53.9569 -33.0786 
vt 54.0376 -33.0669 
vt 53.9624 -33.0669 
vt 54.0609 -33.0413 
vt 53.9468 -33.0344 
vt 53.9569 -33.004 
vt 54 -32.9886 
vt 54 -33.0659 
vt 54.0244 -33.057 
vt 54.0152 -33.0492 
vt 54 -33.0548 
vt 54.0215 -33.0358 
vt 54.0345 -33.0354 
vt 54.0244 -33.0139 
vt 53.9848 -33.0492 
vt 53.9756 -33.057 
vt 54 -33.0427 
vt 54.01 -33.0391 
vt 53.99 -33.0391 
vt 53.9785 -33.0358 
vt 53.9655 -33.0354 
vt 53.9756 -33.0139 
vt 53.9848 -33.0224 
vt 54 -33.005 
vt 54 -33.0168 
vt 54.0152 -33.0224 
vt 53.9859 -33.0303 
vt 54.0244 -33.0467 
vt 53.9713 -33.0556 
vt 53.9655 -33.0251 
vt 54 -32.9945 
vt 54.0321 -33.0886 
vt 54 -33.1017 
vt 54 -33.1066 
vt 54.0373 -33.0914 
vt 54.0528 -33.0546 
vt 53.9679 -33.0886 
vt 53.9627 -33.0914 
vt 54.0211 -33.0778 
vt 54 -33.0864 
vt 53.9789 -33.0778 
vt 54.0298 -33.0571 
vt 53.9702 -33.0571 
vt 53.9472 -33.0546 
vt 53.9546 -33.0569 
vt 53.9679 -33.0253 
vt 53.9627 -33.0179 
vt 53.9789 -33.0363 
vt 54 -33.0027 
vt 54 -33.0122 
vt 54 -33.0277 
vt 54.0211 -33.0363 
vt 54.0321 -33.0253 
vt 54.0373 -33.0179 
vt 54.0454 -33.0569 
vt 54.0528 -33.0546 
vt 54.0321 -33.0207 
vt 54 -33.0027 
vt 54 -33.0864 
vt 54.0211 -33.0778 
vt 53.9702 -33.0571 
vt 53.9851 -33.0399 
vt 53.9702 -33.0522 
vt 54 -33.0277 
vt 54.0211 -33.0363 
vt 54.0321 -33.084 
vt 53.9595 -33.0303 
vt 54.0244 -33.0139 
vt 53.9756 -33.0139 
vt 54.0287 -33.005 
vt 53.9713 -33.005 
vt 54 -33.005 
vt 54 -32.9945 
vt 54 -32.9672 
vt 54.0111 -32.9352 
vt 54.0154 -32.967 
vt 54 -32.9651 
vt 54 -32.9343 
vt 54.0184 -32.9022 
vt 54 -32.9008 
vt 53.9889 -32.9352 
vt 53.9816 -32.9022 
vt 53.9846 -32.967 
vt 54.1233 -33.0214 
vt 54.1216 -33.0261 
vt 54.1023 -33 
vt 54.1443 -33 
vt 54.1035 -32.9816 
vt 54.1397 -32.9816 
vt 54.1233 -32.9786 
vt 53.8793 -32.9468 
vt 53.8793 -33.0532 
vt 53.8914 -33.0283 
vt 53.9013 -33.02 
vt 53.9055 -33 
vt 53.9013 -32.98 
vt 53.9169 -33.0261 
vt 53.9223 -33 
vt 53.9299 -33 
vt 53.9222 -33.0376 
vt 53.9169 -32.9739 
vt 53.9034 -32.9468 
vt 54.0435 -32.9756 
vt 54.0549 -33.0345 
vt 54.0471 -33.0152 
vt 54.0387 -33 
vt 54.06 -33.01 
vt 54.0441 -33 
vt 54.0471 -32.9848 
vt 54.06 -32.99 
vt 54.058 -33 
vt 54.0646 -32.9859 
vt 54.0744 -32.9655 
vt 54.0744 -33.0345 
vt 54.0646 -33.0405 
vt 53.9973 -32.9679 
vt 53.9996 -33 
vt 54.014 -33 
vt 54.0113 -32.9627 
vt 53.9973 -33.0321 
vt 54.0113 -33.0373 
vt 53.9983 -33.0373 
vt 54.014 -33 
vt 54.0235 -32.9679 
vt 54.0113 -32.9627 
vt 54.0048 -32.9472 
vt 54.0258 -33 
vt 54.0235 -33.0321 
vt 54.0124 -32.9679 
vt 54.0113 -33.0373 
vt 54.0022 -33.0149 
vt 53.9873 -33.0211 
vt 53.9858 -33 
vt 54.0022 -32.9851 
vt 53.9873 -32.9789 
vt 54.0012 -33 
vt 54.0135 -33 
vt 54.015 -33.0211 
vt 54.0124 -33.0321 
vt 54.0179 -33.0454 
vt 54.015 -32.9789 
vt 54.0124 -32.9679 
vt 54.0781 -32.9713 
vt 54.071 -33 
vt 54.0836 -33 
vt 54.0781 -33.0287 
vt 54.0663 -32.9756 
vt 54.0663 -33.0244 
vt 54.0646 -32.9595 
vt 54.0549 -32.9655 
vt 54.0549 -33.0345 
vt 54.1126 -33.0107 
vt 54.1232 -33 
vt 54.1169 -33 
vt 54.1126 -32.9893 
vt 54.1171 -33.0154 
vt 54.1171 -32.9846 
vt 54.1024 -33.0152 
vt 54.1024 -32.9848 
vt 54.1024 -33.0218 
vt 54.1024 -32.9782 
vt 54.0877 -33.0154 
vt 54.0877 -32.9846 
vt 54.0922 -33.0107 
vt 54.0922 -32.9893 
vt 54.0816 -33 
vt 54.0879 -33 
vt 53.8698 -32.9569 
vt 53.8609 -33 
vt 53.8768 -33 
vt 53.8698 -33.0431 
vt 53.8846 -32.9624 
vt 53.8846 -33.0376 
vt 53.8977 -32.8934 
vt 53.8557 -32.9017 
vt 53.8916 -32.8946 
vt 53.8767 -32.8976 
vt 53.8784 -32.9058 
vt 53.8619 -32.9005 
vt 53.8965 -32.9022 
vt 53.8603 -32.9094 
vt 53.8669 -32.8995 
vt 53.8811 -32.9198 
vt 53.8767 -32.8976 
vt 53.8909 -32.9179 
vt 53.8865 -32.8956 
vt 53.8713 -32.9217 
vt 53.8629 -32.9003 
vt 53.8906 -32.8948 
vt 53.8673 -32.9225 
vt 54.1394 -33.0669 
vt 54.1342 -33.0567 
vt 54.1396 -33.0661 
vt 54.1211 -33.0341 
vt 54.1207 -33.0344 
vt 54.0941 -32.9883 
vt 54.1081 -33.0115 
vt 54.0987 -33.024 
vt 54.1086 -33.0413 
vt 54.0777 -33.0165 
vt 54.1186 -33.0586 
vt 54.1154 -33.0808 
vt 54.0831 -33.0259 
vt 54.1232 -33.0943 
vt 54.1146 -33.0805 
vt 54.1092 -33.0711 
vt 54.1154 -33.0808 
vt 54.0962 -33.0485 
vt 54.1302 -33.0786 
vt 54.1394 -33.0669 
vt 54.1086 -33.0413 
vt 54.1207 -33.0344 
vt 54.1019 -33.0018 
vt 54.0871 -33.004 
vt 53.929 -33.0659 
vt 53.9387 -33.0492 
vt 53.9357 -33.0548 
vt 53.9458 -33.0358 
vt 53.9451 -33.0354 
vt 53.9565 -33.0139 
vt 53.9307 -33.0391 
vt 53.9613 -33.005 
vt 53.9529 -33.0224 
vt 53.94 -33.0215 
vt 53.9354 -33.0303 
vt 53.9249 -33.0247 
vt 53.932 -33.0113 
vt 53.935 -33.0058 
vt 53.9256 -33.0251 
vt 53.9142 -33.0467 
vt 53.9178 -33.0382 
vt 53.9094 -33.0556 
vt 53.9219 -33.0556 
vt 53.9142 -33.0467 
vt 53.9354 -33.0303 
vt 53.9256 -33.0251 
vt 53.937 -33.0035 
vt 53.9488 -33.005 
vt 54.0027 -33.0886 
vt 53.9887 -33.0914 
vt 53.9952 -33.0546 
vt 54.0083 -33.0569 
vt 54.0139 -33.0253 
vt 54.0017 -33.0179 
vt 53.986 -33.1066 
vt 53.9765 -33.084 
vt 53.9887 -33.0914 
vt 53.9952 -33.0546 
vt 53.9821 -33.0523 
vt 53.9876 -33.0207 
vt 54.0017 -33.0179 
vt 54.0039 -33.0864 
vt 53.9926 -33.0693 
vt 54.0054 -33.0778 
vt 54.009 -33.0571 
vt 53.9952 -33.0546 
vt 53.9978 -33.0399 
vt 54.0127 -33.0363 
vt 53.985 -33.0314 
vt 53.9876 -33.0207 
vt 53.9742 -33.0971 
vt 53.9813 -33.0522 
vt 53.9777 -33.0729 
vt 53.9219 -33.0556 
vt 53.9337 -33.057 
vt 53.9354 -33.0303 
vt 53.9451 -33.0354 
vt 53.9565 -33.0139 
vt 53.9488 -33.005 
vt 53.9613 -33.005 
vt 53.9543 -32.9945 
vt 53.9121 -32.9672 
vt 53.8955 -32.9352 
vt 53.8965 -32.9022 
vt 53.9123 -32.967 
vt 53.8784 -32.9058 
vt 53.8976 -32.9715 
vt 53.8846 -32.9373 
vt 53.8829 -32.976 
vt 53.8737 -32.9395 
vt 53.8603 -32.9094 
vt 53.8691 -32.9404 
vt 53.8768 -32.9779 
vt 54.1302 -33.0786 
vt 54.1154 -33.0808 
vt 54.1086 -33.0413 
vt 54.0966 -33.0482 
vt 54.0778 -33.0157 
vt 54.0871 -33.004 

usemtl Meshpart1Mtl

f 4/4/4 6/6/6 5/5/5 
f 6/6/6 4/4/4 7/7/7 
f 8/8/8 6/6/6 7/7/7 
f 6/6/6 8/8/8 9/9/9 
f 13/13/13 12/12/12 11/11/11 
f 12/12/12 13/13/13 14/14/14 
f 14/14/14 13/13/13 15/15/15 
f 16/16/16 15/15/15 13/13/13 
f 26/26/26 29/29/29 27/27/27 
f 29/29/29 26/26/26 30/30/30 
f 24/24/24 30/30/30 26/26/26 
f 30/30/30 24/24/24 31/31/31 
f 32/32/32 31/31/31 24/24/24 
f 29/29/29 33/33/33 27/27/27 
f 29/29/29 34/34/34 33/33/33 
f 32/32/32 24/24/24 35/35/35 
f 20/20/20 35/35/35 22/22/22 
f 35/35/35 36/36/36 32/32/32 
f 35/35/35 20/20/20 37/37/37 
f 35/35/35 37/37/37 36/36/36 
f 38/38/38 37/37/37 20/20/20 
f 38/38/38 36/36/36 37/37/37 
f 38/38/38 20/20/20 28/28/28 
f 36/36/36 38/38/38 39/39/39 
f 40/40/40 39/39/39 38/38/38 
f 40/40/40 33/33/33 34/34/34 
f 39/39/39 40/40/40 41/41/41 
f 40/40/40 34/34/34 41/41/41 
f 51/51/51 53/53/53 49/49/49 
f 53/53/53 51/51/51 54/54/54 
f 55/55/55 53/53/53 54/54/54 
f 51/51/51 56/56/56 54/54/54 
f 56/56/56 55/55/55 54/54/54 
f 56/56/56 51/51/51 48/48/48 
f 55/55/55 57/57/57 53/53/53 
f 52/52/52 53/53/53 57/57/57 
f 55/55/55 56/56/56 58/58/58 
f 52/52/52 57/57/57 59/59/59 
f 60/60/60 52/52/52 59/59/59 
f 52/52/52 60/60/60 61/61/61 
f 62/62/62 61/61/61 60/60/60 
f 61/61/61 62/62/62 63/63/63 
f 64/64/64 63/63/63 62/62/62 
f 64/64/64 62/62/62 65/65/65 
f 65/65/65 66/66/66 64/64/64 
f 65/65/65 67/67/67 66/66/66 
f 58/58/58 66/66/66 67/67/67 
f 66/66/66 58/58/58 56/56/56 
f 68/68/68 69/69/69 70/70/70 
f 71/71/71 70/70/70 69/69/69 
f 68/68/68 70/70/70 72/72/72 
f 70/70/70 71/71/71 73/73/73 
f 95/95/95 96/96/96 94/94/94 
f 96/96/96 95/95/95 97/97/97 
f 91/91/91 97/97/97 95/95/95 
f 97/97/97 91/91/91 98/98/98 
f 99/99/99 98/98/98 91/91/91 
f 96/96/96 100/100/100 94/94/94 
f 96/96/96 101/101/101 100/100/100 
f 99/99/99 91/91/91 102/102/102 
f 102/102/102 103/103/103 99/99/99 
f 102/102/102 89/89/89 103/103/103 
f 104/104/104 100/100/100 101/101/101 
f 104/104/104 101/101/101 105/105/105 
f 106/106/106 104/104/104 105/105/105 
f 103/103/103 107/107/107 106/106/106 
f 104/104/104 106/106/106 107/107/107 
f 107/107/107 103/103/103 89/89/89 
f 113/113/113 115/115/115 114/114/114 
f 115/115/115 118/118/118 119/119/119 
f 120/120/120 117/117/117 118/118/118 
f 118/118/118 115/115/115 120/120/120 
f 115/115/115 113/113/113 120/120/120 
f 117/117/117 120/120/120 121/121/121 
f 111/111/111 120/120/120 113/113/113 
f 120/120/120 111/111/111 121/121/121 
f 130/130/130 128/128/128 126/126/126 
f 129/129/129 130/130/130 127/127/127 
f 128/128/128 130/130/130 131/131/131 
f 130/130/130 129/129/129 131/131/131 
f 132/132/132 133/133/133 134/134/134 
f 132/132/132 134/134/134 135/135/135 
f 133/133/133 136/136/136 134/134/134 
f 137/137/137 132/132/132 135/135/135 
f 136/136/136 133/133/133 138/138/138 
f 132/132/132 137/137/137 139/139/139 
f 140/140/140 136/136/136 138/138/138 
f 141/141/141 139/139/139 137/137/137 
f 136/136/136 140/140/140 142/142/142 
f 139/139/139 141/141/141 143/143/143 
f 144/144/144 142/142/142 140/140/140 
f 145/145/145 143/143/143 141/141/141 
f 142/142/142 144/144/144 146/146/146 
f 145/145/145 141/141/141 147/147/147 
f 144/144/144 147/147/147 146/146/146 
f 144/144/144 145/145/145 147/147/147 
f 159/159/159 158/158/158 157/157/157 
f 158/158/158 159/159/159 160/160/160 
f 160/160/160 159/159/159 161/161/161 
f 162/162/162 160/160/160 161/161/161 
f 160/160/160 162/162/162 163/163/163 
f 163/163/163 162/162/162 164/164/164 
f 167/167/167 172/172/172 168/168/168 
f 170/170/170 168/168/168 172/172/172 
f 172/172/172 174/174/174 170/170/170 
f 172/172/172 167/167/167 177/177/177 
f 186/186/186 188/188/188 184/184/184 
f 188/188/188 187/187/187 185/185/185 
f 188/188/188 186/186/186 189/189/189 
f 187/187/187 188/188/188 189/189/189 
f 197/197/197 191/191/191 196/196/196 
f 191/191/191 197/197/197 190/190/190 
f 192/192/192 190/190/190 197/197/197 
f 192/192/192 197/197/197 198/198/198 
f 207/207/207 205/205/205 203/203/203 
f 206/206/206 207/207/207 204/204/204 
f 205/205/205 207/207/207 208/208/208 
f 207/207/207 206/206/206 208/208/208 
f 209/209/209 211/211/211 210/210/210 
f 211/211/211 209/209/209 212/212/212 
f 213/213/213 211/211/211 212/212/212 
f 211/211/211 213/213/213 214/214/214 
f 218/218/218 216/216/216 215/215/215 
f 218/218/218 215/215/215 220/220/220 
f 221/221/221 218/218/218 220/220/220 
f 218/218/218 221/221/221 222/222/222 
f 223/223/223 224/224/224 225/225/225 
f 224/224/224 226/226/226 225/225/225 
f 227/227/227 224/224/224 223/223/223 
f 224/224/224 227/227/227 228/228/228 
f 227/227/227 223/223/223 230/230/230 
f 225/225/225 230/230/230 223/223/223 
f 232/232/232 227/227/227 230/230/230 
f 230/230/230 225/225/225 234/234/234 
f 241/241/241 237/237/237 239/239/239 
f 241/241/241 240/240/240 238/238/238 
f 237/237/237 241/241/241 242/242/242 
f 241/241/241 238/238/238 242/242/242 
f 249/249/249 250/250/250 246/246/246 
f 248/248/248 251/251/251 247/247/247 
f 251/251/251 248/248/248 250/250/250 
f 250/250/250 249/249/249 251/251/251 
f 254/254/254 258/258/258 256/256/256 
f 256/256/256 258/258/258 261/261/261 
f 256/256/256 262/262/262 259/259/259 
f 262/262/262 256/256/256 261/261/261 
f 261/261/261 263/263/263 262/262/262 
f 258/258/258 263/263/263 261/261/261 
f 262/262/262 263/263/263 264/264/264 
f 263/263/263 258/258/258 269/269/269 
f 276/276/276 275/275/275 272/272/272 
f 275/275/275 276/276/276 277/277/277 
f 278/278/278 277/277/277 276/276/276 
f 276/276/276 279/279/279 278/278/278 
f 284/284/284 281/281/281 283/283/283 
f 284/284/284 288/288/288 286/286/286 
f 288/288/288 284/284/284 289/289/289 
f 283/283/283 289/289/289 284/284/284 
f 294/294/294 283/283/283 293/293/293 
f 283/283/283 294/294/294 289/289/289 
f 294/294/294 288/288/288 289/289/289 
f 294/294/294 291/291/291 288/288/288 
f 299/299/299 300/300/300 296/296/296 
f 299/299/299 301/301/301 300/300/300 
f 302/302/302 300/300/300 301/301/301 
f 300/300/300 302/302/302 303/303/303 
f 306/306/306 304/304/304 305/305/305 
f 306/306/306 311/311/311 310/310/310 
f 306/306/306 310/310/310 312/312/312 
f 304/304/304 306/306/306 312/312/312 
f 313/313/313 315/315/315 314/314/314 
f 313/313/313 316/316/316 315/315/315 
f 317/317/317 315/315/315 316/316/316 
f 315/315/315 317/317/317 318/318/318 
f 320/320/320 322/322/322 321/321/321 
f 322/322/322 320/320/320 323/323/323 
f 324/324/324 322/322/322 323/323/323 
f 322/322/322 324/324/324 325/325/325 
f 320/320/320 326/326/326 323/323/323 
f 326/326/326 324/324/324 323/323/323 
f 326/326/326 328/328/328 324/324/324 
f 326/326/326 320/320/320 330/330/330 
f 334/334/334 333/333/333 332/332/332 
f 333/333/333 334/334/334 335/335/335 
f 334/334/334 336/336/336 335/335/335 
f 334/334/334 337/337/337 336/336/336 
f 341/341/341 342/342/342 343/343/343 
f 342/342/342 341/341/341 344/344/344 
f 345/345/345 344/344/344 341/341/341 
f 344/344/344 346/346/346 342/342/342 
f 342/342/342 346/346/346 347/347/347 
f 348/348/348 346/346/346 344/344/344 
f 344/344/344 345/345/345 348/348/348 
f 346/346/346 348/348/348 349/349/349 
f 353/353/353 351/351/351 352/352/352 
f 353/353/353 352/352/352 354/354/354 
f 355/355/355 353/353/353 354/354/354 
f 353/353/353 355/355/355 356/356/356 
f 362/362/362 358/358/358 361/361/361 
f 358/358/358 362/362/362 363/363/363 
f 364/364/364 363/363/363 362/362/362 
f 362/362/362 365/365/365 364/364/364 
f 368/368/368 367/367/367 366/366/366 
f 367/367/367 368/368/368 369/369/369 
f 368/368/368 370/370/370 369/369/369 
f 370/370/370 368/368/368 371/371/371 
f 372/372/372 373/373/373 374/374/374 
f 372/372/372 374/374/374 375/375/375 
f 373/373/373 376/376/376 374/374/374 
f 376/376/376 373/373/373 377/377/377 
f 378/378/378 376/376/376 377/377/377 
f 379/379/379 372/372/372 375/375/375 
f 372/372/372 379/379/379 380/380/380 
f 381/381/381 380/380/380 379/379/379 
f 380/380/380 381/381/381 382/382/382 
f 383/383/383 382/382/382 381/381/381 
f 385/385/385 383/383/383 381/381/381 
f 386/386/386 383/383/383 385/385/385 
f 386/386/386 385/385/385 387/387/387 
f 385/385/385 389/389/389 387/387/387 
f 389/389/389 385/385/385 388/388/388 
f 390/390/390 386/386/386 387/387/387 
f 389/389/389 390/390/390 387/387/387 
f 386/386/386 390/390/390 378/378/378 
f 376/376/376 378/378/378 390/390/390 
f 390/390/390 389/389/389 391/391/391 
f 395/395/395 396/396/396 397/397/397 
f 398/398/398 397/397/397 396/396/396 
f 396/396/396 395/395/395 399/399/399 
f 396/396/396 400/400/400 398/398/398 
f 405/405/405 406/406/406 407/407/407 
f 405/405/405 407/407/407 408/408/408 
f 406/406/406 409/409/409 407/407/407 
f 409/409/409 406/406/406 410/410/410 
f 411/411/411 409/409/409 410/410/410 
f 412/412/412 405/405/405 408/408/408 
f 405/405/405 412/412/412 413/413/413 
f 407/407/407 414/414/414 408/408/408 
f 412/412/412 408/408/408 414/414/414 
f 414/414/414 407/407/407 415/415/415 
f 414/414/414 416/416/416 412/412/412 
f 417/417/417 413/413/413 412/412/412 
f 413/413/413 417/417/417 418/418/418 
f 419/419/419 418/418/418 417/417/417 
f 420/420/420 419/419/419 417/417/417 
f 421/421/421 419/419/419 420/420/420 
f 421/421/421 420/420/420 422/422/422 
f 423/423/423 421/421/421 422/422/422 
f 421/421/421 423/423/423 411/411/411 
f 409/409/409 411/411/411 423/423/423 
f 430/430/430 429/429/429 436/436/436 
f 430/430/430 436/436/436 437/437/437 
f 438/438/438 430/430/430 437/437/437 
f 430/430/430 438/438/438 434/434/434 
f 429/429/429 439/439/439 436/436/436 
f 440/440/440 434/434/434 438/438/438 
f 434/434/434 440/440/440 442/442/442 
f 443/443/443 442/442/442 440/440/440 
f 443/443/443 440/440/440 445/445/445 
f 447/447/447 443/443/443 445/445/445 
f 447/447/447 445/445/445 448/448/448 
f 449/449/449 447/447/447 448/448/448 
f 447/447/447 449/449/449 450/450/450 
f 439/439/439 450/450/450 449/449/449 
f 450/450/450 439/439/439 452/452/452 
f 439/439/439 429/429/429 452/452/452 
f 467/467/467 469/469/469 465/465/465 
f 469/469/469 468/468/468 466/466/466 
f 469/469/469 467/467/467 470/470/470 
f 468/468/468 469/469/469 470/470/470 
f 473/473/473 472/472/472 474/474/474 
f 475/475/475 474/474/474 472/472/472 
f 477/477/477 472/472/472 476/476/476 
f 472/472/472 477/477/477 475/475/475 
f 475/475/475 477/477/477 478/478/478 
f 478/478/478 474/474/474 475/475/475 
f 479/479/479 478/478/478 477/477/477 
f 474/474/474 478/478/478 480/480/480 
f 494/494/494 492/492/492 491/491/491 
f 492/492/492 494/494/494 495/495/495 
f 498/498/498 492/492/492 495/495/495 
f 492/492/492 498/498/498 493/493/493 
f 504/504/504 505/505/505 502/502/502 
f 505/505/505 507/507/507 506/506/506 
f 505/505/505 504/504/504 508/508/508 
f 507/507/507 505/505/505 508/508/508 
f 513/513/513 514/514/514 515/515/515 
f 515/515/515 516/516/516 513/513/513 
f 517/517/517 515/515/515 514/514/514 
f 515/515/515 517/517/517 518/518/518 
f 520/520/520 521/521/521 522/522/522 
f 521/521/521 520/520/520 524/524/524 
f 525/525/525 524/524/524 520/520/520 
f 520/520/520 527/527/527 525/525/525 
f 528/528/528 530/530/530 529/529/529 
f 530/530/530 531/531/531 532/532/532 
f 530/530/530 528/528/528 533/533/533 
f 531/531/531 530/530/530 533/533/533 
f 528/528/528 534/534/534 533/533/533 
f 534/534/534 531/531/531 533/533/533 
f 534/534/534 528/528/528 535/535/535 
f 534/534/534 538/538/538 531/531/531 
f 540/540/540 541/541/541 542/542/542 
f 543/543/543 542/542/542 541/541/541 
f 541/541/541 540/540/540 544/544/544 
f 541/541/541 545/545/545 543/543/543 
f 549/549/549 550/550/550 551/551/551 
f 550/550/550 552/552/552 551/551/551 
f 550/550/550 549/549/549 553/553/553 
f 550/550/550 554/554/554 552/552/552 
f 555/555/555 553/553/553 549/549/549 
f 556/556/556 552/552/552 554/554/554 
f 553/553/553 555/555/555 557/557/557 
f 556/556/556 554/554/554 558/558/558 
f 559/559/559 557/557/557 555/555/555 
f 560/560/560 556/556/556 558/558/558 
f 559/559/559 555/555/555 561/561/561 
f 556/556/556 560/560/560 562/562/562 
f 561/561/561 563/563/563 559/559/559 
f 563/563/563 562/562/562 560/560/560 
f 561/561/561 564/564/564 563/563/563 
f 562/562/562 563/563/563 564/564/564 
f 565/565/565 566/566/566 567/567/567 
f 568/568/568 567/567/567 566/566/566 
f 565/565/565 567/567/567 569/569/569 
f 567/567/567 568/568/568 570/570/570 
f 573/573/573 574/574/574 575/575/575 
f 576/576/576 575/575/575 574/574/574 
f 575/575/575 577/577/577 573/573/573 
f 575/575/575 576/576/576 578/578/578 
f 579/579/579 580/580/580 581/581/581 
f 582/582/582 581/581/581 580/580/580 
f 581/581/581 582/582/582 583/583/583 
f 580/580/580 579/579/579 584/584/584 
f 591/591/591 594/594/594 595/595/595 
f 595/595/595 596/596/596 591/591/591 
f 598/598/598 591/591/591 596/596/596 
f 591/591/591 598/598/598 589/589/589 
f 605/605/605 603/603/603 598/598/598 
f 605/605/605 598/598/598 596/596/596 
f 595/595/595 605/605/605 596/596/596 
f 605/605/605 595/595/595 600/600/600 
f 608/608/608 606/606/606 607/607/607 
f 608/608/608 607/607/607 609/609/609 
f 610/610/610 608/608/608 609/609/609 
f 608/608/608 610/610/610 611/611/611 
f 615/615/615 618/618/618 613/613/613 
f 620/620/620 621/621/621 615/615/615 
f 615/615/615 621/621/621 622/622/622 
f 618/618/618 615/615/615 622/622/622 
f 621/621/621 623/623/623 622/622/622 
f 623/623/623 618/618/618 622/622/622 
f 623/623/623 621/621/621 624/624/624 
f 618/618/618 623/623/623 628/628/628 
f 632/632/632 631/631/631 630/630/630 
f 631/631/631 632/632/632 633/633/633 
f 632/632/632 634/634/634 633/633/633 
f 632/632/632 635/635/635 634/634/634 
f 638/638/638 637/637/637 636/636/636 
f 636/636/636 639/639/639 638/638/638 
f 640/640/640 638/638/638 639/639/639 
f 638/638/638 640/640/640 641/641/641 
f 645/645/645 643/643/643 644/644/644 
f 643/643/643 645/645/645 646/646/646 
f 647/647/647 646/646/646 645/645/645 
f 645/645/645 648/648/648 647/647/647 
f 652/652/652 650/650/650 651/651/651 
f 650/650/650 652/652/652 653/653/653 
f 652/652/652 654/654/654 653/653/653 
f 654/654/654 652/652/652 655/655/655 
f 659/659/659 654/654/654 656/656/656 
f 654/654/654 659/659/659 653/653/653 
f 659/659/659 650/650/650 653/653/653 
f 650/650/650 659/659/659 660/660/660 
f 663/663/663 661/661/661 662/662/662 
f 662/662/662 664/664/664 663/663/663 
f 665/665/665 663/663/663 664/664/664 
f 663/663/663 665/665/665 666/666/666 
f 673/673/673 670/670/670 671/671/671 
f 672/672/672 670/670/670 674/674/674 
f 675/675/675 674/674/674 670/670/670 
f 670/670/670 673/673/673 675/675/675 
f 676/676/676 674/674/674 675/675/675 
f 677/677/677 675/675/675 673/673/673 
f 677/677/677 676/676/676 675/675/675 
f 678/678/678 677/677/677 673/673/673 
f 683/683/683 682/682/682 681/681/681 
f 682/682/682 683/683/683 684/684/684 
f 685/685/685 684/684/684 683/683/683 
f 685/685/685 683/683/683 686/686/686 

g Meshpart2

v -380.681 5.43546 -2.18412 
v -380.681 5.138 -1.98199 
v -380.444 5.38026 -2.26536 
v -380.444 5.0828 -2.06323 
v -380.207 5.138 -1.98199 
v -380.207 5.43546 -2.18412 
v -380.623 4.69433 0.256922 
v -380.444 4.34332 -0.180712 
v -380.444 4.62592 0.284782 
v -380.266 4.69433 0.256922 
v -380.444 5.11198 0.591926 
v -380.696 4.85948 0.18966 
v -380.554 5.12777 0.549294 
v -380.444 5.3207 0.634474 
v -380.53 5.33109 0.600544 
v -380.335 5.12777 0.549294 
v -380.358 5.33109 0.600544 
v -380.192 4.85948 0.18966 
v -380.623 5.02464 0.122398 
v -380.156 5.0311 -1.00591 
v -380.733 5.0311 -1.00591 
v -380.444 5.30787 -1.2034 
v -380.125 5.21865 -1.30085 
v -380.763 5.21865 -1.30085 
v -380.783 5.75912 -1.70782 
v -380.106 5.75912 -1.70782 
v -380.827 5.64844 -1.57937 
v -380.444 5.83798 -1.59177 
v -380.444 5.73756 -1.44822 
v -380.061 5.64844 -1.57937 
v -380.444 5.29948 -2.38423 
v -380.207 5.43546 -2.18412 
v -380.106 5.37834 -2.26818 
v -380.444 5.38026 -2.26536 
v -380.109 5.56873 -1.988 
v -380.681 5.43546 -2.18412 
v -379.965 5.56873 -1.988 
v -380.783 5.37834 -2.26818 
v -380.106 5.75912 -1.70782 
v -380.78 5.56873 -1.988 
v -380.207 5.702 -1.79187 
v -380.923 5.56873 -1.988 
v -380.444 5.83798 -1.59177 
v -380.783 5.75912 -1.70782 
v -380.444 5.75721 -1.71064 
v -380.681 5.702 -1.79187 
v -380.444 5.45975 -1.5085 
v -380.681 5.40454 -1.58974 
v -380.78 5.27127 -1.78586 
v -380.681 5.138 -1.98199 
v -380.444 5.0828 -2.06323 
v -380.207 5.40454 -1.58974 
v -380.207 5.138 -1.98199 
v -380.109 5.27127 -1.78586 
v -380.554 5.20403 0.343452 
v -380.192 4.85948 0.18966 
v -380.335 5.20403 0.343452 
v -380.444 5.21983 0.30082 
v -380.623 5.02464 0.122398 
v -380.266 5.02464 0.122398 
v -380.444 5.09305 0.0945381 
v -380.687 4.91524 -0.30938 
v -380.201 4.91524 -0.30938 
v -380.444 5.01337 -0.331456 
v -380.444 5.04397 -0.679172 
v -380.719 4.93112 -0.695042 
v -380.169 4.93112 -0.695042 
v -380.444 5.1363 -0.949026 
v -380.156 5.0311 -1.00591 
v -380.733 5.0311 -1.00591 
v -380.444 5.30787 -1.2034 
v -380.125 5.21865 -1.30085 
v -380.763 5.21865 -1.30085 
v -380.923 5.56873 -1.988 
v -380.783 5.75912 -1.70782 
v -380.106 5.75912 -1.70782 
v -380.827 5.64844 -1.57937 
v -380.444 5.83798 -1.59177 
v -380.444 5.73756 -1.44822 
v -380.061 5.64844 -1.57937 
v -380.444 5.29948 -2.38423 
v -380.444 5.38026 -2.26536 
v -380.444 5.83798 -1.59177 
v -380.444 5.75721 -1.71064 
v -380.444 5.45975 -1.5085 
v -380.207 5.702 -1.79187 
v -380.444 5.0828 -2.06323 
v -380.207 5.40454 -1.58974 
v -380.109 5.56873 -1.988 
v -380.207 5.138 -1.98199 
v -380.207 5.43546 -2.18412 
v -380.109 5.27127 -1.78586 
v -380.687 4.44145 -0.202788 
v -380.833 4.65866 -0.733356 
v -380.719 4.3862 -0.771672 
v -380.444 4.27335 -0.787542 
v -380.788 4.67834 -0.256084 
v -380.623 4.69433 0.256922 
v -380.444 4.34332 -0.180712 
v -380.444 4.62592 0.284782 
v -380.696 4.85948 0.18966 
v -380.554 5.12777 0.549294 
v -380.53 5.33109 0.600544 
v -380.358 5.33109 0.600544 
v -380.599 5.1659 0.446374 
v -380.566 5.35619 0.518628 
v -380.53 5.38129 0.436712 
v -380.554 5.20403 0.343452 
v -380.623 5.02464 0.122398 
v -380.687 4.91524 -0.30938 
v -380.719 4.93112 -0.695042 
v -380.733 5.0311 -1.00591 
v -380.156 4.52314 -1.28058 
v -380.733 4.52314 -1.28058 
v -380.444 4.6986 -1.86884 
v -380.853 4.77712 -1.14325 
v -380.763 4.78783 -1.77139 
v -380.895 5.00324 -1.53612 
v -380.763 5.21865 -1.30085 
v -380.986 5.4333 -1.89597 
v -380.827 5.21816 -2.21257 
v -380.444 5.29948 -2.38423 
v -380.783 5.37834 -2.26818 
v -380.923 5.56873 -1.988 
v -380.783 5.75912 -1.70782 
v -380.827 5.64844 -1.57937 
v -380.444 5.45975 -1.5085 
v -380.681 5.702 -1.79187 
v -380.444 5.75721 -1.71064 
v -380.207 5.702 -1.79187 
v -380.681 5.40454 -1.58974 
v -380.78 5.27127 -1.78586 
v -380.207 5.40454 -1.58974 
v -380.109 5.27127 -1.78586 
v -380.53 5.38129 0.436712 
v -380.554 5.20403 0.343452 
v -380.358 5.38129 0.436712 
v -380.192 4.85948 0.18966 
v -380.335 5.20403 0.343452 
v -380.444 5.21983 0.30082 
v -380.444 5.39168 0.402782 
v -380.623 5.02464 0.122398 
v -380.156 4.52314 -1.28058 
v -379.993 5.00324 -1.53612 
v -380.733 4.52314 -1.28058 
v -380.444 4.6986 -1.86884 
v -380.895 5.00324 -1.53612 
v -380.827 5.21816 -2.21257 
v -380.444 5.12904 -2.34372 
v -380.444 5.29948 -2.38423 
v -380.061 5.21816 -2.21257 
v -380.783 5.37834 -2.26818 
v -380.106 5.37834 -2.26818 
v -380.444 5.45975 -1.5085 
v -380.681 5.702 -1.79187 
v -380.207 5.702 -1.79187 
v -380.687 4.44145 -0.202788 
v -380.719 4.3862 -0.771672 
v -380.444 4.27335 -0.787542 
v -380.623 4.69433 0.256922 
v -380.444 4.34332 -0.180712 
v -380.444 4.62592 0.284782 
v -380.266 4.69433 0.256922 
v -380.201 4.44145 -0.202788 
v -380.169 4.3862 -0.771672 
v -380.156 4.52314 -1.28058 
v -380.125 4.78783 -1.77139 
v -380.444 4.41794 -1.33747 
v -380.733 4.52314 -1.28058 
v -380.444 4.6986 -1.86884 
v -380.763 4.78783 -1.77139 
v -380.827 5.21816 -2.21257 
v -380.444 5.12904 -2.34372 
v -380.444 5.29948 -2.38423 
v -380.061 5.21816 -2.21257 
v -380.444 5.29948 -2.38423 
v -380.444 5.38026 -2.26536 
v -380.444 5.83798 -1.59177 
v -380.444 5.75721 -1.71064 
v -380.444 5.45975 -1.5085 
v -380.681 5.702 -1.79187 
v -380.681 5.40454 -1.58974 
v -380.78 5.56873 -1.988 
v -380.78 5.27127 -1.78586 
v -380.681 5.43546 -2.18412 
v -380.681 5.138 -1.98199 
v -380.444 5.0828 -2.06323 
v -380.444 4.27335 -0.787542 
v -380.444 4.34332 -0.180712 
v -380.444 4.62592 0.284782 
v -380.266 4.69433 0.256922 
v -380.335 5.12777 0.549294 
v -380.358 5.33109 0.600544 
v -380.53 5.38129 0.436712 
v -380.289 5.1659 0.446374 
v -380.323 5.35619 0.518628 
v -380.358 5.38129 0.436712 
v -380.192 4.85948 0.18966 
v -380.335 5.20403 0.343452 
v -380.444 5.21983 0.30082 
v -380.266 5.02464 0.122398 
v -380.201 4.91524 -0.30938 
v -380.444 5.01337 -0.331456 
v -380.101 4.67834 -0.256084 
v -380.055 4.65866 -0.733356 
v -380.201 4.44145 -0.202788 
v -380.169 4.93112 -0.695042 
v -380.156 5.0311 -1.00591 
v -380.169 4.3862 -0.771672 
v -380.036 4.77712 -1.14325 
v -380.125 5.21865 -1.30085 
v -380.156 4.52314 -1.28058 
v -379.993 5.00324 -1.53612 
v -379.903 5.4333 -1.89597 
v -380.125 4.78783 -1.77139 
v -380.444 4.6986 -1.86884 
v -380.444 5.29948 -2.38423 
v -380.061 5.21816 -2.21257 
v -380.106 5.37834 -2.26818 
v -379.965 5.56873 -1.988 
v -380.106 5.75912 -1.70782 
v -380.444 5.83798 -1.59177 
v -380.061 5.64844 -1.57937 

vn 0.708661 0.401575 0.582677 
vn 0.551181 0.826772 0.102362 
vn 0 0.559055 0.826772 
vn 0 0.96063 0.291339 
vn -0.551181 0.826772 0.102362 
vn -0.708661 0.401575 0.582677 
vn -0.653543 -0.503937 0.566929 
vn 0 -0.944882 0.322835 
vn 0 -0.724409 0.692913 
vn 0.653543 -0.503937 0.566929 
vn 0 -0.370079 0.929134 
vn -0.976378 0.0629921 0.220472 
vn -0.661417 -0.23622 0.708661 
vn 0 -0.19685 0.976378 
vn -0.692913 -0.102362 0.716535 
vn 0.661417 -0.23622 0.708661 
vn 0.692913 -0.102362 0.716535 
vn 0.976378 0.0629921 0.220472 
vn -0.724409 0.669291 -0.188976 
vn 0.716535 0.606299 0.330709 
vn -0.716535 0.606299 0.330709 
vn 0 0.677165 0.732283 
vn 0.732283 0.425197 0.527559 
vn -0.732283 0.425197 0.527559 
vn -0.661417 0.669291 0.346457 
vn 0.661417 0.669291 0.346457 
vn -0.708661 0.496063 0.503937 
vn 0 0.818898 0.574803 
vn 0 0.669291 0.740157 
vn 0.708661 0.496063 0.503937 
vn 0 0.826772 -0.559055 
vn 0 0.826772 -0.559055 
vn 0 0.826772 -0.559055 
vn 0 0.826772 -0.559055 
vn 0 0.826772 -0.559055 
vn 0 0.826772 -0.559055 
vn 0 0.826772 -0.559055 
vn 0 0.826772 -0.559055 
vn 0 0.826772 -0.559055 
vn 0 0.826772 -0.559055 
vn 0 0.826772 -0.559055 
vn 0 0.826772 -0.559055 
vn 0 0.826772 -0.559055 
vn 0 0.826772 -0.559055 
vn 0 0.826772 -0.559055 
vn 0 0.826772 -0.559055 
vn 0 0.0866142 -1 
vn 0.551181 0.212598 -0.811024 
vn 0.779528 0.519685 -0.354331 
vn 0.551181 0.826772 0.102362 
vn 0 0.96063 0.291339 
vn -0.551181 0.212598 -0.811024 
vn -0.551181 0.826772 0.102362 
vn -0.779528 0.519685 -0.354331 
vn -0.708661 0.535433 -0.456693 
vn 0.976378 0.0629921 0.220472 
vn 0.708661 0.535433 -0.456693 
vn 0 0.708661 -0.700787 
vn -0.724409 0.669291 -0.188976 
vn 0.724409 0.669291 -0.188976 
vn 0 0.929134 -0.370079 
vn -0.724409 0.692913 0.00787402 
vn 0.724409 0.692913 0.00787402 
vn 0 1 -0.0472441 
vn 0 0.976378 0.204724 
vn -0.724409 0.669291 0.165354 
vn 0.724409 0.669291 0.165354 
vn 0 0.897638 0.448819 
vn 0.716535 0.606299 0.330709 
vn -0.716535 0.606299 0.330709 
vn 0 0.677165 0.732283 
vn 0.732283 0.425197 0.527559 
vn -0.732283 0.425197 0.527559 
vn -0.937008 0.291339 -0.19685 
vn -0.661417 0.669291 0.346457 
vn 0.661417 0.669291 0.346457 
vn -0.708661 0.496063 0.503937 
vn 0 0.818898 0.574803 
vn 0 0.669291 0.740157 
vn 0.708661 0.496063 0.503937 
vn 0 0.826772 -0.559055 
vn 0 0.826772 -0.559055 
vn 0 0.826772 -0.559055 
vn 0 0.826772 -0.559055 
vn 0 0.0866142 -1 
vn -0.708661 -0.393701 -0.582677 
vn 0 0.96063 0.291339 
vn -0.551181 0.212598 -0.811024 
vn -1 0 0 
vn -0.551181 0.826772 0.102362 
vn -0.708661 0.401575 0.582677 
vn -0.779528 0.519685 -0.354331 
vn -0.685039 -0.677165 0.267717 
vn -1 -0.0472441 0.0629921 
vn -0.685039 -0.724409 -0.0314961 
vn 0 -1 -0.0708661 
vn -0.992126 -0.015748 0.141732 
vn -0.653543 -0.503937 0.566929 
vn 0 -0.944882 0.322835 
vn 0 -0.724409 0.692913 
vn -0.976378 0.0629921 0.220472 
vn -0.661417 -0.23622 0.708661 
vn -0.692913 -0.102362 0.716535 
vn 0.692913 -0.102362 0.716535 
vn -0.984252 0.125984 0.149606 
vn -0.984252 0.149606 0.0708661 
vn -0.700787 0.401575 -0.590551 
vn -0.708661 0.535433 -0.456693 
vn -0.724409 0.669291 -0.188976 
vn -0.724409 0.692913 0.00787402 
vn -0.724409 0.669291 0.165354 
vn -0.716535 0.606299 0.330709 
vn 0.685039 -0.685039 -0.244094 
vn -0.685039 -0.685039 -0.244094 
vn 0 -0.818898 -0.574803 
vn -1 -0.0629921 0.0472441 
vn -0.677165 -0.622047 -0.393701 
vn -0.992126 -0.125984 0.0629921 
vn -0.732283 0.425197 0.527559 
vn -0.992126 0.0708661 -0.0629921 
vn -0.700787 -0.338583 -0.622047 
vn 0 -0.228346 -0.976378 
vn -0.661417 -0.0787402 -0.748031 
vn -0.937008 0.291339 -0.19685 
vn -0.661417 0.669291 0.346457 
vn -0.708661 0.496063 0.503937 
vn 0 0.0866142 -1 
vn 0.708661 -0.393701 -0.582677 
vn 0 -0.559055 -0.826772 
vn -0.708661 -0.393701 -0.582677 
vn 0.551181 0.212598 -0.811024 
vn 0.779528 0.519685 -0.354331 
vn -0.551181 0.212598 -0.811024 
vn -0.779528 0.519685 -0.354331 
vn -0.700787 0.401575 -0.590551 
vn -0.708661 0.535433 -0.456693 
vn 0.700787 0.401575 -0.590551 
vn 0.976378 0.0629921 0.220472 
vn 0.708661 0.535433 -0.456693 
vn 0 0.708661 -0.700787 
vn 0 0.511811 -0.858268 
vn -0.724409 0.669291 -0.188976 
vn 0.685039 -0.685039 -0.244094 
vn 0.992126 -0.125984 0.0629921 
vn -0.685039 -0.685039 -0.244094 
vn 0 -0.818898 -0.574803 
vn -0.992126 -0.125984 0.0629921 
vn -0.700787 -0.338583 -0.622047 
vn 0 -0.511811 -0.858268 
vn 0 -0.228346 -0.976378 
vn 0.700787 -0.338583 -0.622047 
vn -0.661417 -0.0787402 -0.748031 
vn 0.661417 -0.0787402 -0.748031 
vn 0 0.0866142 -1 
vn 0.708661 -0.393701 -0.582677 
vn -0.708661 -0.393701 -0.582677 
vn -0.685039 -0.677165 0.267717 
vn -0.685039 -0.724409 -0.0314961 
vn 0 -1 -0.0708661 
vn -0.653543 -0.503937 0.566929 
vn 0 -0.944882 0.322835 
vn 0 -0.724409 0.692913 
vn 0.653543 -0.503937 0.566929 
vn 0.685039 -0.677165 0.267717 
vn 0.685039 -0.724409 -0.0314961 
vn 0.685039 -0.685039 -0.244094 
vn 0.677165 -0.622047 -0.393701 
vn 0 -0.929134 -0.362205 
vn -0.685039 -0.685039 -0.244094 
vn 0 -0.818898 -0.574803 
vn -0.677165 -0.622047 -0.393701 
vn -0.700787 -0.338583 -0.622047 
vn 0 -0.511811 -0.858268 
vn 0 -0.228346 -0.976378 
vn 0.700787 -0.338583 -0.622047 
vn 0 0.826772 -0.559055 
vn 0 0.826772 -0.559055 
vn 0 0.826772 -0.559055 
vn 0 0.826772 -0.559055 
vn 0 0.0866142 -1 
vn 0.708661 -0.393701 -0.582677 
vn 0.551181 0.212598 -0.811024 
vn 1 0 0 
vn 0.779528 0.519685 -0.354331 
vn 0.708661 0.401575 0.582677 
vn 0.551181 0.826772 0.102362 
vn 0 0.96063 0.291339 
vn 0 -1 -0.0708661 
vn 0 -0.944882 0.322835 
vn 0 -0.724409 0.692913 
vn 0.653543 -0.503937 0.566929 
vn 0.661417 -0.23622 0.708661 
vn 0.692913 -0.102362 0.716535 
vn -0.700787 0.401575 -0.590551 
vn 0.984252 0.125984 0.149606 
vn 0.984252 0.149606 0.0708661 
vn 0.700787 0.401575 -0.590551 
vn 0.976378 0.0629921 0.220472 
vn 0.708661 0.535433 -0.456693 
vn 0 0.708661 -0.700787 
vn 0.724409 0.669291 -0.188976 
vn 0.724409 0.692913 0.00787402 
vn 0 1 -0.0472441 
vn 0.992126 -0.015748 0.141732 
vn 1 -0.0472441 0.0629921 
vn 0.685039 -0.677165 0.267717 
vn 0.724409 0.669291 0.165354 
vn 0.716535 0.606299 0.330709 
vn 0.685039 -0.724409 -0.0314961 
vn 1 -0.0629921 0.0472441 
vn 0.732283 0.425197 0.527559 
vn 0.685039 -0.685039 -0.244094 
vn 0.992126 -0.125984 0.0629921 
vn 0.992126 0.0708661 -0.0629921 
vn 0.677165 -0.622047 -0.393701 
vn 0 -0.818898 -0.574803 
vn 0 -0.228346 -0.976378 
vn 0.700787 -0.338583 -0.622047 
vn 0.661417 -0.0787402 -0.748031 
vn 0.937008 0.291339 -0.19685 
vn 0.661417 0.669291 0.346457 
vn 0 0.818898 0.574803 
vn 0.708661 0.496063 0.503937 

vt 47.9704 -60.9525 
vt 47.9704 -60.9897 
vt 48 -60.9594 
vt 48 -60.9966 
vt 48.0296 -60.9897 
vt 48.0296 -60.9525 
vt 47.9777 -61.0452 
vt 48 -61.089 
vt 48 -61.0537 
vt 48.0223 -61.0452 
vt 48 -60.993 
vt 47.9685 -61.0245 
vt 47.9863 -60.991 
vt 48 -60.9669 
vt 47.9893 -60.9656 
vt 48.0137 -60.991 
vt 48.0107 -60.9656 
vt 48.0315 -61.0245 
vt 47.9777 -61.0039 
vt 48.0361 -61.0031 
vt 47.9639 -61.0031 
vt 48 -60.9685 
vt 48.0399 -60.9796 
vt 47.9601 -60.9796 
vt 47.9577 -60.9121 
vt 48.0423 -60.9121 
vt 47.9522 -60.9259 
vt 48 -60.9022 
vt 48 -60.9148 
vt 48.0478 -60.9259 
vt 48.1887 -61 
vt 48.1637 -61.0296 
vt 48.1742 -61.0423 
vt 48.1738 -61 
vt 48.1391 -61.0419 
vt 48.1637 -60.9704 
vt 48.1391 -61.0599 
vt 48.1742 -60.9577 
vt 48.1041 -61.0423 
vt 48.1391 -60.9581 
vt 48.1146 -61.0296 
vt 48.1391 -60.9401 
vt 48.0896 -61 
vt 48.1041 -60.9577 
vt 48.1045 -61 
vt 48.1146 -60.9704 
vt 48.0792 -61 
vt 48.0894 -60.9704 
vt 48.1139 -60.9581 
vt 48.1384 -60.9704 
vt 48.1485 -61 
vt 48.0894 -61.0296 
vt 48.1384 -61.0296 
vt 48.1139 -61.0419 
vt 47.8477 -60.9863 
vt 47.8669 -61.0315 
vt 47.8477 -61.0137 
vt 47.853 -61 
vt 47.8753 -60.9777 
vt 47.8753 -61.0223 
vt 47.8788 -61 
vt 47.9293 -60.9696 
vt 47.9293 -61.0304 
vt 47.9321 -61 
vt 47.9755 -61 
vt 47.9775 -60.9656 
vt 47.9775 -61.0344 
vt 48.0093 -61 
vt 48.0164 -61.0361 
vt 48.0164 -60.9639 
vt 48.0411 -61 
vt 48.0532 -61.0399 
vt 48.0532 -60.9601 
vt 48.1391 -60.9401 
vt 48.1041 -60.9577 
vt 48.1041 -61.0423 
vt 48.0881 -60.9522 
vt 48.0896 -61 
vt 48.0717 -61 
vt 48.0881 -61.0478 
vt 47.8113 -60.9695 
vt 47.8262 -60.9594 
vt 47.9104 -60.9022 
vt 47.8955 -60.9123 
vt 47.9208 -60.9495 
vt 47.8854 -60.9192 
vt 47.8515 -60.9966 
vt 47.9106 -60.9564 
vt 47.8609 -60.9359 
vt 47.8616 -60.9897 
vt 47.8363 -60.9525 
vt 47.8861 -60.973 
vt 48.084 -61.0768 
vt 48.0177 -61.0496 
vt 48.0129 -61.0837 
vt 48.0109 -61.0978 
vt 48.0774 -61.0472 
vt 48.1415 -61.0452 
vt 48.0868 -61.089 
vt 48.145 -61.0537 
vt 48.1331 -61.0245 
vt 48.178 -60.991 
vt 48.1844 -60.9656 
vt 48.1844 -60.9656 
vt 48.1652 -60.9862 
vt 48.1742 -60.9624 
vt 48.1639 -60.9593 
vt 48.1523 -60.9815 
vt 48.1247 -61.0039 
vt 48.0707 -61.0176 
vt 48.0225 -61.0156 
vt 47.9836 -61.0031 
vt 47.9493 -61.0666 
vt 47.9493 -61.0666 
vt 47.8758 -61.0446 
vt 47.9665 -61.0348 
vt 47.8879 -61.0335 
vt 47.9173 -61.0066 
vt 47.9468 -60.9796 
vt 47.8724 -60.9528 
vt 47.8328 -60.9797 
vt 47.8113 -60.9695 
vt 47.8258 -60.9597 
vt 47.8609 -60.9359 
vt 47.8959 -60.9121 
vt 47.9119 -60.9259 
vt 48 -60.9495 
vt 48.0296 -60.9192 
vt 48 -60.9123 
vt 47.9704 -60.9192 
vt 48.0296 -60.9564 
vt 48.0419 -60.973 
vt 47.9704 -60.9564 
vt 47.9581 -60.973 
vt 48.0107 -60.9593 
vt 48.0137 -60.9815 
vt 47.9893 -60.9593 
vt 47.9685 -61.0245 
vt 47.9863 -60.9815 
vt 48 -60.9795 
vt 48 -60.958 
vt 48.0223 -61.0039 
vt 47.9639 -61.0666 
vt 47.9436 -61.0066 
vt 48.0361 -61.0666 
vt 48 -61.0446 
vt 48.0564 -61.0066 
vt 48.0478 -60.9797 
vt 48 -60.9908 
vt 48 -60.9695 
vt 47.9522 -60.9797 
vt 48.0423 -60.9597 
vt 47.9577 -60.9597 
vt 47.9208 -61 
vt 47.8854 -60.9704 
vt 47.8854 -61.0296 
vt 48.084 -60.9696 
vt 48.0129 -60.9656 
vt 48.0109 -61 
vt 48.1415 -60.9777 
vt 48.0868 -61 
vt 48.145 -61 
vt 48.1415 -61.0223 
vt 48.084 -61.0304 
vt 48.0129 -61.0344 
vt 47.9493 -61.0361 
vt 47.8879 -61.0399 
vt 47.9422 -61 
vt 47.9493 -60.9639 
vt 47.8758 -61 
vt 47.8879 -60.9601 
vt 47.8328 -60.9522 
vt 47.8164 -61 
vt 47.8113 -61 
vt 47.8328 -61.0478 
vt 48.1887 -60.9695 
vt 48.1738 -60.9594 
vt 48.0896 -60.9022 
vt 48.1045 -60.9123 
vt 48.0792 -60.9495 
vt 48.1146 -60.9192 
vt 48.0894 -60.9564 
vt 48.1391 -60.9359 
vt 48.1139 -60.973 
vt 48.1637 -60.9525 
vt 48.1384 -60.9897 
vt 48.1485 -60.9966 
vt 47.9891 -61.0978 
vt 47.9132 -61.089 
vt 47.855 -61.0537 
vt 47.8585 -61.0452 
vt 47.822 -60.991 
vt 47.8156 -60.9656 
vt 47.8361 -60.9593 
vt 47.8348 -60.9862 
vt 47.8258 -60.9624 
vt 47.8361 -60.9593 
vt 47.8669 -61.0245 
vt 47.8477 -60.9815 
vt 47.853 -60.9795 
vt 47.8753 -61.0039 
vt 47.9293 -61.0176 
vt 47.9321 -61.0053 
vt 47.9226 -61.0472 
vt 47.9823 -61.0496 
vt 47.916 -61.0768 
vt 47.9775 -61.0156 
vt 48.0164 -61.0031 
vt 47.9871 -61.0837 
vt 48.0335 -61.0348 
vt 48.0532 -60.9796 
vt 48.0507 -61.0666 
vt 48.0827 -61.0066 
vt 48.1276 -60.9528 
vt 48.1121 -61.0335 
vt 48.1242 -61.0446 
vt 48.1887 -60.9695 
vt 48.1672 -60.9797 
vt 48.1742 -60.9597 
vt 48.1391 -60.9359 
vt 48.1041 -60.9121 
vt 48.0896 -60.9022 
vt 48.0881 -60.9259 

usemtl Meshpart2Mtl

f 689/689/689 687/687/687 688/688/688 
f 690/690/690 689/689/689 688/688/688 
f 691/691/691 689/689/689 690/690/690 
f 689/689/689 691/691/691 692/692/692 
f 697/697/697 693/693/693 695/695/695 
f 696/696/696 697/697/697 695/695/695 
f 693/693/693 697/697/697 699/699/699 
f 700/700/700 699/699/699 697/697/697 
f 699/699/699 700/700/700 701/701/701 
f 702/702/702 700/700/700 697/697/697 
f 697/697/697 696/696/696 702/702/702 
f 700/700/700 702/702/702 703/703/703 
f 708/708/708 713/713/713 710/710/710 
f 713/713/713 708/708/708 715/715/715 
f 708/708/708 716/716/716 715/715/715 
f 716/716/716 708/708/708 709/709/709 
f 717/717/717 718/718/718 719/719/719 
f 718/718/718 717/717/717 720/720/720 
f 721/721/721 719/719/719 718/718/718 
f 717/717/717 722/722/722 720/720/720 
f 719/719/719 721/721/721 723/723/723 
f 717/717/717 724/724/724 722/722/722 
f 725/725/725 723/723/723 721/721/721 
f 724/724/724 726/726/726 722/722/722 
f 727/727/727 725/725/725 721/721/721 
f 726/726/726 724/724/724 728/728/728 
f 729/729/729 725/725/725 727/727/727 
f 730/730/730 726/726/726 728/728/728 
f 729/729/729 727/727/727 731/731/731 
f 726/726/726 730/730/730 732/732/732 
f 729/729/729 732/732/732 730/730/730 
f 732/732/732 729/729/729 731/731/731 
f 734/734/734 736/736/736 735/735/735 
f 733/733/733 736/736/736 734/734/734 
f 733/733/733 737/737/737 736/736/736 
f 737/737/737 733/733/733 739/739/739 
f 739/739/739 733/733/733 738/738/738 
f 739/739/739 738/738/738 740/740/740 
f 744/744/744 745/745/745 741/741/741 
f 743/743/743 746/746/746 744/744/744 
f 745/745/745 744/744/744 747/747/747 
f 746/746/746 747/747/747 744/744/744 
f 747/747/747 748/748/748 745/745/745 
f 746/746/746 749/749/749 747/747/747 
f 748/748/748 747/747/747 750/750/750 
f 749/749/749 750/750/750 747/747/747 
f 751/751/751 748/748/748 750/750/750 
f 749/749/749 751/751/751 750/750/750 
f 748/748/748 751/751/751 752/752/752 
f 753/753/753 751/751/751 749/749/749 
f 753/753/753 754/754/754 751/751/751 
f 754/754/754 752/752/752 751/751/751 
f 754/754/754 753/753/753 755/755/755 
f 752/752/752 754/754/754 756/756/756 
f 755/755/755 757/757/757 754/754/754 
f 757/757/757 756/756/756 754/754/754 
f 757/757/757 755/755/755 758/758/758 
f 756/756/756 757/757/757 759/759/759 
f 763/763/763 764/764/764 761/761/761 
f 764/764/764 763/763/763 765/765/765 
f 764/764/764 766/766/766 762/762/762 
f 766/766/766 764/764/764 765/765/765 
f 775/775/775 774/774/774 772/772/772 
f 774/774/774 775/775/775 778/778/778 
f 777/777/777 778/778/778 775/775/775 
f 778/778/778 777/777/777 776/776/776 
f 779/779/779 780/780/780 781/781/781 
f 780/780/780 779/779/779 783/783/783 
f 784/784/784 783/783/783 779/779/779 
f 787/787/787 783/783/783 784/784/784 
f 784/784/784 788/788/788 787/787/787 
f 788/788/788 789/789/789 791/791/791 
f 791/791/791 787/787/787 788/788/788 
f 791/791/791 789/789/789 792/792/792 
f 793/793/793 791/791/791 792/792/792 
f 794/794/794 787/787/787 791/791/791 
f 791/791/791 793/793/793 794/794/794 
f 787/787/787 794/794/794 795/795/795 
f 796/796/796 787/787/787 795/795/795 
f 787/787/787 796/796/796 783/783/783 
f 780/780/780 783/783/783 796/796/796 
f 780/780/780 796/796/796 797/797/797 
f 780/780/780 797/797/797 798/798/798 
f 800/800/800 781/781/781 802/802/802 
f 781/781/781 780/780/780 802/802/802 
f 802/802/802 780/780/780 798/798/798 
f 804/804/804 800/800/800 802/802/802 
f 804/804/804 803/803/803 800/800/800 
f 805/805/805 802/802/802 798/798/798 
f 805/805/805 804/804/804 802/802/802 
f 806/806/806 803/803/803 804/804/804 
f 805/805/805 806/806/806 804/804/804 
f 803/803/803 806/806/806 807/807/807 
f 806/806/806 809/809/809 807/807/807 
f 809/809/809 806/806/806 810/810/810 
f 806/806/806 811/811/811 810/810/810 
f 811/811/811 806/806/806 812/812/812 
f 806/806/806 805/805/805 812/812/812 
f 813/813/813 814/814/814 815/815/815 
f 816/816/816 813/813/813 815/815/815 
f 814/814/814 813/813/813 817/817/817 
f 813/813/813 816/816/816 819/819/819 
f 826/826/826 823/823/823 825/825/825 
f 822/822/822 821/821/821 826/826/826 
f 823/823/823 826/826/826 827/827/827 
f 827/827/827 826/826/826 821/821/821 
f 834/834/834 836/836/836 835/835/835 
f 837/837/837 835/835/835 836/836/836 
f 836/836/836 834/834/834 838/838/838 
f 836/836/836 839/839/839 837/837/837 
f 845/845/845 843/843/843 844/844/844 
f 845/845/845 847/847/847 843/843/843 
f 847/847/847 846/846/846 843/843/843 
f 846/846/846 847/847/847 848/848/848 
f 847/847/847 849/849/849 848/848/848 
f 849/849/849 847/847/847 850/850/850 
f 845/845/845 850/850/850 847/847/847 
f 850/850/850 845/845/845 851/851/851 
f 845/845/845 852/852/852 851/851/851 
f 852/852/852 845/845/845 854/854/854 
f 854/854/854 853/853/853 852/852/852 
f 854/854/854 845/845/845 855/855/855 
f 845/845/845 844/844/844 855/855/855 
f 853/853/853 854/854/854 856/856/856 
f 854/854/854 855/855/855 857/857/857 
f 856/856/856 854/854/854 857/857/857 
f 856/856/856 857/857/857 858/858/858 
f 859/859/859 856/856/856 858/858/858 
f 861/861/861 856/856/856 859/859/859 
f 856/856/856 861/861/861 853/853/853 
f 869/869/869 867/867/867 868/868/868 
f 870/870/870 869/869/869 868/868/868 
f 871/871/871 869/869/869 870/870/870 
f 872/872/872 871/871/871 870/870/870 
f 881/881/881 879/879/879 878/878/878 
f 879/879/879 881/881/881 882/882/882 
f 882/882/882 881/881/881 883/883/883 
f 878/878/878 884/884/884 881/881/881 
f 884/884/884 878/878/878 877/877/877 
f 881/881/881 885/885/885 883/883/883 
f 881/881/881 884/884/884 885/885/885 
f 885/885/885 884/884/884 887/887/887 
f 884/884/884 888/888/888 887/887/887 
f 888/888/888 884/884/884 890/890/890 
f 877/877/877 890/890/890 884/884/884 
f 891/891/891 888/888/888 890/890/890 
f 890/890/890 877/877/877 892/892/892 
f 892/892/892 891/891/891 890/890/890 
f 888/888/888 891/891/891 893/893/893 
f 891/891/891 894/894/894 893/893/893 
f 891/891/891 892/892/892 895/895/895 
f 894/894/894 891/891/891 896/896/896 
f 895/895/895 896/896/896 891/891/891 
f 896/896/896 897/897/897 894/894/894 
f 896/896/896 895/895/895 898/898/898 
f 897/897/897 896/896/896 899/899/899 
f 898/898/898 899/899/899 896/896/896 
f 900/900/900 897/897/897 899/899/899 
f 899/899/899 898/898/898 901/901/901 
f 901/901/901 900/900/900 899/899/899 
f 900/900/900 901/901/901 904/904/904 
f 905/905/905 900/900/900 904/904/904 
f 900/900/900 905/905/905 906/906/906 
f 907/907/907 900/900/900 906/906/906 
f 900/900/900 907/907/907 909/909/909 
f 897/897/897 900/900/900 909/909/909 

g Meshpart3

v -381.001 5.42826 -1.87823 
v -380.966 5.43259 -1.86556 
v -381 5.43115 -1.88358 
v -380.966 5.44093 -1.87389 
v -381.016 5.40365 -1.90283 
v -380.966 5.43831 -1.87966 
v -380.995 5.42984 -1.88813 
v -380.967 5.43256 -1.88196 
v -381.013 5.40777 -1.90695 
v -380.991 5.42526 -1.88918 
v -380.99 5.42015 -1.88633 
v -380.967 5.42687 -1.87962 
v -381.007 5.40939 -1.90857 
v -381.002 5.40763 -1.90681 
v -380.999 5.40365 -1.90283 
v -380.99 5.38715 -1.91933 
v -380.991 5.39 -1.92444 
v -380.995 5.38894 -1.92902 
v -380.967 5.38277 -1.93174 
v -380.967 5.38043 -1.92605 
v -380.966 5.38047 -1.93749 
v -381 5.3844 -1.93033 
v -380.966 5.37471 -1.94011 
v -381 5.4229 -1.87533 
v -380.966 5.43857 -1.86792 
v -381.001 5.42826 -1.87823 
v -380.966 5.43259 -1.86556 
v -381 5.43115 -1.88358 
v -380.966 5.44093 -1.87389 
v -380.967 5.43256 -1.88196 
v -380.99 5.38715 -1.91933 
v -380.991 5.39 -1.92444 
v -380.995 5.38894 -1.92902 
v -380.967 5.38277 -1.93174 
v -380.967 5.38043 -1.92605 
v -380.967 5.37474 -1.92371 
v -380.966 5.37471 -1.94011 
v -380.995 5.37746 -1.91754 
v -380.991 5.38204 -1.91648 
v -380.995 5.41836 -1.87664 
v -380.991 5.4173 -1.88123 
v -380.995 5.42984 -1.88813 
v -380.991 5.42526 -1.88918 
v -380.99 5.42015 -1.88633 
v -381.007 5.40939 -1.90857 
v -381.002 5.40763 -1.90681 
v -380.999 5.40365 -1.90283 
v -381.002 5.39967 -1.89885 
v -380.99 5.38715 -1.91933 
v -380.991 5.39 -1.92444 
v -380.995 5.38894 -1.92902 
v -380.995 5.37746 -1.91754 
v -381.007 5.39791 -1.89709 
v -380.991 5.38204 -1.91648 
v -381 5.4229 -1.87533 
v -381.001 5.42826 -1.87823 
v -380.966 5.43259 -1.86556 
v -380.966 5.42683 -1.86817 
v -381.016 5.40365 -1.90283 
v -380.995 5.41836 -1.87664 
v -380.967 5.42453 -1.87392 
v -381.013 5.39953 -1.89871 
v -380.991 5.4173 -1.88123 
v -380.99 5.42015 -1.88633 
v -380.967 5.42687 -1.87962 
v -380.999 5.40365 -1.90283 
v -381.002 5.39967 -1.89885 
v -380.99 5.38715 -1.91933 
v -380.967 5.38043 -1.92605 
v -380.967 5.37474 -1.92371 
v -380.966 5.37471 -1.94011 
v -381.001 5.37904 -1.92744 
v -381 5.37615 -1.92208 
v -380.966 5.36637 -1.93177 
v -380.966 5.36899 -1.92601 
v -380.995 5.37746 -1.91754 
v -381.007 5.39791 -1.89709 
v -380.991 5.38204 -1.91648 
v -380.966 5.43259 -1.86556 
v -380.995 5.41836 -1.87664 
v -380.967 5.42453 -1.87392 
v -380.991 5.4173 -1.88123 
v -380.995 5.42984 -1.88813 
v -380.967 5.43256 -1.88196 
v -380.991 5.42526 -1.88918 
v -380.99 5.42015 -1.88633 
v -380.967 5.42687 -1.87962 
v -380.967 5.37474 -1.92371 
v -381 5.3844 -1.93033 
v -380.966 5.37471 -1.94011 
v -380.966 5.36873 -1.93775 
v -381.001 5.37904 -1.92744 
v -381 5.37615 -1.92208 
v -380.966 5.36637 -1.93177 
v -381 5.4229 -1.87533 
v -381.001 5.42826 -1.87823 
v -381 5.43115 -1.88358 
v -381.016 5.40365 -1.90283 
v -381.013 5.39953 -1.89871 
v -381.013 5.40777 -1.90695 
v -381 5.3844 -1.93033 
v -381.001 5.37904 -1.92744 
v -381 5.37615 -1.92208 

vn -0.708661 0.503937 0.503937 
vn -0.299213 0.0629921 0.952756 
vn -0.519685 0.84252 -0.102362 
vn -0.299213 0.952756 0.0629921 
vn -1 0 0 
vn -0.0393701 0.771654 -0.629921 
vn -0.0551181 0.740157 -0.669291 
vn 0.267717 0.0708661 -0.96063 
vn -0.740157 0.472441 -0.472441 
vn 0.472441 0.188976 -0.858268 
vn 0.708661 -0.496063 -0.496063 
vn 0.385827 -0.653543 -0.653543 
vn -0.0708661 0.708661 -0.708661 
vn 0.669291 0.527559 -0.527559 
vn 1 0 0 
vn 0.708661 0.496063 0.496063 
vn 0.472441 0.858268 -0.188976 
vn -0.0551181 0.669291 -0.740157 
vn 0.267717 0.96063 -0.0708661 
vn 0.385827 0.653543 0.653543 
vn -0.0393701 0.629921 -0.771654 
vn -0.519685 0.102362 -0.84252 
vn -0.299213 -0.0629921 -0.952756 
vn -0.519685 -0.102362 0.84252 
vn -0.377953 0.653543 0.653543 
vn -0.708661 0.503937 0.503937 
vn -0.299213 0.0629921 0.952756 
vn -0.519685 0.84252 -0.102362 
vn -0.299213 0.952756 0.0629921 
vn 0.267717 0.0708661 -0.96063 
vn 0.708661 0.496063 0.496063 
vn 0.472441 0.858268 -0.188976 
vn -0.0551181 0.669291 -0.740157 
vn 0.267717 0.96063 -0.0708661 
vn 0.385827 0.653543 0.653543 
vn 0.267717 -0.0708661 0.96063 
vn -0.299213 -0.0629921 -0.952756 
vn -0.0551181 -0.740157 0.669291 
vn 0.472441 -0.188976 0.858268 
vn -0.0551181 -0.669291 0.740157 
vn 0.472441 -0.858268 0.188976 
vn -0.0551181 0.740157 -0.669291 
vn 0.472441 0.188976 -0.858268 
vn 0.708661 -0.496063 -0.496063 
vn -0.0708661 0.708661 -0.708661 
vn 0.669291 0.527559 -0.527559 
vn 1 0 0 
vn 0.669291 -0.527559 0.527559 
vn 0.708661 0.496063 0.496063 
vn 0.472441 0.858268 -0.188976 
vn -0.0551181 0.669291 -0.740157 
vn -0.0551181 -0.740157 0.669291 
vn -0.0708661 -0.708661 0.708661 
vn 0.472441 -0.188976 0.858268 
vn -0.519685 -0.102362 0.84252 
vn -0.708661 0.503937 0.503937 
vn -0.299213 0.0629921 0.952756 
vn -0.0393701 -0.629921 0.771654 
vn -1 0 0 
vn -0.0551181 -0.669291 0.740157 
vn 0.267717 -0.96063 0.0708661 
vn -0.740157 -0.472441 0.472441 
vn 0.472441 -0.858268 0.188976 
vn 0.708661 -0.496063 -0.496063 
vn 0.385827 -0.653543 -0.653543 
vn 1 0 0 
vn 0.669291 -0.527559 0.527559 
vn 0.708661 0.496063 0.496063 
vn 0.385827 0.653543 0.653543 
vn 0.267717 -0.0708661 0.96063 
vn -0.299213 -0.0629921 -0.952756 
vn -0.708661 -0.503937 -0.503937 
vn -0.519685 -0.84252 0.102362 
vn -0.299213 -0.952756 -0.0629921 
vn -0.0393701 -0.771654 0.629921 
vn -0.0551181 -0.740157 0.669291 
vn -0.0708661 -0.708661 0.708661 
vn 0.472441 -0.188976 0.858268 
vn -0.299213 0.0629921 0.952756 
vn -0.0551181 -0.669291 0.740157 
vn 0.267717 -0.96063 0.0708661 
vn 0.472441 -0.858268 0.188976 
vn -0.0551181 0.740157 -0.669291 
vn 0.267717 0.0708661 -0.96063 
vn 0.472441 0.188976 -0.858268 
vn 0.708661 -0.496063 -0.496063 
vn 0.385827 -0.653543 -0.653543 
vn 0.267717 -0.0708661 0.96063 
vn -0.519685 0.102362 -0.84252 
vn -0.299213 -0.0629921 -0.952756 
vn -0.377953 -0.653543 -0.653543 
vn -0.708661 -0.503937 -0.503937 
vn -0.519685 -0.84252 0.102362 
vn -0.299213 -0.952756 -0.0629921 
vn -0.519685 -0.102362 0.84252 
vn -0.708661 0.503937 0.503937 
vn -0.519685 0.84252 -0.102362 
vn -1 0 0 
vn -0.740157 -0.472441 0.472441 
vn -0.740157 0.472441 -0.472441 
vn -0.519685 0.102362 -0.84252 
vn -0.708661 -0.503937 -0.503937 
vn -0.519685 -0.84252 0.102362 

vt 14.0013 -52.9957 
vt 13.9969 -52.9941 
vt 14.0011 -52.9959 
vt 13.9969 -52.9941 
vt 14.0031 -53 
vt 13.997 -52.9949 
vt 14.0006 -52.9964 
vt 13.997 -52.9956 
vt 14.0028 -53 
vt 14.0001 -52.9969 
vt 13.9999 -52.9971 
vt 13.9971 -52.9959 
vt 14.0021 -53 
vt 14.0014 -53 
vt 14.0011 -53 
vt 13.9999 -53.0029 
vt 14.0001 -53.0031 
vt 14.0006 -53.0036 
vt 13.997 -53.0044 
vt 13.9971 -53.0041 
vt 13.997 -53.0051 
vt 14.0011 -53.0041 
vt 13.9969 -53.0059 
vt 14.0007 -53.0011 
vt 14 -52.9969 
vt 14 -53.0013 
vt 14.0007 -52.9969 
vt 13.9993 -53.0011 
vt 13.9993 -52.9969 
vt 13.9993 -52.997 
vt 14 -52.9999 
vt 13.9993 -53.0001 
vt 13.999 -53.0006 
vt 13.9993 -52.997 
vt 14 -52.9971 
vt 14.0007 -52.997 
vt 13.9993 -52.9969 
vt 14.001 -53.0006 
vt 14.0007 -53.0001 
vt 13.999 -52.9964 
vt 13.9993 -52.9969 
vt 14.001 -52.9964 
vt 14.0007 -52.9969 
vt 14 -52.9971 
vt 14.001 -53 
vt 14.0007 -53 
vt 14 -53 
vt 13.9993 -53 
vt 14 -53.0029 
vt 14.0007 -53.0031 
vt 14.001 -53.0036 
vt 13.999 -53.0036 
vt 13.999 -53 
vt 13.9993 -53.0031 
vt 13.9989 -52.9959 
vt 13.9987 -52.9957 
vt 14.0031 -52.9941 
vt 14.003 -52.9949 
vt 13.9969 -53 
vt 13.9994 -52.9964 
vt 14.003 -52.9956 
vt 13.9972 -53 
vt 13.9999 -52.9969 
vt 14.0001 -52.9971 
vt 14.0029 -52.9959 
vt 13.9989 -53 
vt 13.9986 -53 
vt 14.0001 -53.0029 
vt 14.0029 -53.0041 
vt 14.003 -53.0044 
vt 14.0031 -53.0059 
vt 13.9987 -53.0043 
vt 13.9989 -53.0041 
vt 14.0031 -53.0059 
vt 14.003 -53.0051 
vt 13.9994 -53.0036 
vt 13.9979 -53 
vt 13.9999 -53.0031 
vt 13.9993 -52.9969 
vt 13.999 -53.0006 
vt 13.9993 -52.997 
vt 13.9993 -53.0001 
vt 14.001 -53.0006 
vt 14.0007 -52.997 
vt 14.0007 -53.0001 
vt 14 -52.9999 
vt 14 -52.9971 
vt 13.9993 -52.997 
vt 14.0007 -53.0011 
vt 14.0007 -52.9969 
vt 14 -52.9969 
vt 14 -53.0013 
vt 13.9993 -53.0011 
vt 13.9993 -52.9969 
vt 14.0007 -52.9959 
vt 14 -52.9957 
vt 13.9993 -52.9959 
vt 14 -53 
vt 14.0007 -53 
vt 13.9993 -53 
vt 13.9993 -53.0041 
vt 14 -53.0043 
vt 14.0007 -53.0041 

usemtl Meshpart1Mtl

f 915/915/915 912/912/912 913/913/913 
f 912/912/912 915/915/915 916/916/916 
f 917/917/917 916/916/916 915/915/915 
f 918/918/918 912/912/912 916/916/916 
f 916/916/916 917/917/917 919/919/919 
f 922/922/922 916/916/916 919/919/919 
f 918/918/918 916/916/916 922/922/922 
f 922/922/922 919/919/919 923/923/923 
f 926/926/926 922/922/922 923/923/923 
f 927/927/927 918/918/918 922/922/922 
f 922/922/922 926/926/926 927/927/927 
f 928/928/928 927/927/927 926/926/926 
f 927/927/927 928/928/928 930/930/930 
f 918/918/918 927/927/927 931/931/931 
f 930/930/930 931/931/931 927/927/927 
f 931/931/931 930/930/930 932/932/932 
f 933/933/933 934/934/934 935/935/935 
f 934/934/934 933/933/933 936/936/936 
f 934/934/934 937/937/937 935/935/935 
f 937/937/937 934/934/934 938/938/938 
f 943/943/943 941/941/941 940/940/940 
f 940/940/940 944/944/944 943/943/943 
f 940/940/940 945/945/945 944/944/944 
f 945/945/945 940/940/940 948/948/948 
f 953/953/953 955/955/955 952/952/952 
f 955/955/955 953/953/953 956/956/956 
f 957/957/957 953/953/953 950/950/950 
f 953/953/953 957/957/957 956/956/956 
f 958/958/958 955/955/955 956/956/956 
f 957/957/957 958/958/958 956/956/956 
f 955/955/955 958/958/958 959/959/959 
f 958/958/958 957/957/957 963/963/963 
f 964/964/964 967/967/967 966/966/966 
f 967/967/967 964/964/964 969/969/969 
f 969/969/969 970/970/970 967/967/967 
f 971/971/971 969/969/969 964/964/964 
f 970/970/970 969/969/969 972/972/972 
f 982/982/982 983/983/983 984/984/984 
f 982/982/982 984/984/984 985/985/985 
f 985/985/985 971/971/971 982/982/982 
f 985/985/985 984/984/984 979/979/979 
f 971/971/971 985/985/985 986/986/986 
f 969/969/969 971/971/971 986/986/986 
f 986/986/986 972/972/972 969/969/969 
f 972/972/972 986/986/986 976/976/976 
f 987/987/987 986/986/986 985/985/985 
f 985/985/985 979/979/979 987/987/987 
f 986/986/986 987/987/987 976/976/976 
f 995/995/995 990/990/990 991/991/991 
f 993/993/993 995/995/995 994/994/994 
f 990/990/990 995/995/995 996/996/996 
f 995/995/995 993/993/993 996/996/996 
f 998/998/998 999/999/999 1000/1000/1000 
f 1000/1000/1000 1001/1001/1001 998/998/998 
f 1000/1000/1000 1002/1002/1002 1001/1001/1001 
f 1002/1002/1002 1000/1000/1000 1003/1003/1003 
f 1007/1007/1007 1004/1004/1004 1005/1005/1005 
f 1007/1007/1007 1005/1005/1005 1006/1006/1006 
f 1004/1004/1004 1007/1007/1007 1008/1008/1008 
f 1006/1006/1006 1009/1009/1009 1007/1007/1007 
f 1010/1010/1010 1007/1007/1007 1009/1009/1009 
f 1007/1007/1007 1010/1010/1010 1011/1011/1011 
f 1007/1007/1007 1011/1011/1011 1012/1012/1012 
f 1012/1012/1012 1008/1008/1008 1007/1007/1007 

