# This file is brought to you by Roblox Corporation
# Generated by Roblox Studio

mtllib Shotgun.mtl

g Meshpart1

v -189.033 6.25536 -1.51493 
v -189.033 6.25536 -1.3191 
v -188.923 6.30087 -1.51493 
v -189.048 6.27082 -1.27535 
v -188.923 6.32273 -1.27535 
v -188.923 6.30087 -1.3191 
v -188.813 6.25536 -1.51493 
v -188.813 6.25536 -1.3191 
v -188.797 6.27082 -1.27535 
v -188.923 6.32273 -1.24179 
v -188.797 6.27082 -1.27535 
v -188.923 6.32273 -1.27535 
v -188.797 6.27082 -1.24179 
v -189.048 6.27082 -1.24179 
v -189.048 6.27082 -1.27535 
v -188.923 5.96828 -1.27535 
v -188.813 6.25536 -1.51493 
v -188.813 6.25536 -1.3191 
v -188.797 6.27082 -1.27535 
v -188.767 6.14551 -1.51493 
v -188.746 6.14551 -1.27535 
v -188.767 6.14551 -1.3191 
v -188.813 6.03565 -1.51493 
v -188.813 6.03565 -1.3191 
v -188.797 6.02019 -1.27535 
v -188.797 6.27082 -1.27535 
v -188.797 6.27082 -1.24179 
v -188.746 6.14551 -1.27535 
v -188.746 6.14551 -1.24179 
v -188.797 6.02019 -1.27535 
v -188.797 6.02019 -1.24179 
v -189.048 6.02019 -1.24179 
v -188.797 6.02019 -1.24179 
v -189.1 6.14551 -1.24179 
v -188.923 5.96828 -1.24179 
v -188.746 6.14551 -1.24179 
v -188.797 6.27082 -1.24179 
v -189.048 6.27082 -1.24179 
v -188.923 6.32273 -1.24179 
v -189.033 6.03565 -1.51493 
v -189.033 6.03565 -1.3191 
v -189.048 6.02019 -1.27535 
v -188.923 5.96828 -1.27535 
v -188.813 6.03565 -1.51493 
v -188.813 6.03565 -1.3191 
v -188.797 6.02019 -1.27535 
v -188.923 5.99015 -1.51493 
v -188.923 5.99015 -1.3191 
v -188.746 6.14551 -1.24179 
v -188.797 6.02019 -1.27535 
v -188.797 6.02019 -1.24179 
v -189.048 6.02019 -1.24179 
v -188.923 5.96828 -1.27535 
v -189.048 6.02019 -1.27535 
v -188.923 5.96828 -1.24179 
v -189.033 6.03565 -1.51493 
v -189.033 6.03565 -1.3191 
v -189.078 6.14551 -1.51493 
v -189.078 6.14551 -1.3191 
v -189.033 6.25536 -1.51493 
v -189.033 6.25536 -1.3191 
v -189.1 6.14551 -1.27535 
v -189.048 6.02019 -1.27535 
v -189.048 6.27082 -1.27535 
v -188.923 5.96828 -1.27535 
v -189.048 6.27082 -1.24179 
v -189.048 6.27082 -1.27535 
v -189.1 6.14551 -1.24179 
v -189.1 6.14551 -1.27535 
v -189.048 6.02019 -1.24179 
v -188.923 5.96828 -1.27535 
v -189.048 6.02019 -1.27535 

vn -0.708661 0.708661 0 
vn -0.685039 0.685039 -0.244094 
vn 0 1 0 
vn -0.629921 0.629921 -0.448819 
vn 0 0.897638 -0.448819 
vn 0 0.968504 -0.244094 
vn 0.708661 0.708661 0 
vn 0.685039 0.685039 -0.244094 
vn 0.629921 0.629921 -0.448819 
vn 0 1 0 
vn 0.708661 0.708661 0 
vn 0 1 0 
vn 0.708661 0.708661 0 
vn -0.708661 0.708661 0 
vn -0.708661 0.708661 0 
vn 0 -0.897638 -0.448819 
vn 0.708661 0.708661 0 
vn 0.685039 0.685039 -0.244094 
vn 0.629921 0.629921 -0.448819 
vn 1 0 0 
vn 0.897638 0 -0.448819 
vn 0.968504 0 -0.244094 
vn 0.708661 -0.708661 0 
vn 0.685039 -0.685039 -0.244094 
vn 0.629921 -0.629921 -0.448819 
vn 0.708661 0.708661 0 
vn 0.708661 0.708661 0 
vn 1 0 0 
vn 1 0 0 
vn 0.708661 -0.708661 0 
vn 0.708661 -0.708661 0 
vn 0 0 1 
vn 0 0 1 
vn 0 0 1 
vn 0 0 1 
vn 0 0 1 
vn 0 0 1 
vn 0 0 1 
vn 0 0 1 
vn -0.708661 -0.708661 0 
vn -0.685039 -0.685039 -0.244094 
vn -0.629921 -0.629921 -0.448819 
vn 0 -0.897638 -0.448819 
vn 0.708661 -0.708661 0 
vn 0.685039 -0.685039 -0.244094 
vn 0.629921 -0.629921 -0.448819 
vn 0 -1 0 
vn 0 -0.968504 -0.244094 
vn 1 0 0 
vn 0.708661 -0.708661 0 
vn 0.708661 -0.708661 0 
vn -0.708661 -0.708661 0 
vn 0 -1 0 
vn -0.708661 -0.708661 0 
vn 0 -1 0 
vn -0.708661 -0.708661 0 
vn -0.685039 -0.685039 -0.244094 
vn -1 0 0 
vn -0.968504 0 -0.244094 
vn -0.708661 0.708661 0 
vn -0.685039 0.685039 -0.244094 
vn -0.897638 0 -0.448819 
vn -0.629921 -0.629921 -0.448819 
vn -0.629921 0.629921 -0.448819 
vn 0 -0.897638 -0.448819 
vn -0.708661 0.708661 0 
vn -0.708661 0.708661 0 
vn -1 0 0 
vn -1 0 0 
vn -0.708661 -0.708661 0 
vn 0 -1 0 
vn -0.708661 -0.708661 0 

vt 29.9829 -37.0137 
vt 30.0074 -37.0137 
vt 29.9829 -37 
vt 30.0129 -37.0157 
vt 30.0129 -37 
vt 30.0074 -37 
vt 29.9829 -36.9863 
vt 30.0074 -36.9863 
vt 30.0129 -36.9843 
vt 30.0171 -37 
vt 30.0129 -36.9843 
vt 30.0129 -37 
vt 30.0171 -36.9843 
vt 30.0171 -37.0157 
vt 30.0129 -37.0157 
vt 29.9871 -37.0222 
vt 30.0171 -36.9863 
vt 29.9926 -36.9863 
vt 29.9871 -36.9843 
vt 30.0171 -37 
vt 29.9871 -37 
vt 29.9926 -37 
vt 30.0171 -37.0137 
vt 29.9926 -37.0137 
vt 29.9871 -37.0157 
vt 29.9871 -36.9843 
vt 29.9829 -36.9843 
vt 29.9871 -37 
vt 29.9829 -37 
vt 29.9871 -37.0157 
vt 29.9829 -37.0157 
vt 29.9843 -37.0157 
vt 30.0157 -37.0157 
vt 29.9778 -37 
vt 30 -37.0222 
vt 30.0222 -37 
vt 30.0157 -36.9843 
vt 29.9843 -36.9843 
vt 30 -36.9778 
vt 30.0171 -37.0137 
vt 29.9926 -37.0137 
vt 29.9871 -37.0157 
vt 29.9871 -37 
vt 30.0171 -36.9863 
vt 29.9926 -36.9863 
vt 29.9871 -36.9843 
vt 30.0171 -37 
vt 29.9926 -37 
vt 29.9829 -36.9778 
vt 29.9871 -36.9843 
vt 29.9829 -36.9843 
vt 29.9829 -37.0157 
vt 29.9871 -37 
vt 29.9871 -37.0157 
vt 29.9829 -37 
vt 29.9829 -37.0137 
vt 30.0074 -37.0137 
vt 29.9829 -37 
vt 30.0074 -37 
vt 29.9829 -36.9863 
vt 30.0074 -36.9863 
vt 30.0129 -37 
vt 30.0129 -37.0157 
vt 30.0129 -36.9843 
vt 30.0129 -37.0222 
vt 30.0171 -36.9843 
vt 30.0129 -36.9843 
vt 30.0171 -37 
vt 30.0129 -37 
vt 30.0171 -37.0157 
vt 30.0129 -37.0222 
vt 30.0129 -37.0157 

usemtl Meshpart1Mtl

f 2/2/2 3/3/3 1/1/1 
f 5/5/5 2/2/2 4/4/4 
f 3/3/3 2/2/2 6/6/6 
f 2/2/2 5/5/5 6/6/6 
f 6/6/6 7/7/7 3/3/3 
f 5/5/5 8/8/8 6/6/6 
f 7/7/7 6/6/6 8/8/8 
f 5/5/5 9/9/9 8/8/8 
f 10/10/10 11/11/11 12/12/12 
f 11/11/11 10/10/10 13/13/13 
f 12/12/12 14/14/14 10/10/10 
f 14/14/14 12/12/12 15/15/15 
f 17/17/17 18/18/18 20/20/20 
f 21/21/21 18/18/18 19/19/19 
f 22/22/22 20/20/20 18/18/18 
f 18/18/18 21/21/21 22/22/22 
f 20/20/20 22/22/22 23/23/23 
f 24/24/24 22/22/22 21/21/21 
f 24/24/24 23/23/23 22/22/22 
f 21/21/21 25/25/25 24/24/24 
f 28/28/28 26/26/26 27/27/27 
f 27/27/27 29/29/29 28/28/28 
f 30/30/30 28/28/28 29/29/29 
f 29/29/29 31/31/31 30/30/30 
f 32/32/32 33/33/33 34/34/34 
f 33/33/33 32/32/32 35/35/35 
f 36/36/36 34/34/34 33/33/33 
f 34/34/34 36/36/36 37/37/37 
f 37/37/37 38/38/38 34/34/34 
f 38/38/38 37/37/37 39/39/39 
f 43/43/43 42/42/42 41/41/41 
f 43/43/43 45/45/45 46/46/46 
f 44/44/44 45/45/45 47/47/47 
f 45/45/45 43/43/43 48/48/48 
f 48/48/48 47/47/47 45/45/45 
f 41/41/41 48/48/48 43/43/43 
f 47/47/47 48/48/48 40/40/40 
f 41/41/41 40/40/40 48/48/48 
f 53/53/53 50/50/50 51/51/51 
f 51/51/51 55/55/55 53/53/53 
f 55/55/55 52/52/52 54/54/54 
f 54/54/54 53/53/53 55/55/55 
f 56/56/56 57/57/57 58/58/58 
f 59/59/59 58/58/58 57/57/57 
f 58/58/58 59/59/59 60/60/60 
f 61/61/61 60/60/60 59/59/59 
f 57/57/57 62/62/62 59/59/59 
f 61/61/61 59/59/59 62/62/62 
f 62/62/62 57/57/57 63/63/63 
f 62/62/62 64/64/64 61/61/61 
f 68/68/68 66/66/66 67/67/67 
f 67/67/67 69/69/69 68/68/68 
f 70/70/70 68/68/68 69/69/69 
f 69/69/69 72/72/72 70/70/70 

g Meshpart2

v -188.923 5.99015 -1.99227 
v -189.078 6.14551 -1.99227 
v -188.813 6.03565 -1.99227 
v -189.033 6.03565 -1.99227 
v -188.813 6.25536 -1.99227 
v -188.767 6.14551 -1.99227 
v -188.923 6.30087 -1.99227 
v -189.033 6.25536 -1.99227 
v -188.813 6.25536 -1.99227 
v -188.813 6.25536 -1.5142 
v -188.923 6.30087 -1.99227 
v -188.923 6.30087 -1.5142 
v -189.033 6.25536 -1.99227 
v -189.033 6.25536 -1.5142 
v -188.813 6.03565 -1.5142 
v -188.813 6.03565 -1.99227 
v -188.767 6.14551 -1.99227 
v -188.767 6.14551 -1.5142 
v -188.813 6.25536 -1.99227 
v -188.813 6.25536 -1.5142 
v -188.813 6.03565 -1.5142 
v -188.813 6.03565 -1.99227 
v -188.923 5.99015 -1.5142 
v -188.923 5.99015 -1.99227 
v -189.033 6.03565 -1.5142 
v -189.033 6.03565 -1.99227 
v -189.033 6.03565 -1.5142 
v -189.033 6.03565 -1.99227 
v -189.078 6.14551 -1.5142 
v -189.078 6.14551 -1.99227 
v -189.033 6.25536 -1.99227 
v -189.033 6.25536 -1.5142 

vn 0 0 -1 
vn 0 0 -1 
vn 0 0 -1 
vn 0 0 -1 
vn 0 0 -1 
vn 0 0 -1 
vn 0 0 -1 
vn 0 0 -1 
vn 0.708661 0.708661 0 
vn 0.708661 0.708661 0 
vn 0 1 0 
vn 0 1 0 
vn -0.708661 0.708661 0 
vn -0.708661 0.708661 0 
vn 0.708661 -0.708661 0 
vn 0.708661 -0.708661 0 
vn 1 0 0 
vn 1 0 0 
vn 0.708661 0.708661 0 
vn 0.708661 0.708661 0 
vn 0.708661 -0.708661 0 
vn 0.708661 -0.708661 0 
vn 0 -1 0 
vn 0 -1 0 
vn -0.708661 -0.708661 0 
vn -0.708661 -0.708661 0 
vn -0.708661 -0.708661 0 
vn -0.708661 -0.708661 0 
vn -1 0 0 
vn -1 0 0 
vn -0.708661 0.708661 0 
vn -0.708661 0.708661 0 

vt 10 -53.0194 
vt 10.0194 -53 
vt 9.98627 -53.0137 
vt 10.0137 -53.0137 
vt 9.98627 -52.9863 
vt 9.98058 -53 
vt 10 -52.9806 
vt 10.0137 -52.9863 
vt 9.97012 -52.9863 
vt 10.0299 -52.9863 
vt 9.97012 -53 
vt 10.0299 -53 
vt 9.97012 -53.0137 
vt 10.0299 -53.0137 
vt 9.97012 -53.0137 
vt 10.0299 -53.0137 
vt 10.0299 -53 
vt 9.97012 -53 
vt 10.0299 -52.9863 
vt 9.97012 -52.9863 
vt 9.97012 -52.9863 
vt 10.0299 -52.9863 
vt 9.97012 -53 
vt 10.0299 -53 
vt 9.97012 -53.0137 
vt 10.0299 -53.0137 
vt 10.0299 -53.0137 
vt 9.97012 -53.0137 
vt 10.0299 -53 
vt 9.97012 -53 
vt 9.97012 -52.9863 
vt 10.0299 -52.9863 

usemtl Meshpart2Mtl

f 73/73/73 74/74/74 75/75/75 
f 74/74/74 73/73/73 76/76/76 
f 77/77/77 75/75/75 74/74/74 
f 75/75/75 77/77/77 78/78/78 
f 77/77/77 74/74/74 79/79/79 
f 79/79/79 74/74/74 80/80/80 
f 83/83/83 82/82/82 81/81/81 
f 83/83/83 84/84/84 82/82/82 
f 85/85/85 84/84/84 83/83/83 
f 85/85/85 86/86/86 84/84/84 
f 87/87/87 88/88/88 89/89/89 
f 87/87/87 89/89/89 90/90/90 
f 90/90/90 89/89/89 91/91/91 
f 90/90/90 91/91/91 92/92/92 
f 95/95/95 94/94/94 93/93/93 
f 95/95/95 96/96/96 94/94/94 
f 97/97/97 96/96/96 95/95/95 
f 97/97/97 98/98/98 96/96/96 
f 101/101/101 100/100/100 99/99/99 
f 101/101/101 102/102/102 100/100/100 
f 104/104/104 102/102/102 101/101/101 
f 104/104/104 103/103/103 102/102/102 

g Meshpart3

v -190.123 5.69655 -4.33518 
v -189.775 5.69655 -4.33518 
v -189.949 5.60252 -4.33518 
v -189.703 5.92357 -4.33518 
v -190.195 5.92357 -4.33518 
v -190.116 6.19115 -4.33518 
v -189.782 6.19115 -4.33518 
v -189.818 6.32596 -2.04421 
v -189.721 6.05793 -2.04421 
v -189.79 6.05061 -2.04421 
v -189.749 6.33327 -2.04421 
v -189.725 5.96655 -2.04421 
v -189.795 5.95923 -2.04421 
v -189.818 6.32596 -2.04421 
v -189.818 6.32596 -1.18813 
v -189.749 6.33327 -1.18813 
v -189.749 6.33327 -2.04421 
v -189.749 6.33327 -2.04421 
v -189.749 6.33327 -1.18813 
v -189.721 6.05793 -2.04421 
v -189.721 6.05793 -1.18813 
v -189.725 5.96655 -2.04421 
v -189.725 5.96655 -1.18813 
v -189.775 5.69655 -3.22046 
v -189.775 5.69655 -4.33518 
v -189.703 5.92357 -4.33518 
v -189.703 5.92357 -3.22046 
v -189.782 6.19115 -4.33518 
v -189.782 6.19115 -3.22046 
v -189.818 6.32596 -1.18813 
v -189.79 6.05061 -1.18813 
v -189.721 6.05793 -1.18813 
v -189.749 6.33327 -1.18813 
v -189.725 5.96655 -1.18813 
v -189.795 5.95923 -1.18813 
v -190.195 5.92357 -3.22046 
v -189.703 5.92357 -3.22046 
v -190.116 6.19115 -3.22046 
v -189.782 6.19115 -3.22046 
v -190.123 5.69655 -3.22046 
v -189.775 5.69655 -3.22046 
v -189.949 5.60252 -3.22046 
v -189.775 5.69655 -3.22046 
v -189.775 5.69655 -4.33518 
v -189.949 5.60252 -4.33518 
v -189.949 5.60252 -3.22046 
v -190.123 5.69655 -3.22046 
v -190.123 5.69655 -4.33518 
v -189.795 5.95923 -1.18813 
v -189.795 5.95923 -2.04421 
v -189.725 5.96655 -2.04421 
v -189.725 5.96655 -1.18813 
v -190.123 5.69655 -3.22046 
v -190.123 5.69655 -4.33518 
v -190.195 5.92357 -3.22046 
v -190.195 5.92357 -4.33518 
v -190.116 6.19115 -4.33518 
v -190.116 6.19115 -3.22046 
v -189.818 6.32596 -2.04421 
v -189.79 6.05061 -1.18813 
v -189.818 6.32596 -1.18813 
v -189.79 6.05061 -2.04421 
v -189.795 5.95923 -1.18813 
v -189.795 5.95923 -2.04421 

vn 0 0 -1 
vn 0 0 -1 
vn 0 0 -1 
vn 0 0 -1 
vn 0 0 -1 
vn 0 0 -1 
vn 0 0 -1 
vn 0 0 -1 
vn 0 0 -1 
vn 0 0 -1 
vn 0 0 -1 
vn 0 0 -1 
vn 0 0 -1 
vn -0.102362 0.992126 0 
vn -0.102362 0.992126 0 
vn -0.102362 0.992126 0 
vn -0.102362 0.992126 0 
vn 0.992126 0.102362 0 
vn 0.992126 0.102362 0 
vn 1 0.023622 0 
vn 1 0.023622 0 
vn 1 -0.0551181 0 
vn 1 -0.0551181 0 
vn 0.771654 -0.637795 0 
vn 0.771654 -0.637795 0 
vn 1 -0.00787402 0 
vn 1 -0.00787402 0 
vn 0.96063 0.283465 0 
vn 0.96063 0.283465 0 
vn 0 0 1 
vn 0 0 1 
vn 0 0 1 
vn 0 0 1 
vn 0 0 1 
vn 0 0 1 
vn 0 0 1 
vn 0 0 1 
vn 0 0 1 
vn 0 0 1 
vn 0 0 1 
vn 0 0 1 
vn 0 0 1 
vn 0.771654 -0.637795 0 
vn 0.771654 -0.637795 0 
vn 0 -1 0 
vn 0 -1 0 
vn -0.771654 -0.637795 0 
vn -0.771654 -0.637795 0 
vn 0.102362 -0.992126 0 
vn 0.102362 -0.992126 0 
vn 0.102362 -0.992126 0 
vn 0.102362 -0.992126 0 
vn -0.771654 -0.637795 0 
vn -0.771654 -0.637795 0 
vn -1 -0.00787402 0 
vn -1 -0.00787402 0 
vn -0.96063 0.283465 0 
vn -0.96063 0.283465 0 
vn -0.992126 -0.102362 0 
vn -1 -0.023622 0 
vn -0.992126 -0.102362 0 
vn -1 -0.023622 0 
vn -1 0.0551181 0 
vn -1 0.0551181 0 

vt 0.0217289 -61.0339 
vt -0.0217289 -61.0339 
vt -1.24797e-07 -61.0457 
vt -0.0307291 -61.0055 
vt 0.0307291 -61.0055 
vt 0.0208446 -60.9721 
vt -0.0208446 -60.9721 
vt -0.0163456 -60.9552 
vt -0.0285729 -60.9887 
vt -0.0198804 -60.9897 
vt -0.0250381 -60.9543 
vt -0.0279706 -61.0002 
vt -0.0192779 -61.0011 
vt 0.0896805 -60.9837 
vt 0.196691 -60.9837 
vt 0.196691 -60.975 
vt 0.0896805 -60.975 
vt -0.0896805 -60.9543 
vt -0.196691 -60.9543 
vt -0.0896805 -60.9887 
vt -0.196691 -60.9887 
vt -0.0896805 -61.0002 
vt -0.196691 -61.0002 
vt 0.0573505 -61.0339 
vt 0.196691 -61.0339 
vt 0.196691 -61.0055 
vt 0.0573505 -61.0055 
vt 0.196691 -60.9721 
vt 0.0573505 -60.9721 
vt 0.0163456 -60.9552 
vt 0.0198804 -60.9897 
vt 0.0285729 -60.9887 
vt 0.0250381 -60.9543 
vt 0.0279706 -61.0002 
vt 0.0192779 -61.0011 
vt -0.0307291 -61.0055 
vt 0.0307291 -61.0055 
vt -0.0208446 -60.9721 
vt 0.0208446 -60.9721 
vt -0.0217289 -61.0339 
vt 0.0217289 -61.0339 
vt 1.24797e-07 -61.0457 
vt 0.0573505 -60.9783 
vt 0.196691 -60.9783 
vt 0.196691 -61 
vt 0.0573505 -61 
vt 0.0573505 -61.0217 
vt 0.196691 -61.0217 
vt -0.196691 -60.9807 
vt -0.0896805 -60.9807 
vt -0.0896805 -60.972 
vt -0.196691 -60.972 
vt -0.0573505 -61.0339 
vt -0.196691 -61.0339 
vt -0.0573505 -61.0055 
vt -0.196691 -61.0055 
vt -0.196691 -60.9721 
vt -0.0573505 -60.9721 
vt 0.0896805 -60.9552 
vt 0.196691 -60.9897 
vt 0.196691 -60.9552 
vt 0.0896805 -60.9897 
vt 0.196691 -61.0011 
vt 0.0896805 -61.0011 

usemtl Meshpart3Mtl

f 105/105/105 106/106/106 107/107/107 
f 105/105/105 108/108/108 106/106/106 
f 108/108/108 105/105/105 109/109/109 
f 110/110/110 108/108/108 109/109/109 
f 108/108/108 110/110/110 111/111/111 
f 112/112/112 113/113/113 114/114/114 
f 113/113/113 112/112/112 115/115/115 
f 116/116/116 114/114/114 113/113/113 
f 114/114/114 116/116/116 117/117/117 
f 118/118/118 119/119/119 120/120/120 
f 118/118/118 120/120/120 121/121/121 
f 122/122/122 123/123/123 124/124/124 
f 125/125/125 124/124/124 123/123/123 
f 124/124/124 125/125/125 126/126/126 
f 127/127/127 126/126/126 125/125/125 
f 128/128/128 129/129/129 130/130/130 
f 128/128/128 130/130/130 131/131/131 
f 131/131/131 130/130/130 132/132/132 
f 131/131/131 132/132/132 133/133/133 
f 134/134/134 135/135/135 136/136/136 
f 134/134/134 136/136/136 137/137/137 
f 135/135/135 138/138/138 136/136/136 
f 135/135/135 139/139/139 138/138/138 
f 140/140/140 141/141/141 142/142/142 
f 142/142/142 141/141/141 143/143/143 
f 141/141/141 140/140/140 144/144/144 
f 144/144/144 145/145/145 141/141/141 
f 145/145/145 144/144/144 146/146/146 
f 147/147/147 149/149/149 148/148/148 
f 149/149/149 147/147/147 150/150/150 
f 151/151/151 149/149/149 150/150/150 
f 151/151/151 152/152/152 149/149/149 
f 153/153/153 154/154/154 155/155/155 
f 153/153/153 155/155/155 156/156/156 
f 159/159/159 158/158/158 157/157/157 
f 159/159/159 160/160/160 158/158/158 
f 159/159/159 161/161/161 160/160/160 
f 161/161/161 159/159/159 162/162/162 
f 163/163/163 164/164/164 165/165/165 
f 164/164/164 163/163/163 166/166/166 
f 166/166/166 167/167/167 164/164/164 
f 167/167/167 166/166/166 168/168/168 

g Meshpart4

v -189.605 5.78454 1.83675 
v -190.193 6.07557 1.88806 
v -190.243 4.99104 1.69683 
v -189.655 4.99104 1.69683 
v -189.742 5.85804 -4.57277 
v -190.096 6.00449 -4.57277 
v -189.803 6.00449 -4.57277 
v -190.096 5.71159 -4.57277 
v -190.156 5.85804 -4.57277 
v -189.803 5.71159 -4.57277 
v -189.949 5.65093 -4.57277 
v -189.803 6.13955 -4.57277 
v -190.096 6.00449 -4.57277 
v -190.096 6.13955 -4.57277 
v -189.803 6.00449 -4.57277 
v -189.711 6.23896 -4.57277 
v -189.781 6.07052 -4.57277 
v -189.781 6.4074 -4.57277 
v -189.949 6.00074 -4.57277 
v -190.118 6.07052 -4.57277 
v -190.187 6.23896 -4.57277 
v -190.118 6.40741 -4.57277 
v -189.949 6.47718 -4.57277 
v -189.942 6.58848 -4.5589 
v -190.036 6.43519 -4.5589 
v -189.956 6.58848 -4.5589 
v -189.863 6.43519 -4.5589 
v -190.357 6.25743 -0.778856 
v -190.098 6.5226 -2.28152 
v -189.799 6.5226 -2.28152 
v -190.098 6.39496 -2.28152 
v -189.799 6.39496 -2.28152 
v -190.133 6.25743 -2.25738 
v -190.357 5.84791 -2.25738 
v -190.357 6.25743 -2.25738 
v -190.133 5.84791 -2.25738 
v -189.887 6.60301 -1.06584 
v -190.357 5.84791 -1.14377 
v -190.357 6.25743 -1.14377 
v -190.21 5.84791 -0.997314 
v -189.956 6.58848 -4.42434 
v -189.706 5.00897 1.30687 
v -189.655 5.05827 1.31556 
v -190.193 5.00897 1.30687 
v -190.243 5.05827 1.31556 
v -190.293 5.85176 1.45548 
v -190.243 5.70625 1.42982 
v -190.193 6.1428 1.50679 
v -189.949 6.26335 1.52805 
v -189.706 6.1428 1.50679 
v -189.605 5.85176 1.45548 
v -189.655 5.70625 1.42982 
v -189.782 6.55133 -1.06584 
v -190.253 6.25743 -1.9331 
v -190.253 5.84791 -1.9331 
v -190.357 6.25743 -1.89021 
v -190.357 5.84791 -1.89021 
v -189.949 5.65093 -4.29898 
v -190.253 6.25743 -1.44783 
v -189.869 6.10582 -2.32813 
v -190.253 5.84791 -1.24071 
v -190.357 5.84791 -0.850862 
v -190.253 6.25743 -1.24071 
v -190.029 5.86637 -2.32813 
v -190.357 6.25743 -1.89021 
v -190.357 5.84791 -1.89021 
v -190.357 6.25743 -1.89044 
v -190.357 5.84791 -1.89044 
v -190.253 6.25743 -1.58767 
v -190.253 5.84791 -1.58767 
v -190.357 6.25743 -1.54477 
v -190.357 5.84791 -1.54477 
v -190.357 6.25743 -1.545 
v -190.357 5.84791 -1.545 
v -190.029 6.10582 -4.38019 
v -190.253 6.25743 -1.24071 
v -190.253 5.84791 -1.24071 
v -190.357 6.25743 -1.19782 
v -190.357 5.84791 -1.19782 
v -190.357 6.25743 -1.19805 
v -190.357 5.84791 -1.19805 
v -190.253 6.25743 -0.893756 
v -190.253 5.84791 -0.893756 
v -190.357 6.25743 -0.850862 
v -190.357 5.84791 -0.850862 
v -190.357 6.25743 -0.851092 
v -190.357 5.84791 -0.851092 
v -190.117 6.42912 -1.06584 
v -189.97 6.55133 -1.06584 
v -189.928 6.55133 -1.06584 
v -190.117 6.55133 -1.06584 
v -190.012 6.60301 -1.06584 
v -190.077 6.60301 -1.06584 
v -189.782 6.42912 -1.06584 
v -189.782 6.55133 -1.06584 
v -189.887 6.60301 -1.06584 
v -189.821 6.60301 -1.06584 
v -190.293 5.85176 1.45548 
v -189.706 6.1428 1.50679 
v -189.605 5.85176 1.45548 
v -190.193 6.1428 1.50679 
v -189.949 6.26335 1.52805 
v -190.243 5.70625 1.42982 
v -189.655 5.70625 1.42982 
v -190.243 5.70625 1.42982 
v -189.655 5.70625 1.42982 
v -190.243 5.05827 1.31556 
v -189.655 5.05827 1.31556 
v -190.243 5.05827 1.31556 
v -189.949 4.96813 1.29967 
v -190.193 5.00897 1.30687 
v -189.655 5.05827 1.31556 
v -189.706 5.00897 1.30687 
v -190.193 6.07557 1.88806 
v -189.706 6.07557 1.88806 
v -189.949 6.19612 1.90932 
v -190.243 4.99104 1.69683 
v -189.655 4.99104 1.69683 
v -190.036 6.43519 -4.5589 
v -189.863 6.43519 -4.5589 
v -190.098 6.5226 -0.53549 
v -189.799 6.5226 -0.53549 
v -189.821 6.60301 -0.655788 
v -190.012 6.60301 -0.655788 
v -190.077 6.60301 -0.655788 
v -190.357 6.25743 -0.778856 
v -190.133 6.25743 -0.778856 
v -190.098 6.5226 -2.28152 
v -189.799 6.5226 -2.28152 
v -190.133 6.25743 -2.25738 
v -190.357 6.25743 -2.25738 
v -190.077 6.60301 -1.06584 
v -190.077 6.60301 -0.655788 
v -190.012 6.60301 -0.655788 
v -190.012 6.60301 -1.06584 
v -189.887 6.60301 -1.06584 
v -189.887 6.60301 -0.655788 
v -189.821 6.60301 -0.655788 
v -189.821 6.60301 -1.06584 
v -190.357 5.84791 -1.14377 
v -190.357 6.25743 -1.14377 
v -190.21 6.25743 -0.997314 
v -189.956 6.58848 -4.5589 
v -189.956 6.58848 -4.42434 
v -189.942 6.58848 -4.42434 
v -189.942 6.58848 -4.5589 
v -189.706 5.00897 1.30687 
v -189.949 4.96813 1.29967 
v -190.193 5.00897 1.30687 
v -190.193 6.07557 1.88806 
v -190.193 6.1428 1.50679 
v -189.949 6.26335 1.52805 
v -189.949 6.19612 1.90932 
v -189.706 6.07557 1.88806 
v -189.706 6.1428 1.50679 
v -189.97 6.55133 -1.06584 
v -189.97 6.55133 -0.655788 
v -189.928 6.55133 -0.655788 
v -189.928 6.55133 -1.06584 
v -190.098 6.5226 -2.28152 
v -190.098 6.5226 -0.53549 
v -189.799 6.5226 -0.53549 
v -189.799 6.5226 -2.28152 
v -189.863 6.43519 -4.30816 
v -190.21 6.25743 -2.03666 
v -190.357 6.25743 -1.89021 
v -189.803 6.00449 -4.29898 
v -189.793 6.30394 0.381526 
v -189.793 6.30394 -0.575048 
v -190.357 6.25743 -1.49072 
v -190.253 6.25743 -1.44783 
v -190.21 5.84791 -1.34427 
v -190.21 6.25743 -1.34427 
v -190.121 6.30394 -0.575048 
v -190.121 6.30394 0.381526 
v -189.793 6.30394 0.381526 
v -189.793 6.30394 -0.575048 
v -189.869 6.10582 -2.32813 
v -190.253 5.84791 -1.24071 
v -190.357 6.25743 -0.778856 
v -190.357 6.25743 -0.850862 
v -190.357 6.25743 -0.851092 
v -190.253 6.25743 -0.893756 
v -190.133 6.25743 -0.778856 
v -190.21 6.25743 -0.997314 
v -190.21 6.25743 -1.34427 
v -190.253 6.25743 -1.10087 
v -190.253 6.25743 -1.24071 
v -190.357 6.25743 -1.19782 
v -190.357 6.25743 -1.14377 
v -190.357 6.25743 -1.14354 
v -190.357 6.25743 -1.19805 
v -190.21 6.25743 -1.69123 
v -190.253 6.25743 -1.44783 
v -190.133 6.25743 -2.25738 
v -190.253 6.25743 -1.58767 
v -190.357 6.25743 -1.54477 
v -190.357 6.25743 -1.49072 
v -190.357 6.25743 -1.49049 
v -190.357 6.25743 -1.545 
v -190.21 6.25743 -2.03666 
v -190.253 6.25743 -1.79478 
v -190.253 6.25743 -2.14022 
v -190.253 6.25743 -1.9331 
v -190.357 6.25743 -2.25738 
v -190.357 6.25743 -2.18311 
v -190.357 6.25743 -2.18288 
v -190.357 6.25743 -1.89021 
v -190.357 6.25743 -1.83756 
v -190.357 6.25743 -1.89044 
v -190.036 6.43519 -4.30816 
v -190.118 6.40741 -4.29898 
v -190.118 6.40741 -4.57277 
v -189.949 6.47718 -4.29898 
v -189.781 6.4074 -4.57277 
v -189.949 6.47718 -4.57277 
v -189.781 6.4074 -4.29898 
v -190.029 6.10582 -4.38019 
v -190.029 6.10582 -2.32813 
v -189.869 6.10582 -2.32813 
v -189.869 6.10582 -4.38019 
v -189.605 5.78454 1.83675 
v -189.706 6.07557 1.88806 
v -189.655 4.99104 1.69683 
v -189.803 6.00449 -4.57277 
v -189.949 5.65093 -4.57277 
v -189.711 6.23896 -4.57277 
v -190.187 6.23896 -4.57277 
v -189.863 6.43519 -4.5589 
v -189.97 6.55133 -0.655788 
v -190.012 6.60301 -0.655788 
v -190.133 6.25743 -0.778856 
v -189.887 6.60301 -1.06584 
v -189.956 6.58848 -4.42434 
v -189.706 5.00897 1.30687 
v -189.655 4.99104 1.69683 
v -189.706 4.94174 1.68814 
v -189.655 5.05827 1.31556 
v -189.949 6.26335 1.52805 
v -189.706 6.07557 1.88806 
v -189.706 6.1428 1.50679 
v -189.605 5.85176 1.45548 
v -189.605 5.78454 1.83675 
v -189.655 5.05827 1.31556 
v -189.655 5.63902 1.81109 
v -189.655 4.99104 1.69683 
v -189.655 5.70625 1.42982 
v -189.97 6.55133 -0.655788 
v -189.97 6.55133 -1.06584 
v -190.012 6.60301 -1.06584 
v -190.012 6.60301 -0.655788 
v -189.782 6.55133 -1.06584 
v -189.782 6.55133 -0.655788 
v -189.782 6.42912 -1.06584 
v -189.782 6.42912 -0.655788 
v -189.821 6.60301 -1.06584 
v -189.821 6.60301 -0.655788 
v -189.863 6.43519 -4.30816 
v -189.863 6.43519 -4.5589 
v -189.942 6.58848 -4.42434 
v -189.942 6.58848 -4.5589 
v -189.655 5.63902 1.81109 
v -189.655 5.70625 1.42982 
v -189.605 5.85176 1.45548 
v -189.605 5.78454 1.83675 
v -190.121 5.74893 0.381526 
v -189.793 5.74893 -0.575048 
v -189.793 5.74893 0.381526 
v -189.949 5.65093 -4.29898 
v -189.803 5.71159 -4.57277 
v -189.803 5.71159 -4.29898 
v -189.742 5.85804 -4.57277 
v -189.742 5.85804 -4.29898 
v -189.803 6.00449 -4.57277 
v -189.803 6.00449 -4.29898 
v -189.803 6.13955 -4.57277 
v -189.803 6.13955 -4.29898 
v -189.793 5.74893 0.381526 
v -189.793 5.74893 -0.575048 
v -189.793 6.30394 0.381526 
v -189.793 6.30394 -0.575048 
v -189.799 6.5226 -2.28152 
v -189.799 6.5226 -0.53549 
v -189.799 6.39496 -2.28152 
v -189.799 6.39496 -0.53549 
v -190.253 6.25743 -1.44783 
v -190.21 5.84791 -1.34427 
v -190.21 6.25743 -1.34427 
v -189.869 6.10582 -4.38019 
v -189.869 6.10582 -2.32813 
v -189.869 5.86637 -4.38019 
v -189.869 5.86637 -2.32813 
v -190.253 5.84791 -1.24071 
v -190.253 6.25743 -1.24071 
v -190.029 5.86637 -2.32813 
v -189.781 6.07052 -4.57277 
v -189.781 6.07052 -4.29898 
v -189.711 6.23896 -4.57277 
v -189.711 6.23896 -4.29898 
v -189.781 6.4074 -4.57277 
v -189.781 6.4074 -4.29898 
v -189.605 5.78454 1.83675 
v -190.193 6.07557 1.88806 
v -190.293 5.78454 1.83675 
v -190.243 5.63902 1.81109 
v -189.706 6.07557 1.88806 
v -189.949 6.19612 1.90932 
v -189.655 5.63902 1.81109 
v -190.243 4.99104 1.69683 
v -189.655 4.99104 1.69683 
v -189.949 4.9009 1.68094 
v -189.706 4.94174 1.68814 
v -190.193 4.94174 1.68814 
v -189.742 5.85804 -4.57277 
v -189.711 6.23896 -4.57277 
v -190.098 6.39496 -0.53549 
v -189.799 6.39496 -0.53549 
v -190.098 6.5226 -0.53549 
v -189.799 6.5226 -0.53549 
v -189.928 6.55133 -0.655788 
v -189.782 6.42912 -0.655788 
v -189.782 6.55133 -0.655788 
v -190.117 6.42912 -0.655788 
v -189.887 6.60301 -0.655788 
v -189.821 6.60301 -0.655788 
v -189.97 6.55133 -0.655788 
v -190.117 6.55133 -0.655788 
v -190.012 6.60301 -0.655788 
v -190.077 6.60301 -0.655788 
v -190.357 6.25743 -0.778856 
v -190.357 5.84791 -0.778856 
v -190.133 5.84791 -0.778856 
v -190.133 6.25743 -0.778856 
v -190.133 6.25743 -2.25738 
v -190.357 5.84791 -2.25738 
v -190.357 6.25743 -2.25738 
v -190.133 5.84791 -2.25738 
v -189.887 6.60301 -1.06584 
v -190.357 6.25743 -1.14354 
v -190.357 5.84791 -1.14354 
v -190.357 5.84791 -1.14377 
v -190.357 6.25743 -1.14377 
v -190.253 5.84791 -1.10087 
v -190.253 6.25743 -1.10087 
v -190.21 5.84791 -0.997314 
v -190.21 6.25743 -0.997314 
v -189.956 6.58848 -4.42434 
v -189.655 5.05827 1.31556 
v -190.193 5.00897 1.30687 
v -190.193 6.1428 1.50679 
v -189.605 5.85176 1.45548 
v -189.782 6.55133 -1.06584 
v -189.863 6.43519 -4.30816 
v -189.793 5.74893 -0.575048 
v -190.096 5.71159 -4.29898 
v -189.949 5.65093 -4.29898 
v -189.803 5.71159 -4.29898 
v -189.803 6.00449 -4.29898 
v -190.357 6.25743 -1.49072 
v -190.357 5.84791 -1.49072 
v -190.253 5.84791 -1.44783 
v -190.253 6.25743 -1.44783 
v -190.253 5.84791 -0.893756 
v -190.357 5.84791 -0.850862 
v -190.357 6.25743 -0.850862 
v -190.036 6.43519 -4.30816 
v -190.187 6.23896 -4.29898 
v -189.711 6.23896 -4.29898 
v -190.357 6.25743 -1.49049 
v -190.357 5.84791 -1.49049 
v -190.357 5.84791 -1.49072 
v -190.357 6.25743 -1.49072 
v -190.029 6.10582 -4.38019 
v -190.357 5.84791 -1.83768 
v -190.253 6.25743 -1.79478 
v -190.357 6.25743 -1.83756 
v -190.253 5.84791 -1.79478 
v -190.096 6.00449 -4.29898 
v -190.357 6.25743 -2.18311 
v -190.357 5.84791 -2.18311 
v -190.253 5.84791 -2.14022 
v -190.253 6.25743 -2.14022 
v -190.357 6.25743 -1.83756 
v -190.357 5.84791 -1.83745 
v -190.357 5.84791 -1.83768 
v -190.357 6.25743 -2.18288 
v -190.357 5.84791 -2.18288 
v -190.357 5.84791 -2.18311 
v -190.357 6.25743 -2.18311 
v -189.956 6.58848 -4.42434 
v -190.036 6.43519 -4.30816 
v -189.863 6.43519 -4.30816 
v -189.942 6.58848 -4.42434 
v -189.803 5.71159 -4.29898 
v -189.742 5.85804 -4.29898 
v -189.803 6.00449 -4.29898 
v -190.096 5.71159 -4.29898 
v -189.949 5.65093 -4.29898 
v -190.096 6.00449 -4.29898 
v -190.156 5.85804 -4.29898 
v -190.096 6.00449 -4.29898 
v -189.803 6.00449 -4.29898 
v -190.096 6.13955 -4.29898 
v -189.803 6.13955 -4.29898 
v -190.096 5.71159 -4.29898 
v -189.781 6.4074 -4.29898 
v -190.118 6.07052 -4.29898 
v -189.949 6.00074 -4.29898 
v -190.187 6.23896 -4.29898 
v -189.781 6.07052 -4.29898 
v -189.711 6.23896 -4.29898 
v -190.118 6.40741 -4.29898 
v -189.949 6.47718 -4.29898 
v -190.243 4.99104 1.69683 
v -189.655 4.99104 1.69683 
v -189.949 4.9009 1.68094 
v -190.193 4.94174 1.68814 
v -190.096 6.00449 -4.57277 
v -189.803 6.00449 -4.57277 
v -190.096 5.71159 -4.57277 
v -189.949 5.65093 -4.57277 
v -190.133 5.84791 -0.778856 
v -190.133 6.25743 -0.778856 
v -190.357 5.84791 -2.25738 
v -190.133 5.84791 -2.25738 
v -190.357 5.84791 -1.14377 
v -190.357 6.25743 -1.14377 
v -190.21 5.84791 -0.997314 
v -189.706 5.00897 1.30687 
v -189.706 4.94174 1.68814 
v -189.655 5.05827 1.31556 
v -189.949 4.9009 1.68094 
v -189.949 4.96813 1.29967 
v -190.193 5.00897 1.30687 
v -190.193 4.94174 1.68814 
v -190.21 5.84791 -2.03666 
v -190.357 5.84791 -1.89021 
v -190.121 5.74893 0.381526 
v -190.121 5.74893 -0.575048 
v -189.793 5.74893 -0.575048 
v -189.793 5.74893 0.381526 
v -190.096 5.71159 -4.57277 
v -190.096 5.71159 -4.29898 
v -189.949 5.65093 -4.57277 
v -189.949 5.65093 -4.29898 
v -189.803 5.71159 -4.57277 
v -189.803 5.71159 -4.29898 
v -189.803 6.00449 -4.29898 
v -190.253 6.25743 -1.44783 
v -190.21 5.84791 -1.34427 
v -190.21 6.25743 -1.34427 
v -190.253 5.84791 -1.44783 
v -190.21 5.84791 -1.69123 
v -190.21 5.84791 -1.34427 
v -190.253 5.84791 -1.58767 
v -190.357 5.84791 -1.54477 
v -190.357 5.84791 -1.49072 
v -190.357 5.84791 -1.49049 
v -190.357 5.84791 -1.545 
v -190.133 5.84791 -0.778856 
v -190.21 5.84791 -0.997314 
v -190.253 5.84791 -1.10087 
v -190.253 5.84791 -1.24071 
v -190.253 5.84791 -0.893756 
v -190.357 5.84791 -1.19782 
v -190.357 5.84791 -1.14377 
v -190.357 5.84791 -1.14354 
v -190.357 5.84791 -1.19805 
v -190.357 5.84791 -0.778856 
v -190.357 5.84791 -0.850862 
v -190.357 5.84791 -0.851092 
v -190.133 5.84791 -2.25738 
v -190.21 5.84791 -2.03666 
v -190.253 5.84791 -1.79478 
v -190.253 5.84791 -2.14022 
v -190.253 5.84791 -1.9331 
v -190.357 5.84791 -2.25738 
v -190.357 5.84791 -2.18311 
v -190.357 5.84791 -2.18288 
v -190.357 5.84791 -1.89021 
v -190.357 5.84791 -1.83768 
v -190.357 5.84791 -1.89044 
v -190.357 5.84791 -1.83745 
v -190.253 6.25743 -1.24071 
v -190.029 5.86637 -2.32813 
v -190.029 5.86637 -4.38019 
v -189.869 5.86637 -4.38019 
v -189.869 5.86637 -2.32813 
v -190.118 6.07052 -4.57277 
v -189.949 6.00074 -4.57277 
v -190.118 6.07052 -4.29898 
v -189.949 6.00074 -4.29898 
v -189.781 6.07052 -4.57277 
v -189.781 6.07052 -4.29898 
v -190.193 6.07557 1.88806 
v -190.293 5.78454 1.83675 
v -190.243 4.99104 1.69683 
v -190.193 4.94174 1.68814 
v -190.096 6.00449 -4.57277 
v -190.096 5.71159 -4.57277 
v -190.187 6.23896 -4.57277 
v -190.036 6.43519 -4.5589 
v -189.97 6.55133 -0.655788 
v -190.012 6.60301 -0.655788 
v -190.357 6.25743 -0.778856 
v -190.133 6.25743 -0.778856 
v -190.133 6.25743 -2.25738 
v -190.357 5.84791 -2.25738 
v -190.357 6.25743 -2.25738 
v -190.133 5.84791 -2.25738 
v -190.253 5.84791 -1.10087 
v -190.253 6.25743 -1.10087 
v -190.21 5.84791 -0.997314 
v -190.21 6.25743 -0.997314 
v -189.956 6.58848 -4.42434 
v -190.193 5.00897 1.30687 
v -190.193 4.94174 1.68814 
v -190.243 4.99104 1.69683 
v -190.243 5.05827 1.31556 
v -190.293 5.85176 1.45548 
v -190.243 5.63902 1.81109 
v -190.293 5.78454 1.83675 
v -190.243 5.70625 1.42982 
v -190.193 6.07557 1.88806 
v -190.193 6.1428 1.50679 
v -190.21 6.25743 -2.03666 
v -190.21 5.84791 -2.03666 
v -190.253 6.25743 -1.9331 
v -190.253 5.84791 -1.9331 
v -190.357 6.25743 -1.89021 
v -190.357 5.84791 -1.89021 
v -190.121 5.74893 0.381526 
v -190.121 5.74893 -0.575048 
v -189.793 5.74893 -0.575048 
v -190.156 5.85804 -4.29898 
v -190.156 5.85804 -4.57277 
v -190.096 5.71159 -4.57277 
v -190.096 5.71159 -4.29898 
v -189.949 5.65093 -4.29898 
v -189.793 6.30394 0.381526 
v -190.357 6.25743 -1.49072 
v -190.253 5.84791 -1.44783 
v -190.253 6.25743 -1.44783 
v -190.21 5.84791 -1.34427 
v -190.21 6.25743 -1.34427 
v -190.357 5.84791 -2.18288 
v -190.357 6.25743 -2.18288 
v -190.357 6.25743 -2.25738 
v -190.357 5.84791 -2.25738 
v -190.357 6.25743 -1.545 
v -190.357 5.84791 -1.545 
v -190.357 6.25743 -1.49049 
v -190.357 5.84791 -1.49049 
v -190.357 6.25743 -0.851092 
v -190.357 5.84791 -0.851092 
v -190.357 6.25743 -0.778856 
v -190.357 5.84791 -0.778856 
v -190.357 6.25743 -1.19805 
v -190.357 5.84791 -1.19805 
v -190.357 6.25743 -1.14354 
v -190.357 5.84791 -1.14354 
v -190.357 6.25743 -1.89044 
v -190.357 5.84791 -1.89044 
v -190.357 6.25743 -1.83756 
v -190.357 5.84791 -1.83745 
v -190.121 6.30394 -0.575048 
v -190.121 6.30394 0.381526 
v -189.869 6.10582 -2.32813 
v -190.21 5.84791 -1.69123 
v -190.357 5.84791 -1.54477 
v -190.253 5.84791 -1.24071 
v -190.253 5.84791 -0.893756 
v -190.357 6.25743 -0.850862 
v -190.253 6.25743 -1.24071 
v -190.21 6.25743 -1.69123 
v -190.253 6.25743 -1.58767 
v -190.029 5.86637 -2.32813 
v -189.887 6.60301 -0.655788 
v -189.887 6.60301 -1.06584 
v -189.928 6.55133 -1.06584 
v -189.928 6.55133 -0.655788 
v -190.243 5.70625 1.42982 
v -190.243 5.05827 1.31556 
v -190.243 5.63902 1.81109 
v -190.243 4.99104 1.69683 
v -190.036 6.43519 -4.5589 
v -189.956 6.58848 -4.42434 
v -189.956 6.58848 -4.5589 
v -190.036 6.43519 -4.30816 
v -190.117 6.55133 -1.06584 
v -190.117 6.42912 -0.655788 
v -190.117 6.55133 -0.655788 
v -190.117 6.42912 -1.06584 
v -190.077 6.60301 -0.655788 
v -190.077 6.60301 -1.06584 
v -190.118 6.07052 -4.57277 
v -190.118 6.07052 -4.29898 
v -190.187 6.23896 -4.29898 
v -190.187 6.23896 -4.57277 
v -190.118 6.40741 -4.29898 
v -190.118 6.40741 -4.57277 
v -190.21 6.25743 -1.69123 
v -190.21 5.84791 -1.69123 
v -190.253 6.25743 -1.58767 
v -190.253 5.84791 -1.58767 
v -190.029 6.10582 -4.38019 
v -190.253 6.25743 -1.79478 
v -190.253 5.84791 -1.79478 
v -190.21 5.84791 -1.69123 
v -190.21 6.25743 -1.69123 
v -190.121 6.30394 -0.575048 
v -190.121 5.74893 0.381526 
v -190.121 6.30394 0.381526 
v -190.121 5.74893 -0.575048 
v -190.098 6.5226 -2.28152 
v -190.098 6.39496 -0.53549 
v -190.098 6.5226 -0.53549 
v -190.098 6.39496 -2.28152 
v -190.096 6.13955 -4.29898 
v -190.096 6.13955 -4.57277 
v -190.096 6.00449 -4.57277 
v -190.096 6.00449 -4.29898 
v -190.156 5.85804 -4.57277 
v -190.156 5.85804 -4.29898 
v -190.029 6.10582 -4.38019 
v -190.029 5.86637 -2.32813 
v -190.029 6.10582 -2.32813 
v -190.029 5.86637 -4.38019 
v -190.21 6.25743 -1.34427 
v -190.21 5.84791 -1.34427 
v -190.253 6.25743 -1.24071 
v -190.253 5.84791 -1.24071 
v -190.253 5.84791 -2.14022 
v -190.253 6.25743 -2.14022 
v -190.21 5.84791 -2.03666 
v -190.21 6.25743 -2.03666 
v -190.21 6.25743 -0.997314 
v -190.21 5.84791 -0.997314 
v -190.253 6.25743 -0.893756 
v -190.253 5.84791 -0.893756 

vn 0 -0.173228 0.984252 
vn 0 -0.173228 0.984252 
vn 0 -0.173228 0.984252 
vn 0 -0.173228 0.984252 
vn 0 0 -1 
vn 0 0 -1 
vn 0 0 -1 
vn 0 0 -1 
vn 0 0 -1 
vn 0 0 -1 
vn 0 0 -1 
vn 0 0 -1 
vn 0 0 -1 
vn 0 0 -1 
vn 0 0 -1 
vn 0 0 -1 
vn 0 0 -1 
vn 0 0 -1 
vn 0 0 -1 
vn 0 0 -1 
vn 0 0 -1 
vn 0 0 -1 
vn 0 0 -1 
vn 0 0 -1 
vn 0 0 -1 
vn 0 0 -1 
vn 0 0 -1 
vn 0 0 1 
vn 0 0 -1 
vn 0 0 -1 
vn 0 0 -1 
vn 0 0 -1 
vn 0 0 -1 
vn 0 0 -1 
vn 0 0 -1 
vn 0 0 -1 
vn -0.433071 0.897638 0 
vn 0 0 1 
vn 0 0 1 
vn -1 0 0 
vn 0 1 0 
vn 0.456693 -0.874016 -0.15748 
vn 0.92126 -0.377953 -0.0708661 
vn -0.456693 -0.874016 -0.15748 
vn -0.92126 -0.377953 -0.0708661 
vn -1 0 0 
vn -0.984252 -0.15748 -0.0314961 
vn -0.755906 0.645669 0.110236 
vn 0 0.984252 0.173228 
vn 0.755906 0.645669 0.110236 
vn 1 0 0 
vn 0.984252 -0.15748 -0.0314961 
vn 0.944882 0.322835 0 
vn -0.708661 0 -0.708661 
vn -0.708661 0 -0.708661 
vn -0.385827 0 -0.92126 
vn -0.385827 0 -0.92126 
vn 0 -1 0 
vn -0.708661 0 0.708661 
vn 1 0 0 
vn 0 -1 0 
vn 0 -1 0 
vn 0 1 0 
vn 0 -1 0 
vn 0.385827 0 -0.92126 
vn 0.385827 0 -0.92126 
vn 0.385827 0 -0.92126 
vn 0.385827 0 -0.92126 
vn -0.708661 0 -0.708661 
vn -0.708661 0 -0.708661 
vn 0 0 -1 
vn 0 0 -1 
vn 0.385827 0 -0.92126 
vn 0.385827 0 -0.92126 
vn 0 1 0 
vn -0.708661 0 -0.708661 
vn -0.708661 0 -0.708661 
vn 0 0 -1 
vn 0 0 -1 
vn 0.385827 0 -0.92126 
vn 0.385827 0 -0.92126 
vn -0.708661 0 -0.708661 
vn -0.708661 0 -0.708661 
vn 0 0 -1 
vn 0 0 -1 
vn 0.385827 0 -0.92126 
vn 0.385827 0 -0.92126 
vn 0 0 -1 
vn 0 0 -1 
vn 0 0 -1 
vn 0 0 -1 
vn 0 0 -1 
vn 0 0 -1 
vn 0 0 -1 
vn 0 0 -1 
vn 0 0 -1 
vn 0 0 -1 
vn 0 0.173228 -0.984252 
vn 0 0.173228 -0.984252 
vn 0 0.173228 -0.984252 
vn 0 0.173228 -0.984252 
vn 0 0.173228 -0.984252 
vn 0 0.173228 -0.984252 
vn 0 0.173228 -0.984252 
vn 0 0.173228 -0.984252 
vn 0 0.173228 -0.984252 
vn 0 0.173228 -0.984252 
vn 0 0.173228 -0.984252 
vn 0 0.173228 -0.984252 
vn 0 0.173228 -0.984252 
vn 0 0.173228 -0.984252 
vn 0 0.173228 -0.984252 
vn 0 0.173228 -0.984252 
vn 0 -0.173228 0.984252 
vn 0 -0.173228 0.984252 
vn 0 -0.173228 0.984252 
vn 0 -0.173228 0.984252 
vn 0 -0.173228 0.984252 
vn 0 0 -1 
vn 0 0 -1 
vn 0 0 1 
vn 0 0 1 
vn 0 0 1 
vn 0 0 1 
vn 0 0 1 
vn 0 0 1 
vn 0 0 1 
vn 0 0 -1 
vn 0 0 -1 
vn 0 0 -1 
vn 0 0 -1 
vn -0.440945 0.897638 0 
vn -0.440945 0.897638 0 
vn 0.433071 0.897638 0 
vn 0.433071 0.897638 0 
vn -0.433071 0.897638 0 
vn -0.433071 0.897638 0 
vn 0.440945 0.897638 0 
vn 0.440945 0.897638 0 
vn 0 0 1 
vn 0 0 1 
vn -1 0 0 
vn 0 1 0 
vn 0 1 0 
vn 0 1 0 
vn 0 1 0 
vn 0.456693 -0.874016 -0.15748 
vn 0 -0.984252 -0.173228 
vn -0.456693 -0.874016 -0.15748 
vn -0.755906 0.645669 0.110236 
vn -0.755906 0.645669 0.110236 
vn 0 0.984252 0.173228 
vn 0 0.984252 0.173228 
vn 0.755906 0.645669 0.110236 
vn 0.755906 0.645669 0.110236 
vn 0 1 0 
vn 0 1 0 
vn 0 1 0 
vn 0 1 0 
vn 0 1 0 
vn 0 1 0 
vn 0 1 0 
vn 0 1 0 
vn 0.889764 0.464567 0 
vn -1 0 0 
vn -0.385827 0 -0.92126 
vn 0.984252 0.19685 0 
vn 1 0 0 
vn 1 0 0 
vn -0.385827 0 0.92126 
vn -0.708661 0 0.708661 
vn -1 0 0 
vn -1 0 0 
vn 0 1 0 
vn 0 1 0 
vn 0 1 0 
vn 0 1 0 
vn 1 0 0 
vn 0 -1 0 
vn 0 1 0 
vn 0 1 0 
vn 0 1 0 
vn 0 1 0 
vn 0 1 0 
vn 0 1 0 
vn 0 1 0 
vn 0 1 0 
vn 0 1 0 
vn 0 1 0 
vn 0 1 0 
vn 0 1 0 
vn 0 1 0 
vn 0 1 0 
vn 0 1 0 
vn 0 1 0 
vn 0 1 0 
vn 0 1 0 
vn 0 1 0 
vn 0 1 0 
vn 0 1 0 
vn 0 1 0 
vn 0 1 0 
vn 0 1 0 
vn 0 1 0 
vn 0 1 0 
vn 0 1 0 
vn 0 1 0 
vn 0 1 0 
vn 0 1 0 
vn 0 1 0 
vn -0.889764 0.464567 0 
vn -0.708661 0.708661 0 
vn -0.708661 0.708661 0 
vn 0 1 0 
vn 0.708661 0.708661 0 
vn 0 1 0 
vn 0.708661 0.708661 0 
vn 0 1 0 
vn 0 1 0 
vn 0 1 0 
vn 0 1 0 
vn 0 -0.173228 0.984252 
vn 0 -0.173228 0.984252 
vn 0 -0.173228 0.984252 
vn 0 0 -1 
vn 0 0 -1 
vn 0 0 -1 
vn 0 0 -1 
vn 0 0 -1 
vn 0 0 1 
vn 0 0 1 
vn 0 0 1 
vn -0.433071 0.897638 0 
vn 0 1 0 
vn 0.456693 -0.874016 -0.15748 
vn 0.92126 -0.377953 -0.0708661 
vn 0.456693 -0.874016 -0.15748 
vn 0.92126 -0.377953 -0.0708661 
vn 0 0.984252 0.173228 
vn 0.755906 0.645669 0.110236 
vn 0.755906 0.645669 0.110236 
vn 1 0 0 
vn 1 0 0 
vn 0.92126 -0.377953 -0.0708661 
vn 0.984252 -0.15748 -0.0314961 
vn 0.92126 -0.377953 -0.0708661 
vn 0.984252 -0.15748 -0.0314961 
vn 0.779528 0.622047 0 
vn 0.779528 0.622047 0 
vn 0.433071 0.897638 0 
vn 0.433071 0.897638 0 
vn 0.944882 0.322835 0 
vn 0.944882 0.322835 0 
vn 1 0 0 
vn 1 0 0 
vn 0.440945 0.897638 0 
vn 0.440945 0.897638 0 
vn 0.889764 0.464567 0 
vn 0.889764 0.464567 0 
vn 0.889764 0.464567 0 
vn 0.889764 0.464567 0 
vn 0.984252 -0.15748 -0.0314961 
vn 0.984252 -0.15748 -0.0314961 
vn 1 0 0 
vn 1 0 0 
vn 0 -1 0 
vn 0 -1 0 
vn 0 -1 0 
vn 0 -1 0 
vn 0.708661 -0.708661 0 
vn 0.708661 -0.708661 0 
vn 1 0 0 
vn 1 0 0 
vn 0.984252 0.19685 0 
vn 0.984252 0.19685 0 
vn 1 0 0 
vn 1 0 0 
vn 1 0 0 
vn 1 0 0 
vn 1 0 0 
vn 1 0 0 
vn 1 0 0 
vn 1 0 0 
vn 1 0 0 
vn 1 0 0 
vn -0.708661 0 0.708661 
vn -1 0 0 
vn -1 0 0 
vn 1 0 0 
vn 1 0 0 
vn 1 0 0 
vn 1 0 0 
vn 0 -1 0 
vn 0 1 0 
vn 0 -1 0 
vn 0.708661 -0.708661 0 
vn 0.708661 -0.708661 0 
vn 1 0 0 
vn 1 0 0 
vn 0.708661 0.708661 0 
vn 0.708661 0.708661 0 
vn 0 -0.173228 0.984252 
vn 0 -0.173228 0.984252 
vn 0 -0.173228 0.984252 
vn 0 -0.173228 0.984252 
vn 0 -0.173228 0.984252 
vn 0 -0.173228 0.984252 
vn 0 -0.173228 0.984252 
vn 0 -0.173228 0.984252 
vn 0 -0.173228 0.984252 
vn 0 -0.173228 0.984252 
vn 0 -0.173228 0.984252 
vn 0 -0.173228 0.984252 
vn 0 0 -1 
vn 0 0 -1 
vn 0 0 1 
vn 0 0 1 
vn 0 0 1 
vn 0 0 1 
vn 0 0 1 
vn 0 0 1 
vn 0 0 1 
vn 0 0 1 
vn 0 0 1 
vn 0 0 1 
vn 0 0 1 
vn 0 0 1 
vn 0 0 1 
vn 0 0 1 
vn 0 0 1 
vn 0 0 1 
vn 0 0 1 
vn 0 0 1 
vn 0 0 -1 
vn 0 0 -1 
vn 0 0 -1 
vn 0 0 -1 
vn -0.433071 0.897638 0 
vn 0.385827 0 0.92126 
vn 0.385827 0 0.92126 
vn 0 0 1 
vn 0 0 1 
vn -0.708661 0 0.708661 
vn -0.708661 0 0.708661 
vn -1 0 0 
vn -1 0 0 
vn 0 1 0 
vn 0.92126 -0.377953 -0.0708661 
vn -0.456693 -0.874016 -0.15748 
vn -0.755906 0.645669 0.110236 
vn 1 0 0 
vn 0.944882 0.322835 0 
vn 0.889764 0.464567 0 
vn 0 -1 0 
vn -0.708661 -0.708661 0 
vn 0 -1 0 
vn 0.708661 -0.708661 0 
vn 0.984252 0.19685 0 
vn -0.385827 0 0.92126 
vn -0.385827 0 0.92126 
vn -0.708661 0 0.708661 
vn -0.708661 0 0.708661 
vn 0 -1 0 
vn 0 -1 0 
vn 0 1 0 
vn -0.889764 0.464567 0 
vn -1 0 0 
vn 1 0 0 
vn 0.385827 0 0.92126 
vn 0.385827 0 0.92126 
vn 0.385827 0 0.92126 
vn 0.385827 0 0.92126 
vn 0 1 0 
vn -0.377953 0 0.92126 
vn -0.708661 0 0.708661 
vn -0.377953 0 0.92126 
vn -0.708661 0 0.708661 
vn -0.984252 0.19685 0 
vn 0 0 1 
vn 0 0 1 
vn -0.708661 0 0.708661 
vn -0.708661 0 0.708661 
vn -1 0 0 
vn -0.551181 0 0.834646 
vn 0.385827 0 0.92126 
vn 0.385827 0 0.92126 
vn 0.385827 0 0.92126 
vn 0 0 1 
vn 0 0 1 
vn 0 0.606299 0.795276 
vn 0 0.606299 0.795276 
vn 0 0.606299 0.795276 
vn 0 0.606299 0.795276 
vn 0 0 1 
vn 0 0 1 
vn 0 0 1 
vn 0 0 1 
vn 0 0 1 
vn 0 0 1 
vn 0 0 1 
vn 0 0 1 
vn 0 0 1 
vn 0 0 1 
vn 0 0 1 
vn 0 0 1 
vn 0 0 1 
vn 0 0 1 
vn 0 0 1 
vn 0 0 1 
vn 0 0 1 
vn 0 0 1 
vn 0 0 1 
vn 0 0 1 
vn 0 -0.173228 0.984252 
vn 0 -0.173228 0.984252 
vn 0 -0.173228 0.984252 
vn 0 -0.173228 0.984252 
vn 0 0 -1 
vn 0 0 -1 
vn 0 0 -1 
vn 0 0 -1 
vn 0 0 1 
vn 0 0 1 
vn 0 0 -1 
vn 0 0 -1 
vn 0 0 1 
vn 0 0 1 
vn -1 0 0 
vn 0.456693 -0.874016 -0.15748 
vn 0.456693 -0.874016 -0.15748 
vn 0.92126 -0.377953 -0.0708661 
vn 0 -0.984252 -0.173228 
vn 0 -0.984252 -0.173228 
vn -0.456693 -0.874016 -0.15748 
vn -0.456693 -0.874016 -0.15748 
vn -1 0 0 
vn -0.385827 0 -0.92126 
vn 0 -1 0 
vn 0 -1 0 
vn 0 -1 0 
vn 0 -1 0 
vn -0.708661 -0.708661 0 
vn -0.708661 -0.708661 0 
vn 0 -1 0 
vn 0 -1 0 
vn 0.708661 -0.708661 0 
vn 0.708661 -0.708661 0 
vn 0.984252 0.19685 0 
vn -0.708661 0 0.708661 
vn -1 0 0 
vn -1 0 0 
vn 0 -1 0 
vn 0 -1 0 
vn 0 -1 0 
vn 0 -1 0 
vn 0 -1 0 
vn 0 -1 0 
vn 0 -1 0 
vn 0 -1 0 
vn 0 -1 0 
vn 0 -1 0 
vn 0 -1 0 
vn 0 -1 0 
vn 0 -1 0 
vn 0 -1 0 
vn 0 -1 0 
vn 0 -1 0 
vn 0 -1 0 
vn 0 -1 0 
vn 0 -1 0 
vn 0 -1 0 
vn 0 -1 0 
vn 0 -1 0 
vn 0 -1 0 
vn 0 -1 0 
vn 0 -1 0 
vn 0 -1 0 
vn 0 -1 0 
vn 0 -1 0 
vn 0 -1 0 
vn 0 -1 0 
vn 0 -1 0 
vn 0 -1 0 
vn 0 1 0 
vn 0 -1 0 
vn 0 -1 0 
vn 0 -1 0 
vn 0 -1 0 
vn -0.708661 -0.708661 0 
vn 0 -1 0 
vn -0.708661 -0.708661 0 
vn 0 -1 0 
vn 0.708661 -0.708661 0 
vn 0.708661 -0.708661 0 
vn 0 -0.173228 0.984252 
vn 0 -0.173228 0.984252 
vn 0 -0.173228 0.984252 
vn 0 -0.173228 0.984252 
vn 0 0 -1 
vn 0 0 -1 
vn 0 0 -1 
vn 0 0 -1 
vn 0 0 1 
vn 0 0 1 
vn 0 0 1 
vn 0 0 1 
vn 0 0 -1 
vn 0 0 -1 
vn 0 0 -1 
vn 0 0 -1 
vn -0.708661 0 0.708661 
vn -0.708661 0 0.708661 
vn -1 0 0 
vn -1 0 0 
vn 0 1 0 
vn -0.456693 -0.874016 -0.15748 
vn -0.456693 -0.874016 -0.15748 
vn -0.92126 -0.377953 -0.0708661 
vn -0.92126 -0.377953 -0.0708661 
vn -1 0 0 
vn -0.984252 -0.15748 -0.0314961 
vn -1 0 0 
vn -0.984252 -0.15748 -0.0314961 
vn -0.755906 0.645669 0.110236 
vn -0.755906 0.645669 0.110236 
vn -1 0 0 
vn -1 0 0 
vn -0.708661 0 -0.708661 
vn -0.708661 0 -0.708661 
vn -0.385827 0 -0.92126 
vn -0.385827 0 -0.92126 
vn 0 -1 0 
vn 0 -1 0 
vn 0 -1 0 
vn -1 0 0 
vn -1 0 0 
vn -0.708661 -0.708661 0 
vn -0.708661 -0.708661 0 
vn 0 -1 0 
vn 1 0 0 
vn -0.385827 0 0.92126 
vn -0.708661 0 0.708661 
vn -0.708661 0 0.708661 
vn -1 0 0 
vn -1 0 0 
vn -1 0 0 
vn -1 0 0 
vn -1 0 0 
vn -1 0 0 
vn -1 0 0 
vn -1 0 0 
vn -1 0 0 
vn -1 0 0 
vn -1 0 0 
vn -1 0 0 
vn -1 0 0 
vn -1 0 0 
vn -1 0 0 
vn -1 0 0 
vn -1 0 0 
vn -1 0 0 
vn -1 0 0 
vn -1 0 0 
vn -1 0 0 
vn -0.551181 0 0.834646 
vn 0 1 0 
vn 0 1 0 
vn 1 0 0 
vn 0 -1 0 
vn 0 -1 0 
vn 0 -1 0 
vn 0 -1 0 
vn 0 1 0 
vn 0 1 0 
vn 0 1 0 
vn 0 1 0 
vn 0 -1 0 
vn -0.433071 0.897638 0 
vn -0.433071 0.897638 0 
vn -0.779528 0.622047 0 
vn -0.779528 0.622047 0 
vn -0.984252 -0.15748 -0.0314961 
vn -0.92126 -0.377953 -0.0708661 
vn -0.984252 -0.15748 -0.0314961 
vn -0.92126 -0.377953 -0.0708661 
vn -0.889764 0.464567 0 
vn -0.889764 0.464567 0 
vn -0.889764 0.464567 0 
vn -0.889764 0.464567 0 
vn -0.944882 0.322835 0 
vn -1 0 0 
vn -0.944882 0.322835 0 
vn -1 0 0 
vn -0.440945 0.897638 0 
vn -0.440945 0.897638 0 
vn -0.708661 -0.708661 0 
vn -0.708661 -0.708661 0 
vn -1 0 0 
vn -1 0 0 
vn -0.708661 0.708661 0 
vn -0.708661 0.708661 0 
vn -1 0 0 
vn -1 0 0 
vn -0.708661 0 -0.708661 
vn -0.708661 0 -0.708661 
vn 0 1 0 
vn -0.708661 0 0.708661 
vn -0.708661 0 0.708661 
vn -1 0 0 
vn -1 0 0 
vn -1 0 0 
vn -1 0 0 
vn -1 0 0 
vn -1 0 0 
vn -1 0 0 
vn -1 0 0 
vn -1 0 0 
vn -1 0 0 
vn -1 0 0 
vn -1 0 0 
vn -0.984252 0.19685 0 
vn -0.984252 0.19685 0 
vn -1 0 0 
vn -1 0 0 
vn -1 0 0 
vn -1 0 0 
vn -1 0 0 
vn -1 0 0 
vn -1 0 0 
vn -1 0 0 
vn -0.708661 0 -0.708661 
vn -0.708661 0 -0.708661 
vn -0.708661 0 0.708661 
vn -0.708661 0 0.708661 
vn -1 0 0 
vn -1 0 0 
vn -1 0 0 
vn -1 0 0 
vn -0.708661 0 -0.708661 
vn -0.708661 0 -0.708661 

vt 61.953 1.00407 
vt 62.0264 1.04045 
vt 62.0327 0.904886 
vt 61.9593 0.904886 
vt 61.9701 1.01326 
vt 62.0143 1.03157 
vt 61.9777 1.03157 
vt 62.0143 0.994954 
vt 62.0219 1.01326 
vt 61.9777 0.994954 
vt 61.996 0.987372 
vt 61.9777 1.04845 
vt 62.0143 1.03157 
vt 62.0143 1.04845 
vt 61.9777 1.03157 
vt 61.9662 1.06088 
vt 61.9749 1.03982 
vt 61.9749 1.08193 
vt 61.996 1.0311 
vt 62.0171 1.03982 
vt 62.0258 1.06088 
vt 62.0171 1.08193 
vt 61.996 1.09065 
vt 61.9951 1.10457 
vt 62.0068 1.0854 
vt 61.9969 1.10457 
vt 61.9852 1.0854 
vt 62.047 1.06318 
vt 62.0146 1.09633 
vt 61.9772 1.09633 
vt 62.0146 1.08038 
vt 61.9772 1.08038 
vt 62.019 1.06318 
vt 62.047 1.01199 
vt 62.047 1.06318 
vt 62.019 1.01199 
vt 61.9882 1.10638 
vt 62.0469 1.01199 
vt 62.0469 1.06318 
vt 62.0286 1.01199 
vt 61.9969 1.10457 
vt 61.9656 0.907127 
vt 61.9593 0.91329 
vt 62.0264 0.907127 
vt 62.0327 0.91329 
vt 62.039 1.01248 
vt 62.0327 0.994287 
vt 62.0264 1.04886 
vt 61.996 1.06392 
vt 61.9656 1.04886 
vt 61.953 1.01248 
vt 61.9593 0.994287 
vt 61.9751 1.09992 
vt 62.034 1.06318 
vt 62.034 1.01199 
vt 62.0469 1.06318 
vt 62.0469 1.01199 
vt 61.996 0.987372 
vt 62.034 1.06318 
vt 61.986 1.04423 
vt 62.034 1.01199 
vt 62.0469 1.01199 
vt 62.034 1.06318 
vt 62.006 1.0143 
vt 62.0469 1.06318 
vt 62.0469 1.01199 
vt 62.047 1.06318 
vt 62.047 1.01199 
vt 62.034 1.06318 
vt 62.034 1.01199 
vt 62.0469 1.06318 
vt 62.0469 1.01199 
vt 62.047 1.06318 
vt 62.047 1.01199 
vt 62.006 1.04423 
vt 62.034 1.06318 
vt 62.034 1.01199 
vt 62.0469 1.06318 
vt 62.0469 1.01199 
vt 62.047 1.06318 
vt 62.047 1.01199 
vt 62.034 1.06318 
vt 62.034 1.01199 
vt 62.0469 1.06318 
vt 62.0469 1.01199 
vt 62.047 1.06318 
vt 62.047 1.01199 
vt 62.017 1.08465 
vt 61.9986 1.09992 
vt 61.9934 1.09992 
vt 62.017 1.09992 
vt 62.0038 1.10638 
vt 62.012 1.10638 
vt 61.9751 1.08465 
vt 61.9751 1.09992 
vt 61.9882 1.10638 
vt 61.98 1.10638 
vt 62.039 1.01248 
vt 61.9656 1.04886 
vt 61.953 1.01248 
vt 62.0264 1.04886 
vt 61.996 1.06392 
vt 62.0327 0.994287 
vt 61.9593 0.994287 
vt 62.0327 0.994287 
vt 61.9593 0.994287 
vt 62.0327 0.91329 
vt 61.9593 0.91329 
vt 62.0327 0.91329 
vt 61.996 0.902022 
vt 62.0264 0.907127 
vt 61.9593 0.91329 
vt 61.9656 0.907127 
vt 62.4025 0.973579 
vt 62.4025 1.03441 
vt 62.4051 1.00399 
vt 62.3786 0.96728 
vt 62.3786 1.04071 
vt 61.5966 0.993164 
vt 61.5966 1.01482 
vt 62.0995 0.98543 
vt 62.0995 1.02279 
vt 62.0845 1.01999 
vt 62.0845 0.996203 
vt 62.0845 0.988001 
vt 62.0691 0.952993 
vt 62.0691 0.980998 
vt 61.8813 0.98543 
vt 61.8813 1.02279 
vt 61.8843 0.980998 
vt 61.8843 0.952993 
vt 62.0332 0.988001 
vt 62.0845 0.988001 
vt 62.0845 0.996203 
vt 62.0332 0.996203 
vt 62.0332 1.01179 
vt 62.0845 1.01179 
vt 62.0845 1.01999 
vt 62.0332 1.01999 
vt 62.0235 0.953062 
vt 62.0235 0.953062 
vt 62.0418 0.971369 
vt 61.5966 1.00311 
vt 61.6134 1.00311 
vt 61.6134 1.00488 
vt 61.5966 1.00488 
vt 62.3298 1.03441 
vt 62.3289 1.00399 
vt 62.3298 0.973579 
vt 62.4025 0.973579 
vt 62.3548 0.973579 
vt 62.3575 1.00399 
vt 62.4051 1.00399 
vt 62.4025 1.03441 
vt 62.3548 1.03441 
vt 62.0332 1.00137 
vt 62.0845 1.00137 
vt 62.0845 1.00662 
vt 62.0332 1.00662 
vt 61.8813 0.98543 
vt 62.0995 0.98543 
vt 62.0995 1.02279 
vt 61.8813 1.02279 
vt 61.6279 1.01482 
vt 61.9119 0.971369 
vt 61.9302 0.953062 
vt 61.6291 1.0223 
vt 62.2142 1.02349 
vt 62.0946 1.02349 
vt 61.9801 0.953062 
vt 61.9855 0.966007 
vt 61.9984 0.971369 
vt 61.9984 0.971369 
vt 62.0946 0.982514 
vt 62.2142 0.982514 
vt 62.2142 1.02349 
vt 62.0946 1.02349 
vt 61.8755 1.01403 
vt 62.0114 0.966007 
vt 62.0691 0.952993 
vt 62.0601 0.953062 
vt 62.0601 0.952993 
vt 62.0547 0.966007 
vt 62.0691 0.980998 
vt 62.0418 0.971369 
vt 61.9984 0.971369 
vt 62.0289 0.966007 
vt 62.0114 0.966007 
vt 62.0167 0.953062 
vt 62.0235 0.953062 
vt 62.0235 0.952993 
vt 62.0167 0.952993 
vt 61.9551 0.971369 
vt 61.9855 0.966007 
vt 61.8843 0.980998 
vt 61.968 0.966007 
vt 61.9734 0.953062 
vt 61.9801 0.953062 
vt 61.9802 0.952993 
vt 61.9733 0.952993 
vt 61.9119 0.971369 
vt 61.9421 0.966007 
vt 61.8989 0.966007 
vt 61.9248 0.966007 
vt 61.8843 0.952993 
vt 61.8936 0.953062 
vt 61.8936 0.952993 
vt 61.9302 0.953062 
vt 61.9368 0.953028 
vt 61.9302 0.952993 
vt 61.6279 0.993164 
vt 61.6291 0.982938 
vt 61.5949 0.982938 
vt 61.6291 1.00399 
vt 61.5949 1.02505 
vt 61.5949 1.00399 
vt 61.6291 1.02505 
vt 61.6189 0.993959 
vt 61.8755 0.993959 
vt 61.8755 1.01403 
vt 61.6189 1.01403 
vt 61.6039 1.00407 
vt 61.5975 1.04045 
vt 61.6214 0.904886 
vt 62.4051 1.03157 
vt 62.4051 0.987372 
vt 62.4051 1.06088 
vt 62.4051 1.06088 
vt 62.4034 1.0854 
vt 61.9155 1.09992 
vt 61.9155 1.10638 
vt 61.9309 1.06318 
vt 61.9668 1.10638 
vt 62.3866 1.10457 
vt 61.6702 0.907127 
vt 61.6214 0.904886 
vt 61.6225 0.898723 
vt 61.6691 0.91329 
vt 61.6425 1.06392 
vt 61.5975 1.04045 
vt 61.6452 1.04886 
vt 61.6516 1.01248 
vt 61.6039 1.00407 
vt 61.6691 0.91329 
vt 61.6071 0.985883 
vt 61.6214 0.904886 
vt 61.6548 0.994287 
vt 61.9155 1.09992 
vt 61.9668 1.09992 
vt 61.9668 1.10638 
vt 61.9155 1.10638 
vt 61.9668 1.09992 
vt 61.9155 1.09992 
vt 61.9668 1.08465 
vt 61.9155 1.08465 
vt 61.9668 1.10638 
vt 61.9155 1.10638 
vt 62.3721 1.0854 
vt 62.4034 1.0854 
vt 62.3866 1.10457 
vt 62.4034 1.10457 
vt 61.6071 0.985883 
vt 61.6548 0.994287 
vt 61.6516 1.01248 
vt 61.6039 1.00407 
vt 61.7858 0.999622 
vt 61.9054 0.999622 
vt 61.7858 0.999622 
vt 62.3709 0.987372 
vt 62.4051 0.994954 
vt 62.3709 0.994954 
vt 62.4051 1.01326 
vt 62.3709 1.01326 
vt 62.4051 1.03157 
vt 62.3709 1.03157 
vt 62.4051 1.04845 
vt 62.3709 1.04845 
vt 61.7858 0.999622 
vt 61.9054 0.999622 
vt 61.7858 1.069 
vt 61.9054 1.069 
vt 62.1187 1.09633 
vt 61.9005 1.09633 
vt 62.1187 1.08038 
vt 61.9005 1.08038 
vt 62.0145 1.06318 
vt 62.0016 1.01199 
vt 62.0016 1.06318 
vt 62.3811 1.04423 
vt 62.1245 1.04423 
vt 62.3811 1.0143 
vt 62.1245 1.0143 
vt 61.9886 1.01199 
vt 61.9886 1.06318 
vt 62.1245 1.0143 
vt 62.4051 1.03982 
vt 62.3709 1.03982 
vt 62.4051 1.06088 
vt 62.3709 1.06088 
vt 62.4051 1.08193 
vt 62.3709 1.08193 
vt 62.047 1.00407 
vt 61.9736 1.04045 
vt 61.961 1.00407 
vt 61.9673 0.985883 
vt 62.0344 1.04045 
vt 62.004 1.05552 
vt 62.0407 0.985883 
vt 61.9673 0.904886 
vt 62.0407 0.904886 
vt 62.004 0.893618 
vt 62.0344 0.898723 
vt 61.9736 0.898723 
vt 62.0299 1.01326 
vt 62.0338 1.06088 
vt 61.9854 1.08038 
vt 62.0228 1.08038 
vt 61.9854 1.09633 
vt 62.0228 1.09633 
vt 62.0066 1.09992 
vt 62.0249 1.08465 
vt 62.0249 1.09992 
vt 61.983 1.08465 
vt 62.0118 1.10638 
vt 62.02 1.10638 
vt 62.0014 1.09992 
vt 61.983 1.09992 
vt 61.9962 1.10638 
vt 61.988 1.10638 
vt 61.953 1.06318 
vt 61.953 1.01199 
vt 61.981 1.01199 
vt 61.981 1.06318 
vt 61.981 1.06318 
vt 61.953 1.01199 
vt 61.953 1.06318 
vt 61.981 1.01199 
vt 62.0118 1.10638 
vt 61.953 1.06318 
vt 61.953 1.01199 
vt 61.9531 1.01199 
vt 61.9531 1.06318 
vt 61.966 1.01199 
vt 61.966 1.06318 
vt 61.9714 1.01199 
vt 61.9714 1.06318 
vt 62.0031 1.10457 
vt 62.0407 0.91329 
vt 61.9736 0.907127 
vt 61.9736 1.04886 
vt 62.047 1.01248 
vt 62.0249 1.09992 
vt 62.0148 1.0854 
vt 62.0235 0.999622 
vt 61.9857 0.994954 
vt 62.004 0.987372 
vt 62.0223 0.994954 
vt 62.0223 1.03157 
vt 61.9531 1.06318 
vt 61.9531 1.01199 
vt 61.966 1.01199 
vt 61.966 1.06318 
vt 61.966 1.01199 
vt 61.9531 1.01199 
vt 61.9531 1.06318 
vt 61.9932 1.0854 
vt 61.9742 1.06088 
vt 62.0338 1.06088 
vt 61.953 1.06318 
vt 61.953 1.01199 
vt 61.9531 1.01199 
vt 61.9531 1.06318 
vt 61.994 1.04423 
vt 61.9531 1.01199 
vt 61.966 1.06318 
vt 61.953 1.06318 
vt 61.966 1.01199 
vt 61.9857 1.03157 
vt 61.9531 1.06318 
vt 61.9531 1.01199 
vt 61.966 1.01199 
vt 61.966 1.06318 
vt 61.953 1.06318 
vt 61.953 1.01199 
vt 61.9531 1.01199 
vt 61.953 1.06318 
vt 61.953 1.01199 
vt 61.9531 1.01199 
vt 61.9531 1.06318 
vt 62.0031 1.10457 
vt 61.9932 1.0854 
vt 62.0148 1.0854 
vt 62.0049 1.10457 
vt 62.0223 0.994954 
vt 62.0299 1.01326 
vt 62.0223 1.03157 
vt 61.9857 0.994954 
vt 62.004 0.987372 
vt 61.9857 1.03157 
vt 61.9781 1.01326 
vt 61.9857 1.03157 
vt 62.0223 1.03157 
vt 61.9857 1.04845 
vt 62.0223 1.04845 
vt 61.9857 0.994954 
vt 62.0251 1.08193 
vt 61.9829 1.03982 
vt 62.004 1.0311 
vt 61.9742 1.06088 
vt 62.0251 1.03982 
vt 62.0338 1.06088 
vt 61.9829 1.08193 
vt 62.004 1.09065 
vt 61.6214 0.96728 
vt 61.6214 1.04071 
vt 61.6234 1.00399 
vt 61.6225 0.973579 
vt 62.4051 0.985688 
vt 62.4051 1.0223 
vt 62.4051 0.985688 
vt 62.4051 1.00399 
vt 61.9309 0.980998 
vt 61.9309 0.980998 
vt 62.1157 0.952993 
vt 62.1157 0.980998 
vt 61.9765 0.953062 
vt 61.9765 0.953062 
vt 61.9582 0.971369 
vt 61.6702 1.03441 
vt 61.6225 1.03441 
vt 61.6691 1.04071 
vt 61.6234 1.00399 
vt 61.6711 1.00399 
vt 61.6702 0.973579 
vt 61.6225 0.973579 
vt 62.0881 0.971369 
vt 62.0698 0.953062 
vt 61.7858 0.982514 
vt 61.9054 0.982514 
vt 61.9054 1.02349 
vt 61.7858 1.02349 
vt 62.4051 0.985688 
vt 62.3709 0.985688 
vt 62.4051 1.00399 
vt 62.3709 1.00399 
vt 62.4051 1.0223 
vt 62.3709 1.0223 
vt 62.3709 1.0223 
vt 62.0145 0.966007 
vt 62.0016 0.971369 
vt 62.0016 0.971369 
vt 62.0145 0.966007 
vt 62.0449 0.971369 
vt 62.0016 0.971369 
vt 62.032 0.966007 
vt 62.0266 0.953062 
vt 62.0199 0.953062 
vt 62.0198 0.952993 
vt 62.0267 0.952993 
vt 61.9309 0.980998 
vt 61.9582 0.971369 
vt 61.9711 0.966007 
vt 61.9886 0.966007 
vt 61.9453 0.966007 
vt 61.9833 0.953062 
vt 61.9765 0.953062 
vt 61.9765 0.952993 
vt 61.9833 0.952993 
vt 61.9309 0.952993 
vt 61.9399 0.953062 
vt 61.9399 0.952993 
vt 62.1157 0.980998 
vt 62.0881 0.971369 
vt 62.0579 0.966007 
vt 62.1011 0.966007 
vt 62.0752 0.966007 
vt 62.1157 0.952993 
vt 62.1064 0.953062 
vt 62.1064 0.952993 
vt 62.0698 0.953062 
vt 62.0632 0.953062 
vt 62.0698 0.952993 
vt 62.0632 0.952993 
vt 61.9886 0.966007 
vt 62.1245 0.993959 
vt 62.3811 0.993959 
vt 62.3811 1.01403 
vt 62.1245 1.01403 
vt 62.4051 0.982938 
vt 62.4051 1.00399 
vt 62.3709 0.982938 
vt 62.3709 1.00399 
vt 62.4051 1.02505 
vt 62.3709 1.02505 
vt 62.4025 1.04045 
vt 62.3961 1.00407 
vt 62.3786 0.904886 
vt 62.3775 0.898723 
vt 61.5949 1.03157 
vt 61.5949 0.994954 
vt 61.5949 1.06088 
vt 61.5966 1.0854 
vt 62.0845 1.09992 
vt 62.0845 1.10638 
vt 62.0691 1.06318 
vt 62.0691 1.06318 
vt 61.8843 1.06318 
vt 61.8843 1.01199 
vt 61.8843 1.06318 
vt 61.8843 1.01199 
vt 62.0289 1.01199 
vt 62.0289 1.06318 
vt 62.0418 1.01199 
vt 62.0418 1.06318 
vt 61.6134 1.10457 
vt 62.3298 0.907127 
vt 62.3775 0.898723 
vt 62.3786 0.904886 
vt 62.3309 0.91329 
vt 62.3484 1.01248 
vt 62.3929 0.985883 
vt 62.3961 1.00407 
vt 62.3452 0.994287 
vt 62.4025 1.04045 
vt 62.3548 1.04886 
vt 61.9119 1.06318 
vt 61.9119 1.01199 
vt 61.9248 1.06318 
vt 61.9248 1.01199 
vt 61.9302 1.06318 
vt 61.9302 1.01199 
vt 62.2142 0.999622 
vt 62.0946 0.999622 
vt 62.0946 0.999622 
vt 61.6291 1.01326 
vt 61.5949 1.01326 
vt 61.5949 0.994954 
vt 61.6291 0.994954 
vt 61.6291 0.987372 
vt 62.2142 1.069 
vt 61.9801 1.06318 
vt 61.9855 1.01199 
vt 61.9855 1.06318 
vt 61.9984 1.01199 
vt 61.9984 1.06318 
vt 61.8936 1.01199 
vt 61.8936 1.06318 
vt 61.8843 1.06318 
vt 61.8843 1.01199 
vt 61.9733 1.06318 
vt 61.9733 1.01199 
vt 61.9802 1.06318 
vt 61.9802 1.01199 
vt 62.0601 1.06318 
vt 62.0601 1.01199 
vt 62.0691 1.06318 
vt 62.0691 1.01199 
vt 62.0167 1.06318 
vt 62.0167 1.01199 
vt 62.0235 1.06318 
vt 62.0235 1.01199 
vt 61.9302 1.06318 
vt 61.9302 1.01199 
vt 61.9368 1.06318 
vt 61.9368 1.01199 
vt 62.0946 1.069 
vt 62.2142 1.069 
vt 61.8755 1.04423 
vt 61.9551 1.01199 
vt 61.9734 1.01199 
vt 62.0114 1.01199 
vt 62.0547 1.01199 
vt 62.0601 1.06318 
vt 62.0114 1.06318 
vt 61.9551 1.06318 
vt 61.968 1.06318 
vt 61.8755 1.0143 
vt 62.0845 1.10638 
vt 62.0332 1.10638 
vt 62.0332 1.09992 
vt 62.0845 1.09992 
vt 62.3452 0.994287 
vt 62.3309 0.91329 
vt 62.3929 0.985883 
vt 62.3786 0.904886 
vt 61.5966 1.0854 
vt 61.6134 1.10457 
vt 61.5966 1.10457 
vt 61.6279 1.0854 
vt 62.0332 1.09992 
vt 62.0845 1.08465 
vt 62.0845 1.09992 
vt 62.0332 1.08465 
vt 62.0845 1.10638 
vt 62.0332 1.10638 
vt 61.5949 1.03982 
vt 61.6291 1.03982 
vt 61.6291 1.06088 
vt 61.5949 1.06088 
vt 61.6291 1.08193 
vt 61.5949 1.08193 
vt 61.9551 1.06318 
vt 61.9551 1.01199 
vt 61.968 1.06318 
vt 61.968 1.01199 
vt 61.6189 1.04423 
vt 61.9421 1.06318 
vt 61.9421 1.01199 
vt 61.9551 1.01199 
vt 61.9551 1.06318 
vt 62.0946 1.069 
vt 62.2142 0.999622 
vt 62.2142 1.069 
vt 62.0946 0.999622 
vt 61.8813 1.09633 
vt 62.0995 1.08038 
vt 62.0995 1.09633 
vt 61.8813 1.08038 
vt 61.6291 1.04845 
vt 61.5949 1.04845 
vt 61.5949 1.03157 
vt 61.6291 1.03157 
vt 61.5949 1.01326 
vt 61.6291 1.01326 
vt 61.6189 1.04423 
vt 61.8755 1.0143 
vt 61.8755 1.04423 
vt 61.6189 1.0143 
vt 61.9984 1.06318 
vt 61.9984 1.01199 
vt 62.0114 1.06318 
vt 62.0114 1.01199 
vt 61.8989 1.01199 
vt 61.8989 1.06318 
vt 61.9119 1.01199 
vt 61.9119 1.06318 
vt 62.0418 1.06318 
vt 62.0418 1.01199 
vt 62.0547 1.06318 
vt 62.0547 1.01199 

usemtl Meshpart3Mtl

f 173/173/173 174/174/174 175/175/175 
f 173/173/173 176/176/176 174/174/174 
f 174/174/174 176/176/176 177/177/177 
f 178/178/178 176/176/176 173/173/173 
f 176/176/176 178/178/178 179/179/179 
f 180/180/180 181/181/181 182/182/182 
f 181/181/181 180/180/180 183/183/183 
f 184/184/184 185/185/185 186/186/186 
f 187/187/187 186/186/186 185/185/185 
f 188/188/188 186/186/186 187/187/187 
f 186/186/186 188/188/188 189/189/189 
f 190/190/190 186/186/186 189/189/189 
f 186/186/186 190/190/190 191/191/191 
f 192/192/192 193/193/193 194/194/194 
f 195/195/195 193/193/193 192/192/192 
f 197/197/197 198/198/198 199/199/199 
f 199/199/199 198/198/198 200/200/200 
f 201/201/201 202/202/202 203/203/203 
f 202/202/202 201/201/201 204/204/204 
f 223/223/223 224/224/224 222/222/222 
f 224/224/224 223/223/223 225/225/225 
f 233/233/233 234/234/234 235/235/235 
f 236/236/236 235/235/235 234/234/234 
f 238/238/238 239/239/239 237/237/237 
f 239/239/239 238/238/238 240/240/240 
f 239/239/239 240/240/240 241/241/241 
f 242/242/242 241/241/241 240/240/240 
f 245/245/245 246/246/246 244/244/244 
f 246/246/246 245/245/245 247/247/247 
f 246/246/246 247/247/247 248/248/248 
f 249/249/249 248/248/248 247/247/247 
f 251/251/251 252/252/252 250/250/250 
f 252/252/252 251/251/251 253/253/253 
f 252/252/252 253/253/253 254/254/254 
f 255/255/255 254/254/254 253/253/253 
f 256/256/256 257/257/257 258/258/258 
f 257/257/257 256/256/256 259/259/259 
f 259/259/259 260/260/260 257/257/257 
f 260/260/260 259/259/259 261/261/261 
f 258/258/258 262/262/262 256/256/256 
f 262/262/262 258/258/258 263/263/263 
f 264/264/264 263/263/263 258/258/258 
f 263/263/263 264/264/264 265/265/265 
f 266/266/266 267/267/267 268/268/268 
f 267/267/267 266/266/266 269/269/269 
f 267/267/267 269/269/269 270/270/270 
f 268/268/268 271/271/271 266/266/266 
f 271/271/271 268/268/268 272/272/272 
f 273/273/273 274/274/274 275/275/275 
f 275/275/275 274/274/274 276/276/276 
f 277/277/277 278/278/278 279/279/279 
f 280/280/280 278/278/278 277/277/277 
f 278/278/278 280/280/280 281/281/281 
f 300/300/300 301/301/301 302/302/302 
f 300/300/300 302/302/302 303/303/303 
f 304/304/304 305/305/305 306/306/306 
f 304/304/304 306/306/306 307/307/307 
f 311/311/311 312/312/312 313/313/313 
f 311/311/311 313/313/313 314/314/314 
f 318/318/318 320/320/320 319/319/319 
f 320/320/320 318/318/318 321/321/321 
f 321/321/321 322/322/322 320/320/320 
f 320/320/320 322/322/322 323/323/323 
f 324/324/324 325/325/325 326/326/326 
f 324/324/324 326/326/326 327/327/327 
f 328/328/328 329/329/329 330/330/330 
f 328/328/328 330/330/330 331/331/331 
f 342/342/342 343/343/343 344/344/344 
f 342/342/342 344/344/344 345/345/345 
f 348/348/348 349/349/349 350/350/350 
f 348/348/348 351/351/351 349/349/349 
f 348/348/348 352/352/352 351/351/351 
f 353/353/353 351/351/351 352/352/352 
f 352/352/352 354/354/354 353/353/353 
f 355/355/355 353/353/353 354/354/354 
f 355/355/355 354/354/354 356/356/356 
f 357/357/357 355/355/355 356/356/356 
f 355/355/355 357/357/357 358/358/358 
f 358/358/358 357/357/357 359/359/359 
f 359/359/359 357/357/357 360/360/360 
f 352/352/352 361/361/361 354/354/354 
f 361/361/361 362/362/362 354/354/354 
f 361/361/361 352/352/352 363/363/363 
f 362/362/362 361/361/361 364/364/364 
f 365/365/365 362/362/362 364/364/364 
f 362/362/362 365/365/365 366/366/366 
f 365/365/365 367/367/367 366/366/366 
f 368/368/368 367/367/367 365/365/365 
f 361/361/361 363/363/363 369/369/369 
f 369/369/369 370/370/370 361/361/361 
f 369/369/369 363/363/363 371/371/371 
f 370/370/370 369/369/369 372/372/372 
f 373/373/373 371/371/371 363/363/363 
f 371/371/371 373/373/373 374/374/374 
f 373/373/373 375/375/375 374/374/374 
f 372/372/372 376/376/376 370/370/370 
f 376/376/376 377/377/377 370/370/370 
f 377/377/377 376/376/376 378/378/378 
f 381/381/381 380/380/380 382/382/382 
f 381/381/381 382/382/382 384/384/384 
f 384/384/384 382/382/382 385/385/385 
f 384/384/384 385/385/385 383/383/383 
f 386/386/386 387/387/387 388/388/388 
f 386/386/386 388/388/388 389/389/389 
f 403/403/403 404/404/404 405/405/405 
f 404/404/404 403/403/403 406/406/406 
f 408/408/408 410/410/410 409/409/409 
f 410/410/410 408/408/408 411/411/411 
f 412/412/412 413/413/413 414/414/414 
f 413/413/413 412/412/412 415/415/415 
f 416/416/416 417/417/417 418/418/418 
f 416/416/416 418/418/418 419/419/419 
f 420/420/420 421/421/421 422/422/422 
f 423/423/423 422/422/422 421/421/421 
f 421/421/421 420/420/420 424/424/424 
f 421/421/421 424/424/424 425/425/425 
f 426/426/426 427/427/427 428/428/428 
f 427/427/427 429/429/429 428/428/428 
f 430/430/430 431/431/431 432/432/432 
f 430/430/430 432/432/432 433/433/433 
f 439/439/439 438/438/438 440/440/440 
f 439/439/439 440/440/440 441/441/441 
f 441/441/441 440/440/440 442/442/442 
f 441/441/441 442/442/442 443/443/443 
f 443/443/443 442/442/442 444/444/444 
f 443/443/443 444/444/444 445/445/445 
f 446/446/446 447/447/447 448/448/448 
f 447/447/447 449/449/449 448/448/448 
f 450/450/450 451/451/451 452/452/452 
f 453/453/453 452/452/452 451/451/451 
f 457/457/457 458/458/458 459/459/459 
f 460/460/460 459/459/459 458/458/458 
f 466/466/466 465/465/465 464/464/464 
f 465/465/465 466/466/466 467/467/467 
f 468/468/468 467/467/467 466/466/466 
f 467/467/467 468/468/468 469/469/469 
f 470/470/470 471/471/471 472/472/472 
f 470/470/470 472/472/472 473/473/473 
f 471/471/471 470/470/470 474/474/474 
f 471/471/471 474/474/474 475/475/475 
f 470/470/470 473/473/473 476/476/476 
f 473/473/473 477/477/477 476/476/476 
f 477/477/477 478/478/478 476/476/476 
f 477/477/477 479/479/479 478/478/478 
f 478/478/478 479/479/479 480/480/480 
f 479/479/479 477/477/477 481/481/481 
f 484/484/484 485/485/485 486/486/486 
f 486/486/486 485/485/485 487/487/487 
f 488/488/488 489/489/489 490/490/490 
f 489/489/489 488/488/488 491/491/491 
f 492/492/492 488/488/488 490/490/490 
f 492/492/492 490/490/490 493/493/493 
f 491/491/491 488/488/488 494/494/494 
f 491/491/491 494/494/494 495/495/495 
f 496/496/496 495/495/495 494/494/494 
f 495/495/495 496/496/496 497/497/497 
f 498/498/498 499/499/499 500/500/500 
f 498/498/498 500/500/500 501/501/501 
f 507/507/507 508/508/508 509/509/509 
f 507/507/507 509/509/509 510/510/510 
f 510/510/510 509/509/509 511/511/511 
f 510/510/510 511/511/511 512/512/512 
f 527/527/527 528/528/528 529/529/529 
f 527/527/527 529/529/529 530/530/530 
f 537/537/537 538/538/538 539/539/539 
f 537/537/537 539/539/539 540/540/540 
f 542/542/542 543/543/543 544/544/544 
f 543/543/543 542/542/542 545/545/545 
f 547/547/547 548/548/548 549/549/549 
f 547/547/547 549/549/549 550/550/550 
f 551/551/551 552/552/552 553/553/553 
f 554/554/554 555/555/555 556/556/556 
f 554/554/554 556/556/556 557/557/557 
f 558/558/558 559/559/559 560/560/560 
f 558/558/558 560/560/560 561/561/561 
f 562/562/562 563/563/563 564/564/564 
f 565/565/565 562/562/562 564/564/564 
f 562/562/562 565/565/565 566/566/566 
f 565/565/565 567/567/567 568/568/568 
f 569/569/569 570/570/570 571/571/571 
f 571/571/571 570/570/570 572/572/572 
f 570/570/570 569/569/569 573/573/573 
f 574/574/574 575/575/575 576/576/576 
f 575/575/575 574/574/574 577/577/577 
f 574/574/574 576/576/576 578/578/578 
f 578/578/578 579/579/579 574/574/574 
f 574/574/574 580/580/580 577/577/577 
f 580/580/580 574/574/574 581/581/581 
f 600/600/600 597/597/597 598/598/598 
f 600/600/600 601/601/601 597/597/597 
f 600/600/600 602/602/602 601/601/601 
f 602/602/602 600/600/600 603/603/603 
f 606/606/606 607/607/607 608/608/608 
f 606/606/606 608/608/608 609/609/609 
f 611/611/611 610/610/610 612/612/612 
f 611/611/611 612/612/612 613/613/613 
f 613/613/613 612/612/612 614/614/614 
f 613/613/613 614/614/614 615/615/615 
f 620/620/620 621/621/621 622/622/622 
f 621/621/621 620/620/620 623/623/623 
f 624/624/624 623/623/623 620/620/620 
f 624/624/624 620/620/620 625/625/625 
f 626/626/626 624/624/624 625/625/625 
f 626/626/626 627/627/627 624/624/624 
f 621/621/621 628/628/628 622/622/622 
f 622/622/622 628/628/628 629/629/629 
f 622/622/622 629/629/629 630/630/630 
f 622/622/622 630/630/630 631/631/631 
f 628/628/628 632/632/632 629/629/629 
f 630/630/630 633/633/633 631/631/631 
f 634/634/634 633/633/633 630/630/630 
f 635/635/635 633/633/633 634/634/634 
f 633/633/633 635/635/635 636/636/636 
f 637/637/637 632/632/632 628/628/628 
f 632/632/632 637/637/637 638/638/638 
f 637/637/637 639/639/639 638/638/638 
f 628/628/628 621/621/621 640/640/640 
f 640/640/640 621/621/621 641/641/641 
f 642/642/642 641/641/641 621/621/621 
f 641/641/641 643/643/643 640/640/640 
f 641/641/641 642/642/642 644/644/644 
f 645/645/645 640/640/640 643/643/643 
f 645/645/645 643/643/643 646/646/646 
f 647/647/647 645/645/645 646/646/646 
f 642/642/642 648/648/648 644/644/644 
f 649/649/649 648/648/648 642/642/642 
f 648/648/648 649/649/649 650/650/650 
f 649/649/649 651/651/651 650/650/650 
f 653/653/653 654/654/654 655/655/655 
f 653/653/653 655/655/655 656/656/656 
f 657/657/657 658/658/658 659/659/659 
f 659/659/659 658/658/658 660/660/660 
f 661/661/661 660/660/660 658/658/658 
f 660/660/660 661/661/661 662/662/662 
f 680/680/680 679/679/679 681/681/681 
f 681/681/681 682/682/682 680/680/680 
f 686/686/686 684/684/684 685/685/685 
f 686/686/686 687/687/687 684/684/684 
f 688/688/688 689/689/689 690/690/690 
f 689/689/689 688/688/688 691/691/691 
f 692/692/692 688/688/688 690/690/690 
f 688/688/688 692/692/692 693/693/693 
f 694/694/694 695/695/695 696/696/696 
f 696/696/696 695/695/695 697/697/697 
f 703/703/703 704/704/704 705/705/705 
f 703/703/703 705/705/705 706/706/706 
f 711/711/711 710/710/710 712/712/712 
f 712/712/712 713/713/713 711/711/711 
f 714/714/714 715/715/715 716/716/716 
f 716/716/716 717/717/717 714/714/714 
f 718/718/718 719/719/719 720/720/720 
f 720/720/720 719/719/719 721/721/721 
f 722/722/722 723/723/723 724/724/724 
f 724/724/724 723/723/723 725/725/725 
f 726/726/726 727/727/727 728/728/728 
f 728/728/728 727/727/727 729/729/729 
f 730/730/730 731/731/731 732/732/732 
f 732/732/732 731/731/731 733/733/733 
f 746/746/746 747/747/747 748/748/748 
f 746/746/746 748/748/748 749/749/749 
f 750/750/750 751/751/751 752/752/752 
f 752/752/752 751/751/751 753/753/753 
f 754/754/754 755/755/755 756/756/756 
f 755/755/755 754/754/754 757/757/757 
f 758/758/758 759/759/759 760/760/760 
f 759/759/759 758/758/758 761/761/761 
f 762/762/762 758/758/758 760/760/760 
f 762/762/762 763/763/763 758/758/758 
f 766/766/766 764/764/764 765/765/765 
f 764/764/764 766/766/766 767/767/767 
f 768/768/768 767/767/767 766/766/766 
f 767/767/767 768/768/768 769/769/769 
f 770/770/770 771/771/771 772/772/772 
f 772/772/772 771/771/771 773/773/773 
f 775/775/775 776/776/776 777/777/777 
f 777/777/777 778/778/778 775/775/775 
f 779/779/779 780/780/780 781/781/781 
f 780/780/780 779/779/779 782/782/782 
f 783/783/783 784/784/784 785/785/785 
f 784/784/784 783/783/783 786/786/786 
f 787/787/787 788/788/788 789/789/789 
f 787/787/787 789/789/789 790/790/790 
f 790/790/790 789/789/789 791/791/791 
f 790/790/790 791/791/791 792/792/792 
f 793/793/793 794/794/794 795/795/795 
f 794/794/794 793/793/793 796/796/796 
f 797/797/797 798/798/798 799/799/799 
f 799/799/799 798/798/798 800/800/800 
f 802/802/802 801/801/801 803/803/803 
f 803/803/803 804/804/804 802/802/802 
f 805/805/805 806/806/806 807/807/807 
f 807/807/807 806/806/806 808/808/808 

g Meshpart5

v -189.857 6.14353 -4.94995 
v -189.819 6.23536 -4.94995 
v -189.742 6.23536 -4.94995 
v -189.857 6.32719 -4.94995 
v -189.803 6.08908 -4.94995 
v -189.803 6.38164 -4.94995 
v -189.949 6.10549 -4.94995 
v -189.949 6.36523 -4.94995 
v -189.949 6.02849 -4.94995 
v -189.949 6.44224 -4.94995 
v -190.095 6.08908 -4.94995 
v -190.095 6.38164 -4.94995 
v -190.041 6.14353 -4.94995 
v -190.041 6.32719 -4.94995 
v -190.156 6.23536 -4.94995 
v -190.079 6.23536 -4.94995 
v -190.041 6.32719 -4.62328 
v -189.949 6.36523 -4.62328 
v -190.079 6.23536 -4.62328 
v -189.857 6.32719 -4.62328 
v -189.819 6.23536 -4.62328 
v -190.041 6.14353 -4.62328 
v -189.949 6.10549 -4.62328 
v -189.857 6.14353 -4.62328 
v -189.826 5.98004 -4.64966 
v -190.072 5.73335 -4.64966 
v -190.072 5.98004 -4.64966 
v -190.124 5.85669 -4.64966 
v -189.949 6.03113 -4.64966 
v -189.826 5.73335 -4.64966 
v -189.949 5.68226 -4.64966 
v -189.775 5.85669 -4.64966 
v -190.142 5.73028 -0.0320094 
v -189.949 6.45744 0.143297 
v -189.69 6.01182 0.0647241 
v -189.69 5.37976 0.311574 
v -190.208 5.37976 0.311574 
v -190.195 6.0276 -2.37845 
v -190.159 6.44657 -2.37845 
v -189.703 6.0276 -2.37845 
v -189.739 6.44657 -2.37845 
v -190.176 5.86542 -2.37845 
v -189.723 5.86542 -2.37845 
v -190.142 5.73028 -2.37845 
v -189.756 5.73028 -2.37845 
v -189.729 6.32353 -1.22337 
v -189.709 5.97373 -1.22337 
v -190.11 5.95003 -0.964417 
v -190.072 5.73335 -2.09625 
v -190.08 6.32353 -1.22337 
v -189.703 6.0276 -1.22337 
v -190.08 5.97373 -1.22337 
v -189.709 5.97373 -1.22337 
v -189.729 6.32353 -1.22337 
v -190.11 4.93044 -0.804933 
v -190.11 5.95003 -0.964417 
v -189.789 5.95003 -0.964417 
v -189.789 4.93044 -0.804933 
v -189.789 4.83336 -0.862757 
v -190.11 4.83336 -0.862757 
v -189.789 4.67196 -0.83751 
v -190.11 4.67196 -0.83751 
v -189.949 6.44224 -2.24219 
v -190.208 6.14773 0.0886892 
v -189.69 6.14773 0.0886892 
v -190.208 6.01182 0.0647241 
v -190.132 6.36672 0.127302 
v -189.766 6.36672 0.127302 
v -189.949 6.45744 0.143297 
v -189.69 6.01182 0.0647241 
v -189.69 5.66365 0.361631 
v -190.208 5.66365 0.361631 
v -189.69 5.37976 0.311574 
v -190.208 5.37976 0.311574 
v -190.041 6.14353 -4.94995 
v -189.857 6.14353 -4.94995 
v -190.041 6.14353 -4.62328 
v -189.949 6.10549 -4.94995 
v -189.949 6.10549 -4.62328 
v -189.857 6.14353 -4.62328 
v -189.739 6.44657 -0.436804 
v -189.739 6.44657 -2.37845 
v -190.159 6.44657 -0.436804 
v -190.159 6.44657 -2.37845 
v -190.132 6.08069 1.74951 
v -190.132 6.36672 0.127302 
v -189.949 6.45744 0.143297 
v -189.949 6.1714 1.7655 
v -189.766 6.08069 1.74951 
v -189.766 6.36672 0.127302 
v -189.69 5.86169 1.71089 
v -189.69 6.01182 0.0647241 
v -189.703 6.0276 -2.37845 
v -189.729 6.32353 -1.22337 
v -189.709 5.97373 -1.22337 
v -190.11 5.95003 -0.964417 
v -190.08 5.97373 -1.99589 
v -190.08 5.97373 -1.22337 
v -189.709 5.97373 -1.22337 
v -189.709 5.97373 -1.99589 
v -190.072 5.98004 -2.09625 
v -190.072 5.73335 -2.09625 
v -190.072 5.98004 -4.64966 
v -189.949 6.03113 -2.09625 
v -189.949 6.03113 -4.64966 
v -189.826 5.98004 -2.09625 
v -189.826 5.98004 -4.64966 
v -190.095 6.38164 -2.24219 
v -190.095 6.38164 -4.94995 
v -189.949 6.44224 -4.94995 
v -189.949 6.44224 -2.24219 
v -189.803 6.38164 -2.24219 
v -189.803 6.38164 -4.94995 
v -189.949 6.02849 -4.94995 
v -189.949 6.44224 -4.94995 
v -190.041 6.32719 -4.94995 
v -190.041 6.32719 -4.62328 
v -190.079 6.23536 -4.94995 
v -189.949 6.36523 -4.62328 
v -190.079 6.23536 -4.62328 
v -190.041 6.14353 -4.94995 
v -190.041 6.14353 -4.62328 
v -189.949 6.03113 -4.64966 
v -190.11 4.80103 -0.0123407 
v -190.159 6.44657 -0.436804 
v -190.142 5.73028 -0.0320094 
v -190.127 5.66378 -0.108386 
v -190.11 4.67196 -0.83751 
v -189.739 6.44657 -2.37845 
v -190.132 6.08069 1.74951 
v -189.949 6.45744 0.143297 
v -189.949 6.1714 1.7655 
v -189.766 6.08069 1.74951 
v -189.766 6.36672 0.127302 
v -189.69 6.14773 0.0886892 
v -189.69 5.86169 1.71089 
v -189.69 5.66365 0.361631 
v -189.69 6.01182 0.0647241 
v -189.69 5.29453 0.794947 
v -189.69 5.37976 0.311574 
v -189.69 5.50834 1.64859 
v -189.69 5.07165 1.24458 
v -189.69 5.15499 1.58628 
v -189.69 5.01572 1.56173 
v -190.208 5.07165 1.24458 
v -190.142 5.73028 -2.37845 
v -189.739 6.44657 -2.37845 
v -189.739 6.44657 -0.436804 
v -189.729 6.32353 -1.22337 
v -189.703 6.0276 -1.22337 
v -189.729 6.32353 -1.99589 
v -189.703 6.0276 -0.0320094 
v -189.703 6.0276 -2.37845 
v -189.709 5.97373 -1.22337 
v -189.703 6.0276 -1.99589 
v -189.709 5.97373 -1.99589 
v -189.723 5.86542 -2.37845 
v -189.723 5.86542 -0.0320094 
v -189.756 5.73028 -2.37845 
v -189.756 5.73028 -0.0320094 
v -189.771 5.66378 -2.24606 
v -189.771 5.66378 -0.108386 
v -190.11 5.95003 -0.964417 
v -189.789 5.04837 -0.0510294 
v -189.789 5.95003 -0.964417 
v -189.789 6.06796 -0.210516 
v -189.789 4.93044 -0.804933 
v -189.789 4.96243 -0.0375878 
v -189.789 4.83336 -0.862757 
v -189.789 4.67196 -0.83751 
v -189.789 4.80103 -0.0123407 
v -190.072 5.73335 -2.09625 
v -189.949 6.03113 -2.09625 
v -189.949 5.68226 -2.09625 
v -189.949 6.03113 -4.64966 
v -189.826 5.73335 -4.64966 
v -189.826 5.98004 -2.09625 
v -189.826 5.73335 -2.09625 
v -189.826 5.98004 -4.64966 
v -189.775 5.85669 -4.64966 
v -189.775 5.85669 -2.09625 
v -190.08 6.32353 -1.99589 
v -190.08 6.32353 -1.22337 
v -190.08 5.97373 -1.99589 
v -190.08 5.97373 -1.22337 
v -189.949 6.02849 -4.94995 
v -189.949 6.44224 -4.94995 
v -189.803 6.08908 -4.94995 
v -189.949 6.44224 -2.24219 
v -189.803 6.08908 -2.24219 
v -189.803 6.38164 -2.24219 
v -189.742 6.23536 -4.94995 
v -189.803 6.38164 -4.94995 
v -189.742 6.23536 -2.24219 
v -190.11 6.06796 -0.210516 
v -190.11 5.04837 -0.0510294 
v -189.789 5.04837 -0.0510294 
v -189.789 6.06796 -0.210516 
v -190.11 4.96243 -0.0375878 
v -189.789 4.96243 -0.0375878 
v -190.11 4.80103 -0.0123407 
v -189.789 4.80103 -0.0123407 
v -190.195 6.0276 -0.0320094 
v -189.739 6.44657 -0.436804 
v -190.159 6.44657 -0.436804 
v -189.703 6.0276 -0.0320094 
v -189.723 5.86542 -0.0320094 
v -190.176 5.86542 -0.0320094 
v -189.756 5.73028 -0.0320094 
v -190.142 5.73028 -0.0320094 
v -189.771 5.66378 -0.108386 
v -190.127 5.66378 -0.108386 
v -189.949 6.45744 0.143297 
v -189.69 6.01182 0.0647241 
v -189.703 6.0276 -2.37845 
v -190.072 5.73335 -2.09625 
v -190.08 5.97373 -1.99589 
v -189.703 6.0276 -1.99589 
v -190.08 6.32353 -1.99589 
v -189.729 6.32353 -1.99589 
v -189.709 5.97373 -1.99589 
v -190.041 6.32719 -4.94995 
v -190.041 6.32719 -4.62328 
v -189.949 6.36523 -4.62328 
v -189.949 6.36523 -4.94995 
v -189.857 6.32719 -4.62328 
v -189.857 6.32719 -4.94995 
v -190.041 6.14353 -4.94995 
v -189.857 6.14353 -4.94995 
v -189.756 5.73028 -0.0320094 
v -190.142 5.73028 -0.0320094 
v -189.771 5.66378 -0.108386 
v -190.127 5.66378 -0.108386 
v -190.11 4.80103 -0.0123407 
v -190.11 4.67196 -0.83751 
v -189.789 4.67196 -0.83751 
v -189.789 4.80103 -0.0123407 
v -190.132 6.08069 1.74951 
v -189.949 6.45744 0.143297 
v -189.949 6.1714 1.7655 
v -189.69 6.01182 0.0647241 
v -189.69 5.37976 0.311574 
v -189.69 5.07165 1.24458 
v -189.69 5.01572 1.56173 
v -190.208 5.37976 0.311574 
v -190.208 5.07165 1.24458 
v -190.208 5.01572 1.56173 
v -189.703 6.0276 -2.37845 
v -190.142 5.73028 -2.37845 
v -189.756 5.73028 -2.37845 
v -190.127 5.66378 -2.24606 
v -189.771 5.66378 -2.24606 
v -189.771 5.66378 -2.24606 
v -189.771 5.66378 -0.108386 
v -190.127 5.66378 -2.24606 
v -190.127 5.66378 -0.108386 
v -189.709 5.97373 -1.22337 
v -190.072 5.73335 -4.64966 
v -190.072 5.73335 -2.09625 
v -189.949 5.68226 -4.64966 
v -189.949 5.68226 -2.09625 
v -189.826 5.73335 -4.64966 
v -189.826 5.73335 -2.09625 
v -189.775 5.85669 -4.64966 
v -190.208 5.29453 0.794947 
v -190.208 5.37976 0.311574 
v -189.69 5.29453 0.794947 
v -189.69 5.37976 0.311574 
v -189.69 5.07165 1.24458 
v -190.208 5.07165 1.24458 
v -189.69 5.01572 1.56173 
v -190.208 5.01572 1.56173 
v -190.08 6.32353 -1.22337 
v -190.08 6.32353 -1.99589 
v -189.729 6.32353 -1.99589 
v -189.729 6.32353 -1.22337 
v -190.095 6.08908 -4.94995 
v -190.095 6.08908 -2.24219 
v -189.949 6.02849 -4.94995 
v -189.949 6.02849 -2.24219 
v -189.803 6.08908 -4.94995 
v -189.803 6.08908 -2.24219 
v -189.949 6.02849 -4.94995 
v -189.949 6.44224 -4.94995 
v -189.949 6.36523 -4.62328 
v -189.857 6.32719 -4.62328 
v -189.857 6.32719 -4.94995 
v -189.819 6.23536 -4.62328 
v -189.819 6.23536 -4.94995 
v -189.857 6.14353 -4.94995 
v -190.041 6.14353 -4.62328 
v -189.857 6.14353 -4.62328 
v -189.949 6.03113 -4.64966 
v -190.11 4.80103 -0.0123407 
v -190.159 6.44657 -0.436804 
v -190.142 5.73028 -0.0320094 
v -190.127 5.66378 -0.108386 
v -190.11 4.67196 -0.83751 
v -189.739 6.44657 -2.37845 
v -190.132 6.08069 1.74951 
v -190.132 6.36672 0.127302 
v -190.208 6.14773 0.0886892 
v -189.949 6.45744 0.143297 
v -189.949 6.1714 1.7655 
v -190.208 5.86169 1.71089 
v -189.69 5.66365 0.361631 
v -190.208 5.66365 0.361631 
v -190.208 6.01182 0.0647241 
v -190.208 5.29453 0.794947 
v -190.208 5.37976 0.311574 
v -190.208 5.07165 1.24458 
v -190.208 5.15499 1.58628 
v -190.208 5.01572 1.56173 
v -190.142 5.73028 -2.37845 
v -190.195 6.0276 -2.37845 
v -190.159 6.44657 -0.436804 
v -190.159 6.44657 -2.37845 
v -190.195 6.0276 -0.0320094 
v -190.176 5.86542 -0.0320094 
v -190.176 5.86542 -2.37845 
v -190.142 5.73028 -0.0320094 
v -190.142 5.73028 -2.37845 
v -190.127 5.66378 -2.24606 
v -190.127 5.66378 -0.108386 
v -190.11 5.04837 -0.0510294 
v -190.11 5.95003 -0.964417 
v -190.11 4.93044 -0.804933 
v -190.11 6.06796 -0.210516 
v -190.11 4.96243 -0.0375878 
v -190.11 4.83336 -0.862757 
v -190.11 4.67196 -0.83751 
v -190.11 4.80103 -0.0123407 
v -189.789 5.95003 -0.964417 
v -190.124 5.85669 -2.09625 
v -190.124 5.85669 -4.64966 
v -190.072 5.73335 -4.64966 
v -190.072 5.98004 -2.09625 
v -190.072 5.73335 -2.09625 
v -190.072 5.98004 -4.64966 
v -189.949 5.68226 -4.64966 
v -189.949 6.03113 -2.09625 
v -189.949 5.68226 -2.09625 
v -189.949 6.03113 -4.64966 
v -190.095 6.08908 -4.94995 
v -190.156 6.23536 -2.24219 
v -190.156 6.23536 -4.94995 
v -190.095 6.08908 -2.24219 
v -190.095 6.38164 -2.24219 
v -189.949 6.02849 -4.94995 
v -190.095 6.38164 -4.94995 

vn 0 0 -1 
vn 0 0 -1 
vn 0 0 -1 
vn 0 0 -1 
vn 0 0 -1 
vn 0 0 -1 
vn 0 0 -1 
vn 0 0 -1 
vn 0 0 -1 
vn 0 0 -1 
vn 0 0 -1 
vn 0 0 -1 
vn 0 0 -1 
vn 0 0 -1 
vn 0 0 -1 
vn 0 0 -1 
vn 0.551181 -0.551181 -0.629921 
vn 0 -0.779528 -0.629921 
vn 0.779528 0 -0.629921 
vn -0.551181 -0.551181 -0.629921 
vn -0.779528 0 -0.629921 
vn 0.551181 0.551181 -0.629921 
vn 0 0.779528 -0.629921 
vn -0.551181 0.551181 -0.629921 
vn 0 0 -1 
vn 0 0 -1 
vn 0 0 -1 
vn 0 0 -1 
vn 0 0 -1 
vn 0 0 -1 
vn 0 0 -1 
vn 0 0 -1 
vn 0 -0.362205 0.929134 
vn 0 0.984252 0.173228 
vn 1 0 0 
vn 1 0 0 
vn -1 0 0 
vn 0 0 -1 
vn 0 0 -1 
vn 0 0 -1 
vn 0 0 -1 
vn 0 0 -1 
vn 0 0 -1 
vn 0 -0.472441 -0.88189 
vn 0 -0.472441 -0.88189 
vn 1 0.0866142 0 
vn 0.992126 -0.11811 0 
vn -1 0 0 
vn -0.708661 -0.708661 0 
vn 0 0 -1 
vn 0 0 -1 
vn 0 0 -1 
vn 0 0 -1 
vn 0 0 -1 
vn 0 0.188976 -0.984252 
vn 0 -0.15748 -0.984252 
vn 0 -0.15748 -0.984252 
vn 0 0.188976 -0.984252 
vn 0 0.188976 -0.984252 
vn 0 0.188976 -0.984252 
vn 0 -0.15748 -0.984252 
vn 0 -0.15748 -0.984252 
vn 0 1 0 
vn 0 0.173228 -0.984252 
vn 0 0.173228 -0.984252 
vn 0 -0.259843 -0.968504 
vn 0 0.173228 -0.984252 
vn 0 0.173228 -0.984252 
vn 0 0.173228 -0.984252 
vn 0 -0.259843 -0.968504 
vn 0 -0.259843 -0.968504 
vn 0 -0.259843 -0.968504 
vn 0 0.173228 -0.984252 
vn 0 0.173228 -0.984252 
vn 0.708661 0.708661 0 
vn -0.708661 0.708661 0 
vn 0.551181 0.551181 -0.629921 
vn 0 1 0 
vn 0 0.779528 -0.629921 
vn -0.551181 0.551181 -0.629921 
vn 0 1 0 
vn 0 1 0 
vn 0 1 0 
vn 0 1 0 
vn -0.755906 0.645669 0.110236 
vn -0.755906 0.645669 0.110236 
vn 0 0.984252 0.173228 
vn 0 0.984252 0.173228 
vn 0.755906 0.645669 0.110236 
vn 0.755906 0.645669 0.110236 
vn 0.984252 0.15748 0.0314961 
vn 1 0 0 
vn 0 0 -1 
vn 1 0.0866142 0 
vn 0.992126 -0.11811 0 
vn -1 0 0 
vn 0 1 0 
vn 0 1 0 
vn 0 1 0 
vn 0 1 0 
vn -0.708661 0.708661 0 
vn -0.708661 -0.708661 0 
vn -0.708661 0.708661 0 
vn 0 1 0 
vn 0 1 0 
vn 0.708661 0.708661 0 
vn 0.708661 0.708661 0 
vn -0.708661 0.708661 0 
vn -0.708661 0.708661 0 
vn 0 1 0 
vn 0 1 0 
vn 0.708661 0.708661 0 
vn 0.708661 0.708661 0 
vn 0 0 -1 
vn 0 0 -1 
vn 0.708661 -0.708661 0 
vn 0.551181 -0.551181 -0.629921 
vn 1 0 0 
vn 0 -0.779528 -0.629921 
vn 0.779528 0 -0.629921 
vn 0.708661 0.708661 0 
vn 0.551181 0.551181 -0.629921 
vn 0 0 -1 
vn 0 0.15748 0.984252 
vn 0 0.692913 0.716535 
vn 0 -0.362205 0.929134 
vn 0 -0.755906 0.653543 
vn 0 -0.984252 0.15748 
vn 0 1 0 
vn -0.755906 0.645669 0.110236 
vn 0 0.984252 0.173228 
vn 0 0.984252 0.173228 
vn 0.755906 0.645669 0.110236 
vn 0.755906 0.645669 0.110236 
vn 0.984252 0.15748 0.0314961 
vn 0.984252 0.15748 0.0314961 
vn 1 0 0 
vn 1 0 0 
vn 1 0 0 
vn 1 0 0 
vn 1 0 0 
vn 1 0 0 
vn 1 0 0 
vn 1 0 0 
vn -1 0 0 
vn 0 -0.472441 -0.88189 
vn 1 0.0866142 0 
vn 1 0.0866142 0 
vn 1 0.0866142 0 
vn 1 -0.015748 0 
vn 1 0.0866142 0 
vn 1 -0.0551181 0 
vn 1 -0.015748 0 
vn 0.992126 -0.11811 0 
vn 1 -0.015748 0 
vn 0.992126 -0.11811 0 
vn 0.984252 -0.181102 0 
vn 0.984252 -0.181102 0 
vn 0.968504 -0.23622 0 
vn 0.976378 -0.23622 0 
vn 0.976378 -0.212598 0 
vn 0.976378 -0.212598 0 
vn -1 0 0 
vn 1 0 0 
vn 1 0 0 
vn 1 0 0 
vn 1 0 0 
vn 1 0 0 
vn 1 0 0 
vn 1 0 0 
vn 1 0 0 
vn -0.708661 -0.708661 0 
vn 0 1 0 
vn 0 -1 0 
vn 0 1 0 
vn 0.708661 -0.708661 0 
vn 0.708661 0.708661 0 
vn 0.708661 -0.708661 0 
vn 0.708661 0.708661 0 
vn 1 0 0 
vn 1 0 0 
vn 1 0 0 
vn 1 0 0 
vn 1 0 0 
vn 1 0 0 
vn 0 -1 0 
vn 0 1 0 
vn 0.708661 -0.708661 0 
vn 0 1 0 
vn 0.708661 -0.708661 0 
vn 0.708661 0.708661 0 
vn 1 0 0 
vn 0.708661 0.708661 0 
vn 1 0 0 
vn 0 0.15748 0.984252 
vn 0 0.15748 0.984252 
vn 0 0.15748 0.984252 
vn 0 0.15748 0.984252 
vn 0 0.15748 0.984252 
vn 0 0.15748 0.984252 
vn 0 0.15748 0.984252 
vn 0 0.15748 0.984252 
vn 0 0.385827 0.92126 
vn 0 0.692913 0.716535 
vn 0 0.692913 0.716535 
vn 0 0.385827 0.92126 
vn 0 0 1 
vn 0 0 1 
vn 0 -0.362205 0.929134 
vn 0 -0.362205 0.929134 
vn 0 -0.755906 0.653543 
vn 0 -0.755906 0.653543 
vn 0 0.984252 0.173228 
vn 1 0 0 
vn 0 0 -1 
vn -0.708661 -0.708661 0 
vn 0 0 1 
vn 0 0 1 
vn 0 0 1 
vn 0 0 1 
vn 0 0 1 
vn 0.708661 -0.708661 0 
vn 0.551181 -0.551181 -0.629921 
vn 0 -0.779528 -0.629921 
vn 0 -1 0 
vn -0.551181 -0.551181 -0.629921 
vn -0.708661 -0.708661 0 
vn 0.708661 0.708661 0 
vn -0.708661 0.708661 0 
vn 0 -0.362205 0.929134 
vn 0 -0.362205 0.929134 
vn 0 -0.755906 0.653543 
vn 0 -0.755906 0.653543 
vn 0 -0.984252 0.15748 
vn 0 -0.984252 0.15748 
vn 0 -0.984252 0.15748 
vn 0 -0.984252 0.15748 
vn -0.755906 0.645669 0.110236 
vn 0 0.984252 0.173228 
vn 0 0.984252 0.173228 
vn 1 0 0 
vn 1 0 0 
vn 1 0 0 
vn 1 0 0 
vn -1 0 0 
vn -1 0 0 
vn -1 0 0 
vn 0 0 -1 
vn 0 -0.472441 -0.88189 
vn 0 -0.472441 -0.88189 
vn 0 -0.889764 -0.448819 
vn 0 -0.889764 -0.448819 
vn 0 -1 0 
vn 0 -1 0 
vn 0 -1 0 
vn 0 -1 0 
vn 0.992126 -0.11811 0 
vn -0.708661 -0.708661 0 
vn -0.708661 -0.708661 0 
vn 0 -1 0 
vn 0 -1 0 
vn 0.708661 -0.708661 0 
vn 0.708661 -0.708661 0 
vn 1 0 0 
vn 0 -0.952756 -0.314961 
vn 0 -0.984252 -0.173228 
vn 0 -0.952756 -0.314961 
vn 0 -0.984252 -0.173228 
vn 0 -0.952756 -0.314961 
vn 0 -0.952756 -0.314961 
vn 0 -0.984252 -0.173228 
vn 0 -0.984252 -0.173228 
vn 0 -1 0 
vn 0 -1 0 
vn 0 -1 0 
vn 0 -1 0 
vn -0.708661 -0.708661 0 
vn -0.708661 -0.708661 0 
vn 0 -1 0 
vn 0 -1 0 
vn 0.708661 -0.708661 0 
vn 0.708661 -0.708661 0 
vn 0 0 -1 
vn 0 0 -1 
vn 0 -0.779528 -0.629921 
vn -0.551181 -0.551181 -0.629921 
vn -0.708661 -0.708661 0 
vn -0.779528 0 -0.629921 
vn -1 0 0 
vn -0.708661 0.708661 0 
vn 0.551181 0.551181 -0.629921 
vn -0.551181 0.551181 -0.629921 
vn 0 0 -1 
vn 0 0.15748 0.984252 
vn 0 0.692913 0.716535 
vn 0 -0.362205 0.929134 
vn 0 -0.755906 0.653543 
vn 0 -0.984252 0.15748 
vn 0 1 0 
vn -0.755906 0.645669 0.110236 
vn -0.755906 0.645669 0.110236 
vn -0.984252 0.15748 0.0314961 
vn 0 0.984252 0.173228 
vn 0 0.984252 0.173228 
vn -0.984252 0.15748 0.0314961 
vn 1 0 0 
vn -1 0 0 
vn -1 0 0 
vn -1 0 0 
vn -1 0 0 
vn -1 0 0 
vn -1 0 0 
vn -1 0 0 
vn 0 -0.472441 -0.88189 
vn -1 -0.015748 0 
vn -1 0.0866142 0 
vn -1 0.0866142 0 
vn -1 -0.0551181 0 
vn -0.984252 -0.181102 0 
vn -0.984252 -0.181102 0 
vn -0.976378 -0.23622 0 
vn -0.968504 -0.23622 0 
vn -0.976378 -0.212598 0 
vn -0.976378 -0.212598 0 
vn -1 0 0 
vn -1 0 0 
vn -1 0 0 
vn -1 0 0 
vn -1 0 0 
vn -1 0 0 
vn -1 0 0 
vn -1 0 0 
vn 1 0 0 
vn -1 0 0 
vn -1 0 0 
vn -0.708661 -0.708661 0 
vn -0.708661 0.708661 0 
vn -0.708661 -0.708661 0 
vn -0.708661 0.708661 0 
vn 0 -1 0 
vn 0 1 0 
vn 0 -1 0 
vn 0 1 0 
vn -0.708661 -0.708661 0 
vn -1 0 0 
vn -1 0 0 
vn -0.708661 -0.708661 0 
vn -0.708661 0.708661 0 
vn 0 -1 0 
vn -0.708661 0.708661 0 

vt 23.9885 -46.9276 
vt 23.9838 -46.9162 
vt 23.9741 -46.9162 
vt 23.9885 -46.9047 
vt 23.9817 -46.9345 
vt 23.9817 -46.8979 
vt 24 -46.9324 
vt 24 -46.8999 
vt 24 -46.942 
vt 24 -46.8903 
vt 24.0183 -46.9345 
vt 24.0183 -46.8979 
vt 24.0115 -46.9276 
vt 24.0115 -46.9047 
vt 24.0259 -46.9162 
vt 24.0162 -46.9162 
vt 24.0115 -46.9047 
vt 24 -46.8999 
vt 24.0162 -46.9162 
vt 23.9885 -46.9047 
vt 23.9838 -46.9162 
vt 24.0115 -46.9276 
vt 24 -46.9324 
vt 23.9885 -46.9276 
vt 23.9846 -46.9481 
vt 24.0154 -46.9789 
vt 24.0154 -46.9481 
vt 24.0218 -46.9635 
vt 24 -46.9417 
vt 23.9846 -46.9789 
vt 24 -46.9853 
vt 23.9782 -46.9635 
vt 24.0241 -46.9793 
vt 24 -46.8884 
vt 23.9676 -46.9441 
vt 23.9676 -47.0231 
vt 24.0324 -47.0231 
vt 24.0308 -46.9421 
vt 24.0262 -46.8898 
vt 23.9692 -46.9421 
vt 23.9738 -46.8898 
vt 24.0283 -46.9624 
vt 23.9717 -46.9624 
vt 24.0241 -46.9793 
vt 23.9759 -46.9793 
vt 23.9724 -46.9051 
vt 23.97 -46.9489 
vt 24.0201 -46.9518 
vt 24.0154 -46.9789 
vt 24.0163 -46.9051 
vt 23.9692 -46.9421 
vt 24.0163 -46.9489 
vt 23.97 -46.9489 
vt 23.9724 -46.9051 
vt 24.0201 -47.0793 
vt 24.0201 -46.9518 
vt 23.9799 -46.9518 
vt 23.9799 -47.0793 
vt 23.9799 -47.0914 
vt 24.0201 -47.0914 
vt 23.9799 -47.1116 
vt 24.0201 -47.1116 
vt 24 -46.8903 
vt 24.0324 -46.9271 
vt 23.9676 -46.9271 
vt 24.0324 -46.9441 
vt 24.0229 -46.8997 
vt 23.9771 -46.8997 
vt 24 -46.8884 
vt 23.9676 -46.9441 
vt 23.9676 -46.9876 
vt 24.0324 -46.9876 
vt 23.9676 -47.0231 
vt 24.0324 -47.0231 
vt 23.5803 -47.0115 
vt 23.5803 -46.9885 
vt 23.6211 -47.0115 
vt 23.5803 -47 
vt 23.6211 -47 
vt 23.6211 -46.9885 
vt 24.1444 -46.9738 
vt 23.9017 -46.9738 
vt 24.1444 -47.0262 
vt 23.9017 -47.0262 
vt 24.4177 -47.0229 
vt 24.2149 -47.0229 
vt 24.2169 -47 
vt 24.4197 -47 
vt 24.4177 -46.9771 
vt 24.2149 -46.9771 
vt 24.4129 -46.9676 
vt 24.2071 -46.9676 
vt 23.9017 -46.9692 
vt 24.0461 -46.9724 
vt 24.0461 -46.97 
vt 24.0785 -47.0201 
vt 23.9495 -47.0163 
vt 24.0461 -47.0163 
vt 24.0461 -46.97 
vt 23.9495 -46.97 
vt 23.937 -47.0154 
vt 23.937 -47.0154 
vt 23.6178 -47.0154 
vt 23.937 -47 
vt 23.6178 -47 
vt 23.937 -46.9846 
vt 23.6178 -46.9846 
vt 23.9188 -47.0183 
vt 23.5803 -47.0183 
vt 23.5803 -47 
vt 23.9188 -47 
vt 23.9188 -46.9817 
vt 23.5803 -46.9817 
vt 24.4197 -46.942 
vt 24.4197 -46.8903 
vt 24.4197 -46.9047 
vt 24.3789 -46.9047 
vt 24.4197 -46.9162 
vt 24.3789 -46.8999 
vt 24.3789 -46.9162 
vt 24.4197 -46.9276 
vt 24.3789 -46.9276 
vt 24.3822 -46.9417 
vt 23.8025 -47.0955 
vt 23.8556 -46.8898 
vt 23.805 -46.9793 
vt 23.8145 -46.9876 
vt 23.9057 -47.1116 
vt 24.0983 -46.8898 
vt 23.5823 -46.9355 
vt 23.7831 -46.8884 
vt 23.5803 -46.9242 
vt 23.5823 -46.9355 
vt 23.7851 -46.8997 
vt 23.7899 -46.9271 
vt 23.5871 -46.9629 
vt 23.7558 -46.9876 
vt 23.7929 -46.9441 
vt 23.7016 -47.0338 
vt 23.762 -47.0231 
vt 23.5949 -47.007 
vt 23.6454 -47.0616 
vt 23.6027 -47.0512 
vt 23.6058 -47.0686 
vt 23.6454 -47.0616 
vt 24.0983 -46.9793 
vt 24.0983 -46.8898 
vt 23.8556 -46.8898 
vt 23.9539 -46.9051 
vt 23.9539 -46.9421 
vt 24.0505 -46.9051 
vt 23.805 -46.9421 
vt 24.0983 -46.9421 
vt 23.9539 -46.9489 
vt 24.0505 -46.9421 
vt 24.0505 -46.9489 
vt 24.0983 -46.9624 
vt 23.805 -46.9624 
vt 24.0983 -46.9793 
vt 23.805 -46.9793 
vt 24.0817 -46.9876 
vt 23.8145 -46.9876 
vt 23.9215 -46.9518 
vt 23.8074 -47.0645 
vt 23.9215 -46.9518 
vt 23.8273 -46.9371 
vt 23.9016 -47.0793 
vt 23.8057 -47.0753 
vt 23.9088 -47.0914 
vt 23.9057 -47.1116 
vt 23.8025 -47.0955 
vt 24.063 -46.9789 
vt 24.063 -46.9417 
vt 24.063 -46.9853 
vt 24.3822 -46.9417 
vt 24.3822 -46.9789 
vt 24.063 -46.9481 
vt 24.063 -46.9789 
vt 24.3822 -46.9481 
vt 24.3822 -46.9635 
vt 24.063 -46.9635 
vt 24.0505 -46.9051 
vt 23.9539 -46.9051 
vt 24.0505 -46.9489 
vt 23.9539 -46.9489 
vt 24.4197 -46.942 
vt 24.4197 -46.8903 
vt 24.4197 -46.9345 
vt 24.0812 -46.8903 
vt 24.0812 -46.9345 
vt 24.0812 -46.8979 
vt 24.4197 -46.9162 
vt 24.4197 -46.8979 
vt 24.0812 -46.9162 
vt 23.9799 -46.9371 
vt 23.9799 -47.0645 
vt 24.0201 -47.0645 
vt 24.0201 -46.9371 
vt 23.9799 -47.0753 
vt 24.0201 -47.0753 
vt 23.9799 -47.0955 
vt 24.0201 -47.0955 
vt 23.9692 -46.9421 
vt 24.0262 -46.8898 
vt 23.9738 -46.8898 
vt 24.0308 -46.9421 
vt 24.0283 -46.9624 
vt 23.9717 -46.9624 
vt 24.0241 -46.9793 
vt 23.9759 -46.9793 
vt 24.0223 -46.9876 
vt 23.9777 -46.9876 
vt 24 -46.8884 
vt 24.0324 -46.9441 
vt 24.0308 -46.9421 
vt 23.9846 -46.9789 
vt 23.9837 -46.9489 
vt 24.0308 -46.9421 
vt 23.9837 -46.9051 
vt 24.0276 -46.9051 
vt 24.03 -46.9489 
vt 24.4197 -47.0115 
vt 24.3789 -47.0115 
vt 24.3789 -47 
vt 24.4197 -47 
vt 24.3789 -46.9885 
vt 24.4197 -46.9885 
vt 24.4197 -47.0115 
vt 24.4197 -46.9885 
vt 23.805 -46.9759 
vt 23.805 -47.0241 
vt 23.8145 -46.9777 
vt 23.8145 -47.0223 
vt 23.8025 -47.0201 
vt 23.9057 -47.0201 
vt 23.9057 -46.9799 
vt 23.8025 -46.9799 
vt 23.5823 -47.0229 
vt 23.7831 -47 
vt 23.5803 -47 
vt 23.7929 -46.9676 
vt 23.762 -46.9676 
vt 23.6454 -46.9676 
vt 23.6058 -46.9676 
vt 23.762 -47.0324 
vt 23.6454 -47.0324 
vt 23.6058 -47.0324 
vt 24.0983 -46.9692 
vt 24.0983 -47.0241 
vt 24.0983 -46.9759 
vt 24.0817 -47.0223 
vt 24.0817 -46.9777 
vt 24.0817 -46.9777 
vt 23.8145 -46.9777 
vt 24.0817 -47.0223 
vt 23.8145 -47.0223 
vt 23.9539 -46.97 
vt 24.3822 -47.0154 
vt 24.063 -47.0154 
vt 24.3822 -47 
vt 24.063 -47 
vt 24.3822 -46.9846 
vt 24.063 -46.9846 
vt 24.3822 -46.9782 
vt 23.7016 -47.0324 
vt 23.762 -47.0324 
vt 23.7016 -46.9676 
vt 23.762 -46.9676 
vt 23.6454 -46.9676 
vt 23.6454 -47.0324 
vt 23.6058 -46.9676 
vt 23.6058 -47.0324 
vt 23.9539 -47.0163 
vt 24.0505 -47.0163 
vt 24.0505 -46.9724 
vt 23.9539 -46.9724 
vt 24.4197 -47.0183 
vt 24.0812 -47.0183 
vt 24.4197 -47 
vt 24.0812 -47 
vt 24.4197 -46.9817 
vt 24.0812 -46.9817 
vt 23.5803 -46.942 
vt 23.5803 -46.8903 
vt 23.6211 -46.8999 
vt 23.6211 -46.9047 
vt 23.5803 -46.9047 
vt 23.6211 -46.9162 
vt 23.5803 -46.9162 
vt 23.5803 -46.9276 
vt 23.6211 -46.9276 
vt 23.6211 -46.9276 
vt 23.6178 -46.9417 
vt 24.1975 -47.0955 
vt 24.1444 -46.8898 
vt 24.195 -46.9793 
vt 24.1855 -46.9876 
vt 24.0943 -47.1116 
vt 23.9017 -46.8898 
vt 24.4177 -46.9355 
vt 24.2149 -46.8997 
vt 24.2101 -46.9271 
vt 24.2169 -46.8884 
vt 24.4197 -46.9242 
vt 24.4129 -46.9629 
vt 24.2442 -46.9876 
vt 24.2442 -46.9876 
vt 24.2071 -46.9441 
vt 24.2984 -47.0338 
vt 24.238 -47.0231 
vt 24.3546 -47.0616 
vt 24.3973 -47.0512 
vt 24.3942 -47.0686 
vt 23.9017 -46.9793 
vt 23.9017 -46.9421 
vt 24.1444 -46.8898 
vt 23.9017 -46.8898 
vt 24.195 -46.9421 
vt 24.195 -46.9624 
vt 23.9017 -46.9624 
vt 24.195 -46.9793 
vt 23.9017 -46.9793 
vt 23.9183 -46.9876 
vt 24.1855 -46.9876 
vt 24.1926 -47.0645 
vt 24.0785 -46.9518 
vt 24.0984 -47.0793 
vt 24.1727 -46.9371 
vt 24.1943 -47.0753 
vt 24.0912 -47.0914 
vt 24.0943 -47.1116 
vt 24.1975 -47.0955 
vt 24.0785 -46.9518 
vt 23.937 -46.9635 
vt 23.6178 -46.9635 
vt 23.6178 -46.9789 
vt 23.937 -46.9481 
vt 23.937 -46.9789 
vt 23.6178 -46.9481 
vt 23.6178 -46.9853 
vt 23.937 -46.9417 
vt 23.937 -46.9853 
vt 23.6178 -46.9417 
vt 23.5803 -46.9345 
vt 23.9188 -46.9162 
vt 23.5803 -46.9162 
vt 23.9188 -46.9345 
vt 23.9188 -46.8979 
vt 23.5803 -46.942 
vt 23.5803 -46.8979 

usemtl Meshpart5Mtl

f 809/809/809 810/810/810 811/811/811 
f 812/812/812 811/811/811 810/810/810 
f 811/811/811 813/813/813 809/809/809 
f 811/811/811 812/812/812 814/814/814 
f 813/813/813 815/815/815 809/809/809 
f 816/816/816 814/814/814 812/812/812 
f 815/815/815 813/813/813 817/817/817 
f 814/814/814 816/816/816 818/818/818 
f 819/819/819 815/815/815 817/817/817 
f 820/820/820 818/818/818 816/816/816 
f 815/815/815 819/819/819 821/821/821 
f 820/820/820 816/816/816 822/822/822 
f 823/823/823 821/821/821 819/819/819 
f 822/822/822 823/823/823 820/820/820 
f 821/821/821 823/823/823 824/824/824 
f 823/823/823 822/822/822 824/824/824 
f 828/828/828 825/825/825 826/826/826 
f 825/825/825 828/828/828 829/829/829 
f 825/825/825 829/829/829 827/827/827 
f 827/827/827 831/831/831 830/830/830 
f 831/831/831 827/827/827 829/829/829 
f 831/831/831 829/829/829 832/832/832 
f 833/833/833 834/834/834 835/835/835 
f 835/835/835 834/834/834 836/836/836 
f 833/833/833 835/835/835 837/837/837 
f 833/833/833 838/838/838 834/834/834 
f 834/834/834 838/838/838 839/839/839 
f 838/838/838 833/833/833 840/840/840 
f 846/846/846 847/847/847 848/848/848 
f 847/847/847 849/849/849 848/848/848 
f 846/846/846 848/848/848 850/850/850 
f 850/850/850 848/848/848 851/851/851 
f 850/850/850 851/851/851 852/852/852 
f 852/852/852 851/851/851 853/853/853 
f 858/858/858 859/859/859 860/860/860 
f 860/860/860 859/859/859 861/861/861 
f 859/859/859 858/858/858 862/862/862 
f 863/863/863 864/864/864 865/865/865 
f 863/863/863 865/865/865 866/866/866 
f 863/863/863 866/866/866 867/867/867 
f 867/867/867 868/868/868 863/863/863 
f 868/868/868 867/867/867 869/869/869 
f 869/869/869 870/870/870 868/868/868 
f 872/872/872 873/873/873 874/874/874 
f 875/875/875 873/873/873 872/872/872 
f 875/875/875 876/876/876 873/873/873 
f 876/876/876 875/875/875 877/877/877 
f 874/874/874 873/873/873 878/878/878 
f 874/874/874 878/878/878 879/879/879 
f 880/880/880 874/874/874 879/879/879 
f 880/880/880 879/879/879 881/881/881 
f 881/881/881 882/882/882 880/880/880 
f 885/885/885 886/886/886 883/883/883 
f 886/886/886 885/885/885 887/887/887 
f 887/887/887 884/884/884 886/886/886 
f 884/884/884 887/887/887 888/888/888 
f 889/889/889 890/890/890 891/891/891 
f 892/892/892 891/891/891 890/890/890 
f 893/893/893 895/895/895 894/894/894 
f 895/895/895 893/893/893 896/896/896 
f 895/895/895 896/896/896 897/897/897 
f 895/895/895 897/897/897 898/898/898 
f 905/905/905 906/906/906 907/907/907 
f 905/905/905 907/907/907 908/908/908 
f 911/911/911 909/909/909 912/912/912 
f 911/911/911 912/912/912 913/913/913 
f 913/913/913 912/912/912 914/914/914 
f 913/913/913 914/914/914 915/915/915 
f 916/916/916 918/918/918 917/917/917 
f 918/918/918 916/916/916 919/919/919 
f 918/918/918 919/919/919 920/920/920 
f 918/918/918 920/920/920 921/921/921 
f 924/924/924 925/925/925 926/926/926 
f 928/928/928 926/926/926 925/925/925 
f 926/926/926 928/928/928 929/929/929 
f 930/930/930 929/929/929 928/928/928 
f 941/941/941 943/943/943 942/942/942 
f 943/943/943 941/941/941 944/944/944 
f 945/945/945 943/943/943 944/944/944 
f 943/943/943 945/945/945 946/946/946 
f 947/947/947 945/945/945 944/944/944 
f 945/945/945 947/947/947 948/948/948 
f 949/949/949 947/947/947 944/944/944 
f 949/949/949 950/950/950 947/947/947 
f 950/950/950 949/949/949 951/951/951 
f 950/950/950 951/951/951 952/952/952 
f 955/955/955 956/956/956 957/957/957 
f 957/957/957 956/956/956 958/958/958 
f 955/955/955 957/957/957 959/959/959 
f 960/960/960 958/958/958 956/956/956 
f 959/959/959 961/961/961 955/955/955 
f 958/958/958 960/960/960 962/962/962 
f 961/961/961 959/959/959 963/963/963 
f 964/964/964 961/961/961 963/963/963 
f 964/964/964 965/965/965 961/961/961 
f 962/962/962 965/965/965 964/964/964 
f 966/966/966 962/962/962 960/960/960 
f 966/966/966 965/965/965 962/962/962 
f 966/966/966 967/967/967 965/965/965 
f 967/967/967 966/966/966 968/968/968 
f 967/967/967 968/968/968 969/969/969 
f 969/969/969 968/968/968 970/970/970 
f 972/972/972 973/973/973 974/974/974 
f 973/973/973 972/972/972 975/975/975 
f 976/976/976 975/975/975 972/972/972 
f 976/976/976 977/977/977 975/975/975 
f 976/976/976 978/978/978 977/977/977 
f 978/978/978 976/976/976 979/979/979 
f 986/986/986 984/984/984 988/988/988 
f 989/989/989 987/987/987 985/985/985 
f 986/986/986 988/988/988 989/989/989 
f 989/989/989 988/988/988 987/987/987 
f 990/990/990 991/991/991 992/992/992 
f 993/993/993 992/992/992 991/991/991 
f 998/998/998 996/996/996 1000/1000/1000 
f 998/998/998 1000/1000/1000 1002/1002/1002 
f 1002/1002/1002 1001/1001/1001 999/999/999 
f 1001/1001/1001 1002/1002/1002 1000/1000/1000 
f 1003/1003/1003 1004/1004/1004 1005/1005/1005 
f 1003/1003/1003 1005/1005/1005 1006/1006/1006 
f 1007/1007/1007 1005/1005/1005 1004/1004/1004 
f 1005/1005/1005 1007/1007/1007 1008/1008/1008 
f 1009/1009/1009 1008/1008/1008 1007/1007/1007 
f 1008/1008/1008 1009/1009/1009 1010/1010/1010 
f 1011/1011/1011 1012/1012/1012 1013/1013/1013 
f 1012/1012/1012 1011/1011/1011 1014/1014/1014 
f 1011/1011/1011 1015/1015/1015 1014/1014/1014 
f 1015/1015/1015 1011/1011/1011 1016/1016/1016 
f 1016/1016/1016 1017/1017/1017 1015/1015/1015 
f 1017/1017/1017 1016/1016/1016 1018/1018/1018 
f 1025/1025/1025 1026/1026/1026 1027/1027/1027 
f 1027/1027/1027 1026/1026/1026 1028/1028/1028 
f 1026/1026/1026 1025/1025/1025 1029/1029/1029 
f 1031/1031/1031 1030/1030/1030 1032/1032/1032 
f 1033/1033/1033 1032/1032/1032 1030/1030/1030 
f 1032/1032/1032 1033/1033/1033 1034/1034/1034 
f 1035/1035/1035 1034/1034/1034 1033/1033/1033 
f 1039/1039/1039 1040/1040/1040 1038/1038/1038 
f 1040/1040/1040 1039/1039/1039 1041/1041/1041 
f 1042/1042/1042 1043/1043/1043 1044/1044/1044 
f 1042/1042/1042 1044/1044/1044 1045/1045/1045 
f 1057/1057/1057 1058/1058/1058 1059/1059/1059 
f 1059/1059/1059 1058/1058/1058 1060/1060/1060 
f 1061/1061/1061 1062/1062/1062 1063/1063/1063 
f 1064/1064/1064 1063/1063/1063 1062/1062/1062 
f 1067/1067/1067 1066/1066/1066 1068/1068/1068 
f 1067/1067/1067 1068/1068/1068 1069/1069/1069 
f 1069/1069/1069 1068/1068/1068 1070/1070/1070 
f 1069/1069/1069 1070/1070/1070 1071/1071/1071 
f 1073/1073/1073 1074/1074/1074 1075/1075/1075 
f 1074/1074/1074 1076/1076/1076 1075/1075/1075 
f 1073/1073/1073 1075/1075/1075 1077/1077/1077 
f 1078/1078/1078 1073/1073/1073 1077/1077/1077 
f 1078/1078/1078 1077/1077/1077 1079/1079/1079 
f 1080/1080/1080 1078/1078/1078 1079/1079/1079 
f 1081/1081/1081 1082/1082/1082 1083/1083/1083 
f 1081/1081/1081 1083/1083/1083 1084/1084/1084 
f 1086/1086/1086 1085/1085/1085 1087/1087/1087 
f 1086/1086/1086 1087/1087/1087 1088/1088/1088 
f 1089/1089/1089 1088/1088/1088 1087/1087/1087 
f 1088/1088/1088 1089/1089/1089 1090/1090/1090 
f 1094/1094/1094 1095/1095/1095 1096/1096/1096 
f 1097/1097/1097 1096/1096/1096 1095/1095/1095 
f 1098/1098/1098 1096/1096/1096 1097/1097/1097 
f 1096/1096/1096 1098/1098/1098 1100/1100/1100 
f 1108/1108/1108 1109/1109/1109 1110/1110/1110 
f 1108/1108/1108 1110/1110/1110 1113/1113/1113 
f 1115/1115/1115 1113/1113/1113 1110/1110/1110 
f 1115/1115/1115 1110/1110/1110 1116/1116/1116 
f 1113/1113/1113 1115/1115/1115 1117/1117/1117 
f 1117/1117/1117 1115/1115/1115 1118/1118/1118 
f 1119/1119/1119 1113/1113/1113 1117/1117/1117 
f 1119/1119/1119 1120/1120/1120 1113/1113/1113 
f 1120/1120/1120 1119/1119/1119 1121/1121/1121 
f 1123/1123/1123 1124/1124/1124 1125/1125/1125 
f 1124/1124/1124 1123/1123/1123 1126/1126/1126 
f 1126/1126/1126 1123/1123/1123 1127/1127/1127 
f 1128/1128/1128 1127/1127/1127 1123/1123/1123 
f 1127/1127/1127 1128/1128/1128 1129/1129/1129 
f 1130/1130/1130 1129/1129/1129 1128/1128/1128 
f 1129/1129/1129 1130/1130/1130 1131/1131/1131 
f 1129/1129/1129 1131/1131/1131 1132/1132/1132 
f 1133/1133/1133 1134/1134/1134 1135/1135/1135 
f 1134/1134/1134 1133/1133/1133 1136/1136/1136 
f 1135/1135/1135 1137/1137/1137 1133/1133/1133 
f 1137/1137/1137 1135/1135/1135 1138/1138/1138 
f 1139/1139/1139 1137/1137/1137 1138/1138/1138 
f 1137/1137/1137 1139/1139/1139 1140/1140/1140 
f 1142/1142/1142 1143/1143/1143 1144/1144/1144 
f 1145/1145/1145 1143/1143/1143 1142/1142/1142 
f 1142/1142/1142 1144/1144/1144 1146/1146/1146 
f 1145/1145/1145 1147/1147/1147 1143/1143/1143 
f 1152/1152/1152 1153/1153/1153 1154/1154/1154 
f 1153/1153/1153 1152/1152/1152 1155/1155/1155 
f 1156/1156/1156 1154/1154/1154 1153/1153/1153 
f 1154/1154/1154 1156/1156/1156 1158/1158/1158 

g Meshpart6

v -190.477 6.45288 -1.56968 
v -190.477 6.41932 -1.82032 
v -190.477 6.45288 -1.82032 
v -190.352 6.41932 -1.87223 
v -190.352 6.45288 -1.87223 
v -190.226 6.45288 -1.82032 
v -190.226 6.41932 -1.82032 
v -190.242 6.17974 -1.80486 
v -190.242 6.37557 -1.80486 
v -190.226 6.41932 -1.82032 
v -190.352 6.41932 -1.87223 
v -190.461 6.17974 -1.80486 
v -190.461 6.37557 -1.80486 
v -190.477 6.41932 -1.82032 
v -190.352 6.17974 -1.85036 
v -190.352 6.37557 -1.85036 
v -190.242 6.37557 -2.15184 
v -190.242 6.17974 -2.15184 
v -190.226 6.41932 -2.1673 
v -190.352 6.41932 -2.21921 
v -190.461 6.17974 -1.93213 
v -190.477 6.41932 -1.91667 
v -190.461 6.17974 -2.15184 
v -190.461 6.37557 -2.15184 
v -190.477 6.41932 -2.1673 
v -190.352 6.17974 -2.19734 
v -190.352 6.37557 -2.19734 
v -190.226 5.73522 -1.47359 
v -190.226 5.70166 -1.47359 
v -190.477 5.70166 -1.47359 
v -190.352 5.73522 -1.5255 
v -190.477 5.73522 -1.47359 
v -190.352 5.70166 -1.5255 
v -190.461 5.9748 -1.45813 
v -190.461 5.77898 -1.45813 
v -190.477 5.73522 -1.47359 
v -190.352 5.73522 -1.5255 
v -190.242 5.9748 -1.45813 
v -190.242 5.77898 -1.45813 
v -190.226 5.73522 -1.47359 
v -190.352 5.9748 -1.50363 
v -190.352 5.77898 -1.50363 
v -190.477 6.41932 -2.1673 
v -190.477 6.45288 -2.1673 
v -190.352 6.41932 -2.21921 
v -190.352 6.45288 -2.21921 
v -190.226 6.45288 -2.1673 
v -190.226 6.41932 -2.1673 
v -190.352 5.70166 -1.5255 
v -190.174 5.70166 -1.34828 
v -190.352 6.45288 -1.51778 
v -190.529 6.45288 -1.695 
v -190.477 6.45288 -1.56968 
v -190.174 6.45288 -1.695 
v -190.226 6.45288 -1.56968 
v -190.352 6.45288 -1.87223 
v -190.477 6.45288 -1.82032 
v -190.226 6.45288 -1.82032 
v -190.352 6.45288 -1.86476 
v -190.529 6.45288 -2.04198 
v -190.477 6.45288 -1.91667 
v -190.174 6.45288 -2.04198 
v -190.226 6.45288 -1.91667 
v -190.352 6.45288 -2.21921 
v -190.477 6.45288 -2.1673 
v -190.226 6.45288 -2.1673 
v -190.226 6.45288 -1.56968 
v -190.226 6.41932 -1.56968 
v -190.174 6.45288 -1.695 
v -190.174 6.41932 -1.695 
v -190.226 6.45288 -1.82032 
v -190.226 6.41932 -1.82032 
v -190.242 6.17974 -1.80486 
v -190.242 6.37557 -1.80486 
v -190.196 6.17974 -1.695 
v -190.196 6.37557 -1.695 
v -190.242 6.17974 -1.58515 
v -190.242 6.37557 -1.58515 
v -190.174 6.41932 -1.695 
v -190.226 6.41932 -1.82032 
v -190.226 6.41932 -1.56968 
v -190.242 6.37557 -2.15184 
v -190.196 6.17974 -2.04198 
v -190.242 6.17974 -2.15184 
v -190.196 6.37557 -2.04198 
v -190.242 6.17974 -1.93213 
v -190.242 6.37557 -1.93213 
v -190.174 6.41932 -2.04198 
v -190.226 6.41932 -2.1673 
v -190.226 6.41932 -1.91667 
v -190.352 6.41932 -2.21921 
v -190.226 5.73522 -1.22296 
v -190.226 5.70166 -1.22296 
v -190.174 5.73522 -1.34828 
v -190.174 5.70166 -1.34828 
v -190.226 5.73522 -1.47359 
v -190.226 5.70166 -1.47359 
v -190.242 5.9748 -1.23842 
v -190.242 5.77898 -1.23842 
v -190.226 5.73522 -1.22296 
v -190.196 5.9748 -1.34828 
v -190.174 5.73522 -1.34828 
v -190.196 5.77898 -1.34828 
v -190.242 5.9748 -1.45813 
v -190.242 5.77898 -1.45813 
v -190.226 5.73522 -1.47359 
v -190.226 6.45288 -1.91667 
v -190.226 6.41932 -1.91667 
v -190.174 6.45288 -2.04198 
v -190.174 6.41932 -2.04198 
v -190.226 6.45288 -2.1673 
v -190.226 6.41932 -2.1673 
v -190.352 6.45288 -1.51778 
v -190.477 6.45288 -1.56968 
v -190.477 6.41932 -1.56968 
v -190.352 6.41932 -1.51778 
v -190.226 6.45288 -1.56968 
v -190.226 6.41932 -1.56968 
v -190.242 6.17974 -1.58515 
v -190.242 6.37557 -1.58515 
v -190.352 6.17974 -1.53964 
v -190.226 6.41932 -1.56968 
v -190.352 6.41932 -1.51778 
v -190.352 6.37557 -1.53964 
v -190.461 6.17974 -1.58515 
v -190.461 6.37557 -1.58515 
v -190.477 6.41932 -1.56968 
v -190.242 6.17974 -1.93213 
v -190.242 6.37557 -1.93213 
v -190.352 6.17974 -1.88663 
v -190.226 6.41932 -1.91667 
v -190.352 6.41932 -1.86476 
v -190.352 6.37557 -1.88663 
v -190.461 6.17974 -1.93213 
v -190.461 6.37557 -1.93213 
v -190.477 6.41932 -1.91667 
v -190.352 5.70166 -1.17105 
v -190.226 5.73522 -1.22296 
v -190.352 5.73522 -1.17105 
v -190.226 5.70166 -1.22296 
v -190.477 5.70166 -1.22296 
v -190.477 5.73522 -1.22296 
v -190.477 5.70166 -1.47359 
v -190.461 5.9748 -1.23842 
v -190.461 5.77898 -1.23842 
v -190.352 5.9748 -1.19292 
v -190.477 5.73522 -1.22296 
v -190.352 5.73522 -1.17105 
v -190.352 5.77898 -1.19292 
v -190.242 5.9748 -1.23842 
v -190.242 5.77898 -1.23842 
v -190.226 5.73522 -1.22296 
v -190.352 6.45288 -1.86476 
v -190.477 6.45288 -1.91667 
v -190.477 6.41932 -1.91667 
v -190.352 6.41932 -1.86476 
v -190.226 6.45288 -1.91667 
v -190.226 6.41932 -1.91667 
v -190.352 5.70166 -1.5255 
v -190.174 5.70166 -1.34828 
v -190.529 5.70166 -1.34828 
v -190.226 5.70166 -1.47359 
v -190.477 5.70166 -1.47359 
v -190.352 5.70166 -1.17105 
v -190.477 5.70166 -1.22296 
v -190.226 5.70166 -1.22296 
v -190.477 6.45288 -1.56968 
v -190.477 6.41932 -1.56968 
v -190.529 6.41932 -1.695 
v -190.529 6.45288 -1.695 
v -190.477 6.41932 -1.82032 
v -190.477 6.45288 -1.82032 
v -190.461 6.17974 -1.58515 
v -190.461 6.37557 -1.58515 
v -190.477 6.41932 -1.56968 
v -190.507 6.17974 -1.695 
v -190.529 6.41932 -1.695 
v -190.507 6.37557 -1.695 
v -190.461 6.17974 -1.80486 
v -190.461 6.37557 -1.80486 
v -190.477 6.41932 -1.82032 
v -190.242 6.17974 -2.15184 
v -190.352 6.41932 -2.21921 
v -190.461 6.17974 -1.93213 
v -190.461 6.37557 -1.93213 
v -190.477 6.41932 -1.91667 
v -190.507 6.17974 -2.04198 
v -190.529 6.41932 -2.04198 
v -190.507 6.37557 -2.04198 
v -190.461 6.17974 -2.15184 
v -190.461 6.37557 -2.15184 
v -190.477 6.41932 -2.1673 
v -190.477 5.70166 -1.22296 
v -190.477 5.73522 -1.22296 
v -190.529 5.70166 -1.34828 
v -190.529 5.73522 -1.34828 
v -190.477 5.70166 -1.47359 
v -190.477 5.73522 -1.47359 
v -190.461 5.9748 -1.45813 
v -190.461 5.77898 -1.45813 
v -190.507 5.9748 -1.34828 
v -190.507 5.77898 -1.34828 
v -190.461 5.9748 -1.23842 
v -190.461 5.77898 -1.23842 
v -190.529 5.73522 -1.34828 
v -190.477 5.73522 -1.47359 
v -190.477 5.73522 -1.22296 
v -190.477 6.45288 -1.91667 
v -190.477 6.41932 -1.91667 
v -190.529 6.41932 -2.04198 
v -190.529 6.45288 -2.04198 
v -190.477 6.41932 -2.1673 
v -190.477 6.45288 -2.1673 

vn -0.708661 0 0.708661 
vn -0.708661 0 -0.708661 
vn -0.708661 0 -0.708661 
vn 0 0 -1 
vn 0 0 -1 
vn 0.708661 0 -0.708661 
vn 0.708661 0 -0.708661 
vn 0.708661 0 -0.708661 
vn 0.685039 -0.244094 -0.685039 
vn 0.629921 -0.448819 -0.629921 
vn 0 -0.448819 -0.897638 
vn -0.708661 0 -0.708661 
vn -0.685039 -0.244094 -0.685039 
vn -0.629921 -0.448819 -0.629921 
vn 0 0 -1 
vn 0 -0.244094 -0.968504 
vn 0.685039 -0.244094 -0.685039 
vn 0.708661 0 -0.708661 
vn 0.629921 -0.448819 -0.629921 
vn 0 -0.448819 -0.897638 
vn -0.708661 0 0.708661 
vn -0.629921 -0.448819 0.629921 
vn -0.708661 0 -0.708661 
vn -0.685039 -0.244094 -0.685039 
vn -0.629921 -0.448819 -0.629921 
vn 0 0 -1 
vn 0 -0.244094 -0.968504 
vn 0.708661 0 -0.708661 
vn 0.708661 0 -0.708661 
vn -0.708661 0 -0.708661 
vn 0 0 -1 
vn -0.708661 0 -0.708661 
vn 0 0 -1 
vn -0.708661 0 -0.708661 
vn -0.685039 0.244094 -0.685039 
vn -0.629921 0.448819 -0.629921 
vn 0 0.448819 -0.897638 
vn 0.708661 0 -0.708661 
vn 0.685039 0.244094 -0.685039 
vn 0.629921 0.448819 -0.629921 
vn 0 0 -1 
vn 0 0.244094 -0.968504 
vn -0.708661 0 -0.708661 
vn -0.708661 0 -0.708661 
vn 0 0 -1 
vn 0 0 -1 
vn 0.708661 0 -0.708661 
vn 0.708661 0 -0.708661 
vn 0 -1 0 
vn 0 -1 0 
vn 0 1 0 
vn 0 1 0 
vn 0 1 0 
vn 0 1 0 
vn 0 1 0 
vn 0 1 0 
vn 0 1 0 
vn 0 1 0 
vn 0 1 0 
vn 0 1 0 
vn 0 1 0 
vn 0 1 0 
vn 0 1 0 
vn 0 1 0 
vn 0 1 0 
vn 0 1 0 
vn 0.708661 0 0.708661 
vn 0.708661 0 0.708661 
vn 1 0 0 
vn 1 0 0 
vn 0.708661 0 -0.708661 
vn 0.708661 0 -0.708661 
vn 0.708661 0 -0.708661 
vn 0.685039 -0.244094 -0.685039 
vn 1 0 0 
vn 0.968504 -0.244094 0 
vn 0.708661 0 0.708661 
vn 0.685039 -0.244094 0.685039 
vn 0.897638 -0.448819 0 
vn 0.629921 -0.448819 -0.629921 
vn 0.629921 -0.448819 0.629921 
vn 0.685039 -0.244094 -0.685039 
vn 1 0 0 
vn 0.708661 0 -0.708661 
vn 0.968504 -0.244094 0 
vn 0.708661 0 0.708661 
vn 0.685039 -0.244094 0.685039 
vn 0.897638 -0.448819 0 
vn 0.629921 -0.448819 -0.629921 
vn 0.629921 -0.448819 0.629921 
vn 0 -0.448819 -0.897638 
vn 0.708661 0 0.708661 
vn 0.708661 0 0.708661 
vn 1 0 0 
vn 1 0 0 
vn 0.708661 0 -0.708661 
vn 0.708661 0 -0.708661 
vn 0.708661 0 0.708661 
vn 0.685039 0.244094 0.685039 
vn 0.629921 0.448819 0.629921 
vn 1 0 0 
vn 0.897638 0.448819 0 
vn 0.968504 0.244094 0 
vn 0.708661 0 -0.708661 
vn 0.685039 0.244094 -0.685039 
vn 0.629921 0.448819 -0.629921 
vn 0.708661 0 0.708661 
vn 0.708661 0 0.708661 
vn 1 0 0 
vn 1 0 0 
vn 0.708661 0 -0.708661 
vn 0.708661 0 -0.708661 
vn 0 0 1 
vn -0.708661 0 0.708661 
vn -0.708661 0 0.708661 
vn 0 0 1 
vn 0.708661 0 0.708661 
vn 0.708661 0 0.708661 
vn 0.708661 0 0.708661 
vn 0.685039 -0.244094 0.685039 
vn 0 0 1 
vn 0.629921 -0.448819 0.629921 
vn 0 -0.448819 0.897638 
vn 0 -0.244094 0.968504 
vn -0.708661 0 0.708661 
vn -0.685039 -0.244094 0.685039 
vn -0.629921 -0.448819 0.629921 
vn 0.708661 0 0.708661 
vn 0.685039 -0.244094 0.685039 
vn 0 0 1 
vn 0.629921 -0.448819 0.629921 
vn 0 -0.448819 0.897638 
vn 0 -0.244094 0.968504 
vn -0.708661 0 0.708661 
vn -0.685039 -0.244094 0.685039 
vn -0.629921 -0.448819 0.629921 
vn 0 0 1 
vn 0.708661 0 0.708661 
vn 0 0 1 
vn 0.708661 0 0.708661 
vn -0.708661 0 0.708661 
vn -0.708661 0 0.708661 
vn -0.708661 0 -0.708661 
vn -0.708661 0 0.708661 
vn -0.685039 0.244094 0.685039 
vn 0 0 1 
vn -0.629921 0.448819 0.629921 
vn 0 0.448819 0.897638 
vn 0 0.244094 0.968504 
vn 0.708661 0 0.708661 
vn 0.685039 0.244094 0.685039 
vn 0.629921 0.448819 0.629921 
vn 0 0 1 
vn -0.708661 0 0.708661 
vn -0.708661 0 0.708661 
vn 0 0 1 
vn 0.708661 0 0.708661 
vn 0.708661 0 0.708661 
vn 0 -1 0 
vn 0 -1 0 
vn 0 -1 0 
vn 0 -1 0 
vn 0 -1 0 
vn 0 -1 0 
vn 0 -1 0 
vn 0 -1 0 
vn -0.708661 0 0.708661 
vn -0.708661 0 0.708661 
vn -1 0 0 
vn -1 0 0 
vn -0.708661 0 -0.708661 
vn -0.708661 0 -0.708661 
vn -0.708661 0 0.708661 
vn -0.685039 -0.244094 0.685039 
vn -0.629921 -0.448819 0.629921 
vn -1 0 0 
vn -0.897638 -0.448819 0 
vn -0.968504 -0.244094 0 
vn -0.708661 0 -0.708661 
vn -0.685039 -0.244094 -0.685039 
vn -0.629921 -0.448819 -0.629921 
vn 0.708661 0 -0.708661 
vn 0 -0.448819 -0.897638 
vn -0.708661 0 0.708661 
vn -0.685039 -0.244094 0.685039 
vn -0.629921 -0.448819 0.629921 
vn -1 0 0 
vn -0.897638 -0.448819 0 
vn -0.968504 -0.244094 0 
vn -0.708661 0 -0.708661 
vn -0.685039 -0.244094 -0.685039 
vn -0.629921 -0.448819 -0.629921 
vn -0.708661 0 0.708661 
vn -0.708661 0 0.708661 
vn -1 0 0 
vn -1 0 0 
vn -0.708661 0 -0.708661 
vn -0.708661 0 -0.708661 
vn -0.708661 0 -0.708661 
vn -0.685039 0.244094 -0.685039 
vn -1 0 0 
vn -0.968504 0.244094 0 
vn -0.708661 0 0.708661 
vn -0.685039 0.244094 0.685039 
vn -0.897638 0.448819 0 
vn -0.629921 0.448819 -0.629921 
vn -0.629921 0.448819 0.629921 
vn -0.708661 0 0.708661 
vn -0.708661 0 0.708661 
vn -1 0 0 
vn -1 0 0 
vn -0.708661 0 -0.708661 
vn -0.708661 0 -0.708661 

vt 36.0157 -16.953 
vt 36.0157 -16.9572 
vt 36.0157 -16.953 
vt 36 -16.9572 
vt 36 -16.953 
vt 35.9843 -16.953 
vt 35.9843 -16.9572 
vt 35.9863 -16.9872 
vt 35.9863 -16.9627 
vt 35.9843 -16.9572 
vt 36 -16.9572 
vt 36.0137 -16.9872 
vt 36.0137 -16.9627 
vt 36.0157 -16.9572 
vt 36 -16.9872 
vt 36 -16.9627 
vt 35.9863 -16.9627 
vt 35.9863 -16.9872 
vt 35.9843 -16.9572 
vt 36 -16.9572 
vt 36.0137 -16.9872 
vt 36.0157 -16.9572 
vt 36.0137 -16.9872 
vt 36.0137 -16.9627 
vt 36.0157 -16.9572 
vt 36 -16.9872 
vt 36 -16.9627 
vt 35.9843 -17.0428 
vt 35.9843 -17.047 
vt 36.0157 -17.047 
vt 36 -17.0428 
vt 36.0157 -17.0428 
vt 36 -17.047 
vt 36.0137 -17.0128 
vt 36.0137 -17.0373 
vt 36.0157 -17.0428 
vt 36 -17.0428 
vt 35.9863 -17.0128 
vt 35.9863 -17.0373 
vt 35.9843 -17.0428 
vt 36 -17.0128 
vt 36 -17.0373 
vt 36.0157 -16.9572 
vt 36.0157 -16.953 
vt 36 -16.9572 
vt 36 -16.953 
vt 35.9843 -16.953 
vt 35.9843 -16.9572 
vt 36.0212 -17 
vt 36.0434 -16.9778 
vt 36.0222 -17 
vt 36 -17.0222 
vt 36.0157 -17.0157 
vt 36 -16.9778 
vt 36.0157 -16.9843 
vt 35.9779 -17 
vt 35.9844 -17.0157 
vt 35.9844 -16.9843 
vt 35.9788 -17 
vt 35.9566 -17.0222 
vt 35.9723 -17.0157 
vt 35.9566 -16.9778 
vt 35.9723 -16.9843 
vt 35.9345 -17 
vt 35.941 -17.0157 
vt 35.941 -16.9843 
vt 35.9843 -16.953 
vt 35.9843 -16.9572 
vt 36 -16.953 
vt 36 -16.9572 
vt 36.0156 -16.953 
vt 36.0156 -16.9572 
vt 36.0137 -16.9872 
vt 36.0137 -16.9627 
vt 36 -16.9872 
vt 36 -16.9627 
vt 35.9863 -16.9872 
vt 35.9863 -16.9627 
vt 36 -16.9572 
vt 36.0156 -16.9572 
vt 35.9843 -16.9572 
vt 36.0571 -16.9627 
vt 36.0434 -16.9872 
vt 36.0571 -16.9872 
vt 36.0434 -16.9627 
vt 36.0296 -16.9872 
vt 36.0296 -16.9627 
vt 36.0434 -16.9572 
vt 36.059 -16.9572 
vt 36.0277 -16.9572 
vt 36.0655 -16.9572 
vt 35.941 -17.0428 
vt 35.941 -17.047 
vt 35.9566 -17.0428 
vt 35.9566 -17.047 
vt 35.9723 -17.0428 
vt 35.9723 -17.047 
vt 35.9429 -17.0128 
vt 35.9429 -17.0373 
vt 35.941 -17.0428 
vt 35.9566 -17.0128 
vt 35.9566 -17.0428 
vt 35.9566 -17.0373 
vt 35.9704 -17.0128 
vt 35.9704 -17.0373 
vt 35.9723 -17.0428 
vt 36.0277 -16.953 
vt 36.0277 -16.9572 
vt 36.0434 -16.953 
vt 36.0434 -16.9572 
vt 36.059 -16.953 
vt 36.059 -16.9572 
vt 36 -16.953 
vt 35.9843 -16.953 
vt 35.9843 -16.9572 
vt 36 -16.9572 
vt 36.0157 -16.953 
vt 36.0157 -16.9572 
vt 36.0137 -16.9872 
vt 36.0137 -16.9627 
vt 36 -16.9872 
vt 36.0157 -16.9572 
vt 36 -16.9572 
vt 36 -16.9627 
vt 35.9863 -16.9872 
vt 35.9863 -16.9627 
vt 35.9843 -16.9572 
vt 36.0137 -16.9872 
vt 36.0137 -16.9627 
vt 36 -16.9872 
vt 36.0157 -16.9572 
vt 36 -16.9572 
vt 36 -16.9627 
vt 35.9863 -16.9872 
vt 35.9863 -16.9627 
vt 35.9843 -16.9572 
vt 36 -17.047 
vt 36.0157 -17.0428 
vt 36 -17.0428 
vt 36.0157 -17.047 
vt 35.9843 -17.047 
vt 35.9843 -17.0428 
vt 35.9843 -17.047 
vt 35.9863 -17.0128 
vt 35.9863 -17.0373 
vt 36 -17.0128 
vt 35.9843 -17.0428 
vt 36 -17.0428 
vt 36 -17.0373 
vt 36.0137 -17.0128 
vt 36.0137 -17.0373 
vt 36.0157 -17.0428 
vt 36 -16.953 
vt 35.9843 -16.953 
vt 35.9843 -16.9572 
vt 36 -16.9572 
vt 36.0157 -16.953 
vt 36.0157 -16.9572 
vt 35.9788 -17 
vt 35.9566 -16.9778 
vt 35.9566 -17.0222 
vt 35.9723 -16.9843 
vt 35.9723 -17.0157 
vt 35.9345 -17 
vt 35.941 -17.0157 
vt 35.941 -16.9843 
vt 36.0157 -16.953 
vt 36.0157 -16.9572 
vt 36 -16.9572 
vt 36 -16.953 
vt 35.9844 -16.9572 
vt 35.9844 -16.953 
vt 36.0137 -16.9872 
vt 36.0137 -16.9627 
vt 36.0157 -16.9572 
vt 36 -16.9872 
vt 36 -16.9572 
vt 36 -16.9627 
vt 35.9863 -16.9872 
vt 35.9863 -16.9627 
vt 35.9844 -16.9572 
vt 35.9429 -16.9872 
vt 35.9345 -16.9572 
vt 35.9704 -16.9872 
vt 35.9704 -16.9627 
vt 35.9723 -16.9572 
vt 35.9566 -16.9872 
vt 35.9566 -16.9572 
vt 35.9566 -16.9627 
vt 35.9429 -16.9872 
vt 35.9429 -16.9627 
vt 35.941 -16.9572 
vt 36.059 -17.047 
vt 36.059 -17.0428 
vt 36.0434 -17.047 
vt 36.0434 -17.0428 
vt 36.0277 -17.047 
vt 36.0277 -17.0428 
vt 36.0296 -17.0128 
vt 36.0296 -17.0373 
vt 36.0434 -17.0128 
vt 36.0434 -17.0373 
vt 36.0571 -17.0128 
vt 36.0571 -17.0373 
vt 36.0434 -17.0428 
vt 36.0277 -17.0428 
vt 36.059 -17.0428 
vt 35.9723 -16.953 
vt 35.9723 -16.9572 
vt 35.9566 -16.9572 
vt 35.9566 -16.953 
vt 35.941 -16.9572 
vt 35.941 -16.953 

usemtl Meshpart1Mtl

f 1161/1161/1161 1162/1162/1162 1160/1160/1160 
f 1162/1162/1162 1161/1161/1161 1163/1163/1163 
f 1163/1163/1163 1165/1165/1165 1162/1162/1162 
f 1165/1165/1165 1163/1163/1163 1164/1164/1164 
f 1169/1169/1169 1168/1168/1168 1167/1167/1167 
f 1169/1169/1169 1171/1171/1171 1172/1172/1172 
f 1171/1171/1171 1173/1173/1173 1170/1170/1170 
f 1171/1171/1171 1169/1169/1169 1174/1174/1174 
f 1173/1173/1173 1171/1171/1171 1174/1174/1174 
f 1169/1169/1169 1167/1167/1167 1174/1174/1174 
f 1174/1174/1174 1166/1166/1166 1173/1173/1173 
f 1166/1166/1166 1174/1174/1174 1167/1167/1167 
f 1178/1178/1178 1177/1177/1177 1175/1175/1175 
f 1178/1178/1178 1182/1182/1182 1183/1183/1183 
f 1182/1182/1182 1184/1184/1184 1181/1181/1181 
f 1182/1182/1182 1178/1178/1178 1185/1185/1185 
f 1184/1184/1184 1182/1182/1182 1185/1185/1185 
f 1178/1178/1178 1175/1175/1175 1185/1185/1185 
f 1185/1185/1185 1176/1176/1176 1184/1184/1184 
f 1176/1176/1176 1185/1185/1185 1175/1175/1175 
f 1189/1189/1189 1186/1186/1186 1187/1187/1187 
f 1187/1187/1187 1191/1191/1191 1189/1189/1189 
f 1191/1191/1191 1188/1188/1188 1190/1190/1190 
f 1190/1190/1190 1189/1189/1189 1191/1191/1191 
f 1195/1195/1195 1194/1194/1194 1193/1193/1193 
f 1195/1195/1195 1197/1197/1197 1198/1198/1198 
f 1196/1196/1196 1197/1197/1197 1199/1199/1199 
f 1197/1197/1197 1195/1195/1195 1200/1200/1200 
f 1200/1200/1200 1199/1199/1199 1197/1197/1197 
f 1193/1193/1193 1200/1200/1200 1195/1195/1195 
f 1199/1199/1199 1200/1200/1200 1192/1192/1192 
f 1193/1193/1193 1192/1192/1192 1200/1200/1200 
f 1202/1202/1202 1203/1203/1203 1201/1201/1201 
f 1203/1203/1203 1202/1202/1202 1204/1204/1204 
f 1204/1204/1204 1206/1206/1206 1203/1203/1203 
f 1206/1206/1206 1204/1204/1204 1205/1205/1205 
f 1209/1209/1209 1210/1210/1210 1211/1211/1211 
f 1210/1210/1210 1209/1209/1209 1212/1212/1212 
f 1212/1212/1212 1209/1209/1209 1213/1213/1213 
f 1212/1212/1212 1214/1214/1214 1210/1210/1210 
f 1210/1210/1210 1214/1214/1214 1215/1215/1215 
f 1214/1214/1214 1212/1212/1212 1216/1216/1216 
f 1217/1217/1217 1218/1218/1218 1219/1219/1219 
f 1218/1218/1218 1217/1217/1217 1220/1220/1220 
f 1220/1220/1220 1217/1217/1217 1221/1221/1221 
f 1220/1220/1220 1222/1222/1222 1218/1218/1218 
f 1218/1218/1218 1222/1222/1222 1223/1223/1223 
f 1222/1222/1222 1220/1220/1220 1224/1224/1224 
f 1226/1226/1226 1227/1227/1227 1225/1225/1225 
f 1226/1226/1226 1228/1228/1228 1227/1227/1227 
f 1228/1228/1228 1229/1229/1229 1227/1227/1227 
f 1228/1228/1228 1230/1230/1230 1229/1229/1229 
f 1231/1231/1231 1232/1232/1232 1233/1233/1233 
f 1233/1233/1233 1232/1232/1232 1234/1234/1234 
f 1234/1234/1234 1235/1235/1235 1233/1233/1233 
f 1235/1235/1235 1234/1234/1234 1236/1236/1236 
f 1232/1232/1232 1237/1237/1237 1234/1234/1234 
f 1236/1236/1236 1234/1234/1234 1237/1237/1237 
f 1237/1237/1237 1232/1232/1232 1238/1238/1238 
f 1236/1236/1236 1237/1237/1237 1239/1239/1239 
f 1240/1240/1240 1241/1241/1241 1242/1242/1242 
f 1241/1241/1241 1240/1240/1240 1243/1243/1243 
f 1241/1241/1241 1243/1243/1243 1244/1244/1244 
f 1244/1244/1244 1243/1243/1243 1245/1245/1245 
f 1240/1240/1240 1246/1246/1246 1243/1243/1243 
f 1245/1245/1245 1243/1243/1243 1246/1246/1246 
f 1246/1246/1246 1240/1240/1240 1247/1247/1247 
f 1245/1245/1245 1246/1246/1246 1248/1248/1248 
f 1251/1251/1251 1252/1252/1252 1250/1250/1250 
f 1251/1251/1251 1253/1253/1253 1252/1252/1252 
f 1253/1253/1253 1254/1254/1254 1252/1252/1252 
f 1253/1253/1253 1255/1255/1255 1254/1254/1254 
f 1257/1257/1257 1259/1259/1259 1256/1256/1256 
f 1260/1260/1260 1257/1257/1257 1258/1258/1258 
f 1261/1261/1261 1259/1259/1259 1257/1257/1257 
f 1257/1257/1257 1260/1260/1260 1261/1261/1261 
f 1261/1261/1261 1262/1262/1262 1259/1259/1259 
f 1260/1260/1260 1263/1263/1263 1261/1261/1261 
f 1263/1263/1263 1262/1262/1262 1261/1261/1261 
f 1260/1260/1260 1264/1264/1264 1263/1263/1263 
f 1266/1266/1266 1267/1267/1267 1265/1265/1265 
f 1266/1266/1266 1268/1268/1268 1267/1267/1267 
f 1268/1268/1268 1269/1269/1269 1267/1267/1267 
f 1268/1268/1268 1270/1270/1270 1269/1269/1269 
f 1271/1271/1271 1272/1272/1272 1273/1273/1273 
f 1273/1273/1273 1274/1274/1274 1271/1271/1271 
f 1275/1275/1275 1271/1271/1271 1274/1274/1274 
f 1274/1274/1274 1276/1276/1276 1275/1275/1275 
f 1277/1277/1277 1278/1278/1278 1279/1279/1279 
f 1281/1281/1281 1278/1278/1278 1280/1280/1280 
f 1282/1282/1282 1279/1279/1279 1278/1278/1278 
f 1278/1278/1278 1281/1281/1281 1282/1282/1282 
f 1279/1279/1279 1282/1282/1282 1283/1283/1283 
f 1284/1284/1284 1282/1282/1282 1281/1281/1281 
f 1284/1284/1284 1283/1283/1283 1282/1282/1282 
f 1281/1281/1281 1285/1285/1285 1284/1284/1284 
f 1286/1286/1286 1287/1287/1287 1288/1288/1288 
f 1290/1290/1290 1287/1287/1287 1289/1289/1289 
f 1291/1291/1291 1288/1288/1288 1287/1287/1287 
f 1287/1287/1287 1290/1290/1290 1291/1291/1291 
f 1288/1288/1288 1291/1291/1291 1292/1292/1292 
f 1293/1293/1293 1291/1291/1291 1290/1290/1290 
f 1293/1293/1293 1292/1292/1292 1291/1291/1291 
f 1290/1290/1290 1294/1294/1294 1293/1293/1293 
f 1295/1295/1295 1296/1296/1296 1297/1297/1297 
f 1296/1296/1296 1295/1295/1295 1298/1298/1298 
f 1297/1297/1297 1299/1299/1299 1295/1295/1295 
f 1299/1299/1299 1297/1297/1297 1300/1300/1300 
f 1303/1303/1303 1304/1304/1304 1302/1302/1302 
f 1306/1306/1306 1303/1303/1303 1305/1305/1305 
f 1304/1304/1304 1303/1303/1303 1307/1307/1307 
f 1303/1303/1303 1306/1306/1306 1307/1307/1307 
f 1307/1307/1307 1308/1308/1308 1304/1304/1304 
f 1306/1306/1306 1309/1309/1309 1307/1307/1307 
f 1308/1308/1308 1307/1307/1307 1309/1309/1309 
f 1306/1306/1306 1310/1310/1310 1309/1309/1309 
f 1311/1311/1311 1312/1312/1312 1313/1313/1313 
f 1313/1313/1313 1314/1314/1314 1311/1311/1311 
f 1315/1315/1315 1311/1311/1311 1314/1314/1314 
f 1314/1314/1314 1316/1316/1316 1315/1315/1315 
f 1317/1317/1317 1318/1318/1318 1319/1319/1319 
f 1318/1318/1318 1317/1317/1317 1320/1320/1320 
f 1317/1317/1317 1319/1319/1319 1321/1321/1321 
f 1318/1318/1318 1322/1322/1322 1319/1319/1319 
f 1319/1319/1319 1322/1322/1322 1323/1323/1323 
f 1322/1322/1322 1318/1318/1318 1324/1324/1324 
f 1325/1325/1325 1327/1327/1327 1326/1326/1326 
f 1325/1325/1325 1328/1328/1328 1327/1327/1327 
f 1328/1328/1328 1329/1329/1329 1327/1327/1327 
f 1328/1328/1328 1330/1330/1330 1329/1329/1329 
f 1332/1332/1332 1334/1334/1334 1331/1331/1331 
f 1335/1335/1335 1332/1332/1332 1333/1333/1333 
f 1336/1336/1336 1334/1334/1334 1332/1332/1332 
f 1332/1332/1332 1335/1335/1335 1336/1336/1336 
f 1336/1336/1336 1337/1337/1337 1334/1334/1334 
f 1335/1335/1335 1338/1338/1338 1336/1336/1336 
f 1338/1338/1338 1337/1337/1337 1336/1336/1336 
f 1335/1335/1335 1339/1339/1339 1338/1338/1338 
f 1343/1343/1343 1345/1345/1345 1342/1342/1342 
f 1346/1346/1346 1343/1343/1343 1344/1344/1344 
f 1347/1347/1347 1345/1345/1345 1343/1343/1343 
f 1343/1343/1343 1346/1346/1346 1347/1347/1347 
f 1347/1347/1347 1348/1348/1348 1345/1345/1345 
f 1346/1346/1346 1349/1349/1349 1347/1347/1347 
f 1349/1349/1349 1348/1348/1348 1347/1347/1347 
f 1346/1346/1346 1350/1350/1350 1349/1349/1349 
f 1352/1352/1352 1353/1353/1353 1351/1351/1351 
f 1353/1353/1353 1352/1352/1352 1354/1354/1354 
f 1354/1354/1354 1355/1355/1355 1353/1353/1353 
f 1354/1354/1354 1356/1356/1356 1355/1355/1355 
f 1357/1357/1357 1358/1358/1358 1359/1359/1359 
f 1359/1359/1359 1358/1358/1358 1360/1360/1360 
f 1359/1359/1359 1360/1360/1360 1361/1361/1361 
f 1361/1361/1361 1360/1360/1360 1362/1362/1362 
f 1358/1358/1358 1363/1363/1363 1360/1360/1360 
f 1362/1362/1362 1360/1360/1360 1363/1363/1363 
f 1363/1363/1363 1358/1358/1358 1364/1364/1364 
f 1362/1362/1362 1363/1363/1363 1365/1365/1365 
f 1366/1366/1366 1368/1368/1368 1367/1367/1367 
f 1366/1366/1366 1369/1369/1369 1368/1368/1368 
f 1369/1369/1369 1370/1370/1370 1368/1368/1368 
f 1369/1369/1369 1371/1371/1371 1370/1370/1370 

g Meshpart7

v -190.242 5.9748 -1.45813 
v -190.242 6.45288 -1.45813 
v -190.352 5.9748 -1.50363 
v -190.352 6.45288 -1.50363 
v -190.461 5.9748 -1.45813 
v -190.461 6.45288 -1.45813 
v -190.461 6.17974 -1.80486 
v -190.461 5.70166 -1.80486 
v -190.352 6.17974 -1.85036 
v -190.352 5.70166 -1.85036 
v -190.242 6.17974 -1.80486 
v -190.242 5.70166 -1.80486 
v -190.196 6.17974 -1.695 
v -190.196 5.70166 -1.695 
v -190.461 6.17974 -2.15184 
v -190.461 5.70166 -2.15184 
v -190.352 6.17974 -2.19734 
v -190.352 5.70166 -2.19734 
v -190.242 6.17974 -2.15184 
v -190.242 5.70166 -2.15184 
v -190.352 6.45288 -1.50363 
v -190.507 6.45288 -1.34828 
v -190.242 6.45288 -1.45813 
v -190.461 6.45288 -1.45813 
v -190.352 6.45288 -1.19292 
v -190.461 6.45288 -1.23842 
v -190.196 6.45288 -1.34828 
v -190.242 6.45288 -1.23842 
v -190.242 5.9748 -1.45813 
v -190.196 6.45288 -1.34828 
v -190.196 5.9748 -1.34828 
v -190.242 6.45288 -1.23842 
v -190.242 6.45288 -1.45813 
v -190.242 5.9748 -1.23842 
v -190.352 5.9748 -1.50363 
v -190.352 6.45288 -1.50363 
v -190.461 6.45288 -1.23842 
v -190.461 5.9748 -1.23842 
v -190.352 5.70166 -1.53964 
v -190.352 6.17974 -1.53964 
v -190.242 6.17974 -1.80486 
v -190.242 5.70166 -1.58515 
v -190.242 5.70166 -1.80486 
v -190.242 6.17974 -1.58515 
v -190.196 6.17974 -1.695 
v -190.196 5.70166 -1.695 
v -190.242 6.17974 -2.15184 
v -190.242 5.70166 -1.93213 
v -190.242 5.70166 -2.15184 
v -190.242 6.17974 -1.93213 
v -190.196 6.17974 -2.04198 
v -190.196 5.70166 -2.04198 
v -190.196 5.9748 -1.34828 
v -190.242 6.45288 -1.23842 
v -190.242 5.9748 -1.23842 
v -190.352 6.45288 -1.19292 
v -190.352 5.9748 -1.19292 
v -190.461 6.45288 -1.23842 
v -190.461 5.9748 -1.23842 
v -190.461 6.17974 -1.80486 
v -190.461 5.70166 -1.58515 
v -190.461 5.70166 -1.80486 
v -190.461 6.17974 -1.58515 
v -190.352 5.70166 -1.53964 
v -190.352 6.17974 -1.53964 
v -190.242 5.70166 -1.58515 
v -190.242 6.17974 -1.58515 
v -190.196 6.17974 -1.695 
v -190.196 5.70166 -1.695 
v -190.461 6.17974 -2.15184 
v -190.461 5.70166 -1.93213 
v -190.461 6.17974 -1.93213 
v -190.352 5.70166 -1.88663 
v -190.352 6.17974 -1.88663 
v -190.242 5.70166 -1.93213 
v -190.242 6.17974 -1.93213 
v -190.352 5.70166 -1.85036 
v -190.507 5.70166 -1.695 
v -190.461 5.70166 -1.80486 
v -190.242 5.70166 -1.80486 
v -190.242 5.70166 -1.58515 
v -190.196 5.70166 -1.695 
v -190.352 5.70166 -1.53964 
v -190.461 5.70166 -1.58515 
v -190.196 5.70166 -2.04198 
v -190.352 5.70166 -1.88663 
v -190.242 5.70166 -2.15184 
v -190.242 5.70166 -1.93213 
v -190.507 5.70166 -2.04198 
v -190.461 5.70166 -1.93213 
v -190.352 5.70166 -2.19734 
v -190.461 5.70166 -2.15184 
v -190.352 5.9748 -1.50363 
v -190.352 6.45288 -1.50363 
v -190.461 5.9748 -1.45813 
v -190.461 6.45288 -1.23842 
v -190.461 6.45288 -1.45813 
v -190.461 5.9748 -1.23842 
v -190.507 5.9748 -1.34828 
v -190.507 6.45288 -1.34828 
v -190.461 6.17974 -1.80486 
v -190.507 5.70166 -1.695 
v -190.507 6.17974 -1.695 
v -190.461 5.70166 -1.58515 
v -190.461 5.70166 -1.80486 
v -190.461 6.17974 -1.58515 
v -190.461 6.17974 -2.15184 
v -190.507 5.70166 -2.04198 
v -190.507 6.17974 -2.04198 
v -190.461 5.70166 -1.93213 
v -190.461 5.70166 -2.15184 
v -190.461 6.17974 -1.93213 

vn 0.708661 0 -0.708661 
vn 0.708661 0 -0.708661 
vn 0 0 -1 
vn 0 0 -1 
vn -0.708661 0 -0.708661 
vn -0.708661 0 -0.708661 
vn -0.708661 0 -0.708661 
vn -0.708661 0 -0.708661 
vn 0 0 -1 
vn 0 0 -1 
vn 0.708661 0 -0.708661 
vn 0.708661 0 -0.708661 
vn 1 0 0 
vn 1 0 0 
vn -0.708661 0 -0.708661 
vn -0.708661 0 -0.708661 
vn 0 0 -1 
vn 0 0 -1 
vn 0.708661 0 -0.708661 
vn 0.708661 0 -0.708661 
vn 0 1 0 
vn 0 1 0 
vn 0 1 0 
vn 0 1 0 
vn 0 1 0 
vn 0 1 0 
vn 0 1 0 
vn 0 1 0 
vn 0.708661 0 -0.708661 
vn 1 0 0 
vn 1 0 0 
vn 0.708661 0 0.708661 
vn 0.708661 0 -0.708661 
vn 0.708661 0 0.708661 
vn 0 0 -1 
vn 0 0 -1 
vn -0.708661 0 0.708661 
vn -0.708661 0 0.708661 
vn 0 0 1 
vn 0 0 1 
vn 0.708661 0 -0.708661 
vn 0.708661 0 0.708661 
vn 0.708661 0 -0.708661 
vn 0.708661 0 0.708661 
vn 1 0 0 
vn 1 0 0 
vn 0.708661 0 -0.708661 
vn 0.708661 0 0.708661 
vn 0.708661 0 -0.708661 
vn 0.708661 0 0.708661 
vn 1 0 0 
vn 1 0 0 
vn 1 0 0 
vn 0.708661 0 0.708661 
vn 0.708661 0 0.708661 
vn 0 0 1 
vn 0 0 1 
vn -0.708661 0 0.708661 
vn -0.708661 0 0.708661 
vn -0.708661 0 -0.708661 
vn -0.708661 0 0.708661 
vn -0.708661 0 -0.708661 
vn -0.708661 0 0.708661 
vn 0 0 1 
vn 0 0 1 
vn 0.708661 0 0.708661 
vn 0.708661 0 0.708661 
vn 1 0 0 
vn 1 0 0 
vn -0.708661 0 -0.708661 
vn -0.708661 0 0.708661 
vn -0.708661 0 0.708661 
vn 0 0 1 
vn 0 0 1 
vn 0.708661 0 0.708661 
vn 0.708661 0 0.708661 
vn 0 -1 0 
vn 0 -1 0 
vn 0 -1 0 
vn 0 -1 0 
vn 0 -1 0 
vn 0 -1 0 
vn 0 -1 0 
vn 0 -1 0 
vn 0 -1 0 
vn 0 -1 0 
vn 0 -1 0 
vn 0 -1 0 
vn 0 -1 0 
vn 0 -1 0 
vn 0 -1 0 
vn 0 -1 0 
vn 0 0 -1 
vn 0 0 -1 
vn -0.708661 0 -0.708661 
vn -0.708661 0 0.708661 
vn -0.708661 0 -0.708661 
vn -0.708661 0 0.708661 
vn -1 0 0 
vn -1 0 0 
vn -0.708661 0 -0.708661 
vn -1 0 0 
vn -1 0 0 
vn -0.708661 0 0.708661 
vn -0.708661 0 -0.708661 
vn -0.708661 0 0.708661 
vn -0.708661 0 -0.708661 
vn -1 0 0 
vn -1 0 0 
vn -0.708661 0 0.708661 
vn -0.708661 0 -0.708661 
vn -0.708661 0 0.708661 

vt 27.9863 -17.0128 
vt 27.9863 -16.953 
vt 28 -17.0128 
vt 28 -16.953 
vt 28.0137 -17.0128 
vt 28.0137 -16.953 
vt 28.0137 -16.9872 
vt 28.0137 -17.047 
vt 28 -16.9872 
vt 28 -17.047 
vt 27.9863 -16.9872 
vt 27.9863 -17.047 
vt 27.9806 -16.9872 
vt 27.9806 -17.047 
vt 28.0137 -16.9872 
vt 28.0137 -17.047 
vt 28 -16.9872 
vt 28 -17.047 
vt 27.9863 -16.9872 
vt 27.9863 -17.047 
vt 28.0239 -17 
vt 28.0434 -17.0194 
vt 28.0296 -16.9863 
vt 28.0296 -17.0137 
vt 28.0628 -17 
vt 28.0571 -17.0137 
vt 28.0434 -16.9806 
vt 28.0571 -16.9863 
vt 27.9704 -17.0128 
vt 27.9566 -16.953 
vt 27.9566 -17.0128 
vt 27.9429 -16.953 
vt 27.9704 -16.953 
vt 27.9429 -17.0128 
vt 27.9761 -17.0128 
vt 27.9761 -16.953 
vt 27.9429 -16.953 
vt 27.9429 -17.0128 
vt 27.9806 -17.047 
vt 27.9806 -16.9872 
vt 28.0137 -16.9872 
vt 27.9863 -17.047 
vt 28.0137 -17.047 
vt 27.9863 -16.9872 
vt 28 -16.9872 
vt 28 -17.047 
vt 28.0571 -16.9872 
vt 28.0296 -17.047 
vt 28.0571 -17.047 
vt 28.0296 -16.9872 
vt 28.0434 -16.9872 
vt 28.0434 -17.047 
vt 28.0194 -17.0128 
vt 28.0137 -16.953 
vt 28.0137 -17.0128 
vt 28 -16.953 
vt 28 -17.0128 
vt 27.9863 -16.953 
vt 27.9863 -17.0128 
vt 27.9863 -16.9872 
vt 27.9863 -17.047 
vt 27.9863 -17.047 
vt 27.9863 -16.9872 
vt 28 -17.047 
vt 28 -16.9872 
vt 28.0137 -17.047 
vt 28.0137 -16.9872 
vt 28.0194 -16.9872 
vt 28.0194 -17.047 
vt 27.9863 -16.9872 
vt 27.9863 -17.047 
vt 27.9863 -16.9872 
vt 28 -17.047 
vt 28 -16.9872 
vt 28.0137 -17.047 
vt 28.0137 -16.9872 
vt 28.0194 -17 
vt 28 -17.0194 
vt 28.0137 -17.0137 
vt 28.0137 -16.9863 
vt 27.9863 -16.9863 
vt 28 -16.9806 
vt 27.9806 -17 
vt 27.9863 -17.0137 
vt 28.0434 -16.9806 
vt 28.0239 -17 
vt 28.0571 -16.9863 
vt 28.0296 -16.9863 
vt 28.0434 -17.0194 
vt 28.0296 -17.0137 
vt 28.0628 -17 
vt 28.0571 -17.0137 
vt 28.0239 -17.0128 
vt 28.0239 -16.953 
vt 28.0296 -17.0128 
vt 28.0571 -16.953 
vt 28.0296 -16.953 
vt 28.0571 -17.0128 
vt 28.0434 -17.0128 
vt 28.0434 -16.953 
vt 27.9863 -16.9872 
vt 28 -17.047 
vt 28 -16.9872 
vt 28.0137 -17.047 
vt 27.9863 -17.047 
vt 28.0137 -16.9872 
vt 27.9429 -16.9872 
vt 27.9566 -17.047 
vt 27.9566 -16.9872 
vt 27.9704 -17.047 
vt 27.9429 -17.047 
vt 27.9704 -16.9872 

usemtl Meshpart2Mtl

f 1374/1374/1374 1373/1373/1373 1372/1372/1372 
f 1374/1374/1374 1375/1375/1375 1373/1373/1373 
f 1376/1376/1376 1375/1375/1375 1374/1374/1374 
f 1376/1376/1376 1377/1377/1377 1375/1375/1375 
f 1380/1380/1380 1379/1379/1379 1378/1378/1378 
f 1379/1379/1379 1380/1380/1380 1381/1381/1381 
f 1382/1382/1382 1381/1381/1381 1380/1380/1380 
f 1381/1381/1381 1382/1382/1382 1383/1383/1383 
f 1388/1388/1388 1387/1387/1387 1386/1386/1386 
f 1387/1387/1387 1388/1388/1388 1389/1389/1389 
f 1390/1390/1390 1389/1389/1389 1388/1388/1388 
f 1389/1389/1389 1390/1390/1390 1391/1391/1391 
f 1392/1392/1392 1393/1393/1393 1394/1394/1394 
f 1393/1393/1393 1392/1392/1392 1395/1395/1395 
f 1396/1396/1396 1394/1394/1394 1393/1393/1393 
f 1396/1396/1396 1393/1393/1393 1397/1397/1397 
f 1394/1394/1394 1396/1396/1396 1398/1398/1398 
f 1398/1398/1398 1396/1396/1396 1399/1399/1399 
f 1400/1400/1400 1401/1401/1401 1402/1402/1402 
f 1403/1403/1403 1402/1402/1402 1401/1401/1401 
f 1401/1401/1401 1400/1400/1400 1404/1404/1404 
f 1402/1402/1402 1403/1403/1403 1405/1405/1405 
f 1414/1414/1414 1412/1412/1412 1416/1416/1416 
f 1415/1415/1415 1413/1413/1413 1417/1417/1417 
f 1416/1416/1416 1417/1417/1417 1414/1414/1414 
f 1417/1417/1417 1416/1416/1416 1415/1415/1415 
f 1420/1420/1420 1418/1418/1418 1422/1422/1422 
f 1421/1421/1421 1419/1419/1419 1423/1423/1423 
f 1422/1422/1422 1423/1423/1423 1420/1420/1420 
f 1423/1423/1423 1422/1422/1422 1421/1421/1421 
f 1427/1427/1427 1426/1426/1426 1425/1425/1425 
f 1427/1427/1427 1428/1428/1428 1426/1426/1426 
f 1429/1429/1429 1428/1428/1428 1427/1427/1427 
f 1429/1429/1429 1430/1430/1430 1428/1428/1428 
f 1434/1434/1434 1432/1432/1432 1435/1435/1435 
f 1434/1434/1434 1435/1435/1435 1436/1436/1436 
f 1436/1436/1436 1435/1435/1435 1437/1437/1437 
f 1436/1436/1436 1437/1437/1437 1438/1438/1438 
f 1443/1443/1443 1442/1442/1442 1444/1444/1444 
f 1443/1443/1443 1444/1444/1444 1445/1445/1445 
f 1445/1445/1445 1444/1444/1444 1446/1446/1446 
f 1445/1445/1445 1446/1446/1446 1447/1447/1447 
f 1448/1448/1448 1449/1449/1449 1450/1450/1450 
f 1451/1451/1451 1449/1449/1449 1448/1448/1448 
f 1449/1449/1449 1451/1451/1451 1452/1452/1452 
f 1451/1451/1451 1453/1453/1453 1452/1452/1452 
f 1449/1449/1449 1452/1452/1452 1454/1454/1454 
f 1449/1449/1449 1454/1454/1454 1455/1455/1455 
f 1456/1456/1456 1457/1457/1457 1458/1458/1458 
f 1457/1457/1457 1456/1456/1456 1459/1459/1459 
f 1458/1458/1458 1457/1457/1457 1460/1460/1460 
f 1460/1460/1460 1457/1457/1457 1461/1461/1461 
f 1458/1458/1458 1460/1460/1460 1462/1462/1462 
f 1462/1462/1462 1460/1460/1460 1463/1463/1463 
f 1468/1468/1468 1466/1466/1466 1470/1470/1470 
f 1469/1469/1469 1467/1467/1467 1471/1471/1471 
f 1470/1470/1470 1471/1471/1471 1468/1468/1468 
f 1471/1471/1471 1470/1470/1470 1469/1469/1469 
f 1472/1472/1472 1473/1473/1473 1474/1474/1474 
f 1475/1475/1475 1474/1474/1474 1473/1473/1473 
f 1473/1473/1473 1472/1472/1472 1476/1476/1476 
f 1474/1474/1474 1475/1475/1475 1477/1477/1477 
f 1478/1478/1478 1479/1479/1479 1480/1480/1480 
f 1481/1481/1481 1480/1480/1480 1479/1479/1479 
f 1479/1479/1479 1478/1478/1478 1482/1482/1482 
f 1480/1480/1480 1481/1481/1481 1483/1483/1483 

g Meshpart8

v -189.705 6.38405 -0.606907 
v -190.194 6.38405 -0.606907 
v -189.705 6.3239 -0.631821 
v -190.194 6.3239 -0.631821 
v -189.705 6.26375 -0.606907 
v -190.194 6.26375 -0.606907 
v -189.705 5.86785 -0.203611 
v -189.705 5.84294 -0.263761 
v -190.194 5.84294 -0.263761 
v -189.705 5.78279 -0.288678 
v -190.194 5.78279 -0.288678 
v -189.705 5.72264 -0.263761 
v -190.194 5.72264 -0.263761 
v -190.194 6.38405 -0.486605 
v -189.705 6.40897 -0.546757 
v -190.194 6.40897 -0.546757 
v -189.705 6.38405 -0.606907 
v -189.705 6.38405 -0.486605 
v -190.194 6.38405 -0.606907 
v -190.194 6.26375 -0.486605 
v -189.705 6.26375 -0.606907 
v -190.194 5.84294 -0.143462 
v -189.705 5.86785 -0.203611 
v -190.194 5.86785 -0.203611 
v -189.705 5.84294 -0.263761 
v -189.705 5.84294 -0.143462 
v -190.194 5.84294 -0.263761 
v -189.705 6.23883 -0.546757 
v -189.705 6.3239 -0.631821 
v -189.705 6.3239 -0.461691 
v -189.705 6.26375 -0.606907 
v -189.705 6.26375 -0.486605 
v -189.705 6.40897 -0.546757 
v -189.705 6.38405 -0.606907 
v -189.705 6.38405 -0.486605 
v -189.705 5.72264 -0.143462 
v -189.705 5.84294 -0.143462 
v -189.705 5.78279 -0.118545 
v -189.705 5.72264 -0.263761 
v -189.705 5.69772 -0.203611 
v -189.705 5.84294 -0.263761 
v -189.705 5.86785 -0.203611 
v -189.705 5.78279 -0.288678 
v -190.194 6.38405 -0.486605 
v -189.705 6.38405 -0.486605 
v -190.194 6.3239 -0.461691 
v -189.705 6.3239 -0.461691 
v -190.194 6.26375 -0.486605 
v -189.705 6.26375 -0.486605 
v -190.194 5.84294 -0.143462 
v -189.705 5.84294 -0.143462 
v -190.194 5.78279 -0.118545 
v -189.705 5.78279 -0.118545 
v -190.194 5.72264 -0.143462 
v -189.705 5.72264 -0.143462 
v -189.705 6.38405 -0.486605 
v -190.194 6.38405 -0.606907 
v -190.194 6.26375 -0.486605 
v -189.705 6.26375 -0.606907 
v -189.705 6.26375 -0.486605 
v -190.194 6.26375 -0.606907 
v -190.194 6.23883 -0.546757 
v -189.705 6.23883 -0.546757 
v -189.705 5.86785 -0.203611 
v -190.194 5.78279 -0.118545 
v -190.194 5.78279 -0.288678 
v -190.194 5.72264 -0.143462 
v -189.705 5.72264 -0.263761 
v -189.705 5.72264 -0.143462 
v -190.194 5.72264 -0.263761 
v -190.194 5.69772 -0.203611 
v -189.705 5.69772 -0.203611 
v -190.194 6.3239 -0.631821 
v -190.194 6.40897 -0.546757 
v -190.194 6.38405 -0.606907 
v -190.194 6.3239 -0.461691 
v -190.194 6.38405 -0.486605 
v -190.194 6.23883 -0.546757 
v -190.194 6.26375 -0.486605 
v -190.194 6.26375 -0.606907 
v -190.194 5.72264 -0.263761 
v -190.194 5.84294 -0.143462 
v -190.194 5.84294 -0.263761 
v -190.194 5.86785 -0.203611 
v -190.194 5.78279 -0.288678 
v -190.194 5.72264 -0.143462 
v -190.194 5.78279 -0.118545 
v -190.194 5.69772 -0.203611 

vn 0 0.708661 -0.708661 
vn 0 0.708661 -0.708661 
vn 0 0 -1 
vn 0 0 -1 
vn 0 -0.708661 -0.708661 
vn 0 -0.708661 -0.708661 
vn 0 1 0 
vn 0 0.708661 -0.708661 
vn 0 0.708661 -0.708661 
vn 0 0 -1 
vn 0 0 -1 
vn 0 -0.708661 -0.708661 
vn 0 -0.708661 -0.708661 
vn 0 0.708661 0.708661 
vn 0 1 0 
vn 0 1 0 
vn 0 0.708661 -0.708661 
vn 0 0.708661 0.708661 
vn 0 0.708661 -0.708661 
vn 0 -0.708661 0.708661 
vn 0 -0.708661 -0.708661 
vn 0 0.708661 0.708661 
vn 0 1 0 
vn 0 1 0 
vn 0 0.708661 -0.708661 
vn 0 0.708661 0.708661 
vn 0 0.708661 -0.708661 
vn 1 0 0 
vn 1 0 0 
vn 1 0 0 
vn 1 0 0 
vn 1 0 0 
vn 1 0 0 
vn 1 0 0 
vn 1 0 0 
vn 1 0 0 
vn 1 0 0 
vn 1 0 0 
vn 1 0 0 
vn 1 0 0 
vn 1 0 0 
vn 1 0 0 
vn 1 0 0 
vn 0 0.708661 0.708661 
vn 0 0.708661 0.708661 
vn 0 0 1 
vn 0 0 1 
vn 0 -0.708661 0.708661 
vn 0 -0.708661 0.708661 
vn 0 0.708661 0.708661 
vn 0 0.708661 0.708661 
vn 0 0 1 
vn 0 0 1 
vn 0 -0.708661 0.708661 
vn 0 -0.708661 0.708661 
vn 0 0.708661 0.708661 
vn 0 0.708661 -0.708661 
vn 0 -0.708661 0.708661 
vn 0 -0.708661 -0.708661 
vn 0 -0.708661 0.708661 
vn 0 -0.708661 -0.708661 
vn 0 -1 0 
vn 0 -1 0 
vn 0 1 0 
vn 0 0 1 
vn 0 0 -1 
vn 0 -0.708661 0.708661 
vn 0 -0.708661 -0.708661 
vn 0 -0.708661 0.708661 
vn 0 -0.708661 -0.708661 
vn 0 -1 0 
vn 0 -1 0 
vn -1 0 0 
vn -1 0 0 
vn -1 0 0 
vn -1 0 0 
vn -1 0 0 
vn -1 0 0 
vn -1 0 0 
vn -1 0 0 
vn -1 0 0 
vn -1 0 0 
vn -1 0 0 
vn -1 0 0 
vn -1 0 0 
vn -1 0 0 
vn -1 0 0 
vn -1 0 0 

vt 3.96945 -46.9587 
vt 4.03055 -46.9587 
vt 3.96945 -46.9662 
vt 4.03055 -46.9662 
vt 3.96945 -46.9737 
vt 4.03055 -46.9737 
vt 3.96945 -47.0232 
vt 3.96945 -47.0263 
vt 4.03055 -47.0263 
vt 3.96945 -47.0338 
vt 4.03055 -47.0338 
vt 3.96945 -47.0413 
vt 4.03055 -47.0413 
vt 3.98607 -47.0306 
vt 3.97855 -46.9694 
vt 3.97855 -47.0306 
vt 3.97103 -46.9694 
vt 3.98607 -46.9694 
vt 3.97103 -47.0306 
vt 3.98607 -47.0306 
vt 3.97103 -46.9694 
vt 4.02896 -47.0306 
vt 4.02145 -46.9694 
vt 4.02145 -47.0306 
vt 4.01393 -46.9694 
vt 4.02896 -46.9694 
vt 4.01393 -47.0306 
vt 4.02145 -46.9768 
vt 4.03208 -46.9662 
vt 4.01081 -46.9662 
vt 4.02897 -46.9737 
vt 4.01393 -46.9737 
vt 4.02145 -46.9555 
vt 4.02897 -46.9587 
vt 4.01393 -46.9587 
vt 3.97103 -47.0413 
vt 3.97103 -47.0263 
vt 3.96792 -47.0338 
vt 3.98607 -47.0413 
vt 3.97855 -47.0445 
vt 3.98607 -47.0263 
vt 3.97855 -47.0232 
vt 3.98919 -47.0338 
vt 3.96945 -46.9587 
vt 4.03055 -46.9587 
vt 3.96945 -46.9662 
vt 4.03055 -46.9662 
vt 3.96945 -46.9737 
vt 4.03055 -46.9737 
vt 3.96945 -47.0263 
vt 4.03055 -47.0263 
vt 3.96945 -47.0338 
vt 4.03055 -47.0338 
vt 3.96945 -47.0413 
vt 4.03055 -47.0413 
vt 4.01393 -46.9694 
vt 4.02897 -47.0306 
vt 4.01393 -47.0306 
vt 4.02897 -46.9694 
vt 4.01393 -46.9694 
vt 4.02897 -47.0306 
vt 4.02145 -47.0306 
vt 4.02145 -46.9694 
vt 3.97855 -46.9694 
vt 3.96792 -47.0306 
vt 3.98919 -47.0306 
vt 3.97103 -47.0306 
vt 3.98607 -46.9694 
vt 3.97103 -46.9694 
vt 3.98607 -47.0306 
vt 3.97855 -47.0306 
vt 3.97855 -46.9694 
vt 3.96792 -46.9662 
vt 3.97855 -46.9555 
vt 3.97103 -46.9587 
vt 3.98919 -46.9662 
vt 3.98607 -46.9587 
vt 3.97855 -46.9768 
vt 3.98607 -46.9737 
vt 3.97103 -46.9737 
vt 4.01393 -47.0413 
vt 4.02896 -47.0263 
vt 4.01393 -47.0263 
vt 4.02145 -47.0232 
vt 4.01081 -47.0338 
vt 4.02896 -47.0413 
vt 4.03208 -47.0338 
vt 4.02145 -47.0445 

usemtl Meshpart8Mtl

f 1486/1486/1486 1485/1485/1485 1484/1484/1484 
f 1485/1485/1485 1486/1486/1486 1487/1487/1487 
f 1488/1488/1488 1487/1487/1487 1486/1486/1486 
f 1487/1487/1487 1488/1488/1488 1489/1489/1489 
f 1493/1493/1493 1492/1492/1492 1491/1491/1491 
f 1492/1492/1492 1493/1493/1493 1494/1494/1494 
f 1495/1495/1495 1494/1494/1494 1493/1493/1493 
f 1494/1494/1494 1495/1495/1495 1496/1496/1496 
f 1497/1497/1497 1498/1498/1498 1499/1499/1499 
f 1500/1500/1500 1499/1499/1499 1498/1498/1498 
f 1498/1498/1498 1497/1497/1497 1501/1501/1501 
f 1499/1499/1499 1500/1500/1500 1502/1502/1502 
f 1505/1505/1505 1506/1506/1506 1507/1507/1507 
f 1508/1508/1508 1507/1507/1507 1506/1506/1506 
f 1506/1506/1506 1505/1505/1505 1509/1509/1509 
f 1507/1507/1507 1508/1508/1508 1510/1510/1510 
f 1511/1511/1511 1512/1512/1512 1513/1513/1513 
f 1512/1512/1512 1511/1511/1511 1514/1514/1514 
f 1511/1511/1511 1513/1513/1513 1515/1515/1515 
f 1513/1513/1513 1512/1512/1512 1516/1516/1516 
f 1516/1516/1516 1512/1512/1512 1517/1517/1517 
f 1513/1513/1513 1516/1516/1516 1518/1518/1518 
f 1519/1519/1519 1520/1520/1520 1521/1521/1521 
f 1520/1520/1520 1519/1519/1519 1522/1522/1522 
f 1522/1522/1522 1519/1519/1519 1523/1523/1523 
f 1524/1524/1524 1520/1520/1520 1522/1522/1522 
f 1520/1520/1520 1524/1524/1524 1525/1525/1525 
f 1524/1524/1524 1522/1522/1522 1526/1526/1526 
f 1529/1529/1529 1528/1528/1528 1527/1527/1527 
f 1528/1528/1528 1529/1529/1529 1530/1530/1530 
f 1531/1531/1531 1530/1530/1530 1529/1529/1529 
f 1530/1530/1530 1531/1531/1531 1532/1532/1532 
f 1535/1535/1535 1534/1534/1534 1533/1533/1533 
f 1534/1534/1534 1535/1535/1535 1536/1536/1536 
f 1537/1537/1537 1536/1536/1536 1535/1535/1535 
f 1536/1536/1536 1537/1537/1537 1538/1538/1538 
f 1545/1545/1545 1543/1543/1543 1541/1541/1541 
f 1546/1546/1546 1544/1544/1544 1542/1542/1542 
f 1543/1543/1543 1545/1545/1545 1546/1546/1546 
f 1544/1544/1544 1546/1546/1546 1545/1545/1545 
f 1554/1554/1554 1552/1552/1552 1550/1550/1550 
f 1555/1555/1555 1553/1553/1553 1551/1551/1551 
f 1552/1552/1552 1554/1554/1554 1555/1555/1555 
f 1553/1553/1553 1555/1555/1555 1554/1554/1554 
f 1556/1556/1556 1557/1557/1557 1558/1558/1558 
f 1559/1559/1559 1557/1557/1557 1556/1556/1556 
f 1557/1557/1557 1559/1559/1559 1560/1560/1560 
f 1561/1561/1561 1559/1559/1559 1556/1556/1556 
f 1559/1559/1559 1561/1561/1561 1562/1562/1562 
f 1561/1561/1561 1556/1556/1556 1563/1563/1563 
f 1564/1564/1564 1565/1565/1565 1566/1566/1566 
f 1566/1566/1566 1565/1565/1565 1567/1567/1567 
f 1564/1564/1564 1566/1566/1566 1568/1568/1568 
f 1564/1564/1564 1569/1569/1569 1565/1565/1565 
f 1565/1565/1565 1569/1569/1569 1570/1570/1570 
f 1569/1569/1569 1564/1564/1564 1571/1571/1571 

g Meshpart9

v -190.311 6.35914 -0.544922 
v -190.275 6.37116 -0.539028 
v -190.309 6.3574 -0.550752 
v -190.275 6.37116 -0.550816 
v -190.325 6.32434 -0.544922 
v -190.276 6.36524 -0.553044 
v -190.305 6.35326 -0.553042 
v -190.277 6.35954 -0.550604 
v -190.323 6.32434 -0.550752 
v -190.301 6.34927 -0.550548 
v -190.299 6.34767 -0.544922 
v -190.277 6.35717 -0.544922 
v -190.317 6.32434 -0.553042 
v -190.311 6.32434 -0.550548 
v -190.309 6.32434 -0.544922 
v -190.299 6.30101 -0.544922 
v -190.301 6.29941 -0.550548 
v -190.305 6.29542 -0.553042 
v -190.277 6.28914 -0.550604 
v -190.277 6.29151 -0.544922 
v -190.276 6.28344 -0.553044 
v -190.309 6.29128 -0.550752 
v -190.275 6.27752 -0.550816 
v -190.309 6.3574 -0.539092 
v -190.275 6.37372 -0.544922 
v -190.311 6.35914 -0.544922 
v -190.275 6.37116 -0.539028 
v -190.309 6.3574 -0.550752 
v -190.275 6.37116 -0.550816 
v -190.277 6.35954 -0.550604 
v -190.299 6.30101 -0.544922 
v -190.301 6.29941 -0.550548 
v -190.305 6.29542 -0.553042 
v -190.277 6.28914 -0.550604 
v -190.277 6.29151 -0.544922 
v -190.277 6.28914 -0.53924 
v -190.275 6.27752 -0.550816 
v -190.305 6.29542 -0.536802 
v -190.301 6.29941 -0.539296 
v -190.305 6.35326 -0.536802 
v -190.301 6.34927 -0.539296 
v -190.305 6.35326 -0.553042 
v -190.301 6.34927 -0.550548 
v -190.299 6.34767 -0.544922 
v -190.317 6.32434 -0.553042 
v -190.311 6.32434 -0.550548 
v -190.309 6.32434 -0.544922 
v -190.311 6.32434 -0.539296 
v -190.299 6.30101 -0.544922 
v -190.301 6.29941 -0.550548 
v -190.305 6.29542 -0.553042 
v -190.305 6.29542 -0.536802 
v -190.317 6.32434 -0.536802 
v -190.301 6.29941 -0.539296 
v -190.309 6.3574 -0.539092 
v -190.311 6.35914 -0.544922 
v -190.275 6.37116 -0.539028 
v -190.276 6.36524 -0.5368 
v -190.325 6.32434 -0.544922 
v -190.305 6.35326 -0.536802 
v -190.277 6.35954 -0.53924 
v -190.323 6.32434 -0.539092 
v -190.301 6.34927 -0.539296 
v -190.299 6.34767 -0.544922 
v -190.277 6.35717 -0.544922 
v -190.309 6.32434 -0.544922 
v -190.311 6.32434 -0.539296 
v -190.299 6.30101 -0.544922 
v -190.277 6.29151 -0.544922 
v -190.277 6.28914 -0.53924 
v -190.275 6.27752 -0.550816 
v -190.311 6.28954 -0.544922 
v -190.309 6.29128 -0.539092 
v -190.275 6.27752 -0.539028 
v -190.276 6.28344 -0.5368 
v -190.305 6.29542 -0.536802 
v -190.317 6.32434 -0.536802 
v -190.301 6.29941 -0.539296 
v -190.275 6.37116 -0.539028 
v -190.305 6.35326 -0.536802 
v -190.277 6.35954 -0.53924 
v -190.301 6.34927 -0.539296 
v -190.305 6.35326 -0.553042 
v -190.277 6.35954 -0.550604 
v -190.301 6.34927 -0.550548 
v -190.299 6.34767 -0.544922 
v -190.277 6.35717 -0.544922 
v -190.277 6.28914 -0.53924 
v -190.309 6.29128 -0.550752 
v -190.275 6.27752 -0.550816 
v -190.275 6.27496 -0.544922 
v -190.311 6.28954 -0.544922 
v -190.309 6.29128 -0.539092 
v -190.275 6.27752 -0.539028 
v -190.309 6.3574 -0.539092 
v -190.311 6.35914 -0.544922 
v -190.309 6.3574 -0.550752 
v -190.325 6.32434 -0.544922 
v -190.323 6.32434 -0.539092 
v -190.323 6.32434 -0.550752 
v -190.309 6.29128 -0.550752 
v -190.311 6.28954 -0.544922 
v -190.309 6.29128 -0.539092 

vn -0.708661 0.708661 0 
vn -0.299213 0.716535 0.629921 
vn -0.519685 0.527559 -0.669291 
vn -0.299213 0.716535 -0.629921 
vn -1 0 0 
vn -0.0393701 0.102362 -0.992126 
vn -0.0551181 0.0551181 -1 
vn 0.267717 -0.629921 -0.724409 
vn -0.740157 0 -0.669291 
vn 0.472441 -0.472441 -0.740157 
vn 0.708661 -0.700787 0 
vn 0.385827 -0.92126 0 
vn -0.0708661 0 -1 
vn 0.669291 0 -0.748031 
vn 1 0 0 
vn 0.708661 0.708661 0 
vn 0.472441 0.472441 -0.740157 
vn -0.0551181 -0.0551181 -1 
vn 0.267717 0.629921 -0.732283 
vn 0.385827 0.92126 0 
vn -0.0393701 -0.102362 -0.992126 
vn -0.519685 -0.527559 -0.669291 
vn -0.299213 -0.716535 -0.629921 
vn -0.519685 0.527559 0.669291 
vn -0.377953 0.929134 0 
vn -0.708661 0.708661 0 
vn -0.299213 0.716535 0.629921 
vn -0.519685 0.527559 -0.669291 
vn -0.299213 0.716535 -0.629921 
vn 0.267717 -0.629921 -0.724409 
vn 0.708661 0.708661 0 
vn 0.472441 0.472441 -0.740157 
vn -0.0551181 -0.0551181 -1 
vn 0.267717 0.629921 -0.732283 
vn 0.385827 0.92126 0 
vn 0.267717 0.629921 0.732283 
vn -0.299213 -0.716535 -0.629921 
vn -0.0551181 -0.0551181 1 
vn 0.472441 0.472441 0.740157 
vn -0.0551181 0.0551181 1 
vn 0.472441 -0.472441 0.740157 
vn -0.0551181 0.0551181 -1 
vn 0.472441 -0.472441 -0.740157 
vn 0.708661 -0.700787 0 
vn -0.0708661 0 -1 
vn 0.669291 0 -0.748031 
vn 1 0 0 
vn 0.669291 0 0.748031 
vn 0.708661 0.708661 0 
vn 0.472441 0.472441 -0.740157 
vn -0.0551181 -0.0551181 -1 
vn -0.0551181 -0.0551181 1 
vn -0.0708661 0 1 
vn 0.472441 0.472441 0.740157 
vn -0.519685 0.527559 0.669291 
vn -0.708661 0.708661 0 
vn -0.299213 0.716535 0.629921 
vn -0.0393701 0.102362 0.992126 
vn -1 0 0 
vn -0.0551181 0.0551181 1 
vn 0.267717 -0.629921 0.732283 
vn -0.740157 0 0.669291 
vn 0.472441 -0.472441 0.740157 
vn 0.708661 -0.700787 0 
vn 0.385827 -0.92126 0 
vn 1 0 0 
vn 0.669291 0 0.748031 
vn 0.708661 0.708661 0 
vn 0.385827 0.92126 0 
vn 0.267717 0.629921 0.732283 
vn -0.299213 -0.716535 -0.629921 
vn -0.708661 -0.708661 0 
vn -0.519685 -0.527559 0.669291 
vn -0.299213 -0.716535 0.629921 
vn -0.0393701 -0.102362 0.992126 
vn -0.0551181 -0.0551181 1 
vn -0.0708661 0 1 
vn 0.472441 0.472441 0.740157 
vn -0.299213 0.716535 0.629921 
vn -0.0551181 0.0551181 1 
vn 0.267717 -0.629921 0.732283 
vn 0.472441 -0.472441 0.740157 
vn -0.0551181 0.0551181 -1 
vn 0.267717 -0.629921 -0.724409 
vn 0.472441 -0.472441 -0.740157 
vn 0.708661 -0.700787 0 
vn 0.385827 -0.92126 0 
vn 0.267717 0.629921 0.732283 
vn -0.519685 -0.527559 -0.669291 
vn -0.299213 -0.716535 -0.629921 
vn -0.377953 -0.929134 0 
vn -0.708661 -0.708661 0 
vn -0.519685 -0.527559 0.669291 
vn -0.299213 -0.716535 0.629921 
vn -0.519685 0.527559 0.669291 
vn -0.708661 0.708661 0 
vn -0.519685 0.527559 -0.669291 
vn -1 0 0 
vn -0.740157 0 0.669291 
vn -0.740157 0 -0.669291 
vn -0.519685 -0.527559 -0.669291 
vn -0.708661 -0.708661 0 
vn -0.519685 -0.527559 0.669291 

vt 42.0013 -58.9957 
vt 41.9969 -58.9941 
vt 42.0011 -58.9959 
vt 41.9969 -58.9941 
vt 42.0031 -59 
vt 41.997 -58.9949 
vt 42.0006 -58.9964 
vt 41.997 -58.9956 
vt 42.0028 -59 
vt 42.0001 -58.9969 
vt 41.9999 -58.9971 
vt 41.9971 -58.9959 
vt 42.0021 -59 
vt 42.0014 -59 
vt 42.0011 -59 
vt 41.9999 -59.0029 
vt 42.0001 -59.0031 
vt 42.0006 -59.0036 
vt 41.997 -59.0044 
vt 41.9971 -59.0041 
vt 41.997 -59.0051 
vt 42.0011 -59.0041 
vt 41.9969 -59.0059 
vt 42.0007 -59.0011 
vt 42 -58.9969 
vt 42 -59.0013 
vt 42.0007 -58.9969 
vt 41.9993 -59.0011 
vt 41.9993 -58.9969 
vt 41.9993 -58.997 
vt 42 -58.9999 
vt 41.9993 -59.0001 
vt 41.999 -59.0006 
vt 41.9993 -58.997 
vt 42 -58.9971 
vt 42.0007 -58.997 
vt 41.9993 -58.9969 
vt 42.001 -59.0006 
vt 42.0007 -59.0001 
vt 41.999 -58.9964 
vt 41.9993 -58.9969 
vt 42.001 -58.9964 
vt 42.0007 -58.9969 
vt 42 -58.9971 
vt 42.001 -59 
vt 42.0007 -59 
vt 42 -59 
vt 41.9993 -59 
vt 42 -59.0029 
vt 42.0007 -59.0031 
vt 42.001 -59.0036 
vt 41.999 -59.0036 
vt 41.999 -59 
vt 41.9993 -59.0031 
vt 41.9989 -58.9959 
vt 41.9987 -58.9957 
vt 42.0031 -58.9941 
vt 42.003 -58.9949 
vt 41.9969 -59 
vt 41.9994 -58.9964 
vt 42.003 -58.9956 
vt 41.9972 -59 
vt 41.9999 -58.9969 
vt 42.0001 -58.9971 
vt 42.0029 -58.9959 
vt 41.9989 -59 
vt 41.9986 -59 
vt 42.0001 -59.0029 
vt 42.0029 -59.0041 
vt 42.003 -59.0044 
vt 42.0031 -59.0059 
vt 41.9987 -59.0043 
vt 41.9989 -59.0041 
vt 42.0031 -59.0059 
vt 42.003 -59.0051 
vt 41.9994 -59.0036 
vt 41.9979 -59 
vt 41.9999 -59.0031 
vt 41.9993 -58.9969 
vt 41.999 -59.0006 
vt 41.9993 -58.997 
vt 41.9993 -59.0001 
vt 42.001 -59.0006 
vt 42.0007 -58.997 
vt 42.0007 -59.0001 
vt 42 -58.9999 
vt 42 -58.9971 
vt 41.9993 -58.997 
vt 42.0007 -59.0011 
vt 42.0007 -58.9969 
vt 42 -58.9969 
vt 42 -59.0013 
vt 41.9993 -59.0011 
vt 41.9993 -58.9969 
vt 42.0007 -58.9959 
vt 42 -58.9957 
vt 41.9993 -58.9959 
vt 42 -59 
vt 42.0007 -59 
vt 41.9993 -59 
vt 41.9993 -59.0041 
vt 42 -59.0043 
vt 42.0007 -59.0041 

usemtl Meshpart8Mtl

f 1577/1577/1577 1574/1574/1574 1575/1575/1575 
f 1574/1574/1574 1577/1577/1577 1578/1578/1578 
f 1579/1579/1579 1578/1578/1578 1577/1577/1577 
f 1580/1580/1580 1574/1574/1574 1578/1578/1578 
f 1578/1578/1578 1579/1579/1579 1581/1581/1581 
f 1584/1584/1584 1578/1578/1578 1581/1581/1581 
f 1580/1580/1580 1578/1578/1578 1584/1584/1584 
f 1584/1584/1584 1581/1581/1581 1585/1585/1585 
f 1588/1588/1588 1584/1584/1584 1585/1585/1585 
f 1589/1589/1589 1580/1580/1580 1584/1584/1584 
f 1584/1584/1584 1588/1588/1588 1589/1589/1589 
f 1590/1590/1590 1589/1589/1589 1588/1588/1588 
f 1589/1589/1589 1590/1590/1590 1592/1592/1592 
f 1580/1580/1580 1589/1589/1589 1593/1593/1593 
f 1592/1592/1592 1593/1593/1593 1589/1589/1589 
f 1593/1593/1593 1592/1592/1592 1594/1594/1594 
f 1595/1595/1595 1596/1596/1596 1597/1597/1597 
f 1596/1596/1596 1595/1595/1595 1598/1598/1598 
f 1596/1596/1596 1599/1599/1599 1597/1597/1597 
f 1599/1599/1599 1596/1596/1596 1600/1600/1600 
f 1605/1605/1605 1603/1603/1603 1602/1602/1602 
f 1602/1602/1602 1606/1606/1606 1605/1605/1605 
f 1602/1602/1602 1607/1607/1607 1606/1606/1606 
f 1607/1607/1607 1602/1602/1602 1610/1610/1610 
f 1615/1615/1615 1617/1617/1617 1614/1614/1614 
f 1617/1617/1617 1615/1615/1615 1618/1618/1618 
f 1619/1619/1619 1615/1615/1615 1612/1612/1612 
f 1615/1615/1615 1619/1619/1619 1618/1618/1618 
f 1620/1620/1620 1617/1617/1617 1618/1618/1618 
f 1619/1619/1619 1620/1620/1620 1618/1618/1618 
f 1617/1617/1617 1620/1620/1620 1621/1621/1621 
f 1620/1620/1620 1619/1619/1619 1625/1625/1625 
f 1626/1626/1626 1629/1629/1629 1628/1628/1628 
f 1629/1629/1629 1626/1626/1626 1631/1631/1631 
f 1631/1631/1631 1632/1632/1632 1629/1629/1629 
f 1633/1633/1633 1631/1631/1631 1626/1626/1626 
f 1632/1632/1632 1631/1631/1631 1634/1634/1634 
f 1644/1644/1644 1645/1645/1645 1646/1646/1646 
f 1644/1644/1644 1646/1646/1646 1647/1647/1647 
f 1647/1647/1647 1633/1633/1633 1644/1644/1644 
f 1647/1647/1647 1646/1646/1646 1641/1641/1641 
f 1633/1633/1633 1647/1647/1647 1648/1648/1648 
f 1631/1631/1631 1633/1633/1633 1648/1648/1648 
f 1648/1648/1648 1634/1634/1634 1631/1631/1631 
f 1634/1634/1634 1648/1648/1648 1638/1638/1638 
f 1649/1649/1649 1648/1648/1648 1647/1647/1647 
f 1647/1647/1647 1641/1641/1641 1649/1649/1649 
f 1648/1648/1648 1649/1649/1649 1638/1638/1638 
f 1657/1657/1657 1652/1652/1652 1653/1653/1653 
f 1655/1655/1655 1657/1657/1657 1656/1656/1656 
f 1652/1652/1652 1657/1657/1657 1658/1658/1658 
f 1657/1657/1657 1655/1655/1655 1658/1658/1658 
f 1660/1660/1660 1661/1661/1661 1662/1662/1662 
f 1662/1662/1662 1663/1663/1663 1660/1660/1660 
f 1662/1662/1662 1664/1664/1664 1663/1663/1663 
f 1664/1664/1664 1662/1662/1662 1665/1665/1665 
f 1669/1669/1669 1666/1666/1666 1667/1667/1667 
f 1669/1669/1669 1667/1667/1667 1668/1668/1668 
f 1666/1666/1666 1669/1669/1669 1670/1670/1670 
f 1668/1668/1668 1671/1671/1671 1669/1669/1669 
f 1672/1672/1672 1669/1669/1669 1671/1671/1671 
f 1669/1669/1669 1672/1672/1672 1673/1673/1673 
f 1669/1669/1669 1673/1673/1673 1674/1674/1674 
f 1674/1674/1674 1670/1670/1670 1669/1669/1669 

g Meshpart10

v -190.248 6.37194 -0.592524 
v -190.248 6.27674 -0.592524 
v -190.229 6.37476 -0.595344 
v -190.229 6.27392 -0.595344 
v -190.229 6.32434 -0.61623 
v -190.248 6.32434 -0.612242 
v -190.248 6.37194 -0.49732 
v -190.229 6.37476 -0.4945 
v -190.229 6.39565 -0.544922 
v -190.248 6.39166 -0.544922 
v -190.248 6.37194 -0.592524 
v -190.229 6.37476 -0.595344 
v -190.248 6.37194 -0.49732 
v -190.248 6.32434 -0.477602 
v -190.229 6.32434 -0.473614 
v -190.248 6.27674 -0.49732 
v -190.229 6.37476 -0.4945 
v -190.229 6.27392 -0.4945 
v -190.248 6.27674 -0.49732 
v -190.229 6.27392 -0.4945 
v -190.229 6.25303 -0.544922 
v -190.248 6.25702 -0.544922 
v -190.248 6.27674 -0.592524 
v -190.229 6.27392 -0.595344 

vn -0.19685 0.692913 -0.692913 
vn -0.19685 -0.692913 -0.692913 
vn -0.19685 0.692913 -0.692913 
vn -0.19685 -0.692913 -0.692913 
vn -0.19685 0 -0.976378 
vn -0.19685 0 -0.976378 
vn -0.19685 0.692913 0.692913 
vn -0.19685 0.692913 0.692913 
vn -0.19685 0.976378 0 
vn -0.19685 0.976378 0 
vn -0.19685 0.692913 -0.692913 
vn -0.19685 0.692913 -0.692913 
vn -0.19685 0.692913 0.692913 
vn -0.19685 0 0.976378 
vn -0.19685 0 0.976378 
vn -0.19685 -0.692913 0.692913 
vn -0.19685 0.692913 0.692913 
vn -0.19685 -0.692913 0.692913 
vn -0.19685 -0.692913 0.692913 
vn -0.19685 -0.692913 0.692913 
vn -0.19685 -0.976378 0 
vn -0.19685 -0.976378 0 
vn -0.19685 -0.692913 -0.692913 
vn -0.19685 -0.692913 -0.692913 

vt 36.0012 -36.994 
vt 36.0012 -37.006 
vt 35.9988 -36.9937 
vt 35.9988 -37.0063 
vt 35.9988 -37 
vt 36.0012 -37 
vt 36.006 -37.0012 
vt 36.0063 -36.9988 
vt 36 -36.9988 
vt 36 -37.0012 
vt 35.994 -37.0012 
vt 35.9937 -36.9988 
vt 35.9988 -36.994 
vt 35.9988 -37 
vt 36.0012 -37 
vt 35.9988 -37.006 
vt 36.0012 -36.9937 
vt 36.0012 -37.0063 
vt 35.994 -37.0012 
vt 35.9937 -36.9988 
vt 36 -36.9988 
vt 36 -37.0012 
vt 36.006 -37.0012 
vt 36.0063 -36.9988 

usemtl Meshpart8Mtl

f 1679/1679/1679 1675/1675/1675 1677/1677/1677 
f 1676/1676/1676 1679/1679/1679 1678/1678/1678 
f 1675/1675/1675 1679/1679/1679 1680/1680/1680 
f 1676/1676/1676 1680/1680/1680 1679/1679/1679 
f 1683/1683/1683 1681/1681/1681 1682/1682/1682 
f 1681/1681/1681 1683/1683/1683 1684/1684/1684 
f 1685/1685/1685 1684/1684/1684 1683/1683/1683 
f 1685/1685/1685 1683/1683/1683 1686/1686/1686 
f 1687/1687/1687 1688/1688/1688 1689/1689/1689 
f 1690/1690/1690 1689/1689/1689 1688/1688/1688 
f 1687/1687/1687 1689/1689/1689 1691/1691/1691 
f 1689/1689/1689 1690/1690/1690 1692/1692/1692 
f 1693/1693/1693 1695/1695/1695 1694/1694/1694 
f 1693/1693/1693 1696/1696/1696 1695/1695/1695 
f 1697/1697/1697 1695/1695/1695 1696/1696/1696 
f 1695/1695/1695 1697/1697/1697 1698/1698/1698 

g Meshpart11

v -190.278 6.28724 -0.582024 
v -190.278 6.32434 -0.597394 
v -190.248 6.32434 -0.612242 
v -190.278 6.36144 -0.582024 
v -190.248 6.27674 -0.592524 
v -190.248 6.37194 -0.592524 
v -190.229 6.37476 -0.595344 
v -190.173 6.38037 -0.600948 
v -190.173 6.32434 -0.624154 
v -190.229 6.32434 -0.61623 
v -190.229 6.27392 -0.595344 
v -190.173 6.26831 -0.600948 
v -190.278 6.36144 -0.582024 
v -190.248 6.37194 -0.592524 
v -190.248 6.39166 -0.544922 
v -190.278 6.37681 -0.544922 
v -190.278 6.36144 -0.50782 
v -190.248 6.37194 -0.49732 
v -190.229 6.37476 -0.4945 
v -190.173 6.40357 -0.544922 
v -190.229 6.39565 -0.544922 
v -190.229 6.37476 -0.595344 
v -190.173 6.38037 -0.488896 
v -190.173 6.38037 -0.600948 
v -190.278 6.28724 -0.50782 
v -190.278 6.36144 -0.50782 
v -190.248 6.27674 -0.49732 
v -190.248 6.37194 -0.49732 
v -190.248 6.32434 -0.477602 
v -190.278 6.32434 -0.49245 
v -190.229 6.37476 -0.4945 
v -190.173 6.38037 -0.488896 
v -190.173 6.32434 -0.46569 
v -190.229 6.32434 -0.473614 
v -190.229 6.27392 -0.4945 
v -190.173 6.26831 -0.488896 
v -190.278 6.28724 -0.582024 
v -190.248 6.27674 -0.592524 
v -190.248 6.25702 -0.544922 
v -190.278 6.27187 -0.544922 
v -190.278 6.28724 -0.50782 
v -190.248 6.27674 -0.49732 
v -190.229 6.27392 -0.4945 
v -190.229 6.27392 -0.595344 
v -190.173 6.26831 -0.488896 
v -190.173 6.26831 -0.600948 
v -190.173 6.24511 -0.544922 
v -190.229 6.25303 -0.544922 
v -190.278 6.28724 -0.582024 
v -190.278 6.36144 -0.50782 
v -190.278 6.36144 -0.582024 
v -190.278 6.37681 -0.544922 
v -190.278 6.32434 -0.597394 
v -190.278 6.28724 -0.50782 
v -190.278 6.32434 -0.49245 
v -190.278 6.27187 -0.544922 

vn -0.440945 -0.629921 -0.629921 
vn -0.440945 0 -0.897638 
vn -0.440945 0 -0.897638 
vn -0.440945 0.629921 -0.629921 
vn -0.440945 -0.629921 -0.629921 
vn -0.440945 0.629921 -0.629921 
vn -0.141732 0.700787 -0.700787 
vn -0.141732 0.700787 -0.700787 
vn -0.141732 0 -0.992126 
vn -0.141732 0 -0.992126 
vn -0.141732 -0.700787 -0.700787 
vn -0.141732 -0.700787 -0.700787 
vn -0.440945 0.629921 -0.629921 
vn -0.440945 0.629921 -0.629921 
vn -0.440945 0.897638 0 
vn -0.440945 0.897638 0 
vn -0.440945 0.629921 0.629921 
vn -0.440945 0.629921 0.629921 
vn -0.141732 0.700787 0.700787 
vn -0.141732 0.992126 0 
vn -0.141732 0.992126 0 
vn -0.141732 0.700787 -0.700787 
vn -0.141732 0.700787 0.700787 
vn -0.141732 0.700787 -0.700787 
vn -0.440945 -0.629921 0.629921 
vn -0.440945 0.629921 0.629921 
vn -0.440945 -0.629921 0.629921 
vn -0.440945 0.629921 0.629921 
vn -0.440945 0 0.897638 
vn -0.440945 0 0.897638 
vn -0.141732 0.700787 0.700787 
vn -0.141732 0.700787 0.700787 
vn -0.141732 0 0.992126 
vn -0.141732 0 0.992126 
vn -0.141732 -0.700787 0.700787 
vn -0.141732 -0.700787 0.700787 
vn -0.440945 -0.629921 -0.629921 
vn -0.440945 -0.629921 -0.629921 
vn -0.440945 -0.897638 0 
vn -0.440945 -0.897638 0 
vn -0.440945 -0.629921 0.629921 
vn -0.440945 -0.629921 0.629921 
vn -0.141732 -0.700787 0.700787 
vn -0.141732 -0.700787 -0.700787 
vn -0.141732 -0.700787 0.700787 
vn -0.141732 -0.700787 -0.700787 
vn -0.141732 -0.992126 0 
vn -0.141732 -0.992126 0 
vn -1 0 0 
vn -1 0 0 
vn -1 0 0 
vn -1 0 0 
vn -1 0 0 
vn -1 0 0 
vn -1 0 0 
vn -1 0 0 

vt 0.00655463 -51.0046 
vt 0.00655463 -51 
vt 0.00281113 -51 
vt 0.00655463 -50.9954 
vt 0.00281113 -51.006 
vt 0.00281113 -50.994 
vt 0.000378126 -50.9937 
vt -0.00655462 -50.993 
vt -0.00655462 -51 
vt 0.000378126 -51 
vt 0.000378126 -51.0063 
vt -0.00655462 -51.007 
vt -0.00463775 -51.0066 
vt -0.00595025 -51.0028 
vt 0 -51.0028 
vt 0 -51.0066 
vt 0.00463775 -51.0066 
vt 0.00595025 -51.0028 
vt 0.00630275 -51.0004 
vt 0 -50.9934 
vt 0 -51.0004 
vt -0.00630275 -51.0004 
vt 0.00700325 -50.9934 
vt -0.00700325 -50.9934 
vt -0.00655463 -51.0046 
vt -0.00655463 -50.9954 
vt -0.00281113 -51.006 
vt -0.00281113 -50.994 
vt -0.00281113 -51 
vt -0.00655463 -51 
vt -0.000378126 -50.9937 
vt 0.00655462 -50.993 
vt 0.00655462 -51 
vt -0.000378126 -51 
vt -0.000378126 -51.0063 
vt 0.00655462 -51.007 
vt 0.00463775 -51.0066 
vt 0.00595025 -51.0028 
vt 0 -51.0028 
vt 0 -51.0066 
vt -0.00463775 -51.0066 
vt -0.00595025 -51.0028 
vt -0.00630275 -51.0004 
vt 0.00630275 -51.0004 
vt -0.00700325 -50.9934 
vt 0.00700325 -50.9934 
vt 0 -50.9934 
vt 0 -51.0004 
vt -0.00463775 -51.0046 
vt 0.00463775 -50.9954 
vt -0.00463775 -50.9954 
vt 0 -50.9934 
vt -0.006559 -51 
vt 0.00463775 -51.0046 
vt 0.006559 -51 
vt 0 -51.0066 

usemtl Meshpart11Mtl

f 1699/1699/1699 1700/1700/1700 1701/1701/1701 
f 1702/1702/1702 1701/1701/1701 1700/1700/1700 
f 1701/1701/1701 1703/1703/1703 1699/1699/1699 
f 1701/1701/1701 1702/1702/1702 1704/1704/1704 
f 1707/1707/1707 1705/1705/1705 1706/1706/1706 
f 1705/1705/1705 1707/1707/1707 1708/1708/1708 
f 1707/1707/1707 1709/1709/1709 1708/1708/1708 
f 1709/1709/1709 1707/1707/1707 1710/1710/1710 
f 1713/1713/1713 1712/1712/1712 1711/1711/1711 
f 1711/1711/1711 1714/1714/1714 1713/1713/1713 
f 1715/1715/1715 1713/1713/1713 1714/1714/1714 
f 1713/1713/1713 1715/1715/1715 1716/1716/1716 
f 1717/1717/1717 1718/1718/1718 1719/1719/1719 
f 1718/1718/1718 1720/1720/1720 1719/1719/1719 
f 1718/1718/1718 1717/1717/1717 1721/1721/1721 
f 1720/1720/1720 1718/1718/1718 1722/1722/1722 
f 1727/1727/1727 1723/1723/1723 1725/1725/1725 
f 1727/1727/1727 1726/1726/1726 1724/1724/1724 
f 1723/1723/1723 1727/1727/1727 1728/1728/1728 
f 1724/1724/1724 1728/1728/1728 1727/1727/1727 
f 1729/1729/1729 1731/1731/1731 1730/1730/1730 
f 1731/1731/1731 1729/1729/1729 1732/1732/1732 
f 1733/1733/1733 1731/1731/1731 1732/1732/1732 
f 1731/1731/1731 1733/1733/1733 1734/1734/1734 
f 1737/1737/1737 1735/1735/1735 1736/1736/1736 
f 1735/1735/1735 1737/1737/1737 1738/1738/1738 
f 1739/1739/1739 1738/1738/1738 1737/1737/1737 
f 1737/1737/1737 1740/1740/1740 1739/1739/1739 
f 1741/1741/1741 1745/1745/1745 1743/1743/1743 
f 1745/1745/1745 1742/1742/1742 1744/1744/1744 
f 1745/1745/1745 1741/1741/1741 1746/1746/1746 
f 1742/1742/1742 1745/1745/1745 1746/1746/1746 
f 1747/1747/1747 1748/1748/1748 1749/1749/1749 
f 1749/1749/1749 1748/1748/1748 1750/1750/1750 
f 1747/1747/1747 1749/1749/1749 1751/1751/1751 
f 1747/1747/1747 1752/1752/1752 1748/1748/1748 
f 1748/1748/1748 1752/1752/1752 1753/1753/1753 
f 1752/1752/1752 1747/1747/1747 1754/1754/1754 

g Meshpart12

v -190.033 6.25536 -1.51493 
v -190.033 6.25536 -1.3191 
v -189.923 6.30087 -1.51493 
v -190.048 6.27082 -1.27535 
v -189.923 6.32273 -1.27535 
v -189.923 6.30087 -1.3191 
v -189.813 6.25536 -1.51493 
v -189.813 6.25536 -1.3191 
v -189.797 6.27082 -1.27535 
v -189.923 6.32273 -1.24179 
v -189.797 6.27082 -1.27535 
v -189.923 6.32273 -1.27535 
v -189.797 6.27082 -1.24179 
v -190.048 6.27082 -1.24179 
v -190.048 6.27082 -1.27535 
v -189.923 5.96828 -1.27535 
v -189.813 6.25536 -1.51493 
v -189.813 6.25536 -1.3191 
v -189.797 6.27082 -1.27535 
v -189.767 6.14551 -1.51493 
v -189.746 6.14551 -1.27535 
v -189.767 6.14551 -1.3191 
v -189.813 6.03565 -1.51493 
v -189.813 6.03565 -1.3191 
v -189.797 6.02019 -1.27535 
v -189.797 6.27082 -1.27535 
v -189.797 6.27082 -1.24179 
v -189.746 6.14551 -1.27535 
v -189.746 6.14551 -1.24179 
v -189.797 6.02019 -1.27535 
v -189.797 6.02019 -1.24179 
v -190.048 6.02019 -1.24179 
v -189.797 6.02019 -1.24179 
v -190.1 6.14551 -1.24179 
v -189.923 5.96828 -1.24179 
v -189.746 6.14551 -1.24179 
v -189.797 6.27082 -1.24179 
v -190.048 6.27082 -1.24179 
v -189.923 6.32273 -1.24179 
v -190.033 6.03565 -1.51493 
v -190.033 6.03565 -1.3191 
v -190.048 6.02019 -1.27535 
v -189.923 5.96828 -1.27535 
v -189.813 6.03565 -1.51493 
v -189.813 6.03565 -1.3191 
v -189.797 6.02019 -1.27535 
v -189.923 5.99015 -1.51493 
v -189.923 5.99015 -1.3191 
v -189.746 6.14551 -1.24179 
v -189.797 6.02019 -1.27535 
v -189.797 6.02019 -1.24179 
v -190.048 6.02019 -1.24179 
v -189.923 5.96828 -1.27535 
v -190.048 6.02019 -1.27535 
v -189.923 5.96828 -1.24179 
v -190.033 6.03565 -1.51493 
v -190.033 6.03565 -1.3191 
v -190.078 6.14551 -1.51493 
v -190.078 6.14551 -1.3191 
v -190.033 6.25536 -1.51493 
v -190.033 6.25536 -1.3191 
v -190.1 6.14551 -1.27535 
v -190.048 6.02019 -1.27535 
v -190.048 6.27082 -1.27535 
v -189.923 5.96828 -1.27535 
v -190.048 6.27082 -1.24179 
v -190.048 6.27082 -1.27535 
v -190.1 6.14551 -1.24179 
v -190.1 6.14551 -1.27535 
v -190.048 6.02019 -1.24179 
v -189.923 5.96828 -1.27535 
v -190.048 6.02019 -1.27535 

vn -0.708661 0.708661 0 
vn -0.685039 0.685039 -0.244094 
vn 0 1 0 
vn -0.629921 0.629921 -0.448819 
vn 0 0.897638 -0.448819 
vn 0 0.968504 -0.244094 
vn 0.708661 0.708661 0 
vn 0.685039 0.685039 -0.244094 
vn 0.629921 0.629921 -0.448819 
vn 0 1 0 
vn 0.708661 0.708661 0 
vn 0 1 0 
vn 0.708661 0.708661 0 
vn -0.708661 0.708661 0 
vn -0.708661 0.708661 0 
vn 0 -0.897638 -0.448819 
vn 0.708661 0.708661 0 
vn 0.685039 0.685039 -0.244094 
vn 0.629921 0.629921 -0.448819 
vn 1 0 0 
vn 0.897638 0 -0.448819 
vn 0.968504 0 -0.244094 
vn 0.708661 -0.708661 0 
vn 0.685039 -0.685039 -0.244094 
vn 0.629921 -0.629921 -0.448819 
vn 0.708661 0.708661 0 
vn 0.708661 0.708661 0 
vn 1 0 0 
vn 1 0 0 
vn 0.708661 -0.708661 0 
vn 0.708661 -0.708661 0 
vn 0 0 1 
vn 0 0 1 
vn 0 0 1 
vn 0 0 1 
vn 0 0 1 
vn 0 0 1 
vn 0 0 1 
vn 0 0 1 
vn -0.708661 -0.708661 0 
vn -0.685039 -0.685039 -0.244094 
vn -0.629921 -0.629921 -0.448819 
vn 0 -0.897638 -0.448819 
vn 0.708661 -0.708661 0 
vn 0.685039 -0.685039 -0.244094 
vn 0.629921 -0.629921 -0.448819 
vn 0 -1 0 
vn 0 -0.968504 -0.244094 
vn 1 0 0 
vn 0.708661 -0.708661 0 
vn 0.708661 -0.708661 0 
vn -0.708661 -0.708661 0 
vn 0 -1 0 
vn -0.708661 -0.708661 0 
vn 0 -1 0 
vn -0.708661 -0.708661 0 
vn -0.685039 -0.685039 -0.244094 
vn -1 0 0 
vn -0.968504 0 -0.244094 
vn -0.708661 0.708661 0 
vn -0.685039 0.685039 -0.244094 
vn -0.897638 0 -0.448819 
vn -0.629921 -0.629921 -0.448819 
vn -0.629921 0.629921 -0.448819 
vn 0 -0.897638 -0.448819 
vn -0.708661 0.708661 0 
vn -0.708661 0.708661 0 
vn -1 0 0 
vn -1 0 0 
vn -0.708661 -0.708661 0 
vn 0 -1 0 
vn -0.708661 -0.708661 0 

vt 9.98293 -21.0137 
vt 10.0074 -21.0137 
vt 9.98293 -21 
vt 10.0129 -21.0157 
vt 10.0129 -21 
vt 10.0074 -21 
vt 9.98293 -20.9863 
vt 10.0074 -20.9863 
vt 10.0129 -20.9843 
vt 10.0171 -21 
vt 10.0129 -20.9843 
vt 10.0129 -21 
vt 10.0171 -20.9843 
vt 10.0171 -21.0157 
vt 10.0129 -21.0157 
vt 9.98712 -21.0222 
vt 10.0171 -20.9863 
vt 9.99259 -20.9863 
vt 9.98712 -20.9843 
vt 10.0171 -21 
vt 9.98712 -21 
vt 9.99259 -21 
vt 10.0171 -21.0137 
vt 9.99259 -21.0137 
vt 9.98712 -21.0157 
vt 9.98712 -20.9843 
vt 9.98293 -20.9843 
vt 9.98712 -21 
vt 9.98293 -21 
vt 9.98712 -21.0157 
vt 9.98293 -21.0157 
vt 9.98434 -21.0157 
vt 10.0157 -21.0157 
vt 9.97785 -21 
vt 10 -21.0222 
vt 10.0222 -21 
vt 10.0157 -20.9843 
vt 9.98434 -20.9843 
vt 10 -20.9778 
vt 10.0171 -21.0137 
vt 9.99259 -21.0137 
vt 9.98712 -21.0157 
vt 9.98712 -21 
vt 10.0171 -20.9863 
vt 9.99259 -20.9863 
vt 9.98712 -20.9843 
vt 10.0171 -21 
vt 9.99259 -21 
vt 9.98293 -20.9778 
vt 9.98712 -20.9843 
vt 9.98293 -20.9843 
vt 9.98293 -21.0157 
vt 9.98712 -21 
vt 9.98712 -21.0157 
vt 9.98293 -21 
vt 9.98293 -21.0137 
vt 10.0074 -21.0137 
vt 9.98293 -21 
vt 10.0074 -21 
vt 9.98293 -20.9863 
vt 10.0074 -20.9863 
vt 10.0129 -21 
vt 10.0129 -21.0157 
vt 10.0129 -20.9843 
vt 10.0129 -21.0222 
vt 10.0171 -20.9843 
vt 10.0129 -20.9843 
vt 10.0171 -21 
vt 10.0129 -21 
vt 10.0171 -21.0157 
vt 10.0129 -21.0222 
vt 10.0129 -21.0157 

usemtl Meshpart1Mtl

f 1756/1756/1756 1757/1757/1757 1755/1755/1755 
f 1759/1759/1759 1756/1756/1756 1758/1758/1758 
f 1757/1757/1757 1756/1756/1756 1760/1760/1760 
f 1756/1756/1756 1759/1759/1759 1760/1760/1760 
f 1760/1760/1760 1761/1761/1761 1757/1757/1757 
f 1759/1759/1759 1762/1762/1762 1760/1760/1760 
f 1761/1761/1761 1760/1760/1760 1762/1762/1762 
f 1759/1759/1759 1763/1763/1763 1762/1762/1762 
f 1764/1764/1764 1765/1765/1765 1766/1766/1766 
f 1765/1765/1765 1764/1764/1764 1767/1767/1767 
f 1766/1766/1766 1768/1768/1768 1764/1764/1764 
f 1768/1768/1768 1766/1766/1766 1769/1769/1769 
f 1771/1771/1771 1772/1772/1772 1774/1774/1774 
f 1775/1775/1775 1772/1772/1772 1773/1773/1773 
f 1776/1776/1776 1774/1774/1774 1772/1772/1772 
f 1772/1772/1772 1775/1775/1775 1776/1776/1776 
f 1774/1774/1774 1776/1776/1776 1777/1777/1777 
f 1778/1778/1778 1776/1776/1776 1775/1775/1775 
f 1778/1778/1778 1777/1777/1777 1776/1776/1776 
f 1775/1775/1775 1779/1779/1779 1778/1778/1778 
f 1782/1782/1782 1780/1780/1780 1781/1781/1781 
f 1781/1781/1781 1783/1783/1783 1782/1782/1782 
f 1784/1784/1784 1782/1782/1782 1783/1783/1783 
f 1783/1783/1783 1785/1785/1785 1784/1784/1784 
f 1786/1786/1786 1787/1787/1787 1788/1788/1788 
f 1787/1787/1787 1786/1786/1786 1789/1789/1789 
f 1790/1790/1790 1788/1788/1788 1787/1787/1787 
f 1788/1788/1788 1790/1790/1790 1791/1791/1791 
f 1791/1791/1791 1792/1792/1792 1788/1788/1788 
f 1792/1792/1792 1791/1791/1791 1793/1793/1793 
f 1797/1797/1797 1796/1796/1796 1795/1795/1795 
f 1797/1797/1797 1799/1799/1799 1800/1800/1800 
f 1798/1798/1798 1799/1799/1799 1801/1801/1801 
f 1799/1799/1799 1797/1797/1797 1802/1802/1802 
f 1802/1802/1802 1801/1801/1801 1799/1799/1799 
f 1795/1795/1795 1802/1802/1802 1797/1797/1797 
f 1801/1801/1801 1802/1802/1802 1794/1794/1794 
f 1795/1795/1795 1794/1794/1794 1802/1802/1802 
f 1807/1807/1807 1804/1804/1804 1805/1805/1805 
f 1805/1805/1805 1809/1809/1809 1807/1807/1807 
f 1809/1809/1809 1806/1806/1806 1808/1808/1808 
f 1808/1808/1808 1807/1807/1807 1809/1809/1809 
f 1810/1810/1810 1811/1811/1811 1812/1812/1812 
f 1813/1813/1813 1812/1812/1812 1811/1811/1811 
f 1812/1812/1812 1813/1813/1813 1814/1814/1814 
f 1815/1815/1815 1814/1814/1814 1813/1813/1813 
f 1811/1811/1811 1816/1816/1816 1813/1813/1813 
f 1815/1815/1815 1813/1813/1813 1816/1816/1816 
f 1816/1816/1816 1811/1811/1811 1817/1817/1817 
f 1816/1816/1816 1818/1818/1818 1815/1815/1815 
f 1822/1822/1822 1820/1820/1820 1821/1821/1821 
f 1821/1821/1821 1823/1823/1823 1822/1822/1822 
f 1824/1824/1824 1822/1822/1822 1823/1823/1823 
f 1823/1823/1823 1826/1826/1826 1824/1824/1824 

g Meshpart13

v -189.923 5.99015 -1.99227 
v -190.078 6.14551 -1.99227 
v -189.813 6.03565 -1.99227 
v -190.033 6.03565 -1.99227 
v -189.813 6.25536 -1.99227 
v -189.767 6.14551 -1.99227 
v -189.923 6.30087 -1.99227 
v -190.033 6.25536 -1.99227 
v -189.813 6.25536 -1.99227 
v -189.813 6.25536 -1.5142 
v -189.923 6.30087 -1.99227 
v -189.923 6.30087 -1.5142 
v -190.033 6.25536 -1.99227 
v -190.033 6.25536 -1.5142 
v -189.813 6.03565 -1.5142 
v -189.813 6.03565 -1.99227 
v -189.767 6.14551 -1.99227 
v -189.767 6.14551 -1.5142 
v -189.813 6.25536 -1.99227 
v -189.813 6.25536 -1.5142 
v -189.813 6.03565 -1.5142 
v -189.813 6.03565 -1.99227 
v -189.923 5.99015 -1.5142 
v -189.923 5.99015 -1.99227 
v -190.033 6.03565 -1.5142 
v -190.033 6.03565 -1.99227 
v -190.033 6.03565 -1.5142 
v -190.033 6.03565 -1.99227 
v -190.078 6.14551 -1.5142 
v -190.078 6.14551 -1.99227 
v -190.033 6.25536 -1.99227 
v -190.033 6.25536 -1.5142 

vn 0 0 -1 
vn 0 0 -1 
vn 0 0 -1 
vn 0 0 -1 
vn 0 0 -1 
vn 0 0 -1 
vn 0 0 -1 
vn 0 0 -1 
vn 0.708661 0.708661 0 
vn 0.708661 0.708661 0 
vn 0 1 0 
vn 0 1 0 
vn -0.708661 0.708661 0 
vn -0.708661 0.708661 0 
vn 0.708661 -0.708661 0 
vn 0.708661 -0.708661 0 
vn 1 0 0 
vn 1 0 0 
vn 0.708661 0.708661 0 
vn 0.708661 0.708661 0 
vn 0.708661 -0.708661 0 
vn 0.708661 -0.708661 0 
vn 0 -1 0 
vn 0 -1 0 
vn -0.708661 -0.708661 0 
vn -0.708661 -0.708661 0 
vn -0.708661 -0.708661 0 
vn -0.708661 -0.708661 0 
vn -1 0 0 
vn -1 0 0 
vn -0.708661 0.708661 0 
vn -0.708661 0.708661 0 

vt 28 -11.0194 
vt 28.0194 -11 
vt 27.9863 -11.0137 
vt 28.0137 -11.0137 
vt 27.9863 -10.9863 
vt 27.9806 -11 
vt 28 -10.9806 
vt 28.0137 -10.9863 
vt 27.9701 -10.9863 
vt 28.0299 -10.9863 
vt 27.9701 -11 
vt 28.0299 -11 
vt 27.9701 -11.0137 
vt 28.0299 -11.0137 
vt 27.9701 -11.0137 
vt 28.0299 -11.0137 
vt 28.0299 -11 
vt 27.9701 -11 
vt 28.0299 -10.9863 
vt 27.9701 -10.9863 
vt 27.9701 -10.9863 
vt 28.0299 -10.9863 
vt 27.9701 -11 
vt 28.0299 -11 
vt 27.9701 -11.0137 
vt 28.0299 -11.0137 
vt 28.0299 -11.0137 
vt 27.9701 -11.0137 
vt 28.0299 -11 
vt 27.9701 -11 
vt 27.9701 -10.9863 
vt 28.0299 -10.9863 

usemtl Meshpart2Mtl

f 1827/1827/1827 1828/1828/1828 1829/1829/1829 
f 1828/1828/1828 1827/1827/1827 1830/1830/1830 
f 1831/1831/1831 1829/1829/1829 1828/1828/1828 
f 1829/1829/1829 1831/1831/1831 1832/1832/1832 
f 1831/1831/1831 1828/1828/1828 1833/1833/1833 
f 1833/1833/1833 1828/1828/1828 1834/1834/1834 
f 1837/1837/1837 1836/1836/1836 1835/1835/1835 
f 1837/1837/1837 1838/1838/1838 1836/1836/1836 
f 1839/1839/1839 1838/1838/1838 1837/1837/1837 
f 1839/1839/1839 1840/1840/1840 1838/1838/1838 
f 1841/1841/1841 1842/1842/1842 1843/1843/1843 
f 1841/1841/1841 1843/1843/1843 1844/1844/1844 
f 1844/1844/1844 1843/1843/1843 1845/1845/1845 
f 1844/1844/1844 1845/1845/1845 1846/1846/1846 
f 1849/1849/1849 1848/1848/1848 1847/1847/1847 
f 1849/1849/1849 1850/1850/1850 1848/1848/1848 
f 1851/1851/1851 1850/1850/1850 1849/1849/1849 
f 1851/1851/1851 1852/1852/1852 1850/1850/1850 
f 1855/1855/1855 1854/1854/1854 1853/1853/1853 
f 1855/1855/1855 1856/1856/1856 1854/1854/1854 
f 1858/1858/1858 1856/1856/1856 1855/1855/1855 
f 1858/1858/1858 1857/1857/1857 1856/1856/1856 

