# This file is brought to you by Roblox Corporation
# Generated by Roblox Studio

mtllib Riot Shield.mtl

g Meshpart1

v -287.666 6.90799 -0.161882 
v -287.464 3.82627 0.0611945 
v -287.464 2.22194 0.0611945 
v -287.464 3.82627 -0.0314235 
v -287.464 2.22194 -0.0314235 
v -292.365 1.64442 0.238046 
v -287.464 4.02685 0.330662 
v -287.464 1.64442 0.330662 
v -287.464 4.02685 0.238046 
v -287.464 1.64442 0.238046 
v -291.385 1.64442 -0.0298515 
v -287.666 7.23711 0.257482 
v -287.666 6.90799 -0.161882 
v -287.666 7.23711 -0.161882 
v -287.666 6.90799 0.257482 
v -287.666 6.84491 -0.271881 
v -287.666 6.84491 0.367482 
v -287.666 4.96731 -0.271881 
v -287.666 4.96731 0.367482 
v -287.666 4.90423 0.257482 
v -287.666 4.90423 -0.161882 
v -287.666 4.57511 -0.161882 
v -287.666 4.57511 0.257482 
v -291.704 6.46892 0.260817 
v -291.704 5.3433 0.260817 
v -291.704 6.46892 -0.370453 
v -291.623 6.61247 0.239644 
v -291.704 5.3433 -0.370453 
v -291.623 6.61247 -0.390019 
v -291.461 6.72002 0.188533 
v -291.461 6.72002 -0.437253 
v -291.623 5.19975 0.239644 
v -291.623 5.19975 -0.390019 
v -291.461 5.0922 0.188533 
v -291.461 5.0922 -0.437253 
v -291.264 4.57511 -0.373869 
v -286.912 8.02965 0.0999545 
v -286.912 8.02965 0.410964 
v -286.796 7.66285 0.137746 
v -286.796 7.66285 0.448757 
v -286.796 -0.0366552 0.137746 
v -286.796 -0.0366552 0.448757 
v -286.912 -0.403455 0.410964 
v -286.912 -0.403455 0.0999545 
v -292.917 8.02965 0.0999545 
v -292.917 8.02965 0.410964 
v -292.917 -0.403455 0.410964 
v -292.917 -0.403455 0.0999545 
v -287.107 7.2513 0.363326 
v -292.722 0.374903 0.363326 
v -292.722 7.2513 0.363326 
v -288.56 2.30686 0.920102 
v -288.656 3.70598 0.692535 
v -288.392 3.70598 0.739163 
v -288.419 3.33465 0.888166 
v -288.506 3.83801 -0.179451 
v -288.37 3.89515 -0.155499 
v -288.235 3.83801 -0.131548 
v -288.326 3.83248 0.363979 
v -288.178 3.70009 -0.121628 
v -288.273 3.6989 0.376709 
v -288.323 3.60695 0.658242 
v -288.328 3.56675 0.370497 
v -288.235 3.56216 -0.131548 
v -288.486 3.47191 0.501819 
v -288.364 3.51029 0.559901 
v -288.374 3.34331 0.625831 
v -288.342 3.33864 0.765705 
v -288.342 2.30153 0.765705 
v -288.374 2.29686 0.625831 
v -288.419 2.30552 0.888166 
v -288.323 2.03322 0.65824 
v -288.392 1.93419 0.739163 
v -288.531 1.89284 0.753552 
v -288.364 2.12988 0.559901 
v -288.273 1.94127 0.376709 
v -288.326 1.80769 0.363979 
v -288.328 2.07342 0.370497 
v -288.178 1.94009 -0.121628 
v -288.235 1.80216 -0.131548 
v -288.235 2.07801 -0.131548 
v -288.37 1.74503 -0.155499 
v -288.506 1.80216 -0.179451 
v -291.147 2.30552 0.841708 
v -291.147 3.33465 0.841708 
v -291.269 2.30686 0.920102 
v -291.173 1.93419 0.692535 
v -291.117 2.30153 0.700441 
v -291.269 3.33331 0.920102 
v -291.298 1.89284 0.753552 
v -291.437 1.93419 0.739163 
v -291.173 3.70598 0.692535 
v -291.117 3.33864 0.700441 
v -291.136 3.60695 0.592929 
v -291.24 3.83248 0.317564 
v -291.323 3.83801 -0.179451 
v -291.185 3.6989 0.31145 
v -291.267 3.70009 -0.189371 
v -291.323 3.56216 -0.179451 
v -291.239 3.56675 0.324459 
v -291.459 3.50503 -0.155499 
v -291.208 3.51029 0.514531 
v -291.195 3.34331 0.579861 
v -291.195 2.29686 0.579861 
v -291.459 1.74503 -0.155499 
v -291.323 1.80216 -0.179451 
v -291.239 2.07342 0.324459 
v -291.323 2.07801 -0.179451 
v -291.24 1.80769 0.317564 
v -291.185 1.94127 0.31145 
v -291.267 1.94009 -0.189371 
v -291.136 2.03322 0.592929 
v -291.208 2.12988 0.514531 
v -288.444 4.02685 -0.0298515 
v -292.722 0.374903 0.0486865 
v -292.617 -0.0470991 0.335441 
v -292.617 -0.0470991 0.0108945 
v -292.722 0.374903 0.363326 
v -292.722 7.2513 0.0486865 
v -292.722 7.2513 0.363326 
v -292.617 7.6733 0.335441 
v -292.617 7.6733 0.0108945 
v -291.264 7.23711 0.0280905 
v -291.264 7.23711 -0.373869 
v -292.163 7.23711 -0.161882 
v -292.163 7.23711 0.257482 
v -290.364 7.23711 -0.0487695 
v -290.364 7.23711 -0.450728 
v -289.465 7.23711 -0.450728 
v -289.465 7.23711 -0.0487695 
v -288.565 7.23711 -0.373869 
v -288.565 7.23711 0.0280905 
v -287.666 7.23711 -0.161882 
v -287.666 7.23711 0.257482 
v -289.465 6.90799 -0.450728 
v -288.565 6.84491 -0.483869 
v -289.465 6.84491 -0.560727 
v -290.364 6.84491 -0.560727 
v -288.565 6.90799 -0.373869 
v -287.666 6.84491 -0.271881 
v -287.666 6.90799 -0.161882 
v -290.364 6.90799 -0.450728 
v -291.264 6.84491 -0.483869 
v -291.264 6.90799 -0.373869 
v -292.163 6.84491 -0.271881 
v -292.163 6.90799 -0.161882 
v -291.264 6.90799 0.0280905 
v -290.364 6.84491 0.0612305 
v -290.364 6.90799 -0.0487695 
v -291.264 6.84491 0.13809 
v -292.163 6.90799 0.257482 
v -292.163 6.84491 0.367482 
v -289.465 6.84491 0.0612305 
v -289.465 6.90799 -0.0487695 
v -288.565 6.90799 0.0280905 
v -288.565 6.84491 0.13809 
v -287.666 6.90799 0.257482 
v -287.666 6.84491 0.367482 
v -287.464 1.64442 0.238046 
v -287.666 4.96731 0.367482 
v -287.666 4.90423 0.257482 
v -291.623 5.19975 0.239644 
v -291.623 5.19975 -0.390019 
v -291.461 5.0922 0.188533 
v -291.461 5.0922 -0.437253 
v -291.264 5.0922 0.13809 
v -291.264 5.0922 -0.483869 
v -290.364 5.0922 0.0612305 
v -290.364 5.0922 -0.560727 
v -289.465 5.0922 -0.560727 
v -289.465 5.0922 0.0612305 
v -288.565 5.0922 -0.483869 
v -288.565 5.0922 0.13809 
v -288.368 5.0922 -0.437253 
v -288.368 5.0922 0.188533 
v -288.206 5.19975 -0.390019 
v -288.206 5.19975 0.239644 
v -287.192 8.21825 0.0457025 
v -287.687 8.21825 -0.0682755 
v -287.687 8.21825 0.242734 
v -288.578 8.21825 0.0136045 
v -287.192 8.21825 0.356713 
v -288.578 8.21825 -0.297405 
v -286.912 8.02965 0.0999545 
v -289.469 8.21825 -0.0793515 
v -286.912 8.02965 0.410964 
v -289.469 8.21825 -0.390361 
v -290.36 8.21825 -0.0793515 
v -290.36 8.21825 -0.390361 
v -291.251 8.21825 -0.297405 
v -291.251 8.21825 0.0136045 
v -292.142 8.21825 -0.0682755 
v -292.142 8.21825 0.242734 
v -292.637 8.21825 0.0457025 
v -292.637 8.21825 0.356713 
v -292.917 8.02965 0.0999545 
v -292.917 8.02965 0.410964 
v -290.315 -0.221897 -0.0263375 
v -286.912 -0.403455 0.410964 
v -287.107 7.2513 0.363326 
v -292.917 -0.403455 0.410964 
v -292.722 7.2513 0.363326 
v -288.682 3.33465 0.841708 
v -288.656 1.93419 0.692535 
v -288.656 3.70598 0.692535 
v -288.531 3.74733 0.753552 
v -288.392 3.70598 0.739163 
v -288.458 3.88836 0.339584 
v -288.419 3.33465 0.888166 
v -288.589 3.83248 0.317564 
v -288.506 3.83801 -0.179451 
v -288.37 3.89515 -0.155499 
v -288.506 3.56216 -0.179451 
v -288.235 3.83801 -0.131548 
v -288.326 3.83248 0.363979 
v -288.235 3.56216 -0.131548 
v -288.323 2.03322 0.65824 
v -288.486 2.16826 0.501819 
v -288.364 2.12988 0.559901 
v -288.273 1.94127 0.376709 
v -288.328 2.07342 0.370497 
v -288.235 2.07801 -0.131548 
v -288.37 2.13515 -0.155499 
v -288.459 2.12823 0.348588 
v -288.59 2.07342 0.324459 
v -288.506 2.07801 -0.179451 
v -288.562 1.94009 -0.189371 
v -288.693 2.03322 0.592929 
v -288.621 2.12988 0.514531 
v -291.173 3.70598 0.692535 
v -291.298 3.74733 0.753552 
v -291.437 3.70598 0.739163 
v -291.371 3.88836 0.339584 
v -291.24 3.83248 0.317564 
v -291.323 3.83801 -0.179451 
v -291.459 3.89515 -0.155499 
v -291.594 3.83801 -0.131548 
v -291.503 3.83248 0.363979 
v -291.506 2.03322 0.65824 
v -291.343 2.16826 0.501819 
v -291.465 2.12988 0.559901 
v -291.5 2.07342 0.370497 
v -291.594 2.07801 -0.131548 
v -291.459 2.13515 -0.155499 
v -291.37 2.12823 0.348588 
v -291.239 2.07342 0.324459 
v -291.323 2.07801 -0.179451 
v -291.267 1.94009 -0.189371 
v -291.136 2.03322 0.592929 
v -291.208 2.12988 0.514531 
v -292.617 -0.0470991 0.335441 
v -292.617 -0.0470991 0.0108945 
v -292.364 -0.221897 0.295411 
v -292.364 -0.221897 -0.0433575 
v -291.92 -0.221897 0.211313 
v -291.92 -0.221897 -0.157335 
v -291.118 -0.221897 0.0422505 
v -291.118 -0.221897 -0.386465 
v -290.315 -0.221897 -0.0263375 
v -290.315 -0.221897 -0.479421 
v -289.513 -0.221897 -0.0263375 
v -289.513 -0.221897 -0.479421 
v -288.711 -0.221897 -0.386465 
v -288.711 -0.221897 0.0422505 
v -287.909 -0.221897 -0.157335 
v -287.909 -0.221897 0.211313 
v -287.465 -0.221897 -0.0433575 
v -287.465 -0.221897 0.295411 
v -287.212 -0.0470991 0.0108945 
v -287.212 -0.0470991 0.335441 
v -292.365 4.02685 0.330662 
v -291.385 4.02685 0.0627645 
v -292.365 4.02685 0.238046 
v -291.385 4.02685 -0.0298515 
v -290.405 4.02685 -0.0459195 
v -290.405 4.02685 -0.138535 
v -289.424 4.02685 -0.0459195 
v -289.424 4.02685 -0.138535 
v -288.444 4.02685 -0.0298515 
v -288.444 4.02685 0.0627645 
v -287.464 4.02685 0.238046 
v -287.464 4.02685 0.330662 
v -288.565 4.90423 0.0280905 
v -292.365 3.82627 0.0611945 
v -291.385 3.82627 -0.206704 
v -292.365 3.82627 -0.0314235 
v -291.385 3.82627 -0.29932 
v -290.405 3.82627 -0.315387 
v -290.405 3.82627 -0.408004 
v -289.424 3.82627 -0.315387 
v -289.424 3.82627 -0.408004 
v -288.444 3.82627 -0.29932 
v -288.444 3.82627 -0.206704 
v -287.464 3.82627 -0.0314235 
v -287.464 3.82627 0.0611945 
v -292.163 7.23711 -0.161882 
v -287.666 6.90799 -0.161882 
v -291.264 6.90799 -0.373869 
v -292.365 1.64442 0.238046 
v -287.464 1.64442 0.238046 
v -291.385 1.64442 -0.0298515 
v -287.666 4.90423 0.257482 
v -292.163 4.96731 0.367482 
v -292.163 4.57511 0.257482 
v -292.163 4.57511 -0.161882 
v -291.264 4.57511 -0.373869 
v -286.912 8.02965 0.410964 
v -286.912 -0.403455 0.410964 
v -292.917 8.02965 0.0999545 
v -292.917 8.02965 0.410964 
v -292.917 -0.403455 0.410964 
v -287.909 -0.221897 0.211313 
v -288.578 -0.592049 0.0136045 
v -287.687 -0.592049 0.242734 
v -288.711 -0.221897 0.0422505 
v -287.465 -0.221897 0.295411 
v -289.469 -0.592049 -0.0793515 
v -287.192 -0.592049 0.356713 
v -289.513 -0.221897 -0.0263375 
v -287.212 -0.0470991 0.335441 
v -290.315 -0.221897 -0.0263375 
v -286.912 -0.403455 0.410964 
v -290.36 -0.592049 -0.0793515 
v -286.796 -0.0366552 0.448757 
v -291.118 -0.221897 0.0422505 
v -287.107 0.374903 0.363326 
v -291.251 -0.592049 0.0136045 
v -286.796 7.66285 0.448757 
v -291.92 -0.221897 0.211313 
v -287.107 7.2513 0.363326 
v -292.142 -0.592049 0.242734 
v -287.212 7.6733 0.335441 
v -292.364 -0.221897 0.295411 
v -286.912 8.02965 0.410964 
v -292.637 -0.592049 0.356713 
v -287.192 8.21825 0.356713 
v -292.617 -0.0470991 0.335441 
v -287.465 7.84809 0.295411 
v -292.917 -0.403455 0.410964 
v -287.687 8.21825 0.242734 
v -293.033 -0.0366552 0.448757 
v -287.909 7.84809 0.211313 
v -292.722 0.374903 0.363326 
v -288.578 8.21825 0.0136045 
v -293.033 7.66285 0.448757 
v -288.711 7.84809 0.0422505 
v -292.722 7.2513 0.363326 
v -289.469 8.21825 -0.0793515 
v -292.617 7.6733 0.335441 
v -289.513 7.84809 -0.0263375 
v -292.917 8.02965 0.410964 
v -290.36 8.21825 -0.0793515 
v -292.637 8.21825 0.356713 
v -290.315 7.84809 -0.0263375 
v -292.364 7.84809 0.295411 
v -291.118 7.84809 0.0422505 
v -292.142 8.21825 0.242734 
v -291.251 8.21825 0.0136045 
v -291.92 7.84809 0.211313 
v -292.163 4.96731 0.367482 
v -291.704 6.46892 0.260817 
v -292.163 6.84491 0.367482 
v -291.623 6.61247 0.239644 
v -291.704 5.3433 0.260817 
v -291.461 6.72002 0.188533 
v -291.623 5.19975 0.239644 
v -291.264 6.84491 0.13809 
v -291.461 5.0922 0.188533 
v -291.264 6.72002 0.13809 
v -291.264 4.96731 0.13809 
v -290.364 6.72002 0.0612305 
v -291.264 5.0922 0.13809 
v -290.364 6.84491 0.0612305 
v -290.364 5.0922 0.0612305 
v -289.465 6.84491 0.0612305 
v -290.364 4.96731 0.0612305 
v -289.465 6.72002 0.0612305 
v -289.465 5.0922 0.0612305 
v -288.565 6.72002 0.13809 
v -289.465 4.96731 0.0612305 
v -288.565 6.84491 0.13809 
v -288.565 5.0922 0.13809 
v -288.368 6.72002 0.188533 
v -288.565 4.96731 0.13809 
v -287.666 6.84491 0.367482 
v -288.368 5.0922 0.188533 
v -288.206 6.61247 0.239644 
v -288.125 6.46892 0.260817 
v -287.666 4.96731 0.367482 
v -288.206 5.19975 0.239644 
v -288.125 5.3433 0.260817 
v -288.682 3.33465 0.841708 
v -288.682 2.30552 0.841708 
v -288.56 2.30686 0.920102 
v -288.656 1.93419 0.692535 
v -288.56 3.33331 0.920102 
v -288.656 3.70598 0.692535 
v -288.531 3.74733 0.753552 
v -288.392 3.70598 0.739163 
v -288.419 3.33465 0.888166 
v -288.235 3.56216 -0.131548 
v -288.419 2.30552 0.888166 
v -288.323 2.03322 0.65824 
v -288.392 1.93419 0.739163 
v -288.531 1.89284 0.753552 
v -288.273 1.94127 0.376709 
v -288.506 1.80216 -0.179451 
v -291.147 2.30552 0.841708 
v -291.147 3.33465 0.841708 
v -291.269 2.30686 0.920102 
v -291.173 1.93419 0.692535 
v -291.269 3.33331 0.920102 
v -291.298 1.89284 0.753552 
v -291.437 1.93419 0.739163 
v -291.41 3.33465 0.888166 
v -291.173 3.70598 0.692535 
v -291.41 2.30552 0.888166 
v -291.298 3.74733 0.753552 
v -291.437 3.70598 0.739163 
v -291.506 2.03322 0.65824 
v -291.267 1.94009 -0.189371 
v -288.444 4.02685 -0.0298515 
v -292.617 -0.0470991 0.0108945 
v -290.315 -0.221897 -0.0263375 
v -287.212 -0.0470991 0.0108945 
v -291.385 1.64442 0.0627645 
v -291.385 4.02685 0.0627645 
v -292.365 1.64442 0.330662 
v -292.365 4.02685 0.330662 
v -290.405 4.02685 -0.0459195 
v -290.405 1.64442 -0.0459195 
v -289.424 4.02685 -0.0459195 
v -289.424 1.64442 -0.0459195 
v -288.444 4.02685 0.0627645 
v -288.444 1.64442 0.0627645 
v -287.464 4.02685 0.330662 
v -287.464 1.64442 0.330662 
v -291.264 7.23711 0.0280905 
v -292.163 7.23711 0.257482 
v -291.264 6.90799 0.0280905 
v -292.163 6.90799 0.257482 
v -290.364 6.90799 -0.0487695 
v -290.364 7.23711 -0.0487695 
v -289.465 6.90799 -0.0487695 
v -289.465 7.23711 -0.0487695 
v -288.565 6.90799 0.0280905 
v -288.565 7.23711 0.0280905 
v -287.666 6.90799 0.257482 
v -287.666 7.23711 0.257482 
v -290.364 4.90423 -0.0487695 
v -291.264 4.90423 0.0280905 
v -290.364 4.57511 -0.0487695 
v -291.264 4.57511 0.0280905 
v -292.163 4.90423 0.257482 
v -292.163 4.57511 0.257482 
v -289.465 4.57511 -0.0487695 
v -289.465 4.90423 -0.0487695 
v -288.565 4.57511 0.0280905 
v -288.565 4.90423 0.0280905 
v -287.666 4.57511 0.257482 
v -287.666 4.90423 0.257482 
v -292.365 2.22194 0.0611945 
v -291.385 2.22194 -0.206704 
v -291.385 3.82627 -0.206704 
v -292.365 3.82627 0.0611945 
v -290.405 3.82627 -0.315387 
v -290.405 2.22194 -0.315387 
v -289.424 3.82627 -0.315387 
v -289.424 2.22194 -0.315387 
v -288.444 3.82627 -0.206704 
v -288.444 2.22194 -0.206704 
v -287.464 3.82627 0.0611945 
v -287.464 2.22194 0.0611945 
v -292.163 7.23711 -0.161882 
v -287.666 6.90799 -0.161882 
v -292.365 2.22194 0.0611945 
v -292.365 3.82627 0.0611945 
v -292.365 2.22194 -0.0314235 
v -292.365 3.82627 -0.0314235 
v -292.365 1.64442 0.330662 
v -292.365 4.02685 0.330662 
v -292.365 1.64442 0.238046 
v -292.365 4.02685 0.238046 
v -291.385 1.64442 -0.0298515 
v -287.666 4.96731 0.367482 
v -287.666 4.90423 0.257482 
v -292.163 7.23711 -0.161882 
v -292.163 6.90799 -0.161882 
v -292.163 6.90799 0.257482 
v -292.163 7.23711 0.257482 
v -292.163 6.84491 -0.271881 
v -292.163 6.84491 0.367482 
v -292.163 4.96731 0.367482 
v -292.163 4.96731 -0.271881 
v -292.163 4.90423 0.257482 
v -292.163 4.90423 -0.161882 
v -292.163 4.57511 0.257482 
v -292.163 4.57511 -0.161882 
v -288.368 5.0922 -0.437253 
v -288.368 5.0922 0.188533 
v -288.206 5.19975 -0.390019 
v -288.206 5.19975 0.239644 
v -288.125 5.3433 -0.370453 
v -288.125 5.3433 0.260817 
v -288.125 6.46892 0.260817 
v -288.125 6.46892 -0.370453 
v -288.206 6.61247 0.239644 
v -288.206 6.61247 -0.390019 
v -288.368 6.72002 0.188533 
v -288.368 6.72002 -0.437253 
v -291.264 4.57511 -0.373869 
v -286.912 8.02965 0.0999545 
v -286.912 8.02965 0.410964 
v -286.912 -0.403455 0.410964 
v -286.912 -0.403455 0.0999545 
v -292.917 8.02965 0.0999545 
v -292.917 8.02965 0.410964 
v -293.033 7.66285 0.137746 
v -293.033 7.66285 0.448757 
v -293.033 -0.0366552 0.448757 
v -293.033 -0.0366552 0.137746 
v -292.917 -0.403455 0.410964 
v -292.917 -0.403455 0.0999545 
v -287.107 7.2513 0.363326 
v -288.682 3.33465 0.841708 
v -288.682 2.30552 0.841708 
v -288.56 2.30686 0.920102 
v -288.656 1.93419 0.692535 
v -288.712 2.30153 0.700441 
v -288.656 3.70598 0.692535 
v -288.712 3.33864 0.700441 
v -288.693 3.60695 0.592929 
v -288.419 3.33465 0.888166 
v -288.589 3.83248 0.317564 
v -288.621 3.51029 0.514531 
v -288.634 3.34331 0.579861 
v -288.59 3.56675 0.324459 
v -288.643 3.6989 0.31145 
v -288.506 3.83801 -0.179451 
v -288.562 3.70009 -0.189371 
v -288.506 3.56216 -0.179451 
v -288.235 3.56216 -0.131548 
v -288.486 3.47191 0.501819 
v -288.634 2.29686 0.579861 
v -288.531 1.89284 0.753552 
v -288.273 1.94127 0.376709 
v -288.37 1.74503 -0.155499 
v -288.506 1.80216 -0.179451 
v -288.59 2.07342 0.324459 
v -288.506 2.07801 -0.179451 
v -288.589 1.80769 0.317564 
v -288.643 1.94127 0.31145 
v -288.562 1.94009 -0.189371 
v -288.693 2.03322 0.592929 
v -288.621 2.12988 0.514531 
v -291.269 2.30686 0.920102 
v -291.269 3.33331 0.920102 
v -291.298 1.89284 0.753552 
v -291.437 1.93419 0.739163 
v -291.41 3.33465 0.888166 
v -291.41 2.30552 0.888166 
v -291.437 3.70598 0.739163 
v -291.506 3.60695 0.658242 
v -291.459 3.89515 -0.155499 
v -291.594 3.83801 -0.131548 
v -291.503 3.83248 0.363979 
v -291.651 3.70009 -0.121628 
v -291.459 3.50503 -0.155499 
v -291.556 3.6989 0.376709 
v -291.5 3.56675 0.370497 
v -291.594 3.56216 -0.131548 
v -291.465 3.51029 0.559901 
v -291.455 3.34331 0.625831 
v -291.487 3.33864 0.765705 
v -291.487 2.30153 0.765705 
v -291.455 2.29686 0.625831 
v -291.506 2.03322 0.65824 
v -291.465 2.12988 0.559901 
v -291.556 1.94127 0.376709 
v -291.503 1.80769 0.363979 
v -291.5 2.07342 0.370497 
v -291.651 1.94009 -0.121628 
v -291.594 1.80216 -0.131548 
v -291.594 2.07801 -0.131548 
v -291.459 1.74503 -0.155499 
v -291.267 1.94009 -0.189371 
v -288.444 4.02685 -0.0298515 
v -287.212 -0.0470991 0.0108945 
v -287.212 -0.0470991 0.335441 
v -287.107 0.374903 0.0486865 
v -287.107 0.374903 0.363326 
v -287.107 7.2513 0.363326 
v -287.107 7.2513 0.0486865 
v -287.212 7.6733 0.0108945 
v -287.212 7.6733 0.335441 
v -289.465 6.90799 -0.450728 
v -287.666 6.90799 -0.161882 
v -287.464 1.64442 0.238046 
v -288.444 1.64442 0.0627645 
v -289.424 1.64442 -0.0459195 
v -288.444 1.64442 -0.0298515 
v -287.464 1.64442 0.238046 
v -287.464 1.64442 0.330662 
v -289.424 1.64442 -0.138535 
v -290.405 1.64442 -0.0459195 
v -290.405 1.64442 -0.138535 
v -291.385 1.64442 -0.0298515 
v -291.385 1.64442 0.0627645 
v -292.365 1.64442 0.238046 
v -292.365 1.64442 0.330662 
v -287.666 4.96731 0.367482 
v -287.666 4.90423 0.257482 
v -292.163 4.96731 0.367482 
v -292.163 4.57511 -0.161882 
v -288.444 2.22194 -0.206704 
v -289.424 2.22194 -0.315387 
v -288.444 2.22194 -0.29932 
v -287.464 2.22194 -0.0314235 
v -287.464 2.22194 0.0611945 
v -289.424 2.22194 -0.408004 
v -290.405 2.22194 -0.315387 
v -290.405 2.22194 -0.408004 
v -291.385 2.22194 -0.29932 
v -291.385 2.22194 -0.206704 
v -292.365 2.22194 -0.0314235 
v -292.365 2.22194 0.0611945 
v -291.623 6.61247 0.239644 
v -291.623 6.61247 -0.390019 
v -291.461 6.72002 0.188533 
v -291.461 6.72002 -0.437253 
v -288.206 6.61247 0.239644 
v -288.206 6.61247 -0.390019 
v -288.368 6.72002 0.188533 
v -288.368 6.72002 -0.437253 
v -286.912 -0.403455 0.410964 
v -286.912 -0.403455 0.0999545 
v -287.192 -0.592049 0.356713 
v -287.192 -0.592049 0.0457025 
v -287.687 -0.592049 0.242734 
v -287.687 -0.592049 -0.0682755 
v -288.578 -0.592049 0.0136045 
v -288.578 -0.592049 -0.297405 
v -289.469 -0.592049 -0.0793515 
v -289.469 -0.592049 -0.390361 
v -290.36 -0.592049 -0.390361 
v -292.917 -0.403455 0.410964 
v -290.36 -0.592049 -0.0793515 
v -292.917 -0.403455 0.0999545 
v -291.251 -0.592049 -0.297405 
v -292.637 -0.592049 0.356713 
v -291.251 -0.592049 0.0136045 
v -292.637 -0.592049 0.0457025 
v -292.142 -0.592049 -0.0682755 
v -292.142 -0.592049 0.242734 
v -287.107 7.2513 0.363326 
v -291.264 6.84491 0.13809 
v -291.461 5.0922 0.188533 
v -289.465 6.72002 0.0612305 
v -289.465 4.96731 0.0612305 
v -288.368 6.72002 0.188533 
v -287.666 6.84491 0.367482 
v -288.368 5.0922 0.188533 
v -288.682 3.33465 0.841708 
v -288.656 1.93419 0.692535 
v -288.693 3.60695 0.592929 
v -288.419 3.33465 0.888166 
v -288.621 3.51029 0.514531 
v -288.59 3.56675 0.324459 
v -288.506 3.56216 -0.179451 
v -288.37 3.50503 -0.155499 
v -288.459 3.51194 0.348588 
v -288.323 3.60695 0.658242 
v -288.328 3.56675 0.370497 
v -288.235 3.56216 -0.131548 
v -288.486 3.47191 0.501819 
v -288.364 3.51029 0.559901 
v -288.323 2.03322 0.65824 
v -288.392 1.93419 0.739163 
v -288.531 1.89284 0.753552 
v -288.458 1.75181 0.339584 
v -288.326 1.80769 0.363979 
v -288.235 1.80216 -0.131548 
v -288.235 2.07801 -0.131548 
v -288.37 1.74503 -0.155499 
v -288.506 1.80216 -0.179451 
v -288.589 1.80769 0.317564 
v -288.693 2.03322 0.592929 
v -291.173 1.93419 0.692535 
v -291.298 1.89284 0.753552 
v -291.437 1.93419 0.739163 
v -291.371 1.75181 0.339584 
v -291.173 3.70598 0.692535 
v -291.437 3.70598 0.739163 
v -291.136 3.60695 0.592929 
v -291.506 3.60695 0.658242 
v -291.323 3.83801 -0.179451 
v -291.323 3.56216 -0.179451 
v -291.239 3.56675 0.324459 
v -291.459 3.50503 -0.155499 
v -291.37 3.51194 0.348588 
v -291.5 3.56675 0.370497 
v -291.594 3.56216 -0.131548 
v -291.343 3.47191 0.501819 
v -291.465 3.51029 0.559901 
v -291.208 3.51029 0.514531 
v -291.506 2.03322 0.65824 
v -291.503 1.80769 0.363979 
v -291.594 1.80216 -0.131548 
v -291.594 2.07801 -0.131548 
v -291.459 1.74503 -0.155499 
v -291.323 1.80216 -0.179451 
v -291.24 1.80769 0.317564 
v -292.617 7.6733 0.335441 
v -292.617 7.6733 0.0108945 
v -292.364 7.84809 0.295411 
v -292.364 7.84809 -0.0433575 
v -291.92 7.84809 0.211313 
v -291.92 7.84809 -0.157335 
v -291.118 7.84809 0.0422505 
v -291.118 7.84809 -0.386465 
v -290.315 7.84809 -0.0263375 
v -290.315 7.84809 -0.479421 
v -289.513 7.84809 -0.479421 
v -289.513 7.84809 -0.0263375 
v -288.711 7.84809 -0.386465 
v -288.711 7.84809 0.0422505 
v -287.909 7.84809 -0.157335 
v -287.909 7.84809 0.211313 
v -287.465 7.84809 -0.0433575 
v -287.465 7.84809 0.295411 
v -287.212 7.6733 0.0108945 
v -287.212 7.6733 0.335441 
v -291.264 4.57511 0.0280905 
v -288.565 4.90423 0.0280905 
v -287.666 4.96731 -0.271881 
v -288.565 4.90423 -0.373869 
v -288.565 4.96731 -0.483869 
v -287.666 4.90423 -0.161882 
v -289.465 4.90423 -0.450728 
v -289.465 4.96731 -0.560727 
v -290.364 4.90423 -0.450728 
v -290.364 4.96731 -0.560727 
v -291.264 4.96731 -0.483869 
v -291.264 4.90423 -0.373869 
v -292.163 4.96731 -0.271881 
v -292.163 4.90423 -0.161882 
v -288.565 4.57511 0.0280905 
v -288.565 4.57511 -0.373869 
v -287.666 4.57511 -0.161882 
v -287.666 4.57511 0.257482 
v -289.465 4.57511 -0.0487695 
v -289.465 4.57511 -0.450728 
v -290.364 4.57511 -0.450728 
v -290.364 4.57511 -0.0487695 
v -291.264 4.57511 -0.373869 
v -291.264 4.57511 0.0280905 
v -292.163 4.57511 -0.161882 
v -292.163 4.57511 0.257482 
v -291.264 4.96731 0.13809 
v -292.163 4.90423 0.257482 
v -291.264 4.90423 0.0280905 
v -292.163 4.96731 0.367482 
v -290.364 4.96731 0.0612305 
v -290.364 4.90423 -0.0487695 
v -289.465 4.90423 -0.0487695 
v -289.465 4.96731 0.0612305 
v -288.565 4.90423 0.0280905 
v -288.565 4.96731 0.13809 
v -287.666 4.90423 0.257482 
v -287.666 4.96731 0.367482 
v -288.565 6.72002 0.13809 
v -288.368 6.72002 -0.437253 
v -288.368 6.72002 0.188533 
v -288.565 6.72002 -0.483869 
v -289.465 6.72002 0.0612305 
v -289.465 6.72002 -0.560727 
v -290.364 6.72002 0.0612305 
v -290.364 6.72002 -0.560727 
v -291.264 6.72002 -0.483869 
v -291.264 6.72002 0.13809 
v -291.461 6.72002 -0.437253 
v -291.461 6.72002 0.188533 
v -292.163 7.23711 -0.161882 
v -290.364 6.84491 -0.560727 
v -288.565 6.90799 -0.373869 
v -287.666 6.84491 -0.271881 
v -287.666 6.90799 -0.161882 
v -291.264 6.90799 -0.373869 
v -292.163 6.84491 -0.271881 
v -292.365 1.64442 0.238046 
v -287.464 1.64442 0.238046 
v -291.385 1.64442 -0.0298515 
v -287.666 4.90423 0.257482 
v -292.163 4.96731 0.367482 
v -292.163 4.57511 0.257482 
v -292.163 4.57511 -0.161882 
v -288.368 6.72002 -0.437253 
v -287.666 6.84491 -0.271881 
v -288.206 6.61247 -0.390019 
v -288.125 6.46892 -0.370453 
v -288.565 6.84491 -0.483869 
v -288.565 6.72002 -0.483869 
v -287.666 4.96731 -0.271881 
v -289.465 6.72002 -0.560727 
v -288.125 5.3433 -0.370453 
v -289.465 6.84491 -0.560727 
v -288.206 5.19975 -0.390019 
v -290.364 6.72002 -0.560727 
v -288.368 5.0922 -0.437253 
v -290.364 6.84491 -0.560727 
v -288.565 4.96731 -0.483869 
v -291.264 6.72002 -0.483869 
v -288.565 5.0922 -0.483869 
v -291.264 6.84491 -0.483869 
v -289.465 4.96731 -0.560727 
v -291.461 6.72002 -0.437253 
v -289.465 5.0922 -0.560727 
v -292.163 6.84491 -0.271881 
v -290.364 4.96731 -0.560727 
v -291.623 6.61247 -0.390019 
v -290.364 5.0922 -0.560727 
v -291.704 6.46892 -0.370453 
v -291.264 4.96731 -0.483869 
v -291.264 5.0922 -0.483869 
v -291.461 5.0922 -0.437253 
v -292.163 4.96731 -0.271881 
v -291.704 5.3433 -0.370453 
v -291.623 5.19975 -0.390019 
v -287.666 7.23711 -0.161882 
v -288.565 6.90799 -0.373869 
v -288.565 7.23711 -0.373869 
v -287.666 6.90799 -0.161882 
v -289.465 6.90799 -0.450728 
v -289.465 7.23711 -0.450728 
v -290.364 6.90799 -0.450728 
v -290.364 7.23711 -0.450728 
v -291.264 6.90799 -0.373869 
v -291.264 7.23711 -0.373869 
v -292.163 6.90799 -0.161882 
v -292.163 7.23711 -0.161882 
v -288.565 4.90423 -0.373869 
v -289.465 4.57511 -0.450728 
v -289.465 4.90423 -0.450728 
v -290.364 4.57511 -0.450728 
v -288.565 4.57511 -0.373869 
v -287.666 4.90423 -0.161882 
v -287.666 4.57511 -0.161882 
v -290.364 4.90423 -0.450728 
v -291.264 4.57511 -0.373869 
v -291.264 4.90423 -0.373869 
v -292.163 4.57511 -0.161882 
v -292.163 4.90423 -0.161882 
v -292.365 3.82627 -0.0314235 
v -291.385 3.82627 -0.29932 
v -292.365 2.22194 -0.0314235 
v -291.385 2.22194 -0.29932 
v -290.405 3.82627 -0.408004 
v -290.405 2.22194 -0.408004 
v -289.424 3.82627 -0.408004 
v -289.424 2.22194 -0.408004 
v -288.444 3.82627 -0.29932 
v -288.444 2.22194 -0.29932 
v -287.464 3.82627 -0.0314235 
v -287.464 2.22194 -0.0314235 
v -286.912 8.02965 0.0999545 
v -286.912 -0.403455 0.0999545 
v -292.917 8.02965 0.0999545 
v -292.917 -0.403455 0.0999545 
v -291.118 7.84809 -0.386465 
v -291.92 7.84809 -0.157335 
v -291.251 8.21825 -0.297405 
v -292.142 8.21825 -0.0682755 
v -290.36 8.21825 -0.390361 
v -292.364 7.84809 -0.0433575 
v -290.315 7.84809 -0.479421 
v -292.637 8.21825 0.0457025 
v -289.469 8.21825 -0.390361 
v -292.617 7.6733 0.0108945 
v -289.513 7.84809 -0.479421 
v -292.917 8.02965 0.0999545 
v -288.711 7.84809 -0.386465 
v -293.033 7.66285 0.137746 
v -288.578 8.21825 -0.297405 
v -292.722 7.2513 0.0486865 
v -287.909 7.84809 -0.157335 
v -292.722 0.374903 0.0486865 
v -287.687 8.21825 -0.0682755 
v -293.033 -0.0366552 0.137746 
v -287.465 7.84809 -0.0433575 
v -292.617 -0.0470991 0.0108945 
v -287.192 8.21825 0.0457025 
v -292.917 -0.403455 0.0999545 
v -287.212 7.6733 0.0108945 
v -292.637 -0.592049 0.0457025 
v -286.912 8.02965 0.0999545 
v -292.364 -0.221897 -0.0433575 
v -286.796 7.66285 0.137746 
v -292.142 -0.592049 -0.0682755 
v -287.107 7.2513 0.0486865 
v -291.92 -0.221897 -0.157335 
v -287.107 0.374903 0.0486865 
v -291.251 -0.592049 -0.297405 
v -286.796 -0.0366552 0.137746 
v -291.118 -0.221897 -0.386465 
v -287.212 -0.0470991 0.0108945 
v -290.36 -0.592049 -0.390361 
v -286.912 -0.403455 0.0999545 
v -290.315 -0.221897 -0.479421 
v -287.192 -0.592049 0.0457025 
v -289.513 -0.221897 -0.479421 
v -287.465 -0.221897 -0.0433575 
v -289.469 -0.592049 -0.390361 
v -287.687 -0.592049 -0.0682755 
v -288.711 -0.221897 -0.386465 
v -287.909 -0.221897 -0.157335 
v -288.578 -0.592049 -0.297405 
v -287.107 7.2513 0.363326 
v -292.722 7.2513 0.363326 
v -288.682 3.33465 0.841708 
v -288.656 1.93419 0.692535 
v -288.693 3.60695 0.592929 
v -288.419 3.33465 0.888166 
v -288.621 3.51029 0.514531 
v -288.634 3.34331 0.579861 
v -288.323 3.60695 0.658242 
v -288.486 3.47191 0.501819 
v -288.364 3.51029 0.559901 
v -288.374 3.34331 0.625831 
v -288.495 3.34511 0.548979 
v -288.495 2.29507 0.548979 
v -288.634 2.29686 0.579861 
v -288.374 2.29686 0.625831 
v -288.323 2.03322 0.65824 
v -288.486 2.16826 0.501819 
v -288.364 2.12988 0.559901 
v -288.273 1.94127 0.376709 
v -288.506 1.80216 -0.179451 
v -288.693 2.03322 0.592929 
v -288.621 2.12988 0.514531 
v -291.298 1.89284 0.753552 
v -291.173 3.70598 0.692535 
v -291.437 3.70598 0.739163 
v -291.136 3.60695 0.592929 
v -291.506 3.60695 0.658242 
v -291.343 3.47191 0.501819 
v -291.465 3.51029 0.559901 
v -291.208 3.51029 0.514531 
v -291.195 3.34331 0.579861 
v -291.455 3.34331 0.625831 
v -291.334 3.34511 0.548979 
v -291.334 2.29507 0.548979 
v -291.195 2.29686 0.579861 
v -291.455 2.29686 0.625831 
v -291.506 2.03322 0.65824 
v -291.343 2.16826 0.501819 
v -291.465 2.12988 0.559901 
v -291.267 1.94009 -0.189371 
v -291.136 2.03322 0.592929 
v -291.208 2.12988 0.514531 
v -292.365 1.64442 0.238046 
v -292.365 4.02685 0.238046 
v -291.385 4.02685 -0.0298515 
v -291.385 1.64442 -0.0298515 
v -290.405 4.02685 -0.138535 
v -290.405 1.64442 -0.138535 
v -289.424 4.02685 -0.138535 
v -289.424 1.64442 -0.138535 
v -288.444 4.02685 -0.0298515 
v -288.444 1.64442 -0.0298515 
v -287.464 4.02685 0.238046 
v -287.464 1.64442 0.238046 

vn 0.11811 0.858268 -0.496063 
vn 1 0 0 
vn 1 0 0 
vn 1 0 0 
vn 1 0 0 
vn -1 0 0 
vn 1 0 0 
vn 1 0 0 
vn 1 0 0 
vn 1 0 0 
vn 0 -1 0 
vn 1 0 0 
vn 1 0 0 
vn 1 0 0 
vn 1 0 0 
vn 1 0 0 
vn 1 0 0 
vn 1 0 0 
vn 1 0 0 
vn 1 0 0 
vn 1 0 0 
vn 1 0 0 
vn 1 0 0 
vn 0.976378 -0.204724 0 
vn 0.976378 0.204724 0 
vn 0.952756 -0.307087 0 
vn 0.811024 -0.582677 0 
vn 0.952756 0.307087 0 
vn 0.637795 -0.771654 0 
vn 0.551181 -0.834646 0 
vn 0.551181 -0.834646 0 
vn 0.811024 0.582677 0 
vn 0.637795 0.771654 0 
vn 0.472441 0.88189 0 
vn 0.0708661 1 0 
vn -0.133858 0 -0.992126 
vn 0.685039 0.732283 0 
vn 0.866142 0.496063 0 
vn 0.984252 0.173228 0 
vn 0.992126 0.125984 0 
vn 0.984252 -0.173228 0 
vn 0.992126 -0.125984 0 
vn 0.866142 -0.496063 0 
vn 0.685039 -0.732283 0 
vn -0.685039 0.732283 0 
vn -0.866142 0.496063 0 
vn -0.866142 -0.496063 0 
vn -0.685039 -0.732283 0 
vn -0.259843 0 0.968504 
vn 0.259843 0 0.968504 
vn 0.259843 0 0.968504 
vn -0.015748 -0.0944882 0.992126 
vn -0.677165 0.661417 0.322835 
vn 0.480315 0.566929 0.669291 
vn 0.307087 0.188976 0.929134 
vn -0.779528 0.614173 -0.125984 
vn -0.23622 0.968504 -0.023622 
vn 0.535433 0.84252 0.110236 
vn 0.574803 0.76378 0.291339 
vn 0.984252 0 0.188976 
vn 0.984252 0.00787402 0.188976 
vn 0.984252 0.125984 0.11811 
vn 0.645669 -0.76378 -0.0314961 
vn 0.535433 -0.84252 0.110236 
vn 0.0314961 -0.811024 -0.582677 
vn 0.755906 -0.425197 -0.496063 
vn 0.826772 -0.102362 -0.551181 
vn 0.944882 0.0629921 0.330709 
vn 0.944882 -0.0629921 0.330709 
vn 0.826772 0.102362 -0.551181 
vn 0.307087 -0.188976 0.929134 
vn 0.984252 -0.125984 0.11811 
vn 0.480315 -0.566929 0.669291 
vn -0.0472441 -0.480315 0.874016 
vn 0.755906 0.425197 -0.496063 
vn 0.984252 -0.00787402 0.188976 
vn 0.574803 -0.76378 0.291339 
vn 0.645669 0.76378 -0.0314961 
vn 0.984252 0 0.188976 
vn 0.535433 -0.84252 0.110236 
vn 0.535433 0.84252 0.110236 
vn -0.23622 -0.968504 -0.023622 
vn -0.779528 -0.614173 -0.125984 
vn 0.653543 -0.19685 0.732283 
vn 0.653543 0.19685 0.732283 
vn 0.015748 -0.0944882 0.992126 
vn 0.677165 -0.661417 0.322835 
vn 1 -0.0551181 -0.0629921 
vn 0.015748 0.0944882 0.992126 
vn 0.0472441 -0.480315 0.874016 
vn -0.480315 -0.566929 0.669291 
vn 0.677165 0.661417 0.322835 
vn 1 0.0551181 -0.0629921 
vn 0.96063 0.102362 -0.259843 
vn 0.637795 0.771654 -0.0314961 
vn 0.779528 0.614173 -0.125984 
vn 0.984252 0 -0.15748 
vn 0.984252 0 -0.15748 
vn 0.779528 -0.614173 -0.125984 
vn 0.622047 -0.76378 -0.165354 
vn 0.23622 -0.968504 -0.0314961 
vn 0.464567 -0.464567 -0.748031 
vn 0.472441 -0.0944882 -0.874016 
vn 0.472441 0.0944882 -0.874016 
vn 0.23622 -0.968504 -0.023622 
vn 0.779528 -0.614173 -0.125984 
vn 0.622047 0.76378 -0.165354 
vn 0.779528 0.614173 -0.125984 
vn 0.637795 -0.771654 -0.0314961 
vn 0.984252 0 -0.15748 
vn 0.984252 0 -0.15748 
vn 0.96063 -0.102362 -0.259843 
vn 0.464567 0.464567 -0.748031 
vn 0.165354 0 -0.984252 
vn 0.992126 0.133858 0 
vn 0.874016 0.488189 0 
vn 0.700787 0.708661 0 
vn 0.992126 0.110236 0 
vn 0.992126 -0.133858 0 
vn 0.992126 -0.110236 0 
vn 0.874016 -0.488189 0 
vn 0.700787 -0.708661 0 
vn 0 1 0 
vn 0 1 0 
vn 0 1 0 
vn 0 1 0 
vn 0 1 0 
vn 0 1 0 
vn 0 1 0 
vn 0 1 0 
vn 0 1 0 
vn 0 1 0 
vn 0 1 0 
vn 0 1 0 
vn 0.023622 0.866142 -0.496063 
vn 0.0551181 0.866142 -0.496063 
vn 0.015748 0.866142 -0.496063 
vn -0.015748 0.866142 -0.496063 
vn 0.0944882 0.866142 -0.496063 
vn 0.11811 0.858268 -0.496063 
vn 0.11811 0.858268 -0.496063 
vn -0.023622 0.866142 -0.496063 
vn -0.0551181 0.866142 -0.496063 
vn -0.0944882 0.866142 -0.496063 
vn -0.11811 0.858268 -0.496063 
vn -0.11811 0.858268 -0.496063 
vn 0.0551181 0.866142 0.496063 
vn 0.023622 0.866142 0.496063 
vn 0.015748 0.866142 0.496063 
vn 0.102362 0.866142 0.496063 
vn 0.125984 0.858268 0.496063 
vn 0.125984 0.858268 0.496063 
vn -0.023622 0.866142 0.496063 
vn -0.015748 0.866142 0.496063 
vn -0.0551181 0.866142 0.496063 
vn -0.102362 0.866142 0.496063 
vn -0.125984 0.858268 0.496063 
vn -0.125984 0.858268 0.496063 
vn 1 0 0 
vn 1 0 0 
vn 1 0 0 
vn 0.811024 0.582677 0 
vn 0.637795 0.771654 0 
vn 0.472441 0.88189 0 
vn 0.0708661 1 0 
vn 0 1 0 
vn 0 1 0 
vn 0 1 0 
vn 0 1 0 
vn 0 1 0 
vn 0 1 0 
vn 0 1 0 
vn 0 1 0 
vn -0.0708661 1 0 
vn -0.472441 0.88189 0 
vn -0.637795 0.771654 0 
vn -0.811024 0.582677 0 
vn 0.0866142 0.992126 0 
vn 0 1 0 
vn 0 1 0 
vn 0 1 0 
vn 0.464567 0.88189 0 
vn 0 1 0 
vn 0.685039 0.732283 0 
vn 0 1 0 
vn 0.866142 0.496063 0 
vn 0 1 0 
vn 0 1 0 
vn 0 1 0 
vn 0 1 0 
vn 0 1 0 
vn 0 1 0 
vn 0 1 0 
vn -0.0866142 0.992126 0 
vn -0.464567 0.88189 0 
vn -0.685039 0.732283 0 
vn -0.866142 0.496063 0 
vn 0.0472441 -0.133858 0.992126 
vn -0.228346 0.015748 0.976378 
vn -0.259843 0 0.968504 
vn 0.228346 0.015748 0.976378 
vn 0.259843 0 0.968504 
vn -0.653543 0.19685 0.732283 
vn -0.677165 -0.661417 0.322835 
vn -0.677165 0.661417 0.322835 
vn -0.0472441 0.480315 0.874016 
vn 0.480315 0.566929 0.669291 
vn -0.015748 0.984252 0.165354 
vn 0.307087 0.188976 0.929134 
vn -0.637795 0.771654 -0.0314961 
vn -0.779528 0.614173 -0.125984 
vn -0.23622 0.968504 -0.023622 
vn -0.779528 -0.614173 -0.125984 
vn 0.535433 0.84252 0.110236 
vn 0.574803 0.76378 0.291339 
vn 0.535433 -0.84252 0.110236 
vn 0.984252 -0.125984 0.11811 
vn 0.0314961 0.811024 -0.582677 
vn 0.755906 0.425197 -0.496063 
vn 0.984252 -0.00787402 0.188976 
vn 0.645669 0.76378 -0.0314961 
vn 0.535433 0.84252 0.110236 
vn -0.23622 0.968504 -0.0314961 
vn 0.015748 0.992126 -0.133858 
vn -0.622047 0.76378 -0.165354 
vn -0.779528 0.614173 -0.125984 
vn -0.984252 0 -0.15748 
vn -0.96063 -0.102362 -0.259843 
vn -0.464567 0.464567 -0.748031 
vn 0.677165 0.661417 0.322835 
vn 0.0472441 0.480315 0.874016 
vn -0.480315 0.566929 0.669291 
vn 0.015748 0.984252 0.165354 
vn 0.637795 0.771654 -0.0314961 
vn 0.779528 0.614173 -0.125984 
vn 0.23622 0.968504 -0.023622 
vn -0.535433 0.84252 0.110236 
vn -0.574803 0.76378 0.291339 
vn -0.984252 -0.125984 0.11811 
vn -0.0314961 0.811024 -0.582677 
vn -0.755906 0.425197 -0.496063 
vn -0.645669 0.76378 -0.0314961 
vn -0.535433 0.84252 0.110236 
vn 0.23622 0.968504 -0.0314961 
vn -0.015748 0.992126 -0.133858 
vn 0.622047 0.76378 -0.165354 
vn 0.779528 0.614173 -0.125984 
vn 0.984252 0 -0.15748 
vn 0.96063 -0.102362 -0.259843 
vn 0.464567 0.464567 -0.748031 
vn 0.874016 0.488189 0 
vn 0.700787 0.708661 0 
vn 0.456693 0.889764 0 
vn 0.0866142 1 0 
vn 0 1 0 
vn 0 1 0 
vn 0 1 0 
vn 0 1 0 
vn 0 1 0 
vn 0 1 0 
vn 0 1 0 
vn 0 1 0 
vn 0 1 0 
vn 0 1 0 
vn 0 1 0 
vn 0 1 0 
vn -0.0866142 1 0 
vn -0.456693 0.889764 0 
vn -0.700787 0.708661 0 
vn -0.874016 0.488189 0 
vn 0 1 0 
vn 0 1 0 
vn 0 1 0 
vn 0 1 0 
vn 0 1 0 
vn 0 1 0 
vn 0 1 0 
vn 0 1 0 
vn 0 1 0 
vn 0 1 0 
vn 0 1 0 
vn 0 1 0 
vn -0.141732 0 0.992126 
vn 0 1 0 
vn 0 1 0 
vn 0 1 0 
vn 0 1 0 
vn 0 1 0 
vn 0 1 0 
vn 0 1 0 
vn 0 1 0 
vn 0 1 0 
vn 0 1 0 
vn 0 1 0 
vn 0 1 0 
vn 0 1 0 
vn 0.11811 0.858268 -0.496063 
vn -0.0944882 0.866142 -0.496063 
vn -1 0 0 
vn 1 0 0 
vn 0 -1 0 
vn 1 0 0 
vn -1 0 0 
vn -1 0 0 
vn -1 0 0 
vn -0.133858 0 -0.992126 
vn 0.866142 0.496063 0 
vn 0.866142 -0.496063 0 
vn -0.685039 0.732283 0 
vn -0.866142 0.496063 0 
vn -0.866142 -0.496063 0 
vn -0.220472 -0.0708661 0.976378 
vn -0.133858 -0.125984 0.984252 
vn -0.212598 -0.0472441 0.976378 
vn -0.149606 -0.11811 0.984252 
vn -0.204724 0 0.976378 
vn -0.0393701 -0.141732 0.992126 
vn -0.19685 0.015748 0.976378 
vn -0.0472441 -0.133858 0.992126 
vn -0.228346 0.015748 0.976378 
vn 0.0472441 -0.133858 0.992126 
vn -0.228346 0.015748 0.976378 
vn 0.0393701 -0.141732 0.992126 
vn -0.259843 -0.00787402 0.968504 
vn 0.149606 -0.11811 0.984252 
vn -0.259843 0 0.968504 
vn 0.133858 -0.125984 0.984252 
vn -0.259843 0.00787402 0.968504 
vn 0.220472 -0.0708661 0.976378 
vn -0.259843 0 0.968504 
vn 0.212598 -0.0472441 0.976378 
vn -0.228346 -0.015748 0.976378 
vn 0.204724 0 0.976378 
vn -0.228346 -0.015748 0.976378 
vn 0.19685 0.015748 0.976378 
vn -0.19685 -0.015748 0.976378 
vn 0.228346 0.015748 0.976378 
vn -0.204724 0 0.976378 
vn 0.228346 0.015748 0.976378 
vn -0.212598 0.0472441 0.976378 
vn 0.259843 -0.00787402 0.968504 
vn -0.220472 0.0708661 0.976378 
vn 0.259843 0 0.968504 
vn -0.133858 0.125984 0.984252 
vn 0.259843 0.00787402 0.968504 
vn -0.149606 0.11811 0.984252 
vn 0.259843 0 0.968504 
vn -0.0393701 0.141732 0.992126 
vn 0.228346 -0.015748 0.976378 
vn -0.0472441 0.133858 0.992126 
vn 0.228346 -0.015748 0.976378 
vn 0.0393701 0.141732 0.992126 
vn 0.19685 -0.015748 0.976378 
vn 0.0472441 0.133858 0.992126 
vn 0.204724 0 0.976378 
vn 0.149606 0.11811 0.984252 
vn 0.212598 0.0472441 0.976378 
vn 0.133858 0.125984 0.984252 
vn 0.220472 0.0708661 0.976378 
vn 0.23622 0 0.976378 
vn 0.23622 0 0.976378 
vn 0.23622 0 0.976378 
vn 0.23622 0 0.976378 
vn 0.23622 0 0.976378 
vn 0.23622 0 0.976378 
vn 0.23622 0 0.976378 
vn 0.133858 0 0.992126 
vn 0.23622 0 0.976378 
vn 0.133858 0 0.992126 
vn 0.133858 0 0.992126 
vn 0.0393701 0 1 
vn 0.133858 0 0.992126 
vn 0.0393701 0 1 
vn 0.0393701 0 1 
vn -0.0393701 0 1 
vn 0.0393701 0 1 
vn -0.0393701 0 1 
vn -0.0393701 0 1 
vn -0.133858 0 0.992126 
vn -0.0393701 0 1 
vn -0.133858 0 0.992126 
vn -0.133858 0 0.992126 
vn -0.23622 0 0.976378 
vn -0.133858 0 0.992126 
vn -0.23622 0 0.976378 
vn -0.23622 0 0.976378 
vn -0.23622 0 0.976378 
vn -0.23622 0 0.976378 
vn -0.23622 0 0.976378 
vn -0.23622 0 0.976378 
vn -0.23622 0 0.976378 
vn -0.653543 0.19685 0.732283 
vn -0.653543 -0.19685 0.732283 
vn -0.015748 -0.0944882 0.992126 
vn -0.677165 -0.661417 0.322835 
vn -0.015748 0.0944882 0.992126 
vn -0.677165 0.661417 0.322835 
vn -0.0472441 0.480315 0.874016 
vn 0.480315 0.566929 0.669291 
vn 0.307087 0.188976 0.929134 
vn 0.535433 -0.84252 0.110236 
vn 0.307087 -0.188976 0.929134 
vn 0.984252 -0.125984 0.11811 
vn 0.480315 -0.566929 0.669291 
vn -0.0472441 -0.480315 0.874016 
vn 0.984252 -0.00787402 0.188976 
vn -0.779528 -0.614173 -0.125984 
vn 0.653543 -0.19685 0.732283 
vn 0.653543 0.19685 0.732283 
vn 0.015748 -0.0944882 0.992126 
vn 0.677165 -0.661417 0.322835 
vn 0.015748 0.0944882 0.992126 
vn 0.0472441 -0.480315 0.874016 
vn -0.480315 -0.566929 0.669291 
vn -0.307087 0.188976 0.929134 
vn 0.677165 0.661417 0.322835 
vn -0.307087 -0.188976 0.929134 
vn 0.0472441 0.480315 0.874016 
vn -0.480315 0.566929 0.669291 
vn -0.984252 -0.125984 0.11811 
vn 0.984252 0 -0.15748 
vn 0.165354 0 -0.984252 
vn 0.700787 0.708661 0 
vn 0 1 0 
vn -0.700787 0.708661 0 
vn 0.165354 0 0.984252 
vn 0.165354 0 0.984252 
vn 0.259843 0 0.968504 
vn 0.259843 0 0.968504 
vn 0.0472441 0 1 
vn 0.0472441 0 1 
vn -0.0472441 0 1 
vn -0.0472441 0 1 
vn -0.165354 0 0.984252 
vn -0.165354 0 0.984252 
vn -0.259843 0 0.968504 
vn -0.259843 0 0.968504 
vn 0.141732 0 0.992126 
vn 0.244094 0 0.968504 
vn 0.141732 0 0.992126 
vn 0.244094 0 0.968504 
vn 0.0393701 0 1 
vn 0.0393701 0 1 
vn -0.0393701 0 1 
vn -0.0393701 0 1 
vn -0.141732 0 0.992126 
vn -0.141732 0 0.992126 
vn -0.244094 0 0.968504 
vn -0.244094 0 0.968504 
vn 0.0393701 0 1 
vn 0.141732 0 0.992126 
vn 0.0393701 0 1 
vn 0.141732 0 0.992126 
vn 0.244094 0 0.968504 
vn 0.244094 0 0.968504 
vn -0.0393701 0 1 
vn -0.0393701 0 1 
vn -0.141732 0 0.992126 
vn -0.141732 0 0.992126 
vn -0.244094 0 0.968504 
vn -0.244094 0 0.968504 
vn 0.259843 0 0.968504 
vn 0.165354 0 0.984252 
vn 0.165354 0 0.984252 
vn 0.259843 0 0.968504 
vn 0.0472441 0 1 
vn 0.0472441 0 1 
vn -0.0472441 0 1 
vn -0.0472441 0 1 
vn -0.165354 0 0.984252 
vn -0.165354 0 0.984252 
vn -0.259843 0 0.968504 
vn -0.259843 0 0.968504 
vn 0 1 0 
vn 0.11811 0.858268 -0.496063 
vn -1 0 0 
vn -1 0 0 
vn -1 0 0 
vn -1 0 0 
vn -1 0 0 
vn -1 0 0 
vn -1 0 0 
vn -1 0 0 
vn 0 -1 0 
vn 1 0 0 
vn 1 0 0 
vn -1 0 0 
vn -1 0 0 
vn -1 0 0 
vn -1 0 0 
vn -1 0 0 
vn -1 0 0 
vn -1 0 0 
vn -1 0 0 
vn -1 0 0 
vn -1 0 0 
vn -1 0 0 
vn -1 0 0 
vn -0.0708661 1 0 
vn -0.472441 0.88189 0 
vn -0.637795 0.771654 0 
vn -0.811024 0.582677 0 
vn -0.952756 0.307087 0 
vn -0.976378 0.204724 0 
vn -0.976378 -0.204724 0 
vn -0.952756 -0.307087 0 
vn -0.811024 -0.582677 0 
vn -0.637795 -0.771654 0 
vn -0.551181 -0.834646 0 
vn -0.551181 -0.834646 0 
vn -0.133858 0 -0.992126 
vn 0.685039 0.732283 0 
vn 0.866142 0.496063 0 
vn 0.866142 -0.496063 0 
vn 0.685039 -0.732283 0 
vn -0.685039 0.732283 0 
vn -0.866142 0.496063 0 
vn -0.984252 0.173228 0 
vn -0.992126 0.125984 0 
vn -0.992126 -0.125984 0 
vn -0.984252 -0.173228 0 
vn -0.866142 -0.496063 0 
vn -0.685039 -0.732283 0 
vn -0.259843 0 0.968504 
vn -0.653543 0.19685 0.732283 
vn -0.653543 -0.19685 0.732283 
vn -0.015748 -0.0944882 0.992126 
vn -0.677165 -0.661417 0.322835 
vn -1 -0.0551181 -0.0629921 
vn -0.677165 0.661417 0.322835 
vn -1 0.0551181 -0.0629921 
vn -0.96063 0.102362 -0.259843 
vn 0.307087 0.188976 0.929134 
vn -0.637795 0.771654 -0.0314961 
vn -0.464567 -0.464567 -0.748031 
vn -0.472441 -0.0944882 -0.874016 
vn -0.622047 -0.76378 -0.165354 
vn -0.984252 0 -0.15748 
vn -0.779528 0.614173 -0.125984 
vn -0.984252 0 -0.15748 
vn -0.779528 -0.614173 -0.125984 
vn 0.535433 -0.84252 0.110236 
vn 0.0314961 -0.811024 -0.582677 
vn -0.472441 0.0944882 -0.874016 
vn -0.0472441 -0.480315 0.874016 
vn 0.984252 -0.00787402 0.188976 
vn -0.23622 -0.968504 -0.023622 
vn -0.779528 -0.614173 -0.125984 
vn -0.622047 0.76378 -0.165354 
vn -0.779528 0.614173 -0.125984 
vn -0.637795 -0.771654 -0.0314961 
vn -0.984252 0 -0.15748 
vn -0.984252 0 -0.15748 
vn -0.96063 -0.102362 -0.259843 
vn -0.464567 0.464567 -0.748031 
vn 0.015748 -0.0944882 0.992126 
vn 0.015748 0.0944882 0.992126 
vn 0.0472441 -0.480315 0.874016 
vn -0.480315 -0.566929 0.669291 
vn -0.307087 0.188976 0.929134 
vn -0.307087 -0.188976 0.929134 
vn -0.480315 0.566929 0.669291 
vn -0.984252 0.125984 0.11811 
vn 0.23622 0.968504 -0.023622 
vn -0.535433 0.84252 0.110236 
vn -0.574803 0.76378 0.291339 
vn -0.984252 0 0.188976 
vn 0.23622 -0.968504 -0.0314961 
vn -0.984252 0.00787402 0.188976 
vn -0.645669 -0.76378 -0.0314961 
vn -0.535433 -0.84252 0.110236 
vn -0.755906 -0.425197 -0.496063 
vn -0.826772 -0.102362 -0.551181 
vn -0.944882 0.0629921 0.330709 
vn -0.944882 -0.0629921 0.330709 
vn -0.826772 0.102362 -0.551181 
vn -0.984252 -0.125984 0.11811 
vn -0.755906 0.425197 -0.496063 
vn -0.984252 -0.00787402 0.188976 
vn -0.574803 -0.76378 0.291339 
vn -0.645669 0.76378 -0.0314961 
vn -0.984252 0 0.188976 
vn -0.535433 -0.84252 0.110236 
vn -0.535433 0.84252 0.110236 
vn 0.23622 -0.968504 -0.023622 
vn 0.984252 0 -0.15748 
vn 0.165354 0 -0.984252 
vn -0.700787 0.708661 0 
vn -0.874016 0.488189 0 
vn -0.992126 0.133858 0 
vn -0.992126 0.110236 0 
vn -0.992126 -0.110236 0 
vn -0.992126 -0.133858 0 
vn -0.700787 -0.708661 0 
vn -0.874016 -0.488189 0 
vn 0.023622 0.866142 -0.496063 
vn 0.11811 0.858268 -0.496063 
vn 1 0 0 
vn 0 -1 0 
vn 0 -1 0 
vn 0 -1 0 
vn 0 -1 0 
vn 0 -1 0 
vn 0 -1 0 
vn 0 -1 0 
vn 0 -1 0 
vn 0 -1 0 
vn 0 -1 0 
vn 0 -1 0 
vn 0 -1 0 
vn 1 0 0 
vn 1 0 0 
vn -1 0 0 
vn -1 0 0 
vn 0 -1 0 
vn 0 -1 0 
vn 0 -1 0 
vn 0 -1 0 
vn 0 -1 0 
vn 0 -1 0 
vn 0 -1 0 
vn 0 -1 0 
vn 0 -1 0 
vn 0 -1 0 
vn 0 -1 0 
vn 0 -1 0 
vn 0.811024 -0.582677 0 
vn 0.637795 -0.771654 0 
vn 0.551181 -0.834646 0 
vn 0.551181 -0.834646 0 
vn -0.811024 -0.582677 0 
vn -0.637795 -0.771654 0 
vn -0.551181 -0.834646 0 
vn -0.551181 -0.834646 0 
vn 0.866142 -0.496063 0 
vn 0.685039 -0.732283 0 
vn 0.464567 -0.88189 0 
vn 0.0866142 -0.992126 0 
vn 0 -1 0 
vn 0 -1 0 
vn 0 -1 0 
vn 0 -1 0 
vn 0 -1 0 
vn 0 -1 0 
vn 0 -1 0 
vn -0.866142 -0.496063 0 
vn 0 -1 0 
vn -0.685039 -0.732283 0 
vn 0 -1 0 
vn -0.464567 -0.88189 0 
vn 0 -1 0 
vn -0.0866142 -0.992126 0 
vn 0 -1 0 
vn 0 -1 0 
vn -0.259843 0 0.968504 
vn 0.133858 0 0.992126 
vn 0.23622 0 0.976378 
vn -0.0393701 0 1 
vn -0.0393701 0 1 
vn -0.23622 0 0.976378 
vn -0.23622 0 0.976378 
vn -0.23622 0 0.976378 
vn -0.653543 0.19685 0.732283 
vn -0.677165 -0.661417 0.322835 
vn -0.96063 0.102362 -0.259843 
vn 0.307087 0.188976 0.929134 
vn -0.464567 -0.464567 -0.748031 
vn -0.622047 -0.76378 -0.165354 
vn -0.779528 -0.614173 -0.125984 
vn -0.23622 -0.968504 -0.0314961 
vn 0.015748 -0.992126 -0.133858 
vn 0.984252 0.125984 0.11811 
vn 0.645669 -0.76378 -0.0314961 
vn 0.535433 -0.84252 0.110236 
vn 0.0314961 -0.811024 -0.582677 
vn 0.755906 -0.425197 -0.496063 
vn 0.984252 -0.125984 0.11811 
vn 0.480315 -0.566929 0.669291 
vn -0.0472441 -0.480315 0.874016 
vn -0.015748 -0.984252 0.165354 
vn 0.574803 -0.76378 0.291339 
vn 0.535433 -0.84252 0.110236 
vn 0.535433 0.84252 0.110236 
vn -0.23622 -0.968504 -0.023622 
vn -0.779528 -0.614173 -0.125984 
vn -0.637795 -0.771654 -0.0314961 
vn -0.96063 -0.102362 -0.259843 
vn 0.677165 -0.661417 0.322835 
vn 0.0472441 -0.480315 0.874016 
vn -0.480315 -0.566929 0.669291 
vn 0.015748 -0.984252 0.165354 
vn 0.677165 0.661417 0.322835 
vn -0.480315 0.566929 0.669291 
vn 0.96063 0.102362 -0.259843 
vn -0.984252 0.125984 0.11811 
vn 0.779528 0.614173 -0.125984 
vn 0.779528 -0.614173 -0.125984 
vn 0.622047 -0.76378 -0.165354 
vn 0.23622 -0.968504 -0.0314961 
vn -0.015748 -0.992126 -0.133858 
vn -0.645669 -0.76378 -0.0314961 
vn -0.535433 -0.84252 0.110236 
vn -0.0314961 -0.811024 -0.582677 
vn -0.755906 -0.425197 -0.496063 
vn 0.464567 -0.464567 -0.748031 
vn -0.984252 -0.125984 0.11811 
vn -0.574803 -0.76378 0.291339 
vn -0.535433 -0.84252 0.110236 
vn -0.535433 0.84252 0.110236 
vn 0.23622 -0.968504 -0.023622 
vn 0.779528 -0.614173 -0.125984 
vn 0.637795 -0.771654 -0.0314961 
vn 0.874016 -0.488189 0 
vn 0.700787 -0.708661 0 
vn 0.456693 -0.889764 0 
vn 0.0866142 -1 0 
vn 0 -1 0 
vn 0 -1 0 
vn 0 -1 0 
vn 0 -1 0 
vn 0 -1 0 
vn 0 -1 0 
vn 0 -1 0 
vn 0 -1 0 
vn 0 -1 0 
vn 0 -1 0 
vn 0 -1 0 
vn 0 -1 0 
vn -0.0866142 -1 0 
vn -0.456693 -0.889764 0 
vn -0.700787 -0.708661 0 
vn -0.874016 -0.488189 0 
vn 0.141732 0 0.992126 
vn -0.141732 0 0.992126 
vn 0.11811 -0.858268 -0.496063 
vn 0.0944882 -0.866142 -0.496063 
vn 0.0551181 -0.866142 -0.496063 
vn 0.11811 -0.858268 -0.496063 
vn 0.023622 -0.866142 -0.496063 
vn 0.015748 -0.866142 -0.496063 
vn -0.023622 -0.866142 -0.496063 
vn -0.015748 -0.866142 -0.496063 
vn -0.0551181 -0.866142 -0.496063 
vn -0.0944882 -0.866142 -0.496063 
vn -0.11811 -0.858268 -0.496063 
vn -0.11811 -0.858268 -0.496063 
vn 0 -1 0 
vn 0 -1 0 
vn 0 -1 0 
vn 0 -1 0 
vn 0 -1 0 
vn 0 -1 0 
vn 0 -1 0 
vn 0 -1 0 
vn 0 -1 0 
vn 0 -1 0 
vn 0 -1 0 
vn 0 -1 0 
vn 0.102362 -0.866142 0.496063 
vn 0.125984 -0.858268 0.496063 
vn 0.0551181 -0.866142 0.496063 
vn 0.125984 -0.858268 0.496063 
vn 0.023622 -0.866142 0.496063 
vn 0.015748 -0.866142 0.496063 
vn -0.015748 -0.866142 0.496063 
vn -0.023622 -0.866142 0.496063 
vn -0.0551181 -0.866142 0.496063 
vn -0.102362 -0.866142 0.496063 
vn -0.125984 -0.858268 0.496063 
vn -0.125984 -0.858268 0.496063 
vn 0 -1 0 
vn 0 -1 0 
vn 0 -1 0 
vn 0 -1 0 
vn 0 -1 0 
vn 0 -1 0 
vn 0 -1 0 
vn 0 -1 0 
vn 0 -1 0 
vn 0 -1 0 
vn 0 -1 0 
vn 0 -1 0 
vn 0 1 0 
vn -0.015748 0.866142 -0.496063 
vn 0.0944882 0.866142 -0.496063 
vn 0.11811 0.858268 -0.496063 
vn 0.11811 0.858268 -0.496063 
vn -0.0944882 0.866142 -0.496063 
vn -0.11811 0.858268 -0.496063 
vn -1 0 0 
vn 1 0 0 
vn 0 -1 0 
vn 1 0 0 
vn -1 0 0 
vn -1 0 0 
vn -1 0 0 
vn 0.212598 0 -0.976378 
vn 0.212598 0 -0.976378 
vn 0.212598 0 -0.976378 
vn 0.212598 0 -0.976378 
vn 0.133858 0 -0.992126 
vn 0.133858 0 -0.992126 
vn 0.212598 0 -0.976378 
vn 0.0393701 0 -1 
vn 0.212598 0 -0.976378 
vn 0.0393701 0 -1 
vn 0.212598 0 -0.976378 
vn -0.0393701 0 -1 
vn 0.212598 0 -0.976378 
vn -0.0393701 0 -1 
vn 0.133858 0 -0.992126 
vn -0.133858 0 -0.992126 
vn 0.133858 0 -0.992126 
vn -0.133858 0 -0.992126 
vn 0.0393701 0 -1 
vn -0.212598 0 -0.976378 
vn 0.0393701 0 -1 
vn -0.212598 0 -0.976378 
vn -0.0393701 0 -1 
vn -0.212598 0 -0.976378 
vn -0.0393701 0 -1 
vn -0.212598 0 -0.976378 
vn -0.133858 0 -0.992126 
vn -0.133858 0 -0.992126 
vn -0.212598 0 -0.976378 
vn -0.212598 0 -0.976378 
vn -0.212598 0 -0.976378 
vn -0.212598 0 -0.976378 
vn 0.228346 0 -0.976378 
vn 0.133858 0 -0.992126 
vn 0.133858 0 -0.992126 
vn 0.228346 0 -0.976378 
vn 0.0393701 0 -1 
vn 0.0393701 0 -1 
vn -0.0393701 0 -1 
vn -0.0393701 0 -1 
vn -0.133858 0 -0.992126 
vn -0.133858 0 -0.992126 
vn -0.228346 0 -0.976378 
vn -0.228346 0 -0.976378 
vn 0.133858 0 -0.992126 
vn 0.0393701 0 -1 
vn 0.0393701 0 -1 
vn -0.0393701 0 -1 
vn 0.133858 0 -0.992126 
vn 0.228346 0 -0.976378 
vn 0.228346 0 -0.976378 
vn -0.0393701 0 -1 
vn -0.133858 0 -0.992126 
vn -0.133858 0 -0.992126 
vn -0.228346 0 -0.976378 
vn -0.228346 0 -0.976378 
vn -0.259843 0 -0.968504 
vn -0.165354 0 -0.984252 
vn -0.259843 0 -0.968504 
vn -0.165354 0 -0.984252 
vn -0.0472441 0 -1 
vn -0.0472441 0 -1 
vn 0.0472441 0 -1 
vn 0.0472441 0 -1 
vn 0.165354 0 -0.984252 
vn 0.165354 0 -0.984252 
vn 0.259843 0 -0.968504 
vn 0.259843 0 -0.968504 
vn 0.685039 0.732283 0 
vn 0.685039 -0.732283 0 
vn -0.685039 0.732283 0 
vn -0.685039 -0.732283 0 
vn -0.133858 0.188976 -0.976378 
vn -0.251969 0.102362 -0.96063 
vn -0.204724 0.141732 -0.968504 
vn -0.23622 0.0787402 -0.968504 
vn -0.0629921 0.220472 -0.976378 
vn -0.23622 0.0708661 -0.968504 
vn -0.0314961 0.228346 -0.976378 
vn -0.23622 0.0629921 -0.968504 
vn 0.0629921 0.220472 -0.976378 
vn -0.259843 0.023622 -0.968504 
vn 0.0314961 0.228346 -0.976378 
vn -0.259843 0.023622 -0.968504 
vn 0.133858 0.188976 -0.976378 
vn -0.283465 -0.00787402 -0.96063 
vn 0.204724 0.141732 -0.968504 
vn -0.283465 0 -0.96063 
vn 0.251969 0.102362 -0.96063 
vn -0.283465 0 -0.96063 
vn 0.23622 0.0787402 -0.968504 
vn -0.283465 0.00787402 -0.96063 
vn 0.23622 0.0708661 -0.968504 
vn -0.259843 -0.023622 -0.968504 
vn 0.23622 0.0629921 -0.968504 
vn -0.259843 -0.023622 -0.968504 
vn 0.259843 0.023622 -0.968504 
vn -0.23622 -0.0629921 -0.968504 
vn 0.259843 0.023622 -0.968504 
vn -0.23622 -0.0708661 -0.968504 
vn 0.283465 -0.00787402 -0.96063 
vn -0.23622 -0.0787402 -0.968504 
vn 0.283465 0 -0.96063 
vn -0.251969 -0.102362 -0.96063 
vn 0.283465 0 -0.96063 
vn -0.204724 -0.141732 -0.968504 
vn 0.283465 0.00787402 -0.96063 
vn -0.133858 -0.188976 -0.976378 
vn 0.259843 -0.023622 -0.968504 
vn -0.0629921 -0.220472 -0.976378 
vn 0.259843 -0.023622 -0.968504 
vn -0.0314961 -0.228346 -0.976378 
vn 0.23622 -0.0629921 -0.968504 
vn 0.0314961 -0.228346 -0.976378 
vn 0.23622 -0.0708661 -0.968504 
vn 0.0629921 -0.220472 -0.976378 
vn 0.23622 -0.0787402 -0.968504 
vn 0.133858 -0.188976 -0.976378 
vn 0.251969 -0.102362 -0.96063 
vn 0.204724 -0.141732 -0.968504 
vn -0.259843 0 0.968504 
vn 0.259843 0 0.968504 
vn -0.653543 0.19685 0.732283 
vn -0.677165 -0.661417 0.322835 
vn -0.96063 0.102362 -0.259843 
vn 0.307087 0.188976 0.929134 
vn -0.464567 -0.464567 -0.748031 
vn -0.472441 -0.0944882 -0.874016 
vn 0.984252 0.125984 0.11811 
vn 0.0314961 -0.811024 -0.582677 
vn 0.755906 -0.425197 -0.496063 
vn 0.826772 -0.102362 -0.551181 
vn 0.0393701 -0.220472 -0.976378 
vn 0.0393701 0.220472 -0.976378 
vn -0.472441 0.0944882 -0.874016 
vn 0.826772 0.102362 -0.551181 
vn 0.984252 -0.125984 0.11811 
vn 0.0314961 0.811024 -0.582677 
vn 0.755906 0.425197 -0.496063 
vn 0.984252 -0.00787402 0.188976 
vn -0.779528 -0.614173 -0.125984 
vn -0.96063 -0.102362 -0.259843 
vn -0.464567 0.464567 -0.748031 
vn 0.0472441 -0.480315 0.874016 
vn 0.677165 0.661417 0.322835 
vn -0.480315 0.566929 0.669291 
vn 0.96063 0.102362 -0.259843 
vn -0.984252 0.125984 0.11811 
vn -0.0314961 -0.811024 -0.582677 
vn -0.755906 -0.425197 -0.496063 
vn 0.464567 -0.464567 -0.748031 
vn 0.472441 -0.0944882 -0.874016 
vn -0.826772 -0.102362 -0.551181 
vn -0.0393701 -0.220472 -0.976378 
vn -0.0393701 0.220472 -0.976378 
vn 0.472441 0.0944882 -0.874016 
vn -0.826772 0.102362 -0.551181 
vn -0.984252 -0.125984 0.11811 
vn -0.0314961 0.811024 -0.582677 
vn -0.755906 0.425197 -0.496063 
vn 0.984252 0 -0.15748 
vn 0.96063 -0.102362 -0.259843 
vn 0.464567 0.464567 -0.748031 
vn -0.259843 0 -0.968504 
vn -0.259843 0 -0.968504 
vn -0.165354 0 -0.984252 
vn -0.165354 0 -0.984252 
vn -0.0472441 0 -1 
vn -0.0472441 0 -1 
vn 0.0472441 0 -1 
vn 0.0472441 0 -1 
vn 0.165354 0 -0.984252 
vn 0.165354 0 -0.984252 
vn 0.259843 0 -0.968504 
vn 0.259843 0 -0.968504 

vt 38.0427 -60.6131 
vt 38.0148 -60.9984 
vt 38.0148 -61.1989 
vt 38.0264 -60.9984 
vt 38.0264 -61.1989 
vt 37.9927 -61.2711 
vt 37.9811 -60.9733 
vt 37.9811 -61.2711 
vt 37.9927 -60.9733 
vt 37.9927 -61.2711 
vt 38.0262 -61.2711 
vt 37.9903 -60.572 
vt 38.0427 -60.6131 
vt 38.0427 -60.572 
vt 37.9903 -60.6131 
vt 38.0564 -60.621 
vt 37.9765 -60.621 
vt 38.0564 -60.8557 
vt 37.9765 -60.8557 
vt 37.9903 -60.8636 
vt 38.0427 -60.8636 
vt 38.0427 -60.9047 
vt 37.9903 -60.9047 
vt 37.9899 -60.668 
vt 37.9899 -60.8087 
vt 38.0688 -60.668 
vt 37.9925 -60.6501 
vt 38.0688 -60.8087 
vt 38.0712 -60.6501 
vt 37.9989 -60.6366 
vt 38.0771 -60.6366 
vt 37.9925 -60.8267 
vt 38.0712 -60.8267 
vt 37.9989 -60.8401 
vt 38.0771 -60.8401 
vt 38.0692 -60.9047 
vt 38.01 -60.4729 
vt 37.9711 -60.4729 
vt 38.0052 -60.5188 
vt 37.9664 -60.5188 
vt 38.0052 -61.4812 
vt 37.9664 -61.4812 
vt 37.9711 -61.5271 
vt 38.01 -61.5271 
vt 38.01 -60.4729 
vt 37.9711 -60.4729 
vt 37.9711 -61.5271 
vt 38.01 -61.5271 
vt 37.977 -60.5702 
vt 37.977 -61.4298 
vt 37.977 -60.5702 
vt 37.9074 -61.1883 
vt 37.9359 -61.0134 
vt 37.9301 -61.0134 
vt 37.9114 -61.0598 
vt 38.0449 -60.9969 
vt 38.0419 -60.9897 
vt 38.0389 -60.9969 
vt 37.977 -60.9976 
vt 38.0377 -61.0141 
vt 37.9754 -61.0143 
vt 37.9402 -61.0258 
vt 37.9762 -61.0308 
vt 38.0389 -61.0314 
vt 37.9597 -61.0426 
vt 37.9525 -61.0378 
vt 37.9442 -61.0587 
vt 37.9267 -61.0593 
vt 37.9267 -61.1889 
vt 37.9442 -61.1895 
vt 37.9114 -61.1884 
vt 37.9402 -61.2225 
vt 37.9301 -61.2349 
vt 37.9283 -61.24 
vt 37.9525 -61.2104 
vt 37.9754 -61.234 
vt 37.977 -61.2507 
vt 37.9762 -61.2175 
vt 38.0377 -61.2341 
vt 38.0389 -61.2514 
vt 38.0389 -61.2169 
vt 38.0419 -61.2585 
vt 38.0449 -61.2514 
vt 37.9172 -61.1884 
vt 37.9172 -61.0598 
vt 37.9074 -61.1883 
vt 37.9359 -61.2349 
vt 37.9349 -61.1889 
vt 37.9074 -61.06 
vt 37.9283 -61.24 
vt 37.9301 -61.2349 
vt 37.9359 -61.0134 
vt 37.9349 -61.0593 
vt 37.9483 -61.0258 
vt 37.9828 -60.9976 
vt 38.0449 -60.9969 
vt 37.9835 -61.0143 
vt 38.0461 -61.0141 
vt 38.0449 -61.0314 
vt 37.9819 -61.0308 
vt 38.0419 -61.0385 
vt 37.9581 -61.0378 
vt 37.95 -61.0587 
vt 37.95 -61.1895 
vt 38.0419 -61.2585 
vt 38.0449 -61.2514 
vt 37.9819 -61.2175 
vt 38.0449 -61.2169 
vt 37.9828 -61.2507 
vt 37.9835 -61.234 
vt 38.0461 -61.2341 
vt 37.9483 -61.2225 
vt 37.9581 -61.2104 
vt 38.0262 -60.9733 
vt 38.0164 -61.4298 
vt 37.9805 -61.4825 
vt 38.0211 -61.4825 
vt 37.977 -61.4298 
vt 38.0164 -60.5702 
vt 37.977 -60.5702 
vt 37.9805 -60.5175 
vt 38.0211 -60.5175 
vt 38.1686 -61.019 
vt 38.1686 -61.0692 
vt 38.2811 -61.0427 
vt 38.2811 -60.9903 
vt 38.0562 -61.0286 
vt 38.0562 -61.0788 
vt 37.9438 -61.0788 
vt 37.9438 -61.0286 
vt 37.8314 -61.0692 
vt 37.8314 -61.019 
vt 37.7189 -61.0427 
vt 37.7189 -60.9903 
vt 37.9438 -61.0788 
vt 37.8314 -61.0829 
vt 37.9438 -61.0926 
vt 38.0562 -61.0926 
vt 37.8314 -61.0692 
vt 37.7189 -61.0564 
vt 37.7189 -61.0427 
vt 38.0562 -61.0788 
vt 38.1686 -61.0829 
vt 38.1686 -61.0692 
vt 38.2811 -61.0564 
vt 38.2811 -61.0427 
vt 38.1686 -61.019 
vt 38.0562 -61.0148 
vt 38.0562 -61.0286 
vt 38.1686 -61.0052 
vt 38.2811 -60.9903 
vt 38.2811 -60.9765 
vt 37.9438 -61.0148 
vt 37.9438 -61.0286 
vt 37.8314 -61.019 
vt 37.8314 -61.0052 
vt 37.7189 -60.9903 
vt 37.7189 -60.9765 
vt 37.6937 -60.9927 
vt 37.7189 -60.9765 
vt 37.7189 -60.9903 
vt 38.2136 -60.9925 
vt 38.2136 -61.0712 
vt 38.1934 -60.9989 
vt 38.1934 -61.0771 
vt 38.1686 -61.0052 
vt 38.1686 -61.0829 
vt 38.0562 -61.0148 
vt 38.0562 -61.0926 
vt 37.9438 -61.0926 
vt 37.9438 -61.0148 
vt 37.8314 -61.0829 
vt 37.8314 -61.0052 
vt 37.8066 -61.0771 
vt 37.8066 -60.9989 
vt 37.7864 -61.0712 
vt 37.7864 -60.9925 
vt 37.6597 -61.0167 
vt 37.7215 -61.031 
vt 37.7215 -60.9921 
vt 37.8329 -61.0208 
vt 37.6597 -60.9779 
vt 37.8329 -61.0596 
vt 37.6247 -61.01 
vt 37.9443 -61.0324 
vt 37.6247 -60.9711 
vt 37.9443 -61.0713 
vt 38.0557 -61.0324 
vt 38.0557 -61.0713 
vt 38.1671 -61.0596 
vt 38.1671 -61.0208 
vt 38.2785 -61.031 
vt 38.2785 -60.9921 
vt 38.3403 -61.0167 
vt 38.3403 -60.9779 
vt 38.3753 -61.01 
vt 38.3753 -60.9711 
vt 38.0501 -61.0258 
vt 37.6247 -60.9711 
vt 37.6491 -60.977 
vt 38.3753 -60.9711 
vt 38.3509 -60.977 
vt 37.8459 -60.9172 
vt 37.8427 -60.9359 
vt 37.8427 -60.9359 
vt 37.827 -60.9283 
vt 37.8097 -60.9301 
vt 37.8179 -60.98 
vt 37.813 -60.9114 
vt 37.8344 -60.9828 
vt 37.824 -61.0449 
vt 37.807 -61.0419 
vt 37.824 -61.0449 
vt 37.79 -61.0389 
vt 37.8015 -60.977 
vt 37.79 -61.0389 
vt 37.801 -60.9402 
vt 37.8215 -60.9597 
vt 37.8062 -60.9525 
vt 37.7949 -60.9754 
vt 37.8018 -60.9762 
vt 37.79 -61.0389 
vt 37.807 -61.0419 
vt 37.8181 -60.9789 
vt 37.8344 -60.9819 
vt 37.824 -61.0449 
vt 37.831 -61.0461 
vt 37.8474 -60.9483 
vt 37.8383 -60.9581 
vt 38.1573 -60.9359 
vt 38.173 -60.9283 
vt 38.1903 -60.9301 
vt 38.1821 -60.98 
vt 38.1656 -60.9828 
vt 38.176 -61.0449 
vt 38.193 -61.0419 
vt 38.21 -61.0389 
vt 38.1985 -60.977 
vt 38.199 -60.9402 
vt 38.1785 -60.9597 
vt 38.1938 -60.9525 
vt 38.1982 -60.9762 
vt 38.21 -61.0389 
vt 38.193 -61.0419 
vt 38.1819 -60.9789 
vt 38.1656 -60.9819 
vt 38.176 -61.0449 
vt 38.169 -61.0461 
vt 38.1526 -60.9483 
vt 38.1617 -60.9581 
vt 38.3378 -60.9805 
vt 38.3378 -61.0211 
vt 38.3062 -60.9855 
vt 38.3062 -61.0279 
vt 38.2506 -60.996 
vt 38.2506 -61.0421 
vt 38.1504 -61.0172 
vt 38.1504 -61.0708 
vt 38.0501 -61.0258 
vt 38.0501 -61.0824 
vt 37.9499 -61.0258 
vt 37.9499 -61.0824 
vt 37.8496 -61.0708 
vt 37.8496 -61.0172 
vt 37.7494 -61.0421 
vt 37.7494 -60.996 
vt 37.6938 -61.0279 
vt 37.6938 -60.9855 
vt 37.6622 -61.0211 
vt 37.6622 -60.9805 
vt 38.3063 -60.9811 
vt 38.1838 -61.0146 
vt 38.3063 -60.9927 
vt 38.1838 -61.0262 
vt 38.0613 -61.0282 
vt 38.0613 -61.0398 
vt 37.9387 -61.0282 
vt 37.9387 -61.0398 
vt 37.8162 -61.0262 
vt 37.8162 -61.0146 
vt 37.6937 -60.9927 
vt 37.6937 -60.9811 
vt 37.8314 -61.019 
vt 38.3063 -61.0148 
vt 38.1838 -61.0483 
vt 38.3063 -61.0264 
vt 38.1838 -61.0599 
vt 38.0613 -61.0619 
vt 38.0613 -61.0735 
vt 37.9387 -61.0619 
vt 37.9387 -61.0735 
vt 37.8162 -61.0599 
vt 37.8162 -61.0483 
vt 37.6937 -61.0264 
vt 37.6937 -61.0148 
vt 37.7189 -60.572 
vt 38.2811 -60.6131 
vt 37.8314 -60.6131 
vt 37.6937 -61.2711 
vt 38.3063 -61.2711 
vt 37.8162 -61.2711 
vt 38.2811 -60.8636 
vt 37.7189 -60.8557 
vt 37.7189 -60.9047 
vt 37.7189 -60.9047 
vt 37.8314 -60.9047 
vt 38.3753 -60.4729 
vt 38.3753 -61.5271 
vt 37.6247 -60.4729 
vt 37.6247 -60.4729 
vt 37.6247 -61.5271 
vt 38.2506 -61.5044 
vt 38.1671 -61.5506 
vt 38.2785 -61.5506 
vt 38.1504 -61.5044 
vt 38.3062 -61.5044 
vt 38.0557 -61.5506 
vt 38.3403 -61.5506 
vt 38.0501 -61.5044 
vt 38.3378 -61.4825 
vt 37.9499 -61.5044 
vt 38.3753 -61.5271 
vt 37.9443 -61.5506 
vt 38.3899 -61.4812 
vt 37.8496 -61.5044 
vt 38.3509 -61.4298 
vt 37.8329 -61.5506 
vt 38.3899 -60.5188 
vt 37.7494 -61.5044 
vt 38.3509 -60.5702 
vt 37.7215 -61.5506 
vt 38.3378 -60.5175 
vt 37.6938 -61.5044 
vt 38.3753 -60.4729 
vt 37.6597 -61.5506 
vt 38.3403 -60.4494 
vt 37.6622 -61.4825 
vt 38.3062 -60.4956 
vt 37.6247 -61.5271 
vt 38.2785 -60.4494 
vt 37.6101 -61.4812 
vt 38.2506 -60.4956 
vt 37.6491 -61.4298 
vt 38.1671 -60.4494 
vt 37.6101 -60.5188 
vt 38.1504 -60.4956 
vt 37.6491 -60.5702 
vt 38.0557 -60.4494 
vt 37.6622 -60.5175 
vt 38.0501 -60.4956 
vt 37.6247 -60.4729 
vt 37.9443 -60.4494 
vt 37.6597 -60.4494 
vt 37.9499 -60.4956 
vt 37.6938 -60.4956 
vt 37.8496 -60.4956 
vt 37.7215 -60.4494 
vt 37.8329 -60.4494 
vt 37.7494 -60.4956 
vt 37.7189 -60.8557 
vt 37.7763 -60.668 
vt 37.7189 -60.621 
vt 37.7864 -60.6501 
vt 37.7763 -60.8087 
vt 37.8066 -60.6366 
vt 37.7864 -60.8267 
vt 37.8314 -60.621 
vt 37.8066 -60.8401 
vt 37.8314 -60.6366 
vt 37.8314 -60.8557 
vt 37.9438 -60.6366 
vt 37.8314 -60.8401 
vt 37.9438 -60.621 
vt 37.9438 -60.8401 
vt 38.0562 -60.621 
vt 37.9438 -60.8557 
vt 38.0562 -60.6366 
vt 38.0562 -60.8401 
vt 38.1686 -60.6366 
vt 38.0562 -60.8557 
vt 38.1686 -60.621 
vt 38.1686 -60.8401 
vt 38.1934 -60.6366 
vt 38.1686 -60.8557 
vt 38.2811 -60.621 
vt 38.1934 -60.8401 
vt 38.2136 -60.6501 
vt 38.2237 -60.668 
vt 38.2811 -60.8557 
vt 38.2136 -60.8267 
vt 38.2237 -60.8087 
vt 38.1541 -61.0598 
vt 38.1541 -61.1884 
vt 38.1693 -61.1883 
vt 38.1573 -61.2349 
vt 38.1693 -61.06 
vt 38.1573 -61.0134 
vt 38.173 -61.0082 
vt 38.1903 -61.0134 
vt 38.187 -61.0598 
vt 38.21 -61.0314 
vt 38.187 -61.1884 
vt 38.199 -61.2225 
vt 38.1903 -61.2349 
vt 38.173 -61.24 
vt 38.2051 -61.234 
vt 38.176 -61.2514 
vt 37.8459 -61.1884 
vt 37.8459 -61.0598 
vt 37.8307 -61.1883 
vt 37.8427 -61.2349 
vt 37.8307 -61.06 
vt 37.827 -61.24 
vt 37.8097 -61.2349 
vt 37.813 -61.0598 
vt 37.8427 -61.0134 
vt 37.813 -61.1884 
vt 37.827 -61.0082 
vt 37.8097 -61.0134 
vt 37.801 -61.2225 
vt 37.831 -61.2341 
vt 38.1838 -60.9733 
vt 37.6622 -61.4825 
vt 37.9499 -61.5044 
vt 38.3378 -61.4825 
vt 37.8162 -61.2711 
vt 37.8162 -60.9733 
vt 37.6937 -61.2711 
vt 37.6937 -60.9733 
vt 37.9387 -60.9733 
vt 37.9387 -61.2711 
vt 38.0613 -60.9733 
vt 38.0613 -61.2711 
vt 38.1838 -60.9733 
vt 38.1838 -61.2711 
vt 38.3063 -60.9733 
vt 38.3063 -61.2711 
vt 37.8314 -60.572 
vt 37.7189 -60.572 
vt 37.8314 -60.6131 
vt 37.7189 -60.6131 
vt 37.9438 -60.6131 
vt 37.9438 -60.572 
vt 38.0562 -60.6131 
vt 38.0562 -60.572 
vt 38.1686 -60.6131 
vt 38.1686 -60.572 
vt 38.2811 -60.6131 
vt 38.2811 -60.572 
vt 37.9438 -60.8636 
vt 37.8314 -60.8636 
vt 37.9438 -60.9047 
vt 37.8314 -60.9047 
vt 37.7189 -60.8636 
vt 37.7189 -60.9047 
vt 38.0562 -60.9047 
vt 38.0562 -60.8636 
vt 38.1686 -60.9047 
vt 38.1686 -60.8636 
vt 38.2811 -60.9047 
vt 38.2811 -60.8636 
vt 37.6937 -61.1989 
vt 37.8162 -61.1989 
vt 37.8162 -60.9984 
vt 37.6937 -60.9984 
vt 37.9387 -60.9984 
vt 37.9387 -61.1989 
vt 38.0613 -60.9984 
vt 38.0613 -61.1989 
vt 38.1838 -60.9984 
vt 38.1838 -61.1989 
vt 38.3063 -60.9984 
vt 38.3063 -61.1989 
vt 37.9573 -60.572 
vt 37.9573 -60.6131 
vt 37.9852 -61.1989 
vt 37.9852 -60.9984 
vt 37.9736 -61.1989 
vt 37.9736 -60.9984 
vt 38.0189 -61.2711 
vt 38.0189 -60.9733 
vt 38.0073 -61.2711 
vt 38.0073 -60.9733 
vt 37.9738 -61.2711 
vt 38.0235 -60.8557 
vt 38.0097 -60.8636 
vt 37.9573 -60.572 
vt 37.9573 -60.6131 
vt 38.0097 -60.6131 
vt 38.0097 -60.572 
vt 37.9436 -60.621 
vt 38.0235 -60.621 
vt 38.0235 -60.8557 
vt 37.9436 -60.8557 
vt 38.0097 -60.8636 
vt 37.9573 -60.8636 
vt 38.0097 -60.9047 
vt 37.9573 -60.9047 
vt 37.9229 -60.8401 
vt 38.0011 -60.8401 
vt 37.9288 -60.8267 
vt 38.0075 -60.8267 
vt 37.9312 -60.8087 
vt 38.0101 -60.8087 
vt 38.0101 -60.668 
vt 37.9312 -60.668 
vt 38.0075 -60.6501 
vt 37.9288 -60.6501 
vt 38.0011 -60.6366 
vt 37.9229 -60.6366 
vt 37.9308 -60.9047 
vt 37.99 -60.4729 
vt 38.0289 -60.4729 
vt 38.0289 -61.5271 
vt 37.99 -61.5271 
vt 37.99 -60.4729 
vt 38.0289 -60.4729 
vt 37.9948 -60.5188 
vt 38.0336 -60.5188 
vt 38.0336 -61.4812 
vt 37.9948 -61.4812 
vt 38.0289 -61.5271 
vt 37.99 -61.5271 
vt 38.023 -60.5702 
vt 38.0828 -61.0598 
vt 38.0828 -61.1884 
vt 38.0926 -61.1883 
vt 38.0641 -61.2349 
vt 38.0651 -61.1889 
vt 38.0641 -61.0134 
vt 38.0651 -61.0593 
vt 38.0517 -61.0258 
vt 38.0886 -61.0598 
vt 38.0172 -60.9976 
vt 38.0419 -61.0378 
vt 38.05 -61.0587 
vt 38.0181 -61.0308 
vt 38.0165 -61.0143 
vt 37.9551 -60.9969 
vt 37.9539 -61.0141 
vt 37.9551 -61.0314 
vt 37.9611 -61.0314 
vt 38.0403 -61.0426 
vt 38.05 -61.1895 
vt 38.0717 -61.24 
vt 38.0246 -61.234 
vt 37.9581 -61.2585 
vt 37.9551 -61.2514 
vt 38.0181 -61.2175 
vt 37.9551 -61.2169 
vt 38.0172 -61.2507 
vt 38.0165 -61.234 
vt 37.9539 -61.2341 
vt 38.0517 -61.2225 
vt 38.0419 -61.2104 
vt 38.0926 -61.1883 
vt 38.0926 -61.06 
vt 38.0717 -61.24 
vt 38.0699 -61.2349 
vt 38.0886 -61.0598 
vt 38.0886 -61.1884 
vt 38.0699 -61.0134 
vt 38.0598 -61.0258 
vt 37.9581 -60.9897 
vt 37.9611 -60.9969 
vt 38.023 -60.9976 
vt 37.9623 -61.0141 
vt 37.9581 -61.0385 
vt 38.0246 -61.0143 
vt 38.0238 -61.0308 
vt 37.9611 -61.0314 
vt 38.0475 -61.0378 
vt 38.0558 -61.0587 
vt 38.0733 -61.0593 
vt 38.0733 -61.1889 
vt 38.0558 -61.1895 
vt 38.0598 -61.2225 
vt 38.0475 -61.2104 
vt 38.0246 -61.234 
vt 38.023 -61.2507 
vt 38.0238 -61.2175 
vt 37.9623 -61.2341 
vt 37.9611 -61.2514 
vt 37.9611 -61.2169 
vt 37.9581 -61.2585 
vt 37.9539 -61.2341 
vt 37.9738 -60.9733 
vt 37.9789 -61.4825 
vt 38.0195 -61.4825 
vt 37.9836 -61.4298 
vt 38.023 -61.4298 
vt 38.023 -60.5702 
vt 37.9836 -60.5702 
vt 37.9789 -60.5175 
vt 38.0195 -60.5175 
vt 38.0562 -61.0788 
vt 38.2811 -61.0427 
vt 38.3063 -60.9927 
vt 38.1838 -61.0146 
vt 38.0613 -61.0282 
vt 38.1838 -61.0262 
vt 38.3063 -60.9927 
vt 38.3063 -60.9811 
vt 38.0613 -61.0398 
vt 37.9387 -61.0282 
vt 37.9387 -61.0398 
vt 37.8162 -61.0262 
vt 37.8162 -61.0146 
vt 37.6937 -60.9927 
vt 37.6937 -60.9811 
vt 38.2811 -60.9765 
vt 38.2811 -60.9903 
vt 37.7189 -60.9765 
vt 37.7189 -61.0427 
vt 38.1838 -61.0483 
vt 38.0613 -61.0619 
vt 38.1838 -61.0599 
vt 38.3063 -61.0264 
vt 38.3063 -61.0148 
vt 38.0613 -61.0735 
vt 37.9387 -61.0619 
vt 37.9387 -61.0735 
vt 37.8162 -61.0599 
vt 37.8162 -61.0483 
vt 37.6937 -61.0264 
vt 37.6937 -61.0148 
vt 37.7864 -60.9925 
vt 37.7864 -61.0712 
vt 37.8066 -60.9989 
vt 37.8066 -61.0771 
vt 38.2136 -60.9925 
vt 38.2136 -61.0712 
vt 38.1934 -60.9989 
vt 38.1934 -61.0771 
vt 38.3753 -60.9711 
vt 38.3753 -61.01 
vt 38.3403 -60.9779 
vt 38.3403 -61.0167 
vt 38.2785 -60.9921 
vt 38.2785 -61.031 
vt 38.1671 -61.0208 
vt 38.1671 -61.0596 
vt 38.0557 -61.0324 
vt 38.0557 -61.0713 
vt 37.9443 -61.0713 
vt 37.6247 -60.9711 
vt 37.9443 -61.0324 
vt 37.6247 -61.01 
vt 37.8329 -61.0596 
vt 37.6597 -60.9779 
vt 37.8329 -61.0208 
vt 37.6597 -61.0167 
vt 37.7215 -61.031 
vt 37.7215 -60.9921 
vt 38.3509 -60.977 
vt 37.8314 -61.0052 
vt 37.8066 -60.9989 
vt 38.0562 -61.0148 
vt 38.0562 -61.0148 
vt 38.1934 -60.9989 
vt 38.2811 -60.9765 
vt 38.1934 -60.9989 
vt 38.1541 -60.9172 
vt 38.1573 -60.9359 
vt 38.1526 -60.9483 
vt 38.187 -60.9114 
vt 38.1617 -60.9581 
vt 38.1656 -60.9819 
vt 38.176 -61.0449 
vt 38.193 -61.0419 
vt 38.1819 -60.9789 
vt 38.199 -60.9402 
vt 38.1982 -60.9762 
vt 38.21 -61.0389 
vt 38.1785 -60.9597 
vt 38.1938 -60.9525 
vt 38.199 -60.9402 
vt 38.1903 -60.9301 
vt 38.173 -60.9283 
vt 38.1821 -60.98 
vt 38.1985 -60.977 
vt 38.21 -61.0389 
vt 38.21 -61.0389 
vt 38.193 -61.0419 
vt 38.176 -61.0449 
vt 38.1656 -60.9828 
vt 38.1526 -60.9483 
vt 37.8427 -60.9359 
vt 37.827 -60.9283 
vt 37.8097 -60.9301 
vt 37.8179 -60.98 
vt 37.8427 -60.9359 
vt 37.8097 -60.9301 
vt 37.8474 -60.9483 
vt 37.801 -60.9402 
vt 37.824 -61.0449 
vt 37.824 -61.0449 
vt 37.8344 -60.9819 
vt 37.807 -61.0419 
vt 37.8181 -60.9789 
vt 37.8018 -60.9762 
vt 37.79 -61.0389 
vt 37.8215 -60.9597 
vt 37.8062 -60.9525 
vt 37.8383 -60.9581 
vt 37.801 -60.9402 
vt 37.8015 -60.977 
vt 37.79 -61.0389 
vt 37.79 -61.0389 
vt 37.807 -61.0419 
vt 37.824 -61.0449 
vt 37.8344 -60.9828 
vt 37.6622 -60.9805 
vt 37.6622 -61.0211 
vt 37.6938 -60.9855 
vt 37.6938 -61.0279 
vt 37.7494 -60.996 
vt 37.7494 -61.0421 
vt 37.8496 -61.0172 
vt 37.8496 -61.0708 
vt 37.9499 -61.0258 
vt 37.9499 -61.0824 
vt 38.0501 -61.0824 
vt 38.0501 -61.0258 
vt 38.1504 -61.0708 
vt 38.1504 -61.0172 
vt 38.2506 -61.0421 
vt 38.2506 -60.996 
vt 38.3062 -61.0279 
vt 38.3062 -60.9855 
vt 38.3378 -61.0211 
vt 38.3378 -60.9805 
vt 37.8314 -61.019 
vt 38.1686 -61.019 
vt 38.2811 -61.0564 
vt 38.1686 -61.0692 
vt 38.1686 -61.0829 
vt 38.2811 -61.0427 
vt 38.0562 -61.0788 
vt 38.0562 -61.0926 
vt 37.9438 -61.0788 
vt 37.9438 -61.0926 
vt 37.8314 -61.0829 
vt 37.8314 -61.0692 
vt 37.7189 -61.0564 
vt 37.7189 -61.0427 
vt 38.1686 -61.019 
vt 38.1686 -61.0692 
vt 38.2811 -61.0427 
vt 38.2811 -60.9903 
vt 38.0562 -61.0286 
vt 38.0562 -61.0788 
vt 37.9438 -61.0788 
vt 37.9438 -61.0286 
vt 37.8314 -61.0692 
vt 37.8314 -61.019 
vt 37.7189 -61.0427 
vt 37.7189 -60.9903 
vt 37.8314 -61.0052 
vt 37.7189 -60.9903 
vt 37.8314 -61.019 
vt 37.7189 -60.9765 
vt 37.9438 -61.0148 
vt 37.9438 -61.0286 
vt 38.0562 -61.0286 
vt 38.0562 -61.0148 
vt 38.1686 -61.019 
vt 38.1686 -61.0052 
vt 38.2811 -60.9903 
vt 38.2811 -60.9765 
vt 38.1686 -61.0052 
vt 38.1934 -61.0771 
vt 38.1934 -60.9989 
vt 38.1686 -61.0829 
vt 38.0562 -61.0148 
vt 38.0562 -61.0926 
vt 37.9438 -61.0148 
vt 37.9438 -61.0926 
vt 37.8314 -61.0829 
vt 37.8314 -61.0052 
vt 37.8066 -61.0771 
vt 37.8066 -60.9989 
vt 38.2811 -60.572 
vt 38.0562 -60.621 
vt 37.8314 -60.6131 
vt 37.7189 -60.621 
vt 37.7189 -60.6131 
vt 38.1686 -60.6131 
vt 38.2811 -60.621 
vt 38.3063 -61.2711 
vt 37.6937 -61.2711 
vt 38.1838 -61.2711 
vt 37.7189 -60.8636 
vt 38.2811 -60.8557 
vt 38.2811 -60.9047 
vt 38.2811 -60.9047 
vt 37.8066 -60.6366 
vt 37.7189 -60.621 
vt 37.7864 -60.6501 
vt 37.7763 -60.668 
vt 37.8314 -60.621 
vt 37.8314 -60.6366 
vt 37.7189 -60.8557 
vt 37.9438 -60.6366 
vt 37.7763 -60.8087 
vt 37.9438 -60.621 
vt 37.7864 -60.8267 
vt 38.0562 -60.6366 
vt 37.8066 -60.8401 
vt 38.0562 -60.621 
vt 37.8314 -60.8557 
vt 38.1686 -60.6366 
vt 37.8314 -60.8401 
vt 38.1686 -60.621 
vt 37.9438 -60.8557 
vt 38.1934 -60.6366 
vt 37.9438 -60.8401 
vt 38.2811 -60.621 
vt 38.0562 -60.8557 
vt 38.2136 -60.6501 
vt 38.0562 -60.8401 
vt 38.2237 -60.668 
vt 38.1686 -60.8557 
vt 38.1686 -60.8401 
vt 38.1934 -60.8401 
vt 38.2811 -60.8557 
vt 38.2237 -60.8087 
vt 38.2136 -60.8267 
vt 37.7189 -60.572 
vt 37.8314 -60.6131 
vt 37.8314 -60.572 
vt 37.7189 -60.6131 
vt 37.9438 -60.6131 
vt 37.9438 -60.572 
vt 38.0562 -60.6131 
vt 38.0562 -60.572 
vt 38.1686 -60.6131 
vt 38.1686 -60.572 
vt 38.2811 -60.6131 
vt 38.2811 -60.572 
vt 37.8314 -60.8636 
vt 37.9438 -60.9047 
vt 37.9438 -60.8636 
vt 38.0562 -60.9047 
vt 37.8314 -60.9047 
vt 37.7189 -60.8636 
vt 37.7189 -60.9047 
vt 38.0562 -60.8636 
vt 38.1686 -60.9047 
vt 38.1686 -60.8636 
vt 38.2811 -60.9047 
vt 38.2811 -60.8636 
vt 38.3063 -60.9984 
vt 38.1838 -60.9984 
vt 38.3063 -61.1989 
vt 38.1838 -61.1989 
vt 38.0613 -60.9984 
vt 38.0613 -61.1989 
vt 37.9387 -60.9984 
vt 37.9387 -61.1989 
vt 37.8162 -60.9984 
vt 37.8162 -61.1989 
vt 37.6937 -60.9984 
vt 37.6937 -61.1989 
vt 37.6247 -60.4729 
vt 37.6247 -61.5271 
vt 38.3753 -60.4729 
vt 38.3753 -61.5271 
vt 38.1504 -60.4956 
vt 38.2506 -60.4956 
vt 38.1671 -60.4494 
vt 38.2785 -60.4494 
vt 38.0557 -60.4494 
vt 38.3062 -60.4956 
vt 38.0501 -60.4956 
vt 38.3403 -60.4494 
vt 37.9443 -60.4494 
vt 38.3378 -60.5175 
vt 37.9499 -60.4956 
vt 38.3753 -60.4729 
vt 37.8496 -60.4956 
vt 38.3899 -60.5188 
vt 37.8329 -60.4494 
vt 38.3509 -60.5702 
vt 37.7494 -60.4956 
vt 38.3509 -61.4298 
vt 37.7215 -60.4494 
vt 38.3899 -61.4812 
vt 37.6938 -60.4956 
vt 38.3378 -61.4825 
vt 37.6597 -60.4494 
vt 38.3753 -61.5271 
vt 37.6622 -60.5175 
vt 38.3403 -61.5506 
vt 37.6247 -60.4729 
vt 38.3062 -61.5044 
vt 37.6101 -60.5188 
vt 38.2785 -61.5506 
vt 37.6491 -60.5702 
vt 38.2506 -61.5044 
vt 37.6491 -61.4298 
vt 38.1671 -61.5506 
vt 37.6101 -61.4812 
vt 38.1504 -61.5044 
vt 37.6622 -61.4825 
vt 38.0557 -61.5506 
vt 37.6247 -61.5271 
vt 38.0501 -61.5044 
vt 37.6597 -61.5506 
vt 37.9499 -61.5044 
vt 37.6938 -61.5044 
vt 37.9443 -61.5506 
vt 37.7215 -61.5506 
vt 37.8496 -61.5044 
vt 37.7494 -61.5044 
vt 37.8329 -61.5506 
vt 37.6491 -60.5702 
vt 38.3509 -60.5702 
vt 37.8459 -61.0598 
vt 37.8427 -61.2349 
vt 37.8474 -61.0258 
vt 37.813 -61.0598 
vt 37.8383 -61.0378 
vt 37.84 -61.0587 
vt 37.801 -61.0258 
vt 37.8215 -61.0426 
vt 37.8062 -61.0378 
vt 37.8074 -61.0587 
vt 37.8225 -61.0585 
vt 37.8225 -61.1898 
vt 37.84 -61.1895 
vt 37.8074 -61.1895 
vt 37.801 -61.2225 
vt 37.8215 -61.2056 
vt 37.8062 -61.2104 
vt 37.7949 -61.234 
vt 37.824 -61.2514 
vt 37.8474 -61.2225 
vt 37.8383 -61.2104 
vt 38.173 -61.24 
vt 38.1573 -61.0134 
vt 38.1903 -61.0134 
vt 38.1526 -61.0258 
vt 38.199 -61.0258 
vt 38.1785 -61.0426 
vt 38.1938 -61.0378 
vt 38.1617 -61.0378 
vt 38.16 -61.0587 
vt 38.1926 -61.0587 
vt 38.1775 -61.0585 
vt 38.1775 -61.1898 
vt 38.16 -61.1895 
vt 38.1926 -61.1895 
vt 38.199 -61.2225 
vt 38.1785 -61.2056 
vt 38.1938 -61.2104 
vt 38.169 -61.2341 
vt 38.1526 -61.2225 
vt 38.1617 -61.2104 
vt 38.3063 -61.2711 
vt 38.3063 -60.9733 
vt 38.1838 -60.9733 
vt 38.1838 -61.2711 
vt 38.0613 -60.9733 
vt 38.0613 -61.2711 
vt 37.9387 -60.9733 
vt 37.9387 -61.2711 
vt 37.8162 -60.9733 
vt 37.8162 -61.2711 
vt 37.6937 -60.9733 
vt 37.6937 -61.2711 

usemtl Meshpart1Mtl

f 2/2/2 3/3/3 4/4/4 
f 5/5/5 4/4/4 3/3/3 
f 7/7/7 8/8/8 9/9/9 
f 10/10/10 9/9/9 8/8/8 
f 12/12/12 13/13/13 14/14/14 
f 13/13/13 12/12/12 15/15/15 
f 15/15/15 16/16/16 13/13/13 
f 17/17/17 16/16/16 15/15/15 
f 17/17/17 18/18/18 16/16/16 
f 18/18/18 17/17/17 19/19/19 
f 20/20/20 18/18/18 19/19/19 
f 18/18/18 20/20/20 21/21/21 
f 20/20/20 22/22/22 21/21/21 
f 22/22/22 20/20/20 23/23/23 
f 24/24/24 25/25/25 26/26/26 
f 26/26/26 27/27/27 24/24/24 
f 28/28/28 26/26/26 25/25/25 
f 27/27/27 26/26/26 29/29/29 
f 28/28/28 25/25/25 32/32/32 
f 32/32/32 33/33/33 28/28/28 
f 38/38/38 39/39/39 37/37/37 
f 39/39/39 38/38/38 40/40/40 
f 41/41/41 39/39/39 40/40/40 
f 41/41/41 40/40/40 42/42/42 
f 43/43/43 41/41/41 42/42/42 
f 41/41/41 43/43/43 44/44/44 
f 59/59/59 60/60/60 58/58/58 
f 59/59/59 54/54/54 61/61/61 
f 60/60/60 59/59/59 61/61/61 
f 61/61/61 54/54/54 62/62/62 
f 63/63/63 60/60/60 61/61/61 
f 60/60/60 63/63/63 64/64/64 
f 61/61/61 66/66/66 63/63/63 
f 66/66/66 61/61/61 62/62/62 
f 62/62/62 67/67/67 66/66/66 
f 67/67/67 62/62/62 68/68/68 
f 68/68/68 62/62/62 55/55/55 
f 62/62/62 54/54/54 55/55/55 
f 69/69/69 67/67/67 68/68/68 
f 55/55/55 69/69/69 68/68/68 
f 67/67/67 69/69/69 70/70/70 
f 69/69/69 55/55/55 71/71/71 
f 72/72/72 70/70/70 69/69/69 
f 71/71/71 72/72/72 69/69/69 
f 72/72/72 71/71/71 73/73/73 
f 70/70/70 72/72/72 75/75/75 
f 73/73/73 76/76/76 72/72/72 
f 72/72/72 76/76/76 75/75/75 
f 76/76/76 73/73/73 77/77/77 
f 78/78/78 75/75/75 76/76/76 
f 77/77/77 79/79/79 76/76/76 
f 79/79/79 78/78/78 76/76/76 
f 79/79/79 77/77/77 80/80/80 
f 78/78/78 79/79/79 81/81/81 
f 88/88/88 85/85/85 84/84/84 
f 87/87/87 88/88/88 84/84/84 
f 93/93/93 92/92/92 85/85/85 
f 85/85/85 88/88/88 93/93/93 
f 92/92/92 93/93/93 94/94/94 
f 95/95/95 92/92/92 94/94/94 
f 97/97/97 96/96/96 95/95/95 
f 95/95/95 94/94/94 97/97/97 
f 96/96/96 97/97/97 98/98/98 
f 98/98/98 97/97/97 99/99/99 
f 99/99/99 97/97/97 100/100/100 
f 94/94/94 100/100/100 97/97/97 
f 100/100/100 94/94/94 102/102/102 
f 93/93/93 102/102/102 94/94/94 
f 102/102/102 93/93/93 103/103/103 
f 88/88/88 103/103/103 93/93/93 
f 103/103/103 88/88/88 104/104/104 
f 106/106/106 110/110/110 109/109/109 
f 110/110/110 108/108/108 107/107/107 
f 111/111/111 110/110/110 106/106/106 
f 108/108/108 110/110/110 111/111/111 
f 109/109/109 112/112/112 87/87/87 
f 112/112/112 109/109/109 110/110/110 
f 112/112/112 110/110/110 107/107/107 
f 88/88/88 87/87/87 112/112/112 
f 112/112/112 107/107/107 113/113/113 
f 113/113/113 88/88/88 112/112/112 
f 88/88/88 113/113/113 104/104/104 
f 115/115/115 116/116/116 117/117/117 
f 116/116/116 115/115/115 118/118/118 
f 119/119/119 118/118/118 115/115/115 
f 118/118/118 119/119/119 120/120/120 
f 119/119/119 121/121/121 120/120/120 
f 119/119/119 122/122/122 121/121/121 
f 123/123/123 124/124/124 125/125/125 
f 123/123/123 125/125/125 126/126/126 
f 127/127/127 124/124/124 123/123/123 
f 124/124/124 127/127/127 128/128/128 
f 128/128/128 127/127/127 129/129/129 
f 130/130/130 129/129/129 127/127/127 
f 129/129/129 130/130/130 131/131/131 
f 132/132/132 131/131/131 130/130/130 
f 131/131/131 132/132/132 133/133/133 
f 133/133/133 132/132/132 134/134/134 
f 135/135/135 136/136/136 137/137/137 
f 137/137/137 138/138/138 135/135/135 
f 136/136/136 135/135/135 139/139/139 
f 139/139/139 140/140/140 136/136/136 
f 140/140/140 139/139/139 141/141/141 
f 142/142/142 135/135/135 138/138/138 
f 138/138/138 143/143/143 142/142/142 
f 144/144/144 142/142/142 143/143/143 
f 143/143/143 145/145/145 144/144/144 
f 146/146/146 144/144/144 145/145/145 
f 147/147/147 148/148/148 149/149/149 
f 148/148/148 147/147/147 150/150/150 
f 151/151/151 150/150/150 147/147/147 
f 152/152/152 150/150/150 151/151/151 
f 153/153/153 149/149/149 148/148/148 
f 149/149/149 153/153/153 154/154/154 
f 153/153/153 155/155/155 154/154/154 
f 155/155/155 153/153/153 156/156/156 
f 156/156/156 157/157/157 155/155/155 
f 157/157/157 156/156/156 158/158/158 
f 163/163/163 162/162/162 164/164/164 
f 164/164/164 165/165/165 163/163/163 
f 166/166/166 165/165/165 164/164/164 
f 165/165/165 166/166/166 167/167/167 
f 167/167/167 166/166/166 168/168/168 
f 168/168/168 169/169/169 167/167/167 
f 169/169/169 168/168/168 170/170/170 
f 170/170/170 168/168/168 171/171/171 
f 171/171/171 172/172/172 170/170/170 
f 172/172/172 171/171/171 173/173/173 
f 172/172/172 173/173/173 174/174/174 
f 174/174/174 173/173/173 175/175/175 
f 175/175/175 176/176/176 174/174/174 
f 176/176/176 175/175/175 177/177/177 
f 178/178/178 179/179/179 180/180/180 
f 179/179/179 181/181/181 180/180/180 
f 178/178/178 180/180/180 182/182/182 
f 179/179/179 183/183/183 181/181/181 
f 182/182/182 184/184/184 178/178/178 
f 183/183/183 185/185/185 181/181/181 
f 184/184/184 182/182/182 186/186/186 
f 183/183/183 187/187/187 185/185/185 
f 187/187/187 188/188/188 185/185/185 
f 187/187/187 189/189/189 188/188/188 
f 190/190/190 188/188/188 189/189/189 
f 188/188/188 190/190/190 191/191/191 
f 192/192/192 191/191/191 190/190/190 
f 191/191/191 192/192/192 193/193/193 
f 194/194/194 193/193/193 192/192/192 
f 193/193/193 194/194/194 195/195/195 
f 196/196/196 195/195/195 194/194/194 
f 195/195/195 196/196/196 197/197/197 
f 206/206/206 208/208/208 205/205/205 
f 207/207/207 208/208/208 206/206/206 
f 210/210/210 205/205/205 208/208/208 
f 208/208/208 211/211/211 210/210/210 
f 211/211/211 208/208/208 212/212/212 
f 208/208/208 214/214/214 212/212/212 
f 214/214/214 208/208/208 215/215/215 
f 208/208/208 207/207/207 215/215/215 
f 219/219/219 221/221/221 218/218/218 
f 223/223/223 221/221/221 222/222/222 
f 221/221/221 223/223/223 224/224/224 
f 224/224/224 218/218/218 221/221/221 
f 223/223/223 225/225/225 224/224/224 
f 225/225/225 218/218/218 224/224/224 
f 225/225/225 223/223/223 226/226/226 
f 218/218/218 225/225/225 229/229/229 
f 233/233/233 231/231/231 230/230/230 
f 233/233/233 232/232/232 231/231/231 
f 233/233/233 230/230/230 234/234/234 
f 233/233/233 234/234/234 235/235/235 
f 236/236/236 233/233/233 235/235/235 
f 237/237/237 233/233/233 236/236/236 
f 233/233/233 237/237/237 238/238/238 
f 232/232/232 233/233/233 238/238/238 
f 242/242/242 241/241/241 240/240/240 
f 243/243/243 242/242/242 244/244/244 
f 242/242/242 245/245/245 244/244/244 
f 242/242/242 240/240/240 245/245/245 
f 246/246/246 244/244/244 245/245/245 
f 240/240/240 246/246/246 245/245/245 
f 244/244/244 246/246/246 247/247/247 
f 246/246/246 240/240/240 250/250/250 
f 253/253/253 252/252/252 251/251/251 
f 252/252/252 253/253/253 254/254/254 
f 255/255/255 254/254/254 253/253/253 
f 254/254/254 255/255/255 256/256/256 
f 257/257/257 256/256/256 255/255/255 
f 256/256/256 257/257/257 258/258/258 
f 259/259/259 258/258/258 257/257/257 
f 258/258/258 259/259/259 260/260/260 
f 261/261/261 260/260/260 259/259/259 
f 260/260/260 261/261/261 262/262/262 
f 261/261/261 263/263/263 262/262/262 
f 263/263/263 261/261/261 264/264/264 
f 264/264/264 265/265/265 263/263/263 
f 265/265/265 264/264/264 266/266/266 
f 266/266/266 267/267/267 265/265/265 
f 267/267/267 266/266/266 268/268/268 
f 269/269/269 267/267/267 268/268/268 
f 269/269/269 268/268/268 270/270/270 
f 271/271/271 272/272/272 273/273/273 
f 274/274/274 273/273/273 272/272/272 
f 272/272/272 275/275/275 274/274/274 
f 276/276/276 274/274/274 275/275/275 
f 275/275/275 277/277/277 276/276/276 
f 278/278/278 276/276/276 277/277/277 
f 277/277/277 279/279/279 278/278/278 
f 279/279/279 277/277/277 280/280/280 
f 280/280/280 281/281/281 279/279/279 
f 281/281/281 280/280/280 282/282/282 
f 284/284/284 285/285/285 286/286/286 
f 287/287/287 286/286/286 285/285/285 
f 285/285/285 288/288/288 287/287/287 
f 289/289/289 287/287/287 288/288/288 
f 288/288/288 290/290/290 289/289/289 
f 291/291/291 289/289/289 290/290/290 
f 290/290/290 292/292/292 291/291/291 
f 292/292/292 290/290/290 293/293/293 
f 293/293/293 294/294/294 292/292/292 
f 294/294/294 293/293/293 295/295/295 
f 312/312/312 313/313/313 314/314/314 
f 313/313/313 312/312/312 315/315/315 
f 314/314/314 316/316/316 312/312/312 
f 315/315/315 317/317/317 313/313/313 
f 316/316/316 314/314/314 318/318/318 
f 317/317/317 315/315/315 319/319/319 
f 318/318/318 320/320/320 316/316/316 
f 319/319/319 321/321/321 317/317/317 
f 320/320/320 318/318/318 322/322/322 
f 323/323/323 317/317/317 321/321/321 
f 324/324/324 320/320/320 322/322/322 
f 321/321/321 325/325/325 323/323/323 
f 320/320/320 324/324/324 326/326/326 
f 327/327/327 323/323/323 325/325/325 
f 324/324/324 328/328/328 326/326/326 
f 325/325/325 329/329/329 327/327/327 
f 326/326/326 328/328/328 330/330/330 
f 331/331/331 327/327/327 329/329/329 
f 328/328/328 332/332/332 330/330/330 
f 331/331/331 329/329/329 333/333/333 
f 332/332/332 328/328/328 334/334/334 
f 335/335/335 331/331/331 333/333/333 
f 336/336/336 332/332/332 334/334/334 
f 337/337/337 335/335/335 333/333/333 
f 336/336/336 338/338/338 332/332/332 
f 337/337/337 339/339/339 335/335/335 
f 340/340/340 338/338/338 336/336/336 
f 337/337/337 341/341/341 339/339/339 
f 342/342/342 338/338/338 340/340/340 
f 341/341/341 337/337/337 343/343/343 
f 344/344/344 342/342/342 340/340/340 
f 343/343/343 345/345/345 341/341/341 
f 342/342/342 344/344/344 346/346/346 
f 345/345/345 343/343/343 347/347/347 
f 348/348/348 346/346/346 344/344/344 
f 345/345/345 347/347/347 349/349/349 
f 346/346/346 348/348/348 350/350/350 
f 351/351/351 345/345/345 349/349/349 
f 352/352/352 350/350/350 348/348/348 
f 349/349/349 353/353/353 351/351/351 
f 350/350/350 352/352/352 354/354/354 
f 353/353/353 349/349/349 355/355/355 
f 352/352/352 356/356/356 354/354/354 
f 355/355/355 357/357/357 353/353/353 
f 356/356/356 352/352/352 358/358/358 
f 357/357/357 355/355/355 359/359/359 
f 358/358/358 359/359/359 356/356/356 
f 359/359/359 358/358/358 357/357/357 
f 360/360/360 361/361/361 362/362/362 
f 362/362/362 361/361/361 363/363/363 
f 361/361/361 360/360/360 364/364/364 
f 365/365/365 362/362/362 363/363/363 
f 360/360/360 366/366/366 364/364/364 
f 367/367/367 362/362/362 365/365/365 
f 360/360/360 368/368/368 366/366/366 
f 369/369/369 367/367/367 365/365/365 
f 370/370/370 368/368/368 360/360/360 
f 369/369/369 371/371/371 367/367/367 
f 368/368/368 370/370/370 372/372/372 
f 373/373/373 367/367/367 371/371/371 
f 370/370/370 374/374/374 372/372/372 
f 371/371/371 375/375/375 373/373/373 
f 374/374/374 370/370/370 376/376/376 
f 371/371/371 377/377/377 375/375/375 
f 376/376/376 378/378/378 374/374/374 
f 377/377/377 379/379/379 375/375/375 
f 376/376/376 380/380/380 378/378/378 
f 381/381/381 375/375/375 379/379/379 
f 380/380/380 382/382/382 378/378/378 
f 383/383/383 381/381/381 379/379/379 
f 380/380/380 384/384/384 382/382/382 
f 381/381/381 383/383/383 385/385/385 
f 386/386/386 382/382/382 384/384/384 
f 385/385/385 383/383/383 387/387/387 
f 385/385/385 387/387/387 388/388/388 
f 384/384/384 389/389/389 386/386/386 
f 389/389/389 385/385/385 388/388/388 
f 389/389/389 390/390/390 386/386/386 
f 389/389/389 388/388/388 391/391/391 
f 390/390/390 389/389/389 391/391/391 
f 392/392/392 393/393/393 394/394/394 
f 395/395/395 394/394/394 393/393/393 
f 394/394/394 396/396/396 392/392/392 
f 396/396/396 397/397/397 392/392/392 
f 397/397/397 396/396/396 398/398/398 
f 396/396/396 399/399/399 398/398/398 
f 400/400/400 399/399/399 396/396/396 
f 394/394/394 400/400/400 396/396/396 
f 400/400/400 394/394/394 402/402/402 
f 394/394/394 404/404/404 402/402/402 
f 404/404/404 394/394/394 405/405/405 
f 405/405/405 394/394/394 395/395/395 
f 408/408/408 409/409/409 410/410/410 
f 411/411/411 408/408/408 410/410/410 
f 410/410/410 409/409/409 412/412/412 
f 410/410/410 413/413/413 411/411/411 
f 410/410/410 414/414/414 413/413/413 
f 415/415/415 410/410/410 412/412/412 
f 416/416/416 412/412/412 409/409/409 
f 410/410/410 415/415/415 417/417/417 
f 414/414/414 410/410/410 417/417/417 
f 412/412/412 416/416/416 418/418/418 
f 419/419/419 412/412/412 418/418/418 
f 412/412/412 419/419/419 415/415/415 
f 426/426/426 427/427/427 428/428/428 
f 428/428/428 427/427/427 429/429/429 
f 426/426/426 430/430/430 427/427/427 
f 431/431/431 430/430/430 426/426/426 
f 431/431/431 432/432/432 430/430/430 
f 433/433/433 432/432/432 431/431/431 
f 433/433/433 434/434/434 432/432/432 
f 435/435/435 434/434/434 433/433/433 
f 435/435/435 436/436/436 434/434/434 
f 437/437/437 436/436/436 435/435/435 
f 438/438/438 439/439/439 440/440/440 
f 441/441/441 440/440/440 439/439/439 
f 440/440/440 442/442/442 438/438/438 
f 443/443/443 438/438/438 442/442/442 
f 442/442/442 444/444/444 443/443/443 
f 445/445/445 443/443/443 444/444/444 
f 444/444/444 446/446/446 445/445/445 
f 447/447/447 445/445/445 446/446/446 
f 446/446/446 448/448/448 447/447/447 
f 449/449/449 447/447/447 448/448/448 
f 450/450/450 451/451/451 452/452/452 
f 453/453/453 452/452/452 451/451/451 
f 451/451/451 454/454/454 453/453/453 
f 455/455/455 453/453/453 454/454/454 
f 452/452/452 456/456/456 450/450/450 
f 457/457/457 450/450/450 456/456/456 
f 456/456/456 458/458/458 457/457/457 
f 459/459/459 457/457/457 458/458/458 
f 458/458/458 460/460/460 459/459/459 
f 461/461/461 459/459/459 460/460/460 
f 462/462/462 463/463/463 464/464/464 
f 462/462/462 464/464/464 465/465/465 
f 463/463/463 466/466/466 464/464/464 
f 463/463/463 467/467/467 466/466/466 
f 467/467/467 468/468/468 466/466/466 
f 467/467/467 469/469/469 468/468/468 
f 469/469/469 470/470/470 468/468/468 
f 469/469/469 471/471/471 470/470/470 
f 471/471/471 472/472/472 470/470/470 
f 471/471/471 473/473/473 472/472/472 
f 476/476/476 477/477/477 478/478/478 
f 479/479/479 478/478/478 477/477/477 
f 480/480/480 481/481/481 482/482/482 
f 483/483/483 482/482/482 481/481/481 
f 487/487/487 488/488/488 489/489/489 
f 487/487/487 489/489/489 490/490/490 
f 491/491/491 489/489/489 488/488/488 
f 489/489/489 491/491/491 492/492/492 
f 491/491/491 493/493/493 492/492/492 
f 491/491/491 494/494/494 493/493/493 
f 493/493/493 494/494/494 495/495/495 
f 495/495/495 494/494/494 496/496/496 
f 496/496/496 497/497/497 495/495/495 
f 496/496/496 498/498/498 497/497/497 
f 502/502/502 503/503/503 501/501/501 
f 503/503/503 502/502/502 504/504/504 
f 505/505/505 503/503/503 504/504/504 
f 503/503/503 505/505/505 506/506/506 
f 507/507/507 506/506/506 505/505/505 
f 506/506/506 507/507/507 508/508/508 
f 518/518/518 517/517/517 516/516/516 
f 517/517/517 518/518/518 519/519/519 
f 518/518/518 520/520/520 519/519/519 
f 518/518/518 521/521/521 520/520/520 
f 521/521/521 522/522/522 520/520/520 
f 522/522/522 521/521/521 523/523/523 
f 525/525/525 529/529/529 526/526/526 
f 529/529/529 528/528/528 526/526/526 
f 529/529/529 525/525/525 531/531/531 
f 525/525/525 530/530/530 531/531/531 
f 531/531/531 530/530/530 532/532/532 
f 530/530/530 534/534/534 532/532/532 
f 535/535/535 531/531/531 532/532/532 
f 531/531/531 535/535/535 536/536/536 
f 536/536/536 529/529/529 531/531/531 
f 532/532/532 537/537/537 535/535/535 
f 532/532/532 534/534/534 538/538/538 
f 537/537/537 532/532/532 538/538/538 
f 539/539/539 538/538/538 534/534/534 
f 538/538/538 539/539/539 540/540/540 
f 541/541/541 538/538/538 540/540/540 
f 538/538/538 541/541/541 537/537/537 
f 536/536/536 544/544/544 529/529/529 
f 552/552/552 548/548/548 551/551/551 
f 550/550/550 552/552/552 549/549/549 
f 548/548/548 552/552/552 553/553/553 
f 552/552/552 550/550/550 553/553/553 
f 554/554/554 551/551/551 528/528/528 
f 551/551/551 554/554/554 552/552/552 
f 552/552/552 554/554/554 549/549/549 
f 528/528/528 529/529/529 554/554/554 
f 549/549/549 554/554/554 555/555/555 
f 555/555/555 554/554/554 529/529/529 
f 544/544/544 555/555/555 529/529/529 
f 560/560/560 562/562/562 563/563/563 
f 567/567/567 566/566/566 565/565/565 
f 562/562/562 566/566/566 569/569/569 
f 566/566/566 567/567/567 569/569/569 
f 562/562/562 569/569/569 563/563/563 
f 567/567/567 570/570/570 569/569/569 
f 571/571/571 570/570/570 567/567/567 
f 572/572/572 569/569/569 570/570/570 
f 569/569/569 572/572/572 563/563/563 
f 573/573/573 563/563/563 572/572/572 
f 563/563/563 573/573/573 574/574/574 
f 560/560/560 563/563/563 574/574/574 
f 574/574/574 575/575/575 560/560/560 
f 573/573/573 575/575/575 574/574/574 
f 561/561/561 560/560/560 575/575/575 
f 575/575/575 573/573/573 576/576/576 
f 577/577/577 561/561/561 575/575/575 
f 576/576/576 577/577/577 575/575/575 
f 561/561/561 577/577/577 559/559/559 
f 577/577/577 576/576/576 578/578/578 
f 579/579/579 559/559/559 577/577/577 
f 579/579/579 577/577/577 578/578/578 
f 559/559/559 579/579/579 580/580/580 
f 579/579/579 578/578/578 581/581/581 
f 582/582/582 580/580/580 579/579/579 
f 581/581/581 582/582/582 579/579/579 
f 583/583/583 580/580/580 582/582/582 
f 582/582/582 581/581/581 584/584/584 
f 590/590/590 588/588/588 589/589/589 
f 590/590/590 589/589/589 591/591/591 
f 591/591/591 592/592/592 590/590/590 
f 593/593/593 590/590/590 592/592/592 
f 595/595/595 593/593/593 592/592/592 
f 593/593/593 595/595/595 594/594/594 
f 599/599/599 600/600/600 601/601/601 
f 601/601/601 602/602/602 599/599/599 
f 603/603/603 599/599/599 602/602/602 
f 604/604/604 601/601/601 600/600/600 
f 600/600/600 605/605/605 604/604/604 
f 606/606/606 604/604/604 605/605/605 
f 605/605/605 607/607/607 606/606/606 
f 607/607/607 605/605/605 608/608/608 
f 608/608/608 609/609/609 607/607/607 
f 609/609/609 608/608/608 610/610/610 
f 615/615/615 616/616/616 617/617/617 
f 617/617/617 618/618/618 615/615/615 
f 619/619/619 615/615/615 618/618/618 
f 620/620/620 617/617/617 616/616/616 
f 616/616/616 621/621/621 620/620/620 
f 622/622/622 620/620/620 621/621/621 
f 621/621/621 623/623/623 622/622/622 
f 623/623/623 621/621/621 624/624/624 
f 624/624/624 625/625/625 623/623/623 
f 625/625/625 624/624/624 626/626/626 
f 628/628/628 629/629/629 627/627/627 
f 629/629/629 628/628/628 630/630/630 
f 633/633/633 632/632/632 631/631/631 
f 632/632/632 633/633/633 634/634/634 
f 637/637/637 636/636/636 635/635/635 
f 636/636/636 637/637/637 638/638/638 
f 639/639/639 638/638/638 637/637/637 
f 638/638/638 639/639/639 640/640/640 
f 641/641/641 640/640/640 639/639/639 
f 640/640/640 641/641/641 642/642/642 
f 643/643/643 642/642/642 641/641/641 
f 642/642/642 643/643/643 644/644/644 
f 645/645/645 644/644/644 643/643/643 
f 645/645/645 643/643/643 647/647/647 
f 649/649/649 645/645/645 647/647/647 
f 648/648/648 650/650/650 646/646/646 
f 649/649/649 647/647/647 651/651/651 
f 650/650/650 648/648/648 652/652/652 
f 653/653/653 649/649/649 651/651/651 
f 652/652/652 654/654/654 650/650/650 
f 653/653/653 651/651/651 654/654/654 
f 652/652/652 653/653/653 654/654/654 
f 670/670/670 668/668/668 669/669/669 
f 668/668/668 670/670/670 671/671/671 
f 670/670/670 673/673/673 671/671/671 
f 673/673/673 670/670/670 674/674/674 
f 675/675/675 668/668/668 671/671/671 
f 673/673/673 675/675/675 671/671/671 
f 668/668/668 675/675/675 667/667/667 
f 675/675/675 673/673/673 676/676/676 
f 680/680/680 678/678/678 679/679/679 
f 664/664/664 680/680/680 679/679/679 
f 678/678/678 680/680/680 681/681/681 
f 680/680/680 682/682/682 681/681/681 
f 682/682/682 680/680/680 684/684/684 
f 680/680/680 685/685/685 684/684/684 
f 685/685/685 680/680/680 686/686/686 
f 680/680/680 664/664/664 686/686/686 
f 691/691/691 688/688/688 689/689/689 
f 691/691/691 689/689/689 690/690/690 
f 697/697/697 698/698/698 699/699/699 
f 699/699/699 698/698/698 700/700/700 
f 701/701/701 699/699/699 700/700/700 
f 699/699/699 701/701/701 702/702/702 
f 700/700/700 698/698/698 703/703/703 
f 703/703/703 701/701/701 700/700/700 
f 701/701/701 703/703/703 704/704/704 
f 698/698/698 705/705/705 703/703/703 
f 690/690/690 707/707/707 691/691/691 
f 708/708/708 691/691/691 707/707/707 
f 710/710/710 691/691/691 708/708/708 
f 711/711/711 691/691/691 710/710/710 
f 691/691/691 711/711/711 712/712/712 
f 688/688/688 691/691/691 712/712/712 
f 714/714/714 715/715/715 713/713/713 
f 714/714/714 716/716/716 715/715/715 
f 716/716/716 717/717/717 715/715/715 
f 717/717/717 716/716/716 718/718/718 
f 718/718/718 719/719/719 717/717/717 
f 719/719/719 718/718/718 720/720/720 
f 720/720/720 721/721/721 719/719/719 
f 721/721/721 720/720/720 722/722/722 
f 723/723/723 721/721/721 722/722/722 
f 721/721/721 723/723/723 724/724/724 
f 725/725/725 724/724/724 723/723/723 
f 724/724/724 725/725/725 726/726/726 
f 727/727/727 726/726/726 725/725/725 
f 726/726/726 727/727/727 728/728/728 
f 729/729/729 728/728/728 727/727/727 
f 728/728/728 729/729/729 730/730/730 
f 731/731/731 730/730/730 729/729/729 
f 730/730/730 731/731/731 732/732/732 
f 735/735/735 736/736/736 737/737/737 
f 738/738/738 736/736/736 735/735/735 
f 739/739/739 737/737/737 736/736/736 
f 737/737/737 739/739/739 740/740/740 
f 741/741/741 740/740/740 739/739/739 
f 740/740/740 741/741/741 742/742/742 
f 741/741/741 743/743/743 742/742/742 
f 743/743/743 741/741/741 744/744/744 
f 744/744/744 745/745/745 743/743/743 
f 745/745/745 744/744/744 746/746/746 
f 747/747/747 748/748/748 749/749/749 
f 747/747/747 749/749/749 750/750/750 
f 751/751/751 748/748/748 747/747/747 
f 748/748/748 751/751/751 752/752/752 
f 752/752/752 751/751/751 753/753/753 
f 754/754/754 753/753/753 751/751/751 
f 753/753/753 754/754/754 755/755/755 
f 756/756/756 755/755/755 754/754/754 
f 755/755/755 756/756/756 757/757/757 
f 757/757/757 756/756/756 758/758/758 
f 759/759/759 760/760/760 761/761/761 
f 760/760/760 759/759/759 762/762/762 
f 761/761/761 763/763/763 759/759/759 
f 763/763/763 761/761/761 764/764/764 
f 764/764/764 765/765/765 763/763/763 
f 766/766/766 763/763/763 765/765/765 
f 765/765/765 767/767/767 766/766/766 
f 768/768/768 766/766/766 767/767/767 
f 767/767/767 769/769/769 768/768/768 
f 770/770/770 768/768/768 769/769/769 
f 771/771/771 772/772/772 773/773/773 
f 771/771/771 774/774/774 772/772/772 
f 775/775/775 774/774/774 771/771/771 
f 774/774/774 775/775/775 776/776/776 
f 776/776/776 775/775/775 777/777/777 
f 777/777/777 778/778/778 776/776/776 
f 778/778/778 777/777/777 779/779/779 
f 780/780/780 779/779/779 777/777/777 
f 779/779/779 780/780/780 781/781/781 
f 781/781/781 780/780/780 782/782/782 
f 797/797/797 798/798/798 799/799/799 
f 798/798/798 800/800/800 799/799/799 
f 801/801/801 798/798/798 797/797/797 
f 801/801/801 797/797/797 802/802/802 
f 803/803/803 800/800/800 798/798/798 
f 804/804/804 801/801/801 802/802/802 
f 800/800/800 803/803/803 805/805/805 
f 801/801/801 804/804/804 806/806/806 
f 803/803/803 807/807/807 805/805/805 
f 808/808/808 806/806/806 804/804/804 
f 803/803/803 809/809/809 807/807/807 
f 806/806/806 808/808/808 810/810/810 
f 811/811/811 809/809/809 803/803/803 
f 812/812/812 810/810/810 808/808/808 
f 809/809/809 811/811/811 813/813/813 
f 810/810/810 812/812/812 814/814/814 
f 811/811/811 815/815/815 813/813/813 
f 816/816/816 814/814/814 812/812/812 
f 817/817/817 813/813/813 815/815/815 
f 814/814/814 816/816/816 818/818/818 
f 815/815/815 819/819/819 817/817/817 
f 818/818/818 816/816/816 820/820/820 
f 821/821/821 817/817/817 819/819/819 
f 818/818/818 820/820/820 822/822/822 
f 819/819/819 823/823/823 821/821/821 
f 824/824/824 821/821/821 823/823/823 
f 825/825/825 824/824/824 823/823/823 
f 826/826/826 818/818/818 822/822/822 
f 823/823/823 826/826/826 825/825/825 
f 826/826/826 822/822/822 827/827/827 
f 826/826/826 828/828/828 825/825/825 
f 828/828/828 826/826/826 827/827/827 
f 829/829/829 830/830/830 831/831/831 
f 830/830/830 829/829/829 832/832/832 
f 833/833/833 831/831/831 830/830/830 
f 831/831/831 833/833/833 834/834/834 
f 835/835/835 834/834/834 833/833/833 
f 834/834/834 835/835/835 836/836/836 
f 837/837/837 836/836/836 835/835/835 
f 836/836/836 837/837/837 838/838/838 
f 839/839/839 838/838/838 837/837/837 
f 838/838/838 839/839/839 840/840/840 
f 841/841/841 842/842/842 843/843/843 
f 844/844/844 843/843/843 842/842/842 
f 842/842/842 841/841/841 845/845/845 
f 846/846/846 845/845/845 841/841/841 
f 845/845/845 846/846/846 847/847/847 
f 843/843/843 844/844/844 848/848/848 
f 849/849/849 848/848/848 844/844/844 
f 848/848/848 849/849/849 850/850/850 
f 851/851/851 850/850/850 849/849/849 
f 850/850/850 851/851/851 852/852/852 
f 853/853/853 854/854/854 855/855/855 
f 854/854/854 856/856/856 855/855/855 
f 854/854/854 857/857/857 856/856/856 
f 857/857/857 858/858/858 856/856/856 
f 857/857/857 859/859/859 858/858/858 
f 859/859/859 860/860/860 858/858/858 
f 859/859/859 861/861/861 860/860/860 
f 861/861/861 862/862/862 860/860/860 
f 861/861/861 863/863/863 862/862/862 
f 863/863/863 864/864/864 862/862/862 
f 869/869/869 870/870/870 871/871/871 
f 872/872/872 871/871/871 870/870/870 
f 871/871/871 873/873/873 869/869/869 
f 872/872/872 870/870/870 874/874/874 
f 875/875/875 869/869/869 873/873/873 
f 876/876/876 872/872/872 874/874/874 
f 873/873/873 877/877/877 875/875/875 
f 878/878/878 876/876/876 874/874/874 
f 879/879/879 875/875/875 877/877/877 
f 878/878/878 880/880/880 876/876/876 
f 877/877/877 881/881/881 879/879/879 
f 878/878/878 882/882/882 880/880/880 
f 881/881/881 877/877/877 883/883/883 
f 882/882/882 878/878/878 884/884/884 
f 883/883/883 885/885/885 881/881/881 
f 886/886/886 882/882/882 884/884/884 
f 885/885/885 883/883/883 887/887/887 
f 888/888/888 882/882/882 886/886/886 
f 887/887/887 889/889/889 885/885/885 
f 888/888/888 886/886/886 890/890/890 
f 889/889/889 887/887/887 891/891/891 
f 892/892/892 888/888/888 890/890/890 
f 891/891/891 893/893/893 889/889/889 
f 890/890/890 894/894/894 892/892/892 
f 893/893/893 891/891/891 895/895/895 
f 894/894/894 890/890/890 896/896/896 
f 897/897/897 893/893/893 895/895/895 
f 896/896/896 898/898/898 894/894/894 
f 893/893/893 897/897/897 899/899/899 
f 898/898/898 896/896/896 900/900/900 
f 897/897/897 901/901/901 899/899/899 
f 900/900/900 902/902/902 898/898/898 
f 901/901/901 897/897/897 903/903/903 
f 902/902/902 900/900/900 904/904/904 
f 903/903/903 905/905/905 901/901/901 
f 904/904/904 906/906/906 902/902/902 
f 905/905/905 903/903/903 907/907/907 
f 906/906/906 904/904/904 908/908/908 
f 909/909/909 905/905/905 907/907/907 
f 910/910/910 906/906/906 908/908/908 
f 909/909/909 911/911/911 905/905/905 
f 906/906/906 910/910/910 912/912/912 
f 913/913/913 911/911/911 909/909/909 
f 914/914/914 912/912/912 910/910/910 
f 915/915/915 911/911/911 913/913/913 
f 912/912/912 914/914/914 916/916/916 
f 915/915/915 916/916/916 914/914/914 
f 916/916/916 915/915/915 913/913/913 
f 926/926/926 924/924/924 923/923/923 
f 927/927/927 928/928/928 926/926/926 
f 924/924/924 926/926/926 929/929/929 
f 926/926/926 928/928/928 929/929/929 
f 930/930/930 924/924/924 929/929/929 
f 928/928/928 930/930/930 929/929/929 
f 924/924/924 930/930/930 931/931/931 
f 930/930/930 928/928/928 932/932/932 
f 932/932/932 934/934/934 930/930/930 
f 931/931/931 930/930/930 934/934/934 
f 934/934/934 932/932/932 935/935/935 
f 931/931/931 934/934/934 939/939/939 
f 948/948/948 945/945/945 947/947/947 
f 946/946/946 945/945/945 949/949/949 
f 945/945/945 948/948/948 950/950/950 
f 945/945/945 950/950/950 949/949/949 
f 948/948/948 951/951/951 950/950/950 
f 950/950/950 951/951/951 949/949/949 
f 951/951/951 948/948/948 952/952/952 
f 949/949/949 951/951/951 953/953/953 
f 955/955/955 953/953/953 951/951/951 
f 952/952/952 955/955/955 951/951/951 
f 953/953/953 955/955/955 956/956/956 
f 955/955/955 952/952/952 959/959/959 
f 960/960/960 961/961/961 962/962/962 
f 962/962/962 963/963/963 960/960/960 
f 963/963/963 962/962/962 964/964/964 
f 964/964/964 965/965/965 963/963/963 
f 965/965/965 964/964/964 966/966/966 
f 966/966/966 967/967/967 965/965/965 
f 967/967/967 966/966/966 968/968/968 
f 968/968/968 969/969/969 967/967/967 
f 969/969/969 968/968/968 970/970/970 
f 970/970/970 971/971/971 969/969/969 

g Meshpart2

v -287.714 6.79089 0.218909 
v -287.714 4.98638 -0.071443 
v -287.714 6.79089 -0.071443 
v -287.714 4.98638 0.218909 
v -287.714 6.79089 -0.071443 
v -288.343 6.79089 -0.230501 
v -288.343 6.79089 0.059851 
v -287.714 6.79089 0.218909 
v -288.972 6.79089 -0.040111 
v -288.972 6.79089 -0.330463 
v -289.6 6.79089 -0.091643 
v -289.6 6.79089 -0.381995 
v -290.229 6.79089 -0.091643 
v -290.229 6.79089 -0.381995 
v -290.857 6.79089 -0.330463 
v -290.857 6.79089 -0.040111 
v -291.486 6.79089 -0.230501 
v -291.486 6.79089 0.059851 
v -292.115 6.79089 -0.071443 
v -292.115 6.79089 0.218909 
v -287.714 6.79089 -0.071443 
v -287.714 4.98638 0.218909 
v -292.115 6.79089 -0.071443 
v -292.115 4.98638 -0.071443 
v -290.229 4.98638 -0.381995 
v -288.343 4.98638 -0.230501 
v -289.6 6.79089 -0.381995 
v -290.857 6.79089 -0.330463 
v -292.115 6.79089 0.218909 
v -292.115 4.98638 0.218909 
v -291.486 4.98638 0.059851 
v -291.486 6.79089 0.059851 
v -290.857 4.98638 -0.040111 
v -290.857 6.79089 -0.040111 
v -290.229 4.98638 -0.091643 
v -290.229 6.79089 -0.091643 
v -289.6 4.98638 -0.091643 
v -289.6 6.79089 -0.091643 
v -288.972 4.98638 -0.040111 
v -288.972 6.79089 -0.040111 
v -288.343 4.98638 0.059851 
v -288.343 6.79089 0.059851 
v -287.714 4.98638 0.218909 
v -287.714 6.79089 0.218909 
v -292.115 6.79089 -0.071443 
v -292.115 4.98638 -0.071443 
v -292.115 4.98638 0.218909 
v -292.115 6.79089 0.218909 
v -292.115 4.98638 -0.071443 
v -291.486 4.98638 -0.230501 
v -291.486 4.98638 0.059851 
v -292.115 4.98638 0.218909 
v -290.857 4.98638 -0.040111 
v -290.857 4.98638 -0.330463 
v -290.229 4.98638 -0.091643 
v -290.229 4.98638 -0.381995 
v -289.6 4.98638 -0.091643 
v -289.6 4.98638 -0.381995 
v -288.972 4.98638 -0.330463 
v -288.972 4.98638 -0.040111 
v -288.343 4.98638 -0.230501 
v -288.343 4.98638 0.059851 
v -287.714 4.98638 -0.071443 
v -287.714 4.98638 0.218909 
v -287.714 6.79089 -0.071443 
v -287.714 4.98638 0.218909 
v -292.115 6.79089 -0.071443 
v -292.115 4.98638 -0.071443 
v -290.229 4.98638 -0.381995 
v -288.343 4.98638 -0.230501 
v -289.6 6.79089 -0.381995 
v -290.857 6.79089 -0.330463 
v -287.714 6.79089 -0.071443 
v -288.343 4.98638 -0.230501 
v -288.343 6.79089 -0.230501 
v -287.714 4.98638 -0.071443 
v -288.972 4.98638 -0.330463 
v -288.972 6.79089 -0.330463 
v -289.6 4.98638 -0.381995 
v -289.6 6.79089 -0.381995 
v -290.229 4.98638 -0.381995 
v -290.229 6.79089 -0.381995 
v -290.857 4.98638 -0.330463 
v -290.857 6.79089 -0.330463 
v -291.486 4.98638 -0.230501 
v -291.486 6.79089 -0.230501 
v -292.115 4.98638 -0.071443 
v -292.115 6.79089 -0.071443 

vn 1 0 0 
vn 1 0 0 
vn 1 0 0 
vn 1 0 0 
vn 0 1 0 
vn 0 1 0 
vn 0 1 0 
vn 0 1 0 
vn 0 1 0 
vn 0 1 0 
vn 0 1 0 
vn 0 1 0 
vn 0 1 0 
vn 0 1 0 
vn 0 1 0 
vn 0 1 0 
vn 0 1 0 
vn 0 1 0 
vn 0 1 0 
vn 0 1 0 
vn 1 0 0 
vn 1 0 0 
vn -1 0 0 
vn -1 0 0 
vn 0 -1 0 
vn 0 -1 0 
vn 0 1 0 
vn 0 1 0 
vn 0.244094 0 0.968504 
vn 0.244094 0 0.968504 
vn 0.19685 0 0.984252 
vn 0.19685 0 0.984252 
vn 0.11811 0 0.992126 
vn 0.11811 0 0.992126 
vn 0.0393701 0 1 
vn 0.0393701 0 1 
vn -0.0393701 0 1 
vn -0.0393701 0 1 
vn -0.11811 0 0.992126 
vn -0.11811 0 0.992126 
vn -0.19685 0 0.984252 
vn -0.19685 0 0.984252 
vn -0.244094 0 0.968504 
vn -0.244094 0 0.968504 
vn -1 0 0 
vn -1 0 0 
vn -1 0 0 
vn -1 0 0 
vn 0 -1 0 
vn 0 -1 0 
vn 0 -1 0 
vn 0 -1 0 
vn 0 -1 0 
vn 0 -1 0 
vn 0 -1 0 
vn 0 -1 0 
vn 0 -1 0 
vn 0 -1 0 
vn 0 -1 0 
vn 0 -1 0 
vn 0 -1 0 
vn 0 -1 0 
vn 0 -1 0 
vn 0 -1 0 
vn 1 0 0 
vn 1 0 0 
vn -1 0 0 
vn -1 0 0 
vn 0 -1 0 
vn 0 -1 0 
vn 0 1 0 
vn 0 1 0 
vn 0.244094 0 -0.968504 
vn 0.19685 0 -0.984252 
vn 0.19685 0 -0.984252 
vn 0.244094 0 -0.968504 
vn 0.11811 0 -0.992126 
vn 0.11811 0 -0.992126 
vn 0.0393701 0 -1 
vn 0.0393701 0 -1 
vn -0.0393701 0 -1 
vn -0.0393701 0 -1 
vn -0.11811 0 -0.992126 
vn -0.11811 0 -0.992126 
vn -0.19685 0 -0.984252 
vn -0.19685 0 -0.984252 
vn -0.244094 0 -0.968504 
vn -0.244094 0 -0.968504 

vt 47.9624 -54.8872 
vt 47.9987 -55.1128 
vt 47.9987 -54.8872 
vt 47.9624 -55.1128 
vt 47.725 -54.9987 
vt 47.8036 -55.0186 
vt 47.8036 -54.9823 
vt 47.725 -54.9624 
vt 47.8821 -54.9948 
vt 47.8821 -55.0311 
vt 47.9607 -55.0013 
vt 47.9607 -55.0376 
vt 48.0393 -55.0013 
vt 48.0393 -55.0376 
vt 48.1179 -55.0311 
vt 48.1179 -54.9948 
vt 48.1964 -55.0186 
vt 48.1964 -54.9823 
vt 48.275 -54.9987 
vt 48.275 -54.9624 
vt 48.275 -54.8872 
vt 48.275 -55.1128 
vt 47.725 -54.8872 
vt 47.725 -55.1128 
vt 47.9607 -55.1128 
vt 48.1964 -55.1128 
vt 48.0393 -54.8872 
vt 47.8821 -54.8872 
vt 47.725 -54.8872 
vt 47.725 -55.1128 
vt 47.8036 -55.1128 
vt 47.8036 -54.8872 
vt 47.8821 -55.1128 
vt 47.8821 -54.8872 
vt 47.9607 -55.1128 
vt 47.9607 -54.8872 
vt 48.0393 -55.1128 
vt 48.0393 -54.8872 
vt 48.1179 -55.1128 
vt 48.1179 -54.8872 
vt 48.1964 -55.1128 
vt 48.1964 -54.8872 
vt 48.275 -55.1128 
vt 48.275 -54.8872 
vt 48.0013 -54.8872 
vt 48.0013 -55.1128 
vt 48.0376 -55.1128 
vt 48.0376 -54.8872 
vt 47.725 -54.9987 
vt 47.8036 -55.0186 
vt 47.8036 -54.9823 
vt 47.725 -54.9624 
vt 47.8821 -54.9948 
vt 47.8821 -55.0311 
vt 47.9607 -55.0013 
vt 47.9607 -55.0376 
vt 48.0393 -55.0013 
vt 48.0393 -55.0376 
vt 48.1179 -55.0311 
vt 48.1179 -54.9948 
vt 48.1964 -55.0186 
vt 48.1964 -54.9823 
vt 48.275 -54.9987 
vt 48.275 -54.9624 
vt 47.725 -54.8872 
vt 47.725 -55.1128 
vt 48.275 -54.8872 
vt 48.275 -55.1128 
vt 48.0393 -55.1128 
vt 47.8036 -55.1128 
vt 47.9607 -54.8872 
vt 48.1179 -54.8872 
vt 47.725 -54.8872 
vt 47.8036 -55.1128 
vt 47.8036 -54.8872 
vt 47.725 -55.1128 
vt 47.8821 -55.1128 
vt 47.8821 -54.8872 
vt 47.9607 -55.1128 
vt 47.9607 -54.8872 
vt 48.0393 -55.1128 
vt 48.0393 -54.8872 
vt 48.1179 -55.1128 
vt 48.1179 -54.8872 
vt 48.1964 -55.1128 
vt 48.1964 -54.8872 
vt 48.275 -55.1128 
vt 48.275 -54.8872 

usemtl Meshpart2Mtl

f 972/972/972 973/973/973 974/974/974 
f 973/973/973 972/972/972 975/975/975 
f 976/976/976 977/977/977 978/978/978 
f 976/976/976 978/978/978 979/979/979 
f 977/977/977 980/980/980 978/978/978 
f 977/977/977 981/981/981 980/980/980 
f 981/981/981 982/982/982 980/980/980 
f 981/981/981 983/983/983 982/982/982 
f 983/983/983 984/984/984 982/982/982 
f 983/983/983 985/985/985 984/984/984 
f 986/986/986 984/984/984 985/985/985 
f 984/984/984 986/986/986 987/987/987 
f 988/988/988 987/987/987 986/986/986 
f 987/987/987 988/988/988 989/989/989 
f 990/990/990 989/989/989 988/988/988 
f 989/989/989 990/990/990 991/991/991 
f 1000/1000/1000 1001/1001/1001 1002/1002/1002 
f 1002/1002/1002 1003/1003/1003 1000/1000/1000 
f 1003/1003/1003 1002/1002/1002 1004/1004/1004 
f 1004/1004/1004 1005/1005/1005 1003/1003/1003 
f 1005/1005/1005 1004/1004/1004 1006/1006/1006 
f 1006/1006/1006 1007/1007/1007 1005/1005/1005 
f 1007/1007/1007 1006/1006/1006 1008/1008/1008 
f 1008/1008/1008 1009/1009/1009 1007/1007/1007 
f 1009/1009/1009 1008/1008/1008 1010/1010/1010 
f 1010/1010/1010 1011/1011/1011 1009/1009/1009 
f 1011/1011/1011 1010/1010/1010 1012/1012/1012 
f 1012/1012/1012 1013/1013/1013 1011/1011/1011 
f 1013/1013/1013 1012/1012/1012 1014/1014/1014 
f 1014/1014/1014 1015/1015/1015 1013/1013/1013 
f 1016/1016/1016 1017/1017/1017 1018/1018/1018 
f 1016/1016/1016 1018/1018/1018 1019/1019/1019 
f 1020/1020/1020 1021/1021/1021 1022/1022/1022 
f 1020/1020/1020 1022/1022/1022 1023/1023/1023 
f 1021/1021/1021 1024/1024/1024 1022/1022/1022 
f 1021/1021/1021 1025/1025/1025 1024/1024/1024 
f 1025/1025/1025 1026/1026/1026 1024/1024/1024 
f 1025/1025/1025 1027/1027/1027 1026/1026/1026 
f 1027/1027/1027 1028/1028/1028 1026/1026/1026 
f 1027/1027/1027 1029/1029/1029 1028/1028/1028 
f 1030/1030/1030 1028/1028/1028 1029/1029/1029 
f 1028/1028/1028 1030/1030/1030 1031/1031/1031 
f 1032/1032/1032 1031/1031/1031 1030/1030/1030 
f 1031/1031/1031 1032/1032/1032 1033/1033/1033 
f 1034/1034/1034 1033/1033/1033 1032/1032/1032 
f 1033/1033/1033 1034/1034/1034 1035/1035/1035 
f 1044/1044/1044 1045/1045/1045 1046/1046/1046 
f 1045/1045/1045 1044/1044/1044 1047/1047/1047 
f 1048/1048/1048 1046/1046/1046 1045/1045/1045 
f 1046/1046/1046 1048/1048/1048 1049/1049/1049 
f 1050/1050/1050 1049/1049/1049 1048/1048/1048 
f 1049/1049/1049 1050/1050/1050 1051/1051/1051 
f 1052/1052/1052 1051/1051/1051 1050/1050/1050 
f 1051/1051/1051 1052/1052/1052 1053/1053/1053 
f 1054/1054/1054 1053/1053/1053 1052/1052/1052 
f 1053/1053/1053 1054/1054/1054 1055/1055/1055 
f 1056/1056/1056 1055/1055/1055 1054/1054/1054 
f 1055/1055/1055 1056/1056/1056 1057/1057/1057 
f 1058/1058/1058 1057/1057/1057 1056/1056/1056 
f 1057/1057/1057 1058/1058/1058 1059/1059/1059 

g Meshpart3

v -291.767 4.64935 0.175664 
v -291.767 4.64935 -0.286278 
v -288.024 7.06862 -0.280998 
v -288.062 7.1645 0.176364 
v -288.024 7.06862 0.185206 
v -288.062 7.1645 -0.28984 
v -288.024 4.74523 -0.280998 
v -288.062 4.64935 0.176364 
v -288.062 4.64935 -0.28984 
v -288.024 4.74523 0.185206 
v -291.674 4.60964 0.154318 
v -291.674 7.20421 0.154318 
v -291.674 7.20421 -0.307624 
v -288.154 7.20421 0.155018 
v -288.154 7.20421 -0.311186 
v -288.154 4.60964 0.155018 
v -288.154 4.60964 -0.311186 
v -288.024 7.06862 -0.280998 
v -288.062 6.97275 0.176364 
v -288.062 6.97275 -0.28984 
v -288.024 7.06862 0.185206 
v -288.024 4.74523 -0.280998 
v -288.062 4.8411 0.176364 
v -288.024 4.74523 0.185206 
v -288.062 4.8411 -0.28984 
v -288.154 6.93303 -0.311186 
v -288.154 4.88082 -0.311186 
v -291.582 4.8411 -0.328972 
v -291.674 4.88082 -0.307624 
v -291.582 4.64935 -0.328972 
v -291.544 7.06862 -0.337813 
v -291.582 7.1645 -0.328972 
v -291.582 6.97275 -0.328972 
v -291.674 6.93303 -0.307624 
v -291.582 7.1645 0.13297 
v -289.819 4.8411 -0.475246 
v -289.914 4.88082 -0.475246 
v -289.914 4.60964 -0.475246 
v -289.914 7.20421 -0.475246 
v -289.819 7.1645 -0.475246 
v -289.914 6.93303 -0.475246 
v -289.819 4.64935 -0.0157495 
v -289.914 4.60964 -0.0157495 
v -289.819 4.8411 -0.0157495 
v -289.914 4.88082 -0.0157495 
v -289.819 6.97275 -0.0157495 
v -289.914 6.93303 -0.0157495 
v -289.914 7.20421 -0.0157495 
v -289.819 7.1645 -0.0157495 
v -289.819 4.64935 -0.475246 
v -289.819 4.64935 -0.0157495 
v -289.779 4.74523 -0.475246 
v -289.779 4.74523 -0.0157495 
v -289.819 4.8411 -0.475246 
v -289.819 4.8411 -0.0157495 
v -289.819 7.1645 -0.0157495 
v -289.819 7.1645 -0.475246 
v -289.779 7.06862 -0.0157495 
v -289.779 7.06862 -0.475246 
v -289.819 6.97275 -0.0157495 
v -289.819 6.97275 -0.475246 
v -288.154 6.93303 0.155018 
v -291.582 4.8411 0.13297 
v -291.674 4.88082 0.154318 
v -291.674 6.93303 0.154318 
v -291.544 7.06862 0.124128 
v -288.154 4.88082 0.155018 
v -291.582 4.64935 -0.328972 
v -291.544 4.74523 0.124128 
v -291.582 4.64935 0.13297 
v -291.544 4.74523 -0.337813 
v -291.582 7.1645 -0.328972 
v -291.544 7.06862 0.124128 
v -291.544 7.06862 -0.337813 
v -291.582 7.1645 0.13297 
v -291.582 4.8411 -0.328972 
v -291.544 4.74523 0.124128 
v -291.544 4.74523 -0.337813 
v -291.582 4.8411 0.13297 
v -291.582 6.97275 -0.328972 
v -291.544 7.06862 0.124128 
v -291.582 6.97275 0.13297 
v -291.544 7.06862 -0.337813 
v -291.767 4.64935 0.175664 
v -291.767 4.64935 -0.286278 
v -291.767 7.1645 0.175664 
v -291.767 7.1645 -0.286278 
v -288.024 7.06862 -0.280998 
v -288.062 7.1645 0.176364 
v -288.024 7.06862 0.185206 
v -288.024 4.74523 -0.280998 
v -288.024 4.74523 0.185206 
v -291.767 7.1645 -0.286278 
v -291.674 7.20421 0.154318 
v -291.674 7.20421 -0.307624 
v -291.767 7.1645 0.175664 
v -288.062 7.1645 -0.28984 
v -288.154 7.20421 0.155018 
v -288.062 7.1645 0.176364 
v -288.154 7.20421 -0.311186 
v -291.767 4.8411 0.175664 
v -291.767 4.8411 -0.286278 
v -288.062 4.8411 0.176364 
v -288.247 7.1645 -0.332532 
v -288.285 7.06862 -0.341374 
v -288.247 4.8411 -0.332532 
v -288.154 4.88082 -0.311186 
v -288.285 4.74523 -0.341374 
v -291.544 4.74523 -0.337813 
v -291.582 4.8411 -0.328972 
v -291.582 7.1645 -0.328972 
v -288.154 7.20421 -0.311186 
v -288.247 7.1645 0.133672 
v -288.154 7.20421 0.155018 
v -288.247 7.1645 -0.332532 
v -291.674 7.20421 -0.307624 
v -291.582 7.1645 0.13297 
v -291.582 7.1645 -0.328972 
v -291.674 7.20421 0.154318 
v -290.01 4.8411 -0.475246 
v -289.819 4.8411 -0.475246 
v -289.819 7.1645 -0.475246 
v -290.01 7.1645 -0.475246 
v -290.05 4.74523 -0.0157495 
v -289.819 4.8411 -0.0157495 
v -290.05 7.06862 -0.0157495 
v -289.819 7.1645 -0.0157495 
v -290.01 4.8411 -0.475246 
v -289.914 4.88082 -0.0157495 
v -289.914 4.88082 -0.475246 
v -290.01 4.8411 -0.0157495 
v -289.819 4.8411 -0.475246 
v -289.819 4.8411 -0.0157495 
v -289.914 4.88082 -0.475246 
v -289.914 4.88082 -0.0157495 
v -289.914 7.20421 -0.475246 
v -289.819 7.1645 -0.0157495 
v -289.819 7.1645 -0.475246 
v -289.914 7.20421 -0.0157495 
v -290.01 7.1645 -0.0157495 
v -290.01 7.1645 -0.475246 
v -289.914 7.20421 -0.0157495 
v -289.914 7.20421 -0.475246 
v -288.285 7.06862 0.12483 
v -291.544 4.74523 0.124128 
v -291.582 4.8411 0.13297 
v -288.285 4.74523 0.12483 
v -288.247 4.8411 0.133672 
v -291.767 4.8411 -0.286278 
v -291.674 4.88082 0.154318 
v -291.674 4.88082 -0.307624 
v -291.767 4.8411 0.175664 
v -288.062 4.8411 -0.28984 
v -288.154 4.88082 0.155018 
v -288.062 4.8411 0.176364 
v -288.154 4.88082 -0.311186 
v -291.674 4.88082 -0.307624 
v -291.582 4.8411 0.13297 
v -291.582 4.8411 -0.328972 
v -291.674 4.88082 0.154318 
v -288.154 4.88082 -0.311186 
v -288.247 4.8411 0.133672 
v -288.154 4.88082 0.155018 
v -288.247 4.8411 -0.332532 
v -291.767 4.64935 0.175664 
v -291.767 7.1645 0.175664 
v -288.062 7.1645 0.176364 
v -288.024 7.06862 0.185206 
v -288.062 4.64935 0.176364 
v -288.024 4.74523 0.185206 
v -291.674 4.60964 0.154318 
v -291.674 7.20421 0.154318 
v -291.767 4.8411 0.175664 
v -291.767 6.97275 0.175664 
v -288.062 6.97275 0.176364 
v -288.062 4.8411 0.176364 
v -288.247 7.1645 0.133672 
v -291.582 7.1645 0.13297 
v -288.247 4.64935 0.133672 
v -289.819 4.64935 -0.0157495 
v -290.05 4.74523 -0.0157495 
v -290.01 4.64935 -0.0157495 
v -289.914 4.60964 -0.0157495 
v -289.779 4.74523 -0.0157495 
v -290.01 4.8411 -0.0157495 
v -289.819 4.8411 -0.0157495 
v -289.914 4.88082 -0.0157495 
v -289.819 6.97275 -0.0157495 
v -290.05 7.06862 -0.0157495 
v -290.01 6.97275 -0.0157495 
v -289.914 6.93303 -0.0157495 
v -289.779 7.06862 -0.0157495 
v -289.914 7.20421 -0.0157495 
v -289.819 7.1645 -0.0157495 
v -290.01 7.1645 -0.0157495 
v -288.247 6.97275 0.133672 
v -288.024 7.06862 0.185206 
v -288.285 7.06862 0.12483 
v -288.247 7.1645 0.133672 
v -288.062 6.97275 0.176364 
v -288.154 6.93303 0.155018 
v -288.062 7.1645 0.176364 
v -288.154 7.20421 0.155018 
v -291.582 4.64935 0.13297 
v -291.805 4.74523 0.184506 
v -291.767 4.64935 0.175664 
v -291.674 4.60964 0.154318 
v -291.544 4.74523 0.124128 
v -291.767 4.8411 0.175664 
v -291.582 4.8411 0.13297 
v -291.674 4.88082 0.154318 
v -291.582 6.97275 0.13297 
v -291.805 7.06862 0.184506 
v -291.767 6.97275 0.175664 
v -291.674 6.93303 0.154318 
v -291.544 7.06862 0.124128 
v -291.767 7.1645 0.175664 
v -291.582 7.1645 0.13297 
v -291.674 7.20421 0.154318 
v -288.247 4.64935 0.133672 
v -288.024 4.74523 0.185206 
v -288.285 4.74523 0.12483 
v -288.247 4.8411 0.133672 
v -288.062 4.64935 0.176364 
v -288.154 4.60964 0.155018 
v -288.062 4.8411 0.176364 
v -288.154 4.88082 0.155018 
v -291.805 4.74523 -0.277436 
v -291.767 4.64935 0.175664 
v -291.805 4.74523 0.184506 
v -291.767 4.64935 -0.286278 
v -291.805 7.06862 -0.277436 
v -291.767 7.1645 0.175664 
v -291.767 7.1645 -0.286278 
v -291.805 7.06862 0.184506 
v -291.674 7.20421 0.154318 
v -291.674 7.20421 -0.307624 
v -288.154 7.20421 0.155018 
v -288.154 7.20421 -0.311186 
v -288.154 4.60964 0.155018 
v -288.154 4.60964 -0.311186 
v -291.805 4.74523 -0.277436 
v -291.767 4.8411 0.175664 
v -291.767 4.8411 -0.286278 
v -291.805 4.74523 0.184506 
v -291.805 7.06862 -0.277436 
v -291.767 6.97275 0.175664 
v -291.805 7.06862 0.184506 
v -291.767 6.97275 -0.286278 
v -288.247 7.1645 -0.332532 
v -288.247 6.97275 -0.332532 
v -288.154 6.93303 -0.311186 
v -288.247 4.8411 -0.332532 
v -288.154 4.88082 -0.311186 
v -288.247 4.64935 -0.332532 
v -291.674 4.88082 -0.307624 
v -291.674 6.93303 -0.307624 
v -288.247 7.1645 0.133672 
v -288.247 4.64935 0.133672 
v -290.01 4.8411 -0.475246 
v -289.914 4.88082 -0.475246 
v -290.01 4.64935 -0.475246 
v -289.914 4.60964 -0.475246 
v -289.914 7.20421 -0.475246 
v -290.01 7.1645 -0.475246 
v -290.01 6.97275 -0.475246 
v -289.914 6.93303 -0.475246 
v -290.05 4.74523 -0.0157495 
v -290.01 4.64935 -0.0157495 
v -289.914 4.60964 -0.0157495 
v -289.914 4.88082 -0.0157495 
v -290.05 7.06862 -0.0157495 
v -290.01 6.97275 -0.0157495 
v -289.914 6.93303 -0.0157495 
v -289.914 7.20421 -0.0157495 
v -290.01 4.8411 -0.475246 
v -290.01 4.8411 -0.0157495 
v -290.05 4.74523 -0.475246 
v -290.05 4.74523 -0.0157495 
v -290.01 4.64935 -0.475246 
v -290.01 4.64935 -0.0157495 
v -290.01 6.97275 -0.0157495 
v -290.01 6.97275 -0.475246 
v -290.05 7.06862 -0.0157495 
v -290.05 7.06862 -0.475246 
v -290.01 7.1645 -0.0157495 
v -290.01 7.1645 -0.475246 
v -288.247 6.97275 0.133672 
v -288.154 6.93303 0.155018 
v -291.674 4.88082 0.154318 
v -291.674 6.93303 0.154318 
v -288.247 4.8411 0.133672 
v -288.154 4.88082 0.155018 
v -288.247 7.1645 -0.332532 
v -288.285 7.06862 0.12483 
v -288.247 7.1645 0.133672 
v -288.285 7.06862 -0.341374 
v -288.247 4.64935 -0.332532 
v -288.285 4.74523 0.12483 
v -288.285 4.74523 -0.341374 
v -288.247 4.64935 0.133672 
v -288.247 6.97275 -0.332532 
v -288.285 7.06862 0.12483 
v -288.285 7.06862 -0.341374 
v -288.247 6.97275 0.133672 
v -288.247 4.8411 -0.332532 
v -288.285 4.74523 0.12483 
v -288.247 4.8411 0.133672 
v -288.285 4.74523 -0.341374 
v -291.767 4.64935 0.175664 
v -291.767 4.64935 -0.286278 
v -288.024 7.06862 -0.280998 
v -288.024 7.06862 0.185206 
v -288.024 4.74523 -0.280998 
v -288.062 4.64935 0.176364 
v -288.024 4.74523 0.185206 
v -291.767 4.64935 -0.286278 
v -291.674 4.60964 0.154318 
v -291.767 4.64935 0.175664 
v -291.674 4.60964 -0.307624 
v -288.062 4.64935 -0.28984 
v -288.154 4.60964 0.155018 
v -288.154 4.60964 -0.311186 
v -288.062 4.64935 0.176364 
v -291.767 6.97275 0.175664 
v -291.767 6.97275 -0.286278 
v -288.062 6.97275 0.176364 
v -288.285 7.06862 -0.341374 
v -288.247 6.97275 -0.332532 
v -288.154 6.93303 -0.311186 
v -288.285 4.74523 -0.341374 
v -288.247 4.64935 -0.332532 
v -291.544 4.74523 -0.337813 
v -291.582 4.64935 -0.328972 
v -291.582 6.97275 -0.328972 
v -288.154 4.60964 -0.311186 
v -288.247 4.64935 0.133672 
v -288.247 4.64935 -0.332532 
v -288.154 4.60964 0.155018 
v -291.674 4.60964 -0.307624 
v -291.582 4.64935 0.13297 
v -291.674 4.60964 0.154318 
v -291.582 4.64935 -0.328972 
v -290.01 4.64935 -0.475246 
v -289.914 4.60964 -0.475246 
v -290.01 6.97275 -0.475246 
v -289.914 6.93303 -0.475246 
v -289.819 4.64935 -0.0157495 
v -290.01 4.64935 -0.0157495 
v -289.819 6.97275 -0.0157495 
v -290.01 6.97275 -0.0157495 
v -290.01 4.64935 -0.475246 
v -290.01 4.64935 -0.0157495 
v -289.914 4.60964 -0.475246 
v -289.914 4.60964 -0.0157495 
v -289.819 4.64935 -0.475246 
v -289.819 4.64935 -0.0157495 
v -289.819 6.97275 -0.0157495 
v -289.819 6.97275 -0.475246 
v -289.914 6.93303 -0.0157495 
v -289.914 6.93303 -0.475246 
v -290.01 6.97275 -0.0157495 
v -290.01 6.97275 -0.475246 
v -288.247 6.97275 0.133672 
v -288.285 7.06862 0.12483 
v -291.544 4.74523 0.124128 
v -291.674 6.93303 0.154318 
v -288.285 4.74523 0.12483 
v -288.062 6.97275 -0.28984 
v -288.154 6.93303 0.155018 
v -288.154 6.93303 -0.311186 
v -288.062 6.97275 0.176364 
v -291.767 6.97275 -0.286278 
v -291.674 6.93303 0.154318 
v -291.767 6.97275 0.175664 
v -291.674 6.93303 -0.307624 
v -288.154 6.93303 -0.311186 
v -288.247 6.97275 0.133672 
v -288.247 6.97275 -0.332532 
v -288.154 6.93303 0.155018 
v -291.674 6.93303 -0.307624 
v -291.582 6.97275 0.13297 
v -291.674 6.93303 0.154318 
v -291.582 6.97275 -0.328972 
v -291.767 4.64935 -0.286278 
v -291.767 7.1645 -0.286278 
v -288.024 7.06862 -0.280998 
v -288.024 4.74523 -0.280998 
v -291.674 7.20421 -0.307624 
v -288.154 7.20421 -0.311186 
v -288.154 4.60964 -0.311186 
v -291.767 4.8411 -0.286278 
v -291.767 6.97275 -0.286278 
v -288.024 7.06862 -0.280998 
v -288.247 7.1645 -0.332532 
v -288.062 7.1645 -0.28984 
v -288.154 7.20421 -0.311186 
v -288.285 7.06862 -0.341374 
v -288.247 6.97275 -0.332532 
v -288.062 6.97275 -0.28984 
v -288.154 6.93303 -0.311186 
v -288.024 4.74523 -0.280998 
v -288.247 4.8411 -0.332532 
v -288.062 4.8411 -0.28984 
v -288.154 4.88082 -0.311186 
v -288.285 4.74523 -0.341374 
v -288.247 4.64935 -0.332532 
v -288.062 4.64935 -0.28984 
v -288.154 4.60964 -0.311186 
v -291.544 4.74523 -0.337813 
v -291.767 4.8411 -0.286278 
v -291.582 4.8411 -0.328972 
v -291.674 4.88082 -0.307624 
v -291.805 4.74523 -0.277436 
v -291.767 4.64935 -0.286278 
v -291.582 4.64935 -0.328972 
v -291.674 4.60964 -0.307624 
v -291.544 7.06862 -0.337813 
v -291.767 7.1645 -0.286278 
v -291.582 7.1645 -0.328972 
v -291.674 7.20421 -0.307624 
v -291.805 7.06862 -0.277436 
v -291.767 6.97275 -0.286278 
v -291.582 6.97275 -0.328972 
v -291.674 6.93303 -0.307624 
v -289.779 4.74523 -0.475246 
v -290.01 4.8411 -0.475246 
v -289.819 4.8411 -0.475246 
v -289.914 4.88082 -0.475246 
v -290.05 4.74523 -0.475246 
v -290.01 4.64935 -0.475246 
v -289.819 4.64935 -0.475246 
v -289.914 4.60964 -0.475246 
v -289.779 7.06862 -0.475246 
v -289.914 7.20421 -0.475246 
v -289.819 7.1645 -0.475246 
v -290.05 7.06862 -0.475246 
v -290.01 7.1645 -0.475246 
v -290.01 6.97275 -0.475246 
v -289.819 6.97275 -0.475246 
v -289.914 6.93303 -0.475246 

vn -0.724409 -0.692913 0 
vn -0.708661 -0.700787 0 
vn 1 0 0 
vn 0.724409 0.692913 0 
vn 1 0 0 
vn 0.708661 0.700787 0 
vn 1 0 0 
vn 0.724409 -0.692913 0 
vn 0.708661 -0.700787 0 
vn 1 0 0 
vn -0.015748 -1 0 
vn -0.015748 1 0 
vn 0.015748 1 0 
vn 0.015748 1 0 
vn -0.015748 1 0 
vn 0.015748 -1 0 
vn -0.015748 -1 0 
vn 1 0 0 
vn 0.724409 -0.692913 0 
vn 0.708661 -0.700787 0 
vn 1 0 0 
vn 1 0 0 
vn 0.724409 0.692913 0 
vn 1 0 0 
vn 0.708661 0.700787 0 
vn 0.220472 0 -0.976378 
vn 0.220472 0 -0.976378 
vn -0.220472 0 -0.976378 
vn -0.220472 0 -0.976378 
vn -0.220472 0 -0.976378 
vn -0.220472 0 -0.976378 
vn -0.220472 0 -0.976378 
vn -0.220472 0 -0.976378 
vn -0.220472 0 -0.976378 
vn 0.708661 0.700787 0 
vn 0 0 -1 
vn 0 0 -1 
vn 0 0 -1 
vn 0 0 -1 
vn 0 0 -1 
vn 0 0 -1 
vn 0 0 1 
vn 0 0 1 
vn 0 0 1 
vn 0 0 1 
vn 0 0 1 
vn 0 0 1 
vn 0 0 1 
vn 0 0 1 
vn 0.708661 -0.708661 0 
vn 0.708661 -0.708661 0 
vn 1 0 0 
vn 1 0 0 
vn 0.708661 0.708661 0 
vn 0.708661 0.708661 0 
vn 0.708661 0.708661 0 
vn 0.708661 0.708661 0 
vn 1 0 0 
vn 1 0 0 
vn 0.708661 -0.708661 0 
vn 0.708661 -0.708661 0 
vn -0.220472 0 0.976378 
vn 0.220472 0 0.976378 
vn 0.220472 0 0.976378 
vn 0.220472 0 0.976378 
vn 0.220472 0 0.976378 
vn -0.220472 0 0.976378 
vn 0.724409 -0.692913 0 
vn 1 0 0 
vn 0.708661 -0.700787 0 
vn 1 0 0 
vn 0.724409 0.692913 0 
vn 1 0 0 
vn 1 0 0 
vn 0.708661 0.700787 0 
vn 0.724409 0.692913 0 
vn 1 0 0 
vn 1 0 0 
vn 0.708661 0.700787 0 
vn 0.724409 -0.692913 0 
vn 1 0 0 
vn 0.708661 -0.700787 0 
vn 1 0 0 
vn -0.724409 -0.692913 0 
vn -0.708661 -0.700787 0 
vn -0.724409 0.692913 0 
vn -0.708661 0.700787 0 
vn 1 0 0 
vn 0.724409 0.692913 0 
vn 1 0 0 
vn 1 0 0 
vn 1 0 0 
vn -0.708661 0.700787 0 
vn -0.015748 1 0 
vn 0.015748 1 0 
vn -0.724409 0.692913 0 
vn 0.708661 0.700787 0 
vn 0.015748 1 0 
vn 0.724409 0.692913 0 
vn -0.015748 1 0 
vn -0.724409 0.692913 0 
vn -0.708661 0.700787 0 
vn 0.724409 0.692913 0 
vn 0.220472 0 -0.976378 
vn 0.220472 0 -0.976378 
vn 0.220472 0 -0.976378 
vn 0.220472 0 -0.976378 
vn 0.220472 0 -0.976378 
vn -0.220472 0 -0.976378 
vn -0.220472 0 -0.976378 
vn -0.220472 0 -0.976378 
vn -0.015748 1 0 
vn -0.708661 0.700787 0 
vn 0.015748 1 0 
vn -0.724409 0.692913 0 
vn 0.015748 1 0 
vn 0.708661 0.700787 0 
vn 0.724409 0.692913 0 
vn -0.015748 1 0 
vn 0 0 -1 
vn 0 0 -1 
vn 0 0 -1 
vn 0 0 -1 
vn 0 0 1 
vn 0 0 1 
vn 0 0 1 
vn 0 0 1 
vn -0.708661 0.708661 0 
vn 0 1 0 
vn 0 1 0 
vn -0.708661 0.708661 0 
vn 0.708661 0.708661 0 
vn 0.708661 0.708661 0 
vn 0 1 0 
vn 0 1 0 
vn 0 1 0 
vn 0.708661 0.708661 0 
vn 0.708661 0.708661 0 
vn 0 1 0 
vn -0.708661 0.708661 0 
vn -0.708661 0.708661 0 
vn 0 1 0 
vn 0 1 0 
vn -0.220472 0 0.976378 
vn 0.220472 0 0.976378 
vn 0.220472 0 0.976378 
vn -0.220472 0 0.976378 
vn -0.220472 0 0.976378 
vn -0.708661 0.700787 0 
vn -0.015748 1 0 
vn 0.015748 1 0 
vn -0.724409 0.692913 0 
vn 0.708661 0.700787 0 
vn 0.015748 1 0 
vn 0.724409 0.692913 0 
vn -0.015748 1 0 
vn 0.015748 1 0 
vn 0.708661 0.700787 0 
vn 0.724409 0.692913 0 
vn -0.015748 1 0 
vn -0.015748 1 0 
vn -0.708661 0.700787 0 
vn 0.015748 1 0 
vn -0.724409 0.692913 0 
vn -0.724409 -0.692913 0 
vn -0.724409 0.692913 0 
vn 0.724409 0.692913 0 
vn 1 0 0 
vn 0.724409 -0.692913 0 
vn 1 0 0 
vn -0.015748 -1 0 
vn -0.015748 1 0 
vn -0.724409 0.692913 0 
vn -0.724409 -0.692913 0 
vn 0.724409 -0.692913 0 
vn 0.724409 0.692913 0 
vn -0.708661 0.700787 0 
vn 0.708661 0.700787 0 
vn -0.708661 -0.700787 0 
vn 0 0 1 
vn 0 0 1 
vn 0 0 1 
vn 0 0 1 
vn 0 0 1 
vn 0 0 1 
vn 0 0 1 
vn 0 0 1 
vn 0 0 1 
vn 0 0 1 
vn 0 0 1 
vn 0 0 1 
vn 0 0 1 
vn 0 0 1 
vn 0 0 1 
vn 0 0 1 
vn -0.220472 0 0.976378 
vn -0.220472 0 0.976378 
vn -0.220472 0 0.976378 
vn -0.220472 0 0.976378 
vn -0.220472 0 0.976378 
vn -0.220472 0 0.976378 
vn -0.220472 0 0.976378 
vn -0.220472 0 0.976378 
vn 0.220472 0 0.976378 
vn 0.220472 0 0.976378 
vn 0.220472 0 0.976378 
vn 0.220472 0 0.976378 
vn 0.220472 0 0.976378 
vn 0.220472 0 0.976378 
vn 0.220472 0 0.976378 
vn 0.220472 0 0.976378 
vn 0.220472 0 0.976378 
vn 0.220472 0 0.976378 
vn 0.220472 0 0.976378 
vn 0.220472 0 0.976378 
vn 0.220472 0 0.976378 
vn 0.220472 0 0.976378 
vn 0.220472 0 0.976378 
vn 0.220472 0 0.976378 
vn -0.220472 0 0.976378 
vn -0.220472 0 0.976378 
vn -0.220472 0 0.976378 
vn -0.220472 0 0.976378 
vn -0.220472 0 0.976378 
vn -0.220472 0 0.976378 
vn -0.220472 0 0.976378 
vn -0.220472 0 0.976378 
vn -1 0 0 
vn -0.724409 -0.692913 0 
vn -1 0 0 
vn -0.708661 -0.700787 0 
vn -1 0 0 
vn -0.724409 0.692913 0 
vn -0.708661 0.700787 0 
vn -1 0 0 
vn -0.015748 1 0 
vn 0.015748 1 0 
vn 0.015748 1 0 
vn -0.015748 1 0 
vn 0.015748 -1 0 
vn -0.015748 -1 0 
vn -1 0 0 
vn -0.724409 0.692913 0 
vn -0.708661 0.700787 0 
vn -1 0 0 
vn -1 0 0 
vn -0.724409 -0.692913 0 
vn -1 0 0 
vn -0.708661 -0.700787 0 
vn 0.220472 0 -0.976378 
vn 0.220472 0 -0.976378 
vn 0.220472 0 -0.976378 
vn 0.220472 0 -0.976378 
vn 0.220472 0 -0.976378 
vn 0.220472 0 -0.976378 
vn -0.220472 0 -0.976378 
vn -0.220472 0 -0.976378 
vn -0.708661 0.700787 0 
vn -0.708661 -0.700787 0 
vn 0 0 -1 
vn 0 0 -1 
vn 0 0 -1 
vn 0 0 -1 
vn 0 0 -1 
vn 0 0 -1 
vn 0 0 -1 
vn 0 0 -1 
vn 0 0 1 
vn 0 0 1 
vn 0 0 1 
vn 0 0 1 
vn 0 0 1 
vn 0 0 1 
vn 0 0 1 
vn 0 0 1 
vn -0.708661 0.708661 0 
vn -0.708661 0.708661 0 
vn -1 0 0 
vn -1 0 0 
vn -0.708661 -0.708661 0 
vn -0.708661 -0.708661 0 
vn -0.708661 -0.708661 0 
vn -0.708661 -0.708661 0 
vn -1 0 0 
vn -1 0 0 
vn -0.708661 0.708661 0 
vn -0.708661 0.708661 0 
vn -0.220472 0 0.976378 
vn -0.220472 0 0.976378 
vn 0.220472 0 0.976378 
vn 0.220472 0 0.976378 
vn -0.220472 0 0.976378 
vn -0.220472 0 0.976378 
vn -0.724409 0.692913 0 
vn -1 0 0 
vn -0.708661 0.700787 0 
vn -1 0 0 
vn -0.724409 -0.692913 0 
vn -1 0 0 
vn -1 0 0 
vn -0.708661 -0.700787 0 
vn -0.724409 -0.692913 0 
vn -1 0 0 
vn -1 0 0 
vn -0.708661 -0.700787 0 
vn -0.724409 0.692913 0 
vn -1 0 0 
vn -0.708661 0.700787 0 
vn -1 0 0 
vn -0.724409 -0.692913 0 
vn -0.708661 -0.700787 0 
vn 1 0 0 
vn 1 0 0 
vn 1 0 0 
vn 0.724409 -0.692913 0 
vn 1 0 0 
vn -0.708661 -0.700787 0 
vn -0.015748 -1 0 
vn -0.724409 -0.692913 0 
vn 0.015748 -1 0 
vn 0.708661 -0.700787 0 
vn 0.015748 -1 0 
vn -0.015748 -1 0 
vn 0.724409 -0.692913 0 
vn -0.724409 -0.692913 0 
vn -0.708661 -0.700787 0 
vn 0.724409 -0.692913 0 
vn 0.220472 0 -0.976378 
vn 0.220472 0 -0.976378 
vn 0.220472 0 -0.976378 
vn 0.220472 0 -0.976378 
vn 0.220472 0 -0.976378 
vn -0.220472 0 -0.976378 
vn -0.220472 0 -0.976378 
vn -0.220472 0 -0.976378 
vn -0.015748 -1 0 
vn -0.708661 -0.700787 0 
vn -0.724409 -0.692913 0 
vn 0.015748 -1 0 
vn 0.015748 -1 0 
vn 0.708661 -0.700787 0 
vn -0.015748 -1 0 
vn 0.724409 -0.692913 0 
vn 0 0 -1 
vn 0 0 -1 
vn 0 0 -1 
vn 0 0 -1 
vn 0 0 1 
vn 0 0 1 
vn 0 0 1 
vn 0 0 1 
vn -0.708661 -0.708661 0 
vn -0.708661 -0.708661 0 
vn 0 -1 0 
vn 0 -1 0 
vn 0.708661 -0.708661 0 
vn 0.708661 -0.708661 0 
vn 0.708661 -0.708661 0 
vn 0.708661 -0.708661 0 
vn 0 -1 0 
vn 0 -1 0 
vn -0.708661 -0.708661 0 
vn -0.708661 -0.708661 0 
vn -0.220472 0 0.976378 
vn -0.220472 0 0.976378 
vn 0.220472 0 0.976378 
vn 0.220472 0 0.976378 
vn -0.220472 0 0.976378 
vn 0.708661 -0.700787 0 
vn 0.015748 -1 0 
vn -0.015748 -1 0 
vn 0.724409 -0.692913 0 
vn -0.708661 -0.700787 0 
vn -0.015748 -1 0 
vn -0.724409 -0.692913 0 
vn 0.015748 -1 0 
vn -0.015748 -1 0 
vn -0.708661 -0.700787 0 
vn -0.724409 -0.692913 0 
vn 0.015748 -1 0 
vn 0.015748 -1 0 
vn 0.708661 -0.700787 0 
vn -0.015748 -1 0 
vn 0.724409 -0.692913 0 
vn -0.708661 -0.700787 0 
vn -0.708661 0.700787 0 
vn 1 0 0 
vn 1 0 0 
vn 0.015748 1 0 
vn -0.015748 1 0 
vn -0.015748 -1 0 
vn -0.708661 0.700787 0 
vn -0.708661 -0.700787 0 
vn 0.220472 0 -0.976378 
vn 0.220472 0 -0.976378 
vn 0.220472 0 -0.976378 
vn 0.220472 0 -0.976378 
vn 0.220472 0 -0.976378 
vn 0.220472 0 -0.976378 
vn 0.220472 0 -0.976378 
vn 0.220472 0 -0.976378 
vn 0.220472 0 -0.976378 
vn 0.220472 0 -0.976378 
vn 0.220472 0 -0.976378 
vn 0.220472 0 -0.976378 
vn 0.220472 0 -0.976378 
vn 0.220472 0 -0.976378 
vn 0.220472 0 -0.976378 
vn 0.220472 0 -0.976378 
vn -0.220472 0 -0.976378 
vn -0.220472 0 -0.976378 
vn -0.220472 0 -0.976378 
vn -0.220472 0 -0.976378 
vn -0.220472 0 -0.976378 
vn -0.220472 0 -0.976378 
vn -0.220472 0 -0.976378 
vn -0.220472 0 -0.976378 
vn -0.220472 0 -0.976378 
vn -0.220472 0 -0.976378 
vn -0.220472 0 -0.976378 
vn -0.220472 0 -0.976378 
vn -0.220472 0 -0.976378 
vn -0.220472 0 -0.976378 
vn -0.220472 0 -0.976378 
vn -0.220472 0 -0.976378 
vn 0 0 -1 
vn 0 0 -1 
vn 0 0 -1 
vn 0 0 -1 
vn 0 0 -1 
vn 0 0 -1 
vn 0 0 -1 
vn 0 0 -1 
vn 0 0 -1 
vn 0 0 -1 
vn 0 0 -1 
vn 0 0 -1 
vn 0 0 -1 
vn 0 0 -1 
vn 0 0 -1 
vn 0 0 -1 

vt 27.9599 -35.1572 
vt 28.0177 -35.1572 
vt 28.017 -34.8548 
vt 27.9598 -34.8428 
vt 27.9587 -34.8548 
vt 28.0181 -34.8428 
vt 28.017 -35.1452 
vt 27.9598 -35.1572 
vt 28.0181 -35.1572 
vt 27.9587 -35.1452 
vt 27.9626 -35.1622 
vt 27.9626 -34.8378 
vt 28.0203 -34.8378 
vt 27.9625 -34.8378 
vt 28.0208 -34.8378 
vt 27.9625 -35.1622 
vt 28.0208 -35.1622 
vt 28.017 -34.8548 
vt 27.9598 -34.8668 
vt 28.0181 -34.8668 
vt 27.9587 -34.8548 
vt 28.017 -35.1452 
vt 27.9598 -35.1332 
vt 27.9587 -35.1452 
vt 28.0181 -35.1332 
vt 28.0208 -34.8717 
vt 28.0208 -35.1283 
vt 28.023 -35.1332 
vt 28.0203 -35.1283 
vt 28.023 -35.1572 
vt 28.0241 -34.8548 
vt 28.023 -34.8428 
vt 28.023 -34.8668 
vt 28.0203 -34.8717 
vt 27.9653 -34.8428 
vt 28.0413 -35.1332 
vt 28.0413 -35.1283 
vt 28.0413 -35.1622 
vt 28.0413 -34.8378 
vt 28.0413 -34.8428 
vt 28.0413 -34.8717 
vt 27.9838 -35.1572 
vt 27.9838 -35.1622 
vt 27.9838 -35.1332 
vt 27.9838 -35.1283 
vt 27.9838 -34.8668 
vt 27.9838 -34.8717 
vt 27.9838 -34.8378 
vt 27.9838 -34.8428 
vt 28.0413 -35.1572 
vt 27.9838 -35.1572 
vt 28.0413 -35.1452 
vt 27.9838 -35.1452 
vt 28.0413 -35.1332 
vt 27.9838 -35.1332 
vt 27.9838 -34.8428 
vt 28.0413 -34.8428 
vt 27.9838 -34.8548 
vt 28.0413 -34.8548 
vt 27.9838 -34.8668 
vt 28.0413 -34.8668 
vt 27.9625 -34.8717 
vt 27.9653 -35.1332 
vt 27.9626 -35.1283 
vt 27.9626 -34.8717 
vt 27.9664 -34.8548 
vt 27.9625 -35.1283 
vt 28.023 -35.1572 
vt 27.9664 -35.1452 
vt 27.9653 -35.1572 
vt 28.0241 -35.1452 
vt 28.023 -34.8428 
vt 27.9664 -34.8548 
vt 28.0241 -34.8548 
vt 27.9653 -34.8428 
vt 28.023 -35.1332 
vt 27.9664 -35.1452 
vt 28.0241 -35.1452 
vt 27.9653 -35.1332 
vt 28.023 -34.8668 
vt 27.9664 -34.8548 
vt 27.9653 -34.8668 
vt 28.0241 -34.8548 
vt 28.2316 -34.9599 
vt 28.2316 -35.0177 
vt 28.2316 -34.9599 
vt 28.2316 -35.0177 
vt 27.7636 -35.017 
vt 27.7684 -34.9598 
vt 27.7636 -34.9587 
vt 27.7636 -35.017 
vt 27.7636 -34.9587 
vt 28.2316 -35.0177 
vt 28.22 -34.9626 
vt 28.22 -35.0203 
vt 28.2316 -34.9599 
vt 27.7684 -35.0181 
vt 27.78 -34.9625 
vt 27.7684 -34.9598 
vt 27.78 -35.0208 
vt 28.2316 -34.9599 
vt 28.2316 -35.0177 
vt 27.7684 -34.9598 
vt 27.7916 -35.0234 
vt 27.7964 -35.0245 
vt 27.7916 -35.0234 
vt 27.78 -35.0208 
vt 27.7964 -35.0245 
vt 28.2036 -35.0241 
vt 28.2084 -35.023 
vt 28.2084 -35.023 
vt 27.78 -35.0208 
vt 27.7916 -34.9652 
vt 27.78 -34.9625 
vt 27.7916 -35.0234 
vt 28.22 -35.0203 
vt 28.2084 -34.9653 
vt 28.2084 -35.023 
vt 28.22 -34.9626 
vt 28.012 -35.0413 
vt 27.988 -35.0413 
vt 27.988 -35.0413 
vt 28.012 -35.0413 
vt 28.0169 -34.9838 
vt 27.988 -34.9838 
vt 28.0169 -34.9838 
vt 27.988 -34.9838 
vt 28.012 -35.0413 
vt 28 -34.9838 
vt 28 -35.0413 
vt 28.012 -34.9838 
vt 27.988 -35.0413 
vt 27.988 -34.9838 
vt 28 -35.0413 
vt 28 -34.9838 
vt 28 -35.0413 
vt 27.988 -34.9838 
vt 27.988 -35.0413 
vt 28 -34.9838 
vt 28.012 -34.9838 
vt 28.012 -35.0413 
vt 28 -34.9838 
vt 28 -35.0413 
vt 27.7964 -34.9663 
vt 28.2036 -34.9664 
vt 28.2084 -34.9653 
vt 27.7964 -34.9663 
vt 27.7916 -34.9652 
vt 28.2316 -35.0177 
vt 28.22 -34.9626 
vt 28.22 -35.0203 
vt 28.2316 -34.9599 
vt 27.7684 -35.0181 
vt 27.78 -34.9625 
vt 27.7684 -34.9598 
vt 27.78 -35.0208 
vt 28.22 -35.0203 
vt 28.2084 -34.9653 
vt 28.2084 -35.023 
vt 28.22 -34.9626 
vt 27.78 -35.0208 
vt 27.7916 -34.9652 
vt 27.78 -34.9625 
vt 27.7916 -35.0234 
vt 27.7684 -35.1572 
vt 27.7684 -34.8428 
vt 28.2316 -34.8428 
vt 28.2364 -34.8548 
vt 28.2316 -35.1572 
vt 28.2364 -35.1452 
vt 27.78 -35.1622 
vt 27.78 -34.8378 
vt 27.7684 -35.1332 
vt 27.7684 -34.8668 
vt 28.2316 -34.8668 
vt 28.2316 -35.1332 
vt 28.2084 -34.8428 
vt 27.7916 -34.8428 
vt 28.2084 -35.1572 
vt 28.012 -35.1572 
vt 27.9831 -35.1452 
vt 27.988 -35.1572 
vt 28 -35.1622 
vt 28.0169 -35.1452 
vt 27.988 -35.1332 
vt 28.012 -35.1332 
vt 28 -35.1283 
vt 28.012 -34.8668 
vt 27.9831 -34.8548 
vt 27.988 -34.8668 
vt 28 -34.8717 
vt 28.0169 -34.8548 
vt 28 -34.8378 
vt 28.012 -34.8428 
vt 27.988 -34.8428 
vt 28.2084 -34.8668 
vt 28.2364 -34.8548 
vt 28.2036 -34.8548 
vt 28.2084 -34.8428 
vt 28.2316 -34.8668 
vt 28.22 -34.8717 
vt 28.2316 -34.8428 
vt 28.22 -34.8378 
vt 27.7916 -35.1572 
vt 27.7636 -35.1452 
vt 27.7684 -35.1572 
vt 27.78 -35.1622 
vt 27.7964 -35.1452 
vt 27.7684 -35.1332 
vt 27.7916 -35.1332 
vt 27.78 -35.1283 
vt 27.7916 -34.8668 
vt 27.7636 -34.8548 
vt 27.7684 -34.8668 
vt 27.78 -34.8717 
vt 27.7964 -34.8548 
vt 27.7684 -34.8428 
vt 27.7916 -34.8428 
vt 27.78 -34.8378 
vt 28.2084 -35.1572 
vt 28.2364 -35.1452 
vt 28.2036 -35.1452 
vt 28.2084 -35.1332 
vt 28.2316 -35.1572 
vt 28.22 -35.1622 
vt 28.2316 -35.1332 
vt 28.22 -35.1283 
vt 27.9834 -35.1452 
vt 28.0401 -35.1572 
vt 28.0412 -35.1452 
vt 27.9823 -35.1572 
vt 27.9834 -34.8548 
vt 28.0401 -34.8428 
vt 27.9823 -34.8428 
vt 28.0412 -34.8548 
vt 28.0374 -34.8378 
vt 27.9797 -34.8378 
vt 28.0375 -34.8378 
vt 27.9792 -34.8378 
vt 28.0375 -35.1622 
vt 27.9792 -35.1622 
vt 27.9834 -35.1452 
vt 28.0401 -35.1332 
vt 27.9823 -35.1332 
vt 28.0412 -35.1452 
vt 27.9834 -34.8548 
vt 28.0401 -34.8668 
vt 28.0412 -34.8548 
vt 27.9823 -34.8668 
vt 27.9766 -34.8428 
vt 27.9766 -34.8668 
vt 27.9792 -34.8717 
vt 27.9766 -35.1332 
vt 27.9792 -35.1283 
vt 27.9766 -35.1572 
vt 27.9797 -35.1283 
vt 27.9797 -34.8717 
vt 28.0348 -34.8428 
vt 28.0348 -35.1572 
vt 27.9587 -35.1332 
vt 27.9587 -35.1283 
vt 27.9587 -35.1572 
vt 27.9587 -35.1622 
vt 27.9587 -34.8378 
vt 27.9587 -34.8428 
vt 27.9587 -34.8668 
vt 27.9587 -34.8717 
vt 28.0162 -35.1452 
vt 28.0162 -35.1572 
vt 28.0162 -35.1622 
vt 28.0162 -35.1283 
vt 28.0162 -34.8548 
vt 28.0162 -34.8668 
vt 28.0162 -34.8717 
vt 28.0162 -34.8378 
vt 27.9587 -35.1332 
vt 28.0162 -35.1332 
vt 27.9587 -35.1452 
vt 28.0162 -35.1452 
vt 27.9587 -35.1572 
vt 28.0162 -35.1572 
vt 28.0162 -34.8668 
vt 27.9587 -34.8668 
vt 28.0162 -34.8548 
vt 27.9587 -34.8548 
vt 28.0162 -34.8428 
vt 27.9587 -34.8428 
vt 28.0348 -34.8668 
vt 28.0375 -34.8717 
vt 28.0374 -35.1283 
vt 28.0374 -34.8717 
vt 28.0348 -35.1332 
vt 28.0375 -35.1283 
vt 27.9766 -34.8428 
vt 28.0337 -34.8548 
vt 28.0348 -34.8428 
vt 27.9755 -34.8548 
vt 27.9766 -35.1572 
vt 28.0337 -35.1452 
vt 27.9755 -35.1452 
vt 28.0348 -35.1572 
vt 27.9766 -34.8668 
vt 28.0337 -34.8548 
vt 27.9755 -34.8548 
vt 28.0348 -34.8668 
vt 27.9766 -35.1332 
vt 28.0337 -35.1452 
vt 28.0348 -35.1332 
vt 27.9755 -35.1452 
vt 27.7684 -34.9599 
vt 27.7684 -35.0177 
vt 28.2364 -35.017 
vt 28.2364 -34.9587 
vt 28.2364 -35.017 
vt 28.2316 -34.9598 
vt 28.2364 -34.9587 
vt 27.7684 -35.0177 
vt 27.78 -34.9626 
vt 27.7684 -34.9599 
vt 27.78 -35.0203 
vt 28.2316 -35.0181 
vt 28.22 -34.9625 
vt 28.22 -35.0208 
vt 28.2316 -34.9598 
vt 27.7684 -34.9599 
vt 27.7684 -35.0177 
vt 28.2316 -34.9598 
vt 28.2036 -35.0245 
vt 28.2084 -35.0234 
vt 28.22 -35.0208 
vt 28.2036 -35.0245 
vt 28.2084 -35.0234 
vt 27.7964 -35.0241 
vt 27.7916 -35.023 
vt 27.7916 -35.023 
vt 28.22 -35.0208 
vt 28.2084 -34.9652 
vt 28.2084 -35.0234 
vt 28.22 -34.9625 
vt 27.78 -35.0203 
vt 27.7916 -34.9653 
vt 27.78 -34.9626 
vt 27.7916 -35.023 
vt 27.988 -35.0413 
vt 28 -35.0413 
vt 27.988 -35.0413 
vt 28 -35.0413 
vt 28.012 -34.9838 
vt 27.988 -34.9838 
vt 28.012 -34.9838 
vt 27.988 -34.9838 
vt 27.988 -35.0413 
vt 27.988 -34.9838 
vt 28 -35.0413 
vt 28 -34.9838 
vt 28.012 -35.0413 
vt 28.012 -34.9838 
vt 28.012 -34.9838 
vt 28.012 -35.0413 
vt 28 -34.9838 
vt 28 -35.0413 
vt 27.988 -34.9838 
vt 27.988 -35.0413 
vt 28.2084 -34.9652 
vt 28.2036 -34.9663 
vt 27.7964 -34.9664 
vt 27.78 -34.9626 
vt 28.2036 -34.9663 
vt 28.2316 -35.0181 
vt 28.22 -34.9625 
vt 28.22 -35.0208 
vt 28.2316 -34.9598 
vt 27.7684 -35.0177 
vt 27.78 -34.9626 
vt 27.7684 -34.9599 
vt 27.78 -35.0203 
vt 28.22 -35.0208 
vt 28.2084 -34.9652 
vt 28.2084 -35.0234 
vt 28.22 -34.9625 
vt 27.78 -35.0203 
vt 27.7916 -34.9653 
vt 27.78 -34.9626 
vt 27.7916 -35.023 
vt 28.2316 -35.1572 
vt 28.2316 -34.8428 
vt 27.7636 -34.8548 
vt 27.7636 -35.1452 
vt 28.22 -34.8378 
vt 27.78 -34.8378 
vt 27.78 -35.1622 
vt 28.2316 -35.1332 
vt 28.2316 -34.8668 
vt 27.7636 -34.8548 
vt 27.7916 -34.8428 
vt 27.7684 -34.8428 
vt 27.78 -34.8378 
vt 27.7964 -34.8548 
vt 27.7916 -34.8668 
vt 27.7684 -34.8668 
vt 27.78 -34.8717 
vt 27.7636 -35.1452 
vt 27.7916 -35.1332 
vt 27.7684 -35.1332 
vt 27.78 -35.1283 
vt 27.7964 -35.1452 
vt 27.7916 -35.1572 
vt 27.7684 -35.1572 
vt 27.78 -35.1622 
vt 28.2036 -35.1452 
vt 28.2316 -35.1332 
vt 28.2084 -35.1332 
vt 28.22 -35.1283 
vt 28.2364 -35.1452 
vt 28.2316 -35.1572 
vt 28.2084 -35.1572 
vt 28.22 -35.1622 
vt 28.2036 -34.8548 
vt 28.2316 -34.8428 
vt 28.2084 -34.8428 
vt 28.22 -34.8378 
vt 28.2364 -34.8548 
vt 28.2316 -34.8668 
vt 28.2084 -34.8668 
vt 28.22 -34.8717 
vt 27.9831 -35.1452 
vt 28.012 -35.1332 
vt 27.988 -35.1332 
vt 28 -35.1283 
vt 28.0169 -35.1452 
vt 28.012 -35.1572 
vt 27.988 -35.1572 
vt 28 -35.1622 
vt 27.9831 -34.8548 
vt 28 -34.8378 
vt 27.988 -34.8428 
vt 28.0169 -34.8548 
vt 28.012 -34.8428 
vt 28.012 -34.8668 
vt 27.988 -34.8668 
vt 28 -34.8717 

usemtl Meshpart3Mtl

f 1062/1062/1062 1063/1063/1063 1064/1064/1064 
f 1063/1063/1063 1062/1062/1062 1065/1065/1065 
f 1066/1066/1066 1067/1067/1067 1068/1068/1068 
f 1067/1067/1067 1066/1066/1066 1069/1069/1069 
f 1077/1077/1077 1078/1078/1078 1079/1079/1079 
f 1078/1078/1078 1077/1077/1077 1080/1080/1080 
f 1081/1081/1081 1082/1082/1082 1083/1083/1083 
f 1082/1082/1082 1081/1081/1081 1084/1084/1084 
f 1111/1111/1111 1110/1110/1110 1109/1109/1109 
f 1110/1110/1110 1111/1111/1111 1112/1112/1112 
f 1113/1113/1113 1112/1112/1112 1111/1111/1111 
f 1112/1112/1112 1113/1113/1113 1114/1114/1114 
f 1117/1117/1117 1116/1116/1116 1115/1115/1115 
f 1116/1116/1116 1117/1117/1117 1118/1118/1118 
f 1119/1119/1119 1118/1118/1118 1117/1117/1117 
f 1118/1118/1118 1119/1119/1119 1120/1120/1120 
f 1127/1127/1127 1128/1128/1128 1129/1129/1129 
f 1128/1128/1128 1127/1127/1127 1130/1130/1130 
f 1131/1131/1131 1132/1132/1132 1133/1133/1133 
f 1132/1132/1132 1131/1131/1131 1134/1134/1134 
f 1135/1135/1135 1136/1136/1136 1137/1137/1137 
f 1136/1136/1136 1135/1135/1135 1138/1138/1138 
f 1139/1139/1139 1140/1140/1140 1141/1141/1141 
f 1140/1140/1140 1139/1139/1139 1142/1142/1142 
f 1152/1152/1152 1153/1153/1153 1154/1154/1154 
f 1153/1153/1153 1152/1152/1152 1155/1155/1155 
f 1156/1156/1156 1157/1157/1157 1158/1158/1158 
f 1157/1157/1157 1156/1156/1156 1159/1159/1159 
f 1171/1171/1171 1172/1172/1172 1173/1173/1173 
f 1172/1172/1172 1171/1171/1171 1174/1174/1174 
f 1175/1175/1175 1176/1176/1176 1177/1177/1177 
f 1176/1176/1176 1175/1175/1175 1178/1178/1178 
f 1187/1187/1187 1188/1188/1188 1189/1189/1189 
f 1188/1188/1188 1187/1187/1187 1190/1190/1190 
f 1193/1193/1193 1192/1192/1192 1191/1191/1191 
f 1192/1192/1192 1193/1193/1193 1194/1194/1194 
f 1195/1195/1195 1196/1196/1196 1197/1197/1197 
f 1196/1196/1196 1195/1195/1195 1198/1198/1198 
f 1201/1201/1201 1200/1200/1200 1199/1199/1199 
f 1200/1200/1200 1201/1201/1201 1202/1202/1202 
f 1208/1208/1208 1209/1209/1209 1210/1210/1210 
f 1209/1209/1209 1208/1208/1208 1211/1211/1211 
f 1212/1212/1212 1213/1213/1213 1214/1214/1214 
f 1213/1213/1213 1212/1212/1212 1215/1215/1215 
f 1216/1216/1216 1217/1217/1217 1218/1218/1218 
f 1217/1217/1217 1216/1216/1216 1219/1219/1219 
f 1220/1220/1220 1221/1221/1221 1222/1222/1222 
f 1221/1221/1221 1220/1220/1220 1223/1223/1223 
f 1239/1239/1239 1240/1240/1240 1241/1241/1241 
f 1239/1239/1239 1241/1241/1241 1242/1242/1242 
f 1243/1243/1243 1240/1240/1240 1239/1239/1239 
f 1240/1240/1240 1243/1243/1243 1244/1244/1244 
f 1245/1245/1245 1244/1244/1244 1243/1243/1243 
f 1244/1244/1244 1245/1245/1245 1246/1246/1246 
f 1247/1247/1247 1248/1248/1248 1249/1249/1249 
f 1247/1247/1247 1249/1249/1249 1250/1250/1250 
f 1251/1251/1251 1248/1248/1248 1247/1247/1247 
f 1248/1248/1248 1251/1251/1251 1252/1252/1252 
f 1252/1252/1252 1251/1251/1251 1253/1253/1253 
f 1248/1248/1248 1252/1252/1252 1254/1254/1254 
f 1255/1255/1255 1256/1256/1256 1257/1257/1257 
f 1256/1256/1256 1258/1258/1258 1257/1257/1257 
f 1256/1256/1256 1255/1255/1255 1259/1259/1259 
f 1259/1259/1259 1255/1255/1255 1260/1260/1260 
f 1261/1261/1261 1258/1258/1258 1256/1256/1256 
f 1258/1258/1258 1261/1261/1261 1262/1262/1262 
f 1263/1263/1263 1264/1264/1264 1265/1265/1265 
f 1263/1263/1263 1265/1265/1265 1266/1266/1266 
f 1267/1267/1267 1264/1264/1264 1263/1263/1263 
f 1264/1264/1264 1267/1267/1267 1268/1268/1268 
f 1269/1269/1269 1268/1268/1268 1267/1267/1267 
f 1268/1268/1268 1269/1269/1269 1270/1270/1270 
f 1271/1271/1271 1272/1272/1272 1273/1273/1273 
f 1271/1271/1271 1273/1273/1273 1274/1274/1274 
f 1275/1275/1275 1272/1272/1272 1271/1271/1271 
f 1275/1275/1275 1276/1276/1276 1272/1272/1272 
f 1277/1277/1277 1276/1276/1276 1275/1275/1275 
f 1276/1276/1276 1277/1277/1277 1278/1278/1278 
f 1279/1279/1279 1280/1280/1280 1281/1281/1281 
f 1281/1281/1281 1280/1280/1280 1282/1282/1282 
f 1280/1280/1280 1279/1279/1279 1283/1283/1283 
f 1283/1283/1283 1279/1279/1279 1284/1284/1284 
f 1285/1285/1285 1282/1282/1282 1280/1280/1280 
f 1282/1282/1282 1285/1285/1285 1286/1286/1286 
f 1287/1287/1287 1288/1288/1288 1289/1289/1289 
f 1288/1288/1288 1287/1287/1287 1290/1290/1290 
f 1291/1291/1291 1292/1292/1292 1293/1293/1293 
f 1292/1292/1292 1291/1291/1291 1294/1294/1294 
f 1301/1301/1301 1302/1302/1302 1303/1303/1303 
f 1302/1302/1302 1301/1301/1301 1304/1304/1304 
f 1305/1305/1305 1306/1306/1306 1307/1307/1307 
f 1306/1306/1306 1305/1305/1305 1308/1308/1308 
f 1337/1337/1337 1336/1336/1336 1335/1335/1335 
f 1336/1336/1336 1337/1337/1337 1338/1338/1338 
f 1339/1339/1339 1338/1338/1338 1337/1337/1337 
f 1338/1338/1338 1339/1339/1339 1340/1340/1340 
f 1343/1343/1343 1342/1342/1342 1341/1341/1341 
f 1342/1342/1342 1343/1343/1343 1344/1344/1344 
f 1345/1345/1345 1344/1344/1344 1343/1343/1343 
f 1344/1344/1344 1345/1345/1345 1346/1346/1346 
f 1353/1353/1353 1354/1354/1354 1355/1355/1355 
f 1354/1354/1354 1353/1353/1353 1356/1356/1356 
f 1357/1357/1357 1358/1358/1358 1359/1359/1359 
f 1358/1358/1358 1357/1357/1357 1360/1360/1360 
f 1361/1361/1361 1362/1362/1362 1363/1363/1363 
f 1362/1362/1362 1361/1361/1361 1364/1364/1364 
f 1365/1365/1365 1366/1366/1366 1367/1367/1367 
f 1366/1366/1366 1365/1365/1365 1368/1368/1368 
f 1376/1376/1376 1377/1377/1377 1378/1378/1378 
f 1377/1377/1377 1376/1376/1376 1379/1379/1379 
f 1380/1380/1380 1381/1381/1381 1382/1382/1382 
f 1381/1381/1381 1380/1380/1380 1383/1383/1383 
f 1395/1395/1395 1396/1396/1396 1397/1397/1397 
f 1396/1396/1396 1395/1395/1395 1398/1398/1398 
f 1399/1399/1399 1400/1400/1400 1401/1401/1401 
f 1400/1400/1400 1399/1399/1399 1402/1402/1402 
f 1413/1413/1413 1412/1412/1412 1411/1411/1411 
f 1412/1412/1412 1413/1413/1413 1414/1414/1414 
f 1415/1415/1415 1414/1414/1414 1413/1413/1413 
f 1414/1414/1414 1415/1415/1415 1416/1416/1416 
f 1419/1419/1419 1418/1418/1418 1417/1417/1417 
f 1418/1418/1418 1419/1419/1419 1420/1420/1420 
f 1421/1421/1421 1420/1420/1420 1419/1419/1419 
f 1420/1420/1420 1421/1421/1421 1422/1422/1422 
f 1428/1428/1428 1429/1429/1429 1430/1430/1430 
f 1429/1429/1429 1428/1428/1428 1431/1431/1431 
f 1432/1432/1432 1433/1433/1433 1434/1434/1434 
f 1433/1433/1433 1432/1432/1432 1435/1435/1435 
f 1436/1436/1436 1437/1437/1437 1438/1438/1438 
f 1437/1437/1437 1436/1436/1436 1439/1439/1439 
f 1440/1440/1440 1441/1441/1441 1442/1442/1442 
f 1441/1441/1441 1440/1440/1440 1443/1443/1443 
f 1453/1453/1453 1454/1454/1454 1455/1455/1455 
f 1455/1455/1455 1454/1454/1454 1456/1456/1456 
f 1453/1453/1453 1457/1457/1457 1454/1454/1454 
f 1457/1457/1457 1453/1453/1453 1458/1458/1458 
f 1458/1458/1458 1453/1453/1453 1459/1459/1459 
f 1458/1458/1458 1459/1459/1459 1460/1460/1460 
f 1461/1461/1461 1462/1462/1462 1463/1463/1463 
f 1463/1463/1463 1462/1462/1462 1464/1464/1464 
f 1461/1461/1461 1465/1465/1465 1462/1462/1462 
f 1465/1465/1465 1461/1461/1461 1466/1466/1466 
f 1466/1466/1466 1461/1461/1461 1467/1467/1467 
f 1466/1466/1466 1467/1467/1467 1468/1468/1468 
f 1469/1469/1469 1470/1470/1470 1471/1471/1471 
f 1471/1471/1471 1470/1470/1470 1472/1472/1472 
f 1469/1469/1469 1473/1473/1473 1470/1470/1470 
f 1473/1473/1473 1469/1469/1469 1474/1474/1474 
f 1474/1474/1474 1469/1469/1469 1475/1475/1475 
f 1474/1474/1474 1475/1475/1475 1476/1476/1476 
f 1477/1477/1477 1478/1478/1478 1479/1479/1479 
f 1479/1479/1479 1478/1478/1478 1480/1480/1480 
f 1477/1477/1477 1481/1481/1481 1478/1478/1478 
f 1481/1481/1481 1477/1477/1477 1482/1482/1482 
f 1482/1482/1482 1477/1477/1477 1483/1483/1483 
f 1482/1482/1482 1483/1483/1483 1484/1484/1484 
f 1485/1485/1485 1486/1486/1486 1487/1487/1487 
f 1487/1487/1487 1486/1486/1486 1488/1488/1488 
f 1485/1485/1485 1489/1489/1489 1486/1486/1486 
f 1489/1489/1489 1485/1485/1485 1490/1490/1490 
f 1490/1490/1490 1485/1485/1485 1491/1491/1491 
f 1490/1490/1490 1491/1491/1491 1492/1492/1492 
f 1493/1493/1493 1494/1494/1494 1495/1495/1495 
f 1493/1493/1493 1496/1496/1496 1494/1494/1494 
f 1494/1494/1494 1496/1496/1496 1497/1497/1497 
f 1496/1496/1496 1493/1493/1493 1498/1498/1498 
f 1499/1499/1499 1498/1498/1498 1493/1493/1493 
f 1498/1498/1498 1499/1499/1499 1500/1500/1500 

g Meshpart4

v -292.668 -0.293515 0.308193 
v -287.055 0.141953 0.0762728 
v -287.055 7.49026 0.0762728 
v -287.055 7.49026 0.340273 
v -287.161 7.92573 0.308193 
v -287.161 7.92573 0.0441929 
v -287.055 0.141953 0.340273 
v -287.161 -0.293515 0.308193 
v -287.161 -0.293515 0.0441929 
v -291.957 4.98211 -0.0986091 
v -292.115 4.98211 0.198799 
v -292.115 4.98211 -0.0650651 
v -292.115 6.83011 0.197705 
v -292.115 4.98211 0.198799 
v -292.115 6.83011 -0.0650651 
v -287.418 8.10611 -0.00185914 
v -287.872 8.10611 -0.0986091 
v -287.872 8.10611 0.165391 
v -288.689 8.10611 -0.0291052 
v -287.418 8.10611 0.262141 
v -287.161 7.92573 0.0441929 
v -287.161 7.92573 0.308193 
v -288.689 8.10611 -0.293105 
v -289.506 8.10611 -0.108011 
v -289.506 8.10611 -0.372011 
v -290.323 8.10611 -0.108011 
v -290.323 8.10611 -0.372011 
v -291.14 8.10611 -0.293105 
v -291.14 8.10611 -0.0291052 
v -291.957 8.10611 -0.0986091 
v -291.957 8.10611 0.165391 
v -292.411 8.10611 -0.00185914 
v -292.411 8.10611 0.262141 
v -292.668 7.92573 0.0441929 
v -292.668 7.92573 0.308193 
v -292.115 4.98211 -0.0650651 
v -291.957 4.98211 0.165391 
v -291.957 4.98211 -0.0986091 
v -292.104 4.98211 0.196615 
v -292.115 4.98211 0.198799 
v -291.14 4.98211 -0.0291052 
v -291.14 4.98211 -0.293105 
v -290.323 4.98211 -0.108011 
v -290.323 4.98211 -0.372011 
v -289.506 4.98211 -0.108011 
v -289.506 4.98211 -0.372011 
v -288.689 4.98211 -0.293105 
v -288.689 4.98211 -0.0291052 
v -287.872 4.98211 -0.0986091 
v -287.872 4.98211 0.165391 
v -287.725 4.98211 -0.0673851 
v -287.714 4.98211 0.198935 
v -287.714 4.98211 -0.0652012 
v -287.872 -0.473891 -0.0986091 
v -289.506 -0.473891 -0.372011 
v -287.161 -0.293515 0.308193 
v -290.323 -0.473891 -0.372011 
v -291.14 -0.473891 -0.293105 
v -291.957 -0.473891 -0.0986091 
v -292.668 -0.293515 0.0441929 
v -292.668 -0.293515 0.308193 
v -287.872 8.10611 -0.0986091 
v -287.161 7.92573 0.308193 
v -290.323 8.10611 -0.372011 
v -291.14 8.10611 -0.0291052 
v -292.668 7.92573 0.308193 
v -287.055 7.49026 0.340273 
v -292.774 7.49026 0.0762728 
v -292.774 7.49026 0.340273 
v -291.957 4.98211 -0.0986091 
v -292.115 4.98211 0.198799 
v -290.323 4.98211 -0.372011 
v -289.506 4.98211 -0.372011 
v -287.872 4.98211 -0.0986091 
v -287.725 4.98211 -0.0673851 
v -287.812 6.83011 -0.0858552 
v -287.872 6.83011 -0.0986091 
v -287.714 6.83011 -0.0662971 
v -289.506 6.83011 -0.372011 
v -291.957 6.83011 -0.0986091 
v -292.115 6.83011 -0.0650651 
v -292.774 7.49026 0.340273 
v -292.115 4.98211 0.198799 
v -292.115 6.83011 0.197705 
v -292.411 8.10611 0.262141 
v -292.668 7.92573 0.308193 
v -291.957 8.10611 0.165391 
v -292.017 6.83011 0.178145 
v -291.957 6.83011 0.165391 
v -291.14 6.83011 -0.0291052 
v -291.14 8.10611 -0.0291052 
v -290.323 6.83011 -0.108011 
v -290.323 8.10611 -0.108011 
v -289.506 8.10611 -0.108011 
v -289.506 6.83011 -0.108011 
v -288.689 6.83011 -0.0291052 
v -288.689 8.10611 -0.0291052 
v -287.872 6.83011 0.165391 
v -287.872 8.10611 0.165391 
v -287.714 6.83011 0.198935 
v -287.055 7.49026 0.340273 
v -287.714 4.98211 0.198935 
v -287.055 0.141953 0.340273 
v -287.418 8.10611 0.262141 
v -287.161 7.92573 0.308193 
v -287.418 -0.473891 0.262141 
v -287.161 -0.293515 0.308193 
v -287.872 -0.473891 0.165391 
v -287.872 4.98211 0.165391 
v -288.689 -0.473891 -0.0291052 
v -288.689 4.98211 -0.0291052 
v -289.506 -0.473891 -0.108011 
v -289.506 4.98211 -0.108011 
v -290.323 -0.473891 -0.108011 
v -290.323 4.98211 -0.108011 
v -291.14 -0.473891 -0.0291052 
v -291.14 4.98211 -0.0291052 
v -291.957 -0.473891 0.165391 
v -291.957 4.98211 0.165391 
v -292.774 0.141953 0.340273 
v -292.411 -0.473891 0.262141 
v -292.668 -0.293515 0.308193 
v -292.104 4.98211 0.196615 
v -292.668 -0.293515 0.308193 
v -292.774 7.49026 0.0762728 
v -292.774 0.141953 0.0762728 
v -292.774 0.141953 0.340273 
v -292.668 -0.293515 0.308193 
v -292.668 -0.293515 0.0441929 
v -292.774 7.49026 0.340273 
v -292.668 7.92573 0.308193 
v -292.668 7.92573 0.0441929 
v -291.957 4.98211 -0.0986091 
v -292.115 4.98211 0.198799 
v -287.714 4.98211 -0.0652012 
v -287.714 6.83011 0.198935 
v -287.714 6.83011 -0.0662971 
v -287.714 4.98211 0.198935 
v -287.872 -0.473891 -0.0986091 
v -288.689 -0.473891 -0.0291052 
v -288.689 -0.473891 -0.293105 
v -287.872 -0.473891 0.165391 
v -289.506 -0.473891 -0.108011 
v -287.418 -0.473891 -0.00185914 
v -289.506 -0.473891 -0.372011 
v -287.418 -0.473891 0.262141 
v -287.161 -0.293515 0.0441929 
v -287.161 -0.293515 0.308193 
v -290.323 -0.473891 -0.372011 
v -290.323 -0.473891 -0.108011 
v -291.14 -0.473891 -0.293105 
v -291.14 -0.473891 -0.0291052 
v -291.957 -0.473891 -0.0986091 
v -291.957 -0.473891 0.165391 
v -292.411 -0.473891 -0.00185914 
v -292.411 -0.473891 0.262141 
v -292.668 -0.293515 0.0441929 
v -292.668 -0.293515 0.308193 
v -287.872 6.83011 -0.0986091 
v -288.689 6.83011 -0.0291052 
v -288.689 6.83011 -0.293105 
v -289.506 6.83011 -0.108011 
v -287.872 6.83011 0.165391 
v -289.506 6.83011 -0.372011 
v -287.812 6.83011 -0.0858552 
v -287.714 6.83011 -0.0662971 
v -287.714 6.83011 0.198935 
v -290.323 6.83011 -0.372011 
v -290.323 6.83011 -0.108011 
v -291.14 6.83011 -0.293105 
v -291.14 6.83011 -0.0291052 
v -291.957 6.83011 -0.0986091 
v -291.957 6.83011 0.165391 
v -292.115 6.83011 -0.0650651 
v -292.017 6.83011 0.178145 
v -292.115 6.83011 0.197705 
v -287.872 -0.473891 -0.0986091 
v -289.506 -0.473891 -0.372011 
v -287.161 -0.293515 0.308193 
v -290.323 -0.473891 -0.372011 
v -291.14 -0.473891 -0.293105 
v -291.957 -0.473891 -0.0986091 
v -292.668 -0.293515 0.0441929 
v -292.668 -0.293515 0.308193 
v -287.872 8.10611 -0.0986091 
v -287.161 7.92573 0.308193 
v -290.323 8.10611 -0.372011 
v -291.14 8.10611 -0.0291052 
v -292.668 7.92573 0.308193 
v -287.055 7.49026 0.340273 
v -292.774 7.49026 0.0762728 
v -292.774 7.49026 0.340273 
v -291.957 4.98211 -0.0986091 
v -292.115 4.98211 0.198799 
v -290.323 4.98211 -0.372011 
v -289.506 4.98211 -0.372011 
v -287.872 4.98211 -0.0986091 
v -287.725 4.98211 -0.0673851 
v -287.872 8.10611 -0.0986091 
v -287.812 6.83011 -0.0858552 
v -287.872 6.83011 -0.0986091 
v -287.714 6.83011 -0.0662971 
v -288.689 6.83011 -0.293105 
v -288.689 8.10611 -0.293105 
v -289.506 6.83011 -0.372011 
v -289.506 8.10611 -0.372011 
v -290.323 6.83011 -0.372011 
v -290.323 8.10611 -0.372011 
v -291.14 6.83011 -0.293105 
v -291.14 8.10611 -0.293105 
v -291.957 6.83011 -0.0986091 
v -291.957 8.10611 -0.0986091 
v -292.115 6.83011 -0.0650651 
v -292.774 7.49026 0.0762728 
v -292.411 8.10611 -0.00185914 
v -292.668 7.92573 0.0441929 
v -292.115 4.98211 -0.0650651 
v -292.774 0.141953 0.0762728 
v -291.957 4.98211 -0.0986091 
v -291.957 -0.473891 -0.0986091 
v -291.14 4.98211 -0.293105 
v -292.411 -0.473891 -0.00185914 
v -292.668 -0.293515 0.0441929 
v -291.14 -0.473891 -0.293105 
v -290.323 4.98211 -0.372011 
v -290.323 -0.473891 -0.372011 
v -289.506 4.98211 -0.372011 
v -289.506 -0.473891 -0.372011 
v -288.689 4.98211 -0.293105 
v -288.689 -0.473891 -0.293105 
v -287.872 4.98211 -0.0986091 
v -287.872 -0.473891 -0.0986091 
v -287.055 0.141953 0.0762728 
v -287.418 -0.473891 -0.00185914 
v -287.161 -0.293515 0.0441929 
v -287.725 4.98211 -0.0673851 
v -287.714 4.98211 -0.0652012 
v -287.055 7.49026 0.0762728 
v -287.418 8.10611 -0.00185914 
v -287.161 7.92573 0.0441929 

vn -0.574803 -0.818898 0 
vn 0.992126 -0.11811 0 
vn 0.992126 0.11811 0 
vn 0.992126 0.110236 0 
vn 0.968504 0.23622 0 
vn 0.968504 0.23622 0 
vn 0.992126 -0.110236 0 
vn 0.968504 -0.23622 0 
vn 0.968504 -0.23622 0 
vn 0 1 0 
vn 0 1 0 
vn 1 0 0 
vn 1 0 0 
vn 1 0 0 
vn 1 0 0 
vn 0.275591 0.96063 0 
vn 0 1 0 
vn 0 1 0 
vn 0 1 0 
vn 0.362205 0.929134 0 
vn 0.574803 0.818898 0 
vn 0.574803 0.818898 0 
vn 0 1 0 
vn 0 1 0 
vn 0 1 0 
vn 0 1 0 
vn 0 1 0 
vn 0 1 0 
vn 0 1 0 
vn 0 1 0 
vn 0 1 0 
vn -0.275591 0.96063 0 
vn -0.362205 0.929134 0 
vn -0.574803 0.818898 0 
vn -0.574803 0.818898 0 
vn 0 1 0 
vn 0 1 0 
vn 0 1 0 
vn 0 1 0 
vn 0 1 0 
vn 0 1 0 
vn 0 1 0 
vn 0 1 0 
vn 0 1 0 
vn 0 1 0 
vn 0 1 0 
vn 0 1 0 
vn 0 1 0 
vn 0 1 0 
vn 0 1 0 
vn 0 1 0 
vn 0 1 0 
vn 0 1 0 
vn 0 -1 0 
vn 0 -1 0 
vn 0.574803 -0.818898 0 
vn 0 -1 0 
vn 0 -1 0 
vn 0 -1 0 
vn -0.574803 -0.818898 0 
vn -0.574803 -0.818898 0 
vn 0 1 0 
vn 0.574803 0.818898 0 
vn 0 1 0 
vn 0 1 0 
vn -0.574803 0.818898 0 
vn 0.992126 0.110236 0 
vn -0.992126 0.11811 0 
vn -0.992126 0.110236 0 
vn 0 1 0 
vn 0 1 0 
vn 0 1 0 
vn 0 1 0 
vn 0 1 0 
vn 0 1 0 
vn 0.204724 0 -0.976378 
vn 0.220472 0 -0.976378 
vn 0.204724 0 -0.976378 
vn 0.0472441 0 -1 
vn -0.220472 0 -0.976378 
vn -0.204724 0 -0.976378 
vn 0.204724 0 0.976378 
vn 0.204724 0 0.976378 
vn 0.204724 0 0.976378 
vn 0.204724 0 0.976378 
vn 0.204724 0 0.976378 
vn 0.220472 0 0.976378 
vn 0.204724 0 0.976378 
vn 0.220472 0 0.976378 
vn 0.165354 0 0.984252 
vn 0.165354 0 0.984252 
vn 0.0472441 0 1 
vn 0.0472441 0 1 
vn -0.0472441 0 1 
vn -0.0472441 0 1 
vn -0.165354 0 0.984252 
vn -0.165354 0 0.984252 
vn -0.220472 0 0.976378 
vn -0.220472 0 0.976378 
vn -0.204724 0 0.976378 
vn -0.204724 0 0.976378 
vn -0.204724 0 0.976378 
vn -0.204724 0 0.976378 
vn -0.204724 0 0.976378 
vn -0.204724 0 0.976378 
vn -0.204724 0 0.976378 
vn -0.204724 0 0.976378 
vn -0.220472 0 0.976378 
vn -0.220472 0 0.976378 
vn -0.165354 0 0.984252 
vn -0.165354 0 0.984252 
vn -0.0472441 0 1 
vn -0.0472441 0 1 
vn 0.0472441 0 1 
vn 0.0472441 0 1 
vn 0.165354 0 0.984252 
vn 0.165354 0 0.984252 
vn 0.220472 0 0.976378 
vn 0.220472 0 0.976378 
vn 0.204724 0 0.976378 
vn 0.204724 0 0.976378 
vn 0.204724 0 0.976378 
vn 0.204724 0 0.976378 
vn -0.574803 -0.818898 0 
vn -0.992126 0.11811 0 
vn -0.992126 -0.11811 0 
vn -0.992126 -0.110236 0 
vn -0.968504 -0.23622 0 
vn -0.968504 -0.23622 0 
vn -0.992126 0.110236 0 
vn -0.968504 0.23622 0 
vn -0.968504 0.23622 0 
vn 0 1 0 
vn 0 1 0 
vn -1 0 0 
vn -1 0 0 
vn -1 0 0 
vn -1 0 0 
vn 0 -1 0 
vn 0 -1 0 
vn 0 -1 0 
vn 0 -1 0 
vn 0 -1 0 
vn 0.275591 -0.96063 0 
vn 0 -1 0 
vn 0.362205 -0.929134 0 
vn 0.574803 -0.818898 0 
vn 0.574803 -0.818898 0 
vn 0 -1 0 
vn 0 -1 0 
vn 0 -1 0 
vn 0 -1 0 
vn 0 -1 0 
vn 0 -1 0 
vn -0.275591 -0.96063 0 
vn -0.362205 -0.929134 0 
vn -0.574803 -0.818898 0 
vn -0.574803 -0.818898 0 
vn 0 -1 0 
vn 0 -1 0 
vn 0 -1 0 
vn 0 -1 0 
vn 0 -1 0 
vn 0 -1 0 
vn 0 -1 0 
vn 0 -1 0 
vn 0 -1 0 
vn 0 -1 0 
vn 0 -1 0 
vn 0 -1 0 
vn 0 -1 0 
vn 0 -1 0 
vn 0 -1 0 
vn 0 -1 0 
vn 0 -1 0 
vn 0 -1 0 
vn 0 -1 0 
vn 0 -1 0 
vn 0.574803 -0.818898 0 
vn 0 -1 0 
vn 0 -1 0 
vn 0 -1 0 
vn -0.574803 -0.818898 0 
vn -0.574803 -0.818898 0 
vn 0 1 0 
vn 0.574803 0.818898 0 
vn 0 1 0 
vn 0 1 0 
vn -0.574803 0.818898 0 
vn 0.992126 0.110236 0 
vn -0.992126 0.11811 0 
vn -0.992126 0.110236 0 
vn 0 1 0 
vn 0 1 0 
vn 0 1 0 
vn 0 1 0 
vn 0 1 0 
vn 0 1 0 
vn 0.220472 0 -0.976378 
vn 0.204724 0 -0.976378 
vn 0.220472 0 -0.976378 
vn 0.204724 0 -0.976378 
vn 0.165354 0 -0.984252 
vn 0.165354 0 -0.984252 
vn 0.0472441 0 -1 
vn 0.0472441 0 -1 
vn -0.0472441 0 -1 
vn -0.0472441 0 -1 
vn -0.165354 0 -0.984252 
vn -0.165354 0 -0.984252 
vn -0.220472 0 -0.976378 
vn -0.220472 0 -0.976378 
vn -0.204724 0 -0.976378 
vn -0.204724 0 -0.976378 
vn -0.204724 0 -0.976378 
vn -0.204724 0 -0.976378 
vn -0.204724 0 -0.976378 
vn -0.204724 0 -0.976378 
vn -0.220472 0 -0.976378 
vn -0.220472 0 -0.976378 
vn -0.165354 0 -0.984252 
vn -0.204724 0 -0.976378 
vn -0.204724 0 -0.976378 
vn -0.165354 0 -0.984252 
vn -0.0472441 0 -1 
vn -0.0472441 0 -1 
vn 0.0472441 0 -1 
vn 0.0472441 0 -1 
vn 0.165354 0 -0.984252 
vn 0.165354 0 -0.984252 
vn 0.220472 0 -0.976378 
vn 0.220472 0 -0.976378 
vn 0.204724 0 -0.976378 
vn 0.204724 0 -0.976378 
vn 0.204724 0 -0.976378 
vn 0.204724 0 -0.976378 
vn 0.204724 0 -0.976378 
vn 0.204724 0 -0.976378 
vn 0.204724 0 -0.976378 
vn 0.204724 0 -0.976378 

vt 39.9595 -55.5137 
vt 39.9885 -55.4593 
vt 39.9885 -54.5407 
vt 39.9555 -54.5407 
vt 39.9595 -54.4863 
vt 39.9925 -54.4863 
vt 39.9555 -55.4593 
vt 39.9595 -55.5137 
vt 39.9925 -55.5137 
vt 40.0103 -54.8543 
vt 39.9732 -54.8543 
vt 40.0061 -54.8543 
vt 39.9733 -54.6232 
vt 39.9732 -54.8543 
vt 40.0061 -54.6232 
vt 39.688 -54.9982 
vt 39.7446 -55.0103 
vt 39.7446 -54.9773 
vt 39.8468 -55.0017 
vt 39.688 -54.9652 
vt 39.6558 -54.9925 
vt 39.6558 -54.9595 
vt 39.8468 -55.0347 
vt 39.9489 -55.0115 
vt 39.9489 -55.0445 
vt 40.0511 -55.0115 
vt 40.0511 -55.0445 
vt 40.1532 -55.0347 
vt 40.1532 -55.0017 
vt 40.2554 -55.0103 
vt 40.2554 -54.9773 
vt 40.312 -54.9982 
vt 40.312 -54.9652 
vt 40.3442 -54.9925 
vt 40.3442 -54.9595 
vt 40.275 -55.0061 
vt 40.2554 -54.9773 
vt 40.2554 -55.0103 
vt 40.2736 -54.9734 
vt 40.275 -54.9732 
vt 40.1532 -55.0017 
vt 40.1532 -55.0347 
vt 40.0511 -55.0115 
vt 40.0511 -55.0445 
vt 39.9489 -55.0115 
vt 39.9489 -55.0445 
vt 39.8468 -55.0347 
vt 39.8468 -55.0017 
vt 39.7446 -55.0103 
vt 39.7446 -54.9773 
vt 39.7264 -55.0064 
vt 39.725 -54.9731 
vt 39.725 -55.0062 
vt 40.2554 -55.5363 
vt 40.0511 -55.5363 
vt 40.3442 -55.5137 
vt 39.9489 -55.5363 
vt 39.8468 -55.5363 
vt 39.7446 -55.5363 
vt 39.6558 -55.5137 
vt 39.6558 -55.5137 
vt 40.2554 -54.4637 
vt 40.3442 -54.4863 
vt 39.9489 -54.4637 
vt 39.8468 -54.4637 
vt 39.6558 -54.4863 
vt 40.3575 -54.5407 
vt 39.6425 -54.5407 
vt 39.6425 -54.5407 
vt 39.7446 -54.8543 
vt 39.725 -54.8543 
vt 39.9489 -54.8543 
vt 40.0511 -54.8543 
vt 40.2554 -54.8543 
vt 40.2736 -54.8543 
vt 40.2628 -54.6232 
vt 40.2554 -54.6232 
vt 40.275 -54.6232 
vt 40.0511 -54.6232 
vt 39.7446 -54.6232 
vt 39.725 -54.6232 
vt 39.6425 -54.5407 
vt 39.725 -54.8543 
vt 39.725 -54.6232 
vt 39.688 -54.4637 
vt 39.6558 -54.4863 
vt 39.7446 -54.4637 
vt 39.7372 -54.6232 
vt 39.7446 -54.6232 
vt 39.8468 -54.6232 
vt 39.8468 -54.4637 
vt 39.9489 -54.6232 
vt 39.9489 -54.4637 
vt 40.0511 -54.4637 
vt 40.0511 -54.6232 
vt 40.1532 -54.6232 
vt 40.1532 -54.4637 
vt 40.2554 -54.6232 
vt 40.2554 -54.4637 
vt 40.275 -54.6232 
vt 40.3575 -54.5407 
vt 40.275 -54.8543 
vt 40.3575 -55.4593 
vt 40.312 -54.4637 
vt 40.3442 -54.4863 
vt 40.312 -55.5363 
vt 40.3442 -55.5137 
vt 40.2554 -55.5363 
vt 40.2554 -54.8543 
vt 40.1532 -55.5363 
vt 40.1532 -54.8543 
vt 40.0511 -55.5363 
vt 40.0511 -54.8543 
vt 39.9489 -55.5363 
vt 39.9489 -54.8543 
vt 39.8468 -55.5363 
vt 39.8468 -54.8543 
vt 39.7446 -55.5363 
vt 39.7446 -54.8543 
vt 39.6425 -55.4593 
vt 39.688 -55.5363 
vt 39.6558 -55.5137 
vt 39.7264 -54.8543 
vt 40.0405 -55.5137 
vt 40.0115 -54.5407 
vt 40.0115 -55.4593 
vt 40.0445 -55.4593 
vt 40.0405 -55.5137 
vt 40.0075 -55.5137 
vt 40.0445 -54.5407 
vt 40.0405 -54.4863 
vt 40.0075 -54.4863 
vt 39.9897 -54.8543 
vt 40.0268 -54.8543 
vt 39.9938 -54.8543 
vt 40.0269 -54.6232 
vt 39.9937 -54.6232 
vt 40.0269 -54.8543 
vt 40.2554 -55.0103 
vt 40.1532 -55.0017 
vt 40.1532 -55.0347 
vt 40.2554 -54.9773 
vt 40.0511 -55.0115 
vt 40.312 -54.9982 
vt 40.0511 -55.0445 
vt 40.312 -54.9652 
vt 40.3442 -54.9925 
vt 40.3442 -54.9595 
vt 39.9489 -55.0445 
vt 39.9489 -55.0115 
vt 39.8468 -55.0347 
vt 39.8468 -55.0017 
vt 39.7446 -55.0103 
vt 39.7446 -54.9773 
vt 39.688 -54.9982 
vt 39.688 -54.9652 
vt 39.6558 -54.9925 
vt 39.6558 -54.9595 
vt 40.2554 -55.0103 
vt 40.1532 -55.0017 
vt 40.1532 -55.0347 
vt 40.0511 -55.0115 
vt 40.2554 -54.9773 
vt 40.0511 -55.0445 
vt 40.2628 -55.0087 
vt 40.275 -55.0063 
vt 40.275 -54.9731 
vt 39.9489 -55.0445 
vt 39.9489 -55.0115 
vt 39.8468 -55.0347 
vt 39.8468 -55.0017 
vt 39.7446 -55.0103 
vt 39.7446 -54.9773 
vt 39.725 -55.0061 
vt 39.7372 -54.9757 
vt 39.725 -54.9733 
vt 39.7446 -55.5363 
vt 39.9489 -55.5363 
vt 39.6558 -55.5137 
vt 40.0511 -55.5363 
vt 40.1532 -55.5363 
vt 40.2554 -55.5363 
vt 40.3442 -55.5137 
vt 40.3442 -55.5137 
vt 39.7446 -54.4637 
vt 39.6558 -54.4863 
vt 40.0511 -54.4637 
vt 40.1532 -54.4637 
vt 40.3442 -54.4863 
vt 39.6425 -54.5407 
vt 40.3575 -54.5407 
vt 40.3575 -54.5407 
vt 40.2554 -54.8543 
vt 40.275 -54.8543 
vt 40.0511 -54.8543 
vt 39.9489 -54.8543 
vt 39.7446 -54.8543 
vt 39.7264 -54.8543 
vt 39.7446 -54.4637 
vt 39.7372 -54.6232 
vt 39.7446 -54.6232 
vt 39.725 -54.6232 
vt 39.8468 -54.6232 
vt 39.8468 -54.4637 
vt 39.9489 -54.6232 
vt 39.9489 -54.4637 
vt 40.0511 -54.6232 
vt 40.0511 -54.4637 
vt 40.1532 -54.6232 
vt 40.1532 -54.4637 
vt 40.2554 -54.6232 
vt 40.2554 -54.4637 
vt 40.275 -54.6232 
vt 40.3575 -54.5407 
vt 40.312 -54.4637 
vt 40.3442 -54.4863 
vt 40.275 -54.8543 
vt 40.3575 -55.4593 
vt 40.2554 -54.8543 
vt 40.2554 -55.5363 
vt 40.1532 -54.8543 
vt 40.312 -55.5363 
vt 40.3442 -55.5137 
vt 40.1532 -55.5363 
vt 40.0511 -54.8543 
vt 40.0511 -55.5363 
vt 39.9489 -54.8543 
vt 39.9489 -55.5363 
vt 39.8468 -54.8543 
vt 39.8468 -55.5363 
vt 39.7446 -54.8543 
vt 39.7446 -55.5363 
vt 39.6425 -55.4593 
vt 39.688 -55.5363 
vt 39.6558 -55.5137 
vt 39.7264 -54.8543 
vt 39.725 -54.8543 
vt 39.6425 -54.5407 
vt 39.688 -54.4637 
vt 39.6558 -54.4863 

usemtl Meshpart4Mtl

f 1502/1502/1502 1503/1503/1503 1504/1504/1504 
f 1503/1503/1503 1505/1505/1505 1504/1504/1504 
f 1505/1505/1505 1503/1503/1503 1506/1506/1506 
f 1502/1502/1502 1504/1504/1504 1507/1507/1507 
f 1508/1508/1508 1502/1502/1502 1507/1507/1507 
f 1502/1502/1502 1508/1508/1508 1509/1509/1509 
f 1512/1512/1512 1513/1513/1513 1514/1514/1514 
f 1513/1513/1513 1512/1512/1512 1515/1515/1515 
f 1516/1516/1516 1517/1517/1517 1518/1518/1518 
f 1517/1517/1517 1519/1519/1519 1518/1518/1518 
f 1516/1516/1516 1518/1518/1518 1520/1520/1520 
f 1520/1520/1520 1521/1521/1521 1516/1516/1516 
f 1521/1521/1521 1520/1520/1520 1522/1522/1522 
f 1517/1517/1517 1523/1523/1523 1519/1519/1519 
f 1523/1523/1523 1524/1524/1524 1519/1519/1519 
f 1523/1523/1523 1525/1525/1525 1524/1524/1524 
f 1525/1525/1525 1526/1526/1526 1524/1524/1524 
f 1525/1525/1525 1527/1527/1527 1526/1526/1526 
f 1528/1528/1528 1526/1526/1526 1527/1527/1527 
f 1526/1526/1526 1528/1528/1528 1529/1529/1529 
f 1530/1530/1530 1529/1529/1529 1528/1528/1528 
f 1529/1529/1529 1530/1530/1530 1531/1531/1531 
f 1532/1532/1532 1531/1531/1531 1530/1530/1530 
f 1531/1531/1531 1532/1532/1532 1533/1533/1533 
f 1534/1534/1534 1533/1533/1533 1532/1532/1532 
f 1533/1533/1533 1534/1534/1534 1535/1535/1535 
f 1536/1536/1536 1537/1537/1537 1538/1538/1538 
f 1537/1537/1537 1536/1536/1536 1539/1539/1539 
f 1539/1539/1539 1536/1536/1536 1540/1540/1540 
f 1541/1541/1541 1538/1538/1538 1537/1537/1537 
f 1538/1538/1538 1541/1541/1541 1542/1542/1542 
f 1543/1543/1543 1542/1542/1542 1541/1541/1541 
f 1542/1542/1542 1543/1543/1543 1544/1544/1544 
f 1545/1545/1545 1544/1544/1544 1543/1543/1543 
f 1544/1544/1544 1545/1545/1545 1546/1546/1546 
f 1545/1545/1545 1547/1547/1547 1546/1546/1546 
f 1547/1547/1547 1545/1545/1545 1548/1548/1548 
f 1548/1548/1548 1549/1549/1549 1547/1547/1547 
f 1550/1550/1550 1549/1549/1549 1548/1548/1548 
f 1550/1550/1550 1551/1551/1551 1549/1549/1549 
f 1551/1551/1551 1550/1550/1550 1552/1552/1552 
f 1551/1551/1551 1552/1552/1552 1553/1553/1553 
f 1582/1582/1582 1583/1583/1583 1584/1584/1584 
f 1582/1582/1582 1585/1585/1585 1586/1586/1586 
f 1582/1582/1582 1587/1587/1587 1585/1585/1585 
f 1584/1584/1584 1587/1587/1587 1582/1582/1582 
f 1587/1587/1587 1584/1584/1584 1588/1588/1588 
f 1587/1587/1587 1588/1588/1588 1589/1589/1589 
f 1589/1589/1589 1590/1590/1590 1587/1587/1587 
f 1590/1590/1590 1591/1591/1591 1587/1587/1587 
f 1590/1590/1590 1592/1592/1592 1591/1591/1591 
f 1592/1592/1592 1593/1593/1593 1591/1591/1591 
f 1592/1592/1592 1594/1594/1594 1593/1593/1593 
f 1592/1592/1592 1595/1595/1595 1594/1594/1594 
f 1595/1595/1595 1596/1596/1596 1594/1594/1594 
f 1596/1596/1596 1597/1597/1597 1594/1594/1594 
f 1596/1596/1596 1598/1598/1598 1597/1597/1597 
f 1598/1598/1598 1599/1599/1599 1597/1597/1597 
f 1600/1600/1600 1599/1599/1599 1598/1598/1598 
f 1599/1599/1599 1600/1600/1600 1601/1601/1601 
f 1602/1602/1602 1601/1601/1601 1600/1600/1600 
f 1603/1603/1603 1601/1601/1601 1602/1602/1602 
f 1599/1599/1599 1601/1601/1601 1604/1604/1604 
f 1604/1604/1604 1601/1601/1601 1605/1605/1605 
f 1603/1603/1603 1606/1606/1606 1607/1607/1607 
f 1606/1606/1606 1603/1603/1603 1608/1608/1608 
f 1603/1603/1603 1609/1609/1609 1608/1608/1608 
f 1608/1608/1608 1609/1609/1609 1610/1610/1610 
f 1609/1609/1609 1603/1603/1603 1602/1602/1602 
f 1610/1610/1610 1609/1609/1609 1611/1611/1611 
f 1610/1610/1610 1611/1611/1611 1612/1612/1612 
f 1612/1612/1612 1611/1611/1611 1613/1613/1613 
f 1612/1612/1612 1613/1613/1613 1614/1614/1614 
f 1614/1614/1614 1613/1613/1613 1615/1615/1615 
f 1614/1614/1614 1615/1615/1615 1616/1616/1616 
f 1616/1616/1616 1615/1615/1615 1617/1617/1617 
f 1617/1617/1617 1618/1618/1618 1616/1616/1616 
f 1618/1618/1618 1617/1617/1617 1619/1619/1619 
f 1620/1620/1620 1618/1618/1618 1619/1619/1619 
f 1618/1618/1618 1620/1620/1620 1621/1621/1621 
f 1621/1621/1621 1620/1620/1620 1622/1622/1622 
f 1620/1620/1620 1619/1619/1619 1623/1623/1623 
f 1620/1620/1620 1623/1623/1623 1583/1583/1583 
f 1582/1582/1582 1620/1620/1620 1583/1583/1583 
f 1625/1625/1625 1626/1626/1626 1627/1627/1627 
f 1626/1626/1626 1628/1628/1628 1627/1627/1627 
f 1628/1628/1628 1626/1626/1626 1629/1629/1629 
f 1625/1625/1625 1627/1627/1627 1630/1630/1630 
f 1631/1631/1631 1625/1625/1625 1630/1630/1630 
f 1625/1625/1625 1631/1631/1631 1632/1632/1632 
f 1635/1635/1635 1636/1636/1636 1637/1637/1637 
f 1636/1636/1636 1635/1635/1635 1638/1638/1638 
f 1639/1639/1639 1640/1640/1640 1641/1641/1641 
f 1640/1640/1640 1639/1639/1639 1642/1642/1642 
f 1643/1643/1643 1641/1641/1641 1640/1640/1640 
f 1644/1644/1644 1642/1642/1642 1639/1639/1639 
f 1641/1641/1641 1643/1643/1643 1645/1645/1645 
f 1642/1642/1642 1644/1644/1644 1646/1646/1646 
f 1647/1647/1647 1646/1646/1646 1644/1644/1644 
f 1646/1646/1646 1647/1647/1647 1648/1648/1648 
f 1649/1649/1649 1645/1645/1645 1643/1643/1643 
f 1649/1649/1649 1643/1643/1643 1650/1650/1650 
f 1651/1651/1651 1649/1649/1649 1650/1650/1650 
f 1651/1651/1651 1650/1650/1650 1652/1652/1652 
f 1653/1653/1653 1651/1651/1651 1652/1652/1652 
f 1653/1653/1653 1652/1652/1652 1654/1654/1654 
f 1655/1655/1655 1653/1653/1653 1654/1654/1654 
f 1655/1655/1655 1654/1654/1654 1656/1656/1656 
f 1656/1656/1656 1657/1657/1657 1655/1655/1655 
f 1657/1657/1657 1656/1656/1656 1658/1658/1658 
f 1659/1659/1659 1660/1660/1660 1661/1661/1661 
f 1662/1662/1662 1661/1661/1661 1660/1660/1660 
f 1660/1660/1660 1659/1659/1659 1663/1663/1663 
f 1661/1661/1661 1662/1662/1662 1664/1664/1664 
f 1665/1665/1665 1663/1663/1663 1659/1659/1659 
f 1666/1666/1666 1663/1663/1663 1665/1665/1665 
f 1663/1663/1663 1666/1666/1666 1667/1667/1667 
f 1664/1664/1664 1662/1662/1662 1668/1668/1668 
f 1669/1669/1669 1668/1668/1668 1662/1662/1662 
f 1668/1668/1668 1669/1669/1669 1670/1670/1670 
f 1670/1670/1670 1669/1669/1669 1671/1671/1671 
f 1671/1671/1671 1672/1672/1672 1670/1670/1670 
f 1672/1672/1672 1671/1671/1671 1673/1673/1673 
f 1672/1672/1672 1673/1673/1673 1674/1674/1674 
f 1674/1674/1674 1673/1673/1673 1675/1675/1675 
f 1674/1674/1674 1675/1675/1675 1676/1676/1676 
f 1699/1699/1699 1700/1700/1700 1701/1701/1701 
f 1700/1700/1700 1699/1699/1699 1702/1702/1702 
f 1703/1703/1703 1699/1699/1699 1701/1701/1701 
f 1699/1699/1699 1703/1703/1703 1704/1704/1704 
f 1705/1705/1705 1704/1704/1704 1703/1703/1703 
f 1704/1704/1704 1705/1705/1705 1706/1706/1706 
f 1707/1707/1707 1706/1706/1706 1705/1705/1705 
f 1706/1706/1706 1707/1707/1707 1708/1708/1708 
f 1709/1709/1709 1708/1708/1708 1707/1707/1707 
f 1708/1708/1708 1709/1709/1709 1710/1710/1710 
f 1711/1711/1711 1710/1710/1710 1709/1709/1709 
f 1710/1710/1710 1711/1711/1711 1712/1712/1712 
f 1713/1713/1713 1712/1712/1712 1711/1711/1711 
f 1714/1714/1714 1712/1712/1712 1713/1713/1713 
f 1712/1712/1712 1714/1714/1714 1715/1715/1715 
f 1715/1715/1715 1714/1714/1714 1716/1716/1716 
f 1713/1713/1713 1717/1717/1717 1714/1714/1714 
f 1718/1718/1718 1714/1714/1714 1717/1717/1717 
f 1719/1719/1719 1718/1718/1718 1717/1717/1717 
f 1720/1720/1720 1718/1718/1718 1719/1719/1719 
f 1720/1720/1720 1719/1719/1719 1721/1721/1721 
f 1722/1722/1722 1718/1718/1718 1720/1720/1720 
f 1718/1718/1718 1722/1722/1722 1723/1723/1723 
f 1721/1721/1721 1724/1724/1724 1720/1720/1720 
f 1724/1724/1724 1721/1721/1721 1725/1725/1725 
f 1725/1725/1725 1726/1726/1726 1724/1724/1724 
f 1726/1726/1726 1725/1725/1725 1727/1727/1727 
f 1727/1727/1727 1728/1728/1728 1726/1726/1726 
f 1728/1728/1728 1727/1727/1727 1729/1729/1729 
f 1729/1729/1729 1730/1730/1730 1728/1728/1728 
f 1730/1730/1730 1729/1729/1729 1731/1731/1731 
f 1731/1731/1731 1732/1732/1732 1730/1730/1730 
f 1731/1731/1731 1733/1733/1733 1732/1732/1732 
f 1732/1732/1732 1733/1733/1733 1734/1734/1734 
f 1734/1734/1734 1733/1733/1733 1735/1735/1735 
f 1733/1733/1733 1731/1731/1731 1736/1736/1736 
f 1733/1733/1733 1736/1736/1736 1737/1737/1737 
f 1738/1738/1738 1733/1733/1733 1737/1737/1737 
f 1738/1738/1738 1737/1737/1737 1702/1702/1702 
f 1702/1702/1702 1699/1699/1699 1738/1738/1738 
f 1739/1739/1739 1738/1738/1738 1699/1699/1699 
f 1738/1738/1738 1739/1739/1739 1740/1740/1740 

g Meshpart5

v -289.916 5.06506 0.0925782 
v -289.91 5.07709 0.0571362 
v -289.921 5.06332 0.0908342 
v -289.921 5.07709 0.0571362 
v -289.916 5.03026 0.106992 
v -289.924 5.07116 0.0576922 
v -289.924 5.05918 0.0866982 
v -289.921 5.06547 0.0583442 
v -289.921 5.03026 0.104528 
v -289.921 5.05519 0.0827062 
v -289.916 5.0536 0.0811082 
v -289.916 5.06309 0.0586062 
v -289.924 5.03026 0.0986782 
v -289.921 5.03026 0.0930302 
v -289.916 5.03026 0.0907722 
v -289.916 5.00693 0.0811082 
v -289.921 5.00534 0.0827062 
v -289.924 5.00134 0.0866982 
v -289.921 4.99506 0.0583442 
v -289.916 4.99743 0.0586062 
v -289.924 4.98936 0.0576922 
v -289.921 4.99721 0.0908342 
v -289.921 4.98344 0.0571362 
v -289.91 5.06332 0.0908342 
v -289.916 5.07964 0.0569482 
v -289.916 5.06506 0.0925782 
v -289.91 5.07709 0.0571362 
v -289.921 5.06332 0.0908342 
v -289.921 5.07709 0.0571362 
v -289.921 5.06547 0.0583442 
v -289.916 5.00693 0.0811082 
v -289.921 5.00534 0.0827062 
v -289.924 5.00134 0.0866982 
v -289.921 4.99506 0.0583442 
v -289.916 4.99743 0.0586062 
v -289.91 4.99506 0.0583442 
v -289.921 4.98344 0.0571362 
v -289.907 5.00134 0.0866982 
v -289.91 5.00534 0.0827062 
v -289.907 5.05918 0.0866982 
v -289.91 5.05519 0.0827062 
v -289.924 5.05918 0.0866982 
v -289.921 5.05519 0.0827062 
v -289.916 5.0536 0.0811082 
v -289.924 5.03026 0.0986782 
v -289.921 5.03026 0.0930302 
v -289.916 5.03026 0.0907722 
v -289.91 5.03026 0.0930302 
v -289.916 5.00693 0.0811082 
v -289.921 5.00534 0.0827062 
v -289.924 5.00134 0.0866982 
v -289.907 5.00134 0.0866982 
v -289.907 5.03026 0.0986782 
v -289.91 5.00534 0.0827062 
v -289.91 5.06332 0.0908342 
v -289.916 5.06506 0.0925782 
v -289.91 5.07709 0.0571362 
v -289.907 5.07116 0.0576922 
v -289.916 5.03026 0.106992 
v -289.907 5.05918 0.0866982 
v -289.91 5.06547 0.0583442 
v -289.91 5.03026 0.104528 
v -289.91 5.05519 0.0827062 
v -289.916 5.0536 0.0811082 
v -289.916 5.06309 0.0586062 
v -289.916 5.03026 0.0907722 
v -289.91 5.03026 0.0930302 
v -289.916 5.00693 0.0811082 
v -289.916 4.99743 0.0586062 
v -289.91 4.99506 0.0583442 
v -289.921 4.98344 0.0571362 
v -289.916 4.99546 0.0925782 
v -289.91 4.99721 0.0908342 
v -289.91 4.98344 0.0571362 
v -289.907 4.98936 0.0576922 
v -289.907 5.00134 0.0866982 
v -289.907 5.03026 0.0986782 
v -289.91 5.00534 0.0827062 
v -289.91 5.07709 0.0571362 
v -289.907 5.05918 0.0866982 
v -289.91 5.06547 0.0583442 
v -289.91 5.05519 0.0827062 
v -289.924 5.05918 0.0866982 
v -289.921 5.06547 0.0583442 
v -289.921 5.05519 0.0827062 
v -289.916 5.0536 0.0811082 
v -289.916 5.06309 0.0586062 
v -289.91 4.99506 0.0583442 
v -289.921 4.99721 0.0908342 
v -289.921 4.98344 0.0571362 
v -289.916 4.98088 0.0569482 
v -289.916 4.99546 0.0925782 
v -289.91 4.99721 0.0908342 
v -289.91 4.98344 0.0571362 
v -289.91 5.06332 0.0908342 
v -289.916 5.06506 0.0925782 
v -289.921 5.06332 0.0908342 
v -289.916 5.03026 0.106992 
v -289.91 5.03026 0.104528 
v -289.921 5.03026 0.104528 
v -289.921 4.99721 0.0908342 
v -289.916 4.99546 0.0925782 
v -289.91 4.99721 0.0908342 

vn 0 0.708661 0.708661 
vn 0.629921 0.716535 0.299213 
vn -0.669291 0.527559 0.519685 
vn -0.629921 0.716535 0.299213 
vn 0 0 1 
vn -0.992126 0.102362 0.0393701 
vn -1 0.0551181 0.0551181 
vn -0.724409 -0.629921 -0.267717 
vn -0.669291 0 0.740157 
vn -0.740157 -0.472441 -0.472441 
vn 0 -0.700787 -0.708661 
vn 0 -0.92126 -0.385827 
vn -1 0 0.0708661 
vn -0.748031 0 -0.669291 
vn 0 0 -1 
vn 0 0.708661 -0.708661 
vn -0.740157 0.472441 -0.472441 
vn -1 -0.0551181 0.0551181 
vn -0.732283 0.629921 -0.267717 
vn 0 0.92126 -0.385827 
vn -0.992126 -0.102362 0.0393701 
vn -0.669291 -0.527559 0.519685 
vn -0.629921 -0.716535 0.299213 
vn 0.669291 0.527559 0.519685 
vn 0 0.929134 0.377953 
vn 0 0.708661 0.708661 
vn 0.629921 0.716535 0.299213 
vn -0.669291 0.527559 0.519685 
vn -0.629921 0.716535 0.299213 
vn -0.724409 -0.629921 -0.267717 
vn 0 0.708661 -0.708661 
vn -0.740157 0.472441 -0.472441 
vn -1 -0.0551181 0.0551181 
vn -0.732283 0.629921 -0.267717 
vn 0 0.92126 -0.385827 
vn 0.732283 0.629921 -0.267717 
vn -0.629921 -0.716535 0.299213 
vn 1 -0.0551181 0.0551181 
vn 0.740157 0.472441 -0.472441 
vn 1 0.0551181 0.0551181 
vn 0.740157 -0.472441 -0.472441 
vn -1 0.0551181 0.0551181 
vn -0.740157 -0.472441 -0.472441 
vn 0 -0.700787 -0.708661 
vn -1 0 0.0708661 
vn -0.748031 0 -0.669291 
vn 0 0 -1 
vn 0.748031 0 -0.669291 
vn 0 0.708661 -0.708661 
vn -0.740157 0.472441 -0.472441 
vn -1 -0.0551181 0.0551181 
vn 1 -0.0551181 0.0551181 
vn 1 0 0.0708661 
vn 0.740157 0.472441 -0.472441 
vn 0.669291 0.527559 0.519685 
vn 0 0.708661 0.708661 
vn 0.629921 0.716535 0.299213 
vn 0.992126 0.102362 0.0393701 
vn 0 0 1 
vn 1 0.0551181 0.0551181 
vn 0.732283 -0.629921 -0.267717 
vn 0.669291 0 0.740157 
vn 0.740157 -0.472441 -0.472441 
vn 0 -0.700787 -0.708661 
vn 0 -0.92126 -0.385827 
vn 0 0 -1 
vn 0.748031 0 -0.669291 
vn 0 0.708661 -0.708661 
vn 0 0.92126 -0.385827 
vn 0.732283 0.629921 -0.267717 
vn -0.629921 -0.716535 0.299213 
vn 0 -0.708661 0.708661 
vn 0.669291 -0.527559 0.519685 
vn 0.629921 -0.716535 0.299213 
vn 0.992126 -0.102362 0.0393701 
vn 1 -0.0551181 0.0551181 
vn 1 0 0.0708661 
vn 0.740157 0.472441 -0.472441 
vn 0.629921 0.716535 0.299213 
vn 1 0.0551181 0.0551181 
vn 0.732283 -0.629921 -0.267717 
vn 0.740157 -0.472441 -0.472441 
vn -1 0.0551181 0.0551181 
vn -0.724409 -0.629921 -0.267717 
vn -0.740157 -0.472441 -0.472441 
vn 0 -0.700787 -0.708661 
vn 0 -0.92126 -0.385827 
vn 0.732283 0.629921 -0.267717 
vn -0.669291 -0.527559 0.519685 
vn -0.629921 -0.716535 0.299213 
vn 0 -0.929134 0.377953 
vn 0 -0.708661 0.708661 
vn 0.669291 -0.527559 0.519685 
vn 0.629921 -0.716535 0.299213 
vn 0.669291 0.527559 0.519685 
vn 0 0.708661 0.708661 
vn -0.669291 0.527559 0.519685 
vn 0 0 1 
vn 0.669291 0 0.740157 
vn -0.669291 0 0.740157 
vn -0.669291 -0.527559 0.519685 
vn 0 -0.708661 0.708661 
vn 0.669291 -0.527559 0.519685 

vt 6.00133 -24.9956 
vt 5.9969 -24.9941 
vt 6.00111 -24.9959 
vt 5.9969 -24.9941 
vt 6.00313 -25 
vt 5.99697 -24.9949 
vt 6.00059 -24.9964 
vt 5.99705 -24.9956 
vt 6.00282 -25 
vt 6.00009 -24.9969 
vt 5.99989 -24.9971 
vt 5.99708 -24.9959 
vt 6.00209 -25 
vt 6.00138 -25 
vt 6.0011 -25 
vt 5.99989 -25.0029 
vt 6.00009 -25.0031 
vt 6.00059 -25.0036 
vt 5.99705 -25.0044 
vt 5.99708 -25.0041 
vt 5.99697 -25.0051 
vt 6.00111 -25.0041 
vt 5.9969 -25.0059 
vt 6.00073 -25.0011 
vt 6 -24.9969 
vt 6 -25.0013 
vt 6.00074 -24.9969 
vt 5.99927 -25.0011 
vt 5.99926 -24.9969 
vt 5.99929 -24.997 
vt 6 -24.9999 
vt 5.9993 -25.0001 
vt 5.99898 -25.0006 
vt 5.99929 -24.997 
vt 6 -24.9971 
vt 6.00071 -24.997 
vt 5.99926 -24.9969 
vt 6.00102 -25.0006 
vt 6.0007 -25.0001 
vt 5.99898 -24.9964 
vt 5.9993 -24.9969 
vt 6.00102 -24.9964 
vt 6.0007 -24.9969 
vt 6 -24.9971 
vt 6.00102 -25 
vt 6.0007 -25 
vt 6 -25 
vt 5.9993 -25 
vt 6 -25.0029 
vt 6.0007 -25.0031 
vt 6.00102 -25.0036 
vt 5.99898 -25.0036 
vt 5.99898 -25 
vt 5.9993 -25.0031 
vt 5.99889 -24.9959 
vt 5.99867 -24.9956 
vt 6.0031 -24.9941 
vt 6.00303 -24.9949 
vt 5.99687 -25 
vt 5.99941 -24.9964 
vt 6.00295 -24.9956 
vt 5.99718 -25 
vt 5.99991 -24.9969 
vt 6.00011 -24.9971 
vt 6.00292 -24.9959 
vt 5.9989 -25 
vt 5.99862 -25 
vt 6.00011 -25.0029 
vt 6.00292 -25.0041 
vt 6.00295 -25.0044 
vt 6.0031 -25.0059 
vt 5.99867 -25.0044 
vt 5.99889 -25.0041 
vt 6.0031 -25.0059 
vt 6.00303 -25.0051 
vt 5.99941 -25.0036 
vt 5.99791 -25 
vt 5.99991 -25.0031 
vt 5.99926 -24.9969 
vt 5.99898 -25.0006 
vt 5.99929 -24.997 
vt 5.9993 -25.0001 
vt 6.00102 -25.0006 
vt 6.00071 -24.997 
vt 6.0007 -25.0001 
vt 6 -24.9999 
vt 6 -24.9971 
vt 5.99929 -24.997 
vt 6.00073 -25.0011 
vt 6.00074 -24.9969 
vt 6 -24.9969 
vt 6 -25.0013 
vt 5.99927 -25.0011 
vt 5.99926 -24.9969 
vt 6.00073 -24.9959 
vt 6 -24.9956 
vt 5.99927 -24.9959 
vt 6 -25 
vt 6.00073 -25 
vt 5.99927 -25 
vt 5.99927 -25.0041 
vt 6 -25.0044 
vt 6.00073 -25.0041 

usemtl Meshpart4Mtl

f 1746/1746/1746 1743/1743/1743 1744/1744/1744 
f 1743/1743/1743 1746/1746/1746 1747/1747/1747 
f 1748/1748/1748 1747/1747/1747 1746/1746/1746 
f 1749/1749/1749 1743/1743/1743 1747/1747/1747 
f 1747/1747/1747 1748/1748/1748 1750/1750/1750 
f 1753/1753/1753 1747/1747/1747 1750/1750/1750 
f 1749/1749/1749 1747/1747/1747 1753/1753/1753 
f 1753/1753/1753 1750/1750/1750 1754/1754/1754 
f 1757/1757/1757 1753/1753/1753 1754/1754/1754 
f 1758/1758/1758 1749/1749/1749 1753/1753/1753 
f 1753/1753/1753 1757/1757/1757 1758/1758/1758 
f 1759/1759/1759 1758/1758/1758 1757/1757/1757 
f 1758/1758/1758 1759/1759/1759 1761/1761/1761 
f 1749/1749/1749 1758/1758/1758 1762/1762/1762 
f 1761/1761/1761 1762/1762/1762 1758/1758/1758 
f 1762/1762/1762 1761/1761/1761 1763/1763/1763 
f 1764/1764/1764 1765/1765/1765 1766/1766/1766 
f 1765/1765/1765 1764/1764/1764 1767/1767/1767 
f 1765/1765/1765 1768/1768/1768 1766/1766/1766 
f 1768/1768/1768 1765/1765/1765 1769/1769/1769 
f 1774/1774/1774 1772/1772/1772 1771/1771/1771 
f 1771/1771/1771 1775/1775/1775 1774/1774/1774 
f 1771/1771/1771 1776/1776/1776 1775/1775/1775 
f 1776/1776/1776 1771/1771/1771 1779/1779/1779 
f 1784/1784/1784 1786/1786/1786 1783/1783/1783 
f 1786/1786/1786 1784/1784/1784 1787/1787/1787 
f 1788/1788/1788 1784/1784/1784 1781/1781/1781 
f 1784/1784/1784 1788/1788/1788 1787/1787/1787 
f 1789/1789/1789 1786/1786/1786 1787/1787/1787 
f 1788/1788/1788 1789/1789/1789 1787/1787/1787 
f 1786/1786/1786 1789/1789/1789 1790/1790/1790 
f 1789/1789/1789 1788/1788/1788 1794/1794/1794 
f 1795/1795/1795 1798/1798/1798 1797/1797/1797 
f 1798/1798/1798 1795/1795/1795 1800/1800/1800 
f 1800/1800/1800 1801/1801/1801 1798/1798/1798 
f 1802/1802/1802 1800/1800/1800 1795/1795/1795 
f 1801/1801/1801 1800/1800/1800 1803/1803/1803 
f 1813/1813/1813 1814/1814/1814 1815/1815/1815 
f 1813/1813/1813 1815/1815/1815 1816/1816/1816 
f 1816/1816/1816 1802/1802/1802 1813/1813/1813 
f 1816/1816/1816 1815/1815/1815 1810/1810/1810 
f 1802/1802/1802 1816/1816/1816 1817/1817/1817 
f 1800/1800/1800 1802/1802/1802 1817/1817/1817 
f 1817/1817/1817 1803/1803/1803 1800/1800/1800 
f 1803/1803/1803 1817/1817/1817 1807/1807/1807 
f 1818/1818/1818 1817/1817/1817 1816/1816/1816 
f 1816/1816/1816 1810/1810/1810 1818/1818/1818 
f 1817/1817/1817 1818/1818/1818 1807/1807/1807 
f 1826/1826/1826 1821/1821/1821 1822/1822/1822 
f 1824/1824/1824 1826/1826/1826 1825/1825/1825 
f 1821/1821/1821 1826/1826/1826 1827/1827/1827 
f 1826/1826/1826 1824/1824/1824 1827/1827/1827 
f 1829/1829/1829 1830/1830/1830 1831/1831/1831 
f 1831/1831/1831 1832/1832/1832 1829/1829/1829 
f 1831/1831/1831 1833/1833/1833 1832/1832/1832 
f 1833/1833/1833 1831/1831/1831 1834/1834/1834 
f 1838/1838/1838 1835/1835/1835 1836/1836/1836 
f 1838/1838/1838 1836/1836/1836 1837/1837/1837 
f 1835/1835/1835 1838/1838/1838 1839/1839/1839 
f 1837/1837/1837 1840/1840/1840 1838/1838/1838 
f 1841/1841/1841 1838/1838/1838 1840/1840/1840 
f 1838/1838/1838 1841/1841/1841 1842/1842/1842 
f 1838/1838/1838 1842/1842/1842 1843/1843/1843 
f 1843/1843/1843 1839/1839/1839 1838/1838/1838 

