# This file is brought to you by Roblox Corporation
# Generated by Roblox Studio

mtllib Energy Rifle.mtl

g Meshpart1

v -410.236 5.87968 -4.64472 
v -409.733 5.87941 -4.64472 
v -410.236 5.87941 -4.64472 
v -409.733 5.87968 -4.64472 
v -410.236 6.21351 -4.64472 
v -409.733 6.21351 -4.64472 
v -410.236 6.13813 -4.64472 
v -409.733 6.13813 -4.64472 
v -410.236 5.9085 -4.64472 
v -409.733 5.9085 -4.64472 
v -410.236 6.16601 1.10389 
v -409.733 6.13813 1.10389 
v -410.12 6.56554 0.983888 
v -409.733 5.95424 -2.418 
v -410.236 5.95424 -2.418 
v -410.236 6.00442 -2.35502 
v -409.733 6.00442 -2.35502 
v -410.236 6.12807 -2.35502 
v -409.733 6.12807 -2.35502 
v -410.236 6.17824 -2.418 
v -409.792 6.40224 0.341612 
v -409.792 6.40224 0.746402 
v -409.792 6.31533 0.306972 
v -410.178 6.29024 0.341612 
v -410.178 6.29024 0.746402 
v -410.178 6.31533 0.781042 
v -409.792 6.31533 0.781042 
v -410.178 6.37715 0.781042 
v -409.792 6.37715 0.781042 
v -410.236 5.15349 1.00722 
v -409.733 5.11349 0.890556 
v -409.878 6.63956 -1.73469 
v -410.093 6.63956 -1.73469 
v -409.835 6.53144 -1.80819 
v -410.135 6.53144 -1.80819 
v -409.878 6.63956 -1.73469 
v -409.792 6.42332 -1.88168 
v -410.178 6.42332 -1.88168 
v -410.12 6.56554 0.383888 
v -409.733 5.84916 -1.03471 
v -410.236 5.84916 -1.03471 
v -409.733 5.63725 -0.83998 
v -410.236 5.63725 -0.83998 
v -410.236 6.09916 0.53174 
v -409.733 6.09916 0.53174 
v -409.733 5.77349 0.813888 
v -410.236 5.77349 0.813888 
v -409.733 5.17349 0.813888 
v -410.236 5.17349 0.813888 
v -409.733 5.95032 -1.01811 
v -410.236 5.95032 -1.01811 
v -410.236 6.00022 -1.00424 
v -409.733 6.00022 -1.00424 
v -410.236 6.02599 -1.01473 
v -409.733 6.02599 -1.01473 
v -410.178 6.28419 -3.8113 
v -409.792 6.28419 -1.20444 
v -410.211 6.21969 -1.0936 
v -409.792 6.28419 -3.8113 
v -410.178 6.42332 -3.84522 
v -409.792 6.42332 -3.84522 
v -409.759 6.21969 -1.0936 
v -409.734 6.13813 -1.05981 
v -410.236 6.13813 -1.05981 
v -409.734 6.05371 -1.02602 
v -410.236 6.05371 -1.02602 
v -410.236 6.13813 -4.64472 
v -409.733 6.13813 -4.64472 
v -410.236 6.16601 1.10389 
v -409.733 6.13813 1.10389 
v -410.12 6.56554 0.983888 
v -410.236 5.8806 -4.18084 
v -409.733 5.8806 -4.18084 
v -410.236 5.87968 -4.64472 
v -409.733 5.87968 -4.64472 
v -410.236 5.95424 -4.07038 
v -409.733 5.95424 -4.07038 
v -409.733 5.95424 -2.418 
v -410.236 5.95424 -2.418 
v -410.236 6.00442 -2.35502 
v -409.733 6.00442 -2.35502 
v -410.236 6.00442 -4.29697 
v -409.733 6.00442 -4.29697 
v -410.236 5.95424 -4.23398 
v -409.733 5.95424 -4.23398 
v -409.733 5.95424 -4.12564 
v -410.236 5.95424 -4.12564 
v -410.178 6.37715 0.306972 
v -409.792 6.40224 0.341612 
v -409.792 6.40224 0.746402 
v -409.792 6.31533 0.306972 
v -410.178 6.31533 0.306972 
v -410.178 6.29024 0.341612 
v -409.792 6.29024 0.341612 
v -410.178 6.29024 0.53174 
v -409.792 6.29024 0.746402 
v -410.178 6.29024 0.746402 
v -410.178 6.31533 0.781042 
v -409.792 6.31533 0.781042 
v -410.177 6.42332 -3.8759 
v -409.793 6.42332 -4.41727 
v -410.177 6.42332 -4.41727 
v -409.793 6.42332 -3.8759 
v -409.784 6.24419 -4.64199 
v -410.186 6.24419 -4.64199 
v -410.093 6.63956 -1.29525 
v -409.878 6.63956 -1.73469 
v -410.093 6.63956 -1.73469 
v -409.878 6.63956 -1.29525 
v -409.792 6.42332 -1.88168 
v -410.178 6.42332 -1.88168 
v -410.149 6.51255 -1.16498 
v -409.792 6.38554 -1.03471 
v -409.821 6.51255 -1.16498 
v -410.093 6.63956 -1.29525 
v -409.878 6.63956 -1.29525 
v -410.178 6.38554 -1.03471 
v -409.792 6.38554 0.183888 
v -410.178 6.38554 0.183888 
v -409.85 6.56554 0.383888 
v -410.12 6.56554 0.383888 
v -410.12 6.56554 0.983888 
v -409.85 6.56554 0.983888 
v -410.178 6.42332 -3.84522 
v -410.178 6.42332 -1.88168 
v -409.792 6.42332 -1.88168 
v -409.792 6.42332 -3.84522 
v -409.734 6.0529 -0.698128 
v -409.763 6.198 -1.11529 
v -409.763 6.21351 -3.9312 
v -409.733 6.17824 -2.418 
v -409.733 6.13813 -1.09121 
v -410.206 6.198 -1.11529 
v -410.206 6.21351 -3.9312 
v -410.236 6.17824 -2.418 
v -410.236 6.13813 -1.09121 
v -410.236 6.02677 -0.68862 
v -410.184 6.25351 -1.20444 
v -409.784 6.25351 -3.8312 
v -410.184 6.25351 -3.8312 
v -410.206 6.21351 -3.9312 
v -409.784 6.25351 -1.20444 
v -409.763 6.21351 -3.9312 
v -410.236 6.21351 -4.64472 
v -409.733 6.21351 -4.64472 
v -410.206 6.198 -1.11529 
v -409.763 6.198 -1.11529 
v -409.733 5.95015 -1.42302 
v -410.236 6.00929 -1.53506 
v -409.733 6.00929 -1.53506 
v -410.236 5.92234 -1.42302 
v -409.733 5.92234 -1.42302 
v -410.236 5.92234 -1.07257 
v -409.733 5.92234 -1.07257 
v -409.733 5.95032 -1.01811 
v -410.236 5.95032 -1.01811 
v -410.236 6.02599 -1.01473 
v -409.733 6.02599 -1.01473 
v -409.733 6.02677 -0.68862 
v -410.236 6.02677 -0.68862 
v -410.236 6.13813 -0.54362 
v -409.733 6.13813 -0.54362 
v -410.236 6.16677 -0.50862 
v -409.733 6.16677 -0.50862 
v -410.236 6.16601 1.10389 
v -409.733 6.16601 1.10389 
v -409.733 6.13813 -4.64472 
v -410.236 6.16601 1.10389 
v -409.733 6.13813 1.10389 
v -409.733 5.69811 -4.41727 
v -409.733 6.00442 -2.35502 
v -410.236 6.13813 -2.36694 
v -409.733 6.00442 -4.29697 
v -409.792 6.31533 0.306972 
v -410.178 6.29024 0.341612 
v -409.793 6.42332 -3.8759 
v -409.784 6.24419 -4.64199 
v -409.733 5.69811 -3.05985 
v -409.878 6.63956 -1.73469 
v -410.236 5.54624 -2.01829 
v -409.792 6.42332 -1.88168 
v -409.792 6.38554 0.769458 
v -409.85 6.56554 0.983888 
v -409.792 6.38554 1.10389 
v -409.792 6.40224 0.746402 
v -409.792 6.37715 0.781042 
v -409.85 6.56554 0.383888 
v -409.792 6.31533 0.781042 
v -409.792 6.40224 0.341612 
v -409.754 6.19366 1.10389 
v -409.792 6.29024 0.746402 
v -409.792 6.29024 0.341612 
v -409.759 6.1929 -0.518128 
v -409.792 6.38554 0.183888 
v -409.792 6.31533 0.306972 
v -409.792 6.37715 0.306972 
v -409.792 6.38554 0.318556 
v -409.792 6.38554 -1.03471 
v -409.734 6.13813 -0.588128 
v -409.734 6.13813 -1.05981 
v -409.734 6.0529 -0.698128 
v -409.734 6.05371 -1.02602 
v -409.759 6.21969 -1.0936 
v -409.792 6.28419 -1.20444 
v -409.792 6.42332 -1.88168 
v -409.792 6.28419 -3.8113 
v -409.792 6.42332 -3.84522 
v -409.821 6.51255 -1.16498 
v -409.835 6.53144 -1.80819 
v -409.878 6.63956 -1.29525 
v -409.878 6.63956 -1.73469 
v -409.763 6.198 -1.11529 
v -409.763 6.21351 -3.9312 
v -409.784 6.25351 -3.8312 
v -409.784 6.25351 -1.20444 
v -409.733 6.17824 -2.418 
v -409.733 6.13813 -2.36694 
v -409.733 6.17824 -4.23398 
v -409.733 6.21351 -4.64472 
v -409.733 6.13813 -4.28384 
v -409.733 6.12807 -4.29697 
v -409.733 6.13813 -4.64472 
v -409.733 6.00442 -4.29697 
v -409.733 5.9085 -4.64472 
v -409.733 5.95424 -4.23398 
v -409.733 5.90543 -4.19886 
v -409.733 5.95424 -4.12564 
v -409.733 6.12807 -2.35502 
v -409.733 6.13813 -1.09121 
v -409.733 6.0232 -1.51098 
v -409.733 5.95015 -1.42302 
v -409.733 5.95015 -1.08554 
v -409.733 5.99228 -1.03387 
v -409.733 5.96454 -1.04638 
v -409.733 5.94916 -1.79386 
v -409.733 6.00442 -2.35502 
v -409.733 6.00929 -1.53506 
v -409.733 5.54624 -2.01829 
v -409.733 5.94916 -1.51539 
v -409.733 5.95424 -2.418 
v -409.733 5.92234 -1.42302 
v -409.733 5.54624 -2.81829 
v -409.733 5.84916 -1.37595 
v -409.733 5.69811 -3.05985 
v -409.733 5.92234 -1.07257 
v -409.733 5.95424 -4.07038 
v -409.733 5.84916 -1.03471 
v -409.733 5.8806 -4.18084 
v -409.733 5.69811 -4.41727 
v -409.733 5.87968 -4.64472 
v -409.733 5.87941 -4.64472 
v -409.733 5.95032 -1.01811 
v -409.733 5.87826 -0.703948 
v -409.733 5.63725 -0.83998 
v -409.733 6.00022 -1.00424 
v -409.733 5.72588 -0.703948 
v -409.733 5.63725 -0.755934 
v -409.733 6.02677 -0.68862 
v -409.733 6.02599 -1.01473 
v -409.733 6.09916 -0.476112 
v -409.733 6.13813 -0.54362 
v -409.733 6.16677 -0.50862 
v -409.733 6.09916 0.53174 
v -409.733 6.16601 1.10389 
v -409.733 6.13813 1.10389 
v -409.733 5.77349 0.813888 
v -409.733 5.17349 1.10389 
v -409.733 5.15349 1.00722 
v -409.733 5.17349 0.813888 
v -409.733 5.11349 0.890556 
v -410.206 6.198 -1.11529 
v -410.184 6.25351 -3.8312 
v -410.236 6.02677 -0.68862 
v -409.793 6.42332 -4.41727 
v -409.784 6.24419 -3.9312 
v -409.784 6.24419 -4.64199 
v -409.793 6.42332 -3.8759 
v -409.784 6.28026 -3.84102 
v -409.733 6.16601 1.10389 
v -410.236 6.16601 1.10389 
v -410.236 6.13813 1.10389 
v -409.733 6.13813 1.10389 
v -410.236 5.17349 1.10389 
v -409.733 5.17349 1.10389 
v -410.217 6.19366 1.10389 
v -409.754 6.19366 1.10389 
v -410.178 6.38554 1.10389 
v -409.792 6.38554 1.10389 
v -409.85 6.56554 0.983888 
v -410.12 6.56554 0.983888 
v -410.236 6.17824 -4.23398 
v -409.733 6.17824 -4.23398 
v -409.733 6.12807 -4.29697 
v -410.236 6.12807 -4.29697 
v -410.236 6.00442 -4.29697 
v -409.733 6.00442 -4.29697 
v -410.236 5.90543 -4.19886 
v -409.733 5.90543 -4.19886 
v -410.178 6.37715 0.306972 
v -409.792 6.40224 0.341612 
v -409.792 6.37715 0.306972 
v -409.792 6.31533 0.306972 
v -410.178 6.31533 0.306972 
v -410.178 6.29024 0.341612 
v -410.236 5.15349 1.00722 
v -409.733 5.11349 0.890556 
v -410.12 6.56554 0.383888 
v -410.236 5.94916 -1.79386 
v -409.733 5.94916 -1.79386 
v -409.733 5.54624 -2.01829 
v -410.236 5.54624 -2.01829 
v -409.733 5.63725 -0.755934 
v -410.236 5.63725 -0.755934 
v -410.236 5.72588 -0.703948 
v -409.733 5.72588 -0.703948 
v -409.733 5.87826 -0.703948 
v -410.236 5.87826 -0.703948 
v -409.733 6.09916 -0.476112 
v -410.184 6.25351 -1.20444 
v -409.784 6.25351 -1.20444 
v -410.206 6.198 -1.11529 
v -409.763 6.198 -1.11529 
v -410.236 6.13813 -1.09121 
v -409.733 6.13813 -1.09121 
v -410.236 5.99228 -1.03387 
v -409.733 5.99228 -1.03387 
v -410.236 5.96454 -1.04638 
v -409.733 5.96454 -1.04638 
v -410.186 6.28026 -3.84102 
v -409.784 6.28026 -3.84102 
v -410.177 6.42332 -3.8759 
v -409.793 6.42332 -3.8759 
v -410.236 6.13813 -4.64472 
v -409.733 6.13813 -4.64472 
v -410.236 6.16601 1.10389 
v -409.733 6.13813 1.10389 
v -410.12 6.56554 0.983888 
v -410.236 5.87941 -4.64472 
v -409.733 5.69811 -4.41727 
v -410.236 5.69811 -4.41727 
v -409.733 5.87941 -4.64472 
v -409.733 5.95424 -2.418 
v -410.236 6.00442 -2.35502 
v -409.733 6.00442 -2.35502 
v -410.236 6.12807 -2.35502 
v -409.733 6.12807 -2.35502 
v -410.236 6.13813 -2.36694 
v -409.733 6.13813 -2.36694 
v -410.236 6.17824 -2.418 
v -409.733 6.17824 -2.418 
v -410.236 6.17824 -4.23398 
v -409.733 6.17824 -4.23398 
v -409.733 6.13813 -4.28384 
v -410.236 6.13813 -4.28384 
v -409.733 6.12807 -4.29697 
v -410.236 6.12807 -4.29697 
v -410.236 6.00442 -4.29697 
v -409.733 6.00442 -4.29697 
v -409.733 5.95424 -4.12564 
v -410.236 5.95424 -4.12564 
v -410.236 5.90543 -4.19886 
v -409.733 5.90543 -4.19886 
v -410.236 5.9085 -4.64472 
v -409.733 5.9085 -4.64472 
v -410.178 6.37715 0.306972 
v -409.792 6.38554 0.318556 
v -410.178 6.40224 0.341612 
v -409.792 6.40224 0.341612 
v -410.178 6.40224 0.746402 
v -409.792 6.40224 0.746402 
v -409.792 6.37715 0.306972 
v -409.792 6.31533 0.306972 
v -410.178 6.29024 0.341612 
v -410.177 6.42332 -3.8759 
v -409.793 6.42332 -3.8759 
v -409.733 5.17349 1.10389 
v -410.236 5.17349 1.10389 
v -410.236 5.15349 1.00722 
v -409.733 5.15349 1.00722 
v -410.236 5.11349 0.890556 
v -409.733 5.11349 0.890556 
v -410.236 5.17349 0.813888 
v -409.733 5.17349 0.813888 
v -409.733 5.69811 -3.05985 
v -410.236 5.54624 -2.81829 
v -410.236 5.69811 -3.05985 
v -409.733 5.54624 -2.81829 
v -410.236 5.69811 -4.41727 
v -409.733 5.69811 -4.41727 
v -410.236 5.54624 -2.01829 
v -410.236 5.54624 -2.81829 
v -409.733 5.54624 -2.81829 
v -409.733 5.54624 -2.01829 
v -410.12 6.56554 0.383888 
v -409.734 6.0529 -0.698128 
v -409.733 6.13813 -1.09121 
v -410.236 6.13813 -1.09121 
v -410.236 6.02677 -0.68862 
v -409.733 5.94916 -1.51539 
v -410.236 5.94916 -1.51539 
v -410.236 5.94916 -1.79386 
v -409.733 5.84916 -1.37595 
v -409.733 5.94916 -1.79386 
v -410.236 5.84916 -1.37595 
v -409.733 5.84916 -1.03471 
v -410.236 5.84916 -1.03471 
v -409.733 5.63725 -0.83998 
v -410.236 5.63725 -0.83998 
v -409.733 5.63725 -0.755934 
v -410.236 5.63725 -0.755934 
v -409.733 5.87826 -0.703948 
v -410.236 5.87826 -0.703948 
v -409.733 6.09916 -0.476112 
v -410.236 6.09916 -0.476112 
v -410.236 6.09916 0.53174 
v -409.733 6.09916 0.53174 
v -409.733 5.99228 -1.03387 
v -410.236 5.96454 -1.04638 
v -409.733 5.96454 -1.04638 
v -409.733 5.95015 -1.08554 
v -410.236 5.95015 -1.08554 
v -409.733 5.95015 -1.42302 
v -410.236 5.95015 -1.42302 
v -409.733 6.0232 -1.51098 
v -410.236 6.0232 -1.51098 
v -410.236 6.00929 -1.53506 
v -409.733 6.00929 -1.53506 
v -410.236 5.92234 -1.42302 
v -410.178 6.28419 -3.8113 
v -409.792 6.28419 -1.20444 
v -410.178 6.28419 -1.20444 
v -410.211 6.21969 -1.0936 
v -409.792 6.28419 -3.8113 
v -409.759 6.21969 -1.0936 
v -409.734 6.05371 -1.02602 
v -410.236 6.05371 -1.02602 
v -409.734 6.0529 -0.698128 
v -410.236 6.0529 -0.698128 
v -410.236 6.13813 -0.588128 
v -409.734 6.13813 -0.588128 
v -410.211 6.1929 -0.518128 
v -409.759 6.1929 -0.518128 
v -410.217 6.19339 0.53174 
v -409.754 6.19366 1.10389 
v -410.217 6.19366 1.10389 
v -410.186 6.24419 -3.9312 
v -409.784 6.24419 -3.9312 
v -410.186 6.28026 -3.84102 
v -409.784 6.24419 -4.64199 
v -410.186 6.24419 -4.64199 
v -409.784 6.28026 -3.84102 
v -410.178 6.38554 0.769458 
v -409.792 6.38554 0.769458 
v -410.178 6.37715 0.781042 
v -409.792 6.37715 0.781042 
v -409.792 6.40224 0.746402 
v -410.178 6.40224 0.746402 
v -410.236 6.13813 -4.64472 
v -409.733 6.13813 1.10389 
v -409.733 5.69811 -4.41727 
v -410.236 6.00442 -2.35502 
v -410.236 6.13813 -2.36694 
v -410.236 6.00442 -4.29697 
v -409.792 6.31533 0.306972 
v -410.178 6.29024 0.341612 
v -410.177 6.42332 -3.8759 
v -409.784 6.24419 -4.64199 
v -410.236 5.69811 -3.05985 
v -410.236 5.54624 -2.01829 
v -410.178 6.42332 -1.88168 
v -410.236 6.13813 -1.05981 
v -410.236 6.0529 -0.698128 
v -410.236 6.13813 -0.588128 
v -410.236 6.05371 -1.02602 
v -410.211 6.21969 -1.0936 
v -410.211 6.1929 -0.518128 
v -410.178 6.38554 -1.03471 
v -410.178 6.28419 -1.20444 
v -410.178 6.42332 -1.88168 
v -410.178 6.28419 -3.8113 
v -410.178 6.42332 -3.84522 
v -410.149 6.51255 -1.16498 
v -410.135 6.53144 -1.80819 
v -410.093 6.63956 -1.29525 
v -410.093 6.63956 -1.73469 
v -410.178 6.38554 0.183888 
v -410.178 6.31533 0.306972 
v -410.178 6.37715 0.306972 
v -410.178 6.29024 0.341612 
v -410.178 6.40224 0.341612 
v -410.217 6.19339 0.53174 
v -410.12 6.56554 0.383888 
v -410.178 6.29024 0.53174 
v -410.178 6.40224 0.746402 
v -410.178 6.29024 0.746402 
v -410.12 6.56554 0.983888 
v -410.217 6.19366 1.10389 
v -410.178 6.38554 0.769458 
v -410.178 6.31533 0.781042 
v -410.178 6.38554 1.10389 
v -410.178 6.37715 0.781042 
v -409.734 6.0529 -0.698128 
v -410.206 6.198 -1.11529 
v -410.184 6.25351 -3.8312 
v -410.206 6.21351 -3.9312 
v -410.184 6.25351 -1.20444 
v -410.236 6.17824 -2.418 
v -410.236 6.17824 -4.23398 
v -410.236 6.13813 -2.36694 
v -410.236 6.21351 -4.64472 
v -410.236 6.13813 -4.28384 
v -410.236 6.12807 -4.29697 
v -410.236 6.13813 -4.64472 
v -410.236 6.00442 -4.29697 
v -410.236 5.9085 -4.64472 
v -410.236 5.95424 -4.23398 
v -410.236 5.90543 -4.19886 
v -410.236 5.95424 -4.12564 
v -410.236 6.12807 -2.35502 
v -410.236 6.13813 -1.09121 
v -410.236 6.0232 -1.51098 
v -410.236 5.95015 -1.42302 
v -410.236 5.95015 -1.08554 
v -410.236 5.99228 -1.03387 
v -410.236 5.96454 -1.04638 
v -410.236 5.94916 -1.79386 
v -410.236 6.00929 -1.53506 
v -410.236 6.00442 -2.35502 
v -410.236 5.94916 -1.51539 
v -410.236 5.54624 -2.01829 
v -410.236 5.92234 -1.42302 
v -410.236 5.95424 -2.418 
v -410.236 5.84916 -1.37595 
v -410.236 5.54624 -2.81829 
v -410.236 5.92234 -1.07257 
v -410.236 5.69811 -3.05985 
v -410.236 5.84916 -1.03471 
v -410.236 5.95424 -4.07038 
v -410.236 5.8806 -4.18084 
v -410.236 5.69811 -4.41727 
v -410.236 5.87968 -4.64472 
v -410.236 5.87941 -4.64472 
v -410.236 5.95032 -1.01811 
v -410.236 5.87826 -0.703948 
v -410.236 6.00022 -1.00424 
v -410.236 5.63725 -0.83998 
v -410.236 5.72588 -0.703948 
v -410.236 5.63725 -0.755934 
v -410.236 6.02677 -0.68862 
v -410.236 6.02599 -1.01473 
v -410.236 6.09916 -0.476112 
v -410.236 6.13813 -0.54362 
v -410.236 6.16677 -0.50862 
v -410.236 6.09916 0.53174 
v -410.236 6.16601 1.10389 
v -410.236 6.13813 1.10389 
v -410.236 5.77349 0.813888 
v -410.236 5.17349 1.10389 
v -410.236 5.15349 1.00722 
v -410.236 5.17349 0.813888 
v -410.236 5.11349 0.890556 
v -410.186 6.24419 -4.64199 
v -410.186 6.24419 -3.9312 
v -410.177 6.42332 -4.41727 
v -410.177 6.42332 -3.8759 
v -410.186 6.28026 -3.84102 

vn 0 0 -1 
vn 0 0 -1 
vn 0 0 -1 
vn 0 0 -1 
vn 0 0 -1 
vn 0 0 -1 
vn 0 0 -1 
vn 0 0 -1 
vn 0 0 -1 
vn 0 0 -1 
vn 0 0 1 
vn 0 0 1 
vn 0 0.551181 0.834646 
vn 0 0.944882 -0.330709 
vn 0 0.944882 -0.330709 
vn 0 0.433071 -0.897638 
vn 0 0.433071 -0.897638 
vn 0 -0.425197 -0.905512 
vn 0 -0.425197 -0.905512 
vn 0 -0.944882 -0.322835 
vn 0 -0.952756 0.307087 
vn 0 -1 0 
vn 0 0.456693 0.889764 
vn 0 0.952756 0.307087 
vn 0 0.952756 -0.307087 
vn 0 0.456693 -0.889764 
vn 0 0.456693 -0.889764 
vn 0 0 -1 
vn 0 0 -1 
vn 0 -0.96063 0.267717 
vn 0 -0.984252 -0.165354 
vn 0 1 0 
vn 0 0.559055 -0.826772 
vn 0 0.559055 -0.826772 
vn 0 0.559055 -0.826772 
vn 0 0.559055 -0.826772 
vn 0 0.559055 -0.826772 
vn 0 0.559055 -0.826772 
vn 0 0.92126 -0.385827 
vn 0 -0.913386 -0.401575 
vn 0 -0.913386 -0.401575 
vn 0 -0.913386 -0.401575 
vn 0 -0.913386 -0.401575 
vn 0 -0.905512 -0.417323 
vn 0 -0.905512 -0.417323 
vn 0 -0.346457 -0.937008 
vn 0 -0.346457 -0.937008 
vn 0 0 -1 
vn 0 0 -1 
vn 0 0.629921 -0.771654 
vn 0 0.629921 -0.771654 
vn 0 -0.0551181 -1 
vn 0 -0.0551181 -1 
vn 0 0.559055 -0.826772 
vn 0 0.559055 -0.826772 
vn 0 -0.787402 -0.614173 
vn 0 -0.96063 -0.283465 
vn 0 -0.606299 -0.795276 
vn 0 -0.787402 -0.614173 
vn 0 -0.23622 -0.968504 
vn 0 -0.23622 -0.968504 
vn 0 -0.606299 -0.795276 
vn 0 -0.377953 -0.929134 
vn 0 -0.377953 -0.929134 
vn 0 -0.826772 -0.559055 
vn 0 -0.826772 -0.559055 
vn 0 0 -1 
vn 0 0 -1 
vn 0 0 1 
vn 0 0 1 
vn 0 0.551181 0.834646 
vn 0 0.96063 -0.291339 
vn 0 0.96063 -0.291339 
vn 0 1 0 
vn 0 1 0 
vn 0 0.96063 -0.291339 
vn 0 0.96063 -0.291339 
vn 0 0.944882 -0.330709 
vn 0 0.944882 -0.330709 
vn 0 0.433071 -0.897638 
vn 0 0.433071 -0.897638 
vn 0 0.433071 0.897638 
vn 0 0.433071 0.897638 
vn 0 0.944882 0.330709 
vn 0 0.944882 0.330709 
vn 0 0.291339 0.96063 
vn 0 0.291339 0.96063 
vn 0 -0.456693 0.889764 
vn 0 -0.952756 0.307087 
vn 0 -1 0 
vn 0 0.456693 0.889764 
vn 0 0.456693 0.889764 
vn 0 0.952756 0.307087 
vn 0 0.952756 0.307087 
vn 0 1 0 
vn 0 0.952756 -0.307087 
vn 0 0.952756 -0.307087 
vn 0 0.456693 -0.889764 
vn 0 0.456693 -0.889764 
vn 0 1 0 
vn 0 0.944882 -0.330709 
vn 0 0.944882 -0.330709 
vn 0 1 0 
vn 0 0.779528 -0.622047 
vn 0 0.779528 -0.622047 
vn 0 1 0 
vn 0 1 0 
vn 0 1 0 
vn 0 1 0 
vn 0 0.559055 -0.826772 
vn 0 0.559055 -0.826772 
vn 0 0.716535 0.700787 
vn 0 0.937008 0.354331 
vn 0 0.716535 0.700787 
vn 0 0.716535 0.700787 
vn 0 0.716535 0.700787 
vn 0 0.937008 0.354331 
vn 0 0.944882 -0.322835 
vn 0 0.944882 -0.322835 
vn 0 0.92126 -0.385827 
vn 0 0.92126 -0.385827 
vn 0 1 0 
vn 0 1 0 
vn 0 1 0 
vn 0 1 0 
vn 0 1 0 
vn 0 1 0 
vn 1 0 0 
vn 0.937008 0.354331 0 
vn 0.937008 0.346457 0.00787402 
vn 0.944882 0.338583 0.00787402 
vn 0.992126 0.133858 0 
vn -0.937008 0.354331 0 
vn -0.937008 0.346457 0.00787402 
vn -0.944882 0.338583 0.00787402 
vn -0.992126 0.133858 0 
vn -1 0 0 
vn 0 0.952756 0.299213 
vn 0 0.976378 -0.204724 
vn 0 0.976378 -0.204724 
vn 0 0.984252 -0.173228 
vn 0 0.952756 0.299213 
vn 0 0.984252 -0.173228 
vn 0 1 0 
vn 0 1 0 
vn 0 0.582677 0.811024 
vn 0 0.582677 0.811024 
vn 0 -0.937008 -0.338583 
vn 0 -0.0708661 1 
vn 0 -0.0708661 1 
vn 0 0.944882 0.322835 
vn 0 0.944882 0.322835 
vn 0 0.968504 -0.23622 
vn 0 0.968504 -0.23622 
vn 0 0.629921 -0.771654 
vn 0 0.629921 -0.771654 
vn 0 0.559055 -0.826772 
vn 0 0.559055 -0.826772 
vn 0 0.944882 -0.322835 
vn 0 0.944882 -0.322835 
vn 0 0.787402 -0.622047 
vn 0 0.787402 -0.622047 
vn 0 0.944882 -0.338583 
vn 0 0.944882 -0.338583 
vn 0 1 0 
vn 0 1 0 
vn 0 0 -1 
vn 0 0 1 
vn 0 0 1 
vn 0 -0.779528 -0.622047 
vn 0 0.433071 -0.897638 
vn 0 -0.771654 -0.629921 
vn 0 0.433071 0.897638 
vn 0 0.456693 0.889764 
vn 0 0.952756 0.307087 
vn 0 1 0 
vn 0 0.779528 -0.622047 
vn 0 -0.96063 -0.275591 
vn 0 1 0 
vn 0 -1 0 
vn 0 0.559055 -0.826772 
vn 0.96063 0.283465 0 
vn 0.944882 0.322835 0 
vn 0.984252 0.19685 0 
vn 0.944882 0.322835 0 
vn 0.992126 0.11811 0 
vn 0.944882 0.322835 0 
vn 0.992126 0.11811 0 
vn 0.944882 0.322835 0 
vn 0.992126 0.11811 0 
vn 0.992126 0.11811 0 
vn 0.992126 0.11811 0 
vn 0.992126 0.11811 0 
vn 0.984252 0.15748 0 
vn 0.992126 0.11811 0 
vn 0.992126 0.11811 0 
vn 0.96063 0.283465 0 
vn 0.992126 0.149606 0 
vn 0.992126 0.0944882 0 
vn 1 0.0708661 0 
vn 1 0 0 
vn 1 0 0 
vn 0.992126 0.11811 0 
vn 0.992126 0.11811 0 
vn 0.984252 0.165354 0 
vn 0.992126 0.11811 0 
vn 0.992126 0.11811 0 
vn 0.952756 0.314961 0 
vn 0.944882 0.322835 0 
vn 0.92126 0.385827 -0.00787402 
vn 0.92126 0.385827 -0.00787402 
vn 0.937008 0.354331 0 
vn 0.937008 0.346457 0.00787402 
vn 0.913386 0.409449 0 
vn 0.913386 0.409449 0 
vn 0.944882 0.338583 0.00787402 
vn 0.944882 0.338583 0.00787402 
vn 0.944882 0.338583 0.00787402 
vn 0.944882 0.338583 0.00787402 
vn 0.944882 0.338583 0.00787402 
vn 0.944882 0.338583 0.00787402 
vn 0.944882 0.338583 0.00787402 
vn 0.944882 0.338583 0.00787402 
vn 0.944882 0.338583 0.00787402 
vn 0.944882 0.338583 0.00787402 
vn 0.944882 0.338583 0.00787402 
vn 0.944882 0.338583 0.00787402 
vn 0.976378 0.204724 0 
vn 0.992126 0.133858 0 
vn 1 0 0 
vn 1 0 0 
vn 1 0 0 
vn 1 0 0 
vn 1 0 0 
vn 1 0 0 
vn 1 0 0 
vn 1 0 0 
vn 1 0 0 
vn 1 0 0 
vn 1 0 0 
vn 1 0 0 
vn 1 0 0 
vn 1 0 0 
vn 1 0 0 
vn 1 0 0 
vn 1 0 0 
vn 1 0 0 
vn 1 0 0 
vn 1 0 0 
vn 1 0 0 
vn 1 0 0 
vn 1 0 0 
vn 1 0 0 
vn 1 0 0 
vn 1 0 0 
vn 1 0 0 
vn 1 0 0 
vn 1 0 0 
vn 1 0 0 
vn 1 0 0 
vn 1 0 0 
vn 1 0 0 
vn 1 0 0 
vn 1 0 0 
vn 1 0 0 
vn 1 0 0 
vn 1 0 0 
vn 1 0 0 
vn 1 0 0 
vn 1 0 0 
vn -0.937008 0.354331 0 
vn -0.913386 0.409449 0 
vn -1 0 0 
vn 1 0.0472441 0 
vn 1 0.0472441 0 
vn 1 0.0472441 0 
vn 1 0.0472441 0 
vn 1 0.0472441 0 
vn 0 0 1 
vn 0 0 1 
vn 0 0 1 
vn 0 0 1 
vn 0 0 1 
vn 0 0 1 
vn 0 0 1 
vn 0 0 1 
vn 0 0.23622 0.968504 
vn 0 0.23622 0.968504 
vn 0 0.551181 0.834646 
vn 0 0.551181 0.834646 
vn 0 -0.944882 0.330709 
vn 0 -0.944882 0.330709 
vn 0 -0.440945 0.897638 
vn 0 -0.440945 0.897638 
vn 0 0.433071 0.897638 
vn 0 0.433071 0.897638 
vn 0 -0.96063 0.283465 
vn 0 -0.96063 0.283465 
vn 0 -0.456693 0.889764 
vn 0 -0.952756 0.307087 
vn 0 -0.456693 0.889764 
vn 0 0.456693 0.889764 
vn 0 0.456693 0.889764 
vn 0 0.952756 0.307087 
vn 0 -0.96063 0.267717 
vn 0 -0.984252 -0.165354 
vn 0 0.92126 -0.385827 
vn 0 -0.858268 0.503937 
vn 0 -0.858268 0.503937 
vn 0 -0.488189 0.874016 
vn 0 -0.488189 0.874016 
vn 0 -0.866142 0.496063 
vn 0 -0.866142 0.496063 
vn 0 -0.259843 0.968504 
vn 0 -0.259843 0.968504 
vn 0 -0.385827 0.92126 
vn 0 -0.385827 0.92126 
vn 0 -0.929134 0.377953 
vn 0 0.952756 0.299213 
vn 0 0.952756 0.299213 
vn 0 0.582677 0.811024 
vn 0 0.582677 0.811024 
vn 0 0.370079 0.929134 
vn 0 0.370079 0.929134 
vn 0 -0.023622 1 
vn 0 -0.023622 1 
vn 0 -0.732283 0.685039 
vn 0 -0.732283 0.685039 
vn 0 -0.480315 0.88189 
vn 0 -0.480315 0.88189 
vn 0 0.23622 0.968504 
vn 0 0.23622 0.968504 
vn 0 0 -1 
vn 0 0 -1 
vn 0 0 1 
vn 0 0 1 
vn 0 0.551181 0.834646 
vn 0 -0.779528 -0.622047 
vn 0 -0.779528 -0.622047 
vn 0 -0.779528 -0.622047 
vn 0 -0.779528 -0.622047 
vn 0 0.944882 -0.330709 
vn 0 0.433071 -0.897638 
vn 0 0.433071 -0.897638 
vn 0 -0.425197 -0.905512 
vn 0 -0.425197 -0.905512 
vn 0 -0.771654 -0.629921 
vn 0 -0.771654 -0.629921 
vn 0 -0.944882 -0.322835 
vn 0 -0.944882 -0.322835 
vn 0 -0.944882 0.330709 
vn 0 -0.944882 0.330709 
vn 0 -0.787402 0.614173 
vn 0 -0.787402 0.614173 
vn 0 -0.440945 0.897638 
vn 0 -0.440945 0.897638 
vn 0 0.433071 0.897638 
vn 0 0.433071 0.897638 
vn 0 0.291339 0.96063 
vn 0 0.291339 0.96063 
vn 0 -0.96063 0.283465 
vn 0 -0.96063 0.283465 
vn 0 -1 -0.00787402 
vn 0 -1 -0.00787402 
vn 0 -0.456693 0.889764 
vn 0 -0.811024 0.590551 
vn 0 -0.952756 0.307087 
vn 0 -0.952756 0.307087 
vn 0 -1 0 
vn 0 -1 0 
vn 0 -0.456693 0.889764 
vn 0 0.456693 0.889764 
vn 0 0.952756 0.307087 
vn 0 1 0 
vn 0 1 0 
vn 0 -0.976378 0.204724 
vn 0 -0.976378 0.204724 
vn 0 -0.96063 0.267717 
vn 0 -0.96063 0.267717 
vn 0 -0.984252 -0.165354 
vn 0 -0.984252 -0.165354 
vn 0 -0.787402 -0.614173 
vn 0 -0.787402 -0.614173 
vn 0 -0.96063 -0.275591 
vn 0 -0.850394 -0.535433 
vn 0 -0.96063 -0.275591 
vn 0 -0.850394 -0.535433 
vn 0 -1 0 
vn 0 -1 0 
vn 0 -1 0 
vn 0 -1 0 
vn 0 -1 0 
vn 0 -1 0 
vn 0 0.92126 -0.385827 
vn 1 0 0 
vn 0.992126 0.133858 0 
vn -0.992126 0.133858 0 
vn -1 0 0 
vn 0 -0.952756 -0.307087 
vn 0 -0.952756 -0.307087 
vn 0 -0.858268 0.503937 
vn 0 -0.952756 -0.307087 
vn 0 -0.858268 0.503937 
vn 0 -0.952756 -0.307087 
vn 0 -0.913386 -0.401575 
vn 0 -0.913386 -0.401575 
vn 0 -0.913386 -0.401575 
vn 0 -0.913386 -0.401575 
vn 0 -0.866142 0.496063 
vn 0 -0.866142 0.496063 
vn 0 -0.385827 0.92126 
vn 0 -0.385827 0.92126 
vn 0 -0.929134 0.377953 
vn 0 -0.929134 0.377953 
vn 0 -0.905512 -0.417323 
vn 0 -0.905512 -0.417323 
vn 0 -0.023622 1 
vn 0 -0.732283 0.685039 
vn 0 -0.732283 0.685039 
vn 0 -0.984252 0.173228 
vn 0 -0.984252 0.173228 
vn 0 -0.937008 -0.338583 
vn 0 -0.937008 -0.338583 
vn 0 -1 -0.0866142 
vn 0 -1 -0.0866142 
vn 0 -0.0708661 1 
vn 0 -0.0708661 1 
vn 0 0.944882 0.322835 
vn 0 -0.787402 -0.614173 
vn 0 -0.96063 -0.283465 
vn 0 -0.96063 -0.283465 
vn 0 -0.606299 -0.795276 
vn 0 -0.787402 -0.614173 
vn 0 -0.606299 -0.795276 
vn 0 -0.826772 -0.559055 
vn 0 -0.826772 -0.559055 
vn 0 -0.944882 0.322835 
vn 0 -0.944882 0.322835 
vn 0 -0.787402 0.614173 
vn 0 -0.787402 0.614173 
vn 0 -0.937008 0.354331 
vn 0 -0.937008 0.354331 
vn 0 -1 0 
vn 0 -1 0 
vn 0 -1 0 
vn 0 -0.984252 0.188976 
vn 0 -0.984252 0.188976 
vn 0 -0.480315 0.88189 
vn 0 -1 0 
vn 0 -1 0 
vn 0 -0.480315 0.88189 
vn 0 -0.811024 -0.590551 
vn 0 -0.811024 -0.590551 
vn 0 -0.811024 -0.590551 
vn 0 -0.811024 -0.590551 
vn 0 -0.811024 -0.590551 
vn 0 -0.811024 -0.590551 
vn 0 0 -1 
vn 0 0 1 
vn 0 -0.779528 -0.622047 
vn 0 0.433071 -0.897638 
vn 0 -0.771654 -0.629921 
vn 0 0.433071 0.897638 
vn 0 0.456693 0.889764 
vn 0 0.952756 0.307087 
vn 0 1 0 
vn 0 0.779528 -0.622047 
vn 0 -0.96063 -0.275591 
vn 0 -1 0 
vn 0 0.559055 -0.826772 
vn -0.976378 0.212598 0.00787402 
vn -1 0 0 
vn -0.96063 0.267717 0.00787402 
vn -1 0 0 
vn -0.984252 0.19685 0 
vn -0.984252 0.173228 0 
vn -0.984252 0.15748 0 
vn -0.992126 0.125984 0 
vn -0.984252 0.173228 0 
vn -0.992126 0.125984 0 
vn -0.992126 0.125984 0 
vn -0.944882 0.314961 0 
vn -0.944882 0.322835 0 
vn -0.92126 0.385827 -0.00787402 
vn -0.92126 0.385827 -0.00787402 
vn -0.992126 0.125984 0 
vn -0.992126 0.125984 0 
vn -0.992126 0.125984 0 
vn -0.992126 0.125984 0 
vn -0.992126 0.125984 0 
vn -0.984252 0.188976 -0.00787402 
vn -0.992126 0.125984 0 
vn -0.984252 0.188976 -0.00787402 
vn -0.992126 0.125984 0 
vn -0.968504 0.244094 -0.023622 
vn -0.992126 0.125984 0 
vn -0.968504 0.244094 -0.023622 
vn -0.992126 0.149606 -0.00787402 
vn -0.968504 0.244094 -0.023622 
vn -0.976378 0.204724 -0.015748 
vn -0.968504 0.244094 -0.023622 
vn 1 0 0 
vn -0.937008 0.354331 0 
vn -0.913386 0.409449 0 
vn -0.937008 0.346457 0.00787402 
vn -0.913386 0.409449 0 
vn -0.944882 0.338583 0.00787402 
vn -0.944882 0.338583 0.00787402 
vn -0.944882 0.338583 0.00787402 
vn -0.944882 0.338583 0.00787402 
vn -0.944882 0.338583 0.00787402 
vn -0.944882 0.338583 0.00787402 
vn -0.944882 0.338583 0.00787402 
vn -0.944882 0.338583 0.00787402 
vn -0.944882 0.338583 0.00787402 
vn -0.944882 0.338583 0.00787402 
vn -0.944882 0.338583 0.00787402 
vn -0.944882 0.338583 0.00787402 
vn -0.976378 0.204724 0 
vn -0.992126 0.133858 0 
vn -1 0 0 
vn -1 0 0 
vn -1 0 0 
vn -1 0 0 
vn -1 0 0 
vn -1 0 0 
vn -1 0 0 
vn -1 0 0 
vn -1 0 0 
vn -1 0 0 
vn -1 0 0 
vn -1 0 0 
vn -1 0 0 
vn -1 0 0 
vn -1 0 0 
vn -1 0 0 
vn -1 0 0 
vn -1 0 0 
vn -1 0 0 
vn -1 0 0 
vn -1 0 0 
vn -1 0 0 
vn -1 0 0 
vn -1 0 0 
vn -1 0 0 
vn -1 0 0 
vn -1 0 0 
vn -1 0 0 
vn -1 0 0 
vn -1 0 0 
vn -1 0 0 
vn -1 0 0 
vn -1 0 0 
vn -1 0 0 
vn -1 0 0 
vn -1 0 0 
vn -1 0 0 
vn -1 0 0 
vn -1 0 0 
vn -1 0 0 
vn -1 0 0 
vn -1 0.0472441 0 
vn -1 0.0472441 0 
vn -1 0.0472441 0 
vn -1 0.0472441 0 
vn -1 0.0472441 0 

vt -0.560294 4.04653 
vt -0.623102 4.04649 
vt -0.560294 4.04649 
vt -0.623102 4.04653 
vt -0.560294 4.08825 
vt -0.623102 4.08825 
vt -0.560294 4.07883 
vt -0.623102 4.07883 
vt -0.560294 4.05013 
vt -0.623102 4.05013 
vt -0.560294 4.08232 
vt -0.623102 4.07883 
vt -0.574697 4.13226 
vt -0.623102 4.05585 
vt -0.560294 4.05585 
vt -0.560294 4.06212 
vt -0.623102 4.06212 
vt -0.560294 4.07757 
vt -0.623102 4.07757 
vt -0.560294 4.08385 
vt -0.615699 4.11185 
vt -0.615699 4.11185 
vt -0.615699 4.10098 
vt -0.567462 4.09785 
vt -0.567462 4.09785 
vt -0.567462 4.10098 
vt -0.615699 4.10098 
vt -0.567462 4.10871 
vt -0.615699 4.10871 
vt -0.560294 3.95575 
vt -0.623102 3.95075 
vt -0.60504 4.14151 
vt -0.578153 4.14151 
vt -0.610369 4.128 
vt -0.572807 4.128 
vt -0.60504 4.14151 
vt -0.615699 4.11448 
vt -0.567462 4.11448 
vt -0.574697 4.13226 
vt -0.623102 4.04271 
vt -0.560294 4.04271 
vt -0.623102 4.01622 
vt -0.560294 4.01622 
vt -0.560294 4.07396 
vt -0.623102 4.07396 
vt -0.623102 4.03325 
vt -0.560294 4.03325 
vt -0.623102 3.95825 
vt -0.560294 3.95825 
vt -0.623102 4.05536 
vt -0.560294 4.05536 
vt -0.560294 4.06159 
vt -0.623102 4.06159 
vt -0.560294 4.06481 
vt -0.623102 4.06481 
vt -0.567462 4.09709 
vt -0.615699 4.09709 
vt -0.563362 4.08903 
vt -0.615699 4.09709 
vt -0.567462 4.11448 
vt -0.615699 4.11448 
vt -0.619799 4.08903 
vt -0.622934 4.07883 
vt -0.560226 4.07883 
vt -0.622934 4.06828 
vt -0.560226 4.06828 
vt -0.950952 4.01476 
vt -0.950952 4.07757 
vt -0.232376 4.01476 
vt -0.232376 4.07757 
vt -0.247376 4.02916 
vt -0.892967 4.01476 
vt -0.892967 4.07757 
vt -0.950952 4.01476 
vt -0.950952 4.07757 
vt -0.87916 4.01476 
vt -0.87916 4.07757 
vt -0.672613 4.07757 
vt -0.672613 4.01476 
vt -0.66474 4.01476 
vt -0.66474 4.07757 
vt -0.907483 4.01476 
vt -0.907483 4.07757 
vt -0.89961 4.01476 
vt -0.89961 4.07757 
vt -0.886068 4.07757 
vt -0.886068 4.01476 
vt -0.331991 4.02193 
vt -0.327661 4.07017 
vt -0.277062 4.07017 
vt -0.331991 4.07017 
vt -0.331991 4.02193 
vt -0.327661 4.02193 
vt -0.327661 4.07017 
vt -0.303895 4.02193 
vt -0.277062 4.07017 
vt -0.277062 4.02193 
vt -0.272732 4.02193 
vt -0.272732 4.07017 
vt -0.854849 4.02204 
vt -0.922521 4.07009 
vt -0.922521 4.02204 
vt -0.854849 4.07009 
vt -0.950612 4.07119 
vt -0.950612 4.02094 
vt -0.532269 4.03262 
vt -0.587199 4.05951 
vt -0.587199 4.03262 
vt -0.532269 4.05951 
vt -0.605572 4.07017 
vt -0.605572 4.02193 
vt -0.515985 4.02555 
vt -0.499701 4.07017 
vt -0.515985 4.06656 
vt -0.532269 4.03262 
vt -0.532269 4.05951 
vt -0.499701 4.02193 
vt -0.347376 4.07017 
vt -0.347376 4.02193 
vt -0.322376 4.06293 
vt -0.322376 4.02916 
vt -0.247376 4.02916 
vt -0.247376 4.06293 
vt -0.851015 4.02193 
vt -0.605572 4.02193 
vt -0.605572 4.07017 
vt -0.851015 4.07017 
vt -0.457628 4.0774 
vt -0.509773 4.07386 
vt -0.861763 4.07386 
vt -0.672613 4.07757 
vt -0.506764 4.07757 
vt -0.509773 4.01847 
vt -0.861763 4.01847 
vt -0.672613 4.01476 
vt -0.506764 4.01476 
vt -0.45644 4.01476 
vt -0.520918 4.02117 
vt -0.849263 4.07116 
vt -0.849263 4.02117 
vt -0.861763 4.01847 
vt -0.520918 4.07116 
vt -0.861763 4.07386 
vt -0.950952 4.01476 
vt -0.950952 4.07757 
vt -0.509773 4.01847 
vt -0.509773 4.07386 
vt -0.54824 4.07757 
vt -0.562245 4.01476 
vt -0.562245 4.07757 
vt -0.54824 4.01476 
vt -0.54824 4.07757 
vt -0.504434 4.01476 
vt -0.504434 4.07757 
vt -0.497626 4.07757 
vt -0.497626 4.01476 
vt -0.497204 4.01476 
vt -0.497204 4.07757 
vt -0.45644 4.07757 
vt -0.45644 4.01476 
vt -0.438315 4.01476 
vt -0.438315 4.07757 
vt -0.43394 4.01476 
vt -0.43394 4.07757 
vt -0.232376 4.01476 
vt -0.232376 4.07757 
vt -0.232376 4.07883 
vt -0.950952 4.08232 
vt -0.950952 4.07883 
vt -0.260808 4.02383 
vt -0.518589 4.06212 
vt -0.517099 4.07883 
vt -0.275846 4.06212 
vt -0.851338 4.10098 
vt -0.855668 4.09785 
vt -0.328479 4.11448 
vt -0.232717 4.09209 
vt -0.430486 4.02383 
vt -0.59613 4.14151 
vt -0.56068 4.00485 
vt -0.577756 4.11448 
vt -0.909149 4.10976 
vt -0.935952 4.13226 
vt -0.950952 4.10976 
vt -0.906267 4.11185 
vt -0.910597 4.10871 
vt -0.860952 4.13226 
vt -0.910597 4.10098 
vt -0.855668 4.11185 
vt -0.950952 4.08577 
vt -0.906267 4.09785 
vt -0.855668 4.09785 
vt -0.7482 4.08568 
vt -0.835952 4.10976 
vt -0.851338 4.10098 
vt -0.851338 4.10871 
vt -0.852786 4.10976 
vt -0.683627 4.10976 
vt -0.73945 4.07883 
vt -0.68049 4.07883 
vt -0.7257 4.06818 
vt -0.684714 4.06828 
vt -0.676267 4.08903 
vt -0.662411 4.09709 
vt -0.577756 4.11448 
vt -0.336554 4.09709 
vt -0.332314 4.11448 
vt -0.667343 4.12563 
vt -0.586943 4.128 
vt -0.65106 4.14151 
vt -0.59613 4.14151 
vt -0.673555 4.08632 
vt -0.321566 4.08825 
vt -0.334066 4.09325 
vt -0.662411 4.09325 
vt -0.510716 4.08385 
vt -0.517099 4.07883 
vt -0.283718 4.08385 
vt -0.232376 4.08825 
vt -0.277487 4.07883 
vt -0.275846 4.07757 
vt -0.232376 4.07883 
vt -0.275846 4.06212 
vt -0.232376 4.05013 
vt -0.283718 4.05585 
vt -0.288108 4.04974 
vt -0.297261 4.05585 
vt -0.518589 4.07757 
vt -0.676565 4.07883 
vt -0.624094 4.06447 
vt -0.635089 4.05533 
vt -0.677274 4.05533 
vt -0.683732 4.0606 
vt -0.682169 4.05713 
vt -0.588733 4.05521 
vt -0.518589 4.06212 
vt -0.621084 4.06273 
vt -0.56068 4.00485 
vt -0.623543 4.05521 
vt -0.510716 4.05585 
vt -0.635089 4.05186 
vt -0.46068 4.00485 
vt -0.640973 4.04271 
vt -0.430486 4.02383 
vt -0.678895 4.05186 
vt -0.304169 4.05585 
vt -0.683627 4.04271 
vt -0.290361 4.04664 
vt -0.260808 4.02383 
vt -0.232376 4.04653 
vt -0.232376 4.04649 
vt -0.685703 4.05536 
vt -0.724973 4.04635 
vt -0.707969 4.01622 
vt -0.687436 4.06159 
vt -0.724973 4.0273 
vt -0.718475 4.01622 
vt -0.726889 4.06491 
vt -0.686125 4.06481 
vt -0.753452 4.07396 
vt -0.745014 4.07883 
vt -0.749389 4.08241 
vt -0.879434 4.07396 
vt -0.950952 4.08232 
vt -0.950952 4.07883 
vt -0.914702 4.03325 
vt -0.950952 3.95825 
vt -0.938869 3.95575 
vt -0.914702 3.95825 
vt -0.924286 3.95075 
vt -0.673555 4.08632 
vt -0.334066 4.09325 
vt -0.726889 4.06491 
vt -0.260808 4.11448 
vt -0.321566 4.09209 
vt -0.232717 4.09209 
vt -0.328479 4.11448 
vt -0.332839 4.0966 
vt -0.560226 4.08232 
vt -0.623034 4.08232 
vt -0.623034 4.07883 
vt -0.560226 4.07883 
vt -0.623034 3.95825 
vt -0.560226 3.95825 
vt -0.62069 4.08577 
vt -0.562806 4.08577 
vt -0.615867 4.10976 
vt -0.56763 4.10976 
vt -0.574865 4.13226 
vt -0.608631 4.13226 
vt -0.623034 4.08385 
vt -0.560226 4.08385 
vt -0.560226 4.07757 
vt -0.623034 4.07757 
vt -0.623034 4.06212 
vt -0.560226 4.06212 
vt -0.623034 4.04974 
vt -0.560226 4.04974 
vt -0.615867 4.10871 
vt -0.56763 4.11185 
vt -0.56763 4.10871 
vt -0.56763 4.10098 
vt -0.615867 4.10098 
vt -0.615867 4.09785 
vt -0.623034 3.95575 
vt -0.560226 3.95075 
vt -0.608631 4.13226 
vt -0.623034 4.05521 
vt -0.560226 4.05521 
vt -0.560226 4.00485 
vt -0.623034 4.00485 
vt -0.560226 4.01622 
vt -0.623034 4.01622 
vt -0.623034 4.0273 
vt -0.560226 4.0273 
vt -0.560226 4.04635 
vt -0.623034 4.04635 
vt -0.560226 4.07396 
vt -0.616624 4.09325 
vt -0.566637 4.09325 
vt -0.619325 4.08632 
vt -0.563936 4.08632 
vt -0.623034 4.07883 
vt -0.560226 4.07883 
vt -0.623034 4.0606 
vt -0.560226 4.0606 
vt -0.623034 4.05713 
vt -0.560226 4.05713 
vt -0.616853 4.0966 
vt -0.566607 4.0966 
vt -0.615757 4.11448 
vt -0.567703 4.11448 
vt -0.232376 4.01476 
vt -0.232376 4.07757 
vt -0.950952 4.01476 
vt -0.950952 4.07757 
vt -0.935952 4.02916 
vt -0.232376 4.01476 
vt -0.260808 4.07757 
vt -0.260808 4.01476 
vt -0.232376 4.07757 
vt -0.510716 4.07757 
vt -0.518589 4.01476 
vt -0.518589 4.07757 
vt -0.518589 4.01476 
vt -0.518589 4.07757 
vt -0.517099 4.01476 
vt -0.517099 4.07757 
vt -0.510716 4.01476 
vt -0.510716 4.07757 
vt -0.283718 4.01476 
vt -0.283718 4.07757 
vt -0.277487 4.07757 
vt -0.277487 4.01476 
vt -0.275846 4.07757 
vt -0.275846 4.01476 
vt -0.275846 4.01476 
vt -0.275846 4.07757 
vt -0.297261 4.07757 
vt -0.297261 4.01476 
vt -0.288108 4.01476 
vt -0.288108 4.07757 
vt -0.232376 4.01476 
vt -0.232376 4.07757 
vt -0.851338 4.02193 
vt -0.852786 4.07017 
vt -0.855668 4.02193 
vt -0.855668 4.07017 
vt -0.906267 4.02193 
vt -0.906267 4.07017 
vt -0.851338 4.07017 
vt -0.851338 4.07017 
vt -0.855668 4.02193 
vt -0.328479 4.02204 
vt -0.328479 4.07009 
vt -0.950952 4.07757 
vt -0.950952 4.01476 
vt -0.938869 4.01476 
vt -0.938869 4.07757 
vt -0.924286 4.01476 
vt -0.924286 4.07757 
vt -0.914702 4.01476 
vt -0.914702 4.07757 
vt -0.430486 4.07757 
vt -0.46068 4.01476 
vt -0.430486 4.01476 
vt -0.46068 4.07757 
vt -0.260808 4.01476 
vt -0.260808 4.07757 
vt -0.56068 4.01476 
vt -0.46068 4.01476 
vt -0.46068 4.07757 
vt -0.56068 4.07757 
vt -0.860952 4.02916 
vt -0.7257 4.0774 
vt -0.676565 4.07757 
vt -0.676565 4.01476 
vt -0.726889 4.01476 
vt -0.623543 4.07757 
vt -0.623543 4.01476 
vt -0.588733 4.01476 
vt -0.640973 4.07757 
vt -0.588733 4.07757 
vt -0.640973 4.01476 
vt -0.683627 4.07757 
vt -0.683627 4.01476 
vt -0.707969 4.07757 
vt -0.707969 4.01476 
vt -0.718475 4.07757 
vt -0.718475 4.01476 
vt -0.724973 4.07757 
vt -0.724973 4.01476 
vt -0.753452 4.07757 
vt -0.753452 4.01476 
vt -0.879434 4.01476 
vt -0.879434 4.07757 
vt -0.683732 4.07757 
vt -0.682169 4.01476 
vt -0.682169 4.07757 
vt -0.677274 4.07757 
vt -0.677274 4.01476 
vt -0.635089 4.07757 
vt -0.635089 4.01476 
vt -0.624094 4.07757 
vt -0.624094 4.01476 
vt -0.621084 4.01476 
vt -0.621084 4.07757 
vt -0.635089 4.01476 
vt -0.336554 4.02193 
vt -0.662411 4.07017 
vt -0.662411 4.02193 
vt -0.676267 4.01783 
vt -0.336554 4.07017 
vt -0.676267 4.07427 
vt -0.684714 4.0774 
vt -0.684714 4.01469 
vt -0.7257 4.0774 
vt -0.7257 4.01469 
vt -0.73945 4.01469 
vt -0.73945 4.0774 
vt -0.7482 4.01783 
vt -0.7482 4.07427 
vt -0.879434 4.01711 
vt -0.950952 4.07499 
vt -0.950952 4.01711 
vt -0.321566 4.02094 
vt -0.321566 4.07119 
vt -0.332839 4.02094 
vt -0.232717 4.07119 
vt -0.232717 4.02094 
vt -0.332839 4.07119 
vt -0.909149 4.02193 
vt -0.909149 4.07017 
vt -0.910597 4.02193 
vt -0.910597 4.07017 
vt -0.906267 4.07017 
vt -0.906267 4.02193 
vt -0.950952 4.07883 
vt -0.232376 4.07883 
vt -0.922521 4.02383 
vt -0.66474 4.06212 
vt -0.66623 4.07883 
vt -0.907483 4.06212 
vt -0.331991 4.10098 
vt -0.327661 4.09785 
vt -0.854849 4.11448 
vt -0.950612 4.09209 
vt -0.752843 4.02383 
vt -0.622649 4.00485 
vt -0.605572 4.11448 
vt -0.502838 4.07883 
vt -0.457628 4.06818 
vt -0.443878 4.07883 
vt -0.498615 4.06828 
vt -0.507062 4.08903 
vt -0.435128 4.08568 
vt -0.499701 4.10976 
vt -0.520918 4.09709 
vt -0.605572 4.11448 
vt -0.846774 4.09709 
vt -0.851015 4.11448 
vt -0.515985 4.12563 
vt -0.596386 4.128 
vt -0.532269 4.14151 
vt -0.587199 4.14151 
vt -0.347376 4.10976 
vt -0.331991 4.10098 
vt -0.331991 4.10871 
vt -0.327661 4.09785 
vt -0.327661 4.11185 
vt -0.303895 4.08574 
vt -0.322376 4.13226 
vt -0.303895 4.09785 
vt -0.277062 4.11185 
vt -0.277062 4.09785 
vt -0.247376 4.13226 
vt -0.232376 4.08577 
vt -0.27418 4.10976 
vt -0.272732 4.10098 
vt -0.232376 4.10976 
vt -0.272732 4.10871 
vt -0.457628 4.06818 
vt -0.509773 4.08632 
vt -0.849263 4.09325 
vt -0.861763 4.08825 
vt -0.520918 4.09325 
vt -0.672613 4.08385 
vt -0.89961 4.08385 
vt -0.66623 4.07883 
vt -0.950952 4.08825 
vt -0.905842 4.07883 
vt -0.907483 4.07757 
vt -0.950952 4.07883 
vt -0.907483 4.06212 
vt -0.950952 4.05013 
vt -0.89961 4.05585 
vt -0.89522 4.04974 
vt -0.886068 4.05585 
vt -0.66474 4.07757 
vt -0.506764 4.07883 
vt -0.559235 4.06447 
vt -0.54824 4.05533 
vt -0.506055 4.05533 
vt -0.499596 4.0606 
vt -0.50116 4.05713 
vt -0.594595 4.05521 
vt -0.562245 4.06273 
vt -0.66474 4.06212 
vt -0.559786 4.05521 
vt -0.622649 4.00485 
vt -0.54824 4.05186 
vt -0.672613 4.05585 
vt -0.542356 4.04271 
vt -0.722649 4.00485 
vt -0.504434 4.05186 
vt -0.752843 4.02383 
vt -0.499701 4.04271 
vt -0.87916 4.05585 
vt -0.892967 4.04664 
vt -0.922521 4.02383 
vt -0.950952 4.04653 
vt -0.950952 4.04649 
vt -0.497626 4.05536 
vt -0.458356 4.04635 
vt -0.495893 4.06159 
vt -0.47536 4.01622 
vt -0.458356 4.0273 
vt -0.464854 4.01622 
vt -0.45644 4.06491 
vt -0.497204 4.06481 
vt -0.429876 4.07396 
vt -0.438315 4.07883 
vt -0.43394 4.08241 
vt -0.303895 4.07396 
vt -0.232376 4.08232 
vt -0.232376 4.07883 
vt -0.268626 4.03325 
vt -0.232376 3.95825 
vt -0.24446 3.95575 
vt -0.268626 3.95825 
vt -0.259043 3.95075 
vt -0.950612 4.09209 
vt -0.861763 4.09209 
vt -0.922521 4.11448 
vt -0.854849 4.11448 
vt -0.850489 4.0966 

usemtl Meshpart1Mtl

f 1/1/1 2/2/2 3/3/3 
f 2/2/2 1/1/1 4/4/4 
f 5/5/5 6/6/6 7/7/7 
f 7/7/7 6/6/6 8/8/8 
f 7/7/7 8/8/8 9/9/9 
f 9/9/9 8/8/8 10/10/10 
f 18/18/18 17/17/17 16/16/16 
f 17/17/17 18/18/18 19/19/19 
f 27/27/27 26/26/26 28/28/28 
f 28/28/28 29/29/29 27/27/27 
f 33/33/33 34/34/34 35/35/35 
f 34/34/34 33/33/33 36/36/36 
f 37/37/37 35/35/35 34/34/34 
f 35/35/35 37/37/37 38/38/38 
f 41/41/41 40/40/40 42/42/42 
f 42/42/42 43/43/43 41/41/41 
f 44/44/44 45/45/45 46/46/46 
f 47/47/47 44/44/44 46/46/46 
f 47/47/47 46/46/46 48/48/48 
f 49/49/49 47/47/47 48/48/48 
f 50/50/50 51/51/51 52/52/52 
f 52/52/52 53/53/53 50/50/50 
f 54/54/54 53/53/53 52/52/52 
f 53/53/53 54/54/54 55/55/55 
f 59/59/59 56/56/56 60/60/60 
f 60/60/60 61/61/61 59/59/59 
f 63/63/63 58/58/58 62/62/62 
f 63/63/63 64/64/64 58/58/58 
f 64/64/64 63/63/63 65/65/65 
f 65/65/65 66/66/66 64/64/64 
f 72/72/72 73/73/73 74/74/74 
f 74/74/74 73/73/73 75/75/75 
f 76/76/76 73/73/73 72/72/72 
f 73/73/73 76/76/76 77/77/77 
f 76/76/76 78/78/78 77/77/77 
f 76/76/76 79/79/79 78/78/78 
f 80/80/80 78/78/78 79/79/79 
f 78/78/78 80/80/80 81/81/81 
f 84/84/84 83/83/83 82/82/82 
f 83/83/83 84/84/84 85/85/85 
f 84/84/84 86/86/86 85/85/85 
f 87/87/87 86/86/86 84/84/84 
f 93/93/93 91/91/91 92/92/92 
f 91/91/91 93/93/93 94/94/94 
f 94/94/94 93/93/93 95/95/95 
f 95/95/95 96/96/96 94/94/94 
f 97/97/97 96/96/96 95/95/95 
f 96/96/96 97/97/97 98/98/98 
f 98/98/98 99/99/99 96/96/96 
f 100/100/100 101/101/101 102/102/102 
f 101/101/101 100/100/100 103/103/103 
f 104/104/104 102/102/102 101/101/101 
f 102/102/102 104/104/104 105/105/105 
f 106/106/106 107/107/107 108/108/108 
f 107/107/107 106/106/106 109/109/109 
f 112/112/112 113/113/113 114/114/114 
f 114/114/114 115/115/115 112/112/112 
f 115/115/115 114/114/114 116/116/116 
f 113/113/113 112/112/112 117/117/117 
f 117/117/117 118/118/118 113/113/113 
f 117/117/117 119/119/119 118/118/118 
f 119/119/119 120/120/120 118/118/118 
f 120/120/120 119/119/119 121/121/121 
f 122/122/122 120/120/120 121/121/121 
f 120/120/120 122/122/122 123/123/123 
f 124/124/124 125/125/125 126/126/126 
f 124/124/124 126/126/126 127/127/127 
f 130/130/130 129/129/129 131/131/131 
f 133/133/133 134/134/134 135/135/135 
f 138/138/138 139/139/139 140/140/140 
f 139/139/139 141/141/141 140/140/140 
f 139/139/139 138/138/138 142/142/142 
f 141/141/141 139/139/139 143/143/143 
f 144/144/144 141/141/141 143/143/143 
f 144/144/144 143/143/143 145/145/145 
f 142/142/142 138/138/138 146/146/146 
f 146/146/146 147/147/147 142/142/142 
f 151/151/151 150/150/150 149/149/149 
f 150/150/150 151/151/151 152/152/152 
f 151/151/151 153/153/153 152/152/152 
f 153/153/153 154/154/154 152/152/152 
f 153/153/153 155/155/155 154/154/154 
f 156/156/156 155/155/155 153/153/153 
f 157/157/157 159/159/159 158/158/158 
f 157/157/157 160/160/160 159/159/159 
f 159/159/159 160/160/160 161/161/161 
f 161/161/161 162/162/162 159/159/159 
f 162/162/162 161/161/161 163/163/163 
f 163/163/163 164/164/164 162/162/162 
f 165/165/165 164/164/164 163/163/163 
f 164/164/164 165/165/165 166/166/166 
f 182/182/182 183/183/183 184/184/184 
f 183/183/183 182/182/182 185/185/185 
f 182/182/182 184/184/184 186/186/186 
f 185/185/185 187/187/187 183/183/183 
f 186/186/186 184/184/184 188/188/188 
f 187/187/187 185/185/185 189/189/189 
f 190/190/190 188/188/188 184/184/184 
f 188/188/188 190/190/190 191/191/191 
f 190/190/190 192/192/192 191/191/191 
f 190/190/190 193/193/193 192/192/192 
f 194/194/194 187/187/187 189/189/189 
f 192/192/192 193/193/193 195/195/195 
f 195/195/195 193/193/193 194/194/194 
f 195/195/195 194/194/194 196/196/196 
f 194/194/194 189/189/189 197/197/197 
f 197/197/197 196/196/196 194/194/194 
f 198/198/198 194/194/194 193/193/193 
f 199/199/199 198/198/198 193/193/193 
f 200/200/200 198/198/198 199/199/199 
f 201/201/201 200/200/200 199/199/199 
f 201/201/201 202/202/202 200/200/200 
f 198/198/198 200/200/200 203/203/203 
f 198/198/198 203/203/203 204/204/204 
f 204/204/204 205/205/205 198/198/198 
f 204/204/204 206/206/206 205/205/205 
f 205/205/205 206/206/206 207/207/207 
f 205/205/205 208/208/208 198/198/198 
f 208/208/208 205/205/205 209/209/209 
f 209/209/209 210/210/210 208/208/208 
f 210/210/210 209/209/209 211/211/211 
f 212/212/212 213/213/213 214/214/214 
f 212/212/212 214/214/214 215/215/215 
f 216/216/216 212/212/212 217/217/217 
f 216/216/216 218/218/218 213/213/213 
f 219/219/219 213/213/213 218/218/218 
f 220/220/220 219/219/219 218/218/218 
f 221/221/221 219/219/219 220/220/220 
f 219/219/219 221/221/221 222/222/222 
f 223/223/223 222/222/222 221/221/221 
f 222/222/222 223/223/223 224/224/224 
f 225/225/225 224/224/224 223/223/223 
f 224/224/224 225/225/225 226/226/226 
f 225/225/225 227/227/227 226/226/226 
f 217/217/217 212/212/212 228/228/228 
f 228/228/228 212/212/212 229/229/229 
f 228/228/228 229/229/229 230/230/230 
f 229/229/229 231/231/231 230/230/230 
f 229/229/229 232/232/232 231/231/231 
f 233/233/233 232/232/232 229/229/229 
f 232/232/232 233/233/233 234/234/234 
f 230/230/230 235/235/235 228/228/228 
f 228/228/228 235/235/235 236/236/236 
f 235/235/235 230/230/230 237/237/237 
f 238/238/238 236/236/236 235/235/235 
f 235/235/235 237/237/237 239/239/239 
f 236/236/236 238/238/238 240/240/240 
f 237/237/237 241/241/241 239/239/239 
f 238/238/238 242/242/242 240/240/240 
f 239/239/239 241/241/241 243/243/243 
f 244/244/244 240/240/240 242/242/242 
f 241/241/241 245/245/245 243/243/243 
f 246/246/246 240/240/240 244/244/244 
f 243/243/243 245/245/245 247/247/247 
f 244/244/244 248/248/248 246/246/246 
f 248/248/248 244/244/244 249/249/249 
f 249/249/249 250/250/250 248/248/248 
f 250/250/250 249/249/249 251/251/251 
f 252/252/252 247/247/247 245/245/245 
f 253/253/253 247/247/247 252/252/252 
f 247/247/247 253/253/253 254/254/254 
f 252/252/252 255/255/255 253/253/253 
f 254/254/254 253/253/253 256/256/256 
f 254/254/254 256/256/256 257/257/257 
f 255/255/255 258/258/258 253/253/253 
f 258/258/258 255/255/255 259/259/259 
f 258/258/258 260/260/260 253/253/253 
f 260/260/260 258/258/258 261/261/261 
f 260/260/260 261/261/261 262/262/262 
f 262/262/262 263/263/263 260/260/260 
f 262/262/262 264/264/264 263/263/263 
f 265/265/265 263/263/263 264/264/264 
f 263/263/263 265/265/265 266/266/266 
f 267/267/267 266/266/266 265/265/265 
f 268/268/268 266/266/266 267/267/267 
f 266/266/266 268/268/268 269/269/269 
f 269/269/269 268/268/268 270/270/270 
f 274/274/274 275/275/275 276/276/276 
f 277/277/277 275/275/275 274/274/274 
f 275/275/275 277/277/277 278/278/278 
f 279/279/279 280/280/280 281/281/281 
f 281/281/281 282/282/282 279/279/279 
f 281/281/281 283/283/283 282/282/282 
f 284/284/284 282/282/282 283/283/283 
f 285/285/285 286/286/286 287/287/287 
f 287/287/287 286/286/286 288/288/288 
f 287/287/287 288/288/288 289/289/289 
f 290/290/290 287/287/287 289/289/289 
f 295/295/295 293/293/293 294/294/294 
f 293/293/293 295/295/295 296/296/296 
f 299/299/299 302/302/302 301/301/301 
f 302/302/302 299/299/299 303/303/303 
f 308/308/308 310/310/310 309/309/309 
f 308/308/308 311/311/311 310/310/310 
f 312/312/312 314/314/314 313/313/313 
f 314/314/314 312/312/312 315/315/315 
f 316/316/316 314/314/314 315/315/315 
f 314/314/314 316/316/316 317/317/317 
f 322/322/322 321/321/321 323/323/323 
f 323/323/323 324/324/324 322/322/322 
f 324/324/324 323/323/323 325/325/325 
f 325/325/325 326/326/326 324/324/324 
f 326/326/326 325/325/325 327/327/327 
f 327/327/327 328/328/328 326/326/326 
f 330/330/330 331/331/331 329/329/329 
f 331/331/331 330/330/330 332/332/332 
f 338/338/338 339/339/339 340/340/340 
f 339/339/339 338/338/338 341/341/341 
f 347/347/347 346/346/346 345/345/345 
f 346/346/346 347/347/347 348/348/348 
f 349/349/349 348/348/348 347/347/347 
f 348/348/348 349/349/349 350/350/350 
f 351/351/351 350/350/350 349/349/349 
f 350/350/350 351/351/351 352/352/352 
f 351/351/351 353/353/353 352/352/352 
f 354/354/354 353/353/353 351/351/351 
f 354/354/354 355/355/355 353/353/353 
f 355/355/355 354/354/354 356/356/356 
f 359/359/359 360/360/360 361/361/361 
f 361/361/361 362/362/362 359/359/359 
f 361/361/361 363/363/363 362/362/362 
f 363/363/363 364/364/364 362/362/362 
f 365/365/365 366/366/366 367/367/367 
f 367/367/367 366/366/366 368/368/368 
f 367/367/367 368/368/368 369/369/369 
f 369/369/369 368/368/368 370/370/370 
f 366/366/366 365/365/365 371/371/371 
f 376/376/376 377/377/377 378/378/378 
f 378/378/378 379/379/379 376/376/376 
f 379/379/379 378/378/378 380/380/380 
f 380/380/380 381/381/381 379/379/379 
f 381/381/381 380/380/380 382/382/382 
f 382/382/382 383/383/383 381/381/381 
f 384/384/384 385/385/385 386/386/386 
f 385/385/385 384/384/384 387/387/387 
f 388/388/388 384/384/384 386/386/386 
f 384/384/384 388/388/388 389/389/389 
f 390/390/390 391/391/391 392/392/392 
f 390/390/390 392/392/392 393/393/393 
f 399/399/399 400/400/400 401/401/401 
f 400/400/400 399/399/399 402/402/402 
f 401/401/401 403/403/403 399/399/399 
f 402/402/402 404/404/404 400/400/400 
f 404/404/404 402/402/402 405/405/405 
f 406/406/406 404/404/404 405/405/405 
f 408/408/408 407/407/407 409/409/409 
f 409/409/409 410/410/410 408/408/408 
f 412/412/412 411/411/411 413/413/413 
f 413/413/413 414/414/414 412/412/412 
f 415/415/415 414/414/414 413/413/413 
f 415/415/415 413/413/413 416/416/416 
f 418/418/418 420/420/420 419/419/419 
f 421/421/421 420/420/420 418/418/418 
f 421/421/421 422/422/422 420/420/420 
f 422/422/422 421/421/421 423/423/423 
f 423/423/423 424/424/424 422/422/422 
f 425/425/425 424/424/424 423/423/423 
f 424/424/424 425/425/425 426/426/426 
f 426/426/426 427/427/427 424/424/424 
f 429/429/429 430/430/430 431/431/431 
f 431/431/431 430/430/430 432/432/432 
f 430/430/430 429/429/429 433/433/433 
f 432/432/432 430/430/430 434/434/434 
f 437/437/437 436/436/436 435/435/435 
f 436/436/436 437/437/437 438/438/438 
f 438/438/438 437/437/437 439/439/439 
f 439/439/439 437/437/437 440/440/440 
f 439/439/439 440/440/440 441/441/441 
f 441/441/441 440/440/440 442/442/442 
f 443/443/443 441/441/441 442/442/442 
f 444/444/444 443/443/443 442/442/442 
f 443/443/443 444/444/444 445/445/445 
f 446/446/446 447/447/447 448/448/448 
f 446/446/446 449/449/449 447/447/447 
f 446/446/446 450/450/450 449/449/449 
f 448/448/448 447/447/447 451/451/451 
f 452/452/452 453/453/453 454/454/454 
f 454/454/454 453/453/453 455/455/455 
f 453/453/453 452/452/452 456/456/456 
f 457/457/457 456/456/456 452/452/452 
f 471/471/471 472/472/472 473/473/473 
f 472/472/472 471/471/471 474/474/474 
f 473/473/473 475/475/475 471/471/471 
f 475/475/475 473/473/473 476/476/476 
f 476/476/476 477/477/477 475/475/475 
f 475/475/475 477/477/477 478/478/478 
f 479/479/479 478/478/478 477/477/477 
f 480/480/480 478/478/478 479/479/479 
f 479/479/479 481/481/481 480/480/480 
f 479/479/479 477/477/477 482/482/482 
f 479/479/479 482/482/482 483/483/483 
f 483/483/483 482/482/482 484/484/484 
f 483/483/483 484/484/484 485/485/485 
f 477/477/477 476/476/476 486/486/486 
f 476/476/476 487/487/487 486/486/486 
f 486/486/486 487/487/487 488/488/488 
f 487/487/487 476/476/476 489/489/489 
f 490/490/490 486/486/486 488/488/488 
f 476/476/476 491/491/491 489/489/489 
f 492/492/492 486/486/486 490/490/490 
f 493/493/493 489/489/489 491/491/491 
f 490/490/490 494/494/494 492/492/492 
f 495/495/495 493/493/493 491/491/491 
f 492/492/492 494/494/494 496/496/496 
f 491/491/491 497/497/497 495/495/495 
f 494/494/494 498/498/498 496/496/496 
f 497/497/497 499/499/499 495/495/495 
f 496/496/496 498/498/498 500/500/500 
f 500/500/500 499/499/499 497/497/497 
f 500/500/500 498/498/498 501/501/501 
f 499/499/499 500/500/500 501/501/501 
f 503/503/503 504/504/504 505/505/505 
f 504/504/504 503/503/503 506/506/506 
f 508/508/508 507/507/507 505/505/505 
f 503/503/503 507/507/507 509/509/509 
f 505/505/505 510/510/510 508/508/508 
f 510/510/510 511/511/511 508/508/508 
f 510/510/510 512/512/512 511/511/511 
f 513/513/513 512/512/512 510/510/510 
f 512/512/512 513/513/513 514/514/514 
f 514/514/514 513/513/513 515/515/515 
f 515/515/515 516/516/516 514/514/514 
f 516/516/516 515/515/515 517/517/517 
f 517/517/517 518/518/518 516/516/516 
f 519/519/519 503/503/503 509/509/509 
f 503/503/503 519/519/519 520/520/520 
f 519/519/519 521/521/521 520/520/520 
f 522/522/522 520/520/520 521/521/521 
f 523/523/523 520/520/520 522/522/522 
f 524/524/524 520/520/520 523/523/523 
f 523/523/523 525/525/525 524/524/524 
f 519/519/519 526/526/526 521/521/521 
f 521/521/521 526/526/526 527/527/527 
f 526/526/526 519/519/519 528/528/528 
f 527/527/527 526/526/526 529/529/529 
f 528/528/528 530/530/530 526/526/526 
f 531/531/531 527/527/527 529/529/529 
f 530/530/530 528/528/528 532/532/532 
f 529/529/529 533/533/533 531/531/531 
f 530/530/530 532/532/532 534/534/534 
f 535/535/535 531/531/531 533/533/533 
f 534/534/534 532/532/532 536/536/536 
f 535/535/535 533/533/533 537/537/537 
f 532/532/532 538/538/538 536/536/536 
f 536/536/536 538/538/538 539/539/539 
f 536/536/536 539/539/539 540/540/540 
f 541/541/541 540/540/540 539/539/539 
f 540/540/540 541/541/541 542/542/542 
f 537/537/537 543/543/543 535/535/535 
f 537/537/537 544/544/544 543/543/543 
f 544/544/544 545/545/545 543/543/543 
f 546/546/546 544/544/544 537/537/537 
f 544/544/544 546/546/546 547/547/547 
f 547/547/547 546/546/546 548/548/548 
f 545/545/545 544/544/544 549/549/549 
f 549/549/549 550/550/550 545/545/545 
f 544/544/544 551/551/551 549/549/549 
f 549/549/549 551/551/551 552/552/552 
f 551/551/551 553/553/553 552/552/552 
f 553/553/553 551/551/551 554/554/554 
f 553/553/553 554/554/554 555/555/555 
f 555/555/555 554/554/554 556/556/556 
f 556/556/556 554/554/554 557/557/557 
f 558/558/558 556/556/556 557/557/557 
f 557/557/557 559/559/559 558/558/558 
f 557/557/557 560/560/560 559/559/559 
f 561/561/561 559/559/559 560/560/560 
f 562/562/562 563/563/563 564/564/564 
f 563/563/563 565/565/565 564/564/564 
f 565/565/565 563/563/563 566/566/566 

g Meshpart2

v -409.741 6.12807 -4.29697 
v -410.228 6.00442 -4.29697 
v -410.228 6.12807 -4.29697 
v -409.741 6.00442 -4.29697 
v -410.281 6.41956 -1.65776 
v -410.281 6.12847 -1.65776 
v -410.281 6.41956 -1.65776 
v -410.132 6.27402 -1.71805 
v -410.281 6.27402 -1.71805 
v -410.132 6.41956 -1.65776 
v -409.836 6.41956 -1.65776 
v -409.688 6.27402 -1.71805 
v -409.836 6.27402 -1.71805 
v -409.688 6.41956 -1.65776 
v -410.281 6.27402 -1.71805 
v -410.132 6.12847 -1.65776 
v -410.281 6.12847 -1.65776 
v -410.132 6.27402 -1.71805 
v -409.836 6.27402 -1.71805 
v -409.688 6.12847 -1.65776 
v -409.836 6.12847 -1.65776 
v -409.688 6.27402 -1.71805 
v -409.789 6.29024 0.341609 
v -409.789 6.37715 0.306969 
v -410.179 6.31533 0.306969 
v -410.179 6.40224 0.341609 
v -410.179 6.37715 0.306969 
v -409.789 6.37715 0.306969 
v -410.179 6.31533 0.306969 
v -409.789 6.31533 0.306969 
v -409.741 6.12807 -4.29697 
v -410.228 6.12807 -4.29697 
v -409.741 6.00442 -4.29697 
v -410.179 6.31533 0.781037 
v -410.179 6.37715 0.781037 
v -409.789 6.37715 0.781037 
v -410.228 6.17824 -4.23398 
v -409.741 6.17824 -4.23398 
v -410.228 6.12807 -4.29697 
v -409.741 6.12807 -4.29697 
v -410.179 6.37715 0.781037 
v -409.789 6.37715 0.781037 
v -410.179 6.40224 0.746397 
v -409.789 6.40224 0.746397 
v -410.281 6.41956 -1.65776 
v -410.281 6.47984 -1.51222 
v -410.281 6.27402 -1.3064 
v -410.132 6.41956 -1.65776 
v -410.281 6.47984 -1.51222 
v -410.132 6.41956 -1.65776 
v -410.281 6.41956 -1.65776 
v -410.132 6.47984 -1.51222 
v -409.836 6.47984 -1.51222 
v -409.688 6.41956 -1.65776 
v -409.836 6.41956 -1.65776 
v -409.688 6.47984 -1.51222 
v -409.741 6.17824 -2.41801 
v -409.741 6.12807 -2.35503 
v -410.228 6.17824 -2.41801 
v -410.228 6.00442 -2.35503 
v -410.281 6.41956 -1.36668 
v -410.132 6.47984 -1.51222 
v -410.281 6.47984 -1.51222 
v -410.132 6.41956 -1.36668 
v -409.836 6.41956 -1.36668 
v -409.688 6.47984 -1.51222 
v -409.836 6.47984 -1.51222 
v -409.688 6.41956 -1.36668 
v -409.789 6.31533 0.306969 
v -409.789 6.37715 0.306969 
v -410.179 6.37715 0.306969 
v -410.179 6.40224 0.341609 
v -410.179 6.40224 0.341609 
v -410.179 6.40224 0.746397 
v -409.789 6.40224 0.746397 
v -409.789 6.40224 0.341609 
v -410.228 6.17824 -4.23398 
v -410.228 6.17824 -2.41801 
v -409.741 6.17824 -2.41801 
v -409.741 6.17824 -4.23398 
v -410.228 6.12807 -2.35503 
v -409.741 6.12807 -2.35503 
v -410.228 6.17824 -2.41801 
v -409.741 6.17824 -2.41801 
v -410.179 6.40224 0.341609 
v -409.789 6.40224 0.341609 
v -410.179 6.37715 0.306969 
v -409.789 6.37715 0.306969 
v -409.741 6.12807 -4.29697 
v -409.741 6.00442 -4.29697 
v -409.789 6.31533 0.781037 
v -409.741 5.95424 -4.23398 
v -409.741 6.17824 -4.23398 
v -409.789 6.40224 0.746397 
v -409.688 6.12847 -1.36668 
v -409.688 6.41956 -1.36668 
v -409.688 6.27402 -1.3064 
v -409.688 6.47984 -1.51222 
v -409.688 6.06819 -1.51222 
v -409.688 6.12847 -1.65776 
v -409.688 6.41956 -1.65776 
v -409.688 6.27402 -1.71805 
v -409.741 5.95424 -2.41801 
v -409.741 6.17824 -4.23398 
v -409.741 5.95424 -4.23398 
v -409.741 6.00442 -4.29697 
v -409.741 6.12807 -4.29697 
v -409.741 5.95424 -2.41801 
v -409.741 6.17824 -2.41801 
v -409.741 6.00442 -2.35503 
v -409.741 6.12807 -2.35503 
v -409.789 6.40224 0.746397 
v -409.789 6.29024 0.746397 
v -409.789 6.40224 0.341609 
v -409.789 6.31533 0.781037 
v -409.789 6.37715 0.781037 
v -409.789 6.29024 0.341609 
v -409.789 6.31533 0.306969 
v -409.789 6.37715 0.306969 
v -410.179 6.31533 0.781037 
v -409.789 6.31533 0.781037 
v -410.179 6.37715 0.781037 
v -409.789 6.37715 0.781037 
v -409.789 6.40224 0.746397 
v -410.179 6.29024 0.746397 
v -410.281 6.27402 -1.3064 
v -410.228 5.95424 -2.41801 
v -409.741 5.95424 -2.41801 
v -409.741 6.17824 -2.41801 
v -410.228 6.17824 -2.41801 
v -410.132 6.41956 -1.36668 
v -410.281 6.27402 -1.3064 
v -410.132 6.41956 -1.36668 
v -410.281 6.41956 -1.36668 
v -410.132 6.27402 -1.3064 
v -409.836 6.27402 -1.3064 
v -409.688 6.41956 -1.36668 
v -409.836 6.41956 -1.36668 
v -409.688 6.27402 -1.3064 
v -410.132 6.12847 -1.36668 
v -410.281 6.12847 -1.36668 
v -410.132 6.27402 -1.3064 
v -410.281 6.27402 -1.3064 
v -410.132 6.12847 -1.36668 
v -409.836 6.12847 -1.36668 
v -409.688 6.27402 -1.3064 
v -409.836 6.27402 -1.3064 
v -409.688 6.12847 -1.36668 
v -410.228 6.00442 -2.35503 
v -409.741 6.00442 -2.35503 
v -410.228 6.12807 -2.35503 
v -409.741 6.12807 -2.35503 
v -410.228 6.00442 -4.29697 
v -410.228 6.12807 -4.29697 
v -409.741 6.00442 -4.29697 
v -410.179 6.31533 0.781037 
v -409.789 6.31533 0.781037 
v -409.789 6.37715 0.781037 
v -410.228 6.00442 -4.29697 
v -409.741 6.00442 -4.29697 
v -410.228 5.95424 -4.23398 
v -409.741 5.95424 -4.23398 
v -410.179 6.29024 0.746397 
v -409.789 6.29024 0.746397 
v -410.179 6.31533 0.781037 
v -409.789 6.31533 0.781037 
v -410.281 6.12847 -1.65776 
v -410.281 6.06819 -1.51222 
v -410.281 6.27402 -1.3064 
v -410.228 5.95424 -2.41801 
v -410.228 5.95424 -4.23398 
v -409.741 5.95424 -4.23398 
v -409.741 5.95424 -2.41801 
v -410.132 6.27402 -1.71805 
v -409.741 6.12807 -2.35503 
v -410.228 6.00442 -2.35503 
v -409.789 6.29024 0.341609 
v -409.789 6.31533 0.306969 
v -410.179 6.37715 0.306969 
v -410.179 6.31533 0.306969 
v -410.281 6.12847 -1.65776 
v -410.132 6.06819 -1.51222 
v -410.281 6.06819 -1.51222 
v -410.132 6.12847 -1.65776 
v -409.836 6.12847 -1.65776 
v -409.688 6.06819 -1.51222 
v -409.836 6.06819 -1.51222 
v -409.688 6.12847 -1.65776 
v -410.281 6.06819 -1.51222 
v -410.132 6.12847 -1.36668 
v -410.281 6.12847 -1.36668 
v -410.132 6.06819 -1.51222 
v -409.836 6.06819 -1.51222 
v -409.688 6.12847 -1.36668 
v -409.836 6.12847 -1.36668 
v -409.688 6.06819 -1.51222 
v -410.179 6.29024 0.746397 
v -410.179 6.29024 0.341609 
v -409.789 6.29024 0.341609 
v -409.789 6.29024 0.746397 
v -410.228 5.95424 -2.41801 
v -409.741 5.95424 -2.41801 
v -410.228 6.00442 -2.35503 
v -409.741 6.00442 -2.35503 
v -409.789 6.31533 0.306969 
v -410.179 6.29024 0.341609 
v -410.179 6.31533 0.306969 
v -409.789 6.29024 0.341609 
v -410.228 6.00442 -4.29697 
v -410.228 6.12807 -4.29697 
v -410.179 6.37715 0.781037 
v -410.228 5.95424 -4.23398 
v -410.228 6.17824 -4.23398 
v -410.179 6.29024 0.746397 
v -410.281 6.41956 -1.65776 
v -410.281 6.12847 -1.65776 
v -410.281 6.06819 -1.51222 
v -410.281 6.27402 -1.71805 
v -410.281 6.47984 -1.51222 
v -410.281 6.41956 -1.36668 
v -410.281 6.12847 -1.36668 
v -410.281 6.27402 -1.3064 
v -410.228 5.95424 -2.41801 
v -410.228 6.12807 -4.29697 
v -410.228 6.00442 -4.29697 
v -410.228 6.17824 -4.23398 
v -410.228 5.95424 -4.23398 
v -410.228 6.17824 -2.41801 
v -410.228 5.95424 -2.41801 
v -410.228 6.00442 -2.35503 
v -410.228 6.12807 -2.35503 
v -410.179 6.37715 0.306969 
v -410.179 6.31533 0.306969 
v -410.179 6.40224 0.341609 
v -410.179 6.29024 0.341609 
v -410.179 6.40224 0.746397 
v -410.179 6.29024 0.746397 
v -410.179 6.31533 0.781037 
v -410.179 6.37715 0.781037 

vn 0 0 -1 
vn 0 0 -1 
vn 0 0 -1 
vn 0 0 -1 
vn -1 0 0 
vn -1 0 0 
vn 0 0.385827 -0.92126 
vn 0 0.385827 -0.92126 
vn 0 0.385827 -0.92126 
vn 0 0.385827 -0.92126 
vn 0 0.385827 -0.92126 
vn 0 0.385827 -0.92126 
vn 0 0.385827 -0.92126 
vn 0 0.385827 -0.92126 
vn 0 -0.385827 -0.92126 
vn 0 -0.385827 -0.92126 
vn 0 -0.385827 -0.92126 
vn 0 -0.385827 -0.92126 
vn 0 -0.385827 -0.92126 
vn 0 -0.385827 -0.92126 
vn 0 -0.385827 -0.92126 
vn 0 -0.385827 -0.92126 
vn 1 0 0 
vn 1 0 0 
vn -1 0 0 
vn -1 0 0 
vn 0 0 -1 
vn 0 0 -1 
vn 0 0 -1 
vn 0 0 -1 
vn 0 0 -1 
vn 0 0 -1 
vn 0 0 -1 
vn 0 0 1 
vn 0 0 1 
vn 0 0 1 
vn 0 0.779528 -0.622047 
vn 0 0.779528 -0.622047 
vn 0 0.779528 -0.622047 
vn 0 0.779528 -0.622047 
vn 0 0.811024 0.590551 
vn 0 0.811024 0.590551 
vn 0 0.811024 0.590551 
vn 0 0.811024 0.590551 
vn -1 0 0 
vn -1 0 0 
vn -1 0 0 
vn 0 0.385827 -0.92126 
vn 0 0.92126 -0.385827 
vn 0 0.92126 -0.385827 
vn 0 0.92126 -0.385827 
vn 0 0.92126 -0.385827 
vn 0 0.92126 -0.385827 
vn 0 0.92126 -0.385827 
vn 0 0.92126 -0.385827 
vn 0 0.92126 -0.385827 
vn 1 0 0 
vn 1 0 0 
vn -1 0 0 
vn -1 0 0 
vn 0 0.92126 0.385827 
vn 0 0.92126 0.385827 
vn 0 0.92126 0.385827 
vn 0 0.92126 0.385827 
vn 0 0.92126 0.385827 
vn 0 0.92126 0.385827 
vn 0 0.92126 0.385827 
vn 0 0.92126 0.385827 
vn 1 0 0 
vn 1 0 0 
vn -1 0 0 
vn -1 0 0 
vn 0 1 0 
vn 0 1 0 
vn 0 1 0 
vn 0 1 0 
vn 0 1 0 
vn 0 1 0 
vn 0 1 0 
vn 0 1 0 
vn 0 0.779528 0.622047 
vn 0 0.779528 0.622047 
vn 0 0.779528 0.622047 
vn 0 0.779528 0.622047 
vn 0 0.811024 -0.590551 
vn 0 0.811024 -0.590551 
vn 0 0.811024 -0.590551 
vn 0 0.811024 -0.590551 
vn 0 0 -1 
vn 0 0 -1 
vn 0 0 1 
vn 0 -0.779528 -0.622047 
vn 0 0.779528 -0.622047 
vn 0 0.811024 0.590551 
vn 1 0 0 
vn 1 0 0 
vn 1 0 0 
vn 1 0 0 
vn 1 0 0 
vn 1 0 0 
vn 1 0 0 
vn 1 0 0 
vn 0 -1 0 
vn 1 0 0 
vn 1 0 0 
vn 1 0 0 
vn 1 0 0 
vn 1 0 0 
vn 1 0 0 
vn 1 0 0 
vn 1 0 0 
vn 1 0 0 
vn 1 0 0 
vn 1 0 0 
vn 1 0 0 
vn 1 0 0 
vn 1 0 0 
vn 1 0 0 
vn 1 0 0 
vn 0 0 1 
vn 0 0 1 
vn 0 0 1 
vn 0 0 1 
vn 0 0.811024 0.590551 
vn 0 -0.811024 0.590551 
vn -1 0 0 
vn 0 -1 0 
vn 0 -1 0 
vn 1 0 0 
vn -1 0 0 
vn 0 0.92126 0.385827 
vn 0 0.385827 0.92126 
vn 0 0.385827 0.92126 
vn 0 0.385827 0.92126 
vn 0 0.385827 0.92126 
vn 0 0.385827 0.92126 
vn 0 0.385827 0.92126 
vn 0 0.385827 0.92126 
vn 0 0.385827 0.92126 
vn 0 -0.92126 0.385827 
vn 0 -0.385827 0.92126 
vn 0 -0.385827 0.92126 
vn 0 -0.385827 0.92126 
vn 0 -0.385827 0.92126 
vn 0 -0.385827 0.92126 
vn 0 -0.385827 0.92126 
vn 0 -0.385827 0.92126 
vn 0 -0.385827 0.92126 
vn 0 0 1 
vn 0 0 1 
vn 0 0 1 
vn 0 0 1 
vn 0 0 -1 
vn 0 0 -1 
vn 0 0 -1 
vn 0 0 1 
vn 0 0 1 
vn 0 0 1 
vn 0 -0.779528 -0.622047 
vn 0 -0.779528 -0.622047 
vn 0 -0.779528 -0.622047 
vn 0 -0.779528 -0.622047 
vn 0 -0.811024 0.590551 
vn 0 -0.811024 0.590551 
vn 0 -0.811024 0.590551 
vn 0 -0.811024 0.590551 
vn -1 0 0 
vn -1 0 0 
vn -1 0 0 
vn 0 -1 0 
vn 0 -1 0 
vn 0 -1 0 
vn 0 -1 0 
vn 0 0.385827 -0.92126 
vn 1 0 0 
vn -1 0 0 
vn 1 0 0 
vn 1 0 0 
vn -1 0 0 
vn -1 0 0 
vn 0 -0.92126 -0.385827 
vn 0 -0.92126 -0.385827 
vn 0 -0.92126 -0.385827 
vn 0 -0.92126 -0.385827 
vn 0 -0.92126 -0.385827 
vn 0 -0.92126 -0.385827 
vn 0 -0.92126 -0.385827 
vn 0 -0.92126 -0.385827 
vn 0 -0.92126 0.385827 
vn 0 -0.92126 0.385827 
vn 0 -0.92126 0.385827 
vn 0 -0.92126 0.385827 
vn 0 -0.92126 0.385827 
vn 0 -0.92126 0.385827 
vn 0 -0.92126 0.385827 
vn 0 -0.92126 0.385827 
vn 0 -1 0 
vn 0 -1 0 
vn 0 -1 0 
vn 0 -1 0 
vn 0 -0.779528 0.622047 
vn 0 -0.779528 0.622047 
vn 0 -0.779528 0.622047 
vn 0 -0.779528 0.622047 
vn 0 -0.811024 -0.590551 
vn 0 -0.811024 -0.590551 
vn 0 -0.811024 -0.590551 
vn 0 -0.811024 -0.590551 
vn 0 0 -1 
vn 0 0 -1 
vn 0 0 1 
vn 0 -0.779528 -0.622047 
vn 0 0.779528 -0.622047 
vn 0 -0.811024 0.590551 
vn -1 0 0 
vn -1 0 0 
vn -1 0 0 
vn -1 0 0 
vn -1 0 0 
vn -1 0 0 
vn -1 0 0 
vn -1 0 0 
vn 0 -1 0 
vn -1 0 0 
vn -1 0 0 
vn -1 0 0 
vn -1 0 0 
vn -1 0 0 
vn -1 0 0 
vn -1 0 0 
vn -1 0 0 
vn -1 0 0 
vn -1 0 0 
vn -1 0 0 
vn -1 0 0 
vn -1 0 0 
vn -1 0 0 
vn -1 0 0 
vn -1 0 0 

vt -0.827943 1.65961 
vt -0.767097 1.64416 
vt -0.767097 1.65961 
vt -0.827943 1.64416 
vt -0.760455 1.69605 
vt -0.760455 1.65967 
vt -0.760455 1.69605 
vt -0.778987 1.67786 
vt -0.760455 1.67786 
vt -0.778987 1.69605 
vt -0.816052 1.69605 
vt -0.834585 1.67786 
vt -0.816052 1.67786 
vt -0.834585 1.69605 
vt -0.760455 1.67786 
vt -0.778987 1.65967 
vt -0.760455 1.65967 
vt -0.778987 1.67786 
vt -0.816052 1.67786 
vt -0.834585 1.65967 
vt -0.816052 1.65967 
vt -0.834585 1.67786 
vt -0.821858 1.67989 
vt -0.821858 1.69075 
vt -0.773182 1.68302 
vt -0.773182 1.69389 
vt -0.773182 1.69075 
vt -0.821858 1.69075 
vt -0.773182 1.68302 
vt -0.821858 1.68302 
vt -1.1149 1.70116 
vt -1.1149 1.64031 
vt -1.1149 1.70116 
vt -0.480145 1.6464 
vt -0.480145 1.6464 
vt -0.480145 1.69507 
vt -1.10702 1.64031 
vt -1.10702 1.70116 
vt -1.1149 1.64031 
vt -1.1149 1.70116 
vt -0.480145 1.6464 
vt -0.480145 1.69507 
vt -0.484475 1.6464 
vt -0.484475 1.69507 
vt -0.784995 1.63367 
vt -0.766802 1.63367 
vt -0.741074 1.63367 
vt -0.784995 1.6522 
vt -0.766802 1.63367 
vt -0.784995 1.6522 
vt -0.784995 1.63367 
vt -0.766802 1.6522 
vt -0.766802 1.68927 
vt -0.784995 1.7078 
vt -0.784995 1.68927 
vt -0.766802 1.7078 
vt -0.880025 1.70116 
vt -0.872153 1.70116 
vt -0.880025 1.64031 
vt -0.872153 1.64031 
vt -0.74861 1.63367 
vt -0.766802 1.6522 
vt -0.766802 1.63367 
vt -0.74861 1.6522 
vt -0.74861 1.68927 
vt -0.766802 1.7078 
vt -0.766802 1.68927 
vt -0.74861 1.7078 
vt -0.539403 1.69507 
vt -0.539403 1.69507 
vt -0.539403 1.6464 
vt -0.535073 1.6464 
vt -0.535073 1.6464 
vt -0.484475 1.6464 
vt -0.484475 1.69507 
vt -0.535073 1.69507 
vt -1.10702 1.64031 
vt -0.880025 1.64031 
vt -0.880025 1.70116 
vt -1.10702 1.70116 
vt -0.872153 1.64031 
vt -0.872153 1.70116 
vt -0.880025 1.64031 
vt -0.880025 1.70116 
vt -0.535073 1.6464 
vt -0.535073 1.69507 
vt -0.539403 1.6464 
vt -0.539403 1.69507 
vt -0.480145 1.65961 
vt -0.480145 1.64416 
vt -1.1149 1.68302 
vt -0.488018 1.63789 
vt -0.488018 1.66589 
vt -1.11057 1.69389 
vt -0.846431 1.65967 
vt -0.846431 1.69605 
vt -0.853966 1.67786 
vt -0.828238 1.70359 
vt -0.828238 1.65213 
vt -0.810046 1.65967 
vt -0.810046 1.69605 
vt -0.80251 1.67786 
vt -0.715015 1.63789 
vt -0.488018 1.66589 
vt -0.488018 1.63789 
vt -0.480145 1.64416 
vt -0.480145 1.65961 
vt -0.715015 1.63789 
vt -0.715015 1.66589 
vt -0.722888 1.64416 
vt -0.722888 1.65961 
vt -1.11057 1.69389 
vt -1.11057 1.67989 
vt -1.05997 1.69389 
vt -1.1149 1.68302 
vt -1.1149 1.69075 
vt -1.05997 1.67989 
vt -1.05564 1.68302 
vt -1.05564 1.69075 
vt -0.821858 1.68302 
vt -0.773182 1.68302 
vt -0.821858 1.69075 
vt -0.773182 1.69075 
vt -0.773182 1.69389 
vt -0.821858 1.67989 
vt -0.834585 1.67786 
vt -0.827943 1.63789 
vt -0.767097 1.63789 
vt -0.767097 1.66589 
vt -0.827943 1.66589 
vt -0.816053 1.69605 
vt -0.834585 1.67786 
vt -0.816053 1.69605 
vt -0.834585 1.69605 
vt -0.816053 1.67786 
vt -0.778988 1.67786 
vt -0.760455 1.69605 
vt -0.778988 1.69605 
vt -0.760455 1.67786 
vt -0.816053 1.65967 
vt -0.834585 1.65967 
vt -0.816053 1.67786 
vt -0.834585 1.67786 
vt -0.816053 1.65967 
vt -0.778988 1.65967 
vt -0.760455 1.67786 
vt -0.778988 1.67786 
vt -0.760455 1.65967 
vt -0.827943 1.64416 
vt -0.767097 1.64416 
vt -0.827943 1.65961 
vt -0.767097 1.65961 
vt -0.480145 1.64031 
vt -0.480145 1.64031 
vt -0.480145 1.70116 
vt -1.1149 1.6464 
vt -1.1149 1.69507 
vt -1.1149 1.69507 
vt -0.480145 1.64031 
vt -0.480145 1.70116 
vt -0.488018 1.64031 
vt -0.488018 1.70116 
vt -1.11057 1.6464 
vt -1.11057 1.69507 
vt -1.1149 1.6464 
vt -1.1149 1.69507 
vt -0.810046 1.63367 
vt -0.828238 1.63367 
vt -0.853966 1.63367 
vt -0.715015 1.64031 
vt -0.488018 1.64031 
vt -0.488018 1.70116 
vt -0.715015 1.70116 
vt -0.80251 1.6522 
vt -0.722888 1.70116 
vt -0.722888 1.64031 
vt -1.05997 1.69507 
vt -1.05564 1.69507 
vt -1.05564 1.6464 
vt -1.05564 1.6464 
vt -0.810046 1.63367 
vt -0.828238 1.6522 
vt -0.828238 1.63367 
vt -0.810046 1.6522 
vt -0.810046 1.68927 
vt -0.828238 1.7078 
vt -0.828238 1.68927 
vt -0.810046 1.7078 
vt -0.828238 1.63367 
vt -0.846431 1.6522 
vt -0.846431 1.63367 
vt -0.828238 1.6522 
vt -0.828238 1.68927 
vt -0.846431 1.7078 
vt -0.846431 1.68927 
vt -0.828238 1.7078 
vt -1.11057 1.6464 
vt -1.05997 1.6464 
vt -1.05997 1.69507 
vt -1.11057 1.69507 
vt -0.715015 1.64031 
vt -0.715015 1.70116 
vt -0.722888 1.64031 
vt -0.722888 1.70116 
vt -1.05564 1.69507 
vt -1.05997 1.6464 
vt -1.05564 1.6464 
vt -1.05997 1.69507 
vt -1.1149 1.64416 
vt -1.1149 1.65961 
vt -0.480145 1.69075 
vt -1.10702 1.63789 
vt -1.10702 1.66589 
vt -0.484475 1.67989 
vt -0.784995 1.69605 
vt -0.784995 1.65967 
vt -0.766802 1.65213 
vt -0.79253 1.67786 
vt -0.766802 1.70359 
vt -0.74861 1.69605 
vt -0.74861 1.65967 
vt -0.741074 1.67786 
vt -0.880025 1.63789 
vt -1.1149 1.65961 
vt -1.1149 1.64416 
vt -1.10702 1.66589 
vt -1.10702 1.63789 
vt -0.880025 1.66589 
vt -0.880025 1.63789 
vt -0.872153 1.64416 
vt -0.872153 1.65961 
vt -0.539403 1.69075 
vt -0.539403 1.68302 
vt -0.535073 1.69389 
vt -0.535073 1.67989 
vt -0.484475 1.69389 
vt -0.484475 1.67989 
vt -0.480145 1.68302 
vt -0.480145 1.69075 

usemtl Meshpart2Mtl

f 567/567/567 568/568/568 569/569/569 
f 568/568/568 567/567/567 570/570/570 
f 573/573/573 574/574/574 575/575/575 
f 574/574/574 573/573/573 576/576/576 
f 577/577/577 578/578/578 579/579/579 
f 578/578/578 577/577/577 580/580/580 
f 581/581/581 582/582/582 583/583/583 
f 582/582/582 581/581/581 584/584/584 
f 585/585/585 586/586/586 587/587/587 
f 586/586/586 585/585/585 588/588/588 
f 593/593/593 594/594/594 595/595/595 
f 595/595/595 594/594/594 596/596/596 
f 603/603/603 604/604/604 605/605/605 
f 605/605/605 604/604/604 606/606/606 
f 607/607/607 608/608/608 609/609/609 
f 609/609/609 608/608/608 610/610/610 
f 615/615/615 616/616/616 617/617/617 
f 616/616/616 615/615/615 618/618/618 
f 619/619/619 620/620/620 621/621/621 
f 620/620/620 619/619/619 622/622/622 
f 627/627/627 628/628/628 629/629/629 
f 628/628/628 627/627/627 630/630/630 
f 631/631/631 632/632/632 633/633/633 
f 632/632/632 631/631/631 634/634/634 
f 639/639/639 640/640/640 641/641/641 
f 639/639/639 641/641/641 642/642/642 
f 643/643/643 644/644/644 645/645/645 
f 643/643/643 645/645/645 646/646/646 
f 647/647/647 648/648/648 649/649/649 
f 649/649/649 648/648/648 650/650/650 
f 651/651/651 652/652/652 653/653/653 
f 653/653/653 652/652/652 654/654/654 
f 661/661/661 662/662/662 663/663/663 
f 661/661/661 664/664/664 662/662/662 
f 665/665/665 664/664/664 661/661/661 
f 664/664/664 665/665/665 666/666/666 
f 666/666/666 667/667/667 664/664/664 
f 667/667/667 666/666/666 668/668/668 
f 670/670/670 671/671/671 672/672/672 
f 670/670/670 672/672/672 673/673/673 
f 671/671/671 670/670/670 674/674/674 
f 674/674/674 670/670/670 675/675/675 
f 674/674/674 675/675/675 676/676/676 
f 676/676/676 675/675/675 677/677/677 
f 678/678/678 679/679/679 680/680/680 
f 679/679/679 678/678/678 681/681/681 
f 681/681/681 678/678/678 682/682/682 
f 683/683/683 680/680/680 679/679/679 
f 680/680/680 683/683/683 684/684/684 
f 680/680/680 684/684/684 685/685/685 
f 686/686/686 687/687/687 688/688/688 
f 688/688/688 687/687/687 689/689/689 
f 698/698/698 699/699/699 700/700/700 
f 699/699/699 698/698/698 701/701/701 
f 702/702/702 703/703/703 704/704/704 
f 703/703/703 702/702/702 705/705/705 
f 707/707/707 708/708/708 709/709/709 
f 708/708/708 707/707/707 710/710/710 
f 711/711/711 712/712/712 713/713/713 
f 712/712/712 711/711/711 714/714/714 
f 715/715/715 716/716/716 717/717/717 
f 717/717/717 716/716/716 718/718/718 
f 725/725/725 726/726/726 727/727/727 
f 727/727/727 726/726/726 728/728/728 
f 729/729/729 730/730/730 731/731/731 
f 731/731/731 730/730/730 732/732/732 
f 736/736/736 737/737/737 738/738/738 
f 736/736/736 738/738/738 739/739/739 
f 747/747/747 748/748/748 749/749/749 
f 748/748/748 747/747/747 750/750/750 
f 751/751/751 752/752/752 753/753/753 
f 752/752/752 751/751/751 754/754/754 
f 755/755/755 756/756/756 757/757/757 
f 756/756/756 755/755/755 758/758/758 
f 759/759/759 760/760/760 761/761/761 
f 760/760/760 759/759/759 762/762/762 
f 763/763/763 764/764/764 765/765/765 
f 763/763/763 765/765/765 766/766/766 
f 767/767/767 768/768/768 769/769/769 
f 769/769/769 768/768/768 770/770/770 
f 771/771/771 772/772/772 773/773/773 
f 772/772/772 771/771/771 774/774/774 
f 781/781/781 782/782/782 783/783/783 
f 782/782/782 781/781/781 784/784/784 
f 781/781/781 783/783/783 785/785/785 
f 785/785/785 783/783/783 786/786/786 
f 786/786/786 783/783/783 787/787/787 
f 786/786/786 787/787/787 788/788/788 
f 790/790/790 791/791/791 792/792/792 
f 793/793/793 792/792/792 791/791/791 
f 792/792/792 793/793/793 794/794/794 
f 795/795/795 794/794/794 793/793/793 
f 794/794/794 795/795/795 796/796/796 
f 794/794/794 796/796/796 797/797/797 
f 798/798/798 799/799/799 800/800/800 
f 801/801/801 800/800/800 799/799/799 
f 800/800/800 801/801/801 802/802/802 
f 803/803/803 802/802/802 801/801/801 
f 802/802/802 803/803/803 804/804/804 
f 802/802/802 804/804/804 805/805/805 

g Meshpart3

v -410.221 5.18469 1.08082 
v -409.916 6.27695 -5.02225 
v -409.984 6.26709 -5.02225 
v -409.984 6.30624 -5.02225 
v -410.053 6.27695 -5.02225 
v -409.943 6.24927 -5.02225 
v -410.026 6.24927 -5.02225 
v -409.888 6.20624 -5.02225 
v -410.081 6.20624 -5.02225 
v -409.925 6.20624 -5.02225 
v -410.043 6.20624 -5.02225 
v -409.943 6.16322 -5.02225 
v -410.026 6.16322 -5.02225 
v -409.916 6.13553 -5.02225 
v -410.053 6.13553 -5.02225 
v -409.984 6.14539 -5.02225 
v -409.984 6.10624 -5.02225 
v -409.941 6.55402 -4.92423 
v -409.908 6.37402 -4.93223 
v -409.941 6.37402 -4.93223 
v -409.908 6.55402 -4.92423 
v -410.061 6.55402 -4.92423 
v -410.028 6.37402 -4.93223 
v -410.061 6.37402 -4.93223 
v -410.028 6.55402 -4.92423 
v -409.941 6.27402 -4.93223 
v -409.941 6.37402 -4.93223 
v -409.908 6.37402 -4.93223 
v -409.908 6.27402 -4.93223 
v -410.028 6.27402 -4.93223 
v -410.028 6.37402 -4.93223 
v -410.061 6.27402 -4.93223 
v -410.061 6.37402 -4.93223 
v -409.943 6.24927 -4.8543 
v -409.984 6.26709 -4.8543 
v -409.925 6.20624 -4.8543 
v -410.026 6.24927 -4.8543 
v -410.043 6.20624 -4.8543 
v -409.943 6.16322 -4.8543 
v -410.026 6.16322 -4.8543 
v -409.984 6.14539 -4.8543 
v -410.061 6.64489 -4.89468 
v -410.028 6.55402 -4.92423 
v -410.061 6.55402 -4.92423 
v -410.028 6.64489 -4.89468 
v -409.941 6.64489 -4.89468 
v -409.908 6.55402 -4.92423 
v -409.941 6.55402 -4.92423 
v -409.908 6.64489 -4.89468 
v -410.053 5.82477 -4.866 
v -409.916 5.82477 -4.866 
v -409.984 5.79549 -4.866 
v -410.081 5.89548 -4.866 
v -409.888 5.89548 -4.866 
v -409.916 5.9662 -4.866 
v -410.053 5.9662 -4.866 
v -409.984 5.99548 -4.866 
v -410.221 6.13788 -4.63407 
v -409.795 6.24201 -4.63407 
v -409.747 6.13788 -4.63407 
v -410.174 6.24201 -4.63407 
v -409.747 5.87941 -4.63407 
v -410.221 5.87941 -4.63407 
v -409.984 6.00483 -4.35574 
v -409.772 5.92624 -4.27601 
v -409.984 5.54891 -4.38456 
v -409.772 5.57624 -4.27601 
v -410.196 5.92624 -4.27601 
v -409.772 5.42624 -4.19601 
v -410.196 5.57624 -4.27601 
v -409.984 5.33053 -4.25407 
v -410.196 5.42624 -4.19601 
v -410.196 4.82831 -0.229354 
v -410.196 5.75479 -1.03849 
v -409.984 5.65283 -1.08471 
v -410.196 5.42624 -1.87985 
v -409.772 5.75479 -1.03849 
v -409.772 4.82831 -0.229354 
v -409.984 4.72643 -0.275734 
v -409.772 4.82831 0.717474 
v -409.984 5.18348 1.0356 
v -409.984 5.86871 1.03081 
v -409.984 6.25943 0.648282 
v -410.196 5.98792 -0.629232 
v -409.772 5.98792 -0.629232 
v -410.196 5.98792 -1.79347 
v -409.772 5.98792 -1.79347 
v -409.984 5.87183 0.436934 
v -409.772 5.94533 0.47115 
v -410.196 5.94533 0.47115 
v -409.772 5.71148 0.666204 
v -410.196 5.71148 0.666204 
v -409.984 5.68268 0.590418 
v -410.196 5.21105 0.679418 
v -409.772 5.21105 0.679418 
v -409.984 5.23467 0.601854 
v -409.984 5.11786 0.527988 
v -409.772 5.0458 0.565168 
v -410.196 5.0458 0.565168 
v -410.221 5.65193 -0.76395 
v -409.747 5.65193 -0.76395 
v -409.747 5.18469 0.83309 
v -409.747 5.55691 -2.02898 
v -410.08 6.60071 -1.73804 
v -410.302 6.14072 -1.38046 
v -410.302 6.27092 -1.32653 
v -410.28 6.27092 -1.32653 
v -410.28 6.40112 -1.38046 
v -410.28 6.14072 -1.38046 
v -410.302 6.40112 -1.38046 
v -409.688 6.34904 -1.58878 
v -409.666 6.34904 -1.58878 
v -409.688 6.27092 -1.62114 
v -409.666 6.27092 -1.62114 
v -409.688 6.1928 -1.58878 
v -409.666 6.1928 -1.58878 
v -410.25 6.67305 1.07555 
v -409.718 6.67305 1.07555 
v -409.863 6.54554 0.383878 
v -409.715 6.18824 0.951688 
v -409.713 5.94025 0.854594 
v -409.713 6.1229 0.854594 
v -409.712 5.10759 0.953486 
v -409.715 4.93944 1.15377 
v -410.253 4.93944 1.15377 
v -410.255 5.87025 0.954594 
v -410.255 5.94025 0.854594 
v -410.267 6.0747 -1.31443 
v -410.302 6.14072 -1.38046 
v -410.267 6.46715 -1.70688 
v -409.666 6.27092 -1.71524 
v -409.666 6.41559 -1.65532 
v -410.125 6.46715 -1.70688 
v -410.267 6.46715 -1.70688 
v -410.125 6.27092 -1.78816 
v -410.267 6.27092 -1.78816 
v -410.125 6.0747 -1.70688 
v -410.267 6.0747 -1.70688 
v -409.702 6.46715 -1.70688 
v -409.843 6.46715 -1.70688 
v -409.702 6.27092 -1.78816 
v -409.843 6.27092 -1.78816 
v -409.702 6.0747 -1.70688 
v -409.843 6.0747 -1.70688 
v -409.908 6.27402 -4.77223 
v -410.174 6.4151 -1.88169 
v -409.878 6.61956 -1.7347 
v -409.795 6.4151 -1.88169 
v -410.091 6.61956 -1.7347 
v -409.902 6.58441 -4.89989 
v -410.067 6.58441 -4.89989 
v -409.902 6.55414 -4.91243 
v -410.067 6.55414 -4.91243 
v -409.902 6.52387 -4.89989 
v -410.067 6.52387 -4.89989 
v -410.302 6.34904 -1.58878 
v -410.28 6.34904 -1.58878 
v -410.302 6.27092 -1.62114 
v -410.28 6.27092 -1.62114 
v -410.302 6.1928 -1.58878 
v -410.28 6.1928 -1.58878 
v -409.712 4.98295 1.07813 
v -410.257 4.98295 1.07813 
v -409.712 5.10759 0.953486 
v -410.257 5.10759 0.953486 
v -410.046 6.94822 -1.53625 
v -409.948 6.92795 -1.54287 
v -410.02 6.92795 -1.54287 
v -410.056 6.80395 -1.58337 
v -409.923 6.94822 -1.53625 
v -410.095 6.79017 -1.58788 
v -409.912 6.80395 -1.58337 
v -409.873 6.79017 -1.58788 
v -410.095 6.79017 -1.88801 
v -409.849 6.69694 -1.88801 
v -410.12 6.69694 -1.88801 
v -409.873 6.79017 -1.88801 
v -410.088 6.5934 -1.8622 
v -409.88 6.5934 -1.8622 
v -410.196 5.57624 -2.01985 
v -410.196 5.98792 -1.79347 
v -409.984 5.67273 -2.07661 
v -409.984 6.08435 -1.85033 
v -409.772 5.98792 -1.79347 
v -409.772 5.57624 -2.01985 
v -409.688 6.40112 -1.38046 
v -409.666 6.14072 -1.38046 
v -409.666 6.40112 -1.38046 
v -409.688 6.14072 -1.38046 
v -409.688 6.27092 -1.32653 
v -409.666 6.27092 -1.32653 
v -409.747 5.65193 -0.847996 
v -410.221 5.65193 -0.847996 
v -410.221 5.85717 -1.02538 
v -409.747 5.85717 -1.02538 
v -410.221 5.77349 0.83309 
v -410.221 6.11037 0.550942 
v -409.747 5.77349 0.83309 
v -409.747 6.11037 0.550942 
v -410.221 5.18469 0.83309 
v -410.221 5.77349 0.83309 
v -409.747 5.18469 0.83309 
v -409.747 5.77349 0.83309 
v -410.255 5.87025 0.954594 
v -409.712 5.10759 0.953486 
v -410.257 5.10759 0.953486 
v -409.713 5.87025 0.954594 
v -409.713 5.94025 0.854594 
v -410.255 5.94025 0.854594 
v -410.255 6.1229 0.854594 
v -409.713 6.1229 0.854594 
v -410.253 6.18824 0.951688 
v -409.715 6.18824 0.951688 
v -409.705 6.33457 0.912942 
v -410.263 6.33457 0.912942 
v -410.25 6.62543 0.921692 
v -409.718 6.62543 0.921692 
v -410.043 6.20624 -4.8543 
v -410.026 6.16322 -5.02225 
v -409.943 6.16322 -4.8543 
v -409.943 6.16322 -5.02225 
v -410.026 6.16322 -4.8543 
v -409.984 6.14539 -5.02225 
v -409.984 6.14539 -4.8543 
v -410.106 6.54554 0.960824 
v -409.772 5.92624 -4.27601 
v -409.772 5.57624 -4.27601 
v -410.196 5.92624 -4.27601 
v -410.196 5.42624 -1.87985 
v -409.772 4.82831 -0.229354 
v -409.772 4.82831 0.717474 
v -410.196 6.15625 0.604868 
v -409.772 6.15625 0.604868 
v -409.984 6.25943 0.648282 
v -409.984 6.2614 -0.467622 
v -410.196 6.15625 -0.429232 
v -409.772 6.15625 -0.429232 
v -410.196 5.98792 -0.629232 
v -409.772 5.98792 -0.629232 
v -409.984 6.0931 -0.667554 
v -410.196 5.98792 -1.79347 
v -409.772 5.98792 -1.79347 
v -409.984 6.08435 -1.85033 
v -409.795 6.24201 -4.63407 
v -410.174 6.24201 -4.63407 
v -410.174 6.4151 -4.41596 
v -409.795 6.4151 -4.41596 
v -409.772 5.94533 -0.429232 
v -410.196 5.94533 -0.429232 
v -410.196 5.63713 -0.59945 
v -409.984 5.11923 -0.0736303 
v -410.196 5.0458 -0.108002 
v -409.772 5.0458 -0.108002 
v -410.196 5.21105 0.679418 
v -409.984 5.11786 0.527988 
v -409.772 5.0458 0.565168 
v -410.196 5.0458 0.565168 
v -410.221 5.65193 -0.76395 
v -409.747 5.65193 -0.76395 
v -410.174 6.36554 -1.03472 
v -409.878 6.61956 -1.29526 
v -410.091 6.61956 -1.29526 
v -409.795 6.36554 -1.03472 
v -409.912 6.80395 -1.37624 
v -410.056 6.80395 -1.58337 
v -410.056 6.80395 -1.37624 
v -409.912 6.80395 -1.58337 
v -410.12 6.69694 -1.37174 
v -409.849 6.69694 -1.58788 
v -409.923 6.94822 -1.53625 
v -409.923 6.94822 -1.42337 
v -410.046 6.94822 -1.53625 
v -410.046 6.94822 -1.42337 
v -410.095 6.79017 -1.58788 
v -410.12 6.69694 -1.58788 
v -410.088 6.5934 -1.8622 
v -410.095 6.79017 -1.88801 
v -409.873 6.79017 -1.58788 
v -409.873 6.79017 -1.88801 
v -409.747 5.55691 -2.02898 
v -409.866 6.60071 -3.98713 
v -410.148 6.5314 -4.19713 
v -410.102 6.60071 -3.98713 
v -409.889 6.60071 -1.73804 
v -410.08 6.60071 -1.73804 
v -409.821 6.5314 -4.19713 
v -410.162 6.40422 -4.34713 
v -409.806 6.40422 -4.34713 
v -410.302 6.14072 -1.38046 
v -410.28 6.14072 -1.38046 
v -410.302 6.08679 -1.51066 
v -410.28 6.08679 -1.51066 
v -410.302 6.14072 -1.64086 
v -410.28 6.40112 -1.64086 
v -410.28 6.14072 -1.64086 
v -410.302 6.40112 -1.64086 
v -409.688 6.3814 -1.51066 
v -409.688 6.34904 -1.43254 
v -409.666 6.34904 -1.43254 
v -409.666 6.3814 -1.51066 
v -409.688 6.34904 -1.58878 
v -409.666 6.34904 -1.58878 
v -409.718 6.62543 0.921692 
v -410.25 6.62543 0.921692 
v -410.25 6.67305 1.07555 
v -409.718 6.67305 1.07555 
v -410.25 6.62543 1.22941 
v -409.718 6.62543 1.22941 
v -410.091 6.61956 -1.29526 
v -409.878 6.61956 -1.7347 
v -410.091 6.61956 -1.7347 
v -409.878 6.61956 -1.29526 
v -410.106 6.54554 0.960824 
v -409.863 6.54554 0.383878 
v -410.106 6.54554 0.383878 
v -409.863 6.54554 0.960824 
v -410.102 6.53634 0.461052 
v -409.867 6.53634 -1.29432 
v -410.102 6.53634 -1.29432 
v -409.867 6.53634 0.461052 
v -409.713 5.94025 0.854594 
v -410.255 5.87025 0.954594 
v -410.255 5.94025 0.854594 
v -410.302 6.04244 -1.51066 
v -410.302 6.14072 -1.38046 
v -410.302 6.40112 -1.64086 
v -410.267 6.46715 -1.70688 
v -409.702 6.27092 -1.23315 
v -409.702 5.99342 -1.51066 
v -409.666 6.27092 -1.32653 
v -409.702 6.46715 -1.31443 
v -409.702 6.27092 -1.78816 
v -409.666 6.41559 -1.65532 
v -410.174 6.4151 -4.41596 
v -410.174 6.4151 -1.88169 
v -409.795 6.4151 -1.88169 
v -409.795 6.4151 -4.41596 
v -409.941 6.37402 -4.77223 
v -410.028 6.37402 -4.93223 
v -410.028 6.37402 -4.77223 
v -409.941 6.37402 -4.93223 
v -410.174 6.36554 -1.03472 
v -410.174 6.36554 0.183878 
v -409.795 6.36554 0.183878 
v -409.795 6.36554 -1.03472 
v -410.196 5.57624 -2.70445 
v -410.196 5.92624 -2.70445 
v -409.772 5.57624 -2.70445 
v -409.772 5.92624 -2.70445 
v -409.916 5.9662 -4.866 
v -409.916 5.9662 -4.526 
v -409.984 5.99548 -4.866 
v -409.984 5.99548 -4.526 
v -410.053 5.9662 -4.866 
v -410.053 5.9662 -4.526 
v -410.267 6.46715 -1.31443 
v -410.125 6.54842 -1.51066 
v -410.267 6.54842 -1.51066 
v -410.125 6.46715 -1.70688 
v -410.125 6.46715 -1.31443 
v -410.267 6.46715 -1.70688 
v -410.125 6.0747 -1.70688 
v -409.843 6.46715 -1.31443 
v -409.702 6.54842 -1.51066 
v -409.843 6.54842 -1.51066 
v -409.702 6.46715 -1.70688 
v -409.702 6.46715 -1.31443 
v -409.843 6.46715 -1.70688 
v -409.843 6.27092 -1.23315 
v -409.702 6.27092 -1.78816 
v -409.702 6.27092 -1.23315 
v -409.843 6.27092 -1.78816 
v -409.908 6.27402 -4.77223 
v -410.067 6.59694 -4.86963 
v -409.902 6.58441 -4.83936 
v -409.902 6.59694 -4.86963 
v -409.902 6.58441 -4.89989 
v -410.067 6.58441 -4.83936 
v -410.067 6.58441 -4.89989 
v -409.984 6.10624 -4.52667 
v -409.916 6.27695 -5.02225 
v -409.916 6.27695 -4.52667 
v -409.984 6.30624 -5.02225 
v -409.984 6.30624 -4.52667 
v -410.053 6.27695 -5.02225 
v -410.053 6.27695 -4.52667 
v -410.302 6.34904 -1.58878 
v -410.302 6.3814 -1.51066 
v -410.28 6.3814 -1.51066 
v -410.28 6.34904 -1.43254 
v -410.28 6.34904 -1.58878 
v -410.302 6.34904 -1.43254 
v -409.984 6.0054 -2.6253 
v -409.984 6.00483 -4.35574 
v -410.196 5.92624 -4.27601 
v -410.196 5.92624 -2.70445 
v -409.772 5.92624 -4.27601 
v -409.772 5.92624 -2.70445 
v -409.941 6.64489 -4.89468 
v -409.941 6.62314 -4.80977 
v -409.908 6.62314 -4.80977 
v -409.908 6.64489 -4.89468 
v -410.061 6.64489 -4.89468 
v -410.061 6.62314 -4.80977 
v -410.028 6.62314 -4.80977 
v -410.028 6.64489 -4.89468 
v -409.984 5.67273 -2.07661 
v -410.061 6.37402 -4.77223 
v -410.061 6.33402 -4.57223 
v -410.028 6.33402 -4.57223 
v -410.028 6.37402 -4.77223 
v -409.941 6.33402 -4.57223 
v -409.941 6.37402 -4.77223 
v -409.908 6.33402 -4.57223 
v -409.908 6.37402 -4.77223 
v -410.196 5.57624 -2.01985 
v -409.984 5.65526 -2.62515 
v -410.196 5.57624 -2.70445 
v -409.984 5.67273 -2.07661 
v -409.772 5.57624 -2.01985 
v -409.772 5.57624 -2.70445 
v -409.666 6.14072 -1.64086 
v -409.688 6.14072 -1.64086 
v -409.666 6.08679 -1.51066 
v -409.688 6.08679 -1.51066 
v -409.666 6.14072 -1.38046 
v -409.688 6.14072 -1.38046 
v -410.174 6.36554 0.183878 
v -409.863 6.54554 0.383878 
v -409.795 6.36554 0.183878 
v -410.106 6.54554 0.383878 
v -410.255 6.1229 0.854594 
v -409.713 6.1229 0.854594 
v -410.253 6.18824 0.951688 
v -409.715 6.18824 0.951688 
v -409.718 4.99116 1.22941 
v -409.984 6.26709 -5.02225 
v -410.028 6.55402 -4.92423 
v -410.026 6.24927 -5.02225 
v -410.026 6.24927 -4.8543 
v -410.043 6.20624 -5.02225 
v -410.043 6.20624 -4.8543 
v -410.026 6.16322 -5.02225 
v -410.026 6.16322 -4.8543 
v -410.106 6.54554 0.960824 
v -409.772 5.92624 -4.27601 
v -409.772 5.57624 -4.27601 
v -409.984 5.33053 -4.25407 
v -410.196 4.82831 -0.229354 
v -409.984 5.65898 -1.6488 
v -410.196 5.75479 -1.7067 
v -409.984 5.33039 -1.82202 
v -409.772 5.75479 -1.03849 
v -409.772 4.82831 -0.229354 
v -409.772 4.82831 0.717474 
v -409.984 5.18348 1.0356 
v -409.984 5.86871 1.03081 
v -409.984 6.25943 0.648282 
v -409.984 6.2614 -0.467622 
v -409.772 6.15625 -0.429232 
v -410.196 5.98792 -0.629232 
v -409.772 5.98792 -0.629232 
v -409.984 6.0931 -0.667554 
v -409.772 5.98792 -1.79347 
v -410.196 5.94533 -0.429232 
v -409.984 5.11923 -0.0736303 
v -410.196 5.21105 0.679418 
v -410.221 5.65193 -0.76395 
v -409.747 5.65193 -0.76395 
v -409.747 5.18469 0.83309 
v -410.12 6.69694 -1.37174 
v -409.88 6.5934 -1.8622 
v -409.849 6.69694 -1.58788 
v -409.88 6.5934 -1.58788 
v -409.88 6.5934 -1.39755 
v -409.849 6.69694 -1.88801 
v -409.873 6.79017 -1.88801 
v -409.849 6.69694 -1.37174 
v -409.873 6.79017 -1.58788 
v -409.873 6.79017 -1.37174 
v -409.923 6.94822 -1.53625 
v -409.923 6.94822 -1.42337 
v -409.747 5.55691 -2.02898 
v -410.08 6.60071 -1.73804 
v -409.821 6.5314 -4.19713 
v -410.25 6.67305 1.07555 
v -409.718 6.67305 1.07555 
v -409.863 6.54554 0.383878 
v -409.718 6.62543 1.22941 
v -409.705 6.33457 0.912942 
v -409.718 6.67305 1.07555 
v -409.718 6.62543 0.921692 
v -409.715 6.18824 0.951688 
v -409.713 5.87025 0.954594 
v -409.713 5.94025 0.854594 
v -409.713 6.1229 0.854594 
v -409.718 4.99116 1.22941 
v -409.712 5.10759 0.953486 
v -409.712 4.98295 1.07813 
v -409.715 4.93944 1.15377 
v -410.255 5.87025 0.954594 
v -410.255 5.94025 0.854594 
v -409.666 6.1928 -1.43254 
v -409.666 6.34904 -1.43254 
v -409.666 6.27092 -1.40018 
v -409.666 6.1928 -1.58878 
v -409.666 6.16044 -1.51066 
v -409.666 6.34904 -1.58878 
v -409.666 6.3814 -1.51066 
v -409.666 6.27092 -1.62114 
v -409.666 6.06633 -1.51066 
v -409.666 6.12626 -1.36599 
v -409.702 6.0747 -1.31443 
v -409.702 6.27092 -1.23315 
v -409.702 5.99342 -1.51066 
v -409.666 6.14072 -1.38046 
v -409.666 6.27092 -1.30607 
v -409.666 6.27092 -1.32653 
v -409.666 6.08679 -1.51066 
v -409.666 6.40112 -1.38046 
v -409.666 6.41559 -1.36599 
v -409.702 6.46715 -1.31443 
v -409.666 6.12626 -1.65532 
v -409.666 6.14072 -1.64086 
v -409.702 6.0747 -1.70688 
v -409.666 6.27092 -1.69479 
v -409.702 6.27092 -1.78816 
v -409.666 6.27092 -1.71524 
v -409.666 6.40112 -1.64086 
v -409.666 6.41559 -1.65532 
v -409.702 6.46715 -1.70688 
v -409.666 6.45505 -1.51066 
v -409.702 6.54842 -1.51066 
v -409.666 6.47551 -1.51066 
v -409.795 6.4151 -1.88169 
v -409.867 6.53634 -1.29432 
v -409.867 6.53634 0.461052 
v -409.821 6.46703 -1.29432 
v -409.821 6.46703 0.461052 
v -409.807 6.37638 -1.29432 
v -409.807 6.37638 0.461052 
v -409.747 6.11037 -0.476122 
v -409.747 6.13788 -4.63407 
v -409.747 6.13788 1.08082 
v -409.747 5.70923 -4.41596 
v -409.747 5.87941 -4.63407 
v -409.747 5.70923 -3.05986 
v -409.747 5.95984 -1.80455 
v -409.747 5.55691 -2.8183 
v -409.747 5.55691 -2.02898 
v -409.747 5.95984 -1.5154 
v -409.747 6.11037 0.550942 
v -409.747 5.77349 0.83309 
v -409.747 5.18469 1.08082 
v -409.747 5.18469 0.83309 
v -409.747 5.85717 -1.02538 
v -409.747 5.85717 -1.37596 
v -409.747 5.87826 -0.711962 
v -409.747 5.65193 -0.847996 
v -409.747 5.72588 -0.711962 
v -409.747 5.65193 -0.76395 
v -409.852 6.5314 -1.73804 
v -409.821 6.5314 -4.19713 
v -409.866 6.60071 -3.98713 
v -409.889 6.60071 -1.73804 
v -409.824 6.40422 -1.73804 
v -409.806 6.40422 -4.34713 
v -409.747 6.13788 1.08082 
v -409.747 6.13788 -4.63407 
v -409.795 6.24201 -4.63407 
v -409.795 6.24864 1.08082 
v -409.772 5.75479 -1.7067 
v -409.772 5.42624 -1.87985 
v -409.772 5.57624 -2.01985 
v -409.772 5.57624 -2.70445 
v -409.772 5.98792 -1.79347 
v -409.772 5.42624 -4.19601 
v -409.772 5.92624 -2.70445 
v -409.772 5.92624 -4.27601 
v -409.772 5.57624 -4.27601 
v -409.772 5.75479 -1.03849 
v -409.772 5.98792 -0.629232 
v -409.772 5.75479 -0.59945 
v -409.772 5.63713 -0.59945 
v -409.772 5.94533 -0.429232 
v -409.772 4.82831 -0.229354 
v -409.772 6.15625 -0.429232 
v -409.772 5.0458 -0.108002 
v -409.772 5.94533 0.47115 
v -409.772 5.0458 0.565168 
v -409.772 6.15625 0.604868 
v -409.772 4.82831 0.717474 
v -409.772 5.71148 0.666204 
v -409.772 5.21105 0.679418 
v -409.772 5.82656 0.927106 
v -409.772 5.21105 0.927106 
v -409.795 6.4151 -1.88169 
v -409.878 6.61956 -1.29526 
v -409.795 6.36554 -1.03472 
v -409.878 6.61956 -1.7347 
v -409.795 6.24201 -4.63407 
v -409.795 6.4151 -4.41596 
v -409.795 6.24864 1.08082 
v -409.795 6.36554 0.183878 
v -409.863 6.54554 0.383878 
v -409.863 6.54554 0.960824 
v -409.795 6.36554 1.08082 
v -409.916 5.82477 -4.526 
v -409.916 5.82477 -4.866 
v -409.888 5.89548 -4.866 
v -409.888 5.89548 -4.526 
v -409.916 5.9662 -4.866 
v -409.916 5.9662 -4.526 
v -409.984 5.99548 -4.526 
v -410.125 6.54842 -1.51066 
v -410.267 6.46715 -1.70688 
v -410.267 6.0747 -1.31443 
v -410.125 6.0747 -1.70688 
v -409.902 6.52387 -4.89989 
v -409.902 6.52387 -4.83936 
v -409.902 6.51134 -4.86963 
v -409.902 6.58441 -4.89989 
v -409.902 6.55414 -4.91243 
v -409.902 6.58441 -4.83936 
v -409.902 6.59694 -4.86963 
v -409.902 6.55414 -4.82682 
v -409.908 6.37402 -4.77223 
v -409.908 6.33402 -4.57223 
v -409.908 6.27402 -4.77223 
v -409.908 6.27402 -4.57223 
v -409.908 6.27402 -4.93223 
v -409.908 6.37402 -4.93223 
v -409.908 6.55402 -4.82023 
v -409.908 6.55402 -4.92423 
v -409.908 6.64489 -4.89468 
v -409.908 6.62314 -4.80977 
v -409.916 6.13553 -4.52667 
v -409.916 6.13553 -5.02225 
v -409.888 6.20624 -5.02225 
v -409.984 6.10624 -4.52667 
v -409.888 6.20624 -4.52667 
v -409.916 6.27695 -5.02225 
v -409.916 6.27695 -4.52667 
v -409.984 6.30624 -5.02225 
v -409.984 6.30624 -4.52667 
v -410.028 6.55402 -4.82023 
v -410.028 6.64489 -4.89468 
v -410.028 6.62314 -4.80977 
v -410.028 6.55402 -4.92423 
v -410.028 6.37402 -4.93223 
v -410.028 6.37402 -4.77223 
v -409.984 5.67273 -2.07661 
v -410.056 6.80395 -1.58337 
v -410.02 6.92795 -1.41675 
v -410.056 6.80395 -1.37624 
v -410.02 6.92795 -1.54287 
v -410.25 6.62543 1.22941 
v -410.25 4.99116 1.22941 
v -409.718 4.99116 1.22941 
v -409.718 6.62543 1.22941 
v -410.221 6.13788 1.08082 
v -410.221 5.18469 1.08082 
v -409.747 5.18469 1.08082 
v -409.747 6.13788 1.08082 
v -410.174 6.24864 1.08082 
v -409.795 6.24864 1.08082 
v -410.174 6.36554 1.08082 
v -409.795 6.36554 1.08082 
v -410.106 6.54554 0.960824 
v -409.795 6.36554 1.08082 
v -409.863 6.54554 0.960824 
v -410.174 6.36554 1.08082 
v -409.984 5.65898 -1.6488 
v -410.196 5.75479 -1.7067 
v -410.196 5.42624 -1.87985 
v -409.984 5.33039 -1.82202 
v -409.772 5.42624 -1.87985 
v -409.772 5.75479 -1.7067 
v -410.196 4.82831 0.717474 
v -409.772 4.82831 0.717474 
v -409.984 4.7321 0.774706 
v -409.984 5.18348 1.0356 
v -410.196 5.21105 0.927106 
v -409.772 5.21105 0.927106 
v -410.196 5.82656 0.927106 
v -409.772 5.82656 0.927106 
v -409.984 5.86871 1.03081 
v -410.196 6.15625 0.604868 
v -409.772 6.15625 0.604868 
v -409.984 6.25943 0.648282 
v -410.196 5.98792 -0.629232 
v -409.772 5.98792 -0.629232 
v -410.196 5.98792 -1.79347 
v -409.772 5.98792 -1.79347 
v -409.772 5.75479 -0.59945 
v -409.984 5.87127 -0.396234 
v -409.984 5.72565 -0.52379 
v -409.772 5.94533 -0.429232 
v -409.772 5.63713 -0.59945 
v -410.196 5.75479 -0.59945 
v -410.196 5.94533 -0.429232 
v -410.196 5.63713 -0.59945 
v -409.984 5.66461 -0.523176 
v -409.984 5.11923 -0.0736303 
v -410.196 5.0458 -0.108002 
v -409.772 5.0458 -0.108002 
v -410.221 5.72588 -0.711962 
v -409.747 5.87826 -0.711962 
v -410.221 5.87826 -0.711962 
v -409.747 5.72588 -0.711962 
v -410.221 5.65193 -0.76395 
v -409.747 5.65193 -0.76395 
v -410.221 5.72588 -0.711962 
v -409.747 5.72588 -0.711962 
v -410.12 6.69694 -1.37174 
v -409.849 6.69694 -1.37174 
v -410.095 6.79017 -1.37174 
v -410.088 6.5934 -1.39755 
v -409.88 6.5934 -1.39755 
v -409.873 6.79017 -1.37174 
v -409.912 6.80395 -1.37624 
v -409.923 6.94822 -1.42337 
v -410.056 6.80395 -1.37624 
v -409.948 6.92795 -1.41675 
v -410.046 6.94822 -1.42337 
v -410.02 6.92795 -1.41675 
v -409.747 5.55691 -2.02898 
v -410.302 6.14072 -1.64086 
v -410.28 6.40112 -1.64086 
v -410.28 6.14072 -1.64086 
v -410.302 6.40112 -1.64086 
v -410.302 6.27092 -1.69479 
v -410.28 6.27092 -1.69479 
v -409.688 6.34904 -1.43254 
v -409.666 6.34904 -1.43254 
v -409.666 6.27092 -1.40018 
v -409.688 6.27092 -1.40018 
v -409.666 6.1928 -1.43254 
v -409.688 6.1928 -1.43254 
v -410.25 6.67305 1.07555 
v -409.718 6.67305 1.07555 
v -409.863 6.54554 0.383878 
v -409.715 6.18824 0.951688 
v -409.713 5.94025 0.854594 
v -409.712 5.10759 0.953486 
v -409.715 4.93944 1.15377 
v -410.253 4.93944 1.15377 
v -410.255 5.87025 0.954594 
v -410.302 6.04244 -1.51066 
v -410.267 6.0747 -1.31443 
v -410.302 6.14072 -1.38046 
v -410.267 6.46715 -1.70688 
v -410.117 6.5314 -1.73804 
v -409.889 6.60071 -1.73804 
v -410.08 6.60071 -1.73804 
v -409.852 6.5314 -1.73804 
v -410.144 6.40422 -1.73804 
v -409.824 6.40422 -1.73804 
v -410.221 5.95984 -1.80455 
v -410.221 5.55691 -2.02898 
v -409.747 5.55691 -2.02898 
v -409.747 5.95984 -1.80455 
v -410.196 5.57624 -2.70445 
v -410.196 5.92624 -2.70445 
v -409.772 5.57624 -2.70445 
v -409.772 5.92624 -2.70445 
v -410.267 6.46715 -1.31443 
v -410.125 6.46715 -1.31443 
v -410.267 6.27092 -1.23315 
v -410.125 6.27092 -1.23315 
v -410.267 6.0747 -1.31443 
v -410.125 6.0747 -1.31443 
v -409.843 6.46715 -1.31443 
v -409.702 6.46715 -1.31443 
v -409.843 6.27092 -1.23315 
v -409.702 6.27092 -1.23315 
v -409.843 6.0747 -1.31443 
v -409.702 6.0747 -1.31443 
v -409.902 6.58441 -4.83936 
v -410.067 6.58441 -4.83936 
v -410.067 6.55414 -4.82682 
v -409.902 6.55414 -4.82682 
v -410.067 6.52387 -4.83936 
v -409.902 6.52387 -4.83936 
v -410.28 6.34904 -1.43254 
v -410.302 6.34904 -1.43254 
v -410.28 6.27092 -1.40018 
v -410.302 6.27092 -1.40018 
v -410.28 6.1928 -1.43254 
v -410.302 6.1928 -1.43254 
v -409.688 6.40112 -1.64086 
v -409.688 6.27092 -1.69479 
v -409.666 6.27092 -1.69479 
v -409.666 6.14072 -1.64086 
v -409.666 6.40112 -1.64086 
v -409.688 6.14072 -1.64086 
v -410.196 5.92624 -2.70445 
v -410.196 5.57624 -2.70445 
v -409.984 5.65526 -2.62515 
v -409.984 6.0054 -2.6253 
v -409.772 5.92624 -2.70445 
v -409.772 5.57624 -2.70445 
v -410.053 6.13553 -4.52667 
v -409.916 6.13553 -4.52667 
v -410.081 6.20624 -4.52667 
v -409.984 6.10624 -4.52667 
v -409.888 6.20624 -4.52667 
v -409.916 6.27695 -4.52667 
v -410.053 6.27695 -4.52667 
v -409.984 6.30624 -4.52667 
v -410.061 6.33402 -4.57223 
v -410.061 6.27402 -4.57223 
v -410.028 6.27402 -4.57223 
v -410.028 6.33402 -4.57223 
v -409.941 6.27402 -4.57223 
v -409.941 6.33402 -4.57223 
v -409.908 6.27402 -4.57223 
v -409.908 6.33402 -4.57223 
v -410.028 6.37402 -4.77223 
v -410.028 6.55402 -4.82023 
v -410.061 6.37402 -4.77223 
v -410.061 6.55402 -4.82023 
v -409.908 6.37402 -4.77223 
v -409.908 6.55402 -4.82023 
v -409.941 6.37402 -4.77223 
v -409.941 6.55402 -4.82023 
v -410.028 6.55402 -4.82023 
v -410.028 6.62314 -4.80977 
v -410.061 6.55402 -4.82023 
v -410.061 6.62314 -4.80977 
v -409.908 6.55402 -4.82023 
v -409.908 6.62314 -4.80977 
v -409.941 6.55402 -4.82023 
v -409.941 6.62314 -4.80977 
v -409.718 4.99116 1.22941 
v -410.221 5.18469 1.08082 
v -409.943 6.24927 -5.02225 
v -409.943 6.24927 -4.8543 
v -409.984 6.26709 -5.02225 
v -409.984 6.26709 -4.8543 
v -410.026 6.24927 -5.02225 
v -410.026 6.24927 -4.8543 
v -410.106 6.54554 0.960824 
v -409.772 5.57624 -4.27601 
v -410.196 5.57624 -4.27601 
v -410.221 5.87941 -4.63407 
v -409.747 5.70923 -4.41596 
v -410.221 5.70923 -4.41596 
v -409.747 5.87941 -4.63407 
v -410.196 4.82831 -0.229354 
v -410.196 5.75479 -1.03849 
v -409.984 5.65283 -1.08471 
v -409.984 5.65898 -1.6488 
v -410.196 5.75479 -1.7067 
v -410.196 5.42624 -1.87985 
v -409.772 5.42624 -1.87985 
v -409.772 5.75479 -1.7067 
v -409.772 5.75479 -1.03849 
v -409.772 4.82831 -0.229354 
v -409.984 4.72643 -0.275734 
v -410.196 4.82831 0.717474 
v -409.772 4.82831 0.717474 
v -409.984 4.7321 0.774706 
v -409.984 6.2614 -0.467622 
v -409.772 6.15625 -0.429232 
v -410.196 5.98792 -0.629232 
v -409.772 5.98792 -0.629232 
v -409.984 6.0931 -0.667554 
v -410.196 5.98792 -1.79347 
v -409.772 5.98792 -1.79347 
v -409.984 5.87127 -0.396234 
v -409.772 5.94533 -0.429232 
v -410.196 5.94533 -0.429232 
v -410.196 5.63713 -0.59945 
v -409.984 5.87183 0.436934 
v -409.772 5.94533 0.47115 
v -410.196 5.94533 0.47115 
v -410.196 5.21105 0.679418 
v -410.221 5.65193 -0.76395 
v -409.747 6.11037 -0.476122 
v -410.221 6.11037 -0.476122 
v -410.221 5.87826 -0.711962 
v -409.747 5.87826 -0.711962 
v -409.747 5.18469 1.08082 
v -410.221 5.18469 1.08082 
v -410.221 5.18469 0.83309 
v -409.747 5.18469 0.83309 
v -410.221 5.70923 -3.05986 
v -409.747 5.70923 -3.05986 
v -410.221 5.55691 -2.8183 
v -409.747 5.55691 -2.8183 
v -409.984 5.33039 -1.82202 
v -410.196 5.42624 -4.19601 
v -409.984 5.33053 -4.25407 
v -410.196 5.42624 -1.87985 
v -409.772 5.42624 -4.19601 
v -409.772 5.42624 -1.87985 
v -410.221 5.55691 -2.02898 
v -410.221 5.55691 -2.8183 
v -409.747 5.55691 -2.8183 
v -409.747 5.55691 -2.02898 
v -410.302 6.14072 -1.38046 
v -410.28 6.40112 -1.38046 
v -410.302 6.40112 -1.38046 
v -410.28 6.45505 -1.51066 
v -410.302 6.45505 -1.51066 
v -410.28 6.40112 -1.64086 
v -410.302 6.40112 -1.64086 
v -409.666 6.1928 -1.43254 
v -409.688 6.1928 -1.43254 
v -409.666 6.16044 -1.51066 
v -409.688 6.16044 -1.51066 
v -409.688 6.1928 -1.58878 
v -409.666 6.1928 -1.58878 
v -409.747 5.65193 -0.76395 
v -410.221 5.65193 -0.76395 
v -410.221 5.65193 -0.847996 
v -409.747 5.65193 -0.847996 
v -410.221 5.70923 -4.41596 
v -409.747 5.70923 -3.05986 
v -410.221 5.70923 -3.05986 
v -409.747 5.70923 -4.41596 
v -409.713 5.94025 0.854594 
v -409.712 5.10759 0.953486 
v -410.253 4.93944 1.15377 
v -410.255 5.87025 0.954594 
v -410.255 5.94025 0.854594 
v -410.302 6.04244 -1.51066 
v -410.302 6.14072 -1.38046 
v -410.302 6.40112 -1.64086 
v -410.267 6.46715 -1.70688 
v -409.666 6.12626 -1.36599 
v -409.702 6.27092 -1.23315 
v -409.702 5.99342 -1.51066 
v -409.666 6.27092 -1.32653 
v -409.702 6.27092 -1.78816 
v -410.221 5.85717 -1.02538 
v -410.221 5.85717 -1.37596 
v -409.747 5.85717 -1.02538 
v -409.747 5.85717 -1.37596 
v -410.196 5.57624 -2.70445 
v -409.772 5.57624 -2.70445 
v -410.221 5.95984 -1.5154 
v -410.221 5.95984 -1.80455 
v -409.747 5.95984 -1.5154 
v -409.747 5.95984 -1.80455 
v -409.916 5.82477 -4.526 
v -409.916 5.82477 -4.866 
v -409.984 5.79549 -4.526 
v -409.984 5.79549 -4.866 
v -410.053 5.82477 -4.526 
v -410.053 5.82477 -4.866 
v -409.984 5.99548 -4.526 
v -410.267 6.0747 -1.31443 
v -410.125 6.0747 -1.70688 
v -410.125 6.0747 -1.31443 
v -410.267 6.0747 -1.70688 
v -410.267 5.99342 -1.51066 
v -410.125 5.99342 -1.51066 
v -409.843 6.27092 -1.23315 
v -409.702 6.27092 -1.78816 
v -409.702 6.27092 -1.23315 
v -409.843 6.27092 -1.78816 
v -409.843 6.0747 -1.31443 
v -409.702 6.0747 -1.70688 
v -409.702 6.0747 -1.31443 
v -409.843 6.0747 -1.70688 
v -409.843 5.99342 -1.51066 
v -409.702 5.99342 -1.51066 
v -410.221 6.11037 0.550942 
v -410.221 6.11037 -0.476122 
v -409.747 6.11037 -0.476122 
v -409.747 6.11037 0.550942 
v -410.067 6.52387 -4.83936 
v -409.902 6.52387 -4.89989 
v -409.902 6.52387 -4.83936 
v -410.067 6.52387 -4.89989 
v -410.067 6.51134 -4.86963 
v -409.902 6.51134 -4.86963 
v -409.916 6.13553 -4.52667 
v -409.916 6.13553 -5.02225 
v -409.888 6.20624 -5.02225 
v -409.984 6.10624 -4.52667 
v -409.984 6.10624 -5.02225 
v -410.053 6.13553 -4.52667 
v -410.053 6.13553 -5.02225 
v -409.984 6.30624 -4.52667 
v -410.302 6.1928 -1.58878 
v -410.28 6.1928 -1.43254 
v -410.28 6.1928 -1.58878 
v -410.302 6.1928 -1.43254 
v -410.302 6.16044 -1.51066 
v -410.28 6.16044 -1.51066 
v -410.061 6.27402 -4.57223 
v -410.061 6.27402 -4.77223 
v -410.028 6.27402 -4.77223 
v -410.028 6.27402 -4.57223 
v -410.028 6.27402 -4.93223 
v -410.061 6.27402 -4.93223 
v -409.941 6.27402 -4.93223 
v -409.941 6.27402 -4.77223 
v -409.908 6.27402 -4.93223 
v -409.941 6.27402 -4.57223 
v -409.908 6.27402 -4.77223 
v -409.908 6.27402 -4.57223 
v -409.747 5.85717 -1.37596 
v -410.221 5.85717 -1.37596 
v -410.221 5.95984 -1.5154 
v -409.747 5.95984 -1.5154 
v -410.253 4.93944 1.15377 
v -409.715 4.93944 1.15377 
v -410.25 4.99116 1.22941 
v -409.718 4.99116 1.22941 
v -409.712 4.98295 1.07813 
v -410.257 4.98295 1.07813 
v -409.712 5.10759 0.953486 
v -410.257 5.10759 0.953486 
v -409.984 5.67273 -2.07661 
v -409.688 6.40112 -1.64086 
v -409.666 6.40112 -1.64086 
v -409.688 6.45505 -1.51066 
v -409.666 6.45505 -1.51066 
v -409.688 6.40112 -1.38046 
v -409.666 6.40112 -1.38046 
v -409.948 6.92795 -1.54287 
v -410.02 6.92795 -1.41675 
v -410.02 6.92795 -1.54287 
v -409.948 6.92795 -1.41675 
v -410.255 5.87025 0.954594 
v -409.713 5.87025 0.954594 
v -409.713 5.94025 0.854594 
v -410.255 5.94025 0.854594 
v -410.221 5.18469 1.08082 
v -409.984 6.26709 -5.02225 
v -410.028 6.55402 -4.92423 
v -409.943 6.24927 -5.02225 
v -409.943 6.24927 -4.8543 
v -409.925 6.20624 -4.8543 
v -409.925 6.20624 -5.02225 
v -410.043 6.20624 -4.8543 
v -409.943 6.16322 -4.8543 
v -409.943 6.16322 -5.02225 
v -410.106 6.54554 0.960824 
v -410.196 5.92624 -4.27601 
v -410.196 5.57624 -4.27601 
v -409.984 5.33053 -4.25407 
v -410.196 4.82831 -0.229354 
v -409.984 5.65898 -1.6488 
v -410.196 5.42624 -1.87985 
v -409.984 5.33039 -1.82202 
v -409.772 4.82831 -0.229354 
v -410.196 4.82831 0.717474 
v -409.984 5.18348 1.0356 
v -409.984 5.86871 1.03081 
v -409.984 6.25943 0.648282 
v -409.984 6.2614 -0.467622 
v -410.196 5.98792 -0.629232 
v -409.772 5.98792 -0.629232 
v -409.984 6.0931 -0.667554 
v -410.196 5.98792 -1.79347 
v -410.196 5.94533 -0.429232 
v -409.984 5.11923 -0.0736303 
v -410.196 5.21105 0.679418 
v -410.221 5.65193 -0.76395 
v -409.747 5.65193 -0.76395 
v -410.12 6.69694 -1.37174 
v -410.046 6.94822 -1.53625 
v -410.046 6.94822 -1.42337 
v -410.095 6.79017 -1.58788 
v -410.095 6.79017 -1.37174 
v -410.12 6.69694 -1.37174 
v -410.12 6.69694 -1.58788 
v -410.088 6.5934 -1.39755 
v -410.088 6.5934 -1.58788 
v -410.088 6.5934 -1.8622 
v -410.12 6.69694 -1.88801 
v -410.095 6.79017 -1.88801 
v -410.148 6.5314 -4.19713 
v -410.08 6.60071 -1.73804 
v -410.25 6.67305 1.07555 
v -409.863 6.54554 0.383878 
v -410.106 6.54554 0.383878 
v -409.715 6.18824 0.951688 
v -410.25 4.99116 1.22941 
v -410.257 4.98295 1.07813 
v -410.253 4.93944 1.15377 
v -410.257 5.10759 0.953486 
v -410.255 5.87025 0.954594 
v -410.25 6.62543 1.22941 
v -410.253 6.18824 0.951688 
v -410.255 5.94025 0.854594 
v -410.255 6.1229 0.854594 
v -410.263 6.33457 0.912942 
v -410.25 6.67305 1.07555 
v -410.25 6.62543 0.921692 
v -410.302 6.1928 -1.58878 
v -410.302 6.34904 -1.43254 
v -410.302 6.34904 -1.58878 
v -410.302 6.3814 -1.51066 
v -410.302 6.27092 -1.62114 
v -410.302 6.1928 -1.43254 
v -410.302 6.27092 -1.40018 
v -410.302 6.16044 -1.51066 
v -410.302 6.04244 -1.51066 
v -410.267 6.0747 -1.31443 
v -410.302 6.10936 -1.34909 
v -410.267 6.27092 -1.23315 
v -410.267 5.99342 -1.51066 
v -410.267 6.0747 -1.70688 
v -410.302 6.14072 -1.38046 
v -410.302 6.08679 -1.51066 
v -410.302 6.27092 -1.28217 
v -410.302 6.27092 -1.32653 
v -410.302 6.40112 -1.38046 
v -410.302 6.10936 -1.67222 
v -410.302 6.14072 -1.64086 
v -410.302 6.27092 -1.69479 
v -410.302 6.27092 -1.73914 
v -410.267 6.27092 -1.78816 
v -410.302 6.40112 -1.64086 
v -410.302 6.43248 -1.67222 
v -410.267 6.46715 -1.70688 
v -410.302 6.45505 -1.51066 
v -410.302 6.49941 -1.51066 
v -410.267 6.54842 -1.51066 
v -410.267 6.46715 -1.31443 
v -410.302 6.43248 -1.34909 
v -410.102 6.53634 -1.29432 
v -410.148 6.46703 0.461052 
v -410.102 6.53634 0.461052 
v -410.148 6.46703 -1.29432 
v -410.162 6.37638 0.461052 
v -410.162 6.37638 -1.29432 
v -410.221 6.13788 1.08082 
v -410.221 6.11037 0.550942 
v -410.221 5.77349 0.83309 
v -410.221 5.18469 1.08082 
v -410.221 5.18469 0.83309 
v -410.221 6.11037 -0.476122 
v -410.221 6.13788 -4.63407 
v -410.221 5.70923 -4.41596 
v -410.221 5.87941 -4.63407 
v -410.221 5.70923 -3.05986 
v -410.221 5.95984 -1.80455 
v -410.221 5.55691 -2.8183 
v -410.221 5.55691 -2.02898 
v -410.221 5.95984 -1.5154 
v -410.221 5.85717 -1.02538 
v -410.221 5.85717 -1.37596 
v -410.221 5.87826 -0.711962 
v -410.221 5.65193 -0.847996 
v -410.221 5.72588 -0.711962 
v -410.221 5.65193 -0.76395 
v -410.102 6.60071 -3.98713 
v -410.117 6.5314 -1.73804 
v -410.08 6.60071 -1.73804 
v -410.148 6.5314 -4.19713 
v -410.144 6.40422 -1.73804 
v -410.162 6.40422 -4.34713 
v -410.221 6.13788 -4.63407 
v -410.221 6.13788 1.08082 
v -410.174 6.24201 -4.63407 
v -410.174 6.24864 1.08082 
v -410.196 6.15625 0.604868 
v -410.196 5.71148 0.666204 
v -410.196 5.82656 0.927106 
v -410.196 5.21105 0.927106 
v -410.196 5.94533 0.47115 
v -410.196 5.21105 0.679418 
v -410.196 6.15625 -0.429232 
v -410.196 4.82831 0.717474 
v -410.196 5.94533 -0.429232 
v -410.196 5.0458 0.565168 
v -410.196 5.98792 -0.629232 
v -410.196 4.82831 -0.229354 
v -410.196 5.0458 -0.108002 
v -410.196 5.63713 -0.59945 
v -410.196 5.75479 -0.59945 
v -410.196 5.75479 -1.03849 
v -410.196 5.98792 -1.79347 
v -410.196 5.75479 -1.7067 
v -410.196 5.57624 -2.01985 
v -410.196 5.42624 -1.87985 
v -410.196 5.57624 -2.70445 
v -410.196 5.42624 -4.19601 
v -410.196 5.92624 -2.70445 
v -410.196 5.92624 -4.27601 
v -410.196 5.57624 -4.27601 
v -410.174 6.36554 -1.03472 
v -410.174 6.24201 -4.63407 
v -410.174 6.24864 1.08082 
v -410.174 6.4151 -1.88169 
v -410.174 6.4151 -4.41596 
v -410.091 6.61956 -1.29526 
v -410.091 6.61956 -1.7347 
v -410.174 6.36554 0.183878 
v -410.106 6.54554 0.383878 
v -410.106 6.54554 0.960824 
v -410.174 6.36554 1.08082 
v -410.053 5.82477 -4.526 
v -410.053 5.82477 -4.866 
v -410.081 5.89548 -4.526 
v -409.984 5.99548 -4.526 
v -410.081 5.89548 -4.866 
v -410.053 5.9662 -4.866 
v -410.053 5.9662 -4.526 
v -410.125 6.54842 -1.51066 
v -410.267 6.46715 -1.70688 
v -410.267 6.0747 -1.31443 
v -410.125 6.0747 -1.70688 
v -410.067 6.51134 -4.86963 
v -410.067 6.52387 -4.83936 
v -410.067 6.52387 -4.89989 
v -410.067 6.55414 -4.82682 
v -410.067 6.55414 -4.91243 
v -410.067 6.58441 -4.83936 
v -410.067 6.58441 -4.89989 
v -410.067 6.59694 -4.86963 
v -409.908 6.27402 -4.77223 
v -410.061 6.37402 -4.93223 
v -410.061 6.27402 -4.77223 
v -410.061 6.37402 -4.77223 
v -410.061 6.27402 -4.93223 
v -410.061 6.33402 -4.57223 
v -410.061 6.27402 -4.57223 
v -410.061 6.55402 -4.82023 
v -410.061 6.55402 -4.92423 
v -410.061 6.64489 -4.89468 
v -410.061 6.62314 -4.80977 
v -409.984 6.10624 -4.52667 
v -410.053 6.13553 -4.52667 
v -410.053 6.13553 -5.02225 
v -409.984 6.30624 -5.02225 
v -410.081 6.20624 -4.52667 
v -409.984 6.30624 -4.52667 
v -410.081 6.20624 -5.02225 
v -410.053 6.27695 -5.02225 
v -410.053 6.27695 -4.52667 
v -409.941 6.64489 -4.89468 
v -409.941 6.55402 -4.82023 
v -409.941 6.62314 -4.80977 
v -409.941 6.55402 -4.92423 
v -409.941 6.37402 -4.93223 
v -409.941 6.37402 -4.77223 
v -410.028 6.55402 -4.82023 
v -409.984 5.67273 -2.07661 
v -409.912 6.80395 -1.58337 
v -409.912 6.80395 -1.37624 
v -409.948 6.92795 -1.41675 
v -409.948 6.92795 -1.54287 

vn 0 0 1 
vn 0 0 -1 
vn 0 0 -1 
vn 0 0 -1 
vn 0 0 -1 
vn 0 0 -1 
vn 0 0 -1 
vn 0 0 -1 
vn 0 0 -1 
vn 0 0 -1 
vn 0 0 -1 
vn 0 0 -1 
vn 0 0 -1 
vn 0 0 -1 
vn 0 0 -1 
vn 0 0 -1 
vn 0 0 -1 
vn 0 0.0472441 -1 
vn 0 0.0472441 -1 
vn 0 0.0472441 -1 
vn 0 0.0472441 -1 
vn 0 0.0472441 -1 
vn 0 0.0472441 -1 
vn 0 0.0472441 -1 
vn 0 0.0472441 -1 
vn 0 0 -1 
vn 0 0 -1 
vn 0 0 -1 
vn 0 0 -1 
vn 0 0 -1 
vn 0 0 -1 
vn 0 0 -1 
vn 0 0 -1 
vn -0.598425 -0.543307 -0.590551 
vn 0 -0.771654 -0.637795 
vn -0.84252 0 -0.535433 
vn 0.598425 -0.543307 -0.590551 
vn 0.84252 0 -0.535433 
vn -0.598425 0.543307 -0.590551 
vn 0.598425 0.543307 -0.590551 
vn 0 0.771654 -0.637795 
vn 0 0.307087 -0.952756 
vn 0 0.307087 -0.952756 
vn 0 0.307087 -0.952756 
vn 0 0.307087 -0.952756 
vn 0 0.307087 -0.952756 
vn 0 0.307087 -0.952756 
vn 0 0.307087 -0.952756 
vn 0 0.307087 -0.952756 
vn 0 0 -1 
vn 0 0 -1 
vn 0 0 -1 
vn 0 0 -1 
vn 0 0 -1 
vn 0 0 -1 
vn 0 0 -1 
vn 0 0 -1 
vn 0 0 -1 
vn 0 0 -1 
vn 0 0 -1 
vn 0 0 -1 
vn 0 0 -1 
vn 0 0 -1 
vn 0 0.0393701 -1 
vn 0.409449 0.0314961 -0.913386 
vn 0 -0.23622 -0.968504 
vn 0.433071 -0.212598 -0.874016 
vn -0.409449 0.0314961 -0.913386 
vn 0.433071 -0.448819 -0.779528 
vn -0.433071 -0.212598 -0.874016 
vn 0 -0.496063 -0.866142 
vn -0.433071 -0.448819 -0.779528 
vn -0.464567 -0.811024 -0.362205 
vn -0.456693 -0.811024 -0.370079 
vn 0 -0.905512 -0.417323 
vn -0.409449 -0.425197 0.80315 
vn 0.456693 -0.811024 -0.370079 
vn 0.464567 -0.811024 -0.362205 
vn 0 -0.913386 -0.409449 
vn 0.480315 -0.755906 0.440945 
vn 0 -0.251969 0.968504 
vn 0 0.377953 0.92126 
vn 0 0.92126 0.385827 
vn -0.456693 0.834646 -0.307087 
vn 0.456693 0.834646 -0.307087 
vn -0.433071 0.905512 0 
vn 0.433071 0.905512 0 
vn 0 -0.905512 -0.425197 
vn 0.362205 -0.84252 -0.393701 
vn -0.362205 -0.84252 -0.393701 
vn 0.354331 -0.330709 -0.874016 
vn -0.354331 -0.330709 -0.874016 
vn 0 -0.346457 -0.937008 
vn -0.346457 0.259843 -0.897638 
vn 0.346457 0.259843 -0.897638 
vn 0 0.275591 -0.96063 
vn 0 0.88189 -0.472441 
vn 0.362205 0.818898 -0.440945 
vn -0.362205 0.818898 -0.440945 
vn 0 -0.574803 0.818898 
vn 0 -0.574803 0.818898 
vn 0 -1 0 
vn 0 -1 0 
vn 0 1 0 
vn 0 0.708661 -0.708661 
vn 0 0 -1 
vn 0 0 -1 
vn 0 -0.708661 -0.708661 
vn 0 0.708661 -0.708661 
vn 0 -0.708661 -0.708661 
vn 0 0.708661 -0.708661 
vn 0 0.708661 -0.708661 
vn 0 0 -1 
vn 0 0 -1 
vn 0 -0.708661 -0.708661 
vn 0 -0.708661 -0.708661 
vn 0 1 0 
vn 0 1 0 
vn 0 1 0 
vn 1 0 0.023622 
vn 1 0 0.023622 
vn 1 0 0.023622 
vn 1 0 0.023622 
vn 1 0 0.023622 
vn -1 0 0.023622 
vn -1 0 0.023622 
vn -1 0 0.023622 
vn -0.80315 -0.417323 0.417323 
vn -1 0 0 
vn -0.80315 0.417323 -0.417323 
vn 0.96063 0 -0.275591 
vn 0.96063 0.19685 -0.19685 
vn 0 0.708661 -0.708661 
vn 0 0.708661 -0.708661 
vn 0 0 -1 
vn 0 0 -1 
vn 0 -0.708661 -0.708661 
vn 0 -0.708661 -0.708661 
vn 0 0.708661 -0.708661 
vn 0 0.708661 -0.708661 
vn 0 0 -1 
vn 0 0 -1 
vn 0 -0.708661 -0.708661 
vn 0 -0.708661 -0.708661 
vn 1 0 0 
vn 0 0.582677 -0.811024 
vn 0 0.582677 -0.811024 
vn 0 0.582677 -0.811024 
vn 0 0.582677 -0.811024 
vn 0 0.708661 -0.708661 
vn 0 0.708661 -0.708661 
vn 0 0 -1 
vn 0 0 -1 
vn 0 -0.708661 -0.708661 
vn 0 -0.708661 -0.708661 
vn 0 0.708661 -0.708661 
vn 0 0.708661 -0.708661 
vn 0 0 -1 
vn 0 0 -1 
vn 0 -0.708661 -0.708661 
vn 0 -0.708661 -0.708661 
vn 0 -0.795276 -0.606299 
vn 0 -0.795276 -0.606299 
vn 0 -0.708661 -0.708661 
vn 0 -0.708661 -0.708661 
vn 0 0.307087 -0.952756 
vn 0 0.307087 -0.952756 
vn 0 0.307087 -0.952756 
vn 0 0.307087 -0.952756 
vn 0 0.307087 -0.952756 
vn 0 0.307087 -0.952756 
vn 0 0.307087 -0.952756 
vn 0 0.307087 -0.952756 
vn 0 0 -1 
vn 0 -0.11811 -0.992126 
vn 0 -0.11811 -0.992126 
vn 0 0 -1 
vn 0 -0.244094 -0.968504 
vn 0 -0.244094 -0.968504 
vn -0.409449 0.440945 -0.795276 
vn -0.409449 0.440945 -0.795276 
vn 0 0.480315 -0.874016 
vn 0 0.480315 -0.874016 
vn 0.409449 0.440945 -0.795276 
vn 0.409449 0.440945 -0.795276 
vn 0 -0.708661 -0.708661 
vn 0 0.708661 -0.708661 
vn 0 -0.708661 -0.708661 
vn 0 0.708661 -0.708661 
vn 0 0 -1 
vn 0 0 -1 
vn 0 -0.653543 -0.755906 
vn 0 -0.653543 -0.755906 
vn 0 -0.653543 -0.755906 
vn 0 -0.653543 -0.755906 
vn 0 -0.645669 -0.76378 
vn 0 -0.645669 -0.76378 
vn 0 -0.645669 -0.76378 
vn 0 -0.645669 -0.76378 
vn 0 0 -1 
vn 0 0 -1 
vn 0 0 -1 
vn 0 0 -1 
vn 0 -0.464567 -0.889764 
vn 0 0 -1 
vn 0 0 -1 
vn 0 -0.464567 -0.889764 
vn 0 -0.464567 -0.889764 
vn 0 -0.464567 -0.889764 
vn 0 0.464567 -0.88189 
vn 0 0.464567 -0.88189 
vn 0 0.338583 -0.937008 
vn 0 0.338583 -0.937008 
vn 0 -0.110236 -0.992126 
vn 0 -0.110236 -0.992126 
vn 0 0.0314961 -1 
vn 0 0.0314961 -1 
vn 0.84252 0 -0.535433 
vn 0.740157 0.677165 0 
vn -0.598425 0.543307 -0.590551 
vn -0.740157 0.677165 0 
vn 0.598425 0.543307 -0.590551 
vn 0 1 0 
vn 0 0.771654 -0.637795 
vn 0 0.551181 0.834646 
vn 0.409449 0.0314961 -0.913386 
vn 0.433071 -0.212598 -0.874016 
vn -0.409449 0.0314961 -0.913386 
vn -0.409449 -0.425197 0.80315 
vn 0.464567 -0.811024 -0.362205 
vn 0.480315 -0.755906 0.440945 
vn -0.464567 0.811024 0.346457 
vn 0.464567 0.811024 0.346457 
vn 0 0.92126 0.385827 
vn 0 0.937008 -0.338583 
vn -0.464567 0.834646 -0.299213 
vn 0.464567 0.834646 -0.299213 
vn -0.456693 0.834646 -0.307087 
vn 0.456693 0.834646 -0.307087 
vn 0 0.937008 -0.346457 
vn -0.433071 0.905512 0 
vn 0.433071 0.905512 0 
vn 0 1 0 
vn 0 0.779528 -0.622047 
vn 0 0.779528 -0.622047 
vn 0 0.779528 -0.622047 
vn 0 0.779528 -0.622047 
vn 0.362205 -0.850394 0.385827 
vn -0.362205 -0.850394 0.385827 
vn -0.354331 0.322835 0.88189 
vn 0 0.905512 0.425197 
vn -0.362205 0.84252 0.393701 
vn 0.362205 0.84252 0.393701 
vn -0.346457 0.259843 -0.897638 
vn 0 0.88189 -0.472441 
vn 0.362205 0.818898 -0.440945 
vn -0.362205 0.818898 -0.440945 
vn 0 -0.574803 0.818898 
vn 0 -0.574803 0.818898 
vn 0 0.716535 0.700787 
vn 0 0.716535 0.700787 
vn 0 0.716535 0.700787 
vn 0 0.716535 0.700787 
vn 0 1 0 
vn 0 1 0 
vn 0 1 0 
vn 0 1 0 
vn 0 -0.11811 0.992126 
vn 1 -0.015748 0 
vn 0.692913 0.724409 0 
vn 0.692913 0.724409 0 
vn -0.692913 0.724409 0 
vn -0.692913 0.724409 0 
vn -0.866142 0.503937 0 
vn -1 -0.015748 0 
vn -0.952756 -0.291339 0 
vn -0.669291 0.740157 0 
vn 0 1 0 
vn 0 1 0 
vn 0 -1 0 
vn 0 0.984252 -0.173228 
vn 0 0.858268 -0.511811 
vn 0 0.984252 -0.173228 
vn 0 1 0 
vn 0 1 0 
vn 0 0.858268 -0.511811 
vn 0 0.76378 -0.645669 
vn 0 0.76378 -0.645669 
vn 0 0.708661 -0.708661 
vn 0 0.708661 -0.708661 
vn 0 1 0 
vn 0 1 0 
vn 0 0.708661 0.708661 
vn 0 -0.708661 0.708661 
vn 0 0.708661 0.708661 
vn 0 -0.708661 0.708661 
vn 0 1 0 
vn 0 0.708661 0.708661 
vn 0 0.708661 0.708661 
vn 0 1 0 
vn 0 0.708661 -0.708661 
vn 0 0.708661 -0.708661 
vn 0 0.952756 -0.299213 
vn 0 0.952756 -0.299213 
vn 0 1 0 
vn 0 1 0 
vn 0 0.952756 0.299213 
vn 0 0.952756 0.299213 
vn 0 1 0 
vn 0 1 0 
vn 0 1 0 
vn 0 1 0 
vn 0 1 0 
vn 0 1 0 
vn 0 1 0 
vn 0 1 0 
vn 0 1 0 
vn 0 1 0 
vn 0 1 0 
vn 0 1 0 
vn 1 0 0.023622 
vn -1 0 0.023622 
vn -1 0 0.023622 
vn -0.929134 -0.362205 0 
vn -1 0 0 
vn -1 0 0 
vn -0.80315 0.417323 -0.417323 
vn 0.897638 0 0.440945 
vn 0.897638 -0.440945 0 
vn 1 0 0 
vn 0.897638 0.314961 0.314961 
vn 0.897638 0 -0.440945 
vn 0.96063 0.19685 -0.19685 
vn 0 1 0 
vn 0 1 0 
vn 0 1 0 
vn 0 1 0 
vn 0 1 0 
vn 0 1 0 
vn 0 1 0 
vn 0 1 0 
vn 0 1 0 
vn 0 1 0 
vn 0 1 0 
vn 0 1 0 
vn -1 0 0 
vn -1 0 0 
vn 1 0 0 
vn 1 0 0 
vn 0.740157 0.677165 0 
vn 0.740157 0.677165 0 
vn 0 1 0 
vn 0 1 0 
vn -0.740157 0.677165 0 
vn -0.740157 0.677165 0 
vn 0 0.708661 0.708661 
vn 0 1 0 
vn 0 1 0 
vn 0 0.708661 -0.708661 
vn 0 0.708661 0.708661 
vn 0 0.708661 -0.708661 
vn 0 -0.708661 -0.708661 
vn 0 0.708661 0.708661 
vn 0 1 0 
vn 0 1 0 
vn 0 0.708661 -0.708661 
vn 0 0.708661 0.708661 
vn 0 0.708661 -0.708661 
vn 0 0 1 
vn 0 0 -1 
vn 0 0 1 
vn 0 0 -1 
vn 1 0 0 
vn 0 1 0 
vn 0 0.708661 0.708661 
vn 0 1 0 
vn 0 0.708661 -0.708661 
vn 0 0.708661 0.708661 
vn 0 0.708661 -0.708661 
vn 0 -1 0 
vn 0.740157 0.677165 0 
vn 0.740157 0.677165 0 
vn 0 1 0 
vn 0 1 0 
vn -0.740157 0.677165 0 
vn -0.740157 0.677165 0 
vn 0 0.708661 -0.708661 
vn 0 1 0 
vn 0 1 0 
vn 0 0.708661 0.708661 
vn 0 0.708661 -0.708661 
vn 0 0.708661 0.708661 
vn 0 1 0 
vn 0 1 0 
vn -0.346457 0.937008 0 
vn -0.346457 0.937008 0 
vn 0.346457 0.937008 0 
vn 0.346457 0.937008 0 
vn 0 0.968504 0.244094 
vn 0 0.968504 0.244094 
vn 0 0.968504 0.244094 
vn 0 0.968504 0.244094 
vn 0 0.968504 0.244094 
vn 0 0.968504 0.244094 
vn 0 0.968504 0.244094 
vn 0 0.968504 0.244094 
vn 0 0.480315 -0.874016 
vn 0 0.984252 0.19685 
vn 0 0.984252 0.19685 
vn 0 0.984252 0.19685 
vn 0 0.984252 0.19685 
vn 0 0.984252 0.19685 
vn 0 0.984252 0.19685 
vn 0 0.984252 0.19685 
vn 0 0.984252 0.19685 
vn -0.377953 0.92126 -0.015748 
vn 0 1 -0.015748 
vn -0.377953 0.92126 -0.015748 
vn 0 1 -0.015748 
vn 0.377953 0.92126 -0.015748 
vn 0.377953 0.92126 -0.015748 
vn 0 0.708661 0.708661 
vn 0 0.708661 0.708661 
vn 0 1 0 
vn 0 1 0 
vn 0 0.708661 -0.708661 
vn 0 0.708661 -0.708661 
vn 0 0.740157 -0.669291 
vn 0 0.740157 -0.669291 
vn 0 0.740157 -0.669291 
vn 0 0.740157 -0.669291 
vn 0 0.464567 -0.88189 
vn 0 0.464567 -0.88189 
vn 0 0.338583 -0.937008 
vn 0 0.338583 -0.937008 
vn 0 0 1 
vn 0 0 -1 
vn 0 0.0472441 -1 
vn 0.740157 -0.677165 0 
vn 0.598425 -0.543307 -0.590551 
vn 1 0 0 
vn 0.84252 0 -0.535433 
vn 0.740157 0.677165 0 
vn 0.598425 0.543307 -0.590551 
vn 0 0.551181 0.834646 
vn 0.409449 0.0314961 -0.913386 
vn 0.433071 -0.212598 -0.874016 
vn 0 -0.496063 -0.866142 
vn -0.464567 -0.811024 -0.362205 
vn 0 -0.858268 0.511811 
vn -0.472441 -0.755906 0.456693 
vn 0 -0.464567 0.88189 
vn 0.456693 -0.811024 -0.370079 
vn 0.464567 -0.811024 -0.362205 
vn 0.480315 -0.755906 0.440945 
vn 0 -0.251969 0.968504 
vn 0 0.377953 0.92126 
vn 0 0.92126 0.385827 
vn 0 0.937008 -0.338583 
vn 0.464567 0.834646 -0.299213 
vn -0.456693 0.834646 -0.307087 
vn 0.456693 0.834646 -0.307087 
vn 0 0.937008 -0.346457 
vn 0.433071 0.905512 0 
vn -0.362205 -0.850394 0.385827 
vn 0 0.905512 0.425197 
vn -0.346457 0.259843 -0.897638 
vn 0 -0.574803 0.818898 
vn 0 -0.574803 0.818898 
vn 0 -1 0 
vn 0 -0.11811 0.992126 
vn 0.952756 -0.291339 0 
vn 1 -0.015748 0 
vn 0.952756 -0.291339 0 
vn 0.952756 -0.291339 0 
vn 1 0.00787402 0 
vn 0.968504 0.259843 0 
vn 1 0.00787402 0 
vn 0.96063 0.267717 0 
vn 0.96063 0.275591 0 
vn 0.692913 0.724409 0 
vn 0.692913 0.724409 0 
vn 0 -1 0 
vn 0 1 0 
vn 0 0.858268 -0.511811 
vn 0 1 0 
vn 0 1 0 
vn 0 1 0 
vn 1 0 0.023622 
vn 1 0 0.023622 
vn 1 0 0.023622 
vn 1 0 0.023622 
vn 1 0 0.023622 
vn 1 0 0.023622 
vn 1 0 0.023622 
vn 1 0 0.023622 
vn 1 0 0.023622 
vn 1 0 0.023622 
vn 1 0 0.023622 
vn 1 0 0.023622 
vn -1 0 0.023622 
vn -1 0 0.023622 
vn 1 0 0 
vn 1 0 0 
vn 1 0 0 
vn 1 0 0 
vn 1 0 0 
vn 1 0 0 
vn 1 0 0 
vn 1 0 0 
vn 0.96063 -0.275591 0 
vn 0.96063 -0.19685 0.19685 
vn 0.897638 -0.314961 0.314961 
vn 0.897638 0 0.440945 
vn 0.897638 -0.440945 0 
vn 1 0 0 
vn 0.96063 0 0.275591 
vn 1 0 0 
vn 1 0 0 
vn 1 0 0 
vn 0.96063 0.19685 0.19685 
vn 0.897638 0.314961 0.314961 
vn 0.96063 -0.19685 -0.19685 
vn 1 0 0 
vn 0.897638 -0.314961 -0.314961 
vn 1 0 0 
vn 0.897638 0 -0.440945 
vn 0.96063 0 -0.275591 
vn 1 0 0 
vn 0.96063 0.19685 -0.19685 
vn 0.897638 0.314961 -0.314961 
vn 1 0 0 
vn 0.897638 0.440945 0 
vn 0.96063 0.275591 0 
vn 0 1 0 
vn 0.834646 0.551181 0 
vn 0.834646 0.551181 0 
vn 0.937008 0.354331 0 
vn 0.937008 0.354331 0 
vn 0.984252 0.15748 0 
vn 0.984252 0.15748 0 
vn 1 0 0 
vn 1 0 0 
vn 1 0 0 
vn 1 0 0 
vn 1 0 0 
vn 1 0 0 
vn 1 0 0 
vn 1 0 0 
vn 1 0 0 
vn 1 0 0 
vn 1 0 0 
vn 1 0 0 
vn 1 0 0 
vn 1 0 0 
vn 1 0 0 
vn 1 0 0 
vn 1 0 0 
vn 1 0 0 
vn 1 0 0 
vn 1 0 0 
vn 0.944882 0.330709 0.00787402 
vn 0.976378 0.204724 0.00787402 
vn 0.866142 0.503937 0.00787402 
vn 0.866142 0.503937 0.00787402 
vn 0.984252 0.15748 0.00787402 
vn 0.984252 0.15748 0.00787402 
vn 0.913386 0.401575 0 
vn 0.913386 0.401575 0 
vn 0.913386 0.401575 0 
vn 0.913386 0.401575 0 
vn 1 0 0 
vn 1 0 0 
vn 1 0 0 
vn 1 0 0 
vn 1 0 0 
vn 1 0 0 
vn 1 0 0 
vn 1 0 0 
vn 1 0 0 
vn 1 0 0 
vn 1 0 0 
vn 1 0 0 
vn 1 0 0 
vn 1 0 0 
vn 1 0 0 
vn 1 0 0 
vn 1 0 0 
vn 1 0 0 
vn 1 0 0 
vn 1 0 0 
vn 1 0 0 
vn 1 0 0 
vn 1 0 0 
vn 1 0 0 
vn 1 0 0 
vn 0.992126 0.0944882 0 
vn 0.992126 0.0944882 0 
vn 0.992126 0.0944882 0 
vn 0.992126 0.0944882 0 
vn 0.992126 0.0944882 0 
vn 0.992126 0.0944882 0 
vn 0.992126 0.0944882 0 
vn 0.992126 0.0944882 0 
vn 0.992126 0.0944882 0 
vn 0.992126 0.0944882 0 
vn 0.992126 0.0944882 0 
vn 0.740157 -0.677165 0 
vn 0.740157 -0.677165 0 
vn 1 0 0 
vn 1 0 0 
vn 0.740157 0.677165 0 
vn 0.740157 0.677165 0 
vn 0 1 0 
vn 0 1 0 
vn 0 0.708661 -0.708661 
vn 0 -0.708661 0.708661 
vn 0 -0.708661 -0.708661 
vn 1 0 0 
vn 1 0 0 
vn 1 0 0 
vn 1 0 0 
vn 1 0 0 
vn 1 0 0 
vn 1 0 0 
vn 1 0 0 
vn 1 0 0 
vn 1 0 0 
vn 1 0 0 
vn 1 0 0 
vn 1 0 0 
vn 1 0 0 
vn 1 0 0 
vn 1 0 0 
vn 1 0 0 
vn 1 0 0 
vn 0.740157 -0.677165 0 
vn 0.740157 -0.677165 0 
vn 1 0 0 
vn 0 -1 0 
vn 1 0 0 
vn 0.740157 0.677165 0 
vn 0.740157 0.677165 0 
vn 0 1 0 
vn 0 1 0 
vn 1 0 0 
vn 1 0 0 
vn 1 0 0 
vn 1 0 0 
vn 1 0 0 
vn 1 0 0 
vn 0 0.480315 -0.874016 
vn 0.96063 -0.275591 0 
vn 0.96063 -0.275591 0 
vn 0.96063 -0.275591 0 
vn 0.96063 -0.275591 0 
vn 0 0 1 
vn 0 0 1 
vn 0 0 1 
vn 0 0 1 
vn 0 0 1 
vn 0 0 1 
vn 0 0 1 
vn 0 0 1 
vn 0 0 1 
vn 0 0 1 
vn 0 0 1 
vn 0 0 1 
vn 0 0.551181 0.834646 
vn 0 0.551181 0.834646 
vn 0 0.551181 0.834646 
vn 0 0.551181 0.834646 
vn 0 -0.858268 0.511811 
vn -0.472441 -0.755906 0.456693 
vn -0.409449 -0.425197 0.80315 
vn 0 -0.464567 0.88189 
vn 0.409449 -0.425197 0.80315 
vn 0.472441 -0.755906 0.456693 
vn -0.480315 -0.755906 0.440945 
vn 0.480315 -0.755906 0.440945 
vn 0 -0.866142 0.503937 
vn 0 -0.251969 0.968504 
vn -0.456693 -0.228346 0.858268 
vn 0.456693 -0.228346 0.858268 
vn -0.472441 0.338583 0.818898 
vn 0.472441 0.338583 0.818898 
vn 0 0.377953 0.92126 
vn -0.464567 0.811024 0.346457 
vn 0.464567 0.811024 0.346457 
vn 0 0.92126 0.385827 
vn -0.456693 0.834646 -0.307087 
vn 0.456693 0.834646 -0.307087 
vn -0.433071 0.905512 0 
vn 0.433071 0.905512 0 
vn 0.354331 -0.330709 0.874016 
vn 0 -0.913386 0.409449 
vn 0 -0.354331 0.937008 
vn 0.362205 -0.850394 0.385827 
vn 0.354331 0.322835 0.88189 
vn -0.354331 -0.330709 0.874016 
vn -0.362205 -0.850394 0.385827 
vn -0.354331 0.322835 0.88189 
vn 0 0.338583 0.937008 
vn 0 0.905512 0.425197 
vn -0.362205 0.84252 0.393701 
vn 0.362205 0.84252 0.393701 
vn 0 0 1 
vn 0 0 1 
vn 0 0 1 
vn 0 0 1 
vn 0 -0.574803 0.818898 
vn 0 -0.574803 0.818898 
vn 0 -0.574803 0.818898 
vn 0 -0.574803 0.818898 
vn 0 -0.11811 0.992126 
vn 0 -0.11811 0.992126 
vn 0 0.125984 0.992126 
vn 0 -0.244094 0.968504 
vn 0 -0.244094 0.968504 
vn 0 0.125984 0.992126 
vn 0 0.307087 0.952756 
vn 0 0.307087 0.952756 
vn 0 0.307087 0.952756 
vn 0 0.307087 0.952756 
vn 0 0.307087 0.952756 
vn 0 0.307087 0.952756 
vn 0 -1 0 
vn 0 0.708661 0.708661 
vn 0 -0.708661 0.708661 
vn 0 0.708661 0.708661 
vn 0 -0.708661 0.708661 
vn 0 0 1 
vn 0 0 1 
vn 0 0.708661 0.708661 
vn 0 0.708661 0.708661 
vn 0 0 1 
vn 0 0 1 
vn 0 -0.708661 0.708661 
vn 0 -0.708661 0.708661 
vn 0 1 0 
vn 0 1 0 
vn 0 1 0 
vn 1 0 0.023622 
vn 1 0 0.023622 
vn 1 0 0.023622 
vn 1 0 0.023622 
vn -1 0 0.023622 
vn -1 0 0.023622 
vn -0.929134 -0.362205 0 
vn -0.80315 -0.417323 0.417323 
vn -1 0 0 
vn -0.80315 0.417323 -0.417323 
vn 0 0 1 
vn 0 0 1 
vn 0 0 1 
vn 0 0 1 
vn 0 0 1 
vn 0 0 1 
vn 0 -0.488189 0.874016 
vn 0 -0.488189 0.874016 
vn 0 -0.488189 0.874016 
vn 0 -0.488189 0.874016 
vn -1 0 0 
vn -1 0 0 
vn 1 0 0 
vn 1 0 0 
vn 0 0.708661 0.708661 
vn 0 0.708661 0.708661 
vn 0 0 1 
vn 0 0 1 
vn 0 -0.708661 0.708661 
vn 0 -0.708661 0.708661 
vn 0 0.708661 0.708661 
vn 0 0.708661 0.708661 
vn 0 0 1 
vn 0 0 1 
vn 0 -0.708661 0.708661 
vn 0 -0.708661 0.708661 
vn 0 0.708661 0.708661 
vn 0 0.708661 0.708661 
vn 0 0 1 
vn 0 0 1 
vn 0 -0.708661 0.708661 
vn 0 -0.708661 0.708661 
vn 0 0.708661 0.708661 
vn 0 0.708661 0.708661 
vn 0 0 1 
vn 0 0 1 
vn 0 -0.708661 0.708661 
vn 0 -0.708661 0.708661 
vn 0 -0.708661 0.708661 
vn 0 0 1 
vn 0 0 1 
vn 0 0.708661 0.708661 
vn 0 -0.708661 0.708661 
vn 0 0.708661 0.708661 
vn -0.346457 0 0.937008 
vn -0.346457 0 0.937008 
vn 0 0 1 
vn 0 0 1 
vn 0.346457 0 0.937008 
vn 0.346457 0 0.937008 
vn 0 0 1 
vn 0 0 1 
vn 0 0 1 
vn 0 0 1 
vn 0 0 1 
vn 0 0 1 
vn 0 0 1 
vn 0 0 1 
vn 0 0 1 
vn 0 0 1 
vn 0 0 1 
vn 0 0 1 
vn 0 0 1 
vn 0 0 1 
vn 0 0 1 
vn 0 0 1 
vn 0 0.259843 0.968504 
vn 0 0.259843 0.968504 
vn 0 0.259843 0.968504 
vn 0 0.259843 0.968504 
vn 0 0.259843 0.968504 
vn 0 0.259843 0.968504 
vn 0 0.259843 0.968504 
vn 0 0.259843 0.968504 
vn 0 -0.149606 0.992126 
vn 0 -0.149606 0.992126 
vn 0 -0.149606 0.992126 
vn 0 -0.149606 0.992126 
vn 0 -0.149606 0.992126 
vn 0 -0.149606 0.992126 
vn 0 -0.149606 0.992126 
vn 0 -0.149606 0.992126 
vn 0 0 1 
vn 0 0 1 
vn -0.740157 -0.677165 0 
vn -0.598425 -0.543307 -0.590551 
vn 0 -1 0 
vn 0 -0.771654 -0.637795 
vn 0.740157 -0.677165 0 
vn 0.598425 -0.543307 -0.590551 
vn 0 0.551181 0.834646 
vn 0.433071 -0.212598 -0.874016 
vn -0.433071 -0.212598 -0.874016 
vn 0 -0.787402 -0.614173 
vn 0 -0.787402 -0.614173 
vn 0 -0.787402 -0.614173 
vn 0 -0.787402 -0.614173 
vn -0.464567 -0.811024 -0.362205 
vn -0.456693 -0.811024 -0.370079 
vn 0 -0.905512 -0.417323 
vn 0 -0.858268 0.511811 
vn -0.472441 -0.755906 0.456693 
vn -0.409449 -0.425197 0.80315 
vn 0.409449 -0.425197 0.80315 
vn 0.472441 -0.755906 0.456693 
vn 0.456693 -0.811024 -0.370079 
vn 0.464567 -0.811024 -0.362205 
vn 0 -0.913386 -0.409449 
vn -0.480315 -0.755906 0.440945 
vn 0.480315 -0.755906 0.440945 
vn 0 -0.866142 0.503937 
vn 0 0.937008 -0.338583 
vn 0.464567 0.834646 -0.299213 
vn -0.456693 0.834646 -0.307087 
vn 0.456693 0.834646 -0.307087 
vn 0 0.937008 -0.346457 
vn -0.433071 0.905512 0 
vn 0.433071 0.905512 0 
vn 0 -0.913386 0.409449 
vn 0.362205 -0.850394 0.385827 
vn -0.362205 -0.850394 0.385827 
vn -0.354331 0.322835 0.88189 
vn 0 -0.905512 -0.425197 
vn 0.362205 -0.84252 -0.393701 
vn -0.362205 -0.84252 -0.393701 
vn -0.346457 0.259843 -0.897638 
vn 0 -0.574803 0.818898 
vn 0 -0.716535 0.700787 
vn 0 -0.716535 0.700787 
vn 0 -0.716535 0.700787 
vn 0 -0.716535 0.700787 
vn 0 -1 0 
vn 0 -1 0 
vn 0 -1 0 
vn 0 -1 0 
vn 0 -0.84252 -0.535433 
vn 0 -0.84252 -0.535433 
vn 0 -0.84252 -0.535433 
vn 0 -0.84252 -0.535433 
vn 0 -1 0 
vn -0.409449 -0.913386 0 
vn 0 -1 0 
vn -0.409449 -0.913386 0 
vn 0.409449 -0.913386 0 
vn 0.409449 -0.913386 0 
vn 0 -1 0 
vn 0 -1 0 
vn 0 -1 0 
vn 0 -1 0 
vn 0 0.708661 -0.708661 
vn 0 -0.708661 -0.708661 
vn 0 -0.708661 -0.708661 
vn 0 -1 0 
vn 0 -1 0 
vn 0 -0.708661 0.708661 
vn 0 -0.708661 0.708661 
vn 0 -0.708661 0.708661 
vn 0 -0.708661 0.708661 
vn 0 -1 0 
vn 0 -1 0 
vn 0 -0.708661 -0.708661 
vn 0 -0.708661 -0.708661 
vn 0 -1 0 
vn 0 -1 0 
vn 0 -1 0 
vn 0 -1 0 
vn 0 -1 0 
vn 0 -1 0 
vn 0 -1 0 
vn 0 -1 0 
vn 1 0 0.023622 
vn 1 0 0.023622 
vn -1 0 0.023622 
vn -1 0 0.023622 
vn -1 0 0.023622 
vn -0.929134 -0.362205 0 
vn -1 0 0 
vn -1 0 0 
vn -0.80315 0.417323 -0.417323 
vn 0.96063 -0.19685 0.19685 
vn 0.897638 0 0.440945 
vn 0.897638 -0.440945 0 
vn 1 0 0 
vn 0.897638 0 -0.440945 
vn 0 -1 0 
vn 0 -1 0 
vn 0 -1 0 
vn 0 -1 0 
vn -1 0 0 
vn 1 0 0 
vn 0 -1 0 
vn 0 -1 0 
vn 0 -1 0 
vn 0 -1 0 
vn 0.740157 -0.677165 0 
vn 0.740157 -0.677165 0 
vn 0 -1 0 
vn 0 -1 0 
vn -0.740157 -0.677165 0 
vn -0.740157 -0.677165 0 
vn 0 1 0 
vn 0 -0.708661 0.708661 
vn 0 -0.708661 -0.708661 
vn 0 -0.708661 0.708661 
vn 0 -0.708661 -0.708661 
vn 0 -1 0 
vn 0 -1 0 
vn 0 0 1 
vn 0 0 -1 
vn 0 0 1 
vn 0 0 -1 
vn 0 -0.708661 0.708661 
vn 0 -0.708661 -0.708661 
vn 0 -0.708661 0.708661 
vn 0 -0.708661 -0.708661 
vn 0 -1 0 
vn 0 -1 0 
vn 0 -1 0 
vn 0 -1 0 
vn 0 -1 0 
vn 0 -1 0 
vn 0 -0.708661 0.708661 
vn 0 -0.708661 -0.708661 
vn 0 -0.708661 0.708661 
vn 0 -0.708661 -0.708661 
vn 0 -1 0 
vn 0 -1 0 
vn 0.740157 -0.677165 0 
vn 0.740157 -0.677165 0 
vn 1 0 0 
vn 0 -1 0 
vn 0 -1 0 
vn -0.740157 -0.677165 0 
vn -0.740157 -0.677165 0 
vn 0 1 0 
vn 0 -0.708661 -0.708661 
vn 0 -0.708661 0.708661 
vn 0 -0.708661 -0.708661 
vn 0 -0.708661 0.708661 
vn 0 -1 0 
vn 0 -1 0 
vn 0 -1 0 
vn 0 -1 0 
vn 0 -1 0 
vn 0 -1 0 
vn 0 -1 0 
vn 0 -1 0 
vn 0 -1 0 
vn 0 -1 0 
vn 0 -1 0 
vn 0 -1 0 
vn 0 -1 0 
vn 0 -1 0 
vn 0 -0.80315 -0.590551 
vn 0 -0.80315 -0.590551 
vn 0 -0.80315 -0.590551 
vn 0 -0.80315 -0.590551 
vn 0 -1 0.023622 
vn 0 -1 0.023622 
vn 0 -0.826772 0.566929 
vn 0 -0.826772 0.566929 
vn 0 -0.795276 -0.606299 
vn 0 -0.795276 -0.606299 
vn 0 -0.708661 -0.708661 
vn 0 -0.708661 -0.708661 
vn 0 0.480315 -0.874016 
vn 0 -0.708661 0.708661 
vn 0 -0.708661 0.708661 
vn 0 -1 0 
vn 0 -1 0 
vn 0 -0.708661 -0.708661 
vn 0 -0.708661 -0.708661 
vn 0 -1 0 
vn 0 -1 0 
vn 0 -1 0 
vn 0 -1 0 
vn 0 -0.464567 -0.889764 
vn 0 -0.464567 -0.889764 
vn 0 -0.464567 -0.889764 
vn 0 -0.464567 -0.889764 
vn 0 0 1 
vn 0 0 -1 
vn 0 0.0472441 -1 
vn -0.740157 -0.677165 0 
vn -0.598425 -0.543307 -0.590551 
vn -0.84252 0 -0.535433 
vn -1 0 0 
vn 0.84252 0 -0.535433 
vn -0.598425 0.543307 -0.590551 
vn -0.740157 0.677165 0 
vn 0 0.551181 0.834646 
vn -0.409449 0.0314961 -0.913386 
vn -0.433071 -0.212598 -0.874016 
vn 0 -0.496063 -0.866142 
vn -0.464567 -0.811024 -0.362205 
vn 0 -0.858268 0.511811 
vn -0.409449 -0.425197 0.80315 
vn 0 -0.464567 0.88189 
vn 0.464567 -0.811024 -0.362205 
vn -0.480315 -0.755906 0.440945 
vn 0 -0.251969 0.968504 
vn 0 0.377953 0.92126 
vn 0 0.92126 0.385827 
vn 0 0.937008 -0.338583 
vn -0.456693 0.834646 -0.307087 
vn 0.456693 0.834646 -0.307087 
vn 0 0.937008 -0.346457 
vn -0.433071 0.905512 0 
vn -0.362205 -0.850394 0.385827 
vn 0 0.905512 0.425197 
vn -0.346457 0.259843 -0.897638 
vn 0 -0.574803 0.818898 
vn 0 -0.574803 0.818898 
vn 0 -0.11811 0.992126 
vn -0.692913 0.724409 0 
vn -0.692913 0.724409 0 
vn -0.866142 0.503937 0 
vn -0.96063 0.275591 0 
vn -1 0.00787402 0 
vn -1 -0.015748 0 
vn -0.952756 -0.291339 0 
vn -0.952756 -0.291339 0 
vn -0.952756 -0.291339 0 
vn -1 0.00787402 0 
vn -0.669291 0.740157 0 
vn 0 0.858268 -0.511811 
vn 0 1 0 
vn 0 1 0 
vn 0 1 0 
vn 0 1 0 
vn 1 0 0.023622 
vn -1 0 0.023622 
vn -1 0 0.023622 
vn -1 0 0.023622 
vn -1 0 0.023622 
vn -1 0 0.023622 
vn -1 0 0.023622 
vn -1 0 0.023622 
vn -1 0 0.023622 
vn -1 0 0.023622 
vn -1 0 0.023622 
vn -1 0 0.023622 
vn -1 0 0.023622 
vn -1 0 0 
vn -1 0 0 
vn -1 0 0 
vn -1 0 0 
vn -1 0 0 
vn -1 0 0 
vn -1 0 0 
vn -1 0 0 
vn -0.929134 -0.362205 0 
vn -0.80315 -0.417323 0.417323 
vn -0.929134 -0.251969 0.251969 
vn -0.80315 0 0.590551 
vn -0.80315 -0.590551 0 
vn -0.80315 -0.417323 -0.417323 
vn -1 0 0 
vn -1 0 0 
vn -0.929134 0 0.362205 
vn -1 0 0 
vn -1 0 0 
vn -0.929134 -0.251969 -0.251969 
vn -1 0 0 
vn -1 0 0 
vn -0.929134 0 -0.362205 
vn -0.80315 0 -0.590551 
vn -1 0 0 
vn -0.929134 0.251969 -0.251969 
vn -0.80315 0.417323 -0.417323 
vn -1 0 0 
vn -0.929134 0.362205 0 
vn -0.80315 0.590551 0 
vn -0.80315 0.417323 0.417323 
vn -0.929134 0.251969 0.251969 
vn -0.834646 0.551181 0 
vn -0.937008 0.354331 0 
vn -0.834646 0.551181 0 
vn -0.937008 0.354331 0 
vn -0.984252 0.15748 0 
vn -0.984252 0.15748 0 
vn -1 0 0 
vn -1 0 0 
vn -1 0 0 
vn -1 0 0 
vn -1 0 0 
vn -1 0 0 
vn -1 0 0 
vn -1 0 0 
vn -1 0 0 
vn -1 0 0 
vn -1 0 0 
vn -1 0 0 
vn -1 0 0 
vn -1 0 0 
vn -1 0 0 
vn -1 0 0 
vn -1 0 0 
vn -1 0 0 
vn -1 0 0 
vn -1 0 0 
vn -0.866142 0.503937 0.00787402 
vn -0.944882 0.330709 0.00787402 
vn -0.866142 0.503937 0.00787402 
vn -0.976378 0.204724 0.00787402 
vn -0.984252 0.15748 0.00787402 
vn -0.984252 0.15748 0.00787402 
vn -0.913386 0.401575 0 
vn -0.913386 0.401575 0 
vn -0.913386 0.401575 0 
vn -0.913386 0.401575 0 
vn -1 0 0 
vn -1 0 0 
vn -1 0 0 
vn -1 0 0 
vn -1 0 0 
vn -1 0 0 
vn -1 0 0 
vn -1 0 0 
vn -1 0 0 
vn -1 0 0 
vn -1 0 0 
vn -1 0 0 
vn -1 0 0 
vn -1 0 0 
vn -1 0 0 
vn -1 0 0 
vn -1 0 0 
vn -1 0 0 
vn -1 0 0 
vn -1 0 0 
vn -1 0 0 
vn -1 0 0 
vn -1 0 0 
vn -1 0 0 
vn -1 0 0 
vn -0.992126 0.0944882 0 
vn -0.992126 0.0944882 0 
vn -0.992126 0.0944882 0 
vn -0.992126 0.0944882 0 
vn -0.992126 0.0944882 0 
vn -0.992126 0.0944882 0 
vn -0.992126 0.0944882 0 
vn -0.992126 0.0944882 0 
vn -0.992126 0.0944882 0 
vn -0.992126 0.0944882 0 
vn -0.992126 0.0944882 0 
vn -0.740157 -0.677165 0 
vn -0.740157 -0.677165 0 
vn -1 0 0 
vn 0 1 0 
vn -1 0 0 
vn -0.740157 0.677165 0 
vn -0.740157 0.677165 0 
vn 0 1 0 
vn 0 0.708661 -0.708661 
vn 0 -0.708661 0.708661 
vn 0 -0.708661 -0.708661 
vn -1 0 0 
vn -1 0 0 
vn -1 0 0 
vn -1 0 0 
vn -1 0 0 
vn -1 0 0 
vn -1 0 0 
vn -1 0 0 
vn 1 0 0 
vn -1 0 0 
vn -1 0 0 
vn -1 0 0 
vn -1 0 0 
vn -1 0 0 
vn -1 0 0 
vn -1 0 0 
vn -1 0 0 
vn -1 0 0 
vn -1 0 0 
vn 0 -1 0 
vn -0.740157 -0.677165 0 
vn -0.740157 -0.677165 0 
vn 0 1 0 
vn -1 0 0 
vn 0 1 0 
vn -1 0 0 
vn -0.740157 0.677165 0 
vn -0.740157 0.677165 0 
vn -1 0 0 
vn -1 0 0 
vn -1 0 0 
vn -1 0 0 
vn -1 0 0 
vn -1 0 0 
vn 1 0 0 
vn 0 0.480315 -0.874016 
vn -0.96063 -0.275591 0 
vn -0.96063 -0.275591 0 
vn -0.96063 -0.275591 0 
vn -0.96063 -0.275591 0 

vt -1.96625 -1.76882 
vt -2.00442 -1.63229 
vt -1.99588 -1.63352 
vt -1.99588 -1.62862 
vt -1.98734 -1.63229 
vt -2.00108 -1.63575 
vt -1.99068 -1.63575 
vt -2.00796 -1.64112 
vt -1.9838 -1.64112 
vt -2.00323 -1.64112 
vt -1.98853 -1.64112 
vt -2.00108 -1.6465 
vt -1.99068 -1.6465 
vt -2.00442 -1.64996 
vt -1.98734 -1.64996 
vt -1.99588 -1.64873 
vt -1.99588 -1.65362 
vt -2.00131 -1.59765 
vt -2.00546 -1.62015 
vt -2.00131 -1.62015 
vt -2.00546 -1.59765 
vt -1.98632 -1.59765 
vt -1.99047 -1.62015 
vt -1.98632 -1.62015 
vt -1.99047 -1.59765 
vt -2.00131 -1.63265 
vt -2.00131 -1.62015 
vt -2.00546 -1.62015 
vt -2.00546 -1.63265 
vt -1.99047 -1.63265 
vt -1.99047 -1.62015 
vt -1.98632 -1.63265 
vt -1.98632 -1.62015 
vt -2.00108 -1.63575 
vt -1.99588 -1.63352 
vt -2.00323 -1.64112 
vt -1.99068 -1.63575 
vt -1.98853 -1.64112 
vt -2.00108 -1.6465 
vt -1.99068 -1.6465 
vt -1.99588 -1.64873 
vt -1.98632 -1.58629 
vt -1.99047 -1.59765 
vt -1.98632 -1.59765 
vt -1.99047 -1.58629 
vt -2.00131 -1.58629 
vt -2.00546 -1.59765 
vt -2.00131 -1.59765 
vt -2.00546 -1.58629 
vt -1.98734 -1.68881 
vt -2.00442 -1.68881 
vt -1.99588 -1.69247 
vt -1.9838 -1.67997 
vt -2.00796 -1.67997 
vt -2.00442 -1.67113 
vt -1.98734 -1.67113 
vt -1.99588 -1.66747 
vt -1.96625 -1.64967 
vt -2.0196 -1.63665 
vt -2.02552 -1.64967 
vt -1.97218 -1.63665 
vt -2.02552 -1.68198 
vt -1.96625 -1.68198 
vt -1.99589 -1.6663 
vt -2.0224 -1.67612 
vt -1.99589 -1.72329 
vt -2.0224 -1.71987 
vt -1.96938 -1.67612 
vt -2.0224 -1.73862 
vt -1.96938 -1.71987 
vt -1.99589 -1.75059 
vt -1.96938 -1.73862 
vt -1.96938 -1.81337 
vt -1.96938 -1.69756 
vt -1.99589 -1.7103 
vt -1.96938 -1.73862 
vt -2.0224 -1.69756 
vt -2.0224 -1.81337 
vt -1.99589 -1.8261 
vt -2.0224 -1.81337 
vt -1.99589 -1.76897 
vt -1.99589 -1.68332 
vt -1.99589 -1.63448 
vt -1.96938 -1.66841 
vt -2.0224 -1.66841 
vt -1.96938 -1.66841 
vt -2.0224 -1.66841 
vt -1.99589 -1.68293 
vt -2.0224 -1.67374 
vt -1.96938 -1.67374 
vt -2.0224 -1.70297 
vt -1.96938 -1.70297 
vt -1.99589 -1.70657 
vt -1.96938 -1.76552 
vt -2.0224 -1.76552 
vt -1.99589 -1.76257 
vt -1.99589 -1.77717 
vt -2.0224 -1.78618 
vt -1.96938 -1.78618 
vt -1.96625 -1.71041 
vt -2.02552 -1.71041 
vt -2.02552 -1.76882 
vt -2.02552 -1.72229 
vt -1.98395 -1.59182 
vt -1.9561 -1.64931 
vt -1.9561 -1.63304 
vt -1.95892 -1.63304 
vt -1.95892 -1.61676 
vt -1.95892 -1.64931 
vt -1.9561 -1.61676 
vt -2.03286 -1.62327 
vt -2.03563 -1.62327 
vt -2.03286 -1.63304 
vt -2.03563 -1.63304 
vt -2.03286 -1.6428 
vt -2.03563 -1.6428 
vt -1.96263 -1.58277 
vt -2.02915 -1.58277 
vt -2.01106 -1.59871 
vt -2.02949 -1.64337 
vt -2.02974 -1.67437 
vt -2.02974 -1.65154 
vt -2.02996 -1.77846 
vt -2.02955 -1.79948 
vt -1.96223 -1.79948 
vt -1.96203 -1.68312 
vt -1.96203 -1.67437 
vt -1.9606 -1.65757 
vt -1.9561 -1.64931 
vt -1.9606 -1.60851 
vt -2.03567 -1.63304 
vt -2.03567 -1.61496 
vt -1.97824 -1.60851 
vt -1.9606 -1.60851 
vt -1.97824 -1.63304 
vt -1.9606 -1.63304 
vt -1.97824 -1.65757 
vt -1.9606 -1.65757 
vt -2.03118 -1.60851 
vt -2.01353 -1.60851 
vt -2.03118 -1.63304 
vt -2.01353 -1.63304 
vt -2.03118 -1.65757 
vt -2.01353 -1.65757 
vt -2.00546 -1.63265 
vt -1.97218 -1.61502 
vt -2.00915 -1.58946 
vt -2.0196 -1.61502 
vt -1.9826 -1.58946 
vt -2.00621 -1.59385 
vt -1.98557 -1.59385 
vt -2.00621 -1.59764 
vt -1.98557 -1.59764 
vt -2.00621 -1.60142 
vt -1.98557 -1.60142 
vt -1.95614 -1.62327 
vt -1.95892 -1.62327 
vt -1.95614 -1.63304 
vt -1.95892 -1.63304 
vt -1.95614 -1.6428 
vt -1.95892 -1.6428 
vt -2.02996 -1.79404 
vt -1.96182 -1.79404 
vt -2.02996 -1.77846 
vt -1.96182 -1.77846 
vt -1.98819 -1.54838 
vt -2.00037 -1.55091 
vt -1.99137 -1.55091 
vt -1.98687 -1.56641 
vt -2.00358 -1.54838 
vt -1.98203 -1.56813 
vt -2.00487 -1.56641 
vt -2.00975 -1.56813 
vt -1.98203 -1.56813 
vt -2.01284 -1.57979 
vt -1.97894 -1.57979 
vt -2.00975 -1.56813 
vt -1.98288 -1.59273 
vt -2.00889 -1.59273 
vt -1.96938 -1.71987 
vt -1.96938 -1.66841 
vt -1.99589 -1.70781 
vt -1.99589 -1.65636 
vt -2.0224 -1.66841 
vt -2.0224 -1.71987 
vt -2.03286 -1.61676 
vt -2.03567 -1.64931 
vt -2.03567 -1.61676 
vt -2.03286 -1.64931 
vt -2.03286 -1.63304 
vt -2.03567 -1.63304 
vt -2.02552 -1.71041 
vt -1.96625 -1.71041 
vt -1.96625 -1.68476 
vt -2.02552 -1.68476 
vt -1.96625 -1.69522 
vt -1.96625 -1.65311 
vt -2.02552 -1.69522 
vt -2.02552 -1.65311 
vt -1.96625 -1.76882 
vt -1.96625 -1.69522 
vt -2.02552 -1.76882 
vt -2.02552 -1.69522 
vt -1.96203 -1.68312 
vt -2.02996 -1.77846 
vt -1.96182 -1.77846 
vt -2.02974 -1.68312 
vt -2.02974 -1.67437 
vt -1.96203 -1.67437 
vt -1.96203 -1.65154 
vt -2.02974 -1.65154 
vt -1.96229 -1.64337 
vt -2.02949 -1.64337 
vt -2.03074 -1.62508 
vt -1.96103 -1.62508 
vt -1.96263 -1.58873 
vt -2.02915 -1.58873 
vt -2.36562 -1.6946 
vt -2.38662 -1.69245 
vt -2.36562 -1.68205 
vt -2.38662 -1.68205 
vt -2.36562 -1.69245 
vt -2.38662 -1.68725 
vt -2.36562 -1.68725 
vt -1.63873 -1.70241 
vt -2.29334 -1.66073 
vt -2.29334 -1.66073 
vt -2.29334 -1.71375 
vt -1.99382 -1.71375 
vt -1.7875 -1.66073 
vt -1.66915 -1.66073 
vt -1.68323 -1.71375 
vt -1.68323 -1.66073 
vt -1.6778 -1.68724 
vt -1.81729 -1.68724 
vt -1.81249 -1.71375 
vt -1.81249 -1.66073 
vt -1.83749 -1.71375 
vt -1.83749 -1.66073 
vt -1.84228 -1.68724 
vt -1.98302 -1.71375 
vt -1.98302 -1.66073 
vt -1.99013 -1.68724 
vt -2.33809 -1.66353 
vt -2.33809 -1.71095 
vt -2.31083 -1.71095 
vt -2.31083 -1.66353 
vt -1.81249 -1.66073 
vt -1.81249 -1.71375 
vt -1.83377 -1.71375 
vt -1.76804 -1.68724 
vt -1.77234 -1.71375 
vt -1.77234 -1.66073 
vt -1.67391 -1.71375 
vt -1.69284 -1.68724 
vt -1.68819 -1.66073 
vt -1.68819 -1.71375 
vt -1.85433 -1.71687 
vt -1.85433 -1.65761 
vt -1.88818 -1.71095 
vt -1.92074 -1.67398 
vt -1.92074 -1.70053 
vt -1.88818 -1.66353 
vt -1.93087 -1.67825 
vt -1.95676 -1.69625 
vt -1.93087 -1.69625 
vt -1.95676 -1.67825 
vt -1.9303 -1.70419 
vt -1.95732 -1.67029 
vt -1.95087 -1.67954 
vt -1.93676 -1.67954 
vt -1.95087 -1.69493 
vt -1.93676 -1.69493 
vt -1.95732 -1.7011 
vt -1.95732 -1.70419 
vt -1.99161 -1.70024 
vt -1.99484 -1.7011 
vt -1.95732 -1.67338 
vt -1.99484 -1.67338 
vt -2.01246 -1.65761 
vt -2.25723 -1.6725 
vt -2.28348 -1.7077 
vt -2.25723 -1.70198 
vt -1.97609 -1.6753 
vt -1.97609 -1.69918 
vt -2.28348 -1.66678 
vt -2.30223 -1.70948 
vt -2.30223 -1.665 
vt -1.93139 -1.72702 
vt -1.93139 -1.72421 
vt -1.94767 -1.72702 
vt -1.94767 -1.72421 
vt -1.96394 -1.72702 
vt -1.96394 -1.72421 
vt -1.96394 -1.72421 
vt -1.96394 -1.72702 
vt -1.94767 -1.65027 
vt -1.9379 -1.65027 
vt -1.9379 -1.6475 
vt -1.94767 -1.6475 
vt -1.95743 -1.65027 
vt -1.95743 -1.6475 
vt -1.64362 -1.65398 
vt -1.64362 -1.7205 
vt -1.62439 -1.7205 
vt -1.62439 -1.65398 
vt -1.60516 -1.7205 
vt -1.60516 -1.65398 
vt -1.92074 -1.70053 
vt -1.97567 -1.67398 
vt -1.97567 -1.70053 
vt -1.92074 -1.67398 
vt -1.63873 -1.70241 
vt -1.71085 -1.67207 
vt -1.71085 -1.70241 
vt -1.63873 -1.67207 
vt -1.7012 -1.70201 
vt -1.92063 -1.67253 
vt -1.92063 -1.70201 
vt -1.7012 -1.67253 
vt -1.65201 -1.65338 
vt -1.63951 -1.72109 
vt -1.65201 -1.72109 
vt -1.94767 -1.72702 
vt -1.93139 -1.72702 
vt -1.96394 -1.72702 
vt -1.9722 -1.72253 
vt -1.91298 -1.65195 
vt -1.94767 -1.65195 
vt -1.92465 -1.64745 
vt -1.92314 -1.65195 
vt -1.98236 -1.65195 
vt -1.96575 -1.64745 
vt -2.31083 -1.71095 
vt -1.99405 -1.71095 
vt -1.99405 -1.66353 
vt -2.31083 -1.66353 
vt -2.35536 -1.68182 
vt -2.37536 -1.69266 
vt -2.35536 -1.69266 
vt -2.37536 -1.68182 
vt -1.88818 -1.71095 
vt -1.73585 -1.71095 
vt -1.73585 -1.66353 
vt -1.88818 -1.66353 
vt -2.09689 -1.71375 
vt -2.09689 -1.71375 
vt -2.09689 -1.66073 
vt -2.09689 -1.66073 
vt -2.36709 -1.67871 
vt -2.32459 -1.67871 
vt -2.36709 -1.68725 
vt -2.32459 -1.68725 
vt -2.36709 -1.69579 
vt -2.32459 -1.69579 
vt -1.92314 -1.72253 
vt -1.94767 -1.70488 
vt -1.94767 -1.72253 
vt -1.9722 -1.70488 
vt -1.92314 -1.70488 
vt -1.9722 -1.72253 
vt -1.9722 -1.70488 
vt -1.92314 -1.66959 
vt -1.94767 -1.65195 
vt -1.94767 -1.66959 
vt -1.9722 -1.65195 
vt -1.92314 -1.65195 
vt -1.9722 -1.66959 
vt -1.91298 -1.66959 
vt -1.98236 -1.65195 
vt -1.91298 -1.65195 
vt -1.98236 -1.66959 
vt -2.35536 -1.67767 
vt -2.36754 -1.69756 
vt -2.36376 -1.67692 
vt -2.36754 -1.67692 
vt -2.37132 -1.67692 
vt -2.36376 -1.69756 
vt -2.37132 -1.69756 
vt -2.32467 -1.68725 
vt -2.38662 -1.67871 
vt -2.32467 -1.67871 
vt -2.38662 -1.68725 
vt -2.32467 -1.68725 
vt -2.38662 -1.69579 
vt -2.32467 -1.69579 
vt -1.95743 -1.72698 
vt -1.94767 -1.72698 
vt -1.94767 -1.72421 
vt -1.9379 -1.72421 
vt -1.95743 -1.72421 
vt -1.9379 -1.72698 
vt -2.087 -1.68724 
vt -2.3033 -1.68724 
vt -2.29334 -1.71375 
vt -2.09689 -1.71375 
vt -2.29334 -1.66073 
vt -2.09689 -1.66073 
vt -2.37067 -1.68182 
vt -2.36006 -1.68182 
vt -2.36006 -1.67767 
vt -2.37067 -1.67767 
vt -2.37067 -1.69681 
vt -2.36006 -1.69681 
vt -2.36006 -1.69266 
vt -2.37067 -1.69266 
vt -2.01841 -1.68724 
vt -2.35536 -1.69681 
vt -2.33036 -1.69681 
vt -2.33036 -1.69266 
vt -2.35536 -1.69266 
vt -2.33036 -1.68182 
vt -2.35536 -1.68182 
vt -2.33036 -1.67767 
vt -2.35536 -1.67767 
vt -2.01132 -1.71375 
vt -2.08698 -1.68724 
vt -2.09689 -1.71375 
vt -2.01841 -1.68724 
vt -2.01132 -1.66073 
vt -2.09689 -1.66073 
vt -1.96394 -1.64745 
vt -1.96394 -1.65027 
vt -1.94767 -1.64745 
vt -1.94767 -1.65027 
vt -1.93139 -1.64745 
vt -1.93139 -1.65027 
vt -1.73585 -1.71095 
vt -1.71085 -1.67207 
vt -1.73585 -1.66353 
vt -1.71085 -1.70241 
vt -1.65201 -1.72109 
vt -1.65201 -1.65338 
vt -1.63987 -1.72084 
vt -1.63987 -1.65364 
vt -2.38662 -1.79301 
vt -1.60516 -1.63352 
vt -1.61741 -1.59765 
vt -1.60516 -1.63575 
vt -1.62615 -1.63575 
vt -1.60516 -1.64112 
vt -1.62615 -1.64112 
vt -1.60516 -1.6465 
vt -1.62615 -1.6465 
vt -2.35304 -1.59871 
vt -1.69844 -1.67612 
vt -1.69844 -1.71987 
vt -1.70118 -1.75059 
vt -2.20427 -1.81337 
vt -2.02684 -1.70953 
vt -2.0196 -1.69756 
vt -2.00519 -1.75061 
vt -2.10313 -1.69756 
vt -2.20427 -1.81337 
vt -2.32263 -1.81337 
vt -2.36239 -1.76897 
vt -2.36179 -1.68332 
vt -2.31398 -1.63448 
vt -2.17449 -1.63423 
vt -2.17929 -1.64737 
vt -2.15429 -1.66841 
vt -2.15429 -1.66841 
vt -2.1495 -1.65527 
vt -2.00876 -1.66841 
vt -2.17929 -1.67374 
vt -2.22374 -1.777 
vt -2.31787 -1.76552 
vt -2.13745 -1.71041 
vt -2.13745 -1.71041 
vt -2.33708 -1.76882 
vt -2.06147 -1.57979 
vt -2.00017 -1.59273 
vt -2.03446 -1.57979 
vt -2.03446 -1.59273 
vt -2.05825 -1.59273 
vt -1.99694 -1.57979 
vt -1.99694 -1.56813 
vt -2.06147 -1.57979 
vt -2.03446 -1.56813 
vt -2.06147 -1.56813 
vt -2.04091 -1.54838 
vt -2.05502 -1.54838 
vt -1.97932 -1.72229 
vt -2.01569 -1.59182 
vt -1.7083 -1.60048 
vt -2.36738 -1.58277 
vt -2.36738 -1.58277 
vt -2.28093 -1.59871 
vt -2.38662 -1.58873 
vt -2.34706 -1.62508 
vt -2.36738 -1.58277 
vt -2.34815 -1.58873 
vt -2.3519 -1.64337 
vt -2.35227 -1.68312 
vt -2.33977 -1.67437 
vt -2.33977 -1.65154 
vt -2.38662 -1.79301 
vt -2.35213 -1.77846 
vt -2.36771 -1.79404 
vt -2.37716 -1.79948 
vt -2.35227 -1.68312 
vt -2.33977 -1.67437 
vt -2.05387 -1.6428 
vt -2.05387 -1.62327 
vt -2.05792 -1.63304 
vt -2.03434 -1.6428 
vt -2.04411 -1.64685 
vt -2.03434 -1.62327 
vt -2.04411 -1.61923 
vt -2.0303 -1.63304 
vt -2.04411 -1.65861 
vt -2.06219 -1.65112 
vt -2.06864 -1.65757 
vt -2.0788 -1.63304 
vt -2.04411 -1.66773 
vt -2.06038 -1.64931 
vt -2.06968 -1.63304 
vt -2.06712 -1.63304 
vt -2.04411 -1.65606 
vt -2.06038 -1.61676 
vt -2.06219 -1.61496 
vt -2.06864 -1.60851 
vt -2.02603 -1.65112 
vt -2.02783 -1.64931 
vt -2.01958 -1.65757 
vt -2.02109 -1.63304 
vt -2.00942 -1.63304 
vt -2.01854 -1.63304 
vt -2.02783 -1.61676 
vt -2.02603 -1.61496 
vt -2.01958 -1.60851 
vt -2.04411 -1.61002 
vt -2.04411 -1.59835 
vt -2.04411 -1.60747 
vt -1.99773 -1.61502 
vt -2.07115 -1.59986 
vt -2.29057 -1.59986 
vt -2.07115 -1.60853 
vt -2.29057 -1.60853 
vt -2.07115 -1.61986 
vt -2.29057 -1.61986 
vt -2.17343 -1.65311 
vt -1.65368 -1.64967 
vt -2.36804 -1.64967 
vt -1.68095 -1.70325 
vt -1.65368 -1.68198 
vt -1.85046 -1.70325 
vt -2.00737 -1.67193 
vt -1.88065 -1.72229 
vt -1.97932 -1.72229 
vt -2.04352 -1.67193 
vt -2.30181 -1.65311 
vt -2.33708 -1.69522 
vt -2.36804 -1.76882 
vt -2.33708 -1.76882 
vt -2.10477 -1.68476 
vt -2.06095 -1.68476 
vt -2.14395 -1.68212 
vt -2.12694 -1.71041 
vt -2.14395 -1.70117 
vt -2.13745 -1.71041 
vt -2.01569 -1.60048 
vt -1.7083 -1.60048 
vt -1.73455 -1.59182 
vt -2.01569 -1.59182 
vt -2.01569 -1.61638 
vt -1.68955 -1.61638 
vt -2.36804 -1.64967 
vt -1.65368 -1.64967 
vt -1.65368 -1.63665 
vt -2.36804 -1.63583 
vt -2.0196 -1.69756 
vt -1.99796 -1.73862 
vt -1.98046 -1.71987 
vt -1.89488 -1.71987 
vt -2.00876 -1.66841 
vt -1.70844 -1.73862 
vt -1.89488 -1.67612 
vt -1.69844 -1.67612 
vt -1.69844 -1.71987 
vt -2.10313 -1.69756 
vt -2.15429 -1.66841 
vt -2.15801 -1.69756 
vt -2.15801 -1.71226 
vt -2.17929 -1.67374 
vt -2.20427 -1.81337 
vt -2.17929 -1.64737 
vt -2.21944 -1.78618 
vt -2.29183 -1.67374 
vt -2.30359 -1.78618 
vt -2.30855 -1.64737 
vt -2.32263 -1.81337 
vt -2.31622 -1.70297 
vt -2.31787 -1.76552 
vt -2.34883 -1.68859 
vt -2.34883 -1.76552 
vt -1.99773 -1.61502 
vt -2.07103 -1.58946 
vt -2.1036 -1.62121 
vt -2.0161 -1.58946 
vt -1.65368 -1.63665 
vt -1.68095 -1.61502 
vt -2.36804 -1.63583 
vt -2.25593 -1.62121 
vt -2.28093 -1.59871 
vt -2.35304 -1.59871 
vt -2.36804 -1.62121 
vt -1.66719 -1.68881 
vt -1.62469 -1.68881 
vt -1.62469 -1.67997 
vt -1.66719 -1.67997 
vt -1.62469 -1.67113 
vt -1.66719 -1.67113 
vt -1.66719 -1.66747 
vt -2.04411 -1.59835 
vt -2.01958 -1.60851 
vt -2.06864 -1.65757 
vt -2.01958 -1.65757 
vt -1.62045 -1.60142 
vt -1.62802 -1.60142 
vt -1.62424 -1.60299 
vt -1.62045 -1.59385 
vt -1.61889 -1.59764 
vt -1.62802 -1.59385 
vt -1.62424 -1.59229 
vt -1.62959 -1.59764 
vt -1.63641 -1.62015 
vt -1.66141 -1.62515 
vt -1.63641 -1.63265 
vt -1.66141 -1.63265 
vt -1.61641 -1.63265 
vt -1.61641 -1.62015 
vt -1.63041 -1.59765 
vt -1.61741 -1.59765 
vt -1.62111 -1.58629 
vt -1.63172 -1.58901 
vt -1.66711 -1.64996 
vt -1.60516 -1.64996 
vt -1.60516 -1.64112 
vt -1.66711 -1.65362 
vt -1.66711 -1.64112 
vt -1.60516 -1.63229 
vt -1.66711 -1.63229 
vt -1.60516 -1.62862 
vt -1.66711 -1.62862 
vt -1.63041 -1.59765 
vt -1.62111 -1.58629 
vt -1.63172 -1.58901 
vt -1.61741 -1.59765 
vt -1.61641 -1.62015 
vt -1.63641 -1.62015 
vt -1.97336 -1.70781 
vt -2.03502 -1.56641 
vt -2.05585 -1.55091 
vt -2.06091 -1.56641 
vt -2.04008 -1.55091 
vt -2.02915 -1.58873 
vt -2.02915 -1.79301 
vt -1.96263 -1.79301 
vt -1.96263 -1.58873 
vt -2.02552 -1.64967 
vt -2.02552 -1.76882 
vt -1.96625 -1.76882 
vt -1.96625 -1.64967 
vt -2.0196 -1.63583 
vt -1.97218 -1.63583 
vt -2.0196 -1.62121 
vt -1.97218 -1.62121 
vt -2.01106 -1.59871 
vt -1.97218 -1.62121 
vt -1.98072 -1.59871 
vt -2.0196 -1.62121 
vt -1.99589 -1.70953 
vt -2.0224 -1.69756 
vt -2.0224 -1.73862 
vt -1.99589 -1.75061 
vt -1.96938 -1.73862 
vt -1.96938 -1.69756 
vt -2.0224 -1.81337 
vt -1.96938 -1.81337 
vt -1.99589 -1.82539 
vt -1.99589 -1.76897 
vt -2.0224 -1.76552 
vt -1.96938 -1.76552 
vt -2.0224 -1.68859 
vt -1.96938 -1.68859 
vt -1.99589 -1.68332 
vt -2.0224 -1.64737 
vt -1.96938 -1.64737 
vt -1.99589 -1.63448 
vt -2.0224 -1.66841 
vt -1.96938 -1.66841 
vt -2.0224 -1.66841 
vt -1.96938 -1.66841 
vt -1.96938 -1.69756 
vt -1.99589 -1.683 
vt -1.99589 -1.7012 
vt -1.96938 -1.67374 
vt -1.96938 -1.71226 
vt -2.0224 -1.69756 
vt -2.0224 -1.67374 
vt -2.0224 -1.71226 
vt -1.99589 -1.70883 
vt -1.99589 -1.777 
vt -2.0224 -1.78618 
vt -1.96938 -1.78618 
vt -2.02552 -1.70117 
vt -1.96625 -1.68212 
vt -2.02552 -1.68212 
vt -1.96625 -1.70117 
vt -2.02552 -1.71041 
vt -1.96625 -1.71041 
vt -2.02552 -1.70117 
vt -1.96625 -1.70117 
vt -2.01284 -1.57979 
vt -1.97894 -1.57979 
vt -2.00975 -1.56813 
vt -2.00889 -1.59273 
vt -1.98288 -1.59273 
vt -1.98203 -1.56813 
vt -1.9869 -1.56641 
vt -1.98819 -1.54838 
vt -2.0049 -1.56641 
vt -1.9914 -1.55091 
vt -2.00358 -1.54838 
vt -2.0004 -1.55091 
vt -1.96625 -1.72229 
vt -2.03567 -1.64931 
vt -2.03286 -1.61676 
vt -2.03286 -1.64931 
vt -2.03567 -1.61676 
vt -2.03567 -1.63304 
vt -2.03286 -1.63304 
vt -1.95892 -1.62327 
vt -1.95614 -1.62327 
vt -1.95614 -1.63304 
vt -1.95892 -1.63304 
vt -1.95614 -1.6428 
vt -1.95892 -1.6428 
vt -2.02915 -1.58277 
vt -1.96263 -1.58277 
vt -1.98072 -1.59871 
vt -1.96229 -1.64337 
vt -1.96203 -1.67437 
vt -1.96182 -1.77846 
vt -1.96223 -1.79948 
vt -2.02955 -1.79948 
vt -2.02974 -1.68312 
vt -2.03567 -1.6616 
vt -2.03118 -1.65757 
vt -2.03567 -1.64931 
vt -2.03118 -1.60851 
vt -2.01246 -1.60048 
vt -1.98395 -1.59182 
vt -2.00783 -1.59182 
vt -1.97932 -1.60048 
vt -2.0159 -1.61638 
vt -1.97587 -1.61638 
vt -2.02552 -1.67193 
vt -2.02552 -1.72229 
vt -1.96625 -1.72229 
vt -1.96625 -1.67193 
vt -2.0224 -1.71987 
vt -2.0224 -1.67612 
vt -1.96938 -1.71987 
vt -1.96938 -1.67612 
vt -2.03118 -1.60851 
vt -2.01353 -1.60851 
vt -2.03118 -1.63304 
vt -2.01353 -1.63304 
vt -2.03118 -1.65757 
vt -2.01353 -1.65757 
vt -1.97824 -1.60851 
vt -1.9606 -1.60851 
vt -1.97824 -1.63304 
vt -1.9606 -1.63304 
vt -1.97824 -1.65757 
vt -1.9606 -1.65757 
vt -1.98557 -1.59385 
vt -2.00621 -1.59385 
vt -2.00621 -1.59764 
vt -1.98557 -1.59764 
vt -2.00621 -1.60142 
vt -1.98557 -1.60142 
vt -2.03286 -1.62327 
vt -2.03563 -1.62327 
vt -2.03286 -1.63304 
vt -2.03563 -1.63304 
vt -2.03286 -1.6428 
vt -2.03563 -1.6428 
vt -1.95892 -1.61676 
vt -1.95892 -1.63304 
vt -1.9561 -1.63304 
vt -1.9561 -1.64931 
vt -1.9561 -1.61676 
vt -1.95892 -1.64931 
vt -2.0224 -1.67612 
vt -2.0224 -1.71987 
vt -1.99589 -1.71 
vt -1.99589 -1.66623 
vt -1.96938 -1.67612 
vt -1.96938 -1.71987 
vt -2.00444 -1.64996 
vt -1.98735 -1.64996 
vt -2.00798 -1.64112 
vt -1.9959 -1.65362 
vt -1.98382 -1.64112 
vt -1.98735 -1.63229 
vt -2.00444 -1.63229 
vt -1.9959 -1.62862 
vt -2.00546 -1.62515 
vt -2.00546 -1.63265 
vt -2.00131 -1.63265 
vt -2.00131 -1.62515 
vt -1.99047 -1.63265 
vt -1.99047 -1.62515 
vt -1.98632 -1.63265 
vt -1.98632 -1.62515 
vt -2.00131 -1.62015 
vt -2.00131 -1.59765 
vt -2.00546 -1.62015 
vt -2.00546 -1.59765 
vt -1.98632 -1.62015 
vt -1.98632 -1.59765 
vt -1.99047 -1.62015 
vt -1.99047 -1.59765 
vt -2.00131 -1.59765 
vt -2.00131 -1.58901 
vt -2.00546 -1.59765 
vt -2.00546 -1.58901 
vt -1.98632 -1.59765 
vt -1.98632 -1.58901 
vt -1.99047 -1.59765 
vt -1.99047 -1.58901 
vt -2.38662 -1.65398 
vt -2.36804 -1.71687 
vt -1.60516 -1.68205 
vt -1.62615 -1.68205 
vt -1.60516 -1.68725 
vt -1.62615 -1.68725 
vt -1.60516 -1.69245 
vt -1.62615 -1.69245 
vt -2.35304 -1.70241 
vt -1.69844 -1.66073 
vt -1.69844 -1.71375 
vt -1.65368 -1.71687 
vt -1.68095 -1.65761 
vt -1.68095 -1.71687 
vt -1.65368 -1.65761 
vt -2.20427 -1.71375 
vt -2.10313 -1.71375 
vt -2.09735 -1.68724 
vt -2.02684 -1.68724 
vt -2.0196 -1.71375 
vt -1.99796 -1.71375 
vt -1.99796 -1.66073 
vt -2.0196 -1.66073 
vt -2.10313 -1.66073 
vt -2.20427 -1.66073 
vt -2.19847 -1.68724 
vt -2.32263 -1.71375 
vt -2.32263 -1.66073 
vt -2.32978 -1.68724 
vt -2.17449 -1.68724 
vt -2.17929 -1.66073 
vt -2.15429 -1.71375 
vt -2.15429 -1.66073 
vt -2.1495 -1.68724 
vt -2.00876 -1.71375 
vt -2.00876 -1.66073 
vt -2.18341 -1.68724 
vt -2.17929 -1.66073 
vt -2.17929 -1.71375 
vt -2.15801 -1.71375 
vt -2.28756 -1.68724 
vt -2.29183 -1.66073 
vt -2.29183 -1.71375 
vt -2.31787 -1.71375 
vt -2.13745 -1.71687 
vt -2.17343 -1.65761 
vt -2.17343 -1.71687 
vt -2.14395 -1.71687 
vt -2.14395 -1.65761 
vt -2.36804 -1.65761 
vt -2.36804 -1.71687 
vt -2.33708 -1.71687 
vt -2.33708 -1.65761 
vt -1.85046 -1.71687 
vt -1.85046 -1.65761 
vt -1.88065 -1.71687 
vt -1.88065 -1.65761 
vt -2.00519 -1.68724 
vt -1.70844 -1.71375 
vt -1.70118 -1.68724 
vt -1.99796 -1.71375 
vt -1.70844 -1.66073 
vt -1.99796 -1.66073 
vt -1.97932 -1.71687 
vt -1.88065 -1.71687 
vt -1.88065 -1.65761 
vt -1.97932 -1.65761 
vt -2.06038 -1.72702 
vt -2.06038 -1.72421 
vt -2.06038 -1.72702 
vt -2.04411 -1.72421 
vt -2.04411 -1.72702 
vt -2.02783 -1.72421 
vt -2.02783 -1.72702 
vt -2.05387 -1.6475 
vt -2.05387 -1.65027 
vt -2.04411 -1.6475 
vt -2.04411 -1.65027 
vt -2.03434 -1.65027 
vt -2.03434 -1.6475 
vt -2.13745 -1.65761 
vt -2.13745 -1.71687 
vt -2.12694 -1.71687 
vt -2.12694 -1.65761 
vt -1.68095 -1.71687 
vt -1.85046 -1.65761 
vt -1.85046 -1.71687 
vt -1.68095 -1.65761 
vt -2.33977 -1.65338 
vt -2.35213 -1.65317 
vt -2.37716 -1.7209 
vt -2.35227 -1.72109 
vt -2.33977 -1.72109 
vt -2.04411 -1.72702 
vt -2.06038 -1.72702 
vt -2.02783 -1.72702 
vt -2.01958 -1.72253 
vt -2.06219 -1.64745 
vt -2.0788 -1.65195 
vt -2.04411 -1.65195 
vt -2.06712 -1.64745 
vt -2.00942 -1.65195 
vt -2.10477 -1.71687 
vt -2.06095 -1.71687 
vt -2.10477 -1.65761 
vt -2.06095 -1.65761 
vt -1.89488 -1.71375 
vt -1.89488 -1.66073 
vt -2.04352 -1.71687 
vt -2.00737 -1.71687 
vt -2.04352 -1.65761 
vt -2.00737 -1.65761 
vt -1.66719 -1.67871 
vt -1.62469 -1.67871 
vt -1.66719 -1.68725 
vt -1.62469 -1.68725 
vt -1.66719 -1.69579 
vt -1.62469 -1.69579 
vt -1.66719 -1.68725 
vt -2.06864 -1.72253 
vt -2.01958 -1.70488 
vt -2.06864 -1.70488 
vt -2.01958 -1.72253 
vt -2.04411 -1.72253 
vt -2.04411 -1.70488 
vt -2.0788 -1.66959 
vt -2.00942 -1.65195 
vt -2.0788 -1.65195 
vt -2.00942 -1.66959 
vt -2.06864 -1.66959 
vt -2.01958 -1.65195 
vt -2.06864 -1.65195 
vt -2.01958 -1.66959 
vt -2.04411 -1.66959 
vt -2.04411 -1.65195 
vt -2.30181 -1.71687 
vt -2.17343 -1.71687 
vt -2.17343 -1.65761 
vt -2.30181 -1.65761 
vt -1.62802 -1.69756 
vt -1.62045 -1.67692 
vt -1.62802 -1.67692 
vt -1.62045 -1.69756 
vt -1.62424 -1.69756 
vt -1.62424 -1.67692 
vt -1.66711 -1.67871 
vt -1.60516 -1.67871 
vt -1.60516 -1.67517 
vt -1.66711 -1.68725 
vt -1.60516 -1.68725 
vt -1.66711 -1.69579 
vt -1.60516 -1.69579 
vt -1.66711 -1.68725 
vt -2.03434 -1.72698 
vt -2.05387 -1.72421 
vt -2.03434 -1.72421 
vt -2.05387 -1.72698 
vt -2.04411 -1.72698 
vt -2.04411 -1.72421 
vt -1.66141 -1.69681 
vt -1.63641 -1.69681 
vt -1.63641 -1.69266 
vt -1.66141 -1.69266 
vt -1.61641 -1.69266 
vt -1.61641 -1.69681 
vt -1.61641 -1.68182 
vt -1.63641 -1.68182 
vt -1.61641 -1.67767 
vt -1.66141 -1.68182 
vt -1.63641 -1.67767 
vt -1.66141 -1.67767 
vt -2.06095 -1.65761 
vt -2.06095 -1.71687 
vt -2.04352 -1.71687 
vt -2.04352 -1.65761 
vt -2.37716 -1.7209 
vt -2.37716 -1.65358 
vt -2.38662 -1.7205 
vt -2.38662 -1.65398 
vt -2.36771 -1.65317 
vt -2.36771 -1.72131 
vt -2.35213 -1.65317 
vt -2.35213 -1.72131 
vt -1.97336 -1.68724 
vt -2.02783 -1.65027 
vt -2.02783 -1.64745 
vt -2.04411 -1.65027 
vt -2.04411 -1.64745 
vt -2.06038 -1.65027 
vt -2.06038 -1.64745 
vt -2.04008 -1.68275 
vt -2.05585 -1.69175 
vt -2.04008 -1.69175 
vt -2.05585 -1.68275 
vt -2.35227 -1.72109 
vt -2.35227 -1.65338 
vt -2.33977 -1.65338 
vt -2.33977 -1.72109 
vt -1.62373 -1.76882 
vt -2.38662 -1.63352 
vt -2.37436 -1.59765 
vt -2.38662 -1.63575 
vt -2.36562 -1.63575 
vt -2.36562 -1.64112 
vt -2.38662 -1.64112 
vt -2.36562 -1.64112 
vt -2.36562 -1.6465 
vt -2.38662 -1.6465 
vt -1.63873 -1.59871 
vt -2.29334 -1.67612 
vt -2.29334 -1.71987 
vt -2.29059 -1.75059 
vt -1.7875 -1.81337 
vt -1.96494 -1.70953 
vt -1.99382 -1.73862 
vt -1.98659 -1.75061 
vt -1.7875 -1.81337 
vt -1.66915 -1.81337 
vt -1.62939 -1.76897 
vt -1.62998 -1.68332 
vt -1.6778 -1.63448 
vt -1.81729 -1.63423 
vt -1.83749 -1.66841 
vt -1.83749 -1.66841 
vt -1.84228 -1.65527 
vt -1.98302 -1.66841 
vt -1.81249 -1.67374 
vt -1.76804 -1.777 
vt -1.67391 -1.76552 
vt -1.85433 -1.71041 
vt -1.85433 -1.71041 
vt -1.9303 -1.57979 
vt -1.95087 -1.54838 
vt -1.93676 -1.54838 
vt -1.95732 -1.56813 
vt -1.9303 -1.56813 
vt -1.9303 -1.57979 
vt -1.95732 -1.57979 
vt -1.93353 -1.59273 
vt -1.95732 -1.59273 
vt -1.99161 -1.59273 
vt -1.99484 -1.57979 
vt -1.99484 -1.56813 
vt -2.28348 -1.60048 
vt -1.97609 -1.59182 
vt -1.62439 -1.58277 
vt -1.71085 -1.59871 
vt -1.71085 -1.59871 
vt -1.63987 -1.64337 
vt -1.60516 -1.79301 
vt -1.62407 -1.79404 
vt -1.61461 -1.79948 
vt -1.63965 -1.77846 
vt -1.63951 -1.68312 
vt -1.60516 -1.58873 
vt -1.63987 -1.64337 
vt -1.65201 -1.67437 
vt -1.65201 -1.65154 
vt -1.64472 -1.62508 
vt -1.62439 -1.58277 
vt -1.64362 -1.58873 
vt -1.95743 -1.6428 
vt -1.9379 -1.62327 
vt -1.95743 -1.62327 
vt -1.94767 -1.61923 
vt -1.96148 -1.63304 
vt -1.9379 -1.6428 
vt -1.93386 -1.63304 
vt -1.94767 -1.64685 
vt -1.94767 -1.6616 
vt -1.92314 -1.65757 
vt -1.92747 -1.65323 
vt -1.91298 -1.63304 
vt -1.94767 -1.66773 
vt -1.9722 -1.65757 
vt -1.93139 -1.64931 
vt -1.94767 -1.65606 
vt -1.91911 -1.63304 
vt -1.92465 -1.63304 
vt -1.93139 -1.61676 
vt -1.96786 -1.65323 
vt -1.96394 -1.64931 
vt -1.97068 -1.63304 
vt -1.97623 -1.63304 
vt -1.98236 -1.63304 
vt -1.96394 -1.61676 
vt -1.96786 -1.61284 
vt -1.9722 -1.60851 
vt -1.94767 -1.61002 
vt -1.94767 -1.60448 
vt -1.94767 -1.59835 
vt -1.92314 -1.60851 
vt -1.92747 -1.61284 
vt -1.92063 -1.59986 
vt -1.7012 -1.60853 
vt -1.7012 -1.59986 
vt -1.92063 -1.60853 
vt -1.7012 -1.61986 
vt -1.92063 -1.61986 
vt -1.62373 -1.64967 
vt -1.68997 -1.65311 
vt -1.6547 -1.69522 
vt -1.62373 -1.76882 
vt -1.6547 -1.76882 
vt -1.81835 -1.65311 
vt -2.33809 -1.64967 
vt -2.31083 -1.70325 
vt -2.33809 -1.68198 
vt -2.14132 -1.70325 
vt -1.9844 -1.67193 
vt -2.11112 -1.72229 
vt -2.01246 -1.72229 
vt -1.94826 -1.67193 
vt -1.88701 -1.68476 
vt -1.93083 -1.68476 
vt -1.84783 -1.68212 
vt -1.86483 -1.71041 
vt -1.84783 -1.70117 
vt -1.85433 -1.71041 
vt -2.25723 -1.59182 
vt -1.97609 -1.60048 
vt -1.97609 -1.59182 
vt -2.28348 -1.60048 
vt -1.97609 -1.61638 
vt -2.30223 -1.61638 
vt -2.33809 -1.64967 
vt -1.62373 -1.64967 
vt -2.33809 -1.63665 
vt -1.62373 -1.63583 
vt -1.68323 -1.64737 
vt -1.67556 -1.70297 
vt -1.64295 -1.68859 
vt -1.64295 -1.76552 
vt -1.69994 -1.67374 
vt -1.67391 -1.76552 
vt -1.81249 -1.64737 
vt -1.66915 -1.81337 
vt -1.81249 -1.67374 
vt -1.68819 -1.78618 
vt -1.83749 -1.66841 
vt -1.7875 -1.81337 
vt -1.77234 -1.78618 
vt -1.83377 -1.71226 
vt -1.83377 -1.69756 
vt -1.88865 -1.69756 
vt -1.98302 -1.66841 
vt -1.97217 -1.69756 
vt -2.01132 -1.71987 
vt -1.99382 -1.73862 
vt -2.09689 -1.71987 
vt -2.28334 -1.73862 
vt -2.09689 -1.67612 
vt -2.29334 -1.67612 
vt -2.29334 -1.71987 
vt -1.88818 -1.62121 
vt -2.33809 -1.63665 
vt -1.62373 -1.63583 
vt -1.99405 -1.61502 
vt -2.31083 -1.61502 
vt -1.92074 -1.58946 
vt -1.97567 -1.58946 
vt -1.73585 -1.62121 
vt -1.71085 -1.59871 
vt -1.63873 -1.59871 
vt -1.62373 -1.62121 
vt -2.32459 -1.68881 
vt -2.36709 -1.68881 
vt -2.32459 -1.67997 
vt -2.32459 -1.66747 
vt -2.36709 -1.67997 
vt -2.36709 -1.67113 
vt -2.32459 -1.67113 
vt -1.94767 -1.59835 
vt -1.9722 -1.60851 
vt -1.92314 -1.65757 
vt -1.9722 -1.65757 
vt -2.36754 -1.60299 
vt -2.36376 -1.60142 
vt -2.37132 -1.60142 
vt -2.36219 -1.59764 
vt -2.37289 -1.59764 
vt -2.36376 -1.59385 
vt -2.37132 -1.59385 
vt -2.36754 -1.59229 
vt -2.35536 -1.63265 
vt -2.37536 -1.62015 
vt -2.35536 -1.63265 
vt -2.35536 -1.62015 
vt -2.37536 -1.63265 
vt -2.33036 -1.62515 
vt -2.33036 -1.63265 
vt -2.36136 -1.59765 
vt -2.37436 -1.59765 
vt -2.37067 -1.58629 
vt -2.36006 -1.58901 
vt -2.32467 -1.65362 
vt -2.32467 -1.64996 
vt -2.38662 -1.64996 
vt -2.38662 -1.62862 
vt -2.32467 -1.64112 
vt -2.32467 -1.62862 
vt -2.38662 -1.64112 
vt -2.38662 -1.63229 
vt -2.32467 -1.63229 
vt -2.37067 -1.58629 
vt -2.36136 -1.59765 
vt -2.36006 -1.58901 
vt -2.37436 -1.59765 
vt -2.37536 -1.62015 
vt -2.35536 -1.62015 
vt -2.36136 -1.59765 
vt -2.01841 -1.70781 
vt -1.95676 -1.56641 
vt -1.93087 -1.56641 
vt -1.93593 -1.55091 
vt -1.95169 -1.55091 

usemtl Meshpart3Mtl

f 807/807/807 808/808/808 809/809/809 
f 810/810/810 809/809/809 808/808/808 
f 808/808/808 807/807/807 811/811/811 
f 810/810/810 808/808/808 812/812/812 
f 813/813/813 811/811/811 807/807/807 
f 812/812/812 814/814/814 810/810/810 
f 811/811/811 813/813/813 815/815/815 
f 814/814/814 812/812/812 816/816/816 
f 817/817/817 815/815/815 813/813/813 
f 818/818/818 814/814/814 816/816/816 
f 813/813/813 819/819/819 817/817/817 
f 814/814/814 818/818/818 820/820/820 
f 819/819/819 821/821/821 817/817/817 
f 821/821/821 820/820/820 818/818/818 
f 821/821/821 819/819/819 822/822/822 
f 820/820/820 821/821/821 822/822/822 
f 823/823/823 824/824/824 825/825/825 
f 824/824/824 823/823/823 826/826/826 
f 827/827/827 828/828/828 829/829/829 
f 828/828/828 827/827/827 830/830/830 
f 831/831/831 832/832/832 833/833/833 
f 831/831/831 833/833/833 834/834/834 
f 835/835/835 832/832/832 831/831/831 
f 832/832/832 835/835/835 836/836/836 
f 837/837/837 836/836/836 835/835/835 
f 837/837/837 838/838/838 836/836/836 
f 839/839/839 842/842/842 840/840/840 
f 842/842/842 839/839/839 841/841/841 
f 841/841/841 843/843/843 842/842/842 
f 843/843/843 841/841/841 845/845/845 
f 845/845/845 841/841/841 844/844/844 
f 845/845/845 844/844/844 846/846/846 
f 847/847/847 848/848/848 849/849/849 
f 848/848/848 847/847/847 850/850/850 
f 851/851/851 852/852/852 853/853/853 
f 852/852/852 851/851/851 854/854/854 
f 855/855/855 856/856/856 857/857/857 
f 858/858/858 856/856/856 855/855/855 
f 856/856/856 858/858/858 859/859/859 
f 858/858/858 860/860/860 859/859/859 
f 860/860/860 858/858/858 861/861/861 
f 860/860/860 861/861/861 862/862/862 
f 863/863/863 864/864/864 865/865/865 
f 864/864/864 863/863/863 866/866/866 
f 867/867/867 863/863/863 865/865/865 
f 863/863/863 867/867/867 868/868/868 
f 869/869/869 870/870/870 871/871/871 
f 871/871/871 870/870/870 872/872/872 
f 871/871/871 873/873/873 869/869/869 
f 874/874/874 871/871/871 872/872/872 
f 873/873/873 871/871/871 875/875/875 
f 871/871/871 874/874/874 876/876/876 
f 875/875/875 871/871/871 877/877/877 
f 877/877/877 871/871/871 876/876/876 
f 878/878/878 879/879/879 880/880/880 
f 883/883/883 880/880/880 882/882/882 
f 880/880/880 884/884/884 878/878/878 
f 880/880/880 883/883/883 884/884/884 
f 893/893/893 894/894/894 896/896/896 
f 893/893/893 897/897/897 895/895/895 
f 897/897/897 893/893/893 898/898/898 
f 898/898/898 893/893/893 896/896/896 
f 898/898/898 899/899/899 897/897/897 
f 896/896/896 900/900/900 898/898/898 
f 899/899/899 898/898/898 901/901/901 
f 901/901/901 898/898/898 900/900/900 
f 899/899/899 901/901/901 902/902/902 
f 900/900/900 902/902/902 901/901/901 
f 902/902/902 900/900/900 903/903/903 
f 902/902/902 904/904/904 899/899/899 
f 910/910/910 911/911/911 912/912/912 
f 911/911/911 913/913/913 912/912/912 
f 910/910/910 912/912/912 914/914/914 
f 911/911/911 915/915/915 913/913/913 
f 917/917/917 918/918/918 916/916/916 
f 918/918/918 917/917/917 919/919/919 
f 920/920/920 918/918/918 919/919/919 
f 920/920/920 919/919/919 921/921/921 
f 940/940/940 939/939/939 938/938/938 
f 939/939/939 940/940/940 941/941/941 
f 942/942/942 941/941/941 940/940/940 
f 941/941/941 942/942/942 943/943/943 
f 946/946/946 945/945/945 944/944/944 
f 945/945/945 946/946/946 947/947/947 
f 948/948/948 947/947/947 946/946/946 
f 947/947/947 948/948/948 949/949/949 
f 951/951/951 952/952/952 953/953/953 
f 952/952/952 951/951/951 954/954/954 
f 956/956/956 955/955/955 957/957/957 
f 957/957/957 958/958/958 956/956/956 
f 958/958/958 957/957/957 959/959/959 
f 959/959/959 960/960/960 958/958/958 
f 963/963/963 961/961/961 962/962/962 
f 963/963/963 962/962/962 964/964/964 
f 965/965/965 963/963/963 964/964/964 
f 965/965/965 964/964/964 966/966/966 
f 968/968/968 969/969/969 967/967/967 
f 970/970/970 969/969/969 968/968/968 
f 971/971/971 972/972/972 973/973/973 
f 974/974/974 971/971/971 973/973/973 
f 972/972/972 971/971/971 975/975/975 
f 971/971/971 974/974/974 976/976/976 
f 975/975/975 977/977/977 972/972/972 
f 977/977/977 976/976/976 974/974/974 
f 977/977/977 975/975/975 978/978/978 
f 976/976/976 977/977/977 978/978/978 
f 979/979/979 980/980/980 981/981/981 
f 980/980/980 979/979/979 982/982/982 
f 981/981/981 980/980/980 983/983/983 
f 983/983/983 980/980/980 984/984/984 
f 985/985/985 986/986/986 987/987/987 
f 987/987/987 986/986/986 988/988/988 
f 989/989/989 987/987/987 988/988/988 
f 987/987/987 989/989/989 990/990/990 
f 995/995/995 991/991/991 993/993/993 
f 994/994/994 996/996/996 992/992/992 
f 995/995/995 993/993/993 996/996/996 
f 994/994/994 995/995/995 996/996/996 
f 997/997/997 998/998/998 999/999/999 
f 999/999/999 1000/1000/1000 997/997/997 
f 1001/1001/1001 1002/1002/1002 1003/1003/1003 
f 1002/1002/1002 1004/1004/1004 1003/1003/1003 
f 1005/1005/1005 1006/1006/1006 1007/1007/1007 
f 1006/1006/1006 1008/1008/1008 1007/1007/1007 
f 1009/1009/1009 1010/1010/1010 1011/1011/1011 
f 1010/1010/1010 1009/1009/1009 1012/1012/1012 
f 1015/1015/1015 1013/1013/1013 1014/1014/1014 
f 1013/1013/1013 1015/1015/1015 1016/1016/1016 
f 1017/1017/1017 1019/1019/1019 1018/1018/1018 
f 1019/1019/1019 1017/1017/1017 1020/1020/1020 
f 1021/1021/1021 1019/1019/1019 1020/1020/1020 
f 1019/1019/1019 1021/1021/1021 1022/1022/1022 
f 1027/1027/1027 1028/1028/1028 1024/1024/1024 
f 1026/1026/1026 1029/1029/1029 1025/1025/1025 
f 1029/1029/1029 1026/1026/1026 1028/1028/1028 
f 1028/1028/1028 1027/1027/1027 1029/1029/1029 
f 1040/1040/1040 1037/1037/1037 1039/1039/1039 
f 1038/1038/1038 1040/1040/1040 1039/1039/1039 
f 1037/1037/1037 1040/1040/1040 1041/1041/1041 
f 1040/1040/1040 1038/1038/1038 1042/1042/1042 
f 1040/1040/1040 1043/1043/1043 1041/1041/1041 
f 1044/1044/1044 1040/1040/1040 1042/1042/1042 
f 1043/1043/1043 1040/1040/1040 1045/1045/1045 
f 1040/1040/1040 1044/1044/1044 1045/1045/1045 
f 1046/1046/1046 1043/1043/1043 1045/1045/1045 
f 1047/1047/1047 1045/1045/1045 1044/1044/1044 
f 1046/1046/1046 1045/1045/1045 1048/1048/1048 
f 1045/1045/1045 1047/1047/1047 1048/1048/1048 
f 1049/1049/1049 1050/1050/1050 1051/1051/1051 
f 1051/1051/1051 1052/1052/1052 1049/1049/1049 
f 1056/1056/1056 1060/1060/1060 1058/1058/1058 
f 1057/1057/1057 1060/1060/1060 1056/1056/1056 
f 1061/1061/1061 1058/1058/1058 1060/1060/1060 
f 1060/1060/1060 1057/1057/1057 1062/1062/1062 
f 1065/1065/1065 1066/1066/1066 1067/1067/1067 
f 1066/1066/1066 1065/1065/1065 1068/1068/1068 
f 1069/1069/1069 1070/1070/1070 1071/1071/1071 
f 1070/1070/1070 1069/1069/1069 1072/1072/1072 
f 1077/1077/1077 1076/1076/1076 1075/1075/1075 
f 1076/1076/1076 1077/1077/1077 1078/1078/1078 
f 1079/1079/1079 1083/1083/1083 1082/1082/1082 
f 1082/1082/1082 1083/1083/1083 1084/1084/1084 
f 1086/1086/1086 1087/1087/1087 1088/1088/1088 
f 1088/1088/1088 1089/1089/1089 1086/1086/1086 
f 1088/1088/1088 1090/1090/1090 1089/1089/1089 
f 1087/1087/1087 1086/1086/1086 1091/1091/1091 
f 1091/1091/1091 1092/1092/1092 1087/1087/1087 
f 1092/1092/1092 1091/1091/1091 1093/1093/1093 
f 1096/1096/1096 1094/1094/1094 1095/1095/1095 
f 1096/1096/1096 1095/1095/1095 1097/1097/1097 
f 1097/1097/1097 1098/1098/1098 1096/1096/1096 
f 1098/1098/1098 1097/1097/1097 1100/1100/1100 
f 1102/1102/1102 1103/1103/1103 1104/1104/1104 
f 1102/1102/1102 1104/1104/1104 1105/1105/1105 
f 1105/1105/1105 1106/1106/1106 1102/1102/1102 
f 1106/1106/1106 1105/1105/1105 1107/1107/1107 
f 1108/1108/1108 1109/1109/1109 1110/1110/1110 
f 1110/1110/1110 1111/1111/1111 1108/1108/1108 
f 1111/1111/1111 1110/1110/1110 1112/1112/1112 
f 1112/1112/1112 1113/1113/1113 1111/1111/1111 
f 1114/1114/1114 1115/1115/1115 1116/1116/1116 
f 1115/1115/1115 1114/1114/1114 1117/1117/1117 
f 1118/1118/1118 1119/1119/1119 1120/1120/1120 
f 1119/1119/1119 1118/1118/1118 1121/1121/1121 
f 1122/1122/1122 1123/1123/1123 1124/1124/1124 
f 1123/1123/1123 1122/1122/1122 1125/1125/1125 
f 1139/1139/1139 1140/1140/1140 1141/1141/1141 
f 1139/1139/1139 1141/1141/1141 1142/1142/1142 
f 1143/1143/1143 1144/1144/1144 1145/1145/1145 
f 1144/1144/1144 1143/1143/1143 1146/1146/1146 
f 1147/1147/1147 1148/1148/1148 1149/1149/1149 
f 1147/1147/1147 1149/1149/1149 1150/1150/1150 
f 1157/1157/1157 1156/1156/1156 1155/1155/1155 
f 1157/1157/1157 1158/1158/1158 1156/1156/1156 
f 1159/1159/1159 1158/1158/1158 1157/1157/1157 
f 1159/1159/1159 1160/1160/1160 1158/1158/1158 
f 1161/1161/1161 1162/1162/1162 1163/1163/1163 
f 1164/1164/1164 1163/1163/1163 1162/1162/1162 
f 1162/1162/1162 1161/1161/1161 1165/1165/1165 
f 1163/1163/1163 1164/1164/1164 1166/1166/1166 
f 1168/1168/1168 1169/1169/1169 1170/1170/1170 
f 1171/1171/1171 1170/1170/1170 1169/1169/1169 
f 1169/1169/1169 1168/1168/1168 1172/1172/1172 
f 1170/1170/1170 1171/1171/1171 1173/1173/1173 
f 1179/1179/1179 1180/1180/1180 1181/1181/1181 
f 1179/1179/1179 1181/1181/1181 1182/1182/1182 
f 1180/1180/1180 1179/1179/1179 1183/1183/1183 
f 1182/1182/1182 1184/1184/1184 1179/1179/1179 
f 1188/1188/1188 1187/1187/1187 1186/1186/1186 
f 1187/1187/1187 1188/1188/1188 1189/1189/1189 
f 1190/1190/1190 1189/1189/1189 1188/1188/1188 
f 1190/1190/1190 1191/1191/1191 1189/1189/1189 
f 1192/1192/1192 1193/1193/1193 1194/1194/1194 
f 1193/1193/1193 1195/1195/1195 1194/1194/1194 
f 1192/1192/1192 1194/1194/1194 1196/1196/1196 
f 1193/1193/1193 1197/1197/1197 1195/1195/1195 
f 1198/1198/1198 1199/1199/1199 1200/1200/1200 
f 1198/1198/1198 1200/1200/1200 1201/1201/1201 
f 1198/1198/1198 1202/1202/1202 1199/1199/1199 
f 1202/1202/1202 1198/1198/1198 1203/1203/1203 
f 1204/1204/1204 1205/1205/1205 1206/1206/1206 
f 1204/1204/1204 1206/1206/1206 1207/1207/1207 
f 1208/1208/1208 1209/1209/1209 1210/1210/1210 
f 1208/1208/1208 1210/1210/1210 1211/1211/1211 
f 1213/1213/1213 1214/1214/1214 1215/1215/1215 
f 1213/1213/1213 1215/1215/1215 1216/1216/1216 
f 1216/1216/1216 1215/1215/1215 1217/1217/1217 
f 1216/1216/1216 1217/1217/1217 1218/1218/1218 
f 1218/1218/1218 1217/1217/1217 1219/1219/1219 
f 1218/1218/1218 1219/1219/1219 1220/1220/1220 
f 1221/1221/1221 1222/1222/1222 1223/1223/1223 
f 1222/1222/1222 1221/1221/1221 1224/1224/1224 
f 1225/1225/1225 1222/1222/1222 1224/1224/1224 
f 1222/1222/1222 1225/1225/1225 1226/1226/1226 
f 1228/1228/1228 1229/1229/1229 1227/1227/1227 
f 1228/1228/1228 1230/1230/1230 1229/1229/1229 
f 1230/1230/1230 1231/1231/1231 1229/1229/1229 
f 1230/1230/1230 1232/1232/1232 1231/1231/1231 
f 1233/1233/1233 1234/1234/1234 1235/1235/1235 
f 1234/1234/1234 1233/1233/1233 1236/1236/1236 
f 1238/1238/1238 1237/1237/1237 1239/1239/1239 
f 1239/1239/1239 1240/1240/1240 1238/1238/1238 
f 1244/1244/1244 1245/1245/1245 1246/1246/1246 
f 1247/1247/1247 1246/1246/1246 1245/1245/1245 
f 1246/1246/1246 1247/1247/1247 1248/1248/1248 
f 1249/1249/1249 1248/1248/1248 1247/1247/1247 
f 1277/1277/1277 1278/1278/1278 1279/1279/1279 
f 1280/1280/1280 1279/1279/1279 1278/1278/1278 
f 1278/1278/1278 1277/1277/1277 1281/1281/1281 
f 1278/1278/1278 1281/1281/1281 1282/1282/1282 
f 1278/1278/1278 1283/1283/1283 1280/1280/1280 
f 1278/1278/1278 1282/1282/1282 1284/1284/1284 
f 1283/1283/1283 1278/1278/1278 1284/1284/1284 
f 1283/1283/1283 1284/1284/1284 1285/1285/1285 
f 1284/1284/1284 1286/1286/1286 1285/1285/1285 
f 1285/1285/1285 1286/1286/1286 1287/1287/1287 
f 1294/1294/1294 1295/1295/1295 1296/1296/1296 
f 1296/1296/1296 1295/1295/1295 1297/1297/1297 
f 1295/1295/1295 1294/1294/1294 1298/1298/1298 
f 1298/1298/1298 1294/1294/1294 1299/1299/1299 
f 1300/1300/1300 1298/1298/1298 1299/1299/1299 
f 1298/1298/1298 1300/1300/1300 1301/1301/1301 
f 1299/1299/1299 1294/1294/1294 1302/1302/1302 
f 1303/1303/1303 1299/1299/1299 1302/1302/1302 
f 1303/1303/1303 1302/1302/1302 1304/1304/1304 
f 1304/1304/1304 1302/1302/1302 1305/1305/1305 
f 1308/1308/1308 1309/1309/1309 1310/1310/1310 
f 1309/1309/1309 1308/1308/1308 1311/1311/1311 
f 1311/1311/1311 1308/1308/1308 1312/1312/1312 
f 1313/1313/1313 1309/1309/1309 1311/1311/1311 
f 1309/1309/1309 1313/1313/1313 1314/1314/1314 
f 1313/1313/1313 1311/1311/1311 1315/1315/1315 
f 1316/1316/1316 1317/1317/1317 1318/1318/1318 
f 1319/1319/1319 1318/1318/1318 1317/1317/1317 
f 1318/1318/1318 1320/1320/1320 1316/1316/1316 
f 1316/1316/1316 1321/1321/1321 1317/1317/1317 
f 1319/1319/1319 1317/1317/1317 1322/1322/1322 
f 1322/1322/1322 1317/1317/1317 1321/1321/1321 
f 1322/1322/1322 1321/1321/1321 1323/1323/1323 
f 1321/1321/1321 1316/1316/1316 1324/1324/1324 
f 1325/1325/1325 1322/1322/1322 1323/1323/1323 
f 1326/1326/1326 1319/1319/1319 1322/1322/1322 
f 1322/1322/1322 1325/1325/1325 1326/1326/1326 
f 1319/1319/1319 1326/1326/1326 1327/1327/1327 
f 1328/1328/1328 1324/1324/1324 1316/1316/1316 
f 1320/1320/1320 1328/1328/1328 1316/1316/1316 
f 1324/1324/1324 1328/1328/1328 1329/1329/1329 
f 1328/1328/1328 1320/1320/1320 1330/1330/1330 
f 1328/1328/1328 1331/1331/1331 1329/1329/1329 
f 1332/1332/1332 1328/1328/1328 1330/1330/1330 
f 1328/1328/1328 1333/1333/1333 1331/1331/1331 
f 1328/1328/1328 1332/1332/1332 1333/1333/1333 
f 1333/1333/1333 1334/1334/1334 1331/1331/1331 
f 1332/1332/1332 1335/1335/1335 1333/1333/1333 
f 1333/1333/1333 1335/1335/1335 1334/1334/1334 
f 1332/1332/1332 1336/1336/1336 1335/1335/1335 
f 1335/1335/1335 1337/1337/1337 1334/1334/1334 
f 1338/1338/1338 1335/1335/1335 1336/1336/1336 
f 1337/1337/1337 1335/1335/1335 1339/1339/1339 
f 1335/1335/1335 1338/1338/1338 1339/1339/1339 
f 1325/1325/1325 1337/1337/1337 1339/1339/1339 
f 1327/1327/1327 1339/1339/1339 1338/1338/1338 
f 1339/1339/1339 1326/1326/1326 1325/1325/1325 
f 1339/1339/1339 1327/1327/1327 1326/1326/1326 
f 1341/1341/1341 1342/1342/1342 1343/1343/1343 
f 1344/1344/1344 1343/1343/1343 1342/1342/1342 
f 1343/1343/1343 1344/1344/1344 1345/1345/1345 
f 1346/1346/1346 1345/1345/1345 1344/1344/1344 
f 1347/1347/1347 1348/1348/1348 1349/1349/1349 
f 1348/1348/1348 1350/1350/1350 1351/1351/1351 
f 1352/1352/1352 1350/1350/1350 1348/1348/1348 
f 1348/1348/1348 1353/1353/1353 1352/1352/1352 
f 1348/1348/1348 1347/1347/1347 1353/1353/1353 
f 1353/1353/1353 1354/1354/1354 1352/1352/1352 
f 1354/1354/1354 1353/1353/1353 1355/1355/1355 
f 1353/1353/1353 1347/1347/1347 1356/1356/1356 
f 1347/1347/1347 1349/1349/1349 1357/1357/1357 
f 1357/1357/1357 1349/1349/1349 1358/1358/1358 
f 1359/1359/1359 1358/1358/1358 1349/1349/1349 
f 1358/1358/1358 1359/1359/1359 1360/1360/1360 
f 1361/1361/1361 1356/1356/1356 1347/1347/1347 
f 1356/1356/1356 1361/1361/1361 1362/1362/1362 
f 1347/1347/1347 1363/1363/1363 1361/1361/1361 
f 1364/1364/1364 1361/1361/1361 1363/1363/1363 
f 1364/1364/1364 1363/1363/1363 1365/1365/1365 
f 1364/1364/1364 1365/1365/1365 1366/1366/1366 
f 1367/1367/1367 1368/1368/1368 1369/1369/1369 
f 1367/1367/1367 1369/1369/1369 1370/1370/1370 
f 1371/1371/1371 1368/1368/1368 1367/1367/1367 
f 1368/1368/1368 1371/1371/1371 1372/1372/1372 
f 1373/1373/1373 1374/1374/1374 1375/1375/1375 
f 1373/1373/1373 1375/1375/1375 1376/1376/1376 
f 1377/1377/1377 1378/1378/1378 1379/1379/1379 
f 1380/1380/1380 1379/1379/1379 1378/1378/1378 
f 1379/1379/1379 1381/1381/1381 1377/1377/1377 
f 1378/1378/1378 1382/1382/1382 1380/1380/1380 
f 1382/1382/1382 1383/1383/1383 1380/1380/1380 
f 1383/1383/1383 1382/1382/1382 1384/1384/1384 
f 1384/1384/1384 1382/1382/1382 1385/1385/1385 
f 1381/1381/1381 1386/1386/1386 1377/1377/1377 
f 1381/1381/1381 1387/1387/1387 1386/1386/1386 
f 1388/1388/1388 1386/1386/1386 1387/1387/1387 
f 1386/1386/1386 1388/1388/1388 1389/1389/1389 
f 1387/1387/1387 1390/1390/1390 1388/1388/1388 
f 1391/1391/1391 1386/1386/1386 1389/1389/1389 
f 1390/1390/1390 1387/1387/1387 1392/1392/1392 
f 1389/1389/1389 1393/1393/1393 1391/1391/1391 
f 1392/1392/1392 1394/1394/1394 1390/1390/1390 
f 1395/1395/1395 1391/1391/1391 1393/1393/1393 
f 1394/1394/1394 1392/1392/1392 1396/1396/1396 
f 1391/1391/1391 1395/1395/1395 1397/1397/1397 
f 1396/1396/1396 1398/1398/1398 1394/1394/1394 
f 1399/1399/1399 1397/1397/1397 1395/1395/1395 
f 1398/1398/1398 1396/1396/1396 1400/1400/1400 
f 1397/1397/1397 1399/1399/1399 1401/1401/1401 
f 1399/1399/1399 1398/1398/1398 1401/1401/1401 
f 1401/1401/1401 1398/1398/1398 1400/1400/1400 
f 1402/1402/1402 1403/1403/1403 1404/1404/1404 
f 1403/1403/1403 1402/1402/1402 1405/1405/1405 
f 1404/1404/1404 1406/1406/1406 1402/1402/1402 
f 1402/1402/1402 1406/1406/1406 1407/1407/1407 
f 1404/1404/1404 1408/1408/1408 1406/1406/1406 
f 1408/1408/1408 1404/1404/1404 1409/1409/1409 
f 1410/1410/1410 1408/1408/1408 1409/1409/1409 
f 1411/1411/1411 1408/1408/1408 1410/1410/1410 
f 1408/1408/1408 1411/1411/1411 1412/1412/1412 
f 1413/1413/1413 1414/1414/1414 1415/1415/1415 
f 1413/1413/1413 1415/1415/1415 1416/1416/1416 
f 1416/1416/1416 1415/1415/1415 1417/1417/1417 
f 1416/1416/1416 1417/1417/1417 1418/1418/1418 
f 1424/1424/1424 1425/1425/1425 1426/1426/1426 
f 1425/1425/1425 1424/1424/1424 1427/1427/1427 
f 1427/1427/1427 1424/1424/1424 1428/1428/1428 
f 1425/1425/1425 1427/1427/1427 1429/1429/1429 
f 1429/1429/1429 1427/1427/1427 1430/1430/1430 
f 1425/1425/1425 1429/1429/1429 1431/1431/1431 
f 1432/1432/1432 1433/1433/1433 1434/1434/1434 
f 1435/1435/1435 1434/1434/1434 1433/1433/1433 
f 1434/1434/1434 1436/1436/1436 1432/1432/1432 
f 1436/1436/1436 1437/1437/1437 1432/1432/1432 
f 1437/1437/1437 1438/1438/1438 1432/1432/1432 
f 1438/1438/1438 1437/1437/1437 1439/1439/1439 
f 1439/1439/1439 1440/1440/1440 1438/1438/1438 
f 1438/1438/1438 1440/1440/1440 1441/1441/1441 
f 1442/1442/1442 1443/1443/1443 1444/1444/1444 
f 1442/1442/1442 1444/1444/1444 1446/1446/1446 
f 1446/1446/1446 1444/1444/1444 1447/1447/1447 
f 1446/1446/1446 1447/1447/1447 1448/1448/1448 
f 1451/1451/1451 1452/1452/1452 1453/1453/1453 
f 1452/1452/1452 1451/1451/1451 1454/1454/1454 
f 1451/1451/1451 1455/1455/1455 1454/1454/1454 
f 1455/1455/1455 1451/1451/1451 1456/1456/1456 
f 1458/1458/1458 1459/1459/1459 1460/1460/1460 
f 1459/1459/1459 1458/1458/1458 1461/1461/1461 
f 1462/1462/1462 1463/1463/1463 1464/1464/1464 
f 1462/1462/1462 1464/1464/1464 1465/1465/1465 
f 1466/1466/1466 1467/1467/1467 1468/1468/1468 
f 1466/1466/1466 1468/1468/1468 1469/1469/1469 
f 1466/1466/1466 1469/1469/1469 1470/1470/1470 
f 1470/1470/1470 1469/1469/1469 1471/1471/1471 
f 1470/1470/1470 1471/1471/1471 1472/1472/1472 
f 1472/1472/1472 1471/1471/1471 1473/1473/1473 
f 1474/1474/1474 1475/1475/1475 1476/1476/1476 
f 1475/1475/1475 1474/1474/1474 1477/1477/1477 
f 1479/1479/1479 1480/1480/1480 1478/1478/1478 
f 1480/1480/1480 1481/1481/1481 1478/1478/1478 
f 1482/1482/1482 1478/1478/1478 1481/1481/1481 
f 1478/1478/1478 1482/1482/1482 1483/1483/1483 
f 1487/1487/1487 1484/1484/1484 1486/1486/1486 
f 1485/1485/1485 1487/1487/1487 1486/1486/1486 
f 1484/1484/1484 1487/1487/1487 1488/1488/1488 
f 1487/1487/1487 1485/1485/1485 1489/1489/1489 
f 1487/1487/1487 1490/1490/1490 1488/1488/1488 
f 1491/1491/1491 1487/1487/1487 1489/1489/1489 
f 1490/1490/1490 1487/1487/1487 1492/1492/1492 
f 1487/1487/1487 1491/1491/1491 1492/1492/1492 
f 1492/1492/1492 1493/1493/1493 1490/1490/1490 
f 1494/1494/1494 1492/1492/1492 1491/1491/1491 
f 1493/1493/1493 1492/1492/1492 1495/1495/1495 
f 1495/1495/1495 1492/1492/1492 1494/1494/1494 
f 1500/1500/1500 1501/1501/1501 1502/1502/1502 
f 1501/1501/1501 1500/1500/1500 1503/1503/1503 
f 1502/1502/1502 1504/1504/1504 1500/1500/1500 
f 1505/1505/1505 1502/1502/1502 1501/1501/1501 
f 1501/1501/1501 1506/1506/1506 1505/1505/1505 
f 1507/1507/1507 1502/1502/1502 1505/1505/1505 
f 1502/1502/1502 1507/1507/1507 1508/1508/1508 
f 1504/1504/1504 1502/1502/1502 1508/1508/1508 
f 1507/1507/1507 1509/1509/1509 1508/1508/1508 
f 1509/1509/1509 1504/1504/1504 1508/1508/1508 
f 1509/1509/1509 1507/1507/1507 1510/1510/1510 
f 1504/1504/1504 1509/1509/1509 1511/1511/1511 
f 1512/1512/1512 1513/1513/1513 1514/1514/1514 
f 1513/1513/1513 1512/1512/1512 1515/1515/1515 
f 1516/1516/1516 1517/1517/1517 1518/1518/1518 
f 1518/1518/1518 1517/1517/1517 1519/1519/1519 
f 1520/1520/1520 1521/1521/1521 1522/1522/1522 
f 1523/1523/1523 1521/1521/1521 1520/1520/1520 
f 1521/1521/1521 1523/1523/1523 1524/1524/1524 
f 1522/1522/1522 1521/1521/1521 1525/1525/1525 
f 1522/1522/1522 1525/1525/1525 1526/1526/1526 
f 1527/1527/1527 1526/1526/1526 1525/1525/1525 
f 1522/1522/1522 1526/1526/1526 1528/1528/1528 
f 1526/1526/1526 1527/1527/1527 1529/1529/1529 
f 1528/1528/1528 1530/1530/1530 1522/1522/1522 
f 1527/1527/1527 1530/1530/1530 1529/1529/1529 
f 1530/1530/1530 1528/1528/1528 1531/1531/1531 
f 1529/1529/1529 1530/1530/1530 1531/1531/1531 
f 1537/1537/1537 1533/1533/1533 1535/1535/1535 
f 1536/1536/1536 1538/1538/1538 1534/1534/1534 
f 1537/1537/1537 1535/1535/1535 1538/1538/1538 
f 1536/1536/1536 1537/1537/1537 1538/1538/1538 
f 1539/1539/1539 1541/1541/1541 1540/1540/1540 
f 1541/1541/1541 1539/1539/1539 1542/1542/1542 
f 1542/1542/1542 1543/1543/1543 1541/1541/1541 
f 1542/1542/1542 1544/1544/1544 1543/1543/1543 
f 1558/1558/1558 1559/1559/1559 1560/1560/1560 
f 1559/1559/1559 1558/1558/1558 1561/1561/1561 
f 1562/1562/1562 1561/1561/1561 1558/1558/1558 
f 1561/1561/1561 1562/1562/1562 1563/1563/1563 
f 1564/1564/1564 1565/1565/1565 1566/1566/1566 
f 1564/1564/1564 1566/1566/1566 1567/1567/1567 
f 1574/1574/1574 1573/1573/1573 1572/1572/1572 
f 1573/1573/1573 1574/1574/1574 1575/1575/1575 
f 1576/1576/1576 1575/1575/1575 1574/1574/1574 
f 1575/1575/1575 1576/1576/1576 1577/1577/1577 
f 1580/1580/1580 1579/1579/1579 1578/1578/1578 
f 1579/1579/1579 1580/1580/1580 1581/1581/1581 
f 1582/1582/1582 1581/1581/1581 1580/1580/1580 
f 1581/1581/1581 1582/1582/1582 1583/1583/1583 
f 1584/1584/1584 1585/1585/1585 1586/1586/1586 
f 1586/1586/1586 1587/1587/1587 1584/1584/1584 
f 1587/1587/1587 1586/1586/1586 1588/1588/1588 
f 1588/1588/1588 1589/1589/1589 1587/1587/1587 
f 1591/1591/1591 1592/1592/1592 1590/1590/1590 
f 1591/1591/1591 1593/1593/1593 1592/1592/1592 
f 1593/1593/1593 1594/1594/1594 1592/1592/1592 
f 1593/1593/1593 1595/1595/1595 1594/1594/1594 
f 1596/1596/1596 1597/1597/1597 1598/1598/1598 
f 1597/1597/1597 1599/1599/1599 1598/1598/1598 
f 1596/1596/1596 1598/1598/1598 1600/1600/1600 
f 1597/1597/1597 1601/1601/1601 1599/1599/1599 
f 1602/1602/1602 1603/1603/1603 1604/1604/1604 
f 1604/1604/1604 1605/1605/1605 1602/1602/1602 
f 1604/1604/1604 1606/1606/1606 1605/1605/1605 
f 1606/1606/1606 1604/1604/1604 1607/1607/1607 
f 1608/1608/1608 1609/1609/1609 1610/1610/1610 
f 1609/1609/1609 1608/1608/1608 1611/1611/1611 
f 1612/1612/1612 1610/1610/1610 1609/1609/1609 
f 1610/1610/1610 1612/1612/1612 1613/1613/1613 
f 1613/1613/1613 1614/1614/1614 1610/1610/1610 
f 1614/1614/1614 1613/1613/1613 1615/1615/1615 
f 1616/1616/1616 1617/1617/1617 1618/1618/1618 
f 1616/1616/1616 1618/1618/1618 1619/1619/1619 
f 1619/1619/1619 1618/1618/1618 1620/1620/1620 
f 1619/1619/1619 1620/1620/1620 1621/1621/1621 
f 1621/1621/1621 1620/1620/1620 1622/1622/1622 
f 1621/1621/1621 1622/1622/1622 1623/1623/1623 
f 1624/1624/1624 1625/1625/1625 1626/1626/1626 
f 1627/1627/1627 1626/1626/1626 1625/1625/1625 
f 1628/1628/1628 1629/1629/1629 1630/1630/1630 
f 1631/1631/1631 1630/1630/1630 1629/1629/1629 
f 1632/1632/1632 1633/1633/1633 1634/1634/1634 
f 1635/1635/1635 1634/1634/1634 1633/1633/1633 
f 1636/1636/1636 1637/1637/1637 1638/1638/1638 
f 1639/1639/1639 1638/1638/1638 1637/1637/1637 
f 1642/1642/1642 1643/1643/1643 1644/1644/1644 
f 1645/1645/1645 1644/1644/1644 1643/1643/1643 
f 1644/1644/1644 1645/1645/1645 1646/1646/1646 
f 1647/1647/1647 1646/1646/1646 1645/1645/1645 
f 1651/1651/1651 1652/1652/1652 1653/1653/1653 
f 1652/1652/1652 1651/1651/1651 1654/1654/1654 
f 1656/1656/1656 1658/1658/1658 1657/1657/1657 
f 1658/1658/1658 1656/1656/1656 1659/1659/1659 
f 1662/1662/1662 1663/1663/1663 1658/1658/1658 
f 1657/1657/1657 1658/1658/1658 1663/1663/1663 
f 1665/1665/1665 1666/1666/1666 1655/1655/1655 
f 1667/1667/1667 1665/1665/1665 1664/1664/1664 
f 1666/1666/1666 1665/1665/1665 1668/1668/1668 
f 1665/1665/1665 1667/1667/1667 1668/1668/1668 
f 1677/1677/1677 1680/1680/1680 1676/1676/1676 
f 1676/1676/1676 1680/1680/1680 1678/1678/1678 
f 1680/1680/1680 1677/1677/1677 1681/1681/1681 
f 1682/1682/1682 1678/1678/1678 1680/1680/1680 
f 1685/1685/1685 1686/1686/1686 1687/1687/1687 
f 1687/1687/1687 1688/1688/1688 1685/1685/1685 
f 1689/1689/1689 1690/1690/1690 1691/1691/1691 
f 1691/1691/1691 1692/1692/1692 1689/1689/1689 
f 1693/1693/1693 1694/1694/1694 1695/1695/1695 
f 1695/1695/1695 1694/1694/1694 1696/1696/1696 
f 1697/1697/1697 1698/1698/1698 1699/1699/1699 
f 1698/1698/1698 1697/1697/1697 1700/1700/1700 
f 1697/1697/1697 1699/1699/1699 1701/1701/1701 
f 1697/1697/1697 1701/1701/1701 1702/1702/1702 
f 1703/1703/1703 1704/1704/1704 1705/1705/1705 
f 1703/1703/1703 1705/1705/1705 1706/1706/1706 
f 1709/1709/1709 1710/1710/1710 1708/1708/1708 
f 1709/1709/1709 1711/1711/1711 1710/1710/1710 
f 1711/1711/1711 1712/1712/1712 1710/1710/1710 
f 1711/1711/1711 1713/1713/1713 1712/1712/1712 
f 1715/1715/1715 1716/1716/1716 1714/1714/1714 
f 1715/1715/1715 1717/1717/1717 1716/1716/1716 
f 1717/1717/1717 1719/1719/1719 1716/1716/1716 
f 1717/1717/1717 1718/1718/1718 1719/1719/1719 
f 1720/1720/1720 1721/1721/1721 1722/1722/1722 
f 1722/1722/1722 1723/1723/1723 1720/1720/1720 
f 1724/1724/1724 1725/1725/1725 1726/1726/1726 
f 1725/1725/1725 1724/1724/1724 1727/1727/1727 
f 1742/1742/1742 1743/1743/1743 1744/1744/1744 
f 1743/1743/1743 1745/1745/1745 1744/1744/1744 
f 1748/1748/1748 1749/1749/1749 1750/1750/1750 
f 1749/1749/1749 1751/1751/1751 1750/1750/1750 
f 1754/1754/1754 1753/1753/1753 1752/1752/1752 
f 1754/1754/1754 1755/1755/1755 1753/1753/1753 
f 1756/1756/1756 1755/1755/1755 1754/1754/1754 
f 1756/1756/1756 1757/1757/1757 1755/1755/1755 
f 1763/1763/1763 1761/1761/1761 1759/1759/1759 
f 1764/1764/1764 1762/1762/1762 1760/1760/1760 
f 1761/1761/1761 1763/1763/1763 1764/1764/1764 
f 1762/1762/1762 1764/1764/1764 1763/1763/1763 
f 1773/1773/1773 1771/1771/1771 1769/1769/1769 
f 1774/1774/1774 1772/1772/1772 1770/1770/1770 
f 1771/1771/1771 1773/1773/1773 1774/1774/1774 
f 1772/1772/1772 1774/1774/1774 1773/1773/1773 
f 1775/1775/1775 1776/1776/1776 1777/1777/1777 
f 1775/1775/1775 1777/1777/1777 1778/1778/1778 
f 1781/1781/1781 1779/1779/1779 1783/1783/1783 
f 1782/1782/1782 1780/1780/1780 1784/1784/1784 
f 1783/1783/1783 1784/1784/1784 1781/1781/1781 
f 1784/1784/1784 1783/1783/1783 1782/1782/1782 
f 1788/1788/1788 1786/1786/1786 1785/1785/1785 
f 1788/1788/1788 1789/1789/1789 1786/1786/1786 
f 1790/1790/1790 1789/1789/1789 1788/1788/1788 
f 1790/1790/1790 1791/1791/1791 1789/1789/1789 
f 1797/1797/1797 1793/1793/1793 1795/1795/1795 
f 1796/1796/1796 1798/1798/1798 1794/1794/1794 
f 1797/1797/1797 1795/1795/1795 1798/1798/1798 
f 1796/1796/1796 1797/1797/1797 1798/1798/1798 
f 1799/1799/1799 1800/1800/1800 1801/1801/1801 
f 1799/1799/1799 1801/1801/1801 1802/1802/1802 
f 1800/1800/1800 1803/1803/1803 1801/1801/1801 
f 1800/1800/1800 1804/1804/1804 1803/1803/1803 
f 1801/1801/1801 1803/1803/1803 1805/1805/1805 
f 1802/1802/1802 1801/1801/1801 1806/1806/1806 
f 1801/1801/1801 1805/1805/1805 1806/1806/1806 
f 1806/1806/1806 1805/1805/1805 1807/1807/1807 
f 1802/1802/1802 1806/1806/1806 1808/1808/1808 
f 1806/1806/1806 1807/1807/1807 1809/1809/1809 
f 1808/1808/1808 1806/1806/1806 1809/1809/1809 
f 1808/1808/1808 1809/1809/1809 1810/1810/1810 
f 1811/1811/1811 1812/1812/1812 1813/1813/1813 
f 1813/1813/1813 1814/1814/1814 1811/1811/1811 
f 1815/1815/1815 1816/1816/1816 1817/1817/1817 
f 1817/1817/1817 1816/1816/1816 1818/1818/1818 
f 1815/1815/1815 1819/1819/1819 1816/1816/1816 
f 1820/1820/1820 1819/1819/1819 1815/1815/1815 
f 1826/1826/1826 1824/1824/1824 1825/1825/1825 
f 1826/1826/1826 1825/1825/1825 1827/1827/1827 
f 1828/1828/1828 1826/1826/1826 1827/1827/1827 
f 1828/1828/1828 1827/1827/1827 1829/1829/1829 
f 1830/1830/1830 1831/1831/1831 1832/1832/1832 
f 1831/1831/1831 1830/1830/1830 1833/1833/1833 
f 1834/1834/1834 1836/1836/1836 1835/1835/1835 
f 1836/1836/1836 1834/1834/1834 1837/1837/1837 
f 1842/1842/1842 1841/1841/1841 1843/1843/1843 
f 1844/1844/1844 1843/1843/1843 1841/1841/1841 
f 1843/1843/1843 1844/1844/1844 1846/1846/1846 
f 1847/1847/1847 1846/1846/1846 1844/1844/1844 
f 1874/1874/1874 1873/1873/1873 1872/1872/1872 
f 1874/1874/1874 1875/1875/1875 1873/1873/1873 
f 1874/1874/1874 1876/1876/1876 1875/1875/1875 
f 1876/1876/1876 1874/1874/1874 1877/1877/1877 
f 1877/1877/1877 1878/1878/1878 1876/1876/1876 
f 1878/1878/1878 1877/1877/1877 1879/1879/1879 
f 1877/1877/1877 1880/1880/1880 1879/1879/1879 
f 1880/1880/1880 1877/1877/1877 1881/1881/1881 
f 1877/1877/1877 1882/1882/1882 1881/1881/1881 
f 1882/1882/1882 1877/1877/1877 1874/1874/1874 
f 1889/1889/1889 1890/1890/1890 1891/1891/1891 
f 1889/1889/1889 1892/1892/1892 1890/1890/1890 
f 1892/1892/1892 1889/1889/1889 1893/1893/1893 
f 1889/1889/1889 1894/1894/1894 1893/1893/1893 
f 1893/1893/1893 1894/1894/1894 1895/1895/1895 
f 1895/1895/1895 1896/1896/1896 1893/1893/1893 
f 1896/1896/1896 1895/1895/1895 1897/1897/1897 
f 1894/1894/1894 1898/1898/1898 1895/1895/1895 
f 1899/1899/1899 1898/1898/1898 1894/1894/1894 
f 1898/1898/1898 1899/1899/1899 1900/1900/1900 
f 1901/1901/1901 1902/1902/1902 1903/1903/1903 
f 1903/1903/1903 1902/1902/1902 1904/1904/1904 
f 1901/1901/1901 1903/1903/1903 1905/1905/1905 
f 1901/1901/1901 1906/1906/1906 1902/1902/1902 
f 1902/1902/1902 1906/1906/1906 1907/1907/1907 
f 1906/1906/1906 1901/1901/1901 1908/1908/1908 
f 1909/1909/1909 1910/1910/1910 1911/1911/1911 
f 1912/1912/1912 1911/1911/1911 1910/1910/1910 
f 1910/1910/1910 1909/1909/1909 1913/1913/1913 
f 1909/1909/1909 1914/1914/1914 1913/1913/1913 
f 1909/1909/1909 1911/1911/1911 1915/1915/1915 
f 1915/1915/1915 1916/1916/1916 1909/1909/1909 
f 1917/1917/1917 1915/1915/1915 1911/1911/1911 
f 1911/1911/1911 1912/1912/1912 1917/1917/1917 
f 1915/1915/1915 1917/1917/1917 1918/1918/1918 
f 1917/1917/1917 1919/1919/1919 1918/1918/1918 
f 1916/1916/1916 1920/1920/1920 1909/1909/1909 
f 1914/1914/1914 1909/1909/1909 1920/1920/1920 
f 1920/1920/1920 1916/1916/1916 1921/1921/1921 
f 1922/1922/1922 1920/1920/1920 1921/1921/1921 
f 1923/1923/1923 1914/1914/1914 1920/1920/1920 
f 1920/1920/1920 1922/1922/1922 1923/1923/1923 
f 1914/1914/1914 1923/1923/1923 1924/1924/1924 
f 1925/1925/1925 1923/1923/1923 1922/1922/1922 
f 1926/1926/1926 1924/1924/1924 1923/1923/1923 
f 1923/1923/1923 1925/1925/1925 1926/1926/1926 
f 1924/1924/1924 1926/1926/1926 1927/1927/1927 
f 1928/1928/1928 1926/1926/1926 1925/1925/1925 
f 1929/1929/1929 1927/1927/1927 1926/1926/1926 
f 1926/1926/1926 1928/1928/1928 1929/1929/1929 
f 1927/1927/1927 1929/1929/1929 1930/1930/1930 
f 1919/1919/1919 1929/1929/1929 1928/1928/1928 
f 1931/1931/1931 1930/1930/1930 1929/1929/1929 
f 1929/1929/1929 1919/1919/1919 1932/1932/1932 
f 1929/1929/1929 1932/1932/1932 1931/1931/1931 
f 1917/1917/1917 1932/1932/1932 1919/1919/1919 
f 1912/1912/1912 1931/1931/1931 1932/1932/1932 
f 1912/1912/1912 1932/1932/1932 1917/1917/1917 
f 1933/1933/1933 1934/1934/1934 1935/1935/1935 
f 1934/1934/1934 1933/1933/1933 1936/1936/1936 
f 1936/1936/1936 1937/1937/1937 1934/1934/1934 
f 1937/1937/1937 1936/1936/1936 1938/1938/1938 
f 1939/1939/1939 1940/1940/1940 1941/1941/1941 
f 1942/1942/1942 1939/1939/1939 1941/1941/1941 
f 1941/1941/1941 1943/1943/1943 1942/1942/1942 
f 1939/1939/1939 1944/1944/1944 1940/1940/1940 
f 1944/1944/1944 1939/1939/1939 1945/1945/1945 
f 1946/1946/1946 1945/1945/1945 1947/1947/1947 
f 1945/1945/1945 1946/1946/1946 1948/1948/1948 
f 1949/1949/1949 1945/1945/1945 1948/1948/1948 
f 1944/1944/1944 1945/1945/1945 1949/1949/1949 
f 1950/1950/1950 1949/1949/1949 1948/1948/1948 
f 1949/1949/1949 1950/1950/1950 1951/1951/1951 
f 1944/1944/1944 1949/1949/1949 1952/1952/1952 
f 1953/1953/1953 1944/1944/1944 1952/1952/1952 
f 1954/1954/1954 1953/1953/1953 1952/1952/1952 
f 1944/1944/1944 1953/1953/1953 1955/1955/1955 
f 1956/1956/1956 1955/1955/1955 1953/1953/1953 
f 1955/1955/1955 1956/1956/1956 1957/1957/1957 
f 1957/1957/1957 1956/1956/1956 1958/1958/1958 
f 1959/1959/1959 1960/1960/1960 1961/1961/1961 
f 1962/1962/1962 1960/1960/1960 1959/1959/1959 
f 1962/1962/1962 1963/1963/1963 1960/1960/1960 
f 1963/1963/1963 1962/1962/1962 1964/1964/1964 
f 1965/1965/1965 1966/1966/1966 1967/1967/1967 
f 1968/1968/1968 1967/1967/1967 1966/1966/1966 
f 1969/1969/1969 1970/1970/1970 1971/1971/1971 
f 1972/1972/1972 1971/1971/1971 1970/1970/1970 
f 1970/1970/1970 1969/1969/1969 1973/1973/1973 
f 1970/1970/1970 1974/1974/1974 1972/1972/1972 
f 1975/1975/1975 1973/1973/1973 1969/1969/1969 
f 1974/1974/1974 1976/1976/1976 1972/1972/1972 
f 1973/1973/1973 1975/1975/1975 1977/1977/1977 
f 1976/1976/1976 1974/1974/1974 1978/1978/1978 
f 1979/1979/1979 1977/1977/1977 1975/1975/1975 
f 1978/1978/1978 1980/1980/1980 1976/1976/1976 
f 1980/1980/1980 1978/1978/1978 1981/1981/1981 
f 1982/1982/1982 1980/1980/1980 1981/1981/1981 
f 1977/1977/1977 1979/1979/1979 1983/1983/1983 
f 1984/1984/1984 1980/1980/1980 1982/1982/1982 
f 1984/1984/1984 1982/1982/1982 1983/1983/1983 
f 1979/1979/1979 1984/1984/1984 1983/1983/1983 
f 1985/1985/1985 1984/1984/1984 1979/1979/1979 
f 1984/1984/1984 1985/1985/1985 1986/1986/1986 
f 1987/1987/1987 1986/1986/1986 1985/1985/1985 
f 1986/1986/1986 1987/1987/1987 1988/1988/1988 
f 1989/1989/1989 1988/1988/1988 1987/1987/1987 
f 1990/1990/1990 1988/1988/1988 1989/1989/1989 
f 1991/1991/1991 1990/1990/1990 1989/1989/1989 
f 1992/1992/1992 1990/1990/1990 1991/1991/1991 
f 1990/1990/1990 1992/1992/1992 1993/1993/1993 
f 1994/1994/1994 1995/1995/1995 1996/1996/1996 
f 1995/1995/1995 1994/1994/1994 1997/1997/1997 
f 1997/1997/1997 1998/1998/1998 1995/1995/1995 
f 1997/1997/1997 1994/1994/1994 1999/1999/1999 
f 2000/2000/2000 1997/1997/1997 1999/1999/1999 
f 1994/1994/1994 1996/1996/1996 2001/2001/2001 
f 1996/1996/1996 2002/2002/2002 2001/2001/2001 
f 1996/1996/1996 2003/2003/2003 2002/2002/2002 
f 2003/2003/2003 1996/1996/1996 2004/2004/2004 
f 2007/2007/2007 2006/2006/2006 2005/2005/2005 
f 2007/2007/2007 2009/2009/2009 2006/2006/2006 
f 2011/2011/2011 2009/2009/2009 2007/2007/2007 
f 2011/2011/2011 2010/2010/2010 2009/2009/2009 
f 2016/2016/2016 2017/2017/2017 2018/2018/2018 
f 2019/2019/2019 2018/2018/2018 2017/2017/2017 
f 2018/2018/2018 2019/2019/2019 2020/2020/2020 
f 2021/2021/2021 2020/2020/2020 2019/2019/2019 
f 2020/2020/2020 2021/2021/2021 2022/2022/2022 
f 2022/2022/2022 2021/2021/2021 2023/2023/2023 
f 2025/2025/2025 2026/2026/2026 2027/2027/2027 
f 2026/2026/2026 2025/2025/2025 2028/2028/2028 
f 2026/2026/2026 2029/2029/2029 2027/2027/2027 
f 2029/2029/2029 2026/2026/2026 2030/2030/2030 
f 2025/2025/2025 2027/2027/2027 2031/2031/2031 
f 2031/2031/2031 2032/2032/2032 2025/2025/2025 
f 2031/2031/2031 2033/2033/2033 2032/2032/2032 
f 2033/2033/2033 2031/2031/2031 2034/2034/2034 
f 2039/2039/2039 2037/2037/2037 2036/2036/2036 
f 2039/2039/2039 2041/2041/2041 2037/2037/2037 
f 2043/2043/2043 2041/2041/2041 2039/2039/2039 
f 2043/2043/2043 2042/2042/2042 2041/2041/2041 
f 2044/2044/2044 2045/2045/2045 2046/2046/2046 
f 2045/2045/2045 2044/2044/2044 2047/2047/2047 
f 2048/2048/2048 2045/2045/2045 2047/2047/2047 
f 2045/2045/2045 2048/2048/2048 2049/2049/2049 
f 2052/2052/2052 2053/2053/2053 2054/2054/2054 
f 2052/2052/2052 2054/2054/2054 2055/2055/2055 

g Meshpart4

v -409.947 6.92972 -1.49732 
v -410.058 6.80219 -1.49732 
v -410.021 6.92972 -1.49732 
v -409.91 6.80219 -1.49732 
v -410.021 6.92972 -1.4585 
v -409.947 6.92972 -1.4585 
v -410.021 6.92972 -1.49732 
v -409.947 6.92972 -1.49732 
v -409.947 6.92972 -1.4585 
v -409.91 6.80219 -1.4585 
v -409.91 6.80219 -1.49732 
v -409.947 6.92972 -1.49732 
v -410.021 6.92972 -1.4585 
v -410.058 6.80219 -1.4585 
v -409.91 6.80219 -1.4585 
v -409.947 6.92972 -1.4585 
v -410.058 6.80219 -1.49732 
v -409.91 6.80219 -1.49732 
v -410.058 6.80219 -1.4585 
v -409.91 6.80219 -1.4585 
v -410.021 6.92972 -1.49732 
v -410.058 6.80219 -1.4585 
v -410.021 6.92972 -1.4585 
v -410.058 6.80219 -1.49732 

vn 0 0 -1 
vn 0 0 -1 
vn 0 0 -1 
vn 0 0 -1 
vn 0 1 0 
vn 0 1 0 
vn 0 1 0 
vn 0 1 0 
vn 0.96063 0.275591 0 
vn 0.96063 0.275591 0 
vn 0.96063 0.275591 0 
vn 0.96063 0.275591 0 
vn 0 0 1 
vn 0 0 1 
vn 0 0 1 
vn 0 0 1 
vn 0 -1 0 
vn 0 -1 0 
vn 0 -1 0 
vn 0 -1 0 
vn -0.96063 0.275591 0 
vn -0.96063 0.275591 0 
vn -0.96063 0.275591 0 
vn -0.96063 0.275591 0 

vt -0.004628 -38.992 
vt 0.009256 -39.008 
vt 0.004628 -38.992 
vt -0.009256 -39.008 
vt 0.00242625 -39.0046 
vt 0.00242625 -38.9954 
vt -0.00242625 -39.0046 
vt -0.00242625 -38.9954 
vt -0.00242625 -38.992 
vt -0.00242625 -39.008 
vt 0.00242625 -39.008 
vt 0.00242625 -38.992 
vt -0.004628 -38.992 
vt -0.009256 -39.008 
vt 0.009256 -39.008 
vt 0.004628 -38.992 
vt 0.00242625 -39.0093 
vt 0.00242625 -38.9907 
vt -0.00242625 -39.0093 
vt -0.00242625 -38.9907 
vt -0.00242625 -38.992 
vt 0.00242625 -39.008 
vt 0.00242625 -38.992 
vt -0.00242625 -39.008 

usemtl Meshpart4Mtl

f 2056/2056/2056 2057/2057/2057 2058/2058/2058 
f 2057/2057/2057 2056/2056/2056 2059/2059/2059 
f 2060/2060/2060 2061/2061/2061 2062/2062/2062 
f 2062/2062/2062 2061/2061/2061 2063/2063/2063 
f 2064/2064/2064 2065/2065/2065 2066/2066/2066 
f 2066/2066/2066 2067/2067/2067 2064/2064/2064 
f 2068/2068/2068 2069/2069/2069 2070/2070/2070 
f 2068/2068/2068 2070/2070/2070 2071/2071/2071 
f 2072/2072/2072 2073/2073/2073 2074/2074/2074 
f 2074/2074/2074 2073/2073/2073 2075/2075/2075 
f 2076/2076/2076 2077/2077/2077 2078/2078/2078 
f 2077/2077/2077 2076/2076/2076 2079/2079/2079 

g Meshpart5

v -409.951 6.86575 -1.4615 
v -409.982 6.83457 -1.4615 
v -410.018 6.86575 -1.4615 
v -409.987 6.83457 -1.4615 
v -409.951 6.87013 -1.4615 
v -409.982 6.90132 -1.4615 
v -410.018 6.87013 -1.4615 
v -409.987 6.90132 -1.4615 
v -409.97 6.85377 -1.4615 
v -409.984 6.84788 -1.4615 
v -409.999 6.85377 -1.4615 
v -410.004 6.86798 -1.4615 
v -409.999 6.8822 -1.4615 
v -409.98 6.87225 -1.4615 
v -409.98 6.87225 -1.4572 
v -409.984 6.86195 -1.4615 
v -409.982 6.86283 -1.4572 
v -409.989 6.86372 -1.4615 
v -409.99 6.87012 -1.4572 
v -409.99 6.86798 -1.4615 
v -409.999 6.8822 -1.4615 
v -410 6.86798 -1.4615 
v -410.004 6.86798 -1.4615 
v -409.999 6.85377 -1.4615 
v -409.996 6.87936 -1.4615 
v -409.996 6.85661 -1.4615 
v -409.984 6.88809 -1.4615 
v -409.984 6.84788 -1.4615 
v -409.984 6.88407 -1.4615 
v -409.984 6.8519 -1.4615 
v -409.973 6.87936 -1.4615 
v -409.973 6.85661 -1.4615 
v -409.97 6.8822 -1.4615 
v -409.97 6.85377 -1.4615 
v -409.968 6.86798 -1.4615 
v -409.964 6.86798 -1.4615 
v -409.98 6.86372 -1.4615 
v -409.98 6.87225 -1.4615 
v -409.978 6.86798 -1.4615 
v -409.989 6.86372 -1.4615 
v -409.984 6.86195 -1.4615 
v -409.989 6.87225 -1.4615 
v -409.984 6.87401 -1.4615 
v -409.99 6.86798 -1.4615 
v -410.018 6.87013 -1.4615 
v -410.018 6.86575 -1.4615 
v -410.02 6.86794 -1.4615 
v -410.002 6.86794 -1.4615 
v -410.001 6.86575 -1.4615 
v -410.001 6.87013 -1.4615 
v -409.987 6.83457 -1.4615 
v -409.982 6.83457 -1.4615 
v -409.984 6.83244 -1.4615 
v -409.984 6.85019 -1.4615 
v -409.982 6.85126 -1.4615 
v -409.987 6.85126 -1.4615 
v -409.951 6.87013 -1.4615 
v -409.967 6.86794 -1.4615 
v -409.968 6.87013 -1.4615 
v -409.951 6.86575 -1.4615 
v -409.949 6.86794 -1.4615 
v -409.968 6.86575 -1.4615 
v -409.982 6.90132 -1.4615 
v -409.984 6.8857 -1.4615 
v -409.987 6.90132 -1.4615 
v -409.987 6.88463 -1.4615 
v -409.984 6.90345 -1.4615 
v -409.982 6.88463 -1.4615 
v -409.951 6.87013 -1.4615 
v -409.951 6.87013 -1.4572 
v -409.984 6.90345 -1.4572 
v -409.982 6.90132 -1.4615 
v -409.984 6.90345 -1.4615 
v -409.982 6.90132 -1.4572 
v -410.018 6.87013 -1.4615 
v -410.018 6.87013 -1.4572 
v -409.987 6.90132 -1.4572 
v -409.984 6.90345 -1.4615 
v -409.987 6.90132 -1.4615 
v -409.984 6.90345 -1.4572 
v -409.97 6.8822 -1.4615 
v -409.97 6.85377 -1.4615 
v -409.97 6.85377 -1.4572 
v -409.97 6.8822 -1.4572 
v -409.984 6.88809 -1.4615 
v -409.984 6.88809 -1.4572 
v -409.97 6.8822 -1.4615 
v -409.999 6.85377 -1.4615 
v -409.999 6.85377 -1.4572 
v -410.004 6.86798 -1.4615 
v -410.004 6.86798 -1.4572 
v -409.999 6.8822 -1.4615 
v -409.999 6.8822 -1.4572 
v -409.984 6.88809 -1.4572 
v -409.999 6.8822 -1.4615 
v -409.999 6.8822 -1.4572 
v -409.984 6.88809 -1.4615 
v -409.98 6.87225 -1.4615 
v -409.98 6.87225 -1.4572 
v -409.982 6.87313 -1.4572 
v -409.984 6.87401 -1.4615 
v -409.984 6.87401 -1.4572 
v -409.98 6.87225 -1.4615 
v -409.98 6.87225 -1.4572 
v -409.987 6.87313 -1.4572 
v -409.989 6.87225 -1.4615 
v -409.989 6.87225 -1.4572 
v -409.984 6.87401 -1.4615 
v -409.984 6.87401 -1.4572 
v -409.99 6.87012 -1.4572 
v -409.99 6.86798 -1.4615 
v -409.984 6.8519 -1.4615 
v -409.967 6.86794 -1.4615 
v -409.984 6.8857 -1.4615 
v -410.018 6.87013 -1.4572 
v -410.001 6.87013 -1.4572 
v -410.018 6.87013 -1.4615 
v -410.001 6.87013 -1.4615 
v -409.968 6.87013 -1.4572 
v -409.951 6.87013 -1.4572 
v -409.968 6.87013 -1.4615 
v -409.951 6.87013 -1.4615 
v -409.967 6.86794 -1.4572 
v -409.984 6.8857 -1.4572 
v -409.984 6.8519 -1.4572 
v -409.973 6.87936 -1.4572 
v -409.996 6.85661 -1.4572 
v -409.984 6.8519 -1.4572 
v -409.996 6.85661 -1.4615 
v -409.984 6.8519 -1.4615 
v -409.984 6.8519 -1.4572 
v -409.973 6.85661 -1.4572 
v -409.984 6.8519 -1.4615 
v -409.973 6.85661 -1.4615 
v -409.949 6.86794 -1.4615 
v -409.949 6.86794 -1.4572 
v -409.951 6.86575 -1.4615 
v -409.951 6.86575 -1.4572 
v -409.982 6.83457 -1.4572 
v -409.982 6.83457 -1.4615 
v -409.951 6.87013 -1.4615 
v -409.951 6.87013 -1.4572 
v -409.949 6.86794 -1.4615 
v -409.949 6.86794 -1.4572 
v -409.982 6.90132 -1.4615 
v -409.982 6.90132 -1.4572 
v -409.964 6.86798 -1.4615 
v -409.97 6.8822 -1.4615 
v -409.964 6.86798 -1.4572 
v -409.97 6.8822 -1.4572 
v -409.97 6.85377 -1.4615 
v -409.964 6.86798 -1.4615 
v -409.97 6.85377 -1.4572 
v -409.964 6.86798 -1.4572 
v -409.984 6.84788 -1.4615 
v -409.984 6.84788 -1.4572 
v -409.999 6.85377 -1.4615 
v -409.999 6.85377 -1.4572 
v -409.999 6.8822 -1.4615 
v -409.999 6.8822 -1.4572 
v -409.98 6.86372 -1.4615 
v -409.979 6.86585 -1.4572 
v -409.98 6.86372 -1.4572 
v -409.978 6.86798 -1.4615 
v -409.978 6.86798 -1.4572 
v -409.978 6.86798 -1.4572 
v -409.978 6.86798 -1.4615 
v -409.98 6.87225 -1.4615 
v -409.98 6.87225 -1.4572 
v -409.984 6.86195 -1.4615 
v -409.982 6.86283 -1.4572 
v -409.99 6.86798 -1.4572 
v -409.99 6.87012 -1.4572 
v -409.99 6.87012 -1.4572 
v -409.99 6.86798 -1.4572 
v -409.99 6.86585 -1.4572 
v -409.99 6.86585 -1.4572 
v -410 6.86798 -1.4615 
v -409.967 6.86794 -1.4615 
v -409.984 6.8857 -1.4615 
v -409.982 6.83457 -1.4615 
v -409.982 6.85126 -1.4615 
v -409.982 6.83457 -1.4572 
v -409.982 6.85126 -1.4572 
v -409.982 6.88463 -1.4615 
v -409.982 6.90132 -1.4615 
v -409.982 6.88463 -1.4572 
v -409.982 6.90132 -1.4572 
v -409.98 6.86372 -1.4572 
v -409.982 6.86283 -1.4572 
v -409.982 6.86283 -1.4572 
v -409.98 6.86372 -1.4572 
v -409.979 6.86585 -1.4572 
v -409.979 6.86585 -1.4572 
v -409.978 6.86798 -1.4572 
v -409.984 6.86195 -1.4572 
v -409.989 6.86372 -1.4572 
v -409.967 6.86794 -1.4572 
v -409.984 6.8857 -1.4572 
v -409.989 6.86372 -1.4572 
v -409.99 6.86585 -1.4572 
v -410 6.86798 -1.4572 
v -409.982 6.87313 -1.4572 
v -409.982 6.87313 -1.4572 
v -409.98 6.87225 -1.4572 
v -409.984 6.87401 -1.4572 
v -409.987 6.87313 -1.4572 
v -409.989 6.87225 -1.4572 
v -409.987 6.87313 -1.4572 
v -409.99 6.87012 -1.4572 
v -410 6.86798 -1.4615 
v -409.996 6.87936 -1.4615 
v -410 6.86798 -1.4572 
v -409.996 6.87936 -1.4572 
v -409.98 6.87225 -1.4572 
v -409.978 6.86798 -1.4572 
v -409.996 6.85661 -1.4615 
v -410 6.86798 -1.4615 
v -409.996 6.85661 -1.4572 
v -410 6.86798 -1.4572 
v -409.951 6.86575 -1.4572 
v -409.982 6.83457 -1.4572 
v -410.018 6.86575 -1.4572 
v -409.987 6.83457 -1.4572 
v -409.951 6.87013 -1.4572 
v -409.982 6.90132 -1.4572 
v -410.018 6.87013 -1.4572 
v -409.987 6.90132 -1.4572 
v -409.97 6.8822 -1.4615 
v -409.97 6.85377 -1.4615 
v -409.97 6.85377 -1.4572 
v -409.984 6.84788 -1.4572 
v -409.999 6.85377 -1.4615 
v -409.999 6.85377 -1.4572 
v -410.004 6.86798 -1.4572 
v -409.999 6.8822 -1.4615 
v -409.999 6.8822 -1.4572 
v -409.98 6.86372 -1.4572 
v -409.98 6.87225 -1.4572 
v -409.982 6.86283 -1.4572 
v -409.989 6.86372 -1.4572 
v -409.989 6.87225 -1.4572 
v -409.99 6.87012 -1.4572 
v -409.996 6.87936 -1.4615 
v -409.996 6.85661 -1.4615 
v -409.973 6.85661 -1.4615 
v -410.002 6.86794 -1.4615 
v -409.984 6.85019 -1.4615 
v -409.967 6.86794 -1.4615 
v -409.984 6.8857 -1.4615 
v -410.001 6.86575 -1.4572 
v -409.968 6.86575 -1.4572 
v -409.987 6.85126 -1.4572 
v -409.987 6.88463 -1.4572 
v -409.987 6.83457 -1.4572 
v -409.984 6.85019 -1.4572 
v -409.987 6.85126 -1.4572 
v -409.982 6.83457 -1.4572 
v -409.984 6.83244 -1.4572 
v -409.982 6.85126 -1.4572 
v -409.98 6.86372 -1.4572 
v -409.982 6.86283 -1.4572 
v -409.979 6.86585 -1.4572 
v -409.982 6.87313 -1.4572 
v -409.98 6.87225 -1.4572 
v -409.978 6.86798 -1.4572 
v -409.987 6.87313 -1.4572 
v -409.984 6.87401 -1.4572 
v -409.99 6.86585 -1.4572 
v -409.984 6.86195 -1.4572 
v -409.99 6.87012 -1.4572 
v -409.989 6.87225 -1.4572 
v -409.99 6.86798 -1.4572 
v -409.989 6.86372 -1.4572 
v -410.018 6.87013 -1.4572 
v -410.002 6.86794 -1.4572 
v -410.001 6.87013 -1.4572 
v -410.018 6.86575 -1.4572 
v -410.02 6.86794 -1.4572 
v -410.001 6.86575 -1.4572 
v -409.951 6.87013 -1.4572 
v -409.951 6.86575 -1.4572 
v -409.949 6.86794 -1.4572 
v -409.967 6.86794 -1.4572 
v -409.968 6.86575 -1.4572 
v -409.968 6.87013 -1.4572 
v -409.987 6.90132 -1.4572 
v -409.982 6.90132 -1.4572 
v -409.984 6.90345 -1.4572 
v -409.984 6.8857 -1.4572 
v -409.982 6.88463 -1.4572 
v -409.987 6.88463 -1.4572 
v -410 6.86798 -1.4572 
v -409.999 6.8822 -1.4572 
v -410.004 6.86798 -1.4572 
v -409.999 6.85377 -1.4572 
v -409.996 6.87936 -1.4572 
v -409.996 6.85661 -1.4572 
v -409.984 6.88809 -1.4572 
v -409.984 6.84788 -1.4572 
v -409.984 6.88407 -1.4572 
v -409.984 6.8519 -1.4572 
v -409.973 6.87936 -1.4572 
v -409.973 6.85661 -1.4572 
v -409.97 6.8822 -1.4572 
v -409.97 6.85377 -1.4572 
v -409.968 6.86798 -1.4572 
v -409.964 6.86798 -1.4572 
v -409.951 6.86575 -1.4615 
v -409.951 6.86575 -1.4572 
v -409.984 6.83244 -1.4615 
v -409.982 6.83457 -1.4572 
v -409.984 6.83244 -1.4572 
v -409.982 6.83457 -1.4615 
v -410.018 6.86575 -1.4572 
v -410.018 6.86575 -1.4615 
v -409.987 6.83457 -1.4615 
v -409.984 6.83244 -1.4572 
v -409.987 6.83457 -1.4572 
v -409.984 6.83244 -1.4615 
v -409.97 6.8822 -1.4615 
v -409.97 6.85377 -1.4615 
v -409.97 6.85377 -1.4572 
v -409.984 6.84788 -1.4615 
v -409.97 6.85377 -1.4615 
v -409.984 6.84788 -1.4572 
v -409.97 6.85377 -1.4572 
v -409.999 6.85377 -1.4615 
v -409.984 6.84788 -1.4615 
v -409.999 6.85377 -1.4572 
v -409.984 6.84788 -1.4572 
v -409.999 6.8822 -1.4615 
v -409.999 6.8822 -1.4572 
v -409.98 6.86372 -1.4572 
v -409.98 6.87225 -1.4572 
v -409.984 6.86195 -1.4615 
v -409.982 6.86283 -1.4572 
v -409.984 6.86195 -1.4572 
v -409.98 6.86372 -1.4615 
v -409.98 6.86372 -1.4572 
v -409.989 6.86372 -1.4572 
v -409.989 6.86372 -1.4615 
v -409.984 6.86195 -1.4615 
v -409.984 6.86195 -1.4572 
v -409.984 6.87401 -1.4615 
v -409.99 6.87012 -1.4572 
v -410.001 6.86575 -1.4615 
v -409.968 6.86575 -1.4615 
v -409.984 6.8857 -1.4615 
v -410.018 6.86575 -1.4615 
v -410.001 6.86575 -1.4615 
v -410.018 6.86575 -1.4572 
v -410.001 6.86575 -1.4572 
v -409.968 6.86575 -1.4615 
v -409.951 6.86575 -1.4615 
v -409.968 6.86575 -1.4572 
v -409.951 6.86575 -1.4572 
v -409.984 6.8857 -1.4572 
v -409.973 6.87936 -1.4572 
v -409.996 6.87936 -1.4615 
v -409.984 6.88407 -1.4615 
v -409.996 6.87936 -1.4572 
v -409.984 6.88407 -1.4572 
v -409.984 6.88407 -1.4615 
v -409.973 6.87936 -1.4572 
v -409.984 6.88407 -1.4572 
v -409.973 6.87936 -1.4615 
v -410.02 6.86794 -1.4615 
v -410.018 6.86575 -1.4572 
v -410.02 6.86794 -1.4572 
v -410.018 6.86575 -1.4615 
v -409.987 6.83457 -1.4615 
v -409.987 6.83457 -1.4572 
v -410.018 6.87013 -1.4615 
v -410.02 6.86794 -1.4572 
v -410.018 6.87013 -1.4572 
v -410.02 6.86794 -1.4615 
v -409.987 6.90132 -1.4572 
v -409.987 6.90132 -1.4615 
v -409.97 6.8822 -1.4615 
v -409.97 6.85377 -1.4615 
v -409.97 6.85377 -1.4572 
v -409.999 6.85377 -1.4615 
v -409.999 6.85377 -1.4572 
v -410.004 6.86798 -1.4615 
v -409.999 6.85377 -1.4615 
v -410.004 6.86798 -1.4572 
v -409.999 6.85377 -1.4572 
v -409.999 6.8822 -1.4615 
v -410.004 6.86798 -1.4615 
v -409.999 6.8822 -1.4572 
v -410.004 6.86798 -1.4572 
v -409.978 6.86798 -1.4615 
v -409.98 6.87225 -1.4572 
v -409.982 6.86283 -1.4572 
v -409.989 6.86372 -1.4572 
v -409.989 6.86372 -1.4615 
v -409.989 6.87225 -1.4572 
v -409.99 6.87012 -1.4572 
v -409.989 6.87225 -1.4615 
v -409.989 6.87225 -1.4572 
v -409.99 6.86798 -1.4615 
v -409.99 6.86798 -1.4572 
v -409.99 6.86585 -1.4572 
v -409.99 6.86798 -1.4615 
v -409.989 6.86372 -1.4615 
v -409.989 6.86372 -1.4572 
v -409.987 6.85126 -1.4615 
v -409.967 6.86794 -1.4615 
v -409.987 6.88463 -1.4615 
v -409.987 6.85126 -1.4615 
v -409.987 6.83457 -1.4615 
v -409.987 6.85126 -1.4572 
v -409.987 6.83457 -1.4572 
v -409.987 6.90132 -1.4615 
v -409.987 6.88463 -1.4615 
v -409.987 6.90132 -1.4572 
v -409.987 6.88463 -1.4572 
v -409.967 6.86794 -1.4572 
v -409.973 6.87936 -1.4572 
v -409.968 6.86798 -1.4615 
v -409.973 6.85661 -1.4615 
v -409.968 6.86798 -1.4572 
v -409.973 6.85661 -1.4572 
v -409.973 6.87936 -1.4615 
v -409.968 6.86798 -1.4615 
v -409.973 6.87936 -1.4572 
v -409.968 6.86798 -1.4572 

vn 0.716535 -0.700787 0 
vn 0.700787 -0.716535 0 
vn -0.716535 -0.700787 0 
vn -0.700787 -0.716535 0 
vn 0.716535 0.700787 0 
vn 0.700787 0.716535 0 
vn -0.716535 0.700787 0 
vn -0.700787 0.716535 0 
vn 0.92126 -0.385827 0 
vn 0.385827 -0.92126 0 
vn -0.385827 -0.92126 0 
vn -0.92126 -0.385827 0 
vn -0.92126 0.385827 0 
vn 0.92126 0.385827 0 
vn 0.92126 0.385827 0 
vn 0.385827 -0.92126 0 
vn 0.385827 -0.92126 0 
vn -0.385827 -0.92126 0 
vn -0.96063 0 -0.275591 
vn -0.92126 0.385827 0 
vn 0 0 -1 
vn 0 0 -1 
vn 0 0 -1 
vn 0 0 -1 
vn 0 0 -1 
vn 0 0 -1 
vn 0 0 -1 
vn 0 0 -1 
vn 0 0 -1 
vn 0 0 -1 
vn 0 0 -1 
vn 0 0 -1 
vn 0 0 -1 
vn 0 0 -1 
vn 0 0 -1 
vn 0 0 -1 
vn 0 0 -1 
vn 0 0 -1 
vn 0 0 -1 
vn 0 0 -1 
vn 0 0 -1 
vn 0 0 -1 
vn 0 0 -1 
vn 0 0 -1 
vn 0 0 -1 
vn 0 0 -1 
vn 0 0 -1 
vn 0 0 -1 
vn 0 0 -1 
vn 0 0 -1 
vn 0 0 -1 
vn 0 0 -1 
vn 0 0 -1 
vn 0 0 -1 
vn 0 0 -1 
vn 0 0 -1 
vn 0 0 -1 
vn 0 0 -1 
vn 0 0 -1 
vn 0 0 -1 
vn 0 0 -1 
vn 0 0 -1 
vn 0 0 -1 
vn 0 0 -1 
vn 0 0 -1 
vn 0 0 -1 
vn 0 0 -1 
vn 0 0 -1 
vn 0.716535 0.700787 0 
vn 0.716535 0.700787 0 
vn 0.700787 0.716535 0 
vn 0.700787 0.716535 0 
vn 0.700787 0.716535 0 
vn 0.700787 0.716535 0 
vn -0.716535 0.700787 0 
vn -0.716535 0.700787 0 
vn -0.700787 0.716535 0 
vn -0.700787 0.716535 0 
vn -0.700787 0.716535 0 
vn -0.700787 0.716535 0 
vn 0.92126 0.385827 0 
vn 0.92126 -0.385827 0 
vn 0.92126 -0.385827 0 
vn 0.385827 0.92126 0 
vn 0.385827 0.92126 0 
vn 0.385827 0.92126 0 
vn 0.385827 0.92126 0 
vn -0.385827 -0.92126 0 
vn -0.385827 -0.92126 0 
vn -0.92126 -0.385827 0 
vn -0.92126 -0.385827 0 
vn -0.92126 0.385827 0 
vn -0.92126 0.385827 0 
vn -0.385827 0.92126 0 
vn -0.385827 0.92126 0 
vn -0.385827 0.92126 0 
vn -0.385827 0.92126 0 
vn 0.92126 0.385827 0 
vn 0.92126 0.385827 0 
vn 0.385827 0.92126 0 
vn 0.385827 0.92126 0 
vn 0.385827 0.92126 0 
vn 0.385827 0.92126 0 
vn 0.385827 0.92126 0 
vn -0.385827 0.92126 0 
vn -0.385827 0.92126 0 
vn -0.385827 0.92126 0 
vn -0.385827 0.92126 0 
vn -0.385827 0.92126 0 
vn -0.96063 0 -0.275591 
vn -0.92126 0.385827 0 
vn 0 0 -1 
vn 0 0 -1 
vn 0 0 -1 
vn 0 1 0 
vn 0 1 0 
vn 0 1 0 
vn 0 1 0 
vn 0 1 0 
vn 0 1 0 
vn 0 1 0 
vn 0 1 0 
vn 0 0 1 
vn 0 0 1 
vn 0 0 1 
vn 0 0 1 
vn 0.385827 0.92126 0 
vn 0.385827 0.92126 0 
vn 0.385827 0.92126 0 
vn 0.385827 0.92126 0 
vn -0.385827 0.92126 0 
vn -0.385827 0.92126 0 
vn -0.385827 0.92126 0 
vn -0.385827 0.92126 0 
vn 0.716535 -0.700787 0 
vn 0.716535 -0.700787 0 
vn 0.716535 -0.700787 0 
vn 0.716535 -0.700787 0 
vn 0.700787 -0.716535 0 
vn 0.700787 -0.716535 0 
vn 0.716535 0.700787 0 
vn 0.716535 0.700787 0 
vn 0.716535 0.700787 0 
vn 0.716535 0.700787 0 
vn 0.700787 0.716535 0 
vn 0.700787 0.716535 0 
vn 0.92126 0.385827 0 
vn 0.92126 0.385827 0 
vn 0.92126 0.385827 0 
vn 0.92126 0.385827 0 
vn 0.92126 -0.385827 0 
vn 0.92126 -0.385827 0 
vn 0.92126 -0.385827 0 
vn 0.92126 -0.385827 0 
vn 0.385827 -0.92126 0 
vn 0.385827 -0.92126 0 
vn -0.385827 -0.92126 0 
vn -0.385827 -0.92126 0 
vn -0.92126 0.385827 0 
vn -0.92126 0.385827 0 
vn 0.92126 -0.385827 0 
vn 0.92126 -0.385827 0 
vn 0.92126 -0.385827 0 
vn 0.92126 -0.385827 0 
vn 0.92126 -0.385827 0 
vn 0.92126 0.385827 0 
vn 0.92126 0.385827 0 
vn 0.92126 0.385827 0 
vn 0.92126 0.385827 0 
vn 0.385827 -0.92126 0 
vn 0.385827 -0.92126 0 
vn -0.96063 0 -0.275591 
vn -0.96063 0 -0.275591 
vn -0.944882 0.314961 -0.0551181 
vn -0.992126 0 -0.125984 
vn -0.96063 0 -0.275591 
vn -0.96063 -0.267717 -0.0866142 
vn 0 0 -1 
vn 0 0 -1 
vn 0 0 -1 
vn 1 0 0 
vn 1 0 0 
vn 1 0 0 
vn 1 0 0 
vn 1 0 0 
vn 1 0 0 
vn 1 0 0 
vn 1 0 0 
vn -0.244094 0 0.968504 
vn -0.244094 0 0.968504 
vn -0.141732 0 0.992126 
vn -0.472441 0 0.88189 
vn -0.244094 0 0.968504 
vn -0.110236 0 0.992126 
vn 0 0 1 
vn 0 0 1 
vn 0 0 1 
vn 0 0 1 
vn 0 0 1 
vn 0.606299 0 -0.795276 
vn 0.606299 0 -0.795276 
vn 0 0 1 
vn -0.0393701 0 -1 
vn -0.0472441 0 -1 
vn 0 0 -1 
vn -0.0866142 0 -1 
vn -0.0866142 0 -1 
vn 0.992126 0 -0.149606 
vn 0.992126 0 -0.149606 
vn 0.992126 0 -0.149606 
vn 0.92126 -0.385827 0 
vn 0.92126 -0.385827 0 
vn 0.92126 -0.385827 0 
vn 0.92126 -0.385827 0 
vn -0.968504 0 0.259843 
vn -0.968504 0 0.259843 
vn 0.92126 0.385827 0 
vn 0.92126 0.385827 0 
vn 0.92126 0.385827 0 
vn 0.92126 0.385827 0 
vn 0.716535 -0.700787 0 
vn 0.700787 -0.716535 0 
vn -0.716535 -0.700787 0 
vn -0.700787 -0.716535 0 
vn 0.716535 0.700787 0 
vn 0.700787 0.716535 0 
vn -0.716535 0.700787 0 
vn -0.700787 0.716535 0 
vn 0.92126 0.385827 0 
vn 0.92126 -0.385827 0 
vn 0.92126 -0.385827 0 
vn 0.385827 -0.92126 0 
vn -0.385827 -0.92126 0 
vn -0.385827 -0.92126 0 
vn -0.92126 -0.385827 0 
vn -0.92126 0.385827 0 
vn -0.92126 0.385827 0 
vn 0.92126 -0.385827 0 
vn 0.92126 0.385827 0 
vn 0.385827 -0.92126 0 
vn -0.385827 -0.92126 0 
vn -0.385827 0.92126 0 
vn -0.96063 0 -0.275591 
vn 0 0 -1 
vn 0 0 -1 
vn 0 0 -1 
vn 0 0 -1 
vn 0 0 -1 
vn 0 0 -1 
vn 0 0 -1 
vn 0 -1 0 
vn 0 -1 0 
vn -1 0 0 
vn -1 0 0 
vn 0 0 1 
vn 0 0 1 
vn 0 0 1 
vn 0 0 1 
vn 0 0 1 
vn 0 0 1 
vn -0.244094 0 0.968504 
vn -0.141732 0 0.992126 
vn -0.110236 0 0.992126 
vn 0 0 1 
vn 0 0 1 
vn 0 0 1 
vn 0 0 1 
vn 0 0 1 
vn 0 0 1 
vn 0 0 1 
vn 0 0 1 
vn 0 0 1 
vn 0 0 1 
vn 0 0 1 
vn 0 0 1 
vn 0 0 1 
vn 0 0 1 
vn 0 0 1 
vn 0 0 1 
vn 0 0 1 
vn 0 0 1 
vn 0 0 1 
vn 0 0 1 
vn 0 0 1 
vn 0 0 1 
vn 0 0 1 
vn 0 0 1 
vn 0 0 1 
vn 0 0 1 
vn 0 0 1 
vn 0 0 1 
vn 0 0 1 
vn 0 0 1 
vn 0 0 1 
vn 0 0 1 
vn 0 0 1 
vn 0 0 1 
vn 0 0 1 
vn 0 0 1 
vn 0 0 1 
vn 0 0 1 
vn 0 0 1 
vn 0 0 1 
vn 0 0 1 
vn 0 0 1 
vn 0 0 1 
vn 0 0 1 
vn 0 0 1 
vn 0.716535 -0.700787 0 
vn 0.716535 -0.700787 0 
vn 0.700787 -0.716535 0 
vn 0.700787 -0.716535 0 
vn 0.700787 -0.716535 0 
vn 0.700787 -0.716535 0 
vn -0.716535 -0.700787 0 
vn -0.716535 -0.700787 0 
vn -0.700787 -0.716535 0 
vn -0.700787 -0.716535 0 
vn -0.700787 -0.716535 0 
vn -0.700787 -0.716535 0 
vn 0.92126 0.385827 0 
vn 0.92126 -0.385827 0 
vn 0.92126 -0.385827 0 
vn 0.385827 -0.92126 0 
vn 0.385827 -0.92126 0 
vn 0.385827 -0.92126 0 
vn 0.385827 -0.92126 0 
vn -0.385827 -0.92126 0 
vn -0.385827 -0.92126 0 
vn -0.385827 -0.92126 0 
vn -0.385827 -0.92126 0 
vn -0.92126 0.385827 0 
vn -0.92126 0.385827 0 
vn 0.92126 -0.385827 0 
vn 0.92126 0.385827 0 
vn 0.385827 -0.92126 0 
vn 0.385827 -0.92126 0 
vn 0.385827 -0.92126 0 
vn 0.385827 -0.92126 0 
vn 0.385827 -0.92126 0 
vn -0.385827 -0.92126 0 
vn -0.385827 -0.92126 0 
vn -0.385827 -0.92126 0 
vn -0.385827 -0.92126 0 
vn 0.385827 0.92126 0 
vn -0.96063 0 -0.275591 
vn 0 0 -1 
vn 0 0 -1 
vn 0 0 -1 
vn 0 -1 0 
vn 0 -1 0 
vn 0 -1 0 
vn 0 -1 0 
vn 0 -1 0 
vn 0 -1 0 
vn 0 -1 0 
vn 0 -1 0 
vn 0 0 1 
vn 0 0 1 
vn 0.385827 -0.92126 0 
vn 0.385827 -0.92126 0 
vn 0.385827 -0.92126 0 
vn 0.385827 -0.92126 0 
vn -0.385827 -0.92126 0 
vn -0.385827 -0.92126 0 
vn -0.385827 -0.92126 0 
vn -0.385827 -0.92126 0 
vn -0.716535 -0.700787 0 
vn -0.716535 -0.700787 0 
vn -0.716535 -0.700787 0 
vn -0.716535 -0.700787 0 
vn -0.700787 -0.716535 0 
vn -0.700787 -0.716535 0 
vn -0.716535 0.700787 0 
vn -0.716535 0.700787 0 
vn -0.716535 0.700787 0 
vn -0.716535 0.700787 0 
vn -0.700787 0.716535 0 
vn -0.700787 0.716535 0 
vn 0.92126 0.385827 0 
vn 0.92126 -0.385827 0 
vn 0.92126 -0.385827 0 
vn -0.385827 -0.92126 0 
vn -0.385827 -0.92126 0 
vn -0.92126 -0.385827 0 
vn -0.92126 -0.385827 0 
vn -0.92126 -0.385827 0 
vn -0.92126 -0.385827 0 
vn -0.92126 0.385827 0 
vn -0.92126 0.385827 0 
vn -0.92126 0.385827 0 
vn -0.92126 0.385827 0 
vn 0.92126 -0.385827 0 
vn 0.92126 0.385827 0 
vn 0.385827 -0.92126 0 
vn -0.385827 -0.92126 0 
vn -0.385827 -0.92126 0 
vn -0.385827 0.92126 0 
vn -0.944882 0.314961 -0.0551181 
vn -0.92126 0.385827 0 
vn -0.92126 0.385827 0 
vn -0.92126 0.385827 0 
vn -0.992126 0 -0.125984 
vn -0.96063 -0.267717 -0.0866142 
vn -0.92126 -0.385827 0 
vn -0.92126 -0.385827 0 
vn -0.92126 -0.385827 0 
vn 0 0 -1 
vn 0 0 -1 
vn 0 0 -1 
vn -1 0 0 
vn -1 0 0 
vn -1 0 0 
vn -1 0 0 
vn -1 0 0 
vn -1 0 0 
vn -1 0 0 
vn -1 0 0 
vn 0 0 1 
vn 0 0 1 
vn -0.92126 0.385827 0 
vn -0.92126 0.385827 0 
vn -0.92126 0.385827 0 
vn -0.92126 0.385827 0 
vn -0.92126 -0.385827 0 
vn -0.92126 -0.385827 0 
vn -0.92126 -0.385827 0 
vn -0.92126 -0.385827 0 

vt 0.0393707 1.04343 
vt 0.0432689 1.03953 
vt 0.0477142 1.04343 
vt 0.0438157 1.03953 
vt 0.0393707 1.04397 
vt 0.0432689 1.04787 
vt 0.0477142 1.04397 
vt 0.0438157 1.04787 
vt 0.0417654 1.04193 
vt 0.0435424 1.04119 
vt 0.0453194 1.04193 
vt 0.0460554 1.04371 
vt 0.0453194 1.04548 
vt 0.0430094 1.04424 
vt 0.0430094 1.04424 
vt 0.0435424 1.04295 
vt 0.0432759 1.04306 
vt 0.0440754 1.04317 
vt 0.0441859 1.04397 
vt 0.0442964 1.04371 
vt 0.0453194 1.04548 
vt 0.0455529 1.04371 
vt 0.0460554 1.04371 
vt 0.0453194 1.04193 
vt 0.0449639 1.04513 
vt 0.0449639 1.04228 
vt 0.0435424 1.04622 
vt 0.0435424 1.04119 
vt 0.0435424 1.04572 
vt 0.0435424 1.0417 
vt 0.0421209 1.04513 
vt 0.0421209 1.04228 
vt 0.0417654 1.04548 
vt 0.0417654 1.04193 
vt 0.0415319 1.04371 
vt 0.0410294 1.04371 
vt 0.0430094 1.04317 
vt 0.0430094 1.04424 
vt 0.0427884 1.04371 
vt 0.0440754 1.04317 
vt 0.0435424 1.04295 
vt 0.0440754 1.04424 
vt 0.0435424 1.04446 
vt 0.0442964 1.04371 
vt 0.0477142 1.04397 
vt 0.0477142 1.04343 
vt 0.0479807 1.0437 
vt 0.0457614 1.0437 
vt 0.0456284 1.04343 
vt 0.0456284 1.04397 
vt 0.0438157 1.03953 
vt 0.0432689 1.03953 
vt 0.0435424 1.03926 
vt 0.0435424 1.04148 
vt 0.0432689 1.04162 
vt 0.0438157 1.04162 
vt 0.0393707 1.04397 
vt 0.0413234 1.0437 
vt 0.0414564 1.04397 
vt 0.0393707 1.04343 
vt 0.0391042 1.0437 
vt 0.0414564 1.04343 
vt 0.0432689 1.04787 
vt 0.0435424 1.04592 
vt 0.0438157 1.04787 
vt 0.0438157 1.04579 
vt 0.0435424 1.04814 
vt 0.0432689 1.04579 
vt 0.0432734 1.04787 
vt 0.0438114 1.04787 
vt 0.0438114 1.0437 
vt 0.0432734 1.04397 
vt 0.0432734 1.0437 
vt 0.0438114 1.04397 
vt 0.0432734 1.03953 
vt 0.0438114 1.03953 
vt 0.0438114 1.04343 
vt 0.0432734 1.0437 
vt 0.0432734 1.04343 
vt 0.0438114 1.0437 
vt 0.0432734 1.04548 
vt 0.0432734 1.04548 
vt 0.0438114 1.04548 
vt 0.0438114 1.04548 
vt 0.0432734 1.0437 
vt 0.0438114 1.0437 
vt 0.0432734 1.04548 
vt 0.0432734 1.04192 
vt 0.0438114 1.04192 
vt 0.0432734 1.04119 
vt 0.0438114 1.04119 
vt 0.0432734 1.04192 
vt 0.0438114 1.04192 
vt 0.0438114 1.0437 
vt 0.0432734 1.04192 
vt 0.0438114 1.04192 
vt 0.0432734 1.0437 
vt 0.0432734 1.04423 
vt 0.0438114 1.04423 
vt 0.0438114 1.04397 
vt 0.0432734 1.0437 
vt 0.0438114 1.0437 
vt 0.0432734 1.04423 
vt 0.0438114 1.04423 
vt 0.0438114 1.04343 
vt 0.0432734 1.04317 
vt 0.0438114 1.04317 
vt 0.0432734 1.0437 
vt 0.0438114 1.0437 
vt 0.0438114 1.04306 
vt 0.0432734 1.04295 
vt 0.0432734 1.0437 
vt 0.0432734 1.04592 
vt 0.0432734 1.0437 
vt 0.0438114 1.03953 
vt 0.0438114 1.04162 
vt 0.0432734 1.03953 
vt 0.0432734 1.04162 
vt 0.0438114 1.04579 
vt 0.0438114 1.04787 
vt 0.0432734 1.04579 
vt 0.0432734 1.04787 
vt 0.0438114 1.04592 
vt 0.0438114 1.0437 
vt 0.0438114 1.0437 
vt 0.0438114 1.04512 
vt 0.0438114 1.04228 
vt 0.0438114 1.0437 
vt 0.0432734 1.04228 
vt 0.0432734 1.0437 
vt 0.0438114 1.0437 
vt 0.0438114 1.04512 
vt 0.0432734 1.0437 
vt 0.0432734 1.04512 
vt 0.0438114 1.0437 
vt 0.0432734 1.0437 
vt 0.0438114 1.04343 
vt 0.0432734 1.04343 
vt 0.0432734 1.03953 
vt 0.0438114 1.03953 
vt 0.0438114 1.04397 
vt 0.0432734 1.04397 
vt 0.0438114 1.0437 
vt 0.0432734 1.0437 
vt 0.0438114 1.04787 
vt 0.0432734 1.04787 
vt 0.0438114 1.04371 
vt 0.0438114 1.04548 
vt 0.0432734 1.04371 
vt 0.0432734 1.04548 
vt 0.0438114 1.04193 
vt 0.0438114 1.04371 
vt 0.0432734 1.04193 
vt 0.0432734 1.04371 
vt 0.0438114 1.04119 
vt 0.0432734 1.04119 
vt 0.0438114 1.04193 
vt 0.0432734 1.04193 
vt 0.0438114 1.04548 
vt 0.0432734 1.04548 
vt 0.0438114 1.04317 
vt 0.0432734 1.04344 
vt 0.0432734 1.04317 
vt 0.0438114 1.04371 
vt 0.0432734 1.04371 
vt 0.0432734 1.04371 
vt 0.0438114 1.04371 
vt 0.0438114 1.04424 
vt 0.0432734 1.04424 
vt 0.0438114 1.04295 
vt 0.0432734 1.04306 
vt 0.0432734 1.04371 
vt 0.0432734 1.04397 
vt 0.0432734 1.04397 
vt 0.0432734 1.04371 
vt 0.0432734 1.04344 
vt 0.0432734 1.04344 
vt 0.0438114 1.04371 
vt 0.0438114 1.0437 
vt 0.0438114 1.04592 
vt 0.0438114 1.03953 
vt 0.0438114 1.04162 
vt 0.0432734 1.03953 
vt 0.0432734 1.04162 
vt 0.0438114 1.04579 
vt 0.0438114 1.04787 
vt 0.0432734 1.04579 
vt 0.0432734 1.04787 
vt 0.0432734 1.04317 
vt 0.0432734 1.04306 
vt 0.0432734 1.04306 
vt 0.0432734 1.04317 
vt 0.0432734 1.04344 
vt 0.0432734 1.04344 
vt 0.0432734 1.04371 
vt 0.0432734 1.04295 
vt 0.0432734 1.04317 
vt 0.0432734 1.0437 
vt 0.0432734 1.04592 
vt 0.0432734 1.04317 
vt 0.0432734 1.04344 
vt 0.0432734 1.04371 
vt 0.0432734 1.04435 
vt 0.0432734 1.04435 
vt 0.0432734 1.04424 
vt 0.0432734 1.04446 
vt 0.0432734 1.04435 
vt 0.0432734 1.04424 
vt 0.0432734 1.04435 
vt 0.0432734 1.04397 
vt 0.0438114 1.04371 
vt 0.0438114 1.04513 
vt 0.0432734 1.04371 
vt 0.0432734 1.04513 
vt 0.0432734 1.04424 
vt 0.0432734 1.04371 
vt 0.0438114 1.04228 
vt 0.0438114 1.04371 
vt 0.0432734 1.04228 
vt 0.0432734 1.04371 
vt 0.0477142 1.04343 
vt 0.0438159 1.03953 
vt 0.0393707 1.04343 
vt 0.0432692 1.03953 
vt 0.0477142 1.04397 
vt 0.0438159 1.04787 
vt 0.0393707 1.04397 
vt 0.0432692 1.04787 
vt 0.0453194 1.04548 
vt 0.0453194 1.04193 
vt 0.0453194 1.04193 
vt 0.0435424 1.04119 
vt 0.0417654 1.04193 
vt 0.0417654 1.04193 
vt 0.0410294 1.04371 
vt 0.0417654 1.04548 
vt 0.0417654 1.04548 
vt 0.0440754 1.04317 
vt 0.0440754 1.04424 
vt 0.0438089 1.04306 
vt 0.0430094 1.04317 
vt 0.0430094 1.04424 
vt 0.0428989 1.04397 
vt 0.0421209 1.04513 
vt 0.0421209 1.04228 
vt 0.0449639 1.04228 
vt 0.0413234 1.0437 
vt 0.0435424 1.04148 
vt 0.0457614 1.0437 
vt 0.0435424 1.04592 
vt 0.0414564 1.04343 
vt 0.0456284 1.04343 
vt 0.0432692 1.04162 
vt 0.0432692 1.04579 
vt 0.0432692 1.03953 
vt 0.0435424 1.04148 
vt 0.0432692 1.04162 
vt 0.0438159 1.03953 
vt 0.0435424 1.03926 
vt 0.0438159 1.04162 
vt 0.0440754 1.04317 
vt 0.0438089 1.04306 
vt 0.0441859 1.04344 
vt 0.0438089 1.04435 
vt 0.0440754 1.04424 
vt 0.0442964 1.04371 
vt 0.0432759 1.04435 
vt 0.0435424 1.04446 
vt 0.0428989 1.04344 
vt 0.0435424 1.04295 
vt 0.0428989 1.04397 
vt 0.0430094 1.04424 
vt 0.0427884 1.04371 
vt 0.0430094 1.04317 
vt 0.0393707 1.04397 
vt 0.0413234 1.0437 
vt 0.0414564 1.04397 
vt 0.0393707 1.04343 
vt 0.0391042 1.0437 
vt 0.0414564 1.04343 
vt 0.0477142 1.04397 
vt 0.0477142 1.04343 
vt 0.0479807 1.0437 
vt 0.0457614 1.0437 
vt 0.0456284 1.04343 
vt 0.0456284 1.04397 
vt 0.0432692 1.04787 
vt 0.0438159 1.04787 
vt 0.0435424 1.04814 
vt 0.0435424 1.04592 
vt 0.0438159 1.04579 
vt 0.0432692 1.04579 
vt 0.0415319 1.04371 
vt 0.0417654 1.04548 
vt 0.0410294 1.04371 
vt 0.0417654 1.04193 
vt 0.0421209 1.04513 
vt 0.0421209 1.04228 
vt 0.0435424 1.04622 
vt 0.0435424 1.04119 
vt 0.0435424 1.04572 
vt 0.0435424 1.0417 
vt 0.0449639 1.04513 
vt 0.0449639 1.04228 
vt 0.0453194 1.04548 
vt 0.0453194 1.04193 
vt 0.0455529 1.04371 
vt 0.0460554 1.04371 
vt 0.0438114 1.04787 
vt 0.0432734 1.04787 
vt 0.0438114 1.0437 
vt 0.0432734 1.04397 
vt 0.0432734 1.0437 
vt 0.0438114 1.04397 
vt 0.0432734 1.03953 
vt 0.0438114 1.03953 
vt 0.0438114 1.04343 
vt 0.0432734 1.0437 
vt 0.0432734 1.04343 
vt 0.0438114 1.0437 
vt 0.0438114 1.04548 
vt 0.0438114 1.04548 
vt 0.0432734 1.04548 
vt 0.0438114 1.0437 
vt 0.0438114 1.04548 
vt 0.0432734 1.0437 
vt 0.0432734 1.04548 
vt 0.0438114 1.04192 
vt 0.0438114 1.0437 
vt 0.0432734 1.04192 
vt 0.0432734 1.0437 
vt 0.0438114 1.04192 
vt 0.0432734 1.04192 
vt 0.0432734 1.04423 
vt 0.0432734 1.04423 
vt 0.0438114 1.0437 
vt 0.0432734 1.04397 
vt 0.0432734 1.0437 
vt 0.0438114 1.04423 
vt 0.0432734 1.04423 
vt 0.0432734 1.04317 
vt 0.0438114 1.04317 
vt 0.0438114 1.0437 
vt 0.0432734 1.0437 
vt 0.0438114 1.0437 
vt 0.0432734 1.04306 
vt 0.0438114 1.04162 
vt 0.0438114 1.04579 
vt 0.0438114 1.0437 
vt 0.0438114 1.03953 
vt 0.0438114 1.04162 
vt 0.0432734 1.03953 
vt 0.0432734 1.04162 
vt 0.0438114 1.04579 
vt 0.0438114 1.04787 
vt 0.0432734 1.04579 
vt 0.0432734 1.04787 
vt 0.0432734 1.0437 
vt 0.0432734 1.04512 
vt 0.0438114 1.04228 
vt 0.0438114 1.0437 
vt 0.0432734 1.04228 
vt 0.0432734 1.0437 
vt 0.0438114 1.0437 
vt 0.0432734 1.04512 
vt 0.0432734 1.0437 
vt 0.0438114 1.04512 
vt 0.0432734 1.0437 
vt 0.0438114 1.04343 
vt 0.0438114 1.0437 
vt 0.0432734 1.04343 
vt 0.0432734 1.03953 
vt 0.0438114 1.03953 
vt 0.0432734 1.04397 
vt 0.0438114 1.0437 
vt 0.0438114 1.04397 
vt 0.0432734 1.0437 
vt 0.0438114 1.04787 
vt 0.0432734 1.04787 
vt 0.0432734 1.04548 
vt 0.0432734 1.04193 
vt 0.0438114 1.04193 
vt 0.0432734 1.04193 
vt 0.0438114 1.04193 
vt 0.0432734 1.04371 
vt 0.0432734 1.04193 
vt 0.0438114 1.04371 
vt 0.0438114 1.04193 
vt 0.0432734 1.04548 
vt 0.0432734 1.04371 
vt 0.0438114 1.04548 
vt 0.0438114 1.04371 
vt 0.0432734 1.04371 
vt 0.0438114 1.04424 
vt 0.0438114 1.04306 
vt 0.0438114 1.04317 
vt 0.0432734 1.04317 
vt 0.0438114 1.04424 
vt 0.0438114 1.04397 
vt 0.0432734 1.04424 
vt 0.0438114 1.04424 
vt 0.0432734 1.04371 
vt 0.0438114 1.04371 
vt 0.0438114 1.04344 
vt 0.0432734 1.04371 
vt 0.0432734 1.04317 
vt 0.0438114 1.04317 
vt 0.0432734 1.04162 
vt 0.0432734 1.0437 
vt 0.0432734 1.04579 
vt 0.0432734 1.04162 
vt 0.0432734 1.03953 
vt 0.0438114 1.04162 
vt 0.0438114 1.03953 
vt 0.0432734 1.04787 
vt 0.0432734 1.04579 
vt 0.0438114 1.04787 
vt 0.0438114 1.04579 
vt 0.0438114 1.0437 
vt 0.0438114 1.04513 
vt 0.0432734 1.04371 
vt 0.0432734 1.04228 
vt 0.0438114 1.04371 
vt 0.0438114 1.04228 
vt 0.0432734 1.04513 
vt 0.0432734 1.04371 
vt 0.0438114 1.04513 
vt 0.0438114 1.04371 

usemtl Meshpart2Mtl

f 2100/2100/2100 2101/2101/2101 2102/2102/2102 
f 2101/2101/2101 2103/2103/2103 2102/2102/2102 
f 2101/2101/2101 2100/2100/2100 2104/2104/2104 
f 2103/2103/2103 2101/2101/2101 2105/2105/2105 
f 2106/2106/2106 2104/2104/2104 2100/2100/2100 
f 2107/2107/2107 2103/2103/2103 2105/2105/2105 
f 2104/2104/2104 2106/2106/2106 2108/2108/2108 
f 2107/2107/2107 2105/2105/2105 2109/2109/2109 
f 2106/2106/2106 2110/2110/2110 2108/2108/2108 
f 2111/2111/2111 2107/2107/2107 2109/2109/2109 
f 2106/2106/2106 2112/2112/2112 2110/2110/2110 
f 2107/2107/2107 2111/2111/2111 2113/2113/2113 
f 2114/2114/2114 2110/2110/2110 2112/2112/2112 
f 2111/2111/2111 2114/2114/2114 2113/2113/2113 
f 2112/2112/2112 2115/2115/2115 2114/2114/2114 
f 2115/2115/2115 2113/2113/2113 2114/2114/2114 
f 2116/2116/2116 2117/2117/2117 2118/2118/2118 
f 2117/2117/2117 2116/2116/2116 2119/2119/2119 
f 2119/2119/2119 2116/2116/2116 2120/2120/2120 
f 2121/2121/2121 2117/2117/2117 2119/2119/2119 
f 2117/2117/2117 2121/2121/2121 2122/2122/2122 
f 2121/2121/2121 2119/2119/2119 2123/2123/2123 
f 2124/2124/2124 2125/2125/2125 2126/2126/2126 
f 2127/2127/2127 2125/2125/2125 2124/2124/2124 
f 2125/2125/2125 2127/2127/2127 2128/2128/2128 
f 2124/2124/2124 2129/2129/2129 2127/2127/2127 
f 2130/2130/2130 2131/2131/2131 2132/2132/2132 
f 2133/2133/2133 2131/2131/2131 2130/2130/2130 
f 2131/2131/2131 2133/2133/2133 2134/2134/2134 
f 2130/2130/2130 2135/2135/2135 2133/2133/2133 
f 2136/2136/2136 2137/2137/2137 2138/2138/2138 
f 2137/2137/2137 2136/2136/2136 2139/2139/2139 
f 2136/2136/2136 2140/2140/2140 2139/2139/2139 
f 2137/2137/2137 2139/2139/2139 2141/2141/2141 
f 2142/2142/2142 2143/2143/2143 2144/2144/2144 
f 2145/2145/2145 2144/2144/2144 2143/2143/2143 
f 2142/2142/2142 2144/2144/2144 2146/2146/2146 
f 2143/2143/2143 2142/2142/2142 2147/2147/2147 
f 2150/2150/2150 2151/2151/2151 2152/2152/2152 
f 2151/2151/2151 2150/2150/2150 2153/2153/2153 
f 2156/2156/2156 2157/2157/2157 2158/2158/2158 
f 2157/2157/2157 2156/2156/2156 2159/2159/2159 
f 2163/2163/2163 2164/2164/2164 2165/2165/2165 
f 2164/2164/2164 2163/2163/2163 2166/2166/2166 
f 2173/2173/2173 2174/2174/2174 2175/2175/2175 
f 2174/2174/2174 2173/2173/2173 2176/2176/2176 
f 2179/2179/2179 2180/2180/2180 2181/2181/2181 
f 2179/2179/2179 2182/2182/2182 2180/2180/2180 
f 2182/2182/2182 2179/2179/2179 2183/2183/2183 
f 2184/2184/2184 2185/2185/2185 2186/2186/2186 
f 2184/2184/2184 2187/2187/2187 2185/2185/2185 
f 2187/2187/2187 2184/2184/2184 2188/2188/2188 
f 2194/2194/2194 2195/2195/2195 2196/2196/2196 
f 2196/2196/2196 2195/2195/2195 2197/2197/2197 
f 2198/2198/2198 2199/2199/2199 2200/2200/2200 
f 2200/2200/2200 2199/2199/2199 2201/2201/2201 
f 2206/2206/2206 2207/2207/2207 2208/2208/2208 
f 2208/2208/2208 2207/2207/2207 2209/2209/2209 
f 2210/2210/2210 2211/2211/2211 2212/2212/2212 
f 2212/2212/2212 2211/2211/2211 2213/2213/2213 
f 2214/2214/2214 2215/2215/2215 2216/2216/2216 
f 2217/2217/2217 2216/2216/2216 2215/2215/2215 
f 2220/2220/2220 2221/2221/2221 2222/2222/2222 
f 2223/2223/2223 2222/2222/2222 2221/2221/2221 
f 2226/2226/2226 2227/2227/2227 2228/2228/2228 
f 2228/2228/2228 2227/2227/2227 2229/2229/2229 
f 2230/2230/2230 2231/2231/2231 2232/2232/2232 
f 2232/2232/2232 2231/2231/2231 2233/2233/2233 
f 2240/2240/2240 2241/2241/2241 2242/2242/2242 
f 2241/2241/2241 2240/2240/2240 2243/2243/2243 
f 2241/2241/2241 2243/2243/2243 2244/2244/2244 
f 2245/2245/2245 2246/2246/2246 2247/2247/2247 
f 2245/2245/2245 2247/2247/2247 2248/2248/2248 
f 2251/2251/2251 2252/2252/2252 2253/2253/2253 
f 2253/2253/2253 2254/2254/2254 2251/2251/2251 
f 2251/2251/2251 2254/2254/2254 2255/2255/2255 
f 2254/2254/2254 2256/2256/2256 2255/2255/2255 
f 2260/2260/2260 2261/2261/2261 2262/2262/2262 
f 2262/2262/2262 2261/2261/2261 2263/2263/2263 
f 2264/2264/2264 2265/2265/2265 2266/2266/2266 
f 2266/2266/2266 2265/2265/2265 2267/2267/2267 
f 2268/2268/2268 2269/2269/2269 2270/2270/2270 
f 2270/2270/2270 2271/2271/2271 2268/2268/2268 
f 2268/2268/2268 2271/2271/2271 2272/2272/2272 
f 2271/2271/2271 2273/2273/2273 2272/2272/2272 
f 2273/2273/2273 2268/2268/2268 2272/2272/2272 
f 2273/2273/2273 2274/2274/2274 2274/2274/2274 
f 2275/2275/2275 2276/2276/2276 2276/2276/2276 
f 2279/2279/2279 2279/2279/2279 2280/2280/2280 
f 2280/2280/2280 2280/2280/2280 2279/2279/2279 
f 2282/2282/2282 2283/2283/2283 2284/2284/2284 
f 2284/2284/2284 2284/2284/2284 2282/2282/2282 
f 2285/2285/2285 2283/2283/2283 2285/2285/2285 
f 2286/2286/2286 2285/2285/2285 2286/2286/2286 
f 2287/2287/2287 2288/2288/2288 2287/2287/2287 
f 2289/2289/2289 2287/2287/2287 2289/2289/2289 
f 2290/2290/2290 2291/2291/2291 2292/2292/2292 
f 2292/2292/2292 2291/2291/2291 2293/2293/2293 
f 2294/2294/2294 2294/2294/2294 2295/2295/2295 
f 2295/2295/2295 2295/2295/2295 2294/2294/2294 
f 2296/2296/2296 2297/2297/2297 2298/2298/2298 
f 2298/2298/2298 2297/2297/2297 2299/2299/2299 
f 2334/2334/2334 2335/2335/2335 2336/2336/2336 
f 2335/2335/2335 2334/2334/2334 2337/2337/2337 
f 2337/2337/2337 2334/2334/2334 2338/2338/2338 
f 2337/2337/2337 2339/2339/2339 2335/2335/2335 
f 2342/2342/2342 2341/2341/2341 2340/2340/2340 
f 2343/2343/2343 2341/2341/2341 2342/2342/2342 
f 2343/2343/2343 2342/2342/2342 2344/2344/2344 
f 2344/2344/2344 2342/2342/2342 2345/2345/2345 
f 2346/2346/2346 2341/2341/2341 2343/2343/2343 
f 2346/2346/2346 2343/2343/2343 2347/2347/2347 
f 2341/2341/2341 2346/2346/2346 2348/2348/2348 
f 2341/2341/2341 2348/2348/2348 2349/2349/2349 
f 2348/2348/2348 2346/2346/2346 2350/2350/2350 
f 2350/2350/2350 2346/2346/2346 2351/2351/2351 
f 2348/2348/2348 2350/2350/2350 2352/2352/2352 
f 2349/2349/2349 2348/2348/2348 2353/2353/2353 
f 2354/2354/2354 2355/2355/2355 2356/2356/2356 
f 2355/2355/2355 2354/2354/2354 2357/2357/2357 
f 2357/2357/2357 2354/2354/2354 2358/2358/2358 
f 2357/2357/2357 2359/2359/2359 2355/2355/2355 
f 2360/2360/2360 2361/2361/2361 2362/2362/2362 
f 2363/2363/2363 2361/2361/2361 2360/2360/2360 
f 2361/2361/2361 2363/2363/2363 2364/2364/2364 
f 2360/2360/2360 2365/2365/2365 2363/2363/2363 
f 2366/2366/2366 2367/2367/2367 2368/2368/2368 
f 2369/2369/2369 2367/2367/2367 2366/2366/2366 
f 2367/2367/2367 2369/2369/2369 2370/2370/2370 
f 2366/2366/2366 2371/2371/2371 2369/2369/2369 
f 2372/2372/2372 2373/2373/2373 2374/2374/2374 
f 2375/2375/2375 2372/2372/2372 2374/2374/2374 
f 2373/2373/2373 2372/2372/2372 2376/2376/2376 
f 2372/2372/2372 2375/2375/2375 2377/2377/2377 
f 2376/2376/2376 2378/2378/2378 2373/2373/2373 
f 2379/2379/2379 2377/2377/2377 2375/2375/2375 
f 2378/2378/2378 2376/2376/2376 2380/2380/2380 
f 2377/2377/2377 2379/2379/2379 2381/2381/2381 
f 2382/2382/2382 2378/2378/2378 2380/2380/2380 
f 2379/2379/2379 2383/2383/2383 2381/2381/2381 
f 2384/2384/2384 2378/2378/2378 2382/2382/2382 
f 2379/2379/2379 2385/2385/2385 2383/2383/2383 
f 2386/2386/2386 2384/2384/2384 2382/2382/2382 
f 2386/2386/2386 2383/2383/2383 2385/2385/2385 
f 2384/2384/2384 2386/2386/2386 2387/2387/2387 
f 2385/2385/2385 2387/2387/2387 2386/2386/2386 
f 2390/2390/2390 2391/2391/2391 2392/2392/2392 
f 2391/2391/2391 2390/2390/2390 2393/2393/2393 
f 2396/2396/2396 2397/2397/2397 2398/2398/2398 
f 2397/2397/2397 2396/2396/2396 2399/2399/2399 
f 2403/2403/2403 2404/2404/2404 2405/2405/2405 
f 2405/2405/2405 2404/2404/2404 2406/2406/2406 
f 2407/2407/2407 2408/2408/2408 2409/2409/2409 
f 2409/2409/2409 2408/2408/2408 2410/2410/2410 
f 2415/2415/2415 2416/2416/2416 2417/2417/2417 
f 2416/2416/2416 2415/2415/2415 2418/2418/2418 
f 2416/2416/2416 2418/2418/2418 2419/2419/2419 
f 2420/2420/2420 2421/2421/2421 2422/2422/2422 
f 2420/2420/2420 2422/2422/2422 2423/2423/2423 
f 2429/2429/2429 2430/2430/2430 2431/2431/2431 
f 2431/2431/2431 2430/2430/2430 2432/2432/2432 
f 2433/2433/2433 2434/2434/2434 2435/2435/2435 
f 2435/2435/2435 2434/2434/2434 2436/2436/2436 
f 2439/2439/2439 2440/2440/2440 2441/2441/2441 
f 2441/2441/2441 2440/2440/2440 2442/2442/2442 
f 2443/2443/2443 2444/2444/2444 2445/2445/2445 
f 2444/2444/2444 2443/2443/2443 2446/2446/2446 
f 2447/2447/2447 2448/2448/2448 2449/2449/2449 
f 2448/2448/2448 2447/2447/2447 2450/2450/2450 
f 2453/2453/2453 2454/2454/2454 2455/2455/2455 
f 2454/2454/2454 2453/2453/2453 2456/2456/2456 
f 2464/2464/2464 2465/2465/2465 2466/2466/2466 
f 2466/2466/2466 2465/2465/2465 2467/2467/2467 
f 2468/2468/2468 2469/2469/2469 2470/2470/2470 
f 2470/2470/2470 2469/2469/2469 2471/2471/2471 
f 2479/2479/2479 2478/2478/2478 2480/2480/2480 
f 2478/2478/2478 2479/2479/2479 2481/2481/2481 
f 2478/2478/2478 2481/2481/2481 2482/2482/2482 
f 2484/2484/2484 2483/2483/2483 2482/2482/2482 
f 2483/2483/2483 2484/2484/2484 2485/2485/2485 
f 2483/2483/2483 2485/2485/2485 2486/2486/2486 
f 2490/2490/2490 2491/2491/2491 2492/2492/2492 
f 2492/2492/2492 2491/2491/2491 2493/2493/2493 
f 2494/2494/2494 2495/2495/2495 2496/2496/2496 
f 2496/2496/2496 2495/2495/2495 2497/2497/2497 
f 2500/2500/2500 2501/2501/2501 2502/2502/2502 
f 2502/2502/2502 2501/2501/2501 2503/2503/2503 
f 2504/2504/2504 2505/2505/2505 2506/2506/2506 
f 2506/2506/2506 2505/2505/2505 2507/2507/2507 

g Meshpart6

v -410.43 6.30915 -1.50845 
v -410.395 6.32117 -1.50256 
v -410.429 6.30741 -1.51428 
v -410.395 6.32117 -1.51435 
v -410.445 6.27435 -1.50845 
v -410.396 6.31525 -1.51658 
v -410.425 6.30327 -1.51657 
v -410.396 6.30955 -1.51414 
v -410.442 6.27435 -1.51428 
v -410.421 6.29928 -1.51408 
v -410.419 6.29768 -1.50845 
v -410.396 6.30718 -1.50845 
v -410.436 6.27435 -1.51657 
v -410.431 6.27435 -1.51408 
v -410.429 6.27435 -1.50845 
v -410.419 6.25102 -1.50845 
v -410.421 6.24942 -1.51408 
v -410.425 6.24543 -1.51657 
v -410.396 6.23915 -1.51414 
v -410.396 6.24152 -1.50845 
v -410.396 6.23345 -1.51658 
v -410.429 6.24129 -1.51428 
v -410.395 6.22753 -1.51435 
v -410.429 6.30741 -1.50262 
v -410.395 6.32373 -1.50845 
v -410.43 6.30915 -1.50845 
v -410.395 6.32117 -1.50256 
v -410.429 6.30741 -1.51428 
v -410.395 6.32117 -1.51435 
v -410.396 6.30955 -1.51414 
v -410.419 6.25102 -1.50845 
v -410.421 6.24942 -1.51408 
v -410.425 6.24543 -1.51657 
v -410.396 6.23915 -1.51414 
v -410.396 6.24152 -1.50845 
v -410.396 6.23915 -1.50277 
v -410.395 6.22753 -1.51435 
v -410.425 6.24543 -1.50033 
v -410.421 6.24942 -1.50283 
v -410.425 6.30327 -1.50033 
v -410.421 6.29928 -1.50283 
v -410.425 6.30327 -1.51657 
v -410.421 6.29928 -1.51408 
v -410.419 6.29768 -1.50845 
v -410.436 6.27435 -1.51657 
v -410.431 6.27435 -1.51408 
v -410.429 6.27435 -1.50845 
v -410.431 6.27435 -1.50283 
v -410.419 6.25102 -1.50845 
v -410.421 6.24942 -1.51408 
v -410.425 6.24543 -1.51657 
v -410.425 6.24543 -1.50033 
v -410.436 6.27435 -1.50033 
v -410.421 6.24942 -1.50283 
v -410.429 6.30741 -1.50262 
v -410.43 6.30915 -1.50845 
v -410.395 6.32117 -1.50256 
v -410.396 6.31525 -1.50033 
v -410.445 6.27435 -1.50845 
v -410.425 6.30327 -1.50033 
v -410.396 6.30955 -1.50277 
v -410.442 6.27435 -1.50262 
v -410.421 6.29928 -1.50283 
v -410.419 6.29768 -1.50845 
v -410.396 6.30718 -1.50845 
v -410.429 6.27435 -1.50845 
v -410.431 6.27435 -1.50283 
v -410.419 6.25102 -1.50845 
v -410.396 6.24152 -1.50845 
v -410.396 6.23915 -1.50277 
v -410.395 6.22753 -1.51435 
v -410.43 6.23955 -1.50845 
v -410.429 6.24129 -1.50262 
v -410.395 6.22753 -1.50256 
v -410.396 6.23345 -1.50033 
v -410.425 6.24543 -1.50033 
v -410.436 6.27435 -1.50033 
v -410.421 6.24942 -1.50283 
v -410.395 6.32117 -1.50256 
v -410.425 6.30327 -1.50033 
v -410.396 6.30955 -1.50277 
v -410.421 6.29928 -1.50283 
v -410.425 6.30327 -1.51657 
v -410.396 6.30955 -1.51414 
v -410.421 6.29928 -1.51408 
v -410.419 6.29768 -1.50845 
v -410.396 6.30718 -1.50845 
v -410.396 6.23915 -1.50277 
v -410.429 6.24129 -1.51428 
v -410.395 6.22753 -1.51435 
v -410.395 6.22497 -1.50845 
v -410.43 6.23955 -1.50845 
v -410.429 6.24129 -1.50262 
v -410.395 6.22753 -1.50256 
v -410.429 6.30741 -1.50262 
v -410.43 6.30915 -1.50845 
v -410.429 6.30741 -1.51428 
v -410.445 6.27435 -1.50845 
v -410.442 6.27435 -1.50262 
v -410.442 6.27435 -1.51428 
v -410.429 6.24129 -1.51428 
v -410.43 6.23955 -1.50845 
v -410.429 6.24129 -1.50262 

vn -0.708661 0.708661 0 
vn -0.299213 0.716535 0.629921 
vn -0.519685 0.527559 -0.669291 
vn -0.299213 0.716535 -0.629921 
vn -1 0 0 
vn -0.0393701 0.102362 -0.992126 
vn -0.0551181 0.0551181 -1 
vn 0.267717 -0.629921 -0.724409 
vn -0.740157 0 -0.669291 
vn 0.472441 -0.472441 -0.740157 
vn 0.708661 -0.700787 0 
vn 0.385827 -0.92126 0 
vn -0.0708661 0 -1 
vn 0.669291 0 -0.748031 
vn 1 0 0 
vn 0.708661 0.708661 0 
vn 0.472441 0.472441 -0.740157 
vn -0.0551181 -0.0551181 -1 
vn 0.267717 0.629921 -0.732283 
vn 0.385827 0.92126 0 
vn -0.0393701 -0.102362 -0.992126 
vn -0.519685 -0.527559 -0.669291 
vn -0.299213 -0.716535 -0.629921 
vn -0.519685 0.527559 0.669291 
vn -0.377953 0.929134 0 
vn -0.708661 0.708661 0 
vn -0.299213 0.716535 0.629921 
vn -0.519685 0.527559 -0.669291 
vn -0.299213 0.716535 -0.629921 
vn 0.267717 -0.629921 -0.724409 
vn 0.708661 0.708661 0 
vn 0.472441 0.472441 -0.740157 
vn -0.0551181 -0.0551181 -1 
vn 0.267717 0.629921 -0.732283 
vn 0.385827 0.92126 0 
vn 0.267717 0.629921 0.732283 
vn -0.299213 -0.716535 -0.629921 
vn -0.0551181 -0.0551181 1 
vn 0.472441 0.472441 0.740157 
vn -0.0551181 0.0551181 1 
vn 0.472441 -0.472441 0.740157 
vn -0.0551181 0.0551181 -1 
vn 0.472441 -0.472441 -0.740157 
vn 0.708661 -0.700787 0 
vn -0.0708661 0 -1 
vn 0.669291 0 -0.748031 
vn 1 0 0 
vn 0.669291 0 0.748031 
vn 0.708661 0.708661 0 
vn 0.472441 0.472441 -0.740157 
vn -0.0551181 -0.0551181 -1 
vn -0.0551181 -0.0551181 1 
vn -0.0708661 0 1 
vn 0.472441 0.472441 0.740157 
vn -0.519685 0.527559 0.669291 
vn -0.708661 0.708661 0 
vn -0.299213 0.716535 0.629921 
vn -0.0393701 0.102362 0.992126 
vn -1 0 0 
vn -0.0551181 0.0551181 1 
vn 0.267717 -0.629921 0.732283 
vn -0.740157 0 0.669291 
vn 0.472441 -0.472441 0.740157 
vn 0.708661 -0.700787 0 
vn 0.385827 -0.92126 0 
vn 1 0 0 
vn 0.669291 0 0.748031 
vn 0.708661 0.708661 0 
vn 0.385827 0.92126 0 
vn 0.267717 0.629921 0.732283 
vn -0.299213 -0.716535 -0.629921 
vn -0.708661 -0.708661 0 
vn -0.519685 -0.527559 0.669291 
vn -0.299213 -0.716535 0.629921 
vn -0.0393701 -0.102362 0.992126 
vn -0.0551181 -0.0551181 1 
vn -0.0708661 0 1 
vn 0.472441 0.472441 0.740157 
vn -0.299213 0.716535 0.629921 
vn -0.0551181 0.0551181 1 
vn 0.267717 -0.629921 0.732283 
vn 0.472441 -0.472441 0.740157 
vn -0.0551181 0.0551181 -1 
vn 0.267717 -0.629921 -0.724409 
vn 0.472441 -0.472441 -0.740157 
vn 0.708661 -0.700787 0 
vn 0.385827 -0.92126 0 
vn 0.267717 0.629921 0.732283 
vn -0.519685 -0.527559 -0.669291 
vn -0.299213 -0.716535 -0.629921 
vn -0.377953 -0.929134 0 
vn -0.708661 -0.708661 0 
vn -0.519685 -0.527559 0.669291 
vn -0.299213 -0.716535 0.629921 
vn -0.519685 0.527559 0.669291 
vn -0.708661 0.708661 0 
vn -0.519685 0.527559 -0.669291 
vn -1 0 0 
vn -0.740157 0 0.669291 
vn -0.740157 0 -0.669291 
vn -0.519685 -0.527559 -0.669291 
vn -0.708661 -0.708661 0 
vn -0.519685 -0.527559 0.669291 

vt 60.0013 -8.99565 
vt 59.9969 -8.99415 
vt 60.0011 -8.99587 
vt 59.9969 -8.99415 
vt 60.0031 -9 
vt 59.997 -8.99489 
vt 60.0006 -8.99638 
vt 59.997 -8.9956 
vt 60.0028 -9 
vt 60.0001 -8.99688 
vt 59.9999 -8.99708 
vt 59.9971 -8.9959 
vt 60.0021 -9 
vt 60.0014 -9 
vt 60.0011 -9 
vt 59.9999 -9.00292 
vt 60.0001 -9.00312 
vt 60.0006 -9.00362 
vt 59.997 -9.0044 
vt 59.9971 -9.0041 
vt 59.997 -9.00511 
vt 60.0011 -9.00413 
vt 59.9969 -9.00585 
vt 60.0007 -9.00111 
vt 60 -8.99687 
vt 60 -9.00133 
vt 60.0007 -8.9969 
vt 59.9993 -9.00111 
vt 59.9993 -8.9969 
vt 59.9993 -8.99705 
vt 60 -8.99989 
vt 59.9993 -9.00009 
vt 59.999 -9.00059 
vt 59.9993 -8.99705 
vt 60 -8.99708 
vt 60.0007 -8.99705 
vt 59.9993 -8.9969 
vt 60.001 -9.00059 
vt 60.0007 -9.00009 
vt 59.999 -8.99638 
vt 59.9993 -8.99688 
vt 60.001 -8.99638 
vt 60.0007 -8.99688 
vt 60 -8.99708 
vt 60.001 -9 
vt 60.0007 -9 
vt 60 -9 
vt 59.9993 -9 
vt 60 -9.00292 
vt 60.0007 -9.00312 
vt 60.001 -9.00362 
vt 59.999 -9.00362 
vt 59.999 -9 
vt 59.9993 -9.00312 
vt 59.9989 -8.99587 
vt 59.9987 -8.99565 
vt 60.0031 -8.99415 
vt 60.003 -8.99489 
vt 59.9969 -9 
vt 59.9994 -8.99638 
vt 60.003 -8.9956 
vt 59.9972 -9 
vt 59.9999 -8.99688 
vt 60.0001 -8.99708 
vt 60.0029 -8.9959 
vt 59.9989 -9 
vt 59.9986 -9 
vt 60.0001 -9.00292 
vt 60.0029 -9.0041 
vt 60.003 -9.0044 
vt 60.0031 -9.00585 
vt 59.9987 -9.00435 
vt 59.9989 -9.00413 
vt 60.0031 -9.00585 
vt 60.003 -9.00511 
vt 59.9994 -9.00362 
vt 59.9979 -9 
vt 59.9999 -9.00312 
vt 59.9993 -8.9969 
vt 59.999 -9.00059 
vt 59.9993 -8.99705 
vt 59.9993 -9.00009 
vt 60.001 -9.00059 
vt 60.0007 -8.99705 
vt 60.0007 -9.00009 
vt 60 -8.99989 
vt 60 -8.99708 
vt 59.9993 -8.99705 
vt 60.0007 -9.00111 
vt 60.0007 -8.9969 
vt 60 -8.99687 
vt 60 -9.00133 
vt 59.9993 -9.00111 
vt 59.9993 -8.9969 
vt 60.0007 -8.99587 
vt 60 -8.99565 
vt 59.9993 -8.99587 
vt 60 -9 
vt 60.0007 -9 
vt 59.9993 -9 
vt 59.9993 -9.00413 
vt 60 -9.00435 
vt 60.0007 -9.00413 

usemtl Meshpart6Mtl

f 2513/2513/2513 2510/2510/2510 2511/2511/2511 
f 2510/2510/2510 2513/2513/2513 2514/2514/2514 
f 2515/2515/2515 2514/2514/2514 2513/2513/2513 
f 2516/2516/2516 2510/2510/2510 2514/2514/2514 
f 2514/2514/2514 2515/2515/2515 2517/2517/2517 
f 2520/2520/2520 2514/2514/2514 2517/2517/2517 
f 2516/2516/2516 2514/2514/2514 2520/2520/2520 
f 2520/2520/2520 2517/2517/2517 2521/2521/2521 
f 2524/2524/2524 2520/2520/2520 2521/2521/2521 
f 2525/2525/2525 2516/2516/2516 2520/2520/2520 
f 2520/2520/2520 2524/2524/2524 2525/2525/2525 
f 2526/2526/2526 2525/2525/2525 2524/2524/2524 
f 2525/2525/2525 2526/2526/2526 2528/2528/2528 
f 2516/2516/2516 2525/2525/2525 2529/2529/2529 
f 2528/2528/2528 2529/2529/2529 2525/2525/2525 
f 2529/2529/2529 2528/2528/2528 2530/2530/2530 
f 2531/2531/2531 2532/2532/2532 2533/2533/2533 
f 2532/2532/2532 2531/2531/2531 2534/2534/2534 
f 2532/2532/2532 2535/2535/2535 2533/2533/2533 
f 2535/2535/2535 2532/2532/2532 2536/2536/2536 
f 2541/2541/2541 2539/2539/2539 2538/2538/2538 
f 2538/2538/2538 2542/2542/2542 2541/2541/2541 
f 2538/2538/2538 2543/2543/2543 2542/2542/2542 
f 2543/2543/2543 2538/2538/2538 2546/2546/2546 
f 2551/2551/2551 2553/2553/2553 2550/2550/2550 
f 2553/2553/2553 2551/2551/2551 2554/2554/2554 
f 2555/2555/2555 2551/2551/2551 2548/2548/2548 
f 2551/2551/2551 2555/2555/2555 2554/2554/2554 
f 2556/2556/2556 2553/2553/2553 2554/2554/2554 
f 2555/2555/2555 2556/2556/2556 2554/2554/2554 
f 2553/2553/2553 2556/2556/2556 2557/2557/2557 
f 2556/2556/2556 2555/2555/2555 2561/2561/2561 
f 2562/2562/2562 2565/2565/2565 2564/2564/2564 
f 2565/2565/2565 2562/2562/2562 2567/2567/2567 
f 2567/2567/2567 2568/2568/2568 2565/2565/2565 
f 2569/2569/2569 2567/2567/2567 2562/2562/2562 
f 2568/2568/2568 2567/2567/2567 2570/2570/2570 
f 2580/2580/2580 2581/2581/2581 2582/2582/2582 
f 2580/2580/2580 2582/2582/2582 2583/2583/2583 
f 2583/2583/2583 2569/2569/2569 2580/2580/2580 
f 2583/2583/2583 2582/2582/2582 2577/2577/2577 
f 2569/2569/2569 2583/2583/2583 2584/2584/2584 
f 2567/2567/2567 2569/2569/2569 2584/2584/2584 
f 2584/2584/2584 2570/2570/2570 2567/2567/2567 
f 2570/2570/2570 2584/2584/2584 2574/2574/2574 
f 2585/2585/2585 2584/2584/2584 2583/2583/2583 
f 2583/2583/2583 2577/2577/2577 2585/2585/2585 
f 2584/2584/2584 2585/2585/2585 2574/2574/2574 
f 2593/2593/2593 2588/2588/2588 2589/2589/2589 
f 2591/2591/2591 2593/2593/2593 2592/2592/2592 
f 2588/2588/2588 2593/2593/2593 2594/2594/2594 
f 2593/2593/2593 2591/2591/2591 2594/2594/2594 
f 2596/2596/2596 2597/2597/2597 2598/2598/2598 
f 2598/2598/2598 2599/2599/2599 2596/2596/2596 
f 2598/2598/2598 2600/2600/2600 2599/2599/2599 
f 2600/2600/2600 2598/2598/2598 2601/2601/2601 
f 2605/2605/2605 2602/2602/2602 2603/2603/2603 
f 2605/2605/2605 2603/2603/2603 2604/2604/2604 
f 2602/2602/2602 2605/2605/2605 2606/2606/2606 
f 2604/2604/2604 2607/2607/2607 2605/2605/2605 
f 2608/2608/2608 2605/2605/2605 2607/2607/2607 
f 2605/2605/2605 2608/2608/2608 2609/2609/2609 
f 2605/2605/2605 2609/2609/2609 2610/2610/2610 
f 2610/2610/2610 2606/2606/2606 2605/2605/2605 

g Meshpart7

v -410.368 6.32195 -1.55606 
v -410.368 6.22675 -1.55606 
v -410.349 6.32477 -1.55888 
v -410.349 6.22393 -1.55888 
v -410.349 6.27435 -1.57976 
v -410.368 6.27435 -1.57577 
v -410.368 6.32195 -1.46085 
v -410.349 6.32477 -1.45803 
v -410.349 6.34566 -1.50845 
v -410.368 6.34167 -1.50845 
v -410.368 6.32195 -1.55606 
v -410.349 6.32477 -1.55888 
v -410.368 6.32195 -1.46085 
v -410.368 6.27435 -1.44113 
v -410.349 6.27435 -1.43715 
v -410.368 6.22675 -1.46085 
v -410.349 6.32477 -1.45803 
v -410.349 6.22393 -1.45803 
v -410.368 6.22675 -1.46085 
v -410.349 6.22393 -1.45803 
v -410.349 6.20304 -1.50845 
v -410.368 6.20703 -1.50845 
v -410.368 6.22675 -1.55606 
v -410.349 6.22393 -1.55888 

vn -0.19685 0.692913 -0.692913 
vn -0.19685 -0.692913 -0.692913 
vn -0.19685 0.692913 -0.692913 
vn -0.19685 -0.692913 -0.692913 
vn -0.19685 0 -0.976378 
vn -0.19685 0 -0.976378 
vn -0.19685 0.692913 0.692913 
vn -0.19685 0.692913 0.692913 
vn -0.19685 0.976378 0 
vn -0.19685 0.976378 0 
vn -0.19685 0.692913 -0.692913 
vn -0.19685 0.692913 -0.692913 
vn -0.19685 0.692913 0.692913 
vn -0.19685 0 0.976378 
vn -0.19685 0 0.976378 
vn -0.19685 -0.692913 0.692913 
vn -0.19685 0.692913 0.692913 
vn -0.19685 -0.692913 0.692913 
vn -0.19685 -0.692913 0.692913 
vn -0.19685 -0.692913 0.692913 
vn -0.19685 -0.976378 0 
vn -0.19685 -0.976378 0 
vn -0.19685 -0.692913 -0.692913 
vn -0.19685 -0.692913 -0.692913 

vt 0.0745474 1.04402 
vt 0.0745474 1.03212 
vt 0.0721144 1.04438 
vt 0.0721144 1.03177 
vt 0.0721144 1.03807 
vt 0.0745474 1.03807 
vt 0.0792812 1.03686 
vt 0.0796336 1.03929 
vt 0.0733309 1.03929 
vt 0.0733309 1.03686 
vt 0.0673806 1.03686 
vt 0.0670281 1.03929 
vt 0.0721144 1.04402 
vt 0.0721144 1.03807 
vt 0.0745474 1.03807 
vt 0.0721144 1.03212 
vt 0.0745474 1.04438 
vt 0.0745474 1.03177 
vt 0.0673806 1.03686 
vt 0.0670281 1.03929 
vt 0.0733309 1.03929 
vt 0.0733309 1.03686 
vt 0.0792811 1.03686 
vt 0.0796336 1.03929 

usemtl Meshpart2Mtl

f 2615/2615/2615 2611/2611/2611 2613/2613/2613 
f 2612/2612/2612 2615/2615/2615 2614/2614/2614 
f 2611/2611/2611 2615/2615/2615 2616/2616/2616 
f 2612/2612/2612 2616/2616/2616 2615/2615/2615 
f 2619/2619/2619 2617/2617/2617 2618/2618/2618 
f 2617/2617/2617 2619/2619/2619 2620/2620/2620 
f 2621/2621/2621 2620/2620/2620 2619/2619/2619 
f 2621/2621/2621 2619/2619/2619 2622/2622/2622 
f 2623/2623/2623 2624/2624/2624 2625/2625/2625 
f 2626/2626/2626 2625/2625/2625 2624/2624/2624 
f 2623/2623/2623 2625/2625/2625 2627/2627/2627 
f 2625/2625/2625 2626/2626/2626 2628/2628/2628 
f 2629/2629/2629 2631/2631/2631 2630/2630/2630 
f 2629/2629/2629 2632/2632/2632 2631/2631/2631 
f 2633/2633/2633 2631/2631/2631 2632/2632/2632 
f 2631/2631/2631 2633/2633/2633 2634/2634/2634 

g Meshpart8

v -410.398 6.23725 -1.54556 
v -410.398 6.27435 -1.56093 
v -410.368 6.27435 -1.57577 
v -410.398 6.31145 -1.54556 
v -410.368 6.22675 -1.55606 
v -410.368 6.32195 -1.55606 
v -410.349 6.32477 -1.55888 
v -410.293 6.33038 -1.56448 
v -410.293 6.27435 -1.58769 
v -410.349 6.27435 -1.57976 
v -410.349 6.22393 -1.55888 
v -410.293 6.21832 -1.56448 
v -410.398 6.31145 -1.54556 
v -410.368 6.32195 -1.55606 
v -410.368 6.34167 -1.50845 
v -410.398 6.32682 -1.50845 
v -410.398 6.31145 -1.47135 
v -410.368 6.32195 -1.46085 
v -410.349 6.32477 -1.45803 
v -410.293 6.35358 -1.50845 
v -410.349 6.34566 -1.50845 
v -410.349 6.32477 -1.55888 
v -410.293 6.33038 -1.45243 
v -410.293 6.33038 -1.56448 
v -410.398 6.23725 -1.47135 
v -410.398 6.31145 -1.47135 
v -410.368 6.22675 -1.46085 
v -410.368 6.32195 -1.46085 
v -410.368 6.27435 -1.44113 
v -410.398 6.27435 -1.45598 
v -410.349 6.32477 -1.45803 
v -410.293 6.33038 -1.45243 
v -410.293 6.27435 -1.42922 
v -410.349 6.27435 -1.43715 
v -410.349 6.22393 -1.45803 
v -410.293 6.21832 -1.45243 
v -410.398 6.23725 -1.54556 
v -410.368 6.22675 -1.55606 
v -410.368 6.20703 -1.50845 
v -410.398 6.22188 -1.50845 
v -410.398 6.23725 -1.47135 
v -410.368 6.22675 -1.46085 
v -410.349 6.22393 -1.45803 
v -410.349 6.22393 -1.55888 
v -410.293 6.21832 -1.45243 
v -410.293 6.21832 -1.56448 
v -410.293 6.19512 -1.50845 
v -410.349 6.20304 -1.50845 
v -410.398 6.23725 -1.54556 
v -410.398 6.31145 -1.47135 
v -410.398 6.31145 -1.54556 
v -410.398 6.32682 -1.50845 
v -410.398 6.27435 -1.56093 
v -410.398 6.23725 -1.47135 
v -410.398 6.27435 -1.45598 
v -410.398 6.22188 -1.50845 

vn -0.440945 -0.629921 -0.629921 
vn -0.440945 0 -0.897638 
vn -0.440945 0 -0.897638 
vn -0.440945 0.629921 -0.629921 
vn -0.440945 -0.629921 -0.629921 
vn -0.440945 0.629921 -0.629921 
vn -0.141732 0.700787 -0.700787 
vn -0.141732 0.700787 -0.700787 
vn -0.141732 0 -0.992126 
vn -0.141732 0 -0.992126 
vn -0.141732 -0.700787 -0.700787 
vn -0.141732 -0.700787 -0.700787 
vn -0.440945 0.629921 -0.629921 
vn -0.440945 0.629921 -0.629921 
vn -0.440945 0.897638 0 
vn -0.440945 0.897638 0 
vn -0.440945 0.629921 0.629921 
vn -0.440945 0.629921 0.629921 
vn -0.141732 0.700787 0.700787 
vn -0.141732 0.992126 0 
vn -0.141732 0.992126 0 
vn -0.141732 0.700787 -0.700787 
vn -0.141732 0.700787 0.700787 
vn -0.141732 0.700787 -0.700787 
vn -0.440945 -0.629921 0.629921 
vn -0.440945 0.629921 0.629921 
vn -0.440945 -0.629921 0.629921 
vn -0.440945 0.629921 0.629921 
vn -0.440945 0 0.897638 
vn -0.440945 0 0.897638 
vn -0.141732 0.700787 0.700787 
vn -0.141732 0.700787 0.700787 
vn -0.141732 0 0.992126 
vn -0.141732 0 0.992126 
vn -0.141732 -0.700787 0.700787 
vn -0.141732 -0.700787 0.700787 
vn -0.440945 -0.629921 -0.629921 
vn -0.440945 -0.629921 -0.629921 
vn -0.440945 -0.897638 0 
vn -0.440945 -0.897638 0 
vn -0.440945 -0.629921 0.629921 
vn -0.440945 -0.629921 0.629921 
vn -0.141732 -0.700787 0.700787 
vn -0.141732 -0.700787 -0.700787 
vn -0.141732 -0.700787 0.700787 
vn -0.141732 -0.700787 -0.700787 
vn -0.141732 -0.992126 0 
vn -0.141732 -0.992126 0 
vn -1 0 0 
vn -1 0 0 
vn -1 0 0 
vn -1 0 0 
vn -1 0 0 
vn -1 0 0 
vn -1 0 0 
vn -1 0 0 

vt -0.0611994 0.845658 
vt -0.0611994 0.850296 
vt -0.0649429 0.850296 
vt -0.0611994 0.854934 
vt -0.0649429 0.844345 
vt -0.0649429 0.856246 
vt -0.0673759 0.856598 
vt -0.0743087 0.857299 
vt -0.0743087 0.850296 
vt -0.0673759 0.850296 
vt -0.0673759 0.843993 
vt -0.0743087 0.843292 
vt -0.0723918 0.843741 
vt -0.0737043 0.847485 
vt -0.067754 0.847485 
vt -0.067754 0.843741 
vt -0.0631163 0.843741 
vt -0.0618038 0.847485 
vt -0.0614513 0.849918 
vt -0.067754 0.85685 
vt -0.067754 0.849918 
vt -0.0740568 0.849918 
vt -0.0607508 0.85685 
vt -0.0747573 0.85685 
vt -0.0743087 0.845658 
vt -0.0743087 0.854934 
vt -0.0705652 0.844345 
vt -0.0705652 0.856246 
vt -0.0705652 0.850296 
vt -0.0743087 0.850296 
vt -0.0681322 0.856598 
vt -0.0611994 0.857299 
vt -0.0611994 0.850296 
vt -0.0681322 0.850296 
vt -0.0681322 0.843993 
vt -0.0611994 0.843292 
vt -0.0631163 0.843741 
vt -0.0618038 0.847485 
vt -0.067754 0.847485 
vt -0.067754 0.843741 
vt -0.0723918 0.843741 
vt -0.0737043 0.847485 
vt -0.0740568 0.849918 
vt -0.0614513 0.849918 
vt -0.0747573 0.85685 
vt -0.0607508 0.85685 
vt -0.067754 0.85685 
vt -0.067754 0.849918 
vt -0.0723918 0.845658 
vt -0.0631163 0.854934 
vt -0.0723918 0.854934 
vt -0.067754 0.856855 
vt -0.074313 0.850296 
vt -0.0631163 0.845658 
vt -0.061195 0.850296 
vt -0.067754 0.843737 

usemtl Meshpart8Mtl

f 2635/2635/2635 2636/2636/2636 2637/2637/2637 
f 2638/2638/2638 2637/2637/2637 2636/2636/2636 
f 2637/2637/2637 2639/2639/2639 2635/2635/2635 
f 2637/2637/2637 2638/2638/2638 2640/2640/2640 
f 2643/2643/2643 2641/2641/2641 2642/2642/2642 
f 2641/2641/2641 2643/2643/2643 2644/2644/2644 
f 2643/2643/2643 2645/2645/2645 2644/2644/2644 
f 2645/2645/2645 2643/2643/2643 2646/2646/2646 
f 2649/2649/2649 2648/2648/2648 2647/2647/2647 
f 2647/2647/2647 2650/2650/2650 2649/2649/2649 
f 2651/2651/2651 2649/2649/2649 2650/2650/2650 
f 2649/2649/2649 2651/2651/2651 2652/2652/2652 
f 2653/2653/2653 2654/2654/2654 2655/2655/2655 
f 2654/2654/2654 2656/2656/2656 2655/2655/2655 
f 2654/2654/2654 2653/2653/2653 2657/2657/2657 
f 2656/2656/2656 2654/2654/2654 2658/2658/2658 
f 2663/2663/2663 2659/2659/2659 2661/2661/2661 
f 2663/2663/2663 2662/2662/2662 2660/2660/2660 
f 2659/2659/2659 2663/2663/2663 2664/2664/2664 
f 2660/2660/2660 2664/2664/2664 2663/2663/2663 
f 2665/2665/2665 2667/2667/2667 2666/2666/2666 
f 2667/2667/2667 2665/2665/2665 2668/2668/2668 
f 2669/2669/2669 2667/2667/2667 2668/2668/2668 
f 2667/2667/2667 2669/2669/2669 2670/2670/2670 
f 2673/2673/2673 2671/2671/2671 2672/2672/2672 
f 2671/2671/2671 2673/2673/2673 2674/2674/2674 
f 2675/2675/2675 2674/2674/2674 2673/2673/2673 
f 2673/2673/2673 2676/2676/2676 2675/2675/2675 
f 2677/2677/2677 2681/2681/2681 2679/2679/2679 
f 2681/2681/2681 2678/2678/2678 2680/2680/2680 
f 2681/2681/2681 2677/2677/2677 2682/2682/2682 
f 2678/2678/2678 2681/2681/2681 2682/2682/2682 
f 2683/2683/2683 2684/2684/2684 2685/2685/2685 
f 2685/2685/2685 2684/2684/2684 2686/2686/2686 
f 2683/2683/2683 2685/2685/2685 2687/2687/2687 
f 2683/2683/2683 2688/2688/2688 2684/2684/2684 
f 2684/2684/2684 2688/2688/2688 2689/2689/2689 
f 2688/2688/2688 2683/2683/2683 2690/2690/2690 

