# This file is brought to you by Roblox Corporation
# Generated by Roblox Studio

mtllib Paintball Gun.mtl

g Meshpart1

v -319.938 5.93958 -3.51502 
v -319.85 5.97589 -3.51502 
v -319.85 5.94052 -3.51502 
v -319.763 5.93958 -3.51502 
v -319.913 5.91457 -3.51502 
v -319.788 5.91457 -3.51502 
v -319.974 5.85193 -3.51502 
v -319.762 5.85193 -3.51502 
v -319.939 5.85193 -3.51502 
v -319.726 5.85193 -3.51502 
v -319.913 5.78929 -3.51502 
v -319.763 5.76428 -3.51502 
v -319.938 5.76428 -3.51502 
v -319.788 5.78929 -3.51502 
v -319.85 5.76335 -3.51502 
v -319.85 5.72797 -3.51502 
v -319.913 5.91457 -2.65421 
v -319.85 5.94052 -2.65421 
v -319.939 5.85193 -2.65421 
v -319.788 5.91457 -2.65421 
v -319.913 5.78929 -2.65421 
v -319.762 5.85193 -2.65421 
v -319.788 5.78929 -2.65421 
v -319.85 5.76335 -2.65421 
v -319.85 6.14473 0.531454 
v -319.525 5.81904 0.531454 
v -319.85 5.27477 -1.64123 
v -320.081 5.61646 -1.64123 
v -319.62 5.61646 -1.64123 
v -320.081 5.37016 -1.64123 
v -319.62 5.37016 -1.64123 
v -320.081 6.04934 -1.64123 
v -320.176 5.81904 -1.64123 
v -319.85 6.14473 -1.64123 
v -319.62 6.04934 -1.64123 
v -319.525 5.81904 -1.64123 
v -320.015 5.63898 -1.44808 
v -319.686 5.63898 -1.44808 
v -320.015 5.36378 -1.44808 
v -319.686 5.36378 -1.44808 
v -319.889 4.48132 -1.00335 
v -319.85 4.4711 -1.01551 
v -319.812 4.48132 -1.00335 
v -319.796 4.506 -0.974016 
v -319.812 4.78147 -1.03634 
v -319.889 4.61803 -1.07989 
v -319.889 4.78147 -1.11165 
v -319.85 4.78147 -1.12725 
v -319.85 4.61505 -1.09549 
v -319.812 4.61803 -1.07989 
v -319.812 4.78147 -1.11165 
v -319.85 5.27477 0.32719 
v -319.73 6.00855 -1.07117 
v -319.73 6.24826 -1.07117 
v -319.766 6.00855 -1.15592 
v -319.766 6.24826 -1.15592 
v -319.85 6.00855 -1.19103 
v -319.97 6.24826 -1.07117 
v -319.85 6.24826 -1.19103 
v -319.97 6.00855 -1.07117 
v -319.935 6.00855 -1.15592 
v -319.935 6.24826 -1.15592 
v -319.946 6.24826 -1.07117 
v -319.918 6.10449 -1.00337 
v -319.918 6.24826 -1.00337 
v -319.85 6.10449 -0.97529 
v -319.85 6.24826 -0.97529 
v -319.754 6.24826 -1.07117 
v -319.782 6.10449 -1.00337 
v -319.782 6.24826 -1.00337 
v -319.698 5.42442 -0.38364 
v -320.002 4.6238 -0.188514 
v -320.002 5.42442 -0.38364 
v -319.698 4.6238 -0.188514 
v -319.698 4.55526 -0.23019 
v -320.002 4.55526 -0.23019 
v -319.698 4.44505 -0.20333 
v -320.002 4.44505 -0.20333 
v -319.85 6.14473 -1.43697 
v -319.85 5.27477 -1.43697 
v -319.798 4.3708 0.157468 
v -319.798 4.55707 0.157468 
v -319.798 4.55707 0.0550337 
v -319.798 4.3708 0.0550337 
v -319.85 4.55707 0.0338197 
v -319.902 4.3708 0.0550337 
v -319.85 4.3708 0.0338197 
v -319.902 4.55707 0.0550337 
v -319.85 5.27477 0.32719 
v -320.081 5.61646 0.32719 
v -319.62 5.61646 0.32719 
v -320.081 5.37016 0.32719 
v -319.62 5.37016 0.32719 
v -320.081 6.04934 0.32719 
v -320.176 5.81904 0.32719 
v -319.85 6.14473 0.32719 
v -319.62 6.04934 0.32719 
v -319.525 5.81904 0.32719 
v -319.675 4.12296 0.510216 
v -319.602 4.29861 0.510216 
v -319.71 4.15804 0.386342 
v -319.675 4.47426 0.510216 
v -320.026 4.12296 0.510216 
v -319.991 4.15804 0.386342 
v -319.71 4.43918 0.386342 
v -319.651 4.29861 0.386342 
v -319.738 4.29861 0.30376 
v -319.771 4.3777 0.30376 
v -319.771 4.21952 0.30376 
v -319.85 4.49741 0.386342 
v -319.85 4.41045 0.30376 
v -319.929 4.3777 0.30376 
v -319.85 4.09981 0.386342 
v -319.85 4.18676 0.30376 
v -319.929 4.21952 0.30376 
v -319.962 4.29861 0.30376 
v -319.991 4.43918 0.386342 
v -320.049 4.29861 0.386342 
v -320.056 4.29861 1.71534 
v -319.996 4.44389 1.71534 
v -319.85 4.54702 1.64864 
v -320.026 4.47426 1.64864 
v -319.85 4.50407 1.71534 
v -319.705 4.44389 1.71534 
v -319.675 4.47426 1.64864 
v -319.602 4.29861 1.64864 
v -319.913 5.78929 -3.51502 
v -319.913 5.78929 -2.65421 
v -319.85 5.76335 -3.51502 
v -319.762 5.85193 -2.65421 
v -319.762 5.85193 -3.51502 
v -319.788 5.78929 -2.65421 
v -319.788 5.78929 -3.51502 
v -319.85 5.76335 -2.65421 
v -319.938 5.93958 -3.51502 
v -319.982 5.98341 -2.66524 
v -319.85 6.03788 -2.66524 
v -319.85 5.97589 -3.51502 
v -319.763 5.93958 -3.51502 
v -319.719 5.72045 -2.66524 
v -319.719 5.98341 -2.66524 
v -319.726 5.85193 -3.51502 
v -319.85 6.24826 -1.19103 
v -319.935 6.24826 -1.15592 
v -319.918 6.24826 -1.13897 
v -319.97 6.24826 -1.07117 
v -319.85 6.24826 -1.16706 
v -319.946 6.24826 -1.07117 
v -319.782 6.24826 -1.13897 
v -319.918 6.24826 -1.00337 
v -319.766 6.24826 -1.15592 
v -319.935 6.24826 -0.986424 
v -319.73 6.24826 -1.07117 
v -319.85 6.24826 -0.95132 
v -319.754 6.24826 -1.07117 
v -319.85 6.24826 -0.97529 
v -319.782 6.24826 -1.00337 
v -319.766 6.24826 -0.986424 
v -319.946 6.10449 -1.07117 
v -319.85 6.10449 -0.97529 
v -319.754 6.10449 -1.07117 
v -319.782 6.10449 -1.00337 
v -319.918 6.10449 -1.00337 
v -319.85 6.10449 -1.16706 
v -319.918 6.10449 -1.13897 
v -319.782 6.10449 -1.13897 
v -320.015 5.63898 -1.44808 
v -320.015 5.63898 -0.850876 
v -319.686 5.63898 -0.850876 
v -319.686 5.63898 -1.44808 
v -319.686 5.63898 -0.253676 
v -320.015 5.63898 -0.253676 
v -319.686 5.63898 0.343526 
v -320.015 5.63898 0.343526 
v -319.85 4.35283 -0.114446 
v -319.85 4.35148 -0.424224 
v -319.889 4.33695 -0.114446 
v -319.812 4.33695 -0.114446 
v -319.889 4.33599 -0.427752 
v -319.812 4.33599 -0.427752 
v -319.85 4.38483 -0.661036 
v -319.889 4.36986 -0.666324 
v -319.812 4.36986 -0.666324 
v -319.85 4.45448 -0.826834 
v -319.812 4.44134 -0.835758 
v -319.889 4.44134 -0.835758 
v -319.85 4.54091 -0.932526 
v -319.889 4.53069 -0.944678 
v -319.812 4.53069 -0.944678 
v -319.85 6.14473 0.531454 
v -319.62 6.04934 0.32719 
v -319.85 6.14473 0.32719 
v -319.62 6.04934 0.531454 
v -320.081 6.04934 0.531454 
v -320.081 6.04934 0.32719 
v -319.942 5.94397 -1.55627 
v -319.85 5.98209 -2.47117 
v -319.942 5.94397 -2.47117 
v -319.85 5.98209 -1.55627 
v -319.98 5.85193 -1.55627 
v -319.758 5.94397 -2.47117 
v -319.98 5.85193 -2.47117 
v -319.758 5.94397 -1.55627 
v -319.72 5.85193 -2.47117 
v -319.72 5.85193 -1.55627 
v -319.85 6.14473 -1.43697 
v -319.62 6.04934 -1.64123 
v -319.85 6.14473 -1.64123 
v -319.62 6.04934 -1.43697 
v -320.081 6.04934 -1.43697 
v -320.081 6.04934 -1.64123 
v -319.902 4.3708 0.157468 
v -319.719 5.72045 -2.66524 
v -319.664 5.85193 -2.66524 
v -319.72 5.85193 -2.47117 
v -319.758 5.94397 -2.47117 
v -319.719 5.98341 -2.66524 
v -319.85 6.03788 -2.66524 
v -319.98 5.85193 -2.47117 
v -319.85 5.98209 -2.47117 
v -319.942 5.94397 -2.47117 
v -319.982 5.98341 -2.66524 
v -319.602 4.29861 0.510216 
v -319.602 4.29861 1.64864 
v -319.675 4.47426 0.510216 
v -319.675 4.47426 1.64864 
v -319.85 4.54702 0.510216 
v -319.85 4.54702 1.64864 
v -319.71 4.43918 0.386342 
v -319.85 4.49741 0.386342 
v -319.85 4.41045 0.30376 
v -319.991 4.43918 0.386342 
v -320.026 4.47426 0.510216 
v -320.026 4.47426 1.64864 
v -319.85 5.94052 -3.51502 
v -319.85 5.76335 -3.51502 
v -319.705 4.44389 1.71534 
v -319.675 4.47426 1.64864 
v -319.602 4.29861 1.64864 
v -319.85 4.0502 1.64864 
v -319.645 4.29861 1.71534 
v -319.85 4.09315 1.71534 
v -319.705 4.15333 1.71534 
v -319.675 4.12296 1.64864 
v -319.913 5.91457 -3.51502 
v -319.913 5.91457 -2.65421 
v -319.939 5.85193 -3.51502 
v -319.85 5.94052 -2.65421 
v -319.939 5.85193 -2.65421 
v -319.913 5.78929 -3.51502 
v -319.913 5.78929 -2.65421 
v -319.938 5.93958 -3.51502 
v -319.982 5.98341 -2.66524 
v -319.85 5.66599 -2.66524 
v -319.763 5.76428 -3.51502 
v -319.763 5.93958 -3.51502 
v -319.719 5.72045 -2.66524 
v -319.719 5.98341 -2.66524 
v -319.664 5.85193 -2.66524 
v -319.726 5.85193 -3.51502 
v -319.85 4.35283 -0.114446 
v -319.812 4.33695 -0.114446 
v -319.905 4.29861 -0.114446 
v -319.812 4.33599 -0.427752 
v -319.796 4.29861 -0.114446 
v -319.796 4.29861 -0.436268 
v -319.812 4.26027 -0.114446 
v -319.812 4.36986 -0.666324 
v -319.812 4.26123 -0.444784 
v -319.796 4.33371 -0.679092 
v -319.812 4.44134 -0.835758 
v -319.812 4.29756 -0.691858 
v -319.85 4.28258 -0.697148 
v -319.812 4.37791 -0.878844 
v -319.812 4.48132 -1.00335 
v -319.796 4.40963 -0.8573 
v -319.796 4.506 -0.974016 
v -319.812 4.53069 -0.944678 
v -319.812 4.63243 -1.00458 
v -319.796 4.62523 -1.04223 
v -319.812 4.78147 -1.03634 
v -319.796 4.78147 -1.074 
v -319.889 4.78147 -1.11165 
v -319.812 4.61803 -1.07989 
v -319.812 4.78147 -1.11165 
v -319.686 5.36378 0.343526 
v -319.686 5.63898 -0.253676 
v -319.686 5.63898 0.343526 
v -319.686 5.25288 -0.253676 
v -319.686 5.25288 -0.850876 
v -319.686 5.63898 -0.850876 
v -319.686 5.36378 -1.44808 
v -319.686 5.63898 -1.44808 
v -320.002 5.42442 -0.38364 
v -319.698 4.75024 0.33027 
v -319.698 5.42442 -0.38364 
v -319.698 5.55086 0.135146 
v -319.698 4.6238 -0.188514 
v -319.698 4.69513 0.3437 
v -319.698 4.55526 -0.23019 
v -319.698 4.44505 -0.20333 
v -319.698 4.58492 0.370562 
v -319.62 6.04934 0.32719 
v -319.62 6.04934 0.531454 
v -319.525 5.81904 0.32719 
v -319.525 5.81904 0.531454 
v -319.62 5.61646 0.32719 
v -319.62 5.61646 0.531454 
v -319.62 5.37016 0.531454 
v -319.62 5.37016 0.32719 
v -319.85 5.27477 0.32719 
v -319.766 6.24826 -0.986424 
v -319.766 6.00855 -0.986424 
v -319.73 6.00855 -1.07117 
v -319.73 6.24826 -1.07117 
v -319.766 6.00855 -1.15592 
v -319.766 6.24826 -1.15592 
v -319.918 6.10449 -1.13897 
v -319.918 6.24826 -1.13897 
v -319.946 6.10449 -1.07117 
v -319.946 6.24826 -1.07117 
v -319.85 6.24826 -1.16706 
v -319.918 6.10449 -1.00337 
v -319.918 6.24826 -1.00337 
v -319.758 5.94397 -2.47117 
v -319.758 5.94397 -1.55627 
v -319.72 5.85193 -2.47117 
v -319.72 5.85193 -1.55627 
v -319.758 5.75989 -2.47117 
v -319.758 5.75989 -1.55627 
v -319.85 6.14473 -1.43697 
v -319.62 6.04934 -1.64123 
v -319.62 6.04934 -1.43697 
v -319.525 5.81904 -1.64123 
v -319.525 5.81904 -1.43697 
v -319.62 5.61646 -1.64123 
v -319.62 5.61646 -1.43697 
v -319.62 5.37016 -1.43697 
v -319.62 5.37016 -1.64123 
v -319.85 5.27477 -1.43697 
v -319.798 4.3708 0.157468 
v -319.798 4.55707 0.157468 
v -319.777 4.55707 0.106252 
v -319.902 4.3708 0.157468 
v -319.777 4.3708 0.106252 
v -319.798 4.55707 0.0550337 
v -319.798 4.3708 0.0550337 
v -319.719 5.72045 -2.66524 
v -319.758 5.75989 -2.47117 
v -319.664 5.85193 -2.66524 
v -319.72 5.85193 -2.47117 
v -319.758 5.94397 -2.47117 
v -319.719 5.98341 -2.66524 
v -319.85 5.98209 -2.47117 
v -319.675 4.12296 1.64864 
v -319.675 4.12296 0.510216 
v -319.602 4.29861 0.510216 
v -319.85 4.0502 1.64864 
v -319.602 4.29861 1.64864 
v -319.71 4.15804 0.386342 
v -319.675 4.47426 0.510216 
v -319.675 4.47426 1.64864 
v -319.71 4.43918 0.386342 
v -319.651 4.29861 0.386342 
v -319.996 4.15333 1.71534 
v -319.705 4.15333 1.71534 
v -320.056 4.29861 1.71534 
v -319.85 4.09315 1.71534 
v -319.645 4.29861 1.71534 
v -319.85 4.50407 1.71534 
v -319.996 4.44389 1.71534 
v -319.705 4.44389 1.71534 
v -319.996 4.44389 1.71534 
v -319.85 4.54702 1.64864 
v -320.099 4.29861 1.64864 
v -319.705 4.44389 1.71534 
v -319.996 4.15333 1.71534 
v -319.602 4.29861 1.64864 
v -319.85 4.09315 1.71534 
v -319.675 4.12296 1.64864 
v -319.85 6.14473 0.531454 
v -319.62 5.61646 0.531454 
v -319.62 6.04934 0.531454 
v -319.525 5.81904 0.531454 
v -320.081 5.61646 0.531454 
v -320.081 6.04934 0.531454 
v -320.176 5.81904 0.531454 
v -319.85 5.27477 0.531454 
v -319.62 5.37016 0.531454 
v -320.081 5.37016 0.531454 
v -320.015 5.63898 0.343526 
v -320.015 5.36378 0.343526 
v -319.686 5.36378 0.343526 
v -319.686 5.63898 0.343526 
v -320.002 5.55086 0.135146 
v -320.002 4.75024 0.33027 
v -319.698 4.75024 0.33027 
v -319.698 5.55086 0.135146 
v -320.002 4.69513 0.343702 
v -319.698 4.69513 0.3437 
v -320.002 4.58492 0.370562 
v -319.698 4.58492 0.370562 
v -319.525 5.81904 -1.64123 
v -319.85 4.54091 -0.932526 
v -319.889 4.53069 -0.944678 
v -319.889 4.63243 -1.00458 
v -319.796 4.506 -0.974016 
v -319.812 4.53069 -0.944678 
v -319.812 4.63243 -1.00458 
v -319.812 4.78147 -1.03634 
v -319.85 4.63541 -0.988978 
v -319.85 4.78147 -1.02074 
v -319.889 4.78147 -1.03634 
v -319.889 4.78147 -1.11165 
v -319.85 5.27477 0.32719 
v -319.766 6.24826 -0.986424 
v -319.766 6.00855 -0.986424 
v -319.73 6.00855 -1.07117 
v -319.85 6.24826 -0.95132 
v -319.73 6.24826 -1.07117 
v -319.85 6.00855 -0.95132 
v -319.935 6.24826 -0.986424 
v -319.935 6.00855 -0.986424 
v -319.97 6.24826 -1.07117 
v -319.97 6.00855 -1.07117 
v -319.918 6.10449 -1.13897 
v -319.918 6.24826 -1.13897 
v -319.946 6.24826 -1.07117 
v -319.85 6.24826 -1.16706 
v -319.918 6.10449 -1.00337 
v -319.85 6.10449 -1.16706 
v -319.782 6.24826 -1.13897 
v -319.782 6.10449 -1.13897 
v -319.754 6.24826 -1.07117 
v -319.85 6.14473 -1.43697 
v -319.85 5.27477 -1.43697 
v -319.85 6.14473 -1.43697 
v -319.62 5.61646 -1.43697 
v -319.62 6.04934 -1.43697 
v -319.525 5.81904 -1.43697 
v -320.081 5.61646 -1.43697 
v -320.081 6.04934 -1.43697 
v -320.176 5.81904 -1.43697 
v -319.85 5.27477 -1.43697 
v -319.62 5.37016 -1.43697 
v -320.081 5.37016 -1.43697 
v -319.798 4.3708 0.157468 
v -319.798 4.55707 0.157468 
v -319.85 4.3708 0.178682 
v -319.85 4.55707 0.178682 
v -319.902 4.3708 0.157468 
v -319.902 4.55707 0.157468 
v -320.056 4.29861 1.71534 
v -319.996 4.15333 1.71534 
v -320.026 4.12296 1.64864 
v -319.602 4.29861 1.64864 
v -319.85 4.0502 1.64864 
v -319.85 4.09315 1.71534 
v -319.705 4.15333 1.71534 
v -319.675 4.12296 1.64864 
v -319.913 5.91457 -3.51502 
v -319.913 5.91457 -2.65421 
v -319.85 5.94052 -2.65421 
v -319.85 5.94052 -3.51502 
v -319.788 5.91457 -2.65421 
v -319.788 5.91457 -3.51502 
v -319.762 5.85193 -3.51502 
v -319.938 5.76428 -3.51502 
v -319.938 5.93958 -3.51502 
v -319.982 5.72045 -2.66524 
v -319.982 5.98341 -2.66524 
v -319.85 5.66599 -2.66524 
v -319.85 5.72797 -3.51502 
v -319.763 5.76428 -3.51502 
v -319.719 5.72045 -2.66524 
v -320.002 4.58492 0.370562 
v -320.002 4.44505 -0.20333 
v -319.698 4.44505 -0.20333 
v -319.698 4.58492 0.370562 
v -319.905 4.29861 -0.114446 
v -319.889 4.26027 -0.114446 
v -319.812 4.26027 -0.114446 
v -319.812 4.26123 -0.444784 
v -319.85 4.24439 -0.114446 
v -319.889 4.26123 -0.444784 
v -319.85 4.24574 -0.44831 
v -319.889 4.29756 -0.691858 
v -319.812 4.29756 -0.691858 
v -319.85 4.28258 -0.697148 
v -319.889 4.37791 -0.878844 
v -319.889 4.48132 -1.00335 
v -319.85 4.36477 -0.887766 
v -319.812 4.37791 -0.878844 
v -319.85 4.4711 -1.01551 
v -319.812 4.48132 -1.00335 
v -319.796 4.506 -0.974016 
v -319.62 5.37016 0.531454 
v -319.62 5.37016 0.32719 
v -320.081 5.37016 0.32719 
v -319.85 5.27477 0.32719 
v -320.081 5.37016 0.531454 
v -319.85 5.27477 0.531454 
v -320.015 5.36378 0.343526 
v -320.015 5.25288 -0.253676 
v -319.686 5.25288 -0.253676 
v -319.686 5.36378 0.343526 
v -319.686 5.25288 -0.850876 
v -320.015 5.25288 -0.850876 
v -319.686 5.36378 -1.44808 
v -320.015 5.36378 -1.44808 
v -319.98 5.85193 -1.55627 
v -319.98 5.85193 -2.47117 
v -319.942 5.75989 -1.55627 
v -319.72 5.85193 -2.47117 
v -319.942 5.75989 -2.47117 
v -319.72 5.85193 -1.55627 
v -319.85 5.72177 -1.55627 
v -319.758 5.75989 -2.47117 
v -319.85 5.72177 -2.47117 
v -319.758 5.75989 -1.55627 
v -319.62 5.37016 -1.43697 
v -319.62 5.37016 -1.64123 
v -320.081 5.37016 -1.64123 
v -319.85 5.27477 -1.64123 
v -320.081 5.37016 -1.43697 
v -319.85 5.27477 -1.43697 
v -319.902 4.3708 0.157468 
v -319.719 5.72045 -2.66524 
v -319.758 5.75989 -2.47117 
v -319.85 5.66599 -2.66524 
v -319.85 5.72177 -2.47117 
v -319.72 5.85193 -2.47117 
v -319.942 5.75989 -2.47117 
v -319.982 5.72045 -2.66524 
v -320.036 5.85193 -2.66524 
v -319.98 5.85193 -2.47117 
v -319.982 5.98341 -2.66524 
v -319.675 4.12296 1.64864 
v -319.675 4.12296 0.510216 
v -319.602 4.29861 0.510216 
v -319.85 4.0502 1.64864 
v -319.85 4.0502 0.510216 
v -320.026 4.12296 1.64864 
v -319.71 4.15804 0.386342 
v -320.026 4.12296 0.510216 
v -319.991 4.15804 0.386342 
v -319.85 4.09981 0.386342 
v -319.85 5.94052 -3.51502 
v -319.85 5.76335 -3.51502 
v -319.996 4.44389 1.71534 
v -320.026 4.47426 1.64864 
v -320.099 4.29861 1.64864 
v -320.056 4.29861 1.71534 
v -319.996 4.15333 1.71534 
v -320.026 4.12296 1.64864 
v -319.85 4.0502 1.64864 
v -319.85 4.09315 1.71534 
v -319.85 5.94052 -2.65421 
v -319.788 5.91457 -2.65421 
v -319.788 5.91457 -3.51502 
v -319.762 5.85193 -2.65421 
v -319.762 5.85193 -3.51502 
v -319.788 5.78929 -2.65421 
v -319.788 5.78929 -3.51502 
v -320.036 5.85193 -2.66524 
v -319.974 5.85193 -3.51502 
v -319.938 5.76428 -3.51502 
v -319.938 5.93958 -3.51502 
v -319.982 5.72045 -2.66524 
v -319.982 5.98341 -2.66524 
v -319.85 5.66599 -2.66524 
v -319.763 5.76428 -3.51502 
v -319.719 5.72045 -2.66524 
v -319.85 4.35283 -0.114446 
v -319.889 4.33695 -0.114446 
v -319.889 4.33599 -0.427752 
v -319.905 4.29861 -0.114446 
v -319.905 4.29861 -0.436268 
v -319.889 4.26027 -0.114446 
v -319.889 4.36986 -0.666324 
v -319.812 4.26027 -0.114446 
v -319.889 4.44134 -0.835758 
v -319.905 4.33371 -0.679092 
v -319.889 4.26123 -0.444784 
v -319.889 4.29756 -0.691858 
v -319.905 4.40963 -0.8573 
v -319.889 4.53069 -0.944678 
v -319.812 4.29756 -0.691858 
v -319.85 4.28258 -0.697148 
v -319.889 4.37791 -0.878844 
v -319.905 4.506 -0.974016 
v -319.889 4.63243 -1.00458 
v -319.889 4.48132 -1.00335 
v -319.796 4.506 -0.974016 
v -319.889 4.78147 -1.03634 
v -319.905 4.62523 -1.04223 
v -319.905 4.78147 -1.074 
v -319.889 4.61803 -1.07989 
v -319.889 4.78147 -1.11165 
v -320.015 5.63898 -0.850876 
v -320.015 5.36378 -1.44808 
v -320.015 5.25288 -0.850876 
v -320.015 5.63898 -1.44808 
v -320.015 5.25288 -0.253676 
v -320.015 5.63898 -0.253676 
v -320.015 5.36378 0.343526 
v -320.015 5.63898 0.343526 
v -320.002 4.75024 0.33027 
v -320.002 5.42442 -0.38364 
v -320.002 4.6238 -0.188514 
v -320.002 5.55086 0.135146 
v -320.002 4.69513 0.343702 
v -320.002 4.55526 -0.23019 
v -320.002 4.58492 0.370562 
v -320.002 4.44505 -0.20333 
v -320.081 6.04934 0.531454 
v -320.081 6.04934 0.32719 
v -320.176 5.81904 0.531454 
v -320.176 5.81904 0.32719 
v -320.081 5.61646 0.531454 
v -320.081 5.61646 0.32719 
v -320.081 5.37016 0.32719 
v -319.85 5.27477 0.32719 
v -320.081 5.37016 0.531454 
v -319.935 6.24826 -0.986424 
v -319.935 6.00855 -0.986424 
v -319.97 6.24826 -1.07117 
v -319.97 6.00855 -1.07117 
v -319.935 6.00855 -1.15592 
v -319.935 6.24826 -1.15592 
v -319.85 6.24826 -1.16706 
v -319.782 6.24826 -1.13897 
v -319.782 6.10449 -1.13897 
v -319.754 6.24826 -1.07117 
v -319.782 6.10449 -1.00337 
v -319.754 6.10449 -1.07117 
v -319.782 6.24826 -1.00337 
v -319.942 5.94397 -1.55627 
v -319.942 5.94397 -2.47117 
v -319.98 5.85193 -1.55627 
v -319.98 5.85193 -2.47117 
v -319.942 5.75989 -1.55627 
v -319.942 5.75989 -2.47117 
v -319.85 6.14473 -1.43697 
v -320.081 6.04934 -1.43697 
v -320.081 6.04934 -1.64123 
v -320.176 5.81904 -1.43697 
v -320.176 5.81904 -1.64123 
v -320.081 5.61646 -1.43697 
v -320.081 5.61646 -1.64123 
v -320.081 5.37016 -1.64123 
v -320.081 5.37016 -1.43697 
v -319.85 5.27477 -1.43697 
v -319.902 4.3708 0.157468 
v -319.902 4.55707 0.157468 
v -319.924 4.3708 0.106252 
v -319.924 4.55707 0.106252 
v -319.902 4.3708 0.0550337 
v -319.902 4.55707 0.0550337 
v -319.85 5.72177 -2.47117 
v -319.942 5.75989 -2.47117 
v -319.982 5.72045 -2.66524 
v -320.036 5.85193 -2.66524 
v -319.98 5.85193 -2.47117 
v -319.942 5.94397 -2.47117 
v -319.982 5.98341 -2.66524 
v -319.85 4.0502 1.64864 
v -320.026 4.12296 1.64864 
v -320.026 4.12296 0.510216 
v -320.099 4.29861 0.510216 
v -320.099 4.29861 1.64864 
v -319.991 4.15804 0.386342 
v -319.85 4.41045 0.30376 
v -319.85 4.18676 0.30376 
v -319.962 4.29861 0.30376 
v -319.991 4.43918 0.386342 
v -320.049 4.29861 0.386342 
v -320.026 4.47426 0.510216 
v -320.026 4.47426 1.64864 

vn 0 0 -1 
vn 0 0 -1 
vn 0 0 -1 
vn 0 0 -1 
vn 0 0 -1 
vn 0 0 -1 
vn 0 0 -1 
vn 0 0 -1 
vn 0 0 -1 
vn 0 0 -1 
vn 0 0 -1 
vn 0 0 -1 
vn 0 0 -1 
vn 0 0 -1 
vn 0 0 -1 
vn 0 0 -1 
vn 0.551181 -0.551181 -0.629921 
vn 0 -0.779528 -0.629921 
vn 0.779528 0 -0.629921 
vn -0.551181 -0.551181 -0.629921 
vn 0.551181 0.551181 -0.629921 
vn -0.779528 0 -0.629921 
vn -0.551181 0.551181 -0.629921 
vn 0 0.779528 -0.629921 
vn 0 0 1 
vn 0 0 1 
vn 0 0 -1 
vn 0 0 -1 
vn 0 0 -1 
vn 0 0 -1 
vn 0 0 -1 
vn 0 0 -1 
vn 0 0 -1 
vn 0 0 -1 
vn 0 0 -1 
vn 0 0 -1 
vn 0 0 -1 
vn 0 0 -1 
vn 0 0 -1 
vn 0 0 -1 
vn -0.685039 -0.464567 -0.559055 
vn 0 -0.637795 -0.771654 
vn 0.685039 -0.464567 -0.559055 
vn 1 -0.023622 -0.0314961 
vn 0.724409 0.141732 0.669291 
vn -0.685039 -0.251969 -0.685039 
vn -0.677165 -0.141732 -0.724409 
vn 0 -0.188976 -0.984252 
vn 0 -0.338583 -0.944882 
vn 0.685039 -0.251969 -0.685039 
vn 0.677165 -0.141732 -0.724409 
vn 0 -1 0 
vn 1 0 0 
vn 1 0 0 
vn 0.708661 0 -0.708661 
vn 0.708661 0 -0.708661 
vn 0 0 -1 
vn -1 0 0 
vn 0 0 -1 
vn -1 0 0 
vn -0.708661 0 -0.708661 
vn -0.708661 0 -0.708661 
vn 1 0 0 
vn 0.708661 0 -0.708661 
vn 0.708661 0 -0.708661 
vn 0 0 -1 
vn 0 0 -1 
vn -1 0 0 
vn -0.708661 0 -0.708661 
vn -0.708661 0 -0.708661 
vn 0 -0.23622 -0.968504 
vn 0 0.149606 -0.992126 
vn 0 -0.23622 -0.968504 
vn 0 0.149606 -0.992126 
vn 0 0.149606 -0.992126 
vn 0 0.149606 -0.992126 
vn 0 -0.23622 -0.968504 
vn 0 -0.23622 -0.968504 
vn 0 1 0 
vn 0 -1 0 
vn 0.700787 0 0.708661 
vn 0.700787 0 0.708661 
vn 0.700787 0 -0.708661 
vn 0.700787 0 -0.708661 
vn 0 0 -1 
vn -0.700787 0 -0.708661 
vn 0 0 -1 
vn -0.700787 0 -0.708661 
vn 0 0 -1 
vn 0 0 -1 
vn 0 0 -1 
vn 0 0 -1 
vn 0 0 -1 
vn 0 0 -1 
vn 0 0 -1 
vn 0 0 -1 
vn 0 0 -1 
vn 0 0 -1 
vn 0.692913 -0.692913 -0.181102 
vn 0.984252 0 -0.181102 
vn 0.598425 -0.598425 -0.535433 
vn 0.692913 0.692913 -0.181102 
vn -0.692913 -0.692913 -0.181102 
vn -0.598425 -0.598425 -0.535433 
vn 0.598425 0.598425 -0.535433 
vn 0.84252 0 -0.535433 
vn 0.685039 0 -0.724409 
vn 0.488189 0.488189 -0.724409 
vn 0.488189 -0.488189 -0.724409 
vn 0 0.84252 -0.535433 
vn 0 0.685039 -0.724409 
vn -0.488189 0.488189 -0.724409 
vn 0 -0.84252 -0.535433 
vn 0 -0.685039 -0.724409 
vn -0.488189 -0.488189 -0.724409 
vn -0.685039 0 -0.724409 
vn -0.598425 0.598425 -0.535433 
vn -0.84252 0 -0.535433 
vn 0 0 1 
vn -0.590551 0.590551 0.543307 
vn 0 0.84252 0.543307 
vn -0.590551 0.590551 0.543307 
vn 0 0.84252 0.543307 
vn 0.590551 0.590551 0.543307 
vn 0.590551 0.590551 0.543307 
vn 0.84252 0 0.543307 
vn 0.708661 0.708661 0 
vn 0.551181 0.551181 -0.629921 
vn 0 1 0 
vn -0.779528 0 -0.629921 
vn -1 0 0 
vn -0.551181 0.551181 -0.629921 
vn -0.708661 0.708661 0 
vn 0 0.779528 -0.629921 
vn -0.708661 0.708661 -0.0708661 
vn -0.708661 0.708661 -0.0708661 
vn 0 1 -0.0708661 
vn 0 1 -0.0708661 
vn 0.708661 0.708661 -0.0708661 
vn 0.708661 -0.708661 -0.0708661 
vn 0.708661 0.708661 -0.0708661 
vn 1 0 -0.0708661 
vn 0 1 0 
vn 0 1 0 
vn 0 1 0 
vn 0 1 0 
vn 0 1 0 
vn 0 1 0 
vn 0 1 0 
vn 0 1 0 
vn 0 1 0 
vn 0 1 0 
vn 0 1 0 
vn 0 1 0 
vn 0 1 0 
vn 0 1 0 
vn 0 1 0 
vn 0 1 0 
vn 0 1 0 
vn 0 1 0 
vn 0 1 0 
vn 0 1 0 
vn 0 1 0 
vn 0 1 0 
vn 0 1 0 
vn 0 1 0 
vn 0 1 0 
vn 0 1 0 
vn 0 1 0 
vn 0 1 0 
vn 0 1 0 
vn 0 1 0 
vn 0 1 0 
vn 0 1 0 
vn 0 1 0 
vn 0 1 0.0629921 
vn -0.700787 0.708661 0 
vn 0.700787 0.708661 0 
vn -0.716535 0.700787 0.0472441 
vn 0.716535 0.700787 0.0472441 
vn 0 0.96063 0.267717 
vn -0.724409 0.669291 0.181102 
vn 0.724409 0.669291 0.181102 
vn 0 0.858268 0.511811 
vn 0.724409 0.590551 0.354331 
vn -0.724409 0.590551 0.354331 
vn 0 0.653543 0.755906 
vn -0.724409 0.448819 0.519685 
vn 0.724409 0.448819 0.519685 
vn 0 1 0 
vn 0.708661 0.708661 0 
vn 0 1 0 
vn 0.708661 0.708661 0 
vn -0.708661 0.708661 0 
vn -0.708661 0.708661 0 
vn -0.708661 0.708661 0 
vn 0 1 0 
vn -0.708661 0.708661 0 
vn 0 1 0 
vn -1 0 0 
vn 0.708661 0.708661 0 
vn -1 0 0 
vn 0.708661 0.708661 0 
vn 1 0 0 
vn 1 0 0 
vn 0 1 0 
vn 0.708661 0.708661 0 
vn 0 1 0 
vn 0.708661 0.708661 0 
vn -0.708661 0.708661 0 
vn -0.708661 0.708661 0 
vn -0.700787 0 0.708661 
vn 0.677165 -0.677165 0.275591 
vn 0.96063 0 0.275591 
vn 0.96063 0 0.275591 
vn 0.677165 0.677165 0.275591 
vn 0.677165 0.677165 0.275591 
vn 0 0.96063 0.275591 
vn -0.96063 0 0.275591 
vn 0 0.96063 0.275591 
vn -0.677165 0.677165 0.275591 
vn -0.677165 0.677165 0.275591 
vn 0.984252 0 -0.181102 
vn 1 0 0 
vn 0.692913 0.692913 -0.181102 
vn 0.708661 0.708661 0 
vn 0 0.984252 -0.181102 
vn 0 1 0 
vn 0.598425 0.598425 -0.535433 
vn 0 0.84252 -0.535433 
vn 0 0.685039 -0.724409 
vn -0.598425 0.598425 -0.535433 
vn -0.692913 0.692913 -0.181102 
vn -0.708661 0.708661 0 
vn 0 0 -1 
vn 0 0 -1 
vn 0.590551 0.590551 0.543307 
vn 0.590551 0.590551 0.543307 
vn 0.84252 0 0.543307 
vn 0 -0.84252 0.543307 
vn 0.84252 0 0.543307 
vn 0 -0.84252 0.543307 
vn 0.590551 -0.590551 0.543307 
vn 0.590551 -0.590551 0.543307 
vn 0.708661 -0.708661 0 
vn 0.551181 -0.551181 -0.629921 
vn 1 0 0 
vn 0 -0.779528 -0.629921 
vn 0.779528 0 -0.629921 
vn 0.708661 0.708661 0 
vn 0.551181 0.551181 -0.629921 
vn -0.708661 0.708661 -0.0708661 
vn -0.708661 0.708661 -0.0708661 
vn 0 -1 -0.0708661 
vn 0.708661 -0.708661 -0.0708661 
vn 0.708661 0.708661 -0.0708661 
vn 0.708661 -0.708661 -0.0708661 
vn 0.708661 0.708661 -0.0708661 
vn 1 0 -0.0708661 
vn 1 0 -0.0708661 
vn 0 1 0 
vn 0.700787 0.708661 0 
vn -1 0 0 
vn 0.716535 0.700787 0.0472441 
vn 1 0 0 
vn 1 -0.015748 0 
vn 0.700787 -0.708661 0 
vn 0.724409 0.669291 0.181102 
vn 0.692913 -0.716535 -0.0551181 
vn 1 -0.0314961 -0.00787402 
vn 0.724409 0.590551 0.354331 
vn 0.692913 -0.692913 -0.19685 
vn 0 -0.96063 -0.275591 
vn 0.692913 -0.614173 -0.377953 
vn 0.685039 -0.464567 -0.559055 
vn 1 -0.0314961 -0.015748 
vn 1 -0.023622 -0.0314961 
vn 0.724409 0.448819 0.519685 
vn 0.724409 0.251969 0.645669 
vn 1 -0.015748 -0.0393701 
vn 0.724409 0.141732 0.669291 
vn 1 -0.00787402 -0.0472441 
vn -0.677165 -0.141732 -0.724409 
vn 0.685039 -0.251969 -0.685039 
vn 0.677165 -0.141732 -0.724409 
vn 1 0 0 
vn 1 0 0 
vn 1 0 0 
vn 1 0 0 
vn 1 0 0 
vn 1 0 0 
vn 1 0 0 
vn 1 0 0 
vn -1 0 0 
vn 1 0 0 
vn 1 0 0 
vn 1 0 0 
vn 1 0 0 
vn 1 0 0 
vn 1 0 0 
vn 1 0 0 
vn 1 0 0 
vn 0.708661 0.708661 0 
vn 0.708661 0.708661 0 
vn 1 -0.023622 0 
vn 1 -0.023622 0 
vn 0.976378 -0.220472 0 
vn 0.976378 -0.220472 0 
vn 0.834646 -0.559055 0 
vn 0.834646 -0.559055 0 
vn 0 -1 0 
vn 0.708661 0 0.708661 
vn 0.708661 0 0.708661 
vn 1 0 0 
vn 1 0 0 
vn 0.708661 0 -0.708661 
vn 0.708661 0 -0.708661 
vn 0.708661 0 0.708661 
vn 0.708661 0 0.708661 
vn 1 0 0 
vn 1 0 0 
vn 0 0 1 
vn 0.708661 0 -0.708661 
vn 0.708661 0 -0.708661 
vn 0.708661 0.708661 0 
vn 0.708661 0.708661 0 
vn 1 0 0 
vn 1 0 0 
vn 0.708661 -0.708661 0 
vn 0.708661 -0.708661 0 
vn 0 1 0 
vn 0.708661 0.708661 0 
vn 0.708661 0.708661 0 
vn 1 -0.023622 0 
vn 1 -0.023622 0 
vn 0.976378 -0.220472 0 
vn 0.976378 -0.220472 0 
vn 0.834646 -0.559055 0 
vn 0.834646 -0.559055 0 
vn 0 -1 0 
vn 0.700787 0 0.708661 
vn 0.700787 0 0.708661 
vn 1 0 0 
vn -0.700787 0 0.708661 
vn 1 0 0 
vn 0.700787 0 -0.708661 
vn 0.700787 0 -0.708661 
vn 0.677165 -0.677165 0.275591 
vn 0.677165 -0.677165 0.275591 
vn 0.96063 0 0.275591 
vn 0.96063 0 0.275591 
vn 0.677165 0.677165 0.275591 
vn 0.677165 0.677165 0.275591 
vn 0 0.96063 0.275591 
vn 0.708661 -0.708661 0 
vn 0.692913 -0.692913 -0.181102 
vn 0.984252 0 -0.181102 
vn 0 -1 0 
vn 1 0 0 
vn 0.598425 -0.598425 -0.535433 
vn 0.692913 0.692913 -0.181102 
vn 0.708661 0.708661 0 
vn 0.598425 0.598425 -0.535433 
vn 0.84252 0 -0.535433 
vn 0 0 1 
vn 0 0 1 
vn 0 0 1 
vn 0 0 1 
vn 0 0 1 
vn 0 0 1 
vn 0 0 1 
vn 0 0 1 
vn -0.590551 0.590551 0.543307 
vn 0 0.84252 0.543307 
vn -0.84252 0 0.543307 
vn 0.590551 0.590551 0.543307 
vn -0.590551 -0.590551 0.543307 
vn 0.84252 0 0.543307 
vn 0 -0.84252 0.543307 
vn 0.590551 -0.590551 0.543307 
vn 0 0 1 
vn 0 0 1 
vn 0 0 1 
vn 0 0 1 
vn 0 0 1 
vn 0 0 1 
vn 0 0 1 
vn 0 0 1 
vn 0 0 1 
vn 0 0 1 
vn 0 0 1 
vn 0 0 1 
vn 0 0 1 
vn 0 0 1 
vn 0 0.23622 0.968504 
vn 0 0.23622 0.968504 
vn 0 0.23622 0.968504 
vn 0 0.23622 0.968504 
vn 0 0.23622 0.968504 
vn 0 0.23622 0.968504 
vn 0 0.23622 0.968504 
vn 0 0.23622 0.968504 
vn 0 0 -1 
vn 0 0.653543 0.755906 
vn -0.724409 0.448819 0.519685 
vn -0.724409 0.251969 0.645669 
vn 1 -0.023622 -0.0314961 
vn 0.724409 0.448819 0.519685 
vn 0.724409 0.251969 0.645669 
vn 0.724409 0.141732 0.669291 
vn 0 0.370079 0.929134 
vn 0 0.212598 0.976378 
vn -0.724409 0.141732 0.669291 
vn -0.677165 -0.141732 -0.724409 
vn 0 -1 0 
vn 0.708661 0 0.708661 
vn 0.708661 0 0.708661 
vn 1 0 0 
vn 0 0 1 
vn 1 0 0 
vn 0 0 1 
vn -0.708661 0 0.708661 
vn -0.708661 0 0.708661 
vn -1 0 0 
vn -1 0 0 
vn 0.708661 0 0.708661 
vn 0.708661 0 0.708661 
vn 1 0 0 
vn 0 0 1 
vn 0.708661 0 -0.708661 
vn 0 0 1 
vn -0.708661 0 0.708661 
vn -0.708661 0 0.708661 
vn -1 0 0 
vn 0 1 0 
vn 0 -1 0 
vn 0 0 1 
vn 0 0 1 
vn 0 0 1 
vn 0 0 1 
vn 0 0 1 
vn 0 0 1 
vn 0 0 1 
vn 0 0 1 
vn 0 0 1 
vn 0 0 1 
vn 0.700787 0 0.708661 
vn 0.700787 0 0.708661 
vn 0 0 1 
vn 0 0 1 
vn -0.700787 0 0.708661 
vn -0.700787 0 0.708661 
vn 0 0 1 
vn -0.590551 -0.590551 0.543307 
vn -0.590551 -0.590551 0.543307 
vn 0.84252 0 0.543307 
vn 0 -0.84252 0.543307 
vn 0 -0.84252 0.543307 
vn 0.590551 -0.590551 0.543307 
vn 0.590551 -0.590551 0.543307 
vn 0.708661 -0.708661 0 
vn 0.551181 -0.551181 -0.629921 
vn 0 -0.779528 -0.629921 
vn 0 -1 0 
vn -0.551181 -0.551181 -0.629921 
vn -0.708661 -0.708661 0 
vn -1 0 0 
vn -0.708661 -0.708661 -0.0708661 
vn -0.708661 0.708661 -0.0708661 
vn -0.708661 -0.708661 -0.0708661 
vn -0.708661 0.708661 -0.0708661 
vn 0 -1 -0.0708661 
vn 0 -1 -0.0708661 
vn 0.708661 -0.708661 -0.0708661 
vn 0.708661 -0.708661 -0.0708661 
vn 0 -0.968504 0.23622 
vn 0 -0.968504 0.23622 
vn 0 -0.968504 0.23622 
vn 0 -0.968504 0.23622 
vn -1 0 0 
vn -0.700787 -0.708661 0 
vn 0.700787 -0.708661 0 
vn 0.692913 -0.716535 -0.0551181 
vn 0 -1 0 
vn -0.692913 -0.716535 -0.0551181 
vn 0 -1 -0.0787402 
vn -0.692913 -0.692913 -0.19685 
vn 0.692913 -0.692913 -0.19685 
vn 0 -0.96063 -0.275591 
vn -0.692913 -0.614173 -0.377953 
vn -0.685039 -0.464567 -0.559055 
vn 0 -0.850394 -0.527559 
vn 0.692913 -0.614173 -0.377953 
vn 0 -0.637795 -0.771654 
vn 0.685039 -0.464567 -0.559055 
vn 1 -0.023622 -0.0314961 
vn 0.834646 -0.559055 0 
vn 0.834646 -0.559055 0 
vn -0.834646 -0.559055 0 
vn 0 -1 0 
vn -0.834646 -0.559055 0 
vn 0 -1 0 
vn 0 -0.984252 0.181102 
vn 0 -0.992126 0.0944882 
vn 0 -0.992126 0.0944882 
vn 0 -0.984252 0.181102 
vn 0 -0.992126 -0.0944882 
vn 0 -0.992126 -0.0944882 
vn 0 -0.984252 -0.181102 
vn 0 -0.984252 -0.181102 
vn -1 0 0 
vn -1 0 0 
vn -0.708661 -0.708661 0 
vn 1 0 0 
vn -0.708661 -0.708661 0 
vn 1 0 0 
vn 0 -1 0 
vn 0.708661 -0.708661 0 
vn 0 -1 0 
vn 0.708661 -0.708661 0 
vn 0.834646 -0.559055 0 
vn 0.834646 -0.559055 0 
vn -0.834646 -0.559055 0 
vn 0 -1 0 
vn -0.834646 -0.559055 0 
vn 0 -1 0 
vn -0.700787 0 0.708661 
vn 0.677165 -0.677165 0.275591 
vn 0.677165 -0.677165 0.275591 
vn 0 -0.96063 0.275591 
vn 0 -0.96063 0.275591 
vn 0.96063 0 0.275591 
vn -0.677165 -0.677165 0.275591 
vn -0.677165 -0.677165 0.275591 
vn -0.96063 0 0.275591 
vn -0.96063 0 0.275591 
vn -0.677165 0.677165 0.275591 
vn 0.708661 -0.708661 0 
vn 0.692913 -0.692913 -0.181102 
vn 0.984252 0 -0.181102 
vn 0 -1 0 
vn 0 -0.984252 -0.181102 
vn -0.708661 -0.708661 0 
vn 0.598425 -0.598425 -0.535433 
vn -0.692913 -0.692913 -0.181102 
vn -0.598425 -0.598425 -0.535433 
vn 0 -0.84252 -0.535433 
vn 0 0 -1 
vn 0 0 -1 
vn -0.590551 0.590551 0.543307 
vn -0.590551 0.590551 0.543307 
vn -0.84252 0 0.543307 
vn -0.84252 0 0.543307 
vn -0.590551 -0.590551 0.543307 
vn -0.590551 -0.590551 0.543307 
vn 0 -0.84252 0.543307 
vn 0 -0.84252 0.543307 
vn 0 -0.779528 -0.629921 
vn -0.551181 -0.551181 -0.629921 
vn -0.708661 -0.708661 0 
vn -0.779528 0 -0.629921 
vn -1 0 0 
vn -0.551181 0.551181 -0.629921 
vn -0.708661 0.708661 0 
vn -1 0 -0.0708661 
vn -1 0 -0.0708661 
vn -0.708661 -0.708661 -0.0708661 
vn -0.708661 0.708661 -0.0708661 
vn -0.708661 -0.708661 -0.0708661 
vn -0.708661 0.708661 -0.0708661 
vn 0 -1 -0.0708661 
vn 0.708661 -0.708661 -0.0708661 
vn 0.708661 -0.708661 -0.0708661 
vn 0 1 0 
vn -0.700787 0.708661 0 
vn -0.716535 0.700787 0.0472441 
vn -1 0 0 
vn -1 -0.015748 0 
vn -0.700787 -0.708661 0 
vn -0.724409 0.669291 0.181102 
vn 0.700787 -0.708661 0 
vn -0.724409 0.590551 0.354331 
vn -1 -0.0314961 -0.00787402 
vn -0.692913 -0.716535 -0.0551181 
vn -0.692913 -0.692913 -0.19685 
vn -1 -0.0314961 -0.015748 
vn -0.724409 0.448819 0.519685 
vn 0.692913 -0.692913 -0.19685 
vn 0 -0.96063 -0.275591 
vn -0.692913 -0.614173 -0.377953 
vn -1 -0.023622 -0.0314961 
vn -0.724409 0.251969 0.645669 
vn -0.685039 -0.464567 -0.559055 
vn 1 -0.023622 -0.0314961 
vn -0.724409 0.141732 0.669291 
vn -1 -0.015748 -0.0393701 
vn -1 -0.00787402 -0.0472441 
vn -0.685039 -0.251969 -0.685039 
vn -0.677165 -0.141732 -0.724409 
vn -1 0 0 
vn -1 0 0 
vn -1 0 0 
vn -1 0 0 
vn -1 0 0 
vn -1 0 0 
vn -1 0 0 
vn -1 0 0 
vn -1 0 0 
vn -1 0 0 
vn -1 0 0 
vn -1 0 0 
vn -1 0 0 
vn -1 0 0 
vn -1 0 0 
vn -1 0 0 
vn -0.708661 0.708661 0 
vn -0.708661 0.708661 0 
vn -1 -0.023622 0 
vn -1 -0.023622 0 
vn -0.976378 -0.220472 0 
vn -0.976378 -0.220472 0 
vn -0.834646 -0.559055 0 
vn 0 -1 0 
vn -0.834646 -0.559055 0 
vn -0.708661 0 0.708661 
vn -0.708661 0 0.708661 
vn -1 0 0 
vn -1 0 0 
vn -0.708661 0 -0.708661 
vn -0.708661 0 -0.708661 
vn 0 0 1 
vn -0.708661 0 0.708661 
vn -0.708661 0 0.708661 
vn -1 0 0 
vn -0.708661 0 -0.708661 
vn -1 0 0 
vn -0.708661 0 -0.708661 
vn -0.708661 0.708661 0 
vn -0.708661 0.708661 0 
vn -1 0 0 
vn -1 0 0 
vn -0.708661 -0.708661 0 
vn -0.708661 -0.708661 0 
vn 0 1 0 
vn -0.708661 0.708661 0 
vn -0.708661 0.708661 0 
vn -1 -0.023622 0 
vn -1 -0.023622 0 
vn -0.976378 -0.220472 0 
vn -0.976378 -0.220472 0 
vn -0.834646 -0.559055 0 
vn -0.834646 -0.559055 0 
vn 0 -1 0 
vn -0.700787 0 0.708661 
vn -0.700787 0 0.708661 
vn -1 0 0 
vn -1 0 0 
vn -0.700787 0 -0.708661 
vn -0.700787 0 -0.708661 
vn 0 -0.96063 0.275591 
vn -0.677165 -0.677165 0.275591 
vn -0.677165 -0.677165 0.275591 
vn -0.96063 0 0.275591 
vn -0.96063 0 0.275591 
vn -0.677165 0.677165 0.275591 
vn -0.677165 0.677165 0.275591 
vn 0 -1 0 
vn -0.708661 -0.708661 0 
vn -0.692913 -0.692913 -0.181102 
vn -0.984252 0 -0.181102 
vn -1 0 0 
vn -0.598425 -0.598425 -0.535433 
vn 0 0.685039 -0.724409 
vn 0 -0.685039 -0.724409 
vn -0.685039 0 -0.724409 
vn -0.598425 0.598425 -0.535433 
vn -0.84252 0 -0.535433 
vn -0.692913 0.692913 -0.181102 
vn -0.708661 0.708661 0 

vt 34.011 -30.9012 
vt 34 -30.8967 
vt 34 -30.9011 
vt 33.989 -30.9012 
vt 34.0078 -30.9043 
vt 33.9922 -30.9043 
vt 34.0155 -30.9122 
vt 33.9889 -30.9122 
vt 34.0111 -30.9122 
vt 33.9845 -30.9122 
vt 34.0078 -30.92 
vt 33.989 -30.9231 
vt 34.011 -30.9231 
vt 33.9922 -30.92 
vt 34 -30.9232 
vt 34 -30.9277 
vt 34.0078 -30.9043 
vt 34 -30.9011 
vt 34.0111 -30.9122 
vt 33.9922 -30.9043 
vt 34.0078 -30.92 
vt 33.9889 -30.9122 
vt 33.9922 -30.92 
vt 34 -30.9232 
vt 34 -30.8756 
vt 33.9593 -30.9163 
vt 34 -30.9843 
vt 34.0288 -30.9416 
vt 33.9712 -30.9416 
vt 34.0288 -30.9724 
vt 33.9712 -30.9724 
vt 34.0288 -30.8875 
vt 34.0407 -30.9163 
vt 34 -30.8756 
vt 33.9712 -30.8875 
vt 33.9593 -30.9163 
vt 34.0205 -30.9388 
vt 33.9795 -30.9388 
vt 34.0205 -30.9732 
vt 33.9795 -30.9732 
vt 34.0048 -31.0835 
vt 34 -31.0848 
vt 33.9952 -31.0835 
vt 33.9932 -31.0804 
vt 33.9952 -31.046 
vt 34.0048 -31.0664 
vt 34.0048 -31.046 
vt 34 -31.046 
vt 34 -31.0668 
vt 33.9952 -31.0664 
vt 33.9952 -31.046 
vt 34 -30.9843 
vt 33.985 -30.8926 
vt 33.985 -30.8626 
vt 33.9894 -30.8926 
vt 33.9894 -30.8626 
vt 34 -30.8926 
vt 34.015 -30.8626 
vt 34 -30.8626 
vt 34.015 -30.8926 
vt 34.0106 -30.8926 
vt 34.0106 -30.8626 
vt 34.012 -30.8626 
vt 34.0085 -30.8806 
vt 34.0085 -30.8626 
vt 34 -30.8806 
vt 34 -30.8626 
vt 33.988 -30.8626 
vt 33.9915 -30.8806 
vt 33.9915 -30.8626 
vt 33.981 -30.9656 
vt 34.019 -31.0657 
vt 34.019 -30.9656 
vt 33.981 -31.0657 
vt 33.981 -31.0742 
vt 34.019 -31.0742 
vt 33.981 -31.088 
vt 34.019 -31.088 
vt 34 -30.8756 
vt 34 -30.9843 
vt 33.9935 -31.0973 
vt 33.9935 -31.074 
vt 33.9935 -31.074 
vt 33.9935 -31.0973 
vt 34 -31.074 
vt 34.0065 -31.0973 
vt 34 -31.0973 
vt 34.0065 -31.074 
vt 34 -30.9843 
vt 34.0288 -30.9416 
vt 33.9712 -30.9416 
vt 34.0288 -30.9724 
vt 33.9712 -30.9724 
vt 34.0288 -30.8875 
vt 34.0407 -30.9163 
vt 34 -30.8756 
vt 33.9712 -30.8875 
vt 33.9593 -30.9163 
vt 33.978 -31.1283 
vt 33.9689 -31.1063 
vt 33.9824 -31.1239 
vt 33.978 -31.0844 
vt 34.022 -31.1283 
vt 34.0176 -31.1239 
vt 33.9824 -31.0888 
vt 33.9752 -31.1063 
vt 33.986 -31.1063 
vt 33.9901 -31.0964 
vt 33.9901 -31.1162 
vt 34 -31.0815 
vt 34 -31.0923 
vt 34.0099 -31.0964 
vt 34 -31.1312 
vt 34 -31.1203 
vt 34.0099 -31.1162 
vt 34.014 -31.1063 
vt 34.0176 -31.0888 
vt 34.0248 -31.1063 
vt 34.3269 -31.0257 
vt 34.3269 -31.0182 
vt 34.3186 -31 
vt 34.3186 -31.022 
vt 34.3269 -31 
vt 34.3269 -30.9818 
vt 34.3186 -30.978 
vt 34.3186 -30.9689 
vt 33.6731 -31.0078 
vt 33.7807 -31.0078 
vt 33.6731 -31 
vt 33.7807 -30.9889 
vt 33.6731 -30.9889 
vt 33.7807 -30.9922 
vt 33.6731 -30.9922 
vt 33.7807 -31 
vt 33.6731 -31.011 
vt 33.7793 -31.0164 
vt 33.7793 -31 
vt 33.6731 -31 
vt 33.6731 -30.989 
vt 33.7793 -30.9836 
vt 33.7793 -30.9836 
vt 33.6731 -30.9845 
vt 33.9636 -31 
vt 33.968 -31.0106 
vt 33.9701 -31.0085 
vt 33.9786 -31.015 
vt 33.9666 -31 
vt 33.9786 -31.012 
vt 33.9701 -30.9915 
vt 33.9871 -31.0085 
vt 33.968 -30.9894 
vt 33.9892 -31.0106 
vt 33.9786 -30.985 
vt 33.9936 -31 
vt 33.9786 -30.988 
vt 33.9906 -31 
vt 33.9871 -30.9915 
vt 33.9892 -30.9894 
vt 33.9786 -31.012 
vt 33.9906 -31 
vt 33.9786 -30.988 
vt 33.9871 -30.9915 
vt 33.9871 -31.0085 
vt 33.9666 -31 
vt 33.9701 -31.0085 
vt 33.9701 -30.9915 
vt 33.9315 -31.0205 
vt 34.0061 -31.0205 
vt 34.0061 -30.9795 
vt 33.9315 -30.9795 
vt 34.0808 -30.9795 
vt 34.0808 -31.0205 
vt 34.1554 -30.9795 
vt 34.1554 -31.0205 
vt 34.0982 -31 
vt 34.0595 -31 
vt 34.0982 -31.0048 
vt 34.0982 -30.9952 
vt 34.059 -31.0048 
vt 34.059 -30.9952 
vt 34.0299 -31 
vt 34.0292 -31.0048 
vt 34.0292 -30.9952 
vt 34.0091 -31 
vt 34.008 -30.9952 
vt 34.008 -31.0048 
vt 33.9959 -31 
vt 33.9944 -31.0048 
vt 33.9944 -30.9952 
vt 34.1789 -31 
vt 34.1534 -30.9712 
vt 34.1534 -31 
vt 34.1789 -30.9712 
vt 34.1789 -31.0288 
vt 34.1534 -31.0288 
vt 33.9179 -31.0115 
vt 33.8036 -31 
vt 33.8036 -31.0115 
vt 33.9179 -31 
vt 33.9179 -31.0163 
vt 33.8036 -30.9885 
vt 33.8036 -31.0163 
vt 33.9179 -30.9885 
vt 33.8036 -30.9837 
vt 33.9179 -30.9837 
vt 33.9329 -31 
vt 33.9073 -30.9712 
vt 33.9073 -31 
vt 33.9329 -30.9712 
vt 33.9329 -31.0288 
vt 33.9073 -31.0288 
vt 34.1322 -31.0065 
vt 33.7793 -30.9836 
vt 33.7793 -30.9768 
vt 33.8036 -30.9837 
vt 33.8036 -30.9885 
vt 33.7793 -30.9836 
vt 33.7793 -31 
vt 33.8036 -31.0163 
vt 33.8036 -31 
vt 33.8036 -31.0115 
vt 33.7793 -31.0164 
vt 34.1763 -30.9689 
vt 34.3186 -30.9689 
vt 34.1763 -30.978 
vt 34.3186 -30.978 
vt 34.1763 -31 
vt 34.3186 -31 
vt 34.1608 -30.9824 
vt 34.1608 -31 
vt 34.1505 -31 
vt 34.1608 -31.0176 
vt 34.1763 -31.022 
vt 34.3186 -31.022 
vt 34.3269 -30.9011 
vt 34.3269 -30.9232 
vt 33.6731 -31.0882 
vt 33.6814 -31.0844 
vt 33.6814 -31.1063 
vt 33.6814 -31.1374 
vt 33.6731 -31.1063 
vt 33.6731 -31.132 
vt 33.6731 -31.1245 
vt 33.6814 -31.1283 
vt 34.3269 -30.9043 
vt 34.2193 -30.9043 
vt 34.3269 -30.9122 
vt 34.2193 -30.9011 
vt 34.2193 -30.9122 
vt 34.3269 -30.92 
vt 34.2193 -30.92 
vt 34.3269 -30.9012 
vt 34.2207 -30.8957 
vt 34.2207 -30.9354 
vt 34.3269 -30.9231 
vt 34.3269 -30.9012 
vt 34.2207 -30.9286 
vt 34.2207 -30.8957 
vt 34.2207 -30.9122 
vt 34.3269 -30.9122 
vt 33.9018 -31.0995 
vt 33.9018 -31.1015 
vt 33.9018 -31.1063 
vt 33.941 -31.1017 
vt 33.9018 -31.1063 
vt 33.9421 -31.1063 
vt 33.9018 -31.1111 
vt 33.9708 -31.0974 
vt 33.9431 -31.111 
vt 33.9724 -31.1019 
vt 33.992 -31.0885 
vt 33.974 -31.1065 
vt 33.9747 -31.1083 
vt 33.9974 -31.0964 
vt 34.0129 -31.0835 
vt 33.9947 -31.0924 
vt 34.0093 -31.0804 
vt 34.0056 -31.0773 
vt 34.0131 -31.0646 
vt 34.0178 -31.0655 
vt 34.0171 -31.046 
vt 34.0218 -31.046 
vt 34.0265 -31.046 
vt 34.0225 -31.0664 
vt 34.0265 -31.046 
vt 33.8446 -30.9732 
vt 33.9192 -30.9388 
vt 33.8446 -30.9388 
vt 33.9192 -30.987 
vt 33.9939 -30.987 
vt 33.9939 -30.9388 
vt 34.0685 -30.9732 
vt 34.0685 -30.9388 
vt 33.9355 -30.9656 
vt 33.8462 -31.0499 
vt 33.9355 -30.9656 
vt 33.8706 -30.9498 
vt 33.9111 -31.0657 
vt 33.8446 -31.0568 
vt 33.9163 -31.0742 
vt 33.9129 -31.088 
vt 33.8412 -31.0705 
vt 33.8466 -30.8875 
vt 33.8211 -30.8875 
vt 33.8466 -30.9163 
vt 33.8211 -30.9163 
vt 33.8466 -30.9416 
vt 33.8211 -30.9416 
vt 33.8211 -30.9724 
vt 33.8466 -30.9724 
vt 33.8466 -30.9843 
vt 34.0108 -30.8626 
vt 34.0108 -30.8926 
vt 34.0214 -30.8926 
vt 34.0214 -30.8626 
vt 34.032 -30.8926 
vt 34.032 -30.8626 
vt 34.0299 -30.8806 
vt 34.0299 -30.8626 
vt 34.0214 -30.8806 
vt 34.0214 -30.8626 
vt 34.0334 -30.8626 
vt 34.0129 -30.8806 
vt 34.0129 -30.8626 
vt 34.1964 -30.9007 
vt 34.0821 -30.9007 
vt 34.1964 -30.9122 
vt 34.0821 -30.9122 
vt 34.1964 -30.9237 
vt 34.0821 -30.9237 
vt 34.0671 -30.8756 
vt 34.0927 -30.8875 
vt 34.0671 -30.8875 
vt 34.0927 -30.9163 
vt 34.0671 -30.9163 
vt 34.0927 -30.9416 
vt 34.0671 -30.9416 
vt 34.0671 -30.9724 
vt 34.0927 -30.9724 
vt 34.0671 -30.9843 
vt 33.8678 -31.0973 
vt 33.8678 -31.074 
vt 33.8742 -31.074 
vt 33.8678 -31.0973 
vt 33.8742 -31.0973 
vt 33.8806 -31.074 
vt 33.8806 -31.0973 
vt 34.2207 -30.9286 
vt 34.1964 -30.9237 
vt 34.2207 -30.9122 
vt 34.1964 -30.9122 
vt 34.1964 -30.9007 
vt 34.2207 -30.8957 
vt 34.1964 -30.8959 
vt 33.6814 -31.1283 
vt 33.8237 -31.1283 
vt 33.8237 -31.1063 
vt 33.6814 -31.1374 
vt 33.6814 -31.1063 
vt 33.8392 -31.1239 
vt 33.8237 -31.0844 
vt 33.6814 -31.0844 
vt 33.8392 -31.0888 
vt 33.8392 -31.1063 
vt 33.9818 -31.1245 
vt 34.0182 -31.1245 
vt 33.9743 -31.1063 
vt 34 -31.132 
vt 34.0257 -31.1063 
vt 34 -31.0806 
vt 33.9818 -31.0882 
vt 34.0182 -31.0882 
vt 33.9818 -31.0882 
vt 34 -31.0753 
vt 33.9689 -31.1063 
vt 34.0182 -31.0882 
vt 33.9818 -31.1245 
vt 34.0311 -31.1063 
vt 34 -31.132 
vt 34.022 -31.1283 
vt 34 -30.8756 
vt 34.0288 -30.9416 
vt 34.0288 -30.8875 
vt 34.0407 -30.9163 
vt 33.9712 -30.9416 
vt 33.9712 -30.8875 
vt 33.9593 -30.9163 
vt 34 -30.9843 
vt 34.0288 -30.9724 
vt 33.9712 -30.9724 
vt 33.9795 -30.9388 
vt 33.9795 -30.9732 
vt 34.0205 -30.9732 
vt 34.0205 -30.9388 
vt 33.981 -30.9498 
vt 33.981 -31.0499 
vt 34.019 -31.0499 
vt 34.019 -30.9498 
vt 33.981 -31.0568 
vt 34.019 -31.0568 
vt 33.981 -31.0705 
vt 34.019 -31.0705 
vt 34.0407 -30.9163 
vt 34 -31.076 
vt 33.9952 -31.0773 
vt 33.9952 -31.0646 
vt 34.0068 -31.0804 
vt 34.0048 -31.0773 
vt 34.0048 -31.0646 
vt 34.0048 -31.046 
vt 34 -31.0642 
vt 34 -31.046 
vt 33.9952 -31.046 
vt 33.9952 -31.046 
vt 34 -30.9843 
vt 34.0106 -30.8626 
vt 34.0106 -30.8926 
vt 34.015 -30.8926 
vt 34 -30.8626 
vt 34.015 -30.8626 
vt 34 -30.8926 
vt 33.9894 -30.8626 
vt 33.9894 -30.8926 
vt 33.985 -30.8626 
vt 33.985 -30.8926 
vt 33.9915 -30.8806 
vt 33.9915 -30.8626 
vt 33.988 -30.8626 
vt 34 -30.8626 
vt 33.9915 -30.8806 
vt 34 -30.8806 
vt 34.0085 -30.8626 
vt 34.0085 -30.8806 
vt 34.012 -30.8626 
vt 34 -30.8756 
vt 34 -30.9843 
vt 34 -30.8756 
vt 34.0288 -30.9416 
vt 34.0288 -30.8875 
vt 34.0407 -30.9163 
vt 33.9712 -30.9416 
vt 33.9712 -30.8875 
vt 33.9593 -30.9163 
vt 34 -30.9843 
vt 34.0288 -30.9724 
vt 33.9712 -30.9724 
vt 34.0065 -31.0973 
vt 34.0065 -31.074 
vt 34 -31.0973 
vt 34 -31.074 
vt 33.9935 -31.0973 
vt 33.9935 -31.074 
vt 33.6731 -31.0257 
vt 33.6731 -31.0182 
vt 33.6814 -31.022 
vt 33.6814 -30.9689 
vt 33.6814 -31 
vt 33.6731 -31 
vt 33.6731 -30.9818 
vt 33.6814 -30.978 
vt 34.3269 -31.0078 
vt 34.2193 -31.0078 
vt 34.2193 -31 
vt 34.3269 -31 
vt 34.2193 -30.9922 
vt 34.3269 -30.9922 
vt 34.3269 -30.9889 
vt 34.3269 -31.011 
vt 34.3269 -31.011 
vt 34.2207 -31.0164 
vt 34.2207 -31.0164 
vt 34.2207 -31 
vt 34.3269 -31 
vt 34.3269 -30.989 
vt 34.2207 -30.9836 
vt 33.8412 -31.019 
vt 33.9129 -31.019 
vt 33.9129 -30.981 
vt 33.8412 -30.981 
vt 33.9018 -31.0068 
vt 33.9018 -31.0048 
vt 33.9018 -30.9952 
vt 33.9431 -30.9952 
vt 33.9018 -31 
vt 33.9431 -31.0048 
vt 33.9436 -31 
vt 33.974 -31.0048 
vt 33.974 -30.9952 
vt 33.9747 -31 
vt 33.9974 -31.0048 
vt 34.0129 -31.0048 
vt 33.9985 -31 
vt 33.9974 -30.9952 
vt 34.0145 -31 
vt 34.0129 -30.9952 
vt 34.0093 -30.9932 
vt 33.8211 -30.9712 
vt 33.8466 -30.9712 
vt 33.8466 -31.0288 
vt 33.8466 -31 
vt 33.8211 -31.0288 
vt 33.8211 -31 
vt 33.8446 -31.0205 
vt 33.9192 -31.0205 
vt 33.9192 -30.9795 
vt 33.8446 -30.9795 
vt 33.9939 -30.9795 
vt 33.9939 -31.0205 
vt 34.0685 -30.9795 
vt 34.0685 -31.0205 
vt 34.0821 -31.0163 
vt 34.1964 -31.0163 
vt 34.0821 -31.0115 
vt 34.1964 -30.9837 
vt 34.1964 -31.0115 
vt 34.0821 -30.9837 
vt 34.0821 -31 
vt 34.1964 -30.9885 
vt 34.1964 -31 
vt 34.0821 -30.9885 
vt 34.0671 -30.9712 
vt 34.0927 -30.9712 
vt 34.0927 -31.0288 
vt 34.0927 -31 
vt 34.0671 -31.0288 
vt 34.0671 -31 
vt 33.8678 -31.0065 
vt 34.2207 -30.9836 
vt 34.1964 -30.9885 
vt 34.2207 -31 
vt 34.1964 -31 
vt 34.1964 -30.9837 
vt 34.1964 -31.0115 
vt 34.2207 -31.0164 
vt 34.2207 -31.0232 
vt 34.1964 -31.0163 
vt 34.2207 -31.0164 
vt 33.6814 -30.978 
vt 33.8237 -30.978 
vt 33.8237 -30.9689 
vt 33.6814 -31 
vt 33.8237 -31 
vt 33.6814 -31.022 
vt 33.8392 -30.9824 
vt 33.8237 -31.022 
vt 33.8392 -31.0176 
vt 33.8392 -31 
vt 33.6731 -30.9011 
vt 33.6731 -30.9232 
vt 34.3269 -31.0882 
vt 34.3186 -31.0844 
vt 34.3186 -31.1063 
vt 34.3269 -31.1063 
vt 34.3269 -31.1245 
vt 34.3186 -31.1283 
vt 34.3186 -31.1374 
vt 34.3269 -31.132 
vt 33.7807 -30.9011 
vt 33.7807 -30.9043 
vt 33.6731 -30.9043 
vt 33.7807 -30.9122 
vt 33.6731 -30.9122 
vt 33.7807 -30.92 
vt 33.6731 -30.92 
vt 33.7793 -30.9122 
vt 33.6731 -30.9122 
vt 33.6731 -30.9231 
vt 33.6731 -30.9012 
vt 33.7793 -30.9286 
vt 33.7793 -30.8957 
vt 33.7793 -30.9354 
vt 33.6731 -30.9231 
vt 33.7793 -30.9286 
vt 34.0982 -31.0995 
vt 34.0982 -31.1015 
vt 34.059 -31.1017 
vt 34.0982 -31.1063 
vt 34.0579 -31.1063 
vt 34.0982 -31.1111 
vt 34.0292 -31.0974 
vt 34.0982 -31.1111 
vt 34.008 -31.0885 
vt 34.0276 -31.1019 
vt 34.0569 -31.111 
vt 34.026 -31.1065 
vt 34.0053 -31.0924 
vt 33.9944 -31.0773 
vt 34.026 -31.1065 
vt 34.0253 -31.1083 
vt 34.0026 -31.0964 
vt 33.9907 -31.0804 
vt 33.9869 -31.0646 
vt 33.9871 -31.0835 
vt 33.9907 -31.0804 
vt 33.9829 -31.046 
vt 33.9822 -31.0655 
vt 33.9782 -31.046 
vt 33.9775 -31.0664 
vt 33.9735 -31.046 
vt 34.0061 -30.9388 
vt 33.9315 -30.9732 
vt 34.0061 -30.987 
vt 33.9315 -30.9388 
vt 34.0808 -30.987 
vt 34.0808 -30.9388 
vt 34.1554 -30.9732 
vt 34.1554 -30.9388 
vt 34.1538 -31.0499 
vt 34.0645 -30.9656 
vt 34.0889 -31.0657 
vt 34.1294 -30.9498 
vt 34.1554 -31.0568 
vt 34.0837 -31.0742 
vt 34.1588 -31.0705 
vt 34.0871 -31.088 
vt 34.1789 -30.8875 
vt 34.1534 -30.8875 
vt 34.1789 -30.9163 
vt 34.1534 -30.9163 
vt 34.1789 -30.9416 
vt 34.1534 -30.9416 
vt 34.1534 -30.9724 
vt 34.1534 -30.9843 
vt 34.1789 -30.9724 
vt 33.9892 -30.8626 
vt 33.9892 -30.8926 
vt 33.9786 -30.8626 
vt 33.9786 -30.8926 
vt 33.968 -30.8926 
vt 33.968 -30.8626 
vt 33.9666 -30.8626 
vt 33.9701 -30.8626 
vt 33.9701 -30.8806 
vt 33.9786 -30.8626 
vt 33.9871 -30.8806 
vt 33.9786 -30.8806 
vt 33.9871 -30.8626 
vt 33.9179 -30.9007 
vt 33.8036 -30.9007 
vt 33.9179 -30.9122 
vt 33.8036 -30.9122 
vt 33.9179 -30.9237 
vt 33.8036 -30.9237 
vt 33.9329 -30.8756 
vt 33.9329 -30.8875 
vt 33.9073 -30.8875 
vt 33.9329 -30.9163 
vt 33.9073 -30.9163 
vt 33.9329 -30.9416 
vt 33.9073 -30.9416 
vt 33.9073 -30.9724 
vt 33.9329 -30.9724 
vt 33.9329 -30.9843 
vt 34.1322 -31.0973 
vt 34.1322 -31.074 
vt 34.1258 -31.0973 
vt 34.1258 -31.074 
vt 34.1194 -31.0973 
vt 34.1194 -31.074 
vt 33.8036 -30.9284 
vt 33.8036 -30.9237 
vt 33.7793 -30.9286 
vt 33.7793 -30.9122 
vt 33.8036 -30.9122 
vt 33.8036 -30.9007 
vt 33.7793 -30.8957 
vt 34.3186 -31.1374 
vt 34.3186 -31.1283 
vt 34.1763 -31.1283 
vt 34.1763 -31.1063 
vt 34.3186 -31.1063 
vt 34.1608 -31.1239 
vt 34.1505 -31.0923 
vt 34.1505 -31.1203 
vt 34.1505 -31.1063 
vt 34.1608 -31.0888 
vt 34.1608 -31.1063 
vt 34.1763 -31.0844 
vt 34.3186 -31.0844 

usemtl Meshpart1Mtl

f 1/1/1 2/2/2 3/3/3 
f 4/4/4 3/3/3 2/2/2 
f 1/1/1 3/3/3 5/5/5 
f 3/3/3 4/4/4 6/6/6 
f 5/5/5 7/7/7 1/1/1 
f 4/4/4 8/8/8 6/6/6 
f 7/7/7 5/5/5 9/9/9 
f 8/8/8 4/4/4 10/10/10 
f 11/11/11 7/7/7 9/9/9 
f 12/12/12 8/8/8 10/10/10 
f 7/7/7 11/11/11 13/13/13 
f 8/8/8 12/12/12 14/14/14 
f 15/15/15 13/13/13 11/11/11 
f 12/12/12 15/15/15 14/14/14 
f 13/13/13 15/15/15 16/16/16 
f 15/15/15 12/12/12 16/16/16 
f 18/18/18 19/19/19 17/17/17 
f 20/20/20 19/19/19 18/18/18 
f 23/23/23 20/20/20 22/22/22 
f 20/20/20 23/23/23 19/19/19 
f 19/19/19 24/24/24 21/21/21 
f 24/24/24 19/19/19 23/23/23 
f 27/27/27 28/28/28 29/29/29 
f 28/28/28 27/27/27 30/30/30 
f 27/27/27 29/29/29 31/31/31 
f 32/32/32 28/28/28 33/33/33 
f 34/34/34 28/28/28 32/32/32 
f 28/28/28 34/34/34 29/29/29 
f 29/29/29 34/34/34 35/35/35 
f 35/35/35 36/36/36 29/29/29 
f 37/37/37 38/38/38 39/39/39 
f 39/39/39 38/38/38 40/40/40 
f 48/48/48 46/46/46 47/47/47 
f 49/49/49 41/41/41 46/46/46 
f 46/46/46 48/48/48 49/49/49 
f 41/41/41 49/49/49 42/42/42 
f 49/49/49 43/43/43 42/42/42 
f 48/48/48 50/50/50 49/49/49 
f 43/43/43 49/49/49 50/50/50 
f 50/50/50 48/48/48 51/51/51 
f 57/57/57 56/56/56 55/55/55 
f 56/56/56 57/57/57 59/59/59 
f 61/61/61 59/59/59 57/57/57 
f 59/59/59 61/61/61 62/62/62 
f 64/64/64 65/65/65 66/66/66 
f 67/67/67 66/66/66 65/65/65 
f 66/66/66 67/67/67 69/69/69 
f 70/70/70 69/69/69 67/67/67 
f 71/71/71 72/72/72 73/73/73 
f 72/72/72 71/71/71 74/74/74 
f 72/72/72 74/74/74 75/75/75 
f 75/75/75 76/76/76 72/72/72 
f 76/76/76 75/75/75 77/77/77 
f 77/77/77 78/78/78 76/76/76 
f 84/84/84 85/85/85 83/83/83 
f 85/85/85 84/84/84 87/87/87 
f 87/87/87 88/88/88 85/85/85 
f 88/88/88 87/87/87 86/86/86 
f 89/89/89 90/90/90 91/91/91 
f 90/90/90 89/89/89 92/92/92 
f 89/89/89 91/91/91 93/93/93 
f 94/94/94 90/90/90 95/95/95 
f 96/96/96 90/90/90 94/94/94 
f 90/90/90 96/96/96 91/91/91 
f 91/91/91 96/96/96 97/97/97 
f 97/97/97 98/98/98 91/91/91 
f 107/107/107 105/105/105 106/106/106 
f 101/101/101 107/107/107 106/106/106 
f 105/105/105 107/107/107 108/108/108 
f 107/107/107 101/101/101 109/109/109 
f 105/105/105 108/108/108 110/110/110 
f 110/110/110 108/108/108 111/111/111 
f 112/112/112 110/110/110 111/111/111 
f 113/113/113 109/109/109 101/101/101 
f 109/109/109 113/113/113 114/114/114 
f 113/113/113 115/115/115 114/114/114 
f 113/113/113 104/104/104 115/115/115 
f 115/115/115 104/104/104 116/116/116 
f 110/110/110 112/112/112 117/117/117 
f 116/116/116 117/117/117 112/112/112 
f 104/104/104 118/118/118 116/116/116 
f 117/117/117 116/116/116 118/118/118 
f 120/120/120 121/121/121 122/122/122 
f 121/121/121 120/120/120 123/123/123 
f 124/124/124 121/121/121 123/123/123 
f 121/121/121 124/124/124 125/125/125 
f 128/128/128 129/129/129 127/127/127 
f 129/129/129 128/128/128 134/134/134 
f 134/134/134 133/133/133 129/129/129 
f 133/133/133 134/134/134 132/132/132 
f 135/135/135 136/136/136 137/137/137 
f 135/135/135 137/137/137 138/138/138 
f 137/137/137 139/139/139 138/138/138 
f 139/139/139 137/137/137 141/141/141 
f 143/143/143 144/144/144 145/145/145 
f 146/146/146 145/145/145 144/144/144 
f 143/143/143 145/145/145 147/147/147 
f 145/145/145 146/146/146 148/148/148 
f 149/149/149 143/143/143 147/147/147 
f 146/146/146 150/150/150 148/148/148 
f 143/143/143 149/149/149 151/151/151 
f 150/150/150 146/146/146 152/152/152 
f 153/153/153 151/151/151 149/149/149 
f 154/154/154 150/150/150 152/152/152 
f 149/149/149 155/155/155 153/153/153 
f 150/150/150 154/154/154 156/156/156 
f 157/157/157 153/153/153 155/155/155 
f 154/154/154 157/157/157 156/156/156 
f 153/153/153 157/157/157 158/158/158 
f 154/154/154 158/158/158 157/157/157 
f 159/159/159 160/160/160 161/161/161 
f 161/161/161 160/160/160 162/162/162 
f 160/160/160 159/159/159 163/163/163 
f 161/161/161 164/164/164 159/159/159 
f 159/159/159 164/164/164 165/165/165 
f 164/164/164 161/161/161 166/166/166 
f 167/167/167 168/168/168 169/169/169 
f 167/167/167 169/169/169 170/170/170 
f 168/168/168 171/171/171 169/169/169 
f 168/168/168 172/172/172 171/171/171 
f 172/172/172 173/173/173 171/171/171 
f 172/172/172 174/174/174 173/173/173 
f 175/175/175 176/176/176 177/177/177 
f 178/178/178 176/176/176 175/175/175 
f 179/179/179 177/177/177 176/176/176 
f 176/176/176 178/178/178 180/180/180 
f 176/176/176 181/181/181 179/179/179 
f 180/180/180 181/181/181 176/176/176 
f 182/182/182 179/179/179 181/181/181 
f 181/181/181 180/180/180 183/183/183 
f 181/181/181 184/184/184 182/182/182 
f 183/183/183 184/184/184 181/181/181 
f 184/184/184 183/183/183 185/185/185 
f 186/186/186 182/182/182 184/184/184 
f 185/185/185 187/187/187 184/184/184 
f 184/184/184 187/187/187 186/186/186 
f 188/188/188 186/186/186 187/187/187 
f 187/187/187 185/185/185 189/189/189 
f 190/190/190 191/191/191 192/192/192 
f 191/191/191 190/190/190 193/193/193 
f 192/192/192 194/194/194 190/190/190 
f 194/194/194 192/192/192 195/195/195 
f 196/196/196 197/197/197 198/198/198 
f 197/197/197 196/196/196 199/199/199 
f 199/199/199 201/201/201 197/197/197 
f 201/201/201 199/199/199 203/203/203 
f 206/206/206 207/207/207 208/208/208 
f 207/207/207 206/206/206 209/209/209 
f 208/208/208 210/210/210 206/206/206 
f 210/210/210 208/208/208 211/211/211 
f 218/218/218 216/216/216 217/217/217 
f 216/216/216 218/218/218 220/220/220 
f 218/218/218 221/221/221 220/220/220 
f 221/221/221 218/218/218 222/222/222 
f 227/227/227 226/226/226 225/225/225 
f 226/226/226 227/227/227 228/228/228 
f 227/227/227 225/225/225 229/229/229 
f 230/230/230 227/227/227 229/229/229 
f 232/232/232 227/227/227 230/230/230 
f 227/227/227 232/232/232 233/233/233 
f 233/233/233 228/228/228 227/227/227 
f 228/228/228 233/233/233 234/234/234 
f 239/239/239 238/238/238 237/237/237 
f 237/237/237 241/241/241 239/239/239 
f 243/243/243 239/239/239 241/241/241 
f 239/239/239 243/243/243 244/244/244 
f 245/245/245 246/246/246 247/247/247 
f 249/249/249 247/247/247 246/246/246 
f 247/247/247 249/249/249 250/250/250 
f 251/251/251 250/250/250 249/249/249 
f 255/255/255 259/259/259 257/257/257 
f 259/259/259 256/256/256 258/258/258 
f 259/259/259 255/255/255 260/260/260 
f 259/259/259 260/260/260 256/256/256 
f 265/265/265 264/264/264 262/262/262 
f 264/264/264 265/265/265 266/266/266 
f 267/267/267 266/266/266 265/265/265 
f 266/266/266 268/268/268 264/264/264 
f 266/266/266 267/267/267 269/269/269 
f 268/268/268 266/266/266 270/270/270 
f 269/269/269 270/270/270 266/266/266 
f 270/270/270 271/271/271 268/268/268 
f 270/270/270 269/269/269 272/272/272 
f 276/276/276 272/272/272 274/274/274 
f 272/272/272 276/276/276 270/270/270 
f 271/271/271 270/270/270 276/276/276 
f 274/274/274 277/277/277 276/276/276 
f 277/277/277 274/274/274 275/275/275 
f 276/276/276 278/278/278 271/271/271 
f 278/278/278 276/276/276 277/277/277 
f 277/277/277 279/279/279 278/278/278 
f 275/275/275 280/280/280 277/277/277 
f 279/279/279 277/277/277 280/280/280 
f 280/280/280 281/281/281 279/279/279 
f 281/281/281 280/280/280 282/282/282 
f 280/280/280 275/275/275 284/284/284 
f 284/284/284 282/282/282 280/280/280 
f 282/282/282 284/284/284 285/285/285 
f 286/286/286 287/287/287 288/288/288 
f 287/287/287 286/286/286 289/289/289 
f 289/289/289 290/290/290 287/287/287 
f 290/290/290 291/291/291 287/287/287 
f 290/290/290 292/292/292 291/291/291 
f 293/293/293 291/291/291 292/292/292 
f 295/295/295 296/296/296 297/297/297 
f 296/296/296 295/295/295 298/298/298 
f 299/299/299 298/298/298 295/295/295 
f 299/299/299 300/300/300 298/298/298 
f 299/299/299 301/301/301 300/300/300 
f 301/301/301 299/299/299 302/302/302 
f 305/305/305 303/303/303 304/304/304 
f 306/306/306 305/305/305 304/304/304 
f 307/307/307 305/305/305 306/306/306 
f 308/308/308 307/307/307 306/306/306 
f 309/309/309 307/307/307 308/308/308 
f 309/309/309 310/310/310 307/307/307 
f 312/312/312 313/313/313 314/314/314 
f 314/314/314 315/315/315 312/312/312 
f 315/315/315 314/314/314 316/316/316 
f 316/316/316 317/317/317 315/315/315 
f 318/318/318 319/319/319 320/320/320 
f 320/320/320 319/319/319 321/321/321 
f 320/320/320 321/321/321 323/323/323 
f 323/323/323 321/321/321 324/324/324 
f 325/325/325 326/326/326 327/327/327 
f 328/328/328 327/327/327 326/326/326 
f 327/327/327 328/328/328 329/329/329 
f 330/330/330 329/329/329 328/328/328 
f 334/334/334 332/332/332 333/333/333 
f 335/335/335 334/334/334 333/333/333 
f 336/336/336 334/334/334 335/335/335 
f 337/337/337 336/336/336 335/335/335 
f 338/338/338 336/336/336 337/337/337 
f 338/338/338 339/339/339 336/336/336 
f 341/341/341 343/343/343 342/342/342 
f 343/343/343 341/341/341 345/345/345 
f 345/345/345 346/346/346 343/343/343 
f 346/346/346 345/345/345 347/347/347 
f 350/350/350 349/349/349 348/348/348 
f 349/349/349 350/350/350 351/351/351 
f 351/351/351 350/350/350 352/352/352 
f 353/353/353 352/352/352 350/350/350 
f 355/355/355 356/356/356 357/357/357 
f 355/355/355 357/357/357 359/359/359 
f 360/360/360 357/357/357 356/356/356 
f 359/359/359 357/357/357 361/361/361 
f 359/359/359 361/361/361 362/362/362 
f 357/357/357 363/363/363 361/361/361 
f 363/363/363 357/357/357 364/364/364 
f 357/357/357 360/360/360 364/364/364 
f 365/365/365 366/366/366 367/367/367 
f 366/366/366 365/365/365 368/368/368 
f 369/369/369 367/367/367 366/366/366 
f 369/369/369 370/370/370 367/367/367 
f 367/367/367 370/370/370 371/371/371 
f 370/370/370 369/369/369 372/372/372 
f 381/381/381 382/382/382 383/383/383 
f 383/383/383 382/382/382 384/384/384 
f 382/382/382 381/381/381 385/385/385 
f 385/385/385 381/381/381 386/386/386 
f 385/385/385 386/386/386 387/387/387 
f 388/388/388 382/382/382 385/385/385 
f 382/382/382 388/388/388 389/389/389 
f 388/388/388 385/385/385 390/390/390 
f 391/391/391 392/392/392 393/393/393 
f 391/391/391 393/393/393 394/394/394 
f 395/395/395 396/396/396 397/397/397 
f 395/395/395 397/397/397 398/398/398 
f 399/399/399 397/397/397 396/396/396 
f 397/397/397 399/399/399 400/400/400 
f 401/401/401 400/400/400 399/399/399 
f 400/400/400 401/401/401 402/402/402 
f 404/404/404 406/406/406 405/405/405 
f 408/408/408 409/409/409 404/404/404 
f 411/411/411 404/404/404 409/409/409 
f 409/409/409 410/410/410 411/411/411 
f 406/406/406 404/404/404 411/411/411 
f 412/412/412 411/411/411 410/410/410 
f 413/413/413 411/411/411 412/412/412 
f 411/411/411 413/413/413 406/406/406 
f 419/419/419 417/417/417 416/416/416 
f 419/419/419 421/421/421 417/417/417 
f 422/422/422 421/421/421 419/419/419 
f 422/422/422 423/423/423 421/421/421 
f 426/426/426 429/429/429 427/427/427 
f 429/429/429 426/426/426 431/431/431 
f 431/431/431 432/432/432 429/429/429 
f 432/432/432 431/431/431 433/433/433 
f 437/437/437 438/438/438 439/439/439 
f 439/439/439 438/438/438 440/440/440 
f 438/438/438 437/437/437 441/441/441 
f 441/441/441 437/437/437 442/442/442 
f 441/441/441 442/442/442 443/443/443 
f 444/444/444 438/438/438 441/441/441 
f 438/438/438 444/444/444 445/445/445 
f 444/444/444 441/441/441 446/446/446 
f 447/447/447 448/448/448 449/449/449 
f 450/450/450 449/449/449 448/448/448 
f 449/449/449 450/450/450 451/451/451 
f 452/452/452 451/451/451 450/450/450 
f 457/457/457 454/454/454 455/455/455 
f 454/454/454 457/457/457 458/458/458 
f 459/459/459 458/458/458 457/457/457 
f 457/457/457 460/460/460 459/459/459 
f 462/462/462 461/461/461 463/463/463 
f 464/464/464 463/463/463 461/461/461 
f 463/463/463 464/464/464 465/465/465 
f 466/466/466 465/465/465 464/464/464 
f 468/468/468 472/472/472 470/470/470 
f 472/472/472 468/468/468 473/473/473 
f 472/472/472 473/473/473 474/474/474 
f 472/472/472 474/474/474 475/475/475 
f 476/476/476 477/477/477 478/478/478 
f 476/476/476 478/478/478 479/479/479 
f 484/484/484 483/483/483 482/482/482 
f 485/485/485 484/484/484 481/481/481 
f 484/484/484 485/485/485 486/486/486 
f 483/483/483 484/484/484 486/486/486 
f 487/487/487 486/486/486 485/485/485 
f 486/486/486 488/488/488 483/483/483 
f 486/486/486 487/487/487 489/489/489 
f 488/488/488 486/486/486 489/489/489 
f 490/490/490 489/489/489 487/487/487 
f 489/489/489 490/490/490 492/492/492 
f 491/491/491 492/492/492 490/490/490 
f 493/493/493 489/489/489 492/492/492 
f 489/489/489 493/493/493 488/488/488 
f 492/492/492 491/491/491 494/494/494 
f 492/492/492 495/495/495 493/493/493 
f 495/495/495 492/492/492 494/494/494 
f 500/500/500 498/498/498 497/497/497 
f 502/502/502 500/500/500 497/497/497 
f 499/499/499 500/500/500 502/502/502 
f 501/501/501 499/499/499 502/502/502 
f 503/503/503 504/504/504 505/505/505 
f 503/503/503 505/505/505 506/506/506 
f 504/504/504 507/507/507 505/505/505 
f 504/504/504 508/508/508 507/507/507 
f 508/508/508 509/509/509 507/507/507 
f 508/508/508 510/510/510 509/509/509 
f 513/513/513 515/515/515 517/517/517 
f 519/519/519 517/517/517 515/515/515 
f 517/517/517 519/519/519 520/520/520 
f 518/518/518 520/520/520 519/519/519 
f 524/524/524 522/522/522 521/521/521 
f 526/526/526 524/524/524 521/521/521 
f 523/523/523 524/524/524 526/526/526 
f 525/525/525 523/523/523 526/526/526 
f 528/528/528 529/529/529 530/530/530 
f 531/531/531 530/530/530 529/529/529 
f 533/533/533 530/530/530 531/531/531 
f 530/530/530 533/533/533 534/534/534 
f 541/541/541 539/539/539 538/538/538 
f 541/541/541 542/542/542 539/539/539 
f 543/543/543 542/542/542 541/541/541 
f 542/542/542 544/544/544 539/539/539 
f 543/543/543 545/545/545 542/542/542 
f 546/546/546 542/542/542 545/545/545 
f 544/544/544 542/542/542 547/547/547 
f 542/542/542 546/546/546 547/547/547 
f 552/552/552 550/550/550 551/551/551 
f 550/550/550 552/552/552 553/553/553 
f 554/554/554 553/553/553 552/552/552 
f 552/552/552 555/555/555 554/554/554 
f 559/559/559 560/560/560 561/561/561 
f 562/562/562 561/561/561 560/560/560 
f 561/561/561 562/562/562 563/563/563 
f 564/564/564 563/563/563 562/562/562 
f 565/565/565 566/566/566 567/567/567 
f 565/565/565 568/568/568 566/566/566 
f 565/565/565 567/567/567 569/569/569 
f 568/568/568 565/565/565 570/570/570 
f 576/576/576 577/577/577 575/575/575 
f 577/577/577 576/576/576 578/578/578 
f 578/578/578 579/579/579 577/577/577 
f 580/580/580 578/578/578 576/576/576 
f 582/582/582 583/583/583 580/580/580 
f 578/578/578 580/580/580 583/583/583 
f 583/583/583 584/584/584 578/578/578 
f 579/579/579 578/578/578 584/584/584 
f 584/584/584 583/583/583 585/585/585 
f 583/583/583 582/582/582 586/586/586 
f 586/586/586 585/585/585 583/583/583 
f 582/582/582 587/587/587 586/586/586 
f 585/585/585 586/586/586 590/590/590 
f 591/591/591 586/586/586 587/587/587 
f 586/586/586 591/591/591 590/590/590 
f 587/587/587 592/592/592 591/591/591 
f 593/593/593 590/590/590 591/591/591 
f 596/596/596 592/592/592 595/595/595 
f 596/596/596 591/591/591 592/592/592 
f 597/597/597 596/596/596 595/595/595 
f 591/591/591 596/596/596 593/593/593 
f 598/598/598 596/596/596 597/597/597 
f 598/598/598 593/593/593 596/596/596 
f 599/599/599 598/598/598 597/597/597 
f 600/600/600 601/601/601 602/602/602 
f 601/601/601 600/600/600 603/603/603 
f 604/604/604 600/600/600 602/602/602 
f 600/600/600 604/604/604 605/605/605 
f 606/606/606 605/605/605 604/604/604 
f 605/605/605 606/606/606 607/607/607 
f 608/608/608 609/609/609 610/610/610 
f 609/609/609 608/608/608 611/611/611 
f 610/610/610 612/612/612 608/608/608 
f 612/612/612 610/610/610 613/613/613 
f 613/613/613 614/614/614 612/612/612 
f 614/614/614 613/613/613 615/615/615 
f 616/616/616 617/617/617 618/618/618 
f 617/617/617 619/619/619 618/618/618 
f 618/618/618 619/619/619 620/620/620 
f 619/619/619 621/621/621 620/620/620 
f 622/622/622 620/620/620 621/621/621 
f 620/620/620 622/622/622 624/624/624 
f 627/627/627 626/626/626 625/625/625 
f 626/626/626 627/627/627 628/628/628 
f 630/630/630 628/628/628 627/627/627 
f 628/628/628 630/630/630 629/629/629 
f 632/632/632 633/633/633 634/634/634 
f 634/634/634 633/633/633 636/636/636 
f 634/634/634 636/636/636 637/637/637 
f 637/637/637 636/636/636 635/635/635 
f 638/638/638 639/639/639 640/640/640 
f 641/641/641 640/640/640 639/639/639 
f 640/640/640 641/641/641 642/642/642 
f 643/643/643 642/642/642 641/641/641 
f 645/645/645 646/646/646 647/647/647 
f 646/646/646 648/648/648 647/647/647 
f 647/647/647 648/648/648 649/649/649 
f 648/648/648 650/650/650 649/649/649 
f 650/650/650 651/651/651 649/649/649 
f 649/649/649 651/651/651 652/652/652 
f 655/655/655 656/656/656 654/654/654 
f 657/657/657 656/656/656 655/655/655 
f 657/657/657 658/658/658 656/656/656 
f 659/659/659 658/658/658 657/657/657 
f 662/662/662 661/661/661 663/663/663 
f 664/664/664 663/663/663 661/661/661 
f 665/665/665 663/663/663 664/664/664 
f 663/663/663 665/665/665 666/666/666 
f 668/668/668 670/670/670 669/669/669 
f 670/670/670 668/668/668 671/671/671 
f 670/670/670 672/672/672 669/669/669 
f 672/672/672 670/670/670 677/677/677 
f 670/670/670 676/676/676 677/677/677 
f 676/676/676 670/670/670 678/678/678 
f 671/671/671 678/678/678 670/670/670 
f 678/678/678 671/671/671 679/679/679 

g Meshpart2

v -320.033 5.50254 -1.3838 
v -319.667 5.50254 -1.38381 
v -319.667 5.45569 -1.40194 
v -320.033 5.52285 -1.33785 
v -320.033 5.45569 -1.40194 
v -319.667 5.40974 -1.38164 
v -320.033 5.40974 -1.38164 
v -319.667 5.3916 -1.33479 
v -320.033 5.3916 -1.33479 
v -319.667 5.39486 -0.560162 
v -320.033 5.39486 -0.560162 
v -319.667 5.34801 -0.578301 
v -320.033 5.34801 -0.578301 
v -320.033 5.39703 -0.467357 
v -319.667 5.30206 -0.557999 
v -320.033 5.30206 -0.557999 
v -320.033 5.50254 -1.3838 
v -319.667 5.52285 -1.33785 
v -319.667 5.50254 -1.38381 
v -320.033 5.52285 -1.33785 
v -320.033 5.50471 -1.291 
v -319.667 5.50471 -1.291 
v -319.667 5.45875 -1.2707 
v -320.033 5.3916 -1.33479 
v -319.667 5.39486 -0.560162 
v -320.033 5.39486 -0.560162 
v -320.033 5.41516 -0.514207 
v -319.667 5.34801 -0.578301 
v -319.667 5.41516 -0.514207 
v -320.033 5.39703 -0.467357 
v -319.667 5.39703 -0.467357 
v -319.667 5.40974 -1.38164 
v -319.667 5.4119 -1.28884 
v -319.667 5.3916 -1.33479 
v -319.667 5.52285 -1.33785 
v -319.667 5.45569 -1.40194 
v -319.667 5.50254 -1.38381 
v -319.667 5.45875 -1.2707 
v -319.667 5.50471 -1.291 
v -319.667 5.30206 -0.557999 
v -319.667 5.30422 -0.465195 
v -319.667 5.28392 -0.511149 
v -319.667 5.41516 -0.514207 
v -319.667 5.34801 -0.578301 
v -319.667 5.39486 -0.560162 
v -319.667 5.35107 -0.447055 
v -319.667 5.39703 -0.467357 
v -320.033 5.52285 -1.33785 
v -320.033 5.50471 -1.291 
v -319.667 5.50471 -1.291 
v -320.033 5.45875 -1.2707 
v -319.667 5.3916 -1.33479 
v -319.667 5.45875 -1.2707 
v -320.033 5.3916 -1.33479 
v -320.033 5.4119 -1.28884 
v -319.667 5.4119 -1.28884 
v -320.033 5.39703 -0.467357 
v -319.667 5.39703 -0.467357 
v -320.033 5.35107 -0.447055 
v -319.667 5.28392 -0.511149 
v -319.667 5.35107 -0.447055 
v -320.033 5.28392 -0.511149 
v -320.033 5.30422 -0.465195 
v -319.667 5.30422 -0.465195 
v -319.667 5.50254 -1.38381 
v -319.667 5.45569 -1.40194 
v -320.033 5.45569 -1.40194 
v -319.667 5.40974 -1.38164 
v -320.033 5.40974 -1.38164 
v -319.667 5.3916 -1.33479 
v -319.667 5.45875 -1.2707 
v -320.033 5.3916 -1.33479 
v -320.033 5.4119 -1.28884 
v -319.667 5.4119 -1.28884 
v -319.667 5.34801 -0.578301 
v -320.033 5.34801 -0.578301 
v -319.667 5.30206 -0.557999 
v -320.033 5.30206 -0.557999 
v -319.667 5.28392 -0.511149 
v -320.033 5.28392 -0.511149 
v -320.033 5.30422 -0.465195 
v -319.667 5.30422 -0.465195 
v -320.033 5.40974 -1.38164 
v -320.033 5.45875 -1.2707 
v -320.033 5.50254 -1.3838 
v -320.033 5.45569 -1.40194 
v -320.033 5.52285 -1.33785 
v -320.033 5.50471 -1.291 
v -320.033 5.3916 -1.33479 
v -320.033 5.4119 -1.28884 
v -320.033 5.28392 -0.511149 
v -320.033 5.30422 -0.465195 
v -320.033 5.30206 -0.557999 
v -320.033 5.41516 -0.514207 
v -320.033 5.34801 -0.578301 
v -320.033 5.39486 -0.560162 
v -320.033 5.35107 -0.447055 
v -320.033 5.39703 -0.467357 

vn 0 0.692913 -0.724409 
vn 0 0.692913 -0.724409 
vn 0 -0.023622 -1 
vn 0 1 -0.023622 
vn 0 -0.023622 -1 
vn 0 -0.724409 -0.692913 
vn 0 -0.724409 -0.692913 
vn 0 -1 0.023622 
vn 0 -1 0.023622 
vn 0 0.692913 -0.724409 
vn 0 0.692913 -0.724409 
vn 0 -0.023622 -1 
vn 0 -0.023622 -1 
vn 0 0.724409 0.692913 
vn 0 -0.724409 -0.692913 
vn 0 -0.724409 -0.692913 
vn 0 0.692913 -0.724409 
vn 0 1 -0.023622 
vn 0 0.692913 -0.724409 
vn 0 1 -0.023622 
vn 0 0.724409 0.692913 
vn 0 0.724409 0.692913 
vn 0 0.023622 1 
vn 0 -1 0.023622 
vn 0 0.692913 -0.724409 
vn 0 0.692913 -0.724409 
vn 0 1 -0.023622 
vn 0 -0.023622 -1 
vn 0 1 -0.023622 
vn 0 0.724409 0.692913 
vn 0 0.724409 0.692913 
vn 1 0 0 
vn 1 0 0 
vn 1 0 0 
vn 1 0 0 
vn 1 0 0 
vn 1 0 0 
vn 1 0 0 
vn 1 0 0 
vn 1 0 0 
vn 1 0 0 
vn 1 0 0 
vn 1 0 0 
vn 1 0 0 
vn 1 0 0 
vn 1 0 0 
vn 1 0 0 
vn 0 1 -0.023622 
vn 0 0.724409 0.692913 
vn 0 0.724409 0.692913 
vn 0 0.023622 1 
vn 0 -1 0.023622 
vn 0 0.023622 1 
vn 0 -1 0.023622 
vn 0 -0.692913 0.724409 
vn 0 -0.692913 0.724409 
vn 0 0.724409 0.692913 
vn 0 0.724409 0.692913 
vn 0 0.023622 1 
vn 0 -1 0.023622 
vn 0 0.023622 1 
vn 0 -1 0.023622 
vn 0 -0.692913 0.724409 
vn 0 -0.692913 0.724409 
vn 0 0.692913 -0.724409 
vn 0 -0.023622 -1 
vn 0 -0.023622 -1 
vn 0 -0.724409 -0.692913 
vn 0 -0.724409 -0.692913 
vn 0 -1 0.023622 
vn 0 0.023622 1 
vn 0 -1 0.023622 
vn 0 -0.692913 0.724409 
vn 0 -0.692913 0.724409 
vn 0 -0.023622 -1 
vn 0 -0.023622 -1 
vn 0 -0.724409 -0.692913 
vn 0 -0.724409 -0.692913 
vn 0 -1 0.023622 
vn 0 -1 0.023622 
vn 0 -0.692913 0.724409 
vn 0 -0.692913 0.724409 
vn -1 0 0 
vn -1 0 0 
vn -1 0 0 
vn -1 0 0 
vn -1 0 0 
vn -1 0 0 
vn -1 0 0 
vn -1 0 0 
vn -1 0 0 
vn -1 0 0 
vn -1 0 0 
vn -1 0 0 
vn -1 0 0 
vn -1 0 0 
vn -1 0 0 
vn -1 0 0 

vt 62.0229 -36.9876 
vt 61.9771 -36.9876 
vt 61.9771 -36.9935 
vt 62.0229 -36.9851 
vt 62.0229 -36.9935 
vt 61.9771 -36.9992 
vt 62.0229 -36.9992 
vt 61.9771 -37.0015 
vt 62.0229 -37.0015 
vt 61.9771 -37.0011 
vt 62.0229 -37.0011 
vt 61.9771 -37.0069 
vt 62.0229 -37.0069 
vt 62.0229 -37.0008 
vt 61.9771 -37.0127 
vt 62.0229 -37.0127 
vt 61.9426 -37.0229 
vt 61.9483 -36.9771 
vt 61.9426 -36.9771 
vt 61.9483 -37.0229 
vt 61.9542 -37.0229 
vt 61.9542 -36.9771 
vt 61.9567 -36.9771 
vt 61.9487 -37.0229 
vt 62.0455 -36.9771 
vt 62.0455 -37.0229 
vt 62.0513 -37.0229 
vt 62.0433 -36.9771 
vt 62.0513 -36.9771 
vt 62.0571 -37.0229 
vt 62.0571 -36.9771 
vt 62.0571 -36.9992 
vt 62.0455 -36.9989 
vt 62.0513 -37.0015 
vt 62.0517 -36.9851 
vt 62.0597 -36.9935 
vt 62.0574 -36.9876 
vt 62.0433 -36.9931 
vt 62.0458 -36.9873 
vt 61.9542 -37.0127 
vt 61.9426 -37.0124 
vt 61.9483 -37.0149 
vt 61.9487 -36.9985 
vt 61.9567 -37.0069 
vt 61.9545 -37.0011 
vt 61.9403 -37.0065 
vt 61.9429 -37.0008 
vt 61.9771 -36.9851 
vt 61.9771 -36.9873 
vt 62.0229 -36.9873 
vt 61.9771 -36.9931 
vt 62.0229 -37.0015 
vt 62.0229 -36.9931 
vt 61.9771 -37.0015 
vt 61.9771 -36.9989 
vt 62.0229 -36.9989 
vt 61.9771 -37.0008 
vt 62.0229 -37.0008 
vt 61.9771 -37.0065 
vt 62.0229 -37.0149 
vt 62.0229 -37.0065 
vt 61.9771 -37.0149 
vt 61.9771 -37.0124 
vt 62.0229 -37.0124 
vt 62.0574 -36.9771 
vt 62.0597 -36.9771 
vt 62.0597 -37.0229 
vt 62.0571 -36.9771 
vt 62.0571 -37.0229 
vt 62.0513 -36.9771 
vt 62.0433 -36.9771 
vt 62.0513 -37.0229 
vt 62.0455 -37.0229 
vt 62.0455 -36.9771 
vt 61.9567 -36.9771 
vt 61.9567 -37.0229 
vt 61.9542 -36.9771 
vt 61.9542 -37.0229 
vt 61.9483 -36.9771 
vt 61.9483 -37.0229 
vt 61.9426 -37.0229 
vt 61.9426 -36.9771 
vt 61.9429 -36.9992 
vt 61.9567 -36.9931 
vt 61.9426 -36.9876 
vt 61.9403 -36.9935 
vt 61.9483 -36.9851 
vt 61.9542 -36.9873 
vt 61.9487 -37.0015 
vt 61.9545 -36.9989 
vt 62.0517 -37.0149 
vt 62.0574 -37.0124 
vt 62.0458 -37.0127 
vt 62.0513 -36.9985 
vt 62.0433 -37.0069 
vt 62.0455 -37.0011 
vt 62.0597 -37.0065 
vt 62.0571 -37.0008 

usemtl Meshpart2Mtl

f 680/680/680 681/681/681 682/682/682 
f 682/682/682 684/684/684 680/680/680 
f 684/684/684 682/682/682 685/685/685 
f 685/685/685 686/686/686 684/684/684 
f 690/690/690 689/689/689 691/691/691 
f 691/691/691 692/692/692 690/690/690 
f 692/692/692 691/691/691 694/694/694 
f 694/694/694 695/695/695 692/692/692 
f 696/696/696 697/697/697 698/698/698 
f 697/697/697 696/696/696 699/699/699 
f 697/697/697 699/699/699 700/700/700 
f 700/700/700 701/701/701 697/697/697 
f 704/704/704 705/705/705 706/706/706 
f 706/706/706 708/708/708 704/704/704 
f 708/708/708 706/706/706 709/709/709 
f 709/709/709 710/710/710 708/708/708 
f 711/711/711 712/712/712 713/713/713 
f 712/712/712 711/711/711 714/714/714 
f 715/715/715 714/714/714 711/711/711 
f 714/714/714 715/715/715 716/716/716 
f 712/712/712 714/714/714 717/717/717 
f 717/717/717 714/714/714 718/718/718 
f 719/719/719 720/720/720 721/721/721 
f 720/720/720 719/719/719 722/722/722 
f 723/723/723 722/722/722 719/719/719 
f 722/722/722 723/723/723 724/724/724 
f 720/720/720 722/722/722 725/725/725 
f 725/725/725 722/722/722 726/726/726 
f 729/729/729 728/728/728 730/730/730 
f 730/730/730 732/732/732 729/729/729 
f 732/732/732 730/730/730 734/734/734 
f 734/734/734 735/735/735 732/732/732 
f 737/737/737 736/736/736 738/738/738 
f 738/738/738 740/740/740 737/737/737 
f 740/740/740 738/738/738 742/742/742 
f 742/742/742 743/743/743 740/740/740 
f 748/748/748 747/747/747 749/749/749 
f 749/749/749 751/751/751 748/748/748 
f 751/751/751 749/749/749 753/753/753 
f 753/753/753 752/752/752 751/751/751 
f 757/757/757 756/756/756 758/758/758 
f 758/758/758 759/759/759 757/757/757 
f 759/759/759 758/758/758 761/761/761 
f 761/761/761 760/760/760 759/759/759 
f 762/762/762 763/763/763 764/764/764 
f 762/762/762 764/764/764 765/765/765 
f 764/764/764 763/763/763 766/766/766 
f 766/766/766 763/763/763 767/767/767 
f 763/763/763 762/762/762 768/768/768 
f 763/763/763 768/768/768 769/769/769 
f 770/770/770 771/771/771 772/772/772 
f 773/773/773 772/772/772 771/771/771 
f 772/772/772 773/773/773 774/774/774 
f 774/774/774 773/773/773 775/775/775 
f 773/773/773 771/771/771 776/776/776 
f 773/773/773 776/776/776 777/777/777 

g Meshpart3

v -320.005 5.43588 -1.06763 
v -319.96 4.80525 -1.17498 
v -319.96 5.43588 -1.17498 
v -319.85 4.80525 -1.21944 
v -319.85 5.43588 -1.21944 
v -319.741 4.80525 -0.960291 
v -319.741 4.80525 -1.17498 
v -319.696 4.80525 -1.06763 
v -319.741 5.43588 -1.17498 
v -319.573 5.82333 -1.44719 
v -319.573 5.82333 0.358205 
v -319.654 6.01937 -1.44719 
v -319.654 6.01937 0.358205 
v -320.046 5.62729 -1.44719 
v -319.85 6.10057 -1.44719 
v -320.128 5.82333 -1.44719 
v -319.85 6.10057 0.358205 
v -320.128 5.82333 0.358205 
v -320.046 6.01937 -1.44719 
v -320.046 6.01937 0.358205 
v -319.738 4.2985 -0.0482946 
v -319.812 4.33684 -0.114467 
v -319.771 4.37759 -0.0482946 
v -319.85 4.41035 -0.0482946 
v -319.85 4.35272 -0.114467 
v -319.889 4.33684 -0.114467 
v -319.929 4.37759 -0.0482946 
v -319.962 4.2985 -0.0482946 
v -319.738 4.2985 -0.0482946 
v -319.962 4.2985 -0.0482946 
v -319.771 4.37759 0.303739 
v -319.771 4.37759 -0.0482946 
v -319.929 4.37759 -0.0482946 
v -319.85 4.41035 0.303739 
v -319.929 4.37759 0.303739 
v -319.85 4.41035 -0.0482946 
v -319.96 5.43588 -1.17498 
v -319.85 4.80525 -1.21944 
v -319.741 5.43588 -0.960293 
v -319.741 4.80525 -0.960291 
v -319.741 4.80525 -1.17498 
v -319.696 4.80525 -1.06763 
v -319.741 5.43588 -1.17498 
v -319.696 5.43588 -1.06763 
v -319.654 5.62729 0.358205 
v -319.654 5.62729 -1.44719 
v -319.573 5.82333 -1.44719 
v -319.573 5.82333 0.358205 
v -319.654 6.01937 -1.44719 
v -319.654 6.01937 0.358205 
v -319.741 4.80525 -0.960291 
v -319.85 4.80525 -1.21944 
v -319.796 4.78136 -1.07402 
v -319.738 4.2985 -0.0482946 
v -319.812 4.33684 -0.114467 
v -319.771 4.37759 -0.0482946 
v -319.796 4.2985 -0.114467 
v -319.812 4.26016 -0.114467 
v -319.771 4.21941 -0.0482946 
v -319.85 4.18666 -0.0482946 
v -319.771 4.21941 0.303739 
v -319.85 4.18666 0.303739 
v -319.771 4.21941 -0.0482946 
v -319.738 4.2985 0.303739 
v -319.738 4.2985 -0.0482946 
v -319.771 4.37759 0.303739 
v -319.771 4.37759 -0.0482946 
v -320.005 5.43588 -1.06763 
v -319.96 5.43588 -0.960293 
v -319.96 4.80525 -0.960291 
v -319.85 5.43588 -0.915831 
v -319.96 5.43588 -1.17498 
v -319.85 4.80525 -0.915831 
v -319.741 5.43588 -0.960293 
v -319.741 4.80525 -0.960291 
v -319.654 5.62729 0.358205 
v -319.654 5.62729 -1.44719 
v -319.573 5.82333 -1.44719 
v -319.85 5.54609 0.358205 
v -319.573 5.82333 0.358205 
v -319.85 5.54609 -1.44719 
v -319.654 6.01937 -1.44719 
v -320.046 5.62729 0.358205 
v -319.654 6.01937 0.358205 
v -320.046 5.62729 -1.44719 
v -320.128 5.82333 -1.44719 
v -320.128 5.82333 0.358205 
v -319.85 4.78136 -1.02076 
v -319.96 4.80525 -0.960291 
v -319.889 4.78136 -1.03636 
v -320.005 4.80525 -1.06763 
v -319.85 4.80525 -0.915831 
v -319.905 4.78136 -1.07402 
v -319.741 4.80525 -0.960291 
v -319.96 4.80525 -1.17498 
v -319.812 4.78136 -1.03636 
v -319.889 4.78136 -1.11167 
v -319.696 4.80525 -1.06763 
v -319.85 4.80525 -1.21944 
v -319.796 4.78136 -1.07402 
v -319.85 4.78136 -1.12727 
v -319.741 4.80525 -1.17498 
v -319.812 4.78136 -1.11167 
v -319.812 4.26016 -0.114467 
v -319.771 4.21941 -0.0482946 
v -319.85 4.18666 -0.0482946 
v -319.85 4.24428 -0.114467 
v -319.889 4.26016 -0.114467 
v -319.929 4.21941 -0.0482946 
v -319.85 4.18666 -0.0482946 
v -319.771 4.21941 0.303739 
v -319.85 4.18666 0.303739 
v -319.771 4.21941 -0.0482946 
v -319.929 4.21941 -0.0482946 
v -319.738 4.2985 0.303739 
v -319.929 4.21941 0.303739 
v -320.005 5.43588 -1.06763 
v -320.005 4.80525 -1.06763 
v -319.96 5.43588 -0.960293 
v -319.96 4.80525 -0.960291 
v -319.96 4.80525 -1.17498 
v -319.96 5.43588 -1.17498 
v -319.85 4.80525 -0.915831 
v -319.85 4.80525 -1.21944 
v -320.046 5.62729 0.358205 
v -320.046 5.62729 -1.44719 
v -320.128 5.82333 -1.44719 
v -320.128 5.82333 0.358205 
v -320.046 6.01937 -1.44719 
v -320.046 6.01937 0.358205 
v -319.889 4.78136 -1.03636 
v -319.85 4.80525 -0.915831 
v -319.96 4.80525 -1.17498 
v -319.889 4.33684 -0.114467 
v -319.929 4.37759 -0.0482946 
v -319.962 4.2985 -0.0482946 
v -319.905 4.2985 -0.114467 
v -319.889 4.26016 -0.114467 
v -319.929 4.21941 -0.0482946 
v -319.85 4.18666 -0.0482946 
v -319.85 4.18666 0.303739 
v -319.929 4.21941 -0.0482946 
v -319.929 4.21941 0.303739 
v -319.962 4.2985 -0.0482946 
v -319.962 4.2985 0.303739 
v -319.929 4.37759 -0.0482946 
v -319.85 4.41035 0.303739 
v -319.929 4.37759 0.303739 

vn -1 0 0 
vn -0.700787 0 -0.708661 
vn -0.700787 0 -0.708661 
vn 0 0 -1 
vn 0 0 -1 
vn 0.700787 0 0.708661 
vn 0.700787 0 -0.708661 
vn 1 0 0 
vn 0.700787 0 -0.708661 
vn 1 0 0 
vn 1 0 0 
vn 0.708661 0.708661 0 
vn 0.708661 0.708661 0 
vn -0.708661 -0.708661 0 
vn 0 1 0 
vn -1 0 0 
vn 0 1 0 
vn -1 0 0 
vn -0.708661 0.708661 0 
vn -0.708661 0.708661 0 
vn 0.755906 0 -0.653543 
vn 0.535433 0.535433 -0.653543 
vn 0.535433 0.535433 -0.653543 
vn 0 0.755906 -0.653543 
vn 0 0.755906 -0.653543 
vn -0.535433 0.535433 -0.653543 
vn -0.535433 0.535433 -0.653543 
vn -0.755906 0 -0.653543 
vn 1 0 0 
vn -1 0 0 
vn 0.708661 0.708661 0 
vn 0.708661 0.708661 0 
vn -0.708661 0.708661 0 
vn 0 1 0 
vn -0.708661 0.708661 0 
vn 0 1 0 
vn -0.700787 0 -0.708661 
vn 0 0 -1 
vn 0.700787 0 0.708661 
vn 0.700787 0 0.708661 
vn 0.700787 0 -0.708661 
vn 1 0 0 
vn 0.700787 0 -0.708661 
vn 1 0 0 
vn 0.708661 -0.708661 0 
vn 0.708661 -0.708661 0 
vn 1 0 0 
vn 1 0 0 
vn 0.708661 0.708661 0 
vn 0.708661 0.708661 0 
vn 0.15748 -0.976378 0.15748 
vn 0 -0.968504 -0.251969 
vn 0.228346 -0.976378 -0.00787402 
vn 0.755906 0 -0.653543 
vn 0.535433 0.535433 -0.653543 
vn 0.535433 0.535433 -0.653543 
vn 0.755906 0 -0.653543 
vn 0.535433 -0.535433 -0.653543 
vn 0.535433 -0.535433 -0.653543 
vn 0 -1 0 
vn 0.708661 -0.708661 0 
vn 0 -1 0 
vn 0.708661 -0.708661 0 
vn 1 0 0 
vn 1 0 0 
vn 0.708661 0.708661 0 
vn 0.708661 0.708661 0 
vn -1 0 0 
vn -0.700787 0 0.708661 
vn -0.700787 0 0.708661 
vn 0 0 1 
vn -0.700787 0 -0.708661 
vn 0 0 1 
vn 0.700787 0 0.708661 
vn 0.700787 0 0.708661 
vn 0.708661 -0.708661 0 
vn 0.708661 -0.708661 0 
vn 1 0 0 
vn 0 -1 0 
vn 1 0 0 
vn 0 -1 0 
vn 0.708661 0.708661 0 
vn -0.708661 -0.708661 0 
vn 0.708661 0.708661 0 
vn -0.708661 -0.708661 0 
vn -1 0 0 
vn -1 0 0 
vn 0 -0.976378 0.220472 
vn -0.15748 -0.976378 0.15748 
vn -0.15748 -0.976378 0.15748 
vn -0.228346 -0.976378 0 
vn 0 -0.976378 0.220472 
vn -0.228346 -0.976378 -0.00787402 
vn 0.15748 -0.976378 0.15748 
vn -0.173228 -0.968504 -0.173228 
vn 0.15748 -0.976378 0.15748 
vn -0.165354 -0.968504 -0.181102 
vn 0.228346 -0.976378 0 
vn 0 -0.968504 -0.251969 
vn 0.228346 -0.976378 -0.00787402 
vn 0 -0.968504 -0.251969 
vn 0.173228 -0.968504 -0.173228 
vn 0.165354 -0.968504 -0.181102 
vn 0.535433 -0.535433 -0.653543 
vn 0.535433 -0.535433 -0.653543 
vn 0 -0.755906 -0.653543 
vn 0 -0.755906 -0.653543 
vn -0.535433 -0.535433 -0.653543 
vn -0.535433 -0.535433 -0.653543 
vn 0 -1 0 
vn 0.708661 -0.708661 0 
vn 0 -1 0 
vn 0.708661 -0.708661 0 
vn -0.708661 -0.708661 0 
vn 1 0 0 
vn -0.708661 -0.708661 0 
vn -1 0 0 
vn -1 0 0 
vn -0.700787 0 0.708661 
vn -0.700787 0 0.708661 
vn -0.700787 0 -0.708661 
vn -0.700787 0 -0.708661 
vn 0 0 1 
vn 0 0 -1 
vn -0.708661 -0.708661 0 
vn -0.708661 -0.708661 0 
vn -1 0 0 
vn -1 0 0 
vn -0.708661 0.708661 0 
vn -0.708661 0.708661 0 
vn -0.15748 -0.976378 0.15748 
vn 0 -0.976378 0.220472 
vn -0.173228 -0.968504 -0.173228 
vn -0.535433 0.535433 -0.653543 
vn -0.535433 0.535433 -0.653543 
vn -0.755906 0 -0.653543 
vn -0.755906 0 -0.653543 
vn -0.535433 -0.535433 -0.653543 
vn -0.535433 -0.535433 -0.653543 
vn 0 -1 0 
vn 0 -1 0 
vn -0.708661 -0.708661 0 
vn -0.708661 -0.708661 0 
vn -1 0 0 
vn -1 0 0 
vn -0.708661 0.708661 0 
vn 0 1 0 
vn -0.708661 0.708661 0 

vt 20.0193 -56.9635 
vt 20.0137 -57.0423 
vt 20.0137 -56.9635 
vt 20 -57.0423 
vt 20 -56.9635 
vt 19.9863 -57.0423 
vt 19.9863 -57.0423 
vt 19.9807 -57.0423 
vt 19.9863 -56.9635 
vt 19.8872 -56.9653 
vt 20.1128 -56.9653 
vt 19.8872 -56.9755 
vt 20.1128 -56.9755 
vt 19.8872 -57.0245 
vt 19.8872 -57 
vt 19.8872 -57.0347 
vt 20.1128 -57 
vt 20.1128 -57.0347 
vt 19.8872 -57.0245 
vt 20.1128 -57.0245 
vt 20.062 -56.986 
vt 20.0538 -56.9952 
vt 20.062 -56.9901 
vt 20.062 -57 
vt 20.0538 -57 
vt 20.0538 -57.0048 
vt 20.062 -57.0099 
vt 20.062 -57.014 
vt 20.062 -56.986 
vt 20.062 -57.014 
vt 20.106 -56.9901 
vt 20.062 -56.9901 
vt 20.062 -57.0099 
vt 20.106 -57 
vt 20.106 -57.0099 
vt 20.062 -57 
vt 20.0788 -56.9635 
vt 20.0844 -57.0423 
vt 20.052 -56.9635 
vt 20.052 -57.0423 
vt 20.0788 -57.0423 
vt 20.0654 -57.0423 
vt 20.0788 -56.9635 
vt 20.0654 -56.9635 
vt 19.8872 -56.9395 
vt 20.1128 -56.9395 
vt 20.1128 -56.915 
vt 19.8872 -56.915 
vt 20.1128 -56.8905 
vt 19.8872 -56.8905 
vt 20.052 -57.0423 
vt 20.0844 -57.0423 
vt 20.0662 -57.0453 
vt 19.938 -57.1056 
vt 19.9462 -57.1008 
vt 19.938 -57.0958 
vt 19.9462 -57.1056 
vt 19.9462 -57.1104 
vt 19.938 -57.1155 
vt 19.938 -57.1196 
vt 19.894 -57.1155 
vt 19.894 -57.1196 
vt 19.938 -57.1155 
vt 19.894 -57.1056 
vt 19.938 -57.1056 
vt 19.894 -57.0958 
vt 19.938 -57.0958 
vt 19.9807 -56.9635 
vt 19.9863 -56.9635 
vt 19.9863 -57.0423 
vt 20 -56.9635 
vt 19.9863 -56.9635 
vt 20 -57.0423 
vt 20.0137 -56.9635 
vt 20.0137 -57.0423 
vt 19.8872 -56.9755 
vt 20.1128 -56.9755 
vt 20.1128 -56.9653 
vt 19.8872 -57 
vt 19.8872 -56.9653 
vt 20.1128 -57 
vt 20.1128 -56.9755 
vt 19.8872 -57.0245 
vt 19.8872 -56.9755 
vt 20.1128 -57.0245 
vt 20.1128 -57.0347 
vt 19.8872 -57.0347 
vt 20.0595 -57 
vt 20.052 -57.0137 
vt 20.0615 -57.0048 
vt 20.0654 -57.0193 
vt 20.0464 -57 
vt 20.0662 -57.0068 
vt 20.052 -56.9863 
vt 20.0788 -57.0137 
vt 20.0615 -56.9952 
vt 20.0709 -57.0048 
vt 20.0654 -56.9807 
vt 20.0844 -57 
vt 20.0662 -56.9932 
vt 20.0728 -57 
vt 20.0788 -56.9863 
vt 20.0709 -56.9952 
vt 19.9462 -56.9952 
vt 19.938 -56.9901 
vt 19.938 -57 
vt 19.9462 -57 
vt 19.9462 -57.0048 
vt 19.938 -57.0099 
vt 19.938 -57 
vt 19.894 -56.9901 
vt 19.894 -57 
vt 19.938 -56.9901 
vt 19.938 -57.0099 
vt 19.894 -56.986 
vt 19.894 -57.0099 
vt 19.9346 -56.9635 
vt 19.9346 -57.0423 
vt 19.948 -56.9635 
vt 19.948 -57.0423 
vt 19.9212 -57.0423 
vt 19.9212 -56.9635 
vt 19.9536 -57.0423 
vt 19.9156 -57.0423 
vt 20.1128 -56.9395 
vt 19.8872 -56.9395 
vt 19.8872 -56.915 
vt 20.1128 -56.915 
vt 19.8872 -56.8905 
vt 20.1128 -56.8905 
vt 19.9385 -57.0453 
vt 19.9536 -57.0423 
vt 19.9212 -57.0423 
vt 20.0538 -57.1008 
vt 20.062 -57.0958 
vt 20.062 -57.1056 
vt 20.0538 -57.1056 
vt 20.0538 -57.1104 
vt 20.062 -57.1155 
vt 20.062 -57.1196 
vt 20.106 -57.1196 
vt 20.062 -57.1155 
vt 20.106 -57.1155 
vt 20.062 -57.1056 
vt 20.106 -57.1056 
vt 20.062 -57.0958 
vt 20.106 -57.0917 
vt 20.106 -57.0958 

usemtl Meshpart3Mtl

f 780/780/780 781/781/781 779/779/779 
f 781/781/781 780/780/780 782/782/782 
f 782/782/782 784/784/784 781/781/781 
f 784/784/784 782/782/782 786/786/786 
f 792/792/792 790/790/790 789/789/789 
f 790/790/790 792/792/792 794/794/794 
f 796/796/796 794/794/794 792/792/792 
f 794/794/794 796/796/796 797/797/797 
f 800/800/800 799/799/799 801/801/801 
f 802/802/802 801/801/801 799/799/799 
f 803/803/803 801/801/801 802/802/802 
f 801/801/801 803/803/803 804/804/804 
f 808/808/808 809/809/809 811/811/811 
f 813/813/813 811/811/811 809/809/809 
f 810/810/810 812/812/812 813/813/813 
f 811/811/811 813/813/813 812/812/812 
f 819/819/819 816/816/816 817/817/817 
f 818/818/818 820/820/820 819/819/819 
f 816/816/816 819/819/819 821/821/821 
f 819/819/819 820/820/820 821/821/821 
f 822/822/822 823/823/823 824/824/824 
f 822/822/822 824/824/824 825/825/825 
f 825/825/825 824/824/824 826/826/826 
f 825/825/825 826/826/826 827/827/827 
f 831/831/831 832/832/832 833/833/833 
f 832/832/832 831/831/831 834/834/834 
f 831/831/831 835/835/835 834/834/834 
f 835/835/835 831/831/831 836/836/836 
f 840/840/840 841/841/841 838/838/838 
f 841/841/841 840/840/840 842/842/842 
f 842/842/842 843/843/843 841/841/841 
f 843/843/843 842/842/842 844/844/844 
f 846/846/846 847/847/847 848/848/848 
f 850/850/850 848/848/848 847/847/847 
f 848/848/848 850/850/850 851/851/851 
f 852/852/852 851/851/851 850/850/850 
f 856/856/856 854/854/854 853/853/853 
f 856/856/856 858/858/858 854/854/854 
f 860/860/860 858/858/858 856/856/856 
f 860/860/860 862/862/862 858/858/858 
f 865/865/865 866/866/866 867/867/867 
f 868/868/868 867/867/867 866/866/866 
f 866/866/866 865/865/865 869/869/869 
f 867/867/867 868/868/868 870/870/870 
f 869/869/869 865/865/865 871/871/871 
f 872/872/872 870/870/870 868/868/868 
f 871/871/871 865/865/865 873/873/873 
f 870/870/870 872/872/872 874/874/874 
f 873/873/873 875/875/875 871/871/871 
f 876/876/876 874/874/874 872/872/872 
f 875/875/875 873/873/873 877/877/877 
f 874/874/874 876/876/876 878/878/878 
f 877/877/877 879/879/879 875/875/875 
f 876/876/876 880/880/880 878/878/878 
f 877/877/877 880/880/880 879/879/879 
f 876/876/876 879/879/879 880/880/880 
f 883/883/883 881/881/881 882/882/882 
f 881/881/881 883/883/883 884/884/884 
f 883/883/883 885/885/885 884/884/884 
f 885/885/885 883/883/883 886/886/886 
f 887/887/887 888/888/888 889/889/889 
f 888/888/888 887/887/887 890/890/890 
f 889/889/889 891/891/891 887/887/887 
f 891/891/891 889/889/889 893/893/893 
f 894/894/894 895/895/895 896/896/896 
f 896/896/896 895/895/895 897/897/897 
f 894/894/894 898/898/898 895/895/895 
f 899/899/899 898/898/898 894/894/894 
f 902/902/902 904/904/904 903/903/903 
f 904/904/904 902/902/902 905/905/905 
f 907/907/907 904/904/904 905/905/905 
f 907/907/907 906/906/906 904/904/904 
f 911/911/911 913/913/913 912/912/912 
f 913/913/913 911/911/911 914/914/914 
f 915/915/915 913/913/913 914/914/914 
f 913/913/913 915/915/915 916/916/916 
f 920/920/920 921/921/921 919/919/919 
f 921/921/921 920/920/920 922/922/922 
f 922/922/922 923/923/923 921/921/921 
f 923/923/923 922/922/922 925/925/925 

g Meshpart4

v -320.147 5.52363 -0.845093 
v -320.111 5.53565 -0.839199 
v -320.145 5.52189 -0.850923 
v -320.111 5.53565 -0.850987 
v -320.161 5.48883 -0.845093 
v -320.112 5.52973 -0.853215 
v -320.141 5.51775 -0.853213 
v -320.113 5.52403 -0.850775 
v -320.159 5.48883 -0.850923 
v -320.137 5.51376 -0.850719 
v -320.135 5.51216 -0.845093 
v -320.113 5.52166 -0.845093 
v -320.153 5.48883 -0.853213 
v -320.147 5.48883 -0.850719 
v -320.145 5.48883 -0.845093 
v -320.135 5.4655 -0.845093 
v -320.137 5.4639 -0.850719 
v -320.141 5.45991 -0.853213 
v -320.113 5.45363 -0.850775 
v -320.113 5.456 -0.845093 
v -320.112 5.44793 -0.853215 
v -320.145 5.45577 -0.850923 
v -320.111 5.44201 -0.850987 
v -320.145 5.52189 -0.839263 
v -320.111 5.53821 -0.845093 
v -320.147 5.52363 -0.845093 
v -320.111 5.53565 -0.839199 
v -320.145 5.52189 -0.850923 
v -320.111 5.53565 -0.850987 
v -320.113 5.52403 -0.850775 
v -320.135 5.4655 -0.845093 
v -320.137 5.4639 -0.850719 
v -320.141 5.45991 -0.853213 
v -320.113 5.45363 -0.850775 
v -320.113 5.456 -0.845093 
v -320.113 5.45363 -0.839411 
v -320.111 5.44201 -0.850987 
v -320.141 5.45991 -0.836973 
v -320.137 5.4639 -0.839467 
v -320.141 5.51775 -0.836973 
v -320.137 5.51376 -0.839467 
v -320.141 5.51775 -0.853213 
v -320.137 5.51376 -0.850719 
v -320.135 5.51216 -0.845093 
v -320.153 5.48883 -0.853213 
v -320.147 5.48883 -0.850719 
v -320.145 5.48883 -0.845093 
v -320.147 5.48883 -0.839467 
v -320.135 5.4655 -0.845093 
v -320.137 5.4639 -0.850719 
v -320.141 5.45991 -0.853213 
v -320.141 5.45991 -0.836973 
v -320.153 5.48883 -0.836973 
v -320.137 5.4639 -0.839467 
v -320.145 5.52189 -0.839263 
v -320.147 5.52363 -0.845093 
v -320.111 5.53565 -0.839199 
v -320.112 5.52973 -0.836971 
v -320.161 5.48883 -0.845093 
v -320.141 5.51775 -0.836973 
v -320.113 5.52403 -0.839411 
v -320.159 5.48883 -0.839263 
v -320.137 5.51376 -0.839467 
v -320.135 5.51216 -0.845093 
v -320.113 5.52166 -0.845093 
v -320.145 5.48883 -0.845093 
v -320.147 5.48883 -0.839467 
v -320.135 5.4655 -0.845093 
v -320.113 5.456 -0.845093 
v -320.113 5.45363 -0.839411 
v -320.111 5.44201 -0.850987 
v -320.147 5.45403 -0.845093 
v -320.145 5.45577 -0.839263 
v -320.111 5.44201 -0.839199 
v -320.112 5.44793 -0.836971 
v -320.141 5.45991 -0.836973 
v -320.153 5.48883 -0.836973 
v -320.137 5.4639 -0.839467 
v -320.111 5.53565 -0.839199 
v -320.141 5.51775 -0.836973 
v -320.113 5.52403 -0.839411 
v -320.137 5.51376 -0.839467 
v -320.141 5.51775 -0.853213 
v -320.113 5.52403 -0.850775 
v -320.137 5.51376 -0.850719 
v -320.135 5.51216 -0.845093 
v -320.113 5.52166 -0.845093 
v -320.113 5.45363 -0.839411 
v -320.145 5.45577 -0.850923 
v -320.111 5.44201 -0.850987 
v -320.111 5.43945 -0.845093 
v -320.147 5.45403 -0.845093 
v -320.145 5.45577 -0.839263 
v -320.111 5.44201 -0.839199 
v -320.145 5.52189 -0.839263 
v -320.147 5.52363 -0.845093 
v -320.145 5.52189 -0.850923 
v -320.161 5.48883 -0.845093 
v -320.159 5.48883 -0.839263 
v -320.159 5.48883 -0.850923 
v -320.145 5.45577 -0.850923 
v -320.147 5.45403 -0.845093 
v -320.145 5.45577 -0.839263 

vn -0.708661 0.708661 0 
vn -0.299213 0.716535 0.629921 
vn -0.519685 0.527559 -0.669291 
vn -0.299213 0.716535 -0.629921 
vn -1 0 0 
vn -0.0393701 0.102362 -0.992126 
vn -0.0551181 0.0551181 -1 
vn 0.267717 -0.629921 -0.724409 
vn -0.740157 0 -0.669291 
vn 0.472441 -0.472441 -0.740157 
vn 0.708661 -0.700787 0 
vn 0.385827 -0.92126 0 
vn -0.0708661 0 -1 
vn 0.669291 0 -0.748031 
vn 1 0 0 
vn 0.708661 0.708661 0 
vn 0.472441 0.472441 -0.740157 
vn -0.0551181 -0.0551181 -1 
vn 0.267717 0.629921 -0.732283 
vn 0.385827 0.92126 0 
vn -0.0393701 -0.102362 -0.992126 
vn -0.519685 -0.527559 -0.669291 
vn -0.299213 -0.716535 -0.629921 
vn -0.519685 0.527559 0.669291 
vn -0.377953 0.929134 0 
vn -0.708661 0.708661 0 
vn -0.299213 0.716535 0.629921 
vn -0.519685 0.527559 -0.669291 
vn -0.299213 0.716535 -0.629921 
vn 0.267717 -0.629921 -0.724409 
vn 0.708661 0.708661 0 
vn 0.472441 0.472441 -0.740157 
vn -0.0551181 -0.0551181 -1 
vn 0.267717 0.629921 -0.732283 
vn 0.385827 0.92126 0 
vn 0.267717 0.629921 0.732283 
vn -0.299213 -0.716535 -0.629921 
vn -0.0551181 -0.0551181 1 
vn 0.472441 0.472441 0.740157 
vn -0.0551181 0.0551181 1 
vn 0.472441 -0.472441 0.740157 
vn -0.0551181 0.0551181 -1 
vn 0.472441 -0.472441 -0.740157 
vn 0.708661 -0.700787 0 
vn -0.0708661 0 -1 
vn 0.669291 0 -0.748031 
vn 1 0 0 
vn 0.669291 0 0.748031 
vn 0.708661 0.708661 0 
vn 0.472441 0.472441 -0.740157 
vn -0.0551181 -0.0551181 -1 
vn -0.0551181 -0.0551181 1 
vn -0.0708661 0 1 
vn 0.472441 0.472441 0.740157 
vn -0.519685 0.527559 0.669291 
vn -0.708661 0.708661 0 
vn -0.299213 0.716535 0.629921 
vn -0.0393701 0.102362 0.992126 
vn -1 0 0 
vn -0.0551181 0.0551181 1 
vn 0.267717 -0.629921 0.732283 
vn -0.740157 0 0.669291 
vn 0.472441 -0.472441 0.740157 
vn 0.708661 -0.700787 0 
vn 0.385827 -0.92126 0 
vn 1 0 0 
vn 0.669291 0 0.748031 
vn 0.708661 0.708661 0 
vn 0.385827 0.92126 0 
vn 0.267717 0.629921 0.732283 
vn -0.299213 -0.716535 -0.629921 
vn -0.708661 -0.708661 0 
vn -0.519685 -0.527559 0.669291 
vn -0.299213 -0.716535 0.629921 
vn -0.0393701 -0.102362 0.992126 
vn -0.0551181 -0.0551181 1 
vn -0.0708661 0 1 
vn 0.472441 0.472441 0.740157 
vn -0.299213 0.716535 0.629921 
vn -0.0551181 0.0551181 1 
vn 0.267717 -0.629921 0.732283 
vn 0.472441 -0.472441 0.740157 
vn -0.0551181 0.0551181 -1 
vn 0.267717 -0.629921 -0.724409 
vn 0.472441 -0.472441 -0.740157 
vn 0.708661 -0.700787 0 
vn 0.385827 -0.92126 0 
vn 0.267717 0.629921 0.732283 
vn -0.519685 -0.527559 -0.669291 
vn -0.299213 -0.716535 -0.629921 
vn -0.377953 -0.929134 0 
vn -0.708661 -0.708661 0 
vn -0.519685 -0.527559 0.669291 
vn -0.299213 -0.716535 0.629921 
vn -0.519685 0.527559 0.669291 
vn -0.708661 0.708661 0 
vn -0.519685 0.527559 -0.669291 
vn -1 0 0 
vn -0.740157 0 0.669291 
vn -0.740157 0 -0.669291 
vn -0.519685 -0.527559 -0.669291 
vn -0.708661 -0.708661 0 
vn -0.519685 -0.527559 0.669291 

vt 30.0013 1.00435 
vt 29.9969 1.00585 
vt 30.0011 1.00413 
vt 29.9969 1.00585 
vt 30.0031 1 
vt 29.997 1.00511 
vt 30.0006 1.00362 
vt 29.997 1.0044 
vt 30.0028 1 
vt 30.0001 1.00312 
vt 29.9999 1.00292 
vt 29.9971 1.0041 
vt 30.0021 1 
vt 30.0014 1 
vt 30.0011 1 
vt 29.9999 0.997083 
vt 30.0001 0.996884 
vt 30.0006 0.996385 
vt 29.997 0.9956 
vt 29.9971 0.995896 
vt 29.997 0.994887 
vt 30.0011 0.995868 
vt 29.9969 0.994147 
vt 30.0007 0.998892 
vt 30 1.00313 
vt 30 0.998674 
vt 30.0007 1.0031 
vt 29.9993 0.998892 
vt 29.9993 1.0031 
vt 29.9993 1.00295 
vt 30 1.00011 
vt 29.9993 0.999908 
vt 29.999 0.999409 
vt 29.9993 1.00295 
vt 30 1.00292 
vt 30.0007 1.00295 
vt 29.9993 1.0031 
vt 30.001 0.999409 
vt 30.0007 0.999908 
vt 29.999 1.00362 
vt 29.9993 1.00312 
vt 30.001 1.00362 
vt 30.0007 1.00312 
vt 30 1.00292 
vt 30.001 1 
vt 30.0007 1 
vt 30 1 
vt 29.9993 1 
vt 30 0.997083 
vt 30.0007 0.996884 
vt 30.001 0.996385 
vt 29.999 0.996385 
vt 29.999 1 
vt 29.9993 0.996884 
vt 29.9989 1.00413 
vt 29.9987 1.00435 
vt 30.0031 1.00585 
vt 30.003 1.00511 
vt 29.9969 1 
vt 29.9994 1.00362 
vt 30.003 1.0044 
vt 29.9972 1 
vt 29.9999 1.00312 
vt 30.0001 1.00292 
vt 30.0029 1.0041 
vt 29.9989 1 
vt 29.9986 1 
vt 30.0001 0.997083 
vt 30.0029 0.995896 
vt 30.003 0.9956 
vt 30.0031 0.994147 
vt 29.9987 0.99565 
vt 29.9989 0.995868 
vt 30.0031 0.994147 
vt 30.003 0.994887 
vt 29.9994 0.996385 
vt 29.9979 1 
vt 29.9999 0.996884 
vt 29.9993 1.0031 
vt 29.999 0.999409 
vt 29.9993 1.00295 
vt 29.9993 0.999908 
vt 30.001 0.999409 
vt 30.0007 1.00295 
vt 30.0007 0.999908 
vt 30 1.00011 
vt 30 1.00292 
vt 29.9993 1.00295 
vt 30.0007 0.998892 
vt 30.0007 1.0031 
vt 30 1.00313 
vt 30 0.998674 
vt 29.9993 0.998892 
vt 29.9993 1.0031 
vt 30.0007 1.00413 
vt 30 1.00435 
vt 29.9993 1.00413 
vt 30 1 
vt 30.0007 1 
vt 29.9993 1 
vt 29.9993 0.995868 
vt 30 0.99565 
vt 30.0007 0.995868 

usemtl Meshpart2Mtl

f 931/931/931 928/928/928 929/929/929 
f 928/928/928 931/931/931 932/932/932 
f 933/933/933 932/932/932 931/931/931 
f 934/934/934 928/928/928 932/932/932 
f 932/932/932 933/933/933 935/935/935 
f 938/938/938 932/932/932 935/935/935 
f 934/934/934 932/932/932 938/938/938 
f 938/938/938 935/935/935 939/939/939 
f 942/942/942 938/938/938 939/939/939 
f 943/943/943 934/934/934 938/938/938 
f 938/938/938 942/942/942 943/943/943 
f 944/944/944 943/943/943 942/942/942 
f 943/943/943 944/944/944 946/946/946 
f 934/934/934 943/943/943 947/947/947 
f 946/946/946 947/947/947 943/943/943 
f 947/947/947 946/946/946 948/948/948 
f 949/949/949 950/950/950 951/951/951 
f 950/950/950 949/949/949 952/952/952 
f 950/950/950 953/953/953 951/951/951 
f 953/953/953 950/950/950 954/954/954 
f 959/959/959 957/957/957 956/956/956 
f 956/956/956 960/960/960 959/959/959 
f 956/956/956 961/961/961 960/960/960 
f 961/961/961 956/956/956 964/964/964 
f 969/969/969 971/971/971 968/968/968 
f 971/971/971 969/969/969 972/972/972 
f 973/973/973 969/969/969 966/966/966 
f 969/969/969 973/973/973 972/972/972 
f 974/974/974 971/971/971 972/972/972 
f 973/973/973 974/974/974 972/972/972 
f 971/971/971 974/974/974 975/975/975 
f 974/974/974 973/973/973 979/979/979 
f 980/980/980 983/983/983 982/982/982 
f 983/983/983 980/980/980 985/985/985 
f 985/985/985 986/986/986 983/983/983 
f 987/987/987 985/985/985 980/980/980 
f 986/986/986 985/985/985 988/988/988 
f 998/998/998 999/999/999 1000/1000/1000 
f 998/998/998 1000/1000/1000 1001/1001/1001 
f 1001/1001/1001 987/987/987 998/998/998 
f 1001/1001/1001 1000/1000/1000 995/995/995 
f 987/987/987 1001/1001/1001 1002/1002/1002 
f 985/985/985 987/987/987 1002/1002/1002 
f 1002/1002/1002 988/988/988 985/985/985 
f 988/988/988 1002/1002/1002 992/992/992 
f 1003/1003/1003 1002/1002/1002 1001/1001/1001 
f 1001/1001/1001 995/995/995 1003/1003/1003 
f 1002/1002/1002 1003/1003/1003 992/992/992 
f 1011/1011/1011 1006/1006/1006 1007/1007/1007 
f 1009/1009/1009 1011/1011/1011 1010/1010/1010 
f 1006/1006/1006 1011/1011/1011 1012/1012/1012 
f 1011/1011/1011 1009/1009/1009 1012/1012/1012 
f 1014/1014/1014 1015/1015/1015 1016/1016/1016 
f 1016/1016/1016 1017/1017/1017 1014/1014/1014 
f 1016/1016/1016 1018/1018/1018 1017/1017/1017 
f 1018/1018/1018 1016/1016/1016 1019/1019/1019 
f 1023/1023/1023 1020/1020/1020 1021/1021/1021 
f 1023/1023/1023 1021/1021/1021 1022/1022/1022 
f 1020/1020/1020 1023/1023/1023 1024/1024/1024 
f 1022/1022/1022 1025/1025/1025 1023/1023/1023 
f 1026/1026/1026 1023/1023/1023 1025/1025/1025 
f 1023/1023/1023 1026/1026/1026 1027/1027/1027 
f 1023/1023/1023 1027/1027/1027 1028/1028/1028 
f 1028/1028/1028 1024/1024/1024 1023/1023/1023 

g Meshpart5

v -320.084 5.53643 -0.892695 
v -320.084 5.44123 -0.892695 
v -320.065 5.53925 -0.895515 
v -320.065 5.43841 -0.895515 
v -320.065 5.48883 -0.916401 
v -320.084 5.48883 -0.912413 
v -320.084 5.53643 -0.797491 
v -320.065 5.53925 -0.794671 
v -320.065 5.56014 -0.845093 
v -320.084 5.55615 -0.845093 
v -320.084 5.53643 -0.892695 
v -320.065 5.53925 -0.895515 
v -320.084 5.53643 -0.797491 
v -320.084 5.48883 -0.777773 
v -320.065 5.48883 -0.773785 
v -320.084 5.44123 -0.797491 
v -320.065 5.53925 -0.794671 
v -320.065 5.43841 -0.794671 
v -320.084 5.44123 -0.797491 
v -320.065 5.43841 -0.794671 
v -320.065 5.41752 -0.845093 
v -320.084 5.42151 -0.845093 
v -320.084 5.44123 -0.892695 
v -320.065 5.43841 -0.895515 

vn -0.19685 0.692913 -0.692913 
vn -0.19685 -0.692913 -0.692913 
vn -0.19685 0.692913 -0.692913 
vn -0.19685 -0.692913 -0.692913 
vn -0.19685 0 -0.976378 
vn -0.19685 0 -0.976378 
vn -0.19685 0.692913 0.692913 
vn -0.19685 0.692913 0.692913 
vn -0.19685 0.976378 0 
vn -0.19685 0.976378 0 
vn -0.19685 0.692913 -0.692913 
vn -0.19685 0.692913 -0.692913 
vn -0.19685 0.692913 0.692913 
vn -0.19685 0 0.976378 
vn -0.19685 0 0.976378 
vn -0.19685 -0.692913 0.692913 
vn -0.19685 0.692913 0.692913 
vn -0.19685 -0.692913 0.692913 
vn -0.19685 -0.692913 0.692913 
vn -0.19685 -0.692913 0.692913 
vn -0.19685 -0.976378 0 
vn -0.19685 -0.976378 0 
vn -0.19685 -0.692913 -0.692913 
vn -0.19685 -0.692913 -0.692913 

vt 12.0012 -60.994 
vt 12.0012 -61.006 
vt 11.9988 -60.9937 
vt 11.9988 -61.0063 
vt 11.9988 -61 
vt 12.0012 -61 
vt 12.0059 -61.0012 
vt 12.0063 -60.9988 
vt 12 -60.9988 
vt 12 -61.0012 
vt 11.9941 -61.0012 
vt 11.9937 -60.9988 
vt 11.9988 -60.994 
vt 11.9988 -61 
vt 12.0012 -61 
vt 11.9988 -61.006 
vt 12.0012 -60.9937 
vt 12.0012 -61.0063 
vt 11.9941 -61.0012 
vt 11.9937 -60.9988 
vt 12 -60.9988 
vt 12 -61.0012 
vt 12.0059 -61.0012 
vt 12.0063 -60.9988 

usemtl Meshpart2Mtl

f 1033/1033/1033 1029/1029/1029 1031/1031/1031 
f 1030/1030/1030 1033/1033/1033 1032/1032/1032 
f 1029/1029/1029 1033/1033/1033 1034/1034/1034 
f 1030/1030/1030 1034/1034/1034 1033/1033/1033 
f 1037/1037/1037 1035/1035/1035 1036/1036/1036 
f 1035/1035/1035 1037/1037/1037 1038/1038/1038 
f 1039/1039/1039 1038/1038/1038 1037/1037/1037 
f 1039/1039/1039 1037/1037/1037 1040/1040/1040 
f 1041/1041/1041 1042/1042/1042 1043/1043/1043 
f 1044/1044/1044 1043/1043/1043 1042/1042/1042 
f 1041/1041/1041 1043/1043/1043 1045/1045/1045 
f 1043/1043/1043 1044/1044/1044 1046/1046/1046 
f 1047/1047/1047 1049/1049/1049 1048/1048/1048 
f 1047/1047/1047 1050/1050/1050 1049/1049/1049 
f 1051/1051/1051 1049/1049/1049 1050/1050/1050 
f 1049/1049/1049 1051/1051/1051 1052/1052/1052 

g Meshpart6

v -320.114 5.45173 -0.882195 
v -320.114 5.48883 -0.897565 
v -320.084 5.48883 -0.912413 
v -320.114 5.52593 -0.882195 
v -320.084 5.44123 -0.892695 
v -320.084 5.53643 -0.892695 
v -320.064 5.53925 -0.895515 
v -320.009 5.54486 -0.901119 
v -320.009 5.48883 -0.924325 
v -320.064 5.48883 -0.916401 
v -320.064 5.43841 -0.895515 
v -320.009 5.4328 -0.901119 
v -320.114 5.52593 -0.882195 
v -320.084 5.53643 -0.892695 
v -320.084 5.55615 -0.845093 
v -320.114 5.5413 -0.845093 
v -320.114 5.52593 -0.807991 
v -320.084 5.53643 -0.797491 
v -320.064 5.53925 -0.794671 
v -320.009 5.56806 -0.845093 
v -320.064 5.56014 -0.845093 
v -320.064 5.53925 -0.895515 
v -320.009 5.54486 -0.789067 
v -320.009 5.54486 -0.901119 
v -320.114 5.45173 -0.807991 
v -320.114 5.52593 -0.807991 
v -320.084 5.44123 -0.797491 
v -320.084 5.53643 -0.797491 
v -320.084 5.48883 -0.777773 
v -320.114 5.48883 -0.792621 
v -320.064 5.53925 -0.794671 
v -320.009 5.54486 -0.789067 
v -320.009 5.48883 -0.765861 
v -320.064 5.48883 -0.773785 
v -320.064 5.43841 -0.794671 
v -320.009 5.4328 -0.789067 
v -320.114 5.45173 -0.882195 
v -320.084 5.44123 -0.892695 
v -320.084 5.42151 -0.845093 
v -320.114 5.43636 -0.845093 
v -320.114 5.45173 -0.807991 
v -320.084 5.44123 -0.797491 
v -320.064 5.43841 -0.794671 
v -320.064 5.43841 -0.895515 
v -320.009 5.4328 -0.789067 
v -320.009 5.4328 -0.901119 
v -320.009 5.4096 -0.845093 
v -320.064 5.41752 -0.845093 
v -320.114 5.45173 -0.882195 
v -320.114 5.52593 -0.807991 
v -320.114 5.52593 -0.882195 
v -320.114 5.5413 -0.845093 
v -320.114 5.48883 -0.897565 
v -320.114 5.45173 -0.807991 
v -320.114 5.48883 -0.792621 
v -320.114 5.43636 -0.845093 

vn -0.440945 -0.629921 -0.629921 
vn -0.440945 0 -0.897638 
vn -0.440945 0 -0.897638 
vn -0.440945 0.629921 -0.629921 
vn -0.440945 -0.629921 -0.629921 
vn -0.440945 0.629921 -0.629921 
vn -0.141732 0.700787 -0.700787 
vn -0.141732 0.700787 -0.700787 
vn -0.141732 0 -0.992126 
vn -0.141732 0 -0.992126 
vn -0.141732 -0.700787 -0.700787 
vn -0.141732 -0.700787 -0.700787 
vn -0.440945 0.629921 -0.629921 
vn -0.440945 0.629921 -0.629921 
vn -0.440945 0.897638 0 
vn -0.440945 0.897638 0 
vn -0.440945 0.629921 0.629921 
vn -0.440945 0.629921 0.629921 
vn -0.141732 0.700787 0.700787 
vn -0.141732 0.992126 0 
vn -0.141732 0.992126 0 
vn -0.141732 0.700787 -0.700787 
vn -0.141732 0.700787 0.700787 
vn -0.141732 0.700787 -0.700787 
vn -0.440945 -0.629921 0.629921 
vn -0.440945 0.629921 0.629921 
vn -0.440945 -0.629921 0.629921 
vn -0.440945 0.629921 0.629921 
vn -0.440945 0 0.897638 
vn -0.440945 0 0.897638 
vn -0.141732 0.700787 0.700787 
vn -0.141732 0.700787 0.700787 
vn -0.141732 0 0.992126 
vn -0.141732 0 0.992126 
vn -0.141732 -0.700787 0.700787 
vn -0.141732 -0.700787 0.700787 
vn -0.440945 -0.629921 -0.629921 
vn -0.440945 -0.629921 -0.629921 
vn -0.440945 -0.897638 0 
vn -0.440945 -0.897638 0 
vn -0.440945 -0.629921 0.629921 
vn -0.440945 -0.629921 0.629921 
vn -0.141732 -0.700787 0.700787 
vn -0.141732 -0.700787 -0.700787 
vn -0.141732 -0.700787 0.700787 
vn -0.141732 -0.700787 -0.700787 
vn -0.141732 -0.992126 0 
vn -0.141732 -0.992126 0 
vn -1 0 0 
vn -1 0 0 
vn -1 0 0 
vn -1 0 0 
vn -1 0 0 
vn -1 0 0 
vn -1 0 0 
vn -1 0 0 

vt 8.00655 -15.0046 
vt 8.00655 -15 
vt 8.00281 -15 
vt 8.00655 -14.9954 
vt 8.00281 -15.006 
vt 8.00281 -14.9941 
vt 8.00038 -14.9937 
vt 7.99345 -14.993 
vt 7.99345 -15 
vt 8.00038 -15 
vt 8.00038 -15.0063 
vt 7.99345 -15.007 
vt 7.99536 -15.0066 
vt 7.99405 -15.0028 
vt 8 -15.0028 
vt 8 -15.0066 
vt 8.00464 -15.0066 
vt 8.00595 -15.0028 
vt 8.0063 -15.0004 
vt 8 -14.9934 
vt 8 -15.0004 
vt 7.9937 -15.0004 
vt 8.007 -14.9934 
vt 7.993 -14.9934 
vt 7.99345 -15.0046 
vt 7.99345 -14.9954 
vt 7.99719 -15.006 
vt 7.99719 -14.9941 
vt 7.99719 -15 
vt 7.99345 -15 
vt 7.99962 -14.9937 
vt 8.00655 -14.993 
vt 8.00655 -15 
vt 7.99962 -15 
vt 7.99962 -15.0063 
vt 8.00655 -15.007 
vt 8.00464 -15.0066 
vt 8.00595 -15.0028 
vt 8 -15.0028 
vt 8 -15.0066 
vt 7.99536 -15.0066 
vt 7.99405 -15.0028 
vt 7.9937 -15.0004 
vt 8.0063 -15.0004 
vt 7.993 -14.9934 
vt 8.007 -14.9934 
vt 8 -14.9934 
vt 8 -15.0004 
vt 7.99536 -15.0046 
vt 8.00464 -14.9954 
vt 7.99536 -14.9954 
vt 8 -14.9934 
vt 7.99344 -15 
vt 8.00464 -15.0046 
vt 8.00656 -15 
vt 8 -15.0066 

usemtl Meshpart6Mtl

f 1053/1053/1053 1054/1054/1054 1055/1055/1055 
f 1056/1056/1056 1055/1055/1055 1054/1054/1054 
f 1055/1055/1055 1057/1057/1057 1053/1053/1053 
f 1055/1055/1055 1056/1056/1056 1058/1058/1058 
f 1061/1061/1061 1059/1059/1059 1060/1060/1060 
f 1059/1059/1059 1061/1061/1061 1062/1062/1062 
f 1061/1061/1061 1063/1063/1063 1062/1062/1062 
f 1063/1063/1063 1061/1061/1061 1064/1064/1064 
f 1067/1067/1067 1066/1066/1066 1065/1065/1065 
f 1065/1065/1065 1068/1068/1068 1067/1067/1067 
f 1069/1069/1069 1067/1067/1067 1068/1068/1068 
f 1067/1067/1067 1069/1069/1069 1070/1070/1070 
f 1071/1071/1071 1072/1072/1072 1073/1073/1073 
f 1072/1072/1072 1074/1074/1074 1073/1073/1073 
f 1072/1072/1072 1071/1071/1071 1075/1075/1075 
f 1074/1074/1074 1072/1072/1072 1076/1076/1076 
f 1081/1081/1081 1077/1077/1077 1079/1079/1079 
f 1081/1081/1081 1080/1080/1080 1078/1078/1078 
f 1077/1077/1077 1081/1081/1081 1082/1082/1082 
f 1078/1078/1078 1082/1082/1082 1081/1081/1081 
f 1083/1083/1083 1085/1085/1085 1084/1084/1084 
f 1085/1085/1085 1083/1083/1083 1086/1086/1086 
f 1087/1087/1087 1085/1085/1085 1086/1086/1086 
f 1085/1085/1085 1087/1087/1087 1088/1088/1088 
f 1091/1091/1091 1089/1089/1089 1090/1090/1090 
f 1089/1089/1089 1091/1091/1091 1092/1092/1092 
f 1093/1093/1093 1092/1092/1092 1091/1091/1091 
f 1091/1091/1091 1094/1094/1094 1093/1093/1093 
f 1095/1095/1095 1099/1099/1099 1097/1097/1097 
f 1099/1099/1099 1096/1096/1096 1098/1098/1098 
f 1099/1099/1099 1095/1095/1095 1100/1100/1100 
f 1096/1096/1096 1099/1099/1099 1100/1100/1100 
f 1101/1101/1101 1102/1102/1102 1103/1103/1103 
f 1103/1103/1103 1102/1102/1102 1104/1104/1104 
f 1101/1101/1101 1103/1103/1103 1105/1105/1105 
f 1101/1101/1101 1106/1106/1106 1102/1102/1102 
f 1102/1102/1102 1106/1106/1106 1107/1107/1107 
f 1106/1106/1106 1101/1101/1101 1108/1108/1108 

g Meshpart7

v -319.604 6.91126 -1.69312 
v -319.502 6.66522 -1.69312 
v -319.604 6.41918 -1.69312 
v -319.85 7.01318 -1.69312 
v -319.678 6.83736 -1.82105 
v -320.022 6.83736 -1.82105 
v -319.85 6.90866 -1.82105 
v -319.85 6.82185 -1.87638 
v -319.607 6.66522 -1.82105 
v -319.678 6.49308 -1.82105 
v -319.85 6.31726 -1.69312 
v -319.74 6.77597 -1.87638 
v -319.694 6.66522 -1.87638 
v -319.961 6.77597 -1.87638 
v -319.74 6.55447 -1.87638 
v -319.85 6.5086 -1.87638 
v -319.85 6.42178 -1.82105 
v -320.022 6.49308 -1.82105 
v -320.007 6.66522 -1.87638 
v -319.961 6.55447 -1.87638 
v -320.094 6.66522 -1.82105 
v -319.678 6.83736 -0.321404 
v -320.022 6.83736 -0.321404 
v -319.59 6.92523 -1.52394 
v -319.604 6.91126 -1.69312 
v -319.85 7.03292 -1.52394 
v -319.85 7.01318 -1.69312 
v -320.096 6.91126 -1.69312 
v -319.678 6.83736 -1.82105 
v -320.022 6.83736 -1.82105 
v -319.85 6.90866 -1.82105 
v -320.198 6.66522 -1.69312 
v -320.096 6.91126 -0.44934 
v -320.11 6.92523 -0.618516 
v -320.11 6.92523 -1.52394 
v -319.85 7.03292 -0.618516 
v -319.85 7.01318 -0.44934 
v -319.604 6.91126 -0.44934 
v -319.85 6.90866 -0.321404 
v -319.59 6.92523 -0.618516 
v -319.678 6.49308 -0.321404 
v -319.502 6.66522 -0.44934 
v -319.607 6.66522 -0.321404 
v -319.604 6.41918 -0.44934 
v -319.678 6.83736 -0.321404 
v -319.694 6.66522 -0.266078 
v -319.483 6.66522 -0.618516 
v -319.483 6.66522 -1.52394 
v -319.59 6.92523 -1.52394 
v -319.604 6.91126 -1.69312 
v -319.502 6.66522 -1.69312 
v -319.604 6.41918 -1.69312 
v -319.85 7.01318 -1.69312 
v -319.678 6.83736 -1.82105 
v -319.607 6.66522 -1.82105 
v -319.678 6.49308 -1.82105 
v -319.694 6.66522 -1.87638 
v -319.59 6.40522 -0.618516 
v -319.59 6.40522 -1.52394 
v -320.096 6.41918 -0.44934 
v -319.85 7.01318 -0.44934 
v -319.604 6.91126 -0.44934 
v -319.59 6.92523 -0.618516 
v -319.678 6.49308 -0.321404 
v -319.502 6.66522 -0.44934 
v -319.607 6.66522 -0.321404 
v -319.604 6.41918 -0.44934 
v -319.85 6.31726 -0.44934 
v -319.678 6.83736 -0.321404 
v -319.85 6.42178 -0.321404 
v -320.022 6.49308 -0.321404 
v -319.74 6.55447 -0.266078 
v -319.694 6.66522 -0.266078 
v -319.74 6.77597 -0.266078 
v -319.85 6.82185 -0.266078 
v -319.85 6.5086 -0.266078 
v -319.961 6.77597 -0.266078 
v -320.022 6.83736 -0.321404 
v -320.007 6.66522 -0.266078 
v -319.961 6.55447 -0.266078 
v -320.094 6.66522 -0.321404 
v -320.198 6.66522 -0.44934 
v -320.096 6.41918 -0.44934 
v -320.096 6.91126 -0.44934 
v -319.85 7.01318 -0.44934 
v -319.604 6.91126 -0.44934 
v -319.85 6.90866 -0.321404 
v -319.678 6.49308 -0.321404 
v -319.604 6.41918 -0.44934 
v -319.85 6.31726 -0.44934 
v -319.85 6.42178 -0.321404 
v -320.022 6.49308 -0.321404 
v -319.604 6.41918 -1.69312 
v -319.678 6.49308 -1.82105 
v -319.85 6.31726 -1.69312 
v -319.85 6.42178 -1.82105 
v -320.022 6.49308 -1.82105 
v -319.59 6.40522 -0.618516 
v -319.85 6.29752 -0.618516 
v -319.59 6.40522 -1.52394 
v -319.85 6.29752 -1.52394 
v -320.11 6.40522 -0.618516 
v -320.096 6.41918 -0.44934 
v -320.11 6.40522 -1.52394 
v -320.096 6.41918 -1.69312 
v -320.022 6.49308 -0.321404 
v -320.022 6.83736 -0.321404 
v -320.094 6.66522 -0.321404 
v -320.198 6.66522 -0.44934 
v -319.85 7.01318 -1.69312 
v -320.096 6.91126 -1.69312 
v -320.022 6.83736 -1.82105 
v -320.022 6.49308 -1.82105 
v -320.094 6.66522 -1.82105 
v -320.198 6.66522 -1.69312 
v -320.11 6.40522 -0.618516 
v -320.096 6.41918 -0.44934 
v -320.11 6.40522 -1.52394 
v -320.218 6.66522 -0.618516 
v -320.096 6.41918 -1.69312 
v -320.218 6.66522 -1.52394 
v -320.096 6.91126 -0.44934 
v -320.11 6.92523 -0.618516 
v -320.11 6.92523 -1.52394 

vn 0.661417 0.661417 -0.370079 
vn 0.929134 0 -0.370079 
vn 0.661417 -0.661417 -0.370079 
vn 0 0.929134 -0.370079 
vn 0.488189 0.488189 -0.732283 
vn -0.488189 0.488189 -0.732283 
vn 0 0.685039 -0.724409 
vn 0 0.338583 -0.937008 
vn 0.685039 0 -0.724409 
vn 0.488189 -0.488189 -0.732283 
vn 0 -0.929134 -0.370079 
vn 0.244094 0.244094 -0.937008 
vn 0.338583 0 -0.937008 
vn -0.244094 0.244094 -0.937008 
vn 0.244094 -0.244094 -0.937008 
vn 0 -0.338583 -0.937008 
vn 0 -0.685039 -0.724409 
vn -0.488189 -0.488189 -0.732283 
vn -0.338583 0 -0.937008 
vn -0.244094 -0.244094 -0.937008 
vn -0.685039 0 -0.724409 
vn 0.488189 0.488189 0.732283 
vn -0.488189 0.488189 0.732283 
vn 0.708661 0.708661 -0.0551181 
vn 0.661417 0.661417 -0.370079 
vn 0 1 -0.0551181 
vn 0 0.929134 -0.370079 
vn -0.661417 0.661417 -0.370079 
vn 0.488189 0.488189 -0.732283 
vn -0.488189 0.488189 -0.732283 
vn 0 0.685039 -0.724409 
vn -0.929134 0 -0.370079 
vn -0.661417 0.661417 0.370079 
vn -0.708661 0.708661 0.0551181 
vn -0.708661 0.708661 -0.0551181 
vn 0 1 0.0551181 
vn 0 0.929134 0.370079 
vn 0.661417 0.661417 0.370079 
vn 0 0.685039 0.724409 
vn 0.708661 0.708661 0.0551181 
vn 0.488189 -0.488189 0.732283 
vn 0.929134 0 0.370079 
vn 0.685039 0 0.724409 
vn 0.661417 -0.661417 0.370079 
vn 0.488189 0.488189 0.732283 
vn 0.338583 0 0.937008 
vn 1 0 0.0551181 
vn 1 0 -0.0551181 
vn 0.708661 0.708661 -0.0551181 
vn 0.661417 0.661417 -0.370079 
vn 0.929134 0 -0.370079 
vn 0.661417 -0.661417 -0.370079 
vn 0 0.929134 -0.370079 
vn 0.488189 0.488189 -0.732283 
vn 0.685039 0 -0.724409 
vn 0.488189 -0.488189 -0.732283 
vn 0.338583 0 -0.937008 
vn 0.708661 -0.708661 0.0551181 
vn 0.708661 -0.708661 -0.0551181 
vn -0.661417 -0.661417 0.370079 
vn 0 0.929134 0.370079 
vn 0.661417 0.661417 0.370079 
vn 0.708661 0.708661 0.0551181 
vn 0.488189 -0.488189 0.732283 
vn 0.929134 0 0.370079 
vn 0.685039 0 0.724409 
vn 0.661417 -0.661417 0.370079 
vn 0 -0.929134 0.370079 
vn 0.488189 0.488189 0.732283 
vn 0 -0.685039 0.724409 
vn -0.488189 -0.488189 0.732283 
vn 0.244094 -0.244094 0.937008 
vn 0.338583 0 0.937008 
vn 0.244094 0.244094 0.937008 
vn 0 0.338583 0.937008 
vn 0 -0.338583 0.937008 
vn -0.244094 0.244094 0.937008 
vn -0.488189 0.488189 0.732283 
vn -0.338583 0 0.937008 
vn -0.244094 -0.244094 0.937008 
vn -0.685039 0 0.724409 
vn -0.929134 0 0.370079 
vn -0.661417 -0.661417 0.370079 
vn -0.661417 0.661417 0.370079 
vn 0 0.929134 0.370079 
vn 0.661417 0.661417 0.370079 
vn 0 0.685039 0.724409 
vn 0.488189 -0.488189 0.732283 
vn 0.661417 -0.661417 0.370079 
vn 0 -0.929134 0.370079 
vn 0 -0.685039 0.724409 
vn -0.488189 -0.488189 0.732283 
vn 0.661417 -0.661417 -0.370079 
vn 0.488189 -0.488189 -0.732283 
vn 0 -0.929134 -0.370079 
vn 0 -0.685039 -0.724409 
vn -0.488189 -0.488189 -0.732283 
vn 0.708661 -0.708661 0.0551181 
vn 0 -1 0.0551181 
vn 0.708661 -0.708661 -0.0551181 
vn 0 -1 -0.0551181 
vn -0.708661 -0.708661 0.0551181 
vn -0.661417 -0.661417 0.370079 
vn -0.708661 -0.708661 -0.0551181 
vn -0.661417 -0.661417 -0.370079 
vn -0.488189 -0.488189 0.732283 
vn -0.488189 0.488189 0.732283 
vn -0.685039 0 0.724409 
vn -0.929134 0 0.370079 
vn 0 0.929134 -0.370079 
vn -0.661417 0.661417 -0.370079 
vn -0.488189 0.488189 -0.732283 
vn -0.488189 -0.488189 -0.732283 
vn -0.685039 0 -0.724409 
vn -0.929134 0 -0.370079 
vn -0.708661 -0.708661 0.0551181 
vn -0.661417 -0.661417 0.370079 
vn -0.708661 -0.708661 -0.0551181 
vn -1 0 0.0551181 
vn -0.661417 -0.661417 -0.370079 
vn -1 0 -0.0551181 
vn -0.661417 0.661417 0.370079 
vn -0.708661 0.708661 0.0551181 
vn -0.708661 0.708661 -0.0551181 

vt 59.9692 -32.9692 
vt 59.9565 -33 
vt 59.9692 -33.0308 
vt 60 -32.9565 
vt 59.9785 -32.9785 
vt 60.0215 -32.9785 
vt 60 -32.9696 
vt 60 -32.9804 
vt 59.9696 -33 
vt 59.9785 -33.0215 
vt 60 -33.0435 
vt 59.9862 -32.9862 
vt 59.9804 -33 
vt 60.0138 -32.9862 
vt 59.9862 -33.0138 
vt 60 -33.0196 
vt 60 -33.0304 
vt 60.0215 -33.0215 
vt 60.0196 -33 
vt 60.0138 -33.0138 
vt 60.0304 -33 
vt 60.0937 -32.9785 
vt 60.0937 -33.0215 
vt 59.9434 -32.9675 
vt 59.9223 -32.9692 
vt 59.9434 -33 
vt 59.9223 -33 
vt 59.9223 -33.0308 
vt 59.9063 -32.9785 
vt 59.9063 -33.0215 
vt 59.9063 -33 
vt 59.9223 -33.0435 
vt 60.0777 -33.0308 
vt 60.0566 -33.0325 
vt 59.9434 -33.0325 
vt 60.0566 -33 
vt 60.0777 -33 
vt 60.0777 -32.9692 
vt 60.0937 -33 
vt 60.0566 -32.9675 
vt 59.9063 -33.0215 
vt 59.9223 -33 
vt 59.9063 -33 
vt 59.9223 -33.0308 
vt 59.9063 -32.9785 
vt 59.8994 -33 
vt 59.9434 -33 
vt 60.0566 -33 
vt 60.0566 -32.9675 
vt 60.0777 -32.9692 
vt 60.0777 -33 
vt 60.0777 -33.0308 
vt 60.0777 -32.9565 
vt 60.0937 -32.9785 
vt 60.0937 -33 
vt 60.0937 -33.0215 
vt 60.1006 -33 
vt 59.9434 -33.0325 
vt 60.0566 -33.0325 
vt 59.9223 -33.0308 
vt 59.9223 -32.9565 
vt 59.9223 -32.9692 
vt 59.9434 -32.9675 
vt 60.0215 -33.0215 
vt 60.0435 -33 
vt 60.0304 -33 
vt 60.0308 -33.0308 
vt 60 -33.0435 
vt 60.0215 -32.9785 
vt 60 -33.0304 
vt 59.9785 -33.0215 
vt 60.0138 -33.0138 
vt 60.0196 -33 
vt 60.0138 -32.9862 
vt 60 -32.9804 
vt 60 -33.0196 
vt 59.9862 -32.9862 
vt 59.9785 -32.9785 
vt 59.9804 -33 
vt 59.9862 -33.0138 
vt 59.9696 -33 
vt 59.9565 -33 
vt 59.9692 -33.0308 
vt 59.9692 -32.9692 
vt 60 -32.9565 
vt 60.0308 -32.9692 
vt 60 -32.9696 
vt 59.9063 -32.9785 
vt 59.9223 -32.9692 
vt 59.9223 -33 
vt 59.9063 -33 
vt 59.9063 -33.0215 
vt 60.0777 -32.9692 
vt 60.0937 -32.9785 
vt 60.0777 -33 
vt 60.0937 -33 
vt 60.0937 -33.0215 
vt 59.9434 -32.9675 
vt 59.9434 -33 
vt 60.0566 -32.9675 
vt 60.0566 -33 
vt 59.9434 -33.0325 
vt 59.9223 -33.0308 
vt 60.0566 -33.0325 
vt 60.0777 -33.0308 
vt 60.0937 -33.0215 
vt 60.0937 -32.9785 
vt 60.0937 -33 
vt 60.0777 -33 
vt 59.9223 -32.9565 
vt 59.9223 -32.9692 
vt 59.9063 -32.9785 
vt 59.9063 -33.0215 
vt 59.9063 -33 
vt 59.9223 -33 
vt 60.0566 -33.0325 
vt 60.0777 -33.0308 
vt 59.9434 -33.0325 
vt 60.0566 -33 
vt 59.9223 -33.0308 
vt 59.9434 -33 
vt 60.0777 -32.9692 
vt 60.0566 -32.9675 
vt 59.9434 -32.9675 

usemtl Meshpart3Mtl

f 1113/1113/1113 1116/1116/1116 1115/1115/1115 
f 1114/1114/1114 1115/1115/1115 1116/1116/1116 
f 1117/1117/1117 1120/1120/1120 1113/1113/1113 
f 1116/1116/1116 1113/1113/1113 1120/1120/1120 
f 1120/1120/1120 1117/1117/1117 1121/1121/1121 
f 1114/1114/1114 1116/1116/1116 1122/1122/1122 
f 1120/1120/1120 1122/1122/1122 1116/1116/1116 
f 1117/1117/1117 1118/1118/1118 1123/1123/1123 
f 1123/1123/1123 1121/1121/1121 1117/1117/1117 
f 1124/1124/1124 1120/1120/1120 1121/1121/1121 
f 1124/1124/1124 1121/1121/1121 1123/1123/1123 
f 1120/1120/1120 1124/1124/1124 1122/1122/1122 
f 1125/1125/1125 1123/1123/1123 1118/1118/1118 
f 1123/1123/1123 1125/1125/1125 1124/1124/1124 
f 1124/1124/1124 1127/1127/1127 1122/1122/1122 
f 1125/1125/1125 1128/1128/1128 1124/1124/1124 
f 1127/1127/1127 1124/1124/1124 1128/1128/1128 
f 1125/1125/1125 1126/1126/1126 1128/1128/1128 
f 1129/1129/1129 1122/1122/1122 1127/1127/1127 
f 1128/1128/1128 1129/1129/1129 1127/1127/1127 
f 1129/1129/1129 1128/1128/1128 1126/1126/1126 
f 1122/1122/1122 1129/1129/1129 1114/1114/1114 
f 1133/1133/1133 1134/1134/1134 1132/1132/1132 
f 1134/1134/1134 1133/1133/1133 1135/1135/1135 
f 1136/1136/1136 1134/1134/1134 1135/1135/1135 
f 1135/1135/1135 1133/1133/1133 1137/1137/1137 
f 1135/1135/1135 1138/1138/1138 1136/1136/1136 
f 1139/1139/1139 1135/1135/1135 1137/1137/1137 
f 1138/1138/1138 1135/1135/1135 1139/1139/1139 
f 1141/1141/1141 1144/1144/1144 1142/1142/1142 
f 1143/1143/1143 1142/1142/1142 1144/1144/1144 
f 1143/1143/1143 1134/1134/1134 1136/1136/1136 
f 1143/1143/1143 1144/1144/1144 1134/1134/1134 
f 1144/1144/1144 1141/1141/1141 1145/1145/1145 
f 1131/1131/1131 1145/1145/1145 1141/1141/1141 
f 1145/1145/1145 1146/1146/1146 1144/1144/1144 
f 1145/1145/1145 1131/1131/1131 1147/1147/1147 
f 1130/1130/1130 1145/1145/1145 1147/1147/1147 
f 1145/1145/1145 1130/1130/1130 1146/1146/1146 
f 1144/1144/1144 1146/1146/1146 1148/1148/1148 
f 1134/1134/1134 1144/1144/1144 1148/1148/1148 
f 1134/1134/1134 1148/1148/1148 1132/1132/1132 
f 1149/1149/1149 1150/1150/1150 1151/1151/1151 
f 1150/1150/1150 1149/1149/1149 1152/1152/1152 
f 1151/1151/1151 1150/1150/1150 1153/1153/1153 
f 1155/1155/1155 1156/1156/1156 1157/1157/1157 
f 1152/1152/1152 1155/1155/1155 1150/1150/1150 
f 1156/1156/1156 1158/1158/1158 1157/1157/1157 
f 1156/1156/1156 1159/1159/1159 1158/1158/1158 
f 1156/1156/1156 1160/1160/1160 1159/1159/1159 
f 1159/1159/1159 1162/1162/1162 1158/1158/1158 
f 1162/1162/1162 1159/1159/1159 1163/1163/1163 
f 1164/1164/1164 1159/1159/1159 1160/1160/1160 
f 1159/1159/1159 1164/1164/1164 1163/1163/1163 
f 1152/1152/1152 1166/1166/1166 1155/1155/1155 
f 1166/1166/1166 1156/1156/1156 1155/1155/1155 
f 1166/1166/1166 1167/1167/1167 1156/1156/1156 
f 1160/1160/1160 1156/1156/1156 1167/1167/1167 
f 1170/1170/1170 1155/1155/1155 1171/1171/1171 
f 1155/1155/1155 1157/1157/1157 1171/1171/1171 
f 1155/1155/1155 1170/1170/1170 1150/1150/1150 
f 1150/1150/1150 1170/1170/1170 1153/1153/1153 
f 1174/1174/1174 1180/1180/1180 1172/1172/1172 
f 1178/1178/1178 1172/1172/1172 1180/1180/1180 
f 1180/1180/1180 1174/1174/1174 1181/1181/1181 
f 1174/1174/1174 1177/1177/1177 1182/1182/1182 
f 1182/1182/1182 1181/1181/1181 1174/1174/1174 
f 1177/1177/1177 1183/1183/1183 1182/1182/1182 
f 1181/1181/1181 1184/1184/1184 1180/1180/1180 
f 1178/1178/1178 1180/1180/1180 1184/1184/1184 
f 1182/1182/1182 1184/1184/1184 1181/1181/1181 
f 1185/1185/1185 1182/1182/1182 1183/1183/1183 
f 1185/1185/1185 1184/1184/1184 1182/1182/1182 
f 1183/1183/1183 1186/1186/1186 1185/1185/1185 
f 1184/1184/1184 1185/1185/1185 1187/1187/1187 
f 1188/1188/1188 1178/1178/1178 1184/1184/1184 
f 1184/1184/1184 1187/1187/1187 1188/1188/1188 
f 1178/1178/1178 1188/1188/1188 1179/1179/1179 
f 1185/1185/1185 1189/1189/1189 1187/1187/1187 
f 1189/1189/1189 1185/1185/1185 1186/1186/1186 
f 1189/1189/1189 1188/1188/1188 1187/1187/1187 
f 1188/1188/1188 1189/1189/1189 1179/1179/1179 
f 1186/1186/1186 1183/1183/1183 1195/1195/1195 
f 1183/1183/1183 1177/1177/1177 1195/1195/1195 
f 1198/1198/1198 1197/1197/1197 1196/1196/1196 
f 1199/1199/1199 1198/1198/1198 1196/1196/1196 
f 1200/1200/1200 1198/1198/1198 1199/1199/1199 
f 1203/1203/1203 1202/1202/1202 1201/1201/1201 
f 1202/1202/1202 1203/1203/1203 1204/1204/1204 
f 1203/1203/1203 1205/1205/1205 1204/1204/1204 
f 1197/1197/1197 1207/1207/1207 1206/1206/1206 
f 1207/1207/1207 1208/1208/1208 1206/1206/1206 
f 1207/1207/1207 1209/1209/1209 1208/1208/1208 
f 1207/1207/1207 1197/1197/1197 1198/1198/1198 
f 1209/1209/1209 1201/1201/1201 1208/1208/1208 
f 1210/1210/1210 1209/1209/1209 1207/1207/1207 
f 1211/1211/1211 1210/1210/1210 1207/1207/1207 
f 1211/1211/1211 1207/1207/1207 1198/1198/1198 
f 1210/1210/1210 1212/1212/1212 1209/1209/1209 
f 1198/1198/1198 1200/1200/1200 1211/1211/1211 
f 1213/1213/1213 1209/1209/1209 1212/1212/1212 
f 1209/1209/1209 1203/1203/1203 1201/1201/1201 
f 1209/1209/1209 1213/1213/1213 1203/1203/1203 
f 1205/1205/1205 1203/1203/1203 1213/1213/1213 
f 1215/1215/1215 1217/1217/1217 1216/1216/1216 
f 1216/1216/1216 1217/1217/1217 1214/1214/1214 
f 1221/1221/1221 1223/1223/1223 1222/1222/1222 
f 1223/1223/1223 1220/1220/1220 1222/1222/1222 
f 1225/1225/1225 1227/1227/1227 1224/1224/1224 
f 1227/1227/1227 1226/1226/1226 1224/1224/1224 
f 1229/1229/1229 1228/1228/1228 1226/1226/1226 
f 1227/1227/1227 1229/1229/1229 1226/1226/1226 
f 1227/1227/1227 1225/1225/1225 1217/1217/1217 
f 1217/1217/1217 1225/1225/1225 1214/1214/1214 
f 1230/1230/1230 1227/1227/1227 1217/1217/1217 
f 1230/1230/1230 1231/1231/1231 1227/1227/1227 
f 1231/1231/1231 1229/1229/1229 1227/1227/1227 
f 1217/1217/1217 1215/1215/1215 1230/1230/1230 
f 1229/1229/1229 1223/1223/1223 1228/1228/1228 
f 1223/1223/1223 1221/1221/1221 1228/1228/1228 
f 1231/1231/1231 1232/1232/1232 1229/1229/1229 
f 1219/1219/1219 1229/1229/1229 1232/1232/1232 
f 1229/1229/1229 1219/1219/1219 1223/1223/1223 
f 1220/1220/1220 1223/1223/1223 1219/1219/1219 

g Meshpart8

v -320.126 6.3897 -1.56897 
v -319.575 6.3897 -1.56897 
v -319.85 6.27558 -1.56897 
v -319.461 6.66521 -1.56897 
v -320.24 6.66521 -1.56897 
v -320.126 6.94072 -1.56897 
v -319.575 6.94072 -1.56897 
v -319.85 7.05484 -1.56897 
v -319.575 6.94072 -0.573486 
v -320.126 6.3897 -0.573486 
v -320.126 6.94072 -0.573486 
v -319.766 6.25878 -1.15598 
v -319.85 7.05484 -1.40521 
v -320.126 6.94072 -1.40521 
v -319.461 6.66521 -1.40521 
v -320.24 6.66521 -1.56897 
v -319.575 6.3897 -1.56897 
v -320.126 6.3897 -1.40521 
v -319.73 6.25878 -1.07123 
v -319.73 6.35474 -1.07123 
v -319.766 6.25878 -1.15598 
v -319.766 6.35474 -1.15598 
v -319.85 6.25878 -1.19108 
v -319.85 6.35474 -1.19108 
v -319.935 6.25878 -1.15598 
v -319.97 6.25878 -1.07123 
v -319.935 6.35474 -1.15598 
v -319.918 6.20334 -1.13903 
v -319.918 6.25878 -1.13903 
v -319.85 6.20334 -1.16711 
v -319.782 6.25878 -1.13903 
v -319.85 6.25878 -1.16711 
v -319.782 6.20334 -1.13903 
v -319.85 6.27558 -0.737244 
v -320.126 6.94072 -0.737244 
v -320.126 6.3897 -0.573486 
v -320.126 6.94072 -0.737244 
v -319.575 6.94072 -0.737244 
v -320.24 6.66521 -0.737244 
v -319.85 7.05484 -0.737244 
v -319.461 6.66521 -0.737244 
v -319.575 6.3897 -0.737244 
v -320.126 6.3897 -0.737244 
v -319.85 6.27558 -0.737244 
v -319.575 6.94072 -1.40521 
v -319.85 7.05484 -1.56897 
v -319.85 7.05484 -1.40521 
v -320.126 6.94072 -1.56897 
v -319.575 6.94072 -1.56897 
v -320.126 6.94072 -1.40521 
v -319.73 6.25878 -1.07123 
v -319.73 6.35474 -1.07123 
v -319.85 6.35474 -0.951376 
v -319.85 6.25878 -0.951376 
v -319.85 6.25878 -1.19108 
v -319.85 6.35474 -1.19108 
v -319.97 6.25878 -1.07123 
v -319.85 6.25878 -0.975346 
v -319.782 6.20334 -1.00343 
v -319.918 6.20334 -1.13903 
v -319.85 6.25878 -1.16711 
v -319.461 6.66521 -0.573486 
v -319.461 6.66521 -0.737244 
v -319.575 6.94072 -0.737244 
v -319.575 6.94072 -0.573486 
v -319.85 7.05484 -0.737244 
v -319.85 7.05484 -0.573486 
v -320.126 6.94072 -0.737244 
v -320.126 6.94072 -0.573486 
v -319.575 6.94072 -1.40521 
v -319.85 7.05484 -1.40521 
v -319.575 6.94072 -1.56897 
v -319.461 6.66521 -1.40521 
v -319.461 6.66521 -1.56897 
v -319.575 6.3897 -1.40521 
v -319.575 6.3897 -1.56897 
v -319.766 6.25878 -0.98648 
v -319.73 6.25878 -1.07123 
v -319.766 6.35474 -0.98648 
v -319.73 6.35474 -1.07123 
v -319.766 6.25878 -1.15598 
v -319.766 6.35474 -1.15598 
v -319.782 6.25878 -1.00343 
v -319.782 6.20334 -1.00343 
v -319.754 6.25878 -1.07123 
v -319.754 6.20334 -1.07123 
v -319.782 6.25878 -1.13903 
v -319.782 6.20334 -1.13903 
v -319.461 6.66521 -0.573486 
v -319.461 6.66521 -0.737244 
v -319.575 6.94072 -0.737244 
v -319.575 6.3897 -0.573486 
v -319.575 6.94072 -0.573486 
v -319.575 6.3897 -0.737244 
v -319.575 6.94072 -1.56897 
v -319.461 6.66521 -0.573486 
v -320.24 6.66521 -0.573486 
v -319.575 6.3897 -0.573486 
v -319.575 6.94072 -0.573486 
v -320.126 6.3897 -0.573486 
v -319.85 6.27558 -0.573486 
v -320.126 6.94072 -0.573486 
v -319.85 7.05484 -0.573486 
v -319.766 6.25878 -1.15598 
v -319.85 7.05484 -1.40521 
v -320.126 6.94072 -1.40521 
v -319.461 6.66521 -1.40521 
v -320.24 6.66521 -1.56897 
v -319.575 6.3897 -1.56897 
v -320.126 6.3897 -1.40521 
v -319.766 6.25878 -0.98648 
v -319.73 6.25878 -1.07123 
v -319.766 6.35474 -0.98648 
v -319.73 6.35474 -1.07123 
v -319.85 6.35474 -0.951376 
v -319.85 6.25878 -0.951376 
v -319.935 6.35474 -0.98648 
v -319.935 6.25878 -0.98648 
v -319.97 6.25878 -1.07123 
v -319.918 6.20334 -1.00343 
v -319.85 6.25878 -0.975346 
v -319.918 6.25878 -1.00343 
v -319.85 6.20334 -0.975346 
v -319.782 6.25878 -1.00343 
v -319.782 6.20334 -1.00343 
v -319.461 6.66521 -0.573486 
v -319.85 6.27558 -0.737244 
v -320.126 6.94072 -0.737244 
v -320.126 6.3897 -0.573486 
v -320.126 6.3897 -1.40521 
v -319.575 6.3897 -1.40521 
v -320.24 6.66521 -1.40521 
v -319.85 6.27558 -1.40521 
v -319.461 6.66521 -1.40521 
v -319.575 6.94072 -1.40521 
v -320.126 6.94072 -1.40521 
v -319.85 7.05484 -1.40521 
v -319.85 6.20334 -0.975346 
v -319.946 6.20334 -1.07123 
v -319.754 6.20334 -1.07123 
v -319.918 6.20334 -1.00343 
v -319.782 6.20334 -1.00343 
v -319.85 6.20334 -1.16711 
v -319.782 6.20334 -1.13903 
v -319.918 6.20334 -1.13903 
v -319.85 6.25878 -0.951376 
v -319.782 6.25878 -1.00343 
v -319.766 6.25878 -0.98648 
v -319.73 6.25878 -1.07123 
v -319.85 6.25878 -0.975346 
v -319.754 6.25878 -1.07123 
v -319.918 6.25878 -1.00343 
v -319.782 6.25878 -1.13903 
v -319.935 6.25878 -0.98648 
v -319.766 6.25878 -1.15598 
v -319.97 6.25878 -1.07123 
v -319.85 6.25878 -1.19108 
v -319.946 6.25878 -1.07123 
v -319.85 6.25878 -1.16711 
v -319.918 6.25878 -1.13903 
v -319.935 6.25878 -1.15598 
v -319.575 6.3897 -1.40521 
v -320.126 6.3897 -1.56897 
v -319.575 6.3897 -1.56897 
v -320.126 6.3897 -1.40521 
v -319.85 6.27558 -1.40521 
v -319.85 6.27558 -1.56897 
v -319.85 6.25878 -0.975346 
v -319.782 6.20334 -1.00343 
v -319.918 6.20334 -1.13903 
v -319.85 6.25878 -1.16711 
v -319.461 6.66521 -0.573486 
v -319.461 6.66521 -0.737244 
v -319.575 6.3897 -0.573486 
v -319.575 6.3897 -0.737244 
v -319.85 6.27558 -0.573486 
v -319.85 6.27558 -0.737244 
v -320.126 6.3897 -0.573486 
v -320.126 6.3897 -0.737244 
v -319.85 7.05484 -1.56897 
v -320.126 6.94072 -1.56897 
v -320.126 6.94072 -1.40521 
v -320.24 6.66521 -1.56897 
v -320.24 6.66521 -1.40521 
v -320.126 6.3897 -1.56897 
v -320.126 6.3897 -1.40521 
v -319.935 6.35474 -0.98648 
v -319.935 6.25878 -0.98648 
v -319.97 6.35474 -1.07123 
v -319.935 6.25878 -1.15598 
v -319.97 6.25878 -1.07123 
v -319.935 6.35474 -1.15598 
v -319.918 6.20334 -1.00343 
v -319.918 6.25878 -1.00343 
v -319.946 6.20334 -1.07123 
v -319.946 6.25878 -1.07123 
v -319.918 6.20334 -1.13903 
v -319.918 6.25878 -1.13903 
v -320.126 6.94072 -0.737244 
v -320.126 6.3897 -0.573486 
v -320.126 6.94072 -0.573486 
v -320.126 6.3897 -0.737244 
v -320.24 6.66521 -0.737244 
v -320.24 6.66521 -0.573486 

vn 0 0 -1 
vn 0 0 -1 
vn 0 0 -1 
vn 0 0 -1 
vn 0 0 -1 
vn 0 0 -1 
vn 0 0 -1 
vn 0 0 -1 
vn 0 0 1 
vn 0 0 1 
vn 0 0 1 
vn 0 -1 0 
vn 0 1 0 
vn -0.708661 0.708661 0 
vn 1 0 0 
vn -1 0 0 
vn 0.708661 -0.708661 0 
vn -0.708661 -0.708661 0 
vn 1 0 0 
vn 1 0 0 
vn 0.708661 0 -0.708661 
vn 0.708661 0 -0.708661 
vn 0 0 -1 
vn 0 0 -1 
vn -0.708661 0 -0.708661 
vn -1 0 0 
vn -0.708661 0 -0.708661 
vn -0.708661 0 -0.708661 
vn -0.708661 0 -0.708661 
vn 0 0 -1 
vn 0.708661 0 -0.708661 
vn 0 0 -1 
vn 0.708661 0 -0.708661 
vn 0 -1 0 
vn -0.708661 0.708661 0 
vn -0.708661 -0.708661 0 
vn 0 0 -1 
vn 0 0 -1 
vn 0 0 -1 
vn 0 0 -1 
vn 0 0 -1 
vn 0 0 -1 
vn 0 0 -1 
vn 0 0 -1 
vn 0.708661 0.708661 0 
vn 0 1 0 
vn 0 1 0 
vn -0.708661 0.708661 0 
vn 0.708661 0.708661 0 
vn -0.708661 0.708661 0 
vn 1 0 0 
vn 1 0 0 
vn 0 0 1 
vn 0 0 1 
vn 0 0 -1 
vn 0 0 -1 
vn -1 0 0 
vn 0 0 1 
vn 0.708661 0 0.708661 
vn -0.708661 0 -0.708661 
vn 0 0 -1 
vn 1 0 0 
vn 1 0 0 
vn 0.708661 0.708661 0 
vn 0.708661 0.708661 0 
vn 0 1 0 
vn 0 1 0 
vn -0.708661 0.708661 0 
vn -0.708661 0.708661 0 
vn 0.708661 0.708661 0 
vn 0 1 0 
vn 0.708661 0.708661 0 
vn 1 0 0 
vn 1 0 0 
vn 0.708661 -0.708661 0 
vn 0.708661 -0.708661 0 
vn 0.708661 0 0.708661 
vn 1 0 0 
vn 0.708661 0 0.708661 
vn 1 0 0 
vn 0.708661 0 -0.708661 
vn 0.708661 0 -0.708661 
vn 0.708661 0 0.708661 
vn 0.708661 0 0.708661 
vn 1 0 0 
vn 1 0 0 
vn 0.708661 0 -0.708661 
vn 0.708661 0 -0.708661 
vn 1 0 0 
vn 1 0 0 
vn 0.708661 0.708661 0 
vn 0.708661 -0.708661 0 
vn 0.708661 0.708661 0 
vn 0.708661 -0.708661 0 
vn 0 0 -1 
vn 0 0 1 
vn 0 0 1 
vn 0 0 1 
vn 0 0 1 
vn 0 0 1 
vn 0 0 1 
vn 0 0 1 
vn 0 0 1 
vn 0 -1 0 
vn 0 1 0 
vn -0.708661 0.708661 0 
vn 1 0 0 
vn -1 0 0 
vn 0.708661 -0.708661 0 
vn -0.708661 -0.708661 0 
vn 0.708661 0 0.708661 
vn 1 0 0 
vn 0.708661 0 0.708661 
vn 1 0 0 
vn 0 0 1 
vn 0 0 1 
vn -0.708661 0 0.708661 
vn -0.708661 0 0.708661 
vn -1 0 0 
vn -0.708661 0 0.708661 
vn 0 0 1 
vn -0.708661 0 0.708661 
vn 0 0 1 
vn 0.708661 0 0.708661 
vn 0.708661 0 0.708661 
vn 1 0 0 
vn 0 -1 0 
vn -0.708661 0.708661 0 
vn -0.708661 -0.708661 0 
vn 0 0 1 
vn 0 0 1 
vn 0 0 1 
vn 0 0 1 
vn 0 0 1 
vn 0 0 1 
vn 0 0 1 
vn 0 0 1 
vn 0 -1 0 
vn 0 -1 0 
vn 0 -1 0 
vn 0 -1 0 
vn 0 -1 0 
vn 0 -1 0 
vn 0 -1 0 
vn 0 -1 0 
vn 0 -1 0 
vn 0 -1 0 
vn 0 -1 0 
vn 0 -1 0 
vn 0 -1 0 
vn 0 -1 0 
vn 0 -1 0 
vn 0 -1 0 
vn 0 -1 0 
vn 0 -1 0 
vn 0 -1 0 
vn 0 -1 0 
vn 0 -1 0 
vn 0 -1 0 
vn 0 -1 0 
vn 0 -1 0 
vn 0.708661 -0.708661 0 
vn -0.708661 -0.708661 0 
vn 0.708661 -0.708661 0 
vn -0.708661 -0.708661 0 
vn 0 -1 0 
vn 0 -1 0 
vn 0 0 1 
vn 0.708661 0 0.708661 
vn -0.708661 0 -0.708661 
vn 0 0 -1 
vn 1 0 0 
vn 1 0 0 
vn 0.708661 -0.708661 0 
vn 0.708661 -0.708661 0 
vn 0 -1 0 
vn 0 -1 0 
vn -0.708661 -0.708661 0 
vn -0.708661 -0.708661 0 
vn 0 1 0 
vn -0.708661 0.708661 0 
vn -0.708661 0.708661 0 
vn -1 0 0 
vn -1 0 0 
vn -0.708661 -0.708661 0 
vn -0.708661 -0.708661 0 
vn -0.708661 0 0.708661 
vn -0.708661 0 0.708661 
vn -1 0 0 
vn -0.708661 0 -0.708661 
vn -1 0 0 
vn -0.708661 0 -0.708661 
vn -0.708661 0 0.708661 
vn -0.708661 0 0.708661 
vn -1 0 0 
vn -1 0 0 
vn -0.708661 0 -0.708661 
vn -0.708661 0 -0.708661 
vn -0.708661 0.708661 0 
vn -0.708661 -0.708661 0 
vn -0.708661 0.708661 0 
vn -0.708661 -0.708661 0 
vn -1 0 0 
vn -1 0 0 

vt 44.0344 -43.0299 
vt 43.9656 -43.0299 
vt 44 -43.0442 
vt 43.9513 -42.9955 
vt 44.0487 -42.9955 
vt 44.0344 -42.961 
vt 43.9656 -42.961 
vt 44 -42.9468 
vt 43.9656 -42.961 
vt 44.0344 -43.0299 
vt 44.0344 -42.961 
vt 43.9894 -43.0463 
vt 44 -42.9468 
vt 44.0344 -42.961 
vt 43.9513 -42.9955 
vt 44.0487 -42.9955 
vt 43.9656 -43.0299 
vt 44.0344 -43.0299 
vt 43.985 -43.0463 
vt 43.985 -43.0343 
vt 43.9894 -43.0463 
vt 43.9894 -43.0343 
vt 44 -43.0463 
vt 44 -43.0343 
vt 44.0106 -43.0463 
vt 44.015 -43.0463 
vt 44.0106 -43.0343 
vt 44.0085 -43.0532 
vt 44.0085 -43.0463 
vt 44 -43.0532 
vt 43.9915 -43.0463 
vt 44 -43.0463 
vt 43.9915 -43.0532 
vt 44 -43.0442 
vt 44.0344 -42.961 
vt 44.0344 -43.0299 
vt 44.0344 -42.961 
vt 43.9656 -42.961 
vt 44.0487 -42.9955 
vt 44 -42.9468 
vt 43.9513 -42.9955 
vt 43.9656 -43.0299 
vt 44.0344 -43.0299 
vt 44 -43.0442 
vt 43.9583 -42.9656 
vt 43.9378 -43 
vt 43.9583 -43 
vt 43.9378 -43.0344 
vt 43.9378 -42.9656 
vt 43.9583 -43.0344 
vt 44 -42.985 
vt 44 -42.985 
vt 44.015 -43 
vt 44.015 -43 
vt 43.985 -43 
vt 43.985 -43 
vt 44 -43.015 
vt 44.012 -43 
vt 44.0085 -42.9915 
vt 43.9915 -43.0085 
vt 43.988 -43 
vt 44.0622 -42.9513 
vt 44.0417 -42.9513 
vt 44.0417 -42.9656 
vt 44.0622 -42.9656 
vt 44.0417 -43 
vt 44.0622 -43 
vt 44.0417 -43.0344 
vt 44.0622 -43.0344 
vt 44.0417 -42.961 
vt 44.0417 -42.9468 
vt 44.0622 -42.961 
vt 44.0417 -42.9955 
vt 44.0622 -42.9955 
vt 44.0417 -43.0299 
vt 44.0622 -43.0299 
vt 43.9894 -43.0463 
vt 44 -43.0463 
vt 43.9894 -43.0343 
vt 44 -43.0343 
vt 44.0106 -43.0463 
vt 44.0106 -43.0343 
vt 43.9915 -43.0463 
vt 43.9915 -43.0532 
vt 44 -43.0463 
vt 44 -43.0532 
vt 44.0085 -43.0463 
vt 44.0085 -43.0532 
vt 43.9378 -42.9955 
vt 43.9583 -42.9955 
vt 43.9583 -42.961 
vt 43.9378 -43.0299 
vt 43.9378 -42.961 
vt 43.9583 -43.0299 
vt 44.0344 -42.961 
vt 44.0487 -42.9955 
vt 43.9513 -42.9955 
vt 44.0344 -43.0299 
vt 44.0344 -42.961 
vt 43.9656 -43.0299 
vt 44 -43.0442 
vt 43.9656 -42.961 
vt 44 -42.9468 
vt 44.0106 -43.0463 
vt 44 -42.9468 
vt 43.9656 -42.961 
vt 44.0487 -42.9955 
vt 43.9513 -42.9955 
vt 44.0344 -43.0299 
vt 43.9656 -43.0299 
vt 44.0106 -43.0463 
vt 44.015 -43.0463 
vt 44.0106 -43.0343 
vt 44.015 -43.0343 
vt 44 -43.0343 
vt 44 -43.0463 
vt 43.9894 -43.0343 
vt 43.9894 -43.0463 
vt 43.985 -43.0463 
vt 43.9915 -43.0532 
vt 44 -43.0463 
vt 43.9915 -43.0463 
vt 44 -43.0532 
vt 44.0085 -43.0463 
vt 44.0085 -43.0532 
vt 44.0487 -42.9955 
vt 44 -43.0442 
vt 43.9656 -42.961 
vt 43.9656 -43.0299 
vt 43.9656 -43.0299 
vt 44.0344 -43.0299 
vt 43.9513 -42.9955 
vt 44 -43.0442 
vt 44.0487 -42.9955 
vt 44.0344 -42.961 
vt 43.9656 -42.961 
vt 44 -42.9468 
vt 43.988 -43 
vt 44 -43.012 
vt 44 -42.988 
vt 43.9915 -43.0085 
vt 43.9915 -42.9915 
vt 44.012 -43 
vt 44.0085 -42.9915 
vt 44.0085 -43.0085 
vt 43.985 -43 
vt 43.9915 -42.9915 
vt 43.9894 -42.9894 
vt 44 -42.985 
vt 43.988 -43 
vt 44 -42.988 
vt 43.9915 -43.0085 
vt 44.0085 -42.9915 
vt 43.9894 -43.0106 
vt 44.0106 -42.9894 
vt 44 -43.015 
vt 44.015 -43 
vt 44 -43.012 
vt 44.012 -43 
vt 44.0085 -43.0085 
vt 44.0106 -43.0106 
vt 44.0417 -42.9656 
vt 44.0622 -43.0344 
vt 44.0622 -42.9656 
vt 44.0417 -43.0344 
vt 44.0417 -43 
vt 44.0622 -43 
vt 43.988 -43 
vt 43.9915 -42.9915 
vt 44.0085 -43.0085 
vt 44.012 -43 
vt 43.9378 -42.9513 
vt 43.9583 -42.9513 
vt 43.9378 -42.9656 
vt 43.9583 -42.9656 
vt 43.9378 -43 
vt 43.9583 -43 
vt 43.9378 -43.0344 
vt 43.9583 -43.0344 
vt 43.9378 -42.9468 
vt 43.9378 -42.961 
vt 43.9583 -42.961 
vt 43.9378 -42.9955 
vt 43.9583 -42.9955 
vt 43.9378 -43.0299 
vt 43.9583 -43.0299 
vt 44.0106 -43.0343 
vt 44.0106 -43.0463 
vt 44 -43.0343 
vt 43.9894 -43.0463 
vt 44 -43.0463 
vt 43.9894 -43.0343 
vt 44.0085 -43.0532 
vt 44.0085 -43.0463 
vt 44 -43.0532 
vt 44 -43.0463 
vt 43.9915 -43.0532 
vt 43.9915 -43.0463 
vt 44.0417 -42.961 
vt 44.0622 -43.0299 
vt 44.0622 -42.961 
vt 44.0417 -43.0299 
vt 44.0417 -42.9955 
vt 44.0622 -42.9955 

usemtl Meshpart1Mtl

f 1233/1233/1233 1234/1234/1234 1235/1235/1235 
f 1234/1234/1234 1233/1233/1233 1236/1236/1236 
f 1237/1237/1237 1236/1236/1236 1233/1233/1233 
f 1236/1236/1236 1237/1237/1237 1238/1238/1238 
f 1238/1238/1238 1239/1239/1239 1236/1236/1236 
f 1239/1239/1239 1238/1238/1238 1240/1240/1240 
f 1255/1255/1255 1254/1254/1254 1253/1253/1253 
f 1256/1256/1256 1254/1254/1254 1255/1255/1255 
f 1257/1257/1257 1256/1256/1256 1255/1255/1255 
f 1259/1259/1259 1256/1256/1256 1257/1257/1257 
f 1260/1260/1260 1261/1261/1261 1262/1262/1262 
f 1261/1261/1261 1264/1264/1264 1262/1262/1262 
f 1264/1264/1264 1263/1263/1263 1265/1265/1265 
f 1262/1262/1262 1264/1264/1264 1265/1265/1265 
f 1269/1269/1269 1270/1270/1270 1271/1271/1271 
f 1270/1270/1270 1269/1269/1269 1272/1272/1272 
f 1273/1273/1273 1271/1271/1271 1270/1270/1270 
f 1271/1271/1271 1273/1273/1273 1274/1274/1274 
f 1274/1274/1274 1275/1275/1275 1271/1271/1271 
f 1275/1275/1275 1274/1274/1274 1276/1276/1276 
f 1277/1277/1277 1278/1278/1278 1279/1279/1279 
f 1280/1280/1280 1279/1279/1279 1278/1278/1278 
f 1278/1278/1278 1277/1277/1277 1281/1281/1281 
f 1279/1279/1279 1280/1280/1280 1282/1282/1282 
f 1298/1298/1298 1297/1297/1297 1296/1296/1296 
f 1297/1297/1297 1298/1298/1298 1299/1299/1299 
f 1300/1300/1300 1299/1299/1299 1298/1298/1298 
f 1299/1299/1299 1300/1300/1300 1301/1301/1301 
f 1305/1305/1305 1304/1304/1304 1302/1302/1302 
f 1305/1305/1305 1306/1306/1306 1304/1304/1304 
f 1307/1307/1307 1306/1306/1306 1305/1305/1305 
f 1307/1307/1307 1308/1308/1308 1306/1306/1306 
f 1309/1309/1309 1310/1310/1310 1311/1311/1311 
f 1310/1310/1310 1312/1312/1312 1311/1311/1311 
f 1310/1310/1310 1313/1313/1313 1312/1312/1312 
f 1313/1313/1313 1314/1314/1314 1312/1312/1312 
f 1316/1316/1316 1317/1317/1317 1315/1315/1315 
f 1316/1316/1316 1318/1318/1318 1317/1317/1317 
f 1318/1318/1318 1319/1319/1319 1317/1317/1317 
f 1318/1318/1318 1320/1320/1320 1319/1319/1319 
f 1321/1321/1321 1322/1322/1322 1323/1323/1323 
f 1324/1324/1324 1322/1322/1322 1321/1321/1321 
f 1321/1321/1321 1323/1323/1323 1325/1325/1325 
f 1324/1324/1324 1326/1326/1326 1322/1322/1322 
f 1328/1328/1328 1329/1329/1329 1330/1330/1330 
f 1329/1329/1329 1328/1328/1328 1331/1331/1331 
f 1332/1332/1332 1330/1330/1330 1329/1329/1329 
f 1330/1330/1330 1332/1332/1332 1333/1333/1333 
f 1329/1329/1329 1331/1331/1331 1334/1334/1334 
f 1334/1334/1334 1331/1331/1331 1335/1335/1335 
f 1347/1347/1347 1343/1343/1343 1345/1345/1345 
f 1347/1347/1347 1348/1348/1348 1343/1343/1343 
f 1349/1349/1349 1348/1348/1348 1347/1347/1347 
f 1349/1349/1349 1350/1350/1350 1348/1348/1348 
f 1352/1352/1352 1353/1353/1353 1354/1354/1354 
f 1353/1353/1353 1352/1352/1352 1355/1355/1355 
f 1355/1355/1355 1356/1356/1356 1353/1353/1353 
f 1356/1356/1356 1355/1355/1355 1357/1357/1357 
f 1362/1362/1362 1363/1363/1363 1364/1364/1364 
f 1363/1363/1363 1362/1362/1362 1365/1365/1365 
f 1366/1366/1366 1364/1364/1364 1363/1363/1363 
f 1364/1364/1364 1366/1366/1366 1367/1367/1367 
f 1367/1367/1367 1368/1368/1368 1364/1364/1364 
f 1368/1368/1368 1367/1367/1367 1369/1369/1369 
f 1370/1370/1370 1371/1371/1371 1372/1372/1372 
f 1371/1371/1371 1370/1370/1370 1373/1373/1373 
f 1370/1370/1370 1372/1372/1372 1374/1374/1374 
f 1371/1371/1371 1375/1375/1375 1372/1372/1372 
f 1372/1372/1372 1375/1375/1375 1376/1376/1376 
f 1375/1375/1375 1371/1371/1371 1377/1377/1377 
f 1378/1378/1378 1379/1379/1379 1380/1380/1380 
f 1381/1381/1381 1380/1380/1380 1379/1379/1379 
f 1379/1379/1379 1378/1378/1378 1382/1382/1382 
f 1379/1379/1379 1383/1383/1383 1381/1381/1381 
f 1378/1378/1378 1384/1384/1384 1382/1382/1382 
f 1385/1385/1385 1381/1381/1381 1383/1383/1383 
f 1378/1378/1378 1386/1386/1386 1384/1384/1384 
f 1381/1381/1381 1385/1385/1385 1387/1387/1387 
f 1388/1388/1388 1384/1384/1384 1386/1386/1386 
f 1389/1389/1389 1387/1387/1387 1385/1385/1385 
f 1384/1384/1384 1388/1388/1388 1390/1390/1390 
f 1389/1389/1389 1385/1385/1385 1391/1391/1391 
f 1388/1388/1388 1392/1392/1392 1390/1390/1390 
f 1392/1392/1392 1389/1389/1389 1391/1391/1391 
f 1392/1392/1392 1388/1388/1388 1393/1393/1393 
f 1389/1389/1389 1392/1392/1392 1393/1393/1393 
f 1398/1398/1398 1396/1396/1396 1394/1394/1394 
f 1397/1397/1397 1395/1395/1395 1399/1399/1399 
f 1398/1398/1398 1399/1399/1399 1396/1396/1396 
f 1397/1397/1397 1399/1399/1399 1398/1398/1398 
f 1408/1408/1408 1407/1407/1407 1406/1406/1406 
f 1408/1408/1408 1409/1409/1409 1407/1407/1407 
f 1410/1410/1410 1409/1409/1409 1408/1408/1408 
f 1410/1410/1410 1411/1411/1411 1409/1409/1409 
f 1414/1414/1414 1413/1413/1413 1415/1415/1415 
f 1414/1414/1414 1415/1415/1415 1416/1416/1416 
f 1416/1416/1416 1415/1415/1415 1417/1417/1417 
f 1416/1416/1416 1417/1417/1417 1418/1418/1418 
f 1421/1421/1421 1420/1420/1420 1419/1419/1419 
f 1420/1420/1420 1421/1421/1421 1423/1423/1423 
f 1424/1424/1424 1423/1423/1423 1421/1421/1421 
f 1423/1423/1423 1424/1424/1424 1422/1422/1422 
f 1426/1426/1426 1427/1427/1427 1425/1425/1425 
f 1428/1428/1428 1427/1427/1427 1426/1426/1426 
f 1428/1428/1428 1429/1429/1429 1427/1427/1427 
f 1430/1430/1430 1429/1429/1429 1428/1428/1428 
f 1433/1433/1433 1431/1431/1431 1435/1435/1435 
f 1436/1436/1436 1434/1434/1434 1432/1432/1432 
f 1433/1433/1433 1435/1435/1435 1436/1436/1436 
f 1436/1436/1436 1435/1435/1435 1434/1434/1434 

