# This file is brought to you by Roblox Corporation
# Generated by Roblox Studio

mtllib Flashbang.mtl

g Meshpart1

v -439.9 6.46068 0.378794 
v -439.911 6.45089 0.395046 
v -439.9 6.45306 0.39721 
v -439.892 6.46885 0.378794 
v -439.892 6.45883 0.402988 
v -439.89 6.46643 0.410588 
v -439.89 6.4796 0.378794 
v -439.893 6.48996 0.378794 
v -439.893 6.47376 0.417916 
v -439.901 6.47899 0.423144 
v -439.911 6.50003 0.378794 
v -439.911 6.48088 0.425032 
v -439.911 6.48088 0.332556 
v -439.911 6.45089 0.362542 
v -439.911 6.43464 0.313402 
v -440.08 6.01347 0.638634 
v -440.071 6.03075 0.653196 
v -440.164 6.18694 0.557786 
v -440.161 6.19273 0.56718 
v -440.074 6.02365 0.644496 
v -440.173 6.18137 0.549474 
v -440.08 6.01347 0.638634 
v -440.187 6.17794 0.545514 
v -440.218 6.19254 0.574288 
v -439.911 6.43464 0.444186 
v -439.901 6.47899 0.423144 
v -439.893 6.47376 0.417916 
v -439.893 6.43464 0.43412 
v -439.89 6.46643 0.410588 
v -439.89 6.43464 0.423758 
v -439.892 6.43464 0.41301 
v -439.892 6.45883 0.402988 
v -439.9 6.43464 0.40484 
v -439.9 6.45306 0.39721 
v -439.653 5.99713 0.622166 
v -439.696 6.03197 0.606566 
v -439.611 6.17983 0.473794 
v -439.595 6.18078 0.473292 
v -439.581 6.18629 0.48082 
v -439.659 5.99179 0.606906 
v -439.574 6.19465 0.494126 
v -439.721 6.35644 0.415218 
v -439.581 6.18629 0.48082 
v -439.689 6.38019 0.377854 
v -439.893 6.47376 0.339672 
v -439.893 6.43464 0.323468 
v -439.89 6.46643 0.347 
v -439.89 6.43464 0.33383 
v -439.892 6.43464 0.344578 
v -439.892 6.45883 0.3546 
v -439.9 6.45306 0.360376 
v -439.9 6.43464 0.352748 
v -439.9 6.46068 0.378794 
v -439.9 6.45306 0.360376 
v -439.892 6.46885 0.378794 
v -439.892 6.45883 0.3546 
v -439.89 6.46643 0.347 
v -439.89 6.4796 0.378794 
v -439.893 6.48996 0.378794 
v -439.893 6.47376 0.339672 
v -439.685 6.39687 0.405692 
v -439.577 6.20297 0.508656 
v -439.693 6.3944 0.420626 
v -439.589 6.2084 0.519398 
v -439.605 6.20925 0.522902 
v -439.589 6.2084 0.519398 
v -439.664 6.02182 0.64035 
v -439.577 6.20297 0.508656 
v -439.655 6.00847 0.634744 
v -439.911 6.36925 0.378794 
v -439.893 6.39552 0.339672 
v -439.893 6.37931 0.378794 
v -439.89 6.40284 0.347 
v -439.89 6.38967 0.378794 
v -439.892 6.40042 0.378794 
v -439.892 6.41044 0.3546 
v -439.9 6.41622 0.360376 
v -439.9 6.40859 0.378794 
v -439.9 6.43464 0.352748 
v -439.9 6.41622 0.360376 
v -439.892 6.43464 0.344578 
v -439.892 6.41044 0.3546 
v -439.89 6.40284 0.347 
v -439.89 6.43464 0.33383 
v -439.893 6.43464 0.323468 
v -439.893 6.39552 0.339672 
v -439.921 6.39029 0.334444 
v -439.684 6.39155 0.389564 
v -440.096 6.35522 0.461848 
v -440.11 6.38408 0.480066 
v -440.123 6.393 0.47417 
v -440.134 6.3954 0.46151 
v -440.139 6.39006 0.446248 
v -440.106 6.34979 0.440294 
v -440.096 6.35522 0.461848 
v -440.164 6.18694 0.557786 
v -440.161 6.19273 0.56718 
v -440.099 6.35073 0.451606 
v -440.173 6.18137 0.549474 
v -440.106 6.34979 0.440294 
v -440.198 6.20641 0.595124 
v -440.181 6.20736 0.59462 
v -440.101 6.37245 0.478116 
v -440.168 6.20403 0.587294 
v -440.096 6.36231 0.470924 
v -440.162 6.19851 0.577104 
v -440.161 6.19273 0.56718 
v -439.899 6.4364 0.0866257 
v -439.905 6.42554 0.337494 
v -439.905 6.42554 0.0866257 
v -439.899 6.4364 0.337494 
v -439.905 6.44727 0.0866257 
v -439.905 6.44727 0.337494 
v -440.094 6.02041 0.693896 
v -440.083 6.0312 0.68817 
v -440.168 6.20403 0.587294 
v -440.075 6.03613 0.676454 
v -440.071 6.03522 0.663814 
v -440.162 6.19851 0.577104 
v -440.071 6.03075 0.653196 
v -440.161 6.19273 0.56718 
v -439.93 6.40042 0.378794 
v -439.901 6.39029 0.423144 
v -439.893 6.39552 0.417916 
v -439.893 6.37931 0.378794 
v -439.89 6.40284 0.410588 
v -439.89 6.38967 0.378794 
v -439.892 6.40042 0.378794 
v -439.892 6.41044 0.402988 
v -439.9 6.41622 0.39721 
v -439.9 6.40859 0.378794 
v -439.9 6.43464 0.40484 
v -439.9 6.41622 0.39721 
v -439.892 6.41044 0.402988 
v -439.892 6.43464 0.41301 
v -439.89 6.40284 0.410588 
v -439.89 6.43464 0.423758 
v -439.893 6.43464 0.43412 
v -439.893 6.39552 0.417916 
v -439.918 6.44727 0.0866257 
v -439.905 6.44727 0.337494 
v -439.905 6.44727 0.0866257 
v -439.918 6.44727 0.337494 
v -439.911 6.45089 0.395046 
v -439.89 6.46643 0.410588 
v -439.89 6.4796 0.378794 
v -439.893 6.48996 0.378794 
v -439.893 6.47376 0.417916 
v -439.901 6.49736 0.378794 
v -439.901 6.47899 0.423144 
v -439.911 6.50003 0.378794 
v -439.911 6.48088 0.425032 
v -439.921 6.47899 0.423144 
v -439.921 6.49736 0.378794 
v -439.929 6.47376 0.417916 
v -439.929 6.48996 0.378794 
v -439.901 6.47899 0.334444 
v -439.911 6.50003 0.378794 
v -439.901 6.49736 0.378794 
v -439.911 6.48088 0.332556 
v -439.921 6.47899 0.334444 
v -439.921 6.49736 0.378794 
v -439.929 6.47376 0.339672 
v -439.929 6.48996 0.378794 
v -439.911 6.45089 0.362542 
v -439.911 6.43464 0.313402 
v -439.88 5.92936 0.656804 
v -440.08 6.01347 0.638634 
v -439.88 5.95653 0.660942 
v -440.074 6.02365 0.644496 
v -440.071 6.03075 0.653196 
v -439.879 5.96416 0.66951 
v -439.911 6.41839 0.395046 
v -439.911 6.43464 0.444186 
v -439.682 6.00311 0.588348 
v -439.88 5.95653 0.660942 
v -439.696 6.02488 0.597492 
v -439.696 6.03197 0.606566 
v -439.689 6.38019 0.377854 
v -439.89 6.46643 0.347 
v -439.89 6.4796 0.378794 
v -439.893 6.48996 0.378794 
v -439.893 6.47376 0.339672 
v -439.685 6.39687 0.405692 
v -439.693 6.3944 0.420626 
v -439.703 6.38541 0.429354 
v -439.696 6.03197 0.606566 
v -439.687 6.0374 0.62812 
v -439.879 5.96416 0.66951 
v -439.694 6.03646 0.616808 
v -439.877 5.9681 0.68026 
v -439.876 5.96711 0.693364 
v -439.687 6.0374 0.62812 
v -439.874 5.95879 0.705912 
v -439.676 6.03253 0.637456 
v -439.873 5.94395 0.71263 
v -439.89 6.40284 0.347 
v -439.892 6.41044 0.3546 
v -439.9 6.41622 0.360376 
v -439.9 6.40859 0.378794 
v -439.911 6.41839 0.362542 
v -439.911 6.41165 0.378794 
v -439.921 6.39029 0.334444 
v -439.684 6.39155 0.389564 
v -439.918 6.47249 0.369734 
v -439.916 6.47657 0.386162 
v -439.685 6.39687 0.405692 
v -439.693 6.3944 0.420626 
v -439.914 6.47086 0.401892 
v -439.914 6.47086 0.401892 
v -440.123 6.393 0.47417 
v -439.916 6.47657 0.386162 
v -440.134 6.3954 0.46151 
v -440.139 6.39006 0.446248 
v -440.134 6.3954 0.46151 
v -440.212 6.2009 0.587596 
v -440.123 6.393 0.47417 
v -440.198 6.20641 0.595124 
v -440.094 6.02041 0.693896 
v -440.083 6.0312 0.68817 
v -440.071 6.03075 0.653196 
v -440.071 6.03522 0.663814 
v -439.877 5.9681 0.68026 
v -439.876 5.96711 0.693364 
v -440.075 6.03613 0.676454 
v -439.874 5.95879 0.705912 
v -440.083 6.0312 0.68817 
v -439.911 6.41839 0.362542 
v -439.922 6.40859 0.378794 
v -439.911 6.41165 0.378794 
v -439.922 6.41622 0.360376 
v -439.93 6.40042 0.378794 
v -439.93 6.41044 0.3546 
v -439.922 6.40859 0.378794 
v -439.922 6.41622 0.39721 
v -439.932 6.40284 0.410588 
v -439.89 6.40284 0.410588 
v -439.892 6.41044 0.402988 
v -439.9 6.41622 0.39721 
v -439.9 6.40859 0.378794 
v -439.911 6.41839 0.395046 
v -439.911 6.45089 0.395046 
v -439.89 6.46643 0.410588 
v -439.911 6.48088 0.425032 
v -439.911 6.45089 0.362542 
v -439.922 6.43464 0.352748 
v -439.911 6.43464 0.35581 
v -439.922 6.45306 0.360376 
v -439.93 6.45883 0.3546 
v -439.911 6.43464 0.313402 
v -439.873 5.92729 0.71009 
v -440.104 6.007 0.690562 
v -440.109 5.99564 0.67885 
v -439.875 5.9147 0.698682 
v -439.877 5.91062 0.682252 
v -440.161 6.19273 0.56718 
v -440.218 6.19254 0.574288 
v -439.932 6.40284 0.410588 
v -439.932 6.43464 0.423758 
v -439.932 6.46643 0.410588 
v -439.932 6.43464 0.423758 
v -439.929 6.43464 0.43412 
v -439.929 6.47376 0.417916 
v -439.921 6.43464 0.441514 
v -439.921 6.47899 0.423144 
v -439.911 6.43464 0.444186 
v -439.901 6.47899 0.423144 
v -439.901 6.43464 0.441514 
v -439.893 6.47376 0.417916 
v -439.893 6.43464 0.43412 
v -439.89 6.43464 0.423758 
v -439.653 5.99713 0.622166 
v -439.873 5.92729 0.71009 
v -439.659 5.99179 0.606906 
v -439.696 6.03197 0.606566 
v -439.631 6.19446 0.501236 
v -439.574 6.19465 0.494126 
v -439.721 6.35644 0.415218 
v -439.892 6.45883 0.3546 
v -439.9 6.45306 0.360376 
v -439.9 6.43464 0.352748 
v -439.911 6.45089 0.362542 
v -439.911 6.43464 0.35581 
v -439.685 6.39687 0.405692 
v -439.693 6.3944 0.420626 
v -439.589 6.2084 0.519398 
v -439.605 6.20925 0.522902 
v -439.703 6.38541 0.429354 
v -439.713 6.37372 0.429782 
v -439.619 6.20582 0.51894 
v -439.719 6.36354 0.423918 
v -439.628 6.20025 0.510628 
v -439.721 6.35644 0.415218 
v -439.619 6.20582 0.51894 
v -439.687 6.0374 0.62812 
v -439.676 6.03253 0.637456 
v -439.605 6.20925 0.522902 
v -439.589 6.2084 0.519398 
v -439.664 6.02182 0.64035 
v -439.877 5.9681 0.68026 
v -439.876 5.96711 0.693364 
v -439.687 6.0374 0.62812 
v -439.874 5.95879 0.705912 
v -439.676 6.03253 0.637456 
v -439.873 5.94395 0.71263 
v -439.664 6.02182 0.64035 
v -439.655 6.00847 0.634744 
v -439.89 6.40284 0.347 
v -439.911 6.41839 0.362542 
v -439.9 6.43464 0.352748 
v -439.9 6.41622 0.360376 
v -439.892 6.41044 0.3546 
v -439.921 6.39029 0.334444 
v -439.693 6.3944 0.420626 
v -439.914 6.47086 0.401892 
v -439.703 6.38541 0.429354 
v -439.912 6.45783 0.41161 
v -439.713 6.37372 0.429782 
v -439.912 6.44274 0.41287 
v -439.913 6.43066 0.407472 
v -439.719 6.36354 0.423918 
v -440.096 6.35522 0.461848 
v -439.913 6.43066 0.407472 
v -440.096 6.36231 0.470924 
v -440.101 6.37245 0.478116 
v -439.912 6.44274 0.41287 
v -440.11 6.38408 0.480066 
v -439.912 6.45783 0.41161 
v -439.914 6.47086 0.401892 
v -440.123 6.393 0.47417 
v -440.134 6.3954 0.46151 
v -440.106 6.34979 0.440294 
v -440.134 6.3954 0.46151 
v -440.123 6.393 0.47417 
v -440.198 6.20641 0.595124 
v -440.181 6.20736 0.59462 
v -440.11 6.38408 0.480066 
v -440.101 6.37245 0.478116 
v -440.168 6.20403 0.587294 
v -440.104 6.007 0.690562 
v -440.212 6.2009 0.587596 
v -440.094 6.02041 0.693896 
v -440.198 6.20641 0.595124 
v -440.181 6.20736 0.59462 
v -440.083 6.0312 0.68817 
v -440.168 6.20403 0.587294 
v -440.075 6.03613 0.676454 
v -439.876 5.96711 0.693364 
v -440.075 6.03613 0.676454 
v -439.874 5.95879 0.705912 
v -440.083 6.0312 0.68817 
v -439.873 5.94395 0.71263 
v -440.094 6.02041 0.693896 
v -439.93 6.41044 0.3546 
v -439.922 6.41622 0.360376 
v -439.922 6.43464 0.352748 
v -439.911 6.41839 0.362542 
v -439.911 6.3884 0.425032 
v -439.89 6.40284 0.410588 
v -439.893 6.43464 0.43412 
v -439.893 6.39552 0.417916 
v -439.901 6.43464 0.441514 
v -439.901 6.39029 0.423144 
v -439.921 6.39029 0.423144 
v -439.921 6.43464 0.441514 
v -439.929 6.39552 0.417916 
v -439.929 6.43464 0.43412 
v -439.911 6.45089 0.395046 
v -439.911 6.50003 0.378794 
v -439.911 6.48088 0.425032 
v -439.921 6.49736 0.378794 
v -439.929 6.47376 0.417916 
v -439.929 6.48996 0.378794 
v -439.932 6.46643 0.410588 
v -439.932 6.4796 0.378794 
v -439.93 6.46885 0.378794 
v -439.93 6.45883 0.402988 
v -439.922 6.45306 0.39721 
v -439.922 6.46068 0.378794 
v -439.911 6.45089 0.395046 
v -439.911 6.45762 0.378794 
v -439.911 6.48088 0.332556 
v -439.921 6.47899 0.334444 
v -439.921 6.49736 0.378794 
v -439.929 6.47376 0.339672 
v -439.929 6.48996 0.378794 
v -439.932 6.46643 0.347 
v -439.932 6.4796 0.378794 
v -439.93 6.46885 0.378794 
v -439.93 6.45883 0.3546 
v -439.922 6.45306 0.360376 
v -439.922 6.46068 0.378794 
v -439.911 6.45089 0.362542 
v -439.911 6.45762 0.378794 
v -439.922 6.43464 0.352748 
v -439.922 6.45306 0.360376 
v -439.93 6.43464 0.344578 
v -439.93 6.45883 0.3546 
v -439.932 6.46643 0.347 
v -439.932 6.43464 0.33383 
v -439.929 6.43464 0.323468 
v -439.929 6.47376 0.339672 
v -439.921 6.47899 0.334444 
v -439.911 6.43464 0.313402 
v -440.109 5.99564 0.67885 
v -440.1 5.99279 0.64779 
v -440.08 6.01347 0.638634 
v -440.187 6.17794 0.545514 
v -440.1 5.99279 0.64779 
v -440.203 6.17879 0.549016 
v -440.215 6.18422 0.559758 
v -440.107 5.99032 0.662724 
v -440.218 6.19254 0.574288 
v -439.924 6.4364 0.0866257 
v -439.918 6.44727 0.337494 
v -439.918 6.44727 0.0866257 
v -439.924 6.4364 0.337494 
v -439.932 6.40284 0.410588 
v -439.932 6.43464 0.423758 
v -439.93 6.43464 0.41301 
v -439.93 6.41044 0.402988 
v -439.922 6.43464 0.40484 
v -439.922 6.41622 0.39721 
v -439.911 6.41839 0.395046 
v -439.911 6.43464 0.401776 
v -439.922 6.43464 0.40484 
v -439.922 6.45306 0.39721 
v -439.93 6.45883 0.402988 
v -439.93 6.43464 0.41301 
v -439.932 6.46643 0.410588 
v -439.932 6.43464 0.423758 
v -439.929 6.43464 0.43412 
v -439.929 6.47376 0.417916 
v -439.911 6.43464 0.444186 
v -439.682 6.00311 0.588348 
v -439.696 6.03197 0.606566 
v -439.631 6.19446 0.501236 
v -439.63 6.18868 0.49131 
v -439.696 6.02488 0.597492 
v -439.624 6.18316 0.48112 
v -439.691 6.01474 0.5903 
v -439.611 6.17983 0.473794 
v -439.721 6.35644 0.415218 
v -439.63 6.18868 0.49131 
v -439.721 6.35197 0.4046 
v -439.624 6.18316 0.48112 
v -439.717 6.35106 0.39196 
v -439.709 6.35599 0.380246 
v -439.89 6.46643 0.347 
v -439.605 6.20925 0.522902 
v -439.713 6.37372 0.429782 
v -439.619 6.20582 0.51894 
v -439.719 6.36354 0.423918 
v -439.628 6.20025 0.510628 
v -439.721 6.35644 0.415218 
v -439.631 6.19446 0.501236 
v -439.696 6.03197 0.606566 
v -439.628 6.20025 0.510628 
v -439.694 6.03646 0.616808 
v -439.619 6.20582 0.51894 
v -439.687 6.0374 0.62812 
v -439.911 6.36925 0.378794 
v -439.89 6.40284 0.347 
v -439.921 6.39029 0.334444 
v -439.929 6.39552 0.339672 
v -439.929 6.43464 0.323468 
v -439.932 6.40284 0.347 
v -439.932 6.43464 0.33383 
v -440.123 6.393 0.47417 
v -440.134 6.3954 0.46151 
v -440.139 6.39006 0.446248 
v -440.106 6.34979 0.440294 
v -440.203 6.17879 0.549016 
v -440.128 6.36537 0.428064 
v -440.215 6.18422 0.559758 
v -440.137 6.37872 0.433672 
v -440.218 6.19254 0.574288 
v -440.134 6.3954 0.46151 
v -440.212 6.2009 0.587596 
v -440.198 6.20641 0.595124 
v -440.104 6.007 0.690562 
v -440.212 6.2009 0.587596 
v -440.094 6.02041 0.693896 
v -439.93 6.43464 0.344578 
v -439.93 6.41044 0.3546 
v -439.922 6.41622 0.360376 
v -439.922 6.43464 0.352748 
v -439.922 6.40859 0.378794 
v -439.922 6.41622 0.360376 
v -439.93 6.40042 0.378794 
v -439.93 6.41044 0.3546 
v -439.932 6.40284 0.347 
v -439.932 6.38967 0.378794 
v -439.929 6.37931 0.378794 
v -439.929 6.39552 0.339672 
v -439.921 6.39029 0.334444 
v -439.922 6.40859 0.378794 
v -439.922 6.41622 0.39721 
v -439.93 6.40042 0.378794 
v -439.93 6.41044 0.402988 
v -439.932 6.40284 0.410588 
v -439.932 6.38967 0.378794 
v -439.929 6.37931 0.378794 
v -439.929 6.39552 0.417916 
v -439.911 6.3884 0.425032 
v -439.918 6.42554 0.0866257 
v -439.924 6.4364 0.337494 
v -439.924 6.4364 0.0866257 
v -439.918 6.42554 0.337494 
v -439.929 6.39552 0.417916 
v -439.929 6.43464 0.43412 
v -439.911 6.45762 0.378794 
v -439.9 6.46068 0.378794 
v -439.911 6.45089 0.395046 
v -439.9 6.45306 0.39721 
v -439.892 6.45883 0.402988 
v -439.922 6.45306 0.39721 
v -439.922 6.46068 0.378794 
v -439.911 6.45089 0.395046 
v -439.911 6.45762 0.378794 
v -439.932 6.4796 0.378794 
v -439.93 6.45883 0.3546 
v -439.922 6.45306 0.360376 
v -439.922 6.46068 0.378794 
v -439.911 6.45089 0.362542 
v -439.911 6.45762 0.378794 
v -440.109 5.99564 0.67885 
v -439.875 5.9147 0.698682 
v -439.877 5.91062 0.682252 
v -440.107 5.99032 0.662724 
v -440.1 5.99279 0.64779 
v -439.879 5.91633 0.666524 
v -439.88 5.92936 0.656804 
v -440.08 6.01347 0.638634 
v -439.653 5.99713 0.622166 
v -439.877 5.91062 0.682252 
v -439.659 5.99179 0.606906 
v -439.67 5.99419 0.594244 
v -439.879 5.91633 0.666524 
v -439.682 6.00311 0.588348 
v -439.696 6.03197 0.606566 
v -439.67 5.99419 0.594244 
v -439.595 6.18078 0.473292 
v -439.581 6.18629 0.48082 
v -439.659 5.99179 0.606906 
v -439.721 6.35644 0.415218 
v -439.717 6.35106 0.39196 
v -439.709 6.35599 0.380246 
v -439.911 6.45089 0.362542 
v -439.9 6.46068 0.378794 
v -439.911 6.45762 0.378794 
v -439.9 6.45306 0.360376 
v -439.892 6.45883 0.3546 
v -439.713 6.37372 0.429782 
v -439.628 6.20025 0.510628 
v -439.721 6.35644 0.415218 
v -439.873 5.94395 0.71263 
v -439.901 6.39029 0.334444 
v -439.911 6.36925 0.378794 
v -439.911 6.3884 0.332554 
v -439.901 6.37192 0.378794 
v -439.893 6.39552 0.339672 
v -439.893 6.37931 0.378794 
v -439.89 6.40284 0.347 
v -439.89 6.38967 0.378794 
v -439.921 6.39029 0.334444 
v -439.914 6.42303 0.398904 
v -439.721 6.35197 0.4046 
v -439.915 6.41909 0.388154 
v -439.917 6.42008 0.37505 
v -439.717 6.35106 0.39196 
v -439.918 6.42841 0.362504 
v -439.709 6.35599 0.380246 
v -439.913 6.43066 0.407472 
v -439.719 6.36354 0.423918 
v -439.914 6.42303 0.398904 
v -440.096 6.35522 0.461848 
v -439.913 6.43066 0.407472 
v -440.096 6.36231 0.470924 
v -440.123 6.393 0.47417 
v -440.139 6.39006 0.446248 
v -440.116 6.35466 0.430958 
v -439.918 6.42841 0.362504 
v -440.106 6.34979 0.440294 
v -439.917 6.42008 0.37505 
v -440.099 6.35073 0.451606 
v -439.915 6.41909 0.388154 
v -440.096 6.35522 0.461848 
v -440.094 6.02041 0.693896 
v -439.93 6.40042 0.378794 
v -439.932 6.38967 0.378794 
v -439.929 6.37931 0.378794 
v -439.929 6.39552 0.339672 
v -439.921 6.37192 0.378794 
v -439.921 6.39029 0.334444 
v -439.932 6.40284 0.410588 
v -439.932 6.38967 0.378794 
v -439.929 6.37931 0.378794 
v -439.929 6.39552 0.417916 
v -439.921 6.37192 0.378794 
v -439.921 6.39029 0.423144 
v -439.911 6.3884 0.425032 
v -439.901 6.39029 0.423144 
v -439.901 6.37192 0.378794 
v -439.893 6.39552 0.417916 
v -439.893 6.37931 0.378794 
v -439.89 6.40284 0.410588 
v -439.89 6.38967 0.378794 
v -439.905 6.42554 0.0866257 
v -439.918 6.42554 0.337494 
v -439.918 6.42554 0.0866257 
v -439.905 6.42554 0.337494 
v -439.905 6.44727 0.0866257 
v -439.924 6.4364 0.0866257 
v -439.918 6.44727 0.0866257 
v -439.899 6.4364 0.0866257 
v -439.905 6.42554 0.0866257 
v -439.918 6.42554 0.0866257 
v -439.911 6.45089 0.395046 
v -439.911 6.45089 0.395046 
v -439.911 6.48088 0.332556 
v -439.911 6.45089 0.362542 
v -439.932 6.43464 0.33383 
v -439.929 6.43464 0.323468 
v -439.929 6.47376 0.339672 
v -439.921 6.43464 0.316074 
v -439.921 6.47899 0.334444 
v -439.911 6.43464 0.313402 
v -439.873 5.92729 0.71009 
v -440.109 5.99564 0.67885 
v -439.877 5.91062 0.682252 
v -440.1 5.99279 0.64779 
v -439.879 5.91633 0.666524 
v -440.089 6.00178 0.639062 
v -439.88 5.92936 0.656804 
v -440.08 6.01347 0.638634 
v -439.88 5.94445 0.655544 
v -439.88 5.95653 0.660942 
v -440.074 6.02365 0.644496 
v -440.071 6.03075 0.653196 
v -440.164 6.18694 0.557786 
v -440.161 6.19273 0.56718 
v -440.074 6.02365 0.644496 
v -440.173 6.18137 0.549474 
v -440.08 6.01347 0.638634 
v -440.187 6.17794 0.545514 
v -440.089 6.00178 0.639062 
v -440.1 5.99279 0.64779 
v -440.203 6.17879 0.549016 
v -439.922 6.43464 0.40484 
v -439.922 6.41622 0.39721 
v -439.911 6.41839 0.395046 
v -439.911 6.43464 0.401776 
v -439.922 6.43464 0.40484 
v -439.922 6.45306 0.39721 
v -439.892 6.45883 0.402988 
v -439.9 6.43464 0.40484 
v -439.9 6.45306 0.39721 
v -439.911 6.43464 0.401776 
v -439.659 5.99179 0.606906 
v -439.67 5.99419 0.594244 
v -439.879 5.91633 0.666524 
v -439.682 6.00311 0.588348 
v -439.88 5.92936 0.656804 
v -439.88 5.94445 0.655544 
v -439.691 6.01474 0.5903 
v -439.88 5.95653 0.660942 
v -439.696 6.02488 0.597492 
v -439.696 6.03197 0.606566 
v -439.631 6.19446 0.501236 
v -439.624 6.18316 0.48112 
v -439.691 6.01474 0.5903 
v -439.611 6.17983 0.473794 
v -439.682 6.00311 0.588348 
v -439.67 5.99419 0.594244 
v -439.595 6.18078 0.473292 
v -439.659 5.99179 0.606906 
v -439.574 6.19465 0.494126 
v -439.624 6.18316 0.48112 
v -439.717 6.35106 0.39196 
v -439.709 6.35599 0.380246 
v -439.611 6.17983 0.473794 
v -439.698 6.36678 0.374518 
v -439.595 6.18078 0.473292 
v -439.581 6.18629 0.48082 
v -439.689 6.38019 0.377854 
v -439.901 6.47899 0.334444 
v -439.901 6.43464 0.316074 
v -439.893 6.47376 0.339672 
v -439.893 6.43464 0.323468 
v -439.89 6.43464 0.33383 
v -439.685 6.39687 0.405692 
v -439.877 5.9681 0.68026 
v -439.911 6.3884 0.332554 
v -439.89 6.40284 0.347 
v -439.89 6.43464 0.33383 
v -439.893 6.43464 0.323468 
v -439.893 6.39552 0.339672 
v -439.901 6.43464 0.316074 
v -439.901 6.39029 0.334444 
v -439.921 6.39029 0.334444 
v -439.921 6.43464 0.316074 
v -439.929 6.39552 0.339672 
v -439.929 6.43464 0.323468 
v -439.932 6.43464 0.33383 
v -439.684 6.39155 0.389564 
v -439.917 6.42008 0.37505 
v -439.717 6.35106 0.39196 
v -439.918 6.42841 0.362504 
v -439.709 6.35599 0.380246 
v -439.919 6.44324 0.355784 
v -439.698 6.36678 0.374518 
v -439.689 6.38019 0.377854 
v -439.919 6.4599 0.358324 
v -439.918 6.47249 0.369734 
v -440.11 6.38408 0.480066 
v -440.123 6.393 0.47417 
v -440.134 6.3954 0.46151 
v -440.139 6.39006 0.446248 
v -439.919 6.4599 0.358324 
v -440.137 6.37872 0.433672 
v -439.919 6.44324 0.355784 
v -440.128 6.36537 0.428064 
v -440.116 6.35466 0.430958 
v -439.918 6.42841 0.362504 
v -440.106 6.34979 0.440294 
v -439.917 6.42008 0.37505 
v -440.173 6.18137 0.549474 
v -440.106 6.34979 0.440294 
v -440.116 6.35466 0.430958 
v -440.187 6.17794 0.545514 
v -440.203 6.17879 0.549016 
v -440.128 6.36537 0.428064 
v -439.93 6.40042 0.378794 
v -439.89 6.40284 0.410588 
v -439.911 6.41839 0.395046 
v -439.9 6.43464 0.40484 
v -439.9 6.41622 0.39721 

vn 0.551181 -0.834646 0 
vn 0 -0.708661 -0.708661 
vn 0.551181 -0.590551 -0.590551 
vn 0.905512 -0.417323 0 
vn 0.905512 -0.299213 -0.299213 
vn 0.992126 0.0708661 0.0708661 
vn 0.992126 0.0944882 0 
vn 0.826772 0.566929 0 
vn 0.826772 0.401575 0.401575 
vn 0.464567 0.629921 0.629921 
vn 0 1 0 
vn 0 0.708661 0.708661 
vn 0 0.708661 -0.708661 
vn 0 -0.708661 0.708661 
vn 0 0 -1 
vn 0.314961 -0.0314961 -0.944882 
vn 0.653543 0.606299 -0.448819 
vn 0.866142 -0.204724 -0.464567 
vn 0.992126 0 -0.125984 
vn 0.559055 0.346457 -0.755906 
vn 0.519685 -0.401575 -0.748031 
vn 0.314961 -0.0314961 -0.944882 
vn 0 -0.511811 -0.858268 
vn -0.992126 0 0.125984 
vn 0 0 1 
vn 0.464567 0.629921 0.629921 
vn 0.826772 0.401575 0.401575 
vn 0.826772 0 0.566929 
vn 0.992126 0.0708661 0.0708661 
vn 0.992126 0 0.0944882 
vn 0.905512 0 -0.417323 
vn 0.905512 -0.299213 -0.299213 
vn 0.551181 0 -0.834646 
vn 0.551181 -0.590551 -0.590551 
vn 0.748031 -0.606299 0.267717 
vn -0.748031 0.606299 -0.267717 
vn -0.204724 -0.511811 -0.834646 
vn 0.346457 -0.456693 -0.818898 
vn 0.787402 -0.267717 -0.551181 
vn 0.582677 -0.787402 -0.212598 
vn 0.992126 0 -0.125984 
vn -0.653543 -0.606299 0.448819 
vn 0.787402 -0.267717 -0.551181 
vn 0.503937 0.251969 -0.826772 
vn 0.826772 0.401575 -0.401575 
vn 0.826772 0 -0.566929 
vn 0.992126 0.0708661 -0.0708661 
vn 0.992126 0 -0.0944882 
vn 0.905512 0 0.417323 
vn 0.905512 -0.299213 0.299213 
vn 0.551181 -0.590551 0.590551 
vn 0.551181 0 0.834646 
vn 0.551181 -0.834646 0 
vn 0.551181 -0.590551 0.590551 
vn 0.905512 -0.417323 0 
vn 0.905512 -0.299213 0.299213 
vn 0.992126 0.0708661 -0.0708661 
vn 0.992126 0.0944882 0 
vn 0.826772 0.566929 0 
vn 0.826772 0.401575 -0.401575 
vn 0.614173 0.787402 0.0708661 
vn 0.897638 0.267717 0.338583 
vn 0.385827 0.732283 0.566929 
vn 0.535433 0.456693 0.708661 
vn 0 0.511811 0.858268 
vn 0.535433 0.456693 0.708661 
vn 0.425197 0.188976 0.88189 
vn 0.897638 0.267717 0.338583 
vn 0.692913 -0.244094 0.677165 
vn 0 -1 0 
vn 0.826772 -0.401575 -0.401575 
vn 0.826772 -0.566929 0 
vn 0.992126 -0.0708661 -0.0708661 
vn 0.992126 -0.0944882 0 
vn 0.905512 0.417323 0 
vn 0.905512 0.299213 0.299213 
vn 0.551181 0.590551 0.590551 
vn 0.551181 0.834646 0 
vn 0.551181 0 0.834646 
vn 0.551181 0.590551 0.590551 
vn 0.905512 0 0.417323 
vn 0.905512 0.299213 0.299213 
vn 0.992126 -0.0708661 -0.0708661 
vn 0.992126 0 -0.0944882 
vn 0.826772 0 -0.566929 
vn 0.826772 -0.401575 -0.401575 
vn -0.464567 -0.629921 -0.629921 
vn 0.653543 0.606299 -0.448819 
vn 0.748031 -0.606299 0.267717 
vn 0.181102 0.448819 0.874016 
vn -0.23622 0.724409 0.645669 
vn -0.582677 0.787402 0.212598 
vn -0.748031 0.606299 -0.267717 
vn 0.370079 -0.771654 -0.511811 
vn 0.748031 -0.606299 0.267717 
vn 0.866142 -0.204724 -0.464567 
vn 0.992126 0 -0.125984 
vn 0.637795 -0.76378 -0.102362 
vn 0.519685 -0.401575 -0.748031 
vn 0.370079 -0.771654 -0.511811 
vn -0.346457 0.456693 0.818898 
vn 0.204724 0.511811 0.834646 
vn 0.535433 0.0393701 0.84252 
vn 0.685039 0.409449 0.598425 
vn 0.724409 -0.346457 0.598425 
vn 0.944882 0.212598 0.23622 
vn 0.992126 0 -0.125984 
vn 1 0 0 
vn 0.496063 -0.866142 0 
vn 0.496063 -0.866142 0 
vn 1 0 0 
vn 0.496063 0.866142 0 
vn 0.496063 0.866142 0 
vn -0.19685 0.188976 0.96063 
vn 0.173228 0.574803 0.80315 
vn 0.685039 0.409449 0.598425 
vn 0.480315 0.779528 0.401575 
vn 0.637795 0.76378 -0.0551181 
vn 0.944882 0.212598 0.23622 
vn 0.653543 0.606299 -0.448819 
vn 0.992126 0 -0.125984 
vn -0.905512 0.417323 0 
vn 0.464567 -0.629921 0.629921 
vn 0.826772 -0.401575 0.401575 
vn 0.826772 -0.566929 0 
vn 0.992126 -0.0708661 0.0708661 
vn 0.992126 -0.0944882 0 
vn 0.905512 0.417323 0 
vn 0.905512 0.299213 -0.299213 
vn 0.551181 0.590551 -0.590551 
vn 0.551181 0.834646 0 
vn 0.551181 0 -0.834646 
vn 0.551181 0.590551 -0.590551 
vn 0.905512 0.299213 -0.299213 
vn 0.905512 0 -0.417323 
vn 0.992126 -0.0708661 0.0708661 
vn 0.992126 0 0.0944882 
vn 0.826772 0 0.566929 
vn 0.826772 -0.401575 0.401575 
vn -0.496063 0.866142 0 
vn 0.496063 0.866142 0 
vn 0.496063 0.866142 0 
vn -0.496063 0.866142 0 
vn 0 -0.708661 -0.708661 
vn 0.992126 0.0708661 0.0708661 
vn 0.992126 0.0944882 0 
vn 0.826772 0.566929 0 
vn 0.826772 0.401575 0.401575 
vn 0.464567 0.889764 0 
vn 0.464567 0.629921 0.629921 
vn 0 1 0 
vn 0 0.708661 0.708661 
vn -0.464567 0.629921 0.629921 
vn -0.464567 0.889764 0 
vn -0.826772 0.401575 0.401575 
vn -0.826772 0.566929 0 
vn 0.464567 0.629921 -0.629921 
vn 0 1 0 
vn 0.464567 0.889764 0 
vn 0 0.708661 -0.708661 
vn -0.464567 0.629921 -0.629921 
vn -0.464567 0.889764 0 
vn -0.826772 0.401575 -0.401575 
vn -0.826772 0.566929 0 
vn 0 -0.708661 0.708661 
vn 0 0 -1 
vn -0.110236 -0.417323 -0.897638 
vn 0.314961 -0.0314961 -0.944882 
vn -0.102362 0.574803 -0.811024 
vn 0.559055 0.346457 -0.755906 
vn 0.653543 0.606299 -0.448819 
vn -0.0629921 0.858268 -0.503937 
vn 0 0.708661 -0.708661 
vn 0 0 1 
vn -0.181102 -0.448819 -0.874016 
vn -0.102362 0.574803 -0.811024 
vn -0.724409 0.346457 -0.598425 
vn -0.748031 0.606299 -0.267717 
vn 0.503937 0.251969 -0.826772 
vn 0.992126 0.0708661 -0.0708661 
vn 0.992126 0.0944882 0 
vn 0.826772 0.566929 0 
vn 0.826772 0.401575 -0.401575 
vn 0.614173 0.787402 0.0708661 
vn 0.385827 0.732283 0.566929 
vn 0.0393701 0.448819 0.897638 
vn -0.748031 0.606299 -0.267717 
vn -0.370079 0.771654 0.511811 
vn -0.0629921 0.858268 -0.503937 
vn -0.637795 0.76378 0.102362 
vn -0.015748 0.992126 -0.110236 
vn 0.0393701 0.929134 0.370079 
vn -0.370079 0.771654 0.511811 
vn 0.0944882 0.598425 0.795276 
vn 0.023622 0.574803 0.818898 
vn 0.125984 0.0708661 0.992126 
vn 0.992126 -0.0708661 -0.0708661 
vn 0.905512 0.299213 0.299213 
vn 0.551181 0.590551 0.590551 
vn 0.551181 0.834646 0 
vn 0 0.708661 0.708661 
vn 0 1 0 
vn -0.464567 -0.629921 -0.629921 
vn 0.653543 0.606299 -0.448819 
vn -0.0629921 0.858268 -0.503937 
vn 0 1 0.015748 
vn 0.614173 0.787402 0.0708661 
vn 0.385827 0.732283 0.566929 
vn 0.0629921 0.84252 0.535433 
vn 0.0629921 0.84252 0.535433 
vn -0.23622 0.724409 0.645669 
vn 0 1 0.015748 
vn -0.582677 0.787402 0.212598 
vn -0.748031 0.606299 -0.267717 
vn -0.582677 0.787402 0.212598 
vn -0.787402 0.267717 0.551181 
vn -0.23622 0.724409 0.645669 
vn -0.346457 0.456693 0.818898 
vn -0.19685 0.188976 0.96063 
vn 0.173228 0.574803 0.80315 
vn 0.653543 0.606299 -0.448819 
vn 0.637795 0.76378 -0.0551181 
vn -0.015748 0.992126 -0.110236 
vn 0.0393701 0.929134 0.370079 
vn 0.480315 0.779528 0.401575 
vn 0.0944882 0.598425 0.795276 
vn 0.173228 0.574803 0.80315 
vn 0 0.708661 0.708661 
vn -0.551181 0.834646 0 
vn 0 1 0 
vn -0.551181 0.590551 0.590551 
vn -0.905512 0.417323 0 
vn -0.905512 0.299213 0.299213 
vn -0.551181 0.834646 0 
vn -0.551181 0.590551 -0.590551 
vn -0.992126 -0.0708661 0.0708661 
vn 0.992126 -0.0708661 0.0708661 
vn 0.905512 0.299213 -0.299213 
vn 0.551181 0.590551 -0.590551 
vn 0.551181 0.834646 0 
vn 0 0.708661 -0.708661 
vn 0 -0.708661 -0.708661 
vn 0.992126 0.0708661 0.0708661 
vn 0 0.708661 0.708661 
vn 0 -0.708661 0.708661 
vn -0.551181 0 0.834646 
vn 0 0 1 
vn -0.551181 -0.590551 0.590551 
vn -0.905512 -0.299213 0.299213 
vn 0 0 -1 
vn 0.110236 -0.464567 0.88189 
vn -0.503937 -0.251969 0.826772 
vn -0.653543 -0.606299 0.448819 
vn 0.0629921 -0.858268 0.503937 
vn 0 -1 -0.015748 
vn 0.992126 0 -0.125984 
vn -0.992126 0 0.125984 
vn -0.992126 -0.0708661 0.0708661 
vn -0.992126 0 0.0944882 
vn -0.992126 0.0708661 0.0708661 
vn -0.992126 0 0.0944882 
vn -0.826772 0 0.566929 
vn -0.826772 0.401575 0.401575 
vn -0.464567 0 0.889764 
vn -0.464567 0.629921 0.629921 
vn 0 0 1 
vn 0.464567 0.629921 0.629921 
vn 0.464567 0 0.889764 
vn 0.826772 0.401575 0.401575 
vn 0.826772 0 0.566929 
vn 0.992126 0 0.0944882 
vn 0.748031 -0.606299 0.267717 
vn 0.110236 -0.464567 0.88189 
vn 0.582677 -0.787402 -0.212598 
vn -0.748031 0.606299 -0.267717 
vn -0.992126 0 0.125984 
vn 0.992126 0 -0.125984 
vn -0.653543 -0.606299 0.448819 
vn 0.905512 -0.299213 0.299213 
vn 0.551181 -0.590551 0.590551 
vn 0.551181 0 0.834646 
vn 0 -0.708661 0.708661 
vn 0 0 1 
vn 0.614173 0.787402 0.0708661 
vn 0.385827 0.732283 0.566929 
vn 0.535433 0.456693 0.708661 
vn 0 0.511811 0.858268 
vn 0.0393701 0.448819 0.897638 
vn -0.314961 0.0314961 0.944882 
vn -0.519685 0.401575 0.748031 
vn -0.559055 -0.346457 0.755906 
vn -0.866142 0.204724 0.464567 
vn -0.653543 -0.606299 0.448819 
vn -0.519685 0.401575 0.748031 
vn -0.370079 0.771654 0.511811 
vn 0.023622 0.574803 0.818898 
vn 0 0.511811 0.858268 
vn 0.535433 0.456693 0.708661 
vn 0.425197 0.188976 0.88189 
vn -0.015748 0.992126 -0.110236 
vn 0.0393701 0.929134 0.370079 
vn -0.370079 0.771654 0.511811 
vn 0.0944882 0.598425 0.795276 
vn 0.023622 0.574803 0.818898 
vn 0.125984 0.0708661 0.992126 
vn 0.425197 0.188976 0.88189 
vn 0.692913 -0.244094 0.677165 
vn 0.992126 -0.0708661 -0.0708661 
vn 0 0.708661 0.708661 
vn 0.551181 0 0.834646 
vn 0.551181 0.590551 0.590551 
vn 0.905512 0.299213 0.299213 
vn -0.464567 -0.629921 -0.629921 
vn 0.385827 0.732283 0.566929 
vn 0.0629921 0.84252 0.535433 
vn 0.0393701 0.448819 0.897638 
vn 0.110236 0.417323 0.897638 
vn -0.314961 0.0314961 0.944882 
vn 0.125984 -0.11811 0.984252 
vn 0.102362 -0.574803 0.811024 
vn -0.559055 -0.346457 0.755906 
vn 0.748031 -0.606299 0.267717 
vn 0.102362 -0.574803 0.811024 
vn 0.724409 -0.346457 0.598425 
vn 0.535433 0.0393701 0.84252 
vn 0.125984 -0.11811 0.984252 
vn 0.181102 0.448819 0.874016 
vn 0.110236 0.417323 0.897638 
vn 0.0629921 0.84252 0.535433 
vn -0.23622 0.724409 0.645669 
vn -0.582677 0.787402 0.212598 
vn 0.370079 -0.771654 -0.511811 
vn -0.582677 0.787402 0.212598 
vn -0.23622 0.724409 0.645669 
vn -0.346457 0.456693 0.818898 
vn 0.204724 0.511811 0.834646 
vn 0.181102 0.448819 0.874016 
vn 0.535433 0.0393701 0.84252 
vn 0.685039 0.409449 0.598425 
vn -0.503937 -0.251969 0.826772 
vn -0.787402 0.267717 0.551181 
vn -0.19685 0.188976 0.96063 
vn -0.346457 0.456693 0.818898 
vn 0.204724 0.511811 0.834646 
vn 0.173228 0.574803 0.80315 
vn 0.685039 0.409449 0.598425 
vn 0.480315 0.779528 0.401575 
vn 0.0393701 0.929134 0.370079 
vn 0.480315 0.779528 0.401575 
vn 0.0944882 0.598425 0.795276 
vn 0.173228 0.574803 0.80315 
vn 0.125984 0.0708661 0.992126 
vn -0.19685 0.188976 0.96063 
vn -0.905512 0.299213 0.299213 
vn -0.551181 0.590551 0.590551 
vn -0.551181 0 0.834646 
vn 0 0.708661 0.708661 
vn 0 -0.708661 0.708661 
vn 0.992126 -0.0708661 0.0708661 
vn 0.826772 0 0.566929 
vn 0.826772 -0.401575 0.401575 
vn 0.464567 0 0.889764 
vn 0.464567 -0.629921 0.629921 
vn -0.464567 -0.629921 0.629921 
vn -0.464567 0 0.889764 
vn -0.826772 -0.401575 0.401575 
vn -0.826772 0 0.566929 
vn 0 -0.708661 -0.708661 
vn 0 1 0 
vn 0 0.708661 0.708661 
vn -0.464567 0.889764 0 
vn -0.826772 0.401575 0.401575 
vn -0.826772 0.566929 0 
vn -0.992126 0.0708661 0.0708661 
vn -0.992126 0.0944882 0 
vn -0.905512 -0.417323 0 
vn -0.905512 -0.299213 -0.299213 
vn -0.551181 -0.590551 -0.590551 
vn -0.551181 -0.834646 0 
vn 0 -0.708661 -0.708661 
vn 0 -1 0 
vn 0 0.708661 -0.708661 
vn -0.464567 0.629921 -0.629921 
vn -0.464567 0.889764 0 
vn -0.826772 0.401575 -0.401575 
vn -0.826772 0.566929 0 
vn -0.992126 0.0708661 -0.0708661 
vn -0.992126 0.0944882 0 
vn -0.905512 -0.417323 0 
vn -0.905512 -0.299213 0.299213 
vn -0.551181 -0.590551 0.590551 
vn -0.551181 -0.834646 0 
vn 0 -0.708661 0.708661 
vn 0 -1 0 
vn -0.551181 0 0.834646 
vn -0.551181 -0.590551 0.590551 
vn -0.905512 0 0.417323 
vn -0.905512 -0.299213 0.299213 
vn -0.992126 0.0708661 -0.0708661 
vn -0.992126 0 -0.0944882 
vn -0.826772 0 -0.566929 
vn -0.826772 0.401575 -0.401575 
vn -0.464567 0.629921 -0.629921 
vn 0 0 -1 
vn -0.653543 -0.606299 0.448819 
vn -0.385827 -0.732283 -0.566929 
vn 0.314961 -0.0314961 -0.944882 
vn 0 -0.511811 -0.858268 
vn -0.385827 -0.732283 -0.566929 
vn -0.535433 -0.456693 -0.708661 
vn -0.897638 -0.267717 -0.338583 
vn -0.614173 -0.787402 -0.0708661 
vn -0.992126 0 0.125984 
vn -1 0 0 
vn -0.496063 0.866142 0 
vn -0.496063 0.866142 0 
vn -1 0 0 
vn -0.992126 -0.0708661 0.0708661 
vn -0.992126 0 0.0944882 
vn -0.905512 0 -0.417323 
vn -0.905512 0.299213 -0.299213 
vn -0.551181 0 -0.834646 
vn -0.551181 0.590551 -0.590551 
vn 0 0.708661 -0.708661 
vn 0 0 -1 
vn -0.551181 0 -0.834646 
vn -0.551181 -0.590551 -0.590551 
vn -0.905512 -0.299213 -0.299213 
vn -0.905512 0 -0.417323 
vn -0.992126 0.0708661 0.0708661 
vn -0.992126 0 0.0944882 
vn -0.826772 0 0.566929 
vn -0.826772 0.401575 0.401575 
vn 0 0 1 
vn -0.181102 -0.448819 -0.874016 
vn -0.748031 0.606299 -0.267717 
vn -0.992126 0 0.125984 
vn -0.944882 -0.212598 -0.23622 
vn -0.724409 0.346457 -0.598425 
vn -0.685039 -0.409449 -0.598425 
vn -0.535433 -0.0393701 -0.84252 
vn -0.204724 -0.511811 -0.834646 
vn -0.653543 -0.606299 0.448819 
vn -0.944882 -0.212598 -0.23622 
vn -0.637795 -0.76378 0.0551181 
vn -0.685039 -0.409449 -0.598425 
vn -0.480315 -0.779528 -0.401575 
vn -0.173228 -0.574803 -0.80315 
vn 0.992126 0.0708661 -0.0708661 
vn 0 0.511811 0.858268 
vn -0.314961 0.0314961 0.944882 
vn -0.519685 0.401575 0.748031 
vn -0.559055 -0.346457 0.755906 
vn -0.866142 0.204724 0.464567 
vn -0.653543 -0.606299 0.448819 
vn -0.992126 0 0.125984 
vn -0.748031 0.606299 -0.267717 
vn -0.866142 0.204724 0.464567 
vn -0.637795 0.76378 0.102362 
vn -0.519685 0.401575 0.748031 
vn -0.370079 0.771654 0.511811 
vn 0 -1 0 
vn 0.992126 -0.0708661 -0.0708661 
vn -0.464567 -0.629921 -0.629921 
vn -0.826772 -0.401575 -0.401575 
vn -0.826772 0 -0.566929 
vn -0.992126 -0.0708661 -0.0708661 
vn -0.992126 0 -0.0944882 
vn -0.23622 0.724409 0.645669 
vn -0.582677 0.787402 0.212598 
vn -0.748031 0.606299 -0.267717 
vn 0.370079 -0.771654 -0.511811 
vn -0.535433 -0.456693 -0.708661 
vn -0.425197 -0.188976 -0.88189 
vn -0.897638 -0.267717 -0.338583 
vn -0.692913 0.244094 -0.677165 
vn -0.992126 0 0.125984 
vn -0.582677 0.787402 0.212598 
vn -0.787402 0.267717 0.551181 
vn -0.346457 0.456693 0.818898 
vn -0.503937 -0.251969 0.826772 
vn -0.787402 0.267717 0.551181 
vn -0.19685 0.188976 0.96063 
vn -0.905512 0 0.417323 
vn -0.905512 0.299213 0.299213 
vn -0.551181 0.590551 0.590551 
vn -0.551181 0 0.834646 
vn -0.551181 0.834646 0 
vn -0.551181 0.590551 0.590551 
vn -0.905512 0.417323 0 
vn -0.905512 0.299213 0.299213 
vn -0.992126 -0.0708661 -0.0708661 
vn -0.992126 -0.0944882 0 
vn -0.826772 -0.566929 0 
vn -0.826772 -0.401575 -0.401575 
vn -0.464567 -0.629921 -0.629921 
vn -0.551181 0.834646 0 
vn -0.551181 0.590551 -0.590551 
vn -0.905512 0.417323 0 
vn -0.905512 0.299213 -0.299213 
vn -0.992126 -0.0708661 0.0708661 
vn -0.992126 -0.0944882 0 
vn -0.826772 -0.566929 0 
vn -0.826772 -0.401575 0.401575 
vn 0 -0.708661 0.708661 
vn -0.496063 -0.866142 0 
vn -1 0 0 
vn -1 0 0 
vn -0.496063 -0.866142 0 
vn -0.826772 -0.401575 0.401575 
vn -0.826772 0 0.566929 
vn 0 -1 0 
vn 0.551181 -0.834646 0 
vn 0 -0.708661 -0.708661 
vn 0.551181 -0.590551 -0.590551 
vn 0.905512 -0.299213 -0.299213 
vn -0.551181 -0.590551 -0.590551 
vn -0.551181 -0.834646 0 
vn 0 -0.708661 -0.708661 
vn 0 -1 0 
vn -0.992126 0.0944882 0 
vn -0.905512 -0.299213 0.299213 
vn -0.551181 -0.590551 0.590551 
vn -0.551181 -0.834646 0 
vn 0 -0.708661 0.708661 
vn 0 -1 0 
vn -0.653543 -0.606299 0.448819 
vn 0.0629921 -0.858268 0.503937 
vn 0 -1 -0.015748 
vn -0.614173 -0.787402 -0.0708661 
vn -0.385827 -0.732283 -0.566929 
vn -0.0629921 -0.84252 -0.535433 
vn -0.110236 -0.417323 -0.897638 
vn 0.314961 -0.0314961 -0.944882 
vn 0.748031 -0.606299 0.267717 
vn 0 -1 -0.015748 
vn 0.582677 -0.787402 -0.212598 
vn 0.23622 -0.724409 -0.645669 
vn -0.0629921 -0.84252 -0.535433 
vn -0.181102 -0.448819 -0.874016 
vn -0.748031 0.606299 -0.267717 
vn 0.23622 -0.724409 -0.645669 
vn 0.346457 -0.456693 -0.818898 
vn 0.787402 -0.267717 -0.551181 
vn 0.582677 -0.787402 -0.212598 
vn -0.653543 -0.606299 0.448819 
vn -0.480315 -0.779528 -0.401575 
vn -0.173228 -0.574803 -0.80315 
vn 0 -0.708661 0.708661 
vn 0.551181 -0.834646 0 
vn 0 -1 0 
vn 0.551181 -0.590551 0.590551 
vn 0.905512 -0.299213 0.299213 
vn -0.314961 0.0314961 0.944882 
vn -0.866142 0.204724 0.464567 
vn -0.653543 -0.606299 0.448819 
vn 0.125984 0.0708661 0.992126 
vn 0.464567 -0.629921 -0.629921 
vn 0 -1 0 
vn 0 -0.708661 -0.708661 
vn 0.464567 -0.889764 0 
vn 0.826772 -0.401575 -0.401575 
vn 0.826772 -0.566929 0 
vn 0.992126 -0.0708661 -0.0708661 
vn 0.992126 -0.0944882 0 
vn -0.464567 -0.629921 -0.629921 
vn 0.0629921 -0.858268 0.503937 
vn -0.637795 -0.76378 0.0551181 
vn 0.015748 -0.992126 0.110236 
vn -0.0393701 -0.929134 -0.370079 
vn -0.480315 -0.779528 -0.401575 
vn -0.0944882 -0.598425 -0.795276 
vn -0.173228 -0.574803 -0.80315 
vn 0.102362 -0.574803 0.811024 
vn -0.559055 -0.346457 0.755906 
vn 0.0629921 -0.858268 0.503937 
vn 0.748031 -0.606299 0.267717 
vn 0.102362 -0.574803 0.811024 
vn 0.724409 -0.346457 0.598425 
vn -0.23622 0.724409 0.645669 
vn -0.748031 0.606299 -0.267717 
vn -0.023622 -0.574803 -0.818898 
vn -0.0944882 -0.598425 -0.795276 
vn 0.370079 -0.771654 -0.511811 
vn -0.0393701 -0.929134 -0.370079 
vn 0.637795 -0.76378 -0.102362 
vn 0.015748 -0.992126 0.110236 
vn 0.748031 -0.606299 0.267717 
vn -0.19685 0.188976 0.96063 
vn -0.905512 0.417323 0 
vn -0.992126 -0.0944882 0 
vn -0.826772 -0.566929 0 
vn -0.826772 -0.401575 -0.401575 
vn -0.464567 -0.889764 0 
vn -0.464567 -0.629921 -0.629921 
vn -0.992126 -0.0708661 0.0708661 
vn -0.992126 -0.0944882 0 
vn -0.826772 -0.566929 0 
vn -0.826772 -0.401575 0.401575 
vn -0.464567 -0.889764 0 
vn -0.464567 -0.629921 0.629921 
vn 0 -0.708661 0.708661 
vn 0.464567 -0.629921 0.629921 
vn 0.464567 -0.889764 0 
vn 0.826772 -0.401575 0.401575 
vn 0.826772 -0.566929 0 
vn 0.992126 -0.0708661 0.0708661 
vn 0.992126 -0.0944882 0 
vn 0.496063 -0.866142 0 
vn -0.496063 -0.866142 0 
vn -0.496063 -0.866142 0 
vn 0.496063 -0.866142 0 
vn 0 0 -1 
vn 0 0 -1 
vn 0 0 -1 
vn 0 0 -1 
vn 0 0 -1 
vn 0 0 -1 
vn 0 -0.708661 -0.708661 
vn 0 -0.708661 -0.708661 
vn 0 0.708661 -0.708661 
vn 0 -0.708661 0.708661 
vn -0.992126 0 -0.0944882 
vn -0.826772 0 -0.566929 
vn -0.826772 0.401575 -0.401575 
vn -0.464567 0 -0.889764 
vn -0.464567 0.629921 -0.629921 
vn 0 0 -1 
vn 0.110236 -0.464567 0.88189 
vn -0.653543 -0.606299 0.448819 
vn 0 -1 -0.015748 
vn -0.385827 -0.732283 -0.566929 
vn -0.0629921 -0.84252 -0.535433 
vn -0.0393701 -0.448819 -0.897638 
vn -0.110236 -0.417323 -0.897638 
vn 0.314961 -0.0314961 -0.944882 
vn -0.125984 0.11811 -0.984252 
vn -0.102362 0.574803 -0.811024 
vn 0.559055 0.346457 -0.755906 
vn 0.653543 0.606299 -0.448819 
vn 0.866142 -0.204724 -0.464567 
vn 0.992126 0 -0.125984 
vn 0.559055 0.346457 -0.755906 
vn 0.519685 -0.401575 -0.748031 
vn 0.314961 -0.0314961 -0.944882 
vn 0 -0.511811 -0.858268 
vn -0.0393701 -0.448819 -0.897638 
vn -0.385827 -0.732283 -0.566929 
vn -0.535433 -0.456693 -0.708661 
vn -0.551181 0 -0.834646 
vn -0.551181 0.590551 -0.590551 
vn 0 0.708661 -0.708661 
vn 0 0 -1 
vn -0.551181 0 -0.834646 
vn -0.551181 -0.590551 -0.590551 
vn 0.905512 -0.299213 -0.299213 
vn 0.551181 0 -0.834646 
vn 0.551181 -0.590551 -0.590551 
vn 0 0 -1 
vn 0.582677 -0.787402 -0.212598 
vn 0.23622 -0.724409 -0.645669 
vn -0.0629921 -0.84252 -0.535433 
vn -0.181102 -0.448819 -0.874016 
vn -0.110236 -0.417323 -0.897638 
vn -0.125984 0.11811 -0.984252 
vn -0.535433 -0.0393701 -0.84252 
vn -0.102362 0.574803 -0.811024 
vn -0.724409 0.346457 -0.598425 
vn -0.748031 0.606299 -0.267717 
vn -0.992126 0 0.125984 
vn -0.685039 -0.409449 -0.598425 
vn -0.535433 -0.0393701 -0.84252 
vn -0.204724 -0.511811 -0.834646 
vn -0.181102 -0.448819 -0.874016 
vn 0.23622 -0.724409 -0.645669 
vn 0.346457 -0.456693 -0.818898 
vn 0.582677 -0.787402 -0.212598 
vn 0.992126 0 -0.125984 
vn -0.685039 -0.409449 -0.598425 
vn -0.480315 -0.779528 -0.401575 
vn -0.173228 -0.574803 -0.80315 
vn -0.204724 -0.511811 -0.834646 
vn 0.19685 -0.188976 -0.96063 
vn 0.346457 -0.456693 -0.818898 
vn 0.787402 -0.267717 -0.551181 
vn 0.503937 0.251969 -0.826772 
vn 0.464567 0.629921 -0.629921 
vn 0.464567 0 -0.889764 
vn 0.826772 0.401575 -0.401575 
vn 0.826772 0 -0.566929 
vn 0.992126 0 -0.0944882 
vn 0.614173 0.787402 0.0708661 
vn -0.015748 0.992126 -0.110236 
vn 0 -0.708661 -0.708661 
vn 0.992126 -0.0708661 -0.0708661 
vn 0.992126 0 -0.0944882 
vn 0.826772 0 -0.566929 
vn 0.826772 -0.401575 -0.401575 
vn 0.464567 0 -0.889764 
vn 0.464567 -0.629921 -0.629921 
vn -0.464567 -0.629921 -0.629921 
vn -0.464567 0 -0.889764 
vn -0.826772 -0.401575 -0.401575 
vn -0.826772 0 -0.566929 
vn -0.992126 0 -0.0944882 
vn 0.653543 0.606299 -0.448819 
vn -0.0393701 -0.929134 -0.370079 
vn -0.480315 -0.779528 -0.401575 
vn -0.0944882 -0.598425 -0.795276 
vn -0.173228 -0.574803 -0.80315 
vn -0.125984 -0.0708661 -0.992126 
vn 0.19685 -0.188976 -0.96063 
vn 0.503937 0.251969 -0.826772 
vn -0.110236 0.464567 -0.88189 
vn -0.0629921 0.858268 -0.503937 
vn 0.181102 0.448819 0.874016 
vn -0.23622 0.724409 0.645669 
vn -0.582677 0.787402 0.212598 
vn -0.748031 0.606299 -0.267717 
vn -0.110236 0.464567 -0.88189 
vn -0.692913 0.244094 -0.677165 
vn -0.125984 -0.0708661 -0.992126 
vn -0.425197 -0.188976 -0.88189 
vn -0.023622 -0.574803 -0.818898 
vn -0.0944882 -0.598425 -0.795276 
vn 0.370079 -0.771654 -0.511811 
vn -0.0393701 -0.929134 -0.370079 
vn 0.519685 -0.401575 -0.748031 
vn 0.370079 -0.771654 -0.511811 
vn -0.023622 -0.574803 -0.818898 
vn 0 -0.511811 -0.858268 
vn -0.535433 -0.456693 -0.708661 
vn -0.425197 -0.188976 -0.88189 
vn -0.905512 0.417323 0 
vn 0.992126 -0.0708661 0.0708661 
vn 0 0.708661 -0.708661 
vn 0.551181 0 -0.834646 
vn 0.551181 0.590551 -0.590551 

vt 60.0026 -32.9681 
vt 60.0006 -32.9693 
vt 60.0003 -32.969 
vt 60.0026 -32.9671 
vt 59.9996 -32.9683 
vt 59.9986 -32.9674 
vt 60.0026 -32.9657 
vt 60.0026 -32.9644 
vt 59.9977 -32.9664 
vt 59.9971 -32.9658 
vt 60.0026 -32.9632 
vt 59.9968 -32.9656 
vt 60.0084 -32.9656 
vt 60.0046 -32.9693 
vt 60.0108 -32.9713 
vt 59.9701 -33.024 
vt 59.9683 -33.0218 
vt 59.9802 -33.0023 
vt 59.9791 -33.0016 
vt 59.9694 -33.0227 
vt 59.9813 -33.003 
vt 59.9701 -33.024 
vt 59.9818 -33.0034 
vt 59.9782 -33.0016 
vt 59.9944 -32.9713 
vt 59.9971 -32.9658 
vt 59.9977 -32.9664 
vt 59.9957 -32.9713 
vt 59.9986 -32.9674 
vt 59.997 -32.9713 
vt 59.9983 -32.9713 
vt 59.9996 -32.9683 
vt 59.9993 -32.9713 
vt 60.0003 -32.969 
vt 59.9722 -33.026 
vt 59.9741 -33.0217 
vt 59.9907 -33.0032 
vt 59.9908 -33.0031 
vt 59.9899 -33.0024 
vt 59.9741 -33.0267 
vt 59.9882 -33.0013 
vt 59.9981 -32.9811 
vt 59.9899 -33.0024 
vt 60.0027 -32.9781 
vt 60.0075 -32.9664 
vt 60.0095 -32.9713 
vt 60.0066 -32.9674 
vt 60.0082 -32.9713 
vt 60.0069 -32.9713 
vt 60.0056 -32.9683 
vt 60.0049 -32.969 
vt 60.0059 -32.9713 
vt 60.0026 -32.9681 
vt 60.0049 -32.969 
vt 60.0026 -32.9671 
vt 60.0056 -32.9683 
vt 60.0066 -32.9674 
vt 60.0026 -32.9657 
vt 60.0026 -32.9644 
vt 60.0075 -32.9664 
vt 59.9992 -32.9761 
vt 59.9864 -33.0003 
vt 59.9974 -32.9764 
vt 59.985 -32.9996 
vt 59.9846 -32.9995 
vt 59.985 -32.9996 
vt 59.9699 -33.0229 
vt 59.9864 -33.0003 
vt 59.9706 -33.0246 
vt 60.0026 -32.9795 
vt 60.0075 -32.9762 
vt 60.0026 -32.9783 
vt 60.0066 -32.9753 
vt 60.0026 -32.977 
vt 60.0026 -32.9756 
vt 60.0056 -32.9744 
vt 60.0049 -32.9736 
vt 60.0026 -32.9746 
vt 60.0059 -32.9713 
vt 60.0049 -32.9736 
vt 60.0069 -32.9713 
vt 60.0056 -32.9744 
vt 60.0066 -32.9753 
vt 60.0082 -32.9713 
vt 60.0095 -32.9713 
vt 60.0075 -32.9762 
vt 60.0081 -32.9769 
vt 60.0013 -32.9767 
vt 59.9922 -32.9813 
vt 59.9899 -32.9777 
vt 59.9907 -32.9765 
vt 59.9923 -32.9762 
vt 59.9942 -32.9769 
vt 59.9949 -32.9819 
vt 59.9922 -32.9813 
vt 59.9802 -33.0023 
vt 59.9791 -33.0016 
vt 59.9935 -32.9818 
vt 59.9813 -33.003 
vt 59.9949 -32.9819 
vt 59.9756 -32.9999 
vt 59.9756 -32.9997 
vt 59.9902 -32.9791 
vt 59.9765 -33.0002 
vt 59.9911 -32.9804 
vt 59.9778 -33.0009 
vt 59.9791 -33.0016 
vt 60.0391 -32.9711 
vt 60.0078 -32.9725 
vt 60.0391 -32.9725 
vt 60.0078 -32.9711 
vt 60.0391 -32.9698 
vt 60.0078 -32.9698 
vt 59.9632 -33.0231 
vt 59.9639 -33.0218 
vt 59.9765 -33.0002 
vt 59.9654 -33.0211 
vt 59.967 -33.0213 
vt 59.9778 -33.0009 
vt 59.9683 -33.0218 
vt 59.9791 -33.0016 
vt 60.0026 -32.9756 
vt 59.9971 -32.9769 
vt 59.9977 -32.9762 
vt 60.0026 -32.9783 
vt 59.9986 -32.9753 
vt 60.0026 -32.977 
vt 60.0026 -32.9756 
vt 59.9996 -32.9744 
vt 60.0003 -32.9736 
vt 60.0026 -32.9746 
vt 59.9993 -32.9713 
vt 60.0003 -32.9736 
vt 59.9996 -32.9744 
vt 59.9983 -32.9713 
vt 59.9986 -32.9753 
vt 59.997 -32.9713 
vt 59.9957 -32.9713 
vt 59.9977 -32.9762 
vt 60.0027 -33.0391 
vt 60.0011 -33.0078 
vt 60.0011 -33.0391 
vt 60.0027 -33.0078 
vt 60.0018 -33.0006 
vt 59.9992 -32.9986 
vt 59.9992 -33.0026 
vt 59.9996 -33.0026 
vt 59.9996 -32.9977 
vt 60.0006 -33.0026 
vt 60.0006 -32.9971 
vt 60.0018 -33.0026 
vt 60.0018 -32.9968 
vt 60.0031 -32.9971 
vt 60.0031 -33.0026 
vt 60.0041 -32.9977 
vt 60.0041 -33.0026 
vt 60.0006 -33.0081 
vt 60.0018 -33.0026 
vt 60.0006 -33.0026 
vt 60.0018 -33.0084 
vt 60.0031 -33.0081 
vt 60.0031 -33.0026 
vt 60.0041 -33.0075 
vt 60.0041 -33.0026 
vt 60.0018 -33.0046 
vt 60.0018 -33.0108 
vt 59.998 -32.9679 
vt 60.0229 -32.9701 
vt 59.9979 -32.9673 
vt 60.0222 -32.9694 
vt 60.0219 -32.9683 
vt 59.9978 -32.9663 
vt 60.0018 -33.0006 
vt 60.0018 -32.9944 
vt 59.9732 -32.9764 
vt 59.9979 -32.9673 
vt 59.975 -32.9753 
vt 59.975 -32.9741 
vt 59.974 -33.0027 
vt 59.9992 -33.0066 
vt 59.9992 -33.0026 
vt 59.9996 -33.0026 
vt 59.9996 -33.0075 
vt 59.9736 -32.9992 
vt 59.9745 -32.9974 
vt 59.9759 -32.9963 
vt 59.975 -32.9741 
vt 59.9738 -32.9714 
vt 59.9978 -32.9663 
vt 59.9747 -32.9729 
vt 59.9976 -32.9649 
vt 59.9974 -32.9633 
vt 59.9738 -32.9714 
vt 59.9972 -32.9617 
vt 59.9725 -32.9703 
vt 59.9971 -32.9609 
vt 59.9992 -33.0066 
vt 59.9995 -33.0056 
vt 60.0005 -33.0049 
vt 60.0005 -33.0026 
vt 60.0018 -33.0046 
vt 60.0018 -33.0026 
vt 60.0031 -33.0081 
vt 59.9734 -33.0013 
vt 60.0027 -33.0037 
vt 60.0024 -33.0017 
vt 59.9736 -32.9992 
vt 59.9745 -32.9974 
vt 60.0022 -32.9997 
vt 60.0022 -32.9997 
vt 60.0283 -32.9907 
vt 60.0024 -33.0017 
vt 60.0297 -32.9923 
vt 60.0303 -32.9942 
vt 60.0297 -32.9923 
vt 60.0394 -32.9765 
vt 60.0283 -32.9907 
vt 60.0377 -32.9756 
vt 60.0247 -32.9632 
vt 60.0234 -32.9639 
vt 60.0219 -32.9683 
vt 60.0219 -32.967 
vt 59.9976 -32.9649 
vt 59.9974 -32.9633 
vt 60.0224 -32.9654 
vt 59.9972 -32.9617 
vt 60.0234 -32.9639 
vt 60.0018 -33.0046 
vt 60.0032 -33.0026 
vt 60.0018 -33.0026 
vt 60.0032 -33.0049 
vt 60.0042 -33.0026 
vt 60.0042 -33.0056 
vt 60.0032 -33.0026 
vt 60.0032 -33.0003 
vt 60.0045 -32.9986 
vt 59.9992 -32.9986 
vt 59.9995 -32.9996 
vt 60.0005 -33.0003 
vt 60.0005 -33.0026 
vt 60.0018 -33.0006 
vt 59.9982 -32.9693 
vt 60.0008 -32.9674 
vt 59.9982 -32.9656 
vt 59.9982 -32.9693 
vt 59.9968 -32.9713 
vt 59.9982 -32.9713 
vt 59.9968 -32.969 
vt 59.9958 -32.9683 
vt 59.9982 -32.9713 
vt 60.0028 -33.0348 
vt 59.974 -33.0248 
vt 59.9734 -33.0262 
vt 60.0027 -33.0363 
vt 60.0024 -33.0368 
vt 59.9669 -33.0016 
vt 59.9598 -33.0016 
vt 59.9955 -32.9753 
vt 59.9955 -32.9713 
vt 59.9955 -32.9674 
vt 59.9955 -32.9713 
vt 59.9959 -32.9713 
vt 59.9959 -32.9664 
vt 59.9969 -32.9713 
vt 59.9969 -32.9658 
vt 59.9982 -32.9713 
vt 59.9994 -32.9658 
vt 59.9994 -32.9713 
vt 60.0004 -32.9664 
vt 60.0004 -32.9713 
vt 60.0008 -32.9713 
vt 60.0303 -33.026 
vt 60.0028 -33.0348 
vt 60.0297 -33.0267 
vt 60.025 -33.0217 
vt 60.0331 -33.0014 
vt 60.0402 -33.0013 
vt 60.0219 -32.9811 
vt 60.0005 -32.9683 
vt 59.9995 -32.969 
vt 59.9995 -32.9713 
vt 59.9982 -32.9693 
vt 59.9982 -32.9713 
vt 60.0264 -32.9761 
vt 60.0255 -32.9764 
vt 60.0384 -32.9996 
vt 60.0364 -32.9995 
vt 60.0241 -32.9775 
vt 60.0229 -32.979 
vt 60.0346 -32.9999 
vt 60.0222 -32.9802 
vt 60.0335 -33.0006 
vt 60.0219 -32.9811 
vt 60.0346 -32.9999 
vt 60.0262 -33.021 
vt 60.0275 -33.0216 
vt 60.0364 -32.9995 
vt 60.0384 -32.9996 
vt 60.029 -33.0229 
vt 60.0024 -33.0297 
vt 60.0026 -33.0298 
vt 60.0262 -33.021 
vt 60.0028 -33.0308 
vt 60.0275 -33.0216 
vt 60.0029 -33.0327 
vt 60.029 -33.0229 
vt 60.0301 -33.0246 
vt 60.0008 -32.9753 
vt 59.9982 -32.9734 
vt 59.9995 -32.9713 
vt 59.9995 -32.9736 
vt 60.0005 -32.9744 
vt 59.9969 -32.9769 
vt 60.0255 -32.9764 
vt 59.9978 -32.9668 
vt 60.0241 -32.9775 
vt 59.998 -32.9684 
vt 60.0229 -32.979 
vt 59.998 -32.9703 
vt 59.9979 -32.9718 
vt 60.0222 -32.9802 
vt 59.975 -32.9813 
vt 59.9979 -32.9718 
vt 59.975 -32.9804 
vt 59.9744 -32.9791 
vt 59.998 -32.9703 
vt 59.9732 -32.9777 
vt 59.998 -32.9684 
vt 59.9978 -32.9668 
vt 59.9717 -32.9765 
vt 59.9703 -32.9762 
vt 59.9738 -32.9819 
vt 59.9703 -32.9762 
vt 59.9717 -32.9765 
vt 59.9623 -32.9999 
vt 59.9644 -32.9997 
vt 59.9732 -32.9777 
vt 59.9744 -32.9791 
vt 59.966 -33.0002 
vt 59.974 -33.0248 
vt 59.9606 -33.0006 
vt 59.9753 -33.0231 
vt 59.9623 -32.9999 
vt 59.9644 -32.9997 
vt 59.9766 -33.0218 
vt 59.966 -33.0002 
vt 59.9776 -33.0211 
vt 60.0026 -33.0298 
vt 59.9776 -33.0211 
vt 60.0028 -33.0308 
vt 59.9766 -33.0218 
vt 60.0029 -33.0327 
vt 59.9753 -33.0231 
vt 59.9958 -32.9744 
vt 59.9968 -32.9736 
vt 59.9968 -32.9713 
vt 59.9982 -32.9734 
vt 59.9982 -32.9771 
vt 60.0008 -32.9753 
vt 60.0004 -32.9713 
vt 60.0004 -32.9762 
vt 59.9994 -32.9713 
vt 59.9994 -32.9769 
vt 59.9969 -32.9769 
vt 59.9969 -32.9713 
vt 59.9959 -32.9762 
vt 59.9959 -32.9713 
vt 59.9994 -32.9693 
vt 59.9974 -32.9632 
vt 60.0032 -32.9656 
vt 59.9974 -32.9635 
vt 60.0023 -32.9664 
vt 59.9974 -32.9644 
vt 60.0014 -32.9674 
vt 59.9974 -32.9657 
vt 59.9974 -32.9671 
vt 60.0004 -32.9683 
vt 59.9997 -32.969 
vt 59.9974 -32.9681 
vt 59.9994 -32.9693 
vt 59.9974 -32.9685 
vt 59.9916 -32.9656 
vt 59.9919 -32.9658 
vt 59.9974 -32.9635 
vt 59.9925 -32.9664 
vt 59.9974 -32.9644 
vt 59.9934 -32.9674 
vt 59.9974 -32.9657 
vt 59.9974 -32.9671 
vt 59.9944 -32.9683 
vt 59.9951 -32.969 
vt 59.9974 -32.9681 
vt 59.9954 -32.9693 
vt 59.9974 -32.9685 
vt 59.9941 -32.9713 
vt 59.9951 -32.969 
vt 59.9931 -32.9713 
vt 59.9944 -32.9683 
vt 59.9934 -32.9674 
vt 59.9918 -32.9713 
vt 59.9905 -32.9713 
vt 59.9925 -32.9664 
vt 59.9919 -32.9658 
vt 59.9892 -32.9713 
vt 60.0349 -33.0262 
vt 60.031 -33.0266 
vt 60.0299 -33.024 
vt 60.0182 -33.0034 
vt 60.031 -33.0266 
vt 60.0187 -33.0033 
vt 60.02 -33.0026 
vt 60.0329 -33.0269 
vt 60.0218 -33.0016 
vt 59.9609 -32.9711 
vt 59.9922 -32.9698 
vt 59.9609 -32.9698 
vt 59.9922 -32.9711 
vt 60.0014 -32.9753 
vt 60.003 -32.9713 
vt 60.0017 -32.9713 
vt 60.0004 -32.9744 
vt 60.0007 -32.9713 
vt 59.9997 -32.9736 
vt 59.9994 -32.9734 
vt 60.0003 -32.9713 
vt 60.0007 -32.9713 
vt 59.9997 -32.969 
vt 60.0004 -32.9683 
vt 60.0017 -32.9713 
vt 60.0014 -32.9674 
vt 60.003 -32.9713 
vt 60.0043 -32.9713 
vt 60.0023 -32.9664 
vt 60.0056 -32.9713 
vt 60.0236 -33.0253 
vt 60.0259 -33.0217 
vt 60.0127 -33.0014 
vt 60.0115 -33.0021 
vt 60.0247 -33.0226 
vt 60.0102 -33.0028 
vt 60.0238 -33.0238 
vt 60.0093 -33.0032 
vt 60.0019 -32.9811 
vt 60.0115 -33.0021 
vt 60.0006 -32.9817 
vt 60.0102 -33.0028 
vt 59.999 -32.9818 
vt 59.9976 -32.9812 
vt 59.9934 -32.9674 
vt 60.0154 -32.9995 
vt 60.0038 -32.979 
vt 60.0149 -32.9999 
vt 60.003 -32.9802 
vt 60.0139 -33.0006 
vt 60.0019 -32.9811 
vt 60.0127 -33.0014 
vt 60.0259 -33.0217 
vt 60.0139 -33.0006 
vt 60.0271 -33.0211 
vt 60.0149 -32.9999 
vt 60.0286 -33.021 
vt 59.9974 -32.9795 
vt 59.9934 -32.9753 
vt 59.9919 -32.9769 
vt 59.9925 -32.9762 
vt 59.9905 -32.9713 
vt 59.9934 -32.9753 
vt 59.9918 -32.9713 
vt 60.0093 -32.9765 
vt 60.0077 -32.9762 
vt 60.0058 -32.9769 
vt 60.0051 -32.9819 
vt 60.0187 -33.0033 
vt 60.0036 -32.98 
vt 60.02 -33.0026 
vt 60.0043 -32.9783 
vt 60.0218 -33.0016 
vt 60.0077 -32.9762 
vt 60.0235 -33.0006 
vt 60.0244 -32.9999 
vt 60.0364 -33.0248 
vt 60.0235 -33.0006 
vt 60.0368 -33.0231 
vt 59.9931 -32.9713 
vt 59.9944 -32.9744 
vt 59.9951 -32.9736 
vt 59.9941 -32.9713 
vt 59.9974 -32.9746 
vt 59.9951 -32.9736 
vt 59.9974 -32.9756 
vt 59.9944 -32.9744 
vt 59.9934 -32.9753 
vt 59.9974 -32.977 
vt 59.9974 -32.9783 
vt 59.9925 -32.9762 
vt 59.9919 -32.9769 
vt 59.9974 -32.9746 
vt 59.9997 -32.9736 
vt 59.9974 -32.9756 
vt 60.0004 -32.9744 
vt 60.0014 -32.9753 
vt 59.9974 -32.977 
vt 59.9974 -32.9783 
vt 60.0023 -32.9762 
vt 60.0032 -32.9771 
vt 59.9609 -32.9725 
vt 59.9922 -32.9711 
vt 59.9609 -32.9711 
vt 59.9922 -32.9725 
vt 60.0023 -32.9762 
vt 60.0043 -32.9713 
vt 59.9982 -33.0026 
vt 59.9995 -33.0026 
vt 59.9982 -33.0006 
vt 59.9995 -33.0003 
vt 60.0005 -32.9996 
vt 59.9968 -33.0003 
vt 59.9968 -33.0026 
vt 59.9982 -33.0006 
vt 59.9982 -33.0026 
vt 59.9955 -33.0026 
vt 59.9958 -33.0056 
vt 59.9968 -33.0049 
vt 59.9968 -33.0026 
vt 59.9982 -33.0046 
vt 59.9982 -33.0026 
vt 59.9734 -32.9651 
vt 60.0027 -32.9626 
vt 60.0024 -32.9647 
vt 59.9736 -32.9671 
vt 59.9745 -32.969 
vt 60.0022 -32.9666 
vt 60.002 -32.9679 
vt 59.9771 -32.9701 
vt 60.0303 -32.9722 
vt 60.0024 -32.9647 
vt 60.0297 -32.9741 
vt 60.0283 -32.9757 
vt 60.0022 -32.9666 
vt 60.0268 -32.9764 
vt 60.025 -32.9741 
vt 60.0283 -32.9757 
vt 60.0377 -32.9908 
vt 60.0394 -32.9899 
vt 60.0297 -32.9741 
vt 60.0219 -32.9981 
vt 60.0224 -33.001 
vt 60.0234 -33.0024 
vt 59.9982 -33.0046 
vt 59.9995 -33.0026 
vt 59.9982 -33.0026 
vt 59.9995 -33.0049 
vt 60.0005 -33.0056 
vt 60.0229 -32.9962 
vt 60.0335 -32.9861 
vt 60.0219 -32.9981 
vt 60.0029 -32.9609 
vt 59.9994 -33.0081 
vt 59.9982 -33.0026 
vt 59.9982 -33.0084 
vt 59.9994 -33.0026 
vt 60.0004 -33.0075 
vt 60.0004 -33.0026 
vt 60.0008 -33.0066 
vt 60.0008 -33.0026 
vt 59.9969 -33.0081 
vt 59.9978 -33.0001 
vt 60.0219 -32.9994 
vt 59.9976 -33.0014 
vt 59.9974 -33.0031 
vt 60.0224 -33.001 
vt 59.9972 -33.0046 
vt 60.0234 -33.0024 
vt 59.9979 -32.999 
vt 60.0222 -32.997 
vt 59.9978 -33.0001 
vt 59.975 -32.9922 
vt 59.9979 -32.999 
vt 59.975 -32.9911 
vt 59.9717 -32.9907 
vt 59.9697 -32.9942 
vt 59.9725 -32.9961 
vt 59.9972 -33.0046 
vt 59.9738 -32.9949 
vt 59.9974 -33.0031 
vt 59.9747 -32.9935 
vt 59.9976 -33.0014 
vt 59.975 -32.9922 
vt 59.9753 -32.9632 
vt 59.9958 -33.0026 
vt 59.9955 -33.0026 
vt 59.9959 -33.0026 
vt 59.9959 -33.0075 
vt 59.9969 -33.0026 
vt 59.9969 -33.0081 
vt 59.9955 -32.9986 
vt 59.9955 -33.0026 
vt 59.9959 -33.0026 
vt 59.9959 -32.9977 
vt 59.9969 -33.0026 
vt 59.9969 -32.9971 
vt 59.9982 -32.9968 
vt 59.9994 -32.9971 
vt 59.9994 -33.0026 
vt 60.0004 -32.9977 
vt 60.0004 -33.0026 
vt 60.0008 -32.9986 
vt 60.0008 -33.0026 
vt 59.9989 -33.0391 
vt 59.9973 -33.0078 
vt 59.9973 -33.0391 
vt 59.9989 -33.0078 
vt 60.0011 -32.9698 
vt 60.0035 -32.9711 
vt 60.0027 -32.9698 
vt 60.0003 -32.9711 
vt 60.0011 -32.9725 
vt 60.0027 -32.9725 
vt 60.0018 -32.9693 
vt 60.0018 -32.9693 
vt 60.0018 -32.9656 
vt 60.0018 -32.9693 
vt 60.0045 -32.9713 
vt 60.0041 -32.9713 
vt 60.0041 -32.9664 
vt 60.0031 -32.9713 
vt 60.0031 -32.9658 
vt 60.0018 -32.9713 
vt 59.9972 -33.0348 
vt 60.0266 -33.0262 
vt 59.9976 -33.0368 
vt 60.0255 -33.0266 
vt 59.9978 -33.0361 
vt 60.0241 -33.0254 
vt 59.998 -33.0345 
vt 60.0229 -33.024 
vt 59.998 -33.0326 
vt 59.9979 -33.0311 
vt 60.0222 -33.0227 
vt 60.0219 -33.0218 
vt 60.0335 -33.0023 
vt 60.0331 -33.0016 
vt 60.0222 -33.0227 
vt 60.0346 -33.003 
vt 60.0229 -33.024 
vt 60.0364 -33.0034 
vt 60.0241 -33.0254 
vt 60.0255 -33.0266 
vt 60.0384 -33.0033 
vt 60.0032 -32.9713 
vt 60.0032 -32.9736 
vt 60.0018 -32.9734 
vt 60.0018 -32.9713 
vt 60.0032 -32.9713 
vt 60.0032 -32.969 
vt 59.9995 -32.9683 
vt 60.0005 -32.9713 
vt 60.0005 -32.969 
vt 60.0018 -32.9713 
vt 59.9703 -33.0267 
vt 59.9717 -33.0264 
vt 59.9978 -33.0361 
vt 59.9732 -33.0253 
vt 59.998 -33.0345 
vt 59.998 -33.0326 
vt 59.9744 -33.0238 
vt 59.9979 -33.0311 
vt 59.975 -33.0226 
vt 59.975 -33.0217 
vt 59.9669 -33.0014 
vt 59.966 -33.0028 
vt 59.9744 -33.0238 
vt 59.9644 -33.0032 
vt 59.9732 -33.0253 
vt 59.9717 -33.0264 
vt 59.9623 -33.0031 
vt 59.9703 -33.0267 
vt 59.9598 -33.0013 
vt 59.966 -33.0028 
vt 59.9776 -32.9818 
vt 59.9766 -32.9812 
vt 59.9644 -33.0032 
vt 59.9753 -32.9798 
vt 59.9623 -33.0031 
vt 59.9606 -33.0024 
vt 59.974 -32.9781 
vt 60.0006 -32.9658 
vt 60.0006 -32.9713 
vt 59.9996 -32.9664 
vt 59.9996 -32.9713 
vt 59.9992 -32.9713 
vt 59.9736 -32.9761 
vt 59.9976 -33.0297 
vt 60.0018 -32.9771 
vt 59.9992 -32.9753 
vt 59.9992 -32.9713 
vt 59.9996 -32.9713 
vt 59.9996 -32.9762 
vt 60.0006 -32.9713 
vt 60.0006 -32.9769 
vt 60.0031 -32.9769 
vt 60.0031 -32.9713 
vt 60.0041 -32.9762 
vt 60.0041 -32.9713 
vt 60.0045 -32.9713 
vt 59.9734 -32.9767 
vt 60.0026 -32.9732 
vt 59.9776 -32.9818 
vt 60.0028 -32.9721 
vt 59.9766 -32.9812 
vt 60.0029 -32.9703 
vt 59.9753 -32.9798 
vt 59.974 -32.9781 
vt 60.0028 -32.9682 
vt 60.0027 -32.9666 
vt 60.0268 -32.9777 
vt 60.0283 -32.9765 
vt 60.0297 -32.9762 
vt 60.0303 -32.9769 
vt 60.0028 -32.9682 
vt 60.0301 -32.9783 
vt 60.0029 -32.9703 
vt 60.029 -32.98 
vt 60.0275 -32.9813 
vt 60.0028 -32.9721 
vt 60.0262 -32.9819 
vt 60.0026 -32.9732 
vt 60.0346 -33.003 
vt 60.0262 -32.9819 
vt 60.0275 -32.9813 
vt 60.0364 -33.0034 
vt 60.0384 -33.0033 
vt 60.029 -32.98 
vt 60.0042 -32.9756 
vt 59.9992 -32.9753 
vt 60.0018 -32.9734 
vt 60.0005 -32.9713 
vt 60.0005 -32.9736 

usemtl Meshpart1Mtl

f 4/4/4 3/3/3 1/1/1 
f 4/4/4 5/5/5 3/3/3 
f 4/4/4 6/6/6 5/5/5 
f 6/6/6 4/4/4 7/7/7 
f 8/8/8 6/6/6 7/7/7 
f 8/8/8 9/9/9 6/6/6 
f 17/17/17 18/18/18 19/19/19 
f 18/18/18 17/17/17 20/20/20 
f 28/28/28 29/29/29 27/27/27 
f 29/29/29 28/28/28 30/30/30 
f 31/31/31 29/29/29 30/30/30 
f 29/29/29 31/31/31 32/32/32 
f 33/33/33 32/32/32 31/31/31 
f 32/32/32 33/33/33 34/34/34 
f 40/40/40 39/39/39 41/41/41 
f 41/41/41 35/35/35 40/40/40 
f 44/44/44 41/41/41 43/43/43 
f 47/47/47 46/46/46 45/45/45 
f 46/46/46 47/47/47 48/48/48 
f 47/47/47 49/49/49 48/48/48 
f 49/49/49 47/47/47 50/50/50 
f 51/51/51 49/49/49 50/50/50 
f 49/49/49 51/51/51 52/52/52 
f 54/54/54 55/55/55 53/53/53 
f 55/55/55 54/54/54 56/56/56 
f 57/57/57 55/55/55 56/56/56 
f 57/57/57 58/58/58 55/55/55 
f 57/57/57 59/59/59 58/58/58 
f 59/59/59 57/57/57 60/60/60 
f 61/61/61 62/62/62 41/41/41 
f 62/62/62 61/61/61 63/63/63 
f 63/63/63 64/64/64 62/62/62 
f 67/67/67 68/68/68 66/66/66 
f 68/68/68 67/67/67 69/69/69 
f 69/69/69 41/41/41 68/68/68 
f 41/41/41 69/69/69 35/35/35 
f 72/72/72 71/71/71 73/73/73 
f 72/72/72 73/73/73 74/74/74 
f 73/73/73 75/75/75 74/74/74 
f 75/75/75 73/73/73 76/76/76 
f 75/75/75 76/76/76 77/77/77 
f 75/75/75 77/77/77 78/78/78 
f 80/80/80 81/81/81 79/79/79 
f 81/81/81 80/80/80 82/82/82 
f 81/81/81 82/82/82 83/83/83 
f 83/83/83 84/84/84 81/81/81 
f 83/83/83 85/85/85 84/84/84 
f 85/85/85 83/83/83 86/86/86 
f 41/41/41 44/44/44 88/88/88 
f 41/41/41 88/88/88 61/61/61 
f 96/96/96 95/95/95 97/97/97 
f 95/95/95 96/96/96 98/98/98 
f 99/99/99 98/98/98 96/96/96 
f 99/99/99 100/100/100 98/98/98 
f 104/104/104 105/105/105 103/103/103 
f 105/105/105 104/104/104 106/106/106 
f 106/106/106 89/89/89 105/105/105 
f 89/89/89 106/106/106 107/107/107 
f 108/108/108 109/109/109 110/110/110 
f 109/109/109 108/108/108 111/111/111 
f 112/112/112 111/111/111 108/108/108 
f 111/111/111 112/112/112 113/113/113 
f 118/118/118 116/116/116 117/117/117 
f 116/116/116 118/118/118 119/119/119 
f 120/120/120 119/119/119 118/118/118 
f 119/119/119 120/120/120 121/121/121 
f 125/125/125 126/126/126 124/124/124 
f 126/126/126 125/125/125 127/127/127 
f 128/128/128 126/126/126 127/127/127 
f 126/126/126 128/128/128 129/129/129 
f 128/128/128 130/130/130 129/129/129 
f 130/130/130 128/128/128 131/131/131 
f 132/132/132 134/134/134 133/133/133 
f 134/134/134 132/132/132 135/135/135 
f 135/135/135 136/136/136 134/134/134 
f 136/136/136 135/135/135 137/137/137 
f 136/136/136 137/137/137 138/138/138 
f 138/138/138 139/139/139 136/136/136 
f 140/140/140 141/141/141 142/142/142 
f 141/141/141 140/140/140 143/143/143 
f 148/148/148 147/147/147 149/149/149 
f 149/149/149 150/150/150 148/148/148 
f 150/150/150 149/149/149 151/151/151 
f 151/151/151 152/152/152 150/150/150 
f 151/151/151 153/153/153 152/152/152 
f 153/153/153 151/151/151 154/154/154 
f 154/154/154 155/155/155 153/153/153 
f 155/155/155 154/154/154 156/156/156 
f 157/157/157 158/158/158 159/159/159 
f 158/158/158 157/157/157 160/160/160 
f 158/158/158 160/160/160 161/161/161 
f 161/161/161 162/162/162 158/158/158 
f 162/162/162 161/161/161 163/163/163 
f 163/163/163 164/164/164 162/162/162 
f 169/169/169 170/170/170 171/171/171 
f 169/169/169 171/171/171 172/172/172 
f 176/176/176 178/178/178 177/177/177 
f 178/178/178 176/176/176 172/172/172 
f 183/183/183 159/159/159 182/182/182 
f 159/159/159 183/183/183 157/157/157 
f 189/189/189 190/190/190 187/187/187 
f 190/190/190 189/189/189 191/191/191 
f 190/190/190 191/191/191 192/192/192 
f 192/192/192 193/193/193 190/190/190 
f 193/193/193 192/192/192 194/194/194 
f 194/194/194 195/195/195 193/193/193 
f 201/201/201 200/200/200 199/199/199 
f 200/200/200 201/201/201 202/202/202 
f 204/204/204 205/205/205 206/206/206 
f 206/206/206 207/207/207 204/204/204 
f 206/206/206 208/208/208 207/207/207 
f 208/208/208 206/206/206 209/209/209 
f 212/212/212 211/211/211 210/210/210 
f 211/211/211 212/212/212 213/213/213 
f 212/212/212 214/214/214 213/213/213 
f 214/214/214 212/212/212 205/205/205 
f 216/216/216 217/217/217 215/215/215 
f 217/217/217 216/216/216 218/218/218 
f 189/189/189 221/221/221 222/222/222 
f 189/189/189 222/222/222 223/223/223 
f 222/222/222 224/224/224 223/223/223 
f 224/224/224 222/222/222 225/225/225 
f 225/225/225 226/226/226 224/224/224 
f 226/226/226 225/225/225 227/227/227 
f 228/228/228 229/229/229 230/230/230 
f 229/229/229 228/228/228 231/231/231 
f 234/234/234 173/173/173 230/230/230 
f 173/173/173 234/234/234 235/235/235 
f 240/240/240 241/241/241 239/239/239 
f 241/241/241 240/240/240 202/202/202 
f 245/245/245 246/246/246 247/247/247 
f 246/246/246 245/245/245 248/248/248 
f 251/251/251 252/252/252 253/253/253 
f 253/253/253 254/254/254 251/251/251 
f 264/264/264 263/263/263 262/262/262 
f 264/264/264 265/265/265 263/263/263 
f 266/266/266 265/265/265 264/264/264 
f 265/265/265 266/266/266 244/244/244 
f 266/266/266 267/267/267 244/244/244 
f 267/267/267 266/266/266 268/268/268 
f 268/268/268 269/269/269 267/267/267 
f 269/269/269 268/268/268 270/270/270 
f 272/272/272 273/273/273 254/254/254 
f 281/281/281 280/280/280 282/282/282 
f 283/283/283 281/281/281 282/282/282 
f 285/285/285 287/287/287 286/286/286 
f 287/287/287 285/285/285 288/288/288 
f 287/287/287 288/288/288 289/289/289 
f 287/287/287 289/289/289 290/290/290 
f 290/290/290 289/289/289 291/291/291 
f 290/290/290 291/291/291 292/292/292 
f 294/294/294 295/295/295 296/296/296 
f 296/296/296 297/297/297 294/294/294 
f 296/296/296 298/298/298 297/297/297 
f 298/298/298 296/296/296 299/299/299 
f 305/305/305 304/304/304 303/303/303 
f 304/304/304 305/305/305 306/306/306 
f 305/305/305 307/307/307 306/306/306 
f 307/307/307 305/305/305 273/273/273 
f 273/273/273 272/272/272 307/307/307 
f 309/309/309 310/310/310 283/283/283 
f 310/310/310 309/309/309 311/311/311 
f 315/315/315 316/316/316 314/314/314 
f 316/316/316 315/315/315 317/317/317 
f 317/317/317 318/318/318 316/316/316 
f 318/318/318 317/317/317 319/319/319 
f 320/320/320 318/318/318 319/319/319 
f 318/318/318 320/320/320 321/321/321 
f 323/323/323 325/325/325 324/324/324 
f 325/325/325 323/323/323 326/326/326 
f 326/326/326 327/327/327 325/325/325 
f 327/327/327 326/326/326 328/328/328 
f 327/327/327 328/328/328 329/329/329 
f 329/329/329 330/330/330 327/327/327 
f 336/336/336 334/334/334 335/335/335 
f 334/334/334 336/336/336 337/337/337 
f 336/336/336 338/338/338 337/337/337 
f 338/338/338 336/336/336 339/339/339 
f 341/341/341 340/340/340 342/342/342 
f 342/342/342 343/343/343 341/341/341 
f 342/342/342 344/344/344 343/343/343 
f 344/344/344 342/342/342 345/345/345 
f 345/345/345 346/346/346 344/344/344 
f 346/346/346 345/345/345 347/347/347 
f 351/351/351 352/352/352 350/350/350 
f 352/352/352 351/351/351 353/353/353 
f 352/352/352 353/353/353 252/252/252 
f 252/252/252 251/251/251 352/352/352 
f 355/355/355 357/357/357 356/356/356 
f 357/357/357 247/247/247 356/356/356 
f 362/362/362 361/361/361 360/360/360 
f 361/361/361 362/362/362 363/363/363 
f 266/266/266 363/363/363 362/362/362 
f 363/363/363 266/266/266 358/358/358 
f 266/266/266 364/364/364 358/358/358 
f 364/364/364 266/266/266 365/365/365 
f 365/365/365 366/366/366 364/364/364 
f 366/366/366 365/365/365 367/367/367 
f 373/373/373 374/374/374 372/372/372 
f 374/374/374 373/373/373 375/375/375 
f 374/374/374 375/375/375 376/376/376 
f 374/374/374 376/376/376 377/377/377 
f 376/376/376 378/378/378 377/377/377 
f 378/378/378 376/376/376 379/379/379 
f 387/387/387 386/386/386 385/385/385 
f 387/387/387 388/388/388 386/386/386 
f 387/387/387 389/389/389 388/388/388 
f 389/389/389 387/387/387 390/390/390 
f 391/391/391 389/389/389 390/390/390 
f 391/391/391 392/392/392 389/389/389 
f 396/396/396 397/397/397 395/395/395 
f 397/397/397 396/396/396 398/398/398 
f 399/399/399 397/397/397 398/398/398 
f 399/399/399 400/400/400 397/397/397 
f 399/399/399 401/401/401 400/400/400 
f 401/401/401 399/399/399 402/402/402 
f 409/409/409 411/411/411 410/410/410 
f 411/411/411 409/409/409 412/412/412 
f 412/412/412 413/413/413 411/411/411 
f 413/413/413 412/412/412 405/405/405 
f 414/414/414 415/415/415 416/416/416 
f 415/415/415 414/414/414 417/417/417 
f 418/418/418 419/419/419 420/420/420 
f 420/420/420 421/421/421 418/418/418 
f 421/421/421 420/420/420 422/422/422 
f 422/422/422 423/423/423 421/421/421 
f 426/426/426 428/428/428 427/427/427 
f 428/428/428 426/426/426 429/429/429 
f 429/429/429 430/430/430 428/428/428 
f 430/430/430 429/429/429 431/431/431 
f 432/432/432 430/430/430 431/431/431 
f 430/430/430 432/432/432 433/433/433 
f 436/436/436 437/437/437 438/438/438 
f 438/438/438 439/439/439 436/436/436 
f 439/439/439 438/438/438 440/440/440 
f 440/440/440 441/441/441 439/439/439 
f 443/443/443 444/444/444 437/437/437 
f 444/444/444 443/443/443 445/445/445 
f 445/445/445 446/446/446 444/444/444 
f 446/446/446 445/445/445 447/447/447 
f 454/454/454 453/453/453 455/455/455 
f 455/455/455 456/456/456 454/454/454 
f 457/457/457 458/458/458 456/456/456 
f 458/458/458 457/457/457 459/459/459 
f 459/459/459 460/460/460 458/458/458 
f 460/460/460 459/459/459 461/461/461 
f 466/466/466 465/465/465 467/467/467 
f 466/466/466 467/467/467 468/468/468 
f 475/475/475 474/474/474 473/473/473 
f 475/475/475 476/476/476 474/474/474 
f 477/477/477 476/476/476 475/475/475 
f 476/476/476 477/477/477 471/471/471 
f 477/477/477 478/478/478 471/471/471 
f 478/478/478 477/477/477 479/479/479 
f 481/481/481 413/413/413 405/405/405 
f 413/413/413 481/481/481 482/482/482 
f 467/467/467 484/484/484 468/468/468 
f 484/484/484 467/467/467 485/485/485 
f 484/484/484 485/485/485 486/486/486 
f 484/484/484 486/486/486 487/487/487 
f 489/489/489 490/490/490 488/488/488 
f 490/490/490 489/489/489 491/491/491 
f 492/492/492 490/490/490 491/491/491 
f 490/490/490 492/492/492 493/493/493 
f 492/492/492 494/494/494 493/493/493 
f 494/494/494 492/492/492 495/495/495 
f 499/499/499 498/498/498 497/497/497 
f 499/499/499 500/500/500 498/498/498 
f 499/499/499 501/501/501 500/500/500 
f 501/501/501 499/499/499 502/502/502 
f 503/503/503 501/501/501 502/502/502 
f 503/503/503 504/504/504 501/501/501 
f 506/506/506 507/507/507 508/508/508 
f 507/507/507 506/506/506 509/509/509 
f 511/511/511 418/418/418 510/510/510 
f 418/418/418 511/511/511 419/419/419 
f 512/512/512 513/513/513 514/514/514 
f 513/513/513 515/515/515 514/514/514 
f 518/518/518 519/519/519 517/517/517 
f 519/519/519 518/518/518 520/520/520 
f 523/523/523 525/525/525 524/524/524 
f 525/525/525 526/526/526 524/524/524 
f 527/527/527 529/529/529 528/528/528 
f 529/529/529 527/527/527 530/530/530 
f 531/531/531 529/529/529 530/530/530 
f 529/529/529 531/531/531 532/532/532 
f 535/535/535 528/528/528 536/536/536 
f 536/536/536 537/537/537 535/535/535 
f 536/536/536 538/538/538 537/537/537 
f 538/538/538 536/536/536 539/539/539 
f 544/544/544 542/542/542 543/543/543 
f 544/544/544 545/545/545 542/542/542 
f 549/549/549 550/550/550 551/551/551 
f 550/550/550 549/549/549 552/552/552 
f 558/558/558 559/559/559 560/560/560 
f 559/559/559 558/558/558 561/561/561 
f 562/562/562 561/561/561 558/558/558 
f 561/561/561 562/562/562 563/563/563 
f 567/567/567 568/568/568 546/546/546 
f 568/568/568 567/567/567 569/569/569 
f 570/570/570 568/568/568 569/569/569 
f 570/570/570 571/571/571 568/568/568 
f 572/572/572 571/571/571 570/570/570 
f 572/572/572 573/573/573 571/571/571 
f 574/574/574 556/556/556 575/575/575 
f 556/556/556 574/574/574 576/576/576 
f 577/577/577 576/576/576 578/578/578 
f 577/577/577 578/578/578 579/579/579 
f 583/583/583 584/584/584 582/582/582 
f 584/584/584 583/583/583 585/585/585 
f 585/585/585 586/586/586 584/584/584 
f 586/586/586 585/585/585 587/587/587 
f 586/586/586 587/587/587 567/567/567 
f 586/586/586 567/567/567 588/588/588 
f 593/593/593 594/594/594 592/592/592 
f 594/594/594 593/593/593 595/595/595 
f 595/595/595 559/559/559 594/594/594 
f 559/559/559 595/595/595 560/560/560 
f 600/600/600 599/599/599 598/598/598 
f 600/600/600 601/601/601 599/599/599 
f 559/559/559 601/601/601 600/600/600 
f 601/601/601 559/559/559 602/602/602 
f 559/559/559 603/603/603 602/602/602 
f 603/603/603 559/559/559 604/604/604 
f 604/604/604 605/605/605 603/603/603 
f 605/605/605 604/604/604 606/606/606 
f 609/609/609 610/610/610 611/611/611 
f 610/610/610 609/609/609 612/612/612 
f 613/613/613 614/614/614 615/615/615 
f 616/616/616 614/614/614 613/613/613 
f 614/614/614 616/616/616 617/617/617 
f 614/614/614 617/617/617 618/618/618 
f 625/625/625 626/626/626 624/624/624 
f 626/626/626 625/625/625 627/627/627 
f 627/627/627 628/628/628 626/626/626 
f 628/628/628 627/627/627 621/621/621 
f 633/633/633 632/632/632 634/634/634 
f 633/633/633 634/634/634 635/635/635 
f 636/636/636 635/635/635 634/634/634 
f 635/635/635 636/636/636 637/637/637 
f 636/636/636 638/638/638 637/637/637 
f 638/638/638 636/636/636 639/639/639 
f 643/643/643 644/644/644 641/641/641 
f 644/644/644 643/643/643 645/645/645 
f 645/645/645 646/646/646 644/644/644 
f 646/646/646 645/645/645 647/647/647 
f 648/648/648 646/646/646 647/647/647 
f 648/648/648 649/649/649 646/646/646 
f 650/650/650 652/652/652 651/651/651 
f 652/652/652 650/650/650 653/653/653 
f 620/620/620 653/653/653 654/654/654 
f 655/655/655 620/620/620 654/654/654 
f 657/657/657 619/619/619 658/658/658 
f 619/619/619 657/657/657 659/659/659 
f 662/662/662 663/663/663 661/661/661 
f 663/663/663 662/662/662 664/664/664 
f 663/663/663 664/664/664 665/665/665 
f 665/665/665 666/666/666 663/663/663 
f 666/666/666 665/665/665 667/667/667 
f 667/667/667 668/668/668 666/666/666 
f 673/673/673 672/672/672 671/671/671 
f 673/673/673 674/674/674 672/672/672 
f 673/673/673 675/675/675 674/674/674 
f 675/675/675 673/673/673 676/676/676 
f 681/681/681 679/679/679 680/680/680 
f 679/679/679 681/681/681 682/682/682 
f 683/683/683 682/682/682 681/681/681 
f 682/682/682 683/683/683 684/684/684 
f 683/683/683 685/685/685 684/684/684 
f 685/685/685 683/683/683 686/686/686 
f 687/687/687 628/628/628 621/621/621 
f 628/628/628 687/687/687 688/688/688 
f 689/689/689 688/688/688 687/687/687 
f 688/688/688 689/689/689 690/690/690 
f 698/698/698 699/699/699 697/697/697 
f 699/699/699 698/698/698 700/700/700 
f 700/700/700 628/628/628 699/699/699 
f 628/628/628 700/700/700 694/694/694 
f 701/701/701 628/628/628 694/694/694 
f 628/628/628 701/701/701 702/702/702 
f 702/702/702 701/701/701 703/703/703 
f 702/702/702 703/703/703 704/704/704 
f 711/711/711 710/710/710 709/709/709 
f 711/711/711 712/712/712 710/710/710 
f 711/711/711 713/713/713 712/712/712 
f 713/713/713 711/711/711 714/714/714 
f 714/714/714 706/706/706 713/713/713 
f 706/706/706 714/714/714 715/715/715 
f 719/719/719 715/715/715 720/720/720 
f 719/719/719 720/720/720 721/721/721 
f 721/721/721 720/720/720 722/722/722 
f 721/721/721 722/722/722 723/723/723 
f 722/722/722 724/724/724 723/723/723 
f 724/724/724 722/722/722 725/725/725 
f 728/728/728 730/730/730 729/729/729 
f 730/730/730 728/728/728 731/731/731 
f 730/730/730 731/731/731 732/732/732 
f 732/732/732 733/733/733 730/730/730 
f 659/659/659 737/737/737 736/736/736 
f 737/737/737 738/738/738 736/736/736 

g Meshpart2

v -439.903 5.39116 0.452396 
v -439.903 5.35623 0.452396 
v -439.844 5.27449 0.310814 
v -439.811 5.39116 0.230194 
v -439.844 5.11101 0.310814 
v -439.903 4.99434 0.452396 
v -439.903 5.02926 0.452396 
v -439.811 4.99434 0.230194 
v -439.903 4.99434 0.00799209 
v -439.903 5.02926 0.00799209 
v -439.903 5.39116 0.00799209 
v -439.844 5.11101 0.149574 
v -439.903 5.35623 0.00799209 
v -439.844 5.27449 0.149574 
v -440.125 5.35623 0.230194 
v -439.903 5.02926 0.00799209 
v -440.125 5.02926 0.230194 
v -440.125 5.27449 0.0299681 
v -440.044 5.27449 -0.0506519 
v -440.125 5.11101 0.0299681 
v -440.044 5.11101 -0.0506519 
v -440.125 5.27449 0.43042 
v -440.044 5.27449 0.51104 
v -440.044 5.11101 0.51104 
v -440.125 5.11101 0.43042 
v -440.347 5.02926 0.00799209 
v -440.406 5.27449 0.149574 
v -440.325 5.11101 0.230194 
v -440.325 5.27449 0.230194 
v -440.406 5.27449 0.310814 
v -440.206 5.27449 0.51104 
v -440.406 5.11101 0.310814 
v -440.325 5.11101 0.230194 
v -439.903 5.35623 0.452396 
v -440.044 5.11101 0.51104 
v -439.844 5.11101 0.310814 
v -439.903 5.02926 0.452396 
v -440.206 5.11101 0.51104 
v -440.347 5.02926 0.452396 
v -440.406 5.11101 0.310814 
v -440.406 5.11101 0.149574 
v -440.347 5.02926 0.00799209 
v -440.206 5.11101 -0.0506519 
v -439.903 5.02926 0.00799209 
v -439.844 5.11101 0.149574 
v -439.925 5.11101 0.230194 
v -439.844 5.11101 0.149574 
v -439.903 5.02926 0.00799209 
v -440.125 5.02926 0.230194 
v -440.125 5.11101 0.0299681 
v -440.044 5.11101 -0.0506519 
v -439.925 5.11101 0.230194 
v -439.844 5.11101 0.310814 
v -439.903 5.02926 0.452396 
v -440.044 5.11101 0.51104 
v -440.125 5.11101 0.43042 
v -440.206 5.11101 -0.0506519 
v -440.125 5.11101 0.0299681 
v -440.347 5.02926 0.00799209 
v -440.406 5.11101 0.149574 
v -440.325 5.11101 0.230194 
v -440.406 5.11101 0.310814 
v -440.206 5.11101 0.51104 
v -440.325 5.11101 0.230194 
v -440.125 5.11101 0.43042 
v -440.347 5.02926 0.452396 
v -440.044 5.27449 0.51104 
v -439.903 5.39116 0.452396 
v -440.125 5.39116 0.544434 
v -439.903 5.35623 0.452396 
v -440.044 5.11101 0.51104 
v -440.125 4.99434 0.544434 
v -439.903 4.99434 0.452396 
v -439.903 5.02926 0.452396 
v -440.206 5.11101 0.51104 
v -440.347 4.99434 0.452396 
v -440.206 5.27449 0.51104 
v -440.347 5.02926 0.452396 
v -440.347 5.39116 0.452396 
v -440.347 5.35623 0.452396 
v -440.347 4.99434 0.452396 
v -440.347 5.02926 0.452396 
v -440.347 5.39116 0.452396 
v -440.406 5.11101 0.310814 
v -440.347 5.35623 0.452396 
v -440.406 5.27449 0.310814 
v -440.439 4.99434 0.230194 
v -440.439 5.39116 0.230194 
v -440.406 5.11101 0.149574 
v -440.347 4.99434 0.00799209 
v -440.406 5.27449 0.149574 
v -440.347 5.02926 0.00799209 
v -440.347 5.39116 0.00799209 
v -440.347 5.35623 0.00799209 
v -439.925 5.27449 0.230194 
v -440.125 5.35623 0.230194 
v -439.844 5.27449 0.149574 
v -439.925 5.11101 0.230194 
v -439.844 5.11101 0.149574 
v -439.903 5.02926 0.00799209 
v -440.125 5.02926 0.230194 
v -440.044 5.27449 -0.0506519 
v -439.925 5.27449 0.230194 
v -439.844 5.27449 0.310814 
v -439.925 5.11101 0.230194 
v -439.844 5.11101 0.310814 
v -440.125 5.27449 0.0299681 
v -440.206 5.27449 -0.0506519 
v -440.206 5.11101 -0.0506519 
v -440.125 5.11101 0.0299681 
v -440.347 5.02926 0.00799209 
v -440.125 5.27449 0.43042 
v -440.206 5.27449 0.51104 
v -440.206 5.11101 0.51104 
v -440.125 5.11101 0.43042 
v -440.044 5.27449 0.51104 
v -439.903 5.35623 0.452396 
v -439.844 5.27449 0.310814 
v -440.206 5.11101 0.51104 
v -440.347 5.35623 0.452396 
v -440.406 5.27449 0.310814 
v -440.406 5.11101 0.149574 
v -440.347 5.35623 0.00799209 
v -440.206 5.27449 -0.0506519 
v -439.844 5.11101 0.149574 
v -439.903 5.35623 0.00799209 
v -439.903 5.35623 0.00799209 
v -439.925 5.27449 0.230194 
v -440.125 5.35623 0.230194 
v -439.844 5.27449 0.149574 
v -440.125 5.27449 0.0299681 
v -440.044 5.27449 -0.0506519 
v -439.903 5.35623 0.452396 
v -439.925 5.27449 0.230194 
v -439.844 5.27449 0.310814 
v -440.125 5.27449 0.43042 
v -440.044 5.27449 0.51104 
v -440.347 5.35623 0.00799209 
v -440.125 5.27449 0.0299681 
v -440.206 5.27449 -0.0506519 
v -440.325 5.27449 0.230194 
v -440.406 5.27449 0.149574 
v -440.347 5.35623 0.452396 
v -440.325 5.27449 0.230194 
v -440.125 5.27449 0.43042 
v -440.406 5.27449 0.310814 
v -440.206 5.27449 0.51104 
v -440.347 4.99434 0.00799209 
v -440.347 5.02926 0.00799209 
v -440.347 5.39116 0.00799209 
v -440.206 5.11101 -0.0506519 
v -440.347 5.35623 0.00799209 
v -440.206 5.27449 -0.0506519 
v -440.125 4.99434 -0.0840459 
v -440.125 5.39116 -0.0840459 
v -440.044 5.11101 -0.0506519 
v -439.903 4.99434 0.00799209 
v -440.044 5.27449 -0.0506519 
v -439.903 5.02926 0.00799209 
v -439.903 5.39116 0.00799209 
v -439.903 5.35623 0.00799209 
v -440.125 5.35623 0.230194 
v -439.925 5.27449 0.230194 
v -439.903 5.02926 0.452396 
v -440.125 5.11101 0.43042 
v -440.325 5.27449 0.230194 
v -440.406 5.27449 0.149574 
v -440.406 5.11101 0.149574 
v -440.325 5.11101 0.230194 

vn 0.708661 0 0.708661 
vn 0.708661 0 0.708661 
vn 0.92126 0 0.385827 
vn 1 0 0 
vn 0.92126 0 0.385827 
vn 0.708661 0 0.708661 
vn 0.708661 0 0.708661 
vn 1 0 0 
vn 0.708661 0 -0.708661 
vn 0.708661 0 -0.708661 
vn 0.708661 0 -0.708661 
vn 0.92126 0 -0.385827 
vn 0.708661 0 -0.708661 
vn 0.92126 0 -0.385827 
vn 0 -1 0 
vn 0 1 0 
vn 0 1 0 
vn 0.574803 -0.590551 0.574803 
vn 0.590551 -0.551181 0.590551 
vn 0.574803 0.590551 0.574803 
vn 0.590551 0.551181 0.590551 
vn 0.574803 -0.590551 -0.574803 
vn 0.590551 -0.551181 -0.590551 
vn 0.590551 0.551181 -0.590551 
vn 0.574803 0.590551 -0.574803 
vn 0 1 0 
vn 0.590551 -0.551181 -0.590551 
vn 0.574803 0.590551 -0.574803 
vn 0.574803 -0.590551 0.574803 
vn 0.590551 -0.551181 0.590551 
vn -0.590551 -0.551181 -0.590551 
vn 0.590551 0.551181 0.590551 
vn 0.574803 0.590551 0.574803 
vn 0.708661 0 0.708661 
vn 0.385827 0 0.92126 
vn 0.92126 0 0.385827 
vn 0.708661 0 0.708661 
vn -0.385827 0 0.92126 
vn -0.708661 0 0.708661 
vn -0.92126 0 0.385827 
vn -0.92126 0 -0.385827 
vn -0.708661 0 -0.708661 
vn -0.385827 0 -0.92126 
vn 0.708661 0 -0.708661 
vn 0.92126 0 -0.385827 
vn -0.574803 0.590551 -0.574803 
vn -0.590551 0.551181 -0.590551 
vn 0 1 0 
vn 0 1 0 
vn 0.574803 0.590551 0.574803 
vn 0.590551 0.551181 0.590551 
vn -0.574803 0.590551 0.574803 
vn -0.590551 0.551181 0.590551 
vn 0 1 0 
vn 0.590551 0.551181 -0.590551 
vn 0.574803 0.590551 -0.574803 
vn -0.590551 0.551181 0.590551 
vn -0.574803 0.590551 0.574803 
vn 0 1 0 
vn 0.590551 0.551181 -0.590551 
vn 0.574803 0.590551 -0.574803 
vn 0.590551 0.551181 0.590551 
vn -0.590551 0.551181 -0.590551 
vn 0.574803 0.590551 0.574803 
vn -0.574803 0.590551 -0.574803 
vn 0 1 0 
vn 0.385827 0 0.92126 
vn 0.708661 0 0.708661 
vn 0 0 1 
vn 0.708661 0 0.708661 
vn 0.385827 0 0.92126 
vn 0 0 1 
vn 0.708661 0 0.708661 
vn 0.708661 0 0.708661 
vn -0.385827 0 0.92126 
vn -0.708661 0 0.708661 
vn -0.385827 0 0.92126 
vn -0.708661 0 0.708661 
vn -0.708661 0 0.708661 
vn -0.708661 0 0.708661 
vn -0.708661 0 0.708661 
vn -0.708661 0 0.708661 
vn -0.708661 0 0.708661 
vn -0.92126 0 0.385827 
vn -0.708661 0 0.708661 
vn -0.92126 0 0.385827 
vn -1 0 0 
vn -1 0 0 
vn -0.92126 0 -0.385827 
vn -0.708661 0 -0.708661 
vn -0.92126 0 -0.385827 
vn -0.708661 0 -0.708661 
vn -0.708661 0 -0.708661 
vn -0.708661 0 -0.708661 
vn -0.574803 -0.590551 -0.574803 
vn 0 -1 0 
vn -0.590551 -0.551181 -0.590551 
vn -0.574803 0.590551 -0.574803 
vn -0.590551 0.551181 -0.590551 
vn 0 1 0 
vn 0 1 0 
vn 0.590551 -0.551181 0.590551 
vn -0.574803 -0.590551 0.574803 
vn -0.590551 -0.551181 0.590551 
vn -0.574803 0.590551 0.574803 
vn -0.590551 0.551181 0.590551 
vn -0.574803 -0.590551 0.574803 
vn -0.590551 -0.551181 0.590551 
vn -0.590551 0.551181 0.590551 
vn -0.574803 0.590551 0.574803 
vn 0 1 0 
vn -0.574803 -0.590551 -0.574803 
vn -0.590551 -0.551181 -0.590551 
vn -0.590551 0.551181 -0.590551 
vn -0.574803 0.590551 -0.574803 
vn 0.385827 0 0.92126 
vn 0.708661 0 0.708661 
vn 0.92126 0 0.385827 
vn -0.385827 0 0.92126 
vn -0.708661 0 0.708661 
vn -0.92126 0 0.385827 
vn -0.92126 0 -0.385827 
vn -0.708661 0 -0.708661 
vn -0.385827 0 -0.92126 
vn 0.92126 0 -0.385827 
vn 0.708661 0 -0.708661 
vn 0 -1 0 
vn -0.574803 -0.590551 -0.574803 
vn 0 -1 0 
vn -0.590551 -0.551181 -0.590551 
vn 0.574803 -0.590551 0.574803 
vn 0.590551 -0.551181 0.590551 
vn 0 -1 0 
vn -0.574803 -0.590551 0.574803 
vn -0.590551 -0.551181 0.590551 
vn 0.574803 -0.590551 -0.574803 
vn 0.590551 -0.551181 -0.590551 
vn 0 -1 0 
vn -0.574803 -0.590551 0.574803 
vn -0.590551 -0.551181 0.590551 
vn 0.574803 -0.590551 -0.574803 
vn 0.590551 -0.551181 -0.590551 
vn 0 -1 0 
vn 0.574803 -0.590551 0.574803 
vn -0.574803 -0.590551 -0.574803 
vn 0.590551 -0.551181 0.590551 
vn -0.590551 -0.551181 -0.590551 
vn -0.708661 0 -0.708661 
vn -0.708661 0 -0.708661 
vn -0.708661 0 -0.708661 
vn -0.385827 0 -0.92126 
vn -0.708661 0 -0.708661 
vn -0.385827 0 -0.92126 
vn 0 0 -1 
vn 0 0 -1 
vn 0.385827 0 -0.92126 
vn 0.708661 0 -0.708661 
vn 0.385827 0 -0.92126 
vn 0.708661 0 -0.708661 
vn 0.708661 0 -0.708661 
vn 0.708661 0 -0.708661 
vn 0 -1 0 
vn -0.574803 -0.590551 0.574803 
vn 0 1 0 
vn 0.574803 0.590551 -0.574803 
vn 0.574803 -0.590551 -0.574803 
vn 0.590551 -0.551181 -0.590551 
vn 0.590551 0.551181 -0.590551 
vn 0.574803 0.590551 -0.574803 

vt 1.97222 -50.9752 
vt 1.97222 -50.9796 
vt 1.98992 -50.9898 
vt 2 -50.9752 
vt 1.98992 -51.0102 
vt 1.97222 -51.0248 
vt 1.97222 -51.0204 
vt 2 -51.0248 
vt 2.02778 -51.0248 
vt 2.02778 -51.0204 
vt 2.02778 -50.9752 
vt 2.01008 -51.0102 
vt 2.02778 -50.9796 
vt 2.01008 -50.9898 
vt 2 -50.9796 
vt 2.02778 -51.0204 
vt 2 -51.0204 
vt 2.02503 -50.9898 
vt 2.03511 -50.9898 
vt 2.02503 -51.0102 
vt 2.03511 -51.0102 
vt 1.97497 -50.9898 
vt 1.96489 -50.9898 
vt 1.96489 -51.0102 
vt 1.97497 -51.0102 
vt 2.02778 -51.0204 
vt 2.01008 -50.9898 
vt 2 -51.0102 
vt 2 -50.9898 
vt 1.98992 -50.9898 
vt 1.96489 -50.9898 
vt 1.98992 -51.0102 
vt 2 -51.0102 
vt 1.97222 -50.9722 
vt 1.98992 -50.9649 
vt 1.96489 -50.9899 
vt 1.97222 -50.9722 
vt 2.01008 -50.9649 
vt 2.02778 -50.9722 
vt 2.03511 -50.9899 
vt 2.03511 -51.0101 
vt 2.02778 -51.0278 
vt 2.01008 -51.0351 
vt 1.97222 -51.0278 
vt 1.96489 -51.0101 
vt 1.97497 -51 
vt 1.96489 -51.0101 
vt 1.97222 -51.0278 
vt 2 -51 
vt 2 -51.025 
vt 1.98992 -51.0351 
vt 1.97497 -51 
vt 1.96489 -50.9899 
vt 1.97222 -50.9722 
vt 1.98992 -50.9649 
vt 2 -50.975 
vt 2.01008 -51.0351 
vt 2 -51.025 
vt 2.02778 -51.0278 
vt 2.03511 -51.0101 
vt 2.02503 -51 
vt 2.03511 -50.9899 
vt 2.01008 -50.9649 
vt 2.02503 -51 
vt 2 -50.975 
vt 2.02778 -50.9722 
vt 2.01008 -50.9898 
vt 2.02778 -50.9752 
vt 2 -50.9752 
vt 2.02778 -50.9796 
vt 2.01008 -51.0102 
vt 2 -51.0248 
vt 2.02778 -51.0248 
vt 2.02778 -51.0204 
vt 1.98992 -51.0102 
vt 1.97222 -51.0248 
vt 1.98992 -50.9898 
vt 1.97222 -51.0204 
vt 1.97222 -50.9752 
vt 1.97222 -50.9796 
vt 2.02778 -51.0248 
vt 2.02778 -51.0204 
vt 2.02778 -50.9752 
vt 2.01008 -51.0102 
vt 2.02778 -50.9796 
vt 2.01008 -50.9898 
vt 2 -51.0248 
vt 2 -50.9752 
vt 1.98992 -51.0102 
vt 1.97222 -51.0248 
vt 1.98992 -50.9898 
vt 1.97222 -51.0204 
vt 1.97222 -50.9752 
vt 1.97222 -50.9796 
vt 2 -50.9898 
vt 2 -50.9796 
vt 1.98992 -50.9898 
vt 2 -51.0102 
vt 1.98992 -51.0102 
vt 1.97222 -51.0204 
vt 2 -51.0204 
vt 1.96489 -50.9898 
vt 2 -50.9898 
vt 2.01008 -50.9898 
vt 2 -51.0102 
vt 2.01008 -51.0102 
vt 1.97497 -50.9898 
vt 1.96489 -50.9898 
vt 1.96489 -51.0102 
vt 1.97497 -51.0102 
vt 1.97222 -51.0204 
vt 2.02503 -50.9898 
vt 2.03511 -50.9898 
vt 2.03511 -51.0102 
vt 2.02503 -51.0102 
vt 2.01008 -50.9649 
vt 2.02778 -50.9722 
vt 2.03511 -50.9899 
vt 1.98992 -50.9649 
vt 1.97222 -50.9722 
vt 1.96489 -50.9899 
vt 1.96489 -51.0101 
vt 1.97222 -51.0278 
vt 1.98992 -51.0351 
vt 2.03511 -51.0101 
vt 2.02778 -51.0278 
vt 2.02778 -51.0278 
vt 2.02503 -51 
vt 2 -51 
vt 2.03511 -51.0101 
vt 2 -51.025 
vt 2.01008 -51.0351 
vt 2.02778 -50.9722 
vt 2.02503 -51 
vt 2.03511 -50.9899 
vt 2 -50.975 
vt 2.01008 -50.9649 
vt 1.97222 -51.0278 
vt 2 -51.025 
vt 1.98992 -51.0351 
vt 1.97497 -51 
vt 1.96489 -51.0101 
vt 1.97222 -50.9722 
vt 1.97497 -51 
vt 2 -50.975 
vt 1.96489 -50.9899 
vt 1.98992 -50.9649 
vt 2.02778 -51.0248 
vt 2.02778 -51.0204 
vt 2.02778 -50.9752 
vt 2.01008 -51.0102 
vt 2.02778 -50.9796 
vt 2.01008 -50.9898 
vt 2 -51.0248 
vt 2 -50.9752 
vt 1.98992 -51.0102 
vt 1.97222 -51.0248 
vt 1.98992 -50.9898 
vt 1.97222 -51.0204 
vt 1.97222 -50.9752 
vt 1.97222 -50.9796 
vt 2 -50.9796 
vt 1.97497 -50.9898 
vt 1.97222 -51.0204 
vt 2 -51.0102 
vt 2.02503 -50.9898 
vt 2.03511 -50.9898 
vt 2.03511 -51.0102 
vt 2.02503 -51.0102 

usemtl Meshpart2Mtl

f 740/740/740 741/741/741 739/739/739 
f 742/742/742 739/739/739 741/741/741 
f 743/743/743 742/742/742 741/741/741 
f 744/744/744 743/743/743 745/745/745 
f 744/744/744 746/746/746 743/743/743 
f 742/742/742 743/743/743 746/746/746 
f 750/750/750 747/747/747 748/748/748 
f 747/747/747 750/750/750 746/746/746 
f 749/749/749 752/752/752 751/751/751 
f 750/750/750 742/742/742 746/746/746 
f 749/749/749 742/742/742 752/752/752 
f 742/742/742 750/750/750 752/752/752 
f 758/758/758 757/757/757 756/756/756 
f 757/757/757 758/758/758 759/759/759 
f 761/761/761 762/762/762 760/760/760 
f 760/760/760 762/762/762 763/763/763 
f 768/768/768 770/770/770 767/767/767 
f 771/771/771 767/767/767 770/770/770 
f 784/784/784 785/785/785 786/786/786 
f 784/784/784 786/786/786 787/787/787 
f 786/786/786 788/788/788 787/787/787 
f 788/788/788 786/786/786 789/789/789 
f 790/790/790 792/792/792 791/791/791 
f 792/792/792 790/790/790 787/787/787 
f 792/792/792 794/794/794 793/793/793 
f 794/794/794 792/792/792 787/787/787 
f 797/797/797 796/796/796 795/795/795 
f 796/796/796 797/797/797 787/787/787 
f 799/799/799 797/797/797 798/798/798 
f 797/797/797 799/799/799 787/787/787 
f 804/804/804 802/802/802 800/800/800 
f 803/803/803 804/804/804 801/801/801 
f 802/802/802 804/804/804 787/787/787 
f 804/804/804 803/803/803 787/787/787 
f 805/805/805 806/806/806 807/807/807 
f 806/806/806 805/805/805 808/808/808 
f 807/807/807 809/809/809 805/805/805 
f 809/809/809 807/807/807 810/810/810 
f 811/811/811 809/809/809 810/810/810 
f 809/809/809 811/811/811 812/812/812 
f 810/810/810 807/807/807 813/813/813 
f 814/814/814 810/810/810 813/813/813 
f 813/813/813 807/807/807 815/815/815 
f 814/814/814 813/813/813 816/816/816 
f 817/817/817 815/815/815 807/807/807 
f 815/815/815 817/817/817 818/818/818 
f 822/822/822 819/819/819 820/820/820 
f 824/824/824 823/823/823 821/821/821 
f 819/819/819 822/822/822 825/825/825 
f 826/826/826 824/824/824 821/821/821 
f 826/826/826 822/822/822 824/824/824 
f 822/822/822 826/826/826 825/825/825 
f 826/826/826 827/827/827 825/825/825 
f 827/827/827 828/828/828 825/825/825 
f 827/827/827 826/826/826 829/829/829 
f 828/828/828 827/827/827 830/830/830 
f 831/831/831 829/829/829 826/826/826 
f 829/829/829 831/831/831 832/832/832 
f 836/836/836 833/833/833 835/835/835 
f 835/835/835 837/837/837 836/836/836 
f 843/843/843 842/842/842 841/841/841 
f 842/842/842 843/843/843 844/844/844 
f 847/847/847 845/845/845 846/846/846 
f 848/848/848 845/845/845 847/847/847 
f 850/850/850 852/852/852 851/851/851 
f 852/852/852 850/850/850 853/853/853 
f 865/865/865 866/866/866 867/867/867 
f 866/866/866 865/865/865 868/868/868 
f 869/869/869 865/865/865 867/867/867 
f 865/865/865 869/869/869 870/870/870 
f 871/871/871 867/867/867 872/872/872 
f 871/871/871 872/872/872 873/873/873 
f 867/867/867 871/871/871 874/874/874 
f 874/874/874 871/871/871 875/875/875 
f 876/876/876 877/877/877 867/867/867 
f 877/877/877 876/876/876 878/878/878 
f 876/876/876 867/867/867 879/879/879 
f 876/876/876 879/879/879 880/880/880 
f 881/881/881 882/882/882 867/867/867 
f 881/881/881 867/867/867 883/883/883 
f 882/882/882 881/881/881 884/884/884 
f 883/883/883 885/885/885 881/881/881 
f 889/889/889 886/886/886 887/887/887 
f 888/888/888 891/891/891 890/890/890 
f 886/886/886 889/889/889 892/892/892 
f 888/888/888 893/893/893 891/891/891 
f 893/893/893 889/889/889 891/891/891 
f 889/889/889 893/893/893 892/892/892 
f 892/892/892 893/893/893 894/894/894 
f 894/894/894 895/895/895 892/892/892 
f 894/894/894 893/893/893 896/896/896 
f 895/895/895 894/894/894 897/897/897 
f 898/898/898 896/896/896 893/893/893 
f 896/896/896 898/898/898 899/899/899 
f 904/904/904 906/906/906 905/905/905 
f 906/906/906 904/904/904 907/907/907 

g Meshpart3

v -439.552 4.96899 0.366784 
v -439.615 4.92563 0.092932 
v -439.99 6.50469 0.092932 
v -440.321 6.50469 0.229858 
v -439.843 6.50469 0.366784 
v -439.767 6.50469 0.092932 
v -439.71 6.36245 0.229858 
v -439.767 6.36245 0.092932 
v -439.71 6.50469 0.229858 
v -439.767 6.36245 0.366784 
v -439.767 6.50469 0.366784 
v -439.505 6.0154 0.229858 
v -439.552 5.98325 0.092932 
v -439.552 5.98325 0.366784 
v -439.505 5.77387 0.229858 
v -439.552 5.74172 0.092932 
v -439.552 5.74172 0.366784 
v -439.505 4.95429 0.229858 
v -439.552 4.96899 0.092932 
v -439.552 4.96899 0.366784 
v -439.99 6.36245 0.092932 
v -440.127 6.06284 -0.00772604 
v -439.958 6.06284 0.0618879 
v -440.295 6.06284 0.0618879 
v -439.889 6.06284 0.22995 
v -439.934 6.36245 0.229858 
v -439.99 6.36245 0.366784 
v -439.958 6.06284 0.398012 
v -440.264 6.50469 0.366784 
v -439.99 6.50469 0.092932 
v -440.264 6.50469 0.092932 
v -440.321 6.50469 0.229858 
v -440.127 6.50469 0.0362159 
v -439.99 6.50469 0.366784 
v -440.127 6.50469 0.4235 
v -439.934 6.50469 0.229858 
v -439.843 6.50469 0.366784 
v -439.843 6.50469 0.092932 
v -439.787 6.50469 0.229858 
v -439.767 6.50469 0.366784 
v -439.767 6.50469 0.092932 
v -439.71 6.50469 0.229858 
v -440.264 6.50469 0.366784 
v -440.321 6.50469 0.229858 
v -439.843 6.50469 0.366784 
v -439.71 6.50469 0.229858 
v -439.767 6.36245 0.366784 
v -439.552 5.98325 0.366784 
v -440.295 6.06284 0.0618879 
v -440.364 6.06284 0.22995 
v -439.99 6.36245 0.366784 
v -439.958 6.06284 0.398012 
v -440.127 6.06284 0.467626 
v -440.264 6.50469 0.366784 
v -440.264 6.36245 0.366784 
v -440.295 6.06284 0.398012 
v -440.127 6.50469 0.4235 
v -440.127 6.36245 0.4235 
v -439.99 6.50469 0.366784 
v -439.843 6.36245 0.366784 
v -439.843 6.50469 0.366784 
v -439.767 6.36245 0.366784 
v -439.767 6.50469 0.366784 
v -439.615 5.93989 0.366784 
v -439.552 5.98325 0.366784 
v -439.552 5.74172 0.366784 
v -439.615 5.69835 0.366784 
v -439.552 4.96899 0.366784 
v -439.615 4.92563 0.366784 
v -439.552 4.96899 0.366784 
v -439.615 4.92563 0.092932 
v -440.264 6.50469 0.366784 
v -439.99 6.50469 0.092932 
v -440.264 6.50469 0.092932 
v -440.321 6.50469 0.229858 
v -439.843 6.50469 0.366784 
v -439.552 5.98325 0.092932 
v -439.552 5.98325 0.366784 
v -440.264 6.36245 0.092932 
v -440.295 6.06284 0.0618879 
v -440.364 6.06284 0.22995 
v -440.127 6.06284 0.467626 
v -440.264 6.50469 0.092932 
v -440.321 6.50469 0.229858 
v -440.321 6.36245 0.229858 
v -440.264 6.50469 0.366784 
v -440.264 6.36245 0.366784 
v -440.295 6.06284 0.398012 
v -439.555 5.981 0.229858 
v -439.843 6.36245 0.366784 
v -439.762 6.36245 0.229858 
v -439.843 6.36245 0.092932 
v -439.615 5.93989 0.366784 
v -439.615 5.93989 0.092932 
v -439.555 5.73947 0.229858 
v -439.615 5.69835 0.366784 
v -439.615 5.69835 0.092932 
v -439.61 4.88472 0.229858 
v -439.615 4.92563 0.366784 
v -439.615 4.92563 0.092932 
v -439.61 4.88472 0.229858 
v -439.552 4.96899 0.366784 
v -439.615 4.92563 0.366784 
v -439.505 4.95429 0.229858 
v -439.552 4.96899 0.092932 
v -439.615 4.92563 0.092932 
v -439.843 6.36245 0.092932 
v -439.934 6.36245 0.229858 
v -439.99 6.36245 0.092932 
v -439.762 6.36245 0.229858 
v -439.843 6.36245 0.366784 
v -439.99 6.36245 0.366784 
v -439.99 6.50469 0.092932 
v -440.264 6.50469 0.092932 
v -440.321 6.50469 0.229858 
v -439.99 6.36245 0.092932 
v -440.127 6.06284 -0.00772604 
v -440.127 6.36245 0.0362159 
v -439.958 6.06284 0.0618879 
v -440.264 6.36245 0.092932 
v -440.295 6.06284 0.0618879 
v -440.264 6.50469 0.092932 
v -440.127 6.50469 0.0362159 
v -439.99 6.50469 0.092932 
v -439.843 6.50469 0.092932 
v -439.843 6.36245 0.092932 
v -439.767 6.50469 0.092932 
v -439.767 6.36245 0.092932 
v -439.615 5.93989 0.092932 
v -439.552 5.98325 0.092932 
v -439.552 5.74172 0.092932 
v -439.615 5.69835 0.092932 
v -439.552 4.96899 0.092932 
v -439.615 4.92563 0.092932 

vn 0.535433 -0.80315 0.267717 
vn 0.535433 -0.80315 -0.267717 
vn 0 1 0 
vn 0 1 0 
vn 0 1 0 
vn 0.92126 0 -0.385827 
vn 0.96063 0.275591 0 
vn 0.897638 0.228346 -0.385827 
vn 1 0 0 
vn 0.897638 0.228346 0.385827 
vn 0.92126 0 0.385827 
vn 0.96063 0.275591 0 
vn 0.913386 0.220472 -0.346457 
vn 0.913386 0.220472 0.346457 
vn 1 0 0 
vn 0.944882 0 -0.322835 
vn 0.944882 0 0.322835 
vn 1 0 0 
vn 0.944882 0 -0.322835 
vn 0.944882 0 0.322835 
vn 0.464567 0.0787402 -0.88189 
vn 0 0.141732 -0.992126 
vn 0.700787 0.149606 -0.700787 
vn -0.700787 0.141732 -0.700787 
vn 0.992126 0.149606 0 
vn 0.992126 0.149606 0 
vn 0.464567 0.0787402 0.88189 
vn 0.700787 0.149606 0.700787 
vn 0 1 0 
vn 0 1 0 
vn 0 1 0 
vn 0 1 0 
vn 0 1 0 
vn 0 1 0 
vn 0 1 0 
vn 0 1 0 
vn 0 1 0 
vn 0 1 0 
vn 0 1 0 
vn 0 1 0 
vn 0 1 0 
vn 0 1 0 
vn 0 1 0 
vn 0 1 0 
vn 0 1 0 
vn 1 0 0 
vn 0.897638 0.228346 0.385827 
vn 0.913386 0.220472 0.346457 
vn -0.700787 0.141732 -0.700787 
vn -0.992126 0.141732 0 
vn 0.464567 0.0787402 0.88189 
vn 0.700787 0.149606 0.700787 
vn 0 0.149606 0.992126 
vn -0.708661 0 0.708661 
vn -0.708661 0.0708661 0.708661 
vn -0.700787 0.141732 0.700787 
vn 0 0 1 
vn 0 0.0708661 1 
vn 0.19685 0 0.984252 
vn 0 0 1 
vn 0 0 1 
vn 0 0 1 
vn 0 0 1 
vn 0 0 1 
vn 0 0 1 
vn 0 0 1 
vn 0 0 1 
vn 0 0 1 
vn 0 0 1 
vn 0.535433 -0.80315 0.267717 
vn 0.535433 -0.80315 -0.267717 
vn 0 1 0 
vn 0 1 0 
vn 0 1 0 
vn 0 1 0 
vn 0 1 0 
vn 0.913386 0.220472 -0.346457 
vn 0.913386 0.220472 0.346457 
vn -0.708661 0.0708661 -0.708661 
vn -0.700787 0.141732 -0.700787 
vn -0.992126 0.141732 0 
vn 0 0.149606 0.992126 
vn -0.708661 0 -0.708661 
vn -1 0 0 
vn -1 0.0708661 0 
vn -0.708661 0 0.708661 
vn -0.708661 0.0708661 0.708661 
vn -0.700787 0.141732 0.700787 
vn -0.96063 -0.267717 0 
vn -0.779528 -0.417323 -0.464567 
vn -0.88189 -0.472441 0 
vn -0.779528 -0.417323 0.464567 
vn -0.874016 -0.19685 -0.440945 
vn -0.874016 -0.19685 0.440945 
vn -1 0.015748 0 
vn -0.952756 0.015748 -0.307087 
vn -0.952756 0.015748 0.307087 
vn -1 0.0314961 0 
vn -0.968504 0.0314961 -0.228346 
vn -0.968504 0.0314961 0.228346 
vn 0.559055 -0.826772 0 
vn 0.535433 -0.80315 0.267717 
vn 0.535433 -0.80315 0.267717 
vn 0.559055 -0.826772 0 
vn 0.535433 -0.80315 -0.267717 
vn 0.535433 -0.80315 -0.267717 
vn 0 -1 0 
vn 0 -1 0 
vn 0 -1 0 
vn 0 -1 0 
vn 0 -1 0 
vn 0 -1 0 
vn 0 1 0 
vn 0 1 0 
vn 0 1 0 
vn 0.464567 0.0787402 -0.88189 
vn 0 0.141732 -0.992126 
vn 0 0.0708661 -1 
vn 0.700787 0.149606 -0.700787 
vn -0.708661 0.0708661 -0.708661 
vn -0.700787 0.141732 -0.700787 
vn -0.708661 0 -0.708661 
vn 0 0 -1 
vn 0.19685 0 -0.984252 
vn 0 0 -1 
vn 0 0 -1 
vn 0 0 -1 
vn 0 0 -1 
vn 0 0 -1 
vn 0 0 -1 
vn 0 0 -1 
vn 0 0 -1 
vn 0 0 -1 
vn 0 0 -1 

vt 23.9829 -15.0907 
vt 24.0171 -15.0961 
vt 24.0171 -14.8988 
vt 24 -14.8988 
vt 23.9829 -14.8988 
vt 24.0171 -14.8988 
vt 24 -14.9165 
vt 24.0171 -14.9165 
vt 24 -14.8988 
vt 23.9829 -14.9165 
vt 23.9829 -14.8988 
vt 24 -14.9599 
vt 24.0171 -14.9639 
vt 23.9829 -14.9639 
vt 24 -14.9901 
vt 24.0171 -14.9941 
vt 23.9829 -14.9941 
vt 24 -15.0926 
vt 24.0171 -15.0907 
vt 23.9829 -15.0907 
vt 24.0171 -14.9165 
vt 24.0297 -14.954 
vt 24.021 -14.954 
vt 24.021 -14.954 
vt 24 -14.954 
vt 24 -14.9165 
vt 23.9829 -14.9165 
vt 23.979 -14.954 
vt 24.0412 -14.9829 
vt 24.0069 -15.0171 
vt 24.0412 -15.0171 
vt 24.0483 -15 
vt 24.0241 -15.0242 
vt 24.0069 -14.9829 
vt 24.0241 -14.9758 
vt 23.9999 -15 
vt 23.9886 -14.9829 
vt 23.9886 -15.0171 
vt 23.9815 -15 
vt 23.979 -14.9829 
vt 23.979 -15.0171 
vt 23.9719 -15 
vt 23.9588 -14.8988 
vt 23.9517 -14.8988 
vt 24.0114 -14.8988 
vt 24.0281 -14.8988 
vt 24.021 -14.9165 
vt 24.0478 -14.9639 
vt 23.955 -14.954 
vt 23.9463 -14.954 
vt 23.9931 -14.9165 
vt 23.997 -14.954 
vt 23.976 -14.954 
vt 23.9588 -14.8988 
vt 23.9588 -14.9165 
vt 23.955 -14.954 
vt 23.9759 -14.8988 
vt 23.9759 -14.9165 
vt 23.9931 -14.8988 
vt 24.0114 -14.9165 
vt 24.0114 -14.8988 
vt 24.021 -14.9165 
vt 24.021 -14.8988 
vt 24.04 -14.9694 
vt 24.0478 -14.9639 
vt 24.0478 -14.9941 
vt 24.04 -14.9995 
vt 24.0478 -15.0907 
vt 24.04 -15.0961 
vt 24.0171 -15.0907 
vt 23.9829 -15.0961 
vt 24.0171 -14.8988 
vt 23.9829 -14.8988 
vt 23.9829 -14.8988 
vt 24 -14.8988 
vt 24.0171 -14.8988 
vt 23.9829 -14.9639 
vt 24.0171 -14.9639 
vt 23.9829 -14.9165 
vt 23.979 -14.954 
vt 24 -14.954 
vt 24.0297 -14.954 
vt 23.9829 -14.8988 
vt 24 -14.8988 
vt 24 -14.9165 
vt 24.0171 -14.8988 
vt 24.0171 -14.9165 
vt 24.021 -14.954 
vt 24 -14.9642 
vt 24.0171 -14.9165 
vt 24 -14.9165 
vt 23.9829 -14.9165 
vt 24.0171 -14.9694 
vt 23.9829 -14.9694 
vt 24 -14.9944 
vt 24.0171 -14.9995 
vt 23.9829 -14.9995 
vt 24 -15.1012 
vt 24.0171 -15.0961 
vt 23.9829 -15.0961 
vt 24.0406 -15 
vt 24.0478 -14.9829 
vt 24.04 -14.9829 
vt 24.0537 -15 
vt 24.0478 -15.0171 
vt 24.04 -15.0171 
vt 24.0114 -15.0171 
vt 24.0001 -15 
vt 23.9931 -15.0171 
vt 24.0216 -15 
vt 24.0114 -14.9829 
vt 23.9931 -14.9829 
vt 24.0069 -14.8988 
vt 24.0412 -14.8988 
vt 24.0483 -14.8988 
vt 24.0069 -14.9165 
vt 24.024 -14.954 
vt 24.0241 -14.9165 
vt 24.003 -14.954 
vt 24.0412 -14.9165 
vt 24.045 -14.954 
vt 24.0412 -14.8988 
vt 24.0241 -14.8988 
vt 24.0069 -14.8988 
vt 23.9886 -14.8988 
vt 23.9886 -14.9165 
vt 23.979 -14.8988 
vt 23.979 -14.9165 
vt 23.96 -14.9694 
vt 23.9522 -14.9639 
vt 23.9522 -14.9941 
vt 23.96 -14.9995 
vt 23.9522 -15.0907 
vt 23.96 -15.0961 

usemtl Meshpart3Mtl

f 913/913/913 914/914/914 915/915/915 
f 914/914/914 913/913/913 916/916/916 
f 916/916/916 917/917/917 914/914/914 
f 917/917/917 916/916/916 918/918/918 
f 914/914/914 919/919/919 915/915/915 
f 917/917/917 919/919/919 914/914/914 
f 920/920/920 915/915/915 919/919/919 
f 919/919/919 917/917/917 921/921/921 
f 920/920/920 919/919/919 922/922/922 
f 921/921/921 922/922/922 919/919/919 
f 923/923/923 920/920/920 922/922/922 
f 922/922/922 921/921/921 924/924/924 
f 922/922/922 925/925/925 923/923/923 
f 924/924/924 925/925/925 922/922/922 
f 926/926/926 923/923/923 925/925/925 
f 925/925/925 924/924/924 927/927/927 
f 928/928/928 932/932/932 930/930/930 
f 932/932/932 928/928/928 933/933/933 
f 934/934/934 932/932/932 933/933/933 
f 932/932/932 934/934/934 935/935/935 
f 936/936/936 937/937/937 938/938/938 
f 936/936/936 938/938/938 939/939/939 
f 938/938/938 937/937/937 940/940/940 
f 936/936/936 941/941/941 937/937/937 
f 941/941/941 936/936/936 942/942/942 
f 937/937/937 941/941/941 943/943/943 
f 943/943/943 941/941/941 944/944/944 
f 943/943/943 945/945/945 937/937/937 
f 946/946/946 943/943/943 944/944/944 
f 945/945/945 943/943/943 946/946/946 
f 946/946/946 944/944/944 947/947/947 
f 946/946/946 948/948/948 945/945/945 
f 947/947/947 949/949/949 946/946/946 
f 948/948/948 946/946/946 949/949/949 
f 959/959/959 958/958/958 960/960/960 
f 962/962/962 964/964/964 961/961/961 
f 960/960/960 962/962/962 963/963/963 
f 965/965/965 964/964/964 962/962/962 
f 962/962/962 960/960/960 965/965/965 
f 965/965/965 966/966/966 964/964/964 
f 960/960/960 958/958/958 965/965/965 
f 958/958/958 966/966/966 965/965/965 
f 967/967/967 966/966/966 958/958/958 
f 966/966/966 967/967/967 968/968/968 
f 969/969/969 968/968/968 967/967/967 
f 968/968/968 969/969/969 970/970/970 
f 967/967/967 971/971/971 969/969/969 
f 972/972/972 969/969/969 971/971/971 
f 971/971/971 973/973/973 972/972/972 
f 973/973/973 971/971/971 974/974/974 
f 974/974/974 975/975/975 973/973/973 
f 975/975/975 974/974/974 976/976/976 
f 988/988/988 986/986/986 987/987/987 
f 990/990/990 986/986/986 991/991/991 
f 986/986/986 992/992/992 991/991/991 
f 991/991/991 992/992/992 993/993/993 
f 986/986/986 988/988/988 992/992/992 
f 992/992/992 994/994/994 993/993/993 
f 992/992/992 988/988/988 994/994/994 
f 995/995/995 994/994/994 988/988/988 
f 996/996/996 997/997/997 998/998/998 
f 999/999/999 996/996/996 998/998/998 
f 997/997/997 996/996/996 1000/1000/1000 
f 996/996/996 999/999/999 1001/1001/1001 
f 1002/1002/1002 1000/1000/1000 996/996/996 
f 1001/1001/1001 1002/1002/1002 996/996/996 
f 1000/1000/1000 1002/1002/1002 1003/1003/1003 
f 1002/1002/1002 1001/1001/1001 1004/1004/1004 
f 1005/1005/1005 1003/1003/1003 1002/1002/1002 
f 1004/1004/1004 1005/1005/1005 1002/1002/1002 
f 1003/1003/1003 1005/1005/1005 1006/1006/1006 
f 1005/1005/1005 1004/1004/1004 1007/1007/1007 
f 1008/1008/1008 1009/1009/1009 1010/1010/1010 
f 1009/1009/1009 1008/1008/1008 1011/1011/1011 
f 1008/1008/1008 1012/1012/1012 1011/1011/1011 
f 1012/1012/1012 1008/1008/1008 1013/1013/1013 
f 1014/1014/1014 1015/1015/1015 1016/1016/1016 
f 1015/1015/1015 1014/1014/1014 1017/1017/1017 
f 1018/1018/1018 1015/1015/1015 1017/1017/1017 
f 1015/1015/1015 1018/1018/1018 1019/1019/1019 
f 1023/1023/1023 1024/1024/1024 1025/1025/1025 
f 1024/1024/1024 1023/1023/1023 1026/1026/1026 
f 1025/1025/1025 1024/1024/1024 1027/1027/1027 
f 1024/1024/1024 1028/1028/1028 1027/1027/1027 
f 1029/1029/1029 1025/1025/1025 1027/1027/1027 
f 1029/1029/1029 1030/1030/1030 1025/1025/1025 
f 1030/1030/1030 1023/1023/1023 1025/1025/1025 
f 1030/1030/1030 1031/1031/1031 1023/1023/1023 
f 1032/1032/1032 1023/1023/1023 1031/1031/1031 
f 1023/1023/1023 1032/1032/1032 1033/1033/1033 
f 1034/1034/1034 1033/1033/1033 1032/1032/1032 
f 1033/1033/1033 1034/1034/1034 1035/1035/1035 
f 1035/1035/1035 1036/1036/1036 1033/1033/1033 
f 1036/1036/1036 1035/1035/1035 1037/1037/1037 
f 1037/1037/1037 1038/1038/1038 1036/1036/1036 
f 1039/1039/1039 1036/1036/1036 1038/1038/1038 
f 1038/1038/1038 1040/1040/1040 1039/1039/1039 
f 1041/1041/1041 1039/1039/1039 1040/1040/1040 

g Meshpart4

v -439.949 4.56894 0.406132 
v -439.949 5.81656 0.406132 
v -439.876 4.56894 0.230194 
v -439.876 5.81656 0.230194 
v -439.949 4.56894 0.0542561 
v -439.949 5.81656 0.0542561 
v -440.301 5.81656 0.406132 
v -440.301 4.56894 0.406132 
v -440.125 4.56894 0.479008 
v -440.125 5.81656 0.479008 
v -439.949 4.56894 0.406132 
v -439.949 5.81656 0.406132 
v -440.301 5.81656 0.406132 
v -440.301 4.56894 0.406132 
v -440.374 5.81656 0.230194 
v -440.374 4.56894 0.230194 
v -440.301 5.81656 0.0542561 
v -440.301 4.56894 0.0542561 
v -440.301 5.81656 0.0542561 
v -440.301 4.56894 0.0542561 
v -440.125 5.81656 -0.0186199 
v -440.125 4.56894 -0.0186199 
v -439.949 4.56894 0.0542561 
v -439.949 5.81656 0.0542561 

vn 0.708661 0 0.708661 
vn 0.708661 0 0.708661 
vn 1 0 0 
vn 1 0 0 
vn 0.708661 0 -0.708661 
vn 0.708661 0 -0.708661 
vn -0.708661 0 0.708661 
vn -0.708661 0 0.708661 
vn 0 0 1 
vn 0 0 1 
vn 0.708661 0 0.708661 
vn 0.708661 0 0.708661 
vn -0.708661 0 0.708661 
vn -0.708661 0 0.708661 
vn -1 0 0 
vn -1 0 0 
vn -0.708661 0 -0.708661 
vn -0.708661 0 -0.708661 
vn -0.708661 0 -0.708661 
vn -0.708661 0 -0.708661 
vn 0 0 -1 
vn 0 0 -1 
vn 0.708661 0 -0.708661 
vn 0.708661 0 -0.708661 

vt 57.978 -13.078 
vt 57.978 -12.922 
vt 58 -13.078 
vt 58 -12.922 
vt 58.022 -13.078 
vt 58.022 -12.922 
vt 57.978 -12.922 
vt 57.978 -13.078 
vt 58 -13.078 
vt 58 -12.922 
vt 58.022 -13.078 
vt 58.022 -12.922 
vt 58.022 -12.922 
vt 58.022 -13.078 
vt 58 -12.922 
vt 58 -13.078 
vt 57.978 -12.922 
vt 57.978 -13.078 
vt 58.022 -12.922 
vt 58.022 -13.078 
vt 58 -12.922 
vt 58 -13.078 
vt 57.978 -13.078 
vt 57.978 -12.922 

usemtl Meshpart4Mtl

f 1044/1044/1044 1043/1043/1043 1042/1042/1042 
f 1043/1043/1043 1044/1044/1044 1045/1045/1045 
f 1046/1046/1046 1045/1045/1045 1044/1044/1044 
f 1045/1045/1045 1046/1046/1046 1047/1047/1047 
f 1048/1048/1048 1049/1049/1049 1050/1050/1050 
f 1050/1050/1050 1051/1051/1051 1048/1048/1048 
f 1051/1051/1051 1050/1050/1050 1052/1052/1052 
f 1052/1052/1052 1053/1053/1053 1051/1051/1051 
f 1056/1056/1056 1055/1055/1055 1054/1054/1054 
f 1056/1056/1056 1057/1057/1057 1055/1055/1055 
f 1058/1058/1058 1057/1057/1057 1056/1056/1056 
f 1058/1058/1058 1059/1059/1059 1057/1057/1057 
f 1062/1062/1062 1061/1061/1061 1060/1060/1060 
f 1061/1061/1061 1062/1062/1062 1063/1063/1063 
f 1065/1065/1065 1063/1063/1063 1062/1062/1062 
f 1063/1063/1063 1065/1065/1065 1064/1064/1064 

g Meshpart5

v -440.125 4.36001 -0.136215 
v -439.901 4.30421 0.454227 
v -439.866 4.36001 0.489285 
v -439.759 4.36001 0.230195 
v -439.808 4.30421 0.230195 
v -439.901 4.30421 0.00616308 
v -439.866 4.36001 -0.0288949 
v -439.808 6.08129 0.230195 
v -439.901 6.08129 0.454227 
v -439.759 6.02549 0.230195 
v -439.866 6.02549 0.489285 
v -439.901 6.08129 0.00616308 
v -439.866 6.02549 -0.0288949 
v -440.347 4.96302 0.00799307 
v -440.325 4.88128 0.230195 
v -440.406 4.88128 0.149575 
v -440.406 4.71779 0.149575 
v -440.325 4.71779 0.230195 
v -440.125 4.96302 0.230195 
v -440.125 4.63605 0.230195 
v -440.125 4.88128 0.430421 
v -440.044 4.88128 0.511041 
v -440.125 4.71779 0.430421 
v -440.044 4.71779 0.511041 
v -439.903 4.63605 0.452397 
v -439.903 4.99434 0.452397 
v -439.903 4.96302 0.452397 
v -439.844 4.88128 0.310815 
v -439.811 4.99434 0.230195 
v -440.044 4.71779 0.511041 
v -439.903 4.60673 0.452397 
v -439.903 4.63605 0.452397 
v -439.844 4.71779 0.310815 
v -439.811 4.60673 0.230195 
v -439.903 4.99434 0.00799307 
v -440.044 4.71779 -0.0506509 
v -439.903 4.96302 0.00799307 
v -439.903 4.60673 0.00799307 
v -439.844 4.88128 0.149575 
v -439.903 4.63605 0.00799307 
v -439.844 4.71779 0.149575 
v -439.866 4.36001 0.489285 
v -439.866 4.55093 0.489285 
v -439.759 4.36001 0.230195 
v -439.759 4.55093 0.230195 
v -439.866 4.36001 -0.0288949 
v -439.866 4.55093 -0.0288949 
v -440.125 5.83457 0.596603 
v -439.866 5.83457 0.489285 
v -439.866 6.02549 0.489285 
v -439.759 6.02549 0.230195 
v -439.759 5.83457 0.230195 
v -439.866 6.02549 -0.0288949 
v -439.866 5.83457 -0.0288949 
v -439.903 5.39116 0.452397 
v -439.903 5.42248 0.452397 
v -439.844 5.50422 0.310815 
v -440.044 5.66771 0.511041 
v -439.811 5.39116 0.230195 
v -439.903 5.77877 0.452397 
v -439.903 5.74945 0.452397 
v -439.844 5.66771 0.310815 
v -439.811 5.77877 0.230195 
v -439.844 5.50422 0.149575 
v -439.903 5.39116 0.00799307 
v -439.844 5.66771 0.149575 
v -439.903 5.42248 0.00799307 
v -439.903 5.77877 0.00799307 
v -439.903 5.74945 0.00799307 
v -440.044 5.66771 -0.0506509 
v -440.125 5.66771 0.0299691 
v -440.125 5.74945 0.230195 
v -440.044 5.66771 -0.0506509 
v -440.125 5.50422 0.0299691 
v -440.044 5.50422 -0.0506509 
v -440.325 5.66771 0.230195 
v -440.406 5.66771 0.149575 
v -440.406 5.50422 0.149575 
v -440.325 5.50422 0.230195 
v -440.347 5.42248 0.00799307 
v -440.125 5.66771 0.430421 
v -440.044 5.66771 0.511041 
v -440.125 5.50422 0.430421 
v -440.044 5.50422 0.511041 
v -439.903 5.42248 0.452397 
v -440.206 5.66771 0.511041 
v -440.347 5.42248 0.452397 
v -440.325 5.66771 0.230195 
v -440.406 5.66771 0.310815 
v -440.406 5.50422 0.310815 
v -440.325 5.50422 0.230195 
v -440.125 4.88128 0.0299691 
v -439.903 4.96302 0.00799307 
v -440.044 4.88128 -0.0506509 
v -440.125 4.71779 0.0299691 
v -440.044 4.71779 -0.0506509 
v -439.925 4.88128 0.230195 
v -439.844 4.71779 0.149575 
v -440.347 4.96302 0.452397 
v -440.325 4.88128 0.230195 
v -440.406 4.88128 0.310815 
v -440.406 4.71779 0.310815 
v -440.325 4.71779 0.230195 
v -439.901 4.60673 0.454227 
v -439.866 4.55093 0.489285 
v -439.759 4.55093 0.230195 
v -439.808 4.60673 0.230195 
v -439.901 4.60673 0.00616308 
v -439.866 4.55093 -0.0288949 
v -439.901 5.77877 0.454227 
v -439.866 5.83457 0.489285 
v -439.759 5.83457 0.230195 
v -439.808 5.77877 0.230195 
v -439.901 5.77877 0.00616308 
v -439.866 5.83457 -0.0288949 
v -440.125 6.08129 -0.0866329 
v -440.125 6.08129 0.547023 
v -439.808 6.08129 0.230195 
v -439.901 6.08129 0.454227 
v -439.866 6.02549 0.489285 
v -439.901 6.08129 0.00616308 
v -439.866 6.02549 -0.0288949 
v -440.349 6.08129 0.454227 
v -440.384 6.02549 0.489285 
v -440.442 6.08129 0.230195 
v -440.349 6.08129 0.00616308 
v -440.384 6.02549 -0.0288949 
v -440.406 4.71779 0.149575 
v -440.325 4.71779 0.230195 
v -440.347 4.63605 0.00799307 
v -440.125 4.63605 0.230195 
v -440.206 4.71779 -0.0506509 
v -440.125 4.71779 0.0299691 
v -440.125 4.71779 0.430421 
v -440.044 4.71779 0.511041 
v -439.903 4.63605 0.452397 
v -439.925 4.71779 0.230195 
v -439.844 4.71779 0.310815 
v -440.406 4.71779 0.310815 
v -440.044 4.71779 -0.0506509 
v -440.125 4.55093 0.596603 
v -439.866 4.55093 0.489285 
v -439.759 4.55093 0.230195 
v -440.384 4.55093 -0.0288949 
v -439.866 5.83457 0.489285 
v -440.491 5.83457 0.230195 
v -440.125 5.83457 -0.136215 
v -440.384 5.83457 -0.0288949 
v -440.206 5.50422 0.511041 
v -440.406 5.50422 0.310815 
v -439.903 5.42248 0.452397 
v -439.844 5.50422 0.149575 
v -440.044 5.50422 -0.0506509 
v -440.347 5.42248 0.00799307 
v -440.125 5.50422 0.0299691 
v -439.844 5.50422 0.149575 
v -440.044 5.50422 -0.0506509 
v -439.925 5.50422 0.230195 
v -439.903 5.42248 0.00799307 
v -440.125 5.42248 0.230195 
v -440.406 5.50422 0.149575 
v -440.325 5.50422 0.230195 
v -440.347 5.42248 0.00799307 
v -440.206 5.50422 -0.0506509 
v -440.125 5.50422 0.0299691 
v -440.125 5.50422 0.430421 
v -440.044 5.50422 0.511041 
v -439.903 5.42248 0.452397 
v -439.925 5.50422 0.230195 
v -439.844 5.50422 0.310815 
v -440.125 5.50422 0.430421 
v -440.206 5.50422 0.511041 
v -440.347 5.42248 0.452397 
v -440.406 5.50422 0.310815 
v -440.325 5.50422 0.230195 
v -440.125 4.71779 0.0299691 
v -440.044 4.71779 -0.0506509 
v -439.903 4.63605 0.00799307 
v -439.844 4.71779 0.149575 
v -439.925 4.71779 0.230195 
v -440.406 4.71779 0.310815 
v -440.206 4.71779 0.511041 
v -440.325 4.71779 0.230195 
v -440.125 4.71779 0.430421 
v -440.347 4.63605 0.452397 
v -440.125 4.60673 -0.0866329 
v -440.442 4.60673 0.230195 
v -440.125 4.60673 0.547023 
v -440.349 4.60673 0.454227 
v -440.349 4.60673 0.00616308 
v -439.808 4.60673 0.230195 
v -439.901 4.60673 0.00616308 
v -439.901 4.60673 0.454227 
v -440.125 4.30421 0.547023 
v -440.349 4.30421 0.454227 
v -440.491 4.36001 0.230195 
v -440.384 4.36001 0.489285 
v -440.125 4.36001 0.596603 
v -439.901 4.30421 0.454227 
v -439.866 4.36001 0.489285 
v -440.125 6.08129 0.547023 
v -439.901 6.08129 0.454227 
v -439.866 6.02549 0.489285 
v -440.125 6.02549 0.596603 
v -440.349 6.08129 0.454227 
v -440.384 6.02549 0.489285 
v -440.044 4.71779 0.511041 
v -439.903 4.63605 0.452397 
v -439.925 4.88128 0.230195 
v -439.844 4.71779 0.310815 
v -440.125 4.60673 0.544435 
v -440.044 4.88128 0.511041 
v -440.125 4.99434 0.544435 
v -439.903 4.99434 0.452397 
v -439.903 4.96302 0.452397 
v -440.044 4.71779 0.511041 
v -440.206 4.88128 0.511041 
v -440.347 4.99434 0.452397 
v -440.347 4.96302 0.452397 
v -440.206 4.71779 0.511041 
v -439.903 4.60673 0.452397 
v -440.347 4.60673 0.452397 
v -439.903 4.63605 0.452397 
v -440.347 4.63605 0.452397 
v -440.406 4.71779 0.310815 
v -440.125 4.36001 0.596603 
v -439.866 4.36001 0.489285 
v -440.125 4.55093 0.596603 
v -439.866 4.55093 0.489285 
v -440.384 4.55093 0.489285 
v -440.384 4.36001 0.489285 
v -440.125 5.83457 0.596603 
v -439.866 5.83457 0.489285 
v -439.866 6.02549 0.489285 
v -440.125 6.02549 0.596603 
v -440.384 5.83457 0.489285 
v -440.384 6.02549 0.489285 
v -440.347 5.39116 0.452397 
v -440.125 5.39116 0.544435 
v -440.206 5.50422 0.511041 
v -440.347 5.42248 0.452397 
v -440.125 5.77877 0.544435 
v -440.206 5.66771 0.511041 
v -440.044 5.50422 0.511041 
v -439.903 5.39116 0.452397 
v -439.903 5.42248 0.452397 
v -440.044 5.66771 0.511041 
v -440.347 5.77877 0.452397 
v -439.903 5.77877 0.452397 
v -440.347 5.74945 0.452397 
v -439.903 5.74945 0.452397 
v -440.125 5.74945 0.230195 
v -440.044 5.66771 -0.0506509 
v -440.125 5.50422 0.0299691 
v -439.903 5.42248 0.00799307 
v -440.125 5.42248 0.230195 
v -440.406 5.66771 0.149575 
v -440.347 5.42248 0.00799307 
v -440.125 5.50422 0.0299691 
v -439.903 5.42248 0.452397 
v -439.925 5.66771 0.230195 
v -440.125 4.60673 0.547023 
v -440.349 4.60673 0.454227 
v -440.125 4.55093 0.596603 
v -439.901 4.60673 0.454227 
v -440.384 4.55093 0.489285 
v -439.866 4.55093 0.489285 
v -440.349 5.77877 0.454227 
v -440.125 5.77877 0.547023 
v -440.125 5.83457 0.596603 
v -439.901 5.77877 0.454227 
v -440.384 5.83457 0.489285 
v -439.866 5.83457 0.489285 
v -440.442 4.30421 0.230195 
v -440.349 4.30421 0.454227 
v -440.491 4.36001 0.230195 
v -440.384 4.36001 0.489285 
v -440.349 4.30421 0.00616308 
v -440.384 4.36001 -0.0288949 
v -440.349 6.08129 0.454227 
v -440.384 6.02549 0.489285 
v -440.491 6.02549 0.230195 
v -440.442 6.08129 0.230195 
v -440.349 6.08129 0.00616308 
v -440.384 6.02549 -0.0288949 
v -440.347 4.96302 0.00799307 
v -440.347 4.63605 0.00799307 
v -440.125 4.96302 0.230195 
v -440.125 4.63605 0.230195 
v -440.125 4.88128 0.0299691 
v -440.206 4.88128 -0.0506509 
v -440.206 4.71779 -0.0506509 
v -440.125 4.71779 0.0299691 
v -439.903 4.96302 0.452397 
v -440.044 4.71779 0.511041 
v -439.925 4.88128 0.230195 
v -439.844 4.88128 0.310815 
v -439.925 4.71779 0.230195 
v -439.844 4.71779 0.310815 
v -440.347 4.99434 0.452397 
v -440.347 4.96302 0.452397 
v -440.406 4.88128 0.310815 
v -440.439 4.99434 0.230195 
v -440.347 4.60673 0.452397 
v -440.347 4.63605 0.452397 
v -440.406 4.71779 0.310815 
v -440.439 4.60673 0.230195 
v -440.406 4.88128 0.149575 
v -440.347 4.99434 0.00799307 
v -440.406 4.71779 0.149575 
v -440.347 4.96302 0.00799307 
v -440.347 4.60673 0.00799307 
v -440.347 4.63605 0.00799307 
v -440.206 4.71779 -0.0506509 
v -440.384 4.55093 0.489285 
v -440.384 4.36001 0.489285 
v -440.491 4.55093 0.230195 
v -440.491 4.36001 0.230195 
v -440.384 4.55093 -0.0288949 
v -440.384 4.36001 -0.0288949 
v -440.125 4.55093 -0.136215 
v -440.384 5.83457 0.489285 
v -440.384 6.02549 0.489285 
v -440.491 5.83457 0.230195 
v -440.491 6.02549 0.230195 
v -440.384 5.83457 -0.0288949 
v -440.384 6.02549 -0.0288949 
v -440.347 5.39116 0.452397 
v -440.206 5.50422 0.511041 
v -440.347 5.42248 0.452397 
v -440.406 5.50422 0.310815 
v -440.439 5.39116 0.230195 
v -440.347 5.77877 0.452397 
v -440.347 5.74945 0.452397 
v -440.406 5.66771 0.310815 
v -440.439 5.77877 0.230195 
v -440.347 5.39116 0.00799307 
v -440.347 5.42248 0.00799307 
v -440.347 5.77877 0.00799307 
v -440.406 5.50422 0.149575 
v -440.347 5.74945 0.00799307 
v -440.406 5.66771 0.149575 
v -439.925 5.66771 0.230195 
v -439.903 5.42248 0.00799307 
v -440.125 5.42248 0.230195 
v -440.125 5.66771 0.0299691 
v -440.206 5.66771 -0.0506509 
v -440.206 5.50422 -0.0506509 
v -440.125 5.50422 0.0299691 
v -439.903 5.42248 0.452397 
v -439.925 5.66771 0.230195 
v -439.844 5.66771 0.310815 
v -439.925 5.50422 0.230195 
v -439.844 5.50422 0.310815 
v -440.125 5.66771 0.430421 
v -440.206 5.66771 0.511041 
v -440.125 5.50422 0.430421 
v -440.206 5.50422 0.511041 
v -440.347 5.42248 0.452397 
v -439.903 4.96302 0.00799307 
v -440.044 4.71779 -0.0506509 
v -439.925 4.88128 0.230195 
v -439.844 4.71779 0.149575 
v -440.125 4.88128 0.430421 
v -440.206 4.88128 0.511041 
v -440.206 4.71779 0.511041 
v -440.125 4.71779 0.430421 
v -440.349 4.60673 0.454227 
v -440.384 4.55093 0.489285 
v -440.491 4.55093 0.230195 
v -440.442 4.60673 0.230195 
v -440.349 4.60673 0.00616308 
v -440.384 4.55093 -0.0288949 
v -440.349 5.77877 0.454227 
v -440.384 5.83457 0.489285 
v -440.491 5.83457 0.230195 
v -440.442 5.77877 0.230195 
v -440.349 5.77877 0.00616308 
v -440.384 5.83457 -0.0288949 
v -440.125 4.30421 -0.0866329 
v -440.125 4.30421 0.547023 
v -440.442 4.30421 0.230195 
v -440.349 4.30421 0.454227 
v -440.491 4.36001 0.230195 
v -440.384 4.36001 0.489285 
v -440.349 4.30421 0.00616308 
v -440.384 4.36001 -0.0288949 
v -440.125 4.36001 -0.136215 
v -439.901 4.30421 0.454227 
v -439.866 4.36001 0.489285 
v -439.808 4.30421 0.230195 
v -439.901 4.30421 0.00616308 
v -439.866 4.36001 -0.0288949 
v -440.347 4.96302 0.00799307 
v -440.325 4.88128 0.230195 
v -440.406 4.88128 0.149575 
v -440.347 4.63605 0.00799307 
v -440.125 4.96302 0.230195 
v -440.125 4.88128 0.0299691 
v -440.206 4.88128 -0.0506509 
v -439.903 4.96302 0.452397 
v -440.125 4.88128 0.430421 
v -440.044 4.88128 0.511041 
v -439.903 4.63605 0.452397 
v -439.925 4.88128 0.230195 
v -439.844 4.88128 0.310815 
v -440.406 4.71779 0.310815 
v -440.044 4.71779 -0.0506509 
v -440.125 4.55093 0.596603 
v -439.866 4.55093 0.489285 
v -439.759 4.55093 0.230195 
v -440.384 4.55093 -0.0288949 
v -439.866 5.83457 0.489285 
v -440.491 5.83457 0.230195 
v -440.125 5.83457 -0.136215 
v -440.384 5.83457 -0.0288949 
v -440.206 5.50422 0.511041 
v -439.903 5.42248 0.452397 
v -439.844 5.50422 0.149575 
v -440.347 5.42248 0.00799307 
v -440.125 5.66771 0.0299691 
v -439.903 5.74945 0.00799307 
v -440.125 5.74945 0.230195 
v -439.925 5.66771 0.230195 
v -440.044 5.66771 -0.0506509 
v -439.844 5.66771 0.149575 
v -440.347 5.74945 0.00799307 
v -440.325 5.66771 0.230195 
v -440.406 5.66771 0.149575 
v -440.125 5.66771 0.0299691 
v -440.206 5.66771 -0.0506509 
v -439.903 5.74945 0.452397 
v -440.125 5.66771 0.430421 
v -440.044 5.66771 0.511041 
v -439.925 5.66771 0.230195 
v -439.844 5.66771 0.310815 
v -440.347 5.74945 0.452397 
v -440.125 5.66771 0.430421 
v -440.206 5.66771 0.511041 
v -440.325 5.66771 0.230195 
v -440.406 5.66771 0.310815 
v -440.125 4.88128 0.0299691 
v -439.903 4.96302 0.00799307 
v -440.044 4.88128 -0.0506509 
v -439.925 4.88128 0.230195 
v -439.844 4.88128 0.149575 
v -440.347 4.96302 0.452397 
v -440.325 4.88128 0.230195 
v -440.125 4.88128 0.430421 
v -440.406 4.88128 0.310815 
v -440.206 4.88128 0.511041 
v -440.125 5.77877 0.547023 
v -439.808 5.77877 0.230195 
v -439.901 5.77877 0.454227 
v -440.442 5.77877 0.230195 
v -440.349 5.77877 0.454227 
v -440.125 5.77877 -0.0866329 
v -439.901 5.77877 0.00616308 
v -440.349 5.77877 0.00616308 
v -440.125 4.30421 -0.0866329 
v -440.349 4.30421 0.00616308 
v -440.384 4.36001 -0.0288949 
v -440.125 4.36001 -0.136215 
v -439.901 4.30421 0.00616308 
v -439.866 4.36001 -0.0288949 
v -440.125 6.08129 -0.0866329 
v -439.808 6.08129 0.230195 
v -439.901 6.08129 0.00616308 
v -439.866 6.02549 -0.0288949 
v -440.125 6.02549 -0.136215 
v -440.349 6.08129 0.00616308 
v -440.384 6.02549 -0.0288949 
v -440.347 4.63605 0.00799307 
v -440.125 4.63605 0.230195 
v -439.903 4.96302 0.452397 
v -440.125 4.88128 0.430421 
v -440.044 4.71779 0.511041 
v -440.347 4.99434 0.00799307 
v -440.347 4.96302 0.00799307 
v -440.347 4.60673 0.00799307 
v -440.206 4.88128 -0.0506509 
v -440.347 4.63605 0.00799307 
v -440.206 4.71779 -0.0506509 
v -440.125 4.99434 -0.0840449 
v -440.125 4.60673 -0.0840449 
v -440.044 4.88128 -0.0506509 
v -439.903 4.99434 0.00799307 
v -440.044 4.71779 -0.0506509 
v -439.903 4.96302 0.00799307 
v -439.903 4.60673 0.00799307 
v -439.903 4.63605 0.00799307 
v -439.866 4.36001 -0.0288949 
v -439.866 4.55093 -0.0288949 
v -440.384 4.55093 -0.0288949 
v -440.125 4.36001 -0.136215 
v -440.384 4.36001 -0.0288949 
v -440.125 4.55093 -0.136215 
v -439.866 6.02549 -0.0288949 
v -439.866 5.83457 -0.0288949 
v -440.125 6.02549 -0.136215 
v -440.125 5.83457 -0.136215 
v -440.384 5.83457 -0.0288949 
v -440.384 6.02549 -0.0288949 
v -439.844 5.50422 0.149575 
v -439.903 5.39116 0.00799307 
v -439.903 5.42248 0.00799307 
v -439.903 5.77877 0.00799307 
v -440.044 5.50422 -0.0506509 
v -439.903 5.74945 0.00799307 
v -440.044 5.66771 -0.0506509 
v -440.125 5.39116 -0.0840449 
v -440.125 5.77877 -0.0840449 
v -440.206 5.50422 -0.0506509 
v -440.347 5.39116 0.00799307 
v -440.206 5.66771 -0.0506509 
v -440.347 5.42248 0.00799307 
v -440.347 5.77877 0.00799307 
v -440.347 5.74945 0.00799307 
v -440.125 5.74945 0.230195 
v -439.925 5.66771 0.230195 
v -439.844 5.66771 0.149575 
v -439.844 5.50422 0.149575 
v -439.925 5.50422 0.230195 
v -439.903 5.42248 0.00799307 
v -440.125 5.42248 0.230195 
v -440.406 5.66771 0.149575 
v -440.325 5.50422 0.230195 
v -440.125 5.66771 0.430421 
v -439.903 5.42248 0.452397 
v -440.125 5.66771 0.430421 
v -440.347 5.42248 0.452397 
v -439.925 4.88128 0.230195 
v -439.844 4.88128 0.149575 
v -439.844 4.71779 0.149575 
v -439.925 4.71779 0.230195 
v -440.347 4.96302 0.452397 
v -440.125 4.88128 0.430421 
v -440.406 4.71779 0.310815 
v -440.349 4.60673 0.00616308 
v -439.901 4.60673 0.00616308 
v -440.384 4.55093 -0.0288949 
v -439.866 4.55093 -0.0288949 
v -440.125 4.55093 -0.136215 
v -440.125 4.60673 -0.0866329 
v -440.349 5.77877 0.00616308 
v -439.901 5.77877 0.00616308 
v -440.384 5.83457 -0.0288949 
v -439.866 5.83457 -0.0288949 
v -440.125 5.83457 -0.136215 
v -440.125 5.77877 -0.0866329 

vn 0 -0.661417 -0.748031 
vn 0.346457 -0.874016 0.346457 
vn 0.527559 -0.661417 0.527559 
vn 0.748031 -0.661417 0 
vn 0.488189 -0.874016 0 
vn 0.346457 -0.874016 -0.346457 
vn 0.527559 -0.661417 -0.527559 
vn 0.488189 0.874016 0 
vn 0.346457 0.874016 0.346457 
vn 0.748031 0.661417 0 
vn 0.527559 0.661417 0.527559 
vn 0.346457 0.874016 -0.346457 
vn 0.527559 0.661417 -0.527559 
vn 0 -1 0 
vn 0.574803 -0.590551 -0.574803 
vn 0.590551 -0.551181 -0.590551 
vn 0.590551 0.551181 -0.590551 
vn 0.574803 0.590551 -0.574803 
vn 0 -1 0 
vn 0 1 0 
vn 0.574803 -0.590551 -0.574803 
vn 0.590551 -0.551181 -0.590551 
vn 0.574803 0.590551 -0.574803 
vn 0.590551 0.551181 -0.590551 
vn 0 1 0 
vn 0.708661 0 0.708661 
vn 0.708661 0 0.708661 
vn 0.92126 0 0.385827 
vn 1 0 0 
vn 0.385827 0 0.92126 
vn 0.708661 0 0.708661 
vn 0.708661 0 0.708661 
vn 0.92126 0 0.385827 
vn 1 0 0 
vn 0.708661 0 -0.708661 
vn 0.385827 0 -0.92126 
vn 0.708661 0 -0.708661 
vn 0.708661 0 -0.708661 
vn 0.92126 0 -0.385827 
vn 0.708661 0 -0.708661 
vn 0.92126 0 -0.385827 
vn 0.708661 0 0.708661 
vn 0.708661 0 0.708661 
vn 1 0 0 
vn 1 0 0 
vn 0.708661 0 -0.708661 
vn 0.708661 0 -0.708661 
vn 0 0 1 
vn 0.708661 0 0.708661 
vn 0.708661 0 0.708661 
vn 1 0 0 
vn 1 0 0 
vn 0.708661 0 -0.708661 
vn 0.708661 0 -0.708661 
vn 0.708661 0 0.708661 
vn 0.708661 0 0.708661 
vn 0.92126 0 0.385827 
vn 0.385827 0 0.92126 
vn 1 0 0 
vn 0.708661 0 0.708661 
vn 0.708661 0 0.708661 
vn 0.92126 0 0.385827 
vn 1 0 0 
vn 0.92126 0 -0.385827 
vn 0.708661 0 -0.708661 
vn 0.92126 0 -0.385827 
vn 0.708661 0 -0.708661 
vn 0.708661 0 -0.708661 
vn 0.708661 0 -0.708661 
vn 0.385827 0 -0.92126 
vn 0.574803 -0.590551 0.574803 
vn 0 -1 0 
vn 0.590551 -0.551181 0.590551 
vn 0.574803 0.590551 0.574803 
vn 0.590551 0.551181 0.590551 
vn 0.574803 -0.590551 -0.574803 
vn 0.590551 -0.551181 -0.590551 
vn 0.590551 0.551181 -0.590551 
vn 0.574803 0.590551 -0.574803 
vn 0 1 0 
vn 0.574803 -0.590551 -0.574803 
vn 0.590551 -0.551181 -0.590551 
vn 0.574803 0.590551 -0.574803 
vn 0.590551 0.551181 -0.590551 
vn 0 1 0 
vn -0.590551 -0.551181 -0.590551 
vn 0 1 0 
vn 0.574803 -0.590551 0.574803 
vn 0.590551 -0.551181 0.590551 
vn 0.590551 0.551181 0.590551 
vn 0.574803 0.590551 0.574803 
vn 0.574803 -0.590551 0.574803 
vn 0 -1 0 
vn 0.590551 -0.551181 0.590551 
vn 0.574803 0.590551 0.574803 
vn 0.590551 0.551181 0.590551 
vn -0.574803 -0.590551 -0.574803 
vn -0.590551 0.551181 -0.590551 
vn 0 -1 0 
vn 0.574803 -0.590551 0.574803 
vn 0.590551 -0.551181 0.590551 
vn 0.590551 0.551181 0.590551 
vn 0.574803 0.590551 0.574803 
vn 0.527559 0.661417 0.527559 
vn 0.527559 0.661417 0.527559 
vn 0.748031 0.661417 0 
vn 0.748031 0.661417 0 
vn 0.527559 0.661417 -0.527559 
vn 0.527559 0.661417 -0.527559 
vn 0.527559 -0.661417 0.527559 
vn 0.527559 -0.661417 0.527559 
vn 0.748031 -0.661417 0 
vn 0.748031 -0.661417 0 
vn 0.527559 -0.661417 -0.527559 
vn 0.527559 -0.661417 -0.527559 
vn 0 0.874016 -0.488189 
vn 0 0.874016 0.488189 
vn 0.488189 0.874016 0 
vn 0.346457 0.874016 0.346457 
vn 0.527559 0.661417 0.527559 
vn 0.346457 0.874016 -0.346457 
vn 0.527559 0.661417 -0.527559 
vn -0.346457 0.874016 0.346457 
vn -0.527559 0.661417 0.527559 
vn -0.488189 0.874016 0 
vn -0.346457 0.874016 -0.346457 
vn -0.527559 0.661417 -0.527559 
vn 0.590551 0.551181 -0.590551 
vn 0.574803 0.590551 -0.574803 
vn 0 1 0 
vn 0 1 0 
vn -0.590551 0.551181 0.590551 
vn -0.574803 0.590551 0.574803 
vn 0.574803 0.590551 -0.574803 
vn 0.590551 0.551181 -0.590551 
vn 0 1 0 
vn -0.574803 0.590551 0.574803 
vn -0.590551 0.551181 0.590551 
vn -0.92126 0 0.385827 
vn 0.385827 0 -0.92126 
vn 0 0 1 
vn 0.708661 0 0.708661 
vn 1 0 0 
vn -0.708661 0 -0.708661 
vn 0.708661 0 0.708661 
vn -1 0 0 
vn 0 0 -1 
vn -0.708661 0 -0.708661 
vn -0.385827 0 0.92126 
vn -0.92126 0 0.385827 
vn 0.708661 0 0.708661 
vn 0.92126 0 -0.385827 
vn 0.385827 0 -0.92126 
vn -0.708661 0 -0.708661 
vn 0.574803 0.590551 0.574803 
vn -0.590551 0.551181 -0.590551 
vn 0.590551 0.551181 0.590551 
vn -0.574803 0.590551 -0.574803 
vn 0 1 0 
vn 0 1 0 
vn 0.590551 0.551181 -0.590551 
vn 0.574803 0.590551 -0.574803 
vn 0 1 0 
vn -0.590551 0.551181 0.590551 
vn -0.574803 0.590551 0.574803 
vn 0.574803 0.590551 -0.574803 
vn 0.590551 0.551181 -0.590551 
vn 0 1 0 
vn -0.574803 0.590551 0.574803 
vn -0.590551 0.551181 0.590551 
vn -0.574803 0.590551 -0.574803 
vn -0.590551 0.551181 -0.590551 
vn 0 1 0 
vn 0.590551 0.551181 0.590551 
vn 0.574803 0.590551 0.574803 
vn 0.574803 0.590551 0.574803 
vn 0.590551 0.551181 0.590551 
vn 0 1 0 
vn -0.590551 0.551181 -0.590551 
vn -0.574803 0.590551 -0.574803 
vn 0.590551 0.551181 0.590551 
vn -0.590551 0.551181 -0.590551 
vn 0.574803 0.590551 0.574803 
vn -0.574803 0.590551 -0.574803 
vn 0 1 0 
vn 0 1 0 
vn 0 1 0 
vn 0 1 0 
vn 0 1 0 
vn 0 1 0 
vn 0 1 0 
vn 0 1 0 
vn 0 1 0 
vn 0 -0.874016 0.488189 
vn -0.346457 -0.874016 0.346457 
vn -0.748031 -0.661417 0 
vn -0.527559 -0.661417 0.527559 
vn 0 -0.661417 0.748031 
vn 0.346457 -0.874016 0.346457 
vn 0.527559 -0.661417 0.527559 
vn 0 0.874016 0.488189 
vn 0.346457 0.874016 0.346457 
vn 0.527559 0.661417 0.527559 
vn 0 0.661417 0.748031 
vn -0.346457 0.874016 0.346457 
vn -0.527559 0.661417 0.527559 
vn 0.590551 0.551181 -0.590551 
vn 0 1 0 
vn -0.574803 -0.590551 0.574803 
vn -0.590551 0.551181 0.590551 
vn 0 0 1 
vn 0.385827 0 0.92126 
vn 0 0 1 
vn 0.708661 0 0.708661 
vn 0.708661 0 0.708661 
vn 0.385827 0 0.92126 
vn -0.385827 0 0.92126 
vn -0.708661 0 0.708661 
vn -0.708661 0 0.708661 
vn -0.385827 0 0.92126 
vn 0.708661 0 0.708661 
vn -0.708661 0 0.708661 
vn 0.708661 0 0.708661 
vn -0.708661 0 0.708661 
vn -0.92126 0 0.385827 
vn 0 0 1 
vn 0.708661 0 0.708661 
vn 0 0 1 
vn 0.708661 0 0.708661 
vn -0.708661 0 0.708661 
vn -0.708661 0 0.708661 
vn 0 0 1 
vn 0.708661 0 0.708661 
vn 0.708661 0 0.708661 
vn 0 0 1 
vn -0.708661 0 0.708661 
vn -0.708661 0 0.708661 
vn -0.708661 0 0.708661 
vn 0 0 1 
vn -0.385827 0 0.92126 
vn -0.708661 0 0.708661 
vn 0 0 1 
vn -0.385827 0 0.92126 
vn 0.385827 0 0.92126 
vn 0.708661 0 0.708661 
vn 0.708661 0 0.708661 
vn 0.385827 0 0.92126 
vn -0.708661 0 0.708661 
vn 0.708661 0 0.708661 
vn -0.708661 0 0.708661 
vn 0.708661 0 0.708661 
vn 0 -1 0 
vn 0.590551 -0.551181 0.590551 
vn 0.574803 0.590551 0.574803 
vn 0 1 0 
vn 0 1 0 
vn 0.590551 -0.551181 -0.590551 
vn 0 1 0 
vn -0.574803 0.590551 0.574803 
vn 0 1 0 
vn -0.574803 -0.590551 0.574803 
vn 0 0.661417 0.748031 
vn -0.527559 0.661417 0.527559 
vn 0 0.661417 0.748031 
vn 0.527559 0.661417 0.527559 
vn -0.527559 0.661417 0.527559 
vn 0.527559 0.661417 0.527559 
vn -0.527559 -0.661417 0.527559 
vn 0 -0.661417 0.748031 
vn 0 -0.661417 0.748031 
vn 0.527559 -0.661417 0.527559 
vn -0.527559 -0.661417 0.527559 
vn 0.527559 -0.661417 0.527559 
vn -0.488189 -0.874016 0 
vn -0.346457 -0.874016 0.346457 
vn -0.748031 -0.661417 0 
vn -0.527559 -0.661417 0.527559 
vn -0.346457 -0.874016 -0.346457 
vn -0.527559 -0.661417 -0.527559 
vn -0.346457 0.874016 0.346457 
vn -0.527559 0.661417 0.527559 
vn -0.748031 0.661417 0 
vn -0.488189 0.874016 0 
vn -0.346457 0.874016 -0.346457 
vn -0.527559 0.661417 -0.527559 
vn 0 -1 0 
vn 0 1 0 
vn 0 -1 0 
vn 0 1 0 
vn -0.574803 -0.590551 0.574803 
vn -0.590551 -0.551181 0.590551 
vn -0.590551 0.551181 0.590551 
vn -0.574803 0.590551 0.574803 
vn 0 -1 0 
vn 0.590551 0.551181 -0.590551 
vn -0.574803 -0.590551 0.574803 
vn -0.590551 -0.551181 0.590551 
vn -0.574803 0.590551 0.574803 
vn -0.590551 0.551181 0.590551 
vn -0.708661 0 0.708661 
vn -0.708661 0 0.708661 
vn -0.92126 0 0.385827 
vn -1 0 0 
vn -0.708661 0 0.708661 
vn -0.708661 0 0.708661 
vn -0.92126 0 0.385827 
vn -1 0 0 
vn -0.92126 0 -0.385827 
vn -0.708661 0 -0.708661 
vn -0.92126 0 -0.385827 
vn -0.708661 0 -0.708661 
vn -0.708661 0 -0.708661 
vn -0.708661 0 -0.708661 
vn -0.385827 0 -0.92126 
vn -0.708661 0 0.708661 
vn -0.708661 0 0.708661 
vn -1 0 0 
vn -1 0 0 
vn -0.708661 0 -0.708661 
vn -0.708661 0 -0.708661 
vn 0 0 -1 
vn -0.708661 0 0.708661 
vn -0.708661 0 0.708661 
vn -1 0 0 
vn -1 0 0 
vn -0.708661 0 -0.708661 
vn -0.708661 0 -0.708661 
vn -0.708661 0 0.708661 
vn -0.385827 0 0.92126 
vn -0.708661 0 0.708661 
vn -0.92126 0 0.385827 
vn -1 0 0 
vn -0.708661 0 0.708661 
vn -0.708661 0 0.708661 
vn -0.92126 0 0.385827 
vn -1 0 0 
vn -0.708661 0 -0.708661 
vn -0.708661 0 -0.708661 
vn -0.708661 0 -0.708661 
vn -0.92126 0 -0.385827 
vn -0.708661 0 -0.708661 
vn -0.92126 0 -0.385827 
vn -0.574803 -0.590551 -0.574803 
vn 0 1 0 
vn 0 1 0 
vn -0.574803 -0.590551 0.574803 
vn -0.590551 -0.551181 0.590551 
vn -0.590551 0.551181 0.590551 
vn -0.574803 0.590551 0.574803 
vn 0 1 0 
vn -0.574803 -0.590551 0.574803 
vn -0.590551 -0.551181 0.590551 
vn -0.574803 0.590551 0.574803 
vn -0.590551 0.551181 0.590551 
vn -0.574803 -0.590551 -0.574803 
vn -0.590551 -0.551181 -0.590551 
vn -0.574803 0.590551 -0.574803 
vn -0.590551 0.551181 -0.590551 
vn 0 1 0 
vn 0 -1 0 
vn 0.590551 0.551181 0.590551 
vn -0.574803 -0.590551 -0.574803 
vn -0.590551 0.551181 -0.590551 
vn -0.574803 -0.590551 -0.574803 
vn -0.590551 -0.551181 -0.590551 
vn -0.590551 0.551181 -0.590551 
vn -0.574803 0.590551 -0.574803 
vn -0.527559 0.661417 0.527559 
vn -0.527559 0.661417 0.527559 
vn -0.748031 0.661417 0 
vn -0.748031 0.661417 0 
vn -0.527559 0.661417 -0.527559 
vn -0.527559 0.661417 -0.527559 
vn -0.527559 -0.661417 0.527559 
vn -0.527559 -0.661417 0.527559 
vn -0.748031 -0.661417 0 
vn -0.748031 -0.661417 0 
vn -0.527559 -0.661417 -0.527559 
vn -0.527559 -0.661417 -0.527559 
vn 0 -0.874016 -0.488189 
vn 0 -0.874016 0.488189 
vn -0.488189 -0.874016 0 
vn -0.346457 -0.874016 0.346457 
vn -0.748031 -0.661417 0 
vn -0.527559 -0.661417 0.527559 
vn -0.346457 -0.874016 -0.346457 
vn -0.527559 -0.661417 -0.527559 
vn 0 -0.661417 -0.748031 
vn 0.346457 -0.874016 0.346457 
vn 0.527559 -0.661417 0.527559 
vn 0.488189 -0.874016 0 
vn 0.346457 -0.874016 -0.346457 
vn 0.527559 -0.661417 -0.527559 
vn 0 -1 0 
vn 0.574803 -0.590551 -0.574803 
vn 0.590551 -0.551181 -0.590551 
vn 0 1 0 
vn 0 -1 0 
vn -0.574803 -0.590551 0.574803 
vn -0.590551 -0.551181 0.590551 
vn 0 -1 0 
vn 0.574803 -0.590551 -0.574803 
vn 0.590551 -0.551181 -0.590551 
vn 0 1 0 
vn -0.574803 -0.590551 0.574803 
vn -0.590551 -0.551181 0.590551 
vn -0.92126 0 0.385827 
vn 0.385827 0 -0.92126 
vn 0 0 1 
vn 0.708661 0 0.708661 
vn 1 0 0 
vn -0.708661 0 -0.708661 
vn 0.708661 0 0.708661 
vn -1 0 0 
vn 0 0 -1 
vn -0.708661 0 -0.708661 
vn -0.385827 0 0.92126 
vn 0.708661 0 0.708661 
vn 0.92126 0 -0.385827 
vn -0.708661 0 -0.708661 
vn 0.574803 -0.590551 0.574803 
vn 0 -1 0 
vn 0 -1 0 
vn -0.574803 -0.590551 -0.574803 
vn 0.590551 -0.551181 0.590551 
vn -0.590551 -0.551181 -0.590551 
vn 0 -1 0 
vn 0.574803 -0.590551 -0.574803 
vn 0.590551 -0.551181 -0.590551 
vn -0.574803 -0.590551 0.574803 
vn -0.590551 -0.551181 0.590551 
vn 0 -1 0 
vn 0.574803 -0.590551 -0.574803 
vn 0.590551 -0.551181 -0.590551 
vn -0.574803 -0.590551 0.574803 
vn -0.590551 -0.551181 0.590551 
vn 0 -1 0 
vn -0.574803 -0.590551 -0.574803 
vn -0.590551 -0.551181 -0.590551 
vn 0.574803 -0.590551 0.574803 
vn 0.590551 -0.551181 0.590551 
vn 0.574803 -0.590551 0.574803 
vn 0 -1 0 
vn 0.590551 -0.551181 0.590551 
vn -0.574803 -0.590551 -0.574803 
vn -0.590551 -0.551181 -0.590551 
vn 0 -1 0 
vn 0.574803 -0.590551 0.574803 
vn -0.574803 -0.590551 -0.574803 
vn 0.590551 -0.551181 0.590551 
vn -0.590551 -0.551181 -0.590551 
vn 0 -1 0 
vn 0 -1 0 
vn 0 -1 0 
vn 0 -1 0 
vn 0 -1 0 
vn 0 -1 0 
vn 0 -1 0 
vn 0 -1 0 
vn 0 -0.874016 -0.488189 
vn -0.346457 -0.874016 -0.346457 
vn -0.527559 -0.661417 -0.527559 
vn 0 -0.661417 -0.748031 
vn 0.346457 -0.874016 -0.346457 
vn 0.527559 -0.661417 -0.527559 
vn 0 0.874016 -0.488189 
vn 0.488189 0.874016 0 
vn 0.346457 0.874016 -0.346457 
vn 0.527559 0.661417 -0.527559 
vn 0 0.661417 -0.748031 
vn -0.346457 0.874016 -0.346457 
vn -0.527559 0.661417 -0.527559 
vn 0 1 0 
vn 0 1 0 
vn 0 -1 0 
vn 0.574803 -0.590551 -0.574803 
vn 0.590551 0.551181 -0.590551 
vn -0.708661 0 -0.708661 
vn -0.708661 0 -0.708661 
vn -0.708661 0 -0.708661 
vn -0.385827 0 -0.92126 
vn -0.708661 0 -0.708661 
vn -0.385827 0 -0.92126 
vn 0 0 -1 
vn 0 0 -1 
vn 0.385827 0 -0.92126 
vn 0.708661 0 -0.708661 
vn 0.385827 0 -0.92126 
vn 0.708661 0 -0.708661 
vn 0.708661 0 -0.708661 
vn 0.708661 0 -0.708661 
vn 0.708661 0 -0.708661 
vn 0.708661 0 -0.708661 
vn -0.708661 0 -0.708661 
vn 0 0 -1 
vn -0.708661 0 -0.708661 
vn 0 0 -1 
vn 0.708661 0 -0.708661 
vn 0.708661 0 -0.708661 
vn 0 0 -1 
vn 0 0 -1 
vn -0.708661 0 -0.708661 
vn -0.708661 0 -0.708661 
vn 0.92126 0 -0.385827 
vn 0.708661 0 -0.708661 
vn 0.708661 0 -0.708661 
vn 0.708661 0 -0.708661 
vn 0.385827 0 -0.92126 
vn 0.708661 0 -0.708661 
vn 0.385827 0 -0.92126 
vn 0 0 -1 
vn 0 0 -1 
vn -0.385827 0 -0.92126 
vn -0.708661 0 -0.708661 
vn -0.385827 0 -0.92126 
vn -0.708661 0 -0.708661 
vn -0.708661 0 -0.708661 
vn -0.708661 0 -0.708661 
vn 0 -1 0 
vn -0.574803 -0.590551 -0.574803 
vn -0.590551 -0.551181 -0.590551 
vn -0.590551 0.551181 -0.590551 
vn -0.574803 0.590551 -0.574803 
vn 0 1 0 
vn 0 1 0 
vn 0.590551 -0.551181 -0.590551 
vn 0.574803 0.590551 -0.574803 
vn 0.574803 -0.590551 -0.574803 
vn 0 1 0 
vn -0.574803 -0.590551 -0.574803 
vn 0 1 0 
vn -0.574803 -0.590551 -0.574803 
vn -0.590551 -0.551181 -0.590551 
vn -0.590551 0.551181 -0.590551 
vn -0.574803 0.590551 -0.574803 
vn 0 -1 0 
vn -0.574803 -0.590551 -0.574803 
vn 0.590551 0.551181 0.590551 
vn -0.527559 0.661417 -0.527559 
vn 0.527559 0.661417 -0.527559 
vn -0.527559 0.661417 -0.527559 
vn 0.527559 0.661417 -0.527559 
vn 0 0.661417 -0.748031 
vn 0 0.661417 -0.748031 
vn -0.527559 -0.661417 -0.527559 
vn 0.527559 -0.661417 -0.527559 
vn -0.527559 -0.661417 -0.527559 
vn 0.527559 -0.661417 -0.527559 
vn 0 -0.661417 -0.748031 
vn 0 -0.661417 -0.748031 

vt 60.0458 -11.1041 
vt 59.972 -11.1111 
vt 59.9676 -11.1041 
vt 60 -11.1041 
vt 60 -11.1111 
vt 60.028 -11.1111 
vt 60.0324 -11.1041 
vt 60 -10.8889 
vt 59.972 -10.8889 
vt 60 -10.8959 
vt 59.9676 -10.8959 
vt 60.028 -10.8889 
vt 60.0324 -10.8959 
vt 60.0278 -11.0287 
vt 60 -11.0389 
vt 60.0101 -11.0389 
vt 60.0101 -11.0594 
vt 60 -11.0594 
vt 60 -11.0287 
vt 60 -11.0696 
vt 59.975 -11.0389 
vt 59.9649 -11.0389 
vt 59.975 -11.0594 
vt 59.9649 -11.0594 
vt 59.9722 -11.0696 
vt 59.9722 -11.0248 
vt 59.9722 -11.0287 
vt 59.9899 -11.0389 
vt 60 -11.0248 
vt 59.9649 -11.0594 
vt 59.9722 -11.0733 
vt 59.9722 -11.0696 
vt 59.9899 -11.0594 
vt 60 -11.0733 
vt 60.0278 -11.0248 
vt 60.0351 -11.0594 
vt 60.0278 -11.0287 
vt 60.0278 -11.0733 
vt 60.0101 -11.0389 
vt 60.0278 -11.0696 
vt 60.0101 -11.0594 
vt 59.9676 -11.1041 
vt 59.9676 -11.0802 
vt 60 -11.1041 
vt 60 -11.0802 
vt 60.0324 -11.1041 
vt 60.0324 -11.0802 
vt 59.9542 -10.9198 
vt 59.9676 -10.9198 
vt 59.9676 -10.8959 
vt 60 -10.8959 
vt 60 -10.9198 
vt 60.0324 -10.8959 
vt 60.0324 -10.9198 
vt 59.9722 -10.9752 
vt 59.9722 -10.9713 
vt 59.9899 -10.9611 
vt 59.9649 -10.9406 
vt 60 -10.9752 
vt 59.9722 -10.9267 
vt 59.9722 -10.9304 
vt 59.9899 -10.9406 
vt 60 -10.9267 
vt 60.0101 -10.9611 
vt 60.0278 -10.9752 
vt 60.0101 -10.9406 
vt 60.0278 -10.9713 
vt 60.0278 -10.9267 
vt 60.0278 -10.9304 
vt 60.0351 -10.9406 
vt 60.025 -10.9406 
vt 60 -10.9304 
vt 60.0351 -10.9406 
vt 60.025 -10.9611 
vt 60.0351 -10.9611 
vt 60 -10.9406 
vt 60.0101 -10.9406 
vt 60.0101 -10.9611 
vt 60 -10.9611 
vt 60.0278 -10.9713 
vt 59.975 -10.9406 
vt 59.9649 -10.9406 
vt 59.975 -10.9611 
vt 59.9649 -10.9611 
vt 59.9722 -10.9713 
vt 59.9649 -10.9406 
vt 59.9722 -10.9713 
vt 60 -10.9406 
vt 59.9899 -10.9406 
vt 59.9899 -10.9611 
vt 60 -10.9611 
vt 60.025 -11.0389 
vt 60.0278 -11.0287 
vt 60.0351 -11.0389 
vt 60.025 -11.0594 
vt 60.0351 -11.0594 
vt 60 -11.0389 
vt 60.0101 -11.0594 
vt 59.9722 -11.0287 
vt 60 -11.0389 
vt 59.9899 -11.0389 
vt 59.9899 -11.0594 
vt 60 -11.0594 
vt 59.972 -11.0733 
vt 59.9676 -11.0802 
vt 60 -11.0802 
vt 60 -11.0733 
vt 60.028 -11.0733 
vt 60.0324 -11.0802 
vt 59.972 -10.9267 
vt 59.9676 -10.9198 
vt 60 -10.9198 
vt 60 -10.9267 
vt 60.028 -10.9267 
vt 60.0324 -10.9198 
vt 60 -11.0396 
vt 60 -10.9604 
vt 59.9604 -11 
vt 59.972 -10.972 
vt 59.9676 -10.9676 
vt 59.972 -11.028 
vt 59.9676 -11.0324 
vt 60.028 -10.972 
vt 60.0324 -10.9676 
vt 60.0396 -11 
vt 60.028 -11.028 
vt 60.0324 -11.0324 
vt 60.0351 -11.0101 
vt 60.025 -11 
vt 60.0278 -11.0278 
vt 60 -11 
vt 60.0101 -11.0351 
vt 60 -11.025 
vt 60 -10.975 
vt 59.9899 -10.9649 
vt 59.9722 -10.9722 
vt 59.975 -11 
vt 59.9649 -10.9899 
vt 60.0351 -10.9899 
vt 59.9899 -11.0351 
vt 60 -10.9542 
vt 59.9676 -10.9676 
vt 59.9542 -11 
vt 60.0324 -11.0324 
vt 59.9676 -10.9676 
vt 60.0458 -11 
vt 60 -11.0458 
vt 60.0324 -11.0324 
vt 60.0101 -10.9649 
vt 60.0351 -10.9899 
vt 59.9722 -10.9722 
vt 59.9649 -11.0101 
vt 59.9899 -11.0351 
vt 60.0278 -11.0278 
vt 60 -11.025 
vt 59.9649 -11.0101 
vt 59.9899 -11.0351 
vt 59.975 -11 
vt 59.9722 -11.0278 
vt 60 -11 
vt 60.0351 -11.0101 
vt 60.025 -11 
vt 60.0278 -11.0278 
vt 60.0101 -11.0351 
vt 60 -11.025 
vt 60 -10.975 
vt 59.9899 -10.9649 
vt 59.9722 -10.9722 
vt 59.975 -11 
vt 59.9649 -10.9899 
vt 60 -10.975 
vt 60.0101 -10.9649 
vt 60.0278 -10.9722 
vt 60.0351 -10.9899 
vt 60.025 -11 
vt 60 -11.025 
vt 59.9899 -11.0351 
vt 59.9722 -11.0278 
vt 59.9649 -11.0101 
vt 59.975 -11 
vt 60.0351 -10.9899 
vt 60.0101 -10.9649 
vt 60.025 -11 
vt 60 -10.975 
vt 60.0278 -10.9722 
vt 60 -11.0396 
vt 60.0396 -11 
vt 60 -10.9604 
vt 60.028 -10.972 
vt 60.028 -11.028 
vt 59.9604 -11 
vt 59.972 -11.028 
vt 59.972 -10.972 
vt 60 -11.1111 
vt 59.972 -11.1111 
vt 59.9542 -11.1041 
vt 59.9676 -11.1041 
vt 60 -11.1041 
vt 60.028 -11.1111 
vt 60.0324 -11.1041 
vt 60 -10.8889 
vt 60.028 -10.8889 
vt 60.0324 -10.8959 
vt 60 -10.8959 
vt 59.972 -10.8889 
vt 59.9676 -10.8959 
vt 60.0101 -11.0594 
vt 60.0278 -11.0696 
vt 60.025 -11.0389 
vt 60.0351 -11.0594 
vt 60 -11.0733 
vt 60.0101 -11.0389 
vt 60 -11.0248 
vt 60.0278 -11.0248 
vt 60.0278 -11.0287 
vt 60.0101 -11.0594 
vt 59.9899 -11.0389 
vt 59.9722 -11.0248 
vt 59.9722 -11.0287 
vt 59.9899 -11.0594 
vt 60.0278 -11.0733 
vt 59.9722 -11.0733 
vt 60.0278 -11.0696 
vt 59.9722 -11.0696 
vt 59.9649 -11.0594 
vt 60 -11.1041 
vt 60.0324 -11.1041 
vt 60 -11.0802 
vt 60.0324 -11.0802 
vt 59.9676 -11.0802 
vt 59.9676 -11.1041 
vt 60 -10.9198 
vt 60.0324 -10.9198 
vt 60.0324 -10.8959 
vt 60 -10.8959 
vt 59.9676 -10.9198 
vt 59.9676 -10.8959 
vt 59.9722 -10.9752 
vt 60 -10.9752 
vt 59.9899 -10.9611 
vt 59.9722 -10.9713 
vt 60 -10.9267 
vt 59.9899 -10.9406 
vt 60.0101 -10.9611 
vt 60.0278 -10.9752 
vt 60.0278 -10.9713 
vt 60.0101 -10.9406 
vt 59.9722 -10.9267 
vt 60.0278 -10.9267 
vt 59.9722 -10.9304 
vt 60.0278 -10.9304 
vt 60 -10.9304 
vt 60.0101 -10.9406 
vt 60 -10.9611 
vt 60.0278 -10.9713 
vt 60 -10.9713 
vt 59.9649 -10.9406 
vt 59.9722 -10.9713 
vt 60 -10.9611 
vt 60.0278 -10.9713 
vt 60.025 -10.9406 
vt 60 -11.0733 
vt 59.972 -11.0733 
vt 60 -11.0802 
vt 60.028 -11.0733 
vt 59.9676 -11.0802 
vt 60.0324 -11.0802 
vt 59.972 -10.9267 
vt 60 -10.9267 
vt 60 -10.9198 
vt 60.028 -10.9267 
vt 59.9676 -10.9198 
vt 60.0324 -10.9198 
vt 60 -11.1111 
vt 60.028 -11.1111 
vt 60 -11.1041 
vt 60.0324 -11.1041 
vt 59.972 -11.1111 
vt 59.9676 -11.1041 
vt 60.028 -10.8889 
vt 60.0324 -10.8959 
vt 60 -10.8959 
vt 60 -10.8889 
vt 59.972 -10.8889 
vt 59.9676 -10.8959 
vt 59.9722 -11.0287 
vt 59.9722 -11.0696 
vt 60 -11.0287 
vt 60 -11.0696 
vt 59.975 -11.0389 
vt 59.9649 -11.0389 
vt 59.9649 -11.0594 
vt 59.975 -11.0594 
vt 60.0278 -11.0287 
vt 60.0351 -11.0594 
vt 60 -11.0389 
vt 60.0101 -11.0389 
vt 60 -11.0594 
vt 60.0101 -11.0594 
vt 60.0278 -11.0248 
vt 60.0278 -11.0287 
vt 60.0101 -11.0389 
vt 60 -11.0248 
vt 60.0278 -11.0733 
vt 60.0278 -11.0696 
vt 60.0101 -11.0594 
vt 60 -11.0733 
vt 59.9899 -11.0389 
vt 59.9722 -11.0248 
vt 59.9899 -11.0594 
vt 59.9722 -11.0287 
vt 59.9722 -11.0733 
vt 59.9722 -11.0696 
vt 59.9649 -11.0594 
vt 60.0324 -11.0802 
vt 60.0324 -11.1041 
vt 60 -11.0802 
vt 60 -11.1041 
vt 59.9676 -11.0802 
vt 59.9676 -11.1041 
vt 59.9542 -11.0802 
vt 60.0324 -10.9198 
vt 60.0324 -10.8959 
vt 60 -10.9198 
vt 60 -10.8959 
vt 59.9676 -10.9198 
vt 59.9676 -10.8959 
vt 60.0278 -10.9752 
vt 60.0351 -10.9611 
vt 60.0278 -10.9713 
vt 60.0101 -10.9611 
vt 60 -10.9752 
vt 60.0278 -10.9267 
vt 60.0278 -10.9304 
vt 60.0101 -10.9406 
vt 60 -10.9267 
vt 59.9722 -10.9752 
vt 59.9722 -10.9713 
vt 59.9722 -10.9267 
vt 59.9899 -10.9611 
vt 59.9722 -10.9304 
vt 59.9899 -10.9406 
vt 60 -10.9406 
vt 59.9722 -10.9713 
vt 60 -10.9713 
vt 59.975 -10.9406 
vt 59.9649 -10.9406 
vt 59.9649 -10.9611 
vt 59.975 -10.9611 
vt 60.0278 -10.9713 
vt 60 -10.9406 
vt 60.0101 -10.9406 
vt 60 -10.9611 
vt 60.0101 -10.9611 
vt 60.025 -10.9406 
vt 60.0351 -10.9406 
vt 60.025 -10.9611 
vt 60.0351 -10.9611 
vt 60.0278 -10.9713 
vt 59.9722 -11.0287 
vt 59.9649 -11.0594 
vt 60 -11.0389 
vt 59.9899 -11.0594 
vt 60.025 -11.0389 
vt 60.0351 -11.0389 
vt 60.0351 -11.0594 
vt 60.025 -11.0594 
vt 60.028 -11.0733 
vt 60.0324 -11.0802 
vt 60 -11.0802 
vt 60 -11.0733 
vt 59.972 -11.0733 
vt 59.9676 -11.0802 
vt 60.028 -10.9267 
vt 60.0324 -10.9198 
vt 60 -10.9198 
vt 60 -10.9267 
vt 59.972 -10.9267 
vt 59.9676 -10.9198 
vt 60 -11.0396 
vt 60 -10.9604 
vt 59.9604 -11 
vt 59.972 -10.972 
vt 59.9542 -11 
vt 59.9676 -10.9676 
vt 59.972 -11.028 
vt 59.9676 -11.0324 
vt 60 -11.0458 
vt 60.028 -10.972 
vt 60.0324 -10.9676 
vt 60.0396 -11 
vt 60.028 -11.028 
vt 60.0324 -11.0324 
vt 59.9722 -11.0278 
vt 59.975 -11 
vt 59.9649 -11.0101 
vt 59.9722 -11.0278 
vt 60 -11 
vt 60 -11.025 
vt 59.9899 -11.0351 
vt 60.0278 -10.9722 
vt 60 -10.975 
vt 60.0101 -10.9649 
vt 60.0278 -10.9722 
vt 60.025 -11 
vt 60.0351 -10.9899 
vt 59.9649 -10.9899 
vt 60.0101 -11.0351 
vt 60 -10.9542 
vt 60.0324 -10.9676 
vt 60.0458 -11 
vt 59.9676 -11.0324 
vt 60.0324 -10.9676 
vt 59.9542 -11 
vt 60 -11.0458 
vt 59.9676 -11.0324 
vt 59.9899 -10.9649 
vt 60.0278 -10.9722 
vt 60.0351 -11.0101 
vt 59.9722 -11.0278 
vt 60 -11.025 
vt 60.0278 -11.0278 
vt 60 -11 
vt 60.025 -11 
vt 60.0101 -11.0351 
vt 60.0351 -11.0101 
vt 59.9722 -11.0278 
vt 59.975 -11 
vt 59.9649 -11.0101 
vt 60 -11.025 
vt 59.9899 -11.0351 
vt 60.0278 -10.9722 
vt 60 -10.975 
vt 60.0101 -10.9649 
vt 60.025 -11 
vt 60.0351 -10.9899 
vt 59.9722 -10.9722 
vt 60 -10.975 
vt 59.9899 -10.9649 
vt 59.975 -11 
vt 59.9649 -10.9899 
vt 60 -11.025 
vt 60.0278 -11.0278 
vt 60.0101 -11.0351 
vt 60.025 -11 
vt 60.0351 -11.0101 
vt 59.9722 -10.9722 
vt 59.975 -11 
vt 60 -10.975 
vt 59.9649 -10.9899 
vt 59.9899 -10.9649 
vt 60 -10.9604 
vt 60.0396 -11 
vt 60.028 -10.972 
vt 59.9604 -11 
vt 59.972 -10.972 
vt 60 -11.0396 
vt 60.028 -11.028 
vt 59.972 -11.028 
vt 60 -11.1111 
vt 60.028 -11.1111 
vt 60.0324 -11.1041 
vt 60 -11.1041 
vt 59.972 -11.1111 
vt 59.9676 -11.1041 
vt 60 -10.8889 
vt 59.9604 -10.8889 
vt 59.972 -10.8889 
vt 59.9676 -10.8959 
vt 60 -10.8959 
vt 60.028 -10.8889 
vt 60.0324 -10.8959 
vt 60.0278 -11.0696 
vt 60 -11.0696 
vt 59.9722 -11.0287 
vt 60 -11.0389 
vt 59.9899 -11.0594 
vt 60.0278 -11.0248 
vt 60.0278 -11.0287 
vt 60.0278 -11.0733 
vt 60.0101 -11.0389 
vt 60.0278 -11.0696 
vt 60.0101 -11.0594 
vt 60 -11.0248 
vt 60 -11.0733 
vt 59.9899 -11.0389 
vt 59.9722 -11.0248 
vt 59.9899 -11.0594 
vt 59.9722 -11.0287 
vt 59.9722 -11.0733 
vt 59.9722 -11.0696 
vt 59.9676 -11.1041 
vt 59.9676 -11.0802 
vt 60.0324 -11.0802 
vt 60 -11.1041 
vt 60.0324 -11.1041 
vt 60 -11.0802 
vt 59.9676 -10.8959 
vt 59.9676 -10.9198 
vt 60 -10.8959 
vt 60 -10.9198 
vt 60.0324 -10.9198 
vt 60.0324 -10.8959 
vt 59.9649 -10.9611 
vt 59.9722 -10.9752 
vt 59.9722 -10.9713 
vt 59.9722 -10.9267 
vt 59.9899 -10.9611 
vt 59.9722 -10.9304 
vt 59.9899 -10.9406 
vt 60 -10.9752 
vt 60 -10.9267 
vt 60.0101 -10.9611 
vt 60.0278 -10.9752 
vt 60.0101 -10.9406 
vt 60.0278 -10.9713 
vt 60.0278 -10.9267 
vt 60.0278 -10.9304 
vt 60 -10.9304 
vt 59.975 -10.9406 
vt 59.9649 -10.9406 
vt 59.9649 -10.9611 
vt 59.975 -10.9611 
vt 59.9722 -10.9713 
vt 60 -10.9713 
vt 60.0351 -10.9406 
vt 60.025 -10.9611 
vt 60 -10.9406 
vt 59.9722 -10.9713 
vt 60 -10.9406 
vt 60.0278 -10.9713 
vt 59.975 -11.0389 
vt 59.9649 -11.0389 
vt 59.9649 -11.0594 
vt 59.975 -11.0594 
vt 60.0278 -11.0287 
vt 60 -11.0389 
vt 60.0351 -11.0594 
vt 60.028 -11.0733 
vt 59.972 -11.0733 
vt 60.0324 -11.0802 
vt 59.9676 -11.0802 
vt 60 -11.0802 
vt 60 -11.0733 
vt 60.028 -10.9267 
vt 59.972 -10.9267 
vt 60.0324 -10.9198 
vt 59.9676 -10.9198 
vt 60 -10.9198 
vt 60 -10.9267 

usemtl Meshpart5Mtl

f 1067/1067/1067 1069/1069/1069 1068/1068/1068 
f 1069/1069/1069 1067/1067/1067 1070/1070/1070 
f 1071/1071/1071 1069/1069/1069 1070/1070/1070 
f 1072/1072/1072 1069/1069/1069 1071/1071/1071 
f 1074/1074/1074 1075/1075/1075 1073/1073/1073 
f 1075/1075/1075 1074/1074/1074 1076/1076/1076 
f 1077/1077/1077 1073/1073/1073 1075/1075/1075 
f 1075/1075/1075 1078/1078/1078 1077/1077/1077 
f 1080/1080/1080 1082/1082/1082 1081/1081/1081 
f 1082/1082/1082 1080/1080/1080 1083/1083/1083 
f 1088/1088/1088 1086/1086/1086 1087/1087/1087 
f 1087/1087/1087 1089/1089/1089 1088/1088/1088 
f 1093/1093/1093 1091/1091/1091 1092/1092/1092 
f 1091/1091/1091 1093/1093/1093 1094/1094/1094 
f 1098/1098/1098 1097/1097/1097 1096/1096/1096 
f 1099/1099/1099 1098/1098/1098 1096/1096/1096 
f 1099/1099/1099 1093/1093/1093 1098/1098/1098 
f 1093/1093/1093 1099/1099/1099 1094/1094/1094 
f 1100/1100/1100 1104/1104/1104 1102/1102/1102 
f 1100/1100/1100 1094/1094/1094 1104/1104/1104 
f 1106/1106/1106 1103/1103/1103 1105/1105/1105 
f 1099/1099/1099 1104/1104/1104 1094/1094/1094 
f 1103/1103/1103 1106/1106/1106 1099/1099/1099 
f 1104/1104/1104 1099/1099/1099 1106/1106/1106 
f 1109/1109/1109 1108/1108/1108 1107/1107/1107 
f 1110/1110/1110 1108/1108/1108 1109/1109/1109 
f 1111/1111/1111 1110/1110/1110 1109/1109/1109 
f 1112/1112/1112 1110/1110/1110 1111/1111/1111 
f 1116/1116/1116 1115/1115/1115 1114/1114/1114 
f 1117/1117/1117 1116/1116/1116 1114/1114/1114 
f 1118/1118/1118 1116/1116/1116 1117/1117/1117 
f 1119/1119/1119 1118/1118/1118 1117/1117/1117 
f 1122/1122/1122 1121/1121/1121 1120/1120/1120 
f 1124/1124/1124 1122/1122/1122 1120/1120/1120 
f 1127/1127/1127 1125/1125/1125 1126/1126/1126 
f 1125/1125/1125 1127/1127/1127 1128/1128/1128 
f 1122/1122/1122 1128/1128/1128 1127/1127/1127 
f 1124/1124/1124 1128/1128/1128 1122/1122/1122 
f 1129/1129/1129 1128/1128/1128 1124/1124/1124 
f 1130/1130/1130 1129/1129/1129 1124/1124/1124 
f 1128/1128/1128 1129/1129/1129 1131/1131/1131 
f 1129/1129/1129 1130/1130/1130 1132/1132/1132 
f 1133/1133/1133 1128/1128/1128 1131/1131/1131 
f 1133/1133/1133 1131/1131/1131 1134/1134/1134 
f 1139/1139/1139 1138/1138/1138 1136/1136/1136 
f 1140/1140/1140 1138/1138/1138 1139/1139/1139 
f 1141/1141/1141 1143/1143/1143 1142/1142/1142 
f 1143/1143/1143 1141/1141/1141 1144/1144/1144 
f 1148/1148/1148 1146/1146/1146 1147/1147/1147 
f 1147/1147/1147 1149/1149/1149 1148/1148/1148 
f 1155/1155/1155 1153/1153/1153 1154/1154/1154 
f 1156/1156/1156 1153/1153/1153 1155/1155/1155 
f 1157/1157/1157 1160/1160/1160 1159/1159/1159 
f 1161/1161/1161 1159/1159/1159 1160/1160/1160 
f 1167/1167/1167 1165/1165/1165 1166/1166/1166 
f 1165/1165/1165 1167/1167/1167 1168/1168/1168 
f 1170/1170/1170 1171/1171/1171 1169/1169/1169 
f 1169/1169/1169 1171/1171/1171 1172/1172/1172 
f 1171/1171/1171 1173/1173/1173 1172/1172/1172 
f 1173/1173/1173 1171/1171/1171 1174/1174/1174 
f 1177/1177/1177 1176/1176/1176 1175/1175/1175 
f 1175/1175/1175 1178/1178/1178 1177/1177/1177 
f 1179/1179/1179 1177/1177/1177 1178/1178/1178 
f 1177/1177/1177 1179/1179/1179 1180/1180/1180 
f 1181/1181/1181 1182/1182/1182 1183/1183/1183 
f 1183/1183/1183 1182/1182/1182 1184/1184/1184 
f 1181/1181/1181 1183/1183/1183 1186/1186/1186 
f 1182/1182/1182 1190/1190/1190 1188/1188/1188 
f 1181/1181/1181 1190/1190/1190 1182/1182/1182 
f 1190/1190/1190 1181/1181/1181 1191/1191/1191 
f 1194/1194/1194 1195/1195/1195 1193/1193/1193 
f 1195/1195/1195 1194/1194/1194 1196/1196/1196 
f 1195/1195/1195 1198/1198/1198 1197/1197/1197 
f 1198/1198/1198 1195/1195/1195 1196/1196/1196 
f 1201/1201/1201 1199/1199/1199 1200/1200/1200 
f 1201/1201/1201 1196/1196/1196 1199/1199/1199 
f 1202/1202/1202 1201/1201/1201 1203/1203/1203 
f 1201/1201/1201 1202/1202/1202 1196/1196/1196 
f 1220/1220/1220 1224/1224/1224 1222/1222/1222 
f 1224/1224/1224 1223/1223/1223 1221/1221/1221 
f 1224/1224/1224 1220/1220/1220 1225/1225/1225 
f 1223/1223/1223 1224/1224/1224 1225/1225/1225 
f 1227/1227/1227 1228/1228/1228 1226/1226/1226 
f 1228/1228/1228 1227/1227/1227 1225/1225/1225 
f 1228/1228/1228 1230/1230/1230 1229/1229/1229 
f 1228/1228/1228 1225/1225/1225 1230/1230/1230 
f 1233/1233/1233 1231/1231/1231 1232/1232/1232 
f 1233/1233/1233 1225/1225/1225 1231/1231/1231 
f 1234/1234/1234 1233/1233/1233 1235/1235/1235 
f 1225/1225/1225 1233/1233/1233 1234/1234/1234 
f 1236/1236/1236 1238/1238/1238 1237/1237/1237 
f 1238/1238/1238 1236/1236/1236 1225/1225/1225 
f 1238/1238/1238 1240/1240/1240 1239/1239/1239 
f 1240/1240/1240 1238/1238/1238 1225/1225/1225 
f 1241/1241/1241 1243/1243/1243 1242/1242/1242 
f 1243/1243/1243 1241/1241/1241 1196/1196/1196 
f 1243/1243/1243 1245/1245/1245 1244/1244/1244 
f 1245/1245/1245 1243/1243/1243 1196/1196/1196 
f 1250/1250/1250 1248/1248/1248 1246/1246/1246 
f 1249/1249/1249 1250/1250/1250 1247/1247/1247 
f 1248/1248/1248 1250/1250/1250 1196/1196/1196 
f 1250/1250/1250 1249/1249/1249 1196/1196/1196 
f 1251/1251/1251 1252/1252/1252 1253/1253/1253 
f 1253/1253/1253 1252/1252/1252 1254/1254/1254 
f 1252/1252/1252 1251/1251/1251 1255/1255/1255 
f 1253/1253/1253 1256/1256/1256 1251/1251/1251 
f 1251/1251/1251 1256/1256/1256 1257/1257/1257 
f 1256/1256/1256 1253/1253/1253 1258/1258/1258 
f 1260/1260/1260 1263/1263/1263 1262/1262/1262 
f 1263/1263/1263 1260/1260/1260 1259/1259/1259 
f 1259/1259/1259 1264/1264/1264 1263/1263/1263 
f 1265/1265/1265 1263/1263/1263 1264/1264/1264 
f 1269/1269/1269 1268/1268/1268 1267/1267/1267 
f 1269/1269/1269 1267/1267/1267 1266/1266/1266 
f 1270/1270/1270 1269/1269/1269 1266/1266/1266 
f 1269/1269/1269 1270/1270/1270 1271/1271/1271 
f 1276/1276/1276 1277/1277/1277 1278/1278/1278 
f 1279/1279/1279 1278/1278/1278 1277/1277/1277 
f 1279/1279/1279 1277/1277/1277 1280/1280/1280 
f 1277/1277/1277 1276/1276/1276 1281/1281/1281 
f 1276/1276/1276 1278/1278/1278 1282/1282/1282 
f 1283/1283/1283 1282/1282/1282 1278/1278/1278 
f 1282/1282/1282 1283/1283/1283 1284/1284/1284 
f 1276/1276/1276 1282/1282/1282 1285/1285/1285 
f 1276/1276/1276 1286/1286/1286 1281/1281/1281 
f 1285/1285/1285 1287/1287/1287 1276/1276/1276 
f 1281/1281/1281 1286/1286/1286 1288/1288/1288 
f 1287/1287/1287 1285/1285/1285 1289/1289/1289 
f 1291/1291/1291 1292/1292/1292 1293/1293/1293 
f 1292/1292/1292 1294/1294/1294 1293/1293/1293 
f 1291/1291/1291 1293/1293/1293 1295/1295/1295 
f 1296/1296/1296 1291/1291/1291 1295/1295/1295 
f 1297/1297/1297 1298/1298/1298 1299/1299/1299 
f 1297/1297/1297 1299/1299/1299 1300/1300/1300 
f 1301/1301/1301 1297/1297/1297 1300/1300/1300 
f 1301/1301/1301 1300/1300/1300 1302/1302/1302 
f 1303/1303/1303 1304/1304/1304 1305/1305/1305 
f 1303/1303/1303 1305/1305/1305 1306/1306/1306 
f 1304/1304/1304 1307/1307/1307 1305/1305/1305 
f 1305/1305/1305 1307/1307/1307 1308/1308/1308 
f 1309/1309/1309 1307/1307/1307 1304/1304/1304 
f 1310/1310/1310 1309/1309/1309 1304/1304/1304 
f 1309/1309/1309 1310/1310/1310 1311/1311/1311 
f 1307/1307/1307 1309/1309/1309 1312/1312/1312 
f 1313/1313/1313 1308/1308/1308 1307/1307/1307 
f 1312/1312/1312 1314/1314/1314 1307/1307/1307 
f 1308/1308/1308 1313/1313/1313 1315/1315/1315 
f 1314/1314/1314 1312/1312/1312 1316/1316/1316 
f 1327/1327/1327 1328/1328/1328 1329/1329/1329 
f 1329/1329/1329 1330/1330/1330 1327/1327/1327 
f 1331/1331/1331 1329/1329/1329 1328/1328/1328 
f 1330/1330/1330 1329/1329/1329 1332/1332/1332 
f 1333/1333/1333 1334/1334/1334 1335/1335/1335 
f 1336/1336/1336 1335/1335/1335 1334/1334/1334 
f 1335/1335/1335 1337/1337/1337 1333/1333/1333 
f 1335/1335/1335 1336/1336/1336 1338/1338/1338 
f 1339/1339/1339 1340/1340/1340 1341/1341/1341 
f 1341/1341/1341 1340/1340/1340 1342/1342/1342 
f 1341/1341/1341 1343/1343/1343 1339/1339/1339 
f 1343/1343/1343 1341/1341/1341 1344/1344/1344 
f 1347/1347/1347 1346/1346/1346 1345/1345/1345 
f 1347/1347/1347 1345/1345/1345 1348/1348/1348 
f 1349/1349/1349 1347/1347/1347 1348/1348/1348 
f 1347/1347/1347 1349/1349/1349 1350/1350/1350 
f 1357/1357/1357 1355/1355/1355 1356/1356/1356 
f 1355/1355/1355 1357/1357/1357 1358/1358/1358 
f 1361/1361/1361 1363/1363/1363 1362/1362/1362 
f 1364/1364/1364 1362/1362/1362 1363/1363/1363 
f 1365/1365/1365 1367/1367/1367 1366/1366/1366 
f 1367/1367/1367 1365/1365/1365 1368/1368/1368 
f 1371/1371/1371 1369/1369/1369 1370/1370/1370 
f 1369/1369/1369 1371/1371/1371 1372/1372/1372 
f 1367/1367/1367 1372/1372/1372 1371/1371/1371 
f 1372/1372/1372 1367/1367/1367 1368/1368/1368 
f 1372/1372/1372 1368/1368/1368 1373/1373/1373 
f 1374/1374/1374 1373/1373/1373 1368/1368/1368 
f 1372/1372/1372 1373/1373/1373 1375/1375/1375 
f 1373/1373/1373 1374/1374/1374 1376/1376/1376 
f 1375/1375/1375 1377/1377/1377 1372/1372/1372 
f 1377/1377/1377 1375/1375/1375 1378/1378/1378 
f 1382/1382/1382 1381/1381/1381 1380/1380/1380 
f 1382/1382/1382 1383/1383/1383 1381/1381/1381 
f 1384/1384/1384 1383/1383/1383 1382/1382/1382 
f 1384/1384/1384 1385/1385/1385 1383/1383/1383 
f 1388/1388/1388 1389/1389/1389 1387/1387/1387 
f 1389/1389/1389 1388/1388/1388 1390/1390/1390 
f 1390/1390/1390 1391/1391/1391 1389/1389/1389 
f 1391/1391/1391 1390/1390/1390 1392/1392/1392 
f 1396/1396/1396 1393/1393/1393 1395/1395/1395 
f 1393/1393/1393 1396/1396/1396 1397/1397/1397 
f 1400/1400/1400 1399/1399/1399 1398/1398/1398 
f 1401/1401/1401 1400/1400/1400 1398/1398/1398 
f 1401/1401/1401 1396/1396/1396 1400/1400/1400 
f 1396/1396/1396 1401/1401/1401 1397/1397/1397 
f 1402/1402/1402 1405/1405/1405 1403/1403/1403 
f 1402/1402/1402 1397/1397/1397 1405/1405/1405 
f 1407/1407/1407 1404/1404/1404 1406/1406/1406 
f 1397/1397/1397 1401/1401/1401 1405/1405/1405 
f 1404/1404/1404 1407/1407/1407 1401/1401/1401 
f 1405/1405/1405 1401/1401/1401 1407/1407/1407 
f 1413/1413/1413 1411/1411/1411 1412/1412/1412 
f 1414/1414/1414 1411/1411/1411 1413/1413/1413 
f 1418/1418/1418 1417/1417/1417 1416/1416/1416 
f 1419/1419/1419 1417/1417/1417 1418/1418/1418 
f 1420/1420/1420 1422/1422/1422 1421/1421/1421 
f 1421/1421/1421 1422/1422/1422 1423/1423/1423 
f 1429/1429/1429 1431/1431/1431 1430/1430/1430 
f 1431/1431/1431 1429/1429/1429 1432/1432/1432 
f 1433/1433/1433 1435/1435/1435 1434/1434/1434 
f 1435/1435/1435 1433/1433/1433 1436/1436/1436 
f 1437/1437/1437 1435/1435/1435 1436/1436/1436 
f 1438/1438/1438 1435/1435/1435 1437/1437/1437 
f 1441/1441/1441 1439/1439/1439 1440/1440/1440 
f 1439/1439/1439 1441/1441/1441 1442/1442/1442 
f 1441/1441/1441 1443/1443/1443 1442/1442/1442 
f 1443/1443/1443 1441/1441/1441 1444/1444/1444 
f 1445/1445/1445 1446/1446/1446 1447/1447/1447 
f 1447/1447/1447 1446/1446/1446 1448/1448/1448 
f 1445/1445/1445 1447/1447/1447 1451/1451/1451 
f 1446/1446/1446 1456/1456/1456 1454/1454/1454 
f 1445/1445/1445 1456/1456/1456 1446/1446/1446 
f 1456/1456/1456 1445/1445/1445 1457/1457/1457 
f 1459/1459/1459 1460/1460/1460 1461/1461/1461 
f 1460/1460/1460 1459/1459/1459 1463/1463/1463 
f 1459/1459/1459 1464/1464/1464 1463/1463/1463 
f 1464/1464/1464 1459/1459/1459 1465/1465/1465 
f 1466/1466/1466 1467/1467/1467 1463/1463/1463 
f 1467/1467/1467 1466/1466/1466 1468/1468/1468 
f 1466/1466/1466 1463/1463/1463 1470/1470/1470 
f 1466/1466/1466 1470/1470/1470 1471/1471/1471 
f 1486/1486/1486 1487/1487/1487 1488/1488/1488 
f 1487/1487/1487 1489/1489/1489 1488/1488/1488 
f 1487/1487/1487 1486/1486/1486 1490/1490/1490 
f 1489/1489/1489 1487/1487/1487 1491/1491/1491 
f 1492/1492/1492 1488/1488/1488 1493/1493/1493 
f 1492/1492/1492 1493/1493/1493 1494/1494/1494 
f 1492/1492/1492 1495/1495/1495 1488/1488/1488 
f 1495/1495/1495 1492/1492/1492 1496/1496/1496 
f 1497/1497/1497 1498/1498/1498 1488/1488/1488 
f 1498/1498/1498 1497/1497/1497 1499/1499/1499 
f 1497/1497/1497 1488/1488/1488 1500/1500/1500 
f 1497/1497/1497 1500/1500/1500 1501/1501/1501 
f 1502/1502/1502 1488/1488/1488 1503/1503/1503 
f 1503/1503/1503 1504/1504/1504 1502/1502/1502 
f 1502/1502/1502 1505/1505/1505 1488/1488/1488 
f 1505/1505/1505 1502/1502/1502 1506/1506/1506 
f 1507/1507/1507 1508/1508/1508 1463/1463/1463 
f 1508/1508/1508 1507/1507/1507 1509/1509/1509 
f 1508/1508/1508 1510/1510/1510 1463/1463/1463 
f 1510/1510/1510 1508/1508/1508 1511/1511/1511 
f 1512/1512/1512 1513/1513/1513 1463/1463/1463 
f 1512/1512/1512 1463/1463/1463 1514/1514/1514 
f 1513/1513/1513 1512/1512/1512 1515/1515/1515 
f 1514/1514/1514 1516/1516/1516 1512/1512/1512 
f 1517/1517/1517 1518/1518/1518 1519/1519/1519 
f 1517/1517/1517 1520/1520/1520 1518/1518/1518 
f 1520/1520/1520 1517/1517/1517 1521/1521/1521 
f 1520/1520/1520 1522/1522/1522 1518/1518/1518 
f 1518/1518/1518 1522/1522/1522 1523/1523/1523 
f 1522/1522/1522 1520/1520/1520 1524/1524/1524 
f 1527/1527/1527 1528/1528/1528 1526/1526/1526 
f 1526/1526/1526 1528/1528/1528 1525/1525/1525 
f 1528/1528/1528 1529/1529/1529 1525/1525/1525 
f 1529/1529/1529 1528/1528/1528 1530/1530/1530 
f 1535/1535/1535 1533/1533/1533 1534/1534/1534 
f 1533/1533/1533 1535/1535/1535 1531/1531/1531 
f 1536/1536/1536 1531/1531/1531 1535/1535/1535 
f 1536/1536/1536 1535/1535/1535 1537/1537/1537 
f 1543/1543/1543 1546/1546/1546 1544/1544/1544 
f 1548/1548/1548 1545/1545/1545 1547/1547/1547 
f 1543/1543/1543 1549/1549/1549 1546/1546/1546 
f 1545/1545/1545 1548/1548/1548 1550/1550/1550 
f 1546/1546/1546 1550/1550/1550 1548/1548/1548 
f 1549/1549/1549 1550/1550/1550 1546/1546/1546 
f 1550/1550/1550 1549/1549/1549 1551/1551/1551 
f 1552/1552/1552 1551/1551/1551 1549/1549/1549 
f 1550/1550/1550 1551/1551/1551 1553/1553/1553 
f 1551/1551/1551 1552/1552/1552 1554/1554/1554 
f 1553/1553/1553 1555/1555/1555 1550/1550/1550 
f 1555/1555/1555 1553/1553/1553 1556/1556/1556 
f 1560/1560/1560 1558/1558/1558 1557/1557/1557 
f 1558/1558/1558 1560/1560/1560 1562/1562/1562 
f 1562/1562/1562 1561/1561/1561 1559/1559/1559 
f 1561/1561/1561 1562/1562/1562 1560/1560/1560 
f 1563/1563/1563 1564/1564/1564 1565/1565/1565 
f 1565/1565/1565 1564/1564/1564 1566/1566/1566 
f 1565/1565/1565 1566/1566/1566 1568/1568/1568 
f 1568/1568/1568 1566/1566/1566 1567/1567/1567 
f 1570/1570/1570 1573/1573/1573 1571/1571/1571 
f 1575/1575/1575 1572/1572/1572 1574/1574/1574 
f 1573/1573/1573 1570/1570/1570 1576/1576/1576 
f 1572/1572/1572 1575/1575/1575 1577/1577/1577 
f 1573/1573/1573 1577/1577/1577 1575/1575/1575 
f 1576/1576/1576 1577/1577/1577 1573/1573/1573 
f 1578/1578/1578 1577/1577/1577 1576/1576/1576 
f 1579/1579/1579 1578/1578/1578 1576/1576/1576 
f 1577/1577/1577 1578/1578/1578 1580/1580/1580 
f 1578/1578/1578 1579/1579/1579 1581/1581/1581 
f 1582/1582/1582 1577/1577/1577 1580/1580/1580 
f 1582/1582/1582 1580/1580/1580 1583/1583/1583 
f 1587/1587/1587 1585/1585/1585 1586/1586/1586 
f 1585/1585/1585 1587/1587/1587 1588/1588/1588 
f 1599/1599/1599 1597/1597/1597 1598/1598/1598 
f 1597/1597/1597 1599/1599/1599 1600/1600/1600 
f 1604/1604/1604 1608/1608/1608 1606/1606/1606 
f 1608/1608/1608 1605/1605/1605 1607/1607/1607 
f 1608/1608/1608 1604/1604/1604 1609/1609/1609 
f 1605/1605/1605 1608/1608/1608 1609/1609/1609 
f 1614/1614/1614 1610/1610/1610 1612/1612/1612 
f 1614/1614/1614 1613/1613/1613 1611/1611/1611 
f 1610/1610/1610 1614/1614/1614 1615/1615/1615 
f 1614/1614/1614 1611/1611/1611 1615/1615/1615 

