# This file is brought to you by Roblox Corporation
# Generated by Roblox Studio

mtllib Scepter.mtl

g Meshpart1

v -269.648 8.26895 0.266094 
v -269.648 8.26895 -0.266094 
v -269.537 8.26895 -7.45326e-10 
v -269.422 8.0963 -3.516e-09 
v -269.566 8.0963 -0.347668 
v -269.566 8.0963 0.347668 
v -269.381 7.89264 -6.05271e-09 
v -269.537 7.89264 -0.376312 
v -269.566 7.68898 -0.347668 
v -269.537 7.89264 0.376314 
v -269.566 7.68898 0.347668 
v -269.648 7.51633 0.266094 
v -269.422 7.68898 -7.96922e-09 
v -269.914 7.51633 0.376314 
v -269.648 7.51633 -0.266094 
v -269.537 7.51633 -8.97381e-09 
v -269.914 8.38432 0.20366 
v -270.18 8.26895 0.266094 
v -269.914 8.26895 0.376314 
v -269.648 8.26895 0.266094 
v -270.058 8.38432 0.144008 
v -269.914 8.42483 3.83936e-09 
v -270.117 8.38432 4.95537e-09 
v -270.29 8.26895 5.01568e-09 
v -270.058 8.38432 -0.144008 
v -270.18 8.26895 -0.266094 
v -269.914 8.26895 -0.376312 
v -269.914 8.38432 -0.203658 
v -269.77 8.38432 -0.144008 
v -269.648 8.26895 -0.266094 
v -269.71 8.38432 1.83754e-09 
v -269.537 8.26895 -7.45326e-10 
v -269.77 8.38432 0.144008 
v -270.18 8.26895 0.266094 
v -269.914 8.26895 0.376314 
v -269.648 8.26895 0.266094 
v -269.914 8.0963 0.491676 
v -270.261 8.0963 0.347668 
v -270.29 8.26895 5.01568e-09 
v -269.648 8.26895 -0.266094 
v -269.537 8.26895 -7.45326e-10 
v -269.566 8.0963 0.347668 
v -269.381 7.89264 -6.05271e-09 
v -269.537 7.89264 0.376314 
v -269.914 7.89264 0.532186 
v -270.29 7.89264 0.376314 
v -270.261 7.68898 0.347668 
v -270.18 7.51633 0.266094 
v -269.914 7.68898 0.491676 
v -269.566 7.68898 0.347668 
v -269.648 7.51633 0.266094 
v -269.914 7.51633 0.376314 
v -270.18 8.26895 0.266094 
v -269.914 8.26895 0.376314 
v -270.261 8.0963 0.347668 
v -270.29 8.26895 5.01568e-09 
v -270.405 8.0963 4.0111e-09 
v -270.058 8.38432 -0.144008 
v -270.18 8.26895 -0.266094 
v -270.446 7.89264 2.09457e-09 
v -270.261 8.0963 -0.347668 
v -270.29 7.89264 -0.376312 
v -269.566 7.68898 -0.347668 
v -270.261 7.68898 -0.347668 
v -270.29 7.89264 0.376314 
v -270.261 7.68898 0.347668 
v -270.405 7.68898 -4.4212e-10 
v -270.18 7.51633 -0.266094 
v -270.18 7.51633 0.266094 
v -269.914 7.51633 0.376314 
v -270.29 7.51633 -3.21281e-09 
v -270.446 7.89264 2.09457e-09 
v -269.566 7.68898 -0.347668 
v -269.537 7.89264 0.376314 
v -270.18 7.51633 -0.266094 
v -270.18 7.51633 0.266094 
v -269.648 7.51633 0.266094 
v -269.914 7.51633 0.376314 
v -269.914 7.40096 0.20366 
v -269.648 7.51633 -0.266094 
v -269.537 7.51633 -8.97381e-09 
v -269.77 7.40096 0.144008 
v -269.71 7.40096 -8.9135e-09 
v -269.914 7.36045 -7.79748e-09 
v -269.77 7.40096 -0.144008 
v -269.914 7.51633 -0.376312 
v -269.914 7.40096 -0.203658 
v -270.058 7.40096 -0.144008 
v -270.117 7.40096 -5.79567e-09 
v -270.29 7.51633 -3.21281e-09 
v -270.058 7.40096 0.144008 
v -270.29 8.26895 5.01568e-09 
v -270.058 8.38432 -0.144008 
v -270.18 8.26895 -0.266094 
v -270.446 7.89264 2.09457e-09 
v -270.261 8.0963 -0.347668 
v -269.914 8.26895 -0.376312 
v -269.914 8.0963 -0.491676 
v -269.648 8.26895 -0.266094 
v -269.537 8.26895 -7.45326e-10 
v -269.566 8.0963 -0.347668 
v -269.914 7.89264 -0.532186 
v -269.381 7.89264 -6.05271e-09 
v -269.537 7.89264 -0.376312 
v -270.29 7.89264 -0.376312 
v -269.566 7.68898 -0.347668 
v -270.261 7.68898 -0.347668 
v -269.914 7.68898 -0.491676 
v -270.18 7.51633 -0.266094 
v -269.648 7.51633 -0.266094 
v -269.77 7.40096 -0.144008 
v -269.914 7.51633 -0.376312 

vn 0.519685 0.685039 0.519685 
vn 0.519685 0.685039 -0.519685 
vn 0.732283 0.685039 0 
vn 0.929134 0.370079 0 
vn 0.661417 0.370079 -0.661417 
vn 0.661417 0.370079 0.661417 
vn 1 0 0 
vn 0.708661 0 -0.708661 
vn 0.661417 -0.370079 -0.661417 
vn 0.708661 0 0.708661 
vn 0.661417 -0.370079 0.661417 
vn 0.519685 -0.685039 0.519685 
vn 0.929134 -0.370079 0 
vn 0 -0.685039 0.732283 
vn 0.519685 -0.685039 -0.519685 
vn 0.732283 -0.685039 0 
vn 0 0.905512 0.425197 
vn -0.519685 0.685039 0.519685 
vn 0 0.685039 0.732283 
vn 0.519685 0.685039 0.519685 
vn -0.299213 0.905512 0.299213 
vn 0 1 0 
vn -0.425197 0.905512 0 
vn -0.732283 0.685039 0 
vn -0.299213 0.905512 -0.299213 
vn -0.519685 0.685039 -0.519685 
vn 0 0.685039 -0.732283 
vn 0 0.905512 -0.425197 
vn 0.299213 0.905512 -0.299213 
vn 0.519685 0.685039 -0.519685 
vn 0.425197 0.905512 0 
vn 0.732283 0.685039 0 
vn 0.299213 0.905512 0.299213 
vn -0.519685 0.685039 0.519685 
vn 0 0.685039 0.732283 
vn 0.519685 0.685039 0.519685 
vn 0 0.370079 0.929134 
vn -0.661417 0.370079 0.661417 
vn -0.732283 0.685039 0 
vn 0.519685 0.685039 -0.519685 
vn 0.732283 0.685039 0 
vn 0.661417 0.370079 0.661417 
vn 1 0 0 
vn 0.708661 0 0.708661 
vn 0 0 1 
vn -0.708661 0 0.708661 
vn -0.661417 -0.370079 0.661417 
vn -0.519685 -0.685039 0.519685 
vn 0 -0.370079 0.929134 
vn 0.661417 -0.370079 0.661417 
vn 0.519685 -0.685039 0.519685 
vn 0 -0.685039 0.732283 
vn -0.519685 0.685039 0.519685 
vn 0 0.685039 0.732283 
vn -0.661417 0.370079 0.661417 
vn -0.732283 0.685039 0 
vn -0.929134 0.370079 0 
vn -0.299213 0.905512 -0.299213 
vn -0.519685 0.685039 -0.519685 
vn -1 0 0 
vn -0.661417 0.370079 -0.661417 
vn -0.708661 0 -0.708661 
vn 0.661417 -0.370079 -0.661417 
vn -0.661417 -0.370079 -0.661417 
vn -0.708661 0 0.708661 
vn -0.661417 -0.370079 0.661417 
vn -0.929134 -0.370079 0 
vn -0.519685 -0.685039 -0.519685 
vn -0.519685 -0.685039 0.519685 
vn 0 -0.685039 0.732283 
vn -0.732283 -0.685039 0 
vn -1 0 0 
vn 0.661417 -0.370079 -0.661417 
vn 0.708661 0 0.708661 
vn -0.519685 -0.685039 -0.519685 
vn -0.519685 -0.685039 0.519685 
vn 0.519685 -0.685039 0.519685 
vn 0 -0.685039 0.732283 
vn 0 -0.905512 0.425197 
vn 0.519685 -0.685039 -0.519685 
vn 0.732283 -0.685039 0 
vn 0.299213 -0.905512 0.299213 
vn 0.425197 -0.905512 0 
vn 0 -1 0 
vn 0.299213 -0.905512 -0.299213 
vn 0 -0.685039 -0.732283 
vn 0 -0.905512 -0.425197 
vn -0.299213 -0.905512 -0.299213 
vn -0.425197 -0.905512 0 
vn -0.732283 -0.685039 0 
vn -0.299213 -0.905512 0.299213 
vn -0.732283 0.685039 0 
vn -0.299213 0.905512 -0.299213 
vn -0.519685 0.685039 -0.519685 
vn -1 0 0 
vn -0.661417 0.370079 -0.661417 
vn 0 0.685039 -0.732283 
vn 0 0.370079 -0.929134 
vn 0.519685 0.685039 -0.519685 
vn 0.732283 0.685039 0 
vn 0.661417 0.370079 -0.661417 
vn 0 0 -1 
vn 1 0 0 
vn 0.708661 0 -0.708661 
vn -0.708661 0 -0.708661 
vn 0.661417 -0.370079 -0.661417 
vn -0.661417 -0.370079 -0.661417 
vn 0 -0.370079 -0.929134 
vn -0.519685 -0.685039 -0.519685 
vn 0.519685 -0.685039 -0.519685 
vn 0.299213 -0.905512 -0.299213 
vn 0 -0.685039 -0.732283 

vt 1.10003 -0.540196 
vt 1.16655 -0.540196 
vt 1.13329 -0.540196 
vt 1.13329 -0.561778 
vt 1.17675 -0.561778 
vt 1.08983 -0.561778 
vt 1.13329 -0.587235 
vt 1.18033 -0.587235 
vt 1.17675 -0.612693 
vt 1.08625 -0.587235 
vt 1.08983 -0.612693 
vt 1.10003 -0.634274 
vt 1.13329 -0.612693 
vt 1.08625 -0.634274 
vt 1.16655 -0.634274 
vt 1.13329 -0.634274 
vt 1.13329 -0.561778 
vt 1.16655 -0.553973 
vt 1.13329 -0.540196 
vt 1.10003 -0.553973 
vt 1.15129 -0.569234 
vt 1.13329 -0.587235 
vt 1.15875 -0.587235 
vt 1.18033 -0.587235 
vt 1.15129 -0.605236 
vt 1.16655 -0.620497 
vt 1.13329 -0.634274 
vt 1.13329 -0.612692 
vt 1.11529 -0.605236 
vt 1.10003 -0.620497 
vt 1.10783 -0.587235 
vt 1.08625 -0.587235 
vt 1.11529 -0.569234 
vt 1.10003 -0.540196 
vt 1.13329 -0.540196 
vt 1.16655 -0.540196 
vt 1.13329 -0.561778 
vt 1.08983 -0.561778 
vt 1.08625 -0.540196 
vt 1.16655 -0.540196 
vt 1.18033 -0.540196 
vt 1.17675 -0.561778 
vt 1.19981 -0.587235 
vt 1.18033 -0.587235 
vt 1.13329 -0.587235 
vt 1.08625 -0.587235 
vt 1.08983 -0.612693 
vt 1.10003 -0.634274 
vt 1.13329 -0.612693 
vt 1.17675 -0.612693 
vt 1.16655 -0.634274 
vt 1.13329 -0.634274 
vt 1.16655 -0.540196 
vt 1.18033 -0.540196 
vt 1.17675 -0.561778 
vt 1.13329 -0.540196 
vt 1.13329 -0.561778 
vt 1.11529 -0.525776 
vt 1.10003 -0.540196 
vt 1.13329 -0.587235 
vt 1.08983 -0.561778 
vt 1.08625 -0.587235 
vt 1.08983 -0.612693 
vt 1.08983 -0.612693 
vt 1.18033 -0.587235 
vt 1.17675 -0.612693 
vt 1.13329 -0.612693 
vt 1.10003 -0.634274 
vt 1.16655 -0.634274 
vt 1.18033 -0.634274 
vt 1.13329 -0.634274 
vt 1.06677 -0.587235 
vt 1.17675 -0.630694 
vt 1.18033 -0.540196 
vt 1.10003 -0.620497 
vt 1.10003 -0.553973 
vt 1.16655 -0.553973 
vt 1.13329 -0.540196 
vt 1.13329 -0.561778 
vt 1.16655 -0.620497 
vt 1.18033 -0.587235 
vt 1.15129 -0.569234 
vt 1.15875 -0.587235 
vt 1.13329 -0.587235 
vt 1.15129 -0.605236 
vt 1.13329 -0.634274 
vt 1.13329 -0.612692 
vt 1.11529 -0.605236 
vt 1.10783 -0.587235 
vt 1.08625 -0.587235 
vt 1.11529 -0.569234 
vt 1.18033 -0.540196 
vt 1.15129 -0.525776 
vt 1.16655 -0.540196 
vt 1.19981 -0.587235 
vt 1.17675 -0.561778 
vt 1.13329 -0.540196 
vt 1.13329 -0.561778 
vt 1.10003 -0.540196 
vt 1.08625 -0.540196 
vt 1.08983 -0.561778 
vt 1.13329 -0.587235 
vt 1.06677 -0.587235 
vt 1.08625 -0.587235 
vt 1.18033 -0.587235 
vt 1.08983 -0.612693 
vt 1.17675 -0.612693 
vt 1.13329 -0.612693 
vt 1.16655 -0.634274 
vt 1.10003 -0.634274 
vt 1.11529 -0.648695 
vt 1.13329 -0.634274 

usemtl Meshpart1Mtl

f 4/4/4 2/2/2 3/3/3 
f 3/3/3 1/1/1 4/4/4 
f 2/2/2 4/4/4 5/5/5 
f 6/6/6 4/4/4 1/1/1 
f 7/7/7 5/5/5 4/4/4 
f 4/4/4 6/6/6 7/7/7 
f 5/5/5 7/7/7 8/8/8 
f 8/8/8 7/7/7 9/9/9 
f 7/7/7 6/6/6 10/10/10 
f 11/11/11 7/7/7 10/10/10 
f 7/7/7 11/11/11 13/13/13 
f 12/12/12 13/13/13 11/11/11 
f 9/9/9 7/7/7 13/13/13 
f 9/9/9 13/13/13 15/15/15 
f 13/13/13 12/12/12 16/16/16 
f 15/15/15 13/13/13 16/16/16 
f 17/17/17 18/18/18 19/19/19 
f 20/20/20 17/17/17 19/19/19 
f 18/18/18 17/17/17 21/21/21 
f 17/17/17 22/22/22 21/21/21 
f 21/21/21 22/22/22 23/23/23 
f 21/21/21 24/24/24 18/18/18 
f 24/24/24 21/21/21 23/23/23 
f 25/25/25 24/24/24 23/23/23 
f 23/23/23 22/22/22 25/25/25 
f 24/24/24 25/25/25 26/26/26 
f 25/25/25 27/27/27 26/26/26 
f 27/27/27 25/25/25 28/28/28 
f 25/25/25 22/22/22 28/28/28 
f 29/29/29 27/27/27 28/28/28 
f 28/28/28 22/22/22 29/29/29 
f 30/30/30 27/27/27 29/29/29 
f 29/29/29 22/22/22 31/31/31 
f 29/29/29 32/32/32 30/30/30 
f 32/32/32 29/29/29 31/31/31 
f 31/31/31 22/22/22 33/33/33 
f 33/33/33 32/32/32 31/31/31 
f 33/33/33 22/22/22 17/17/17 
f 17/17/17 20/20/20 33/33/33 
f 20/20/20 32/32/32 33/33/33 
f 37/37/37 35/35/35 34/34/34 
f 37/37/37 36/36/36 35/35/35 
f 38/38/38 37/37/37 34/34/34 
f 36/36/36 37/37/37 42/42/42 
f 45/45/45 42/42/42 37/37/37 
f 42/42/42 45/45/45 44/44/44 
f 45/45/45 37/37/37 38/38/38 
f 46/46/46 45/45/45 38/38/38 
f 47/47/47 45/45/45 46/46/46 
f 45/45/45 47/47/47 49/49/49 
f 48/48/48 49/49/49 47/47/47 
f 44/44/44 45/45/45 50/50/50 
f 49/49/49 50/50/50 45/45/45 
f 51/51/51 50/50/50 49/49/49 
f 52/52/52 51/51/51 49/49/49 
f 49/49/49 48/48/48 52/52/52 
f 57/57/57 53/53/53 56/56/56 
f 53/53/53 57/57/57 55/55/55 
f 59/59/59 57/57/57 56/56/56 
f 60/60/60 55/55/55 57/57/57 
f 59/59/59 61/61/61 57/57/57 
f 61/61/61 60/60/60 57/57/57 
f 62/62/62 60/60/60 61/61/61 
f 64/64/64 60/60/60 62/62/62 
f 55/55/55 60/60/60 65/65/65 
f 60/60/60 66/66/66 65/65/65 
f 60/60/60 64/64/64 67/67/67 
f 60/60/60 67/67/67 66/66/66 
f 68/68/68 67/67/67 64/64/64 
f 67/67/67 69/69/69 66/66/66 
f 67/67/67 68/68/68 71/71/71 
f 67/67/67 71/71/71 69/69/69 
f 79/79/79 77/77/77 78/78/78 
f 78/78/78 76/76/76 79/79/79 
f 77/77/77 79/79/79 82/82/82 
f 82/82/82 81/81/81 77/77/77 
f 81/81/81 82/82/82 83/83/83 
f 84/84/84 82/82/82 79/79/79 
f 84/84/84 83/83/83 82/82/82 
f 85/85/85 81/81/81 83/83/83 
f 80/80/80 81/81/81 85/85/85 
f 84/84/84 85/85/85 83/83/83 
f 85/85/85 86/86/86 80/80/80 
f 86/86/86 85/85/85 87/87/87 
f 84/84/84 87/87/87 85/85/85 
f 88/88/88 86/86/86 87/87/87 
f 84/84/84 88/88/88 87/87/87 
f 75/75/75 86/86/86 88/88/88 
f 84/84/84 89/89/89 88/88/88 
f 88/88/88 90/90/90 75/75/75 
f 90/90/90 88/88/88 89/89/89 
f 91/91/91 90/90/90 89/89/89 
f 84/84/84 91/91/91 89/89/89 
f 90/90/90 91/91/91 76/76/76 
f 84/84/84 79/79/79 91/91/91 
f 79/79/79 76/76/76 91/91/91 
f 94/94/94 98/98/98 96/96/96 
f 98/98/98 94/94/94 97/97/97 
f 99/99/99 98/98/98 97/97/97 
f 98/98/98 99/99/99 101/101/101 
f 101/101/101 102/102/102 98/98/98 
f 102/102/102 96/96/96 98/98/98 
f 102/102/102 101/101/101 104/104/104 
f 96/96/96 102/102/102 105/105/105 
f 106/106/106 102/102/102 104/104/104 
f 102/102/102 107/107/107 105/105/105 
f 102/102/102 106/106/106 108/108/108 
f 107/107/107 102/102/102 108/108/108 
f 107/107/107 108/108/108 109/109/109 
f 110/110/110 108/108/108 106/106/106 
f 108/108/108 110/110/110 112/112/112 
f 109/109/109 108/108/108 112/112/112 

g Meshpart2

v -270.586 7.38316 -0.284829 
v -270.47 7.53355 -0.0944915 
v -270.451 7.3935 -0.0597435 
v -270.47 7.53355 0.110117 
v -270.586 7.38316 0.300455 
v -270.528 7.29363 -0.186141 
v -270.451 7.3935 0.0753685 
v -270.689 7.087 -0.0597435 
v -270.611 7.18687 -0.186141 
v -270.712 7.22149 0.300455 
v -270.828 7.0711 0.110117 
v -270.689 7.087 0.0753685 
v -270.611 7.18687 0.201765 
v -270.528 7.29363 0.201765 
v -269.702 5.8999 -0.287896 
v -269.601 5.81537 -0.0597375 
v -269.512 5.9253 -0.0962815 
v -269.512 5.9253 0.111904 
v -269.601 5.81537 0.0753625 
v -269.725 5.79878 0.200494 
v -269.751 5.99133 0.200494 
v -269.398 6.33755 -0.131182 
v -269.54 6.20432 0.0991685 
v -269.527 6.48248 -0.0835475 
v -269.398 6.33755 0.146804 
v -269.527 6.48248 0.0991725 
v -269.656 6.34872 0.40472 
v -270.576 8.27421 -0.254541 
v -270.436 8.1775 -0.0839035 
v -270.436 8.1775 0.0995265 
v -270.457 8.30161 -0.0527515 
v -270.576 8.27421 0.270167 
v -270.551 8.36583 -0.166067 
v -270.728 8.37817 0.270167 
v -270.647 8.21358 0.203557 
v -270.457 8.30161 0.0683765 
v -270.65 8.43448 0.181691 
v -270.551 8.36583 0.181691 
v -269.157 7.09821 -0.343799 
v -269.176 7.338 -0.222704 
v -269.08 7.20826 -0.222712 
v -268.99 7.08784 -0.0728995 
v -269.304 7.29686 -0.343799 
v -269.265 7.45842 -0.0728915 
v -269.022 6.91491 -0.11575 
v -269.265 7.45842 0.0885165 
v -268.99 7.08784 0.0885245 
v -269.44 7.48017 0.131375 
v -269.304 7.29686 0.359425 
v -269.176 7.338 0.238329 
v -269.08 7.20826 0.238334 
v -269.157 7.09821 0.359425 
v -269.022 6.91491 0.131374 
v -269.018 7.92986 -0.184339 
v -269.038 8.02147 -0.242276 
v -268.905 7.98275 -0.0595075 
v -268.891 8.09017 -0.0801355 
v -268.891 8.09017 0.0957585 
v -268.905 7.98275 0.0751325 
v -269.038 8.02147 0.257901 
v -269.018 7.92986 0.199965 
v -269.401 2.12275 -0.514032 
v -269.063 2.12461 -0.175378 
v -269.452 1.90484 -0.369372 
v -269.206 1.90618 -0.124118 
v -269.401 2.12275 0.529656 
v -269.063 2.12461 0.191 
v -269.206 1.90618 0.139742 
v -269.452 1.90484 0.384996 
v -270.586 7.38316 -0.284829 
v -270.685 7.41962 -0.192819 
v -270.851 7.20588 -0.0620695 
v -270.605 7.52293 -0.0620695 
v -270.47 7.53355 -0.0944915 
v -270.605 7.52293 0.0776945 
v -270.47 7.53355 0.110117 
v -270.586 7.38316 0.300455 
v -270.685 7.41962 0.208445 
v -269.702 5.8999 -0.287896 
v -269.908 5.87231 -0.287896 
v -269.751 5.99133 -0.184869 
v -269.885 5.97342 -0.184869 
v -269.627 6.00792 -0.0597375 
v -270.098 5.84691 -0.0962815 
v -270.009 5.95684 -0.0597375 
v -270.098 5.84691 0.111904 
v -269.512 5.9253 -0.0962815 
v -269.512 5.9253 0.111904 
v -269.702 5.8999 0.30352 
v -269.908 5.87231 0.30352 
v -269.751 5.99133 0.200494 
v -269.627 6.00792 0.0753625 
v -269.885 5.97342 0.200494 
v -270.009 5.95684 0.0753625 
v -269.656 6.34872 -0.389096 
v -269.88 6.49776 -0.254042 
v -269.697 6.48986 -0.254044 
v -270.05 6.50514 -0.0835435 
v -269.934 6.36075 -0.389096 
v -270.192 6.37191 -0.131182 
v -270.192 6.37191 0.146804 
v -269.398 6.33755 -0.131182 
v -269.527 6.48248 -0.0835475 
v -269.398 6.33755 0.146804 
v -270.05 6.50514 0.0991685 
v -269.527 6.48248 0.0991725 
v -269.697 6.48986 0.269668 
v -269.88 6.49776 0.269664 
v -269.656 6.34872 0.40472 
v -269.934 6.36075 0.40472 
v -270.728 8.37817 -0.254541 
v -270.576 8.27421 -0.254541 
v -270.436 8.1775 -0.0839035 
v -270.868 8.47489 -0.0839035 
v -270.457 8.30161 -0.0527515 
v -270.868 8.47489 0.0995265 
v -270.744 8.49871 -0.0527515 
v -270.65 8.43448 -0.166067 
v -270.551 8.36583 -0.166067 
v -270.744 8.49871 0.0683765 
v -270.728 8.37817 0.270167 
v -270.647 8.21358 0.203557 
v -270.457 8.30161 0.0683765 
v -270.65 8.43448 0.181691 
v -270.551 8.36583 0.181691 
v -269.176 7.338 -0.222704 
v -269.08 7.20826 -0.222712 
v -269.304 7.29686 -0.343799 
v -269.265 7.45842 -0.0728915 
v -269.265 7.45842 0.0885165 
v -269.44 7.48017 -0.115749 
v -269.44 7.48017 0.131375 
v -269.304 7.29686 0.359425 
v -269.176 7.338 0.238329 
v -269.08 7.20826 0.238334 
v -269.197 7.94695 -0.242276 
v -269.038 8.02147 -0.242276 
v -269.112 8.08775 -0.131353 
v -268.891 8.09017 -0.0801355 
v -269.03 8.12606 -0.0409475 
v -268.891 8.09017 0.0957585 
v -269.2 8.04643 -0.131347 
v -269.344 7.87825 -0.0801355 
v -269.344 7.87825 0.0957585 
v -269.282 8.00812 -0.0409435 
v -269.282 8.00812 0.0565665 
v -269.03 8.12606 0.0565725 
v -269.2 8.04643 0.146973 
v -269.197 7.94695 0.257901 
v -269.112 8.08775 0.146979 
v -269.038 8.02147 0.257901 
v -269.401 2.12275 -0.514032 
v -269.768 2.12075 -0.514034 
v -269.478 2.27076 -0.300058 
v -269.278 2.27186 -0.0998136 
v -269.693 2.26958 -0.300058 
v -269.063 2.12461 -0.175378 
v -269.893 2.26848 -0.0998155 
v -269.278 2.27186 0.115436 
v -270.106 2.11889 -0.175378 
v -269.893 2.26848 0.115438 
v -270.106 2.11889 0.191002 
v -269.693 2.26958 0.315682 
v -269.768 2.12075 0.529658 
v -269.478 2.27076 0.31568 
v -269.401 2.12275 0.529656 
v -269.063 2.12461 0.191 
v -270.586 7.38316 0.300455 
v -270.685 7.41962 0.208445 
v -270.771 7.30919 0.208445 
v -270.712 7.22149 0.300455 
v -270.611 7.18687 0.201765 
v -270.528 7.29363 0.201765 
v -270.098 5.84691 -0.0962815 
v -269.725 5.79878 0.200494 
v -269.751 5.99133 0.200494 
v -270.192 6.37191 -0.131182 
v -269.697 6.48986 0.269668 
v -269.88 6.49776 0.269664 
v -269.656 6.34872 0.40472 
v -269.934 6.36075 0.40472 
v -269.711 6.2117 0.269664 
v -269.893 6.2196 0.269668 
v -270.063 6.22698 0.0991725 
v -270.576 8.27421 0.270167 
v -270.728 8.37817 0.270167 
v -270.647 8.21358 0.203557 
v -270.76 8.29087 0.203557 
v -270.65 8.43448 0.181691 
v -270.551 8.36583 0.181691 
v -269.304 7.29686 0.359425 
v -269.176 7.338 0.238329 
v -269.39 7.19566 0.247139 
v -269.08 7.20826 0.238334 
v -269.157 7.09821 0.359425 
v -269.29 7.06096 0.24713 
v -269.254 7.81991 0.0751405 
v -269.197 7.94695 0.257901 
v -269.038 8.02147 0.257901 
v -269.018 7.92986 0.199965 
v -269.14 7.87281 0.199973 
v -269.961 1.90205 0.139744 
v -270.106 2.11889 0.191002 
v -269.768 2.12075 0.529658 
v -269.401 2.12275 0.529656 
v -269.063 2.12461 0.191 
v -269.206 1.90618 0.139742 
v -269.716 1.90339 0.384998 
v -269.452 1.90484 0.384996 
v -270.771 7.30919 -0.192819 
v -270.586 7.38316 -0.284829 
v -270.712 7.22149 -0.284829 
v -270.685 7.41962 -0.192819 
v -270.851 7.20588 -0.0620695 
v -270.605 7.52293 -0.0620695 
v -270.851 7.20588 0.0776945 
v -270.605 7.52293 0.0776945 
v -270.47 7.53355 0.110117 
v -270.586 7.38316 0.300455 
v -270.611 7.18687 -0.186141 
v -270.685 7.41962 0.208445 
v -270.771 7.30919 0.208445 
v -270.712 7.22149 0.300455 
v -270.828 7.0711 -0.0944915 
v -270.828 7.0711 0.110117 
v -270.098 5.84691 -0.0962815 
v -270.009 5.95684 -0.0597375 
v -270.098 5.84691 0.111904 
v -270.009 5.95684 0.0753625 
v -270.192 6.37191 -0.131182 
v -270.063 6.22698 -0.0835475 
v -270.192 6.37191 0.146804 
v -270.05 6.50514 0.0991685 
v -269.656 6.34872 0.40472 
v -270.063 6.22698 0.0991725 
v -270.728 8.37817 -0.254541 
v -270.76 8.29087 -0.187933 
v -270.865 8.36317 -0.0603675 
v -270.868 8.47489 -0.0839035 
v -270.868 8.47489 0.0995265 
v -270.865 8.36317 0.0759925 
v -270.728 8.37817 0.270167 
v -270.647 8.21358 0.203557 
v -270.76 8.29087 0.203557 
v -269.304 7.29686 -0.343799 
v -269.022 6.91491 -0.11575 
v -269.198 6.93595 -0.0759735 
v -269.44 7.48017 -0.115749 
v -269.29 7.06096 -0.231505 
v -269.39 7.19566 -0.231514 
v -269.482 7.32068 -0.0759815 
v -269.44 7.48017 0.131375 
v -269.482 7.32068 0.0916065 
v -269.304 7.29686 0.359425 
v -269.39 7.19566 0.247139 
v -269.29 7.06096 0.24713 
v -269.198 6.93595 0.0915985 
v -269.197 7.94695 -0.242276 
v -269.2 8.04643 -0.131347 
v -269.344 7.87825 -0.0801355 
v -269.344 7.87825 0.0957585 
v -269.282 8.00812 -0.0409435 
v -269.282 8.00812 0.0565665 
v -269.2 8.04643 0.146973 
v -269.254 7.81991 0.0751405 
v -269.197 7.94695 0.257901 
v -269.038 8.02147 0.257901 
v -270.106 2.11889 -0.175378 
v -269.961 1.90205 -0.12412 
v -269.961 1.90205 0.139744 
v -270.106 2.11889 0.191002 
v -270.586 7.38316 -0.284829 
v -270.712 7.22149 -0.284829 
v -270.851 7.20588 -0.0620695 
v -270.689 7.087 -0.0597435 
v -270.611 7.18687 -0.186141 
v -270.712 7.22149 0.300455 
v -270.828 7.0711 -0.0944915 
v -270.828 7.0711 0.110117 
v -270.689 7.087 0.0753685 
v -270.611 7.18687 0.201765 
v -269.702 5.8999 -0.287896 
v -269.908 5.87231 -0.287896 
v -270.098 5.84691 -0.0962815 
v -269.983 5.76429 -0.0597375 
v -270.098 5.84691 0.111904 
v -269.859 5.78088 -0.18487 
v -269.725 5.79878 -0.18487 
v -269.601 5.81537 -0.0597375 
v -269.512 5.9253 -0.0962815 
v -269.512 5.9253 0.111904 
v -269.601 5.81537 0.0753625 
v -269.983 5.76429 0.0753625 
v -269.725 5.79878 0.200494 
v -269.859 5.78088 0.200494 
v -269.702 5.8999 0.30352 
v -269.908 5.87231 0.30352 
v -269.656 6.34872 -0.389096 
v -269.934 6.36075 -0.389096 
v -269.711 6.2117 -0.254042 
v -269.54 6.20432 -0.0835435 
v -269.893 6.2196 -0.254044 
v -270.192 6.37191 -0.131182 
v -270.063 6.22698 -0.0835475 
v -270.192 6.37191 0.146804 
v -269.398 6.33755 -0.131182 
v -269.54 6.20432 0.0991685 
v -269.398 6.33755 0.146804 
v -269.656 6.34872 0.40472 
v -269.934 6.36075 0.40472 
v -269.711 6.2117 0.269664 
v -269.893 6.2196 0.269668 
v -270.063 6.22698 0.0991725 
v -270.647 8.21358 -0.187933 
v -270.728 8.37817 -0.254541 
v -270.576 8.27421 -0.254541 
v -270.76 8.29087 -0.187933 
v -270.865 8.36317 -0.0603675 
v -270.542 8.14128 -0.0603675 
v -270.436 8.1775 -0.0839035 
v -270.868 8.47489 -0.0839035 
v -270.436 8.1775 0.0995265 
v -270.542 8.14128 0.0759925 
v -270.576 8.27421 0.270167 
v -270.865 8.36317 0.0759925 
v -270.728 8.37817 0.270167 
v -270.647 8.21358 0.203557 
v -270.76 8.29087 0.203557 
v -270.457 8.30161 0.0683765 
v -269.157 7.09821 -0.343799 
v -269.022 6.91491 -0.11575 
v -269.198 6.93595 -0.0759735 
v -269.29 7.06096 -0.231505 
v -269.39 7.19566 -0.231514 
v -269.304 7.29686 0.359425 
v -269.39 7.19566 0.247139 
v -269.08 7.20826 0.238334 
v -269.157 7.09821 0.359425 
v -269.29 7.06096 0.24713 
v -269.198 6.93595 0.0915985 
v -269.022 6.91491 0.131374 
v -269.197 7.94695 -0.242276 
v -269.018 7.92986 -0.184339 
v -269.14 7.87281 -0.184347 
v -269.254 7.81991 -0.0595155 
v -269.038 8.02147 -0.242276 
v -268.905 7.98275 -0.0595075 
v -268.891 8.09017 -0.0801355 
v -268.905 7.98275 0.0751325 
v -269.344 7.87825 -0.0801355 
v -269.344 7.87825 0.0957585 
v -269.254 7.81991 0.0751405 
v -269.197 7.94695 0.257901 
v -269.038 8.02147 0.257901 
v -269.018 7.92986 0.199965 
v -269.14 7.87281 0.199973 
v -269.401 2.12275 -0.514032 
v -269.063 2.12461 -0.175378 
v -270.106 2.11889 -0.175378 
v -269.452 1.90484 -0.369372 
v -269.716 1.90339 -0.369374 
v -269.961 1.90205 -0.12412 
v -269.206 1.90618 -0.124118 
v -269.961 1.90205 0.139744 
v -270.106 2.11889 0.191002 
v -269.401 2.12275 0.529656 
v -269.063 2.12461 0.191 
v -269.206 1.90618 0.139742 
v -269.716 1.90339 0.384998 
v -269.452 1.90484 0.384996 
v -270.771 7.30919 -0.192819 
v -270.586 7.38316 -0.284829 
v -270.712 7.22149 -0.284829 
v -270.685 7.41962 -0.192819 
v -270.528 7.29363 -0.186141 
v -270.611 7.18687 -0.186141 
v -269.656 6.34872 -0.389096 
v -269.88 6.49776 -0.254042 
v -269.697 6.48986 -0.254044 
v -269.934 6.36075 -0.389096 
v -269.711 6.2117 -0.254042 
v -269.893 6.2196 -0.254044 
v -270.647 8.21358 -0.187933 
v -270.728 8.37817 -0.254541 
v -270.576 8.27421 -0.254541 
v -270.76 8.29087 -0.187933 
v -270.65 8.43448 -0.166067 
v -270.551 8.36583 -0.166067 
v -269.157 7.09821 -0.343799 
v -269.176 7.338 -0.222704 
v -269.08 7.20826 -0.222712 
v -269.304 7.29686 -0.343799 
v -269.022 6.91491 -0.11575 
v -269.29 7.06096 -0.231505 
v -269.39 7.19566 -0.231514 
v -269.197 7.94695 -0.242276 
v -269.018 7.92986 -0.184339 
v -269.14 7.87281 -0.184347 
v -269.038 8.02147 -0.242276 
v -269.344 7.87825 -0.0801355 
v -269.282 8.00812 -0.0409435 
v -269.401 2.12275 -0.514032 
v -269.768 2.12075 -0.514034 
v -269.063 2.12461 -0.175378 
v -270.106 2.11889 -0.175378 
v -269.452 1.90484 -0.369372 
v -269.716 1.90339 -0.369374 
v -269.961 1.90205 -0.12412 

vn 0.244094 0.283465 -0.929134 
vn 0.582677 0.724409 -0.377953 
vn 0.96063 -0.220472 -0.173228 
vn 0.582677 0.724409 0.377953 
vn 0.244094 0.283465 0.929134 
vn 0.811024 -0.409449 -0.409449 
vn 0.96063 -0.220472 0.173228 
vn 0.448819 -0.874016 -0.181102 
vn 0.598425 -0.685039 -0.409449 
vn -0.220472 -0.307087 0.929134 
vn -0.559055 -0.740157 0.377953 
vn 0.448819 -0.874016 0.181102 
vn 0.598425 -0.685039 0.409449 
vn 0.811024 -0.409449 0.409449 
vn 0.370079 0.0472441 -0.929134 
vn 0.511811 -0.84252 -0.165354 
vn 0.92126 0.125984 -0.377953 
vn 0.92126 0.125984 0.377953 
vn 0.511811 -0.84252 0.165354 
vn 0.291339 -0.874016 0.393701 
vn 0.0472441 0.92126 0.393701 
vn 0.929134 -0.0393701 -0.377953 
vn 0.377953 -0.913386 0.181102 
vn 0.456693 0.874016 -0.181102 
vn 0.929134 -0.0393701 0.377953 
vn 0.456693 0.874016 0.181102 
vn 0.377953 -0.015748 0.929134 
vn 0.346457 -0.165354 -0.92126 
vn 0.795276 -0.472441 -0.377953 
vn 0.795276 -0.472441 0.377953 
vn 0.850394 0.503937 -0.181102 
vn 0.346457 -0.165354 0.92126 
vn 0.653543 0.637795 -0.409449 
vn -0.275591 0.259843 0.92126 
vn -0.314961 -0.818898 0.472441 
vn 0.850394 0.503937 0.181102 
vn 0.362205 0.834646 0.409449 
vn 0.653543 0.637795 0.409449 
vn 0.23622 -0.299213 -0.92126 
vn 0.606299 0.677165 -0.417323 
vn 0.818898 0.385827 -0.417323 
vn 0.968504 0.188976 -0.181102 
vn -0.204724 0.314961 -0.929134 
vn 0.464567 0.866142 -0.181102 
vn 0.551181 -0.748031 -0.377953 
vn 0.464567 0.866142 0.181102 
vn 0.968504 0.188976 0.181102 
vn -0.519685 0.76378 0.377953 
vn -0.204724 0.314961 0.929134 
vn 0.606299 0.677165 0.417323 
vn 0.818898 0.385827 0.417323 
vn 0.23622 -0.299213 0.92126 
vn 0.551181 -0.748031 0.377953 
vn 0.551181 -0.661417 -0.503937 
vn 0.283465 0.283465 -0.92126 
vn 0.811024 -0.543307 -0.212598 
vn 0.771654 0.511811 -0.370079 
vn 0.771654 0.511811 0.370079 
vn 0.811024 -0.543307 0.212598 
vn 0.283465 0.283465 0.92126 
vn 0.551181 -0.661417 0.503937 
vn 0.370079 0.165354 -0.913386 
vn 0.913386 0.165354 -0.370079 
vn 0.220472 -0.84252 -0.496063 
vn 0.503937 -0.834646 -0.212598 
vn 0.370079 0.165354 0.913386 
vn 0.913386 0.165354 0.370079 
vn 0.503937 -0.834646 0.212598 
vn 0.220472 -0.84252 0.496063 
vn 0.244094 0.283465 -0.929134 
vn -0.582677 0.685039 -0.425197 
vn -0.96063 0.204724 -0.181102 
vn -0.433071 0.88189 -0.181102 
vn 0.582677 0.724409 -0.377953 
vn -0.433071 0.88189 0.181102 
vn 0.582677 0.724409 0.377953 
vn 0.244094 0.283465 0.929134 
vn -0.582677 0.685039 0.425197 
vn 0.370079 0.0472441 -0.929134 
vn -0.370079 -0.0472441 -0.929134 
vn 0.0472441 0.92126 -0.393701 
vn -0.283465 0.874016 -0.393701 
vn 0.267717 0.944882 -0.165354 
vn -0.92126 -0.125984 -0.377953 
vn -0.511811 0.84252 -0.165354 
vn -0.92126 -0.125984 0.377953 
vn 0.92126 0.125984 -0.377953 
vn 0.92126 0.125984 0.377953 
vn 0.370079 0.0472441 0.929134 
vn -0.370079 -0.0472441 0.929134 
vn 0.0472441 0.92126 0.393701 
vn 0.267717 0.944882 0.165354 
vn -0.283465 0.874016 0.393701 
vn -0.511811 0.84252 0.165354 
vn 0.377953 -0.015748 -0.929134 
vn -0.141732 0.897638 -0.417323 
vn 0.220472 0.88189 -0.417323 
vn -0.377953 0.913386 -0.181102 
vn -0.377953 0.015748 -0.929134 
vn -0.929134 0.0393701 -0.377953 
vn -0.929134 0.0393701 0.377953 
vn 0.929134 -0.0393701 -0.377953 
vn 0.456693 0.874016 -0.181102 
vn 0.929134 -0.0393701 0.377953 
vn -0.377953 0.913386 0.181102 
vn 0.456693 0.874016 0.181102 
vn 0.220472 0.88189 0.417323 
vn -0.141732 0.897638 0.417323 
vn 0.377953 -0.015748 0.929134 
vn -0.377953 0.015748 0.929134 
vn -0.275591 0.259843 -0.92126 
vn 0.346457 -0.165354 -0.92126 
vn 0.795276 -0.472441 -0.377953 
vn -0.724409 0.574803 -0.377953 
vn 0.850394 0.503937 -0.181102 
vn -0.724409 0.574803 0.377953 
vn 0.165354 0.968504 -0.173228 
vn 0.362205 0.834646 -0.409449 
vn 0.653543 0.637795 -0.409449 
vn 0.165354 0.968504 0.173228 
vn -0.275591 0.259843 0.92126 
vn -0.314961 -0.818898 0.472441 
vn 0.850394 0.503937 0.181102 
vn 0.362205 0.834646 0.409449 
vn 0.653543 0.637795 0.409449 
vn 0.606299 0.677165 -0.417323 
vn 0.818898 0.385827 -0.417323 
vn -0.204724 0.314961 -0.929134 
vn 0.464567 0.866142 -0.181102 
vn 0.464567 0.866142 0.181102 
vn -0.519685 0.76378 -0.377953 
vn -0.519685 0.76378 0.377953 
vn -0.204724 0.314961 0.929134 
vn 0.606299 0.677165 0.417323 
vn 0.818898 0.385827 0.417323 
vn -0.393701 -0.0314961 -0.92126 
vn 0.283465 0.283465 -0.92126 
vn -0.244094 0.897638 -0.362205 
vn 0.771654 0.511811 -0.370079 
vn -0.0629921 0.984252 -0.15748 
vn 0.771654 0.511811 0.370079 
vn -0.527559 0.76378 -0.362205 
vn -0.889764 -0.259843 -0.370079 
vn -0.889764 -0.259843 0.370079 
vn -0.716535 0.685039 -0.15748 
vn -0.716535 0.685039 0.15748 
vn -0.0629921 0.984252 0.15748 
vn -0.527559 0.76378 0.362205 
vn -0.393701 -0.0314961 0.92126 
vn -0.244094 0.897638 0.362205 
vn 0.283465 0.283465 0.92126 
vn 0.370079 0.165354 -0.913386 
vn -0.370079 0.15748 -0.913386 
vn 0.133858 0.937008 -0.322835 
vn 0.314961 0.937008 -0.141732 
vn -0.141732 0.937008 -0.322835 
vn 0.913386 0.165354 -0.370079 
vn -0.322835 0.937008 -0.141732 
vn 0.314961 0.937008 0.141732 
vn -0.913386 0.15748 -0.370079 
vn -0.322835 0.937008 0.141732 
vn -0.913386 0.15748 0.370079 
vn -0.141732 0.937008 0.322835 
vn -0.370079 0.15748 0.913386 
vn 0.133858 0.937008 0.322835 
vn 0.370079 0.165354 0.913386 
vn 0.913386 0.165354 0.370079 
vn 0.244094 0.283465 0.929134 
vn -0.582677 0.685039 0.425197 
vn -0.811024 0.401575 0.425197 
vn -0.220472 -0.307087 0.929134 
vn 0.598425 -0.685039 0.409449 
vn 0.811024 -0.409449 0.409449 
vn -0.92126 -0.125984 -0.377953 
vn 0.291339 -0.874016 0.393701 
vn 0.0472441 0.92126 0.393701 
vn -0.929134 0.0393701 -0.377953 
vn 0.220472 0.88189 0.417323 
vn -0.141732 0.897638 0.417323 
vn 0.377953 -0.015748 0.929134 
vn -0.377953 0.015748 0.929134 
vn 0.141732 -0.897638 0.417323 
vn -0.220472 -0.88189 0.417323 
vn -0.456693 -0.874016 0.181102 
vn 0.346457 -0.165354 0.92126 
vn -0.275591 0.259843 0.92126 
vn -0.314961 -0.818898 0.472441 
vn -0.653543 -0.590551 0.480315 
vn 0.362205 0.834646 0.409449 
vn 0.653543 0.637795 0.409449 
vn -0.204724 0.314961 0.929134 
vn 0.606299 0.677165 0.417323 
vn -0.818898 -0.362205 0.440945 
vn 0.818898 0.385827 0.417323 
vn 0.23622 -0.299213 0.92126 
vn -0.606299 -0.669291 0.433071 
vn -0.110236 -0.968504 0.212598 
vn -0.393701 -0.0314961 0.92126 
vn 0.283465 0.283465 0.92126 
vn 0.551181 -0.661417 0.503937 
vn 0.15748 -0.850394 0.503937 
vn -0.496063 -0.84252 0.212598 
vn -0.913386 0.15748 0.370079 
vn -0.370079 0.15748 0.913386 
vn 0.370079 0.165354 0.913386 
vn 0.913386 0.165354 0.370079 
vn 0.503937 -0.834646 0.212598 
vn -0.204724 -0.84252 0.496063 
vn 0.220472 -0.84252 0.496063 
vn -0.811024 0.401575 -0.425197 
vn 0.244094 0.283465 -0.929134 
vn -0.220472 -0.307087 -0.929134 
vn -0.582677 0.685039 -0.425197 
vn -0.96063 0.204724 -0.181102 
vn -0.433071 0.88189 -0.181102 
vn -0.96063 0.204724 0.181102 
vn -0.433071 0.88189 0.181102 
vn 0.582677 0.724409 0.377953 
vn 0.244094 0.283465 0.929134 
vn 0.598425 -0.685039 -0.409449 
vn -0.582677 0.685039 0.425197 
vn -0.811024 0.401575 0.425197 
vn -0.220472 -0.307087 0.929134 
vn -0.559055 -0.740157 -0.377953 
vn -0.559055 -0.740157 0.377953 
vn -0.92126 -0.125984 -0.377953 
vn -0.511811 0.84252 -0.165354 
vn -0.92126 -0.125984 0.377953 
vn -0.511811 0.84252 0.165354 
vn -0.929134 0.0393701 -0.377953 
vn -0.456693 -0.874016 -0.181102 
vn -0.929134 0.0393701 0.377953 
vn -0.377953 0.913386 0.181102 
vn 0.377953 -0.015748 0.929134 
vn -0.456693 -0.874016 0.181102 
vn -0.275591 0.259843 -0.92126 
vn -0.653543 -0.590551 -0.480315 
vn -0.88189 -0.433071 -0.204724 
vn -0.724409 0.574803 -0.377953 
vn -0.724409 0.574803 0.377953 
vn -0.88189 -0.433071 0.204724 
vn -0.275591 0.259843 0.92126 
vn -0.314961 -0.818898 0.472441 
vn -0.653543 -0.590551 0.480315 
vn -0.204724 0.314961 -0.929134 
vn 0.551181 -0.748031 -0.377953 
vn -0.464567 -0.866142 -0.181102 
vn -0.519685 0.76378 -0.377953 
vn -0.606299 -0.669291 -0.433071 
vn -0.818898 -0.362205 -0.440945 
vn -0.968504 -0.149606 -0.188976 
vn -0.519685 0.76378 0.377953 
vn -0.968504 -0.149606 0.188976 
vn -0.204724 0.314961 0.929134 
vn -0.818898 -0.362205 0.440945 
vn -0.606299 -0.669291 0.433071 
vn -0.464567 -0.866142 0.181102 
vn -0.393701 -0.0314961 -0.92126 
vn -0.527559 0.76378 -0.362205 
vn -0.889764 -0.259843 -0.370079 
vn -0.889764 -0.259843 0.370079 
vn -0.716535 0.685039 -0.15748 
vn -0.716535 0.685039 0.15748 
vn -0.527559 0.76378 0.362205 
vn -0.110236 -0.968504 0.212598 
vn -0.393701 -0.0314961 0.92126 
vn 0.283465 0.283465 0.92126 
vn -0.913386 0.15748 -0.370079 
vn -0.496063 -0.84252 -0.212598 
vn -0.496063 -0.84252 0.212598 
vn -0.913386 0.15748 0.370079 
vn 0.244094 0.283465 -0.929134 
vn -0.220472 -0.307087 -0.929134 
vn -0.96063 0.204724 -0.181102 
vn 0.448819 -0.874016 -0.181102 
vn 0.598425 -0.685039 -0.409449 
vn -0.220472 -0.307087 0.929134 
vn -0.559055 -0.740157 -0.377953 
vn -0.559055 -0.740157 0.377953 
vn 0.448819 -0.874016 0.181102 
vn 0.598425 -0.685039 0.409449 
vn 0.370079 0.0472441 -0.929134 
vn -0.370079 -0.0472441 -0.929134 
vn -0.92126 -0.125984 -0.377953 
vn -0.267717 -0.944882 -0.165354 
vn -0.92126 -0.125984 0.377953 
vn -0.0472441 -0.92126 -0.393701 
vn 0.291339 -0.874016 -0.393701 
vn 0.511811 -0.84252 -0.165354 
vn 0.92126 0.125984 -0.377953 
vn 0.92126 0.125984 0.377953 
vn 0.511811 -0.84252 0.165354 
vn -0.267717 -0.944882 0.165354 
vn 0.291339 -0.874016 0.393701 
vn -0.0472441 -0.92126 0.393701 
vn 0.370079 0.0472441 0.929134 
vn -0.370079 -0.0472441 0.929134 
vn 0.377953 -0.015748 -0.929134 
vn -0.377953 0.015748 -0.929134 
vn 0.141732 -0.897638 -0.417323 
vn 0.377953 -0.913386 -0.181102 
vn -0.220472 -0.88189 -0.417323 
vn -0.929134 0.0393701 -0.377953 
vn -0.456693 -0.874016 -0.181102 
vn -0.929134 0.0393701 0.377953 
vn 0.929134 -0.0393701 -0.377953 
vn 0.377953 -0.913386 0.181102 
vn 0.929134 -0.0393701 0.377953 
vn 0.377953 -0.015748 0.929134 
vn -0.377953 0.015748 0.929134 
vn 0.141732 -0.897638 0.417323 
vn -0.220472 -0.88189 0.417323 
vn -0.456693 -0.874016 0.181102 
vn -0.314961 -0.818898 -0.472441 
vn -0.275591 0.259843 -0.92126 
vn 0.346457 -0.165354 -0.92126 
vn -0.653543 -0.590551 -0.480315 
vn -0.88189 -0.433071 -0.204724 
vn -0.0944882 -0.976378 -0.204724 
vn 0.795276 -0.472441 -0.377953 
vn -0.724409 0.574803 -0.377953 
vn 0.795276 -0.472441 0.377953 
vn -0.0944882 -0.976378 0.204724 
vn 0.346457 -0.165354 0.92126 
vn -0.88189 -0.433071 0.204724 
vn -0.275591 0.259843 0.92126 
vn -0.314961 -0.818898 0.472441 
vn -0.653543 -0.590551 0.480315 
vn 0.850394 0.503937 0.181102 
vn 0.23622 -0.299213 -0.92126 
vn 0.551181 -0.748031 -0.377953 
vn -0.464567 -0.866142 -0.181102 
vn -0.606299 -0.669291 -0.433071 
vn -0.818898 -0.362205 -0.440945 
vn -0.204724 0.314961 0.929134 
vn -0.818898 -0.362205 0.440945 
vn 0.818898 0.385827 0.417323 
vn 0.23622 -0.299213 0.92126 
vn -0.606299 -0.669291 0.433071 
vn -0.464567 -0.866142 0.181102 
vn 0.551181 -0.748031 0.377953 
vn -0.393701 -0.0314961 -0.92126 
vn 0.551181 -0.661417 -0.503937 
vn 0.15748 -0.850394 -0.503937 
vn -0.110236 -0.968504 -0.212598 
vn 0.283465 0.283465 -0.92126 
vn 0.811024 -0.543307 -0.212598 
vn 0.771654 0.511811 -0.370079 
vn 0.811024 -0.543307 0.212598 
vn -0.889764 -0.259843 -0.370079 
vn -0.889764 -0.259843 0.370079 
vn -0.110236 -0.968504 0.212598 
vn -0.393701 -0.0314961 0.92126 
vn 0.283465 0.283465 0.92126 
vn 0.551181 -0.661417 0.503937 
vn 0.15748 -0.850394 0.503937 
vn 0.370079 0.165354 -0.913386 
vn 0.913386 0.165354 -0.370079 
vn -0.913386 0.15748 -0.370079 
vn 0.220472 -0.84252 -0.496063 
vn -0.204724 -0.84252 -0.496063 
vn -0.496063 -0.84252 -0.212598 
vn 0.503937 -0.834646 -0.212598 
vn -0.496063 -0.84252 0.212598 
vn -0.913386 0.15748 0.370079 
vn 0.370079 0.165354 0.913386 
vn 0.913386 0.165354 0.370079 
vn 0.503937 -0.834646 0.212598 
vn -0.204724 -0.84252 0.496063 
vn 0.220472 -0.84252 0.496063 
vn -0.811024 0.401575 -0.425197 
vn 0.244094 0.283465 -0.929134 
vn -0.220472 -0.307087 -0.929134 
vn -0.582677 0.685039 -0.425197 
vn 0.811024 -0.409449 -0.409449 
vn 0.598425 -0.685039 -0.409449 
vn 0.377953 -0.015748 -0.929134 
vn -0.141732 0.897638 -0.417323 
vn 0.220472 0.88189 -0.417323 
vn -0.377953 0.015748 -0.929134 
vn 0.141732 -0.897638 -0.417323 
vn -0.220472 -0.88189 -0.417323 
vn -0.314961 -0.818898 -0.472441 
vn -0.275591 0.259843 -0.92126 
vn 0.346457 -0.165354 -0.92126 
vn -0.653543 -0.590551 -0.480315 
vn 0.362205 0.834646 -0.409449 
vn 0.653543 0.637795 -0.409449 
vn 0.23622 -0.299213 -0.92126 
vn 0.606299 0.677165 -0.417323 
vn 0.818898 0.385827 -0.417323 
vn -0.204724 0.314961 -0.929134 
vn 0.551181 -0.748031 -0.377953 
vn -0.606299 -0.669291 -0.433071 
vn -0.818898 -0.362205 -0.440945 
vn -0.393701 -0.0314961 -0.92126 
vn 0.551181 -0.661417 -0.503937 
vn 0.15748 -0.850394 -0.503937 
vn 0.283465 0.283465 -0.92126 
vn -0.889764 -0.259843 -0.370079 
vn -0.716535 0.685039 -0.15748 
vn 0.370079 0.165354 -0.913386 
vn -0.370079 0.15748 -0.913386 
vn 0.913386 0.165354 -0.370079 
vn -0.913386 0.15748 -0.370079 
vn 0.220472 -0.84252 -0.496063 
vn -0.204724 -0.84252 -0.496063 
vn -0.496063 -0.84252 -0.212598 

vt 54.0366 -50.7272 
vt 54.0128 -50.7084 
vt 54.0084 -50.7259 
vt 53.9872 -50.7084 
vt 53.9634 -50.7272 
vt 54.0242 -50.7383 
vt 53.9916 -50.7259 
vt 54.0084 -50.7642 
vt 54.0242 -50.7517 
vt 53.9634 -50.7474 
vt 53.9872 -50.7662 
vt 53.9916 -50.7642 
vt 53.9758 -50.7517 
vt 53.9758 -50.7383 
vt 54.037 -50.9126 
vt 54.0084 -50.9231 
vt 54.013 -50.9094 
vt 53.987 -50.9094 
vt 53.9916 -50.9231 
vt 53.9759 -50.9252 
vt 53.9759 -50.9011 
vt 54.0174 -50.8579 
vt 53.9886 -50.8745 
vt 54.0114 -50.8397 
vt 53.9826 -50.8579 
vt 53.9886 -50.8397 
vt 53.9504 -50.8565 
vt 54.0328 -50.6158 
vt 54.0115 -50.6279 
vt 53.9885 -50.6279 
vt 54.0076 -50.6123 
vt 53.9672 -50.6158 
vt 54.0217 -50.6043 
vt 53.9672 -50.6028 
vt 53.9755 -50.6233 
vt 53.9924 -50.6123 
vt 53.9783 -50.5957 
vt 53.9783 -50.6043 
vt 54.044 -50.7628 
vt 54.0288 -50.7328 
vt 54.0288 -50.749 
vt 54.0101 -50.7641 
vt 54.044 -50.7379 
vt 54.0101 -50.7177 
vt 54.0154 -50.7857 
vt 53.9899 -50.7177 
vt 53.9899 -50.7641 
vt 53.9846 -50.715 
vt 53.956 -50.7379 
vt 53.9712 -50.7328 
vt 53.9712 -50.749 
vt 53.956 -50.7628 
vt 53.9846 -50.7857 
vt 54.024 -50.6588 
vt 54.0313 -50.6474 
vt 54.0084 -50.6522 
vt 54.011 -50.6388 
vt 53.989 -50.6388 
vt 53.9916 -50.6522 
vt 53.9687 -50.6474 
vt 53.976 -50.6588 
vt 54.0652 -51.3847 
vt 54.0229 -51.3845 
vt 54.0471 -51.4119 
vt 54.0165 -51.4118 
vt 53.9348 -51.3847 
vt 53.9771 -51.3845 
vt 53.9835 -51.4118 
vt 53.9529 -51.4119 
vt 54.0883 -51.0366 
vt 54.1007 -51.0251 
vt 54.1214 -51.0087 
vt 54.0907 -51.0087 
vt 54.0737 -51.0128 
vt 54.0907 -50.9913 
vt 54.0737 -50.9872 
vt 54.0883 -50.9634 
vt 54.1007 -50.9749 
vt 53.9778 -51.037 
vt 54.0036 -51.037 
vt 53.9839 -51.0241 
vt 54.0007 -51.0241 
vt 53.9684 -51.0084 
vt 54.0273 -51.013 
vt 54.0162 -51.0084 
vt 54.0273 -50.987 
vt 53.9541 -51.013 
vt 53.9541 -50.987 
vt 53.9778 -50.963 
vt 54.0036 -50.963 
vt 53.9839 -50.9759 
vt 53.9684 -50.9916 
vt 54.0007 -50.9759 
vt 54.0162 -50.9916 
vt 53.9721 -51.0496 
vt 54 -51.0327 
vt 53.9772 -51.0327 
vt 54.0213 -51.0114 
vt 54.0068 -51.0496 
vt 54.039 -51.0174 
vt 54.039 -50.9826 
vt 53.9398 -51.0174 
vt 53.9559 -51.0114 
vt 53.9398 -50.9826 
vt 54.0213 -50.9886 
vt 53.9559 -50.9886 
vt 53.9772 -50.9673 
vt 54 -50.9673 
vt 53.9721 -50.9504 
vt 54.0068 -50.9504 
vt 54.106 -51.0328 
vt 54.0871 -51.0328 
vt 54.0695 -51.0115 
vt 54.1236 -51.0115 
vt 54.0722 -51.0076 
vt 54.1236 -50.9885 
vt 54.108 -51.0076 
vt 54.0963 -51.0217 
vt 54.0839 -51.0217 
vt 54.108 -50.9924 
vt 54.106 -50.9672 
vt 54.096 -50.9755 
vt 54.0722 -50.9924 
vt 54.0963 -50.9783 
vt 54.0839 -50.9783 
vt 53.912 -51.0288 
vt 53.9 -51.0288 
vt 53.9281 -51.044 
vt 53.9231 -51.0101 
vt 53.9231 -50.9899 
vt 53.945 -51.0154 
vt 53.945 -50.9846 
vt 53.9281 -50.956 
vt 53.912 -50.9712 
vt 53.9 -50.9712 
vt 53.9147 -51.0313 
vt 53.8948 -51.0313 
vt 53.904 -51.0174 
vt 53.8764 -51.011 
vt 53.8938 -51.0061 
vt 53.8764 -50.989 
vt 53.9151 -51.0174 
vt 53.9331 -51.011 
vt 53.9331 -50.989 
vt 53.9253 -51.0061 
vt 53.9253 -50.9939 
vt 53.8938 -50.9939 
vt 53.9151 -50.9826 
vt 53.9147 -50.9687 
vt 53.904 -50.9826 
vt 53.8948 -50.9687 
vt 53.9402 -51.0652 
vt 53.986 -51.0652 
vt 53.9498 -51.0385 
vt 53.9248 -51.0135 
vt 53.9767 -51.0385 
vt 53.8979 -51.0229 
vt 54.0017 -51.0135 
vt 53.9248 -50.9865 
vt 54.0283 -51.0229 
vt 54.0017 -50.9865 
vt 54.0283 -50.9771 
vt 53.9767 -50.9615 
vt 53.986 -50.9348 
vt 53.9498 -50.9615 
vt 53.9402 -50.9348 
vt 53.8979 -50.9771 
vt 53.9117 -50.7272 
vt 53.8993 -50.7226 
vt 53.8886 -50.7364 
vt 53.896 -50.7474 
vt 53.9086 -50.7517 
vt 53.9189 -50.7383 
vt 53.9727 -50.9192 
vt 54.0193 -50.9252 
vt 54.0161 -50.9011 
vt 53.961 -50.8536 
vt 54.0228 -50.8388 
vt 54 -50.8378 
vt 54.0279 -50.8565 
vt 53.9932 -50.855 
vt 54.0211 -50.8736 
vt 53.9983 -50.8726 
vt 53.977 -50.8717 
vt 53.9129 -50.6158 
vt 53.894 -50.6028 
vt 53.904 -50.6233 
vt 53.89 -50.6137 
vt 53.9037 -50.5957 
vt 53.9161 -50.6043 
vt 54.0719 -50.7379 
vt 54.088 -50.7328 
vt 54.0612 -50.7506 
vt 54.1 -50.749 
vt 54.0903 -50.7628 
vt 54.0737 -50.7674 
vt 54.0783 -50.6726 
vt 54.0853 -50.6567 
vt 54.1052 -50.6474 
vt 54.1077 -50.6588 
vt 54.0924 -50.6659 
vt 53.9899 -51.4123 
vt 53.9717 -51.3852 
vt 54.014 -51.385 
vt 54.0598 -51.3847 
vt 54.1021 -51.3845 
vt 54.0842 -51.4118 
vt 54.0205 -51.4121 
vt 54.0535 -51.4119 
vt 53.9749 -50.7364 
vt 53.9634 -50.7272 
vt 53.9634 -50.7474 
vt 53.9749 -50.7226 
vt 53.9913 -50.7493 
vt 53.9913 -50.7097 
vt 54.0087 -50.7493 
vt 54.0087 -50.7097 
vt 54.0128 -50.7084 
vt 54.0366 -50.7272 
vt 53.9758 -50.7517 
vt 54.0251 -50.7226 
vt 54.0251 -50.7364 
vt 54.0366 -50.7474 
vt 53.9872 -50.7662 
vt 54.0128 -50.7662 
vt 53.987 -50.9192 
vt 53.9916 -50.9054 
vt 54.013 -50.9192 
vt 54.0084 -50.9054 
vt 53.9826 -50.8536 
vt 53.9886 -50.8717 
vt 54.0174 -50.8536 
vt 54.0114 -50.8369 
vt 54.0496 -50.8565 
vt 54.0114 -50.8717 
vt 53.9672 -50.6028 
vt 53.9755 -50.6137 
vt 53.9915 -50.6047 
vt 53.9885 -50.5907 
vt 54.0115 -50.5907 
vt 54.0085 -50.6047 
vt 54.0328 -50.6028 
vt 54.0245 -50.6233 
vt 54.0245 -50.6137 
vt 53.956 -50.7379 
vt 53.9846 -50.7857 
vt 53.9895 -50.7831 
vt 53.9846 -50.715 
vt 53.9701 -50.7674 
vt 53.9701 -50.7506 
vt 53.9895 -50.735 
vt 54.0154 -50.715 
vt 54.0105 -50.735 
vt 54.044 -50.7379 
vt 54.0299 -50.7506 
vt 54.0299 -50.7674 
vt 54.0105 -50.7831 
vt 53.9687 -50.6567 
vt 53.9826 -50.6442 
vt 53.989 -50.6653 
vt 54.011 -50.6653 
vt 53.9939 -50.649 
vt 54.0061 -50.649 
vt 54.0174 -50.6442 
vt 54.0084 -50.6726 
vt 54.0313 -50.6567 
vt 54.0313 -50.6474 
vt 53.9771 -51.3852 
vt 53.9835 -51.4123 
vt 54.0165 -51.4123 
vt 54.0229 -51.3852 
vt 53.9117 -51.0366 
vt 53.896 -51.0366 
vt 53.8786 -51.0087 
vt 53.8989 -51.0084 
vt 53.9086 -51.0242 
vt 53.896 -50.9634 
vt 53.8814 -51.0128 
vt 53.8814 -50.9872 
vt 53.8989 -50.9916 
vt 53.9086 -50.9758 
vt 54.0222 -51.037 
vt 53.9964 -51.037 
vt 53.9727 -51.013 
vt 53.987 -51.0084 
vt 53.9727 -50.987 
vt 54.0025 -51.0241 
vt 54.0193 -51.0241 
vt 54.0348 -51.0084 
vt 54.0459 -51.013 
vt 54.0459 -50.987 
vt 54.0348 -50.9916 
vt 53.987 -50.9916 
vt 54.0193 -50.9759 
vt 54.0025 -50.9759 
vt 54.0222 -50.963 
vt 53.9964 -50.963 
vt 54.0279 -51.0496 
vt 53.9932 -51.0496 
vt 54.0211 -51.0327 
vt 54.0424 -51.0114 
vt 53.9983 -51.0327 
vt 53.961 -51.0174 
vt 53.977 -51.0114 
vt 53.961 -50.9826 
vt 54.0602 -51.0174 
vt 54.0424 -50.9886 
vt 54.0602 -50.9826 
vt 54.0279 -50.9504 
vt 53.9932 -50.9504 
vt 54.0211 -50.9673 
vt 53.9983 -50.9673 
vt 53.977 -50.9886 
vt 53.904 -51.0245 
vt 53.894 -51.0328 
vt 53.9129 -51.0328 
vt 53.89 -51.0245 
vt 53.8769 -51.0085 
vt 53.9172 -51.0085 
vt 53.9305 -51.0115 
vt 53.8764 -51.0115 
vt 53.9305 -50.9885 
vt 53.9172 -50.9915 
vt 53.9129 -50.9672 
vt 53.8769 -50.9915 
vt 53.894 -50.9672 
vt 53.904 -50.9755 
vt 53.89 -50.9755 
vt 53.9278 -50.9924 
vt 54.0903 -51.044 
vt 54.1073 -51.0154 
vt 54.0853 -51.0105 
vt 54.0737 -51.0299 
vt 54.0612 -51.0299 
vt 54.0719 -50.956 
vt 54.0612 -50.9701 
vt 54.1 -50.9712 
vt 54.0903 -50.956 
vt 54.0737 -50.9701 
vt 54.0853 -50.9895 
vt 54.1073 -50.9846 
vt 54.0853 -51.0313 
vt 54.1077 -51.024 
vt 54.0924 -51.024 
vt 54.0783 -51.0084 
vt 54.1052 -51.0313 
vt 54.1218 -51.0084 
vt 54.1236 -51.011 
vt 54.1218 -50.9916 
vt 54.0669 -51.011 
vt 54.0669 -50.989 
vt 54.0783 -50.9916 
vt 54.0853 -50.9687 
vt 54.1052 -50.9687 
vt 54.1077 -50.976 
vt 54.0924 -50.976 
vt 54.0598 -51.0652 
vt 54.1021 -51.0229 
vt 53.9717 -51.0229 
vt 54.0535 -51.0471 
vt 54.0205 -51.0471 
vt 53.9899 -51.0165 
vt 54.0842 -51.0165 
vt 53.9899 -50.9835 
vt 53.9717 -50.9771 
vt 54.0598 -50.9348 
vt 54.1021 -50.9771 
vt 54.0842 -50.9835 
vt 54.0205 -50.9529 
vt 54.0535 -50.9529 
vt 54.1114 -50.7364 
vt 54.0883 -50.7272 
vt 54.104 -50.7474 
vt 54.1007 -50.7226 
vt 54.0811 -50.7383 
vt 54.0914 -50.7517 
vt 53.9721 -50.8565 
vt 54 -50.8378 
vt 53.9772 -50.8388 
vt 54.0068 -50.855 
vt 53.9789 -50.8736 
vt 54.0017 -50.8726 
vt 54.096 -50.6233 
vt 54.106 -50.6028 
vt 54.0871 -50.6158 
vt 54.11 -50.6137 
vt 54.0963 -50.5957 
vt 54.0839 -50.6043 
vt 53.9097 -50.7628 
vt 53.912 -50.7328 
vt 53.9 -50.749 
vt 53.9281 -50.7379 
vt 53.8927 -50.7857 
vt 53.9263 -50.7674 
vt 53.9388 -50.7506 
vt 53.9147 -50.6567 
vt 53.8923 -50.6588 
vt 53.9076 -50.6659 
vt 53.8948 -50.6474 
vt 53.9331 -50.6653 
vt 53.9253 -50.649 
vt 53.9402 -51.3847 
vt 53.986 -51.385 
vt 53.8979 -51.3845 
vt 54.0283 -51.3852 
vt 53.9465 -51.4119 
vt 53.9795 -51.4121 
vt 54.0101 -51.4123 

usemtl Meshpart2Mtl

f 115/115/115 113/113/113 114/114/114 
f 114/114/114 116/116/116 115/115/115 
f 113/113/113 115/115/115 118/118/118 
f 115/115/115 116/116/116 119/119/119 
f 116/116/116 117/117/117 119/119/119 
f 115/115/115 120/120/120 118/118/118 
f 120/120/120 115/115/115 119/119/119 
f 118/118/118 120/120/120 121/121/121 
f 120/120/120 119/119/119 124/124/124 
f 126/126/126 124/124/124 119/119/119 
f 124/124/124 126/126/126 125/125/125 
f 126/126/126 119/119/119 117/117/117 
f 129/129/129 130/130/130 128/128/128 
f 128/128/128 130/130/130 131/131/131 
f 136/136/136 137/137/137 134/134/134 
f 137/137/137 136/136/136 138/138/138 
f 140/140/140 143/143/143 141/141/141 
f 143/143/143 142/142/142 141/141/141 
f 143/143/143 140/140/140 145/145/145 
f 142/142/142 143/143/143 148/148/148 
f 148/148/148 144/144/144 142/142/142 
f 144/144/144 148/148/148 150/150/150 
f 152/152/152 154/154/154 153/153/153 
f 154/154/154 151/151/151 153/153/153 
f 156/156/156 154/154/154 152/152/152 
f 151/151/151 154/154/154 157/157/157 
f 154/154/154 156/156/156 158/158/158 
f 159/159/159 157/157/157 154/154/154 
f 154/154/154 158/158/158 159/159/159 
f 162/162/162 159/159/159 158/158/158 
f 159/159/159 162/162/162 163/163/163 
f 164/164/164 159/159/159 163/163/163 
f 159/159/159 164/164/164 165/165/165 
f 157/157/157 159/159/159 165/165/165 
f 167/167/167 168/168/168 166/166/166 
f 168/168/168 167/167/167 169/169/169 
f 168/168/168 169/169/169 170/170/170 
f 168/168/168 170/170/170 171/171/171 
f 172/172/172 171/171/171 170/170/170 
f 171/171/171 172/172/172 173/173/173 
f 174/174/174 175/175/175 176/176/176 
f 176/176/176 175/175/175 177/177/177 
f 175/175/175 179/179/179 177/177/177 
f 177/177/177 179/179/179 180/180/180 
f 181/181/181 179/179/179 178/178/178 
f 179/179/179 181/181/181 180/180/180 
f 185/185/185 182/182/182 183/183/183 
f 182/182/182 185/185/185 186/186/186 
f 187/187/187 186/186/186 185/185/185 
f 186/186/186 187/187/187 188/188/188 
f 187/187/187 189/189/189 188/188/188 
f 189/189/189 187/187/187 190/190/190 
f 191/191/191 192/192/192 193/193/193 
f 192/192/192 194/194/194 193/193/193 
f 194/194/194 195/195/195 193/193/193 
f 195/195/195 191/191/191 193/193/193 
f 194/194/194 192/192/192 196/196/196 
f 197/197/197 194/194/194 196/196/196 
f 197/197/197 195/195/195 194/194/194 
f 191/191/191 195/195/195 199/199/199 
f 195/195/195 200/200/200 199/199/199 
f 203/203/203 202/202/202 201/201/201 
f 204/204/204 201/201/201 200/200/200 
f 201/201/201 204/204/204 203/203/203 
f 200/200/200 195/195/195 204/204/204 
f 202/202/202 203/203/203 205/205/205 
f 205/205/205 198/198/198 202/202/202 
f 204/204/204 205/205/205 203/203/203 
f 198/198/198 205/205/205 206/206/206 
f 205/205/205 204/204/204 206/206/206 
f 195/195/195 206/206/206 204/204/204 
f 195/195/195 197/197/197 206/206/206 
f 210/210/210 209/209/209 208/208/208 
f 211/211/211 210/210/210 208/208/208 
f 210/210/210 211/211/211 212/212/212 
f 212/212/212 213/213/213 210/210/210 
f 209/209/209 214/214/214 207/207/207 
f 209/209/209 210/210/210 215/215/215 
f 214/214/214 209/209/209 215/215/215 
f 215/215/215 210/210/210 217/217/217 
f 210/210/210 213/213/213 217/217/217 
f 215/215/215 217/217/217 218/218/218 
f 219/219/219 216/216/216 218/218/218 
f 220/220/220 218/218/218 217/217/217 
f 218/218/218 220/220/220 219/219/219 
f 221/221/221 216/216/216 219/219/219 
f 217/217/217 222/222/222 220/220/220 
f 222/222/222 217/217/217 213/213/213 
f 229/229/229 223/223/223 226/226/226 
f 226/226/226 228/228/228 229/229/229 
f 223/223/223 229/229/229 230/230/230 
f 229/229/229 227/227/227 230/230/230 
f 230/230/230 227/227/227 231/231/231 
f 229/229/229 228/228/228 232/232/232 
f 227/227/227 229/229/229 232/232/232 
f 228/228/228 233/233/233 232/232/232 
f 227/227/227 232/232/232 235/235/235 
f 236/236/236 232/232/232 233/233/233 
f 236/236/236 235/235/235 232/232/232 
f 235/235/235 236/236/236 237/237/237 
f 240/240/240 241/241/241 238/238/238 
f 241/241/241 240/240/240 243/243/243 
f 243/243/243 242/242/242 241/241/241 
f 242/242/242 243/243/243 244/244/244 
f 245/245/245 242/242/242 244/244/244 
f 242/242/242 245/245/245 246/246/246 
f 249/249/249 248/248/248 250/250/250 
f 252/252/252 249/249/249 250/250/250 
f 249/249/249 252/252/252 251/251/251 
f 252/252/252 253/253/253 251/251/251 
f 250/250/250 248/248/248 254/254/254 
f 254/254/254 252/252/252 250/250/250 
f 257/257/257 252/252/252 254/254/254 
f 252/252/252 257/257/257 258/258/258 
f 252/252/252 258/258/258 259/259/259 
f 253/253/253 252/252/252 259/259/259 
f 260/260/260 259/259/259 258/258/258 
f 259/259/259 260/260/260 262/262/262 
f 261/261/261 262/262/262 260/260/260 
f 259/259/259 263/263/263 253/253/253 
f 263/263/263 259/259/259 262/262/262 
f 262/262/262 261/261/261 263/263/263 
f 264/264/264 265/265/265 266/266/266 
f 267/267/267 264/264/264 266/266/266 
f 265/265/265 268/268/268 266/266/266 
f 268/268/268 267/267/267 266/266/266 
f 264/264/264 267/267/267 269/269/269 
f 270/270/270 267/267/267 268/268/268 
f 270/270/270 271/271/271 267/267/267 
f 271/271/271 269/269/269 267/267/267 
f 268/268/268 272/272/272 270/270/270 
f 268/268/268 265/265/265 272/272/272 
f 272/272/272 273/273/273 270/270/270 
f 271/271/271 270/270/270 273/273/273 
f 273/273/273 272/272/272 274/274/274 
f 274/274/274 275/275/275 273/273/273 
f 275/275/275 274/274/274 276/276/276 
f 277/277/277 273/273/273 275/275/275 
f 271/271/271 273/273/273 277/277/277 
f 276/276/276 277/277/277 275/275/275 
f 278/278/278 271/271/271 277/277/277 
f 277/277/277 276/276/276 278/278/278 
f 269/269/269 271/271/271 279/279/279 
f 271/271/271 278/278/278 279/279/279 
f 282/282/282 280/280/280 281/281/281 
f 280/280/280 282/282/282 283/283/283 
f 285/285/285 283/283/283 284/284/284 
f 283/283/283 285/285/285 280/280/280 
f 292/292/292 290/290/290 291/291/291 
f 293/293/293 292/292/292 291/291/291 
f 294/294/294 292/292/292 293/293/293 
f 294/294/294 293/293/293 295/295/295 
f 299/299/299 298/298/298 300/300/300 
f 298/298/298 299/299/299 297/297/297 
f 298/298/298 297/297/297 301/301/301 
f 301/301/301 297/297/297 302/302/302 
f 304/304/304 307/307/307 306/306/306 
f 307/307/307 304/304/304 303/303/303 
f 308/308/308 303/303/303 305/305/305 
f 303/303/303 308/308/308 307/307/307 
f 310/310/310 312/312/312 311/311/311 
f 312/312/312 310/310/310 313/313/313 
f 314/314/314 316/316/316 315/315/315 
f 316/316/316 314/314/314 320/320/320 
f 321/321/321 317/317/317 316/316/316 
f 321/321/321 316/316/316 320/320/320 
f 326/326/326 325/325/325 322/322/322 
f 324/324/324 326/326/326 322/322/322 
f 325/325/325 326/326/326 327/327/327 
f 327/327/327 326/326/326 328/328/328 
f 327/327/327 328/328/328 329/329/329 
f 329/329/329 328/328/328 333/333/333 
f 333/333/333 328/328/328 334/334/334 
f 328/328/328 335/335/335 334/334/334 
f 326/326/326 324/324/324 336/336/336 
f 336/336/336 328/328/328 326/326/326 
f 328/328/328 336/336/336 337/337/337 
f 335/335/335 328/328/328 337/337/337 
f 339/339/339 338/338/338 340/340/340 
f 339/339/339 340/340/340 341/341/341 
f 343/343/343 344/344/344 342/342/342 
f 344/344/344 343/343/343 347/347/347 
f 350/350/350 348/348/348 349/349/349 
f 348/348/348 350/350/350 351/351/351 
f 350/350/350 352/352/352 351/351/351 
f 352/352/352 350/350/350 353/353/353 
f 353/353/353 354/354/354 352/352/352 
f 354/354/354 353/353/353 356/356/356 
f 361/361/361 363/363/363 362/362/362 
f 363/363/363 357/357/357 362/362/362 
f 357/357/357 363/363/363 360/360/360 
f 359/359/359 363/363/363 361/361/361 
f 360/360/360 363/363/363 365/365/365 
f 359/359/359 365/365/365 363/363/363 
f 360/360/360 365/365/365 364/364/364 
f 365/365/365 366/366/366 364/364/364 
f 366/366/366 365/365/365 367/367/367 
f 365/365/365 368/368/368 367/367/367 
f 368/368/368 365/365/365 369/369/369 
f 365/365/365 359/359/359 369/369/369 
f 371/371/371 370/370/370 372/372/372 
f 371/371/371 372/372/372 374/374/374 
f 372/372/372 373/373/373 374/374/374 
f 374/374/374 373/373/373 375/375/375 
f 373/373/373 376/376/376 375/375/375 
f 376/376/376 373/373/373 378/378/378 
f 380/380/380 381/381/381 382/382/382 
f 380/380/380 382/382/382 383/383/383 
f 387/387/387 385/385/385 388/388/388 
f 385/385/385 387/387/387 390/390/390 
f 390/390/390 387/387/387 392/392/392 
f 390/390/390 392/392/392 391/391/391 
f 392/392/392 389/389/389 391/391/391 
f 389/389/389 392/392/392 393/393/393 
f 395/395/395 397/397/397 396/396/396 
f 397/397/397 398/398/398 396/396/396 
f 395/395/395 394/394/394 399/399/399 
f 397/397/397 395/395/395 399/399/399 
f 399/399/399 394/394/394 400/400/400 
f 399/399/399 401/401/401 397/397/397 
f 401/401/401 399/399/399 400/400/400 
f 400/400/400 394/394/394 402/402/402 
f 401/401/401 400/400/400 402/402/402 
f 397/397/397 401/401/401 404/404/404 
f 397/397/397 404/404/404 405/405/405 
f 398/398/398 397/397/397 405/405/405 
f 403/403/403 406/406/406 404/404/404 
f 407/407/407 404/404/404 406/406/406 
f 405/405/405 404/404/404 407/407/407 
f 406/406/406 403/403/403 408/408/408 
f 408/408/408 407/407/407 406/406/406 
f 409/409/409 405/405/405 407/407/407 
f 407/407/407 408/408/408 409/409/409 
f 405/405/405 409/409/409 398/398/398 
f 410/410/410 413/413/413 412/412/412 
f 413/413/413 414/414/414 412/412/412 
f 414/414/414 415/415/415 411/411/411 
f 415/415/415 414/414/414 416/416/416 
f 414/414/414 413/413/413 416/416/416 
f 413/413/413 410/410/410 418/418/418 
f 416/416/416 413/413/413 419/419/419 
f 418/418/418 420/420/420 413/413/413 
f 413/413/413 420/420/420 419/419/419 
f 420/420/420 421/421/421 419/419/419 
f 419/419/419 421/421/421 423/423/423 
f 422/422/422 417/417/417 424/424/424 
f 423/423/423 425/425/425 419/419/419 
f 425/425/425 423/423/423 424/424/424 
f 417/417/417 425/425/425 424/424/424 
f 416/416/416 419/419/419 425/425/425 
f 426/426/426 430/430/430 429/429/429 
f 428/428/428 431/431/431 426/426/426 
f 431/431/431 430/430/430 426/426/426 
f 431/431/431 428/428/428 432/432/432 
f 431/431/431 432/432/432 434/434/434 
f 431/431/431 434/434/434 435/435/435 
f 430/430/430 431/431/431 435/435/435 
f 436/436/436 435/435/435 434/434/434 
f 430/430/430 435/435/435 437/437/437 
f 439/439/439 437/437/437 435/435/435 
f 435/435/435 436/436/436 439/439/439 
f 437/437/437 439/439/439 440/440/440 
f 444/444/444 442/442/442 443/443/443 
f 442/442/442 444/444/444 445/445/445 
f 450/450/450 451/451/451 452/452/452 
f 453/453/453 450/450/450 452/452/452 
f 444/444/444 453/453/453 452/452/452 
f 443/443/443 453/453/453 444/444/444 
f 455/455/455 457/457/457 456/456/456 
f 457/457/457 454/454/454 456/456/456 
f 459/459/459 457/457/457 455/455/455 
f 457/457/457 459/459/459 461/461/461 
f 454/454/454 457/457/457 462/462/462 
f 457/457/457 463/463/463 462/462/462 
f 463/463/463 457/457/457 464/464/464 
f 457/457/457 461/461/461 464/464/464 
f 464/464/464 465/465/465 463/463/463 
f 467/467/467 464/464/464 461/461/461 
f 464/464/464 467/467/467 468/468/468 
f 465/465/465 464/464/464 468/468/468 
f 472/472/472 474/474/474 473/473/473 
f 475/475/475 474/474/474 472/472/472 
f 475/475/475 476/476/476 474/474/474 
f 476/476/476 475/475/475 480/480/480 
f 482/482/482 476/476/476 480/480/480 
f 476/476/476 482/482/482 481/481/481 
f 483/483/483 484/484/484 485/485/485 
f 484/484/484 483/483/483 486/486/486 
f 487/487/487 485/485/485 484/484/484 
f 485/485/485 487/487/487 488/488/488 
f 489/489/489 490/490/490 491/491/491 
f 490/490/490 489/489/489 492/492/492 
f 493/493/493 492/492/492 489/489/489 
f 492/492/492 493/493/493 494/494/494 
f 495/495/495 496/496/496 497/497/497 
f 496/496/496 495/495/495 498/498/498 
f 499/499/499 497/497/497 496/496/496 
f 497/497/497 499/499/499 500/500/500 
f 501/501/501 502/502/502 503/503/503 
f 502/502/502 501/501/501 504/504/504 
f 506/506/506 504/504/504 501/501/501 
f 504/504/504 506/506/506 507/507/507 
f 508/508/508 509/509/509 510/510/510 
f 509/509/509 508/508/508 511/511/511 
f 518/518/518 515/515/515 514/514/514 
f 515/515/515 518/518/518 519/519/519 
f 515/515/515 519/519/519 520/520/520 
f 517/517/517 515/515/515 520/520/520 

g Meshpart3

v -270.597 7.46317 0.0544035 
v -270.597 7.46317 -0.0318225 
v -270.66 7.79729 -0.0371745 
v -270.719 7.40116 0.193548 
v -270.814 7.80992 0.216168 
v -270.66 7.79729 0.0597555 
v -270.535 8.15413 0.0527515 
v -270.535 8.15413 -0.0301705 
v -270.642 8.23131 0.186558 
v -270.208 8.63482 -0.0150865 
v -268.728 7.59501 0.29991 
v -269.043 8.10984 0.0661575 
v -269.105 8.07852 0.144544 
v -269.187 8.32579 0.127962 
v -269.126 8.31848 0.0593295 
v -269.084 8.45902 0.0372095 
v -269.106 8.48356 0.0742395 
v -269.054 8.57852 0.0112915 
v -269.352 5.12511 0.0945735 
v -269.352 5.12511 -0.0719925 
v -269.273 5.2269 -0.122802 
v -269.273 5.2269 0.145384 
v -269.437 5.52565 0.117504 
v -269.403 3.45408 0.0895395 
v -269.419 5.2269 -0.25677 
v -269.437 5.52565 -0.0949225 
v -269.644 5.8977 -0.0346405 
v -269.644 5.8977 0.0572215 
v -269.791 5.8977 -0.16816 
v -269.542 6.53989 0.1305 
v -269.686 6.56261 -0.241262 
v -269.542 6.53989 -0.107918 
v -269.273 6.91893 0.104472 
v -269.273 6.91893 -0.0818905 
v -268.788 7.25182 0.104514 
v -268.887 7.31756 -0.215116 
v -268.788 7.25182 -0.0819325 
v -268.577 7.5942 0.13013 
v -268.577 7.5942 -0.107548 
v -268.728 7.59501 -0.277328 
v -269.043 8.10984 0.0661575 
v -269.043 8.10984 -0.0435765 
v -269.105 8.07852 -0.12196 
v -269.126 8.31848 0.0593295 
v -269.187 8.32579 -0.10538 
v -269.126 8.31848 -0.0367485 
v -269.084 8.45902 -0.0146285 
v -269.084 8.45902 0.0372095 
v -269.106 8.48356 -0.0516585 
v -269.054 8.57852 0.0112915 
v -269.616 2.88041 -0.174141 
v -269.793 1.38902 0.0780435 
v -269.403 3.45408 -0.0669585 
v -269.47 2.91172 -0.0403885 
v -269.616 2.88041 -0.174141 
v -269.47 2.91172 0.0629695 
v -269.5 1.91728 -0.367363 
v -269.201 1.91728 -0.0942385 
v -269.201 1.91728 0.116819 
v -269.316 1.69545 0.0845235 
v -269.316 1.69545 -0.0619425 
v -269.523 1.69545 -0.251483 
v -269.354 1.56685 -0.0562225 
v -269.354 1.56685 0.0788055 
v -269.531 1.49513 -0.230959 
v -269.114 1.01457 0.0112915 
v -269.663 1.91728 0.389945 
v -269.114 1.01457 0.0112915 
v -269.531 1.49513 0.253541 
v -269.354 1.56685 0.0788055 
v -269.523 1.69545 0.274063 
v -269.47 2.91172 0.0629695 
v -269.352 5.12511 0.0945735 
v -269.672 5.2269 0.279352 
v -269.419 5.2269 0.279352 
v -269.644 5.8977 0.0572215 
v -269.686 6.56261 0.263844 
v -269.848 6.93742 0.246106 
v -269.273 6.91893 0.104472 
v -268.887 7.31756 0.237698 
v -268.788 7.25182 0.104514 
v -268.577 7.5942 0.13013 
v -270.597 7.46317 -0.0318225 
v -270.719 7.40116 -0.170966 
v -270.814 7.80992 -0.193586 
v -270.66 7.79729 -0.0371745 
v -270.535 8.15413 -0.0301705 
v -270.642 8.23131 -0.163976 
v -270.189 8.78059 -0.118136 
v -270.026 8.8599 -0.00326645 
v -270.046 8.90149 -0.0502465 
v -270.208 8.63482 0.0376675 
v -270.122 8.70978 -0.0193265 
v -270.122 8.70978 0.0419075 
v -270.189 8.78059 0.14072 
v -270.026 8.8599 0.0258475 
v -270.026 8.8599 -0.00326645 
v -270.046 8.90149 0.0728275 
v -270.249 7.3212 0.0544035 
v -269.847 7.09157 -0.0826905 
v -270.249 7.3212 -0.0318225 
v -269.847 7.09157 0.105272 
v -269.165 7.50364 -0.0827005 
v -270.597 7.46317 0.0544035 
v -270.597 7.46317 -0.0318225 
v -270.339 7.21873 0.193548 
v -270.719 7.40116 0.193548 
v -269.848 6.93742 0.246106 
v -269.043 7.42251 0.237698 
v -269.165 7.50364 0.105282 
v -269.283 8.33745 0.127962 
v -269.358 8.34647 -0.0371445 
v -269.168 8.55301 0.0374235 
v -269.141 8.52273 0.0742395 
v -269.168 8.55301 -0.0148425 
v -269.054 8.57852 0.0112915 
v -268.728 7.59501 0.29991 
v -269.043 8.10984 0.0661575 
v -270.857 8.38708 0.0711395 
v -270.857 8.38708 -0.0485585 
v -270.378 8.82151 -0.0267845 
v -270.378 8.82151 0.0493655 
v -270.259 8.85487 -0.12314 
v -270.324 8.92353 -0.0329065 
v -270.324 8.92353 0.0554875 
v -270.086 8.98543 0.0323035 
v -270.086 8.98543 -0.00972245 
v -270.067 8.9451 -0.0526244 
v -269.908 8.92298 0.0112915 
v -269.542 6.53989 0.1305 
v -268.788 7.25182 0.104514 
v -268.577 7.5942 -0.107548 
v -268.728 7.59501 -0.277328 
v -269.043 8.10984 0.0661575 
v -269.043 8.10984 -0.0435765 
v -269.105 8.07852 -0.12196 
v -268.728 7.59501 -0.277328 
v -269.847 7.09157 -0.0826905 
v -269.165 7.50364 -0.0827005 
v -269.168 8.55301 -0.0148425 
v -269.141 8.52273 -0.0516585 
v -269.054 8.57852 0.0112915 
v -268.577 7.5942 0.13013 
v -270.259 8.85487 0.145722 
v -270.324 8.92353 0.0554875 
v -270.086 8.98543 0.0323035 
v -270.067 8.9451 0.0752055 
v -269.908 8.92298 0.0112915 
v -270.339 7.21873 -0.170966 
v -270.597 7.46317 -0.0318225 
v -270.719 7.40116 -0.170966 
v -270.249 7.3212 0.0544035 
v -269.847 7.09157 0.105272 
v -270.597 7.46317 0.0544035 
v -270.597 7.46317 -0.0318225 
v -270.66 7.79729 -0.0371745 
v -270.339 7.21873 0.193548 
v -270.719 7.40116 0.193548 
v -269.848 6.93742 0.246106 
v -270.814 7.80992 0.216168 
v -269.043 7.42251 0.237698 
v -270.66 7.79729 0.0597555 
v -270.535 8.15413 0.0527515 
v -270.642 8.23131 0.186558 
v -269.165 7.50364 0.105282 
v -268.968 7.59631 0.29991 
v -269.154 7.59731 0.13111 
v -269.205 8.02851 0.144544 
v -269.281 7.98986 -0.0440285 
v -269.281 7.98986 0.0666095 
v -269.283 8.33745 0.127962 
v -269.358 8.34647 0.0597275 
v -269.168 8.55301 0.0374235 
v -269.141 8.52273 0.0742395 
v -269.168 8.55301 -0.0148425 
v -269.054 8.57852 0.0112915 
v -268.728 7.59501 0.29991 
v -269.043 8.10984 0.0661575 
v -269.105 8.07852 0.144544 
v -268.968 7.59631 0.29991 
v -269.205 8.02851 0.144544 
v -269.187 8.32579 0.127962 
v -269.126 8.31848 0.0593295 
v -269.283 8.33745 0.127962 
v -269.141 8.52273 0.0742395 
v -269.106 8.48356 0.0742395 
v -269.054 8.57852 0.0112915 
v -270.847 7.33611 -0.17801 
v -269.912 6.68294 -0.236106 
v -270.965 7.27597 0.0735275 
v -271.123 7.83542 0.0812515 
v -270.259 8.85487 -0.12314 
v -270.086 8.98543 0.0323035 
v -269.908 8.92298 0.0112915 
v -269.542 6.53989 0.1305 
v -268.577 7.5942 -0.107548 
v -268.728 7.59501 -0.277328 
v -269.847 7.09157 -0.0826905 
v -269.616 2.88041 0.196721 
v -269.691 3.45408 0.223349 
v -269.696 2.86325 0.196721 
v -269.827 3.45408 0.0889315 
v -269.832 2.83408 0.0623875 
v -269.786 5.12511 0.0938935 
v -269.663 1.91728 0.389945 
v -269.942 1.91728 0.115631 
v -269.83 1.69545 0.0836995 
v -269.5 1.91728 0.389945 
v -269.637 1.69545 0.274063 
v -269.628 1.45583 0.253541 
v -269.793 1.38902 0.0780435 
v -269.114 1.01457 0.0112915 
v -269.531 1.49513 0.253541 
v -269.354 1.56685 0.0788055 
v -269.523 1.69545 0.274063 
v -269.316 1.69545 0.0845235 
v -269.201 1.91728 0.116819 
v -269.47 2.91172 0.0629695 
v -269.546 3.45408 0.223349 
v -269.403 3.45408 0.0895395 
v -269.65 5.12511 0.228567 
v -269.496 5.12511 0.228567 
v -269.352 5.12511 0.0945735 
v -269.672 5.2269 0.279352 
v -269.81 5.2269 0.144724 
v -269.419 5.2269 0.279352 
v -269.273 5.2269 0.145384 
v -269.437 5.52565 0.117504 
v -269.57 5.50011 0.251222 
v -269.644 5.8977 0.0572215 
v -269.782 5.45933 0.251222 
v -269.909 5.43495 0.116976 
v -269.791 5.8977 0.190742 
v -269.871 5.8977 0.190742 
v -270.041 6.61841 0.130122 
v -269.686 6.56261 0.263844 
v -269.542 6.53989 0.1305 
v -269.912 6.68294 0.258687 
v -270.435 7.11124 0.200592 
v -270.523 7.01188 0.0735275 
v -269.848 6.93742 0.246106 
v -269.407 6.95921 0.237698 
v -269.273 6.91893 0.104472 
v -270.339 7.21873 0.193548 
v -269.043 7.42251 0.237698 
v -270.719 7.40116 0.193548 
v -268.887 7.31756 0.237698 
v -268.788 7.25182 0.104514 
v -268.577 7.5942 0.13013 
v -270.847 7.33611 0.200592 
v -270.814 7.80992 0.216168 
v -270.965 7.27597 0.0735275 
v -270.974 7.82317 0.224088 
v -271.123 7.83542 0.0812515 
v -270.857 8.38708 0.0711395 
v -270.754 8.31225 0.193332 
v -270.642 8.23131 0.186558 
v -270.378 8.82151 0.0493655 
v -270.264 8.69667 0.122794 
v -270.323 8.76154 0.127104 
v -270.189 8.78059 0.14072 
v -270.259 8.85487 0.145722 
v -270.324 8.92353 0.0554875 
v -270.086 8.98543 0.0323035 
v -270.067 8.9451 0.0752055 
v -270.046 8.90149 0.0728275 
v -269.908 8.92298 0.0112915 
v -270.847 7.33611 -0.17801 
v -270.208 8.63482 0.0376675 
v -270.264 8.69667 0.122794 
v -270.122 8.70978 0.0419075 
v -270.189 8.78059 0.14072 
v -270.026 8.8599 0.0258475 
v -270.026 8.8599 -0.00326645 
v -270.046 8.90149 0.0728275 
v -269.908 8.92298 0.0112915 
v -269.847 7.09157 -0.0826905 
v -269.165 7.50364 -0.0827005 
v -269.043 7.42251 0.237698 
v -269.165 7.50364 0.105282 
v -268.968 7.59631 0.29991 
v -269.154 7.59731 -0.108528 
v -269.154 7.59731 0.13111 
v -269.281 7.98986 -0.0440285 
v -269.281 7.98986 0.0666095 
v -269.283 8.33745 0.127962 
v -269.358 8.34647 -0.0371445 
v -269.358 8.34647 0.0597275 
v -269.168 8.55301 0.0374235 
v -269.168 8.55301 -0.0148425 
v -269.054 8.57852 0.0112915 
v -270.041 6.61841 -0.10754 
v -270.041 6.61841 0.130122 
v -270.847 7.33611 -0.17801 
v -269.912 6.68294 -0.236106 
v -269.871 5.8977 -0.16816 
v -270.965 7.27597 -0.0509465 
v -270.965 7.27597 0.0735275 
v -270.974 7.82317 -0.201506 
v -271.123 7.83542 -0.0586705 
v -271.123 7.83542 0.0812515 
v -270.857 8.38708 0.0711395 
v -270.857 8.38708 -0.0485585 
v -270.754 8.31225 -0.17075 
v -270.378 8.82151 -0.0267845 
v -270.378 8.82151 0.0493655 
v -270.259 8.85487 -0.12314 
v -270.324 8.92353 -0.0329065 
v -270.324 8.92353 0.0554875 
v -270.003 5.8977 -0.0342125 
v -270.003 5.8977 0.0567935 
v -269.909 5.43495 0.116976 
v -269.909 5.43495 -0.0943945 
v -269.81 5.2269 -0.122142 
v -269.81 5.2269 0.144724 
v -269.782 5.45933 -0.22864 
v -269.786 5.12511 -0.0713105 
v -269.786 5.12511 0.0938935 
v -269.672 5.2269 -0.25677 
v -269.791 5.8977 -0.16816 
v -269.827 3.45408 0.0889315 
v -269.616 2.88041 -0.174141 
v -269.827 3.45408 -0.0663505 
v -269.696 2.86325 -0.174141 
v -269.5 1.91728 -0.367363 
v -269.832 2.83408 -0.0398065 
v -269.832 2.83408 0.0623875 
v -269.942 1.91728 0.115631 
v -269.942 1.91728 -0.0930505 
v -269.83 1.69545 0.0836995 
v -269.663 1.91728 -0.367363 
v -269.83 1.69545 -0.0611185 
v -269.531 1.49513 -0.230959 
v -269.628 1.45583 -0.230959 
v -269.793 1.38902 -0.0554625 
v -269.793 1.38902 0.0780435 
v -269.043 7.42251 -0.215116 
v -268.968 7.59631 -0.277328 
v -269.165 7.50364 -0.0827005 
v -269.358 8.34647 -0.0371445 
v -269.616 2.88041 0.196721 
v -269.696 2.86325 0.196721 
v -269.832 2.83408 0.0623875 
v -269.786 5.12511 0.0938935 
v -269.663 1.91728 0.389945 
v -269.83 1.69545 0.0836995 
v -269.628 1.45583 0.253541 
v -269.793 1.38902 0.0780435 
v -269.672 5.2269 0.279352 
v -269.782 5.45933 0.251222 
v -269.909 5.43495 0.116976 
v -269.871 5.8977 0.190742 
v -270.003 5.8977 0.0567935 
v -270.041 6.61841 0.130122 
v -270.208 8.63482 -0.0150865 
v -270.523 7.01188 -0.0509465 
v -270.041 6.61841 -0.10754 
v -270.041 6.61841 0.130122 
v -270.523 7.01188 0.0735275 
v -270.435 7.11124 -0.17801 
v -270.847 7.33611 -0.17801 
v -269.912 6.68294 -0.236106 
v -270.965 7.27597 -0.0509465 
v -270.965 7.27597 0.0735275 
v -269.352 5.12511 -0.0719925 
v -269.273 5.2269 -0.122802 
v -269.419 5.2269 -0.25677 
v -269.496 5.12511 -0.205986 
v -269.542 6.53989 0.1305 
v -269.686 6.56261 -0.241262 
v -269.273 6.91893 0.104472 
v -269.407 6.95921 -0.215116 
v -269.273 6.91893 -0.0818905 
v -268.788 7.25182 0.104514 
v -268.887 7.31756 -0.215116 
v -268.788 7.25182 -0.0819325 
v -268.577 7.5942 -0.107548 
v -269.531 1.49513 -0.230959 
v -269.628 1.45583 -0.230959 
v -269.114 1.01457 0.0112915 
v -269.793 1.38902 -0.0554625 
v -269.793 1.38902 0.0780435 
v -269.628 1.45583 0.253541 
v -269.793 1.38902 0.0780435 
v -269.114 1.01457 0.0112915 
v -269.496 5.12511 0.228567 
v -269.352 5.12511 0.0945735 
v -269.419 5.2269 0.279352 
v -269.273 5.2269 0.145384 
v -269.407 6.95921 0.237698 
v -269.273 6.91893 0.104472 
v -270.719 7.40116 0.193548 
v -268.887 7.31756 0.237698 
v -268.788 7.25182 0.104514 
v -270.847 7.33611 0.200592 
v -270.965 7.27597 0.0735275 
v -270.189 8.78059 -0.118136 
v -270.026 8.8599 -0.00326645 
v -269.908 8.92298 0.0112915 
v -270.208 8.63482 0.0376675 
v -270.122 8.70978 -0.0193265 
v -270.122 8.70978 0.0419075 
v -270.189 8.78059 0.14072 
v -270.026 8.8599 0.0258475 
v -270.026 8.8599 -0.00326645 
v -270.046 8.90149 0.0728275 
v -269.908 8.92298 0.0112915 
v -269.847 7.09157 -0.0826905 
v -270.597 7.46317 -0.0318225 
v -270.814 7.80992 0.216168 
v -269.281 7.98986 -0.0440285 
v -269.283 8.33745 0.127962 
v -270.523 7.01188 -0.0509465 
v -270.041 6.61841 -0.10754 
v -270.435 7.11124 -0.17801 
v -270.847 7.33611 -0.17801 
v -269.912 6.68294 -0.236106 
v -269.871 5.8977 -0.16816 
v -269.686 6.56261 -0.241262 
v -270.965 7.27597 -0.0509465 
v -270.965 7.27597 0.0735275 
v -270.974 7.82317 -0.201506 
v -269.848 6.93742 -0.223524 
v -271.123 7.83542 -0.0586705 
v -271.123 7.83542 0.0812515 
v -270.857 8.38708 0.0711395 
v -270.857 8.38708 -0.0485585 
v -270.754 8.31225 -0.17075 
v -270.378 8.82151 -0.0267845 
v -270.323 8.76154 -0.104522 
v -270.259 8.85487 -0.12314 
v -270.324 8.92353 -0.0329065 
v -270.324 8.92353 0.0554875 
v -270.086 8.98543 0.0323035 
v -269.908 8.92298 0.0112915 
v -269.352 5.12511 -0.0719925 
v -269.273 5.2269 -0.122802 
v -269.419 5.2269 -0.25677 
v -269.496 5.12511 -0.205986 
v -269.437 5.52565 -0.0949225 
v -269.57 5.50011 -0.22864 
v -269.644 5.8977 -0.0346405 
v -269.644 5.8977 0.0572215 
v -269.791 5.8977 -0.16816 
v -269.542 6.53989 0.1305 
v -269.686 6.56261 -0.241262 
v -269.542 6.53989 -0.107918 
v -269.407 6.95921 -0.215116 
v -269.273 6.91893 -0.0818905 
v -268.887 7.31756 -0.215116 
v -268.788 7.25182 -0.0819325 
v -268.577 7.5942 -0.107548 
v -268.728 7.59501 -0.277328 
v -269.043 8.10984 -0.0435765 
v -269.105 8.07852 -0.12196 
v -269.909 5.43495 -0.0943945 
v -269.81 5.2269 -0.122142 
v -269.782 5.45933 -0.22864 
v -269.786 5.12511 -0.0713105 
v -269.786 5.12511 0.0938935 
v -269.672 5.2269 -0.25677 
v -269.791 5.8977 -0.16816 
v -269.57 5.50011 -0.22864 
v -269.419 5.2269 -0.25677 
v -269.496 5.12511 -0.205986 
v -269.65 5.12511 -0.205986 
v -269.546 3.45408 -0.200769 
v -269.691 3.45408 -0.200769 
v -269.616 2.88041 -0.174141 
v -269.827 3.45408 -0.0663505 
v -269.696 2.86325 -0.174141 
v -269.5 1.91728 -0.367363 
v -269.832 2.83408 -0.0398065 
v -269.832 2.83408 0.0623875 
v -269.942 1.91728 -0.0930505 
v -269.663 1.91728 -0.367363 
v -269.83 1.69545 -0.0611185 
v -269.637 1.69545 -0.251483 
v -269.523 1.69545 -0.251483 
v -269.531 1.49513 -0.230959 
v -269.628 1.45583 -0.230959 
v -269.114 1.01457 0.0112915 
v -269.793 1.38902 0.0780435 
v -269.407 6.95921 -0.215116 
v -269.043 7.42251 -0.215116 
v -268.887 7.31756 -0.215116 
v -268.968 7.59631 -0.277328 
v -268.728 7.59501 -0.277328 
v -269.105 8.07852 -0.12196 
v -269.847 7.09157 -0.0826905 
v -269.165 7.50364 -0.0827005 
v -269.154 7.59731 -0.108528 
v -269.205 8.02851 -0.12196 
v -269.187 8.32579 -0.10538 
v -269.281 7.98986 -0.0440285 
v -269.283 8.33745 -0.10538 
v -269.358 8.34647 -0.0371445 
v -269.168 8.55301 -0.0148425 
v -269.141 8.52273 -0.0516585 
v -269.106 8.48356 -0.0516585 
v -269.054 8.57852 0.0112915 
v -269.403 3.45408 -0.0669585 
v -269.546 3.45408 -0.200769 
v -269.47 2.91172 -0.0403885 
v -269.616 2.88041 -0.174141 
v -269.5 1.91728 -0.367363 
v -269.201 1.91728 -0.0942385 
v -269.316 1.69545 -0.0619425 
v -269.523 1.69545 -0.251483 
v -269.354 1.56685 -0.0562225 
v -269.531 1.49513 -0.230959 
v -269.114 1.01457 0.0112915 
v -270.435 7.11124 -0.17801 
v -270.339 7.21873 -0.170966 
v -270.249 7.3212 -0.0318225 
v -270.597 7.46317 -0.0318225 
v -270.719 7.40116 -0.170966 
v -270.847 7.33611 -0.17801 
v -270.814 7.80992 -0.193586 
v -270.66 7.79729 -0.0371745 
v -270.974 7.82317 -0.201506 
v -270.535 8.15413 -0.0301705 
v -270.754 8.31225 -0.17075 
v -270.642 8.23131 -0.163976 
v -270.208 8.63482 -0.0150865 
v -270.264 8.69667 -0.100212 
v -270.323 8.76154 -0.104522 
v -270.122 8.70978 -0.0193265 
v -270.189 8.78059 -0.118136 
v -270.259 8.85487 -0.12314 
v -270.026 8.8599 -0.00326645 
v -270.067 8.9451 -0.0526244 
v -270.046 8.90149 -0.0502465 
v -269.908 8.92298 0.0112915 

vn 0.692913 0.582677 0.433071 
vn 0.779528 0.629921 0 
vn 1 -0.0708661 0 
vn 0.574803 0.401575 0.716535 
vn 0.716535 -0.0551181 0.700787 
vn 0.913386 -0.0708661 0.401575 
vn 0.826772 -0.409449 0.385827 
vn 0.889764 -0.448819 0 
vn 0.645669 -0.314961 0.692913 
vn 0.748031 -0.661417 0 
vn 0.448819 0.0629921 0.889764 
vn 0.645669 0.456693 0.606299 
vn 0.314961 0.338583 0.889764 
vn 0.338583 0.133858 0.929134 
vn 0.755906 0.0787402 0.653543 
vn 0.787402 -0.125984 0.598425 
vn 0.535433 0.0944882 0.834646 
vn 0.645669 0.149606 0.755906 
vn 0.929134 -0.370079 0 
vn 0.84252 -0.401575 -0.346457 
vn 0.913386 -0.102362 -0.393701 
vn 1 -0.00787402 0 
vn 0.874016 0.480315 0 
vn 1 -0.0787402 0 
vn 0.669291 -0.125984 -0.732283 
vn 0.795276 0.480315 -0.370079 
vn 0.897638 0.181102 -0.409449 
vn 0.984252 0.173228 0 
vn 0.661417 0.110236 -0.740157 
vn 0.92126 -0.377953 0 
vn 0.629921 -0.267717 -0.724409 
vn 0.826772 -0.362205 -0.433071 
vn 0.700787 -0.708661 0 
vn 0.645669 -0.669291 -0.370079 
vn 0.724409 -0.685039 0 
vn 0.535433 -0.559055 -0.629921 
vn 0.677165 -0.661417 -0.314961 
vn 1 0.0866142 0 
vn 0.929134 0.0787402 -0.354331 
vn 0.708661 0.0866142 -0.700787 
vn 0.84252 0.535433 0 
vn 0.787402 0.519685 -0.330709 
vn 0.645669 0.464567 -0.606299 
vn 1 0.0629921 0 
vn 0.748031 0.0944882 -0.653543 
vn 0.92126 0.0787402 -0.385827 
vn 0.92126 -0.204724 -0.322835 
vn 0.96063 -0.267717 0 
vn 0.795276 -0.125984 -0.598425 
vn 0.944882 -0.181102 -0.283465 
vn -0.00787402 0.0629921 -1 
vn -0.84252 -0.543307 0 
vn 0.913386 -0.0787402 -0.393701 
vn 0.913386 0.0629921 -0.409449 
vn 0.669291 0.0708661 -0.732283 
vn 1 0.0708661 0 
vn 0.669291 -0.0787402 -0.740157 
vn 0.913386 -0.102362 -0.393701 
vn 0.992126 -0.0944882 0 
vn 0.929134 -0.377953 0 
vn 0.850394 -0.370079 -0.370079 
vn 0.653543 -0.299213 -0.692913 
vn 0.897638 0.023622 -0.440945 
vn 1 0.0393701 0 
vn 0.685039 0 -0.732283 
vn 0.811024 0.291339 -0.503937 
vn -0.362205 -0.141732 0.92126 
vn 0.244094 -0.314961 0.92126 
vn 0.330709 -0.141732 0.937008 
vn 0.685039 0 0.732283 
vn 0.362205 -0.314961 0.874016 
vn 0.677165 0.0393701 0.732283 
vn 0.629921 -0.385827 0.677165 
vn -0.314961 -0.244094 0.913386 
vn 0.433071 -0.149606 0.889764 
vn 0.661417 0.15748 0.732283 
vn 0.275591 -0.141732 0.952756 
vn -0.015748 0.0551181 1 
vn 0.503937 -0.543307 0.669291 
vn 0.322835 -0.409449 0.858268 
vn 0.543307 -0.551181 0.629921 
vn 0.708661 0.0629921 0.700787 
vn 0.527559 0.464567 -0.708661 
vn 0.251969 0.165354 -0.952756 
vn 0.346457 -0.023622 -0.937008 
vn 0.716535 -0.0551181 -0.700787 
vn 0.653543 -0.307087 -0.692913 
vn 0.370079 -0.125984 -0.92126 
vn 0.330709 -0.220472 -0.92126 
vn 0.543307 -0.480315 -0.692913 
vn 0.456693 -0.11811 -0.88189 
vn 0.692913 -0.614173 0.385827 
vn 0.755906 -0.653543 0 
vn 0.700787 -0.606299 0.370079 
vn 0.551181 -0.464567 0.692913 
vn 0.661417 -0.637795 0.393701 
vn 0.692913 -0.724409 0 
vn 0.559055 -0.464567 0.692913 
vn 0.401575 0.850394 0.346457 
vn -0.0314961 1 0 
vn 0.440945 0.897638 0 
vn -0.0393701 0.88189 0.472441 
vn -0.866142 0.503937 0 
vn 0.692913 0.582677 0.433071 
vn 0.779528 0.629921 0 
vn 0.299213 0.677165 0.669291 
vn 0.574803 0.401575 0.716535 
vn -0.0472441 0.677165 0.740157 
vn -0.598425 0.275591 0.755906 
vn -0.771654 0.456693 0.433071 
vn -0.622047 0.212598 0.748031 
vn -0.968504 0.244094 0 
vn -0.433071 0.826772 0.362205 
vn -0.307087 0.661417 0.685039 
vn -0.527559 0.850394 0 
vn -0.125984 0.929134 0.354331 
vn 0.448819 0.0629921 0.889764 
vn 0.645669 0.456693 0.606299 
vn -0.80315 0.598425 0 
vn -0.740157 0.559055 -0.377953 
vn -0.732283 0.559055 -0.393701 
vn -0.787402 0.614173 0 
vn -0.409449 0.551181 -0.724409 
vn -0.566929 0.732283 -0.377953 
vn -0.622047 0.779528 0 
vn 0.023622 1 0 
vn 0.0472441 0.944882 -0.322835 
vn 0.102362 0.76378 -0.637795 
vn 0.346457 0.866142 -0.354331 
vn 0.92126 -0.377953 0 
vn 0.724409 -0.685039 0 
vn 0.929134 0.0787402 -0.354331 
vn 0.708661 0.0866142 -0.700787 
vn 0.84252 0.535433 0 
vn 0.787402 0.519685 -0.330709 
vn 0.645669 0.464567 -0.606299 
vn -0.0551181 0.00787402 -1 
vn -0.0393701 0.677165 -0.740157 
vn -0.566929 0.338583 -0.748031 
vn -0.275591 0.677165 -0.685039 
vn -0.0472441 0.519685 -0.850394 
vn 0.188976 0.590551 -0.779528 
vn 0.708661 0.0629921 0.700787 
vn -0.188976 0.322835 0.929134 
vn -0.417323 0.543307 0.724409 
vn 0.0708661 0.76378 0.645669 
vn 0.212598 0.535433 0.818898 
vn 0.377953 0.511811 0.771654 
vn 0.15748 0.409449 -0.897638 
vn 0.527559 0.464567 -0.708661 
vn 0.251969 0.165354 -0.952756 
vn 0.401575 0.850394 0.346457 
vn -0.0393701 0.88189 0.472441 
vn 0.692913 0.582677 0.433071 
vn 0.779528 0.629921 0 
vn 1 -0.0708661 0 
vn 0.299213 0.677165 0.669291 
vn 0.574803 0.401575 0.716535 
vn -0.0472441 0.677165 0.740157 
vn 0.716535 -0.0551181 0.700787 
vn -0.598425 0.275591 0.755906 
vn 0.913386 -0.0708661 0.401575 
vn 0.826772 -0.409449 0.385827 
vn 0.645669 -0.314961 0.692913 
vn -0.771654 0.456693 0.433071 
vn -0.685039 -0.0551181 0.724409 
vn -0.88189 -0.0866142 0.456693 
vn -0.677165 -0.11811 0.732283 
vn -0.968504 -0.259843 0 
vn -0.897638 -0.212598 0.377953 
vn -0.622047 0.212598 0.748031 
vn -0.889764 0.251969 0.377953 
vn -0.433071 0.826772 0.362205 
vn -0.307087 0.661417 0.685039 
vn -0.527559 0.850394 0 
vn -0.125984 0.929134 0.354331 
vn 0.448819 0.0629921 0.889764 
vn 0.645669 0.456693 0.606299 
vn 0.314961 0.338583 0.889764 
vn -0.0551181 0.0393701 1 
vn -0.0314961 0.181102 0.984252 
vn 0.338583 0.133858 0.929134 
vn 0.755906 0.0787402 0.653543 
vn 0.0393701 0.141732 0.992126 
vn 0.251969 0.299213 0.92126 
vn 0.535433 0.0944882 0.834646 
vn 0.645669 0.149606 0.755906 
vn -0.527559 -0.448819 -0.724409 
vn -0.251969 -0.110236 -0.96063 
vn -0.795276 -0.606299 0 
vn -1 0.0866142 0 
vn -0.409449 0.551181 -0.724409 
vn 0.023622 1 0 
vn 0.346457 0.866142 -0.354331 
vn 0.92126 -0.377953 0 
vn 0.929134 0.0787402 -0.354331 
vn -0.0551181 0.00787402 -1 
vn -0.0393701 0.677165 -0.740157 
vn 0.346457 0.0708661 0.937008 
vn -0.377953 -0.015748 0.929134 
vn -0.401575 0.0708661 0.913386 
vn -0.700787 -0.00787402 0.708661 
vn -0.700787 0.0551181 0.708661 
vn -0.685039 -0.212598 0.692913 
vn -0.362205 -0.141732 0.92126 
vn -0.700787 -0.133858 0.700787 
vn -0.677165 -0.275591 0.685039 
vn 0.346457 -0.11811 0.929134 
vn -0.370079 -0.299213 0.88189 
vn -0.322835 -0.354331 0.874016 
vn -0.574803 -0.409449 0.708661 
vn 0.244094 -0.314961 0.92126 
vn 0.330709 -0.141732 0.937008 
vn 0.685039 0 0.732283 
vn 0.362205 -0.314961 0.874016 
vn 0.653543 -0.307087 0.692913 
vn 0.669291 -0.0944882 0.740157 
vn 0.677165 0.0393701 0.732283 
vn 0.377953 -0.0551181 0.929134 
vn 0.685039 -0.0708661 0.724409 
vn -0.362205 -0.259843 0.897638 
vn 0.299213 -0.322835 0.897638 
vn 0.629921 -0.385827 0.677165 
vn -0.314961 -0.244094 0.913386 
vn -0.661417 -0.338583 0.669291 
vn 0.433071 -0.149606 0.889764 
vn 0.661417 -0.181102 0.724409 
vn 0.606299 0.417323 0.677165 
vn 0.322835 0.291339 0.897638 
vn 0.661417 0.15748 0.732283 
vn -0.409449 -0.023622 0.913386 
vn -0.700787 -0.133858 0.700787 
vn 0.275591 0.0708661 0.96063 
vn -0.425197 -0.0393701 0.905512 
vn -0.606299 -0.307087 0.740157 
vn 0.275591 -0.141732 0.952756 
vn 0.629921 -0.291339 0.724409 
vn -0.251969 -0.110236 0.96063 
vn -0.228346 -0.251969 0.937008 
vn -0.417323 -0.566929 0.708661 
vn -0.015748 0.0551181 1 
vn 0.275591 -0.228346 0.929134 
vn 0.503937 -0.543307 0.669291 
vn -0.023622 0.0629921 1 
vn -0.023622 -0.11811 0.992126 
vn 0.0393701 0.00787402 1 
vn 0.322835 -0.409449 0.858268 
vn 0.543307 -0.551181 0.629921 
vn 0.708661 0.0629921 0.700787 
vn -0.330709 -0.291339 0.897638 
vn 0.0629921 0 1 
vn -0.551181 -0.409449 0.724409 
vn -0.401575 0.0393701 0.913386 
vn -0.677165 0.0629921 0.732283 
vn -0.543307 0.433071 0.716535 
vn -0.283465 0.275591 0.92126 
vn 0.0866142 0.0393701 0.992126 
vn -0.559055 0.417323 0.716535 
vn 0.023622 -0.0393701 1 
vn -0.291339 0.19685 0.937008 
vn 0.102362 0.00787402 0.992126 
vn -0.188976 0.322835 0.929134 
vn -0.417323 0.543307 0.724409 
vn 0.0708661 0.76378 0.645669 
vn 0.212598 0.535433 0.818898 
vn 0.338583 0.149606 0.929134 
vn 0.377953 0.511811 0.771654 
vn 0.0472441 0 -1 
vn 0.692913 -0.614173 0.385827 
vn 0.527559 -0.480315 0.700787 
vn 0.700787 -0.606299 0.370079 
vn 0.551181 -0.464567 0.692913 
vn 0.661417 -0.637795 0.393701 
vn 0.692913 -0.724409 0 
vn 0.559055 -0.464567 0.692913 
vn 0.456693 -0.732283 0.503937 
vn -0.0314961 1 0 
vn -0.866142 0.503937 0 
vn -0.598425 0.275591 0.755906 
vn -0.771654 0.456693 0.433071 
vn -0.685039 -0.0551181 0.724409 
vn -0.992126 -0.110236 0 
vn -0.88189 -0.0866142 0.456693 
vn -0.968504 -0.259843 0 
vn -0.897638 -0.212598 0.377953 
vn -0.622047 0.212598 0.748031 
vn -0.968504 0.244094 0 
vn -0.889764 0.251969 0.377953 
vn -0.433071 0.826772 0.362205 
vn -0.527559 0.850394 0 
vn -0.125984 0.929134 0.354331 
vn -0.787402 -0.401575 -0.472441 
vn -0.889764 -0.456693 0 
vn -0.527559 -0.448819 -0.724409 
vn -0.251969 -0.110236 -0.96063 
vn -0.425197 -0.0393701 -0.905512 
vn -0.740157 -0.559055 -0.362205 
vn -0.795276 -0.606299 0 
vn -0.677165 0.0629921 -0.732283 
vn -0.92126 0.0787402 -0.370079 
vn -1 0.0866142 0 
vn -0.80315 0.598425 0 
vn -0.740157 0.559055 -0.377953 
vn -0.551181 0.425197 -0.716535 
vn -0.732283 0.559055 -0.393701 
vn -0.787402 0.614173 0 
vn -0.409449 0.551181 -0.724409 
vn -0.566929 0.732283 -0.377953 
vn -0.622047 0.779528 0 
vn -0.929134 -0.11811 -0.354331 
vn -0.992126 -0.125984 0 
vn -0.944882 -0.322835 0 
vn -0.897638 -0.251969 -0.370079 
vn -0.826772 -0.362205 -0.425197 
vn -0.937008 -0.338583 0 
vn -0.409449 -0.023622 -0.913386 
vn -0.929134 -0.173228 -0.338583 
vn -0.992126 -0.11811 0 
vn -0.314961 -0.244094 -0.913386 
vn -0.0314961 0.0314961 -1 
vn -1 0.015748 0 
vn -0.00787402 0.0629921 -1 
vn -0.92126 0.00787402 -0.385827 
vn -0.401575 0.0708661 -0.913386 
vn -0.00787402 -0.141732 -0.992126 
vn -0.92126 0.0629921 -0.377953 
vn -1 0.0629921 0 
vn -0.984252 -0.165354 0 
vn -0.913386 -0.165354 -0.377953 
vn -0.952756 -0.299213 0 
vn -0.362205 -0.141732 -0.92126 
vn -0.874016 -0.307087 -0.370079 
vn 0.0787402 -0.220472 -0.976378 
vn -0.322835 -0.354331 -0.874016 
vn -0.779528 -0.519685 -0.354331 
vn -0.84252 -0.543307 0 
vn -0.283465 0.0551181 -0.96063 
vn -0.291339 0.00787402 -0.952756 
vn -0.566929 0.338583 -0.748031 
vn -0.629921 0.204724 -0.748031 
vn 0.346457 0.0708661 0.937008 
vn -0.401575 0.0708661 0.913386 
vn -0.700787 0.0551181 0.708661 
vn -0.685039 -0.212598 0.692913 
vn -0.362205 -0.141732 0.92126 
vn -0.677165 -0.275591 0.685039 
vn -0.322835 -0.354331 0.874016 
vn -0.574803 -0.409449 0.708661 
vn -0.314961 -0.244094 0.913386 
vn -0.409449 -0.023622 0.913386 
vn -0.700787 -0.133858 0.700787 
vn -0.425197 -0.0393701 0.905512 
vn -0.708661 -0.0787402 0.708661 
vn -0.606299 -0.307087 0.740157 
vn 0.748031 -0.661417 0 
vn -0.543307 -0.748031 -0.377953 
vn -0.787402 -0.401575 -0.472441 
vn -0.889764 -0.456693 0 
vn -0.574803 -0.818898 0 
vn -0.433071 -0.559055 -0.708661 
vn -0.527559 -0.448819 -0.724409 
vn -0.251969 -0.110236 -0.96063 
vn -0.740157 -0.559055 -0.362205 
vn -0.795276 -0.606299 0 
vn 0.84252 -0.401575 -0.346457 
vn 0.913386 -0.102362 -0.393701 
vn 0.669291 -0.125984 -0.732283 
vn 0.637795 -0.346457 -0.685039 
vn 0.92126 -0.377953 0 
vn 0.629921 -0.267717 -0.724409 
vn 0.700787 -0.708661 0 
vn 0.543307 -0.480315 -0.692913 
vn 0.645669 -0.669291 -0.370079 
vn 0.724409 -0.685039 0 
vn 0.535433 -0.559055 -0.629921 
vn 0.677165 -0.661417 -0.314961 
vn 0.929134 0.0787402 -0.354331 
vn 0.0787402 -0.220472 -0.976378 
vn -0.322835 -0.354331 -0.874016 
vn -0.307087 -0.76378 -0.566929 
vn -0.779528 -0.519685 -0.354331 
vn -0.84252 -0.543307 0 
vn -0.322835 -0.354331 0.874016 
vn -0.574803 -0.409449 0.708661 
vn 0.244094 -0.314961 0.92126 
vn 0.299213 -0.322835 0.897638 
vn 0.629921 -0.385827 0.677165 
vn 0.433071 -0.149606 0.889764 
vn 0.661417 -0.181102 0.724409 
vn 0.275591 -0.228346 0.929134 
vn 0.503937 -0.543307 0.669291 
vn 0.0393701 0.00787402 1 
vn 0.322835 -0.409449 0.858268 
vn 0.543307 -0.551181 0.629921 
vn -0.330709 -0.291339 0.897638 
vn -0.551181 -0.409449 0.724409 
vn 0.330709 -0.220472 -0.92126 
vn 0.543307 -0.480315 -0.692913 
vn 0.425197 -0.338583 -0.834646 
vn 0.692913 -0.614173 0.385827 
vn 0.755906 -0.653543 0 
vn 0.700787 -0.606299 0.370079 
vn 0.551181 -0.464567 0.692913 
vn 0.661417 -0.637795 0.393701 
vn 0.692913 -0.724409 0 
vn 0.559055 -0.464567 0.692913 
vn 0.456693 -0.732283 0.503937 
vn -0.0314961 1 0 
vn 0.779528 0.629921 0 
vn 0.716535 -0.0551181 0.700787 
vn -0.968504 -0.259843 0 
vn -0.622047 0.212598 0.748031 
vn -0.543307 -0.748031 -0.377953 
vn -0.787402 -0.401575 -0.472441 
vn -0.433071 -0.559055 -0.708661 
vn -0.527559 -0.448819 -0.724409 
vn -0.251969 -0.110236 -0.96063 
vn -0.425197 -0.0393701 -0.905512 
vn -0.023622 -0.023622 -1 
vn -0.740157 -0.559055 -0.362205 
vn -0.795276 -0.606299 0 
vn -0.677165 0.0629921 -0.732283 
vn -0.0314961 0.283465 -0.96063 
vn -0.92126 0.0787402 -0.370079 
vn -1 0.0866142 0 
vn -0.80315 0.598425 0 
vn -0.740157 0.559055 -0.377953 
vn -0.551181 0.425197 -0.716535 
vn -0.732283 0.559055 -0.393701 
vn -0.551181 0.433071 -0.716535 
vn -0.409449 0.551181 -0.724409 
vn -0.566929 0.732283 -0.377953 
vn -0.622047 0.779528 0 
vn 0.023622 1 0 
vn 0.346457 0.866142 -0.354331 
vn 0.84252 -0.401575 -0.346457 
vn 0.913386 -0.102362 -0.393701 
vn 0.669291 -0.125984 -0.732283 
vn 0.637795 -0.346457 -0.685039 
vn 0.795276 0.480315 -0.370079 
vn 0.606299 0.425197 -0.677165 
vn 0.897638 0.181102 -0.409449 
vn 0.984252 0.173228 0 
vn 0.661417 0.110236 -0.740157 
vn 0.92126 -0.377953 0 
vn 0.629921 -0.267717 -0.724409 
vn 0.826772 -0.362205 -0.433071 
vn 0.543307 -0.480315 -0.692913 
vn 0.645669 -0.669291 -0.370079 
vn 0.535433 -0.559055 -0.629921 
vn 0.677165 -0.661417 -0.314961 
vn 0.929134 0.0787402 -0.354331 
vn 0.708661 0.0866142 -0.700787 
vn 0.787402 0.519685 -0.330709 
vn 0.645669 0.464567 -0.606299 
vn -0.897638 -0.251969 -0.370079 
vn -0.826772 -0.362205 -0.425197 
vn -0.409449 -0.023622 -0.913386 
vn -0.929134 -0.173228 -0.338583 
vn -0.992126 -0.11811 0 
vn -0.314961 -0.244094 -0.913386 
vn -0.0314961 0.0314961 -1 
vn -0.015748 0.11811 -0.992126 
vn -0.00787402 -0.165354 -0.984252 
vn 0 -0.267717 -0.96063 
vn -0.362205 -0.259843 -0.897638 
vn 0 -0.023622 -1 
vn -0.377953 -0.015748 -0.929134 
vn -0.00787402 0.0629921 -1 
vn -0.92126 0.00787402 -0.385827 
vn -0.401575 0.0708661 -0.913386 
vn -0.00787402 -0.141732 -0.992126 
vn -0.92126 0.0629921 -0.377953 
vn -1 0.0629921 0 
vn -0.913386 -0.165354 -0.377953 
vn -0.362205 -0.141732 -0.92126 
vn -0.874016 -0.307087 -0.370079 
vn -0.370079 -0.299213 -0.88189 
vn 0.00787402 -0.291339 -0.952756 
vn 0.0787402 -0.220472 -0.976378 
vn -0.322835 -0.354331 -0.874016 
vn -0.307087 -0.76378 -0.566929 
vn -0.84252 -0.543307 0 
vn 0.015748 0.00787402 -1 
vn -0.283465 0.0551181 -0.96063 
vn -0.0314961 -0.133858 -0.992126 
vn -0.291339 0.00787402 -0.952756 
vn -0.0551181 0.00787402 -1 
vn -0.023622 0.181102 -0.984252 
vn -0.0393701 0.677165 -0.740157 
vn -0.566929 0.338583 -0.748031 
vn -0.685039 -0.0551181 -0.724409 
vn -0.409449 0.023622 -0.913386 
vn 0.0393701 0.149606 -0.992126 
vn -0.677165 -0.11811 -0.732283 
vn -0.385827 0.19685 -0.897638 
vn -0.629921 0.204724 -0.748031 
vn -0.275591 0.677165 -0.685039 
vn -0.0472441 0.519685 -0.850394 
vn 0.212598 0.291339 -0.929134 
vn 0.188976 0.590551 -0.779528 
vn 0.913386 -0.0787402 -0.393701 
vn 0.685039 -0.0708661 -0.724409 
vn 0.913386 0.0629921 -0.409449 
vn 0.669291 0.0708661 -0.732283 
vn 0.669291 -0.0787402 -0.740157 
vn 0.913386 -0.102362 -0.393701 
vn 0.850394 -0.370079 -0.370079 
vn 0.653543 -0.299213 -0.692913 
vn 0.897638 0.023622 -0.440945 
vn 0.685039 0 -0.732283 
vn 0.811024 0.291339 -0.503937 
vn -0.00787402 0.0629921 -1 
vn 0.15748 0.409449 -0.897638 
vn 0.299213 0.669291 -0.677165 
vn 0.527559 0.464567 -0.708661 
vn 0.251969 0.165354 -0.952756 
vn 0.0472441 0 -1 
vn 0.346457 -0.023622 -0.937008 
vn 0.716535 -0.0551181 -0.700787 
vn 0.0629921 0 -1 
vn 0.653543 -0.307087 -0.692913 
vn 0.0866142 0.0393701 -0.992126 
vn 0.370079 -0.125984 -0.92126 
vn 0.535433 -0.472441 -0.700787 
vn 0.299213 -0.283465 -0.913386 
vn 0.00787402 -0.0551181 -1 
vn 0.551181 -0.464567 -0.692913 
vn 0.330709 -0.220472 -0.92126 
vn 0.102362 0.00787402 -0.992126 
vn 0.543307 -0.480315 -0.692913 
vn 0.322835 0.149606 -0.929134 
vn 0.456693 -0.11811 -0.88189 
vn 0.425197 -0.338583 -0.834646 

vt 53.9946 -42.6921 
vt 54.0054 -42.6921 
vt 54.0061 -42.6503 
vt 53.9772 -42.6999 
vt 53.9744 -42.6488 
vt 53.9939 -42.6503 
vt 53.9948 -42.6057 
vt 54.0052 -42.6057 
vt 53.9781 -42.5961 
vt 54.0033 -42.5456 
vt 53.9639 -42.6756 
vt 53.9931 -42.6113 
vt 53.9833 -42.6152 
vt 53.9854 -42.5843 
vt 53.994 -42.5852 
vt 53.9968 -42.5676 
vt 53.9921 -42.5646 
vt 54 -42.5527 
vt 53.9896 -42.9844 
vt 54.0104 -42.9844 
vt 54.0168 -42.9716 
vt 53.9832 -42.9716 
vt 53.9867 -42.9343 
vt 53.9902 -43.1932 
vt 54.0335 -42.9716 
vt 54.0133 -42.9343 
vt 54.0057 -42.8878 
vt 53.9943 -42.8878 
vt 54.0224 -42.8878 
vt 53.9851 -42.8075 
vt 54.0316 -42.8047 
vt 54.0149 -42.8075 
vt 53.9884 -42.7601 
vt 54.0116 -42.7601 
vt 53.9883 -42.7185 
vt 54.0283 -42.7103 
vt 54.0117 -42.7185 
vt 53.9851 -42.6757 
vt 54.0149 -42.6757 
vt 54.0361 -42.6756 
vt 53.9931 -42.6113 
vt 54.0069 -42.6113 
vt 54.0167 -42.6152 
vt 53.994 -42.5852 
vt 54.0146 -42.5843 
vt 54.006 -42.5852 
vt 54.0032 -42.5676 
vt 53.9968 -42.5676 
vt 54.0079 -42.5646 
vt 54 -42.5527 
vt 54.0232 -43.2649 
vt 53.9917 -43.4514 
vt 54.0098 -43.1932 
vt 54.0065 -43.261 
vt 54.0232 -43.2649 
vt 53.9935 -43.261 
vt 54.0473 -43.3853 
vt 54.0132 -43.3853 
vt 53.9868 -43.3853 
vt 53.9908 -43.4131 
vt 54.0092 -43.4131 
vt 54.0328 -43.4131 
vt 54.0084 -43.4291 
vt 53.9916 -43.4291 
vt 54.0303 -43.4381 
vt 54 -43.4982 
vt 53.9527 -43.3853 
vt 54 -43.4982 
vt 53.9697 -43.4381 
vt 53.9916 -43.4291 
vt 53.9672 -43.4131 
vt 53.9935 -43.261 
vt 53.9896 -42.9844 
vt 53.9665 -42.9716 
vt 53.9665 -42.9716 
vt 53.9943 -42.8878 
vt 53.9684 -42.8047 
vt 53.9706 -42.7578 
vt 53.9884 -42.7601 
vt 53.9717 -42.7103 
vt 53.9883 -42.7185 
vt 53.9851 -42.6757 
vt 54.0054 -42.6921 
vt 54.0228 -42.6999 
vt 54.0256 -42.6488 
vt 54.0061 -42.6503 
vt 54.0052 -42.6057 
vt 54.0219 -42.5961 
vt 54.0162 -42.5274 
vt 54.0018 -42.5175 
vt 54.0077 -42.5123 
vt 53.9967 -42.5456 
vt 54.0038 -42.5363 
vt 53.9962 -42.5363 
vt 53.9838 -42.5274 
vt 53.9982 -42.5175 
vt 54.0018 -42.5175 
vt 53.9923 -42.5123 
vt 54.0498 -42.9946 
vt 53.9996 -43.0117 
vt 54.0498 -43.0054 
vt 53.9996 -42.9883 
vt 53.9143 -43.0117 
vt 54.0933 -42.9946 
vt 54.0933 -43.0054 
vt 54.0612 -42.9772 
vt 54.1086 -42.9772 
vt 53.9997 -42.9706 
vt 53.8992 -42.9717 
vt 53.9143 -42.9883 
vt 53.9292 -42.9854 
vt 53.9385 -43.0061 
vt 53.9147 -42.9967 
vt 53.9114 -42.9921 
vt 53.9147 -43.0033 
vt 53.9005 -43 
vt 53.8597 -42.9639 
vt 53.8992 -42.9931 
vt 54.1259 -42.9925 
vt 54.1259 -43.0075 
vt 54.066 -43.0048 
vt 54.066 -42.9952 
vt 54.0511 -43.0168 
vt 54.0592 -43.0055 
vt 54.0592 -42.9945 
vt 54.0296 -42.9974 
vt 54.0296 -43.0026 
vt 54.0271 -43.008 
vt 54.0073 -43 
vt 53.9615 -42.9851 
vt 53.8673 -42.9883 
vt 53.8409 -43.0149 
vt 53.8597 -43.0361 
vt 53.8992 -42.9931 
vt 53.8992 -43.0069 
vt 53.9069 -43.0167 
vt 53.8597 -43.0361 
vt 53.9996 -43.0117 
vt 53.9143 -43.0117 
vt 53.9147 -43.0033 
vt 53.9114 -43.0079 
vt 53.9005 -43 
vt 53.8409 -42.9851 
vt 54.0511 -42.9832 
vt 54.0592 -42.9945 
vt 54.0296 -42.9974 
vt 54.0271 -42.992 
vt 54.0073 -43 
vt 54.0612 -43.0228 
vt 54.0933 -43.0054 
vt 54.1086 -43.0228 
vt 53.9502 -42.7099 
vt 54.0004 -42.7386 
vt 53.9067 -42.6921 
vt 53.9067 -42.6921 
vt 53.8987 -42.6503 
vt 53.9388 -42.7227 
vt 53.8914 -42.6999 
vt 54.0003 -42.7578 
vt 53.8796 -42.6488 
vt 54.1008 -42.6972 
vt 53.8987 -42.6503 
vt 53.9144 -42.6057 
vt 53.901 -42.5961 
vt 54.0857 -42.687 
vt 54.1102 -42.6755 
vt 54.087 -42.6753 
vt 54.0807 -42.6214 
vt 54.0711 -42.6263 
vt 54.0711 -42.6263 
vt 54.0708 -42.5828 
vt 54.0615 -42.5817 
vt 54.0853 -42.5559 
vt 54.0886 -42.5597 
vt 54.0853 -42.5559 
vt 54.0995 -42.5527 
vt 54.1403 -42.6756 
vt 54.1008 -42.6113 
vt 54.0931 -42.6152 
vt 54.1102 -42.6755 
vt 54.0807 -42.6214 
vt 54.0829 -42.5843 
vt 54.0904 -42.5852 
vt 54.0708 -42.5828 
vt 54.0886 -42.5597 
vt 54.093 -42.5646 
vt 54.0995 -42.5527 
vt 53.8754 -42.708 
vt 53.9923 -42.7896 
vt 53.8606 -42.7155 
vt 53.8409 -42.6456 
vt 53.9489 -42.5181 
vt 53.9704 -42.5018 
vt 53.9927 -42.5096 
vt 54.0385 -42.8075 
vt 54.1591 -42.6757 
vt 54.1403 -42.6756 
vt 54.0004 -42.7386 
vt 54.0293 -43.2649 
vt 54.0198 -43.1932 
vt 54.0193 -43.2671 
vt 54.0028 -43.1932 
vt 54.0022 -43.2707 
vt 54.0079 -42.9844 
vt 54.0233 -43.3853 
vt 53.9886 -43.3853 
vt 54.0025 -43.4131 
vt 54.0438 -43.3853 
vt 54.0267 -43.4131 
vt 54.0278 -43.443 
vt 54.0071 -43.4514 
vt 54.092 -43.4982 
vt 54.0399 -43.4381 
vt 54.062 -43.4291 
vt 54.0409 -43.4131 
vt 54.0668 -43.4131 
vt 54.0811 -43.3853 
vt 54.0476 -43.261 
vt 54.038 -43.1932 
vt 54.0558 -43.1932 
vt 54.025 -42.9844 
vt 54.0443 -42.9844 
vt 54.0623 -42.9844 
vt 54.0222 -42.9716 
vt 54.0051 -42.9716 
vt 54.0539 -42.9716 
vt 54.0721 -42.9716 
vt 54.0516 -42.9343 
vt 54.035 -42.9375 
vt 54.0258 -42.8878 
vt 54.0085 -42.9426 
vt 53.9927 -42.9456 
vt 54.0074 -42.8878 
vt 53.9974 -42.8878 
vt 53.9762 -42.7977 
vt 54.0205 -42.8047 
vt 54.0385 -42.8075 
vt 53.9923 -42.7896 
vt 53.9269 -42.7361 
vt 53.9159 -42.7485 
vt 54.0003 -42.7578 
vt 54.0554 -42.7551 
vt 54.0721 -42.7601 
vt 53.9388 -42.7227 
vt 54.1008 -42.6972 
vt 53.8914 -42.6999 
vt 54.1204 -42.7103 
vt 54.1327 -42.7185 
vt 54.1591 -42.6757 
vt 53.8754 -42.708 
vt 53.8796 -42.6488 
vt 53.8606 -42.7155 
vt 53.8595 -42.6471 
vt 53.8409 -42.6456 
vt 53.8741 -42.5766 
vt 53.8871 -42.586 
vt 53.901 -42.5961 
vt 53.934 -42.5223 
vt 53.9482 -42.5379 
vt 53.9408 -42.5298 
vt 53.9576 -42.5274 
vt 53.9489 -42.5181 
vt 53.9408 -42.5096 
vt 53.9704 -42.5018 
vt 53.9729 -42.5069 
vt 53.9755 -42.5123 
vt 53.9927 -42.5096 
vt 53.8754 -42.708 
vt 53.9553 -42.5456 
vt 53.9482 -42.5379 
vt 53.966 -42.5363 
vt 53.9576 -42.5274 
vt 53.9781 -42.5175 
vt 53.9781 -42.5175 
vt 53.9755 -42.5123 
vt 53.9927 -42.5096 
vt 53.9883 -42.7386 
vt 53.9883 -42.687 
vt 54.0283 -42.6972 
vt 54.0117 -42.687 
vt 54.0361 -42.6755 
vt 53.985 -42.6753 
vt 54.015 -42.6753 
vt 53.9931 -42.6263 
vt 54.0069 -42.6263 
vt 54.0146 -42.5828 
vt 53.9939 -42.5817 
vt 54.0061 -42.5817 
vt 54.0033 -42.5559 
vt 53.9967 -42.5559 
vt 54 -42.5527 
vt 53.9851 -42.7977 
vt 54.0149 -42.7977 
vt 53.9763 -42.708 
vt 53.9691 -42.7896 
vt 53.9776 -42.8878 
vt 53.9922 -42.7155 
vt 54.0078 -42.7155 
vt 53.9734 -42.6471 
vt 53.9913 -42.6456 
vt 54.0087 -42.6456 
vt 54.0075 -42.5766 
vt 53.9925 -42.5766 
vt 53.9772 -42.586 
vt 53.9952 -42.5223 
vt 54.0048 -42.5223 
vt 53.9832 -42.5181 
vt 53.9945 -42.5096 
vt 54.0055 -42.5096 
vt 53.9943 -42.8878 
vt 54.0057 -42.8878 
vt 54.0132 -42.9456 
vt 53.9868 -42.9456 
vt 53.9833 -42.9716 
vt 54.0167 -42.9716 
vt 53.97 -42.9426 
vt 53.9897 -42.9844 
vt 54.0103 -42.9844 
vt 53.9665 -42.9716 
vt 53.9776 -42.8878 
vt 54.0097 -43.1932 
vt 53.9768 -43.2649 
vt 53.9903 -43.1932 
vt 53.9768 -43.2671 
vt 53.9527 -43.3853 
vt 53.9936 -43.2707 
vt 54.0064 -43.2707 
vt 54.013 -43.3853 
vt 53.987 -43.3853 
vt 54.0091 -43.4131 
vt 53.9527 -43.3853 
vt 53.9909 -43.4131 
vt 53.9697 -43.4381 
vt 53.9697 -43.443 
vt 53.9917 -43.4514 
vt 54.0083 -43.4514 
vt 53.9717 -42.6972 
vt 53.9639 -42.6755 
vt 53.9883 -42.687 
vt 53.9939 -42.5817 
vt 54.0232 -43.2649 
vt 54.0232 -43.2671 
vt 54.0064 -43.2707 
vt 54.0103 -42.9844 
vt 54.0473 -43.3853 
vt 54.0091 -43.4131 
vt 54.0303 -43.443 
vt 54.0083 -43.4514 
vt 54.0335 -42.9716 
vt 54.03 -42.9426 
vt 54.0132 -42.9456 
vt 54.0224 -42.8878 
vt 54.0057 -42.8878 
vt 54.0149 -42.7977 
vt 53.9553 -43.0033 
vt 53.9159 -43.0078 
vt 53.9762 -43.0149 
vt 53.9762 -42.9851 
vt 53.9159 -42.9922 
vt 53.9269 -43.0237 
vt 53.8754 -43.0237 
vt 53.9923 -43.0309 
vt 53.8606 -43.0078 
vt 53.8606 -42.9922 
vt 54.0623 -43.0104 
vt 54.0721 -43.0168 
vt 54.0539 -43.0335 
vt 54.0443 -43.0272 
vt 54.0385 -42.9851 
vt 54.0205 -43.0316 
vt 54.0721 -42.9884 
vt 54.0554 -43.0283 
vt 54.0721 -43.0116 
vt 54.1327 -42.9883 
vt 54.1204 -43.0283 
vt 54.1327 -43.0117 
vt 54.1591 -43.0149 
vt 54.0399 -43.0303 
vt 54.0278 -43.0303 
vt 54.092 -43 
vt 54.0071 -43.0083 
vt 54.0071 -42.9917 
vt 54.0278 -42.9697 
vt 54.0071 -42.9917 
vt 54.092 -43 
vt 54.0443 -42.9728 
vt 54.0623 -42.9896 
vt 54.0539 -42.9665 
vt 54.0721 -42.9832 
vt 54.0554 -42.9717 
vt 54.0721 -42.9884 
vt 53.8914 -42.9772 
vt 54.1204 -42.9717 
vt 54.1327 -42.9883 
vt 53.8754 -42.9763 
vt 53.8606 -42.9922 
vt 53.9576 -43.0162 
vt 53.9781 -43.0018 
vt 53.9927 -43 
vt 53.9553 -42.9967 
vt 53.966 -43.0038 
vt 53.966 -42.9962 
vt 53.9576 -42.9838 
vt 53.9781 -42.9982 
vt 53.9781 -43.0018 
vt 53.9755 -42.9923 
vt 53.9927 -43 
vt 53.9996 -42.7386 
vt 54.0933 -42.6921 
vt 54.1204 -42.6488 
vt 53.9289 -42.6263 
vt 53.9292 -42.5828 
vt 54.0841 -42.7485 
vt 54.0238 -42.7977 
vt 54.0731 -42.7361 
vt 54.1246 -42.708 
vt 54.0077 -42.7896 
vt 54.0026 -42.8878 
vt 53.9795 -42.8047 
vt 54.1394 -42.7155 
vt 54.1394 -42.7155 
vt 54.1405 -42.6471 
vt 53.9997 -42.7578 
vt 54.1591 -42.6456 
vt 54.1591 -42.6456 
vt 54.1259 -42.5766 
vt 54.1259 -42.5766 
vt 54.1129 -42.586 
vt 54.066 -42.5223 
vt 54.0592 -42.5298 
vt 54.0511 -42.5181 
vt 54.0592 -42.5096 
vt 54.0592 -42.5096 
vt 54.0296 -42.5018 
vt 54.0073 -42.5096 
vt 53.9377 -42.9844 
vt 53.9279 -42.9716 
vt 53.9461 -42.9716 
vt 53.9557 -42.9844 
vt 53.9484 -42.9343 
vt 53.965 -42.9375 
vt 53.9742 -42.8878 
vt 53.9742 -42.8878 
vt 53.9926 -42.8878 
vt 53.9615 -42.8075 
vt 53.9795 -42.8047 
vt 53.9615 -42.8075 
vt 53.9446 -42.7551 
vt 53.9279 -42.7601 
vt 53.8796 -42.7103 
vt 53.8673 -42.7185 
vt 53.8409 -42.6757 
vt 53.8597 -42.6756 
vt 53.8992 -42.6113 
vt 53.9069 -42.6152 
vt 54.0073 -42.9456 
vt 53.9949 -42.9716 
vt 53.9915 -42.9426 
vt 53.9921 -42.9844 
vt 53.9921 -42.9844 
vt 53.9778 -42.9716 
vt 53.9926 -42.8878 
vt 53.965 -42.9375 
vt 53.9461 -42.9716 
vt 53.9557 -42.9844 
vt 53.975 -42.9844 
vt 53.962 -43.1932 
vt 53.9802 -43.1932 
vt 53.9707 -43.2649 
vt 53.9972 -43.1932 
vt 53.9807 -43.2671 
vt 53.9562 -43.3853 
vt 53.9978 -43.2707 
vt 53.9978 -43.2707 
vt 54.0114 -43.3853 
vt 53.9767 -43.3853 
vt 53.9975 -43.4131 
vt 53.9733 -43.4131 
vt 53.9591 -43.4131 
vt 53.9601 -43.4381 
vt 53.9722 -43.443 
vt 53.908 -43.4982 
vt 53.9929 -43.4514 
vt 53.9446 -42.7551 
vt 53.8992 -42.6972 
vt 53.8796 -42.7103 
vt 53.8898 -42.6755 
vt 53.8597 -42.6756 
vt 53.9069 -42.6152 
vt 53.9996 -42.7386 
vt 53.9143 -42.687 
vt 53.913 -42.6753 
vt 53.9193 -42.6214 
vt 53.9171 -42.5843 
vt 53.9289 -42.6263 
vt 53.9292 -42.5828 
vt 53.9385 -42.5817 
vt 53.9147 -42.5559 
vt 53.9114 -42.5597 
vt 53.907 -42.5646 
vt 53.9005 -42.5527 
vt 53.9442 -43.1932 
vt 53.962 -43.1932 
vt 53.9524 -43.261 
vt 53.9707 -43.2649 
vt 53.9562 -43.3853 
vt 53.9189 -43.3853 
vt 53.9332 -43.4131 
vt 53.9591 -43.4131 
vt 53.938 -43.4291 
vt 53.9601 -43.4381 
vt 53.908 -43.4982 
vt 54.0731 -42.7361 
vt 54.0612 -42.7227 
vt 54.0498 -42.7099 
vt 54.0933 -42.6921 
vt 54.1086 -42.6999 
vt 54.1246 -42.708 
vt 54.1204 -42.6488 
vt 54.1013 -42.6503 
vt 54.1405 -42.6471 
vt 54.0856 -42.6057 
vt 54.1129 -42.586 
vt 54.099 -42.5961 
vt 54.0447 -42.5456 
vt 54.0518 -42.5379 
vt 54.0592 -42.5298 
vt 54.034 -42.5363 
vt 54.0424 -42.5274 
vt 54.0511 -42.5181 
vt 54.0219 -42.5175 
vt 54.0271 -42.5069 
vt 54.0245 -42.5123 
vt 54.0073 -42.5096 

usemtl Meshpart3Mtl

f 523/523/523 521/521/521 522/522/522 
f 521/521/521 525/525/525 524/524/524 
f 521/521/521 523/523/523 526/526/526 
f 521/521/521 526/526/526 525/525/525 
f 523/523/523 527/527/527 526/526/526 
f 527/527/527 523/523/523 528/528/528 
f 525/525/525 527/527/527 529/529/529 
f 530/530/530 527/527/527 528/528/528 
f 532/532/532 534/534/534 533/533/533 
f 532/532/532 535/535/535 534/534/534 
f 536/536/536 534/534/534 535/535/535 
f 534/534/534 536/536/536 537/537/537 
f 536/536/536 538/538/538 537/537/537 
f 539/539/539 540/540/540 541/541/541 
f 541/541/541 542/542/542 539/539/539 
f 541/541/541 543/543/543 542/542/542 
f 539/539/539 544/544/544 540/540/540 
f 543/543/543 541/541/541 546/546/546 
f 547/547/547 543/543/543 546/546/546 
f 543/543/543 547/547/547 548/548/548 
f 547/547/547 550/550/550 548/548/548 
f 547/547/547 552/552/552 550/550/550 
f 552/552/552 553/553/553 550/550/550 
f 553/553/553 552/552/552 554/554/554 
f 557/557/557 558/558/558 555/555/555 
f 559/559/559 558/558/558 557/557/557 
f 556/556/556 560/560/560 559/559/559 
f 559/559/559 561/561/561 558/558/558 
f 561/561/561 559/559/559 562/562/562 
f 562/562/562 564/564/564 561/561/561 
f 565/565/565 562/562/562 563/563/563 
f 564/564/564 562/562/562 566/566/566 
f 562/562/562 565/565/565 566/566/566 
f 567/567/567 564/564/564 566/566/566 
f 565/565/565 567/567/567 566/566/566 
f 564/564/564 567/567/567 568/568/568 
f 567/567/567 565/565/565 569/569/569 
f 567/567/567 570/570/570 568/568/568 
f 569/569/569 570/570/570 567/567/567 
f 573/573/573 540/540/540 544/544/544 
f 574/574/574 573/573/573 544/544/544 
f 574/574/574 544/544/544 576/576/576 
f 578/578/578 574/574/574 576/576/576 
f 578/578/578 576/576/576 579/579/579 
f 580/580/580 578/578/578 579/579/579 
f 578/578/578 580/580/580 581/581/581 
f 583/583/583 581/581/581 580/580/580 
f 583/583/583 580/580/580 584/584/584 
f 582/582/582 583/583/583 585/585/585 
f 584/584/584 586/586/586 583/583/583 
f 590/590/590 591/591/591 589/589/589 
f 600/600/600 602/602/602 531/531/531 
f 605/605/605 603/603/603 604/604/604 
f 603/603/603 605/605/605 606/606/606 
f 607/607/607 605/605/605 608/608/608 
f 609/609/609 611/611/611 610/610/610 
f 527/527/527 530/530/530 612/612/612 
f 613/613/613 616/616/616 614/614/614 
f 616/616/616 613/613/613 617/617/617 
f 615/615/615 616/616/616 618/618/618 
f 619/619/619 620/620/620 621/621/621 
f 620/620/620 619/619/619 622/622/622 
f 623/623/623 620/620/620 622/622/622 
f 621/621/621 624/624/624 619/619/619 
f 621/621/621 625/625/625 624/624/624 
f 626/626/626 624/624/624 627/627/627 
f 623/623/623 622/622/622 630/630/630 
f 634/634/634 636/636/636 633/633/633 
f 633/633/633 636/636/636 635/635/635 
f 641/641/641 640/640/640 639/639/639 
f 641/641/641 639/639/639 642/642/642 
f 646/646/646 644/644/644 645/645/645 
f 647/647/647 643/643/643 644/644/644 
f 644/644/644 646/646/646 647/647/647 
f 643/643/643 647/647/647 648/648/648 
f 646/646/646 649/649/649 647/647/647 
f 647/647/647 649/649/649 648/648/648 
f 653/653/653 655/655/655 652/652/652 
f 660/660/660 662/662/662 661/661/661 
f 638/638/638 637/637/637 663/663/663 
f 666/666/666 665/665/665 664/664/664 
f 664/664/664 667/667/667 666/666/666 
f 667/667/667 668/668/668 666/666/666 
f 669/669/669 671/671/671 670/670/670 
f 674/674/674 677/677/677 672/672/672 
f 677/677/677 673/673/673 672/672/672 
f 673/673/673 677/677/677 679/679/679 
f 673/673/673 679/679/679 681/681/681 
f 683/683/683 680/680/680 682/682/682 
f 685/685/685 673/673/673 681/681/681 
f 685/685/685 686/686/686 687/687/687 
f 688/688/688 687/687/687 686/686/686 
f 687/687/687 688/688/688 690/690/690 
f 691/691/691 690/690/690 688/688/688 
f 690/690/690 691/691/691 692/692/692 
f 693/693/693 692/692/692 691/691/691 
f 693/693/693 691/691/691 694/694/694 
f 697/697/697 698/698/698 699/699/699 
f 699/699/699 700/700/700 697/697/697 
f 700/700/700 699/699/699 701/701/701 
f 702/702/702 701/701/701 699/699/699 
f 701/701/701 702/702/702 704/704/704 
f 705/705/705 704/704/704 702/702/702 
f 705/705/705 702/702/702 706/706/706 
f 706/706/706 707/707/707 705/705/705 
f 719/719/719 720/720/720 721/721/721 
f 722/722/722 721/721/721 720/720/720 
f 721/721/721 722/722/722 723/723/723 
f 720/720/720 724/724/724 722/722/722 
f 725/725/725 723/723/723 726/726/726 
f 727/727/727 725/725/725 726/726/726 
f 728/728/728 721/721/721 725/725/725 
f 721/721/721 728/728/728 719/719/719 
f 725/725/725 727/727/727 729/729/729 
f 729/729/729 728/728/728 725/725/725 
f 727/727/727 730/730/730 729/729/729 
f 730/730/730 732/732/732 733/733/733 
f 733/733/733 729/729/729 730/730/730 
f 733/733/733 732/732/732 734/734/734 
f 729/729/729 733/733/733 735/735/735 
f 728/728/728 729/729/729 735/735/735 
f 735/735/735 734/734/734 736/736/736 
f 736/736/736 728/728/728 735/735/735 
f 728/728/728 736/736/736 737/737/737 
f 738/738/738 728/728/728 737/737/737 
f 728/728/728 738/738/738 719/719/719 
f 738/738/738 739/739/739 719/719/719 
f 720/720/720 719/719/719 739/739/739 
f 739/739/739 738/738/738 740/740/740 
f 739/739/739 741/741/741 720/720/720 
f 724/724/724 720/720/720 741/741/741 
f 740/740/740 742/742/742 739/739/739 
f 741/741/741 739/739/739 742/742/742 
f 742/742/742 740/740/740 743/743/743 
f 724/724/724 741/741/741 744/744/744 
f 742/742/742 744/744/744 741/741/741 
f 744/744/744 745/745/745 724/724/724 
f 744/744/744 742/742/742 746/746/746 
f 747/747/747 748/748/748 746/746/746 
f 746/746/746 748/748/748 749/749/749 
f 749/749/749 744/744/744 746/746/746 
f 750/750/750 749/749/749 748/748/748 
f 744/744/744 751/751/751 745/745/745 
f 744/744/744 749/749/749 751/751/751 
f 745/745/745 751/751/751 752/752/752 
f 749/749/749 750/750/750 753/753/753 
f 753/753/753 751/751/751 749/749/749 
f 751/751/751 753/753/753 754/754/754 
f 750/750/750 756/756/756 753/753/753 
f 756/756/756 754/754/754 753/753/753 
f 756/756/756 750/750/750 757/757/757 
f 755/755/755 754/754/754 758/758/758 
f 754/754/754 756/756/756 758/758/758 
f 759/759/759 755/755/755 758/758/758 
f 760/760/760 755/755/755 759/759/759 
f 761/761/761 758/758/758 756/756/756 
f 761/761/761 759/759/759 758/758/758 
f 757/757/757 762/762/762 756/756/756 
f 756/756/756 762/762/762 761/761/761 
f 762/762/762 757/757/757 763/763/763 
f 759/759/759 761/761/761 764/764/764 
f 765/765/765 761/761/761 762/762/762 
f 766/766/766 759/759/759 764/764/764 
f 765/765/765 762/762/762 767/767/767 
f 700/700/700 765/765/765 767/767/767 
f 769/769/769 767/767/767 768/768/768 
f 759/759/759 766/766/766 770/770/770 
f 770/770/770 760/760/760 759/759/759 
f 771/771/771 770/770/770 766/766/766 
f 760/760/760 770/770/770 772/772/772 
f 767/767/767 697/697/697 700/700/700 
f 773/773/773 772/772/772 770/770/770 
f 770/770/770 771/771/771 773/773/773 
f 772/772/772 773/773/773 774/774/774 
f 775/775/775 774/774/774 773/773/773 
f 776/776/776 773/773/773 771/771/771 
f 775/775/775 773/773/773 776/776/776 
f 776/776/776 771/771/771 777/777/777 
f 778/778/778 775/775/775 776/776/776 
f 779/779/779 776/776/776 777/777/777 
f 776/776/776 779/779/779 780/780/780 
f 778/778/778 776/776/776 780/780/780 
f 781/781/781 780/780/780 779/779/779 
f 782/782/782 778/778/778 780/780/780 
f 780/780/780 781/781/781 782/782/782 
f 778/778/778 782/782/782 783/783/783 
f 781/781/781 785/785/785 782/782/782 
f 785/785/785 781/781/781 786/786/786 
f 786/786/786 787/787/787 785/785/785 
f 684/684/684 789/789/789 790/790/790 
f 789/789/789 684/684/684 683/683/683 
f 791/791/791 790/790/790 789/789/789 
f 790/790/790 791/791/791 792/792/792 
f 793/793/793 792/792/792 791/791/791 
f 793/793/793 796/796/796 795/795/795 
f 801/801/801 800/800/800 799/799/799 
f 798/798/798 800/800/800 802/802/802 
f 802/802/802 800/800/800 803/803/803 
f 804/804/804 802/802/802 803/803/803 
f 804/804/804 803/803/803 805/805/805 
f 807/807/807 804/804/804 805/805/805 
f 807/807/807 805/805/805 808/808/808 
f 809/809/809 807/807/807 808/808/808 
f 807/807/807 809/809/809 810/810/810 
f 820/820/820 817/817/817 818/818/818 
f 820/820/820 818/818/818 821/821/821 
f 822/822/822 820/820/820 821/821/821 
f 820/820/820 822/822/822 823/823/823 
f 828/828/828 825/825/825 826/826/826 
f 828/828/828 826/826/826 829/829/829 
f 812/812/812 830/830/830 831/831/831 
f 830/830/830 832/832/832 831/831/831 
f 812/812/812 831/831/831 813/813/813 
f 830/830/830 833/833/833 832/832/832 
f 816/816/816 833/833/833 830/830/830 
f 812/812/812 816/816/816 830/830/830 
f 834/834/834 832/832/832 833/833/833 
f 832/832/832 834/834/834 835/835/835 
f 833/833/833 816/816/816 836/836/836 
f 837/837/837 835/835/835 834/834/834 
f 835/835/835 837/837/837 838/838/838 
f 837/837/837 841/841/841 838/838/838 
f 841/841/841 837/837/837 843/843/843 
f 846/846/846 841/841/841 843/843/843 
f 841/841/841 846/846/846 847/847/847 
f 846/846/846 848/848/848 847/847/847 
f 846/846/846 849/849/849 848/848/848 
f 849/849/849 850/850/850 848/848/848 
f 851/851/851 846/846/846 844/844/844 
f 850/850/850 849/849/849 852/852/852 
f 855/855/855 850/850/850 852/852/852 
f 852/852/852 854/854/854 855/855/855 
f 850/850/850 855/855/855 856/856/856 
f 858/858/858 857/857/857 859/859/859 
f 863/863/863 865/865/865 862/862/862 
f 867/867/867 866/866/866 868/868/868 
f 870/870/870 872/872/872 871/871/871 
f 873/873/873 871/871/871 872/872/872 
f 872/872/872 874/874/874 873/873/873 
f 876/876/876 877/877/877 878/878/878 
f 876/876/876 878/878/878 879/879/879 
f 883/883/883 876/876/876 879/879/879 
f 883/883/883 879/879/879 884/884/884 
f 885/885/885 887/887/887 886/886/886 
f 885/885/885 888/888/888 887/887/887 
f 893/893/893 894/894/894 891/891/891 
f 892/892/892 895/895/895 893/893/893 
f 893/893/893 896/896/896 894/894/894 
f 893/893/893 895/895/895 896/896/896 
f 899/899/899 900/900/900 901/901/901 
f 901/901/901 900/900/900 902/902/902 
f 904/904/904 905/905/905 903/903/903 
f 907/907/907 908/908/908 906/906/906 
f 908/908/908 907/907/907 909/909/909 
f 911/911/911 913/913/913 910/910/910 
f 913/913/913 911/911/911 914/914/914 
f 921/921/921 920/920/920 875/875/875 
f 920/920/920 921/921/921 922/922/922 
f 925/925/925 927/927/927 924/924/924 
f 935/935/935 934/934/934 933/933/933 
f 936/936/936 935/935/935 933/933/933 
f 934/934/934 935/935/935 937/937/937 
f 937/937/937 938/938/938 934/934/934 
f 939/939/939 938/938/938 937/937/937 
f 933/933/933 940/940/940 936/936/936 
f 940/940/940 942/942/942 936/936/936 
f 943/943/943 939/939/939 937/937/937 
f 942/942/942 940/940/940 944/944/944 
f 947/947/947 942/942/942 944/944/944 
f 942/942/942 947/947/947 948/948/948 
f 949/949/949 948/948/948 947/947/947 
f 948/948/948 949/949/949 950/950/950 
f 951/951/951 950/950/950 949/949/949 
f 949/949/949 952/952/952 951/951/951 
f 958/958/958 960/960/960 957/957/957 
f 960/960/960 958/958/958 961/961/961 
f 961/961/961 962/962/962 960/960/960 
f 962/962/962 961/961/961 964/964/964 
f 966/966/966 962/962/962 964/964/964 
f 962/962/962 966/966/966 967/967/967 
f 966/966/966 968/968/968 967/967/967 
f 969/969/969 967/967/967 968/968/968 
f 970/970/970 972/972/972 971/971/971 
f 974/974/974 973/973/973 975/975/975 
f 978/978/978 977/977/977 976/976/976 
f 977/977/977 978/978/978 981/981/981 
f 981/981/981 979/979/979 977/977/977 
f 982/982/982 978/978/978 938/938/938 
f 978/978/978 982/982/982 983/983/983 
f 983/983/983 981/981/981 978/978/978 
f 938/938/938 939/939/939 982/982/982 
f 981/981/981 983/983/983 984/984/984 
f 985/985/985 981/981/981 984/984/984 
f 981/981/981 985/985/985 986/986/986 
f 979/979/979 981/981/981 986/986/986 
f 985/985/985 987/987/987 986/986/986 
f 986/986/986 987/987/987 988/988/988 
f 986/986/986 988/988/988 979/979/979 
f 989/989/989 988/988/988 987/987/987 
f 988/988/988 990/990/990 979/979/979 
f 988/988/988 989/989/989 991/991/991 
f 988/988/988 991/991/991 990/990/990 
f 992/992/992 991/991/991 989/989/989 
f 990/990/990 991/991/991 993/993/993 
f 993/993/993 996/996/996 995/995/995 
f 991/991/991 992/992/992 996/996/996 
f 995/995/995 996/996/996 997/997/997 
f 996/996/996 992/992/992 998/998/998 
f 996/996/996 998/998/998 997/997/997 
f 992/992/992 999/999/999 998/998/998 
f 1000/1000/1000 998/998/998 999/999/999 
f 998/998/998 1000/1000/1000 1001/1001/1001 
f 1001/1001/1001 997/997/997 998/998/998 
f 1000/1000/1000 1002/1002/1002 1001/1001/1001 
f 1004/1004/1004 1005/1005/1005 1006/1006/1006 
f 1007/1007/1007 1006/1006/1006 1005/1005/1005 
f 1006/1006/1006 1007/1007/1007 1008/1008/1008 
f 1005/1005/1005 1004/1004/1004 943/943/943 
f 939/939/939 943/943/943 1004/1004/1004 
f 1007/1007/1007 1009/1009/1009 1008/1008/1008 
f 1010/1010/1010 1005/1005/1005 943/943/943 
f 1005/1005/1005 1010/1010/1010 1011/1011/1011 
f 1007/1007/1007 1011/1011/1011 1012/1012/1012 
f 1007/1007/1007 1013/1013/1013 1009/1009/1009 
f 1012/1012/1012 1013/1013/1013 1007/1007/1007 
f 1013/1013/1013 1014/1014/1014 1009/1009/1009 
f 1013/1013/1013 1012/1012/1012 1015/1015/1015 
f 1015/1015/1015 1016/1016/1016 1013/1013/1013 
f 1014/1014/1014 1013/1013/1013 1016/1016/1016 
f 1016/1016/1016 1015/1015/1015 1017/1017/1017 
f 1018/1018/1018 1016/1016/1016 1017/1017/1017 
f 1019/1019/1019 1014/1014/1014 1016/1016/1016 
f 1016/1016/1016 1018/1018/1018 1019/1019/1019 
f 1014/1014/1014 1019/1019/1019 1020/1020/1020 
f 1019/1019/1019 1021/1021/1021 1020/1020/1020 
f 956/956/956 1022/1022/1022 959/959/959 
f 1022/1022/1022 1023/1023/1023 959/959/959 
f 1022/1022/1022 1024/1024/1024 1023/1023/1023 
f 1024/1024/1024 1025/1025/1025 1023/1023/1023 
f 1026/1026/1026 1025/1025/1025 1024/1024/1024 
f 1024/1024/1024 1027/1027/1027 1026/1026/1026 
f 1028/1028/1028 1026/1026/1026 1027/1027/1027 
f 1026/1026/1026 1028/1028/1028 1029/1029/1029 
f 1030/1030/1030 1029/1029/1029 1028/1028/1028 
f 1030/1030/1030 1032/1032/1032 1031/1031/1031 
f 1033/1033/1033 943/943/943 937/937/937 
f 943/943/943 1033/1033/1033 1034/1034/1034 
f 943/943/943 1034/1034/1034 1010/1010/1010 
f 1010/1010/1010 1034/1034/1034 1035/1035/1035 
f 1034/1034/1034 1036/1036/1036 1035/1035/1035 
f 1037/1037/1037 1034/1034/1034 1033/1033/1033 
f 1033/1033/1033 1038/1038/1038 1037/1037/1037 
f 1038/1038/1038 1039/1039/1039 1037/1037/1037 
f 1039/1039/1039 1038/1038/1038 1041/1041/1041 
f 1039/1039/1039 1042/1042/1042 1040/1040/1040 
f 1043/1043/1043 1039/1039/1039 1041/1041/1041 
f 1039/1039/1039 1043/1043/1043 1044/1044/1044 
f 1045/1045/1045 1042/1042/1042 1044/1044/1044 
f 1046/1046/1046 1044/1044/1044 1043/1043/1043 
f 1044/1044/1044 1046/1046/1046 1045/1045/1045 
f 1043/1043/1043 1047/1047/1047 1046/1046/1046 
f 1048/1048/1048 1045/1045/1045 1046/1046/1046 
f 1049/1049/1049 1046/1046/1046 1047/1047/1047 
f 1046/1046/1046 1049/1049/1049 1048/1048/1048 
f 1047/1047/1047 1050/1050/1050 1049/1049/1049 
f 1051/1051/1051 1048/1048/1048 1049/1049/1049 
f 1052/1052/1052 1049/1049/1049 1050/1050/1050 
f 1049/1049/1049 1052/1052/1052 1053/1053/1053 
f 1053/1053/1053 1054/1054/1054 1051/1051/1051 
f 1052/1052/1052 1054/1054/1054 1053/1053/1053 

