# This file is brought to you by Roblox Corporation
# Generated by Roblox Studio

mtllib Minigun.mtl

g Meshpart1

v -339.614 4.78497 0.350731 
v -340.126 4.78497 0.350731 
v -339.614 4.53431 0.350731 
v -340.126 4.53431 0.350731 
v -339.975 5.16674 -0.0231653 
v -339.765 4.71863 -0.0231653 
v -339.765 5.16674 -0.0231653 
v -339.975 4.71863 -0.0231653 
v -339.765 5.62106 -0.189159 
v -339.975 5.62106 -0.189159 
v -339.709 5.69909 -0.195855 
v -339.975 5.64561 -0.156121 
v -339.765 5.64561 -0.156121 
v -340.031 5.69909 -0.195855 
v -339.709 5.90706 -0.350365 
v -340.031 5.90706 -0.350365 
v -339.994 5.95402 -0.385253 
v -339.746 5.95402 -0.385253 
v -340.077 4.71869 -0.243699 
v -339.664 3.93665 -0.243699 
v -339.664 4.71869 -0.243699 
v -340.077 3.93665 -0.243699 
v -340.035 3.85372 -0.243699 
v -339.705 3.85372 -0.243699 
v -339.87 4.97223 -4.02529 
v -341.444 3.44214 -1.60505 
v -339.96 3.45679 -1.60505 
v -341.485 3.09848 -1.46138 
v -340.818 2.71639 -1.46138 
v -340.818 2.71639 -1.60505 
v -341.164 2.72612 -1.46138 
v -340.585 4.18253 -3.14773 
v -341.444 3.44214 -3.14773 
v -339.96 3.45679 -3.14773 
v -341.485 3.09848 -3.00406 
v -340.818 2.71639 -3.00406 
v -340.818 2.71639 -3.14773 
v -341.164 2.72612 -3.00406 
v -339.171 5.07317 -3.61525 
v -339.082 5.05762 -3.52575 
v -339.108 5.06218 -3.46246 
v -339.026 5.64476 -3.58978 
v -339.026 5.5307 -3.46209 
v -339.171 5.07317 -3.43625 
v -339.088 5.54357 -3.43624 
v -339.233 5.08416 -3.46246 
v -339.026 5.64476 -3.46171 
v -339.15 5.55635 -3.46272 
v -339.089 5.63209 -3.43621 
v -339.15 5.61951 -3.46328 
v -339.17 5.66618 -3.46343 
v -339.119 5.70297 -3.4362 
v -339.209 5.70027 -3.46321 
v -339.067 5.74078 -3.46166 
v -339.178 5.75434 -3.43621 
v -339.146 5.80983 -3.46174 
v -339.271 5.72184 -3.46271 
v -339.312 3.56198 -1.09554 
v -340.428 3.56198 -1.09554 
v -339.87 3.33104 -1.09554 
v -340.659 4.11953 -1.09554 
v -339.082 4.11953 -1.09554 
v -339.312 4.67708 -1.09554 
v -340.428 4.67708 -1.09554 
v -339.87 4.90803 -1.09554 
v -340.516 4.73606 -3.75619 
v -339.224 4.73606 -3.75619 
v -338.631 4.97604 -3.60785 
v -341.109 4.97604 -3.60785 
v -340.428 3.56198 -1.09554 
v -340.803 4.11953 -1.38071 
v -339.87 3.18665 -1.38071 
v -339.87 3.33104 -1.09554 
v -340.428 4.67708 -1.09554 
v -339.21 3.45988 -1.38071 
v -338.937 4.11953 -1.38071 
v -339.87 4.90803 -1.09554 
v -339.21 4.77918 -1.38071 
v -339.87 3.45873 -3.46306 
v -339.87 4.78034 -3.46306 
v -338.296 3.44214 -1.46138 
v -338.922 2.71639 -1.46138 
v -338.576 2.72612 -1.46138 
v -338.255 3.09848 -1.46138 
v -339.781 3.45679 -1.46138 
v -339.155 4.18253 -1.46138 
v -340.818 2.71639 -1.46138 
v -339.96 3.45679 -1.46138 
v -341.444 3.44214 -1.46138 
v -340.585 4.18253 -1.46138 
v -341.164 2.72612 -1.46138 
v -341.485 3.09848 -1.46138 
v -339.781 3.45679 -3.14773 
v -338.296 3.44214 -3.14773 
v -338.922 2.71639 -3.14773 
v -339.155 4.18253 -3.14773 
v -338.255 3.09848 -3.14773 
v -340.816 5.12115 -3.59791 
v -339.71 5.12115 -1.21366 
v -340.053 4.78497 -0.992253 
v -338.296 3.44214 -3.00406 
v -338.922 2.71639 -3.00406 
v -338.576 2.72612 -3.00406 
v -338.255 3.09848 -3.00406 
v -339.781 3.45679 -3.00406 
v -339.155 4.18253 -3.00406 
v -340.818 2.71639 -3.00406 
v -339.96 3.45679 -3.00406 
v -341.444 3.44214 -3.00406 
v -340.585 4.18253 -3.00406 
v -341.164 2.72612 -3.00406 
v -341.485 3.09848 -3.00406 
v -338.296 3.44214 -1.60505 
v -341.109 4.97604 -3.30063 
v -340.516 4.97604 -3.30063 
v -340.516 5.12433 -3.30063 
v -341.109 5.12433 -3.30063 
v -339.224 4.97604 -3.30063 
v -338.631 4.97604 -3.30063 
v -338.631 5.12433 -3.30063 
v -339.224 5.12433 -3.30063 
v -340.378 4.97604 -3.50067 
v -339.362 4.97604 -3.50067 
v -339.362 5.12433 -3.50067 
v -340.378 5.12433 -3.50067 
v -338.631 4.97604 -3.60785 
v -339.293 4.73606 -3.60785 
v -338.631 4.73606 -3.60785 
v -339.87 4.83109 -3.60785 
v -341.109 4.97604 -3.60785 
v -340.447 4.73606 -3.60785 
v -341.109 4.73606 -3.60785 
v -339.262 5.78418 -3.43624 
v -340.469 5.72184 -3.46271 
v -339.253 5.84713 -3.46212 
v -340.478 5.78418 -3.43624 
v -340.488 5.84713 -3.46212 
v -340.594 5.80983 -3.46174 
v -340.562 5.75434 -3.43621 
v -340.531 5.70027 -3.46321 
v -340.57 5.66618 -3.46343 
v -340.621 5.70297 -3.4362 
v -340.673 5.74078 -3.46166 
v -340.741 5.65007 -3.52575 
v -340.59 5.61951 -3.46328 
v -340.57 5.07317 -3.61525 
v -340.59 5.55635 -3.46272 
v -340.507 5.08416 -3.46246 
v -340.632 5.06218 -3.58903 
v -340.632 5.06218 -3.46246 
v -340.714 5.5307 -3.46209 
v -340.57 5.07317 -3.43625 
v -340.714 5.64476 -3.46171 
v -340.652 5.54357 -3.43624 
v -340.651 5.63209 -3.43621 
v -340.126 4.78497 0.350731 
v -339.614 4.53431 0.350731 
v -339.267 3.51658 -4.02529 
v -339.87 3.26683 -4.02529 
v -340.473 3.51658 -4.02529 
v -339.87 4.97223 -4.02529 
v -340.473 4.72248 -4.02529 
v -340.53 4.77918 -3.72618 
v -339.87 5.05242 -3.72618 
v -339.87 4.97223 -4.02529 
v -339.267 4.72248 -4.02529 
v -339.21 4.77918 -3.72618 
v -340.585 4.18253 -1.60505 
v -341.444 3.44214 -1.60505 
v -340.585 4.18253 -1.46138 
v -341.444 3.44214 -1.46138 
v -340.585 4.18253 -3.14773 
v -341.444 3.44214 -3.14773 
v -340.585 4.18253 -3.00406 
v -339.96 3.45679 -3.14773 
v -341.444 3.44214 -3.00406 
v -339.171 5.07317 -3.61525 
v -339.082 5.05762 -3.52575 
v -339.108 5.06218 -3.46246 
v -339.067 5.74078 -3.46166 
v -339.146 5.80983 -3.46174 
v -339.045 5.75666 -3.52575 
v -339.067 5.74078 -3.58983 
v -339.132 5.83315 -3.52575 
v -339.146 5.80983 -3.58975 
v -339.249 5.87342 -3.52575 
v -339.253 5.84713 -3.58937 
v -340.492 5.87342 -3.52575 
v -340.488 5.84713 -3.58937 
v -340.594 5.80983 -3.58975 
v -339.312 3.56198 -1.09554 
v -339.312 4.67708 -1.09554 
v -340.428 4.67708 -1.09554 
v -341.109 5.12433 -3.75619 
v -340.516 4.73606 -3.75619 
v -338.631 5.12433 -3.75619 
v -339.224 4.73606 -3.75619 
v -338.631 5.12433 -3.30063 
v -338.631 4.97604 -3.60785 
v -341.109 4.97604 -3.60785 
v -339.87 3.18665 -1.38071 
v -340.428 4.67708 -1.09554 
v -340.53 4.77918 -1.38071 
v -339.87 5.05242 -1.38071 
v -338.937 4.11953 -1.38071 
v -339.87 4.90803 -1.09554 
v -339.082 4.11953 -1.09554 
v -339.312 4.67708 -1.09554 
v -339.21 4.77918 -1.38071 
v -340.337 3.65227 -3.46306 
v -339.403 3.65227 -3.46306 
v -338.296 3.44214 -1.46138 
v -338.922 2.71639 -3.14773 
v -339.155 4.18253 -3.14773 
v -339.87 4.28652 -0.911847 
v -339.988 4.23761 0.146133 
v -339.87 4.28652 0.146133 
v -339.988 4.23761 -0.911847 
v -339.752 4.23761 -0.911847 
v -339.752 4.23761 0.146133 
v -340.53 4.77918 -3.72618 
v -340.53 4.77918 -1.38071 
v -339.21 4.77918 -1.38071 
v -339.87 5.05242 -3.72618 
v -339.21 4.77918 -3.72618 
v -339.87 5.05242 -1.38071 
v -340.03 5.22979 -1.14065 
v -340.03 4.67866 -0.543563 
v -339.71 5.22979 -1.14065 
v -339.71 4.67866 -0.543563 
v -340.03 5.22979 -1.85563 
v -339.71 5.22979 -1.85563 
v -339.87 5.22979 -1.93653 
v -338.98 5.22979 -3.46989 
v -340.76 5.22979 -3.46989 
v -338.82 5.22979 -3.39943 
v -338.764 5.12115 -3.52745 
v -338.924 5.12115 -3.59791 
v -340.92 5.22979 -3.39943 
v -340.976 5.12115 -3.52745 
v -340.816 5.12115 -3.59791 
v -338.631 5.12433 -3.75619 
v -341.109 5.12433 -3.75619 
v -340.378 5.12433 -3.50067 
v -340.516 5.12433 -3.30063 
v -341.109 5.12433 -3.30063 
v -339.362 5.12433 -3.50067 
v -339.224 5.12433 -3.30063 
v -338.631 5.12433 -3.30063 
v -339.71 5.12115 -1.21366 
v -340.053 4.78497 -0.992253 
v -339.687 4.78497 -0.737685 
v -339.614 4.78497 0.350731 
v -339.614 4.78497 -0.607767 
v -340.126 4.78497 -0.607767 
v -340.126 4.78497 0.350731 
v -339.687 4.78497 -0.737685 
v -340.053 4.78497 -0.737685 
v -339.687 4.78497 -0.992253 
v -340.053 4.78497 -0.992253 
v -339.87 5.12115 -1.93653 
v -340.337 3.65227 -4.02529 
v -340.337 3.65227 -3.46306 
v -339.87 3.45873 -4.02529 
v -339.87 3.45873 -3.46306 
v -339.403 3.65227 -4.02529 
v -339.403 3.65227 -3.46306 
v -339.664 4.71869 -0.243699 
v -339.664 4.71869 -0.422535 
v -340.077 4.71869 -0.422535 
v -340.077 4.71869 -0.243699 
v -338.296 3.44214 -1.60505 
v -339.994 5.65185 -0.758981 
v -339.994 5.6764 -0.725943 
v -339.746 5.65185 -0.758981 
v -339.994 5.92947 -0.418291 
v -339.994 5.95402 -0.385253 
v -339.746 5.92947 -0.418291 
v -339.746 5.95402 -0.385253 
v -339.746 5.6764 -0.725943 
v -339.253 5.84713 -3.46212 
v -340.488 5.84713 -3.46212 
v -340.594 5.80983 -3.46174 
v -340.608 5.83315 -3.52575 
v -340.673 5.74078 -3.46166 
v -340.695 5.75666 -3.52575 
v -340.673 5.74078 -3.58983 
v -340.632 5.06218 -3.58903 
v -340.632 5.06218 -3.46246 
v -339.155 4.18253 -1.46138 
v -338.296 3.44214 -1.46138 
v -338.296 3.44214 -1.60505 
v -339.155 4.18253 -1.60505 
v -339.155 4.18253 -3.00406 
v -338.296 3.44214 -3.00406 
v -338.296 3.44214 -3.14773 
v -339.155 4.18253 -3.14773 
v -340.126 4.78497 0.350731 
v -339.994 5.95402 -0.385253 
v -339.267 3.51658 -4.02529 
v -340.473 3.51658 -4.02529 
v -339.017 4.11953 -4.02529 
v -340.723 4.11953 -4.02529 
v -340.53 3.45988 -3.72618 
v -340.803 4.11953 -3.72618 
v -340.473 3.51658 -4.02529 
v -340.723 4.11953 -4.02529 
v -340.473 4.72248 -4.02529 
v -340.53 4.77918 -3.72618 
v -340.585 4.18253 -1.60505 
v -341.444 3.44214 -1.60505 
v -340.585 4.18253 -1.46138 
v -341.444 3.44214 -1.46138 
v -341.485 3.09848 -1.46138 
v -341.485 3.09848 -1.60505 
v -341.164 2.72612 -1.46138 
v -341.164 2.72612 -1.60505 
v -340.585 4.18253 -3.14773 
v -341.444 3.44214 -3.14773 
v -340.585 4.18253 -3.00406 
v -341.444 3.44214 -3.00406 
v -341.485 3.09848 -3.00406 
v -341.485 3.09848 -3.14773 
v -341.164 2.72612 -3.00406 
v -341.164 2.72612 -3.14773 
v -339.15 5.55635 -3.58877 
v -339.233 5.08416 -3.58903 
v -339.259 5.08871 -3.52575 
v -339.175 5.56159 -3.52575 
v -339.233 5.08416 -3.46246 
v -339.15 5.55635 -3.46272 
v -339.15 5.61951 -3.46328 
v -339.175 5.61425 -3.52575 
v -339.15 5.61951 -3.58821 
v -339.19 5.6514 -3.52575 
v -339.17 5.66618 -3.58806 
v -339.17 5.66618 -3.46343 
v -339.312 3.56198 -1.09554 
v -340.428 3.56198 -1.09554 
v -340.428 4.67708 -1.09554 
v -340.516 4.73606 -3.75619 
v -341.109 5.12433 -3.30063 
v -341.109 4.97604 -3.60785 
v -341.109 4.97604 -3.30063 
v -341.109 5.12433 -3.75619 
v -341.109 4.73606 -3.75619 
v -341.109 4.73606 -3.60785 
v -340.428 3.56198 -1.09554 
v -340.803 4.11953 -1.38071 
v -340.53 3.45988 -1.38071 
v -339.87 3.18665 -1.38071 
v -340.659 4.11953 -1.09554 
v -340.428 4.67708 -1.09554 
v -340.53 4.77918 -1.38071 
v -339.87 3.45873 -3.46306 
v -339.403 3.65227 -3.46306 
v -338.922 2.71639 -3.14773 
v -339.155 4.18253 -3.14773 
v -339.87 4.28652 -0.911847 
v -339.988 4.23761 0.146133 
v -339.87 4.28652 0.146133 
v -339.988 4.23761 -0.911847 
v -340.037 4.11953 0.146133 
v -340.037 4.11953 -0.911847 
v -339.988 4.00145 0.146133 
v -339.988 4.00145 -0.911847 
v -339.87 3.95254 0.146133 
v -339.87 3.95254 -0.911847 
v -340.53 3.45988 -3.72618 
v -340.53 3.45988 -1.38071 
v -340.803 4.11953 -3.72618 
v -340.803 4.11953 -1.38071 
v -340.53 4.77918 -3.72618 
v -340.53 4.77918 -1.38071 
v -340.92 5.12115 -3.39943 
v -340.03 5.12115 -1.85563 
v -340.03 5.22979 -1.85563 
v -340.92 5.22979 -3.39943 
v -340.976 5.12115 -3.52745 
v -340.816 5.12115 -3.59791 
v -340.03 5.22979 -1.85563 
v -340.03 5.12115 -1.21366 
v -340.03 5.22979 -1.14065 
v -340.03 5.12115 -1.85563 
v -340.03 4.59857 -0.648417 
v -340.03 4.67866 -0.543563 
v -339.71 5.12115 -1.21366 
v -340.126 4.53431 -0.607767 
v -340.126 4.53431 0.350731 
v -340.126 4.78497 0.350731 
v -340.126 4.78497 -0.607767 
v -340.053 4.78497 -0.737685 
v -340.053 4.53431 -0.737685 
v -340.053 4.78497 -0.992253 
v -340.053 4.53431 -0.992253 
v -339.687 4.78497 -0.737685 
v -339.87 5.22979 -1.93653 
v -338.98 5.22979 -3.46989 
v -339.87 5.12115 -1.93653 
v -338.98 5.12115 -3.46989 
v -338.924 5.12115 -3.59791 
v -339.403 4.58679 -3.46306 
v -339.403 4.58679 -4.02529 
v -339.209 4.11953 -3.46306 
v -339.403 3.65227 -4.02529 
v -339.209 4.11953 -4.02529 
v -339.403 3.65227 -3.46306 
v -340.077 4.71869 -0.422535 
v -340.077 4.71869 -0.243699 
v -340.077 3.93665 -0.243699 
v -340.077 3.93665 -0.422535 
v -340.035 3.85372 -0.243699 
v -340.035 3.85372 -0.422535 
v -338.296 3.44214 -1.60505 
v -339.975 4.71863 -0.421531 
v -339.975 4.71863 -0.0231653 
v -339.975 5.16674 -0.421531 
v -339.975 5.16674 -0.0231653 
v -339.975 5.62106 -0.189159 
v -339.975 5.36799 -0.496811 
v -340.031 5.39693 -0.569583 
v -339.975 5.34344 -0.529847 
v -340.031 5.42147 -0.536545 
v -340.031 5.67454 -0.228893 
v -340.031 5.62944 -0.691055 
v -339.975 5.64561 -0.156121 
v -340.031 5.69909 -0.195855 
v -340.031 5.6049 -0.724093 
v -340.031 5.90706 -0.350365 
v -339.994 5.65185 -0.758981 
v -340.031 5.88251 -0.383403 
v -339.994 5.6764 -0.725943 
v -339.994 5.92947 -0.418291 
v -339.994 5.95402 -0.385253 
v -339.765 5.16674 -0.421531 
v -339.224 4.97604 -3.30063 
v -339.362 5.12433 -3.50067 
v -339.362 4.97604 -3.50067 
v -339.224 5.12433 -3.30063 
v -340.673 5.74078 -3.46166 
v -340.695 5.75666 -3.52575 
v -340.673 5.74078 -3.58983 
v -340.741 5.65007 -3.52575 
v -340.714 5.64476 -3.58978 
v -340.714 5.5307 -3.5894 
v -340.632 5.06218 -3.58903 
v -340.74 5.52537 -3.52575 
v -340.658 5.05762 -3.52575 
v -340.632 5.06218 -3.46246 
v -340.714 5.5307 -3.46209 
v -340.714 5.64476 -3.46171 
v -339.155 4.18253 -1.46138 
v -339.155 4.18253 -1.60505 
v -339.781 3.45679 -1.60505 
v -339.781 3.45679 -1.46138 
v -339.155 4.18253 -3.00406 
v -339.155 4.18253 -3.14773 
v -339.781 3.45679 -3.14773 
v -339.781 3.45679 -3.00406 
v -339.267 3.51658 -4.02529 
v -339.87 3.26683 -4.02529 
v -339.87 3.45873 -4.02529 
v -340.473 3.51658 -4.02529 
v -339.403 3.65227 -4.02529 
v -340.337 3.65227 -4.02529 
v -339.017 4.11953 -4.02529 
v -340.723 4.11953 -4.02529 
v -339.209 4.11953 -4.02529 
v -340.531 4.11953 -4.02529 
v -339.403 4.58679 -4.02529 
v -340.337 4.58679 -4.02529 
v -339.267 4.72248 -4.02529 
v -340.473 4.72248 -4.02529 
v -339.87 4.78034 -4.02529 
v -339.87 4.97223 -4.02529 
v -340.803 4.11953 -3.72618 
v -338.937 4.11953 -3.72618 
v -341.444 3.44214 -1.60505 
v -341.485 3.09848 -1.46138 
v -340.818 2.71639 -1.46138 
v -341.485 3.09848 -1.60505 
v -340.818 2.71639 -1.60505 
v -341.164 2.72612 -1.46138 
v -340.585 4.18253 -3.14773 
v -341.444 3.44214 -3.14773 
v -339.96 3.45679 -3.14773 
v -341.485 3.09848 -3.00406 
v -340.818 2.71639 -3.00406 
v -341.485 3.09848 -3.14773 
v -340.818 2.71639 -3.14773 
v -341.164 2.72612 -3.00406 
v -339.15 5.55635 -3.58877 
v -339.233 5.08416 -3.58903 
v -339.088 5.54357 -3.61525 
v -339.171 5.07317 -3.61525 
v -339.026 5.5307 -3.5894 
v -339.108 5.06218 -3.58903 
v -339.089 5.63209 -3.61529 
v -339.082 5.05762 -3.52575 
v -339.108 5.06218 -3.46246 
v -339.026 5.64476 -3.58978 
v -339.15 5.61951 -3.58821 
v -339.17 5.66618 -3.58806 
v -339.119 5.70297 -3.61529 
v -339.067 5.74078 -3.58983 
v -339.146 5.80983 -3.58975 
v -339.178 5.75434 -3.61528 
v -339.209 5.70027 -3.58828 
v -339.262 5.78418 -3.61525 
v -339.271 5.72184 -3.58879 
v -339.253 5.84713 -3.58937 
v -340.478 5.78418 -3.61525 
v -340.488 5.84713 -3.58937 
v -340.594 5.80983 -3.58975 
v -339.312 3.56198 -1.09554 
v -341.109 5.12433 -3.75619 
v -339.87 4.83109 -3.75619 
v -340.516 4.73606 -3.75619 
v -341.109 4.73606 -3.75619 
v -338.631 5.12433 -3.75619 
v -339.224 4.73606 -3.75619 
v -338.631 4.73606 -3.75619 
v -338.631 4.97604 -3.60785 
v -341.109 4.97604 -3.60785 
v -340.803 4.11953 -1.38071 
v -339.87 3.18665 -1.38071 
v -338.937 4.11953 -1.38071 
v -339.87 3.45873 -3.46306 
v -340.531 4.11953 -3.46306 
v -339.209 4.11953 -3.46306 
v -340.337 3.65227 -3.46306 
v -339.403 3.65227 -3.46306 
v -339.87 4.78034 -3.46306 
v -339.403 4.58679 -3.46306 
v -340.337 4.58679 -3.46306 
v -338.296 3.44214 -1.46138 
v -338.922 2.71639 -1.46138 
v -338.255 3.09848 -1.46138 
v -339.781 3.45679 -3.14773 
v -338.296 3.44214 -3.14773 
v -338.922 2.71639 -3.14773 
v -339.155 4.18253 -3.14773 
v -338.576 2.72612 -3.14773 
v -338.255 3.09848 -3.14773 
v -341.444 3.44214 -3.14773 
v -341.164 2.72612 -3.14773 
v -341.485 3.09848 -3.14773 
v -340.818 2.71639 -3.14773 
v -339.96 3.45679 -3.14773 
v -340.585 4.18253 -3.14773 
v -340.816 5.12115 -3.59791 
v -340.053 4.78497 -0.992253 
v -339.87 5.22979 -1.93653 
v -339.87 5.12115 -1.93653 
v -340.03 5.12115 -1.85563 
v -340.03 5.22979 -1.85563 
v -339.71 5.22979 -1.85563 
v -339.71 5.12115 -1.85563 
v -339.87 5.22979 -1.93653 
v -339.87 5.12115 -1.93653 
v -339.781 3.45679 -1.60505 
v -338.296 3.44214 -1.60505 
v -338.922 2.71639 -1.60505 
v -339.155 4.18253 -1.60505 
v -338.576 2.72612 -1.60505 
v -338.255 3.09848 -1.60505 
v -341.444 3.44214 -1.60505 
v -341.164 2.72612 -1.60505 
v -341.485 3.09848 -1.60505 
v -340.818 2.71639 -1.60505 
v -339.96 3.45679 -1.60505 
v -340.585 4.18253 -1.60505 
v -339.253 5.84713 -3.46212 
v -340.594 5.80983 -3.46174 
v -340.469 5.72184 -3.58879 
v -340.562 5.75434 -3.61528 
v -340.531 5.70027 -3.58828 
v -340.57 5.66618 -3.58806 
v -340.621 5.70297 -3.61529 
v -340.673 5.74078 -3.58983 
v -340.741 5.65007 -3.52575 
v -340.714 5.64476 -3.58978 
v -340.651 5.63209 -3.61529 
v -340.59 5.61951 -3.58821 
v -340.652 5.54357 -3.61525 
v -340.59 5.55635 -3.58877 
v -340.507 5.08416 -3.58903 
v -340.57 5.07317 -3.61525 
v -340.714 5.5307 -3.5894 
v -340.632 5.06218 -3.58903 
v -340.632 5.06218 -3.46246 
v -339.687 4.78497 -0.992253 
v -339.687 4.53431 -0.992253 
v -340.053 4.53431 -0.992253 
v -340.053 4.78497 -0.992253 
v -338.255 3.09848 -1.60505 
v -338.576 2.72612 -1.46138 
v -338.922 2.71639 -1.60505 
v -338.255 3.09848 -3.14773 
v -338.576 2.72612 -3.00406 
v -338.922 2.71639 -3.14773 
v -340.031 5.39693 -0.569583 
v -339.709 5.39693 -0.569583 
v -339.765 5.34344 -0.529847 
v -339.975 5.34344 -0.529847 
v -340.031 5.6049 -0.724093 
v -339.709 5.6049 -0.724093 
v -339.746 5.65185 -0.758981 
v -339.994 5.65185 -0.758981 
v -340.077 3.93665 -0.422535 
v -339.664 3.93665 -0.422535 
v -339.705 3.85372 -0.422535 
v -340.035 3.85372 -0.422535 
v -339.664 4.71869 -0.422535 
v -340.077 4.71869 -0.422535 
v -339.765 5.16674 -0.421531 
v -339.765 4.71863 -0.421531 
v -339.975 4.71863 -0.421531 
v -339.975 5.16674 -0.421531 
v -339.975 5.36799 -0.496811 
v -339.765 5.36799 -0.496811 
v -340.126 4.78497 0.350731 
v -339.614 4.53431 0.350731 
v -339.267 3.51658 -4.02529 
v -339.87 3.26683 -4.02529 
v -340.473 3.51658 -4.02529 
v -339.017 4.11953 -4.02529 
v -340.723 4.11953 -4.02529 
v -339.87 4.97223 -4.02529 
v -340.53 3.45988 -3.72618 
v -340.803 4.11953 -3.72618 
v -340.473 3.51658 -4.02529 
v -339.87 3.18665 -3.72618 
v -339.87 3.26683 -4.02529 
v -339.267 3.51658 -4.02529 
v -339.21 3.45988 -3.72618 
v -338.937 4.11953 -3.72618 
v -339.96 3.45679 -1.60505 
v -339.96 3.45679 -1.46138 
v -340.818 2.71639 -1.46138 
v -340.818 2.71639 -1.60505 
v -341.164 2.72612 -1.46138 
v -341.164 2.72612 -1.60505 
v -340.585 4.18253 -3.14773 
v -339.96 3.45679 -3.14773 
v -339.96 3.45679 -3.00406 
v -340.818 2.71639 -3.00406 
v -340.818 2.71639 -3.14773 
v -341.164 2.72612 -3.00406 
v -341.164 2.72612 -3.14773 
v -339.171 5.07317 -3.61525 
v -339.108 5.06218 -3.46246 
v -339.19 5.6514 -3.52575 
v -339.17 5.66618 -3.58806 
v -339.17 5.66618 -3.46343 
v -339.209 5.70027 -3.46321 
v -339.209 5.70027 -3.58828 
v -339.222 5.67839 -3.52575 
v -339.271 5.72184 -3.58879 
v -339.275 5.69612 -3.52575 
v -339.271 5.72184 -3.46271 
v -339.312 3.56198 -1.09554 
v -340.428 3.56198 -1.09554 
v -339.87 3.33104 -1.09554 
v -339.312 4.67708 -1.09554 
v -340.428 4.67708 -1.09554 
v -341.109 5.12433 -3.75619 
v -340.516 4.73606 -3.75619 
v -338.631 5.12433 -3.75619 
v -339.224 4.73606 -3.75619 
v -338.631 5.12433 -3.30063 
v -338.631 4.97604 -3.60785 
v -341.109 4.97604 -3.60785 
v -340.428 3.56198 -1.09554 
v -340.803 4.11953 -1.38071 
v -340.53 3.45988 -1.38071 
v -339.87 3.18665 -1.38071 
v -339.87 3.33104 -1.09554 
v -339.312 3.56198 -1.09554 
v -339.21 3.45988 -1.38071 
v -339.87 3.45873 -3.46306 
v -339.87 4.78034 -3.46306 
v -338.296 3.44214 -1.46138 
v -339.975 5.34344 -0.529847 
v -339.765 5.34344 -0.529847 
v -339.765 5.36799 -0.496811 
v -339.975 5.36799 -0.496811 
v -339.155 4.18253 -3.14773 
v -339.765 5.64561 -0.156121 
v -339.975 5.62106 -0.189159 
v -339.765 5.62106 -0.189159 
v -339.975 5.64561 -0.156121 
v -339.87 4.28652 -0.911847 
v -339.988 4.00145 0.146133 
v -339.988 4.00145 -0.911847 
v -339.752 4.00145 -0.911847 
v -339.87 3.95254 0.146133 
v -339.752 4.00145 0.146133 
v -339.87 3.95254 -0.911847 
v -339.87 3.18665 -1.38071 
v -340.53 3.45988 -3.72618 
v -339.87 3.18665 -3.72618 
v -340.53 3.45988 -1.38071 
v -339.21 3.45988 -1.38071 
v -339.21 3.45988 -3.72618 
v -339.224 5.12433 -3.30063 
v -339.614 4.53431 -0.607767 
v -339.614 4.53431 0.350731 
v -340.126 4.53431 0.350731 
v -340.126 4.53431 -0.607767 
v -340.053 4.53431 -0.737685 
v -339.687 4.53431 -0.737685 
v -340.053 4.53431 -0.992253 
v -339.687 4.53431 -0.992253 
v -339.71 5.12115 -1.21366 
v -339.687 4.78497 -0.737685 
v -340.516 4.73606 -3.75619 
v -341.109 4.73606 -3.60785 
v -341.109 4.73606 -3.75619 
v -340.447 4.73606 -3.60785 
v -338.631 4.73606 -3.60785 
v -339.224 4.73606 -3.75619 
v -338.631 4.73606 -3.75619 
v -339.293 4.73606 -3.60785 
v -339.293 4.73606 -3.60785 
v -339.87 4.83109 -3.75619 
v -339.224 4.73606 -3.75619 
v -339.87 4.83109 -3.60785 
v -339.87 4.83109 -3.75619 
v -340.447 4.73606 -3.60785 
v -340.516 4.73606 -3.75619 
v -339.87 4.83109 -3.60785 
v -338.631 4.97604 -3.60785 
v -339.224 4.97604 -3.30063 
v -339.362 4.97604 -3.50067 
v -338.631 4.97604 -3.30063 
v -341.109 4.97604 -3.60785 
v -340.378 4.97604 -3.50067 
v -340.516 4.97604 -3.30063 
v -341.109 4.97604 -3.30063 
v -339.71 5.12115 -1.21366 
v -339.71 4.59857 -0.648417 
v -340.03 4.59857 -0.648417 
v -340.03 5.12115 -1.21366 
v -339.71 5.12115 -1.85563 
v -340.03 5.12115 -1.85563 
v -339.87 5.12115 -1.93653 
v -340.76 5.12115 -3.46989 
v -338.98 5.12115 -3.46989 
v -340.92 5.12115 -3.39943 
v -340.976 5.12115 -3.52745 
v -340.816 5.12115 -3.59791 
v -338.82 5.12115 -3.39943 
v -338.764 5.12115 -3.52745 
v -338.924 5.12115 -3.59791 
v -340.337 4.58679 -3.46306 
v -340.337 4.58679 -4.02529 
v -339.87 4.78034 -3.46306 
v -339.87 4.78034 -4.02529 
v -339.403 4.58679 -3.46306 
v -339.403 4.58679 -4.02529 
v -339.705 3.85372 -0.243699 
v -339.705 3.85372 -0.422535 
v -340.035 3.85372 -0.243699 
v -340.035 3.85372 -0.422535 
v -338.296 3.44214 -1.60505 
v -340.465 5.69612 -3.52575 
v -340.469 5.72184 -3.46271 
v -340.531 5.70027 -3.46321 
v -340.518 5.67839 -3.52575 
v -340.57 5.66618 -3.46343 
v -340.469 5.72184 -3.58879 
v -340.531 5.70027 -3.58828 
v -340.55 5.6514 -3.52575 
v -340.57 5.66618 -3.58806 
v -340.632 5.06218 -3.46246 
v -339.781 3.45679 -1.60505 
v -338.576 2.72612 -1.46138 
v -339.781 3.45679 -1.46138 
v -338.576 2.72612 -1.60505 
v -338.922 2.71639 -1.46138 
v -338.922 2.71639 -1.60505 
v -339.781 3.45679 -3.14773 
v -338.576 2.72612 -3.00406 
v -339.781 3.45679 -3.00406 
v -338.576 2.72612 -3.14773 
v -338.922 2.71639 -3.00406 
v -338.922 2.71639 -3.14773 
v -339.614 4.53431 0.350731 
v -339.994 5.95402 -0.385253 
v -339.267 3.51658 -4.02529 
v -340.473 3.51658 -4.02529 
v -339.017 4.11953 -4.02529 
v -340.723 4.11953 -4.02529 
v -339.267 3.51658 -4.02529 
v -339.21 3.45988 -3.72618 
v -338.937 4.11953 -3.72618 
v -339.017 4.11953 -4.02529 
v -339.267 4.72248 -4.02529 
v -339.21 4.77918 -3.72618 
v -340.585 4.18253 -1.60505 
v -340.585 4.18253 -1.46138 
v -339.96 3.45679 -1.60505 
v -339.96 3.45679 -1.46138 
v -340.585 4.18253 -3.14773 
v -340.585 4.18253 -3.00406 
v -339.96 3.45679 -3.14773 
v -339.96 3.45679 -3.00406 
v -339.171 5.07317 -3.61525 
v -339.026 5.5307 -3.5894 
v -339.108 5.06218 -3.58903 
v -339 5.52537 -3.52575 
v -339.082 5.05762 -3.52575 
v -339.108 5.06218 -3.46246 
v -339.026 5.64476 -3.58978 
v -338.999 5.65007 -3.52575 
v -339.026 5.5307 -3.46209 
v -339.026 5.64476 -3.46171 
v -339.067 5.74078 -3.46166 
v -339.045 5.75666 -3.52575 
v -339.067 5.74078 -3.58983 
v -339.312 3.56198 -1.09554 
v -339.312 4.67708 -1.09554 
v -339.224 4.73606 -3.75619 
v -338.631 5.12433 -3.30063 
v -338.631 4.97604 -3.60785 
v -338.631 5.12433 -3.75619 
v -338.631 4.97604 -3.30063 
v -338.631 4.73606 -3.75619 
v -338.631 4.73606 -3.60785 
v -339.87 3.33104 -1.09554 
v -339.312 3.56198 -1.09554 
v -339.21 3.45988 -1.38071 
v -338.937 4.11953 -1.38071 
v -339.082 4.11953 -1.09554 
v -339.312 4.67708 -1.09554 
v -339.21 4.77918 -1.38071 
v -340.337 3.65227 -3.46306 
v -338.922 2.71639 -3.14773 
v -339.87 4.28652 -0.911847 
v -339.87 4.28652 0.146133 
v -339.752 4.23761 -0.911847 
v -339.752 4.23761 0.146133 
v -339.703 4.11953 -0.911847 
v -339.703 4.11953 0.146133 
v -339.752 4.00145 -0.911847 
v -339.87 3.95254 0.146133 
v -339.752 4.00145 0.146133 
v -339.87 3.95254 -0.911847 
v -339.21 3.45988 -1.38071 
v -339.21 3.45988 -3.72618 
v -338.937 4.11953 -1.38071 
v -338.937 4.11953 -3.72618 
v -339.21 4.77918 -1.38071 
v -339.21 4.77918 -3.72618 
v -339.71 5.12115 -1.85563 
v -338.82 5.12115 -3.39943 
v -339.71 5.22979 -1.85563 
v -338.82 5.22979 -3.39943 
v -338.764 5.12115 -3.52745 
v -339.71 5.22979 -1.14065 
v -339.71 4.59857 -0.648417 
v -339.71 5.12115 -1.21366 
v -339.71 4.67866 -0.543563 
v -339.71 5.22979 -1.85563 
v -339.71 5.12115 -1.85563 
v -339.614 4.78497 -0.607767 
v -339.614 4.78497 0.350731 
v -339.614 4.53431 0.350731 
v -339.614 4.53431 -0.607767 
v -339.687 4.53431 -0.737685 
v -339.687 4.78497 -0.737685 
v -339.687 4.53431 -0.992253 
v -339.687 4.78497 -0.992253 
v -340.76 5.22979 -3.46989 
v -339.87 5.22979 -1.93653 
v -339.87 5.12115 -1.93653 
v -340.76 5.12115 -3.46989 
v -340.816 5.12115 -3.59791 
v -340.337 4.58679 -3.46306 
v -340.531 4.11953 -4.02529 
v -340.337 4.58679 -4.02529 
v -340.531 4.11953 -3.46306 
v -340.337 3.65227 -4.02529 
v -340.337 3.65227 -3.46306 
v -339.664 4.71869 -0.243699 
v -339.664 3.93665 -0.422535 
v -339.664 4.71869 -0.422535 
v -339.664 3.93665 -0.243699 
v -339.705 3.85372 -0.243699 
v -339.705 3.85372 -0.422535 
v -339.975 4.71863 -0.421531 
v -339.994 5.65185 -0.758981 
v -339.746 5.65185 -0.758981 
v -339.994 5.95402 -0.385253 
v -339.746 5.92947 -0.418291 
v -339.746 5.95402 -0.385253 
v -339.709 5.90706 -0.350365 
v -339.746 5.6764 -0.725943 
v -339.709 5.88251 -0.383403 
v -339.709 5.62944 -0.691055 
v -339.709 5.6049 -0.724093 
v -339.709 5.39693 -0.569583 
v -339.709 5.67454 -0.228893 
v -339.709 5.69909 -0.195855 
v -339.765 5.64561 -0.156121 
v -339.765 5.62106 -0.189159 
v -339.709 5.42147 -0.536545 
v -339.765 5.36799 -0.496811 
v -339.765 5.34344 -0.529847 
v -339.765 5.16674 -0.421531 
v -339.765 5.16674 -0.0231653 
v -339.765 4.71863 -0.421531 
v -339.765 4.71863 -0.0231653 
v -340.516 5.12433 -3.30063 
v -340.378 4.97604 -3.50067 
v -340.378 5.12433 -3.50067 
v -340.516 4.97604 -3.30063 
v -340.57 5.66618 -3.46343 
v -340.55 5.6514 -3.52575 
v -340.57 5.66618 -3.58806 
v -340.59 5.61951 -3.58821 
v -340.565 5.61425 -3.52575 
v -340.59 5.61951 -3.46328 
v -340.565 5.56159 -3.52575 
v -340.59 5.55635 -3.58877 
v -340.481 5.08871 -3.52575 
v -340.507 5.08416 -3.58903 
v -340.59 5.55635 -3.46272 
v -340.507 5.08416 -3.46246 
v -339.155 4.18253 -1.46138 
v -338.296 3.44214 -1.46138 
v -338.296 3.44214 -1.60505 
v -338.255 3.09848 -1.46138 
v -339.155 4.18253 -1.60505 
v -338.255 3.09848 -1.60505 
v -338.576 2.72612 -1.46138 
v -338.576 2.72612 -1.60505 
v -339.155 4.18253 -3.00406 
v -338.296 3.44214 -3.00406 
v -338.296 3.44214 -3.14773 
v -338.255 3.09848 -3.00406 
v -339.155 4.18253 -3.14773 
v -338.255 3.09848 -3.14773 
v -338.576 2.72612 -3.00406 
v -338.576 2.72612 -3.14773 

vn 0 0 1 
vn 0 0 1 
vn 0 0 1 
vn 0 0 1 
vn 0 0.173228 0.984252 
vn 0 0 1 
vn 0 0.173228 0.984252 
vn 0 0 1 
vn 0 0.346457 0.937008 
vn 0 0.346457 0.937008 
vn 0 0.598425 0.80315 
vn 0 0.598425 0.80315 
vn 0 0.598425 0.80315 
vn 0 0.598425 0.80315 
vn 0 0.598425 0.80315 
vn 0 0.598425 0.80315 
vn 0 0.598425 0.80315 
vn 0 0.598425 0.80315 
vn 0 0 1 
vn 0 0 1 
vn 0 0 1 
vn 0 0 1 
vn 0 0 1 
vn 0 0 1 
vn 0 0 -1 
vn -0.88189 0.472441 0 
vn 1 -0.0708661 0 
vn -0.952756 -0.291339 0 
vn 0.330709 -0.944882 0 
vn 0.330709 -0.944882 0 
vn -0.433071 -0.905512 0 
vn 0.0708661 1 0 
vn -0.88189 0.472441 0 
vn 1 -0.0708661 0 
vn -0.952756 -0.291339 0 
vn 0.330709 -0.944882 0 
vn 0.330709 -0.944882 0 
vn -0.433071 -0.905512 0 
vn 0 0 -1 
vn 0.984252 -0.173228 0 
vn 0.692913 -0.125984 0.708661 
vn 0.708661 0.141732 -0.692913 
vn 0.716535 -0.0629921 0.700787 
vn 0 0 1 
vn 0.015748 0 1 
vn -0.700787 0.125984 0.708661 
vn 0.708661 0.141732 0.692913 
vn -0.700787 0.0629921 0.716535 
vn 0.0314961 0.00787402 1 
vn -0.677165 -0.133858 0.724409 
vn -0.551181 -0.401575 0.724409 
vn 0.0314961 0.023622 1 
vn -0.346457 -0.598425 0.724409 
vn 0.590551 0.425197 0.685039 
vn 0.015748 0.0314961 1 
vn 0.362205 0.622047 0.692913 
vn -0.110236 -0.677165 0.724409 
vn 0 0 1 
vn 0 0 1 
vn 0 0 1 
vn 0 0 1 
vn 0 0 1 
vn 0 0 1 
vn 0 0 1 
vn 0 0 1 
vn 0 0 -1 
vn 0 0 -1 
vn 1 0 0 
vn -1 0 0 
vn -0.629921 -0.629921 0.448819 
vn -0.889764 0 0.448819 
vn 0 -0.889764 0.448819 
vn 0 -0.889764 0.448819 
vn -0.629921 0.629921 0.448819 
vn 0.629921 -0.629921 0.448819 
vn 0.889764 0 0.448819 
vn 0 0.889764 0.448819 
vn 0.629921 0.629921 0.448819 
vn 0 0 -1 
vn 0 0 -1 
vn 0 0 1 
vn 0 0 1 
vn 0 0 1 
vn 0 0 1 
vn 0 0 1 
vn 0 0 1 
vn 0 0 1 
vn 0 0 1 
vn 0 0 1 
vn 0 0 1 
vn 0 0 1 
vn 0 0 1 
vn 0 0 -1 
vn 0 0 -1 
vn 0 0 -1 
vn 0 0 -1 
vn 0 0 -1 
vn -0.244094 0.787402 -0.559055 
vn 1 0 0 
vn -1 0 0 
vn 0 0 1 
vn 0 0 1 
vn 0 0 1 
vn 0 0 1 
vn 0 0 1 
vn 0 0 1 
vn 0 0 1 
vn 0 0 1 
vn 0 0 1 
vn 0 0 1 
vn 0 0 1 
vn 0 0 1 
vn 0 0 -1 
vn 0 0 1 
vn 0 0 1 
vn 0 0 1 
vn 0 0 1 
vn 0 0 1 
vn 0 0 1 
vn 0 0 1 
vn 0 0 1 
vn 0 0 1 
vn 0 0 1 
vn 0 0 1 
vn 0 0 1 
vn 0 0 1 
vn 0 0 1 
vn 0 0 1 
vn 0 0 1 
vn 0 0 1 
vn 0 0 1 
vn 0 0 1 
vn 0.00787402 0.0314961 1 
vn 0.110236 -0.677165 0.724409 
vn 0.11811 0.716535 0.692913 
vn -0.00787402 0.0314961 1 
vn -0.11811 0.716535 0.692913 
vn -0.362205 0.622047 0.692913 
vn -0.015748 0.0314961 1 
vn 0.346457 -0.598425 0.724409 
vn 0.551181 -0.401575 0.724409 
vn -0.0314961 0.023622 1 
vn -0.590551 0.425197 0.685039 
vn -0.976378 0.204724 0 
vn 0.677165 -0.133858 0.724409 
vn 0 0 -1 
vn 0.700787 0.0629921 0.716535 
vn 0.700787 0.125984 0.708661 
vn -0.692913 -0.125984 -0.708661 
vn -0.692913 -0.125984 0.708661 
vn -0.716535 -0.0629921 0.700787 
vn 0 0 1 
vn -0.708661 0.141732 0.692913 
vn -0.015748 0 1 
vn -0.0314961 0.00787402 1 
vn 0 0 1 
vn 0 0 1 
vn 0 0 -1 
vn 0 0 -1 
vn 0 0 -1 
vn 0 0 -1 
vn -0.685039 0.685039 -0.259843 
vn -0.685039 0.685039 -0.259843 
vn 0 0.968504 -0.259843 
vn 0 0.968504 -0.259843 
vn 0.685039 0.685039 -0.259843 
vn 0.685039 0.685039 -0.259843 
vn 0.0708661 1 0 
vn -0.88189 0.472441 0 
vn 0.0708661 1 0 
vn -0.88189 0.472441 0 
vn 0.0708661 1 0 
vn -0.88189 0.472441 0 
vn 0.0708661 1 0 
vn 1 -0.0708661 0 
vn -0.88189 0.472441 0 
vn 0 0 -1 
vn 0.984252 -0.173228 0 
vn 0.692913 -0.125984 0.708661 
vn 0.590551 0.425197 0.685039 
vn 0.362205 0.622047 0.692913 
vn 0.811024 0.590551 0 
vn 0.590551 0.425197 -0.685039 
vn 0.503937 0.866142 0 
vn 0.362205 0.622047 -0.692913 
vn 0.165354 0.984252 0 
vn 0.11811 0.716535 -0.692913 
vn -0.165354 0.984252 0 
vn -0.11811 0.716535 -0.692913 
vn -0.362205 0.622047 -0.692913 
vn 0 0 1 
vn 0 0 1 
vn 0 0 1 
vn 0 0 -1 
vn 0 0 -1 
vn 0 0 -1 
vn 0 0 -1 
vn 1 0 0 
vn 1 0 0 
vn -1 0 0 
vn 0 -0.889764 0.448819 
vn -0.629921 0.629921 0.448819 
vn -0.629921 0.629921 0.448819 
vn 0 0.889764 0.448819 
vn 0.889764 0 0.448819 
vn 0 0.889764 0.448819 
vn 0.889764 0 0.448819 
vn 0.629921 0.629921 0.448819 
vn 0.629921 0.629921 0.448819 
vn 0 0 -1 
vn 0 0 -1 
vn 0 0 1 
vn 0 0 -1 
vn 0 0 -1 
vn 0 1 0 
vn -0.708661 0.708661 0 
vn 0 1 0 
vn -0.708661 0.708661 0 
vn 0.708661 0.708661 0 
vn 0.708661 0.708661 0 
vn -0.708661 0.708661 0 
vn -0.708661 0.708661 0 
vn 0.708661 0.708661 0 
vn 0 1 0 
vn 0.708661 0.708661 0 
vn 0 1 0 
vn 0 0.929134 0.362205 
vn 0 0.732283 0.677165 
vn 0 0.929134 0.362205 
vn 0 0.732283 0.677165 
vn 0 1 0 
vn 0 1 0 
vn 0 1 0 
vn 0.125984 0.952756 -0.283465 
vn -0.125984 0.952756 -0.283465 
vn 0.133858 0.944882 -0.307087 
vn 0.244094 0.787402 -0.559055 
vn 0.244094 0.787402 -0.559055 
vn -0.133858 0.944882 -0.307087 
vn -0.244094 0.787402 -0.559055 
vn -0.244094 0.787402 -0.559055 
vn 0 1 0 
vn 0 1 0 
vn 0 1 0 
vn 0 1 0 
vn 0 1 0 
vn 0 1 0 
vn 0 1 0 
vn 0 1 0 
vn 1 0 0 
vn -1 0 0 
vn 0.968504 0 -0.251969 
vn 0 1 0 
vn 0 1 0 
vn 0 1 0 
vn 0 1 0 
vn 0 1 0 
vn 0 1 0 
vn 0 1 0 
vn 0 1 0 
vn 0.866142 0 -0.503937 
vn 0.708661 0.708661 0 
vn 0.708661 0.708661 0 
vn 0 1 0 
vn 0 1 0 
vn -0.708661 0.708661 0 
vn -0.708661 0.708661 0 
vn 0.708661 0.708661 0 
vn 0.708661 0.708661 0 
vn -0.708661 0.708661 0 
vn -0.708661 0.708661 0 
vn 0 0 -1 
vn -0.480315 0.700787 -0.519685 
vn -0.480315 0.692913 -0.543307 
vn 0.480315 0.700787 -0.519685 
vn -0.480315 0.692913 -0.543307 
vn -0.480315 0.700787 -0.519685 
vn 0.480315 0.692913 -0.543307 
vn 0.480315 0.700787 -0.519685 
vn 0.480315 0.692913 -0.543307 
vn 0.11811 0.716535 0.692913 
vn -0.11811 0.716535 0.692913 
vn -0.362205 0.622047 0.692913 
vn -0.503937 0.866142 0 
vn -0.590551 0.425197 0.685039 
vn -0.811024 0.590551 0 
vn -0.590551 0.425197 -0.685039 
vn -0.692913 -0.125984 -0.708661 
vn -0.692913 -0.125984 0.708661 
vn -0.0708661 1 0 
vn 0.88189 0.472441 0 
vn 0.88189 0.472441 0 
vn -0.0708661 1 0 
vn -0.0708661 1 0 
vn 0.88189 0.472441 0 
vn 0.88189 0.472441 0 
vn -0.0708661 1 0 
vn 0 0 1 
vn 0 0.598425 0.80315 
vn 0 0 -1 
vn 0 0 -1 
vn 0 0 -1 
vn 0 0 -1 
vn -0.685039 -0.685039 -0.259843 
vn -0.968504 0 -0.259843 
vn -0.685039 -0.685039 -0.259843 
vn -0.968504 0 -0.259843 
vn -0.685039 0.685039 -0.259843 
vn -0.685039 0.685039 -0.259843 
vn 0.0708661 1 0 
vn -0.88189 0.472441 0 
vn 0.0708661 1 0 
vn -0.88189 0.472441 0 
vn -0.952756 -0.291339 0 
vn -0.952756 -0.291339 0 
vn -0.433071 -0.905512 0 
vn -0.433071 -0.905512 0 
vn 0.0708661 1 0 
vn -0.88189 0.472441 0 
vn 0.0708661 1 0 
vn -0.88189 0.472441 0 
vn -0.952756 -0.291339 0 
vn -0.952756 -0.291339 0 
vn -0.433071 -0.905512 0 
vn -0.433071 -0.905512 0 
vn -0.700787 0.0629921 -0.716535 
vn -0.700787 0.125984 -0.708661 
vn -0.984252 0.173228 0 
vn -1 0.0866142 0 
vn -0.700787 0.125984 0.708661 
vn -0.700787 0.0629921 0.716535 
vn -0.677165 -0.133858 0.724409 
vn -0.984252 -0.19685 0 
vn -0.677165 -0.133858 -0.724409 
vn -0.811024 -0.590551 0 
vn -0.551181 -0.401575 -0.724409 
vn -0.551181 -0.401575 0.724409 
vn 0 0 1 
vn 0 0 1 
vn 0 0 1 
vn 0 0 -1 
vn -1 0 0 
vn -1 0 0 
vn -1 0 0 
vn -1 0 0 
vn -1 0 0 
vn -1 0 0 
vn -0.629921 -0.629921 0.448819 
vn -0.889764 0 0.448819 
vn -0.629921 -0.629921 0.448819 
vn 0 -0.889764 0.448819 
vn -0.889764 0 0.448819 
vn -0.629921 0.629921 0.448819 
vn -0.629921 0.629921 0.448819 
vn 0 0 -1 
vn 0 0 -1 
vn 0 0 -1 
vn 0 0 -1 
vn 0 1 0 
vn -0.708661 0.708661 0 
vn 0 1 0 
vn -0.708661 0.708661 0 
vn -1 0 0 
vn -1 0 0 
vn -0.708661 -0.708661 0 
vn -0.708661 -0.708661 0 
vn 0 -1 0 
vn 0 -1 0 
vn -0.708661 -0.708661 0 
vn -0.708661 -0.708661 0 
vn -1 0 0 
vn -1 0 0 
vn -0.708661 0.708661 0 
vn -0.708661 0.708661 0 
vn -0.889764 0 0.448819 
vn -0.866142 0 0.496063 
vn -0.866142 0 0.496063 
vn -0.88189 0 0.464567 
vn -0.913386 0 0.401575 
vn -0.244094 0.787402 -0.559055 
vn -1 0 0 
vn -1 0 0 
vn -1 0 0 
vn -1 0 0 
vn -1 0 0 
vn -1 0 0 
vn 1 0 0 
vn -0.968504 0 -0.251969 
vn -1 0 0 
vn -1 0 0 
vn -0.968504 0 -0.251969 
vn -0.968504 0 -0.251969 
vn -0.968504 0 -0.251969 
vn -1 0 0 
vn -1 0 0 
vn 0.968504 0 -0.251969 
vn -0.866142 0 -0.503937 
vn -0.88189 0 -0.464567 
vn -0.866142 0 -0.503937 
vn -0.889764 0 -0.456693 
vn -0.913386 0 -0.401575 
vn -0.708661 -0.708661 0 
vn -0.708661 -0.708661 0 
vn -1 0 0 
vn -0.708661 0.708661 0 
vn -1 0 0 
vn -0.708661 0.708661 0 
vn -0.708661 0.708661 0 
vn -0.708661 0.708661 0 
vn -0.976378 -0.228346 0 
vn -0.976378 -0.228346 0 
vn -0.527559 -0.850394 0 
vn -0.527559 -0.850394 0 
vn 0 0 -1 
vn -1 0 0 
vn -1 0 0 
vn -1 0 0 
vn -1 0 0 
vn -0.874016 -0.385827 0.299213 
vn -0.905512 -0.330709 0.259843 
vn -0.937008 -0.275591 0.204724 
vn -0.76378 -0.519685 0.385827 
vn -0.937008 -0.275591 0.212598 
vn -0.937008 -0.267717 0.212598 
vn -0.96063 0.220472 -0.173228 
vn -0.76378 -0.519685 0.385827 
vn -0.937008 -0.275591 0.204724 
vn -0.96063 0.228346 -0.165354 
vn -0.96063 0.228346 -0.165354 
vn -0.480315 0.700787 -0.519685 
vn -0.96063 0.220472 -0.173228 
vn -0.480315 0.692913 -0.543307 
vn -0.480315 0.692913 -0.543307 
vn -0.480315 0.700787 -0.519685 
vn 1 0 0 
vn -0.818898 0 0.566929 
vn -0.818898 0 0.566929 
vn -0.818898 0 0.566929 
vn -0.818898 0 0.566929 
vn -0.590551 0.425197 0.685039 
vn -0.811024 0.590551 0 
vn -0.590551 0.425197 -0.685039 
vn -0.976378 0.204724 0 
vn -0.708661 0.141732 -0.692913 
vn -0.716535 -0.0629921 -0.700787 
vn -0.692913 -0.125984 -0.708661 
vn -0.992126 -0.0944882 0 
vn -0.984252 -0.173228 0 
vn -0.692913 -0.125984 0.708661 
vn -0.716535 -0.0629921 0.700787 
vn -0.708661 0.141732 0.692913 
vn -0.0708661 1 0 
vn -0.0708661 1 0 
vn -1 -0.0708661 0 
vn -1 -0.0708661 0 
vn -0.0708661 1 0 
vn -0.0708661 1 0 
vn -1 -0.0708661 0 
vn -1 -0.0708661 0 
vn 0 0 -1 
vn 0 0 -1 
vn 0 0 -1 
vn 0 0 -1 
vn 0 0 -1 
vn 0 0 -1 
vn 0 0 -1 
vn 0 0 -1 
vn 0 0 -1 
vn 0 0 -1 
vn 0 0 -1 
vn 0 0 -1 
vn 0 0 -1 
vn 0 0 -1 
vn 0 0 -1 
vn 0 0 -1 
vn -0.968504 0 -0.259843 
vn 0.968504 0 -0.259843 
vn -0.88189 0.472441 0 
vn -0.952756 -0.291339 0 
vn 0.330709 -0.944882 0 
vn -0.952756 -0.291339 0 
vn 0.330709 -0.944882 0 
vn -0.433071 -0.905512 0 
vn 0.0708661 1 0 
vn -0.88189 0.472441 0 
vn 1 -0.0708661 0 
vn -0.952756 -0.291339 0 
vn 0.330709 -0.944882 0 
vn -0.952756 -0.291339 0 
vn 0.330709 -0.944882 0 
vn -0.433071 -0.905512 0 
vn -0.700787 0.0629921 -0.716535 
vn -0.700787 0.125984 -0.708661 
vn 0.015748 0 -1 
vn 0 0 -1 
vn 0.716535 -0.0629921 -0.700787 
vn 0.692913 -0.125984 -0.708661 
vn 0.0314961 0.00787402 -1 
vn 0.984252 -0.173228 0 
vn 0.692913 -0.125984 0.708661 
vn 0.708661 0.141732 -0.692913 
vn -0.677165 -0.133858 -0.724409 
vn -0.551181 -0.401575 -0.724409 
vn 0.0314961 0.023622 -1 
vn 0.590551 0.425197 -0.685039 
vn 0.362205 0.622047 -0.692913 
vn 0.015748 0.0314961 -1 
vn -0.346457 -0.598425 -0.724409 
vn 0.00787402 0.0314961 -1 
vn -0.110236 -0.677165 -0.724409 
vn 0.11811 0.716535 -0.692913 
vn -0.00787402 0.0314961 -1 
vn -0.11811 0.716535 -0.692913 
vn -0.362205 0.622047 -0.692913 
vn 0 0 1 
vn 0 0 -1 
vn 0 0 -1 
vn 0 0 -1 
vn 0 0 -1 
vn 0 0 -1 
vn 0 0 -1 
vn 0 0 -1 
vn 1 0 0 
vn -1 0 0 
vn -0.889764 0 0.448819 
vn 0 -0.889764 0.448819 
vn 0.889764 0 0.448819 
vn 0 0 -1 
vn 0 0 -1 
vn 0 0 -1 
vn 0 0 -1 
vn 0 0 -1 
vn 0 0 -1 
vn 0 0 -1 
vn 0 0 -1 
vn 0 0 1 
vn 0 0 1 
vn 0 0 1 
vn 0 0 -1 
vn 0 0 -1 
vn 0 0 -1 
vn 0 0 -1 
vn 0 0 -1 
vn 0 0 -1 
vn 0 0 -1 
vn 0 0 -1 
vn 0 0 -1 
vn 0 0 -1 
vn 0 0 -1 
vn 0 0 -1 
vn -0.244094 0.787402 -0.559055 
vn -1 0 0 
vn -0.448819 0 -0.889764 
vn -0.448819 0 -0.889764 
vn -0.448819 0 -0.889764 
vn -0.448819 0 -0.889764 
vn 0.448819 0 -0.889764 
vn 0.448819 0 -0.889764 
vn 0.448819 0 -0.889764 
vn 0.448819 0 -0.889764 
vn 0 0 -1 
vn 0 0 -1 
vn 0 0 -1 
vn 0 0 -1 
vn 0 0 -1 
vn 0 0 -1 
vn 0 0 -1 
vn 0 0 -1 
vn 0 0 -1 
vn 0 0 -1 
vn 0 0 -1 
vn 0 0 -1 
vn 0.11811 0.716535 0.692913 
vn -0.362205 0.622047 0.692913 
vn 0.110236 -0.677165 -0.724409 
vn -0.015748 0.0314961 -1 
vn 0.346457 -0.598425 -0.724409 
vn 0.551181 -0.401575 -0.724409 
vn -0.0314961 0.023622 -1 
vn -0.590551 0.425197 -0.685039 
vn -0.976378 0.204724 0 
vn -0.708661 0.141732 -0.692913 
vn -0.0314961 0.00787402 -1 
vn 0.677165 -0.133858 -0.724409 
vn -0.015748 0 -1 
vn 0.700787 0.0629921 -0.716535 
vn 0.700787 0.125984 -0.708661 
vn 0 0 -1 
vn -0.716535 -0.0629921 -0.700787 
vn -0.692913 -0.125984 -0.708661 
vn -0.692913 -0.125984 0.708661 
vn 0 0 -1 
vn 0 0 -1 
vn 0 0 -1 
vn 0 0 -1 
vn 0.952756 -0.291339 0 
vn 0.433071 -0.905512 0 
vn -0.330709 -0.944882 0 
vn 0.952756 -0.291339 0 
vn 0.433071 -0.905512 0 
vn -0.330709 -0.944882 0 
vn 0 -0.598425 -0.80315 
vn 0 -0.598425 -0.80315 
vn 0 -0.598425 -0.80315 
vn 0 -0.598425 -0.80315 
vn 0 -0.598425 -0.80315 
vn 0 -0.598425 -0.80315 
vn 0 -0.598425 -0.80315 
vn 0 -0.598425 -0.80315 
vn 0 0 -1 
vn 0 0 -1 
vn 0 0 -1 
vn 0 0 -1 
vn 0 0 -1 
vn 0 0 -1 
vn 0 -0.181102 -0.984252 
vn 0 0 -1 
vn 0 0 -1 
vn 0 -0.181102 -0.984252 
vn 0 -0.346457 -0.937008 
vn 0 -0.346457 -0.937008 
vn 0 0 1 
vn 0 0 1 
vn 0 0 -1 
vn 0 0 -1 
vn 0 0 -1 
vn 0 0 -1 
vn 0 0 -1 
vn 0 0 -1 
vn -0.685039 -0.685039 -0.259843 
vn -0.968504 0 -0.259843 
vn -0.685039 -0.685039 -0.259843 
vn 0 -0.968504 -0.259843 
vn 0 -0.968504 -0.259843 
vn 0.685039 -0.685039 -0.259843 
vn 0.685039 -0.685039 -0.259843 
vn 0.968504 0 -0.259843 
vn 1 -0.0708661 0 
vn 1 -0.0708661 0 
vn 0.330709 -0.944882 0 
vn 0.330709 -0.944882 0 
vn -0.433071 -0.905512 0 
vn -0.433071 -0.905512 0 
vn 0.0708661 1 0 
vn 1 -0.0708661 0 
vn 1 -0.0708661 0 
vn 0.330709 -0.944882 0 
vn 0.330709 -0.944882 0 
vn -0.433071 -0.905512 0 
vn -0.433071 -0.905512 0 
vn 0 0 -1 
vn 0.692913 -0.125984 0.708661 
vn -0.811024 -0.590551 0 
vn -0.551181 -0.401575 -0.724409 
vn -0.551181 -0.401575 0.724409 
vn -0.346457 -0.598425 0.724409 
vn -0.346457 -0.598425 -0.724409 
vn -0.496063 -0.866142 0 
vn -0.110236 -0.677165 -0.724409 
vn -0.165354 -0.984252 0 
vn -0.110236 -0.677165 0.724409 
vn 0 0 1 
vn 0 0 1 
vn 0 0 1 
vn 0 0 1 
vn 0 0 1 
vn 0 0 -1 
vn 0 0 -1 
vn 0 0 -1 
vn 0 0 -1 
vn 1 0 0 
vn 1 0 0 
vn -1 0 0 
vn -0.629921 -0.629921 0.448819 
vn -0.889764 0 0.448819 
vn -0.629921 -0.629921 0.448819 
vn 0 -0.889764 0.448819 
vn 0 -0.889764 0.448819 
vn 0.629921 -0.629921 0.448819 
vn 0.629921 -0.629921 0.448819 
vn 0 0 -1 
vn 0 0 -1 
vn 0 0 1 
vn 0 -0.80315 0.598425 
vn 0 -0.80315 0.598425 
vn 0 -0.80315 0.598425 
vn 0 -0.80315 0.598425 
vn 0 0 -1 
vn 0 -0.80315 0.598425 
vn 0 -0.80315 0.598425 
vn 0 -0.80315 0.598425 
vn 0 -0.80315 0.598425 
vn 0 1 0 
vn -0.708661 -0.708661 0 
vn -0.708661 -0.708661 0 
vn 0.708661 -0.708661 0 
vn 0 -1 0 
vn 0.708661 -0.708661 0 
vn 0 -1 0 
vn 0 -1 0 
vn -0.708661 -0.708661 0 
vn 0 -1 0 
vn -0.708661 -0.708661 0 
vn 0.708661 -0.708661 0 
vn 0.708661 -0.708661 0 
vn 0 1 0 
vn 0 -1 0 
vn 0 -1 0 
vn 0 -1 0 
vn 0 -1 0 
vn 0 -1 0 
vn 0 -1 0 
vn 0 -1 0 
vn 0 -1 0 
vn 1 0 0 
vn 0.968504 0 -0.251969 
vn 0 -1 0 
vn 0 -1 0 
vn 0 -1 0 
vn 0 -1 0 
vn 0 -1 0 
vn 0 -1 0 
vn 0 -1 0 
vn 0 -1 0 
vn -0.15748 -0.984252 -0.0393701 
vn -0.15748 -0.984252 -0.0393701 
vn -0.15748 -0.984252 -0.0393701 
vn -0.15748 -0.984252 -0.0393701 
vn 0.15748 -0.984252 -0.0393701 
vn 0.15748 -0.984252 -0.0393701 
vn 0.15748 -0.984252 -0.0393701 
vn 0.15748 -0.984252 -0.0393701 
vn 0 -1 0 
vn 0 -1 0 
vn 0 -1 0 
vn 0 -1 0 
vn 0 -1 0 
vn 0 -1 0 
vn 0 -1 0 
vn 0 -1 0 
vn 0 -0.929134 -0.362205 
vn 0 -0.732283 -0.677165 
vn 0 -0.732283 -0.677165 
vn 0 -0.929134 -0.362205 
vn 0 -1 0 
vn 0 -1 0 
vn 0 -1 0 
vn 0 -1 0 
vn 0 -1 0 
vn 0 -1 0 
vn 0 -1 0 
vn 0 -1 0 
vn 0 -1 0 
vn 0 -1 0 
vn 0 -1 0 
vn 0.708661 -0.708661 0 
vn 0.708661 -0.708661 0 
vn 0 -1 0 
vn 0 -1 0 
vn -0.708661 -0.708661 0 
vn -0.708661 -0.708661 0 
vn 0.527559 -0.850394 0 
vn 0.527559 -0.850394 0 
vn -0.527559 -0.850394 0 
vn -0.527559 -0.850394 0 
vn 0 0 -1 
vn 0.165354 -0.984252 0 
vn 0.110236 -0.677165 0.724409 
vn 0.346457 -0.598425 0.724409 
vn 0.496063 -0.866142 0 
vn 0.551181 -0.401575 0.724409 
vn 0.110236 -0.677165 -0.724409 
vn 0.346457 -0.598425 -0.724409 
vn 0.811024 -0.590551 0 
vn 0.551181 -0.401575 -0.724409 
vn -0.692913 -0.125984 0.708661 
vn -1 -0.0708661 0 
vn 0.433071 -0.905512 0 
vn -1 -0.0708661 0 
vn 0.433071 -0.905512 0 
vn -0.330709 -0.944882 0 
vn -0.330709 -0.944882 0 
vn -1 -0.0708661 0 
vn 0.433071 -0.905512 0 
vn -1 -0.0708661 0 
vn 0.433071 -0.905512 0 
vn -0.330709 -0.944882 0 
vn -0.330709 -0.944882 0 
vn 0 0 1 
vn 0 0.598425 0.80315 
vn 0 0 -1 
vn 0 0 -1 
vn 0 0 -1 
vn 0 0 -1 
vn 0.685039 -0.685039 -0.259843 
vn 0.685039 -0.685039 -0.259843 
vn 0.968504 0 -0.259843 
vn 0.968504 0 -0.259843 
vn 0.685039 0.685039 -0.259843 
vn 0.685039 0.685039 -0.259843 
vn 0.0708661 1 0 
vn 0.0708661 1 0 
vn 1 -0.0708661 0 
vn 1 -0.0708661 0 
vn 0.0708661 1 0 
vn 0.0708661 1 0 
vn 1 -0.0708661 0 
vn 1 -0.0708661 0 
vn 0 0 -1 
vn 0.716535 -0.0629921 -0.700787 
vn 0.692913 -0.125984 -0.708661 
vn 0.992126 -0.0944882 0 
vn 0.984252 -0.173228 0 
vn 0.692913 -0.125984 0.708661 
vn 0.708661 0.141732 -0.692913 
vn 0.976378 0.204724 0 
vn 0.716535 -0.0629921 0.700787 
vn 0.708661 0.141732 0.692913 
vn 0.590551 0.425197 0.685039 
vn 0.811024 0.590551 0 
vn 0.590551 0.425197 -0.685039 
vn 0 0 1 
vn 0 0 1 
vn 0 0 -1 
vn 1 0 0 
vn 1 0 0 
vn 1 0 0 
vn 1 0 0 
vn 1 0 0 
vn 1 0 0 
vn 0 -0.889764 0.448819 
vn 0.629921 -0.629921 0.448819 
vn 0.629921 -0.629921 0.448819 
vn 0.889764 0 0.448819 
vn 0.889764 0 0.448819 
vn 0.629921 0.629921 0.448819 
vn 0.629921 0.629921 0.448819 
vn 0 0 -1 
vn 0 0 -1 
vn 0 1 0 
vn 0 1 0 
vn 0.708661 0.708661 0 
vn 0.708661 0.708661 0 
vn 1 0 0 
vn 1 0 0 
vn 0.708661 -0.708661 0 
vn 0 -1 0 
vn 0.708661 -0.708661 0 
vn 0 -1 0 
vn 0.708661 -0.708661 0 
vn 0.708661 -0.708661 0 
vn 1 0 0 
vn 1 0 0 
vn 0.708661 0.708661 0 
vn 0.708661 0.708661 0 
vn 0.866142 0 0.496063 
vn 0.889764 0 0.448819 
vn 0.866142 0 0.496063 
vn 0.88189 0 0.464567 
vn 0.913386 0 0.401575 
vn 1 0 0 
vn 1 0 0 
vn 1 0 0 
vn 1 0 0 
vn 1 0 0 
vn 1 0 0 
vn 0.968504 0 -0.251969 
vn 1 0 0 
vn 1 0 0 
vn 0.968504 0 -0.251969 
vn 0.968504 0 -0.251969 
vn 0.968504 0 -0.251969 
vn 1 0 0 
vn 1 0 0 
vn 0.88189 0 -0.464567 
vn 0.866142 0 -0.503937 
vn 0.866142 0 -0.503937 
vn 0.889764 0 -0.456693 
vn 0.913386 0 -0.401575 
vn 0.708661 -0.708661 0 
vn 1 0 0 
vn 0.708661 -0.708661 0 
vn 1 0 0 
vn 0.708661 0.708661 0 
vn 0.708661 0.708661 0 
vn 0.708661 0.708661 0 
vn 0.976378 -0.228346 0 
vn 0.708661 0.708661 0 
vn 0.976378 -0.228346 0 
vn 0.527559 -0.850394 0 
vn 0.527559 -0.850394 0 
vn -1 0 0 
vn -0.480315 0.700787 -0.519685 
vn 0.480315 0.700787 -0.519685 
vn -0.480315 0.700787 -0.519685 
vn 0.480315 0.692913 -0.543307 
vn 0.480315 0.700787 -0.519685 
vn 0.96063 0.228346 -0.165354 
vn 0.480315 0.692913 -0.543307 
vn 0.96063 0.220472 -0.173228 
vn 0.96063 0.220472 -0.173228 
vn 0.96063 0.228346 -0.165354 
vn 0.937008 -0.275591 0.204724 
vn 0.937008 -0.267717 0.212598 
vn 0.937008 -0.275591 0.204724 
vn 0.76378 -0.519685 0.385827 
vn 0.874016 -0.385827 0.299213 
vn 0.937008 -0.275591 0.212598 
vn 0.905512 -0.330709 0.259843 
vn 0.76378 -0.519685 0.385827 
vn 1 0 0 
vn 1 0 0 
vn 1 0 0 
vn 1 0 0 
vn 0.818898 0 0.566929 
vn 0.818898 0 0.566929 
vn 0.818898 0 0.566929 
vn 0.818898 0 0.566929 
vn 0.551181 -0.401575 0.724409 
vn 0.811024 -0.590551 0 
vn 0.551181 -0.401575 -0.724409 
vn 0.677165 -0.133858 -0.724409 
vn 0.984252 -0.19685 0 
vn 0.677165 -0.133858 0.724409 
vn 1 0.0866142 0 
vn 0.700787 0.0629921 -0.716535 
vn 0.984252 0.173228 0 
vn 0.700787 0.125984 -0.708661 
vn 0.700787 0.0629921 0.716535 
vn 0.700787 0.125984 0.708661 
vn -0.0708661 1 0 
vn 0.88189 0.472441 0 
vn 0.88189 0.472441 0 
vn 0.952756 -0.291339 0 
vn -0.0708661 1 0 
vn 0.952756 -0.291339 0 
vn 0.433071 -0.905512 0 
vn 0.433071 -0.905512 0 
vn -0.0708661 1 0 
vn 0.88189 0.472441 0 
vn 0.88189 0.472441 0 
vn 0.952756 -0.291339 0 
vn -0.0708661 1 0 
vn 0.952756 -0.291339 0 
vn 0.433071 -0.905512 0 
vn 0.433071 -0.905512 0 

vt 6.03195 -60.9438 
vt 5.96805 -60.9438 
vt 6.03195 -60.9751 
vt 5.96805 -60.9751 
vt 5.98689 -60.8961 
vt 6.01311 -60.9521 
vt 6.01311 -60.8961 
vt 5.98689 -60.9521 
vt 6.01311 -60.8393 
vt 5.98689 -60.8393 
vt 6.02017 -60.8295 
vt 5.98689 -60.8362 
vt 6.01311 -60.8362 
vt 5.97983 -60.8295 
vt 6.02017 -60.8035 
vt 5.97983 -60.8035 
vt 5.98451 -60.7976 
vt 6.01549 -60.7976 
vt 5.97419 -60.9521 
vt 6.02581 -61.0498 
vt 6.02581 -60.9521 
vt 5.97419 -61.0498 
vt 5.97942 -61.0602 
vt 6.02058 -61.0602 
vt 6 -60.9204 
vt 5.80326 -61.1116 
vt 5.98881 -61.1098 
vt 5.79809 -61.1546 
vt 5.88148 -61.2024 
vt 5.88148 -61.2024 
vt 5.83823 -61.2011 
vt 5.91059 -61.0191 
vt 5.80326 -61.1116 
vt 5.98881 -61.1098 
vt 5.79809 -61.1546 
vt 5.88148 -61.2024 
vt 5.88148 -61.2024 
vt 5.83823 -61.2011 
vt 6.08744 -60.9078 
vt 6.09846 -60.9097 
vt 6.09523 -60.9091 
vt 6.10554 -60.8363 
vt 6.10552 -60.8506 
vt 6.08744 -60.9078 
vt 6.09772 -60.849 
vt 6.07965 -60.9064 
vt 6.10554 -60.8363 
vt 6.09001 -60.8474 
vt 6.09768 -60.8379 
vt 6.09002 -60.8395 
vt 6.08753 -60.8336 
vt 6.09386 -60.829 
vt 6.08261 -60.8294 
vt 6.10035 -60.8243 
vt 6.08655 -60.8226 
vt 6.09055 -60.8157 
vt 6.07487 -60.8267 
vt 6.06969 -61.0967 
vt 5.93031 -61.0967 
vt 6 -61.1255 
vt 5.90144 -61.027 
vt 6.09856 -61.027 
vt 6.06969 -60.9573 
vt 5.93031 -60.9573 
vt 6 -60.9284 
vt 5.91921 -60.9499 
vt 6.08079 -60.9499 
vt 6.15492 -60.9199 
vt 5.84508 -60.9199 
vt 5.93031 -61.0967 
vt 5.88339 -61.027 
vt 6 -61.1436 
vt 6 -61.1255 
vt 5.93031 -60.9573 
vt 6.08246 -61.1094 
vt 6.11661 -61.027 
vt 6 -60.9284 
vt 6.08246 -60.9445 
vt 6 -61.1096 
vt 6 -60.9444 
vt 6.19674 -61.1116 
vt 6.11852 -61.2024 
vt 6.16177 -61.2011 
vt 6.20191 -61.1546 
vt 6.01119 -61.1098 
vt 6.08941 -61.0191 
vt 5.88148 -61.2024 
vt 5.98881 -61.1098 
vt 5.80326 -61.1116 
vt 5.91059 -61.0191 
vt 5.83823 -61.2011 
vt 5.79809 -61.1546 
vt 6.01119 -61.1098 
vt 6.19674 -61.1116 
vt 6.11852 -61.2024 
vt 6.08941 -61.0191 
vt 6.20191 -61.1546 
vt 5.88177 -60.9018 
vt 6.02004 -60.9018 
vt 5.9771 -60.9438 
vt 6.19674 -61.1116 
vt 6.11852 -61.2024 
vt 6.16177 -61.2011 
vt 6.20191 -61.1546 
vt 6.01119 -61.1098 
vt 6.08941 -61.0191 
vt 5.88148 -61.2024 
vt 5.98881 -61.1098 
vt 5.80326 -61.1116 
vt 5.91059 -61.0191 
vt 5.83823 -61.2011 
vt 5.79809 -61.1546 
vt 6.19674 -61.1116 
vt 5.84508 -60.9199 
vt 5.91921 -60.9199 
vt 5.91921 -60.9014 
vt 5.84508 -60.9014 
vt 6.08079 -60.9199 
vt 6.15492 -60.9199 
vt 6.15492 -60.9014 
vt 6.08079 -60.9014 
vt 5.93652 -60.9199 
vt 6.06348 -60.9199 
vt 6.06348 -60.9014 
vt 5.93652 -60.9014 
vt 6.15492 -60.9199 
vt 6.07214 -60.9499 
vt 6.15492 -60.9499 
vt 6 -60.938 
vt 5.84508 -60.9199 
vt 5.92786 -60.9499 
vt 5.84508 -60.9499 
vt 6.07602 -60.8189 
vt 5.92513 -60.8267 
vt 6.07719 -60.811 
vt 5.92398 -60.8189 
vt 5.92281 -60.811 
vt 5.90945 -60.8157 
vt 5.91345 -60.8226 
vt 5.91739 -60.8294 
vt 5.91247 -60.8336 
vt 5.90614 -60.829 
vt 5.89965 -60.8243 
vt 5.89116 -60.8356 
vt 5.90998 -60.8395 
vt 5.91256 -60.9078 
vt 5.90999 -60.8474 
vt 5.92035 -60.9064 
vt 5.90477 -60.9091 
vt 5.90477 -60.9091 
vt 5.89448 -60.8506 
vt 5.91256 -60.9078 
vt 5.89446 -60.8363 
vt 5.90228 -60.849 
vt 5.90232 -60.8379 
vt 5.7265 -60.968 
vt 5.7265 -61.032 
vt 6.2735 -61.0754 
vt 6.2735 -61 
vt 6.2735 -60.9246 
vt 6.2735 -61 
vt 6.2735 -60.9246 
vt 6.23611 -60.9175 
vt 6.23611 -61 
vt 6.2735 -61 
vt 6.2735 -61.0754 
vt 6.23611 -61.0825 
vt 5.97097 -60.9106 
vt 5.97097 -60.8033 
vt 5.95301 -60.9106 
vt 5.95301 -60.8033 
vt 6.16381 -60.9106 
vt 6.16381 -60.8033 
vt 6.14585 -60.9106 
vt 6.16381 -60.9888 
vt 6.14585 -60.8033 
vt 6.22225 -61.0874 
vt 6.21106 -61.0985 
vt 6.20315 -61.0952 
vt 6.20305 -61.1003 
vt 6.20306 -61.0905 
vt 6.21106 -61.1031 
vt 6.21907 -61.1003 
vt 6.21106 -61.0922 
vt 6.21906 -61.0905 
vt 6.21106 -61.0777 
vt 6.21901 -61.0772 
vt 6.21106 -60.9223 
vt 6.21901 -60.9228 
vt 6.21906 -60.9095 
vt 5.90728 -61.0697 
vt 5.90728 -61.0697 
vt 5.90728 -60.9303 
vt 6.23986 -60.8451 
vt 6.23986 -60.9192 
vt 6.23986 -61.1549 
vt 6.23986 -61.0808 
vt 6.18292 -61.1549 
vt 6.22132 -61.1549 
vt 6.22132 -60.8451 
vt 5.94293 -61 
vt 5.90728 -60.9303 
vt 5.94293 -60.9175 
vt 5.94293 -61 
vt 5.94293 -61.1166 
vt 5.90728 -61 
vt 5.90728 -61.0986 
vt 5.90728 -61.0697 
vt 5.94293 -61.0825 
vt 6.20322 -60.9416 
vt 6.20322 -61.0584 
vt 5.95301 -61.1967 
vt 6.16381 -61.1185 
vt 6.16381 -61.0894 
vt 5.88432 -61 
vt 5.75207 -60.9852 
vt 5.75207 -61 
vt 5.88432 -60.9852 
vt 5.88432 -61.0148 
vt 5.75207 -61.0148 
vt 6.23611 -60.9175 
vt 5.94293 -60.9175 
vt 5.94293 -61.0825 
vt 6.23611 -61 
vt 6.23611 -61.0825 
vt 5.94293 -61 
vt 5.91292 -60.98 
vt 5.83829 -60.98 
vt 5.91292 -61.02 
vt 5.83829 -61.02 
vt 6.00229 -60.98 
vt 6.00229 -61.02 
vt 6.01241 -61 
vt 6.20408 -61.1112 
vt 6.20408 -60.8888 
vt 6.19527 -61.1312 
vt 6.21127 -61.1383 
vt 6.22008 -61.1182 
vt 6.19527 -60.8688 
vt 6.21127 -60.8617 
vt 6.22008 -60.8818 
vt 6.23986 -61.1549 
vt 6.23986 -60.8451 
vt 6.20792 -60.9365 
vt 6.18292 -60.9192 
vt 6.18292 -60.8451 
vt 6.20792 -61.0635 
vt 6.18292 -61.0808 
vt 6.18292 -61.1549 
vt 5.92205 -61.02 
vt 5.89437 -60.9771 
vt 5.86255 -61.0229 
vt 5.7265 -61.032 
vt 5.84631 -61.032 
vt 5.84631 -60.968 
vt 5.7265 -60.968 
vt 5.86255 -61.0229 
vt 5.86255 -60.9771 
vt 5.89437 -61.0229 
vt 5.89437 -60.9771 
vt 6.01241 -61 
vt 6.2735 -60.9416 
vt 6.20322 -60.9416 
vt 6.2735 -61 
vt 6.20322 -61 
vt 6.2735 -61.0584 
vt 6.20322 -61.0584 
vt 5.8008 -61.0258 
vt 5.82316 -61.0258 
vt 5.82316 -60.9742 
vt 5.8008 -60.9742 
vt 5.97097 -61.1967 
vt 5.86521 -60.9845 
vt 5.86108 -60.9845 
vt 5.86521 -61.0155 
vt 5.82263 -60.9845 
vt 5.8185 -60.9845 
vt 5.82263 -61.0155 
vt 5.8185 -61.0155 
vt 5.86108 -61.0155 
vt 6.2031 -61.0772 
vt 6.2031 -60.9228 
vt 6.20306 -60.9095 
vt 6.21106 -60.9078 
vt 6.20305 -60.8997 
vt 6.21106 -60.8969 
vt 6.21907 -60.8997 
vt 6.21897 -60.9048 
vt 6.20315 -60.9048 
vt 5.95301 -61.0894 
vt 5.95301 -61.1967 
vt 5.97097 -61.1967 
vt 5.97097 -61.0894 
vt 6.14585 -61.0894 
vt 6.14585 -61.1967 
vt 6.16381 -61.1967 
vt 6.16381 -61.0894 
vt 6.2735 -60.9438 
vt 6.1815 -60.7976 
vt 5.7265 -61.1023 
vt 5.7265 -61.1023 
vt 5.7265 -61.027 
vt 5.7265 -61.027 
vt 5.76389 -61.1094 
vt 5.76389 -61.027 
vt 5.7265 -61.1023 
vt 5.7265 -61.027 
vt 5.7265 -60.9516 
vt 5.76389 -60.9445 
vt 6.02903 -61.0191 
vt 6.02903 -61.1116 
vt 6.04699 -61.0191 
vt 6.04699 -61.1116 
vt 6.04699 -61.1546 
vt 6.02903 -61.1546 
vt 6.04699 -61.2011 
vt 6.02903 -61.2011 
vt 5.83619 -61.0191 
vt 5.83619 -61.1116 
vt 5.85415 -61.0191 
vt 5.85415 -61.1116 
vt 5.85415 -61.1546 
vt 5.83619 -61.1546 
vt 5.85415 -61.2011 
vt 5.83619 -61.2011 
vt 5.78106 -60.8474 
vt 5.78103 -60.9064 
vt 5.78894 -60.9058 
vt 5.78894 -60.8467 
vt 5.79685 -60.9064 
vt 5.79682 -60.8474 
vt 5.79675 -60.8395 
vt 5.78894 -60.8401 
vt 5.78113 -60.8395 
vt 5.78894 -60.8355 
vt 5.78115 -60.8336 
vt 5.79673 -60.8336 
vt 6.09272 -61.0967 
vt 6.09272 -61.0967 
vt 6.09272 -60.9573 
vt 5.76014 -60.9499 
vt 5.81708 -60.9014 
vt 5.77868 -60.9199 
vt 5.81708 -60.9199 
vt 5.76014 -60.9014 
vt 5.76014 -60.9499 
vt 5.77868 -60.9499 
vt 6.09272 -61.0967 
vt 6.05707 -61.027 
vt 6.05707 -61.1094 
vt 6.05707 -61.1436 
vt 6.09272 -61.027 
vt 6.09272 -60.9573 
vt 6.05707 -60.9445 
vt 5.79678 -61.1096 
vt 5.79678 -61.0854 
vt 5.83619 -61.2024 
vt 5.83619 -61.0191 
vt 6.11568 -61.0061 
vt 6.24793 -61.0122 
vt 6.24793 -61.0061 
vt 6.11568 -61.0122 
vt 6.24793 -61.027 
vt 6.11568 -61.027 
vt 6.24793 -61.0417 
vt 6.11568 -61.0417 
vt 6.24793 -61.0478 
vt 6.11568 -61.0478 
vt 5.76389 -61.1094 
vt 6.05707 -61.1094 
vt 5.76389 -61.027 
vt 6.05707 -61.027 
vt 5.76389 -60.9445 
vt 6.05707 -60.9445 
vt 5.80473 -60.9018 
vt 5.99771 -60.9018 
vt 5.99771 -60.8882 
vt 5.80473 -60.8882 
vt 5.78873 -60.9018 
vt 5.77992 -60.9018 
vt 5.99771 -60.8882 
vt 6.07795 -60.9018 
vt 6.08708 -60.8882 
vt 5.99771 -60.9018 
vt 6.14861 -60.9671 
vt 6.16171 -60.9571 
vt 6.07795 -60.9018 
vt 6.15369 -60.9751 
vt 6.2735 -60.9751 
vt 6.2735 -60.9438 
vt 6.15369 -60.9438 
vt 6.13745 -60.9438 
vt 6.13745 -60.9751 
vt 6.10563 -60.9438 
vt 6.10563 -60.9751 
vt 6.13745 -60.9438 
vt 5.98759 -60.8882 
vt 5.79592 -60.8882 
vt 5.98759 -60.9018 
vt 5.79592 -60.9018 
vt 5.77992 -60.9018 
vt 5.79678 -60.9686 
vt 5.7265 -60.9686 
vt 5.79678 -61.027 
vt 5.7265 -61.0854 
vt 5.7265 -61.027 
vt 5.79678 -61.0854 
vt 6.17684 -60.9521 
vt 6.1992 -60.9521 
vt 6.1992 -61.0498 
vt 6.17684 -61.0498 
vt 6.1992 -61.0602 
vt 6.17684 -61.0602 
vt 6.02903 -61.1116 
vt 6.17697 -60.9521 
vt 6.22676 -60.9521 
vt 6.17697 -60.8961 
vt 6.22676 -60.8961 
vt 6.20602 -60.8393 
vt 6.16756 -60.8709 
vt 6.15846 -60.8673 
vt 6.16343 -60.874 
vt 6.16259 -60.8642 
vt 6.20105 -60.8326 
vt 6.14328 -60.8382 
vt 6.21014 -60.8362 
vt 6.20518 -60.8295 
vt 6.13915 -60.8413 
vt 6.18586 -60.8035 
vt 6.13479 -60.8354 
vt 6.18173 -60.8066 
vt 6.13892 -60.8324 
vt 6.17737 -60.8007 
vt 6.1815 -60.7976 
vt 6.17697 -60.8961 
vt 5.81708 -60.9199 
vt 5.79208 -60.9014 
vt 5.79208 -60.9199 
vt 5.81708 -60.9014 
vt 5.79695 -60.8243 
vt 5.78894 -60.8223 
vt 5.78093 -60.8243 
vt 5.78894 -60.8356 
vt 5.78094 -60.8363 
vt 5.78099 -60.8506 
vt 5.78103 -60.9091 
vt 5.78894 -60.8512 
vt 5.78894 -60.9097 
vt 5.79685 -60.9091 
vt 5.7969 -60.8506 
vt 5.79695 -60.8363 
vt 6.04699 -61.0191 
vt 6.02903 -61.0191 
vt 6.02903 -61.1098 
vt 6.04699 -61.1098 
vt 5.85415 -61.0191 
vt 5.83619 -61.0191 
vt 5.83619 -61.1098 
vt 5.85415 -61.1098 
vt 5.92463 -61.1023 
vt 6 -61.1335 
vt 6 -61.1096 
vt 6.07537 -61.1023 
vt 5.94159 -61.0854 
vt 6.05841 -61.0854 
vt 5.89341 -61.027 
vt 6.10659 -61.027 
vt 5.9174 -61.027 
vt 6.0826 -61.027 
vt 5.94159 -60.9686 
vt 6.05841 -60.9686 
vt 5.92463 -60.9516 
vt 6.07537 -60.9516 
vt 6 -60.9444 
vt 6 -60.9204 
vt 6.11661 -61.027 
vt 5.88339 -61.027 
vt 6.19674 -61.1116 
vt 6.20191 -61.1546 
vt 6.11852 -61.2024 
vt 6.20191 -61.1546 
vt 6.11852 -61.2024 
vt 6.16177 -61.2011 
vt 6.08941 -61.0191 
vt 6.19674 -61.1116 
vt 6.01119 -61.1098 
vt 6.20191 -61.1546 
vt 6.11852 -61.2024 
vt 6.20191 -61.1546 
vt 6.11852 -61.2024 
vt 6.16177 -61.2011 
vt 5.90999 -60.8474 
vt 5.92035 -60.9064 
vt 5.90228 -60.849 
vt 5.91256 -60.9078 
vt 5.89448 -60.8506 
vt 5.90477 -60.9091 
vt 5.90232 -60.8379 
vt 5.90154 -60.9097 
vt 5.90477 -60.9091 
vt 5.89446 -60.8363 
vt 5.90998 -60.8395 
vt 5.91247 -60.8336 
vt 5.90614 -60.829 
vt 5.89965 -60.8243 
vt 5.90945 -60.8157 
vt 5.91345 -60.8226 
vt 5.91739 -60.8294 
vt 5.92398 -60.8189 
vt 5.92513 -60.8267 
vt 5.92281 -60.811 
vt 6.07602 -60.8189 
vt 6.07719 -60.811 
vt 6.09055 -60.8157 
vt 5.93031 -61.0967 
vt 6.15492 -60.9014 
vt 6 -60.938 
vt 6.08079 -60.9499 
vt 6.15492 -60.9499 
vt 5.84508 -60.9014 
vt 5.91921 -60.9499 
vt 5.84508 -60.9499 
vt 5.84508 -60.9199 
vt 6.15492 -60.9199 
vt 6.11661 -61.027 
vt 6 -61.1436 
vt 5.88339 -61.027 
vt 6 -61.1096 
vt 6.0826 -61.027 
vt 5.9174 -61.027 
vt 6.05841 -61.0854 
vt 5.94159 -61.0854 
vt 6 -60.9444 
vt 5.94159 -60.9686 
vt 6.05841 -60.9686 
vt 5.80326 -61.1116 
vt 5.88148 -61.2024 
vt 5.79809 -61.1546 
vt 5.98881 -61.1098 
vt 5.80326 -61.1116 
vt 5.88148 -61.2024 
vt 5.91059 -61.0191 
vt 5.83823 -61.2011 
vt 5.79809 -61.1546 
vt 6.19674 -61.1116 
vt 6.16177 -61.2011 
vt 6.20191 -61.1546 
vt 6.11852 -61.2024 
vt 6.01119 -61.1098 
vt 6.08941 -61.0191 
vt 6.11823 -60.9018 
vt 6.0229 -60.9438 
vt 6 -60.8882 
vt 6 -60.9018 
vt 6.02004 -60.9018 
vt 6.02004 -60.8882 
vt 5.97996 -60.8882 
vt 5.97996 -60.9018 
vt 6 -60.8882 
vt 6 -60.9018 
vt 5.98881 -61.1098 
vt 5.80326 -61.1116 
vt 5.88148 -61.2024 
vt 5.91059 -61.0191 
vt 5.83823 -61.2011 
vt 5.79809 -61.1546 
vt 6.19674 -61.1116 
vt 6.16177 -61.2011 
vt 6.20191 -61.1546 
vt 6.11852 -61.2024 
vt 6.01119 -61.1098 
vt 6.08941 -61.0191 
vt 5.92281 -60.811 
vt 6.09055 -60.8157 
vt 6.07487 -60.8267 
vt 6.08655 -60.8226 
vt 6.08261 -60.8294 
vt 6.08753 -60.8336 
vt 6.09386 -60.829 
vt 6.10035 -60.8243 
vt 6.10884 -60.8356 
vt 6.10554 -60.8363 
vt 6.09768 -60.8379 
vt 6.09002 -60.8395 
vt 6.09772 -60.849 
vt 6.09001 -60.8474 
vt 6.07965 -60.9064 
vt 6.08744 -60.9078 
vt 6.10552 -60.8506 
vt 6.09523 -60.9091 
vt 6.09523 -60.9091 
vt 5.9771 -60.9438 
vt 5.9771 -60.9751 
vt 6.0229 -60.9751 
vt 6.0229 -60.9438 
vt 5.79809 -61.1546 
vt 5.83823 -61.2011 
vt 5.88148 -61.2024 
vt 5.79809 -61.1546 
vt 5.83823 -61.2011 
vt 5.88148 -61.2024 
vt 6.02017 -60.8673 
vt 5.97983 -60.8673 
vt 5.98689 -60.874 
vt 6.01311 -60.874 
vt 6.02017 -60.8413 
vt 5.97983 -60.8413 
vt 5.98451 -60.8354 
vt 6.01549 -60.8354 
vt 6.02581 -61.0498 
vt 5.97419 -61.0498 
vt 5.97942 -61.0602 
vt 6.02058 -61.0602 
vt 5.97419 -60.9521 
vt 6.02581 -60.9521 
vt 5.98689 -60.8961 
vt 5.98689 -60.9521 
vt 6.01311 -60.9521 
vt 6.01311 -60.8961 
vt 6.01311 -60.8709 
vt 5.98689 -60.8709 
vt 6.2735 -60.968 
vt 6.2735 -61.032 
vt 5.7265 -61.0754 
vt 5.7265 -61 
vt 5.7265 -60.9246 
vt 5.7265 -61.1066 
vt 5.7265 -60.8934 
vt 5.7265 -61 
vt 5.76389 -60.9175 
vt 5.76389 -60.8834 
vt 5.7265 -60.9246 
vt 5.76389 -61 
vt 5.7265 -61 
vt 5.7265 -61.0754 
vt 5.76389 -61.0825 
vt 5.76389 -61.1166 
vt 6.02903 -60.9888 
vt 6.04699 -60.9888 
vt 6.04699 -60.8815 
vt 6.02903 -60.8815 
vt 6.04699 -60.8382 
vt 6.02903 -60.8382 
vt 5.83619 -60.9106 
vt 5.83619 -60.9888 
vt 5.85415 -60.9888 
vt 5.85415 -60.8815 
vt 5.83619 -60.8815 
vt 5.85415 -60.8382 
vt 5.83619 -60.8382 
vt 5.77775 -61.0874 
vt 5.79685 -61.0952 
vt 5.78894 -61.085 
vt 5.78115 -61.0875 
vt 5.79673 -61.0875 
vt 5.79676 -61.0826 
vt 5.78113 -61.0826 
vt 5.78894 -61.081 
vt 5.78106 -61.0749 
vt 5.78894 -61.0744 
vt 5.79682 -61.0749 
vt 6.09272 -61.0697 
vt 6.09272 -60.9303 
vt 6.09272 -61 
vt 6.09272 -61.0697 
vt 6.09272 -60.9303 
vt 5.76014 -60.8451 
vt 5.76014 -60.9192 
vt 5.76014 -61.1549 
vt 5.76014 -61.0808 
vt 5.81708 -61.1549 
vt 5.77868 -61.1549 
vt 5.77868 -60.8451 
vt 6.09272 -60.9303 
vt 6.05707 -60.8834 
vt 6.05707 -60.9175 
vt 6.05707 -61 
vt 6.09272 -61 
vt 6.09272 -61.0697 
vt 6.05707 -61.0825 
vt 5.79678 -61 
vt 5.79678 -61 
vt 6.04699 -61.1967 
vt 6.16343 -60.9869 
vt 6.16343 -61.0131 
vt 6.16756 -61.0131 
vt 6.16756 -60.9869 
vt 5.83619 -61.0894 
vt 6.21014 -61.0131 
vt 6.20602 -60.9869 
vt 6.20602 -61.0131 
vt 6.21014 -60.9869 
vt 6.11568 -61 
vt 6.24793 -60.9852 
vt 6.11568 -60.9852 
vt 6.11568 -61.0148 
vt 6.24793 -61 
vt 6.24793 -61.0148 
vt 6.11568 -61 
vt 6.05707 -61 
vt 5.76389 -60.9175 
vt 5.76389 -61 
vt 6.05707 -60.9175 
vt 6.05707 -61.0825 
vt 5.76389 -61.0825 
vt 5.81708 -61.0808 
vt 6.15369 -61.032 
vt 6.2735 -61.032 
vt 6.2735 -60.968 
vt 6.15369 -60.968 
vt 6.13745 -60.9771 
vt 6.13745 -61.0229 
vt 6.10563 -60.9771 
vt 6.10563 -61.0229 
vt 6.07795 -61.02 
vt 6.13745 -61.0229 
vt 5.76014 -60.9192 
vt 5.77868 -60.8451 
vt 5.76014 -60.8451 
vt 5.77868 -60.9279 
vt 5.77868 -61.1549 
vt 5.76014 -61.0808 
vt 5.76014 -61.1549 
vt 5.77868 -61.0721 
vt 5.77868 -61.0721 
vt 5.76014 -61 
vt 5.76014 -61.0808 
vt 5.77868 -61 
vt 5.76014 -61 
vt 5.77868 -60.9279 
vt 5.76014 -60.9192 
vt 5.77868 -61 
vt 5.77868 -61.1549 
vt 5.81708 -61.0808 
vt 5.79208 -61.0635 
vt 5.81708 -61.1549 
vt 5.77868 -60.8451 
vt 5.79208 -60.9365 
vt 5.81708 -60.9192 
vt 5.81708 -60.8451 
vt 6.07795 -61.02 
vt 6.14861 -61.02 
vt 6.14861 -60.98 
vt 6.07795 -60.98 
vt 5.99771 -61.02 
vt 5.99771 -60.98 
vt 5.98759 -61 
vt 5.79592 -60.8888 
vt 5.79592 -61.1112 
vt 5.80473 -60.8688 
vt 5.78873 -60.8617 
vt 5.77992 -60.8818 
vt 5.80473 -61.1312 
vt 5.78873 -61.1383 
vt 5.77992 -61.1182 
vt 5.79678 -60.9416 
vt 5.7265 -60.9416 
vt 5.79678 -61 
vt 5.7265 -61 
vt 5.79678 -61.0584 
vt 5.7265 -61.0584 
vt 6.1992 -61.0206 
vt 6.17684 -61.0206 
vt 6.1992 -60.9794 
vt 6.17684 -60.9794 
vt 6.02903 -61.1967 
vt 5.78894 -60.9256 
vt 5.79682 -60.9251 
vt 5.79676 -60.9174 
vt 5.78894 -60.919 
vt 5.79673 -60.9125 
vt 5.78106 -60.9251 
vt 5.78113 -60.9174 
vt 5.78894 -60.915 
vt 5.78115 -60.9125 
vt 5.79685 -60.9048 
vt 6.02903 -61.0112 
vt 6.04699 -61.1618 
vt 6.04699 -61.0112 
vt 6.02903 -61.1618 
vt 6.04699 -61.1185 
vt 6.02903 -61.1185 
vt 5.83619 -61.0112 
vt 5.85415 -61.1618 
vt 5.85415 -61.0112 
vt 5.83619 -61.1618 
vt 5.85415 -61.1185 
vt 5.83619 -61.1185 
vt 5.7265 -60.9751 
vt 5.8185 -60.7976 
vt 6.2735 -61.1023 
vt 6.2735 -61.1023 
vt 6.2735 -61.027 
vt 6.2735 -61.027 
vt 6.2735 -61.1023 
vt 6.23611 -61.1094 
vt 6.23611 -61.027 
vt 6.2735 -61.027 
vt 6.2735 -60.9516 
vt 6.23611 -60.9445 
vt 5.97097 -61.0191 
vt 5.95301 -61.0191 
vt 5.97097 -61.1098 
vt 5.95301 -61.1098 
vt 6.16381 -61.0191 
vt 6.14585 -61.0191 
vt 6.16381 -61.1098 
vt 6.14585 -61.1098 
vt 6.22225 -60.9078 
vt 6.21901 -60.8506 
vt 6.21897 -60.9091 
vt 6.21106 -60.8512 
vt 6.21106 -60.9097 
vt 6.20315 -60.9091 
vt 6.21906 -60.8363 
vt 6.21106 -60.8356 
vt 6.2031 -60.8506 
vt 6.20305 -60.8363 
vt 6.20305 -60.8243 
vt 6.21106 -60.8223 
vt 6.21907 -60.8243 
vt 5.90728 -61.0967 
vt 5.90728 -60.9573 
vt 6.23986 -60.9499 
vt 6.18292 -60.9014 
vt 6.22132 -60.9199 
vt 6.23986 -60.9014 
vt 6.18292 -60.9199 
vt 6.23986 -60.9499 
vt 6.22132 -60.9499 
vt 5.90728 -61.1255 
vt 5.90728 -61.0967 
vt 5.94293 -61.1094 
vt 5.94293 -61.027 
vt 5.90728 -61.027 
vt 5.90728 -60.9573 
vt 5.94293 -60.9445 
vt 6.20322 -61.0854 
vt 6.16381 -61.2024 
vt 5.88432 -61.0061 
vt 5.75207 -61.0061 
vt 5.88432 -61.0122 
vt 5.75207 -61.0122 
vt 5.88432 -61.027 
vt 5.75207 -61.027 
vt 5.88432 -61.0417 
vt 5.75207 -61.0478 
vt 5.75207 -61.0417 
vt 5.88432 -61.0478 
vt 5.94293 -61.1094 
vt 6.23611 -61.1094 
vt 5.94293 -61.027 
vt 6.23611 -61.027 
vt 5.94293 -60.9445 
vt 6.23611 -60.9445 
vt 6.00229 -60.9018 
vt 6.19527 -60.9018 
vt 6.00229 -60.8882 
vt 6.19527 -60.8882 
vt 6.21127 -60.9018 
vt 5.91292 -60.8882 
vt 5.85139 -60.9671 
vt 5.92205 -60.9018 
vt 5.83829 -60.9571 
vt 6.00229 -60.8882 
vt 6.00229 -60.9018 
vt 5.84631 -60.9438 
vt 5.7265 -60.9438 
vt 5.7265 -60.9751 
vt 5.84631 -60.9751 
vt 5.86255 -60.9751 
vt 5.86255 -60.9438 
vt 5.89437 -60.9751 
vt 5.89437 -60.9438 
vt 6.20408 -60.8882 
vt 6.01241 -60.8882 
vt 6.01241 -60.9018 
vt 6.20408 -60.9018 
vt 6.22008 -60.9018 
vt 6.20322 -60.9686 
vt 6.2735 -61.027 
vt 6.2735 -60.9686 
vt 6.20322 -61.027 
vt 6.2735 -61.0854 
vt 6.20322 -61.0854 
vt 5.8008 -60.9521 
vt 5.82316 -61.0498 
vt 5.82316 -60.9521 
vt 5.8008 -61.0498 
vt 5.8008 -61.0602 
vt 5.82316 -61.0602 
vt 5.82303 -60.9521 
vt 5.86521 -60.8354 
vt 5.86521 -60.8354 
vt 5.8185 -60.7976 
vt 5.82263 -60.8007 
vt 5.8185 -60.7976 
vt 5.81414 -60.8035 
vt 5.86108 -60.8324 
vt 5.81827 -60.8066 
vt 5.85672 -60.8382 
vt 5.86085 -60.8413 
vt 5.84154 -60.8673 
vt 5.79895 -60.8326 
vt 5.79482 -60.8295 
vt 5.78986 -60.8362 
vt 5.79398 -60.8393 
vt 5.83741 -60.8642 
vt 5.83244 -60.8709 
vt 5.83657 -60.874 
vt 5.82303 -60.8961 
vt 5.77324 -60.8961 
vt 5.82303 -60.9521 
vt 5.77324 -60.9521 
vt 6.18292 -60.9014 
vt 6.20792 -60.9199 
vt 6.20792 -60.9014 
vt 6.18292 -60.9199 
vt 6.20327 -60.8336 
vt 6.21106 -60.8355 
vt 6.21885 -60.8336 
vt 6.21887 -60.8395 
vt 6.21106 -60.8401 
vt 6.20325 -60.8395 
vt 6.21106 -60.8467 
vt 6.21894 -60.8474 
vt 6.21106 -60.9058 
vt 6.21897 -60.9064 
vt 6.20318 -60.8474 
vt 6.20315 -60.9064 
vt 5.95301 -61.0191 
vt 5.95301 -61.1116 
vt 5.97097 -61.1116 
vt 5.95301 -61.1546 
vt 5.97097 -61.0191 
vt 5.97097 -61.1546 
vt 5.95301 -61.2011 
vt 5.97097 -61.2011 
vt 6.14585 -61.0191 
vt 6.14585 -61.1116 
vt 6.16381 -61.1116 
vt 6.14585 -61.1546 
vt 6.16381 -61.0191 
vt 6.16381 -61.1546 
vt 6.14585 -61.2011 
vt 6.16381 -61.2011 

usemtl Meshpart1Mtl

f 1/1/1 2/2/2 3/3/3 
f 3/3/3 2/2/2 4/4/4 
f 5/5/5 6/6/6 7/7/7 
f 6/6/6 5/5/5 8/8/8 
f 9/9/9 5/5/5 7/7/7 
f 5/5/5 9/9/9 10/10/10 
f 11/11/11 12/12/12 13/13/13 
f 11/11/11 14/14/14 12/12/12 
f 15/15/15 14/14/14 11/11/11 
f 14/14/14 15/15/15 16/16/16 
f 15/15/15 17/17/17 16/16/16 
f 17/17/17 15/15/15 18/18/18 
f 19/19/19 20/20/20 21/21/21 
f 22/22/22 20/20/20 19/19/19 
f 20/20/20 22/22/22 23/23/23 
f 20/20/20 23/23/23 24/24/24 
f 43/43/43 44/44/44 41/41/41 
f 44/44/44 43/43/43 45/45/45 
f 45/45/45 46/46/46 44/44/44 
f 43/43/43 47/47/47 45/45/45 
f 46/46/46 45/45/45 48/48/48 
f 45/45/45 49/49/49 48/48/48 
f 47/47/47 49/49/49 45/45/45 
f 49/49/49 50/50/50 48/48/48 
f 49/49/49 51/51/51 50/50/50 
f 51/51/51 49/49/49 52/52/52 
f 47/47/47 52/52/52 49/49/49 
f 52/52/52 47/47/47 54/54/54 
f 55/55/55 51/51/51 52/52/52 
f 51/51/51 55/55/55 53/53/53 
f 56/56/56 52/52/52 54/54/54 
f 52/52/52 56/56/56 55/55/55 
f 58/58/58 59/59/59 60/60/60 
f 58/58/58 61/61/61 59/59/59 
f 62/62/62 61/61/61 58/58/58 
f 61/61/61 62/62/62 63/63/63 
f 63/63/63 64/64/64 61/61/61 
f 64/64/64 63/63/63 65/65/65 
f 81/81/81 82/82/82 83/83/83 
f 81/81/81 83/83/83 84/84/84 
f 82/82/82 81/81/81 85/85/85 
f 85/85/85 81/81/81 86/86/86 
f 87/87/87 88/88/88 89/89/89 
f 89/89/89 88/88/88 90/90/90 
f 87/87/87 89/89/89 91/91/91 
f 91/91/91 89/89/89 92/92/92 
f 101/101/101 102/102/102 103/103/103 
f 101/101/101 103/103/103 104/104/104 
f 102/102/102 101/101/101 105/105/105 
f 105/105/105 101/101/101 106/106/106 
f 107/107/107 108/108/108 109/109/109 
f 109/109/109 108/108/108 110/110/110 
f 107/107/107 109/109/109 111/111/111 
f 111/111/111 109/109/109 112/112/112 
f 114/114/114 115/115/115 116/116/116 
f 116/116/116 117/117/117 114/114/114 
f 118/118/118 119/119/119 120/120/120 
f 120/120/120 121/121/121 118/118/118 
f 122/122/122 123/123/123 124/124/124 
f 124/124/124 125/125/125 122/122/122 
f 126/126/126 127/127/127 128/128/128 
f 126/126/126 129/129/129 127/127/127 
f 126/126/126 130/130/130 129/129/129 
f 129/129/129 130/130/130 131/131/131 
f 131/131/131 130/130/130 132/132/132 
f 55/55/55 57/57/57 53/53/53 
f 57/57/57 55/55/55 133/133/133 
f 56/56/56 133/133/133 55/55/55 
f 133/133/133 56/56/56 135/135/135 
f 133/133/133 136/136/136 57/57/57 
f 135/135/135 136/136/136 133/133/133 
f 57/57/57 136/136/136 134/134/134 
f 136/136/136 135/135/135 137/137/137 
f 138/138/138 136/136/136 137/137/137 
f 139/139/139 134/134/134 136/136/136 
f 136/136/136 138/138/138 139/139/139 
f 134/134/134 139/139/139 140/140/140 
f 139/139/139 141/141/141 140/140/140 
f 138/138/138 142/142/142 139/139/139 
f 141/141/141 139/139/139 142/142/142 
f 142/142/142 138/138/138 143/143/143 
f 152/152/152 151/151/151 150/150/150 
f 142/142/142 143/143/143 153/153/153 
f 151/151/151 152/152/152 154/154/154 
f 154/154/154 153/153/153 151/151/151 
f 148/148/148 154/154/154 152/152/152 
f 154/154/154 148/148/148 147/147/147 
f 153/153/153 154/154/154 155/155/155 
f 155/155/155 142/142/142 153/153/153 
f 147/147/147 155/155/155 154/154/154 
f 141/141/141 142/142/142 155/155/155 
f 155/155/155 147/147/147 145/145/145 
f 155/155/155 145/145/145 141/141/141 
f 164/164/164 162/162/162 163/163/163 
f 162/162/162 164/164/164 165/165/165 
f 164/164/164 166/166/166 165/165/165 
f 166/166/166 164/164/164 167/167/167 
f 168/168/168 169/169/169 170/170/170 
f 170/170/170 169/169/169 171/171/171 
f 172/172/172 173/173/173 174/174/174 
f 174/174/174 173/173/173 176/176/176 
f 180/180/180 182/182/182 184/184/184 
f 183/183/183 184/184/184 182/182/182 
f 180/180/180 184/184/184 181/181/181 
f 184/184/184 183/183/183 185/185/185 
f 181/181/181 184/184/184 186/186/186 
f 185/185/185 186/186/186 184/184/184 
f 186/186/186 185/185/185 187/187/187 
f 188/188/188 186/186/186 187/187/187 
f 187/187/187 189/189/189 188/188/188 
f 189/189/189 190/190/190 188/188/188 
f 204/204/204 203/203/203 202/202/202 
f 202/202/202 206/206/206 204/204/204 
f 208/208/208 204/204/204 206/206/206 
f 204/204/204 208/208/208 209/209/209 
f 215/215/215 216/216/216 217/217/217 
f 216/216/216 215/215/215 218/218/218 
f 217/217/217 219/219/219 215/215/215 
f 219/219/219 217/217/217 220/220/220 
f 221/221/221 222/222/222 224/224/224 
f 226/226/226 224/224/224 222/222/222 
f 223/223/223 225/225/225 226/226/226 
f 224/224/224 226/226/226 225/225/225 
f 227/227/227 228/228/228 229/229/229 
f 230/230/230 229/229/229 228/228/228 
f 229/229/229 231/231/231 227/227/227 
f 232/232/232 231/231/231 229/229/229 
f 231/231/231 232/232/232 233/233/233 
f 232/232/232 234/234/234 233/233/233 
f 235/235/235 231/231/231 233/233/233 
f 234/234/234 232/232/232 236/236/236 
f 237/237/237 234/234/234 236/236/236 
f 234/234/234 237/237/237 238/238/238 
f 231/231/231 235/235/235 239/239/239 
f 235/235/235 240/240/240 239/239/239 
f 240/240/240 235/235/235 241/241/241 
f 242/242/242 243/243/243 244/244/244 
f 243/243/243 245/245/245 244/244/244 
f 245/245/245 243/243/243 246/246/246 
f 242/242/242 244/244/244 247/247/247 
f 248/248/248 242/242/242 247/247/247 
f 242/242/242 248/248/248 249/249/249 
f 253/253/253 254/254/254 255/255/255 
f 253/253/253 255/255/255 256/256/256 
f 257/257/257 255/255/255 254/254/254 
f 255/255/255 257/257/257 258/258/258 
f 259/259/259 258/258/258 257/257/257 
f 258/258/258 259/259/259 260/260/260 
f 264/264/264 262/262/262 263/263/263 
f 265/265/265 264/264/264 263/263/263 
f 266/266/266 264/264/264 265/265/265 
f 267/267/267 266/266/266 265/265/265 
f 269/269/269 270/270/270 268/268/268 
f 268/268/268 270/270/270 271/271/271 
f 274/274/274 275/275/275 273/273/273 
f 278/278/278 276/276/276 277/277/277 
f 278/278/278 274/274/274 276/276/276 
f 277/277/277 279/279/279 278/278/278 
f 278/278/278 280/280/280 274/274/274 
f 275/275/275 274/274/274 280/280/280 
f 181/181/181 186/186/186 281/281/281 
f 282/282/282 281/281/281 186/186/186 
f 186/186/186 188/188/188 282/282/282 
f 188/188/188 283/283/283 282/282/282 
f 283/283/283 188/188/188 284/284/284 
f 188/188/188 190/190/190 284/284/284 
f 284/284/284 285/285/285 283/283/283 
f 285/285/285 284/284/284 286/286/286 
f 190/190/190 287/287/287 284/284/284 
f 284/284/284 287/287/287 286/286/286 
f 290/290/290 291/291/291 292/292/292 
f 292/292/292 293/293/293 290/290/290 
f 294/294/294 295/295/295 296/296/296 
f 296/296/296 297/297/297 294/294/294 
f 304/304/304 305/305/305 306/306/306 
f 306/306/306 305/305/305 307/307/307 
f 305/305/305 308/308/308 307/307/307 
f 308/308/308 305/305/305 309/309/309 
f 314/314/314 313/313/313 311/311/311 
f 311/311/311 315/315/315 314/314/314 
f 316/316/316 314/314/314 315/315/315 
f 315/315/315 317/317/317 316/316/316 
f 322/322/322 321/321/321 319/319/319 
f 319/319/319 323/323/323 322/322/322 
f 324/324/324 322/322/322 323/323/323 
f 323/323/323 325/325/325 324/324/324 
f 326/326/326 327/327/327 328/328/328 
f 328/328/328 329/329/329 326/326/326 
f 331/331/331 328/328/328 330/330/330 
f 328/328/328 331/331/331 329/329/329 
f 329/329/329 331/331/331 332/332/332 
f 329/329/329 332/332/332 333/333/333 
f 334/334/334 329/329/329 333/333/333 
f 329/329/329 334/334/334 326/326/326 
f 334/334/334 333/333/333 335/335/335 
f 332/332/332 335/335/335 333/333/333 
f 334/334/334 335/335/335 336/336/336 
f 335/335/335 332/332/332 337/337/337 
f 342/342/342 343/343/343 344/344/344 
f 343/343/343 342/342/342 345/345/345 
f 346/346/346 343/343/343 345/345/345 
f 343/343/343 346/346/346 347/347/347 
f 348/348/348 349/349/349 350/350/350 
f 349/349/349 348/348/348 352/352/352 
f 353/353/353 349/349/349 352/352/352 
f 349/349/349 353/353/353 354/354/354 
f 360/360/360 362/362/362 363/363/363 
f 364/364/364 363/363/363 362/362/362 
f 363/363/363 364/364/364 365/365/365 
f 366/366/366 365/365/365 364/364/364 
f 370/370/370 371/371/371 369/369/369 
f 371/371/371 370/370/370 372/372/372 
f 372/372/372 373/373/373 371/371/371 
f 373/373/373 372/372/372 374/374/374 
f 375/375/375 376/376/376 377/377/377 
f 375/375/375 377/377/377 378/378/378 
f 378/378/378 379/379/379 375/375/375 
f 381/381/381 382/382/382 383/383/383 
f 382/382/382 381/381/381 384/384/384 
f 385/385/385 383/383/383 382/382/382 
f 383/383/383 385/385/385 386/386/386 
f 388/388/388 389/389/389 390/390/390 
f 388/388/388 390/390/390 391/391/391 
f 388/388/388 391/391/391 392/392/392 
f 392/392/392 393/393/393 388/388/388 
f 393/393/393 392/392/392 394/394/394 
f 395/395/395 393/393/393 394/394/394 
f 397/397/397 398/398/398 399/399/399 
f 400/400/400 399/399/399 398/398/398 
f 400/400/400 398/398/398 401/401/401 
f 403/403/403 404/404/404 402/402/402 
f 404/404/404 403/403/403 406/406/406 
f 406/406/406 407/407/407 404/404/404 
f 407/407/407 406/406/406 405/405/405 
f 410/410/410 409/409/409 408/408/408 
f 408/408/408 411/411/411 410/410/410 
f 413/413/413 410/410/410 411/411/411 
f 410/410/410 413/413/413 412/412/412 
f 415/415/415 416/416/416 417/417/417 
f 416/416/416 418/418/418 417/417/417 
f 418/418/418 419/419/419 417/417/417 
f 417/417/417 419/419/419 420/420/420 
f 420/420/420 421/421/421 422/422/422 
f 419/419/419 423/423/423 420/420/420 
f 421/421/421 420/420/420 423/423/423 
f 423/423/423 419/419/419 424/424/424 
f 425/425/425 421/421/421 423/423/423 
f 426/426/426 424/424/424 419/419/419 
f 424/424/424 425/425/425 423/423/423 
f 426/426/426 427/427/427 424/424/424 
f 421/421/421 425/425/425 428/428/428 
f 429/429/429 424/424/424 427/427/427 
f 425/425/425 430/430/430 428/428/428 
f 424/424/424 429/429/429 431/431/431 
f 425/425/425 424/424/424 431/431/431 
f 430/430/430 425/425/425 432/432/432 
f 431/431/431 432/432/432 425/425/425 
f 429/429/429 433/433/433 431/431/431 
f 432/432/432 431/431/431 433/433/433 
f 429/429/429 434/434/434 433/433/433 
f 436/436/436 437/437/437 438/438/438 
f 437/437/437 436/436/436 439/439/439 
f 442/442/442 443/443/443 441/441/441 
f 443/443/443 440/440/440 441/441/441 
f 443/443/443 442/442/442 444/444/444 
f 445/445/445 443/443/443 444/444/444 
f 446/446/446 447/447/447 445/445/445 
f 447/447/447 443/443/443 445/445/445 
f 448/448/448 447/447/447 446/446/446 
f 449/449/449 447/447/447 448/448/448 
f 447/447/447 449/449/449 450/450/450 
f 450/450/450 443/443/443 447/447/447 
f 443/443/443 450/450/450 451/451/451 
f 443/443/443 451/451/451 440/440/440 
f 454/454/454 452/452/452 453/453/453 
f 455/455/455 452/452/452 454/454/454 
f 458/458/458 456/456/456 457/457/457 
f 459/459/459 456/456/456 458/458/458 
f 460/460/460 461/461/461 462/462/462 
f 463/463/463 462/462/462 461/461/461 
f 460/460/460 462/462/462 464/464/464 
f 462/462/462 463/463/463 465/465/465 
f 464/464/464 466/466/466 460/460/460 
f 467/467/467 465/465/465 463/463/463 
f 466/466/466 464/464/464 468/468/468 
f 465/465/465 467/467/467 469/469/469 
f 470/470/470 466/466/466 468/468/468 
f 471/471/471 469/469/469 467/467/467 
f 466/466/466 470/470/470 472/472/472 
f 467/467/467 473/473/473 471/471/471 
f 474/474/474 472/472/472 470/470/470 
f 473/473/473 474/474/474 471/471/471 
f 472/472/472 474/474/474 475/475/475 
f 474/474/474 473/473/473 475/475/475 
f 494/494/494 493/493/493 492/492/492 
f 494/494/494 495/495/495 493/493/493 
f 496/496/496 495/495/495 494/494/494 
f 496/496/496 497/497/497 495/495/495 
f 492/492/492 498/498/498 494/494/494 
f 494/494/494 501/501/501 496/496/496 
f 501/501/501 494/494/494 498/498/498 
f 498/498/498 492/492/492 502/502/502 
f 503/503/503 498/498/498 502/502/502 
f 504/504/504 498/498/498 503/503/503 
f 504/504/504 501/501/501 498/498/498 
f 505/505/505 501/501/501 504/504/504 
f 504/504/504 506/506/506 505/505/505 
f 506/506/506 504/504/504 507/507/507 
f 503/503/503 507/507/507 504/504/504 
f 507/507/507 503/503/503 508/508/508 
f 507/507/507 509/509/509 506/506/506 
f 508/508/508 510/510/510 507/507/507 
f 510/510/510 509/509/509 507/507/507 
f 509/509/509 511/511/511 506/506/506 
f 512/512/512 511/511/511 509/509/509 
f 512/512/512 509/509/509 510/510/510 
f 511/511/511 512/512/512 513/513/513 
f 512/512/512 514/514/514 513/513/513 
f 516/516/516 517/517/517 518/518/518 
f 518/518/518 519/519/519 516/516/516 
f 516/516/516 520/520/520 517/517/517 
f 520/520/520 521/521/521 517/517/517 
f 521/521/521 520/520/520 522/522/522 
f 528/528/528 529/529/529 530/530/530 
f 529/529/529 528/528/528 531/531/531 
f 528/528/528 530/530/530 532/532/532 
f 529/529/529 533/533/533 530/530/530 
f 530/530/530 533/533/533 534/534/534 
f 533/533/533 529/529/529 535/535/535 
f 539/539/539 540/540/540 541/541/541 
f 540/540/540 539/539/539 542/542/542 
f 540/540/540 543/543/543 541/541/541 
f 543/543/543 540/540/540 544/544/544 
f 545/545/545 546/546/546 547/547/547 
f 546/546/546 545/545/545 548/548/548 
f 545/545/545 549/549/549 548/548/548 
f 549/549/549 545/545/545 550/550/550 
f 553/553/553 554/554/554 555/555/555 
f 553/553/553 555/555/555 556/556/556 
f 557/557/557 558/558/558 559/559/559 
f 558/558/558 560/560/560 559/559/559 
f 561/561/561 562/562/562 563/563/563 
f 562/562/562 561/561/561 564/564/564 
f 562/562/562 565/565/565 563/563/563 
f 565/565/565 562/562/562 566/566/566 
f 567/567/567 568/568/568 569/569/569 
f 568/568/568 567/567/567 570/570/570 
f 567/567/567 571/571/571 570/570/570 
f 571/571/571 567/567/567 572/572/572 
f 510/510/510 575/575/575 512/512/512 
f 575/575/575 576/576/576 512/512/512 
f 514/514/514 512/512/512 576/576/576 
f 576/576/576 575/575/575 577/577/577 
f 576/576/576 577/577/577 578/578/578 
f 514/514/514 576/576/576 579/579/579 
f 579/579/579 576/576/576 578/578/578 
f 580/580/580 514/514/514 579/579/579 
f 579/579/579 582/582/582 580/580/580 
f 578/578/578 583/583/583 579/579/579 
f 582/582/582 579/579/579 583/583/583 
f 583/583/583 578/578/578 584/584/584 
f 585/585/585 582/582/582 583/583/583 
f 586/586/586 583/583/583 584/584/584 
f 583/583/583 586/586/586 585/585/585 
f 586/586/586 587/587/587 585/585/585 
f 588/588/588 585/585/585 587/587/587 
f 585/585/585 588/588/588 589/589/589 
f 582/582/582 585/585/585 589/589/589 
f 590/590/590 589/589/589 588/588/588 
f 592/592/592 593/593/593 594/594/594 
f 592/592/592 594/594/594 595/595/595 
f 602/602/602 603/603/603 604/604/604 
f 602/602/602 604/604/604 605/605/605 
f 603/603/603 602/602/602 606/606/606 
f 607/607/607 603/603/603 606/606/606 
f 606/606/606 608/608/608 607/607/607 
f 608/608/608 606/606/606 609/609/609 
f 610/610/610 611/611/611 612/612/612 
f 610/610/610 612/612/612 613/613/613 
f 611/611/611 610/610/610 614/614/614 
f 614/614/614 610/610/610 615/615/615 
f 616/616/616 617/617/617 618/618/618 
f 616/616/616 618/618/618 619/619/619 
f 616/616/616 619/619/619 620/620/620 
f 621/621/621 616/616/616 620/620/620 
f 632/632/632 633/633/633 630/630/630 
f 633/633/633 632/632/632 634/634/634 
f 635/635/635 633/633/633 634/634/634 
f 636/636/636 633/633/633 635/635/635 
f 639/639/639 640/640/640 638/638/638 
f 638/638/638 640/640/640 641/641/641 
f 640/640/640 643/643/643 641/641/641 
f 643/643/643 640/640/640 642/642/642 
f 646/646/646 647/647/647 645/645/645 
f 645/645/645 647/647/647 648/648/648 
f 647/647/647 650/650/650 648/648/648 
f 650/650/650 647/647/647 649/649/649 
f 653/653/653 655/655/655 656/656/656 
f 653/653/653 657/657/657 654/654/654 
f 657/657/657 653/653/653 658/658/658 
f 658/658/658 659/659/659 657/657/657 
f 653/653/653 656/656/656 658/658/658 
f 659/659/659 658/658/658 660/660/660 
f 658/658/658 656/656/656 661/661/661 
f 658/658/658 661/661/661 660/660/660 
f 677/677/677 674/674/674 676/676/676 
f 674/674/674 677/677/677 678/678/678 
f 677/677/677 679/679/679 678/678/678 
f 679/679/679 677/677/677 680/680/680 
f 684/684/684 685/685/685 686/686/686 
f 686/686/686 687/687/687 684/684/684 
f 689/689/689 690/690/690 691/691/691 
f 690/690/690 689/689/689 692/692/692 
f 694/694/694 695/695/695 697/697/697 
f 699/699/699 697/697/697 695/695/695 
f 696/696/696 698/698/698 699/699/699 
f 697/697/697 699/699/699 698/698/698 
f 700/700/700 701/701/701 702/702/702 
f 701/701/701 700/700/700 703/703/703 
f 702/702/702 704/704/704 700/700/700 
f 704/704/704 702/702/702 705/705/705 
f 707/707/707 708/708/708 709/709/709 
f 707/707/707 709/709/709 710/710/710 
f 707/707/707 710/710/710 711/711/711 
f 711/711/711 712/712/712 707/707/707 
f 712/712/712 711/711/711 713/713/713 
f 714/714/714 712/712/712 713/713/713 
f 717/717/717 718/718/718 719/719/719 
f 718/718/718 717/717/717 720/720/720 
f 721/721/721 722/722/722 723/723/723 
f 721/721/721 724/724/724 722/722/722 
f 725/725/725 726/726/726 727/727/727 
f 726/726/726 725/725/725 728/728/728 
f 729/729/729 730/730/730 731/731/731 
f 730/730/730 729/729/729 732/732/732 
f 733/733/733 734/734/734 735/735/735 
f 734/734/734 733/733/733 736/736/736 
f 735/735/735 737/737/737 733/733/733 
f 737/737/737 735/735/735 738/738/738 
f 739/739/739 737/737/737 738/738/738 
f 737/737/737 739/739/739 740/740/740 
f 741/741/741 742/742/742 743/743/743 
f 741/741/741 743/743/743 744/744/744 
f 744/744/744 745/745/745 741/741/741 
f 746/746/746 745/745/745 744/744/744 
f 745/745/745 746/746/746 747/747/747 
f 746/746/746 748/748/748 747/747/747 
f 749/749/749 745/745/745 747/747/747 
f 746/746/746 750/750/750 748/748/748 
f 751/751/751 748/748/748 750/750/750 
f 748/748/748 751/751/751 752/752/752 
f 745/745/745 749/749/749 753/753/753 
f 749/749/749 754/754/754 753/753/753 
f 754/754/754 749/749/749 755/755/755 
f 757/757/757 758/758/758 756/756/756 
f 758/758/758 757/757/757 759/759/759 
f 759/759/759 760/760/760 758/758/758 
f 760/760/760 759/759/759 761/761/761 
f 762/762/762 764/764/764 763/763/763 
f 763/763/763 764/764/764 765/765/765 
f 660/660/660 767/767/767 659/659/659 
f 767/767/767 660/660/660 661/661/661 
f 661/661/661 768/768/768 767/767/767 
f 770/770/770 768/768/768 769/769/769 
f 768/768/768 770/770/770 767/767/767 
f 767/767/767 770/770/770 772/772/772 
f 659/659/659 767/767/767 772/772/772 
f 772/772/772 770/770/770 773/773/773 
f 773/773/773 770/770/770 774/774/774 
f 769/769/769 774/774/774 770/770/770 
f 774/774/774 769/769/769 771/771/771 
f 773/773/773 774/774/774 775/775/775 
f 781/781/781 779/779/779 777/777/777 
f 781/781/781 780/780/780 778/778/778 
f 777/777/777 782/782/782 781/781/781 
f 780/780/780 781/781/781 782/782/782 
f 787/787/787 785/785/785 783/783/783 
f 784/784/784 787/787/787 786/786/786 
f 783/783/783 788/788/788 787/787/787 
f 786/786/786 787/787/787 788/788/788 
f 795/795/795 797/797/797 796/796/796 
f 797/797/797 795/795/795 798/798/798 
f 799/799/799 797/797/797 798/798/798 
f 800/800/800 797/797/797 799/799/799 
f 802/802/802 803/803/803 801/801/801 
f 803/803/803 802/802/802 804/804/804 
f 806/806/806 807/807/807 805/805/805 
f 807/807/807 806/806/806 808/808/808 
f 812/812/812 811/811/811 810/810/810 
f 811/811/811 812/812/812 813/813/813 
f 812/812/812 814/814/814 813/813/813 
f 810/810/810 816/816/816 812/812/812 
f 816/816/816 810/810/810 815/815/815 
f 814/814/814 812/812/812 817/817/817 
f 816/816/816 817/817/817 812/812/812 
f 817/817/817 816/816/816 818/818/818 
f 816/816/816 819/819/819 818/818/818 
f 819/819/819 816/816/816 820/820/820 
f 821/821/821 816/816/816 815/815/815 
f 820/820/820 816/816/816 821/821/821 
f 825/825/825 826/826/826 827/827/827 
f 826/826/826 825/825/825 828/828/828 
f 829/829/829 827/827/827 826/826/826 
f 826/826/826 830/830/830 829/829/829 
f 834/834/834 832/832/832 833/833/833 
f 832/832/832 834/834/834 835/835/835 
f 834/834/834 836/836/836 835/835/835 
f 836/836/836 834/834/834 837/837/837 
f 842/842/842 843/843/843 844/844/844 
f 845/845/845 844/844/844 843/843/843 
f 844/844/844 845/845/845 846/846/846 
f 848/848/848 846/846/846 845/845/845 
f 851/851/851 852/852/852 850/850/850 
f 852/852/852 851/851/851 853/853/853 
f 853/853/853 854/854/854 852/852/852 
f 854/854/854 853/853/853 855/855/855 
f 856/856/856 857/857/857 858/858/858 
f 859/859/859 858/858/858 857/857/857 
f 859/859/859 857/857/857 860/860/860 
f 861/861/861 862/862/862 863/863/863 
f 862/862/862 861/861/861 864/864/864 
f 865/865/865 861/861/861 863/863/863 
f 863/863/863 866/866/866 865/865/865 
f 867/867/867 868/868/868 869/869/869 
f 867/867/867 869/869/869 870/870/870 
f 867/867/867 870/870/870 871/871/871 
f 871/871/871 872/872/872 867/867/867 
f 872/872/872 871/871/871 873/873/873 
f 874/874/874 872/872/872 873/873/873 
f 875/875/875 876/876/876 877/877/877 
f 875/875/875 877/877/877 878/878/878 
f 878/878/878 879/879/879 875/875/875 
f 880/880/880 881/881/881 882/882/882 
f 881/881/881 880/880/880 883/883/883 
f 883/883/883 884/884/884 881/881/881 
f 884/884/884 883/883/883 885/885/885 
f 886/886/886 887/887/887 888/888/888 
f 887/887/887 886/886/886 889/889/889 
f 887/887/887 889/889/889 890/890/890 
f 887/887/887 890/890/890 891/891/891 
f 898/898/898 896/896/896 897/897/897 
f 896/896/896 898/898/898 900/900/900 
f 900/900/900 899/899/899 896/896/896 
f 901/901/901 894/894/894 899/899/899 
f 899/899/899 900/900/900 901/901/901 
f 894/894/894 901/901/901 902/902/902 
f 903/903/903 902/902/902 901/901/901 
f 904/904/904 900/900/900 898/898/898 
f 904/904/904 901/901/901 900/900/900 
f 904/904/904 898/898/898 905/905/905 
f 906/906/906 904/904/904 905/905/905 
f 904/904/904 906/906/906 907/907/907 
f 901/901/901 904/904/904 908/908/908 
f 903/903/903 901/901/901 908/908/908 
f 907/907/907 908/908/908 904/904/904 
f 909/909/909 903/903/903 908/908/908 
f 908/908/908 907/907/907 909/909/909 
f 903/903/903 909/909/909 910/910/910 
f 907/907/907 911/911/911 909/909/909 
f 911/911/911 907/907/907 912/912/912 
f 912/912/912 913/913/913 911/911/911 
f 913/913/913 912/912/912 914/914/914 
f 915/915/915 916/916/916 917/917/917 
f 916/916/916 915/915/915 918/918/918 
f 920/920/920 922/922/922 921/921/921 
f 922/922/922 920/920/920 923/923/923 
f 920/920/920 924/924/924 923/923/923 
f 920/920/920 919/919/919 924/924/924 
f 925/925/925 922/922/922 923/923/923 
f 924/924/924 925/925/925 923/923/923 
f 922/922/922 925/925/925 926/926/926 
f 925/925/925 927/927/927 926/926/926 
f 926/926/926 927/927/927 928/928/928 
f 929/929/929 927/927/927 925/925/925 
f 925/925/925 924/924/924 929/929/929 
f 927/927/927 929/929/929 930/930/930 
f 932/932/932 934/934/934 933/933/933 
f 933/933/933 934/934/934 936/936/936 
f 934/934/934 937/937/937 936/936/936 
f 936/936/936 937/937/937 938/938/938 
f 940/940/940 942/942/942 941/941/941 
f 941/941/941 942/942/942 944/944/944 
f 942/942/942 945/945/945 944/944/944 
f 944/944/944 945/945/945 946/946/946 

g Meshpart2

v -340.077 4.11917 0.36429 
v -340.016 3.97318 0.36429 
v -340.016 4.26516 0.36429 
v -339.724 4.26516 0.36429 
v -339.87 4.32563 0.36429 
v -339.724 3.97318 0.36429 
v -339.664 4.11917 0.36429 
v -339.87 3.91271 0.36429 
v -339.279 4.24359 -2.78 
v -338.908 3.34032 -1.0557 
v -340.832 3.34032 -0.88506 
v -338.816 4.20107 -2.73133 
v -339.132 4.93068 -2.88431 
v -338.952 5.00514 -2.88431 
v -340.92 3.15203 -0.88506 
v -340.832 3.16536 -0.88506 
v -340.848 3.18156 -0.88506 
v -340.92 3.12913 -0.88506 
v -340.796 3.25284 -0.88506 
v -341.007 3.16536 -0.88506 
v -340.819 3.25284 -0.88506 
v -340.991 3.18156 -0.88506 
v -340.848 3.32412 -0.88506 
v -341.043 3.25284 -0.88506 
v -340.832 3.34032 -0.88506 
v -341.02 3.25284 -0.88506 
v -340.92 3.35365 -0.88506 
v -340.991 3.32412 -0.88506 
v -340.92 3.37655 -0.88506 
v -341.007 3.34032 -0.88506 
v -338.697 3.25284 -0.88506 
v -338.733 3.34032 -0.88506 
v -338.749 3.32412 -0.88506 
v -338.72 3.25284 -0.88506 
v -338.821 3.35365 -0.88506 
v -338.749 3.18156 -0.88506 
v -338.821 3.37655 -0.88506 
v -338.733 3.16536 -0.88506 
v -338.908 3.34032 -0.88506 
v -338.821 3.15203 -0.88506 
v -338.892 3.32412 -0.88506 
v -338.821 3.12913 -0.88506 
v -338.944 3.25284 -0.88506 
v -338.908 3.16536 -0.88506 
v -338.921 3.25284 -0.88506 
v -338.892 3.18156 -0.88506 
v -340.32 4.11917 -0.90152 
v -340.188 3.80106 -0.90152 
v -340.188 4.43728 -0.90152 
v -339.87 3.66929 -0.90152 
v -339.87 4.56905 -0.90152 
v -339.552 4.43728 -0.90152 
v -339.552 3.80106 -0.90152 
v -339.42 4.11917 -0.90152 
v -338.489 2.92678 -1.04432 
v -339.141 2.92678 -1.04432 
v -338.815 2.79173 -1.04432 
v -338.489 3.57884 -1.04432 
v -338.354 3.25281 -1.04432 
v -339.141 3.57884 -1.04432 
v -339.276 3.25281 -1.04432 
v -338.815 3.71389 -1.04432 
v -341.386 3.25281 -1.04432 
v -341.251 2.92678 -1.04432 
v -341.251 3.57884 -1.04432 
v -340.599 3.57884 -1.04432 
v -340.925 3.71389 -1.04432 
v -340.599 2.92678 -1.04432 
v -340.464 3.25281 -1.04432 
v -340.925 2.79173 -1.04432 
v -339.874 4.54615 -0.0562457 
v -339.909 4.41178 0.0280544 
v -339.909 4.54615 0.0280544 
v -339.994 4.41178 0.0629743 
v -339.994 4.41178 -0.175468 
v -339.994 4.54615 0.0629743 
v -340.078 4.41178 0.0280544 
v -340.078 4.54615 0.0280544 
v -339.664 4.11917 0.146182 
v -339.87 3.91271 0.146182 
v -339.87 4.32563 0.36429 
v -340.077 4.11917 0.146182 
v -339.87 4.56905 -0.90152 
v -340.188 4.43728 -1.12446 
v -339.552 4.43728 -1.12446 
v -340.188 3.80106 -0.90152 
v -339.279 4.24359 -1.8066 
v -338.816 3.99476 -1.8066 
v -338.816 4.24359 -1.8066 
v -339.279 3.99476 -1.8066 
v -339.627 4.54615 -0.0562457 
v -339.662 4.54615 0.0280544 
v -339.662 4.41178 0.0280544 
v -339.747 4.41178 0.0629743 
v -339.747 4.54615 0.0629743 
v -339.831 4.41178 0.0280544 
v -339.831 4.54615 0.0280544 
v -339.831 4.41178 -0.140548 
v -338.816 4.20107 -2.73133 
v -338.932 4.20107 -2.73133 
v -338.816 4.03727 -2.73133 
v -338.932 4.03727 -2.73133 
v -338.952 4.49672 -2.88431 
v -338.952 5.00514 -2.88431 
v -339.206 4.75093 -2.88431 
v -339.132 4.93068 -2.88431 
v -339.132 4.57118 -2.88431 
v -338.698 4.75093 -2.88431 
v -338.772 4.57118 -2.88431 
v -338.772 4.93068 -2.88431 
v -340.788 5.00514 -2.88431 
v -340.534 4.75093 -2.88431 
v -340.608 4.93068 -2.88431 
v -340.788 4.49672 -2.88431 
v -340.608 4.57118 -2.88431 
v -341.042 4.75093 -2.88431 
v -340.968 4.93068 -2.88431 
v -340.968 4.57118 -2.88431 
v -338.772 4.93068 -3.61307 
v -339.132 4.93068 -3.61307 
v -339.141 3.57884 -3.52142 
v -338.815 3.71389 -3.52142 
v -338.908 3.34032 -1.0557 
v -338.908 3.34032 -0.88506 
v -338.821 3.37655 -1.0557 
v -338.733 3.34032 -0.88506 
v -338.821 3.37655 -0.88506 
v -338.733 3.34032 -1.0557 
v -340.796 3.25284 -1.0557 
v -340.832 3.34032 -0.88506 
v -340.832 3.34032 -1.0557 
v -340.92 3.37655 -0.88506 
v -340.92 3.37655 -1.0557 
v -341.007 3.34032 -0.88506 
v -341.007 3.34032 -1.0557 
v -339.132 4.57118 -2.88431 
v -339.132 4.93068 -2.88431 
v -339.132 4.93068 -3.61307 
v -338.952 5.00514 -2.88431 
v -338.952 5.00514 -3.61307 
v -338.772 4.93068 -2.88431 
v -338.772 4.93068 -3.61307 
v -339.662 4.54615 -0.140548 
v -339.662 4.54615 0.0280544 
v -339.627 4.54615 -0.0562457 
v -339.747 4.54615 0.0629743 
v -339.747 4.54615 -0.175468 
v -339.831 4.54615 -0.140548 
v -339.831 4.54615 0.0280544 
v -339.866 4.54615 -0.0562457 
v -339.909 4.54615 -0.140548 
v -339.909 4.54615 0.0280544 
v -339.874 4.54615 -0.0562457 
v -339.994 4.54615 0.0629743 
v -339.994 4.54615 -0.175468 
v -340.078 4.54615 -0.140548 
v -340.078 4.54615 0.0280544 
v -340.113 4.54615 -0.0562457 
v -340.464 3.25281 -1.04432 
v -340.599 3.57884 -1.04432 
v -340.599 3.57884 -3.52142 
v -340.925 3.71389 -1.04432 
v -340.925 3.71389 -3.52142 
v -341.386 3.25281 -3.52142 
v -341.251 3.57884 -1.04432 
v -341.386 3.25281 -1.04432 
v -341.251 3.57884 -3.52142 
v -339.552 3.80106 -0.90152 
v -338.815 3.71389 -1.04432 
v -338.816 4.24359 -1.8066 
v -338.816 4.24359 -2.78 
v -339.279 4.24359 -2.78 
v -339.279 4.24359 -1.8066 
v -339.874 4.54615 -0.0562457 
v -339.994 4.41178 -0.175468 
v -340.078 4.41178 0.0280544 
v -340.078 4.54615 0.0280544 
v -338.816 4.03727 -1.85527 
v -338.816 4.03727 -2.73133 
v -338.932 4.03727 -2.73133 
v -338.932 4.03727 -1.85527 
v -339.664 4.11917 0.146182 
v -339.724 4.26516 0.36429 
v -339.724 4.26516 0.146182 
v -339.87 4.32563 0.36429 
v -339.87 4.32563 0.146182 
v -340.016 4.26516 0.36429 
v -340.077 4.11917 0.146182 
v -340.016 4.26516 0.146182 
v -340.077 4.11917 0.36429 
v -339.87 4.56905 -1.12446 
v -340.188 4.43728 -0.90152 
v -339.87 4.56905 -0.90152 
v -340.188 4.43728 -1.12446 
v -339.552 4.43728 -1.12446 
v -340.32 4.11917 -0.90152 
v -339.552 4.43728 -0.90152 
v -339.42 4.11917 -1.12446 
v -339.42 4.11917 -0.90152 
v -339.276 3.25281 -1.04432 
v -339.276 3.25281 -3.52142 
v -339.141 3.57884 -1.04432 
v -339.141 3.57884 -3.52142 
v -338.815 3.71389 -1.04432 
v -338.354 3.25281 -3.52142 
v -338.815 3.71389 -3.52142 
v -338.354 3.25281 -1.04432 
v -338.489 3.57884 -1.04432 
v -338.489 3.57884 -3.52142 
v -339.627 4.54615 -0.0562457 
v -339.662 4.41178 0.0280544 
v -339.831 4.54615 0.0280544 
v -339.747 4.41178 -0.175468 
v -339.831 4.41178 -0.140548 
v -340.608 4.57118 -2.88431 
v -340.608 4.93068 -2.88431 
v -340.608 4.93068 -3.61307 
v -340.968 4.57118 -3.61307 
v -340.788 5.00514 -2.88431 
v -340.788 5.00514 -3.61307 
v -340.968 4.93068 -2.88431 
v -340.968 4.93068 -3.61307 
v -339.132 4.93068 -3.61307 
v -340.788 5.00514 -3.61307 
v -339.141 3.57884 -3.52142 
v -339.276 3.25281 -3.52142 
v -340.925 2.79173 -3.52142 
v -340.925 3.71389 -3.52142 
v -339.279 4.24359 -2.78 
v -338.908 3.16536 -0.88506 
v -338.908 3.16536 -1.0557 
v -338.944 3.25284 -1.0557 
v -338.733 3.16536 -0.88506 
v -338.944 3.25284 -0.88506 
v -338.733 3.16536 -1.0557 
v -338.908 3.34032 -1.0557 
v -338.908 3.34032 -0.88506 
v -341.007 3.16536 -1.0557 
v -341.007 3.16536 -0.88506 
v -341.043 3.25284 -1.0557 
v -341.007 3.34032 -0.88506 
v -341.043 3.25284 -0.88506 
v -341.007 3.34032 -1.0557 
v -339.132 4.57118 -3.61307 
v -339.132 4.57118 -2.88431 
v -339.206 4.75093 -2.88431 
v -339.206 4.75093 -3.61307 
v -339.132 4.93068 -2.88431 
v -339.132 4.93068 -3.61307 
v -340.925 2.79173 -3.52142 
v -340.925 2.79173 -1.04432 
v -341.251 2.92678 -3.52142 
v -340.925 3.71389 -1.04432 
v -341.251 2.92678 -1.04432 
v -340.925 3.71389 -3.52142 
v -341.386 3.25281 -3.52142 
v -341.251 3.57884 -1.04432 
v -341.386 3.25281 -1.04432 
v -341.251 3.57884 -3.52142 
v -339.552 3.80106 -0.90152 
v -339.141 2.92678 -1.04432 
v -339.994 4.41178 -0.175468 
v -340.078 4.54615 -0.140548 
v -340.078 4.41178 0.0280544 
v -340.078 4.41178 -0.140548 
v -340.078 4.54615 0.0280544 
v -340.113 4.54615 -0.0562457 
v -340.113 4.41178 -0.0562457 
v -339.87 3.91271 0.146182 
v -339.87 3.91271 0.36429 
v -340.016 3.97318 0.146182 
v -340.016 3.97318 0.36429 
v -340.016 4.26516 0.36429 
v -340.077 4.11917 0.146182 
v -340.016 4.26516 0.146182 
v -340.077 4.11917 0.36429 
v -340.188 4.43728 -0.90152 
v -340.188 4.43728 -1.12446 
v -340.32 4.11917 -0.90152 
v -340.32 4.11917 -1.12446 
v -340.188 3.80106 -0.90152 
v -340.188 3.80106 -1.12446 
v -339.141 2.92678 -3.52142 
v -339.141 2.92678 -1.04432 
v -339.276 3.25281 -1.04432 
v -339.276 3.25281 -3.52142 
v -339.141 3.57884 -1.04432 
v -339.141 3.57884 -3.52142 
v -339.831 4.41178 0.0280544 
v -339.831 4.54615 0.0280544 
v -339.866 4.41178 -0.0562457 
v -339.866 4.54615 -0.0562457 
v -339.831 4.54615 -0.140548 
v -339.831 4.41178 -0.140548 
v -340.788 4.49672 -2.88431 
v -340.968 4.57118 -3.61307 
v -340.788 5.00514 -2.88431 
v -340.968 4.57118 -2.88431 
v -341.042 4.75093 -3.61307 
v -340.968 4.93068 -2.88431 
v -341.042 4.75093 -2.88431 
v -340.968 4.93068 -3.61307 
v -338.952 4.49672 -3.61307 
v -338.952 5.00514 -3.61307 
v -338.698 4.75093 -3.61307 
v -338.772 4.93068 -3.61307 
v -338.772 4.57118 -3.61307 
v -339.206 4.75093 -3.61307 
v -339.132 4.57118 -3.61307 
v -339.132 4.93068 -3.61307 
v -340.788 5.00514 -3.61307 
v -341.042 4.75093 -3.61307 
v -340.968 4.93068 -3.61307 
v -340.788 4.49672 -3.61307 
v -340.968 4.57118 -3.61307 
v -340.534 4.75093 -3.61307 
v -340.608 4.57118 -3.61307 
v -340.608 4.93068 -3.61307 
v -338.489 2.92678 -3.52142 
v -338.489 3.57884 -3.52142 
v -338.354 3.25281 -3.52142 
v -339.141 2.92678 -3.52142 
v -338.815 2.79173 -3.52142 
v -339.141 3.57884 -3.52142 
v -338.815 3.71389 -3.52142 
v -339.276 3.25281 -3.52142 
v -341.251 3.57884 -3.52142 
v -341.251 2.92678 -3.52142 
v -341.386 3.25281 -3.52142 
v -340.599 2.92678 -3.52142 
v -340.925 2.79173 -3.52142 
v -340.599 3.57884 -3.52142 
v -340.464 3.25281 -3.52142 
v -340.925 3.71389 -3.52142 
v -338.816 3.99476 -2.78 
v -339.279 3.99476 -2.78 
v -338.816 4.24359 -2.78 
v -339.279 4.24359 -2.78 
v -338.944 3.25284 -0.88506 
v -338.733 3.16536 -1.0557 
v -338.908 3.34032 -1.0557 
v -338.908 3.34032 -0.88506 
v -338.733 3.34032 -0.88506 
v -340.796 3.25284 -1.0557 
v -341.007 3.34032 -0.88506 
v -341.043 3.25284 -0.88506 
v -338.816 4.03727 -1.85527 
v -338.932 4.03727 -1.85527 
v -338.816 4.20107 -1.85527 
v -338.932 4.20107 -1.85527 
v -339.909 4.54615 -0.140548 
v -339.909 4.41178 -0.140548 
v -339.994 4.54615 -0.175468 
v -339.994 4.41178 -0.175468 
v -340.078 4.54615 -0.140548 
v -340.078 4.41178 -0.140548 
v -339.87 4.56905 -0.90152 
v -340.188 4.43728 -1.12446 
v -339.42 4.11917 -1.12446 
v -339.627 4.54615 -0.0562457 
v -339.662 4.41178 0.0280544 
v -339.662 4.54615 -0.140548 
v -339.662 4.41178 -0.140548 
v -339.831 4.54615 0.0280544 
v -339.747 4.54615 -0.175468 
v -339.747 4.41178 -0.175468 
v -339.831 4.54615 -0.140548 
v -339.831 4.41178 -0.140548 
v -340.016 3.97318 0.146182 
v -340.077 4.11917 0.146182 
v -340.037 4.11917 0.146182 
v -340.016 4.26516 0.146182 
v -339.988 4.00109 0.146182 
v -339.988 4.23725 0.146182 
v -339.87 3.91271 0.146182 
v -339.87 4.32563 0.146182 
v -339.87 3.95218 0.146182 
v -339.87 4.28616 0.146182 
v -339.752 4.00109 0.146182 
v -339.752 4.23725 0.146182 
v -339.724 3.97318 0.146182 
v -339.724 4.26516 0.146182 
v -339.703 4.11917 0.146182 
v -339.664 4.11917 0.146182 
v -338.489 2.92678 -3.52142 
v -339.141 3.57884 -3.52142 
v -338.815 3.71389 -3.52142 
v -339.276 3.25281 -3.52142 
v -339.279 4.24359 -2.78 
v -338.908 3.16536 -0.88506 
v -338.908 3.16536 -1.0557 
v -338.821 3.12913 -0.88506 
v -338.821 3.12913 -1.0557 
v -338.733 3.16536 -0.88506 
v -338.944 3.25284 -0.88506 
v -338.733 3.16536 -1.0557 
v -338.908 3.34032 -1.0557 
v -340.832 3.16536 -0.88506 
v -340.832 3.16536 -1.0557 
v -340.796 3.25284 -1.0557 
v -340.92 3.12913 -1.0557 
v -340.832 3.34032 -0.88506 
v -340.92 3.12913 -0.88506 
v -341.007 3.16536 -1.0557 
v -341.007 3.16536 -0.88506 
v -341.043 3.25284 -0.88506 
v -341.007 3.34032 -1.0557 
v -338.816 4.20107 -2.73133 
v -339.132 4.57118 -3.61307 
v -339.132 4.57118 -2.88431 
v -338.952 4.49672 -3.61307 
v -338.952 4.49672 -2.88431 
v -338.772 4.57118 -3.61307 
v -339.132 4.93068 -3.61307 
v -338.772 4.57118 -2.88431 
v -338.772 4.93068 -2.88431 
v -340.599 2.92678 -1.04432 
v -340.599 2.92678 -3.52142 
v -340.464 3.25281 -3.52142 
v -340.925 2.79173 -3.52142 
v -340.925 2.79173 -1.04432 
v -341.251 2.92678 -3.52142 
v -341.251 2.92678 -1.04432 
v -341.386 3.25281 -1.04432 
v -338.489 2.92678 -1.04432 
v -339.141 2.92678 -1.04432 
v -339.994 4.41178 -0.175468 
v -339.724 3.97318 0.146182 
v -339.724 3.97318 0.36429 
v -339.87 3.91271 0.146182 
v -339.87 3.91271 0.36429 
v -340.016 3.97318 0.146182 
v -340.016 3.97318 0.36429 
v -339.552 4.43728 -1.12446 
v -339.42 4.11917 -1.12446 
v -340.188 3.80106 -0.90152 
v -339.42 4.11917 -0.90152 
v -340.188 3.80106 -1.12446 
v -339.552 3.80106 -1.12446 
v -339.87 3.66929 -0.90152 
v -339.552 3.80106 -0.90152 
v -339.87 3.66929 -1.12446 
v -338.816 3.99476 -2.78 
v -338.816 3.99476 -1.8066 
v -339.279 3.99476 -1.8066 
v -339.279 3.99476 -2.78 
v -338.932 4.20107 -1.85527 
v -338.816 4.20107 -2.73133 
v -338.816 4.20107 -1.85527 
v -338.932 4.20107 -2.73133 
v -339.831 4.41178 0.0280544 
v -339.866 4.41178 -0.0562457 
v -339.847 4.41178 -0.0562457 
v -339.831 4.41178 -0.140548 
v -339.818 4.41178 0.0147663 
v -339.818 4.41178 -0.12726 
v -339.747 4.41178 0.0629743 
v -339.747 4.41178 -0.175468 
v -339.747 4.41178 0.0441824 
v -339.747 4.41178 -0.156674 
v -339.675 4.41178 0.0147663 
v -339.675 4.41178 -0.12726 
v -339.662 4.41178 0.0280544 
v -339.662 4.41178 -0.140548 
v -339.646 4.41178 -0.0562457 
v -339.627 4.41178 -0.0562457 
v -339.909 4.41178 0.0280544 
v -339.893 4.41178 -0.0562457 
v -339.874 4.41178 -0.0562457 
v -339.909 4.41178 -0.140548 
v -339.922 4.41178 0.0147663 
v -339.922 4.41178 -0.12726 
v -339.994 4.41178 0.0629743 
v -339.994 4.41178 -0.175468 
v -339.994 4.41178 0.0441824 
v -339.994 4.41178 -0.156674 
v -340.065 4.41178 0.0147663 
v -340.065 4.41178 -0.12726 
v -340.078 4.41178 0.0280544 
v -340.078 4.41178 -0.140548 
v -340.094 4.41178 -0.0562457 
v -340.113 4.41178 -0.0562457 
v -339.141 2.92678 -3.52142 
v -339.141 2.92678 -1.04432 
v -339.276 3.25281 -1.04432 
v -338.815 2.79173 -3.52142 
v -339.276 3.25281 -3.52142 
v -338.815 2.79173 -1.04432 
v -338.489 2.92678 -3.52142 
v -338.489 2.92678 -1.04432 
v -338.354 3.25281 -1.04432 
v -340.608 4.57118 -2.88431 
v -340.608 4.57118 -3.61307 
v -340.788 4.49672 -3.61307 
v -340.788 4.49672 -2.88431 
v -340.608 4.93068 -3.61307 
v -340.968 4.57118 -3.61307 
v -340.968 4.57118 -2.88431 
v -338.772 4.93068 -3.61307 
v -340.788 5.00514 -3.61307 
v -338.489 2.92678 -3.52142 
v -338.815 3.71389 -3.52142 
v -340.925 2.79173 -3.52142 
v -340.925 3.71389 -3.52142 
v -338.733 3.16536 -0.88506 
v -338.733 3.16536 -1.0557 
v -338.908 3.34032 -1.0557 
v -338.697 3.25284 -0.88506 
v -338.908 3.34032 -0.88506 
v -338.697 3.25284 -1.0557 
v -338.733 3.34032 -0.88506 
v -338.733 3.34032 -1.0557 
v -340.832 3.16536 -0.88506 
v -340.832 3.16536 -1.0557 
v -340.796 3.25284 -0.88506 
v -340.796 3.25284 -1.0557 
v -340.832 3.34032 -0.88506 
v -340.832 3.34032 -1.0557 
v -341.007 3.34032 -0.88506 
v -338.816 3.99476 -1.8066 
v -338.816 4.20107 -1.85527 
v -338.816 4.24359 -1.8066 
v -338.816 4.24359 -2.78 
v -338.816 4.03727 -1.85527 
v -338.816 4.20107 -2.73133 
v -338.816 3.99476 -2.78 
v -338.816 4.03727 -2.73133 
v -338.932 4.20107 -1.85527 
v -338.932 4.03727 -2.73133 
v -338.932 4.20107 -2.73133 
v -338.932 4.03727 -1.85527 
v -338.952 4.49672 -2.88431 
v -338.772 4.57118 -3.61307 
v -338.772 4.57118 -2.88431 
v -338.952 5.00514 -2.88431 
v -338.698 4.75093 -3.61307 
v -338.698 4.75093 -2.88431 
v -338.772 4.93068 -2.88431 
v -338.772 4.93068 -3.61307 
v -340.599 2.92678 -1.04432 
v -340.599 2.92678 -3.52142 
v -340.464 3.25281 -1.04432 
v -340.464 3.25281 -3.52142 
v -340.925 2.79173 -3.52142 
v -340.599 3.57884 -1.04432 
v -340.925 2.79173 -1.04432 
v -340.599 3.57884 -3.52142 
v -340.925 3.71389 -1.04432 
v -340.925 3.71389 -3.52142 
v -338.489 2.92678 -1.04432 
v -338.815 3.71389 -1.04432 
v -339.909 4.54615 -0.140548 
v -339.874 4.54615 -0.0562457 
v -339.874 4.41178 -0.0562457 
v -339.909 4.41178 0.0280544 
v -339.909 4.41178 -0.140548 
v -339.909 4.54615 0.0280544 
v -339.994 4.41178 -0.175468 
v -339.664 4.11917 0.36429 
v -339.724 3.97318 0.146182 
v -339.664 4.11917 0.146182 
v -339.724 3.97318 0.36429 
v -339.724 4.26516 0.36429 
v -339.87 3.91271 0.146182 
v -339.724 4.26516 0.146182 
v -339.87 3.91271 0.36429 
v -339.87 4.32563 0.36429 
v -339.552 4.43728 -1.12446 
v -339.552 4.43728 -0.90152 
v -339.42 4.11917 -1.12446 
v -339.42 4.11917 -0.90152 
v -339.552 3.80106 -1.12446 
v -339.552 3.80106 -0.90152 
v -338.815 2.79173 -3.52142 
v -338.489 2.92678 -3.52142 
v -338.489 2.92678 -1.04432 
v -338.354 3.25281 -3.52142 
v -338.815 3.71389 -3.52142 
v -338.354 3.25281 -1.04432 
v -338.489 3.57884 -1.04432 
v -338.489 3.57884 -3.52142 
v -339.627 4.54615 -0.0562457 
v -339.662 4.54615 0.0280544 
v -339.662 4.41178 0.0280544 
v -339.627 4.41178 -0.0562457 
v -339.662 4.54615 -0.140548 
v -339.662 4.41178 -0.140548 
v -339.747 4.41178 -0.175468 
v -340.608 4.57118 -2.88431 
v -340.608 4.57118 -3.61307 
v -340.534 4.75093 -2.88431 
v -340.534 4.75093 -3.61307 
v -340.608 4.93068 -2.88431 
v -340.788 4.49672 -2.88431 
v -340.608 4.93068 -3.61307 

vn 0 0 1 
vn 0 0 1 
vn 0 0 1 
vn 0 0 1 
vn 0 0 1 
vn 0 0 1 
vn 0 0 1 
vn 0 0 1 
vn 0 0 -1 
vn -0.708661 0.708661 0 
vn 0.708661 0.708661 0 
vn 1 0 0 
vn -0.708661 0.708661 0 
vn 0 1 0 
vn 0 0 1 
vn 0 0 1 
vn 0 0 1 
vn 0 0 1 
vn 0 0 1 
vn 0 0 1 
vn 0 0 1 
vn 0 0 1 
vn 0 0 1 
vn 0 0 1 
vn 0 0 1 
vn 0 0 1 
vn 0 0 1 
vn 0 0 1 
vn 0 0 1 
vn 0 0 1 
vn 0 0 1 
vn 0 0 1 
vn 0 0 1 
vn 0 0 1 
vn 0 0 1 
vn 0 0 1 
vn 0 0 1 
vn 0 0 1 
vn 0 0 1 
vn 0 0 1 
vn 0 0 1 
vn 0 0 1 
vn 0 0 1 
vn 0 0 1 
vn 0 0 1 
vn 0 0 1 
vn 0 0 1 
vn 0 0 1 
vn 0 0 1 
vn 0 0 1 
vn 0 0 1 
vn 0 0 1 
vn 0 0 1 
vn 0 0 1 
vn 0 0 1 
vn 0 0 1 
vn 0 0 1 
vn 0 0 1 
vn 0 0 1 
vn 0 0 1 
vn 0 0 1 
vn 0 0 1 
vn 0 0 1 
vn 0 0 1 
vn 0 0 1 
vn 0 0 1 
vn 0 0 1 
vn 0 0 1 
vn 0 0 1 
vn 0 0 1 
vn 1 0 0 
vn 0.708661 0 0.708661 
vn 0.708661 0 0.708661 
vn 0 0 1 
vn 0 0 -1 
vn 0 0 1 
vn -0.708661 0 0.708661 
vn -0.708661 0 0.708661 
vn 1 0 0 
vn 0 -1 0 
vn 0 1 0 
vn -1 0 0 
vn 0 1 0 
vn -0.708661 0.708661 0 
vn 0.708661 0.708661 0 
vn -0.708661 -0.708661 0 
vn 0 0 1 
vn 0 0 1 
vn 0 0 1 
vn 0 0 1 
vn 1 0 0 
vn 0.708661 0 0.708661 
vn 0.708661 0 0.708661 
vn 0 0 1 
vn 0 0 1 
vn -0.708661 0 0.708661 
vn -0.708661 0 0.708661 
vn -0.708661 0 -0.708661 
vn 0 0 1 
vn 0 0 1 
vn 0 0 1 
vn 0 0 1 
vn 0 0 1 
vn 0 0 1 
vn 0 0 1 
vn 0 0 1 
vn 0 0 1 
vn 0 0 1 
vn 0 0 1 
vn 0 0 1 
vn 0 0 1 
vn 0 0 1 
vn 0 0 1 
vn 0 0 1 
vn 0 0 1 
vn 0 0 1 
vn 0 0 1 
vn 0 0 1 
vn 0 0 -1 
vn 0 0 -1 
vn 0 0 -1 
vn 0 0 -1 
vn -0.708661 0.708661 0 
vn -0.708661 0.708661 0 
vn 0 1 0 
vn 0.708661 0.708661 0 
vn 0 1 0 
vn 0.708661 0.708661 0 
vn 1 0 0 
vn 0.708661 0.708661 0 
vn 0.708661 0.708661 0 
vn 0 1 0 
vn 0 1 0 
vn -0.708661 0.708661 0 
vn -0.708661 0.708661 0 
vn -0.708661 -0.708661 0 
vn -0.708661 0.708661 0 
vn -0.708661 0.708661 0 
vn 0 1 0 
vn 0 1 0 
vn 0.708661 0.708661 0 
vn 0.708661 0.708661 0 
vn 0 1 0 
vn 0 1 0 
vn 0 1 0 
vn 0 1 0 
vn 0 1 0 
vn 0 1 0 
vn 0 1 0 
vn 0 1 0 
vn 0 1 0 
vn 0 1 0 
vn 0 1 0 
vn 0 1 0 
vn 0 1 0 
vn 0 1 0 
vn 0 1 0 
vn 0 1 0 
vn 1 0 0 
vn 0.708661 0.708661 0 
vn 0.708661 0.708661 0 
vn 0 1 0 
vn 0 1 0 
vn -1 0 0 
vn -0.708661 0.708661 0 
vn -1 0 0 
vn -0.708661 0.708661 0 
vn 0 0 1 
vn 0 0 1 
vn 0 1 0 
vn 0 1 0 
vn 0 1 0 
vn 0 1 0 
vn 1 0 0 
vn 0 0 -1 
vn -0.708661 0 0.708661 
vn -0.708661 0 0.708661 
vn 0 1 0 
vn 0 1 0 
vn 0 1 0 
vn 0 1 0 
vn 1 0 0 
vn 0.708661 0.708661 0 
vn 0.708661 0.708661 0 
vn 0 1 0 
vn 0 1 0 
vn -0.708661 0.708661 0 
vn -1 0 0 
vn -0.708661 0.708661 0 
vn -1 0 0 
vn 0 1 0 
vn -0.708661 0.708661 0 
vn 0 1 0 
vn -0.708661 0.708661 0 
vn 0.708661 0.708661 0 
vn -1 0 0 
vn 0.708661 0.708661 0 
vn 1 0 0 
vn 1 0 0 
vn -1 0 0 
vn -1 0 0 
vn -0.708661 0.708661 0 
vn -0.708661 0.708661 0 
vn 0 1 0 
vn 1 0 0 
vn 0 1 0 
vn 1 0 0 
vn 0.708661 0.708661 0 
vn 0.708661 0.708661 0 
vn 1 0 0 
vn 0.708661 0 0.708661 
vn -0.708661 0 0.708661 
vn 0 0 -1 
vn -0.708661 0 -0.708661 
vn 0.708661 -0.708661 0 
vn 0.708661 0.708661 0 
vn 0.708661 0.708661 0 
vn -0.708661 -0.708661 0 
vn 0 1 0 
vn 0 1 0 
vn -0.708661 0.708661 0 
vn -0.708661 0.708661 0 
vn 0 0 -1 
vn 0 0 -1 
vn 0 0 -1 
vn 0 0 -1 
vn 0 0 -1 
vn 0 0 -1 
vn 0 0 -1 
vn -0.708661 -0.708661 0 
vn -0.708661 -0.708661 0 
vn -1 0 0 
vn 0.708661 -0.708661 0 
vn -1 0 0 
vn 0.708661 -0.708661 0 
vn -0.708661 0.708661 0 
vn -0.708661 0.708661 0 
vn -0.708661 -0.708661 0 
vn -0.708661 -0.708661 0 
vn -1 0 0 
vn -0.708661 0.708661 0 
vn -1 0 0 
vn -0.708661 0.708661 0 
vn -0.708661 -0.708661 0 
vn -0.708661 -0.708661 0 
vn -1 0 0 
vn -1 0 0 
vn -0.708661 0.708661 0 
vn -0.708661 0.708661 0 
vn 0 -1 0 
vn 0 -1 0 
vn -0.708661 -0.708661 0 
vn 0 1 0 
vn -0.708661 -0.708661 0 
vn 0 1 0 
vn -1 0 0 
vn -0.708661 0.708661 0 
vn -1 0 0 
vn -0.708661 0.708661 0 
vn 0 0 1 
vn 0 0 1 
vn 0 0 -1 
vn -0.708661 0 -0.708661 
vn -0.708661 0 0.708661 
vn -0.708661 0 -0.708661 
vn -0.708661 0 0.708661 
vn -1 0 0 
vn -1 0 0 
vn 0 -1 0 
vn 0 -1 0 
vn -0.708661 -0.708661 0 
vn -0.708661 -0.708661 0 
vn -0.708661 0.708661 0 
vn -1 0 0 
vn -0.708661 0.708661 0 
vn -1 0 0 
vn -0.708661 0.708661 0 
vn -0.708661 0.708661 0 
vn -1 0 0 
vn -1 0 0 
vn -0.708661 -0.708661 0 
vn -0.708661 -0.708661 0 
vn -0.708661 -0.708661 0 
vn -0.708661 -0.708661 0 
vn -1 0 0 
vn -1 0 0 
vn -0.708661 0.708661 0 
vn -0.708661 0.708661 0 
vn -0.708661 0 0.708661 
vn -0.708661 0 0.708661 
vn -1 0 0 
vn -1 0 0 
vn -0.708661 0 -0.708661 
vn -0.708661 0 -0.708661 
vn 0 -1 0 
vn -0.708661 -0.708661 0 
vn 0 1 0 
vn -0.708661 -0.708661 0 
vn -1 0 0 
vn -0.708661 0.708661 0 
vn -1 0 0 
vn -0.708661 0.708661 0 
vn 0 0 -1 
vn 0 0 -1 
vn 0 0 -1 
vn 0 0 -1 
vn 0 0 -1 
vn 0 0 -1 
vn 0 0 -1 
vn 0 0 -1 
vn 0 0 -1 
vn 0 0 -1 
vn 0 0 -1 
vn 0 0 -1 
vn 0 0 -1 
vn 0 0 -1 
vn 0 0 -1 
vn 0 0 -1 
vn 0 0 -1 
vn 0 0 -1 
vn 0 0 -1 
vn 0 0 -1 
vn 0 0 -1 
vn 0 0 -1 
vn 0 0 -1 
vn 0 0 -1 
vn 0 0 -1 
vn 0 0 -1 
vn 0 0 -1 
vn 0 0 -1 
vn 0 0 -1 
vn 0 0 -1 
vn 0 0 -1 
vn 0 0 -1 
vn 0 0 -1 
vn 0 0 -1 
vn 0 0 -1 
vn 0 0 -1 
vn -1 0 0 
vn 0.708661 -0.708661 0 
vn -0.708661 0.708661 0 
vn -0.708661 0.708661 0 
vn 0.708661 0.708661 0 
vn 1 0 0 
vn -0.708661 0.708661 0 
vn -1 0 0 
vn 0 0 -1 
vn 0 0 -1 
vn 0 0 -1 
vn 0 0 -1 
vn 0.708661 0 -0.708661 
vn 0.708661 0 -0.708661 
vn 0 0 -1 
vn 0 0 -1 
vn -0.708661 0 -0.708661 
vn -0.708661 0 -0.708661 
vn 0 1 0 
vn -0.708661 0.708661 0 
vn 1 0 0 
vn 1 0 0 
vn 0.708661 0 0.708661 
vn 0.708661 0 -0.708661 
vn 0.708661 0 -0.708661 
vn -0.708661 0 0.708661 
vn 0 0 -1 
vn 0 0 -1 
vn -0.708661 0 -0.708661 
vn -0.708661 0 -0.708661 
vn 0 0 -1 
vn 0 0 -1 
vn 0 0 -1 
vn 0 0 -1 
vn 0 0 -1 
vn 0 0 -1 
vn 0 0 -1 
vn 0 0 -1 
vn 0 0 -1 
vn 0 0 -1 
vn 0 0 -1 
vn 0 0 -1 
vn 0 0 -1 
vn 0 0 -1 
vn 0 0 -1 
vn 0 0 -1 
vn 0 0 -1 
vn 0 0 -1 
vn 0 0 -1 
vn 0 0 -1 
vn 0 0 -1 
vn -0.708661 -0.708661 0 
vn -0.708661 -0.708661 0 
vn 0 -1 0 
vn 0 -1 0 
vn 0.708661 -0.708661 0 
vn -1 0 0 
vn 0.708661 -0.708661 0 
vn -0.708661 0.708661 0 
vn 0.708661 -0.708661 0 
vn 0.708661 -0.708661 0 
vn 1 0 0 
vn 0 -1 0 
vn 0.708661 0.708661 0 
vn 0 -1 0 
vn -0.708661 -0.708661 0 
vn -0.708661 -0.708661 0 
vn -1 0 0 
vn -0.708661 0.708661 0 
vn 1 0 0 
vn -0.708661 -0.708661 0 
vn -0.708661 -0.708661 0 
vn 0 -1 0 
vn 0 -1 0 
vn 0.708661 -0.708661 0 
vn -0.708661 0.708661 0 
vn 0.708661 -0.708661 0 
vn 0.708661 0.708661 0 
vn 0.708661 -0.708661 0 
vn 0.708661 -0.708661 0 
vn 1 0 0 
vn 0 -1 0 
vn 0 -1 0 
vn -0.708661 -0.708661 0 
vn -0.708661 -0.708661 0 
vn -1 0 0 
vn 0 0 1 
vn 0 0 1 
vn 0 0 -1 
vn 0.708661 -0.708661 0 
vn 0.708661 -0.708661 0 
vn 0 -1 0 
vn 0 -1 0 
vn -0.708661 -0.708661 0 
vn -0.708661 -0.708661 0 
vn 0.708661 0.708661 0 
vn 1 0 0 
vn -0.708661 -0.708661 0 
vn 1 0 0 
vn -0.708661 -0.708661 0 
vn 0.708661 -0.708661 0 
vn 0 -1 0 
vn 0.708661 -0.708661 0 
vn 0 -1 0 
vn 0 -1 0 
vn 0 -1 0 
vn 0 -1 0 
vn 0 -1 0 
vn 0 -1 0 
vn 0 -1 0 
vn 0 -1 0 
vn 0 -1 0 
vn 0 -1 0 
vn 0 -1 0 
vn 0 -1 0 
vn 0 -1 0 
vn 0 -1 0 
vn 0 -1 0 
vn 0 -1 0 
vn 0 -1 0 
vn 0 -1 0 
vn 0 -1 0 
vn 0 -1 0 
vn 0 -1 0 
vn 0 -1 0 
vn 0 -1 0 
vn 0 -1 0 
vn 0 -1 0 
vn 0 -1 0 
vn 0 -1 0 
vn 0 -1 0 
vn 0 -1 0 
vn 0 -1 0 
vn 0 -1 0 
vn 0 -1 0 
vn 0 -1 0 
vn 0 -1 0 
vn 0 -1 0 
vn 0 -1 0 
vn 0 -1 0 
vn 0 -1 0 
vn 0 -1 0 
vn 0 -1 0 
vn 0 -1 0 
vn -0.708661 -0.708661 0 
vn -0.708661 -0.708661 0 
vn -1 0 0 
vn 0 -1 0 
vn -1 0 0 
vn 0 -1 0 
vn 0.708661 -0.708661 0 
vn 0.708661 -0.708661 0 
vn 1 0 0 
vn 0.708661 -0.708661 0 
vn 0.708661 -0.708661 0 
vn 0 -1 0 
vn 0 -1 0 
vn 0.708661 0.708661 0 
vn -0.708661 -0.708661 0 
vn -0.708661 -0.708661 0 
vn 0 0 -1 
vn 0 0 -1 
vn 0 0 -1 
vn 0 0 -1 
vn 0 0 -1 
vn 0 0 -1 
vn 0.708661 -0.708661 0 
vn 0.708661 -0.708661 0 
vn -0.708661 0.708661 0 
vn 1 0 0 
vn -0.708661 0.708661 0 
vn 1 0 0 
vn 0.708661 0.708661 0 
vn 0.708661 0.708661 0 
vn 0.708661 -0.708661 0 
vn 0.708661 -0.708661 0 
vn 1 0 0 
vn 1 0 0 
vn 0.708661 0.708661 0 
vn 0.708661 0.708661 0 
vn -0.708661 0.708661 0 
vn 1 0 0 
vn 1 0 0 
vn 1 0 0 
vn 1 0 0 
vn 1 0 0 
vn 1 0 0 
vn 1 0 0 
vn 1 0 0 
vn 1 0 0 
vn 1 0 0 
vn 1 0 0 
vn 1 0 0 
vn 0 -1 0 
vn 0.708661 -0.708661 0 
vn 0.708661 -0.708661 0 
vn 0 1 0 
vn 1 0 0 
vn 1 0 0 
vn 0.708661 0.708661 0 
vn 0.708661 0.708661 0 
vn 0.708661 -0.708661 0 
vn 0.708661 -0.708661 0 
vn 1 0 0 
vn 1 0 0 
vn 0 -1 0 
vn 0.708661 0.708661 0 
vn 0 -1 0 
vn 0.708661 0.708661 0 
vn 0 1 0 
vn 0 1 0 
vn 0 0 1 
vn 0 0 1 
vn 0.708661 0 -0.708661 
vn 1 0 0 
vn 1 0 0 
vn 0.708661 0 0.708661 
vn 0.708661 0 -0.708661 
vn 0.708661 0 0.708661 
vn 0 0 -1 
vn 1 0 0 
vn 0.708661 -0.708661 0 
vn 1 0 0 
vn 0.708661 -0.708661 0 
vn 0.708661 0.708661 0 
vn 0 -1 0 
vn 0.708661 0.708661 0 
vn 0 -1 0 
vn 0 1 0 
vn 0.708661 0.708661 0 
vn 0.708661 0.708661 0 
vn 1 0 0 
vn 1 0 0 
vn 0.708661 -0.708661 0 
vn 0.708661 -0.708661 0 
vn 0 -1 0 
vn 0.708661 -0.708661 0 
vn 0.708661 -0.708661 0 
vn 1 0 0 
vn 0 1 0 
vn 1 0 0 
vn 0.708661 0.708661 0 
vn 0.708661 0.708661 0 
vn 1 0 0 
vn 0.708661 0 0.708661 
vn 0.708661 0 0.708661 
vn 1 0 0 
vn 0.708661 0 -0.708661 
vn 0.708661 0 -0.708661 
vn 0 0 -1 
vn 0.708661 -0.708661 0 
vn 0.708661 -0.708661 0 
vn 1 0 0 
vn 1 0 0 
vn 0.708661 0.708661 0 
vn 0 -1 0 
vn 0.708661 0.708661 0 

vt 29.9742 -24.9724 
vt 29.9818 -24.9907 
vt 29.9818 -24.9542 
vt 30.0182 -24.9542 
vt 30 -24.9466 
vt 30.0182 -24.9907 
vt 30.0258 -24.9724 
vt 30 -24.9982 
vt 30.0739 -24.9569 
vt 30.1203 -25.0698 
vt 29.8797 -25.0698 
vt 30.1318 -24.9622 
vt 30.0923 -24.871 
vt 30.1148 -24.8617 
vt 29.8688 -25.0933 
vt 29.8797 -25.0916 
vt 29.8777 -25.0896 
vt 29.8688 -25.0962 
vt 29.8843 -25.0807 
vt 29.8579 -25.0916 
vt 29.8814 -25.0807 
vt 29.8599 -25.0896 
vt 29.8777 -25.0718 
vt 29.8533 -25.0807 
vt 29.8797 -25.0698 
vt 29.8562 -25.0807 
vt 29.8688 -25.0681 
vt 29.8599 -25.0718 
vt 29.8688 -25.0652 
vt 29.8579 -25.0698 
vt 30.1467 -25.0807 
vt 30.1421 -25.0698 
vt 30.1401 -25.0718 
vt 30.1438 -25.0807 
vt 30.1312 -25.0681 
vt 30.1401 -25.0896 
vt 30.1312 -25.0652 
vt 30.1421 -25.0916 
vt 30.1203 -25.0698 
vt 30.1312 -25.0933 
vt 30.1223 -25.0718 
vt 30.1312 -25.0962 
vt 30.1157 -25.0807 
vt 30.1203 -25.0916 
vt 30.1186 -25.0807 
vt 30.1223 -25.0896 
vt 29.9438 -24.9724 
vt 29.9602 -25.0122 
vt 29.9602 -24.9326 
vt 30 -25.0286 
vt 30 -24.9162 
vt 30.0398 -24.9326 
vt 30.0398 -25.0122 
vt 30.0562 -24.9724 
vt 30.1726 -25.1215 
vt 30.0911 -25.1215 
vt 30.1318 -25.1383 
vt 30.1726 -25.0399 
vt 30.1895 -25.0807 
vt 30.0911 -25.0399 
vt 30.0742 -25.0807 
vt 30.1318 -25.0231 
vt 29.8105 -25.0807 
vt 29.8274 -25.1215 
vt 29.8274 -25.0399 
vt 29.9089 -25.0399 
vt 29.8682 -25.0231 
vt 29.9089 -25.1215 
vt 29.9258 -25.0807 
vt 29.8682 -25.1383 
vt 29.9995 -24.919 
vt 29.9951 -24.9358 
vt 29.9951 -24.919 
vt 29.9846 -24.9358 
vt 29.9846 -24.9358 
vt 29.9846 -24.919 
vt 29.974 -24.9358 
vt 29.974 -24.919 
vt 30.0258 -24.9724 
vt 30 -24.9982 
vt 30 -24.9466 
vt 29.9742 -24.9724 
vt 30 -24.9162 
vt 29.9602 -24.9326 
vt 30.0398 -24.9326 
vt 29.9602 -25.0122 
vt 30.0739 -24.9569 
vt 30.1318 -24.988 
vt 30.1318 -24.9569 
vt 30.0739 -24.988 
vt 30.0304 -24.919 
vt 30.026 -24.919 
vt 30.026 -24.9358 
vt 30.0154 -24.9358 
vt 30.0154 -24.919 
vt 30.0049 -24.9358 
vt 30.0049 -24.919 
vt 30.0049 -24.9358 
vt 30.1318 -24.9622 
vt 30.1172 -24.9622 
vt 30.1318 -24.9826 
vt 30.1172 -24.9826 
vt 30.1148 -24.9252 
vt 30.1148 -24.8617 
vt 30.083 -24.8934 
vt 30.0923 -24.871 
vt 30.0923 -24.9159 
vt 30.1465 -24.8934 
vt 30.1372 -24.9159 
vt 30.1372 -24.871 
vt 29.8852 -24.8617 
vt 29.917 -24.8934 
vt 29.9077 -24.871 
vt 29.8852 -24.9252 
vt 29.9077 -24.9159 
vt 29.8535 -24.8934 
vt 29.8628 -24.871 
vt 29.8628 -24.9159 
vt 30.2486 -25.1372 
vt 30.2486 -25.0923 
vt 30.2371 -25.0911 
vt 30.2371 -25.1318 
vt 29.9289 -25.1203 
vt 29.9076 -25.1203 
vt 29.9289 -25.1312 
vt 29.9076 -25.1421 
vt 29.9076 -25.1312 
vt 29.9289 -25.1421 
vt 29.9289 -24.8843 
vt 29.9076 -24.8797 
vt 29.9289 -24.8797 
vt 29.9076 -24.8688 
vt 29.9289 -24.8688 
vt 29.9076 -24.8579 
vt 29.9289 -24.8579 
vt 30.1575 -25.0923 
vt 30.1575 -25.0923 
vt 30.2486 -25.0923 
vt 30.1575 -25.1148 
vt 30.2486 -25.1148 
vt 30.1575 -25.1372 
vt 30.2486 -25.1372 
vt 29.8145 -25.026 
vt 29.7934 -25.026 
vt 29.804 -25.0304 
vt 29.7891 -25.0154 
vt 29.8189 -25.0154 
vt 29.8145 -25.0049 
vt 29.7934 -25.0049 
vt 29.804 -25.0005 
vt 29.8145 -24.9951 
vt 29.7934 -24.9951 
vt 29.804 -24.9995 
vt 29.7891 -24.9846 
vt 29.8189 -24.9846 
vt 29.8145 -24.974 
vt 29.7934 -24.974 
vt 29.804 -24.9696 
vt 29.9275 -24.9258 
vt 29.9275 -24.9089 
vt 30.2371 -24.9089 
vt 29.9275 -24.8682 
vt 30.2371 -24.8682 
vt 30.2371 -24.8105 
vt 29.9275 -24.8274 
vt 29.9275 -24.8105 
vt 30.2371 -24.8274 
vt 29.9096 -25.0398 
vt 29.9275 -25.1318 
vt 30.0228 -25.1318 
vt 30.1445 -25.1318 
vt 30.1445 -25.0739 
vt 30.0228 -25.0739 
vt 29.804 -24.9995 
vt 29.8189 -24.9846 
vt 29.7934 -24.974 
vt 29.7934 -24.974 
vt 30.0289 -25.1318 
vt 30.1384 -25.1318 
vt 30.1384 -25.1172 
vt 30.0289 -25.1172 
vt 29.7787 -25.0258 
vt 29.7514 -25.0182 
vt 29.7787 -25.0182 
vt 29.7514 -25 
vt 29.7787 -25 
vt 29.7514 -24.9818 
vt 29.7787 -24.9742 
vt 29.7787 -24.9818 
vt 29.7514 -24.9742 
vt 29.9375 -25 
vt 29.9096 -24.9602 
vt 29.9096 -25 
vt 29.9375 -24.9602 
vt 29.9375 -25.0398 
vt 29.9096 -24.9438 
vt 29.9096 -25.0398 
vt 29.9375 -25.0562 
vt 29.9096 -25.0562 
vt 29.9275 -25.0742 
vt 30.2371 -25.0742 
vt 29.9275 -25.0911 
vt 30.2371 -25.0911 
vt 29.9275 -25.1318 
vt 30.2371 -25.1895 
vt 30.2371 -25.1318 
vt 29.9275 -25.1895 
vt 29.9275 -25.1726 
vt 30.2371 -25.1726 
vt 29.804 -25.0304 
vt 29.7934 -25.026 
vt 29.7934 -25.0049 
vt 29.8189 -25.0154 
vt 29.8145 -25.0049 
vt 30.1575 -24.9077 
vt 30.1575 -24.9077 
vt 30.2486 -24.9077 
vt 30.2486 -24.8628 
vt 30.1575 -24.8852 
vt 30.2486 -24.8852 
vt 30.1575 -24.8628 
vt 30.2486 -24.8628 
vt 29.7514 -24.871 
vt 29.7514 -24.8617 
vt 29.7629 -25.0399 
vt 29.7629 -25.0807 
vt 29.7629 -25.1383 
vt 29.7629 -25.0231 
vt 29.8555 -24.9569 
vt 30.0924 -25.0916 
vt 30.0711 -25.0916 
vt 30.0711 -25.0807 
vt 30.0924 -25.0916 
vt 30.0924 -25.0807 
vt 30.0711 -25.0916 
vt 30.0711 -25.0698 
vt 30.0924 -25.0698 
vt 30.0711 -25.0916 
vt 30.0924 -25.0916 
vt 30.0711 -25.0807 
vt 30.0924 -25.0698 
vt 30.0924 -25.0807 
vt 30.0711 -25.0698 
vt 29.7514 -24.9159 
vt 29.8425 -24.9159 
vt 29.8425 -24.8934 
vt 29.7514 -24.8934 
vt 29.8425 -24.871 
vt 29.7514 -24.871 
vt 29.7629 -25.1383 
vt 30.0725 -25.1383 
vt 29.7629 -25.1215 
vt 30.0725 -25.0231 
vt 30.0725 -25.1215 
vt 29.7629 -25.0231 
vt 29.7629 -25.0807 
vt 30.0725 -25.0399 
vt 30.0725 -25.0807 
vt 29.7629 -25.0399 
vt 30.0904 -25.0122 
vt 30.0725 -25.1215 
vt 30.1811 -24.9358 
vt 30.1855 -24.919 
vt 30.2066 -24.9358 
vt 30.1855 -24.9358 
vt 30.2066 -24.919 
vt 30.196 -24.919 
vt 30.196 -24.9358 
vt 30.2213 -24.9982 
vt 30.2486 -24.9982 
vt 30.2213 -24.9907 
vt 30.2486 -24.9907 
vt 30.2486 -24.9542 
vt 30.2213 -24.9724 
vt 30.2213 -24.9542 
vt 30.2486 -24.9724 
vt 30.0904 -24.9326 
vt 30.0625 -24.9326 
vt 30.0904 -24.9724 
vt 30.0625 -24.9724 
vt 30.0904 -25.0122 
vt 30.0625 -25.0122 
vt 29.7629 -25.1215 
vt 30.0725 -25.1215 
vt 30.0725 -25.0807 
vt 29.7629 -25.0807 
vt 30.0725 -25.0399 
vt 29.7629 -25.0399 
vt 30.2066 -24.9358 
vt 30.2066 -24.919 
vt 30.196 -24.9358 
vt 30.196 -24.919 
vt 30.1855 -24.919 
vt 30.1855 -24.9358 
vt 29.8425 -24.9252 
vt 29.7514 -24.9159 
vt 29.8425 -24.8617 
vt 29.8425 -24.9159 
vt 29.7514 -24.8934 
vt 29.8425 -24.871 
vt 29.8425 -24.8934 
vt 29.7514 -24.871 
vt 29.8852 -24.9252 
vt 29.8852 -24.8617 
vt 29.8535 -24.8934 
vt 29.8628 -24.871 
vt 29.8628 -24.9159 
vt 29.917 -24.8934 
vt 29.9077 -24.9159 
vt 29.9077 -24.871 
vt 30.1148 -24.8617 
vt 30.1465 -24.8934 
vt 30.1372 -24.871 
vt 30.1148 -24.9252 
vt 30.1372 -24.9159 
vt 30.083 -24.8934 
vt 30.0923 -24.9159 
vt 30.0923 -24.871 
vt 29.8274 -25.1215 
vt 29.8274 -25.0399 
vt 29.8105 -25.0807 
vt 29.9089 -25.1215 
vt 29.8682 -25.1383 
vt 29.9089 -25.0399 
vt 29.8682 -25.0231 
vt 29.9258 -25.0807 
vt 30.1726 -25.0399 
vt 30.1726 -25.1215 
vt 30.1895 -25.0807 
vt 30.0911 -25.1215 
vt 30.1318 -25.1383 
vt 30.0911 -25.0399 
vt 30.0742 -25.0807 
vt 30.1318 -25.0231 
vt 29.8682 -24.988 
vt 29.9261 -24.988 
vt 29.8682 -24.9569 
vt 29.9261 -24.9569 
vt 29.8843 -25.0807 
vt 29.8579 -25.0916 
vt 29.8797 -25.0698 
vt 29.8797 -25.0698 
vt 29.8579 -25.0698 
vt 30.1157 -25.0807 
vt 30.1421 -25.0698 
vt 30.1467 -25.0807 
vt 29.8682 -24.9826 
vt 29.8828 -24.9826 
vt 29.8682 -24.9622 
vt 29.8828 -24.9622 
vt 30.0049 -24.919 
vt 30.0049 -24.9358 
vt 30.0154 -24.919 
vt 30.0154 -24.9358 
vt 30.026 -24.919 
vt 30.026 -24.9358 
vt 30 -24.9162 
vt 30.0398 -24.9326 
vt 29.9438 -24.9724 
vt 29.9696 -24.919 
vt 29.974 -24.9358 
vt 29.974 -24.919 
vt 29.974 -24.9358 
vt 29.9951 -24.919 
vt 29.9846 -24.919 
vt 29.9846 -24.9358 
vt 29.9951 -24.919 
vt 29.9951 -24.9358 
vt 30.0182 -24.9907 
vt 30.0258 -24.9724 
vt 30.0209 -24.9724 
vt 30.0182 -24.9542 
vt 30.0148 -24.9872 
vt 30.0148 -24.9576 
vt 30 -24.9982 
vt 30 -24.9466 
vt 30 -24.9933 
vt 30 -24.9515 
vt 29.9852 -24.9872 
vt 29.9852 -24.9576 
vt 29.9818 -24.9907 
vt 29.9818 -24.9542 
vt 29.9791 -24.9724 
vt 29.9742 -24.9724 
vt 29.7629 -25.1726 
vt 29.7629 -25.0911 
vt 29.7629 -25.1318 
vt 29.7629 -25.0742 
vt 29.8555 -25.0739 
vt 30.0924 -25.1203 
vt 30.0711 -25.1203 
vt 30.0924 -25.1312 
vt 30.0711 -25.1312 
vt 30.0924 -25.1421 
vt 30.0924 -25.1157 
vt 30.0711 -25.1421 
vt 30.0711 -25.1203 
vt 30.0924 -24.8797 
vt 30.0711 -24.8797 
vt 30.0711 -24.8843 
vt 30.0711 -24.8688 
vt 30.0924 -24.8797 
vt 30.0924 -24.8688 
vt 30.0711 -24.8579 
vt 30.0924 -24.8579 
vt 30.0924 -24.8533 
vt 30.0711 -24.8579 
vt 29.8616 -25.1318 
vt 29.7514 -25.0923 
vt 29.8425 -25.0923 
vt 29.7514 -25.1148 
vt 29.8425 -25.1148 
vt 29.7514 -25.1372 
vt 29.7514 -25.0923 
vt 29.8425 -25.1372 
vt 29.8425 -25.1372 
vt 30.0725 -24.9089 
vt 29.7629 -24.9089 
vt 29.7629 -24.9258 
vt 29.7629 -24.8682 
vt 30.0725 -24.8682 
vt 29.7629 -24.8274 
vt 30.0725 -24.8274 
vt 30.0725 -24.8105 
vt 30.0725 -25.1726 
vt 30.0725 -25.0911 
vt 30.1811 -24.9846 
vt 30.2213 -25.0182 
vt 30.2486 -25.0182 
vt 30.2213 -25 
vt 30.2486 -25 
vt 30.2213 -24.9818 
vt 30.2486 -24.9818 
vt 30.0625 -25.0398 
vt 30.0625 -25.0562 
vt 30.0904 -24.9602 
vt 30.0904 -25.0562 
vt 30.0625 -24.9602 
vt 30.0625 -25.0398 
vt 30.0904 -25 
vt 30.0904 -25.0398 
vt 30.0625 -25 
vt 29.8555 -25.1318 
vt 29.9772 -25.1318 
vt 29.9772 -25.0739 
vt 29.8555 -25.0739 
vt 29.9711 -25.1172 
vt 29.8616 -25.1318 
vt 29.9711 -25.1318 
vt 29.8616 -25.1172 
vt 30.2066 -25.0049 
vt 30.196 -25.0005 
vt 30.196 -25.0028 
vt 30.1855 -25.0049 
vt 30.2049 -25.0065 
vt 30.1871 -25.0065 
vt 30.2109 -25.0154 
vt 30.1811 -25.0154 
vt 30.2086 -25.0154 
vt 30.1835 -25.0154 
vt 30.2049 -25.0243 
vt 30.1871 -25.0243 
vt 30.2066 -25.026 
vt 30.1855 -25.026 
vt 30.196 -25.028 
vt 30.196 -25.0304 
vt 30.2066 -24.9951 
vt 30.196 -24.9972 
vt 30.196 -24.9995 
vt 30.1855 -24.9951 
vt 30.2049 -24.9935 
vt 30.1871 -24.9935 
vt 30.2109 -24.9846 
vt 30.1811 -24.9846 
vt 30.2086 -24.9846 
vt 30.1835 -24.9846 
vt 30.2049 -24.9757 
vt 30.1871 -24.9757 
vt 30.2066 -24.974 
vt 30.1855 -24.974 
vt 30.196 -24.972 
vt 30.196 -24.9696 
vt 29.7629 -25.0911 
vt 30.0725 -25.0911 
vt 30.0725 -25.0742 
vt 29.7629 -25.1318 
vt 29.7629 -25.0742 
vt 30.0725 -25.1318 
vt 29.7629 -25.1726 
vt 30.0725 -25.1726 
vt 30.0725 -25.1895 
vt 29.8425 -24.9077 
vt 29.7514 -24.9077 
vt 29.7514 -24.8852 
vt 29.8425 -24.8852 
vt 29.7514 -24.9077 
vt 29.7514 -24.8628 
vt 29.8425 -24.8628 
vt 30.2486 -24.871 
vt 30.2486 -24.8617 
vt 30.2371 -25.1215 
vt 30.2371 -25.0231 
vt 30.2371 -25.1383 
vt 30.2371 -25.0231 
vt 29.9076 -25.0916 
vt 29.9289 -25.0916 
vt 29.9289 -25.0698 
vt 29.9076 -25.0807 
vt 29.9076 -25.0698 
vt 29.9289 -25.0807 
vt 29.9076 -25.0698 
vt 29.9289 -25.0698 
vt 29.9076 -25.0916 
vt 29.9289 -25.0916 
vt 29.9076 -25.0807 
vt 29.9289 -25.0807 
vt 29.9076 -25.0698 
vt 29.9289 -25.0698 
vt 29.9076 -25.0698 
vt 30.0228 -24.988 
vt 30.0289 -24.9622 
vt 30.0228 -24.9569 
vt 30.1445 -24.9569 
vt 30.0289 -24.9826 
vt 30.1384 -24.9622 
vt 30.1445 -24.988 
vt 30.1384 -24.9826 
vt 30.0289 -24.9622 
vt 30.1384 -24.9826 
vt 30.1384 -24.9622 
vt 30.0289 -24.9826 
vt 30.1575 -24.9252 
vt 30.2486 -24.9159 
vt 30.1575 -24.9159 
vt 30.1575 -24.8617 
vt 30.2486 -24.8934 
vt 30.1575 -24.8934 
vt 30.1575 -24.871 
vt 30.2486 -24.871 
vt 29.9275 -25.1215 
vt 30.2371 -25.1215 
vt 29.9275 -25.0807 
vt 30.2371 -25.0807 
vt 30.2371 -25.1383 
vt 29.9275 -25.0399 
vt 29.9275 -25.1383 
vt 30.2371 -25.0399 
vt 29.9275 -25.0231 
vt 30.2371 -25.0231 
vt 29.9275 -25.1215 
vt 29.9275 -25.0231 
vt 29.8145 -24.919 
vt 29.804 -24.919 
vt 29.804 -24.9358 
vt 29.7934 -24.9358 
vt 29.8145 -24.9358 
vt 29.7934 -24.919 
vt 29.8189 -24.9358 
vt 29.7514 -24.9724 
vt 29.7787 -24.9907 
vt 29.7787 -24.9724 
vt 29.7514 -24.9907 
vt 29.7514 -24.9542 
vt 29.7787 -24.9982 
vt 29.7787 -24.9542 
vt 29.7514 -24.9982 
vt 29.7514 -24.9466 
vt 29.9375 -24.9326 
vt 29.9096 -24.9326 
vt 29.9375 -24.9724 
vt 29.9096 -24.9724 
vt 29.9375 -25.0122 
vt 29.9096 -25.0122 
vt 30.2371 -25.1383 
vt 30.2371 -25.1215 
vt 29.9275 -25.1215 
vt 30.2371 -25.0807 
vt 30.2371 -25.0231 
vt 29.9275 -25.0807 
vt 29.9275 -25.0399 
vt 30.2371 -25.0399 
vt 29.804 -24.919 
vt 29.7934 -24.919 
vt 29.7934 -24.9358 
vt 29.804 -24.9358 
vt 29.8145 -24.919 
vt 29.8145 -24.9358 
vt 29.8189 -24.9358 
vt 30.1575 -24.9159 
vt 30.2486 -24.9159 
vt 30.1575 -24.8934 
vt 30.2486 -24.8934 
vt 30.1575 -24.871 
vt 30.1575 -24.9252 
vt 30.2486 -24.871 

usemtl Meshpart2Mtl

f 947/947/947 948/948/948 949/949/949 
f 950/950/950 949/949/949 948/948/948 
f 949/949/949 950/950/950 951/951/951 
f 948/948/948 952/952/952 950/950/950 
f 950/950/950 952/952/952 953/953/953 
f 952/952/952 948/948/948 954/954/954 
f 961/961/961 962/962/962 963/963/963 
f 962/962/962 961/961/961 964/964/964 
f 965/965/965 963/963/963 962/962/962 
f 966/966/966 964/964/964 961/961/961 
f 963/963/963 965/965/965 967/967/967 
f 966/966/966 961/961/961 968/968/968 
f 965/965/965 969/969/969 967/967/967 
f 968/968/968 970/970/970 966/966/966 
f 965/965/965 971/971/971 969/969/969 
f 970/970/970 968/968/968 972/972/972 
f 971/971/971 973/973/973 969/969/969 
f 974/974/974 970/970/970 972/972/972 
f 973/973/973 971/971/971 975/975/975 
f 970/970/970 974/974/974 976/976/976 
f 973/973/973 976/976/976 974/974/974 
f 976/976/976 973/973/973 975/975/975 
f 977/977/977 978/978/978 979/979/979 
f 977/977/977 979/979/979 980/980/980 
f 978/978/978 981/981/981 979/979/979 
f 982/982/982 977/977/977 980/980/980 
f 981/981/981 978/978/978 983/983/983 
f 977/977/977 982/982/982 984/984/984 
f 985/985/985 981/981/981 983/983/983 
f 986/986/986 984/984/984 982/982/982 
f 981/981/981 985/985/985 987/987/987 
f 984/984/984 986/986/986 988/988/988 
f 989/989/989 987/987/987 985/985/985 
f 990/990/990 988/988/988 986/986/986 
f 987/987/987 989/989/989 991/991/991 
f 990/990/990 986/986/986 992/992/992 
f 989/989/989 992/992/992 991/991/991 
f 992/992/992 989/989/989 990/990/990 
f 993/993/993 994/994/994 995/995/995 
f 996/996/996 995/995/995 994/994/994 
f 995/995/995 996/996/996 997/997/997 
f 997/997/997 996/996/996 998/998/998 
f 999/999/999 998/998/998 996/996/996 
f 998/998/998 999/999/999 1000/1000/1000 
f 1001/1001/1001 1002/1002/1002 1003/1003/1003 
f 1002/1002/1002 1001/1001/1001 1004/1004/1004 
f 1004/1004/1004 1001/1001/1001 1005/1005/1005 
f 1004/1004/1004 1006/1006/1006 1002/1002/1002 
f 1002/1002/1002 1006/1006/1006 1007/1007/1007 
f 1006/1006/1006 1004/1004/1004 1008/1008/1008 
f 1009/1009/1009 1010/1010/1010 1011/1011/1011 
f 1012/1012/1012 1011/1011/1011 1010/1010/1010 
f 1011/1011/1011 1012/1012/1012 1013/1013/1013 
f 1010/1010/1010 1014/1014/1014 1012/1012/1012 
f 1012/1012/1012 1014/1014/1014 1015/1015/1015 
f 1014/1014/1014 1010/1010/1010 1016/1016/1016 
f 1019/1019/1019 1020/1020/1020 1018/1018/1018 
f 1020/1020/1020 1019/1019/1019 1022/1022/1022 
f 1022/1022/1022 1023/1023/1023 1020/1020/1020 
f 1023/1023/1023 1022/1022/1022 1024/1024/1024 
f 1033/1033/1033 1034/1034/1034 1035/1035/1035 
f 1034/1034/1034 1033/1033/1033 1036/1036/1036 
f 1038/1038/1038 1040/1040/1040 1039/1039/1039 
f 1040/1040/1040 1038/1038/1038 1041/1041/1041 
f 1041/1041/1041 1042/1042/1042 1040/1040/1040 
f 1042/1042/1042 1041/1041/1041 1043/1043/1043 
f 1045/1045/1045 1046/1046/1046 1047/1047/1047 
f 1047/1047/1047 1046/1046/1046 1048/1048/1048 
f 1049/1049/1049 1050/1050/1050 1051/1051/1051 
f 1051/1051/1051 1050/1050/1050 1052/1052/1052 
f 1049/1049/1049 1051/1051/1051 1053/1053/1053 
f 1050/1050/1050 1049/1049/1049 1054/1054/1054 
f 1054/1054/1054 1049/1049/1049 1055/1055/1055 
f 1050/1050/1050 1054/1054/1054 1056/1056/1056 
f 1057/1057/1057 1058/1058/1058 1059/1059/1059 
f 1057/1057/1057 1060/1060/1060 1058/1058/1058 
f 1058/1058/1058 1060/1060/1060 1061/1061/1061 
f 1060/1060/1060 1057/1057/1057 1062/1062/1062 
f 1062/1062/1062 1057/1057/1057 1063/1063/1063 
f 1060/1060/1060 1062/1062/1062 1064/1064/1064 
f 1070/1070/1070 1071/1071/1071 1069/1069/1069 
f 1071/1071/1071 1070/1070/1070 1073/1073/1073 
f 1073/1073/1073 1074/1074/1074 1071/1071/1071 
f 1074/1074/1074 1073/1073/1073 1072/1072/1072 
f 1077/1077/1077 1078/1078/1078 1076/1076/1076 
f 1078/1078/1078 1077/1077/1077 1079/1079/1079 
f 1079/1079/1079 1080/1080/1080 1078/1078/1078 
f 1080/1080/1080 1079/1079/1079 1081/1081/1081 
f 1085/1085/1085 1084/1084/1084 1083/1083/1083 
f 1084/1084/1084 1085/1085/1085 1086/1086/1086 
f 1087/1087/1087 1086/1086/1086 1085/1085/1085 
f 1087/1087/1087 1088/1088/1088 1086/1086/1086 
f 1089/1089/1089 1090/1090/1090 1091/1091/1091 
f 1089/1089/1089 1092/1092/1092 1090/1090/1090 
f 1093/1093/1093 1092/1092/1092 1089/1089/1089 
f 1092/1092/1092 1093/1093/1093 1094/1094/1094 
f 1092/1092/1092 1094/1094/1094 1095/1095/1095 
f 1095/1095/1095 1094/1094/1094 1096/1096/1096 
f 1097/1097/1097 1098/1098/1098 1099/1099/1099 
f 1097/1097/1097 1100/1100/1100 1098/1098/1098 
f 1101/1101/1101 1100/1100/1100 1097/1097/1097 
f 1100/1100/1100 1101/1101/1101 1102/1102/1102 
f 1100/1100/1100 1102/1102/1102 1103/1103/1103 
f 1103/1103/1103 1102/1102/1102 1104/1104/1104 
f 1107/1107/1107 1108/1108/1108 1106/1106/1106 
f 1108/1108/1108 1107/1107/1107 1109/1109/1109 
f 1109/1109/1109 1111/1111/1111 1108/1108/1108 
f 1111/1111/1111 1109/1109/1109 1113/1113/1113 
f 1116/1116/1116 1117/1117/1117 1118/1118/1118 
f 1116/1116/1116 1118/1118/1118 1119/1119/1119 
f 1124/1124/1124 1125/1125/1125 1126/1126/1126 
f 1124/1124/1124 1126/1126/1126 1127/1127/1127 
f 1129/1129/1129 1130/1130/1130 1131/1131/1131 
f 1130/1130/1130 1132/1132/1132 1131/1131/1131 
f 1131/1131/1131 1132/1132/1132 1133/1133/1133 
f 1132/1132/1132 1135/1135/1135 1133/1133/1133 
f 1137/1137/1137 1138/1138/1138 1139/1139/1139 
f 1138/1138/1138 1137/1137/1137 1140/1140/1140 
f 1139/1139/1139 1141/1141/1141 1137/1137/1137 
f 1141/1141/1141 1139/1139/1139 1143/1143/1143 
f 1150/1150/1150 1149/1149/1149 1148/1148/1148 
f 1149/1149/1149 1150/1150/1150 1152/1152/1152 
f 1154/1154/1154 1152/1152/1152 1150/1150/1150 
f 1152/1152/1152 1154/1154/1154 1155/1155/1155 
f 1163/1163/1163 1165/1165/1165 1162/1162/1162 
f 1165/1165/1165 1163/1163/1163 1166/1166/1166 
f 1166/1166/1166 1167/1167/1167 1165/1165/1165 
f 1167/1167/1167 1166/1166/1166 1168/1168/1168 
f 1177/1177/1177 1176/1176/1176 1178/1178/1178 
f 1180/1180/1180 1178/1178/1178 1176/1176/1176 
f 1178/1178/1178 1180/1180/1180 1182/1182/1182 
f 1183/1183/1183 1182/1182/1182 1180/1180/1180 
f 1184/1184/1184 1185/1185/1185 1186/1186/1186 
f 1188/1188/1188 1186/1186/1186 1185/1185/1185 
f 1186/1186/1186 1188/1188/1188 1189/1189/1189 
f 1187/1187/1187 1189/1189/1189 1188/1188/1188 
f 1190/1190/1190 1191/1191/1191 1192/1192/1192 
f 1190/1190/1190 1192/1192/1192 1193/1193/1193 
f 1193/1193/1193 1192/1192/1192 1194/1194/1194 
f 1193/1193/1193 1194/1194/1194 1195/1195/1195 
f 1198/1198/1198 1200/1200/1200 1202/1202/1202 
f 1204/1204/1204 1202/1202/1202 1200/1200/1200 
f 1202/1202/1202 1204/1204/1204 1205/1205/1205 
f 1203/1203/1203 1205/1205/1205 1204/1204/1204 
f 1211/1211/1211 1213/1213/1213 1209/1209/1209 
f 1210/1210/1210 1212/1212/1212 1214/1214/1214 
f 1214/1214/1214 1213/1213/1213 1211/1211/1211 
f 1214/1214/1214 1212/1212/1212 1213/1213/1213 
f 1218/1218/1218 1220/1220/1220 1217/1217/1217 
f 1220/1220/1220 1218/1218/1218 1222/1222/1222 
f 1221/1221/1221 1222/1222/1222 1219/1219/1219 
f 1222/1222/1222 1221/1221/1221 1220/1220/1220 
f 1225/1225/1225 1223/1223/1223 1224/1224/1224 
f 1226/1226/1226 1225/1225/1225 1224/1224/1224 
f 1227/1227/1227 1225/1225/1225 1226/1226/1226 
f 1228/1228/1228 1227/1227/1227 1226/1226/1226 
f 1229/1229/1229 1230/1230/1230 1231/1231/1231 
f 1229/1229/1229 1231/1231/1231 1232/1232/1232 
f 1232/1232/1232 1231/1231/1231 1233/1233/1233 
f 1232/1232/1232 1233/1233/1233 1234/1234/1234 
f 1235/1235/1235 1236/1236/1236 1237/1237/1237 
f 1237/1237/1237 1236/1236/1236 1238/1238/1238 
f 1237/1237/1237 1238/1238/1238 1240/1240/1240 
f 1240/1240/1240 1238/1238/1238 1239/1239/1239 
f 1242/1242/1242 1244/1244/1244 1245/1245/1245 
f 1247/1247/1247 1245/1245/1245 1244/1244/1244 
f 1245/1245/1245 1247/1247/1247 1248/1248/1248 
f 1246/1246/1246 1248/1248/1248 1247/1247/1247 
f 1249/1249/1249 1250/1250/1250 1251/1251/1251 
f 1251/1251/1251 1250/1250/1250 1252/1252/1252 
f 1249/1249/1249 1251/1251/1251 1253/1253/1253 
f 1250/1250/1250 1249/1249/1249 1254/1254/1254 
f 1254/1254/1254 1249/1249/1249 1255/1255/1255 
f 1250/1250/1250 1254/1254/1254 1256/1256/1256 
f 1257/1257/1257 1258/1258/1258 1259/1259/1259 
f 1260/1260/1260 1258/1258/1258 1257/1257/1257 
f 1258/1258/1258 1260/1260/1260 1261/1261/1261 
f 1262/1262/1262 1260/1260/1260 1257/1257/1257 
f 1260/1260/1260 1262/1262/1262 1263/1263/1263 
f 1262/1262/1262 1257/1257/1257 1264/1264/1264 
f 1265/1265/1265 1266/1266/1266 1267/1267/1267 
f 1266/1266/1266 1265/1265/1265 1268/1268/1268 
f 1268/1268/1268 1265/1265/1265 1269/1269/1269 
f 1270/1270/1270 1266/1266/1266 1268/1268/1268 
f 1266/1266/1266 1270/1270/1270 1271/1271/1271 
f 1270/1270/1270 1268/1268/1268 1272/1272/1272 
f 1273/1273/1273 1274/1274/1274 1275/1275/1275 
f 1273/1273/1273 1276/1276/1276 1274/1274/1274 
f 1274/1274/1274 1276/1276/1276 1277/1277/1277 
f 1273/1273/1273 1278/1278/1278 1276/1276/1276 
f 1276/1276/1276 1278/1278/1278 1279/1279/1279 
f 1278/1278/1278 1273/1273/1273 1280/1280/1280 
f 1281/1281/1281 1282/1282/1282 1283/1283/1283 
f 1283/1283/1283 1282/1282/1282 1284/1284/1284 
f 1293/1293/1293 1294/1294/1294 1295/1295/1295 
f 1295/1295/1295 1294/1294/1294 1296/1296/1296 
f 1297/1297/1297 1298/1298/1298 1299/1299/1299 
f 1298/1298/1298 1300/1300/1300 1299/1299/1299 
f 1299/1299/1299 1300/1300/1300 1301/1301/1301 
f 1300/1300/1300 1302/1302/1302 1301/1301/1301 
f 1308/1308/1308 1309/1309/1309 1311/1311/1311 
f 1309/1309/1309 1312/1312/1312 1311/1311/1311 
f 1311/1311/1311 1312/1312/1312 1313/1313/1313 
f 1312/1312/1312 1314/1314/1314 1313/1313/1313 
f 1315/1315/1315 1316/1316/1316 1317/1317/1317 
f 1318/1318/1318 1317/1317/1317 1316/1316/1316 
f 1317/1317/1317 1319/1319/1319 1315/1315/1315 
f 1317/1317/1317 1318/1318/1318 1320/1320/1320 
f 1321/1321/1321 1315/1315/1315 1319/1319/1319 
f 1322/1322/1322 1320/1320/1320 1318/1318/1318 
f 1321/1321/1321 1319/1319/1319 1323/1323/1323 
f 1320/1320/1320 1322/1322/1322 1324/1324/1324 
f 1325/1325/1325 1321/1321/1321 1323/1323/1323 
f 1326/1326/1326 1324/1324/1324 1322/1322/1322 
f 1321/1321/1321 1325/1325/1325 1327/1327/1327 
f 1326/1326/1326 1322/1322/1322 1328/1328/1328 
f 1329/1329/1329 1327/1327/1327 1325/1325/1325 
f 1328/1328/1328 1329/1329/1329 1326/1326/1326 
f 1327/1327/1327 1329/1329/1329 1330/1330/1330 
f 1328/1328/1328 1330/1330/1330 1329/1329/1329 
f 1336/1336/1336 1337/1337/1337 1338/1338/1338 
f 1339/1339/1339 1338/1338/1338 1337/1337/1337 
f 1338/1338/1338 1339/1339/1339 1340/1340/1340 
f 1342/1342/1342 1340/1340/1340 1339/1339/1339 
f 1345/1345/1345 1344/1344/1344 1347/1347/1347 
f 1349/1349/1349 1347/1347/1347 1344/1344/1344 
f 1347/1347/1347 1349/1349/1349 1350/1350/1350 
f 1351/1351/1351 1350/1350/1350 1349/1349/1349 
f 1357/1357/1357 1356/1356/1356 1355/1355/1355 
f 1357/1357/1357 1358/1358/1358 1356/1356/1356 
f 1359/1359/1359 1358/1358/1358 1357/1357/1357 
f 1359/1359/1359 1361/1361/1361 1358/1358/1358 
f 1364/1364/1364 1363/1363/1363 1366/1366/1366 
f 1367/1367/1367 1366/1366/1366 1363/1363/1363 
f 1366/1366/1366 1367/1367/1367 1368/1368/1368 
f 1369/1369/1369 1368/1368/1368 1367/1367/1367 
f 1375/1375/1375 1376/1376/1376 1374/1374/1374 
f 1376/1376/1376 1375/1375/1375 1377/1377/1377 
f 1377/1377/1377 1378/1378/1378 1376/1376/1376 
f 1378/1378/1378 1377/1377/1377 1379/1379/1379 
f 1386/1386/1386 1382/1382/1382 1384/1384/1384 
f 1388/1388/1388 1386/1386/1386 1384/1384/1384 
f 1387/1387/1387 1386/1386/1386 1388/1388/1388 
f 1385/1385/1385 1387/1387/1387 1388/1388/1388 
f 1389/1389/1389 1390/1390/1390 1391/1391/1391 
f 1389/1389/1389 1391/1391/1391 1392/1392/1392 
f 1393/1393/1393 1394/1394/1394 1395/1395/1395 
f 1394/1394/1394 1393/1393/1393 1396/1396/1396 
f 1397/1397/1397 1398/1398/1398 1399/1399/1399 
f 1400/1400/1400 1399/1399/1399 1398/1398/1398 
f 1399/1399/1399 1401/1401/1401 1397/1397/1397 
f 1399/1399/1399 1400/1400/1400 1402/1402/1402 
f 1403/1403/1403 1397/1397/1397 1401/1401/1401 
f 1404/1404/1404 1402/1402/1402 1400/1400/1400 
f 1403/1403/1403 1401/1401/1401 1405/1405/1405 
f 1402/1402/1402 1404/1404/1404 1406/1406/1406 
f 1407/1407/1407 1403/1403/1403 1405/1405/1405 
f 1408/1408/1408 1406/1406/1406 1404/1404/1404 
f 1403/1403/1403 1407/1407/1407 1409/1409/1409 
f 1408/1408/1408 1404/1404/1404 1410/1410/1410 
f 1411/1411/1411 1409/1409/1409 1407/1407/1407 
f 1410/1410/1410 1411/1411/1411 1408/1408/1408 
f 1409/1409/1409 1411/1411/1411 1412/1412/1412 
f 1410/1410/1410 1412/1412/1412 1411/1411/1411 
f 1413/1413/1413 1414/1414/1414 1415/1415/1415 
f 1416/1416/1416 1415/1415/1415 1414/1414/1414 
f 1414/1414/1414 1413/1413/1413 1417/1417/1417 
f 1416/1416/1416 1414/1414/1414 1418/1418/1418 
f 1419/1419/1419 1417/1417/1417 1413/1413/1413 
f 1418/1418/1418 1420/1420/1420 1416/1416/1416 
f 1417/1417/1417 1419/1419/1419 1421/1421/1421 
f 1418/1418/1418 1422/1422/1422 1420/1420/1420 
f 1419/1419/1419 1423/1423/1423 1421/1421/1421 
f 1424/1424/1424 1420/1420/1420 1422/1422/1422 
f 1419/1419/1419 1425/1425/1425 1423/1423/1423 
f 1420/1420/1420 1424/1424/1424 1426/1426/1426 
f 1427/1427/1427 1423/1423/1423 1425/1425/1425 
f 1427/1427/1427 1426/1426/1426 1424/1424/1424 
f 1425/1425/1425 1428/1428/1428 1427/1427/1427 
f 1426/1426/1426 1427/1427/1427 1428/1428/1428 
f 1432/1432/1432 1430/1430/1430 1429/1429/1429 
f 1432/1432/1432 1434/1434/1434 1430/1430/1430 
f 1435/1435/1435 1434/1434/1434 1432/1432/1432 
f 1435/1435/1435 1436/1436/1436 1434/1434/1434 
f 1439/1439/1439 1438/1438/1438 1440/1440/1440 
f 1441/1441/1441 1440/1440/1440 1438/1438/1438 
f 1440/1440/1440 1441/1441/1441 1443/1443/1443 
f 1444/1444/1444 1443/1443/1443 1441/1441/1441 
f 1451/1451/1451 1452/1452/1452 1454/1454/1454 
f 1456/1456/1456 1454/1454/1454 1452/1452/1452 
f 1454/1454/1454 1456/1456/1456 1457/1457/1457 
f 1458/1458/1458 1457/1457/1457 1456/1456/1456 
f 1459/1459/1459 1460/1460/1460 1461/1461/1461 
f 1462/1462/1462 1461/1461/1461 1460/1460/1460 
f 1461/1461/1461 1462/1462/1462 1463/1463/1463 
f 1464/1464/1464 1463/1463/1463 1462/1462/1462 
f 1466/1466/1466 1467/1467/1467 1468/1468/1468 
f 1467/1467/1467 1469/1469/1469 1468/1468/1468 
f 1467/1467/1467 1466/1466/1466 1470/1470/1470 
f 1469/1469/1469 1467/1467/1467 1471/1471/1471 
f 1472/1472/1472 1470/1470/1470 1466/1466/1466 
f 1472/1472/1472 1469/1469/1469 1471/1471/1471 
f 1470/1470/1470 1472/1472/1472 1473/1473/1473 
f 1472/1472/1472 1471/1471/1471 1473/1473/1473 
f 1474/1474/1474 1475/1475/1475 1476/1476/1476 
f 1475/1475/1475 1474/1474/1474 1477/1477/1477 
f 1482/1482/1482 1480/1480/1480 1479/1479/1479 
f 1482/1482/1482 1483/1483/1483 1480/1480/1480 
f 1485/1485/1485 1483/1483/1483 1482/1482/1482 
f 1485/1485/1485 1484/1484/1484 1483/1483/1483 
f 1486/1486/1486 1487/1487/1487 1488/1488/1488 
f 1489/1489/1489 1488/1488/1488 1487/1487/1487 
f 1488/1488/1488 1489/1489/1489 1491/1491/1491 
f 1493/1493/1493 1491/1491/1491 1489/1489/1489 
f 1498/1498/1498 1499/1499/1499 1500/1500/1500 
f 1499/1499/1499 1501/1501/1501 1500/1500/1500 
f 1498/1498/1498 1500/1500/1500 1502/1502/1502 
f 1499/1499/1499 1503/1503/1503 1501/1501/1501 
f 1505/1505/1505 1506/1506/1506 1507/1507/1507 
f 1506/1506/1506 1505/1505/1505 1508/1508/1508 
f 1507/1507/1507 1509/1509/1509 1505/1505/1505 
f 1509/1509/1509 1507/1507/1507 1511/1511/1511 
f 1514/1514/1514 1515/1515/1515 1516/1516/1516 
f 1515/1515/1515 1517/1517/1517 1516/1516/1516 
f 1516/1516/1516 1517/1517/1517 1518/1518/1518 
f 1517/1517/1517 1519/1519/1519 1518/1518/1518 
f 1523/1523/1523 1522/1522/1522 1521/1521/1521 
f 1523/1523/1523 1525/1525/1525 1522/1522/1522 
f 1527/1527/1527 1525/1525/1525 1523/1523/1523 
f 1527/1527/1527 1526/1526/1526 1525/1525/1525 
f 1528/1528/1528 1529/1529/1529 1530/1530/1530 
f 1528/1528/1528 1530/1530/1530 1531/1531/1531 
f 1532/1532/1532 1528/1528/1528 1531/1531/1531 
f 1532/1532/1532 1531/1531/1531 1533/1533/1533 
f 1535/1535/1535 1536/1536/1536 1537/1537/1537 
f 1538/1538/1538 1537/1537/1537 1536/1536/1536 
f 1537/1537/1537 1538/1538/1538 1539/1539/1539 
f 1541/1541/1541 1539/1539/1539 1538/1538/1538 

g Meshpart3

v -338.918 3.30182 -0.23228 
v -338.881 3.36316 -0.258192 
v -339.038 3.28091 -0.306254 
v -338.983 3.26775 -0.252188 
v -339.267 3.60206 -0.0095737 
v -339.328 3.56531 -0.0354016 
v -339.362 3.56041 -0.105478 
v -339.217 3.64914 -0.0431256 
v -339.599 3.98478 0.0581343 
v -339.535 4.01276 0.0242903 
v -339.665 3.9574 0.0317104 
v -339.675 4.24296 0.0296743 
v -339.747 4.24552 0.0590882 
v -339.675 4.41173 0.0148122 
v -339.747 4.41173 0.0442264 
v -339.818 4.41173 0.0148122 
v -339.818 4.24296 0.0296743 
v -339.818 4.41173 -0.127216 
v -340.859 3.36316 -0.258192 
v -340.822 3.30182 -0.23228 
v -340.473 3.60206 -0.0095737 
v -340.757 3.26775 -0.252188 
v -340.523 3.64914 -0.0431256 
v -340.413 3.56531 -0.0354016 
v -340.205 4.01276 0.0242903 
v -340.141 3.98478 0.0581343 
v -340.378 3.56041 -0.105478 
v -340.065 4.24296 0.0296743 
v -339.994 4.24552 0.0590882 
v -340.075 3.9574 0.0317104 
v -339.922 4.24296 0.0296743 
v -339.922 4.41173 0.0148122 
v -339.994 4.41173 0.0442264 
v -340.065 4.41173 0.0148122 
v -338.892 3.18151 -0.885016 
v -338.892 3.32451 -0.702576 
v -338.892 3.32408 -0.885016 
v -339.013 3.39493 -0.38872 
v -338.821 3.35393 -0.705134 
v -338.821 3.3536 -0.885016 
v -338.749 3.32408 -0.885016 
v -338.948 3.42899 -0.368812 
v -338.749 3.32451 -0.702576 
v -338.749 3.18151 -0.885016 
v -338.893 3.41583 -0.314746 
v -338.881 3.36316 -0.258192 
v -339.205 3.67896 -0.1164 
v -339.24 3.67406 -0.186478 
v -339.3 3.63731 -0.212304 
v -339.675 4.2306 -0.112354 
v -339.646 4.23678 -0.0413396 
v -339.747 4.41173 0.0442264 
v -340.848 3.18151 -0.885016 
v -340.848 3.32451 -0.702576 
v -340.848 3.32408 -0.885016 
v -340.728 3.39493 -0.38872 
v -340.92 3.35393 -0.705134 
v -340.92 3.3536 -0.885016 
v -340.991 3.32408 -0.885016 
v -340.793 3.42899 -0.368812 
v -340.991 3.32451 -0.702576 
v -340.847 3.41583 -0.314746 
v -340.822 3.30182 -0.23228 
v -340.535 3.67896 -0.1164 
v -339.994 4.41173 0.0442264 
v -340.065 4.2306 -0.112354 
v -340.5 3.67406 -0.186478 
v -338.892 3.18151 -0.885016 
v -338.892 3.18249 -0.690218 
v -338.921 3.2535 -0.696396 
v -338.921 3.2528 -0.885016 
v -338.892 3.32451 -0.702576 
v -338.892 3.32408 -0.885016 
v -339.013 3.39493 -0.38872 
v -339.05 3.33359 -0.362808 
v -338.821 3.3536 -0.885016 
v -338.948 3.42899 -0.368812 
v -338.749 3.18151 -0.885016 
v -338.881 3.36316 -0.258192 
v -339.038 3.28091 -0.306254 
v -339.328 3.56531 -0.0354016 
v -339.35 3.59023 -0.178754 
v -339.362 3.56041 -0.105478 
v -339.694 3.94665 -0.0395017 
v -339.665 3.9574 0.0317104 
v -339.747 4.41173 0.0442264 
v -339.818 4.41173 0.0148122 
v -339.818 4.24296 0.0296743 
v -339.847 4.23678 -0.0413396 
v -339.847 4.41173 -0.0562017 
v -339.818 4.2306 -0.112354 
v -339.818 4.41173 -0.127216 
v -339.669 3.95884 -0.113786 
v -340.728 3.39493 -0.38872 
v -340.991 3.32408 -0.885016 
v -340.991 3.32451 -0.702576 
v -341.02 3.2528 -0.885016 
v -341.02 3.2535 -0.696396 
v -340.991 3.18151 -0.885016 
v -340.847 3.41583 -0.314746 
v -340.991 3.18249 -0.690218 
v -340.859 3.36316 -0.258192 
v -340.92 3.15307 -0.68766 
v -340.822 3.30182 -0.23228 
v -340.535 3.67896 -0.1164 
v -340.523 3.64914 -0.0431256 
v -340.205 4.01276 0.0242903 
v -340.065 4.24296 0.0296743 
v -340.23 4.02495 -0.0499938 
v -339.994 4.41173 0.0442264 
v -340.065 4.41173 0.0148122 
v -340.094 4.23678 -0.0413396 
v -340.094 4.41173 -0.0562017 
v -340.065 4.2306 -0.112354 
v -340.065 4.41173 -0.127216 
v -340.201 4.0142 -0.121204 
v -340.5 3.67406 -0.186478 
v -339.013 3.39493 -0.38872 
v -339.05 3.33359 -0.362808 
v -338.948 3.42899 -0.368812 
v -338.881 3.36316 -0.258192 
v -339.038 3.28091 -0.306254 
v -339.35 3.59023 -0.178754 
v -339.24 3.67406 -0.186478 
v -339.3 3.63731 -0.212304 
v -339.539 4.0142 -0.121204 
v -339.605 3.98682 -0.147628 
v -339.675 4.2306 -0.112354 
v -339.675 4.41173 -0.127216 
v -339.747 4.41173 -0.15663 
v -339.747 4.22804 -0.141768 
v -339.818 4.2306 -0.112354 
v -339.818 4.41173 -0.127216 
v -339.669 3.95884 -0.113786 
v -340.728 3.39493 -0.38872 
v -340.793 3.42899 -0.368812 
v -340.847 3.41583 -0.314746 
v -340.822 3.30182 -0.23228 
v -340.703 3.28091 -0.306256 
v -340.535 3.67896 -0.1164 
v -340.075 3.9574 0.0317104 
v -340.39 3.59023 -0.178754 
v -340.065 4.2306 -0.112354 
v -340.065 4.41173 -0.127216 
v -339.994 4.41173 -0.15663 
v -340.201 4.0142 -0.121204 
v -339.994 4.22804 -0.141768 
v -340.5 3.67406 -0.186478 
v -340.44 3.63731 -0.212304 
v -340.135 3.98682 -0.147628 
v -340.69 3.33359 -0.362808 
v -340.071 3.95884 -0.113786 
v -339.922 4.2306 -0.112354 
v -339.922 4.41173 -0.127216 
v -338.892 3.18151 -0.885016 
v -338.892 3.18249 -0.690218 
v -338.821 3.15199 -0.885016 
v -338.948 3.42899 -0.368812 
v -338.72 3.2535 -0.696396 
v -338.749 3.18151 -0.885016 
v -338.749 3.18249 -0.690218 
v -338.821 3.15307 -0.68766 
v -338.918 3.30182 -0.23228 
v -338.881 3.36316 -0.258192 
v -339.038 3.28091 -0.306254 
v -338.983 3.26775 -0.252188 
v -339.328 3.56531 -0.0354016 
v -339.362 3.56041 -0.105478 
v -339.217 3.64914 -0.0431256 
v -339.665 3.9574 0.0317104 
v -340.848 3.18249 -0.690218 
v -340.848 3.18151 -0.885016 
v -340.92 3.15199 -0.885016 
v -340.728 3.39493 -0.38872 
v -340.991 3.32408 -0.885016 
v -340.991 3.18151 -0.885016 
v -340.991 3.18249 -0.690218 
v -340.92 3.15307 -0.68766 
v -340.822 3.30182 -0.23228 
v -340.757 3.26775 -0.252188 
v -340.703 3.28091 -0.306256 
v -340.413 3.56531 -0.0354016 
v -340.378 3.56041 -0.105478 
v -338.749 3.32408 -0.885016 
v -338.948 3.42899 -0.368812 
v -338.749 3.32451 -0.702576 
v -338.72 3.2528 -0.885016 
v -338.72 3.2535 -0.696396 
v -338.749 3.18151 -0.885016 
v -338.893 3.41583 -0.314746 
v -338.749 3.18249 -0.690218 
v -338.821 3.15307 -0.68766 
v -338.918 3.30182 -0.23228 
v -338.881 3.36316 -0.258192 
v -339.038 3.28091 -0.306254 
v -339.217 3.64914 -0.0431256 
v -339.599 3.98478 0.0581343 
v -339.205 3.67896 -0.1164 
v -339.535 4.01276 0.0242903 
v -339.665 3.9574 0.0317104 
v -339.24 3.67406 -0.186478 
v -339.3 3.63731 -0.212304 
v -339.539 4.0142 -0.121204 
v -339.51 4.02495 -0.0499938 
v -339.675 4.2306 -0.112354 
v -339.675 4.24296 0.0296743 
v -339.646 4.23678 -0.0413396 
v -339.675 4.41173 0.0148122 
v -339.646 4.41173 -0.0562017 
v -339.747 4.41173 0.0442264 
v -339.675 4.41173 -0.127216 
v -339.818 4.41173 -0.127216 
v -340.848 3.18249 -0.690218 
v -340.848 3.18151 -0.885016 
v -340.819 3.2535 -0.696396 
v -340.819 3.2528 -0.885016 
v -340.848 3.32451 -0.702576 
v -340.848 3.32408 -0.885016 
v -340.728 3.39493 -0.38872 
v -340.822 3.30182 -0.23228 
v -340.703 3.28091 -0.306256 
v -340.413 3.56531 -0.0354016 
v -340.378 3.56041 -0.105478 
v -340.075 3.9574 0.0317104 
v -340.046 3.94665 -0.0395017 
v -340.39 3.59023 -0.178754 
v -339.893 4.23678 -0.0413396 
v -339.922 4.24296 0.0296743 
v -339.922 4.41173 0.0148122 
v -339.994 4.41173 0.0442264 
v -339.893 4.41173 -0.0562017 
v -340.69 3.33359 -0.362808 
v -340.071 3.95884 -0.113786 
v -339.922 4.2306 -0.112354 
v -339.922 4.41173 -0.127216 

vn 0.496063 -0.527559 0.685039 
vn 0.834646 0.133858 0.535433 
vn -0.614173 -0.787402 0.015748 
vn -0.0866142 -0.88189 0.464567 
vn 0.19685 -0.212598 0.96063 
vn -0.370079 -0.645669 0.661417 
vn -0.700787 -0.708661 0.0314961 
vn 0.645669 0.354331 0.677165 
vn 0.0472441 -0.0472441 1 
vn 0.622047 0.393701 0.677165 
vn -0.566929 -0.440945 0.700787 
vn 0.653543 0.212598 0.724409 
vn -0.0393701 0.023622 1 
vn 0.716535 0.0629921 0.692913 
vn 0 0.0866142 1 
vn -0.716535 0.0629921 0.692913 
vn -0.700787 -0.141732 0.700787 
vn -0.700787 -0.0551181 -0.716535 
vn -0.834646 0.133858 0.535433 
vn -0.496063 -0.527559 0.685039 
vn -0.19685 -0.212598 0.96063 
vn 0.0866142 -0.88189 0.464567 
vn -0.645669 0.354331 0.677165 
vn 0.370079 -0.645669 0.661417 
vn -0.622047 0.393701 0.677165 
vn -0.0472441 -0.0472441 1 
vn 0.700787 -0.708661 0.0314961 
vn -0.653543 0.212598 0.724409 
vn 0.0393701 0.023622 1 
vn 0.566929 -0.440945 0.700787 
vn 0.700787 -0.141732 0.700787 
vn 0.716535 0.0629921 0.692913 
vn 0 0.0866142 1 
vn -0.716535 0.0629921 0.692913 
vn -0.692913 -0.724409 0 
vn -0.677165 0.708661 -0.204724 
vn -0.692913 0.724409 0 
vn -0.519685 0.511811 -0.685039 
vn 0.0393701 0.992126 -0.102362 
vn 0 1 0 
vn 0.692913 0.724409 0 
vn 0.173228 0.905512 -0.393701 
vn 0.708661 0.700787 0.0472441 
vn 0.692913 -0.724409 0 
vn 0.700787 0.708661 0.102362 
vn 0.834646 0.133858 0.535433 
vn 0.708661 0.700787 0.0393701 
vn 0.377953 0.669291 -0.645669 
vn -0.220472 0.188976 -0.96063 
vn 0.645669 0.181102 -0.740157 
vn 0.952756 0.299213 -0.00787402 
vn 0 0.0866142 1 
vn 0.692913 -0.724409 0 
vn 0.677165 0.708661 -0.204724 
vn 0.692913 0.724409 0 
vn 0.519685 0.511811 -0.685039 
vn -0.0393701 0.992126 -0.102362 
vn 0 1 0 
vn -0.692913 0.724409 0 
vn -0.173228 0.905512 -0.393701 
vn -0.708661 0.700787 0.0472441 
vn -0.700787 0.708661 0.102362 
vn -0.496063 -0.527559 0.685039 
vn -0.708661 0.700787 0.0393701 
vn 0 0.0866142 1 
vn -0.645669 0.181102 -0.740157 
vn -0.377953 0.669291 -0.645669 
vn -0.692913 -0.724409 0 
vn -0.637795 -0.771654 -0.00787402 
vn -0.984252 -0.0551181 -0.173228 
vn -1 0 0 
vn -0.677165 0.708661 -0.204724 
vn -0.692913 0.724409 0 
vn -0.519685 0.511811 -0.685039 
vn -0.84252 -0.251969 -0.480315 
vn 0 1 0 
vn 0.173228 0.905512 -0.393701 
vn 0.692913 -0.724409 0 
vn 0.834646 0.133858 0.535433 
vn -0.614173 -0.787402 0.015748 
vn -0.370079 -0.645669 0.661417 
vn -0.669291 -0.401575 -0.629921 
vn -0.700787 -0.708661 0.0314961 
vn -0.826772 -0.566929 0.0393701 
vn -0.566929 -0.440945 0.700787 
vn 0 0.0866142 1 
vn -0.716535 0.0629921 0.692913 
vn -0.700787 -0.141732 0.700787 
vn -0.968504 -0.23622 0.023622 
vn -1 0 -0.015748 
vn -0.716535 -0.220472 -0.661417 
vn -0.700787 -0.0551181 -0.716535 
vn -0.653543 -0.401575 -0.645669 
vn 0.519685 0.511811 -0.685039 
vn -0.692913 0.724409 0 
vn -0.708661 0.700787 0.0472441 
vn -1 0 0 
vn -0.984252 -0.015748 0.173228 
vn -0.692913 -0.724409 0 
vn -0.700787 0.708661 0.102362 
vn -0.677165 -0.708661 0.19685 
vn -0.834646 0.133858 0.535433 
vn -0.0393701 -0.992126 0.141732 
vn -0.496063 -0.527559 0.685039 
vn -0.708661 0.700787 0.0393701 
vn -0.645669 0.354331 0.677165 
vn -0.622047 0.393701 0.677165 
vn -0.653543 0.212598 0.724409 
vn -0.795276 0.598425 -0.015748 
vn 0 0.0866142 1 
vn -0.716535 0.0629921 0.692913 
vn -0.952756 0.299213 -0.00787402 
vn -1 0 -0.015748 
vn -0.645669 0.181102 -0.740157 
vn -0.700787 -0.0551181 -0.716535 
vn -0.535433 0.472441 -0.700787 
vn -0.377953 0.669291 -0.645669 
vn -0.519685 0.511811 -0.685039 
vn -0.84252 -0.251969 -0.480315 
vn 0.173228 0.905512 -0.393701 
vn 0.834646 0.133858 0.535433 
vn -0.614173 -0.787402 0.015748 
vn -0.669291 -0.401575 -0.629921 
vn 0.377953 0.669291 -0.645669 
vn -0.220472 0.188976 -0.96063 
vn 0.535433 0.472441 -0.700787 
vn -0.0866142 0.0393701 -0.992126 
vn 0.645669 0.181102 -0.740157 
vn 0.700787 -0.0551181 -0.716535 
vn 0 -0.0787402 -1 
vn -0.0708661 -0.0629921 -0.992126 
vn -0.716535 -0.220472 -0.661417 
vn -0.700787 -0.0551181 -0.716535 
vn -0.653543 -0.401575 -0.645669 
vn 0.519685 0.511811 -0.685039 
vn -0.173228 0.905512 -0.393701 
vn -0.700787 0.708661 0.102362 
vn -0.496063 -0.527559 0.685039 
vn 0.614173 -0.787402 0.015748 
vn -0.708661 0.700787 0.0393701 
vn 0.566929 -0.440945 0.700787 
vn 0.669291 -0.401575 -0.629921 
vn -0.645669 0.181102 -0.740157 
vn -0.700787 -0.0551181 -0.716535 
vn 0 -0.0787402 -1 
vn -0.535433 0.472441 -0.700787 
vn 0.0708661 -0.0629921 -0.992126 
vn -0.377953 0.669291 -0.645669 
vn 0.220472 0.188976 -0.96063 
vn 0.0866142 0.0393701 -0.992126 
vn 0.84252 -0.251969 -0.480315 
vn 0.653543 -0.401575 -0.645669 
vn 0.716535 -0.220472 -0.661417 
vn 0.700787 -0.0551181 -0.716535 
vn -0.692913 -0.724409 0 
vn -0.637795 -0.771654 -0.00787402 
vn 0 -1 0.00787402 
vn 0.173228 0.905512 -0.393701 
vn 0.984252 -0.015748 0.173228 
vn 0.692913 -0.724409 0 
vn 0.677165 -0.708661 0.19685 
vn 0.0393701 -0.992126 0.141732 
vn 0.496063 -0.527559 0.685039 
vn 0.834646 0.133858 0.535433 
vn -0.614173 -0.787402 0.015748 
vn -0.0866142 -0.88189 0.464567 
vn -0.370079 -0.645669 0.661417 
vn -0.700787 -0.708661 0.0314961 
vn 0.645669 0.354331 0.677165 
vn -0.566929 -0.440945 0.700787 
vn 0.637795 -0.771654 -0.00787402 
vn 0.692913 -0.724409 0 
vn 0 -1 0.00787402 
vn 0.519685 0.511811 -0.685039 
vn -0.692913 0.724409 0 
vn -0.692913 -0.724409 0 
vn -0.677165 -0.708661 0.19685 
vn -0.0393701 -0.992126 0.141732 
vn -0.496063 -0.527559 0.685039 
vn 0.0866142 -0.88189 0.464567 
vn 0.614173 -0.787402 0.015748 
vn 0.370079 -0.645669 0.661417 
vn 0.700787 -0.708661 0.0314961 
vn 0.692913 0.724409 0 
vn 0.173228 0.905512 -0.393701 
vn 0.708661 0.700787 0.0472441 
vn 1 0 0 
vn 0.984252 -0.015748 0.173228 
vn 0.692913 -0.724409 0 
vn 0.700787 0.708661 0.102362 
vn 0.677165 -0.708661 0.19685 
vn 0.0393701 -0.992126 0.141732 
vn 0.496063 -0.527559 0.685039 
vn 0.834646 0.133858 0.535433 
vn -0.614173 -0.787402 0.015748 
vn 0.645669 0.354331 0.677165 
vn 0.0472441 -0.0472441 1 
vn 0.708661 0.700787 0.0393701 
vn 0.622047 0.393701 0.677165 
vn -0.566929 -0.440945 0.700787 
vn 0.377953 0.669291 -0.645669 
vn -0.220472 0.188976 -0.96063 
vn 0.535433 0.472441 -0.700787 
vn 0.795276 0.598425 -0.015748 
vn 0.645669 0.181102 -0.740157 
vn 0.653543 0.212598 0.724409 
vn 0.952756 0.299213 -0.00787402 
vn 0.716535 0.0629921 0.692913 
vn 1 0 -0.015748 
vn 0 0.0866142 1 
vn 0.700787 -0.0551181 -0.716535 
vn -0.700787 -0.0551181 -0.716535 
vn 0.637795 -0.771654 -0.00787402 
vn 0.692913 -0.724409 0 
vn 0.984252 -0.0551181 -0.173228 
vn 1 0 0 
vn 0.677165 0.708661 -0.204724 
vn 0.692913 0.724409 0 
vn 0.519685 0.511811 -0.685039 
vn -0.496063 -0.527559 0.685039 
vn 0.614173 -0.787402 0.015748 
vn 0.370079 -0.645669 0.661417 
vn 0.700787 -0.708661 0.0314961 
vn 0.566929 -0.440945 0.700787 
vn 0.826772 -0.566929 0.0393701 
vn 0.669291 -0.401575 -0.629921 
vn 0.968504 -0.23622 0.023622 
vn 0.700787 -0.141732 0.700787 
vn 0.716535 0.0629921 0.692913 
vn 0 0.0866142 1 
vn 1 0 -0.015748 
vn 0.84252 -0.251969 -0.480315 
vn 0.653543 -0.401575 -0.645669 
vn 0.716535 -0.220472 -0.661417 
vn 0.700787 -0.0551181 -0.716535 

vt 62.119 -35.06 
vt 62.1237 -35.0523 
vt 62.1041 -35.0626 
vt 62.1109 -35.0643 
vt 62.0753 -35.0225 
vt 62.0678 -35.0271 
vt 62.0635 -35.0277 
vt 62.0817 -35.0166 
vt 62.0339 -34.9746 
vt 62.0419 -34.9711 
vt 62.0257 -34.9781 
vt 62.0243 -34.9424 
vt 62.0154 -34.942 
vt 62.0243 -34.9213 
vt 62.0154 -34.9213 
vt 62.0065 -34.9213 
vt 62.0065 -34.9424 
vt 62.0065 -34.9213 
vt 61.8763 -35.0523 
vt 61.881 -35.06 
vt 61.9247 -35.0225 
vt 61.8891 -35.0643 
vt 61.9183 -35.0166 
vt 61.9322 -35.0271 
vt 61.9581 -34.9711 
vt 61.9661 -34.9746 
vt 61.9365 -35.0277 
vt 61.9757 -34.9424 
vt 61.9846 -34.942 
vt 61.9743 -34.9781 
vt 61.9935 -34.9424 
vt 61.9935 -34.9213 
vt 61.9846 -34.9213 
vt 61.9757 -34.9213 
vt 62.059 -35.1223 
vt 62.0362 -35.1223 
vt 62.059 -35.1223 
vt 61.997 -35.1072 
vt 62.0365 -35.1312 
vt 62.059 -35.1312 
vt 62.059 -35.1401 
vt 61.9945 -35.1153 
vt 62.0362 -35.1401 
vt 62.059 -35.1401 
vt 61.9877 -35.1221 
vt 61.9807 -35.1237 
vt 61.9629 -35.0831 
vt 61.9717 -35.0788 
vt 61.9749 -35.0713 
vt 61.9624 -35.0243 
vt 61.9535 -35.028 
vt 61.9429 -35.0154 
vt 62.059 -34.8777 
vt 62.0362 -34.8777 
vt 62.059 -34.8777 
vt 61.997 -34.8928 
vt 62.0365 -34.8688 
vt 62.059 -34.8688 
vt 62.059 -34.8599 
vt 61.9945 -34.8847 
vt 62.0362 -34.8599 
vt 61.9877 -34.8779 
vt 61.9774 -34.881 
vt 61.9629 -34.9169 
vt 61.9429 -34.9846 
vt 61.9624 -34.9757 
vt 61.9717 -34.9212 
vt 61.941 -35.075 
vt 61.9653 -35.0749 
vt 61.9646 -35.066 
vt 61.941 -35.0661 
vt 61.9638 -35.0572 
vt 61.941 -35.0572 
vt 62.003 -35.0484 
vt 62.0063 -35.056 
vt 61.941 -35.0535 
vt 62.0055 -35.0441 
vt 61.941 -35.075 
vt 62.0193 -35.0523 
vt 62.0133 -35.0626 
vt 62.0472 -35.0271 
vt 62.0293 -35.024 
vt 62.0384 -35.0277 
vt 62.0467 -34.9794 
vt 62.0556 -34.9781 
vt 62.0571 -34.9213 
vt 62.0535 -34.9213 
vt 62.0553 -34.9424 
vt 62.0465 -34.9431 
vt 62.0446 -34.9213 
vt 62.0376 -34.9439 
vt 62.0357 -34.9213 
vt 62.0374 -34.9779 
vt 62.003 -35.0484 
vt 61.941 -35.0572 
vt 61.9638 -35.0572 
vt 61.941 -35.0661 
vt 61.9646 -35.066 
vt 61.941 -35.075 
vt 62.0123 -35.0458 
vt 61.9653 -35.0749 
vt 62.0193 -35.0523 
vt 61.9657 -35.0786 
vt 62.0226 -35.06 
vt 62.0371 -35.0129 
vt 62.0462 -35.0166 
vt 62.0547 -34.9711 
vt 62.0553 -34.9424 
vt 62.0454 -34.9696 
vt 62.0571 -34.9213 
vt 62.0535 -34.9213 
vt 62.0465 -34.9431 
vt 62.0446 -34.9213 
vt 62.0376 -34.9439 
vt 62.0357 -34.9213 
vt 62.0365 -34.971 
vt 62.0283 -35.0135 
vt 61.8928 -35.0484 
vt 61.8975 -35.056 
vt 61.8847 -35.0441 
vt 61.8763 -35.0523 
vt 61.8959 -35.0626 
vt 61.935 -35.024 
vt 61.9212 -35.0135 
vt 61.9287 -35.0181 
vt 61.9586 -34.971 
vt 61.9669 -34.9744 
vt 61.9757 -34.9439 
vt 61.9757 -34.9213 
vt 61.9846 -34.9213 
vt 61.9846 -34.9442 
vt 61.9935 -34.9439 
vt 61.9935 -34.9213 
vt 61.9749 -34.9779 
vt 62.1072 -35.0484 
vt 62.1153 -35.0441 
vt 62.1221 -35.0458 
vt 62.119 -35.06 
vt 62.1041 -35.0626 
vt 62.0831 -35.0129 
vt 62.0257 -34.9781 
vt 62.065 -35.024 
vt 62.0243 -34.9439 
vt 62.0243 -34.9213 
vt 62.0154 -34.9213 
vt 62.0414 -34.971 
vt 62.0154 -34.9442 
vt 62.0788 -35.0135 
vt 62.0713 -35.0181 
vt 62.0331 -34.9744 
vt 62.1025 -35.056 
vt 62.0251 -34.9779 
vt 62.0065 -34.9439 
vt 62.0065 -34.9213 
vt 61.941 -35.1223 
vt 61.9653 -35.1223 
vt 61.941 -35.1312 
vt 62.0055 -35.1153 
vt 61.9646 -35.1438 
vt 61.941 -35.1401 
vt 61.9653 -35.1401 
vt 61.9657 -35.1312 
vt 62.0226 -35.119 
vt 62.0193 -35.1237 
vt 62.0133 -35.1041 
vt 62.0201 -35.1109 
vt 62.0472 -35.0678 
vt 62.0384 -35.0635 
vt 62.0462 -35.0817 
vt 62.0556 -35.0257 
vt 61.9653 -34.8777 
vt 61.941 -34.8777 
vt 61.941 -34.8688 
vt 62.003 -34.8928 
vt 61.941 -34.8599 
vt 61.941 -34.8599 
vt 61.9653 -34.8599 
vt 61.9657 -34.8688 
vt 62.0226 -34.881 
vt 62.0201 -34.8891 
vt 62.0133 -34.8959 
vt 62.0472 -34.9322 
vt 62.0384 -34.9365 
vt 62.059 -35.0572 
vt 61.9945 -35.0441 
vt 62.0362 -35.0572 
vt 62.059 -35.0661 
vt 62.0354 -35.066 
vt 62.059 -35.075 
vt 61.9877 -35.0458 
vt 62.0347 -35.0749 
vt 62.0343 -35.0786 
vt 61.9774 -35.06 
vt 61.9807 -35.0523 
vt 61.9867 -35.0626 
vt 61.9538 -35.0166 
vt 61.9411 -34.9746 
vt 61.9629 -35.0129 
vt 61.9453 -34.9711 
vt 61.9444 -34.9781 
vt 61.9717 -35.0135 
vt 61.9749 -35.0181 
vt 61.9635 -34.971 
vt 61.9546 -34.9696 
vt 61.9624 -34.9439 
vt 61.9447 -34.9424 
vt 61.9535 -34.9431 
vt 61.9465 -34.9213 
vt 61.9554 -34.9213 
vt 61.9429 -34.9213 
vt 61.9643 -34.9213 
vt 61.9643 -34.9213 
vt 62.0347 -35.0749 
vt 62.059 -35.075 
vt 62.0354 -35.066 
vt 62.059 -35.0661 
vt 62.0362 -35.0572 
vt 62.059 -35.0572 
vt 61.997 -35.0484 
vt 61.9774 -35.06 
vt 61.9867 -35.0626 
vt 61.9528 -35.0271 
vt 61.9616 -35.0277 
vt 61.9444 -34.9781 
vt 61.9533 -34.9794 
vt 61.9707 -35.024 
vt 61.9535 -34.9431 
vt 61.9447 -34.9424 
vt 61.9465 -34.9213 
vt 61.9429 -34.9213 
vt 61.9554 -34.9213 
vt 61.9937 -35.056 
vt 61.9626 -34.9779 
vt 61.9624 -34.9439 
vt 61.9643 -34.9213 

usemtl Meshpart3Mtl

f 1543/1543/1543 1546/1546/1546 1542/1542/1542 
f 1546/1546/1546 1545/1545/1545 1542/1542/1542 
f 1547/1547/1547 1545/1545/1545 1546/1546/1546 
f 1546/1546/1546 1543/1543/1543 1549/1549/1549 
f 1550/1550/1550 1547/1547/1547 1546/1546/1546 
f 1551/1551/1551 1546/1546/1546 1549/1549/1549 
f 1550/1550/1550 1546/1546/1546 1551/1551/1551 
f 1552/1552/1552 1547/1547/1547 1550/1550/1550 
f 1553/1553/1553 1550/1550/1550 1551/1551/1551 
f 1554/1554/1554 1550/1550/1550 1553/1553/1553 
f 1555/1555/1555 1554/1554/1554 1553/1553/1553 
f 1554/1554/1554 1555/1555/1555 1556/1556/1556 
f 1554/1554/1554 1552/1552/1552 1550/1550/1550 
f 1554/1554/1554 1556/1556/1556 1557/1557/1557 
f 1558/1558/1558 1552/1552/1552 1554/1554/1554 
f 1554/1554/1554 1557/1557/1557 1558/1558/1558 
f 1561/1561/1561 1562/1562/1562 1560/1560/1560 
f 1563/1563/1563 1562/1562/1562 1561/1561/1561 
f 1560/1560/1560 1562/1562/1562 1564/1564/1564 
f 1562/1562/1562 1563/1563/1563 1565/1565/1565 
f 1562/1562/1562 1566/1566/1566 1564/1564/1564 
f 1566/1566/1566 1562/1562/1562 1567/1567/1567 
f 1565/1565/1565 1567/1567/1567 1562/1562/1562 
f 1567/1567/1567 1569/1569/1569 1566/1566/1566 
f 1569/1569/1569 1567/1567/1567 1570/1570/1570 
f 1567/1567/1567 1565/1565/1565 1571/1571/1571 
f 1571/1571/1571 1570/1570/1570 1567/1567/1567 
f 1570/1570/1570 1571/1571/1571 1572/1572/1572 
f 1573/1573/1573 1570/1570/1570 1572/1572/1572 
f 1570/1570/1570 1573/1573/1573 1574/1574/1574 
f 1570/1570/1570 1574/1574/1574 1575/1575/1575 
f 1570/1570/1570 1575/1575/1575 1569/1569/1569 
f 1580/1580/1580 1578/1578/1578 1577/1577/1577 
f 1580/1580/1580 1581/1581/1581 1578/1578/1578 
f 1580/1580/1580 1582/1582/1582 1581/1581/1581 
f 1577/1577/1577 1583/1583/1583 1580/1580/1580 
f 1583/1583/1583 1577/1577/1577 1579/1579/1579 
f 1582/1582/1582 1580/1580/1580 1584/1584/1584 
f 1583/1583/1583 1584/1584/1584 1580/1580/1580 
f 1586/1586/1586 1584/1584/1584 1583/1583/1583 
f 1583/1583/1583 1588/1588/1588 1586/1586/1586 
f 1588/1588/1588 1583/1583/1583 1589/1589/1589 
f 1596/1596/1596 1598/1598/1598 1595/1595/1595 
f 1598/1598/1598 1596/1596/1596 1599/1599/1599 
f 1600/1600/1600 1598/1598/1598 1599/1599/1599 
f 1598/1598/1598 1601/1601/1601 1595/1595/1595 
f 1595/1595/1595 1601/1601/1601 1597/1597/1597 
f 1598/1598/1598 1600/1600/1600 1602/1602/1602 
f 1602/1602/1602 1601/1601/1601 1598/1598/1598 
f 1601/1601/1601 1602/1602/1602 1603/1603/1603 
f 1603/1603/1603 1605/1605/1605 1601/1601/1601 
f 1608/1608/1608 1601/1601/1601 1605/1605/1605 
f 1609/1609/1609 1610/1610/1610 1611/1611/1611 
f 1609/1609/1609 1611/1611/1611 1612/1612/1612 
f 1612/1612/1612 1611/1611/1611 1613/1613/1613 
f 1612/1612/1612 1613/1613/1613 1614/1614/1614 
f 1611/1611/1611 1615/1615/1615 1613/1613/1613 
f 1610/1610/1610 1616/1616/1616 1611/1611/1611 
f 1615/1615/1615 1611/1611/1611 1616/1616/1616 
f 1616/1616/1616 1610/1610/1610 1621/1621/1621 
f 1621/1621/1621 1623/1623/1623 1616/1616/1616 
f 1623/1623/1623 1621/1621/1621 1624/1624/1624 
f 1622/1622/1622 1625/1625/1625 1624/1624/1624 
f 1624/1624/1624 1625/1625/1625 1623/1623/1623 
f 1625/1625/1625 1622/1622/1622 1626/1626/1626 
f 1630/1630/1630 1626/1626/1626 1629/1629/1629 
f 1628/1628/1628 1630/1630/1630 1629/1629/1629 
f 1626/1626/1626 1630/1630/1630 1625/1625/1625 
f 1630/1630/1630 1628/1628/1628 1631/1631/1631 
f 1631/1631/1631 1632/1632/1632 1630/1630/1630 
f 1632/1632/1632 1631/1631/1631 1633/1633/1633 
f 1634/1634/1634 1630/1630/1630 1632/1632/1632 
f 1625/1625/1625 1630/1630/1630 1634/1634/1634 
f 1623/1623/1623 1625/1625/1625 1634/1634/1634 
f 1638/1638/1638 1637/1637/1637 1636/1636/1636 
f 1637/1637/1637 1638/1638/1638 1639/1639/1639 
f 1640/1640/1640 1639/1639/1639 1638/1638/1638 
f 1639/1639/1639 1641/1641/1641 1637/1637/1637 
f 1639/1639/1639 1640/1640/1640 1642/1642/1642 
f 1641/1641/1641 1639/1639/1639 1643/1643/1643 
f 1642/1642/1642 1645/1645/1645 1639/1639/1639 
f 1643/1643/1643 1639/1639/1639 1645/1645/1645 
f 1643/1643/1643 1646/1646/1646 1641/1641/1641 
f 1646/1646/1646 1643/1643/1643 1647/1647/1647 
f 1647/1647/1647 1648/1648/1648 1646/1646/1646 
f 1646/1646/1646 1648/1648/1648 1650/1650/1650 
f 1648/1648/1648 1649/1649/1649 1650/1650/1650 
f 1652/1652/1652 1653/1653/1653 1649/1649/1649 
f 1653/1653/1653 1652/1652/1652 1654/1654/1654 
f 1650/1650/1650 1649/1649/1649 1653/1653/1653 
f 1654/1654/1654 1655/1655/1655 1653/1653/1653 
f 1655/1655/1655 1650/1650/1650 1653/1653/1653 
f 1655/1655/1655 1654/1654/1654 1656/1656/1656 
f 1650/1650/1650 1655/1655/1655 1657/1657/1657 
f 1657/1657/1657 1646/1646/1646 1650/1650/1650 
f 1646/1646/1646 1657/1657/1657 1658/1658/1658 
f 1660/1660/1660 1664/1664/1664 1659/1659/1659 
f 1659/1659/1659 1665/1665/1665 1661/1661/1661 
f 1665/1665/1665 1659/1659/1659 1666/1666/1666 
f 1666/1666/1666 1659/1659/1659 1664/1664/1664 
f 1666/1666/1666 1667/1667/1667 1665/1665/1665 
f 1667/1667/1667 1666/1666/1666 1668/1668/1668 
f 1664/1664/1664 1668/1668/1668 1666/1666/1666 
f 1668/1668/1668 1669/1669/1669 1667/1667/1667 
f 1669/1669/1669 1671/1671/1671 1670/1670/1670 
f 1671/1671/1671 1669/1669/1669 1672/1672/1672 
f 1669/1669/1669 1668/1668/1668 1672/1672/1672 
f 1671/1671/1671 1672/1672/1672 1673/1673/1673 
f 1671/1671/1671 1673/1673/1673 1674/1674/1674 
f 1672/1672/1672 1675/1675/1675 1673/1673/1673 
f 1675/1675/1675 1672/1672/1672 1668/1668/1668 
f 1668/1668/1668 1664/1664/1664 1675/1675/1675 
f 1686/1686/1686 1684/1684/1684 1685/1685/1685 
f 1686/1686/1686 1688/1688/1688 1684/1684/1684 
f 1677/1677/1677 1689/1689/1689 1676/1676/1676 
f 1689/1689/1689 1687/1687/1687 1690/1690/1690 
f 1690/1690/1690 1676/1676/1676 1689/1689/1689 
f 1687/1687/1687 1684/1684/1684 1691/1691/1691 
f 1691/1691/1691 1690/1690/1690 1687/1687/1687 
f 1691/1691/1691 1684/1684/1684 1688/1688/1688 
f 1683/1683/1683 1676/1676/1676 1690/1690/1690 
f 1690/1690/1690 1691/1691/1691 1683/1683/1683 
f 1676/1676/1676 1683/1683/1683 1692/1692/1692 
f 1693/1693/1693 1683/1683/1683 1691/1691/1691 
f 1691/1691/1691 1688/1688/1688 1693/1693/1693 
f 1693/1693/1693 1688/1688/1688 1694/1694/1694 
f 1686/1686/1686 1694/1694/1694 1688/1688/1688 
f 1694/1694/1694 1686/1686/1686 1695/1695/1695 
f 1698/1698/1698 1697/1697/1697 1696/1696/1696 
f 1702/1702/1702 1698/1698/1698 1701/1701/1701 
f 1698/1698/1698 1702/1702/1702 1703/1703/1703 
f 1698/1698/1698 1703/1703/1703 1697/1697/1697 
f 1702/1702/1702 1704/1704/1704 1703/1703/1703 
f 1703/1703/1703 1706/1706/1706 1697/1697/1697 
f 1707/1707/1707 1703/1703/1703 1704/1704/1704 
f 1706/1706/1706 1703/1703/1703 1707/1707/1707 
f 1708/1708/1708 1706/1706/1706 1707/1707/1707 
f 1706/1706/1706 1708/1708/1708 1709/1709/1709 
f 1713/1713/1713 1712/1712/1712 1714/1714/1714 
f 1714/1714/1714 1718/1718/1718 1717/1717/1717 
f 1718/1718/1718 1714/1714/1714 1719/1719/1719 
f 1719/1719/1719 1720/1720/1720 1718/1718/1718 
f 1719/1719/1719 1714/1714/1714 1712/1712/1712 
f 1720/1720/1720 1719/1719/1719 1721/1721/1721 
f 1712/1712/1712 1722/1722/1722 1719/1719/1719 
f 1721/1721/1721 1719/1719/1719 1722/1722/1722 
f 1722/1722/1722 1723/1723/1723 1721/1721/1721 
f 1723/1723/1723 1722/1722/1722 1724/1724/1724 
f 1727/1727/1727 1728/1728/1728 1725/1725/1725 
f 1728/1728/1728 1727/1727/1727 1729/1729/1729 
f 1729/1729/1729 1730/1730/1730 1728/1728/1728 
f 1727/1727/1727 1731/1731/1731 1729/1729/1729 
f 1730/1730/1730 1729/1729/1729 1732/1732/1732 
f 1729/1729/1729 1734/1734/1734 1732/1732/1732 
f 1735/1735/1735 1729/1729/1729 1731/1731/1731 
f 1734/1734/1734 1729/1729/1729 1735/1735/1735 
f 1735/1735/1735 1739/1739/1739 1737/1737/1737 
f 1739/1739/1739 1735/1735/1735 1731/1731/1731 
f 1739/1739/1739 1740/1740/1740 1737/1737/1737 
f 1744/1744/1744 1739/1739/1739 1742/1742/1742 
f 1745/1745/1745 1739/1739/1739 1744/1744/1744 
f 1740/1740/1740 1739/1739/1739 1745/1745/1745 
f 1746/1746/1746 1745/1745/1745 1744/1744/1744 
f 1745/1745/1745 1747/1747/1747 1740/1740/1740 
f 1747/1747/1747 1745/1745/1745 1748/1748/1748 
f 1748/1748/1748 1745/1745/1745 1746/1746/1746 
f 1748/1748/1748 1749/1749/1749 1747/1747/1747 
f 1749/1749/1749 1748/1748/1748 1750/1750/1750 
f 1746/1746/1746 1750/1750/1750 1748/1748/1748 
f 1750/1750/1750 1746/1746/1746 1752/1752/1752 
f 1754/1754/1754 1755/1755/1755 1756/1756/1756 
f 1757/1757/1757 1756/1756/1756 1755/1755/1755 
f 1756/1756/1756 1757/1757/1757 1758/1758/1758 
f 1759/1759/1759 1758/1758/1758 1757/1757/1757 
f 1758/1758/1758 1760/1760/1760 1756/1756/1756 
f 1766/1766/1766 1763/1763/1763 1764/1764/1764 
f 1765/1765/1765 1763/1763/1763 1766/1766/1766 
f 1767/1767/1767 1766/1766/1766 1764/1764/1764 
f 1762/1762/1762 1767/1767/1767 1764/1764/1764 
f 1768/1768/1768 1765/1765/1765 1766/1766/1766 
f 1769/1769/1769 1765/1765/1765 1768/1768/1768 
f 1768/1768/1768 1770/1770/1770 1769/1769/1769 
f 1770/1770/1770 1768/1768/1768 1772/1772/1772 
f 1773/1773/1773 1756/1756/1756 1760/1760/1760 
f 1756/1756/1756 1773/1773/1773 1754/1754/1754 
f 1762/1762/1762 1754/1754/1754 1773/1773/1773 
f 1767/1767/1767 1762/1762/1762 1773/1773/1773 
f 1766/1766/1766 1767/1767/1767 1774/1774/1774 
f 1774/1774/1774 1768/1768/1768 1766/1766/1766 
f 1768/1768/1768 1774/1774/1774 1775/1775/1775 
f 1775/1775/1775 1772/1772/1772 1768/1768/1768 
f 1772/1772/1772 1775/1775/1775 1776/1776/1776 

g Shell1

v -338.234 1.51794 -1.88526 
v -338.323 1.51794 -1.88526 
v -338.279 1.49948 -1.88526 
v -338.234 1.60706 -1.88526 
v -338.216 1.5625 -1.88526 
v -338.323 1.60706 -1.88526 
v -338.342 1.5625 -1.88526 
v -338.279 1.62552 -1.88526 
v -338.279 1.5625 -2.73156 
v -338.316 1.5625 -2.59658 
v -338.305 1.58855 -2.50657 
v -338.305 1.58886 -2.59658 
v -338.279 1.59978 -2.59658 
v -338.279 1.59934 -2.50657 
v -338.253 1.58855 -2.50657 
v -338.252 1.58886 -2.59658 
v -338.241 1.5625 -2.59658 
v -338.342 1.5625 -1.88526 
v -338.323 1.60706 -1.88526 
v -338.323 1.60706 -2.35658 
v -338.279 1.62552 -1.88526 
v -338.279 1.62552 -2.35658 
v -338.216 1.5625 -1.88526 
v -338.311 1.59466 -2.41122 
v -338.234 1.60706 -1.88526 
v -338.234 1.60706 -2.35658 
v -338.247 1.59466 -2.41122 
v -338.247 1.59466 -2.50657 
v -338.279 1.60798 -2.41122 
v -338.279 1.60798 -2.50657 
v -338.311 1.59466 -2.50657 
v -338.305 1.53614 -2.59658 
v -338.279 1.5625 -2.73156 
v -338.305 1.53645 -2.50657 
v -338.316 1.5625 -2.59658 
v -338.316 1.5625 -2.50657 
v -338.305 1.58855 -2.50657 
v -338.305 1.58886 -2.59658 
v -338.323 1.51794 -2.35658 
v -338.323 1.51794 -1.88526 
v -338.342 1.5625 -1.88526 
v -338.342 1.5625 -2.35658 
v -338.323 1.60706 -1.88526 
v -338.311 1.53034 -2.41122 
v -338.323 1.60706 -2.35658 
v -338.216 1.5625 -1.88526 
v -338.311 1.59466 -2.41122 
v -338.247 1.59466 -2.50657 
v -338.311 1.59466 -2.50657 
v -338.311 1.53034 -2.50657 
v -338.324 1.5625 -2.50657 
v -338.324 1.5625 -2.41122 
v -338.279 1.60798 -2.50657 
v -338.305 1.58855 -2.50657 
v -338.311 1.59466 -2.50657 
v -338.279 1.59934 -2.50657 
v -338.316 1.5625 -2.50657 
v -338.253 1.58855 -2.50657 
v -338.324 1.5625 -2.50657 
v -338.247 1.59466 -2.50657 
v -338.311 1.53034 -2.50657 
v -338.242 1.5625 -2.50657 
v -338.305 1.53645 -2.50657 
v -338.233 1.5625 -2.50657 
v -338.279 1.51702 -2.50657 
v -338.247 1.53034 -2.50657 
v -338.279 1.52566 -2.50657 
v -338.253 1.53645 -2.50657 
v -338.279 1.52522 -2.59658 
v -338.305 1.53614 -2.59658 
v -338.279 1.5625 -2.73156 
v -338.305 1.53645 -2.50657 
v -338.279 1.52566 -2.50657 
v -338.253 1.53645 -2.50657 
v -338.316 1.5625 -2.59658 
v -338.252 1.53614 -2.59658 
v -338.241 1.5625 -2.59658 
v -338.323 1.51794 -2.35658 
v -338.323 1.51794 -1.88526 
v -338.342 1.5625 -1.88526 
v -338.279 1.49948 -2.35658 
v -338.279 1.49948 -1.88526 
v -338.311 1.53034 -2.41122 
v -338.234 1.51794 -2.35658 
v -338.234 1.51794 -1.88526 
v -338.216 1.5625 -1.88526 
v -338.247 1.53034 -2.41122 
v -338.247 1.53034 -2.50657 
v -338.279 1.51702 -2.50657 
v -338.279 1.51702 -2.41122 
v -338.311 1.53034 -2.50657 
v -338.279 1.5625 -2.73156 
v -338.253 1.53645 -2.50657 
v -338.252 1.53614 -2.59658 
v -338.253 1.58855 -2.50657 
v -338.252 1.58886 -2.59658 
v -338.241 1.5625 -2.59658 
v -338.242 1.5625 -2.50657 
v -338.279 1.49948 -1.88526 
v -338.234 1.51794 -2.35658 
v -338.234 1.51794 -1.88526 
v -338.279 1.62552 -1.88526 
v -338.216 1.5625 -2.35658 
v -338.216 1.5625 -1.88526 
v -338.234 1.60706 -1.88526 
v -338.234 1.60706 -2.35658 
v -338.247 1.59466 -2.41122 
v -338.247 1.53034 -2.41122 
v -338.233 1.5625 -2.41122 
v -338.233 1.5625 -2.50657 
v -338.247 1.53034 -2.50657 
v -338.247 1.59466 -2.50657 

vn 0 0 1 
vn 0 0 1 
vn 0 0 1 
vn 0 0 1 
vn 0 0 1 
vn 0 0 1 
vn 0 0 1 
vn 0 0 1 
vn 0 0 -1 
vn -0.992126 0 -0.110236 
vn -0.708661 0.708661 0.00787402 
vn -0.700787 0.700787 -0.110236 
vn 0 0.992126 -0.110236 
vn 0 1 0.00787402 
vn 0.708661 0.708661 0.00787402 
vn 0.700787 0.700787 -0.110236 
vn 0.992126 0 -0.110236 
vn -1 0 0 
vn -0.708661 0.708661 0 
vn -0.700787 0.700787 -0.125984 
vn 0 1 0 
vn 0 0.992126 -0.125984 
vn 1 0 0 
vn -0.700787 0.700787 -0.149606 
vn 0.708661 0.708661 0 
vn 0.700787 0.700787 -0.125984 
vn 0.700787 0.700787 -0.149606 
vn 0.708661 0.708661 0 
vn 0 0.992126 -0.149606 
vn 0 1 0 
vn -0.708661 0.708661 0 
vn -0.700787 -0.700787 -0.110236 
vn 0 0 -1 
vn -0.708661 -0.708661 0.00787402 
vn -0.992126 0 -0.110236 
vn -1 0 0.00787402 
vn -0.708661 0.708661 0.00787402 
vn -0.700787 0.700787 -0.110236 
vn -0.700787 -0.700787 -0.125984 
vn -0.708661 -0.708661 0 
vn -1 0 0 
vn -0.992126 0 -0.125984 
vn -0.708661 0.708661 0 
vn -0.700787 -0.700787 -0.149606 
vn -0.700787 0.700787 -0.125984 
vn 1 0 0 
vn -0.700787 0.700787 -0.149606 
vn 0.708661 0.708661 0 
vn -0.708661 0.708661 0 
vn -0.708661 -0.708661 0 
vn -1 0 0 
vn -0.992126 0 -0.149606 
vn 0 0 -1 
vn 0 0 -1 
vn 0 0 -1 
vn 0 0 -1 
vn 0 0 -1 
vn 0 0 -1 
vn 0 0 -1 
vn 0 0 -1 
vn 0 0 -1 
vn 0 0 -1 
vn 0 0 -1 
vn 0 0 -1 
vn 0 0 -1 
vn 0 0 -1 
vn 0 0 -1 
vn 0 0 -1 
vn 0 -0.992126 -0.110236 
vn -0.700787 -0.700787 -0.110236 
vn 0 0 -1 
vn -0.708661 -0.708661 0.00787402 
vn 0 -1 0.00787402 
vn 0.708661 -0.708661 0.00787402 
vn -0.992126 0 -0.110236 
vn 0.700787 -0.700787 -0.110236 
vn 0.992126 0 -0.110236 
vn -0.700787 -0.700787 -0.125984 
vn -0.708661 -0.708661 0 
vn -1 0 0 
vn 0 -0.992126 -0.125984 
vn 0 -1 0 
vn -0.700787 -0.700787 -0.149606 
vn 0.700787 -0.700787 -0.125984 
vn 0.708661 -0.708661 0 
vn 1 0 0 
vn 0.700787 -0.700787 -0.149606 
vn 0.708661 -0.708661 0 
vn 0 -1 0 
vn 0 -0.992126 -0.149606 
vn -0.708661 -0.708661 0 
vn 0 0 -1 
vn 0.708661 -0.708661 0.00787402 
vn 0.700787 -0.700787 -0.110236 
vn 0.708661 0.708661 0.00787402 
vn 0.700787 0.700787 -0.110236 
vn 0.992126 0 -0.110236 
vn 1 0 0.00787402 
vn 0 -1 0 
vn 0.700787 -0.700787 -0.125984 
vn 0.708661 -0.708661 0 
vn 0 1 0 
vn 0.992126 0 -0.125984 
vn 1 0 0 
vn 0.708661 0.708661 0 
vn 0.700787 0.700787 -0.125984 
vn 0.700787 0.700787 -0.149606 
vn 0.700787 -0.700787 -0.149606 
vn 0.992126 0 -0.149606 
vn 1 0 0 
vn 0.708661 -0.708661 0 
vn 0.708661 0.708661 0 

vt -0.139937 1.04389 
vt -0.151077 1.04389 
vt -0.145507 1.04159 
vt -0.139937 1.05503 
vt -0.13763 1.04946 
vt -0.151077 1.05503 
vt -0.153384 1.04946 
vt -0.145507 1.05734 
vt -0.0926138 1.04946 
vt -0.109486 1.05412 
vt -0.120737 1.05272 
vt -0.109486 1.05276 
vt -0.109486 1.04946 
vt -0.120737 1.04946 
vt -0.120737 1.04621 
vt -0.109486 1.04617 
vt -0.109486 1.0448 
vt -0.198401 1.05734 
vt -0.198401 1.05503 
vt -0.139486 1.05503 
vt -0.198401 1.04946 
vt -0.139486 1.04946 
vt -0.198401 1.04159 
vt -0.132656 1.05348 
vt -0.198401 1.04389 
vt -0.139486 1.04389 
vt -0.132656 1.04544 
vt -0.120737 1.04544 
vt -0.132656 1.04946 
vt -0.120737 1.04946 
vt -0.120737 1.05348 
vt -0.181529 1.04617 
vt -0.198401 1.04946 
vt -0.170278 1.04621 
vt -0.181529 1.04946 
vt -0.170278 1.04946 
vt -0.170278 1.05272 
vt -0.181529 1.05276 
vt -0.151529 1.04389 
vt -0.0926138 1.04389 
vt -0.0926138 1.04946 
vt -0.151529 1.04946 
vt -0.0926138 1.05503 
vt -0.158359 1.04544 
vt -0.151529 1.05503 
vt -0.0926138 1.04946 
vt -0.158359 1.05348 
vt -0.170278 1.05348 
vt -0.170278 1.05348 
vt -0.170278 1.04544 
vt -0.170278 1.04946 
vt -0.158359 1.04946 
vt -0.145507 1.05515 
vt -0.142251 1.05272 
vt -0.141487 1.05348 
vt -0.145507 1.05407 
vt -0.140902 1.04946 
vt -0.148764 1.05272 
vt -0.139822 1.04946 
vt -0.149527 1.05348 
vt -0.141487 1.04544 
vt -0.150113 1.04946 
vt -0.142251 1.04621 
vt -0.151192 1.04946 
vt -0.145507 1.04378 
vt -0.149527 1.04544 
vt -0.145507 1.04486 
vt -0.148764 1.04621 
vt -0.181529 1.04946 
vt -0.181529 1.05276 
vt -0.198401 1.04946 
vt -0.170278 1.05272 
vt -0.170278 1.04946 
vt -0.170278 1.04621 
vt -0.181529 1.05412 
vt -0.181529 1.04617 
vt -0.181529 1.0448 
vt -0.151529 1.05503 
vt -0.0926138 1.05503 
vt -0.0926138 1.05734 
vt -0.151529 1.04946 
vt -0.0926138 1.04946 
vt -0.158359 1.05348 
vt -0.151529 1.04389 
vt -0.0926138 1.04389 
vt -0.0926138 1.04159 
vt -0.158359 1.04544 
vt -0.170278 1.04544 
vt -0.170278 1.04946 
vt -0.158359 1.04946 
vt -0.170278 1.05348 
vt -0.0926138 1.04946 
vt -0.120737 1.04621 
vt -0.109486 1.04617 
vt -0.120737 1.05272 
vt -0.109486 1.05276 
vt -0.109486 1.04946 
vt -0.120737 1.04946 
vt -0.198401 1.04159 
vt -0.139486 1.04389 
vt -0.198401 1.04389 
vt -0.198401 1.05734 
vt -0.139486 1.04946 
vt -0.198401 1.04946 
vt -0.198401 1.05503 
vt -0.139486 1.05503 
vt -0.132656 1.05348 
vt -0.132656 1.04544 
vt -0.132656 1.04946 
vt -0.120737 1.04946 
vt -0.120737 1.04544 
vt -0.120737 1.05348 

usemtl Shell1Mtl

f 1777/1777/1777 1778/1778/1778 1779/1779/1779 
f 1778/1778/1778 1777/1777/1777 1780/1780/1780 
f 1780/1780/1780 1777/1777/1777 1781/1781/1781 
f 1780/1780/1780 1782/1782/1782 1778/1778/1778 
f 1778/1778/1778 1782/1782/1782 1783/1783/1783 
f 1782/1782/1782 1780/1780/1780 1784/1784/1784 
f 1787/1787/1787 1789/1789/1789 1788/1788/1788 
f 1788/1788/1788 1789/1789/1789 1785/1785/1785 
f 1789/1789/1789 1787/1787/1787 1790/1790/1790 
f 1791/1791/1791 1789/1789/1789 1790/1790/1790 
f 1789/1789/1789 1792/1792/1792 1785/1785/1785 
f 1789/1789/1789 1791/1791/1791 1792/1792/1792 
f 1797/1797/1797 1796/1796/1796 1795/1795/1795 
f 1796/1796/1796 1797/1797/1797 1798/1798/1798 
f 1798/1798/1798 1800/1800/1800 1796/1796/1796 
f 1801/1801/1801 1798/1798/1798 1797/1797/1797 
f 1798/1798/1798 1801/1801/1801 1802/1802/1802 
f 1803/1803/1803 1798/1798/1798 1802/1802/1802 
f 1804/1804/1804 1805/1805/1805 1803/1803/1803 
f 1798/1798/1798 1803/1803/1803 1805/1805/1805 
f 1805/1805/1805 1804/1804/1804 1806/1806/1806 
f 1800/1800/1800 1798/1798/1798 1805/1805/1805 
f 1806/1806/1806 1800/1800/1800 1805/1805/1805 
f 1800/1800/1800 1806/1806/1806 1807/1807/1807 
f 1808/1808/1808 1810/1810/1810 1811/1811/1811 
f 1808/1808/1808 1811/1811/1811 1809/1809/1809 
f 1812/1812/1812 1811/1811/1811 1810/1810/1810 
f 1813/1813/1813 1811/1811/1811 1812/1812/1812 
f 1811/1811/1811 1813/1813/1813 1814/1814/1814 
f 1811/1811/1811 1814/1814/1814 1809/1809/1809 
f 1815/1815/1815 1816/1816/1816 1817/1817/1817 
f 1815/1815/1815 1817/1817/1817 1818/1818/1818 
f 1818/1818/1818 1817/1817/1817 1819/1819/1819 
f 1818/1818/1818 1820/1820/1820 1815/1815/1815 
f 1818/1818/1818 1819/1819/1819 1821/1821/1821 
f 1821/1821/1821 1823/1823/1823 1818/1818/1818 
f 1826/1826/1826 1820/1820/1820 1827/1827/1827 
f 1823/1823/1823 1825/1825/1825 1828/1828/1828 
f 1827/1827/1827 1828/1828/1828 1825/1825/1825 
f 1828/1828/1828 1827/1827/1827 1820/1820/1820 
f 1828/1828/1828 1818/1818/1818 1823/1823/1823 
f 1820/1820/1820 1818/1818/1818 1828/1828/1828 
f 1829/1829/1829 1830/1830/1830 1831/1831/1831 
f 1830/1830/1830 1829/1829/1829 1832/1832/1832 
f 1833/1833/1833 1831/1831/1831 1830/1830/1830 
f 1829/1829/1829 1834/1834/1834 1832/1832/1832 
f 1831/1831/1831 1833/1833/1833 1835/1835/1835 
f 1829/1829/1829 1836/1836/1836 1834/1834/1834 
f 1833/1833/1833 1837/1837/1837 1835/1835/1835 
f 1838/1838/1838 1834/1834/1834 1836/1836/1836 
f 1837/1837/1837 1833/1833/1833 1839/1839/1839 
f 1836/1836/1836 1840/1840/1840 1838/1838/1838 
f 1841/1841/1841 1837/1837/1837 1839/1839/1839 
f 1842/1842/1842 1838/1838/1838 1840/1840/1840 
f 1841/1841/1841 1839/1839/1839 1843/1843/1843 
f 1838/1838/1838 1842/1842/1842 1844/1844/1844 
f 1841/1841/1841 1844/1844/1844 1842/1842/1842 
f 1844/1844/1844 1841/1841/1841 1843/1843/1843 
f 1845/1845/1845 1846/1846/1846 1847/1847/1847 
f 1845/1845/1845 1848/1848/1848 1846/1846/1846 
f 1848/1848/1848 1845/1845/1845 1849/1849/1849 
f 1849/1849/1849 1845/1845/1845 1850/1850/1850 
f 1852/1852/1852 1850/1850/1850 1845/1845/1845 
f 1852/1852/1852 1845/1845/1845 1847/1847/1847 
f 1857/1857/1857 1855/1855/1855 1854/1854/1854 
f 1857/1857/1857 1858/1858/1858 1855/1855/1855 
f 1854/1854/1854 1859/1859/1859 1857/1857/1857 
f 1860/1860/1860 1858/1858/1858 1857/1857/1857 
f 1860/1860/1860 1861/1861/1861 1858/1858/1858 
f 1857/1857/1857 1863/1863/1863 1860/1860/1860 
f 1864/1864/1864 1863/1863/1863 1865/1865/1865 
f 1866/1866/1866 1865/1865/1865 1863/1863/1863 
f 1863/1863/1863 1857/1857/1857 1866/1866/1866 
f 1865/1865/1865 1866/1866/1866 1867/1867/1867 
f 1866/1866/1866 1857/1857/1857 1859/1859/1859 
f 1859/1859/1859 1867/1867/1867 1866/1866/1866 
f 1873/1873/1873 1870/1870/1870 1868/1868/1868 
f 1872/1872/1872 1873/1873/1873 1868/1868/1868 
f 1872/1872/1872 1871/1871/1871 1873/1873/1873 
f 1873/1873/1873 1869/1869/1869 1870/1870/1870 
f 1874/1874/1874 1873/1873/1873 1871/1871/1871 
f 1869/1869/1869 1873/1873/1873 1874/1874/1874 
f 1879/1879/1879 1877/1877/1877 1876/1876/1876 
f 1879/1879/1879 1880/1880/1880 1877/1877/1877 
f 1882/1882/1882 1881/1881/1881 1880/1880/1880 
f 1882/1882/1882 1880/1880/1880 1879/1879/1879 
f 1879/1879/1879 1883/1883/1883 1882/1882/1882 
f 1876/1876/1876 1884/1884/1884 1879/1879/1879 
f 1883/1883/1883 1879/1879/1879 1885/1885/1885 
f 1885/1885/1885 1879/1879/1879 1884/1884/1884 
f 1885/1885/1885 1886/1886/1886 1883/1883/1883 
f 1886/1886/1886 1885/1885/1885 1887/1887/1887 
f 1884/1884/1884 1887/1887/1887 1885/1885/1885 
f 1888/1888/1888 1883/1883/1883 1886/1886/1886 

g Strap1

v -338.203 1.5625 -1.9854 
v -338.354 1.5625 -1.9854 
v -338.279 1.48684 -1.9854 
v -338.332 1.509 -1.9854 
v -338.225 1.509 -1.9854 
v -338.279 1.63816 -1.9854 
v -338.332 1.616 -1.9854 
v -338.225 1.616 -1.9854 
v -338.332 1.616 -1.9854 
v -338.332 1.616 -2.25654 
v -338.279 1.63816 -1.9854 
v -338.279 1.63816 -2.25654 
v -338.225 1.616 -1.9854 
v -338.225 1.616 -2.25654 
v -338.332 1.509 -2.25654 
v -338.332 1.509 -1.9854 
v -338.354 1.5625 -1.9854 
v -338.354 1.5625 -2.25654 
v -338.332 1.616 -1.9854 
v -338.332 1.616 -2.25654 
v -338.279 1.48684 -2.25654 
v -338.354 1.5625 -2.25654 
v -338.203 1.5625 -2.25654 
v -338.332 1.509 -2.25654 
v -338.225 1.509 -2.25654 
v -338.279 1.63816 -2.25654 
v -338.225 1.616 -2.25654 
v -338.332 1.616 -2.25654 
v -338.332 1.509 -2.25654 
v -338.332 1.509 -1.9854 
v -338.279 1.48684 -2.25654 
v -338.279 1.48684 -1.9854 
v -338.225 1.509 -2.25654 
v -338.225 1.509 -1.9854 
v -338.225 1.509 -2.25654 
v -338.225 1.509 -1.9854 
v -338.203 1.5625 -2.25654 
v -338.203 1.5625 -1.9854 
v -338.225 1.616 -1.9854 
v -338.225 1.616 -2.25654 

vn 0 0 1 
vn 0 0 1 
vn 0 0 1 
vn 0 0 1 
vn 0 0 1 
vn 0 0 1 
vn 0 0 1 
vn 0 0 1 
vn -0.708661 0.708661 0 
vn -0.708661 0.708661 0 
vn 0 1 0 
vn 0 1 0 
vn 0.708661 0.708661 0 
vn 0.708661 0.708661 0 
vn -0.708661 -0.708661 0 
vn -0.708661 -0.708661 0 
vn -1 0 0 
vn -1 0 0 
vn -0.708661 0.708661 0 
vn -0.708661 0.708661 0 
vn 0 0 -1 
vn 0 0 -1 
vn 0 0 -1 
vn 0 0 -1 
vn 0 0 -1 
vn 0 0 -1 
vn 0 0 -1 
vn 0 0 -1 
vn -0.708661 -0.708661 0 
vn -0.708661 -0.708661 0 
vn 0 -1 0 
vn 0 -1 0 
vn 0.708661 -0.708661 0 
vn 0.708661 -0.708661 0 
vn 0.708661 -0.708661 0 
vn 0.708661 -0.708661 0 
vn 1 0 0 
vn 1 0 0 
vn 0.708661 0.708661 0 
vn 0.708661 0.708661 0 

vt 26.0095 -37 
vt 25.9905 -37 
vt 26 -37.0095 
vt 25.9933 -37.0067 
vt 26.0067 -37.0067 
vt 26 -36.9905 
vt 25.9933 -36.9933 
vt 26.0067 -36.9933 
vt 25.9831 -36.9933 
vt 26.0169 -36.9933 
vt 25.9831 -37 
vt 26.0169 -37 
vt 25.9831 -37.0067 
vt 26.0169 -37.0067 
vt 25.9831 -37.0067 
vt 26.0169 -37.0067 
vt 26.0169 -37 
vt 25.9831 -37 
vt 26.0169 -36.9933 
vt 25.9831 -36.9933 
vt 26 -37.0095 
vt 26.0095 -37 
vt 25.9905 -37 
vt 26.0067 -37.0067 
vt 25.9933 -37.0067 
vt 26 -36.9905 
vt 25.9933 -36.9933 
vt 26.0067 -36.9933 
vt 25.9831 -36.9933 
vt 26.0169 -36.9933 
vt 25.9831 -37 
vt 26.0169 -37 
vt 25.9831 -37.0067 
vt 26.0169 -37.0067 
vt 26.0169 -37.0067 
vt 25.9831 -37.0067 
vt 26.0169 -37 
vt 25.9831 -37 
vt 25.9831 -36.9933 
vt 26.0169 -36.9933 

usemtl Strap1Mtl

f 1889/1889/1889 1890/1890/1890 1891/1891/1891 
f 1891/1891/1891 1890/1890/1890 1892/1892/1892 
f 1889/1889/1889 1891/1891/1891 1893/1893/1893 
f 1889/1889/1889 1894/1894/1894 1890/1890/1890 
f 1890/1890/1890 1894/1894/1894 1895/1895/1895 
f 1894/1894/1894 1889/1889/1889 1896/1896/1896 
f 1899/1899/1899 1898/1898/1898 1897/1897/1897 
f 1899/1899/1899 1900/1900/1900 1898/1898/1898 
f 1901/1901/1901 1900/1900/1900 1899/1899/1899 
f 1901/1901/1901 1902/1902/1902 1900/1900/1900 
f 1903/1903/1903 1904/1904/1904 1905/1905/1905 
f 1903/1903/1903 1905/1905/1905 1906/1906/1906 
f 1906/1906/1906 1905/1905/1905 1907/1907/1907 
f 1906/1906/1906 1907/1907/1907 1908/1908/1908 
f 1909/1909/1909 1910/1910/1910 1911/1911/1911 
f 1910/1910/1910 1909/1909/1909 1912/1912/1912 
f 1909/1909/1909 1911/1911/1911 1913/1913/1913 
f 1910/1910/1910 1914/1914/1914 1911/1911/1911 
f 1911/1911/1911 1914/1914/1914 1915/1915/1915 
f 1914/1914/1914 1910/1910/1910 1916/1916/1916 
f 1919/1919/1919 1918/1918/1918 1917/1917/1917 
f 1919/1919/1919 1920/1920/1920 1918/1918/1918 
f 1921/1921/1921 1920/1920/1920 1919/1919/1919 
f 1921/1921/1921 1922/1922/1922 1920/1920/1920 
f 1925/1925/1925 1924/1924/1924 1923/1923/1923 
f 1925/1925/1925 1926/1926/1926 1924/1924/1924 
f 1928/1928/1928 1926/1926/1926 1925/1925/1925 
f 1928/1928/1928 1927/1927/1927 1926/1926/1926 

g Shell2

v -338.234 2.27429 -1.88526 
v -338.323 2.27429 -1.88526 
v -338.279 2.25583 -1.88526 
v -338.234 2.36341 -1.88526 
v -338.216 2.31885 -1.88526 
v -338.323 2.36341 -1.88526 
v -338.342 2.31885 -1.88526 
v -338.279 2.38187 -1.88526 
v -338.279 2.31885 -2.73156 
v -338.316 2.31885 -2.59658 
v -338.305 2.3449 -2.50657 
v -338.305 2.34521 -2.59658 
v -338.279 2.35613 -2.59658 
v -338.279 2.35569 -2.50657 
v -338.253 2.3449 -2.50657 
v -338.252 2.34521 -2.59658 
v -338.241 2.31885 -2.59658 
v -338.342 2.31885 -1.88526 
v -338.323 2.36341 -1.88526 
v -338.323 2.36341 -2.35658 
v -338.279 2.38187 -1.88526 
v -338.279 2.38187 -2.35658 
v -338.216 2.31885 -1.88526 
v -338.311 2.35101 -2.41122 
v -338.234 2.36341 -1.88526 
v -338.234 2.36341 -2.35658 
v -338.247 2.35101 -2.41122 
v -338.247 2.35101 -2.50657 
v -338.279 2.36433 -2.41122 
v -338.279 2.36433 -2.50657 
v -338.311 2.35101 -2.50657 
v -338.305 2.29249 -2.59658 
v -338.279 2.31885 -2.73156 
v -338.305 2.2928 -2.50657 
v -338.316 2.31885 -2.59658 
v -338.316 2.31885 -2.50657 
v -338.305 2.3449 -2.50657 
v -338.305 2.34521 -2.59658 
v -338.323 2.27429 -2.35658 
v -338.323 2.27429 -1.88526 
v -338.342 2.31885 -1.88526 
v -338.342 2.31885 -2.35658 
v -338.323 2.36341 -1.88526 
v -338.311 2.28669 -2.41122 
v -338.323 2.36341 -2.35658 
v -338.216 2.31885 -1.88526 
v -338.311 2.35101 -2.41122 
v -338.247 2.35101 -2.50657 
v -338.311 2.35101 -2.50657 
v -338.311 2.28669 -2.50657 
v -338.324 2.31885 -2.50657 
v -338.324 2.31885 -2.41122 
v -338.279 2.36433 -2.50657 
v -338.305 2.3449 -2.50657 
v -338.311 2.35101 -2.50657 
v -338.279 2.35569 -2.50657 
v -338.316 2.31885 -2.50657 
v -338.253 2.3449 -2.50657 
v -338.324 2.31885 -2.50657 
v -338.247 2.35101 -2.50657 
v -338.311 2.28669 -2.50657 
v -338.242 2.31885 -2.50657 
v -338.305 2.2928 -2.50657 
v -338.233 2.31885 -2.50657 
v -338.279 2.27337 -2.50657 
v -338.247 2.28669 -2.50657 
v -338.279 2.28201 -2.50657 
v -338.253 2.2928 -2.50657 
v -338.279 2.28157 -2.59658 
v -338.305 2.29249 -2.59658 
v -338.279 2.31885 -2.73156 
v -338.305 2.2928 -2.50657 
v -338.279 2.28201 -2.50657 
v -338.253 2.2928 -2.50657 
v -338.316 2.31885 -2.59658 
v -338.252 2.29249 -2.59658 
v -338.241 2.31885 -2.59658 
v -338.323 2.27429 -2.35658 
v -338.323 2.27429 -1.88526 
v -338.342 2.31885 -1.88526 
v -338.279 2.25583 -2.35658 
v -338.279 2.25583 -1.88526 
v -338.311 2.28669 -2.41122 
v -338.234 2.27429 -2.35658 
v -338.234 2.27429 -1.88526 
v -338.216 2.31885 -1.88526 
v -338.247 2.28669 -2.41122 
v -338.247 2.28669 -2.50657 
v -338.279 2.27337 -2.50657 
v -338.279 2.27337 -2.41122 
v -338.311 2.28669 -2.50657 
v -338.279 2.31885 -2.73156 
v -338.253 2.2928 -2.50657 
v -338.252 2.29249 -2.59658 
v -338.253 2.3449 -2.50657 
v -338.252 2.34521 -2.59658 
v -338.241 2.31885 -2.59658 
v -338.242 2.31885 -2.50657 
v -338.279 2.25583 -1.88526 
v -338.234 2.27429 -2.35658 
v -338.234 2.27429 -1.88526 
v -338.279 2.38187 -1.88526 
v -338.216 2.31885 -2.35658 
v -338.216 2.31885 -1.88526 
v -338.234 2.36341 -1.88526 
v -338.234 2.36341 -2.35658 
v -338.247 2.35101 -2.41122 
v -338.247 2.28669 -2.41122 
v -338.233 2.31885 -2.41122 
v -338.233 2.31885 -2.50657 
v -338.247 2.28669 -2.50657 
v -338.247 2.35101 -2.50657 

vn 0 0 1 
vn 0 0 1 
vn 0 0 1 
vn 0 0 1 
vn 0 0 1 
vn 0 0 1 
vn 0 0 1 
vn 0 0 1 
vn 0 0 -1 
vn -0.992126 0 -0.110236 
vn -0.708661 0.708661 0.00787402 
vn -0.700787 0.700787 -0.110236 
vn 0 0.992126 -0.110236 
vn 0 1 0.00787402 
vn 0.708661 0.708661 0.00787402 
vn 0.700787 0.700787 -0.110236 
vn 0.992126 0 -0.110236 
vn -1 0 0 
vn -0.708661 0.708661 0 
vn -0.700787 0.700787 -0.125984 
vn 0 1 0 
vn 0 0.992126 -0.125984 
vn 1 0 0 
vn -0.700787 0.700787 -0.149606 
vn 0.708661 0.708661 0 
vn 0.700787 0.700787 -0.125984 
vn 0.700787 0.700787 -0.149606 
vn 0.708661 0.708661 0 
vn 0 0.992126 -0.149606 
vn 0 1 0 
vn -0.708661 0.708661 0 
vn -0.700787 -0.700787 -0.110236 
vn 0 0 -1 
vn -0.708661 -0.708661 0.00787402 
vn -0.992126 0 -0.110236 
vn -1 0 0.00787402 
vn -0.708661 0.708661 0.00787402 
vn -0.700787 0.700787 -0.110236 
vn -0.700787 -0.700787 -0.125984 
vn -0.708661 -0.708661 0 
vn -1 0 0 
vn -0.992126 0 -0.125984 
vn -0.708661 0.708661 0 
vn -0.700787 -0.700787 -0.149606 
vn -0.700787 0.700787 -0.125984 
vn 1 0 0 
vn -0.700787 0.700787 -0.149606 
vn 0.708661 0.708661 0 
vn -0.708661 0.708661 0 
vn -0.708661 -0.708661 0 
vn -1 0 0 
vn -0.992126 0 -0.149606 
vn 0 0 -1 
vn 0 0 -1 
vn 0 0 -1 
vn 0 0 -1 
vn 0 0 -1 
vn 0 0 -1 
vn 0 0 -1 
vn 0 0 -1 
vn 0 0 -1 
vn 0 0 -1 
vn 0 0 -1 
vn 0 0 -1 
vn 0 0 -1 
vn 0 0 -1 
vn 0 0 -1 
vn 0 0 -1 
vn 0 -0.992126 -0.110236 
vn -0.700787 -0.700787 -0.110236 
vn 0 0 -1 
vn -0.708661 -0.708661 0.00787402 
vn 0 -1 0.00787402 
vn 0.708661 -0.708661 0.00787402 
vn -0.992126 0 -0.110236 
vn 0.700787 -0.700787 -0.110236 
vn 0.992126 0 -0.110236 
vn -0.700787 -0.700787 -0.125984 
vn -0.708661 -0.708661 0 
vn -1 0 0 
vn 0 -0.992126 -0.125984 
vn 0 -1 0 
vn -0.700787 -0.700787 -0.149606 
vn 0.700787 -0.700787 -0.125984 
vn 0.708661 -0.708661 0 
vn 1 0 0 
vn 0.700787 -0.700787 -0.149606 
vn 0.708661 -0.708661 0 
vn 0 -1 0 
vn 0 -0.992126 -0.149606 
vn -0.708661 -0.708661 0 
vn 0 0 -1 
vn 0.708661 -0.708661 0.00787402 
vn 0.700787 -0.700787 -0.110236 
vn 0.708661 0.708661 0.00787402 
vn 0.700787 0.700787 -0.110236 
vn 0.992126 0 -0.110236 
vn 1 0 0.00787402 
vn 0 -1 0 
vn 0.700787 -0.700787 -0.125984 
vn 0.708661 -0.708661 0 
vn 0 1 0 
vn 0.992126 0 -0.125984 
vn 1 0 0 
vn 0.708661 0.708661 0 
vn 0.700787 0.700787 -0.125984 
vn 0.700787 0.700787 -0.149606 
vn 0.700787 -0.700787 -0.149606 
vn 0.992126 0 -0.149606 
vn 1 0 0 
vn 0.708661 -0.708661 0 
vn 0.708661 0.708661 0 

vt 0.0616108 1.31558 
vt 0.0504708 1.31558 
vt 0.0560408 1.31327 
vt 0.0616108 1.32672 
vt 0.0639181 1.32115 
vt 0.0504708 1.32672 
vt 0.0481636 1.32115 
vt 0.0560408 1.32903 
vt 0.108934 1.32115 
vt 0.0920622 1.32581 
vt 0.0808112 1.32441 
vt 0.0920622 1.32445 
vt 0.0920622 1.32115 
vt 0.0808112 1.32115 
vt 0.0808112 1.31789 
vt 0.0920622 1.31785 
vt 0.0920622 1.31649 
vt 0.00314745 1.32903 
vt 0.00314745 1.32672 
vt 0.0620624 1.32672 
vt 0.00314745 1.32115 
vt 0.0620624 1.32115 
vt 0.00314745 1.31327 
vt 0.0688924 1.32517 
vt 0.00314745 1.31558 
vt 0.0620624 1.31558 
vt 0.0688924 1.31713 
vt 0.0808112 1.31713 
vt 0.0688924 1.32115 
vt 0.0808112 1.32115 
vt 0.0808112 1.32517 
vt 0.0200194 1.31785 
vt 0.00314745 1.32115 
vt 0.0312705 1.31789 
vt 0.0200194 1.32115 
vt 0.0312705 1.32115 
vt 0.0312705 1.32441 
vt 0.0200194 1.32445 
vt 0.0500192 1.31558 
vt 0.108934 1.31558 
vt 0.108934 1.32115 
vt 0.0500192 1.32115 
vt 0.108934 1.32672 
vt 0.0431892 1.31713 
vt 0.0500192 1.32672 
vt 0.108934 1.32115 
vt 0.0431892 1.32517 
vt 0.0312705 1.32517 
vt 0.0312705 1.32517 
vt 0.0312705 1.31713 
vt 0.0312705 1.32115 
vt 0.0431892 1.32115 
vt 0.0560408 1.32683 
vt 0.0592971 1.32441 
vt 0.0600606 1.32517 
vt 0.0560408 1.32576 
vt 0.0606461 1.32115 
vt 0.0527843 1.32441 
vt 0.0617256 1.32115 
vt 0.0520211 1.32517 
vt 0.0600606 1.31713 
vt 0.0514353 1.32115 
vt 0.0592971 1.31789 
vt 0.0503561 1.32115 
vt 0.0560408 1.31547 
vt 0.0520211 1.31713 
vt 0.0560408 1.31654 
vt 0.0527843 1.31789 
vt 0.0200194 1.32115 
vt 0.0200194 1.32445 
vt 0.00314745 1.32115 
vt 0.0312705 1.32441 
vt 0.0312705 1.32115 
vt 0.0312705 1.31789 
vt 0.0200194 1.32581 
vt 0.0200194 1.31785 
vt 0.0200194 1.31649 
vt 0.0500192 1.32672 
vt 0.108934 1.32672 
vt 0.108934 1.32903 
vt 0.0500192 1.32115 
vt 0.108934 1.32115 
vt 0.0431892 1.32517 
vt 0.0500192 1.31558 
vt 0.108934 1.31558 
vt 0.108934 1.31327 
vt 0.0431892 1.31713 
vt 0.0312705 1.31713 
vt 0.0312705 1.32115 
vt 0.0431892 1.32115 
vt 0.0312705 1.32517 
vt 0.108934 1.32115 
vt 0.0808112 1.31789 
vt 0.0920622 1.31785 
vt 0.0808112 1.32441 
vt 0.0920622 1.32445 
vt 0.0920622 1.32115 
vt 0.0808112 1.32115 
vt 0.00314745 1.31327 
vt 0.0620624 1.31558 
vt 0.00314745 1.31558 
vt 0.00314745 1.32903 
vt 0.0620624 1.32115 
vt 0.00314745 1.32115 
vt 0.00314745 1.32672 
vt 0.0620624 1.32672 
vt 0.0688924 1.32517 
vt 0.0688924 1.31713 
vt 0.0688924 1.32115 
vt 0.0808112 1.32115 
vt 0.0808112 1.31713 
vt 0.0808112 1.32517 

usemtl Shell1Mtl

f 1929/1929/1929 1930/1930/1930 1931/1931/1931 
f 1930/1930/1930 1929/1929/1929 1932/1932/1932 
f 1932/1932/1932 1929/1929/1929 1933/1933/1933 
f 1932/1932/1932 1934/1934/1934 1930/1930/1930 
f 1930/1930/1930 1934/1934/1934 1935/1935/1935 
f 1934/1934/1934 1932/1932/1932 1936/1936/1936 
f 1939/1939/1939 1941/1941/1941 1940/1940/1940 
f 1940/1940/1940 1941/1941/1941 1937/1937/1937 
f 1941/1941/1941 1939/1939/1939 1942/1942/1942 
f 1943/1943/1943 1941/1941/1941 1942/1942/1942 
f 1941/1941/1941 1944/1944/1944 1937/1937/1937 
f 1941/1941/1941 1943/1943/1943 1944/1944/1944 
f 1949/1949/1949 1948/1948/1948 1947/1947/1947 
f 1948/1948/1948 1949/1949/1949 1950/1950/1950 
f 1950/1950/1950 1952/1952/1952 1948/1948/1948 
f 1953/1953/1953 1950/1950/1950 1949/1949/1949 
f 1950/1950/1950 1953/1953/1953 1954/1954/1954 
f 1955/1955/1955 1950/1950/1950 1954/1954/1954 
f 1956/1956/1956 1957/1957/1957 1955/1955/1955 
f 1950/1950/1950 1955/1955/1955 1957/1957/1957 
f 1957/1957/1957 1956/1956/1956 1958/1958/1958 
f 1952/1952/1952 1950/1950/1950 1957/1957/1957 
f 1958/1958/1958 1952/1952/1952 1957/1957/1957 
f 1952/1952/1952 1958/1958/1958 1959/1959/1959 
f 1960/1960/1960 1962/1962/1962 1963/1963/1963 
f 1960/1960/1960 1963/1963/1963 1961/1961/1961 
f 1964/1964/1964 1963/1963/1963 1962/1962/1962 
f 1965/1965/1965 1963/1963/1963 1964/1964/1964 
f 1963/1963/1963 1965/1965/1965 1966/1966/1966 
f 1963/1963/1963 1966/1966/1966 1961/1961/1961 
f 1967/1967/1967 1968/1968/1968 1969/1969/1969 
f 1967/1967/1967 1969/1969/1969 1970/1970/1970 
f 1970/1970/1970 1969/1969/1969 1971/1971/1971 
f 1970/1970/1970 1972/1972/1972 1967/1967/1967 
f 1970/1970/1970 1971/1971/1971 1973/1973/1973 
f 1973/1973/1973 1975/1975/1975 1970/1970/1970 
f 1978/1978/1978 1972/1972/1972 1979/1979/1979 
f 1975/1975/1975 1977/1977/1977 1980/1980/1980 
f 1979/1979/1979 1980/1980/1980 1977/1977/1977 
f 1980/1980/1980 1979/1979/1979 1972/1972/1972 
f 1980/1980/1980 1970/1970/1970 1975/1975/1975 
f 1972/1972/1972 1970/1970/1970 1980/1980/1980 
f 1981/1981/1981 1982/1982/1982 1983/1983/1983 
f 1982/1982/1982 1981/1981/1981 1984/1984/1984 
f 1985/1985/1985 1983/1983/1983 1982/1982/1982 
f 1981/1981/1981 1986/1986/1986 1984/1984/1984 
f 1983/1983/1983 1985/1985/1985 1987/1987/1987 
f 1981/1981/1981 1988/1988/1988 1986/1986/1986 
f 1985/1985/1985 1989/1989/1989 1987/1987/1987 
f 1990/1990/1990 1986/1986/1986 1988/1988/1988 
f 1989/1989/1989 1985/1985/1985 1991/1991/1991 
f 1988/1988/1988 1992/1992/1992 1990/1990/1990 
f 1993/1993/1993 1989/1989/1989 1991/1991/1991 
f 1994/1994/1994 1990/1990/1990 1992/1992/1992 
f 1993/1993/1993 1991/1991/1991 1995/1995/1995 
f 1990/1990/1990 1994/1994/1994 1996/1996/1996 
f 1993/1993/1993 1996/1996/1996 1994/1994/1994 
f 1996/1996/1996 1993/1993/1993 1995/1995/1995 
f 1997/1997/1997 1998/1998/1998 1999/1999/1999 
f 1997/1997/1997 2000/2000/2000 1998/1998/1998 
f 2000/2000/2000 1997/1997/1997 2001/2001/2001 
f 2001/2001/2001 1997/1997/1997 2002/2002/2002 
f 2004/2004/2004 2002/2002/2002 1997/1997/1997 
f 2004/2004/2004 1997/1997/1997 1999/1999/1999 
f 2009/2009/2009 2007/2007/2007 2006/2006/2006 
f 2009/2009/2009 2010/2010/2010 2007/2007/2007 
f 2006/2006/2006 2011/2011/2011 2009/2009/2009 
f 2012/2012/2012 2010/2010/2010 2009/2009/2009 
f 2012/2012/2012 2013/2013/2013 2010/2010/2010 
f 2009/2009/2009 2015/2015/2015 2012/2012/2012 
f 2016/2016/2016 2015/2015/2015 2017/2017/2017 
f 2018/2018/2018 2017/2017/2017 2015/2015/2015 
f 2015/2015/2015 2009/2009/2009 2018/2018/2018 
f 2017/2017/2017 2018/2018/2018 2019/2019/2019 
f 2018/2018/2018 2009/2009/2009 2011/2011/2011 
f 2011/2011/2011 2019/2019/2019 2018/2018/2018 
f 2025/2025/2025 2022/2022/2022 2020/2020/2020 
f 2024/2024/2024 2025/2025/2025 2020/2020/2020 
f 2024/2024/2024 2023/2023/2023 2025/2025/2025 
f 2025/2025/2025 2021/2021/2021 2022/2022/2022 
f 2026/2026/2026 2025/2025/2025 2023/2023/2023 
f 2021/2021/2021 2025/2025/2025 2026/2026/2026 
f 2031/2031/2031 2029/2029/2029 2028/2028/2028 
f 2031/2031/2031 2032/2032/2032 2029/2029/2029 
f 2034/2034/2034 2033/2033/2033 2032/2032/2032 
f 2034/2034/2034 2032/2032/2032 2031/2031/2031 
f 2031/2031/2031 2035/2035/2035 2034/2034/2034 
f 2028/2028/2028 2036/2036/2036 2031/2031/2031 
f 2035/2035/2035 2031/2031/2031 2037/2037/2037 
f 2037/2037/2037 2031/2031/2031 2036/2036/2036 
f 2037/2037/2037 2038/2038/2038 2035/2035/2035 
f 2038/2038/2038 2037/2037/2037 2039/2039/2039 
f 2036/2036/2036 2039/2039/2039 2037/2037/2037 
f 2040/2040/2040 2035/2035/2035 2038/2038/2038 

g Strap2

v -338.203 2.31885 -1.9854 
v -338.354 2.31885 -1.9854 
v -338.279 2.24319 -1.9854 
v -338.332 2.26535 -1.9854 
v -338.225 2.26535 -1.9854 
v -338.279 2.39451 -1.9854 
v -338.332 2.37235 -1.9854 
v -338.225 2.37235 -1.9854 
v -338.332 2.37235 -1.9854 
v -338.332 2.37235 -2.25654 
v -338.279 2.39451 -1.9854 
v -338.279 2.39451 -2.25654 
v -338.225 2.37235 -1.9854 
v -338.225 2.37235 -2.25654 
v -338.332 2.26535 -2.25654 
v -338.332 2.26535 -1.9854 
v -338.354 2.31885 -1.9854 
v -338.354 2.31885 -2.25654 
v -338.332 2.37235 -1.9854 
v -338.332 2.37235 -2.25654 
v -338.279 2.24319 -2.25654 
v -338.354 2.31885 -2.25654 
v -338.203 2.31885 -2.25654 
v -338.332 2.26535 -2.25654 
v -338.225 2.26535 -2.25654 
v -338.279 2.39451 -2.25654 
v -338.225 2.37235 -2.25654 
v -338.332 2.37235 -2.25654 
v -338.332 2.26535 -2.25654 
v -338.332 2.26535 -1.9854 
v -338.279 2.24319 -2.25654 
v -338.279 2.24319 -1.9854 
v -338.225 2.26535 -2.25654 
v -338.225 2.26535 -1.9854 
v -338.225 2.26535 -2.25654 
v -338.225 2.26535 -1.9854 
v -338.203 2.31885 -2.25654 
v -338.203 2.31885 -1.9854 
v -338.225 2.37235 -1.9854 
v -338.225 2.37235 -2.25654 

vn 0 0 1 
vn 0 0 1 
vn 0 0 1 
vn 0 0 1 
vn 0 0 1 
vn 0 0 1 
vn 0 0 1 
vn 0 0 1 
vn -0.708661 0.708661 0 
vn -0.708661 0.708661 0 
vn 0 1 0 
vn 0 1 0 
vn 0.708661 0.708661 0 
vn 0.708661 0.708661 0 
vn -0.708661 -0.708661 0 
vn -0.708661 -0.708661 0 
vn -1 0 0 
vn -1 0 0 
vn -0.708661 0.708661 0 
vn -0.708661 0.708661 0 
vn 0 0 -1 
vn 0 0 -1 
vn 0 0 -1 
vn 0 0 -1 
vn 0 0 -1 
vn 0 0 -1 
vn 0 0 -1 
vn 0 0 -1 
vn -0.708661 -0.708661 0 
vn -0.708661 -0.708661 0 
vn 0 -1 0 
vn 0 -1 0 
vn 0.708661 -0.708661 0 
vn 0.708661 -0.708661 0 
vn 0.708661 -0.708661 0 
vn 0.708661 -0.708661 0 
vn 1 0 0 
vn 1 0 0 
vn 0.708661 0.708661 0 
vn 0.708661 0.708661 0 

vt 52.0095 -61 
vt 51.9905 -61 
vt 52 -61.0095 
vt 51.9933 -61.0067 
vt 52.0067 -61.0067 
vt 52 -60.9905 
vt 51.9933 -60.9933 
vt 52.0067 -60.9933 
vt 51.9831 -60.9933 
vt 52.0169 -60.9933 
vt 51.9831 -61 
vt 52.0169 -61 
vt 51.9831 -61.0067 
vt 52.0169 -61.0067 
vt 51.9831 -61.0067 
vt 52.0169 -61.0067 
vt 52.0169 -61 
vt 51.9831 -61 
vt 52.0169 -60.9933 
vt 51.9831 -60.9933 
vt 52 -61.0095 
vt 52.0095 -61 
vt 51.9905 -61 
vt 52.0067 -61.0067 
vt 51.9933 -61.0067 
vt 52 -60.9905 
vt 51.9933 -60.9933 
vt 52.0067 -60.9933 
vt 51.9831 -60.9933 
vt 52.0169 -60.9933 
vt 51.9831 -61 
vt 52.0169 -61 
vt 51.9831 -61.0067 
vt 52.0169 -61.0067 
vt 52.0169 -61.0067 
vt 51.9831 -61.0067 
vt 52.0169 -61 
vt 51.9831 -61 
vt 51.9831 -60.9933 
vt 52.0169 -60.9933 

usemtl Strap1Mtl

f 2041/2041/2041 2042/2042/2042 2043/2043/2043 
f 2043/2043/2043 2042/2042/2042 2044/2044/2044 
f 2041/2041/2041 2043/2043/2043 2045/2045/2045 
f 2041/2041/2041 2046/2046/2046 2042/2042/2042 
f 2042/2042/2042 2046/2046/2046 2047/2047/2047 
f 2046/2046/2046 2041/2041/2041 2048/2048/2048 
f 2051/2051/2051 2050/2050/2050 2049/2049/2049 
f 2051/2051/2051 2052/2052/2052 2050/2050/2050 
f 2053/2053/2053 2052/2052/2052 2051/2051/2051 
f 2053/2053/2053 2054/2054/2054 2052/2052/2052 
f 2055/2055/2055 2056/2056/2056 2057/2057/2057 
f 2055/2055/2055 2057/2057/2057 2058/2058/2058 
f 2058/2058/2058 2057/2057/2057 2059/2059/2059 
f 2058/2058/2058 2059/2059/2059 2060/2060/2060 
f 2061/2061/2061 2062/2062/2062 2063/2063/2063 
f 2062/2062/2062 2061/2061/2061 2064/2064/2064 
f 2061/2061/2061 2063/2063/2063 2065/2065/2065 
f 2062/2062/2062 2066/2066/2066 2063/2063/2063 
f 2063/2063/2063 2066/2066/2066 2067/2067/2067 
f 2066/2066/2066 2062/2062/2062 2068/2068/2068 
f 2071/2071/2071 2070/2070/2070 2069/2069/2069 
f 2071/2071/2071 2072/2072/2072 2070/2070/2070 
f 2073/2073/2073 2072/2072/2072 2071/2071/2071 
f 2073/2073/2073 2074/2074/2074 2072/2072/2072 
f 2077/2077/2077 2076/2076/2076 2075/2075/2075 
f 2077/2077/2077 2078/2078/2078 2076/2076/2076 
f 2080/2080/2080 2078/2078/2078 2077/2077/2077 
f 2080/2080/2080 2079/2079/2079 2078/2078/2078 

g Shell3

v -338.234 2.12378 -1.88526 
v -338.323 2.12378 -1.88526 
v -338.279 2.10532 -1.88526 
v -338.234 2.21289 -1.88526 
v -338.216 2.16833 -1.88526 
v -338.323 2.21289 -1.88526 
v -338.342 2.16833 -1.88526 
v -338.279 2.23135 -1.88526 
v -338.279 2.16833 -2.73156 
v -338.316 2.16833 -2.59658 
v -338.305 2.19439 -2.50657 
v -338.305 2.1947 -2.59658 
v -338.279 2.20562 -2.59658 
v -338.279 2.20518 -2.50657 
v -338.253 2.19439 -2.50657 
v -338.252 2.1947 -2.59658 
v -338.241 2.16833 -2.59658 
v -338.342 2.16833 -1.88526 
v -338.323 2.21289 -1.88526 
v -338.323 2.21289 -2.35658 
v -338.279 2.23135 -1.88526 
v -338.279 2.23135 -2.35658 
v -338.216 2.16833 -1.88526 
v -338.311 2.20049 -2.41122 
v -338.234 2.21289 -1.88526 
v -338.234 2.21289 -2.35658 
v -338.247 2.20049 -2.41122 
v -338.247 2.20049 -2.50657 
v -338.279 2.21381 -2.41122 
v -338.279 2.21381 -2.50657 
v -338.311 2.20049 -2.50657 
v -338.305 2.14197 -2.59658 
v -338.279 2.16833 -2.73156 
v -338.305 2.14228 -2.50657 
v -338.316 2.16833 -2.59658 
v -338.316 2.16833 -2.50657 
v -338.305 2.19439 -2.50657 
v -338.305 2.1947 -2.59658 
v -338.323 2.12378 -2.35658 
v -338.323 2.12378 -1.88526 
v -338.342 2.16833 -1.88526 
v -338.342 2.16833 -2.35658 
v -338.323 2.21289 -1.88526 
v -338.311 2.13618 -2.41122 
v -338.323 2.21289 -2.35658 
v -338.216 2.16833 -1.88526 
v -338.311 2.20049 -2.41122 
v -338.247 2.20049 -2.50657 
v -338.311 2.20049 -2.50657 
v -338.311 2.13618 -2.50657 
v -338.324 2.16833 -2.50657 
v -338.324 2.16833 -2.41122 
v -338.279 2.21381 -2.50657 
v -338.305 2.19439 -2.50657 
v -338.311 2.20049 -2.50657 
v -338.279 2.20518 -2.50657 
v -338.316 2.16833 -2.50657 
v -338.253 2.19439 -2.50657 
v -338.324 2.16833 -2.50657 
v -338.247 2.20049 -2.50657 
v -338.311 2.13618 -2.50657 
v -338.242 2.16833 -2.50657 
v -338.305 2.14228 -2.50657 
v -338.233 2.16833 -2.50657 
v -338.279 2.12286 -2.50657 
v -338.247 2.13618 -2.50657 
v -338.279 2.13149 -2.50657 
v -338.253 2.14228 -2.50657 
v -338.279 2.13105 -2.59658 
v -338.305 2.14197 -2.59658 
v -338.279 2.16833 -2.73156 
v -338.305 2.14228 -2.50657 
v -338.279 2.13149 -2.50657 
v -338.253 2.14228 -2.50657 
v -338.316 2.16833 -2.59658 
v -338.252 2.14197 -2.59658 
v -338.241 2.16833 -2.59658 
v -338.323 2.12378 -2.35658 
v -338.323 2.12378 -1.88526 
v -338.342 2.16833 -1.88526 
v -338.279 2.10532 -2.35658 
v -338.279 2.10532 -1.88526 
v -338.311 2.13618 -2.41122 
v -338.234 2.12378 -2.35658 
v -338.234 2.12378 -1.88526 
v -338.216 2.16833 -1.88526 
v -338.247 2.13618 -2.41122 
v -338.247 2.13618 -2.50657 
v -338.279 2.12286 -2.50657 
v -338.279 2.12286 -2.41122 
v -338.311 2.13618 -2.50657 
v -338.279 2.16833 -2.73156 
v -338.253 2.14228 -2.50657 
v -338.252 2.14197 -2.59658 
v -338.253 2.19439 -2.50657 
v -338.252 2.1947 -2.59658 
v -338.241 2.16833 -2.59658 
v -338.242 2.16833 -2.50657 
v -338.279 2.10532 -1.88526 
v -338.234 2.12378 -2.35658 
v -338.234 2.12378 -1.88526 
v -338.279 2.23135 -1.88526 
v -338.216 2.16833 -2.35658 
v -338.216 2.16833 -1.88526 
v -338.234 2.21289 -1.88526 
v -338.234 2.21289 -2.35658 
v -338.247 2.20049 -2.41122 
v -338.247 2.13618 -2.41122 
v -338.233 2.16833 -2.41122 
v -338.233 2.16833 -2.50657 
v -338.247 2.13618 -2.50657 
v -338.247 2.20049 -2.50657 

vn 0 0 1 
vn 0 0 1 
vn 0 0 1 
vn 0 0 1 
vn 0 0 1 
vn 0 0 1 
vn 0 0 1 
vn 0 0 1 
vn 0 0 -1 
vn -0.992126 0 -0.110236 
vn -0.708661 0.708661 0.00787402 
vn -0.700787 0.700787 -0.110236 
vn 0 0.992126 -0.110236 
vn 0 1 0.00787402 
vn 0.708661 0.708661 0.00787402 
vn 0.700787 0.700787 -0.110236 
vn 0.992126 0 -0.110236 
vn -1 0 0 
vn -0.708661 0.708661 0 
vn -0.700787 0.700787 -0.125984 
vn 0 1 0 
vn 0 0.992126 -0.125984 
vn 1 0 0 
vn -0.700787 0.700787 -0.149606 
vn 0.708661 0.708661 0 
vn 0.700787 0.700787 -0.125984 
vn 0.700787 0.700787 -0.149606 
vn 0.708661 0.708661 0 
vn 0 0.992126 -0.149606 
vn 0 1 0 
vn -0.708661 0.708661 0 
vn -0.700787 -0.700787 -0.110236 
vn 0 0 -1 
vn -0.708661 -0.708661 0.00787402 
vn -0.992126 0 -0.110236 
vn -1 0 0.00787402 
vn -0.708661 0.708661 0.00787402 
vn -0.700787 0.700787 -0.110236 
vn -0.700787 -0.700787 -0.125984 
vn -0.708661 -0.708661 0 
vn -1 0 0 
vn -0.992126 0 -0.125984 
vn -0.708661 0.708661 0 
vn -0.700787 -0.700787 -0.149606 
vn -0.700787 0.700787 -0.125984 
vn 1 0 0 
vn -0.700787 0.700787 -0.149606 
vn 0.708661 0.708661 0 
vn -0.708661 0.708661 0 
vn -0.708661 -0.708661 0 
vn -1 0 0 
vn -0.992126 0 -0.149606 
vn 0 0 -1 
vn 0 0 -1 
vn 0 0 -1 
vn 0 0 -1 
vn 0 0 -1 
vn 0 0 -1 
vn 0 0 -1 
vn 0 0 -1 
vn 0 0 -1 
vn 0 0 -1 
vn 0 0 -1 
vn 0 0 -1 
vn 0 0 -1 
vn 0 0 -1 
vn 0 0 -1 
vn 0 0 -1 
vn 0 -0.992126 -0.110236 
vn -0.700787 -0.700787 -0.110236 
vn 0 0 -1 
vn -0.708661 -0.708661 0.00787402 
vn 0 -1 0.00787402 
vn 0.708661 -0.708661 0.00787402 
vn -0.992126 0 -0.110236 
vn 0.700787 -0.700787 -0.110236 
vn 0.992126 0 -0.110236 
vn -0.700787 -0.700787 -0.125984 
vn -0.708661 -0.708661 0 
vn -1 0 0 
vn 0 -0.992126 -0.125984 
vn 0 -1 0 
vn -0.700787 -0.700787 -0.149606 
vn 0.700787 -0.700787 -0.125984 
vn 0.708661 -0.708661 0 
vn 1 0 0 
vn 0.700787 -0.700787 -0.149606 
vn 0.708661 -0.708661 0 
vn 0 -1 0 
vn 0 -0.992126 -0.149606 
vn -0.708661 -0.708661 0 
vn 0 0 -1 
vn 0.708661 -0.708661 0.00787402 
vn 0.700787 -0.700787 -0.110236 
vn 0.708661 0.708661 0.00787402 
vn 0.700787 0.700787 -0.110236 
vn 0.992126 0 -0.110236 
vn 1 0 0.00787402 
vn 0 -1 0 
vn 0.700787 -0.700787 -0.125984 
vn 0.708661 -0.708661 0 
vn 0 1 0 
vn 0.992126 0 -0.125984 
vn 1 0 0 
vn 0.708661 0.708661 0 
vn 0.700787 0.700787 -0.125984 
vn 0.700787 0.700787 -0.149606 
vn 0.700787 -0.700787 -0.149606 
vn 0.992126 0 -0.149606 
vn 1 0 0 
vn 0.708661 -0.708661 0 
vn 0.708661 0.708661 0 

vt 0.462416 0.91841 
vt 0.451276 0.91841 
vt 0.456846 0.916103 
vt 0.462416 0.92955 
vt 0.464723 0.92398 
vt 0.451276 0.92955 
vt 0.448968 0.92398 
vt 0.456846 0.931857 
vt 0.509739 0.92398 
vt 0.492867 0.92864 
vt 0.481616 0.927236 
vt 0.492867 0.927275 
vt 0.492867 0.92398 
vt 0.481616 0.92398 
vt 0.481616 0.920723 
vt 0.492867 0.920685 
vt 0.492867 0.91932 
vt 0.403952 0.931857 
vt 0.403952 0.92955 
vt 0.462867 0.92955 
vt 0.403952 0.92398 
vt 0.462867 0.92398 
vt 0.403952 0.916103 
vt 0.469697 0.928 
vt 0.403952 0.91841 
vt 0.462867 0.91841 
vt 0.469697 0.91996 
vt 0.481616 0.91996 
vt 0.469697 0.92398 
vt 0.481616 0.92398 
vt 0.481616 0.928 
vt 0.420824 0.920685 
vt 0.403952 0.92398 
vt 0.432075 0.920723 
vt 0.420824 0.92398 
vt 0.432075 0.92398 
vt 0.432075 0.927236 
vt 0.420824 0.927275 
vt 0.450824 0.91841 
vt 0.509739 0.91841 
vt 0.509739 0.92398 
vt 0.450824 0.92398 
vt 0.509739 0.92955 
vt 0.443994 0.91996 
vt 0.450824 0.92955 
vt 0.509739 0.92398 
vt 0.443994 0.928 
vt 0.432075 0.928 
vt 0.432075 0.928 
vt 0.432075 0.91996 
vt 0.432075 0.92398 
vt 0.443994 0.92398 
vt 0.456846 0.929665 
vt 0.460102 0.927236 
vt 0.460865 0.928 
vt 0.456846 0.928585 
vt 0.461451 0.92398 
vt 0.453589 0.927236 
vt 0.46253 0.92398 
vt 0.452826 0.928 
vt 0.460865 0.91996 
vt 0.45224 0.92398 
vt 0.460102 0.920723 
vt 0.451161 0.92398 
vt 0.456846 0.918295 
vt 0.452826 0.91996 
vt 0.456846 0.919375 
vt 0.453589 0.920723 
vt 0.420824 0.92398 
vt 0.420824 0.927275 
vt 0.403952 0.92398 
vt 0.432075 0.927236 
vt 0.432075 0.92398 
vt 0.432075 0.920723 
vt 0.420824 0.92864 
vt 0.420824 0.920685 
vt 0.420824 0.91932 
vt 0.450824 0.92955 
vt 0.509739 0.92955 
vt 0.509739 0.931857 
vt 0.450824 0.92398 
vt 0.509739 0.92398 
vt 0.443994 0.928 
vt 0.450824 0.91841 
vt 0.509739 0.91841 
vt 0.509739 0.916103 
vt 0.443994 0.91996 
vt 0.432075 0.91996 
vt 0.432075 0.92398 
vt 0.443994 0.92398 
vt 0.432075 0.928 
vt 0.509739 0.92398 
vt 0.481616 0.920723 
vt 0.492867 0.920685 
vt 0.481616 0.927236 
vt 0.492867 0.927275 
vt 0.492867 0.92398 
vt 0.481616 0.92398 
vt 0.403952 0.916103 
vt 0.462867 0.91841 
vt 0.403952 0.91841 
vt 0.403952 0.931857 
vt 0.462867 0.92398 
vt 0.403952 0.92398 
vt 0.403952 0.92955 
vt 0.462867 0.92955 
vt 0.469697 0.928 
vt 0.469697 0.91996 
vt 0.469697 0.92398 
vt 0.481616 0.92398 
vt 0.481616 0.91996 
vt 0.481616 0.928 

usemtl Shell1Mtl

f 2081/2081/2081 2082/2082/2082 2083/2083/2083 
f 2082/2082/2082 2081/2081/2081 2084/2084/2084 
f 2084/2084/2084 2081/2081/2081 2085/2085/2085 
f 2084/2084/2084 2086/2086/2086 2082/2082/2082 
f 2082/2082/2082 2086/2086/2086 2087/2087/2087 
f 2086/2086/2086 2084/2084/2084 2088/2088/2088 
f 2091/2091/2091 2093/2093/2093 2092/2092/2092 
f 2092/2092/2092 2093/2093/2093 2089/2089/2089 
f 2093/2093/2093 2091/2091/2091 2094/2094/2094 
f 2095/2095/2095 2093/2093/2093 2094/2094/2094 
f 2093/2093/2093 2096/2096/2096 2089/2089/2089 
f 2093/2093/2093 2095/2095/2095 2096/2096/2096 
f 2101/2101/2101 2100/2100/2100 2099/2099/2099 
f 2100/2100/2100 2101/2101/2101 2102/2102/2102 
f 2102/2102/2102 2104/2104/2104 2100/2100/2100 
f 2105/2105/2105 2102/2102/2102 2101/2101/2101 
f 2102/2102/2102 2105/2105/2105 2106/2106/2106 
f 2107/2107/2107 2102/2102/2102 2106/2106/2106 
f 2108/2108/2108 2109/2109/2109 2107/2107/2107 
f 2102/2102/2102 2107/2107/2107 2109/2109/2109 
f 2109/2109/2109 2108/2108/2108 2110/2110/2110 
f 2104/2104/2104 2102/2102/2102 2109/2109/2109 
f 2110/2110/2110 2104/2104/2104 2109/2109/2109 
f 2104/2104/2104 2110/2110/2110 2111/2111/2111 
f 2112/2112/2112 2114/2114/2114 2115/2115/2115 
f 2112/2112/2112 2115/2115/2115 2113/2113/2113 
f 2116/2116/2116 2115/2115/2115 2114/2114/2114 
f 2117/2117/2117 2115/2115/2115 2116/2116/2116 
f 2115/2115/2115 2117/2117/2117 2118/2118/2118 
f 2115/2115/2115 2118/2118/2118 2113/2113/2113 
f 2119/2119/2119 2120/2120/2120 2121/2121/2121 
f 2119/2119/2119 2121/2121/2121 2122/2122/2122 
f 2122/2122/2122 2121/2121/2121 2123/2123/2123 
f 2122/2122/2122 2124/2124/2124 2119/2119/2119 
f 2122/2122/2122 2123/2123/2123 2125/2125/2125 
f 2125/2125/2125 2127/2127/2127 2122/2122/2122 
f 2130/2130/2130 2124/2124/2124 2131/2131/2131 
f 2127/2127/2127 2129/2129/2129 2132/2132/2132 
f 2131/2131/2131 2132/2132/2132 2129/2129/2129 
f 2132/2132/2132 2131/2131/2131 2124/2124/2124 
f 2132/2132/2132 2122/2122/2122 2127/2127/2127 
f 2124/2124/2124 2122/2122/2122 2132/2132/2132 
f 2133/2133/2133 2134/2134/2134 2135/2135/2135 
f 2134/2134/2134 2133/2133/2133 2136/2136/2136 
f 2137/2137/2137 2135/2135/2135 2134/2134/2134 
f 2133/2133/2133 2138/2138/2138 2136/2136/2136 
f 2135/2135/2135 2137/2137/2137 2139/2139/2139 
f 2133/2133/2133 2140/2140/2140 2138/2138/2138 
f 2137/2137/2137 2141/2141/2141 2139/2139/2139 
f 2142/2142/2142 2138/2138/2138 2140/2140/2140 
f 2141/2141/2141 2137/2137/2137 2143/2143/2143 
f 2140/2140/2140 2144/2144/2144 2142/2142/2142 
f 2145/2145/2145 2141/2141/2141 2143/2143/2143 
f 2146/2146/2146 2142/2142/2142 2144/2144/2144 
f 2145/2145/2145 2143/2143/2143 2147/2147/2147 
f 2142/2142/2142 2146/2146/2146 2148/2148/2148 
f 2145/2145/2145 2148/2148/2148 2146/2146/2146 
f 2148/2148/2148 2145/2145/2145 2147/2147/2147 
f 2149/2149/2149 2150/2150/2150 2151/2151/2151 
f 2149/2149/2149 2152/2152/2152 2150/2150/2150 
f 2152/2152/2152 2149/2149/2149 2153/2153/2153 
f 2153/2153/2153 2149/2149/2149 2154/2154/2154 
f 2156/2156/2156 2154/2154/2154 2149/2149/2149 
f 2156/2156/2156 2149/2149/2149 2151/2151/2151 
f 2161/2161/2161 2159/2159/2159 2158/2158/2158 
f 2161/2161/2161 2162/2162/2162 2159/2159/2159 
f 2158/2158/2158 2163/2163/2163 2161/2161/2161 
f 2164/2164/2164 2162/2162/2162 2161/2161/2161 
f 2164/2164/2164 2165/2165/2165 2162/2162/2162 
f 2161/2161/2161 2167/2167/2167 2164/2164/2164 
f 2168/2168/2168 2167/2167/2167 2169/2169/2169 
f 2170/2170/2170 2169/2169/2169 2167/2167/2167 
f 2167/2167/2167 2161/2161/2161 2170/2170/2170 
f 2169/2169/2169 2170/2170/2170 2171/2171/2171 
f 2170/2170/2170 2161/2161/2161 2163/2163/2163 
f 2163/2163/2163 2171/2171/2171 2170/2170/2170 
f 2177/2177/2177 2174/2174/2174 2172/2172/2172 
f 2176/2176/2176 2177/2177/2177 2172/2172/2172 
f 2176/2176/2176 2175/2175/2175 2177/2177/2177 
f 2177/2177/2177 2173/2173/2173 2174/2174/2174 
f 2178/2178/2178 2177/2177/2177 2175/2175/2175 
f 2173/2173/2173 2177/2177/2177 2178/2178/2178 
f 2183/2183/2183 2181/2181/2181 2180/2180/2180 
f 2183/2183/2183 2184/2184/2184 2181/2181/2181 
f 2186/2186/2186 2185/2185/2185 2184/2184/2184 
f 2186/2186/2186 2184/2184/2184 2183/2183/2183 
f 2183/2183/2183 2187/2187/2187 2186/2186/2186 
f 2180/2180/2180 2188/2188/2188 2183/2183/2183 
f 2187/2187/2187 2183/2183/2183 2189/2189/2189 
f 2189/2189/2189 2183/2183/2183 2188/2188/2188 
f 2189/2189/2189 2190/2190/2190 2187/2187/2187 
f 2190/2190/2190 2189/2189/2189 2191/2191/2191 
f 2188/2188/2188 2191/2191/2191 2189/2189/2189 
f 2192/2192/2192 2187/2187/2187 2190/2190/2190 

g Strap3

v -338.203 2.16833 -1.9854 
v -338.354 2.16833 -1.9854 
v -338.279 2.09267 -1.9854 
v -338.332 2.11484 -1.9854 
v -338.225 2.11484 -1.9854 
v -338.279 2.24399 -1.9854 
v -338.332 2.22183 -1.9854 
v -338.225 2.22183 -1.9854 
v -338.332 2.22183 -1.9854 
v -338.332 2.22183 -2.25654 
v -338.279 2.24399 -1.9854 
v -338.279 2.24399 -2.25654 
v -338.225 2.22183 -1.9854 
v -338.225 2.22183 -2.25654 
v -338.332 2.11484 -2.25654 
v -338.332 2.11484 -1.9854 
v -338.354 2.16833 -1.9854 
v -338.354 2.16833 -2.25654 
v -338.332 2.22183 -1.9854 
v -338.332 2.22183 -2.25654 
v -338.279 2.09267 -2.25654 
v -338.354 2.16833 -2.25654 
v -338.203 2.16833 -2.25654 
v -338.332 2.11484 -2.25654 
v -338.225 2.11484 -2.25654 
v -338.279 2.24399 -2.25654 
v -338.225 2.22183 -2.25654 
v -338.332 2.22183 -2.25654 
v -338.332 2.11484 -2.25654 
v -338.332 2.11484 -1.9854 
v -338.279 2.09267 -2.25654 
v -338.279 2.09267 -1.9854 
v -338.225 2.11484 -2.25654 
v -338.225 2.11484 -1.9854 
v -338.225 2.11484 -2.25654 
v -338.225 2.11484 -1.9854 
v -338.203 2.16833 -2.25654 
v -338.203 2.16833 -1.9854 
v -338.225 2.22183 -1.9854 
v -338.225 2.22183 -2.25654 

vn 0 0 1 
vn 0 0 1 
vn 0 0 1 
vn 0 0 1 
vn 0 0 1 
vn 0 0 1 
vn 0 0 1 
vn 0 0 1 
vn -0.708661 0.708661 0 
vn -0.708661 0.708661 0 
vn 0 1 0 
vn 0 1 0 
vn 0.708661 0.708661 0 
vn 0.708661 0.708661 0 
vn -0.708661 -0.708661 0 
vn -0.708661 -0.708661 0 
vn -1 0 0 
vn -1 0 0 
vn -0.708661 0.708661 0 
vn -0.708661 0.708661 0 
vn 0 0 -1 
vn 0 0 -1 
vn 0 0 -1 
vn 0 0 -1 
vn 0 0 -1 
vn 0 0 -1 
vn 0 0 -1 
vn 0 0 -1 
vn -0.708661 -0.708661 0 
vn -0.708661 -0.708661 0 
vn 0 -1 0 
vn 0 -1 0 
vn 0.708661 -0.708661 0 
vn 0.708661 -0.708661 0 
vn 0.708661 -0.708661 0 
vn 0.708661 -0.708661 0 
vn 1 0 0 
vn 1 0 0 
vn 0.708661 0.708661 0 
vn 0.708661 0.708661 0 

vt 60.0095 -43 
vt 59.9905 -43 
vt 60 -43.0095 
vt 59.9933 -43.0067 
vt 60.0067 -43.0067 
vt 60 -42.9905 
vt 59.9933 -42.9933 
vt 60.0067 -42.9933 
vt 59.9831 -42.9933 
vt 60.0169 -42.9933 
vt 59.9831 -43 
vt 60.0169 -43 
vt 59.9831 -43.0067 
vt 60.0169 -43.0067 
vt 59.9831 -43.0067 
vt 60.0169 -43.0067 
vt 60.0169 -43 
vt 59.9831 -43 
vt 60.0169 -42.9933 
vt 59.9831 -42.9933 
vt 60 -43.0095 
vt 60.0095 -43 
vt 59.9905 -43 
vt 60.0067 -43.0067 
vt 59.9933 -43.0067 
vt 60 -42.9905 
vt 59.9933 -42.9933 
vt 60.0067 -42.9933 
vt 59.9831 -42.9933 
vt 60.0169 -42.9933 
vt 59.9831 -43 
vt 60.0169 -43 
vt 59.9831 -43.0067 
vt 60.0169 -43.0067 
vt 60.0169 -43.0067 
vt 59.9831 -43.0067 
vt 60.0169 -43 
vt 59.9831 -43 
vt 59.9831 -42.9933 
vt 60.0169 -42.9933 

usemtl Strap1Mtl

f 2193/2193/2193 2194/2194/2194 2195/2195/2195 
f 2195/2195/2195 2194/2194/2194 2196/2196/2196 
f 2193/2193/2193 2195/2195/2195 2197/2197/2197 
f 2193/2193/2193 2198/2198/2198 2194/2194/2194 
f 2194/2194/2194 2198/2198/2198 2199/2199/2199 
f 2198/2198/2198 2193/2193/2193 2200/2200/2200 
f 2203/2203/2203 2202/2202/2202 2201/2201/2201 
f 2203/2203/2203 2204/2204/2204 2202/2202/2202 
f 2205/2205/2205 2204/2204/2204 2203/2203/2203 
f 2205/2205/2205 2206/2206/2206 2204/2204/2204 
f 2207/2207/2207 2208/2208/2208 2209/2209/2209 
f 2207/2207/2207 2209/2209/2209 2210/2210/2210 
f 2210/2210/2210 2209/2209/2209 2211/2211/2211 
f 2210/2210/2210 2211/2211/2211 2212/2212/2212 
f 2213/2213/2213 2214/2214/2214 2215/2215/2215 
f 2214/2214/2214 2213/2213/2213 2216/2216/2216 
f 2213/2213/2213 2215/2215/2215 2217/2217/2217 
f 2214/2214/2214 2218/2218/2218 2215/2215/2215 
f 2215/2215/2215 2218/2218/2218 2219/2219/2219 
f 2218/2218/2218 2214/2214/2214 2220/2220/2220 
f 2223/2223/2223 2222/2222/2222 2221/2221/2221 
f 2223/2223/2223 2224/2224/2224 2222/2222/2222 
f 2225/2225/2225 2224/2224/2224 2223/2223/2223 
f 2225/2225/2225 2226/2226/2226 2224/2224/2224 
f 2229/2229/2229 2228/2228/2228 2227/2227/2227 
f 2229/2229/2229 2230/2230/2230 2228/2228/2228 
f 2232/2232/2232 2230/2230/2230 2229/2229/2229 
f 2232/2232/2232 2231/2231/2231 2230/2230/2230 

g Shell4

v -338.234 1.97192 -1.88526 
v -338.323 1.97192 -1.88526 
v -338.279 1.95346 -1.88526 
v -338.234 2.06104 -1.88526 
v -338.216 2.01648 -1.88526 
v -338.323 2.06104 -1.88526 
v -338.342 2.01648 -1.88526 
v -338.279 2.0795 -1.88526 
v -338.279 2.01648 -2.73156 
v -338.316 2.01648 -2.59658 
v -338.305 2.04253 -2.50657 
v -338.305 2.04284 -2.59658 
v -338.279 2.05376 -2.59658 
v -338.279 2.05332 -2.50657 
v -338.253 2.04253 -2.50657 
v -338.252 2.04284 -2.59658 
v -338.241 2.01648 -2.59658 
v -338.342 2.01648 -1.88526 
v -338.323 2.06104 -1.88526 
v -338.323 2.06104 -2.35658 
v -338.279 2.0795 -1.88526 
v -338.279 2.0795 -2.35658 
v -338.216 2.01648 -1.88526 
v -338.311 2.04864 -2.41122 
v -338.234 2.06104 -1.88526 
v -338.234 2.06104 -2.35658 
v -338.247 2.04864 -2.41122 
v -338.247 2.04864 -2.50657 
v -338.279 2.06196 -2.41122 
v -338.279 2.06196 -2.50657 
v -338.311 2.04864 -2.50657 
v -338.305 1.99012 -2.59658 
v -338.279 2.01648 -2.73156 
v -338.305 1.99043 -2.50657 
v -338.316 2.01648 -2.59658 
v -338.316 2.01648 -2.50657 
v -338.305 2.04253 -2.50657 
v -338.305 2.04284 -2.59658 
v -338.323 1.97192 -2.35658 
v -338.323 1.97192 -1.88526 
v -338.342 2.01648 -1.88526 
v -338.342 2.01648 -2.35658 
v -338.323 2.06104 -1.88526 
v -338.311 1.98432 -2.41122 
v -338.323 2.06104 -2.35658 
v -338.216 2.01648 -1.88526 
v -338.311 2.04864 -2.41122 
v -338.247 2.04864 -2.50657 
v -338.311 2.04864 -2.50657 
v -338.311 1.98432 -2.50657 
v -338.324 2.01648 -2.50657 
v -338.324 2.01648 -2.41122 
v -338.279 2.06196 -2.50657 
v -338.305 2.04253 -2.50657 
v -338.311 2.04864 -2.50657 
v -338.279 2.05332 -2.50657 
v -338.316 2.01648 -2.50657 
v -338.253 2.04253 -2.50657 
v -338.324 2.01648 -2.50657 
v -338.247 2.04864 -2.50657 
v -338.311 1.98432 -2.50657 
v -338.242 2.01648 -2.50657 
v -338.305 1.99043 -2.50657 
v -338.233 2.01648 -2.50657 
v -338.279 1.971 -2.50657 
v -338.247 1.98432 -2.50657 
v -338.279 1.97964 -2.50657 
v -338.253 1.99043 -2.50657 
v -338.279 1.9792 -2.59658 
v -338.305 1.99012 -2.59658 
v -338.279 2.01648 -2.73156 
v -338.305 1.99043 -2.50657 
v -338.279 1.97964 -2.50657 
v -338.253 1.99043 -2.50657 
v -338.316 2.01648 -2.59658 
v -338.252 1.99012 -2.59658 
v -338.241 2.01648 -2.59658 
v -338.323 1.97192 -2.35658 
v -338.323 1.97192 -1.88526 
v -338.342 2.01648 -1.88526 
v -338.279 1.95346 -2.35658 
v -338.279 1.95346 -1.88526 
v -338.311 1.98432 -2.41122 
v -338.234 1.97192 -2.35658 
v -338.234 1.97192 -1.88526 
v -338.216 2.01648 -1.88526 
v -338.247 1.98432 -2.41122 
v -338.247 1.98432 -2.50657 
v -338.279 1.971 -2.50657 
v -338.279 1.971 -2.41122 
v -338.311 1.98432 -2.50657 
v -338.279 2.01648 -2.73156 
v -338.253 1.99043 -2.50657 
v -338.252 1.99012 -2.59658 
v -338.253 2.04253 -2.50657 
v -338.252 2.04284 -2.59658 
v -338.241 2.01648 -2.59658 
v -338.242 2.01648 -2.50657 
v -338.279 1.95346 -1.88526 
v -338.234 1.97192 -2.35658 
v -338.234 1.97192 -1.88526 
v -338.279 2.0795 -1.88526 
v -338.216 2.01648 -2.35658 
v -338.216 2.01648 -1.88526 
v -338.234 2.06104 -1.88526 
v -338.234 2.06104 -2.35658 
v -338.247 2.04864 -2.41122 
v -338.247 1.98432 -2.41122 
v -338.233 2.01648 -2.41122 
v -338.233 2.01648 -2.50657 
v -338.247 1.98432 -2.50657 
v -338.247 2.04864 -2.50657 

vn 0 0 1 
vn 0 0 1 
vn 0 0 1 
vn 0 0 1 
vn 0 0 1 
vn 0 0 1 
vn 0 0 1 
vn 0 0 1 
vn 0 0 -1 
vn -0.992126 0 -0.110236 
vn -0.708661 0.708661 0.00787402 
vn -0.700787 0.700787 -0.110236 
vn 0 0.992126 -0.110236 
vn 0 1 0.00787402 
vn 0.708661 0.708661 0.00787402 
vn 0.700787 0.700787 -0.110236 
vn 0.992126 0 -0.110236 
vn -1 0 0 
vn -0.708661 0.708661 0 
vn -0.700787 0.700787 -0.125984 
vn 0 1 0 
vn 0 0.992126 -0.125984 
vn 1 0 0 
vn -0.700787 0.700787 -0.149606 
vn 0.708661 0.708661 0 
vn 0.700787 0.700787 -0.125984 
vn 0.700787 0.700787 -0.149606 
vn 0.708661 0.708661 0 
vn 0 0.992126 -0.149606 
vn 0 1 0 
vn -0.708661 0.708661 0 
vn -0.700787 -0.700787 -0.110236 
vn 0 0 -1 
vn -0.708661 -0.708661 0.00787402 
vn -0.992126 0 -0.110236 
vn -1 0 0.00787402 
vn -0.708661 0.708661 0.00787402 
vn -0.700787 0.700787 -0.110236 
vn -0.700787 -0.700787 -0.125984 
vn -0.708661 -0.708661 0 
vn -1 0 0 
vn -0.992126 0 -0.125984 
vn -0.708661 0.708661 0 
vn -0.700787 -0.700787 -0.149606 
vn -0.700787 0.700787 -0.125984 
vn 1 0 0 
vn -0.700787 0.700787 -0.149606 
vn 0.708661 0.708661 0 
vn -0.708661 0.708661 0 
vn -0.708661 -0.708661 0 
vn -1 0 0 
vn -0.992126 0 -0.149606 
vn 0 0 -1 
vn 0 0 -1 
vn 0 0 -1 
vn 0 0 -1 
vn 0 0 -1 
vn 0 0 -1 
vn 0 0 -1 
vn 0 0 -1 
vn 0 0 -1 
vn 0 0 -1 
vn 0 0 -1 
vn 0 0 -1 
vn 0 0 -1 
vn 0 0 -1 
vn 0 0 -1 
vn 0 0 -1 
vn 0 -0.992126 -0.110236 
vn -0.700787 -0.700787 -0.110236 
vn 0 0 -1 
vn -0.708661 -0.708661 0.00787402 
vn 0 -1 0.00787402 
vn 0.708661 -0.708661 0.00787402 
vn -0.992126 0 -0.110236 
vn 0.700787 -0.700787 -0.110236 
vn 0.992126 0 -0.110236 
vn -0.700787 -0.700787 -0.125984 
vn -0.708661 -0.708661 0 
vn -1 0 0 
vn 0 -0.992126 -0.125984 
vn 0 -1 0 
vn -0.700787 -0.700787 -0.149606 
vn 0.700787 -0.700787 -0.125984 
vn 0.708661 -0.708661 0 
vn 1 0 0 
vn 0.700787 -0.700787 -0.149606 
vn 0.708661 -0.708661 0 
vn 0 -1 0 
vn 0 -0.992126 -0.149606 
vn -0.708661 -0.708661 0 
vn 0 0 -1 
vn 0.708661 -0.708661 0.00787402 
vn 0.700787 -0.700787 -0.110236 
vn 0.708661 0.708661 0.00787402 
vn 0.700787 0.700787 -0.110236 
vn 0.992126 0 -0.110236 
vn 1 0 0.00787402 
vn 0 -1 0 
vn 0.700787 -0.700787 -0.125984 
vn 0.708661 -0.708661 0 
vn 0 1 0 
vn 0.992126 0 -0.125984 
vn 1 0 0 
vn 0.708661 0.708661 0 
vn 0.700787 0.700787 -0.125984 
vn 0.700787 0.700787 -0.149606 
vn 0.700787 -0.700787 -0.149606 
vn 0.992126 0 -0.149606 
vn 1 0 0 
vn 0.708661 -0.708661 0 
vn 0.708661 0.708661 0 

vt 0.551546 1.3545 
vt 0.540406 1.3545 
vt 0.545976 1.35219 
vt 0.551546 1.36564 
vt 0.553853 1.36007 
vt 0.540406 1.36564 
vt 0.538099 1.36007 
vt 0.545976 1.36794 
vt 0.598869 1.36007 
vt 0.581997 1.36473 
vt 0.570746 1.36332 
vt 0.581997 1.36336 
vt 0.581997 1.36007 
vt 0.570746 1.36007 
vt 0.570746 1.35681 
vt 0.581997 1.35677 
vt 0.581997 1.3554 
vt 0.493082 1.36794 
vt 0.493082 1.36564 
vt 0.551997 1.36564 
vt 0.493082 1.36007 
vt 0.551997 1.36007 
vt 0.493082 1.35219 
vt 0.558827 1.36408 
vt 0.493082 1.3545 
vt 0.551997 1.3545 
vt 0.558827 1.35605 
vt 0.570746 1.35605 
vt 0.558827 1.36007 
vt 0.570746 1.36007 
vt 0.570746 1.36408 
vt 0.509954 1.35677 
vt 0.493082 1.36007 
vt 0.521205 1.35681 
vt 0.509954 1.36007 
vt 0.521205 1.36007 
vt 0.521205 1.36332 
vt 0.509954 1.36336 
vt 0.539954 1.3545 
vt 0.598869 1.3545 
vt 0.598869 1.36007 
vt 0.539954 1.36007 
vt 0.598869 1.36564 
vt 0.533124 1.35605 
vt 0.539954 1.36564 
vt 0.598869 1.36007 
vt 0.533124 1.36408 
vt 0.521205 1.36408 
vt 0.521205 1.36408 
vt 0.521205 1.35605 
vt 0.521205 1.36007 
vt 0.533124 1.36007 
vt 0.545976 1.36575 
vt 0.549232 1.36332 
vt 0.549996 1.36408 
vt 0.545976 1.36467 
vt 0.550581 1.36007 
vt 0.542719 1.36332 
vt 0.551661 1.36007 
vt 0.541956 1.36408 
vt 0.549996 1.35605 
vt 0.54137 1.36007 
vt 0.549232 1.35681 
vt 0.540291 1.36007 
vt 0.545976 1.35438 
vt 0.541956 1.35605 
vt 0.545976 1.35546 
vt 0.542719 1.35681 
vt 0.509954 1.36007 
vt 0.509954 1.36336 
vt 0.493082 1.36007 
vt 0.521205 1.36332 
vt 0.521205 1.36007 
vt 0.521205 1.35681 
vt 0.509954 1.36473 
vt 0.509954 1.35677 
vt 0.509954 1.3554 
vt 0.539954 1.36564 
vt 0.598869 1.36564 
vt 0.598869 1.36794 
vt 0.539954 1.36007 
vt 0.598869 1.36007 
vt 0.533124 1.36408 
vt 0.539954 1.3545 
vt 0.598869 1.3545 
vt 0.598869 1.35219 
vt 0.533124 1.35605 
vt 0.521205 1.35605 
vt 0.521205 1.36007 
vt 0.533124 1.36007 
vt 0.521205 1.36408 
vt 0.598869 1.36007 
vt 0.570746 1.35681 
vt 0.581997 1.35677 
vt 0.570746 1.36332 
vt 0.581997 1.36336 
vt 0.581997 1.36007 
vt 0.570746 1.36007 
vt 0.493082 1.35219 
vt 0.551997 1.3545 
vt 0.493082 1.3545 
vt 0.493082 1.36794 
vt 0.551997 1.36007 
vt 0.493082 1.36007 
vt 0.493082 1.36564 
vt 0.551997 1.36564 
vt 0.558827 1.36408 
vt 0.558827 1.35605 
vt 0.558827 1.36007 
vt 0.570746 1.36007 
vt 0.570746 1.35605 
vt 0.570746 1.36408 

usemtl Shell1Mtl

f 2233/2233/2233 2234/2234/2234 2235/2235/2235 
f 2234/2234/2234 2233/2233/2233 2236/2236/2236 
f 2236/2236/2236 2233/2233/2233 2237/2237/2237 
f 2236/2236/2236 2238/2238/2238 2234/2234/2234 
f 2234/2234/2234 2238/2238/2238 2239/2239/2239 
f 2238/2238/2238 2236/2236/2236 2240/2240/2240 
f 2243/2243/2243 2245/2245/2245 2244/2244/2244 
f 2244/2244/2244 2245/2245/2245 2241/2241/2241 
f 2245/2245/2245 2243/2243/2243 2246/2246/2246 
f 2247/2247/2247 2245/2245/2245 2246/2246/2246 
f 2245/2245/2245 2248/2248/2248 2241/2241/2241 
f 2245/2245/2245 2247/2247/2247 2248/2248/2248 
f 2253/2253/2253 2252/2252/2252 2251/2251/2251 
f 2252/2252/2252 2253/2253/2253 2254/2254/2254 
f 2254/2254/2254 2256/2256/2256 2252/2252/2252 
f 2257/2257/2257 2254/2254/2254 2253/2253/2253 
f 2254/2254/2254 2257/2257/2257 2258/2258/2258 
f 2259/2259/2259 2254/2254/2254 2258/2258/2258 
f 2260/2260/2260 2261/2261/2261 2259/2259/2259 
f 2254/2254/2254 2259/2259/2259 2261/2261/2261 
f 2261/2261/2261 2260/2260/2260 2262/2262/2262 
f 2256/2256/2256 2254/2254/2254 2261/2261/2261 
f 2262/2262/2262 2256/2256/2256 2261/2261/2261 
f 2256/2256/2256 2262/2262/2262 2263/2263/2263 
f 2264/2264/2264 2266/2266/2266 2267/2267/2267 
f 2264/2264/2264 2267/2267/2267 2265/2265/2265 
f 2268/2268/2268 2267/2267/2267 2266/2266/2266 
f 2269/2269/2269 2267/2267/2267 2268/2268/2268 
f 2267/2267/2267 2269/2269/2269 2270/2270/2270 
f 2267/2267/2267 2270/2270/2270 2265/2265/2265 
f 2271/2271/2271 2272/2272/2272 2273/2273/2273 
f 2271/2271/2271 2273/2273/2273 2274/2274/2274 
f 2274/2274/2274 2273/2273/2273 2275/2275/2275 
f 2274/2274/2274 2276/2276/2276 2271/2271/2271 
f 2274/2274/2274 2275/2275/2275 2277/2277/2277 
f 2277/2277/2277 2279/2279/2279 2274/2274/2274 
f 2282/2282/2282 2276/2276/2276 2283/2283/2283 
f 2279/2279/2279 2281/2281/2281 2284/2284/2284 
f 2283/2283/2283 2284/2284/2284 2281/2281/2281 
f 2284/2284/2284 2283/2283/2283 2276/2276/2276 
f 2284/2284/2284 2274/2274/2274 2279/2279/2279 
f 2276/2276/2276 2274/2274/2274 2284/2284/2284 
f 2285/2285/2285 2286/2286/2286 2287/2287/2287 
f 2286/2286/2286 2285/2285/2285 2288/2288/2288 
f 2289/2289/2289 2287/2287/2287 2286/2286/2286 
f 2285/2285/2285 2290/2290/2290 2288/2288/2288 
f 2287/2287/2287 2289/2289/2289 2291/2291/2291 
f 2285/2285/2285 2292/2292/2292 2290/2290/2290 
f 2289/2289/2289 2293/2293/2293 2291/2291/2291 
f 2294/2294/2294 2290/2290/2290 2292/2292/2292 
f 2293/2293/2293 2289/2289/2289 2295/2295/2295 
f 2292/2292/2292 2296/2296/2296 2294/2294/2294 
f 2297/2297/2297 2293/2293/2293 2295/2295/2295 
f 2298/2298/2298 2294/2294/2294 2296/2296/2296 
f 2297/2297/2297 2295/2295/2295 2299/2299/2299 
f 2294/2294/2294 2298/2298/2298 2300/2300/2300 
f 2297/2297/2297 2300/2300/2300 2298/2298/2298 
f 2300/2300/2300 2297/2297/2297 2299/2299/2299 
f 2301/2301/2301 2302/2302/2302 2303/2303/2303 
f 2301/2301/2301 2304/2304/2304 2302/2302/2302 
f 2304/2304/2304 2301/2301/2301 2305/2305/2305 
f 2305/2305/2305 2301/2301/2301 2306/2306/2306 
f 2308/2308/2308 2306/2306/2306 2301/2301/2301 
f 2308/2308/2308 2301/2301/2301 2303/2303/2303 
f 2313/2313/2313 2311/2311/2311 2310/2310/2310 
f 2313/2313/2313 2314/2314/2314 2311/2311/2311 
f 2310/2310/2310 2315/2315/2315 2313/2313/2313 
f 2316/2316/2316 2314/2314/2314 2313/2313/2313 
f 2316/2316/2316 2317/2317/2317 2314/2314/2314 
f 2313/2313/2313 2319/2319/2319 2316/2316/2316 
f 2320/2320/2320 2319/2319/2319 2321/2321/2321 
f 2322/2322/2322 2321/2321/2321 2319/2319/2319 
f 2319/2319/2319 2313/2313/2313 2322/2322/2322 
f 2321/2321/2321 2322/2322/2322 2323/2323/2323 
f 2322/2322/2322 2313/2313/2313 2315/2315/2315 
f 2315/2315/2315 2323/2323/2323 2322/2322/2322 
f 2329/2329/2329 2326/2326/2326 2324/2324/2324 
f 2328/2328/2328 2329/2329/2329 2324/2324/2324 
f 2328/2328/2328 2327/2327/2327 2329/2329/2329 
f 2329/2329/2329 2325/2325/2325 2326/2326/2326 
f 2330/2330/2330 2329/2329/2329 2327/2327/2327 
f 2325/2325/2325 2329/2329/2329 2330/2330/2330 
f 2335/2335/2335 2333/2333/2333 2332/2332/2332 
f 2335/2335/2335 2336/2336/2336 2333/2333/2333 
f 2338/2338/2338 2337/2337/2337 2336/2336/2336 
f 2338/2338/2338 2336/2336/2336 2335/2335/2335 
f 2335/2335/2335 2339/2339/2339 2338/2338/2338 
f 2332/2332/2332 2340/2340/2340 2335/2335/2335 
f 2339/2339/2339 2335/2335/2335 2341/2341/2341 
f 2341/2341/2341 2335/2335/2335 2340/2340/2340 
f 2341/2341/2341 2342/2342/2342 2339/2339/2339 
f 2342/2342/2342 2341/2341/2341 2343/2343/2343 
f 2340/2340/2340 2343/2343/2343 2341/2341/2341 
f 2344/2344/2344 2339/2339/2339 2342/2342/2342 

g Strap4

v -338.203 2.01648 -1.9854 
v -338.354 2.01648 -1.9854 
v -338.279 1.94082 -1.9854 
v -338.332 1.96298 -1.9854 
v -338.225 1.96298 -1.9854 
v -338.279 2.09214 -1.9854 
v -338.332 2.06998 -1.9854 
v -338.225 2.06998 -1.9854 
v -338.332 2.06998 -1.9854 
v -338.332 2.06998 -2.25654 
v -338.279 2.09214 -1.9854 
v -338.279 2.09214 -2.25654 
v -338.225 2.06998 -1.9854 
v -338.225 2.06998 -2.25654 
v -338.332 1.96298 -2.25654 
v -338.332 1.96298 -1.9854 
v -338.354 2.01648 -1.9854 
v -338.354 2.01648 -2.25654 
v -338.332 2.06998 -1.9854 
v -338.332 2.06998 -2.25654 
v -338.279 1.94082 -2.25654 
v -338.354 2.01648 -2.25654 
v -338.203 2.01648 -2.25654 
v -338.332 1.96298 -2.25654 
v -338.225 1.96298 -2.25654 
v -338.279 2.09214 -2.25654 
v -338.225 2.06998 -2.25654 
v -338.332 2.06998 -2.25654 
v -338.332 1.96298 -2.25654 
v -338.332 1.96298 -1.9854 
v -338.279 1.94082 -2.25654 
v -338.279 1.94082 -1.9854 
v -338.225 1.96298 -2.25654 
v -338.225 1.96298 -1.9854 
v -338.225 1.96298 -2.25654 
v -338.225 1.96298 -1.9854 
v -338.203 2.01648 -2.25654 
v -338.203 2.01648 -1.9854 
v -338.225 2.06998 -1.9854 
v -338.225 2.06998 -2.25654 

vn 0 0 1 
vn 0 0 1 
vn 0 0 1 
vn 0 0 1 
vn 0 0 1 
vn 0 0 1 
vn 0 0 1 
vn 0 0 1 
vn -0.708661 0.708661 0 
vn -0.708661 0.708661 0 
vn 0 1 0 
vn 0 1 0 
vn 0.708661 0.708661 0 
vn 0.708661 0.708661 0 
vn -0.708661 -0.708661 0 
vn -0.708661 -0.708661 0 
vn -1 0 0 
vn -1 0 0 
vn -0.708661 0.708661 0 
vn -0.708661 0.708661 0 
vn 0 0 -1 
vn 0 0 -1 
vn 0 0 -1 
vn 0 0 -1 
vn 0 0 -1 
vn 0 0 -1 
vn 0 0 -1 
vn 0 0 -1 
vn -0.708661 -0.708661 0 
vn -0.708661 -0.708661 0 
vn 0 -1 0 
vn 0 -1 0 
vn 0.708661 -0.708661 0 
vn 0.708661 -0.708661 0 
vn 0.708661 -0.708661 0 
vn 0.708661 -0.708661 0 
vn 1 0 0 
vn 1 0 0 
vn 0.708661 0.708661 0 
vn 0.708661 0.708661 0 

vt 24.0095 -15 
vt 23.9905 -15 
vt 24 -15.0095 
vt 23.9933 -15.0067 
vt 24.0067 -15.0067 
vt 24 -14.9905 
vt 23.9933 -14.9933 
vt 24.0067 -14.9933 
vt 23.9831 -14.9933 
vt 24.0169 -14.9933 
vt 23.9831 -15 
vt 24.0169 -15 
vt 23.9831 -15.0067 
vt 24.0169 -15.0067 
vt 23.9831 -15.0067 
vt 24.0169 -15.0067 
vt 24.0169 -15 
vt 23.9831 -15 
vt 24.0169 -14.9933 
vt 23.9831 -14.9933 
vt 24 -15.0095 
vt 24.0095 -15 
vt 23.9905 -15 
vt 24.0067 -15.0067 
vt 23.9933 -15.0067 
vt 24 -14.9905 
vt 23.9933 -14.9933 
vt 24.0067 -14.9933 
vt 23.9831 -14.9933 
vt 24.0169 -14.9933 
vt 23.9831 -15 
vt 24.0169 -15 
vt 23.9831 -15.0067 
vt 24.0169 -15.0067 
vt 24.0169 -15.0067 
vt 23.9831 -15.0067 
vt 24.0169 -15 
vt 23.9831 -15 
vt 23.9831 -14.9933 
vt 24.0169 -14.9933 

usemtl Strap1Mtl

f 2345/2345/2345 2346/2346/2346 2347/2347/2347 
f 2347/2347/2347 2346/2346/2346 2348/2348/2348 
f 2345/2345/2345 2347/2347/2347 2349/2349/2349 
f 2345/2345/2345 2350/2350/2350 2346/2346/2346 
f 2346/2346/2346 2350/2350/2350 2351/2351/2351 
f 2350/2350/2350 2345/2345/2345 2352/2352/2352 
f 2355/2355/2355 2354/2354/2354 2353/2353/2353 
f 2355/2355/2355 2356/2356/2356 2354/2354/2354 
f 2357/2357/2357 2356/2356/2356 2355/2355/2355 
f 2357/2357/2357 2358/2358/2358 2356/2356/2356 
f 2359/2359/2359 2360/2360/2360 2361/2361/2361 
f 2359/2359/2359 2361/2361/2361 2362/2362/2362 
f 2362/2362/2362 2361/2361/2361 2363/2363/2363 
f 2362/2362/2362 2363/2363/2363 2364/2364/2364 
f 2365/2365/2365 2366/2366/2366 2367/2367/2367 
f 2366/2366/2366 2365/2365/2365 2368/2368/2368 
f 2365/2365/2365 2367/2367/2367 2369/2369/2369 
f 2366/2366/2366 2370/2370/2370 2367/2367/2367 
f 2367/2367/2367 2370/2370/2370 2371/2371/2371 
f 2370/2370/2370 2366/2366/2366 2372/2372/2372 
f 2375/2375/2375 2374/2374/2374 2373/2373/2373 
f 2375/2375/2375 2376/2376/2376 2374/2374/2374 
f 2377/2377/2377 2376/2376/2376 2375/2375/2375 
f 2377/2377/2377 2378/2378/2378 2376/2376/2376 
f 2381/2381/2381 2380/2380/2380 2379/2379/2379 
f 2381/2381/2381 2382/2382/2382 2380/2380/2380 
f 2384/2384/2384 2382/2382/2382 2381/2381/2381 
f 2384/2384/2384 2383/2383/2383 2382/2382/2382 

g Shell5

v -338.234 1.82092 -1.88526 
v -338.323 1.82092 -1.88526 
v -338.279 1.80246 -1.88526 
v -338.234 1.91004 -1.88526 
v -338.216 1.86548 -1.88526 
v -338.323 1.91004 -1.88526 
v -338.342 1.86548 -1.88526 
v -338.279 1.9285 -1.88526 
v -338.279 1.86548 -2.73156 
v -338.316 1.86548 -2.59658 
v -338.305 1.89153 -2.50657 
v -338.305 1.89184 -2.59658 
v -338.279 1.90276 -2.59658 
v -338.279 1.90232 -2.50657 
v -338.253 1.89153 -2.50657 
v -338.252 1.89184 -2.59658 
v -338.241 1.86548 -2.59658 
v -338.342 1.86548 -1.88526 
v -338.323 1.91004 -1.88526 
v -338.323 1.91004 -2.35658 
v -338.279 1.9285 -1.88526 
v -338.279 1.9285 -2.35658 
v -338.216 1.86548 -1.88526 
v -338.311 1.89764 -2.41122 
v -338.234 1.91004 -1.88526 
v -338.234 1.91004 -2.35658 
v -338.247 1.89764 -2.41122 
v -338.247 1.89764 -2.50657 
v -338.279 1.91096 -2.41122 
v -338.279 1.91096 -2.50657 
v -338.311 1.89764 -2.50657 
v -338.305 1.83912 -2.59658 
v -338.279 1.86548 -2.73156 
v -338.305 1.83943 -2.50657 
v -338.316 1.86548 -2.59658 
v -338.316 1.86548 -2.50657 
v -338.305 1.89153 -2.50657 
v -338.305 1.89184 -2.59658 
v -338.323 1.82092 -2.35658 
v -338.323 1.82092 -1.88526 
v -338.342 1.86548 -1.88526 
v -338.342 1.86548 -2.35658 
v -338.323 1.91004 -1.88526 
v -338.311 1.83332 -2.41122 
v -338.323 1.91004 -2.35658 
v -338.216 1.86548 -1.88526 
v -338.311 1.89764 -2.41122 
v -338.247 1.89764 -2.50657 
v -338.311 1.89764 -2.50657 
v -338.311 1.83332 -2.50657 
v -338.324 1.86548 -2.50657 
v -338.324 1.86548 -2.41122 
v -338.279 1.91096 -2.50657 
v -338.305 1.89153 -2.50657 
v -338.311 1.89764 -2.50657 
v -338.279 1.90232 -2.50657 
v -338.316 1.86548 -2.50657 
v -338.253 1.89153 -2.50657 
v -338.324 1.86548 -2.50657 
v -338.247 1.89764 -2.50657 
v -338.311 1.83332 -2.50657 
v -338.242 1.86548 -2.50657 
v -338.305 1.83943 -2.50657 
v -338.233 1.86548 -2.50657 
v -338.279 1.82 -2.50657 
v -338.247 1.83332 -2.50657 
v -338.279 1.82864 -2.50657 
v -338.253 1.83943 -2.50657 
v -338.279 1.8282 -2.59658 
v -338.305 1.83912 -2.59658 
v -338.279 1.86548 -2.73156 
v -338.305 1.83943 -2.50657 
v -338.279 1.82864 -2.50657 
v -338.253 1.83943 -2.50657 
v -338.316 1.86548 -2.59658 
v -338.252 1.83912 -2.59658 
v -338.241 1.86548 -2.59658 
v -338.323 1.82092 -2.35658 
v -338.323 1.82092 -1.88526 
v -338.342 1.86548 -1.88526 
v -338.279 1.80246 -2.35658 
v -338.279 1.80246 -1.88526 
v -338.311 1.83332 -2.41122 
v -338.234 1.82092 -2.35658 
v -338.234 1.82092 -1.88526 
v -338.216 1.86548 -1.88526 
v -338.247 1.83332 -2.41122 
v -338.247 1.83332 -2.50657 
v -338.279 1.82 -2.50657 
v -338.279 1.82 -2.41122 
v -338.311 1.83332 -2.50657 
v -338.279 1.86548 -2.73156 
v -338.253 1.83943 -2.50657 
v -338.252 1.83912 -2.59658 
v -338.253 1.89153 -2.50657 
v -338.252 1.89184 -2.59658 
v -338.241 1.86548 -2.59658 
v -338.242 1.86548 -2.50657 
v -338.279 1.80246 -1.88526 
v -338.234 1.82092 -2.35658 
v -338.234 1.82092 -1.88526 
v -338.279 1.9285 -1.88526 
v -338.216 1.86548 -2.35658 
v -338.216 1.86548 -1.88526 
v -338.234 1.91004 -1.88526 
v -338.234 1.91004 -2.35658 
v -338.247 1.89764 -2.41122 
v -338.247 1.83332 -2.41122 
v -338.233 1.86548 -2.41122 
v -338.233 1.86548 -2.50657 
v -338.247 1.83332 -2.50657 
v -338.247 1.89764 -2.50657 

vn 0 0 1 
vn 0 0 1 
vn 0 0 1 
vn 0 0 1 
vn 0 0 1 
vn 0 0 1 
vn 0 0 1 
vn 0 0 1 
vn 0 0 -1 
vn -0.992126 0 -0.110236 
vn -0.708661 0.708661 0.00787402 
vn -0.700787 0.700787 -0.110236 
vn 0 0.992126 -0.110236 
vn 0 1 0.00787402 
vn 0.708661 0.708661 0.00787402 
vn 0.700787 0.700787 -0.110236 
vn 0.992126 0 -0.110236 
vn -1 0 0 
vn -0.708661 0.708661 0 
vn -0.700787 0.700787 -0.125984 
vn 0 1 0 
vn 0 0.992126 -0.125984 
vn 1 0 0 
vn -0.700787 0.700787 -0.149606 
vn 0.708661 0.708661 0 
vn 0.700787 0.700787 -0.125984 
vn 0.700787 0.700787 -0.149606 
vn 0.708661 0.708661 0 
vn 0 0.992126 -0.149606 
vn 0 1 0 
vn -0.708661 0.708661 0 
vn -0.700787 -0.700787 -0.110236 
vn 0 0 -1 
vn -0.708661 -0.708661 0.00787402 
vn -0.992126 0 -0.110236 
vn -1 0 0.00787402 
vn -0.708661 0.708661 0.00787402 
vn -0.700787 0.700787 -0.110236 
vn -0.700787 -0.700787 -0.125984 
vn -0.708661 -0.708661 0 
vn -1 0 0 
vn -0.992126 0 -0.125984 
vn -0.708661 0.708661 0 
vn -0.700787 -0.700787 -0.149606 
vn -0.700787 0.700787 -0.125984 
vn 1 0 0 
vn -0.700787 0.700787 -0.149606 
vn 0.708661 0.708661 0 
vn -0.708661 0.708661 0 
vn -0.708661 -0.708661 0 
vn -1 0 0 
vn -0.992126 0 -0.149606 
vn 0 0 -1 
vn 0 0 -1 
vn 0 0 -1 
vn 0 0 -1 
vn 0 0 -1 
vn 0 0 -1 
vn 0 0 -1 
vn 0 0 -1 
vn 0 0 -1 
vn 0 0 -1 
vn 0 0 -1 
vn 0 0 -1 
vn 0 0 -1 
vn 0 0 -1 
vn 0 0 -1 
vn 0 0 -1 
vn 0 -0.992126 -0.110236 
vn -0.700787 -0.700787 -0.110236 
vn 0 0 -1 
vn -0.708661 -0.708661 0.00787402 
vn 0 -1 0.00787402 
vn 0.708661 -0.708661 0.00787402 
vn -0.992126 0 -0.110236 
vn 0.700787 -0.700787 -0.110236 
vn 0.992126 0 -0.110236 
vn -0.700787 -0.700787 -0.125984 
vn -0.708661 -0.708661 0 
vn -1 0 0 
vn 0 -0.992126 -0.125984 
vn 0 -1 0 
vn -0.700787 -0.700787 -0.149606 
vn 0.700787 -0.700787 -0.125984 
vn 0.708661 -0.708661 0 
vn 1 0 0 
vn 0.700787 -0.700787 -0.149606 
vn 0.708661 -0.708661 0 
vn 0 -1 0 
vn 0 -0.992126 -0.149606 
vn -0.708661 -0.708661 0 
vn 0 0 -1 
vn 0.708661 -0.708661 0.00787402 
vn 0.700787 -0.700787 -0.110236 
vn 0.708661 0.708661 0.00787402 
vn 0.700787 0.700787 -0.110236 
vn 0.992126 0 -0.110236 
vn 1 0 0.00787402 
vn 0 -1 0 
vn 0.700787 -0.700787 -0.125984 
vn 0.708661 -0.708661 0 
vn 0 1 0 
vn 0.992126 0 -0.125984 
vn 1 0 0 
vn 0.708661 0.708661 0 
vn 0.700787 0.700787 -0.125984 
vn 0.700787 0.700787 -0.149606 
vn 0.700787 -0.700787 -0.149606 
vn 0.992126 0 -0.149606 
vn 1 0 0 
vn 0.708661 -0.708661 0 
vn 0.708661 0.708661 0 

vt 0.332412 0.852384 
vt 0.321272 0.852384 
vt 0.326842 0.850077 
vt 0.332412 0.863524 
vt 0.334719 0.857954 
vt 0.321272 0.863524 
vt 0.318965 0.857954 
vt 0.326842 0.865831 
vt 0.379735 0.857954 
vt 0.362863 0.862614 
vt 0.351612 0.86121 
vt 0.362863 0.861249 
vt 0.362863 0.857954 
vt 0.351612 0.857954 
vt 0.351612 0.854697 
vt 0.362863 0.854659 
vt 0.362863 0.853294 
vt 0.273949 0.865831 
vt 0.273949 0.863524 
vt 0.332864 0.863524 
vt 0.273949 0.857954 
vt 0.332864 0.857954 
vt 0.273949 0.850077 
vt 0.339694 0.861974 
vt 0.273949 0.852384 
vt 0.332864 0.852384 
vt 0.339694 0.853934 
vt 0.351612 0.853934 
vt 0.339694 0.857954 
vt 0.351612 0.857954 
vt 0.351612 0.861974 
vt 0.290821 0.854659 
vt 0.273949 0.857954 
vt 0.302072 0.854697 
vt 0.290821 0.857954 
vt 0.302072 0.857954 
vt 0.302072 0.86121 
vt 0.290821 0.861249 
vt 0.32082 0.852384 
vt 0.379735 0.852384 
vt 0.379735 0.857954 
vt 0.32082 0.857954 
vt 0.379735 0.863524 
vt 0.31399 0.853934 
vt 0.32082 0.863524 
vt 0.379735 0.857954 
vt 0.31399 0.861974 
vt 0.302072 0.861974 
vt 0.302072 0.861974 
vt 0.302072 0.853934 
vt 0.302072 0.857954 
vt 0.31399 0.857954 
vt 0.326842 0.863639 
vt 0.330098 0.86121 
vt 0.330862 0.861974 
vt 0.326842 0.862559 
vt 0.331447 0.857954 
vt 0.323585 0.86121 
vt 0.332527 0.857954 
vt 0.322822 0.861974 
vt 0.330862 0.853934 
vt 0.322236 0.857954 
vt 0.330098 0.854697 
vt 0.321157 0.857954 
vt 0.326842 0.852269 
vt 0.322822 0.853934 
vt 0.326842 0.853349 
vt 0.323585 0.854697 
vt 0.290821 0.857954 
vt 0.290821 0.861249 
vt 0.273949 0.857954 
vt 0.302072 0.86121 
vt 0.302072 0.857954 
vt 0.302072 0.854697 
vt 0.290821 0.862614 
vt 0.290821 0.854659 
vt 0.290821 0.853294 
vt 0.32082 0.863524 
vt 0.379735 0.863524 
vt 0.379735 0.865831 
vt 0.32082 0.857954 
vt 0.379735 0.857954 
vt 0.31399 0.861974 
vt 0.32082 0.852384 
vt 0.379735 0.852384 
vt 0.379735 0.850077 
vt 0.31399 0.853934 
vt 0.302072 0.853934 
vt 0.302072 0.857954 
vt 0.31399 0.857954 
vt 0.302072 0.861974 
vt 0.379735 0.857954 
vt 0.351612 0.854697 
vt 0.362863 0.854659 
vt 0.351612 0.86121 
vt 0.362863 0.861249 
vt 0.362863 0.857954 
vt 0.351612 0.857954 
vt 0.273949 0.850077 
vt 0.332864 0.852384 
vt 0.273949 0.852384 
vt 0.273949 0.865831 
vt 0.332864 0.857954 
vt 0.273949 0.857954 
vt 0.273949 0.863524 
vt 0.332864 0.863524 
vt 0.339694 0.861974 
vt 0.339694 0.853934 
vt 0.339694 0.857954 
vt 0.351612 0.857954 
vt 0.351612 0.853934 
vt 0.351612 0.861974 

usemtl Shell1Mtl

f 2385/2385/2385 2386/2386/2386 2387/2387/2387 
f 2386/2386/2386 2385/2385/2385 2388/2388/2388 
f 2388/2388/2388 2385/2385/2385 2389/2389/2389 
f 2388/2388/2388 2390/2390/2390 2386/2386/2386 
f 2386/2386/2386 2390/2390/2390 2391/2391/2391 
f 2390/2390/2390 2388/2388/2388 2392/2392/2392 
f 2395/2395/2395 2397/2397/2397 2396/2396/2396 
f 2396/2396/2396 2397/2397/2397 2393/2393/2393 
f 2397/2397/2397 2395/2395/2395 2398/2398/2398 
f 2399/2399/2399 2397/2397/2397 2398/2398/2398 
f 2397/2397/2397 2400/2400/2400 2393/2393/2393 
f 2397/2397/2397 2399/2399/2399 2400/2400/2400 
f 2405/2405/2405 2404/2404/2404 2403/2403/2403 
f 2404/2404/2404 2405/2405/2405 2406/2406/2406 
f 2406/2406/2406 2408/2408/2408 2404/2404/2404 
f 2409/2409/2409 2406/2406/2406 2405/2405/2405 
f 2406/2406/2406 2409/2409/2409 2410/2410/2410 
f 2411/2411/2411 2406/2406/2406 2410/2410/2410 
f 2412/2412/2412 2413/2413/2413 2411/2411/2411 
f 2406/2406/2406 2411/2411/2411 2413/2413/2413 
f 2413/2413/2413 2412/2412/2412 2414/2414/2414 
f 2408/2408/2408 2406/2406/2406 2413/2413/2413 
f 2414/2414/2414 2408/2408/2408 2413/2413/2413 
f 2408/2408/2408 2414/2414/2414 2415/2415/2415 
f 2416/2416/2416 2418/2418/2418 2419/2419/2419 
f 2416/2416/2416 2419/2419/2419 2417/2417/2417 
f 2420/2420/2420 2419/2419/2419 2418/2418/2418 
f 2421/2421/2421 2419/2419/2419 2420/2420/2420 
f 2419/2419/2419 2421/2421/2421 2422/2422/2422 
f 2419/2419/2419 2422/2422/2422 2417/2417/2417 
f 2423/2423/2423 2424/2424/2424 2425/2425/2425 
f 2423/2423/2423 2425/2425/2425 2426/2426/2426 
f 2426/2426/2426 2425/2425/2425 2427/2427/2427 
f 2426/2426/2426 2428/2428/2428 2423/2423/2423 
f 2426/2426/2426 2427/2427/2427 2429/2429/2429 
f 2429/2429/2429 2431/2431/2431 2426/2426/2426 
f 2434/2434/2434 2428/2428/2428 2435/2435/2435 
f 2431/2431/2431 2433/2433/2433 2436/2436/2436 
f 2435/2435/2435 2436/2436/2436 2433/2433/2433 
f 2436/2436/2436 2435/2435/2435 2428/2428/2428 
f 2436/2436/2436 2426/2426/2426 2431/2431/2431 
f 2428/2428/2428 2426/2426/2426 2436/2436/2436 
f 2437/2437/2437 2438/2438/2438 2439/2439/2439 
f 2438/2438/2438 2437/2437/2437 2440/2440/2440 
f 2441/2441/2441 2439/2439/2439 2438/2438/2438 
f 2437/2437/2437 2442/2442/2442 2440/2440/2440 
f 2439/2439/2439 2441/2441/2441 2443/2443/2443 
f 2437/2437/2437 2444/2444/2444 2442/2442/2442 
f 2441/2441/2441 2445/2445/2445 2443/2443/2443 
f 2446/2446/2446 2442/2442/2442 2444/2444/2444 
f 2445/2445/2445 2441/2441/2441 2447/2447/2447 
f 2444/2444/2444 2448/2448/2448 2446/2446/2446 
f 2449/2449/2449 2445/2445/2445 2447/2447/2447 
f 2450/2450/2450 2446/2446/2446 2448/2448/2448 
f 2449/2449/2449 2447/2447/2447 2451/2451/2451 
f 2446/2446/2446 2450/2450/2450 2452/2452/2452 
f 2449/2449/2449 2452/2452/2452 2450/2450/2450 
f 2452/2452/2452 2449/2449/2449 2451/2451/2451 
f 2453/2453/2453 2454/2454/2454 2455/2455/2455 
f 2453/2453/2453 2456/2456/2456 2454/2454/2454 
f 2456/2456/2456 2453/2453/2453 2457/2457/2457 
f 2457/2457/2457 2453/2453/2453 2458/2458/2458 
f 2460/2460/2460 2458/2458/2458 2453/2453/2453 
f 2460/2460/2460 2453/2453/2453 2455/2455/2455 
f 2465/2465/2465 2463/2463/2463 2462/2462/2462 
f 2465/2465/2465 2466/2466/2466 2463/2463/2463 
f 2462/2462/2462 2467/2467/2467 2465/2465/2465 
f 2468/2468/2468 2466/2466/2466 2465/2465/2465 
f 2468/2468/2468 2469/2469/2469 2466/2466/2466 
f 2465/2465/2465 2471/2471/2471 2468/2468/2468 
f 2472/2472/2472 2471/2471/2471 2473/2473/2473 
f 2474/2474/2474 2473/2473/2473 2471/2471/2471 
f 2471/2471/2471 2465/2465/2465 2474/2474/2474 
f 2473/2473/2473 2474/2474/2474 2475/2475/2475 
f 2474/2474/2474 2465/2465/2465 2467/2467/2467 
f 2467/2467/2467 2475/2475/2475 2474/2474/2474 
f 2481/2481/2481 2478/2478/2478 2476/2476/2476 
f 2480/2480/2480 2481/2481/2481 2476/2476/2476 
f 2480/2480/2480 2479/2479/2479 2481/2481/2481 
f 2481/2481/2481 2477/2477/2477 2478/2478/2478 
f 2482/2482/2482 2481/2481/2481 2479/2479/2479 
f 2477/2477/2477 2481/2481/2481 2482/2482/2482 
f 2487/2487/2487 2485/2485/2485 2484/2484/2484 
f 2487/2487/2487 2488/2488/2488 2485/2485/2485 
f 2490/2490/2490 2489/2489/2489 2488/2488/2488 
f 2490/2490/2490 2488/2488/2488 2487/2487/2487 
f 2487/2487/2487 2491/2491/2491 2490/2490/2490 
f 2484/2484/2484 2492/2492/2492 2487/2487/2487 
f 2491/2491/2491 2487/2487/2487 2493/2493/2493 
f 2493/2493/2493 2487/2487/2487 2492/2492/2492 
f 2493/2493/2493 2494/2494/2494 2491/2491/2491 
f 2494/2494/2494 2493/2493/2493 2495/2495/2495 
f 2492/2492/2492 2495/2495/2495 2493/2493/2493 
f 2496/2496/2496 2491/2491/2491 2494/2494/2494 

g Strap5

v -338.203 1.86548 -1.9854 
v -338.354 1.86548 -1.9854 
v -338.279 1.78982 -1.9854 
v -338.332 1.81198 -1.9854 
v -338.225 1.81198 -1.9854 
v -338.279 1.94114 -1.9854 
v -338.332 1.91898 -1.9854 
v -338.225 1.91898 -1.9854 
v -338.332 1.91898 -1.9854 
v -338.332 1.91898 -2.25654 
v -338.279 1.94114 -1.9854 
v -338.279 1.94114 -2.25654 
v -338.225 1.91898 -1.9854 
v -338.225 1.91898 -2.25654 
v -338.332 1.81198 -2.25654 
v -338.332 1.81198 -1.9854 
v -338.354 1.86548 -1.9854 
v -338.354 1.86548 -2.25654 
v -338.332 1.91898 -1.9854 
v -338.332 1.91898 -2.25654 
v -338.279 1.78982 -2.25654 
v -338.354 1.86548 -2.25654 
v -338.203 1.86548 -2.25654 
v -338.332 1.81198 -2.25654 
v -338.225 1.81198 -2.25654 
v -338.279 1.94114 -2.25654 
v -338.225 1.91898 -2.25654 
v -338.332 1.91898 -2.25654 
v -338.332 1.81198 -2.25654 
v -338.332 1.81198 -1.9854 
v -338.279 1.78982 -2.25654 
v -338.279 1.78982 -1.9854 
v -338.225 1.81198 -2.25654 
v -338.225 1.81198 -1.9854 
v -338.225 1.81198 -2.25654 
v -338.225 1.81198 -1.9854 
v -338.203 1.86548 -2.25654 
v -338.203 1.86548 -1.9854 
v -338.225 1.91898 -1.9854 
v -338.225 1.91898 -2.25654 

vn 0 0 1 
vn 0 0 1 
vn 0 0 1 
vn 0 0 1 
vn 0 0 1 
vn 0 0 1 
vn 0 0 1 
vn 0 0 1 
vn -0.708661 0.708661 0 
vn -0.708661 0.708661 0 
vn 0 1 0 
vn 0 1 0 
vn 0.708661 0.708661 0 
vn 0.708661 0.708661 0 
vn -0.708661 -0.708661 0 
vn -0.708661 -0.708661 0 
vn -1 0 0 
vn -1 0 0 
vn -0.708661 0.708661 0 
vn -0.708661 0.708661 0 
vn 0 0 -1 
vn 0 0 -1 
vn 0 0 -1 
vn 0 0 -1 
vn 0 0 -1 
vn 0 0 -1 
vn 0 0 -1 
vn 0 0 -1 
vn -0.708661 -0.708661 0 
vn -0.708661 -0.708661 0 
vn 0 -1 0 
vn 0 -1 0 
vn 0.708661 -0.708661 0 
vn 0.708661 -0.708661 0 
vn 0.708661 -0.708661 0 
vn 0.708661 -0.708661 0 
vn 1 0 0 
vn 1 0 0 
vn 0.708661 0.708661 0 
vn 0.708661 0.708661 0 

vt 52.0095 -43 
vt 51.9905 -43 
vt 52 -43.0095 
vt 51.9933 -43.0067 
vt 52.0067 -43.0067 
vt 52 -42.9905 
vt 51.9933 -42.9933 
vt 52.0067 -42.9933 
vt 51.9831 -42.9933 
vt 52.0169 -42.9933 
vt 51.9831 -43 
vt 52.0169 -43 
vt 51.9831 -43.0067 
vt 52.0169 -43.0067 
vt 51.9831 -43.0067 
vt 52.0169 -43.0067 
vt 52.0169 -43 
vt 51.9831 -43 
vt 52.0169 -42.9933 
vt 51.9831 -42.9933 
vt 52 -43.0095 
vt 52.0095 -43 
vt 51.9905 -43 
vt 52.0067 -43.0067 
vt 51.9933 -43.0067 
vt 52 -42.9905 
vt 51.9933 -42.9933 
vt 52.0067 -42.9933 
vt 51.9831 -42.9933 
vt 52.0169 -42.9933 
vt 51.9831 -43 
vt 52.0169 -43 
vt 51.9831 -43.0067 
vt 52.0169 -43.0067 
vt 52.0169 -43.0067 
vt 51.9831 -43.0067 
vt 52.0169 -43 
vt 51.9831 -43 
vt 51.9831 -42.9933 
vt 52.0169 -42.9933 

usemtl Strap1Mtl

f 2497/2497/2497 2498/2498/2498 2499/2499/2499 
f 2499/2499/2499 2498/2498/2498 2500/2500/2500 
f 2497/2497/2497 2499/2499/2499 2501/2501/2501 
f 2497/2497/2497 2502/2502/2502 2498/2498/2498 
f 2498/2498/2498 2502/2502/2502 2503/2503/2503 
f 2502/2502/2502 2497/2497/2497 2504/2504/2504 
f 2507/2507/2507 2506/2506/2506 2505/2505/2505 
f 2507/2507/2507 2508/2508/2508 2506/2506/2506 
f 2509/2509/2509 2508/2508/2508 2507/2507/2507 
f 2509/2509/2509 2510/2510/2510 2508/2508/2508 
f 2511/2511/2511 2512/2512/2512 2513/2513/2513 
f 2511/2511/2511 2513/2513/2513 2514/2514/2514 
f 2514/2514/2514 2513/2513/2513 2515/2515/2515 
f 2514/2514/2514 2515/2515/2515 2516/2516/2516 
f 2517/2517/2517 2518/2518/2518 2519/2519/2519 
f 2518/2518/2518 2517/2517/2517 2520/2520/2520 
f 2517/2517/2517 2519/2519/2519 2521/2521/2521 
f 2518/2518/2518 2522/2522/2522 2519/2519/2519 
f 2519/2519/2519 2522/2522/2522 2523/2523/2523 
f 2522/2522/2522 2518/2518/2518 2524/2524/2524 
f 2527/2527/2527 2526/2526/2526 2525/2525/2525 
f 2527/2527/2527 2528/2528/2528 2526/2526/2526 
f 2529/2529/2529 2528/2528/2528 2527/2527/2527 
f 2529/2529/2529 2530/2530/2530 2528/2528/2528 
f 2533/2533/2533 2532/2532/2532 2531/2531/2531 
f 2533/2533/2533 2534/2534/2534 2532/2532/2532 
f 2536/2536/2536 2534/2534/2534 2533/2533/2533 
f 2536/2536/2536 2535/2535/2535 2534/2534/2534 

g Shell6

v -338.234 1.66943 -1.88526 
v -338.323 1.66943 -1.88526 
v -338.279 1.65097 -1.88526 
v -338.234 1.75855 -1.88526 
v -338.216 1.71399 -1.88526 
v -338.323 1.75855 -1.88526 
v -338.342 1.71399 -1.88526 
v -338.279 1.77701 -1.88526 
v -338.279 1.71399 -2.73156 
v -338.316 1.71399 -2.59658 
v -338.305 1.74004 -2.50657 
v -338.305 1.74035 -2.59658 
v -338.279 1.75127 -2.59658 
v -338.279 1.75083 -2.50657 
v -338.253 1.74004 -2.50657 
v -338.252 1.74035 -2.59658 
v -338.241 1.71399 -2.59658 
v -338.342 1.71399 -1.88526 
v -338.323 1.75855 -1.88526 
v -338.323 1.75855 -2.35658 
v -338.279 1.77701 -1.88526 
v -338.279 1.77701 -2.35658 
v -338.216 1.71399 -1.88526 
v -338.311 1.74615 -2.41122 
v -338.234 1.75855 -1.88526 
v -338.234 1.75855 -2.35658 
v -338.247 1.74615 -2.41122 
v -338.247 1.74615 -2.50657 
v -338.279 1.75947 -2.41122 
v -338.279 1.75947 -2.50657 
v -338.311 1.74615 -2.50657 
v -338.305 1.68763 -2.59658 
v -338.279 1.71399 -2.73156 
v -338.305 1.68794 -2.50657 
v -338.316 1.71399 -2.59658 
v -338.316 1.71399 -2.50657 
v -338.305 1.74004 -2.50657 
v -338.305 1.74035 -2.59658 
v -338.323 1.66943 -2.35658 
v -338.323 1.66943 -1.88526 
v -338.342 1.71399 -1.88526 
v -338.342 1.71399 -2.35658 
v -338.323 1.75855 -1.88526 
v -338.311 1.68183 -2.41122 
v -338.323 1.75855 -2.35658 
v -338.216 1.71399 -1.88526 
v -338.311 1.74615 -2.41122 
v -338.247 1.74615 -2.50657 
v -338.311 1.74615 -2.50657 
v -338.311 1.68183 -2.50657 
v -338.324 1.71399 -2.50657 
v -338.324 1.71399 -2.41122 
v -338.279 1.75947 -2.50657 
v -338.305 1.74004 -2.50657 
v -338.311 1.74615 -2.50657 
v -338.279 1.75083 -2.50657 
v -338.316 1.71399 -2.50657 
v -338.253 1.74004 -2.50657 
v -338.324 1.71399 -2.50657 
v -338.247 1.74615 -2.50657 
v -338.311 1.68183 -2.50657 
v -338.242 1.71399 -2.50657 
v -338.305 1.68794 -2.50657 
v -338.233 1.71399 -2.50657 
v -338.279 1.66851 -2.50657 
v -338.247 1.68183 -2.50657 
v -338.279 1.67715 -2.50657 
v -338.253 1.68794 -2.50657 
v -338.279 1.67671 -2.59658 
v -338.305 1.68763 -2.59658 
v -338.279 1.71399 -2.73156 
v -338.305 1.68794 -2.50657 
v -338.279 1.67715 -2.50657 
v -338.253 1.68794 -2.50657 
v -338.316 1.71399 -2.59658 
v -338.252 1.68763 -2.59658 
v -338.241 1.71399 -2.59658 
v -338.323 1.66943 -2.35658 
v -338.323 1.66943 -1.88526 
v -338.342 1.71399 -1.88526 
v -338.279 1.65097 -2.35658 
v -338.279 1.65097 -1.88526 
v -338.311 1.68183 -2.41122 
v -338.234 1.66943 -2.35658 
v -338.234 1.66943 -1.88526 
v -338.216 1.71399 -1.88526 
v -338.247 1.68183 -2.41122 
v -338.247 1.68183 -2.50657 
v -338.279 1.66851 -2.50657 
v -338.279 1.66851 -2.41122 
v -338.311 1.68183 -2.50657 
v -338.279 1.71399 -2.73156 
v -338.253 1.68794 -2.50657 
v -338.252 1.68763 -2.59658 
v -338.253 1.74004 -2.50657 
v -338.252 1.74035 -2.59658 
v -338.241 1.71399 -2.59658 
v -338.242 1.71399 -2.50657 
v -338.279 1.65097 -1.88526 
v -338.234 1.66943 -2.35658 
v -338.234 1.66943 -1.88526 
v -338.279 1.77701 -1.88526 
v -338.216 1.71399 -2.35658 
v -338.216 1.71399 -1.88526 
v -338.234 1.75855 -1.88526 
v -338.234 1.75855 -2.35658 
v -338.247 1.74615 -2.41122 
v -338.247 1.68183 -2.41122 
v -338.233 1.71399 -2.41122 
v -338.233 1.71399 -2.50657 
v -338.247 1.68183 -2.50657 
v -338.247 1.74615 -2.50657 

vn 0 0 1 
vn 0 0 1 
vn 0 0 1 
vn 0 0 1 
vn 0 0 1 
vn 0 0 1 
vn 0 0 1 
vn 0 0 1 
vn 0 0 -1 
vn -0.992126 0 -0.110236 
vn -0.708661 0.708661 0.00787402 
vn -0.700787 0.700787 -0.110236 
vn 0 0.992126 -0.110236 
vn 0 1 0.00787402 
vn 0.708661 0.708661 0.00787402 
vn 0.700787 0.700787 -0.110236 
vn 0.992126 0 -0.110236 
vn -1 0 0 
vn -0.708661 0.708661 0 
vn -0.700787 0.700787 -0.125984 
vn 0 1 0 
vn 0 0.992126 -0.125984 
vn 1 0 0 
vn -0.700787 0.700787 -0.149606 
vn 0.708661 0.708661 0 
vn 0.700787 0.700787 -0.125984 
vn 0.700787 0.700787 -0.149606 
vn 0.708661 0.708661 0 
vn 0 0.992126 -0.149606 
vn 0 1 0 
vn -0.708661 0.708661 0 
vn -0.700787 -0.700787 -0.110236 
vn 0 0 -1 
vn -0.708661 -0.708661 0.00787402 
vn -0.992126 0 -0.110236 
vn -1 0 0.00787402 
vn -0.708661 0.708661 0.00787402 
vn -0.700787 0.700787 -0.110236 
vn -0.700787 -0.700787 -0.125984 
vn -0.708661 -0.708661 0 
vn -1 0 0 
vn -0.992126 0 -0.125984 
vn -0.708661 0.708661 0 
vn -0.700787 -0.700787 -0.149606 
vn -0.700787 0.700787 -0.125984 
vn 1 0 0 
vn -0.700787 0.700787 -0.149606 
vn 0.708661 0.708661 0 
vn -0.708661 0.708661 0 
vn -0.708661 -0.708661 0 
vn -1 0 0 
vn -0.992126 0 -0.149606 
vn 0 0 -1 
vn 0 0 -1 
vn 0 0 -1 
vn 0 0 -1 
vn 0 0 -1 
vn 0 0 -1 
vn 0 0 -1 
vn 0 0 -1 
vn 0 0 -1 
vn 0 0 -1 
vn 0 0 -1 
vn 0 0 -1 
vn 0 0 -1 
vn 0 0 -1 
vn 0 0 -1 
vn 0 0 -1 
vn 0 -0.992126 -0.110236 
vn -0.700787 -0.700787 -0.110236 
vn 0 0 -1 
vn -0.708661 -0.708661 0.00787402 
vn 0 -1 0.00787402 
vn 0.708661 -0.708661 0.00787402 
vn -0.992126 0 -0.110236 
vn 0.700787 -0.700787 -0.110236 
vn 0.992126 0 -0.110236 
vn -0.700787 -0.700787 -0.125984 
vn -0.708661 -0.708661 0 
vn -1 0 0 
vn 0 -0.992126 -0.125984 
vn 0 -1 0 
vn -0.700787 -0.700787 -0.149606 
vn 0.700787 -0.700787 -0.125984 
vn 0.708661 -0.708661 0 
vn 1 0 0 
vn 0.700787 -0.700787 -0.149606 
vn 0.708661 -0.708661 0 
vn 0 -1 0 
vn 0 -0.992126 -0.149606 
vn -0.708661 -0.708661 0 
vn 0 0 -1 
vn 0.708661 -0.708661 0.00787402 
vn 0.700787 -0.700787 -0.110236 
vn 0.708661 0.708661 0.00787402 
vn 0.700787 0.700787 -0.110236 
vn 0.992126 0 -0.110236 
vn 1 0 0.00787402 
vn 0 -1 0 
vn 0.700787 -0.700787 -0.125984 
vn 0.708661 -0.708661 0 
vn 0 1 0 
vn 0.992126 0 -0.125984 
vn 1 0 0 
vn 0.708661 0.708661 0 
vn 0.700787 0.700787 -0.125984 
vn 0.700787 0.700787 -0.149606 
vn 0.700787 -0.700787 -0.149606 
vn 0.992126 0 -0.149606 
vn 1 0 0 
vn 0.708661 -0.708661 0 
vn 0.708661 0.708661 0 

vt -0.541546 0.612149 
vt -0.552686 0.612149 
vt -0.547116 0.609842 
vt -0.541546 0.623289 
vt -0.539239 0.617719 
vt -0.552686 0.623289 
vt -0.554993 0.617719 
vt -0.547116 0.625596 
vt -0.494223 0.617719 
vt -0.511095 0.622379 
vt -0.522346 0.620975 
vt -0.511095 0.621014 
vt -0.511095 0.617719 
vt -0.522346 0.617719 
vt -0.522346 0.614463 
vt -0.511095 0.614424 
vt -0.511095 0.613059 
vt -0.600009 0.625596 
vt -0.600009 0.623289 
vt -0.541094 0.623289 
vt -0.600009 0.617719 
vt -0.541094 0.617719 
vt -0.600009 0.609842 
vt -0.534264 0.621739 
vt -0.600009 0.612149 
vt -0.541094 0.612149 
vt -0.534264 0.613699 
vt -0.522346 0.613699 
vt -0.534264 0.617719 
vt -0.522346 0.617719 
vt -0.522346 0.621739 
vt -0.583137 0.614424 
vt -0.600009 0.617719 
vt -0.571886 0.614463 
vt -0.583137 0.617719 
vt -0.571886 0.617719 
vt -0.571886 0.620976 
vt -0.583137 0.621014 
vt -0.553138 0.612149 
vt -0.494223 0.612149 
vt -0.494223 0.617719 
vt -0.553138 0.617719 
vt -0.494223 0.623289 
vt -0.559968 0.613699 
vt -0.553138 0.623289 
vt -0.494223 0.617719 
vt -0.559968 0.621739 
vt -0.571886 0.621739 
vt -0.571886 0.621739 
vt -0.571886 0.613699 
vt -0.571886 0.617719 
vt -0.559968 0.617719 
vt -0.547116 0.623404 
vt -0.54386 0.620976 
vt -0.543096 0.621739 
vt -0.547116 0.622324 
vt -0.542511 0.617719 
vt -0.550372 0.620976 
vt -0.541431 0.617719 
vt -0.551136 0.621739 
vt -0.543096 0.613699 
vt -0.551721 0.617719 
vt -0.54386 0.614463 
vt -0.552801 0.617719 
vt -0.547116 0.612034 
vt -0.551136 0.613699 
vt -0.547116 0.613114 
vt -0.550372 0.614463 
vt -0.583137 0.617719 
vt -0.583137 0.621014 
vt -0.600009 0.617719 
vt -0.571886 0.620975 
vt -0.571886 0.617719 
vt -0.571886 0.614463 
vt -0.583137 0.622379 
vt -0.583137 0.614424 
vt -0.583137 0.613059 
vt -0.553138 0.623289 
vt -0.494223 0.623289 
vt -0.494223 0.625596 
vt -0.553138 0.617719 
vt -0.494223 0.617719 
vt -0.559968 0.621739 
vt -0.553138 0.612149 
vt -0.494223 0.612149 
vt -0.494223 0.609842 
vt -0.559968 0.613699 
vt -0.571886 0.613699 
vt -0.571886 0.617719 
vt -0.559968 0.617719 
vt -0.571886 0.621739 
vt -0.494223 0.617719 
vt -0.522346 0.614463 
vt -0.511095 0.614424 
vt -0.522346 0.620976 
vt -0.511095 0.621014 
vt -0.511095 0.617719 
vt -0.522346 0.617719 
vt -0.600009 0.609842 
vt -0.541094 0.612149 
vt -0.600009 0.612149 
vt -0.600009 0.625596 
vt -0.541094 0.617719 
vt -0.600009 0.617719 
vt -0.600009 0.623289 
vt -0.541094 0.623289 
vt -0.534264 0.621739 
vt -0.534264 0.613699 
vt -0.534264 0.617719 
vt -0.522346 0.617719 
vt -0.522346 0.613699 
vt -0.522346 0.621739 

usemtl Shell1Mtl

f 2537/2537/2537 2538/2538/2538 2539/2539/2539 
f 2538/2538/2538 2537/2537/2537 2540/2540/2540 
f 2540/2540/2540 2537/2537/2537 2541/2541/2541 
f 2540/2540/2540 2542/2542/2542 2538/2538/2538 
f 2538/2538/2538 2542/2542/2542 2543/2543/2543 
f 2542/2542/2542 2540/2540/2540 2544/2544/2544 
f 2547/2547/2547 2549/2549/2549 2548/2548/2548 
f 2548/2548/2548 2549/2549/2549 2545/2545/2545 
f 2549/2549/2549 2547/2547/2547 2550/2550/2550 
f 2551/2551/2551 2549/2549/2549 2550/2550/2550 
f 2549/2549/2549 2552/2552/2552 2545/2545/2545 
f 2549/2549/2549 2551/2551/2551 2552/2552/2552 
f 2557/2557/2557 2556/2556/2556 2555/2555/2555 
f 2556/2556/2556 2557/2557/2557 2558/2558/2558 
f 2558/2558/2558 2560/2560/2560 2556/2556/2556 
f 2561/2561/2561 2558/2558/2558 2557/2557/2557 
f 2558/2558/2558 2561/2561/2561 2562/2562/2562 
f 2563/2563/2563 2558/2558/2558 2562/2562/2562 
f 2564/2564/2564 2565/2565/2565 2563/2563/2563 
f 2558/2558/2558 2563/2563/2563 2565/2565/2565 
f 2565/2565/2565 2564/2564/2564 2566/2566/2566 
f 2560/2560/2560 2558/2558/2558 2565/2565/2565 
f 2566/2566/2566 2560/2560/2560 2565/2565/2565 
f 2560/2560/2560 2566/2566/2566 2567/2567/2567 
f 2568/2568/2568 2570/2570/2570 2571/2571/2571 
f 2568/2568/2568 2571/2571/2571 2569/2569/2569 
f 2572/2572/2572 2571/2571/2571 2570/2570/2570 
f 2573/2573/2573 2571/2571/2571 2572/2572/2572 
f 2571/2571/2571 2573/2573/2573 2574/2574/2574 
f 2571/2571/2571 2574/2574/2574 2569/2569/2569 
f 2575/2575/2575 2576/2576/2576 2577/2577/2577 
f 2575/2575/2575 2577/2577/2577 2578/2578/2578 
f 2578/2578/2578 2577/2577/2577 2579/2579/2579 
f 2578/2578/2578 2580/2580/2580 2575/2575/2575 
f 2578/2578/2578 2579/2579/2579 2581/2581/2581 
f 2581/2581/2581 2583/2583/2583 2578/2578/2578 
f 2586/2586/2586 2580/2580/2580 2587/2587/2587 
f 2583/2583/2583 2585/2585/2585 2588/2588/2588 
f 2587/2587/2587 2588/2588/2588 2585/2585/2585 
f 2588/2588/2588 2587/2587/2587 2580/2580/2580 
f 2588/2588/2588 2578/2578/2578 2583/2583/2583 
f 2580/2580/2580 2578/2578/2578 2588/2588/2588 
f 2589/2589/2589 2590/2590/2590 2591/2591/2591 
f 2590/2590/2590 2589/2589/2589 2592/2592/2592 
f 2593/2593/2593 2591/2591/2591 2590/2590/2590 
f 2589/2589/2589 2594/2594/2594 2592/2592/2592 
f 2591/2591/2591 2593/2593/2593 2595/2595/2595 
f 2589/2589/2589 2596/2596/2596 2594/2594/2594 
f 2593/2593/2593 2597/2597/2597 2595/2595/2595 
f 2598/2598/2598 2594/2594/2594 2596/2596/2596 
f 2597/2597/2597 2593/2593/2593 2599/2599/2599 
f 2596/2596/2596 2600/2600/2600 2598/2598/2598 
f 2601/2601/2601 2597/2597/2597 2599/2599/2599 
f 2602/2602/2602 2598/2598/2598 2600/2600/2600 
f 2601/2601/2601 2599/2599/2599 2603/2603/2603 
f 2598/2598/2598 2602/2602/2602 2604/2604/2604 
f 2601/2601/2601 2604/2604/2604 2602/2602/2602 
f 2604/2604/2604 2601/2601/2601 2603/2603/2603 
f 2605/2605/2605 2606/2606/2606 2607/2607/2607 
f 2605/2605/2605 2608/2608/2608 2606/2606/2606 
f 2608/2608/2608 2605/2605/2605 2609/2609/2609 
f 2609/2609/2609 2605/2605/2605 2610/2610/2610 
f 2612/2612/2612 2610/2610/2610 2605/2605/2605 
f 2612/2612/2612 2605/2605/2605 2607/2607/2607 
f 2617/2617/2617 2615/2615/2615 2614/2614/2614 
f 2617/2617/2617 2618/2618/2618 2615/2615/2615 
f 2614/2614/2614 2619/2619/2619 2617/2617/2617 
f 2620/2620/2620 2618/2618/2618 2617/2617/2617 
f 2620/2620/2620 2621/2621/2621 2618/2618/2618 
f 2617/2617/2617 2623/2623/2623 2620/2620/2620 
f 2624/2624/2624 2623/2623/2623 2625/2625/2625 
f 2626/2626/2626 2625/2625/2625 2623/2623/2623 
f 2623/2623/2623 2617/2617/2617 2626/2626/2626 
f 2625/2625/2625 2626/2626/2626 2627/2627/2627 
f 2626/2626/2626 2617/2617/2617 2619/2619/2619 
f 2619/2619/2619 2627/2627/2627 2626/2626/2626 
f 2633/2633/2633 2630/2630/2630 2628/2628/2628 
f 2632/2632/2632 2633/2633/2633 2628/2628/2628 
f 2632/2632/2632 2631/2631/2631 2633/2633/2633 
f 2633/2633/2633 2629/2629/2629 2630/2630/2630 
f 2634/2634/2634 2633/2633/2633 2631/2631/2631 
f 2629/2629/2629 2633/2633/2633 2634/2634/2634 
f 2639/2639/2639 2637/2637/2637 2636/2636/2636 
f 2639/2639/2639 2640/2640/2640 2637/2637/2637 
f 2642/2642/2642 2641/2641/2641 2640/2640/2640 
f 2642/2642/2642 2640/2640/2640 2639/2639/2639 
f 2639/2639/2639 2643/2643/2643 2642/2642/2642 
f 2636/2636/2636 2644/2644/2644 2639/2639/2639 
f 2643/2643/2643 2639/2639/2639 2645/2645/2645 
f 2645/2645/2645 2639/2639/2639 2644/2644/2644 
f 2645/2645/2645 2646/2646/2646 2643/2643/2643 
f 2646/2646/2646 2645/2645/2645 2647/2647/2647 
f 2644/2644/2644 2647/2647/2647 2645/2645/2645 
f 2648/2648/2648 2643/2643/2643 2646/2646/2646 

g Strap6

v -338.203 1.71399 -1.9854 
v -338.354 1.71399 -1.9854 
v -338.279 1.63833 -1.9854 
v -338.332 1.66049 -1.9854 
v -338.225 1.66049 -1.9854 
v -338.279 1.78965 -1.9854 
v -338.332 1.76749 -1.9854 
v -338.225 1.76749 -1.9854 
v -338.332 1.76749 -1.9854 
v -338.332 1.76749 -2.25654 
v -338.279 1.78965 -1.9854 
v -338.279 1.78965 -2.25654 
v -338.225 1.76749 -1.9854 
v -338.225 1.76749 -2.25654 
v -338.332 1.66049 -2.25654 
v -338.332 1.66049 -1.9854 
v -338.354 1.71399 -1.9854 
v -338.354 1.71399 -2.25654 
v -338.332 1.76749 -1.9854 
v -338.332 1.76749 -2.25654 
v -338.279 1.63833 -2.25654 
v -338.354 1.71399 -2.25654 
v -338.203 1.71399 -2.25654 
v -338.332 1.66049 -2.25654 
v -338.225 1.66049 -2.25654 
v -338.279 1.78965 -2.25654 
v -338.225 1.76749 -2.25654 
v -338.332 1.76749 -2.25654 
v -338.332 1.66049 -2.25654 
v -338.332 1.66049 -1.9854 
v -338.279 1.63833 -2.25654 
v -338.279 1.63833 -1.9854 
v -338.225 1.66049 -2.25654 
v -338.225 1.66049 -1.9854 
v -338.225 1.66049 -2.25654 
v -338.225 1.66049 -1.9854 
v -338.203 1.71399 -2.25654 
v -338.203 1.71399 -1.9854 
v -338.225 1.76749 -1.9854 
v -338.225 1.76749 -2.25654 

vn 0 0 1 
vn 0 0 1 
vn 0 0 1 
vn 0 0 1 
vn 0 0 1 
vn 0 0 1 
vn 0 0 1 
vn 0 0 1 
vn -0.708661 0.708661 0 
vn -0.708661 0.708661 0 
vn 0 1 0 
vn 0 1 0 
vn 0.708661 0.708661 0 
vn 0.708661 0.708661 0 
vn -0.708661 -0.708661 0 
vn -0.708661 -0.708661 0 
vn -1 0 0 
vn -1 0 0 
vn -0.708661 0.708661 0 
vn -0.708661 0.708661 0 
vn 0 0 -1 
vn 0 0 -1 
vn 0 0 -1 
vn 0 0 -1 
vn 0 0 -1 
vn 0 0 -1 
vn 0 0 -1 
vn 0 0 -1 
vn -0.708661 -0.708661 0 
vn -0.708661 -0.708661 0 
vn 0 -1 0 
vn 0 -1 0 
vn 0.708661 -0.708661 0 
vn 0.708661 -0.708661 0 
vn 0.708661 -0.708661 0 
vn 0.708661 -0.708661 0 
vn 1 0 0 
vn 1 0 0 
vn 0.708661 0.708661 0 
vn 0.708661 0.708661 0 

vt 22.0095 -47 
vt 21.9905 -47 
vt 22 -47.0095 
vt 21.9933 -47.0067 
vt 22.0067 -47.0067 
vt 22 -46.9905 
vt 21.9933 -46.9933 
vt 22.0067 -46.9933 
vt 21.9831 -46.9933 
vt 22.0169 -46.9933 
vt 21.9831 -47 
vt 22.0169 -47 
vt 21.9831 -47.0067 
vt 22.0169 -47.0067 
vt 21.9831 -47.0067 
vt 22.0169 -47.0067 
vt 22.0169 -47 
vt 21.9831 -47 
vt 22.0169 -46.9933 
vt 21.9831 -46.9933 
vt 22 -47.0095 
vt 22.0095 -47 
vt 21.9905 -47 
vt 22.0067 -47.0067 
vt 21.9933 -47.0067 
vt 22 -46.9905 
vt 21.9933 -46.9933 
vt 22.0067 -46.9933 
vt 21.9831 -46.9933 
vt 22.0169 -46.9933 
vt 21.9831 -47 
vt 22.0169 -47 
vt 21.9831 -47.0067 
vt 22.0169 -47.0067 
vt 22.0169 -47.0067 
vt 21.9831 -47.0067 
vt 22.0169 -47 
vt 21.9831 -47 
vt 21.9831 -46.9933 
vt 22.0169 -46.9933 

usemtl Strap1Mtl

f 2649/2649/2649 2650/2650/2650 2651/2651/2651 
f 2651/2651/2651 2650/2650/2650 2652/2652/2652 
f 2649/2649/2649 2651/2651/2651 2653/2653/2653 
f 2649/2649/2649 2654/2654/2654 2650/2650/2650 
f 2650/2650/2650 2654/2654/2654 2655/2655/2655 
f 2654/2654/2654 2649/2649/2649 2656/2656/2656 
f 2659/2659/2659 2658/2658/2658 2657/2657/2657 
f 2659/2659/2659 2660/2660/2660 2658/2658/2658 
f 2661/2661/2661 2660/2660/2660 2659/2659/2659 
f 2661/2661/2661 2662/2662/2662 2660/2660/2660 
f 2663/2663/2663 2664/2664/2664 2665/2665/2665 
f 2663/2663/2663 2665/2665/2665 2666/2666/2666 
f 2666/2666/2666 2665/2665/2665 2667/2667/2667 
f 2666/2666/2666 2667/2667/2667 2668/2668/2668 
f 2669/2669/2669 2670/2670/2670 2671/2671/2671 
f 2670/2670/2670 2669/2669/2669 2672/2672/2672 
f 2669/2669/2669 2671/2671/2671 2673/2673/2673 
f 2670/2670/2670 2674/2674/2674 2671/2671/2671 
f 2671/2671/2671 2674/2674/2674 2675/2675/2675 
f 2674/2674/2674 2670/2670/2670 2676/2676/2676 
f 2679/2679/2679 2678/2678/2678 2677/2677/2677 
f 2679/2679/2679 2680/2680/2680 2678/2678/2678 
f 2681/2681/2681 2680/2680/2680 2679/2679/2679 
f 2681/2681/2681 2682/2682/2682 2680/2680/2680 
f 2685/2685/2685 2684/2684/2684 2683/2683/2683 
f 2685/2685/2685 2686/2686/2686 2684/2684/2684 
f 2688/2688/2688 2686/2686/2686 2685/2685/2685 
f 2688/2688/2688 2687/2687/2687 2686/2686/2686 

g Shell7

v -338.234 2.42614 -1.88526 
v -338.323 2.42614 -1.88526 
v -338.279 2.40769 -1.88526 
v -338.234 2.51526 -1.88526 
v -338.216 2.4707 -1.88526 
v -338.323 2.51526 -1.88526 
v -338.342 2.4707 -1.88526 
v -338.279 2.53372 -1.88526 
v -338.279 2.4707 -2.73156 
v -338.316 2.4707 -2.59658 
v -338.305 2.49676 -2.50657 
v -338.305 2.49707 -2.59658 
v -338.279 2.50799 -2.59658 
v -338.279 2.50754 -2.50657 
v -338.253 2.49676 -2.50657 
v -338.252 2.49707 -2.59658 
v -338.241 2.4707 -2.59658 
v -338.342 2.4707 -1.88526 
v -338.323 2.51526 -1.88526 
v -338.323 2.51526 -2.35658 
v -338.279 2.53372 -1.88526 
v -338.279 2.53372 -2.35658 
v -338.216 2.4707 -1.88526 
v -338.311 2.50286 -2.41122 
v -338.234 2.51526 -1.88526 
v -338.234 2.51526 -2.35658 
v -338.247 2.50286 -2.41122 
v -338.247 2.50286 -2.50657 
v -338.279 2.51618 -2.41122 
v -338.279 2.51618 -2.50657 
v -338.311 2.50286 -2.50657 
v -338.305 2.44434 -2.59658 
v -338.279 2.4707 -2.73156 
v -338.305 2.44465 -2.50657 
v -338.316 2.4707 -2.59658 
v -338.316 2.4707 -2.50657 
v -338.305 2.49676 -2.50657 
v -338.305 2.49707 -2.59658 
v -338.323 2.42614 -2.35658 
v -338.323 2.42614 -1.88526 
v -338.342 2.4707 -1.88526 
v -338.342 2.4707 -2.35658 
v -338.323 2.51526 -1.88526 
v -338.311 2.43855 -2.41122 
v -338.323 2.51526 -2.35658 
v -338.216 2.4707 -1.88526 
v -338.311 2.50286 -2.41122 
v -338.247 2.50286 -2.50657 
v -338.311 2.50286 -2.50657 
v -338.311 2.43855 -2.50657 
v -338.324 2.4707 -2.50657 
v -338.324 2.4707 -2.41122 
v -338.279 2.51618 -2.50657 
v -338.305 2.49676 -2.50657 
v -338.311 2.50286 -2.50657 
v -338.279 2.50754 -2.50657 
v -338.316 2.4707 -2.50657 
v -338.253 2.49676 -2.50657 
v -338.324 2.4707 -2.50657 
v -338.247 2.50286 -2.50657 
v -338.311 2.43855 -2.50657 
v -338.242 2.4707 -2.50657 
v -338.305 2.44465 -2.50657 
v -338.233 2.4707 -2.50657 
v -338.279 2.42523 -2.50657 
v -338.247 2.43855 -2.50657 
v -338.279 2.43386 -2.50657 
v -338.253 2.44465 -2.50657 
v -338.279 2.43342 -2.59658 
v -338.305 2.44434 -2.59658 
v -338.279 2.4707 -2.73156 
v -338.305 2.44465 -2.50657 
v -338.279 2.43386 -2.50657 
v -338.253 2.44465 -2.50657 
v -338.316 2.4707 -2.59658 
v -338.252 2.44434 -2.59658 
v -338.241 2.4707 -2.59658 
v -338.323 2.42614 -2.35658 
v -338.323 2.42614 -1.88526 
v -338.342 2.4707 -1.88526 
v -338.279 2.40769 -2.35658 
v -338.279 2.40769 -1.88526 
v -338.311 2.43855 -2.41122 
v -338.234 2.42614 -2.35658 
v -338.234 2.42614 -1.88526 
v -338.216 2.4707 -1.88526 
v -338.247 2.43855 -2.41122 
v -338.247 2.43855 -2.50657 
v -338.279 2.42523 -2.50657 
v -338.279 2.42523 -2.41122 
v -338.311 2.43855 -2.50657 
v -338.279 2.4707 -2.73156 
v -338.253 2.44465 -2.50657 
v -338.252 2.44434 -2.59658 
v -338.253 2.49676 -2.50657 
v -338.252 2.49707 -2.59658 
v -338.241 2.4707 -2.59658 
v -338.242 2.4707 -2.50657 
v -338.279 2.40769 -1.88526 
v -338.234 2.42614 -2.35658 
v -338.234 2.42614 -1.88526 
v -338.279 2.53372 -1.88526 
v -338.216 2.4707 -2.35658 
v -338.216 2.4707 -1.88526 
v -338.234 2.51526 -1.88526 
v -338.234 2.51526 -2.35658 
v -338.247 2.50286 -2.41122 
v -338.247 2.43855 -2.41122 
v -338.233 2.4707 -2.41122 
v -338.233 2.4707 -2.50657 
v -338.247 2.43855 -2.50657 
v -338.247 2.50286 -2.50657 

vn 0 0 1 
vn 0 0 1 
vn 0 0 1 
vn 0 0 1 
vn 0 0 1 
vn 0 0 1 
vn 0 0 1 
vn 0 0 1 
vn 0 0 -1 
vn -0.992126 0 -0.110236 
vn -0.708661 0.708661 0.00787402 
vn -0.700787 0.700787 -0.110236 
vn 0 0.992126 -0.110236 
vn 0 1 0.00787402 
vn 0.708661 0.708661 0.00787402 
vn 0.700787 0.700787 -0.110236 
vn 0.992126 0 -0.110236 
vn -1 0 0 
vn -0.708661 0.708661 0 
vn -0.700787 0.700787 -0.125984 
vn 0 1 0 
vn 0 0.992126 -0.125984 
vn 1 0 0 
vn -0.700787 0.700787 -0.149606 
vn 0.708661 0.708661 0 
vn 0.700787 0.700787 -0.125984 
vn 0.700787 0.700787 -0.149606 
vn 0.708661 0.708661 0 
vn 0 0.992126 -0.149606 
vn 0 1 0 
vn -0.708661 0.708661 0 
vn -0.700787 -0.700787 -0.110236 
vn 0 0 -1 
vn -0.708661 -0.708661 0.00787402 
vn -0.992126 0 -0.110236 
vn -1 0 0.00787402 
vn -0.708661 0.708661 0.00787402 
vn -0.700787 0.700787 -0.110236 
vn -0.700787 -0.700787 -0.125984 
vn -0.708661 -0.708661 0 
vn -1 0 0 
vn -0.992126 0 -0.125984 
vn -0.708661 0.708661 0 
vn -0.700787 -0.700787 -0.149606 
vn -0.700787 0.700787 -0.125984 
vn 1 0 0 
vn -0.700787 0.700787 -0.149606 
vn 0.708661 0.708661 0 
vn -0.708661 0.708661 0 
vn -0.708661 -0.708661 0 
vn -1 0 0 
vn -0.992126 0 -0.149606 
vn 0 0 -1 
vn 0 0 -1 
vn 0 0 -1 
vn 0 0 -1 
vn 0 0 -1 
vn 0 0 -1 
vn 0 0 -1 
vn 0 0 -1 
vn 0 0 -1 
vn 0 0 -1 
vn 0 0 -1 
vn 0 0 -1 
vn 0 0 -1 
vn 0 0 -1 
vn 0 0 -1 
vn 0 0 -1 
vn 0 -0.992126 -0.110236 
vn -0.700787 -0.700787 -0.110236 
vn 0 0 -1 
vn -0.708661 -0.708661 0.00787402 
vn 0 -1 0.00787402 
vn 0.708661 -0.708661 0.00787402 
vn -0.992126 0 -0.110236 
vn 0.700787 -0.700787 -0.110236 
vn 0.992126 0 -0.110236 
vn -0.700787 -0.700787 -0.125984 
vn -0.708661 -0.708661 0 
vn -1 0 0 
vn 0 -0.992126 -0.125984 
vn 0 -1 0 
vn -0.700787 -0.700787 -0.149606 
vn 0.700787 -0.700787 -0.125984 
vn 0.708661 -0.708661 0 
vn 1 0 0 
vn 0.700787 -0.700787 -0.149606 
vn 0.708661 -0.708661 0 
vn 0 -1 0 
vn 0 -0.992126 -0.149606 
vn -0.708661 -0.708661 0 
vn 0 0 -1 
vn 0.708661 -0.708661 0.00787402 
vn 0.700787 -0.700787 -0.110236 
vn 0.708661 0.708661 0.00787402 
vn 0.700787 0.700787 -0.110236 
vn 0.992126 0 -0.110236 
vn 1 0 0.00787402 
vn 0 -1 0 
vn 0.700787 -0.700787 -0.125984 
vn 0.708661 -0.708661 0 
vn 0 1 0 
vn 0.992126 0 -0.125984 
vn 1 0 0 
vn 0.708661 0.708661 0 
vn 0.700787 0.700787 -0.125984 
vn 0.700787 0.700787 -0.149606 
vn 0.700787 -0.700787 -0.149606 
vn 0.992126 0 -0.149606 
vn 1 0 0 
vn 0.708661 -0.708661 0 
vn 0.708661 0.708661 0 

vt -0.187311 0.830828 
vt -0.198451 0.830828 
vt -0.192881 0.828521 
vt -0.187311 0.841968 
vt -0.185004 0.836398 
vt -0.198451 0.841968 
vt -0.200758 0.836398 
vt -0.192881 0.844276 
vt -0.139987 0.836398 
vt -0.156859 0.841059 
vt -0.16811 0.839655 
vt -0.156859 0.839694 
vt -0.156859 0.836398 
vt -0.16811 0.836398 
vt -0.16811 0.833142 
vt -0.156859 0.833103 
vt -0.156859 0.831738 
vt -0.245774 0.844276 
vt -0.245774 0.841968 
vt -0.186859 0.841968 
vt -0.245774 0.836398 
vt -0.186859 0.836398 
vt -0.245774 0.828521 
vt -0.180029 0.840418 
vt -0.245774 0.830828 
vt -0.186859 0.830828 
vt -0.180029 0.832379 
vt -0.16811 0.832379 
vt -0.180029 0.836398 
vt -0.16811 0.836398 
vt -0.16811 0.840418 
vt -0.228902 0.833103 
vt -0.245774 0.836398 
vt -0.217651 0.833142 
vt -0.228902 0.836398 
vt -0.217651 0.836398 
vt -0.217651 0.839655 
vt -0.228902 0.839694 
vt -0.198902 0.830828 
vt -0.139987 0.830828 
vt -0.139987 0.836398 
vt -0.198902 0.836398 
vt -0.139987 0.841968 
vt -0.205732 0.832379 
vt -0.198902 0.841968 
vt -0.139987 0.836398 
vt -0.205732 0.840418 
vt -0.217651 0.840418 
vt -0.217651 0.840418 
vt -0.217651 0.832379 
vt -0.217651 0.836398 
vt -0.205732 0.836398 
vt -0.192881 0.842083 
vt -0.189625 0.839655 
vt -0.188861 0.840418 
vt -0.192881 0.841004 
vt -0.188276 0.836398 
vt -0.196137 0.839655 
vt -0.187196 0.836398 
vt -0.196901 0.840418 
vt -0.188861 0.832379 
vt -0.197486 0.836398 
vt -0.189625 0.833142 
vt -0.198566 0.836398 
vt -0.192881 0.830714 
vt -0.196901 0.832379 
vt -0.192881 0.831793 
vt -0.196137 0.833142 
vt -0.228902 0.836398 
vt -0.228902 0.839694 
vt -0.245774 0.836398 
vt -0.217651 0.839655 
vt -0.217651 0.836398 
vt -0.217651 0.833142 
vt -0.228902 0.841059 
vt -0.228902 0.833103 
vt -0.228902 0.831738 
vt -0.198902 0.841968 
vt -0.139987 0.841968 
vt -0.139987 0.844276 
vt -0.198902 0.836398 
vt -0.139987 0.836398 
vt -0.205732 0.840418 
vt -0.198902 0.830828 
vt -0.139987 0.830828 
vt -0.139987 0.828521 
vt -0.205732 0.832379 
vt -0.217651 0.832379 
vt -0.217651 0.836398 
vt -0.205732 0.836398 
vt -0.217651 0.840418 
vt -0.139987 0.836398 
vt -0.16811 0.833142 
vt -0.156859 0.833103 
vt -0.16811 0.839655 
vt -0.156859 0.839694 
vt -0.156859 0.836398 
vt -0.16811 0.836398 
vt -0.245774 0.828521 
vt -0.186859 0.830828 
vt -0.245774 0.830828 
vt -0.245774 0.844276 
vt -0.186859 0.836398 
vt -0.245774 0.836398 
vt -0.245774 0.841968 
vt -0.186859 0.841968 
vt -0.180029 0.840418 
vt -0.180029 0.832379 
vt -0.180029 0.836398 
vt -0.16811 0.836398 
vt -0.16811 0.832379 
vt -0.16811 0.840418 

usemtl Shell1Mtl

f 2689/2689/2689 2690/2690/2690 2691/2691/2691 
f 2690/2690/2690 2689/2689/2689 2692/2692/2692 
f 2692/2692/2692 2689/2689/2689 2693/2693/2693 
f 2692/2692/2692 2694/2694/2694 2690/2690/2690 
f 2690/2690/2690 2694/2694/2694 2695/2695/2695 
f 2694/2694/2694 2692/2692/2692 2696/2696/2696 
f 2699/2699/2699 2701/2701/2701 2700/2700/2700 
f 2700/2700/2700 2701/2701/2701 2697/2697/2697 
f 2701/2701/2701 2699/2699/2699 2702/2702/2702 
f 2703/2703/2703 2701/2701/2701 2702/2702/2702 
f 2701/2701/2701 2704/2704/2704 2697/2697/2697 
f 2701/2701/2701 2703/2703/2703 2704/2704/2704 
f 2709/2709/2709 2708/2708/2708 2707/2707/2707 
f 2708/2708/2708 2709/2709/2709 2710/2710/2710 
f 2710/2710/2710 2712/2712/2712 2708/2708/2708 
f 2713/2713/2713 2710/2710/2710 2709/2709/2709 
f 2710/2710/2710 2713/2713/2713 2714/2714/2714 
f 2715/2715/2715 2710/2710/2710 2714/2714/2714 
f 2716/2716/2716 2717/2717/2717 2715/2715/2715 
f 2710/2710/2710 2715/2715/2715 2717/2717/2717 
f 2717/2717/2717 2716/2716/2716 2718/2718/2718 
f 2712/2712/2712 2710/2710/2710 2717/2717/2717 
f 2718/2718/2718 2712/2712/2712 2717/2717/2717 
f 2712/2712/2712 2718/2718/2718 2719/2719/2719 
f 2720/2720/2720 2722/2722/2722 2723/2723/2723 
f 2720/2720/2720 2723/2723/2723 2721/2721/2721 
f 2724/2724/2724 2723/2723/2723 2722/2722/2722 
f 2725/2725/2725 2723/2723/2723 2724/2724/2724 
f 2723/2723/2723 2725/2725/2725 2726/2726/2726 
f 2723/2723/2723 2726/2726/2726 2721/2721/2721 
f 2727/2727/2727 2728/2728/2728 2729/2729/2729 
f 2727/2727/2727 2729/2729/2729 2730/2730/2730 
f 2730/2730/2730 2729/2729/2729 2731/2731/2731 
f 2730/2730/2730 2732/2732/2732 2727/2727/2727 
f 2730/2730/2730 2731/2731/2731 2733/2733/2733 
f 2733/2733/2733 2735/2735/2735 2730/2730/2730 
f 2738/2738/2738 2732/2732/2732 2739/2739/2739 
f 2735/2735/2735 2737/2737/2737 2740/2740/2740 
f 2739/2739/2739 2740/2740/2740 2737/2737/2737 
f 2740/2740/2740 2739/2739/2739 2732/2732/2732 
f 2740/2740/2740 2730/2730/2730 2735/2735/2735 
f 2732/2732/2732 2730/2730/2730 2740/2740/2740 
f 2741/2741/2741 2742/2742/2742 2743/2743/2743 
f 2742/2742/2742 2741/2741/2741 2744/2744/2744 
f 2745/2745/2745 2743/2743/2743 2742/2742/2742 
f 2741/2741/2741 2746/2746/2746 2744/2744/2744 
f 2743/2743/2743 2745/2745/2745 2747/2747/2747 
f 2741/2741/2741 2748/2748/2748 2746/2746/2746 
f 2745/2745/2745 2749/2749/2749 2747/2747/2747 
f 2750/2750/2750 2746/2746/2746 2748/2748/2748 
f 2749/2749/2749 2745/2745/2745 2751/2751/2751 
f 2748/2748/2748 2752/2752/2752 2750/2750/2750 
f 2753/2753/2753 2749/2749/2749 2751/2751/2751 
f 2754/2754/2754 2750/2750/2750 2752/2752/2752 
f 2753/2753/2753 2751/2751/2751 2755/2755/2755 
f 2750/2750/2750 2754/2754/2754 2756/2756/2756 
f 2753/2753/2753 2756/2756/2756 2754/2754/2754 
f 2756/2756/2756 2753/2753/2753 2755/2755/2755 
f 2757/2757/2757 2758/2758/2758 2759/2759/2759 
f 2757/2757/2757 2760/2760/2760 2758/2758/2758 
f 2760/2760/2760 2757/2757/2757 2761/2761/2761 
f 2761/2761/2761 2757/2757/2757 2762/2762/2762 
f 2764/2764/2764 2762/2762/2762 2757/2757/2757 
f 2764/2764/2764 2757/2757/2757 2759/2759/2759 
f 2769/2769/2769 2767/2767/2767 2766/2766/2766 
f 2769/2769/2769 2770/2770/2770 2767/2767/2767 
f 2766/2766/2766 2771/2771/2771 2769/2769/2769 
f 2772/2772/2772 2770/2770/2770 2769/2769/2769 
f 2772/2772/2772 2773/2773/2773 2770/2770/2770 
f 2769/2769/2769 2775/2775/2775 2772/2772/2772 
f 2776/2776/2776 2775/2775/2775 2777/2777/2777 
f 2778/2778/2778 2777/2777/2777 2775/2775/2775 
f 2775/2775/2775 2769/2769/2769 2778/2778/2778 
f 2777/2777/2777 2778/2778/2778 2779/2779/2779 
f 2778/2778/2778 2769/2769/2769 2771/2771/2771 
f 2771/2771/2771 2779/2779/2779 2778/2778/2778 
f 2785/2785/2785 2782/2782/2782 2780/2780/2780 
f 2784/2784/2784 2785/2785/2785 2780/2780/2780 
f 2784/2784/2784 2783/2783/2783 2785/2785/2785 
f 2785/2785/2785 2781/2781/2781 2782/2782/2782 
f 2786/2786/2786 2785/2785/2785 2783/2783/2783 
f 2781/2781/2781 2785/2785/2785 2786/2786/2786 
f 2791/2791/2791 2789/2789/2789 2788/2788/2788 
f 2791/2791/2791 2792/2792/2792 2789/2789/2789 
f 2794/2794/2794 2793/2793/2793 2792/2792/2792 
f 2794/2794/2794 2792/2792/2792 2791/2791/2791 
f 2791/2791/2791 2795/2795/2795 2794/2794/2794 
f 2788/2788/2788 2796/2796/2796 2791/2791/2791 
f 2795/2795/2795 2791/2791/2791 2797/2797/2797 
f 2797/2797/2797 2791/2791/2791 2796/2796/2796 
f 2797/2797/2797 2798/2798/2798 2795/2795/2795 
f 2798/2798/2798 2797/2797/2797 2799/2799/2799 
f 2796/2796/2796 2799/2799/2799 2797/2797/2797 
f 2800/2800/2800 2795/2795/2795 2798/2798/2798 

g Strap7

v -338.203 2.4707 -1.9854 
v -338.354 2.4707 -1.9854 
v -338.279 2.39504 -1.9854 
v -338.332 2.4172 -1.9854 
v -338.225 2.4172 -1.9854 
v -338.279 2.54636 -1.9854 
v -338.332 2.5242 -1.9854 
v -338.225 2.5242 -1.9854 
v -338.332 2.5242 -1.9854 
v -338.332 2.5242 -2.25654 
v -338.279 2.54636 -1.9854 
v -338.279 2.54636 -2.25654 
v -338.225 2.5242 -1.9854 
v -338.225 2.5242 -2.25654 
v -338.332 2.4172 -2.25654 
v -338.332 2.4172 -1.9854 
v -338.354 2.4707 -1.9854 
v -338.354 2.4707 -2.25654 
v -338.332 2.5242 -1.9854 
v -338.332 2.5242 -2.25654 
v -338.279 2.39504 -2.25654 
v -338.354 2.4707 -2.25654 
v -338.203 2.4707 -2.25654 
v -338.332 2.4172 -2.25654 
v -338.225 2.4172 -2.25654 
v -338.279 2.54636 -2.25654 
v -338.225 2.5242 -2.25654 
v -338.332 2.5242 -2.25654 
v -338.332 2.4172 -2.25654 
v -338.332 2.4172 -1.9854 
v -338.279 2.39504 -2.25654 
v -338.279 2.39504 -1.9854 
v -338.225 2.4172 -2.25654 
v -338.225 2.4172 -1.9854 
v -338.225 2.4172 -2.25654 
v -338.225 2.4172 -1.9854 
v -338.203 2.4707 -2.25654 
v -338.203 2.4707 -1.9854 
v -338.225 2.5242 -1.9854 
v -338.225 2.5242 -2.25654 

vn 0 0 1 
vn 0 0 1 
vn 0 0 1 
vn 0 0 1 
vn 0 0 1 
vn 0 0 1 
vn 0 0 1 
vn 0 0 1 
vn -0.708661 0.708661 0 
vn -0.708661 0.708661 0 
vn 0 1 0 
vn 0 1 0 
vn 0.708661 0.708661 0 
vn 0.708661 0.708661 0 
vn -0.708661 -0.708661 0 
vn -0.708661 -0.708661 0 
vn -1 0 0 
vn -1 0 0 
vn -0.708661 0.708661 0 
vn -0.708661 0.708661 0 
vn 0 0 -1 
vn 0 0 -1 
vn 0 0 -1 
vn 0 0 -1 
vn 0 0 -1 
vn 0 0 -1 
vn 0 0 -1 
vn 0 0 -1 
vn -0.708661 -0.708661 0 
vn -0.708661 -0.708661 0 
vn 0 -1 0 
vn 0 -1 0 
vn 0.708661 -0.708661 0 
vn 0.708661 -0.708661 0 
vn 0.708661 -0.708661 0 
vn 0.708661 -0.708661 0 
vn 1 0 0 
vn 1 0 0 
vn 0.708661 0.708661 0 
vn 0.708661 0.708661 0 

vt 24.0095 -59 
vt 23.9905 -59 
vt 24 -59.0095 
vt 23.9933 -59.0067 
vt 24.0067 -59.0067 
vt 24 -58.9905 
vt 23.9933 -58.9933 
vt 24.0067 -58.9933 
vt 23.9831 -58.9933 
vt 24.0169 -58.9933 
vt 23.9831 -59 
vt 24.0169 -59 
vt 23.9831 -59.0067 
vt 24.0169 -59.0067 
vt 23.9831 -59.0067 
vt 24.0169 -59.0067 
vt 24.0169 -59 
vt 23.9831 -59 
vt 24.0169 -58.9933 
vt 23.9831 -58.9933 
vt 24 -59.0095 
vt 24.0095 -59 
vt 23.9905 -59 
vt 24.0067 -59.0067 
vt 23.9933 -59.0067 
vt 24 -58.9905 
vt 23.9933 -58.9933 
vt 24.0067 -58.9933 
vt 23.9831 -58.9933 
vt 24.0169 -58.9933 
vt 23.9831 -59 
vt 24.0169 -59 
vt 23.9831 -59.0067 
vt 24.0169 -59.0067 
vt 24.0169 -59.0067 
vt 23.9831 -59.0067 
vt 24.0169 -59 
vt 23.9831 -59 
vt 23.9831 -58.9933 
vt 24.0169 -58.9933 

usemtl Strap1Mtl

f 2801/2801/2801 2802/2802/2802 2803/2803/2803 
f 2803/2803/2803 2802/2802/2802 2804/2804/2804 
f 2801/2801/2801 2803/2803/2803 2805/2805/2805 
f 2801/2801/2801 2806/2806/2806 2802/2802/2802 
f 2802/2802/2802 2806/2806/2806 2807/2807/2807 
f 2806/2806/2806 2801/2801/2801 2808/2808/2808 
f 2811/2811/2811 2810/2810/2810 2809/2809/2809 
f 2811/2811/2811 2812/2812/2812 2810/2810/2810 
f 2813/2813/2813 2812/2812/2812 2811/2811/2811 
f 2813/2813/2813 2814/2814/2814 2812/2812/2812 
f 2815/2815/2815 2816/2816/2816 2817/2817/2817 
f 2815/2815/2815 2817/2817/2817 2818/2818/2818 
f 2818/2818/2818 2817/2817/2817 2819/2819/2819 
f 2818/2818/2818 2819/2819/2819 2820/2820/2820 
f 2821/2821/2821 2822/2822/2822 2823/2823/2823 
f 2822/2822/2822 2821/2821/2821 2824/2824/2824 
f 2821/2821/2821 2823/2823/2823 2825/2825/2825 
f 2822/2822/2822 2826/2826/2826 2823/2823/2823 
f 2823/2823/2823 2826/2826/2826 2827/2827/2827 
f 2826/2826/2826 2822/2822/2822 2828/2828/2828 
f 2831/2831/2831 2830/2830/2830 2829/2829/2829 
f 2831/2831/2831 2832/2832/2832 2830/2830/2830 
f 2833/2833/2833 2832/2832/2832 2831/2831/2831 
f 2833/2833/2833 2834/2834/2834 2832/2832/2832 
f 2837/2837/2837 2836/2836/2836 2835/2835/2835 
f 2837/2837/2837 2838/2838/2838 2836/2836/2836 
f 2840/2840/2840 2838/2838/2838 2837/2837/2837 
f 2840/2840/2840 2839/2839/2839 2838/2838/2838 

g Shell8

v -338.234 2.57702 -1.88526 
v -338.323 2.57702 -1.88526 
v -338.279 2.55856 -1.88526 
v -338.234 2.66614 -1.88526 
v -338.216 2.62158 -1.88526 
v -338.323 2.66614 -1.88526 
v -338.342 2.62158 -1.88526 
v -338.279 2.6846 -1.88526 
v -338.279 2.62158 -2.73156 
v -338.316 2.62158 -2.59658 
v -338.305 2.64763 -2.50657 
v -338.305 2.64794 -2.59658 
v -338.279 2.65886 -2.59658 
v -338.279 2.65842 -2.50657 
v -338.253 2.64763 -2.50657 
v -338.252 2.64794 -2.59658 
v -338.241 2.62158 -2.59658 
v -338.342 2.62158 -1.88526 
v -338.323 2.66614 -1.88526 
v -338.323 2.66614 -2.35658 
v -338.279 2.6846 -1.88526 
v -338.279 2.6846 -2.35658 
v -338.216 2.62158 -1.88526 
v -338.311 2.65374 -2.41122 
v -338.234 2.66614 -1.88526 
v -338.234 2.66614 -2.35658 
v -338.247 2.65374 -2.41122 
v -338.247 2.65374 -2.50657 
v -338.279 2.66706 -2.41122 
v -338.279 2.66706 -2.50657 
v -338.311 2.65374 -2.50657 
v -338.305 2.59522 -2.59658 
v -338.279 2.62158 -2.73156 
v -338.305 2.59553 -2.50657 
v -338.316 2.62158 -2.59658 
v -338.316 2.62158 -2.50657 
v -338.305 2.64763 -2.50657 
v -338.305 2.64794 -2.59658 
v -338.323 2.57702 -2.35658 
v -338.323 2.57702 -1.88526 
v -338.342 2.62158 -1.88526 
v -338.342 2.62158 -2.35658 
v -338.323 2.66614 -1.88526 
v -338.311 2.58942 -2.41122 
v -338.323 2.66614 -2.35658 
v -338.216 2.62158 -1.88526 
v -338.311 2.65374 -2.41122 
v -338.247 2.65374 -2.50657 
v -338.311 2.65374 -2.50657 
v -338.311 2.58942 -2.50657 
v -338.324 2.62158 -2.50657 
v -338.324 2.62158 -2.41122 
v -338.279 2.66706 -2.50657 
v -338.305 2.64763 -2.50657 
v -338.311 2.65374 -2.50657 
v -338.279 2.65842 -2.50657 
v -338.316 2.62158 -2.50657 
v -338.253 2.64763 -2.50657 
v -338.324 2.62158 -2.50657 
v -338.247 2.65374 -2.50657 
v -338.311 2.58942 -2.50657 
v -338.242 2.62158 -2.50657 
v -338.305 2.59553 -2.50657 
v -338.233 2.62158 -2.50657 
v -338.279 2.5761 -2.50657 
v -338.247 2.58942 -2.50657 
v -338.279 2.58474 -2.50657 
v -338.253 2.59553 -2.50657 
v -338.279 2.5843 -2.59658 
v -338.305 2.59522 -2.59658 
v -338.279 2.62158 -2.73156 
v -338.305 2.59553 -2.50657 
v -338.279 2.58474 -2.50657 
v -338.253 2.59553 -2.50657 
v -338.316 2.62158 -2.59658 
v -338.252 2.59522 -2.59658 
v -338.241 2.62158 -2.59658 
v -338.323 2.57702 -2.35658 
v -338.323 2.57702 -1.88526 
v -338.342 2.62158 -1.88526 
v -338.279 2.55856 -2.35658 
v -338.279 2.55856 -1.88526 
v -338.311 2.58942 -2.41122 
v -338.234 2.57702 -2.35658 
v -338.234 2.57702 -1.88526 
v -338.216 2.62158 -1.88526 
v -338.247 2.58942 -2.41122 
v -338.247 2.58942 -2.50657 
v -338.279 2.5761 -2.50657 
v -338.279 2.5761 -2.41122 
v -338.311 2.58942 -2.50657 
v -338.279 2.62158 -2.73156 
v -338.253 2.59553 -2.50657 
v -338.252 2.59522 -2.59658 
v -338.253 2.64763 -2.50657 
v -338.252 2.64794 -2.59658 
v -338.241 2.62158 -2.59658 
v -338.242 2.62158 -2.50657 
v -338.279 2.55856 -1.88526 
v -338.234 2.57702 -2.35658 
v -338.234 2.57702 -1.88526 
v -338.279 2.6846 -1.88526 
v -338.216 2.62158 -2.35658 
v -338.216 2.62158 -1.88526 
v -338.234 2.66614 -1.88526 
v -338.234 2.66614 -2.35658 
v -338.247 2.65374 -2.41122 
v -338.247 2.58942 -2.41122 
v -338.233 2.62158 -2.41122 
v -338.233 2.62158 -2.50657 
v -338.247 2.58942 -2.50657 
v -338.247 2.65374 -2.50657 

vn 0 0 1 
vn 0 0 1 
vn 0 0 1 
vn 0 0 1 
vn 0 0 1 
vn 0 0 1 
vn 0 0 1 
vn 0 0 1 
vn 0 0 -1 
vn -0.992126 0 -0.110236 
vn -0.708661 0.708661 0.00787402 
vn -0.700787 0.700787 -0.110236 
vn 0 0.992126 -0.110236 
vn 0 1 0.00787402 
vn 0.708661 0.708661 0.00787402 
vn 0.700787 0.700787 -0.110236 
vn 0.992126 0 -0.110236 
vn -1 0 0 
vn -0.708661 0.708661 0 
vn -0.700787 0.700787 -0.125984 
vn 0 1 0 
vn 0 0.992126 -0.125984 
vn 1 0 0 
vn -0.700787 0.700787 -0.149606 
vn 0.708661 0.708661 0 
vn 0.700787 0.700787 -0.125984 
vn 0.700787 0.700787 -0.149606 
vn 0.708661 0.708661 0 
vn 0 0.992126 -0.149606 
vn 0 1 0 
vn -0.708661 0.708661 0 
vn -0.700787 -0.700787 -0.110236 
vn 0 0 -1 
vn -0.708661 -0.708661 0.00787402 
vn -0.992126 0 -0.110236 
vn -1 0 0.00787402 
vn -0.708661 0.708661 0.00787402 
vn -0.700787 0.700787 -0.110236 
vn -0.700787 -0.700787 -0.125984 
vn -0.708661 -0.708661 0 
vn -1 0 0 
vn -0.992126 0 -0.125984 
vn -0.708661 0.708661 0 
vn -0.700787 -0.700787 -0.149606 
vn -0.700787 0.700787 -0.125984 
vn 1 0 0 
vn -0.700787 0.700787 -0.149606 
vn 0.708661 0.708661 0 
vn -0.708661 0.708661 0 
vn -0.708661 -0.708661 0 
vn -1 0 0 
vn -0.992126 0 -0.149606 
vn 0 0 -1 
vn 0 0 -1 
vn 0 0 -1 
vn 0 0 -1 
vn 0 0 -1 
vn 0 0 -1 
vn 0 0 -1 
vn 0 0 -1 
vn 0 0 -1 
vn 0 0 -1 
vn 0 0 -1 
vn 0 0 -1 
vn 0 0 -1 
vn 0 0 -1 
vn 0 0 -1 
vn 0 0 -1 
vn 0 -0.992126 -0.110236 
vn -0.700787 -0.700787 -0.110236 
vn 0 0 -1 
vn -0.708661 -0.708661 0.00787402 
vn 0 -1 0.00787402 
vn 0.708661 -0.708661 0.00787402 
vn -0.992126 0 -0.110236 
vn 0.700787 -0.700787 -0.110236 
vn 0.992126 0 -0.110236 
vn -0.700787 -0.700787 -0.125984 
vn -0.708661 -0.708661 0 
vn -1 0 0 
vn 0 -0.992126 -0.125984 
vn 0 -1 0 
vn -0.700787 -0.700787 -0.149606 
vn 0.700787 -0.700787 -0.125984 
vn 0.708661 -0.708661 0 
vn 1 0 0 
vn 0.700787 -0.700787 -0.149606 
vn 0.708661 -0.708661 0 
vn 0 -1 0 
vn 0 -0.992126 -0.149606 
vn -0.708661 -0.708661 0 
vn 0 0 -1 
vn 0.708661 -0.708661 0.00787402 
vn 0.700787 -0.700787 -0.110236 
vn 0.708661 0.708661 0.00787402 
vn 0.700787 0.700787 -0.110236 
vn 0.992126 0 -0.110236 
vn 1 0 0.00787402 
vn 0 -1 0 
vn 0.700787 -0.700787 -0.125984 
vn 0.708661 -0.708661 0 
vn 0 1 0 
vn 0.992126 0 -0.125984 
vn 1 0 0 
vn 0.708661 0.708661 0 
vn 0.700787 0.700787 -0.125984 
vn 0.700787 0.700787 -0.149606 
vn 0.700787 -0.700787 -0.149606 
vn 0.992126 0 -0.149606 
vn 1 0 0 
vn 0.708661 -0.708661 0 
vn 0.708661 0.708661 0 

vt -0.485177 0.730087 
vt -0.496317 0.730087 
vt -0.490747 0.72778 
vt -0.485177 0.741227 
vt -0.482869 0.735657 
vt -0.496317 0.741227 
vt -0.498624 0.735657 
vt -0.490747 0.743535 
vt -0.437853 0.735657 
vt -0.454725 0.740318 
vt -0.465976 0.738914 
vt -0.454725 0.738953 
vt -0.454725 0.735657 
vt -0.465976 0.735657 
vt -0.465976 0.732401 
vt -0.454725 0.732362 
vt -0.454725 0.730997 
vt -0.54364 0.743535 
vt -0.54364 0.741227 
vt -0.484725 0.741227 
vt -0.54364 0.735657 
vt -0.484725 0.735657 
vt -0.54364 0.72778 
vt -0.477895 0.739677 
vt -0.54364 0.730087 
vt -0.484725 0.730087 
vt -0.477895 0.731638 
vt -0.465976 0.731638 
vt -0.477895 0.735657 
vt -0.465976 0.735657 
vt -0.465976 0.739677 
vt -0.526768 0.732362 
vt -0.54364 0.735657 
vt -0.515517 0.732401 
vt -0.526768 0.735657 
vt -0.515517 0.735657 
vt -0.515517 0.738914 
vt -0.526768 0.738953 
vt -0.496768 0.730087 
vt -0.437853 0.730087 
vt -0.437853 0.735657 
vt -0.496768 0.735657 
vt -0.437853 0.741227 
vt -0.503598 0.731638 
vt -0.496768 0.741227 
vt -0.437853 0.735657 
vt -0.503598 0.739677 
vt -0.515517 0.739677 
vt -0.515517 0.739677 
vt -0.515517 0.731638 
vt -0.515517 0.735657 
vt -0.503598 0.735657 
vt -0.490747 0.741342 
vt -0.48749 0.738914 
vt -0.486727 0.739677 
vt -0.490747 0.740263 
vt -0.486141 0.735657 
vt -0.494003 0.738914 
vt -0.485062 0.735657 
vt -0.494766 0.739677 
vt -0.486727 0.731638 
vt -0.495352 0.735657 
vt -0.48749 0.732401 
vt -0.496431 0.735657 
vt -0.490747 0.729973 
vt -0.494766 0.731638 
vt -0.490747 0.731052 
vt -0.494003 0.732401 
vt -0.526768 0.735657 
vt -0.526768 0.738953 
vt -0.54364 0.735657 
vt -0.515517 0.738914 
vt -0.515517 0.735657 
vt -0.515517 0.732401 
vt -0.526768 0.740318 
vt -0.526768 0.732362 
vt -0.526768 0.730997 
vt -0.496768 0.741227 
vt -0.437853 0.741227 
vt -0.437853 0.743535 
vt -0.496768 0.735657 
vt -0.437853 0.735657 
vt -0.503598 0.739677 
vt -0.496768 0.730087 
vt -0.437853 0.730087 
vt -0.437853 0.72778 
vt -0.503598 0.731638 
vt -0.515517 0.731638 
vt -0.515517 0.735657 
vt -0.503598 0.735657 
vt -0.515517 0.739677 
vt -0.437853 0.735657 
vt -0.465976 0.732401 
vt -0.454725 0.732362 
vt -0.465976 0.738914 
vt -0.454725 0.738953 
vt -0.454725 0.735657 
vt -0.465976 0.735657 
vt -0.54364 0.72778 
vt -0.484725 0.730087 
vt -0.54364 0.730087 
vt -0.54364 0.743535 
vt -0.484725 0.735657 
vt -0.54364 0.735657 
vt -0.54364 0.741227 
vt -0.484725 0.741227 
vt -0.477895 0.739677 
vt -0.477895 0.731638 
vt -0.477895 0.735657 
vt -0.465976 0.735657 
vt -0.465976 0.731638 
vt -0.465976 0.739677 

usemtl Shell1Mtl

f 2841/2841/2841 2842/2842/2842 2843/2843/2843 
f 2842/2842/2842 2841/2841/2841 2844/2844/2844 
f 2844/2844/2844 2841/2841/2841 2845/2845/2845 
f 2844/2844/2844 2846/2846/2846 2842/2842/2842 
f 2842/2842/2842 2846/2846/2846 2847/2847/2847 
f 2846/2846/2846 2844/2844/2844 2848/2848/2848 
f 2851/2851/2851 2853/2853/2853 2852/2852/2852 
f 2852/2852/2852 2853/2853/2853 2849/2849/2849 
f 2853/2853/2853 2851/2851/2851 2854/2854/2854 
f 2855/2855/2855 2853/2853/2853 2854/2854/2854 
f 2853/2853/2853 2856/2856/2856 2849/2849/2849 
f 2853/2853/2853 2855/2855/2855 2856/2856/2856 
f 2861/2861/2861 2860/2860/2860 2859/2859/2859 
f 2860/2860/2860 2861/2861/2861 2862/2862/2862 
f 2862/2862/2862 2864/2864/2864 2860/2860/2860 
f 2865/2865/2865 2862/2862/2862 2861/2861/2861 
f 2862/2862/2862 2865/2865/2865 2866/2866/2866 
f 2867/2867/2867 2862/2862/2862 2866/2866/2866 
f 2868/2868/2868 2869/2869/2869 2867/2867/2867 
f 2862/2862/2862 2867/2867/2867 2869/2869/2869 
f 2869/2869/2869 2868/2868/2868 2870/2870/2870 
f 2864/2864/2864 2862/2862/2862 2869/2869/2869 
f 2870/2870/2870 2864/2864/2864 2869/2869/2869 
f 2864/2864/2864 2870/2870/2870 2871/2871/2871 
f 2872/2872/2872 2874/2874/2874 2875/2875/2875 
f 2872/2872/2872 2875/2875/2875 2873/2873/2873 
f 2876/2876/2876 2875/2875/2875 2874/2874/2874 
f 2877/2877/2877 2875/2875/2875 2876/2876/2876 
f 2875/2875/2875 2877/2877/2877 2878/2878/2878 
f 2875/2875/2875 2878/2878/2878 2873/2873/2873 
f 2879/2879/2879 2880/2880/2880 2881/2881/2881 
f 2879/2879/2879 2881/2881/2881 2882/2882/2882 
f 2882/2882/2882 2881/2881/2881 2883/2883/2883 
f 2882/2882/2882 2884/2884/2884 2879/2879/2879 
f 2882/2882/2882 2883/2883/2883 2885/2885/2885 
f 2885/2885/2885 2887/2887/2887 2882/2882/2882 
f 2890/2890/2890 2884/2884/2884 2891/2891/2891 
f 2887/2887/2887 2889/2889/2889 2892/2892/2892 
f 2891/2891/2891 2892/2892/2892 2889/2889/2889 
f 2892/2892/2892 2891/2891/2891 2884/2884/2884 
f 2892/2892/2892 2882/2882/2882 2887/2887/2887 
f 2884/2884/2884 2882/2882/2882 2892/2892/2892 
f 2893/2893/2893 2894/2894/2894 2895/2895/2895 
f 2894/2894/2894 2893/2893/2893 2896/2896/2896 
f 2897/2897/2897 2895/2895/2895 2894/2894/2894 
f 2893/2893/2893 2898/2898/2898 2896/2896/2896 
f 2895/2895/2895 2897/2897/2897 2899/2899/2899 
f 2893/2893/2893 2900/2900/2900 2898/2898/2898 
f 2897/2897/2897 2901/2901/2901 2899/2899/2899 
f 2902/2902/2902 2898/2898/2898 2900/2900/2900 
f 2901/2901/2901 2897/2897/2897 2903/2903/2903 
f 2900/2900/2900 2904/2904/2904 2902/2902/2902 
f 2905/2905/2905 2901/2901/2901 2903/2903/2903 
f 2906/2906/2906 2902/2902/2902 2904/2904/2904 
f 2905/2905/2905 2903/2903/2903 2907/2907/2907 
f 2902/2902/2902 2906/2906/2906 2908/2908/2908 
f 2905/2905/2905 2908/2908/2908 2906/2906/2906 
f 2908/2908/2908 2905/2905/2905 2907/2907/2907 
f 2909/2909/2909 2910/2910/2910 2911/2911/2911 
f 2909/2909/2909 2912/2912/2912 2910/2910/2910 
f 2912/2912/2912 2909/2909/2909 2913/2913/2913 
f 2913/2913/2913 2909/2909/2909 2914/2914/2914 
f 2916/2916/2916 2914/2914/2914 2909/2909/2909 
f 2916/2916/2916 2909/2909/2909 2911/2911/2911 
f 2921/2921/2921 2919/2919/2919 2918/2918/2918 
f 2921/2921/2921 2922/2922/2922 2919/2919/2919 
f 2918/2918/2918 2923/2923/2923 2921/2921/2921 
f 2924/2924/2924 2922/2922/2922 2921/2921/2921 
f 2924/2924/2924 2925/2925/2925 2922/2922/2922 
f 2921/2921/2921 2927/2927/2927 2924/2924/2924 
f 2928/2928/2928 2927/2927/2927 2929/2929/2929 
f 2930/2930/2930 2929/2929/2929 2927/2927/2927 
f 2927/2927/2927 2921/2921/2921 2930/2930/2930 
f 2929/2929/2929 2930/2930/2930 2931/2931/2931 
f 2930/2930/2930 2921/2921/2921 2923/2923/2923 
f 2923/2923/2923 2931/2931/2931 2930/2930/2930 
f 2937/2937/2937 2934/2934/2934 2932/2932/2932 
f 2936/2936/2936 2937/2937/2937 2932/2932/2932 
f 2936/2936/2936 2935/2935/2935 2937/2937/2937 
f 2937/2937/2937 2933/2933/2933 2934/2934/2934 
f 2938/2938/2938 2937/2937/2937 2935/2935/2935 
f 2933/2933/2933 2937/2937/2937 2938/2938/2938 
f 2943/2943/2943 2941/2941/2941 2940/2940/2940 
f 2943/2943/2943 2944/2944/2944 2941/2941/2941 
f 2946/2946/2946 2945/2945/2945 2944/2944/2944 
f 2946/2946/2946 2944/2944/2944 2943/2943/2943 
f 2943/2943/2943 2947/2947/2947 2946/2946/2946 
f 2940/2940/2940 2948/2948/2948 2943/2943/2943 
f 2947/2947/2947 2943/2943/2943 2949/2949/2949 
f 2949/2949/2949 2943/2943/2943 2948/2948/2948 
f 2949/2949/2949 2950/2950/2950 2947/2947/2947 
f 2950/2950/2950 2949/2949/2949 2951/2951/2951 
f 2948/2948/2948 2951/2951/2951 2949/2949/2949 
f 2952/2952/2952 2947/2947/2947 2950/2950/2950 

g Strap8

v -338.203 2.62158 -1.9854 
v -338.354 2.62158 -1.9854 
v -338.279 2.54592 -1.9854 
v -338.332 2.56808 -1.9854 
v -338.225 2.56808 -1.9854 
v -338.279 2.69724 -1.9854 
v -338.332 2.67508 -1.9854 
v -338.225 2.67508 -1.9854 
v -338.332 2.67508 -1.9854 
v -338.332 2.67508 -2.25654 
v -338.279 2.69724 -1.9854 
v -338.279 2.69724 -2.25654 
v -338.225 2.67508 -1.9854 
v -338.225 2.67508 -2.25654 
v -338.332 2.56808 -2.25654 
v -338.332 2.56808 -1.9854 
v -338.354 2.62158 -1.9854 
v -338.354 2.62158 -2.25654 
v -338.332 2.67508 -1.9854 
v -338.332 2.67508 -2.25654 
v -338.279 2.54592 -2.25654 
v -338.354 2.62158 -2.25654 
v -338.203 2.62158 -2.25654 
v -338.332 2.56808 -2.25654 
v -338.225 2.56808 -2.25654 
v -338.279 2.69724 -2.25654 
v -338.225 2.67508 -2.25654 
v -338.332 2.67508 -2.25654 
v -338.332 2.56808 -2.25654 
v -338.332 2.56808 -1.9854 
v -338.279 2.54592 -2.25654 
v -338.279 2.54592 -1.9854 
v -338.225 2.56808 -2.25654 
v -338.225 2.56808 -1.9854 
v -338.225 2.56808 -2.25654 
v -338.225 2.56808 -1.9854 
v -338.203 2.62158 -2.25654 
v -338.203 2.62158 -1.9854 
v -338.225 2.67508 -1.9854 
v -338.225 2.67508 -2.25654 

vn 0 0 1 
vn 0 0 1 
vn 0 0 1 
vn 0 0 1 
vn 0 0 1 
vn 0 0 1 
vn 0 0 1 
vn 0 0 1 
vn -0.708661 0.708661 0 
vn -0.708661 0.708661 0 
vn 0 1 0 
vn 0 1 0 
vn 0.708661 0.708661 0 
vn 0.708661 0.708661 0 
vn -0.708661 -0.708661 0 
vn -0.708661 -0.708661 0 
vn -1 0 0 
vn -1 0 0 
vn -0.708661 0.708661 0 
vn -0.708661 0.708661 0 
vn 0 0 -1 
vn 0 0 -1 
vn 0 0 -1 
vn 0 0 -1 
vn 0 0 -1 
vn 0 0 -1 
vn 0 0 -1 
vn 0 0 -1 
vn -0.708661 -0.708661 0 
vn -0.708661 -0.708661 0 
vn 0 -1 0 
vn 0 -1 0 
vn 0.708661 -0.708661 0 
vn 0.708661 -0.708661 0 
vn 0.708661 -0.708661 0 
vn 0.708661 -0.708661 0 
vn 1 0 0 
vn 1 0 0 
vn 0.708661 0.708661 0 
vn 0.708661 0.708661 0 

vt 48.0095 -49 
vt 47.9905 -49 
vt 48 -49.0095 
vt 47.9933 -49.0067 
vt 48.0067 -49.0067 
vt 48 -48.9905 
vt 47.9933 -48.9933 
vt 48.0067 -48.9933 
vt 47.9831 -48.9933 
vt 48.0169 -48.9933 
vt 47.9831 -49 
vt 48.0169 -49 
vt 47.9831 -49.0067 
vt 48.0169 -49.0067 
vt 47.9831 -49.0067 
vt 48.0169 -49.0067 
vt 48.0169 -49 
vt 47.9831 -49 
vt 48.0169 -48.9933 
vt 47.9831 -48.9933 
vt 48 -49.0095 
vt 48.0095 -49 
vt 47.9905 -49 
vt 48.0067 -49.0067 
vt 47.9933 -49.0067 
vt 48 -48.9905 
vt 47.9933 -48.9933 
vt 48.0067 -48.9933 
vt 47.9831 -48.9933 
vt 48.0169 -48.9933 
vt 47.9831 -49 
vt 48.0169 -49 
vt 47.9831 -49.0067 
vt 48.0169 -49.0067 
vt 48.0169 -49.0067 
vt 47.9831 -49.0067 
vt 48.0169 -49 
vt 47.9831 -49 
vt 47.9831 -48.9933 
vt 48.0169 -48.9933 

usemtl Strap1Mtl

f 2953/2953/2953 2954/2954/2954 2955/2955/2955 
f 2955/2955/2955 2954/2954/2954 2956/2956/2956 
f 2953/2953/2953 2955/2955/2955 2957/2957/2957 
f 2953/2953/2953 2958/2958/2958 2954/2954/2954 
f 2954/2954/2954 2958/2958/2958 2959/2959/2959 
f 2958/2958/2958 2953/2953/2953 2960/2960/2960 
f 2963/2963/2963 2962/2962/2962 2961/2961/2961 
f 2963/2963/2963 2964/2964/2964 2962/2962/2962 
f 2965/2965/2965 2964/2964/2964 2963/2963/2963 
f 2965/2965/2965 2966/2966/2966 2964/2964/2964 
f 2967/2967/2967 2968/2968/2968 2969/2969/2969 
f 2967/2967/2967 2969/2969/2969 2970/2970/2970 
f 2970/2970/2970 2969/2969/2969 2971/2971/2971 
f 2970/2970/2970 2971/2971/2971 2972/2972/2972 
f 2973/2973/2973 2974/2974/2974 2975/2975/2975 
f 2974/2974/2974 2973/2973/2973 2976/2976/2976 
f 2973/2973/2973 2975/2975/2975 2977/2977/2977 
f 2974/2974/2974 2978/2978/2978 2975/2975/2975 
f 2975/2975/2975 2978/2978/2978 2979/2979/2979 
f 2978/2978/2978 2974/2974/2974 2980/2980/2980 
f 2983/2983/2983 2982/2982/2982 2981/2981/2981 
f 2983/2983/2983 2984/2984/2984 2982/2982/2982 
f 2985/2985/2985 2984/2984/2984 2983/2983/2983 
f 2985/2985/2985 2986/2986/2986 2984/2984/2984 
f 2989/2989/2989 2988/2988/2988 2987/2987/2987 
f 2989/2989/2989 2990/2990/2990 2988/2988/2988 
f 2992/2992/2992 2990/2990/2990 2989/2989/2989 
f 2992/2992/2992 2991/2991/2991 2990/2990/2990 

g Shell9

v -338.234 2.72851 -1.88526 
v -338.323 2.72851 -1.88526 
v -338.279 2.71005 -1.88526 
v -338.234 2.81763 -1.88526 
v -338.216 2.77307 -1.88526 
v -338.323 2.81763 -1.88526 
v -338.342 2.77307 -1.88526 
v -338.279 2.83609 -1.88526 
v -338.279 2.77307 -2.73156 
v -338.316 2.77307 -2.59658 
v -338.305 2.79912 -2.50657 
v -338.305 2.79943 -2.59658 
v -338.279 2.81035 -2.59658 
v -338.279 2.80991 -2.50657 
v -338.253 2.79912 -2.50657 
v -338.252 2.79943 -2.59658 
v -338.241 2.77307 -2.59658 
v -338.342 2.77307 -1.88526 
v -338.323 2.81763 -1.88526 
v -338.323 2.81763 -2.35658 
v -338.279 2.83609 -1.88526 
v -338.279 2.83609 -2.35658 
v -338.216 2.77307 -1.88526 
v -338.311 2.80523 -2.41122 
v -338.234 2.81763 -1.88526 
v -338.234 2.81763 -2.35658 
v -338.247 2.80523 -2.41122 
v -338.247 2.80523 -2.50657 
v -338.279 2.81855 -2.41122 
v -338.279 2.81855 -2.50657 
v -338.311 2.80523 -2.50657 
v -338.305 2.74671 -2.59658 
v -338.279 2.77307 -2.73156 
v -338.305 2.74702 -2.50657 
v -338.316 2.77307 -2.59658 
v -338.316 2.77307 -2.50657 
v -338.305 2.79912 -2.50657 
v -338.305 2.79943 -2.59658 
v -338.323 2.72851 -2.35658 
v -338.323 2.72851 -1.88526 
v -338.342 2.77307 -1.88526 
v -338.342 2.77307 -2.35658 
v -338.323 2.81763 -1.88526 
v -338.311 2.74091 -2.41122 
v -338.323 2.81763 -2.35658 
v -338.216 2.77307 -1.88526 
v -338.311 2.80523 -2.41122 
v -338.247 2.80523 -2.50657 
v -338.311 2.80523 -2.50657 
v -338.311 2.74091 -2.50657 
v -338.324 2.77307 -2.50657 
v -338.324 2.77307 -2.41122 
v -338.279 2.81855 -2.50657 
v -338.305 2.79912 -2.50657 
v -338.311 2.80523 -2.50657 
v -338.279 2.80991 -2.50657 
v -338.316 2.77307 -2.50657 
v -338.253 2.79912 -2.50657 
v -338.324 2.77307 -2.50657 
v -338.247 2.80523 -2.50657 
v -338.311 2.74091 -2.50657 
v -338.242 2.77307 -2.50657 
v -338.305 2.74702 -2.50657 
v -338.233 2.77307 -2.50657 
v -338.279 2.72759 -2.50657 
v -338.247 2.74091 -2.50657 
v -338.279 2.73623 -2.50657 
v -338.253 2.74702 -2.50657 
v -338.279 2.73579 -2.59658 
v -338.305 2.74671 -2.59658 
v -338.279 2.77307 -2.73156 
v -338.305 2.74702 -2.50657 
v -338.279 2.73623 -2.50657 
v -338.253 2.74702 -2.50657 
v -338.316 2.77307 -2.59658 
v -338.252 2.74671 -2.59658 
v -338.241 2.77307 -2.59658 
v -338.323 2.72851 -2.35658 
v -338.323 2.72851 -1.88526 
v -338.342 2.77307 -1.88526 
v -338.279 2.71005 -2.35658 
v -338.279 2.71005 -1.88526 
v -338.311 2.74091 -2.41122 
v -338.234 2.72851 -2.35658 
v -338.234 2.72851 -1.88526 
v -338.216 2.77307 -1.88526 
v -338.247 2.74091 -2.41122 
v -338.247 2.74091 -2.50657 
v -338.279 2.72759 -2.50657 
v -338.279 2.72759 -2.41122 
v -338.311 2.74091 -2.50657 
v -338.279 2.77307 -2.73156 
v -338.253 2.74702 -2.50657 
v -338.252 2.74671 -2.59658 
v -338.253 2.79912 -2.50657 
v -338.252 2.79943 -2.59658 
v -338.241 2.77307 -2.59658 
v -338.242 2.77307 -2.50657 
v -338.279 2.71005 -1.88526 
v -338.234 2.72851 -2.35658 
v -338.234 2.72851 -1.88526 
v -338.279 2.83609 -1.88526 
v -338.216 2.77307 -2.35658 
v -338.216 2.77307 -1.88526 
v -338.234 2.81763 -1.88526 
v -338.234 2.81763 -2.35658 
v -338.247 2.80523 -2.41122 
v -338.247 2.74091 -2.41122 
v -338.233 2.77307 -2.41122 
v -338.233 2.77307 -2.50657 
v -338.247 2.74091 -2.50657 
v -338.247 2.80523 -2.50657 

vn 0 0 1 
vn 0 0 1 
vn 0 0 1 
vn 0 0 1 
vn 0 0 1 
vn 0 0 1 
vn 0 0 1 
vn 0 0 1 
vn 0 0 -1 
vn -0.992126 0 -0.110236 
vn -0.708661 0.708661 0.00787402 
vn -0.700787 0.700787 -0.110236 
vn 0 0.992126 -0.110236 
vn 0 1 0.00787402 
vn 0.708661 0.708661 0.00787402 
vn 0.700787 0.700787 -0.110236 
vn 0.992126 0 -0.110236 
vn -1 0 0 
vn -0.708661 0.708661 0 
vn -0.700787 0.700787 -0.125984 
vn 0 1 0 
vn 0 0.992126 -0.125984 
vn 1 0 0 
vn -0.700787 0.700787 -0.149606 
vn 0.708661 0.708661 0 
vn 0.700787 0.700787 -0.125984 
vn 0.700787 0.700787 -0.149606 
vn 0.708661 0.708661 0 
vn 0 0.992126 -0.149606 
vn 0 1 0 
vn -0.708661 0.708661 0 
vn -0.700787 -0.700787 -0.110236 
vn 0 0 -1 
vn -0.708661 -0.708661 0.00787402 
vn -0.992126 0 -0.110236 
vn -1 0 0.00787402 
vn -0.708661 0.708661 0.00787402 
vn -0.700787 0.700787 -0.110236 
vn -0.700787 -0.700787 -0.125984 
vn -0.708661 -0.708661 0 
vn -1 0 0 
vn -0.992126 0 -0.125984 
vn -0.708661 0.708661 0 
vn -0.700787 -0.700787 -0.149606 
vn -0.700787 0.700787 -0.125984 
vn 1 0 0 
vn -0.700787 0.700787 -0.149606 
vn 0.708661 0.708661 0 
vn -0.708661 0.708661 0 
vn -0.708661 -0.708661 0 
vn -1 0 0 
vn -0.992126 0 -0.149606 
vn 0 0 -1 
vn 0 0 -1 
vn 0 0 -1 
vn 0 0 -1 
vn 0 0 -1 
vn 0 0 -1 
vn 0 0 -1 
vn 0 0 -1 
vn 0 0 -1 
vn 0 0 -1 
vn 0 0 -1 
vn 0 0 -1 
vn 0 0 -1 
vn 0 0 -1 
vn 0 0 -1 
vn 0 0 -1 
vn 0 -0.992126 -0.110236 
vn -0.700787 -0.700787 -0.110236 
vn 0 0 -1 
vn -0.708661 -0.708661 0.00787402 
vn 0 -1 0.00787402 
vn 0.708661 -0.708661 0.00787402 
vn -0.992126 0 -0.110236 
vn 0.700787 -0.700787 -0.110236 
vn 0.992126 0 -0.110236 
vn -0.700787 -0.700787 -0.125984 
vn -0.708661 -0.708661 0 
vn -1 0 0 
vn 0 -0.992126 -0.125984 
vn 0 -1 0 
vn -0.700787 -0.700787 -0.149606 
vn 0.700787 -0.700787 -0.125984 
vn 0.708661 -0.708661 0 
vn 1 0 0 
vn 0.700787 -0.700787 -0.149606 
vn 0.708661 -0.708661 0 
vn 0 -1 0 
vn 0 -0.992126 -0.149606 
vn -0.708661 -0.708661 0 
vn 0 0 -1 
vn 0.708661 -0.708661 0.00787402 
vn 0.700787 -0.700787 -0.110236 
vn 0.708661 0.708661 0.00787402 
vn 0.700787 0.700787 -0.110236 
vn 0.992126 0 -0.110236 
vn 1 0 0.00787402 
vn 0 -1 0 
vn 0.700787 -0.700787 -0.125984 
vn 0.708661 -0.708661 0 
vn 0 1 0 
vn 0.992126 0 -0.125984 
vn 1 0 0 
vn 0.708661 0.708661 0 
vn 0.700787 0.700787 -0.125984 
vn 0.700787 0.700787 -0.149606 
vn 0.700787 -0.700787 -0.149606 
vn 0.992126 0 -0.149606 
vn 1 0 0 
vn 0.708661 -0.708661 0 
vn 0.708661 0.708661 0 

vt -0.541546 1.11332 
vt -0.552686 1.11332 
vt -0.547116 1.11101 
vt -0.541546 1.12446 
vt -0.539239 1.11889 
vt -0.552686 1.12446 
vt -0.554993 1.11889 
vt -0.547116 1.12677 
vt -0.494223 1.11889 
vt -0.511095 1.12355 
vt -0.522346 1.12215 
vt -0.511095 1.12218 
vt -0.511095 1.11889 
vt -0.522346 1.11889 
vt -0.522346 1.11563 
vt -0.511095 1.11559 
vt -0.511095 1.11423 
vt -0.600009 1.12677 
vt -0.600009 1.12446 
vt -0.541094 1.12446 
vt -0.600009 1.11889 
vt -0.541094 1.11889 
vt -0.600009 1.11101 
vt -0.534264 1.12291 
vt -0.600009 1.11332 
vt -0.541094 1.11332 
vt -0.534264 1.11487 
vt -0.522346 1.11487 
vt -0.534264 1.11889 
vt -0.522346 1.11889 
vt -0.522346 1.12291 
vt -0.583137 1.11559 
vt -0.600009 1.11889 
vt -0.571886 1.11563 
vt -0.583137 1.11889 
vt -0.571886 1.11889 
vt -0.571886 1.12215 
vt -0.583137 1.12218 
vt -0.553138 1.11332 
vt -0.494223 1.11332 
vt -0.494223 1.11889 
vt -0.553138 1.11889 
vt -0.494223 1.12446 
vt -0.559968 1.11487 
vt -0.553138 1.12446 
vt -0.494223 1.11889 
vt -0.559968 1.12291 
vt -0.571886 1.12291 
vt -0.571886 1.12291 
vt -0.571886 1.11487 
vt -0.571886 1.11889 
vt -0.559968 1.11889 
vt -0.547116 1.12457 
vt -0.54386 1.12215 
vt -0.543096 1.12291 
vt -0.547116 1.12349 
vt -0.542511 1.11889 
vt -0.550372 1.12215 
vt -0.541431 1.11889 
vt -0.551136 1.12291 
vt -0.543096 1.11487 
vt -0.551721 1.11889 
vt -0.54386 1.11563 
vt -0.552801 1.11889 
vt -0.547116 1.1132 
vt -0.551136 1.11487 
vt -0.547116 1.11428 
vt -0.550372 1.11563 
vt -0.583137 1.11889 
vt -0.583137 1.12218 
vt -0.600009 1.11889 
vt -0.571886 1.12215 
vt -0.571886 1.11889 
vt -0.571886 1.11563 
vt -0.583137 1.12355 
vt -0.583137 1.11559 
vt -0.583137 1.11423 
vt -0.553138 1.12446 
vt -0.494223 1.12446 
vt -0.494223 1.12677 
vt -0.553138 1.11889 
vt -0.494223 1.11889 
vt -0.559968 1.12291 
vt -0.553138 1.11332 
vt -0.494223 1.11332 
vt -0.494223 1.11101 
vt -0.559968 1.11487 
vt -0.571886 1.11487 
vt -0.571886 1.11889 
vt -0.559968 1.11889 
vt -0.571886 1.12291 
vt -0.494223 1.11889 
vt -0.522346 1.11563 
vt -0.511095 1.11559 
vt -0.522346 1.12215 
vt -0.511095 1.12218 
vt -0.511095 1.11889 
vt -0.522346 1.11889 
vt -0.600009 1.11101 
vt -0.541094 1.11332 
vt -0.600009 1.11332 
vt -0.600009 1.12677 
vt -0.541094 1.11889 
vt -0.600009 1.11889 
vt -0.600009 1.12446 
vt -0.541094 1.12446 
vt -0.534264 1.12291 
vt -0.534264 1.11487 
vt -0.534264 1.11889 
vt -0.522346 1.11889 
vt -0.522346 1.11487 
vt -0.522346 1.12291 

usemtl Shell1Mtl

f 2993/2993/2993 2994/2994/2994 2995/2995/2995 
f 2994/2994/2994 2993/2993/2993 2996/2996/2996 
f 2996/2996/2996 2993/2993/2993 2997/2997/2997 
f 2996/2996/2996 2998/2998/2998 2994/2994/2994 
f 2994/2994/2994 2998/2998/2998 2999/2999/2999 
f 2998/2998/2998 2996/2996/2996 3000/3000/3000 
f 3003/3003/3003 3005/3005/3005 3004/3004/3004 
f 3004/3004/3004 3005/3005/3005 3001/3001/3001 
f 3005/3005/3005 3003/3003/3003 3006/3006/3006 
f 3007/3007/3007 3005/3005/3005 3006/3006/3006 
f 3005/3005/3005 3008/3008/3008 3001/3001/3001 
f 3005/3005/3005 3007/3007/3007 3008/3008/3008 
f 3013/3013/3013 3012/3012/3012 3011/3011/3011 
f 3012/3012/3012 3013/3013/3013 3014/3014/3014 
f 3014/3014/3014 3016/3016/3016 3012/3012/3012 
f 3017/3017/3017 3014/3014/3014 3013/3013/3013 
f 3014/3014/3014 3017/3017/3017 3018/3018/3018 
f 3019/3019/3019 3014/3014/3014 3018/3018/3018 
f 3020/3020/3020 3021/3021/3021 3019/3019/3019 
f 3014/3014/3014 3019/3019/3019 3021/3021/3021 
f 3021/3021/3021 3020/3020/3020 3022/3022/3022 
f 3016/3016/3016 3014/3014/3014 3021/3021/3021 
f 3022/3022/3022 3016/3016/3016 3021/3021/3021 
f 3016/3016/3016 3022/3022/3022 3023/3023/3023 
f 3024/3024/3024 3026/3026/3026 3027/3027/3027 
f 3024/3024/3024 3027/3027/3027 3025/3025/3025 
f 3028/3028/3028 3027/3027/3027 3026/3026/3026 
f 3029/3029/3029 3027/3027/3027 3028/3028/3028 
f 3027/3027/3027 3029/3029/3029 3030/3030/3030 
f 3027/3027/3027 3030/3030/3030 3025/3025/3025 
f 3031/3031/3031 3032/3032/3032 3033/3033/3033 
f 3031/3031/3031 3033/3033/3033 3034/3034/3034 
f 3034/3034/3034 3033/3033/3033 3035/3035/3035 
f 3034/3034/3034 3036/3036/3036 3031/3031/3031 
f 3034/3034/3034 3035/3035/3035 3037/3037/3037 
f 3037/3037/3037 3039/3039/3039 3034/3034/3034 
f 3042/3042/3042 3036/3036/3036 3043/3043/3043 
f 3039/3039/3039 3041/3041/3041 3044/3044/3044 
f 3043/3043/3043 3044/3044/3044 3041/3041/3041 
f 3044/3044/3044 3043/3043/3043 3036/3036/3036 
f 3044/3044/3044 3034/3034/3034 3039/3039/3039 
f 3036/3036/3036 3034/3034/3034 3044/3044/3044 
f 3045/3045/3045 3046/3046/3046 3047/3047/3047 
f 3046/3046/3046 3045/3045/3045 3048/3048/3048 
f 3049/3049/3049 3047/3047/3047 3046/3046/3046 
f 3045/3045/3045 3050/3050/3050 3048/3048/3048 
f 3047/3047/3047 3049/3049/3049 3051/3051/3051 
f 3045/3045/3045 3052/3052/3052 3050/3050/3050 
f 3049/3049/3049 3053/3053/3053 3051/3051/3051 
f 3054/3054/3054 3050/3050/3050 3052/3052/3052 
f 3053/3053/3053 3049/3049/3049 3055/3055/3055 
f 3052/3052/3052 3056/3056/3056 3054/3054/3054 
f 3057/3057/3057 3053/3053/3053 3055/3055/3055 
f 3058/3058/3058 3054/3054/3054 3056/3056/3056 
f 3057/3057/3057 3055/3055/3055 3059/3059/3059 
f 3054/3054/3054 3058/3058/3058 3060/3060/3060 
f 3057/3057/3057 3060/3060/3060 3058/3058/3058 
f 3060/3060/3060 3057/3057/3057 3059/3059/3059 
f 3061/3061/3061 3062/3062/3062 3063/3063/3063 
f 3061/3061/3061 3064/3064/3064 3062/3062/3062 
f 3064/3064/3064 3061/3061/3061 3065/3065/3065 
f 3065/3065/3065 3061/3061/3061 3066/3066/3066 
f 3068/3068/3068 3066/3066/3066 3061/3061/3061 
f 3068/3068/3068 3061/3061/3061 3063/3063/3063 
f 3073/3073/3073 3071/3071/3071 3070/3070/3070 
f 3073/3073/3073 3074/3074/3074 3071/3071/3071 
f 3070/3070/3070 3075/3075/3075 3073/3073/3073 
f 3076/3076/3076 3074/3074/3074 3073/3073/3073 
f 3076/3076/3076 3077/3077/3077 3074/3074/3074 
f 3073/3073/3073 3079/3079/3079 3076/3076/3076 
f 3080/3080/3080 3079/3079/3079 3081/3081/3081 
f 3082/3082/3082 3081/3081/3081 3079/3079/3079 
f 3079/3079/3079 3073/3073/3073 3082/3082/3082 
f 3081/3081/3081 3082/3082/3082 3083/3083/3083 
f 3082/3082/3082 3073/3073/3073 3075/3075/3075 
f 3075/3075/3075 3083/3083/3083 3082/3082/3082 
f 3089/3089/3089 3086/3086/3086 3084/3084/3084 
f 3088/3088/3088 3089/3089/3089 3084/3084/3084 
f 3088/3088/3088 3087/3087/3087 3089/3089/3089 
f 3089/3089/3089 3085/3085/3085 3086/3086/3086 
f 3090/3090/3090 3089/3089/3089 3087/3087/3087 
f 3085/3085/3085 3089/3089/3089 3090/3090/3090 
f 3095/3095/3095 3093/3093/3093 3092/3092/3092 
f 3095/3095/3095 3096/3096/3096 3093/3093/3093 
f 3098/3098/3098 3097/3097/3097 3096/3096/3096 
f 3098/3098/3098 3096/3096/3096 3095/3095/3095 
f 3095/3095/3095 3099/3099/3099 3098/3098/3098 
f 3092/3092/3092 3100/3100/3100 3095/3095/3095 
f 3099/3099/3099 3095/3095/3095 3101/3101/3101 
f 3101/3101/3101 3095/3095/3095 3100/3100/3100 
f 3101/3101/3101 3102/3102/3102 3099/3099/3099 
f 3102/3102/3102 3101/3101/3101 3103/3103/3103 
f 3100/3100/3100 3103/3103/3103 3101/3101/3101 
f 3104/3104/3104 3099/3099/3099 3102/3102/3102 

g Strap9

v -338.203 2.77307 -1.9854 
v -338.354 2.77307 -1.9854 
v -338.279 2.69741 -1.9854 
v -338.332 2.71957 -1.9854 
v -338.225 2.71957 -1.9854 
v -338.279 2.84873 -1.9854 
v -338.332 2.82657 -1.9854 
v -338.225 2.82657 -1.9854 
v -338.332 2.82657 -1.9854 
v -338.332 2.82657 -2.25654 
v -338.279 2.84873 -1.9854 
v -338.279 2.84873 -2.25654 
v -338.225 2.82657 -1.9854 
v -338.225 2.82657 -2.25654 
v -338.332 2.71957 -2.25654 
v -338.332 2.71957 -1.9854 
v -338.354 2.77307 -1.9854 
v -338.354 2.77307 -2.25654 
v -338.332 2.82657 -1.9854 
v -338.332 2.82657 -2.25654 
v -338.279 2.69741 -2.25654 
v -338.354 2.77307 -2.25654 
v -338.203 2.77307 -2.25654 
v -338.332 2.71957 -2.25654 
v -338.225 2.71957 -2.25654 
v -338.279 2.84873 -2.25654 
v -338.225 2.82657 -2.25654 
v -338.332 2.82657 -2.25654 
v -338.332 2.71957 -2.25654 
v -338.332 2.71957 -1.9854 
v -338.279 2.69741 -2.25654 
v -338.279 2.69741 -1.9854 
v -338.225 2.71957 -2.25654 
v -338.225 2.71957 -1.9854 
v -338.225 2.71957 -2.25654 
v -338.225 2.71957 -1.9854 
v -338.203 2.77307 -2.25654 
v -338.203 2.77307 -1.9854 
v -338.225 2.82657 -1.9854 
v -338.225 2.82657 -2.25654 

vn 0 0 1 
vn 0 0 1 
vn 0 0 1 
vn 0 0 1 
vn 0 0 1 
vn 0 0 1 
vn 0 0 1 
vn 0 0 1 
vn -0.708661 0.708661 0 
vn -0.708661 0.708661 0 
vn 0 1 0 
vn 0 1 0 
vn 0.708661 0.708661 0 
vn 0.708661 0.708661 0 
vn -0.708661 -0.708661 0 
vn -0.708661 -0.708661 0 
vn -1 0 0 
vn -1 0 0 
vn -0.708661 0.708661 0 
vn -0.708661 0.708661 0 
vn 0 0 -1 
vn 0 0 -1 
vn 0 0 -1 
vn 0 0 -1 
vn 0 0 -1 
vn 0 0 -1 
vn 0 0 -1 
vn 0 0 -1 
vn -0.708661 -0.708661 0 
vn -0.708661 -0.708661 0 
vn 0 -1 0 
vn 0 -1 0 
vn 0.708661 -0.708661 0 
vn 0.708661 -0.708661 0 
vn 0.708661 -0.708661 0 
vn 0.708661 -0.708661 0 
vn 1 0 0 
vn 1 0 0 
vn 0.708661 0.708661 0 
vn 0.708661 0.708661 0 

vt 40.0095 -15 
vt 39.9905 -15 
vt 40 -15.0095 
vt 39.9933 -15.0067 
vt 40.0067 -15.0067 
vt 40 -14.9905 
vt 39.9933 -14.9933 
vt 40.0067 -14.9933 
vt 39.9831 -14.9933 
vt 40.0169 -14.9933 
vt 39.9831 -15 
vt 40.0169 -15 
vt 39.9831 -15.0067 
vt 40.0169 -15.0067 
vt 39.9831 -15.0067 
vt 40.0169 -15.0067 
vt 40.0169 -15 
vt 39.9831 -15 
vt 40.0169 -14.9933 
vt 39.9831 -14.9933 
vt 40 -15.0095 
vt 40.0095 -15 
vt 39.9905 -15 
vt 40.0067 -15.0067 
vt 39.9933 -15.0067 
vt 40 -14.9905 
vt 39.9933 -14.9933 
vt 40.0067 -14.9933 
vt 39.9831 -14.9933 
vt 40.0169 -14.9933 
vt 39.9831 -15 
vt 40.0169 -15 
vt 39.9831 -15.0067 
vt 40.0169 -15.0067 
vt 40.0169 -15.0067 
vt 39.9831 -15.0067 
vt 40.0169 -15 
vt 39.9831 -15 
vt 39.9831 -14.9933 
vt 40.0169 -14.9933 

usemtl Strap1Mtl

f 3105/3105/3105 3106/3106/3106 3107/3107/3107 
f 3107/3107/3107 3106/3106/3106 3108/3108/3108 
f 3105/3105/3105 3107/3107/3107 3109/3109/3109 
f 3105/3105/3105 3110/3110/3110 3106/3106/3106 
f 3106/3106/3106 3110/3110/3110 3111/3111/3111 
f 3110/3110/3110 3105/3105/3105 3112/3112/3112 
f 3115/3115/3115 3114/3114/3114 3113/3113/3113 
f 3115/3115/3115 3116/3116/3116 3114/3114/3114 
f 3117/3117/3117 3116/3116/3116 3115/3115/3115 
f 3117/3117/3117 3118/3118/3118 3116/3116/3116 
f 3119/3119/3119 3120/3120/3120 3121/3121/3121 
f 3119/3119/3119 3121/3121/3121 3122/3122/3122 
f 3122/3122/3122 3121/3121/3121 3123/3123/3123 
f 3122/3122/3122 3123/3123/3123 3124/3124/3124 
f 3125/3125/3125 3126/3126/3126 3127/3127/3127 
f 3126/3126/3126 3125/3125/3125 3128/3128/3128 
f 3125/3125/3125 3127/3127/3127 3129/3129/3129 
f 3126/3126/3126 3130/3130/3130 3127/3127/3127 
f 3127/3127/3127 3130/3130/3130 3131/3131/3131 
f 3130/3130/3130 3126/3126/3126 3132/3132/3132 
f 3135/3135/3135 3134/3134/3134 3133/3133/3133 
f 3135/3135/3135 3136/3136/3136 3134/3134/3134 
f 3137/3137/3137 3136/3136/3136 3135/3135/3135 
f 3137/3137/3137 3138/3138/3138 3136/3136/3136 
f 3141/3141/3141 3140/3140/3140 3139/3139/3139 
f 3141/3141/3141 3142/3142/3142 3140/3140/3140 
f 3144/3144/3144 3142/3142/3142 3141/3141/3141 
f 3144/3144/3144 3143/3143/3143 3142/3142/3142 

g Shell10

v -338.234 2.88 -1.88526 
v -338.323 2.88 -1.88526 
v -338.279 2.86154 -1.88526 
v -338.234 2.96912 -1.88526 
v -338.216 2.92456 -1.88526 
v -338.323 2.96912 -1.88526 
v -338.342 2.92456 -1.88526 
v -338.279 2.98758 -1.88526 
v -338.279 2.92456 -2.73156 
v -338.316 2.92456 -2.59658 
v -338.305 2.95061 -2.50657 
v -338.305 2.95092 -2.59658 
v -338.279 2.96184 -2.59658 
v -338.279 2.9614 -2.50657 
v -338.253 2.95061 -2.50657 
v -338.252 2.95092 -2.59658 
v -338.241 2.92456 -2.59658 
v -338.342 2.92456 -1.88526 
v -338.323 2.96912 -1.88526 
v -338.323 2.96912 -2.35658 
v -338.279 2.98758 -1.88526 
v -338.279 2.98758 -2.35658 
v -338.216 2.92456 -1.88526 
v -338.311 2.95672 -2.41122 
v -338.234 2.96912 -1.88526 
v -338.234 2.96912 -2.35658 
v -338.247 2.95672 -2.41122 
v -338.247 2.95672 -2.50657 
v -338.279 2.97004 -2.41122 
v -338.279 2.97004 -2.50657 
v -338.311 2.95672 -2.50657 
v -338.305 2.8982 -2.59658 
v -338.279 2.92456 -2.73156 
v -338.305 2.89851 -2.50657 
v -338.316 2.92456 -2.59658 
v -338.316 2.92456 -2.50657 
v -338.305 2.95061 -2.50657 
v -338.305 2.95092 -2.59658 
v -338.323 2.88 -2.35658 
v -338.323 2.88 -1.88526 
v -338.342 2.92456 -1.88526 
v -338.342 2.92456 -2.35658 
v -338.323 2.96912 -1.88526 
v -338.311 2.8924 -2.41122 
v -338.323 2.96912 -2.35658 
v -338.216 2.92456 -1.88526 
v -338.311 2.95672 -2.41122 
v -338.247 2.95672 -2.50657 
v -338.311 2.95672 -2.50657 
v -338.311 2.8924 -2.50657 
v -338.324 2.92456 -2.50657 
v -338.324 2.92456 -2.41122 
v -338.279 2.97004 -2.50657 
v -338.305 2.95061 -2.50657 
v -338.311 2.95672 -2.50657 
v -338.279 2.9614 -2.50657 
v -338.316 2.92456 -2.50657 
v -338.253 2.95061 -2.50657 
v -338.324 2.92456 -2.50657 
v -338.247 2.95672 -2.50657 
v -338.311 2.8924 -2.50657 
v -338.242 2.92456 -2.50657 
v -338.305 2.89851 -2.50657 
v -338.233 2.92456 -2.50657 
v -338.279 2.87908 -2.50657 
v -338.247 2.8924 -2.50657 
v -338.279 2.88772 -2.50657 
v -338.253 2.89851 -2.50657 
v -338.279 2.88728 -2.59658 
v -338.305 2.8982 -2.59658 
v -338.279 2.92456 -2.73156 
v -338.305 2.89851 -2.50657 
v -338.279 2.88772 -2.50657 
v -338.253 2.89851 -2.50657 
v -338.316 2.92456 -2.59658 
v -338.252 2.8982 -2.59658 
v -338.241 2.92456 -2.59658 
v -338.323 2.88 -2.35658 
v -338.323 2.88 -1.88526 
v -338.342 2.92456 -1.88526 
v -338.279 2.86154 -2.35658 
v -338.279 2.86154 -1.88526 
v -338.311 2.8924 -2.41122 
v -338.234 2.88 -2.35658 
v -338.234 2.88 -1.88526 
v -338.216 2.92456 -1.88526 
v -338.247 2.8924 -2.41122 
v -338.247 2.8924 -2.50657 
v -338.279 2.87908 -2.50657 
v -338.279 2.87908 -2.41122 
v -338.311 2.8924 -2.50657 
v -338.279 2.92456 -2.73156 
v -338.253 2.89851 -2.50657 
v -338.252 2.8982 -2.59658 
v -338.253 2.95061 -2.50657 
v -338.252 2.95092 -2.59658 
v -338.241 2.92456 -2.59658 
v -338.242 2.92456 -2.50657 
v -338.279 2.86154 -1.88526 
v -338.234 2.88 -2.35658 
v -338.234 2.88 -1.88526 
v -338.279 2.98758 -1.88526 
v -338.216 2.92456 -2.35658 
v -338.216 2.92456 -1.88526 
v -338.234 2.96912 -1.88526 
v -338.234 2.96912 -2.35658 
v -338.247 2.95672 -2.41122 
v -338.247 2.8924 -2.41122 
v -338.233 2.92456 -2.41122 
v -338.233 2.92456 -2.50657 
v -338.247 2.8924 -2.50657 
v -338.247 2.95672 -2.50657 

vn 0 0 1 
vn 0 0 1 
vn 0 0 1 
vn 0 0 1 
vn 0 0 1 
vn 0 0 1 
vn 0 0 1 
vn 0 0 1 
vn 0 0 -1 
vn -0.992126 0 -0.110236 
vn -0.708661 0.708661 0.00787402 
vn -0.700787 0.700787 -0.110236 
vn 0 0.992126 -0.110236 
vn 0 1 0.00787402 
vn 0.708661 0.708661 0.00787402 
vn 0.700787 0.700787 -0.110236 
vn 0.992126 0 -0.110236 
vn -1 0 0 
vn -0.708661 0.708661 0 
vn -0.700787 0.700787 -0.125984 
vn 0 1 0 
vn 0 0.992126 -0.125984 
vn 1 0 0 
vn -0.700787 0.700787 -0.149606 
vn 0.708661 0.708661 0 
vn 0.700787 0.700787 -0.125984 
vn 0.700787 0.700787 -0.149606 
vn 0.708661 0.708661 0 
vn 0 0.992126 -0.149606 
vn 0 1 0 
vn -0.708661 0.708661 0 
vn -0.700787 -0.700787 -0.110236 
vn 0 0 -1 
vn -0.708661 -0.708661 0.00787402 
vn -0.992126 0 -0.110236 
vn -1 0 0.00787402 
vn -0.708661 0.708661 0.00787402 
vn -0.700787 0.700787 -0.110236 
vn -0.700787 -0.700787 -0.125984 
vn -0.708661 -0.708661 0 
vn -1 0 0 
vn -0.992126 0 -0.125984 
vn -0.708661 0.708661 0 
vn -0.700787 -0.700787 -0.149606 
vn -0.700787 0.700787 -0.125984 
vn 1 0 0 
vn -0.700787 0.700787 -0.149606 
vn 0.708661 0.708661 0 
vn -0.708661 0.708661 0 
vn -0.708661 -0.708661 0 
vn -1 0 0 
vn -0.992126 0 -0.149606 
vn 0 0 -1 
vn 0 0 -1 
vn 0 0 -1 
vn 0 0 -1 
vn 0 0 -1 
vn 0 0 -1 
vn 0 0 -1 
vn 0 0 -1 
vn 0 0 -1 
vn 0 0 -1 
vn 0 0 -1 
vn 0 0 -1 
vn 0 0 -1 
vn 0 0 -1 
vn 0 0 -1 
vn 0 0 -1 
vn 0 -0.992126 -0.110236 
vn -0.700787 -0.700787 -0.110236 
vn 0 0 -1 
vn -0.708661 -0.708661 0.00787402 
vn 0 -1 0.00787402 
vn 0.708661 -0.708661 0.00787402 
vn -0.992126 0 -0.110236 
vn 0.700787 -0.700787 -0.110236 
vn 0.992126 0 -0.110236 
vn -0.700787 -0.700787 -0.125984 
vn -0.708661 -0.708661 0 
vn -1 0 0 
vn 0 -0.992126 -0.125984 
vn 0 -1 0 
vn -0.700787 -0.700787 -0.149606 
vn 0.700787 -0.700787 -0.125984 
vn 0.708661 -0.708661 0 
vn 1 0 0 
vn 0.700787 -0.700787 -0.149606 
vn 0.708661 -0.708661 0 
vn 0 -1 0 
vn 0 -0.992126 -0.149606 
vn -0.708661 -0.708661 0 
vn 0 0 -1 
vn 0.708661 -0.708661 0.00787402 
vn 0.700787 -0.700787 -0.110236 
vn 0.708661 0.708661 0.00787402 
vn 0.700787 0.700787 -0.110236 
vn 0.992126 0 -0.110236 
vn 1 0 0.00787402 
vn 0 -1 0 
vn 0.700787 -0.700787 -0.125984 
vn 0.708661 -0.708661 0 
vn 0 1 0 
vn 0.992126 0 -0.125984 
vn 1 0 0 
vn 0.708661 0.708661 0 
vn 0.700787 0.700787 -0.125984 
vn 0.700787 0.700787 -0.149606 
vn 0.700787 -0.700787 -0.149606 
vn 0.992126 0 -0.149606 
vn 1 0 0 
vn 0.708661 -0.708661 0 
vn 0.708661 0.708661 0 

vt 0.231637 0.830828 
vt 0.220497 0.830828 
vt 0.226067 0.828521 
vt 0.231637 0.841968 
vt 0.233944 0.836398 
vt 0.220497 0.841968 
vt 0.21819 0.836398 
vt 0.226067 0.844276 
vt 0.27896 0.836398 
vt 0.262088 0.841059 
vt 0.250837 0.839655 
vt 0.262088 0.839694 
vt 0.262088 0.836398 
vt 0.250837 0.836398 
vt 0.250837 0.833142 
vt 0.262088 0.833103 
vt 0.262088 0.831738 
vt 0.173173 0.844276 
vt 0.173173 0.841968 
vt 0.232088 0.841968 
vt 0.173173 0.836398 
vt 0.232088 0.836398 
vt 0.173173 0.828521 
vt 0.238918 0.840418 
vt 0.173173 0.830828 
vt 0.232088 0.830828 
vt 0.238918 0.832379 
vt 0.250837 0.832379 
vt 0.238918 0.836398 
vt 0.250837 0.836398 
vt 0.250837 0.840418 
vt 0.190045 0.833103 
vt 0.173173 0.836398 
vt 0.201296 0.833142 
vt 0.190045 0.836398 
vt 0.201296 0.836398 
vt 0.201296 0.839655 
vt 0.190045 0.839694 
vt 0.220045 0.830828 
vt 0.27896 0.830828 
vt 0.27896 0.836398 
vt 0.220045 0.836398 
vt 0.27896 0.841968 
vt 0.213215 0.832379 
vt 0.220045 0.841968 
vt 0.27896 0.836398 
vt 0.213215 0.840418 
vt 0.201296 0.840418 
vt 0.201296 0.840418 
vt 0.201296 0.832379 
vt 0.201296 0.836398 
vt 0.213215 0.836398 
vt 0.226067 0.842083 
vt 0.229323 0.839655 
vt 0.230087 0.840418 
vt 0.226067 0.841004 
vt 0.230672 0.836398 
vt 0.22281 0.839655 
vt 0.231752 0.836398 
vt 0.222047 0.840418 
vt 0.230087 0.832379 
vt 0.221461 0.836398 
vt 0.229323 0.833142 
vt 0.220382 0.836398 
vt 0.226067 0.830714 
vt 0.222047 0.832379 
vt 0.226067 0.831793 
vt 0.22281 0.833142 
vt 0.190045 0.836398 
vt 0.190045 0.839694 
vt 0.173173 0.836398 
vt 0.201296 0.839655 
vt 0.201296 0.836398 
vt 0.201296 0.833142 
vt 0.190045 0.841059 
vt 0.190045 0.833103 
vt 0.190045 0.831738 
vt 0.220045 0.841968 
vt 0.27896 0.841968 
vt 0.27896 0.844276 
vt 0.220045 0.836398 
vt 0.27896 0.836398 
vt 0.213215 0.840418 
vt 0.220045 0.830828 
vt 0.27896 0.830828 
vt 0.27896 0.828521 
vt 0.213215 0.832379 
vt 0.201296 0.832379 
vt 0.201296 0.836398 
vt 0.213215 0.836398 
vt 0.201296 0.840418 
vt 0.27896 0.836398 
vt 0.250837 0.833142 
vt 0.262088 0.833103 
vt 0.250837 0.839655 
vt 0.262088 0.839694 
vt 0.262088 0.836398 
vt 0.250837 0.836398 
vt 0.173173 0.828521 
vt 0.232088 0.830828 
vt 0.173173 0.830828 
vt 0.173173 0.844276 
vt 0.232088 0.836398 
vt 0.173173 0.836398 
vt 0.173173 0.841968 
vt 0.232088 0.841968 
vt 0.238918 0.840418 
vt 0.238918 0.832379 
vt 0.238918 0.836398 
vt 0.250837 0.836398 
vt 0.250837 0.832379 
vt 0.250837 0.840418 

usemtl Shell1Mtl

f 3145/3145/3145 3146/3146/3146 3147/3147/3147 
f 3146/3146/3146 3145/3145/3145 3148/3148/3148 
f 3148/3148/3148 3145/3145/3145 3149/3149/3149 
f 3148/3148/3148 3150/3150/3150 3146/3146/3146 
f 3146/3146/3146 3150/3150/3150 3151/3151/3151 
f 3150/3150/3150 3148/3148/3148 3152/3152/3152 
f 3155/3155/3155 3157/3157/3157 3156/3156/3156 
f 3156/3156/3156 3157/3157/3157 3153/3153/3153 
f 3157/3157/3157 3155/3155/3155 3158/3158/3158 
f 3159/3159/3159 3157/3157/3157 3158/3158/3158 
f 3157/3157/3157 3160/3160/3160 3153/3153/3153 
f 3157/3157/3157 3159/3159/3159 3160/3160/3160 
f 3165/3165/3165 3164/3164/3164 3163/3163/3163 
f 3164/3164/3164 3165/3165/3165 3166/3166/3166 
f 3166/3166/3166 3168/3168/3168 3164/3164/3164 
f 3169/3169/3169 3166/3166/3166 3165/3165/3165 
f 3166/3166/3166 3169/3169/3169 3170/3170/3170 
f 3171/3171/3171 3166/3166/3166 3170/3170/3170 
f 3172/3172/3172 3173/3173/3173 3171/3171/3171 
f 3166/3166/3166 3171/3171/3171 3173/3173/3173 
f 3173/3173/3173 3172/3172/3172 3174/3174/3174 
f 3168/3168/3168 3166/3166/3166 3173/3173/3173 
f 3174/3174/3174 3168/3168/3168 3173/3173/3173 
f 3168/3168/3168 3174/3174/3174 3175/3175/3175 
f 3176/3176/3176 3178/3178/3178 3179/3179/3179 
f 3176/3176/3176 3179/3179/3179 3177/3177/3177 
f 3180/3180/3180 3179/3179/3179 3178/3178/3178 
f 3181/3181/3181 3179/3179/3179 3180/3180/3180 
f 3179/3179/3179 3181/3181/3181 3182/3182/3182 
f 3179/3179/3179 3182/3182/3182 3177/3177/3177 
f 3183/3183/3183 3184/3184/3184 3185/3185/3185 
f 3183/3183/3183 3185/3185/3185 3186/3186/3186 
f 3186/3186/3186 3185/3185/3185 3187/3187/3187 
f 3186/3186/3186 3188/3188/3188 3183/3183/3183 
f 3186/3186/3186 3187/3187/3187 3189/3189/3189 
f 3189/3189/3189 3191/3191/3191 3186/3186/3186 
f 3194/3194/3194 3188/3188/3188 3195/3195/3195 
f 3191/3191/3191 3193/3193/3193 3196/3196/3196 
f 3195/3195/3195 3196/3196/3196 3193/3193/3193 
f 3196/3196/3196 3195/3195/3195 3188/3188/3188 
f 3196/3196/3196 3186/3186/3186 3191/3191/3191 
f 3188/3188/3188 3186/3186/3186 3196/3196/3196 
f 3197/3197/3197 3198/3198/3198 3199/3199/3199 
f 3198/3198/3198 3197/3197/3197 3200/3200/3200 
f 3201/3201/3201 3199/3199/3199 3198/3198/3198 
f 3197/3197/3197 3202/3202/3202 3200/3200/3200 
f 3199/3199/3199 3201/3201/3201 3203/3203/3203 
f 3197/3197/3197 3204/3204/3204 3202/3202/3202 
f 3201/3201/3201 3205/3205/3205 3203/3203/3203 
f 3206/3206/3206 3202/3202/3202 3204/3204/3204 
f 3205/3205/3205 3201/3201/3201 3207/3207/3207 
f 3204/3204/3204 3208/3208/3208 3206/3206/3206 
f 3209/3209/3209 3205/3205/3205 3207/3207/3207 
f 3210/3210/3210 3206/3206/3206 3208/3208/3208 
f 3209/3209/3209 3207/3207/3207 3211/3211/3211 
f 3206/3206/3206 3210/3210/3210 3212/3212/3212 
f 3209/3209/3209 3212/3212/3212 3210/3210/3210 
f 3212/3212/3212 3209/3209/3209 3211/3211/3211 
f 3213/3213/3213 3214/3214/3214 3215/3215/3215 
f 3213/3213/3213 3216/3216/3216 3214/3214/3214 
f 3216/3216/3216 3213/3213/3213 3217/3217/3217 
f 3217/3217/3217 3213/3213/3213 3218/3218/3218 
f 3220/3220/3220 3218/3218/3218 3213/3213/3213 
f 3220/3220/3220 3213/3213/3213 3215/3215/3215 
f 3225/3225/3225 3223/3223/3223 3222/3222/3222 
f 3225/3225/3225 3226/3226/3226 3223/3223/3223 
f 3222/3222/3222 3227/3227/3227 3225/3225/3225 
f 3228/3228/3228 3226/3226/3226 3225/3225/3225 
f 3228/3228/3228 3229/3229/3229 3226/3226/3226 
f 3225/3225/3225 3231/3231/3231 3228/3228/3228 
f 3232/3232/3232 3231/3231/3231 3233/3233/3233 
f 3234/3234/3234 3233/3233/3233 3231/3231/3231 
f 3231/3231/3231 3225/3225/3225 3234/3234/3234 
f 3233/3233/3233 3234/3234/3234 3235/3235/3235 
f 3234/3234/3234 3225/3225/3225 3227/3227/3227 
f 3227/3227/3227 3235/3235/3235 3234/3234/3234 
f 3241/3241/3241 3238/3238/3238 3236/3236/3236 
f 3240/3240/3240 3241/3241/3241 3236/3236/3236 
f 3240/3240/3240 3239/3239/3239 3241/3241/3241 
f 3241/3241/3241 3237/3237/3237 3238/3238/3238 
f 3242/3242/3242 3241/3241/3241 3239/3239/3239 
f 3237/3237/3237 3241/3241/3241 3242/3242/3242 
f 3247/3247/3247 3245/3245/3245 3244/3244/3244 
f 3247/3247/3247 3248/3248/3248 3245/3245/3245 
f 3250/3250/3250 3249/3249/3249 3248/3248/3248 
f 3250/3250/3250 3248/3248/3248 3247/3247/3247 
f 3247/3247/3247 3251/3251/3251 3250/3250/3250 
f 3244/3244/3244 3252/3252/3252 3247/3247/3247 
f 3251/3251/3251 3247/3247/3247 3253/3253/3253 
f 3253/3253/3253 3247/3247/3247 3252/3252/3252 
f 3253/3253/3253 3254/3254/3254 3251/3251/3251 
f 3254/3254/3254 3253/3253/3253 3255/3255/3255 
f 3252/3252/3252 3255/3255/3255 3253/3253/3253 
f 3256/3256/3256 3251/3251/3251 3254/3254/3254 

g Strap10

v -338.203 2.92456 -1.9854 
v -338.354 2.92456 -1.9854 
v -338.279 2.8489 -1.9854 
v -338.332 2.87106 -1.9854 
v -338.225 2.87106 -1.9854 
v -338.279 3.00022 -1.9854 
v -338.332 2.97806 -1.9854 
v -338.225 2.97806 -1.9854 
v -338.332 2.97806 -1.9854 
v -338.332 2.97806 -2.25654 
v -338.279 3.00022 -1.9854 
v -338.279 3.00022 -2.25654 
v -338.225 2.97806 -1.9854 
v -338.225 2.97806 -2.25654 
v -338.332 2.87106 -2.25654 
v -338.332 2.87106 -1.9854 
v -338.354 2.92456 -1.9854 
v -338.354 2.92456 -2.25654 
v -338.332 2.97806 -1.9854 
v -338.332 2.97806 -2.25654 
v -338.279 2.8489 -2.25654 
v -338.354 2.92456 -2.25654 
v -338.203 2.92456 -2.25654 
v -338.332 2.87106 -2.25654 
v -338.225 2.87106 -2.25654 
v -338.279 3.00022 -2.25654 
v -338.225 2.97806 -2.25654 
v -338.332 2.97806 -2.25654 
v -338.332 2.87106 -2.25654 
v -338.332 2.87106 -1.9854 
v -338.279 2.8489 -2.25654 
v -338.279 2.8489 -1.9854 
v -338.225 2.87106 -2.25654 
v -338.225 2.87106 -1.9854 
v -338.225 2.87106 -2.25654 
v -338.225 2.87106 -1.9854 
v -338.203 2.92456 -2.25654 
v -338.203 2.92456 -1.9854 
v -338.225 2.97806 -1.9854 
v -338.225 2.97806 -2.25654 

vn 0 0 1 
vn 0 0 1 
vn 0 0 1 
vn 0 0 1 
vn 0 0 1 
vn 0 0 1 
vn 0 0 1 
vn 0 0 1 
vn -0.708661 0.708661 0 
vn -0.708661 0.708661 0 
vn 0 1 0 
vn 0 1 0 
vn 0.708661 0.708661 0 
vn 0.708661 0.708661 0 
vn -0.708661 -0.708661 0 
vn -0.708661 -0.708661 0 
vn -1 0 0 
vn -1 0 0 
vn -0.708661 0.708661 0 
vn -0.708661 0.708661 0 
vn 0 0 -1 
vn 0 0 -1 
vn 0 0 -1 
vn 0 0 -1 
vn 0 0 -1 
vn 0 0 -1 
vn 0 0 -1 
vn 0 0 -1 
vn -0.708661 -0.708661 0 
vn -0.708661 -0.708661 0 
vn 0 -1 0 
vn 0 -1 0 
vn 0.708661 -0.708661 0 
vn 0.708661 -0.708661 0 
vn 0.708661 -0.708661 0 
vn 0.708661 -0.708661 0 
vn 1 0 0 
vn 1 0 0 
vn 0.708661 0.708661 0 
vn 0.708661 0.708661 0 

vt 50.0095 -19 
vt 49.9905 -19 
vt 50 -19.0095 
vt 49.9933 -19.0067 
vt 50.0067 -19.0067 
vt 50 -18.9905 
vt 49.9933 -18.9933 
vt 50.0067 -18.9933 
vt 49.9831 -18.9933 
vt 50.0169 -18.9933 
vt 49.9831 -19 
vt 50.0169 -19 
vt 49.9831 -19.0067 
vt 50.0169 -19.0067 
vt 49.9831 -19.0067 
vt 50.0169 -19.0067 
vt 50.0169 -19 
vt 49.9831 -19 
vt 50.0169 -18.9933 
vt 49.9831 -18.9933 
vt 50 -19.0095 
vt 50.0095 -19 
vt 49.9905 -19 
vt 50.0067 -19.0067 
vt 49.9933 -19.0067 
vt 50 -18.9905 
vt 49.9933 -18.9933 
vt 50.0067 -18.9933 
vt 49.9831 -18.9933 
vt 50.0169 -18.9933 
vt 49.9831 -19 
vt 50.0169 -19 
vt 49.9831 -19.0067 
vt 50.0169 -19.0067 
vt 50.0169 -19.0067 
vt 49.9831 -19.0067 
vt 50.0169 -19 
vt 49.9831 -19 
vt 49.9831 -18.9933 
vt 50.0169 -18.9933 

usemtl Strap1Mtl

f 3257/3257/3257 3258/3258/3258 3259/3259/3259 
f 3259/3259/3259 3258/3258/3258 3260/3260/3260 
f 3257/3257/3257 3259/3259/3259 3261/3261/3261 
f 3257/3257/3257 3262/3262/3262 3258/3258/3258 
f 3258/3258/3258 3262/3262/3262 3263/3263/3263 
f 3262/3262/3262 3257/3257/3257 3264/3264/3264 
f 3267/3267/3267 3266/3266/3266 3265/3265/3265 
f 3267/3267/3267 3268/3268/3268 3266/3266/3266 
f 3269/3269/3269 3268/3268/3268 3267/3267/3267 
f 3269/3269/3269 3270/3270/3270 3268/3268/3268 
f 3271/3271/3271 3272/3272/3272 3273/3273/3273 
f 3271/3271/3271 3273/3273/3273 3274/3274/3274 
f 3274/3274/3274 3273/3273/3273 3275/3275/3275 
f 3274/3274/3274 3275/3275/3275 3276/3276/3276 
f 3277/3277/3277 3278/3278/3278 3279/3279/3279 
f 3278/3278/3278 3277/3277/3277 3280/3280/3280 
f 3277/3277/3277 3279/3279/3279 3281/3281/3281 
f 3278/3278/3278 3282/3282/3282 3279/3279/3279 
f 3279/3279/3279 3282/3282/3282 3283/3283/3283 
f 3282/3282/3282 3278/3278/3278 3284/3284/3284 
f 3287/3287/3287 3286/3286/3286 3285/3285/3285 
f 3287/3287/3287 3288/3288/3288 3286/3286/3286 
f 3289/3289/3289 3288/3288/3288 3287/3287/3287 
f 3289/3289/3289 3290/3290/3290 3288/3288/3288 
f 3293/3293/3293 3292/3292/3292 3291/3291/3291 
f 3293/3293/3293 3294/3294/3294 3292/3292/3292 
f 3296/3296/3296 3294/3294/3294 3293/3293/3293 
f 3296/3296/3296 3295/3295/3295 3294/3294/3294 

g Shell11

v -338.234 3.03112 -1.88526 
v -338.323 3.03112 -1.88526 
v -338.279 3.01267 -1.88526 
v -338.234 3.12024 -1.88526 
v -338.216 3.07568 -1.88526 
v -338.323 3.12024 -1.88526 
v -338.342 3.07568 -1.88526 
v -338.279 3.1387 -1.88526 
v -338.279 3.07568 -2.73156 
v -338.316 3.07568 -2.59658 
v -338.305 3.10174 -2.50657 
v -338.305 3.10205 -2.59658 
v -338.279 3.11297 -2.59658 
v -338.279 3.11253 -2.50657 
v -338.253 3.10174 -2.50657 
v -338.252 3.10205 -2.59658 
v -338.241 3.07568 -2.59658 
v -338.342 3.07568 -1.88526 
v -338.323 3.12024 -1.88526 
v -338.323 3.12024 -2.35658 
v -338.279 3.1387 -1.88526 
v -338.279 3.1387 -2.35658 
v -338.216 3.07568 -1.88526 
v -338.311 3.10784 -2.41122 
v -338.234 3.12024 -1.88526 
v -338.234 3.12024 -2.35658 
v -338.247 3.10784 -2.41122 
v -338.247 3.10784 -2.50657 
v -338.279 3.12116 -2.41122 
v -338.279 3.12116 -2.50657 
v -338.311 3.10784 -2.50657 
v -338.305 3.04932 -2.59658 
v -338.279 3.07568 -2.73156 
v -338.305 3.04963 -2.50657 
v -338.316 3.07568 -2.59658 
v -338.316 3.07568 -2.50657 
v -338.305 3.10174 -2.50657 
v -338.305 3.10205 -2.59658 
v -338.323 3.03112 -2.35658 
v -338.323 3.03112 -1.88526 
v -338.342 3.07568 -1.88526 
v -338.342 3.07568 -2.35658 
v -338.323 3.12024 -1.88526 
v -338.311 3.04353 -2.41122 
v -338.323 3.12024 -2.35658 
v -338.216 3.07568 -1.88526 
v -338.311 3.10784 -2.41122 
v -338.247 3.10784 -2.50657 
v -338.311 3.10784 -2.50657 
v -338.311 3.04353 -2.50657 
v -338.324 3.07568 -2.50657 
v -338.324 3.07568 -2.41122 
v -338.279 3.12116 -2.50657 
v -338.305 3.10174 -2.50657 
v -338.311 3.10784 -2.50657 
v -338.279 3.11253 -2.50657 
v -338.316 3.07568 -2.50657 
v -338.253 3.10174 -2.50657 
v -338.324 3.07568 -2.50657 
v -338.247 3.10784 -2.50657 
v -338.311 3.04353 -2.50657 
v -338.242 3.07568 -2.50657 
v -338.305 3.04963 -2.50657 
v -338.233 3.07568 -2.50657 
v -338.279 3.03021 -2.50657 
v -338.247 3.04353 -2.50657 
v -338.279 3.03884 -2.50657 
v -338.253 3.04963 -2.50657 
v -338.279 3.0384 -2.59658 
v -338.305 3.04932 -2.59658 
v -338.279 3.07568 -2.73156 
v -338.305 3.04963 -2.50657 
v -338.279 3.03884 -2.50657 
v -338.253 3.04963 -2.50657 
v -338.316 3.07568 -2.59658 
v -338.252 3.04932 -2.59658 
v -338.241 3.07568 -2.59658 
v -338.323 3.03112 -2.35658 
v -338.323 3.03112 -1.88526 
v -338.342 3.07568 -1.88526 
v -338.279 3.01267 -2.35658 
v -338.279 3.01267 -1.88526 
v -338.311 3.04353 -2.41122 
v -338.234 3.03112 -2.35658 
v -338.234 3.03112 -1.88526 
v -338.216 3.07568 -1.88526 
v -338.247 3.04353 -2.41122 
v -338.247 3.04353 -2.50657 
v -338.279 3.03021 -2.50657 
v -338.279 3.03021 -2.41122 
v -338.311 3.04353 -2.50657 
v -338.279 3.07568 -2.73156 
v -338.253 3.04963 -2.50657 
v -338.252 3.04932 -2.59658 
v -338.253 3.10174 -2.50657 
v -338.252 3.10205 -2.59658 
v -338.241 3.07568 -2.59658 
v -338.242 3.07568 -2.50657 
v -338.279 3.01267 -1.88526 
v -338.234 3.03112 -2.35658 
v -338.234 3.03112 -1.88526 
v -338.279 3.1387 -1.88526 
v -338.216 3.07568 -2.35658 
v -338.216 3.07568 -1.88526 
v -338.234 3.12024 -1.88526 
v -338.234 3.12024 -2.35658 
v -338.247 3.10784 -2.41122 
v -338.247 3.04353 -2.41122 
v -338.233 3.07568 -2.41122 
v -338.233 3.07568 -2.50657 
v -338.247 3.04353 -2.50657 
v -338.247 3.10784 -2.50657 

vn 0 0 1 
vn 0 0 1 
vn 0 0 1 
vn 0 0 1 
vn 0 0 1 
vn 0 0 1 
vn 0 0 1 
vn 0 0 1 
vn 0 0 -1 
vn -0.992126 0 -0.110236 
vn -0.708661 0.708661 0.00787402 
vn -0.700787 0.700787 -0.110236 
vn 0 0.992126 -0.110236 
vn 0 1 0.00787402 
vn 0.708661 0.708661 0.00787402 
vn 0.700787 0.700787 -0.110236 
vn 0.992126 0 -0.110236 
vn -1 0 0 
vn -0.708661 0.708661 0 
vn -0.700787 0.700787 -0.125984 
vn 0 1 0 
vn 0 0.992126 -0.125984 
vn 1 0 0 
vn -0.700787 0.700787 -0.149606 
vn 0.708661 0.708661 0 
vn 0.700787 0.700787 -0.125984 
vn 0.700787 0.700787 -0.149606 
vn 0.708661 0.708661 0 
vn 0 0.992126 -0.149606 
vn 0 1 0 
vn -0.708661 0.708661 0 
vn -0.700787 -0.700787 -0.110236 
vn 0 0 -1 
vn -0.708661 -0.708661 0.00787402 
vn -0.992126 0 -0.110236 
vn -1 0 0.00787402 
vn -0.708661 0.708661 0.00787402 
vn -0.700787 0.700787 -0.110236 
vn -0.700787 -0.700787 -0.125984 
vn -0.708661 -0.708661 0 
vn -1 0 0 
vn -0.992126 0 -0.125984 
vn -0.708661 0.708661 0 
vn -0.700787 -0.700787 -0.149606 
vn -0.700787 0.700787 -0.125984 
vn 1 0 0 
vn -0.700787 0.700787 -0.149606 
vn 0.708661 0.708661 0 
vn -0.708661 0.708661 0 
vn -0.708661 -0.708661 0 
vn -1 0 0 
vn -0.992126 0 -0.149606 
vn 0 0 -1 
vn 0 0 -1 
vn 0 0 -1 
vn 0 0 -1 
vn 0 0 -1 
vn 0 0 -1 
vn 0 0 -1 
vn 0 0 -1 
vn 0 0 -1 
vn 0 0 -1 
vn 0 0 -1 
vn 0 0 -1 
vn 0 0 -1 
vn 0 0 -1 
vn 0 0 -1 
vn 0 0 -1 
vn 0 -0.992126 -0.110236 
vn -0.700787 -0.700787 -0.110236 
vn 0 0 -1 
vn -0.708661 -0.708661 0.00787402 
vn 0 -1 0.00787402 
vn 0.708661 -0.708661 0.00787402 
vn -0.992126 0 -0.110236 
vn 0.700787 -0.700787 -0.110236 
vn 0.992126 0 -0.110236 
vn -0.700787 -0.700787 -0.125984 
vn -0.708661 -0.708661 0 
vn -1 0 0 
vn 0 -0.992126 -0.125984 
vn 0 -1 0 
vn -0.700787 -0.700787 -0.149606 
vn 0.700787 -0.700787 -0.125984 
vn 0.708661 -0.708661 0 
vn 1 0 0 
vn 0.700787 -0.700787 -0.149606 
vn 0.708661 -0.708661 0 
vn 0 -1 0 
vn 0 -0.992126 -0.149606 
vn -0.708661 -0.708661 0 
vn 0 0 -1 
vn 0.708661 -0.708661 0.00787402 
vn 0.700787 -0.700787 -0.110236 
vn 0.708661 0.708661 0.00787402 
vn 0.700787 0.700787 -0.110236 
vn 0.992126 0 -0.110236 
vn 1 0 0.00787402 
vn 0 -1 0 
vn 0.700787 -0.700787 -0.125984 
vn 0.708661 -0.708661 0 
vn 0 1 0 
vn 0.992126 0 -0.125984 
vn 1 0 0 
vn 0.708661 0.708661 0 
vn 0.700787 0.700787 -0.125984 
vn 0.700787 0.700787 -0.149606 
vn 0.700787 -0.700787 -0.149606 
vn 0.992126 0 -0.149606 
vn 1 0 0 
vn 0.708661 -0.708661 0 
vn 0.708661 0.708661 0 

vt -0.139937 0.553225 
vt -0.151077 0.553225 
vt -0.145507 0.550918 
vt -0.139937 0.564365 
vt -0.13763 0.558795 
vt -0.151077 0.564365 
vt -0.153384 0.558795 
vt -0.145507 0.566672 
vt -0.0926138 0.558795 
vt -0.109486 0.563455 
vt -0.120737 0.562051 
vt -0.109486 0.56209 
vt -0.109486 0.558795 
vt -0.120737 0.558795 
vt -0.120737 0.555539 
vt -0.109486 0.5555 
vt -0.109486 0.554135 
vt -0.198401 0.566672 
vt -0.198401 0.564365 
vt -0.139486 0.564365 
vt -0.198401 0.558795 
vt -0.139486 0.558795 
vt -0.198401 0.550918 
vt -0.132656 0.562815 
vt -0.198401 0.553225 
vt -0.139486 0.553225 
vt -0.132656 0.554775 
vt -0.120737 0.554775 
vt -0.132656 0.558795 
vt -0.120737 0.558795 
vt -0.120737 0.562815 
vt -0.181529 0.5555 
vt -0.198401 0.558795 
vt -0.170278 0.555539 
vt -0.181529 0.558795 
vt -0.170278 0.558795 
vt -0.170278 0.562052 
vt -0.181529 0.56209 
vt -0.151529 0.553225 
vt -0.0926138 0.553225 
vt -0.0926138 0.558795 
vt -0.151529 0.558795 
vt -0.0926138 0.564365 
vt -0.158359 0.554775 
vt -0.151529 0.564365 
vt -0.0926138 0.558795 
vt -0.158359 0.562815 
vt -0.170278 0.562815 
vt -0.170278 0.562815 
vt -0.170278 0.554775 
vt -0.170278 0.558795 
vt -0.158359 0.558795 
vt -0.145507 0.56448 
vt -0.142251 0.562052 
vt -0.141487 0.562815 
vt -0.145507 0.5634 
vt -0.140902 0.558795 
vt -0.148764 0.562052 
vt -0.139822 0.558795 
vt -0.149527 0.562815 
vt -0.141487 0.554775 
vt -0.150113 0.558795 
vt -0.142251 0.555539 
vt -0.151192 0.558795 
vt -0.145507 0.55311 
vt -0.149527 0.554775 
vt -0.145507 0.55419 
vt -0.148764 0.555539 
vt -0.181529 0.558795 
vt -0.181529 0.56209 
vt -0.198401 0.558795 
vt -0.170278 0.562051 
vt -0.170278 0.558795 
vt -0.170278 0.555539 
vt -0.181529 0.563455 
vt -0.181529 0.5555 
vt -0.181529 0.554135 
vt -0.151529 0.564365 
vt -0.0926138 0.564365 
vt -0.0926138 0.566672 
vt -0.151529 0.558795 
vt -0.0926138 0.558795 
vt -0.158359 0.562815 
vt -0.151529 0.553225 
vt -0.0926138 0.553225 
vt -0.0926138 0.550918 
vt -0.158359 0.554775 
vt -0.170278 0.554775 
vt -0.170278 0.558795 
vt -0.158359 0.558795 
vt -0.170278 0.562815 
vt -0.0926138 0.558795 
vt -0.120737 0.555539 
vt -0.109486 0.5555 
vt -0.120737 0.562052 
vt -0.109486 0.56209 
vt -0.109486 0.558795 
vt -0.120737 0.558795 
vt -0.198401 0.550918 
vt -0.139486 0.553225 
vt -0.198401 0.553225 
vt -0.198401 0.566672 
vt -0.139486 0.558795 
vt -0.198401 0.558795 
vt -0.198401 0.564365 
vt -0.139486 0.564365 
vt -0.132656 0.562815 
vt -0.132656 0.554775 
vt -0.132656 0.558795 
vt -0.120737 0.558795 
vt -0.120737 0.554775 
vt -0.120737 0.562815 

usemtl Shell1Mtl

f 3297/3297/3297 3298/3298/3298 3299/3299/3299 
f 3298/3298/3298 3297/3297/3297 3300/3300/3300 
f 3300/3300/3300 3297/3297/3297 3301/3301/3301 
f 3300/3300/3300 3302/3302/3302 3298/3298/3298 
f 3298/3298/3298 3302/3302/3302 3303/3303/3303 
f 3302/3302/3302 3300/3300/3300 3304/3304/3304 
f 3307/3307/3307 3309/3309/3309 3308/3308/3308 
f 3308/3308/3308 3309/3309/3309 3305/3305/3305 
f 3309/3309/3309 3307/3307/3307 3310/3310/3310 
f 3311/3311/3311 3309/3309/3309 3310/3310/3310 
f 3309/3309/3309 3312/3312/3312 3305/3305/3305 
f 3309/3309/3309 3311/3311/3311 3312/3312/3312 
f 3317/3317/3317 3316/3316/3316 3315/3315/3315 
f 3316/3316/3316 3317/3317/3317 3318/3318/3318 
f 3318/3318/3318 3320/3320/3320 3316/3316/3316 
f 3321/3321/3321 3318/3318/3318 3317/3317/3317 
f 3318/3318/3318 3321/3321/3321 3322/3322/3322 
f 3323/3323/3323 3318/3318/3318 3322/3322/3322 
f 3324/3324/3324 3325/3325/3325 3323/3323/3323 
f 3318/3318/3318 3323/3323/3323 3325/3325/3325 
f 3325/3325/3325 3324/3324/3324 3326/3326/3326 
f 3320/3320/3320 3318/3318/3318 3325/3325/3325 
f 3326/3326/3326 3320/3320/3320 3325/3325/3325 
f 3320/3320/3320 3326/3326/3326 3327/3327/3327 
f 3328/3328/3328 3330/3330/3330 3331/3331/3331 
f 3328/3328/3328 3331/3331/3331 3329/3329/3329 
f 3332/3332/3332 3331/3331/3331 3330/3330/3330 
f 3333/3333/3333 3331/3331/3331 3332/3332/3332 
f 3331/3331/3331 3333/3333/3333 3334/3334/3334 
f 3331/3331/3331 3334/3334/3334 3329/3329/3329 
f 3335/3335/3335 3336/3336/3336 3337/3337/3337 
f 3335/3335/3335 3337/3337/3337 3338/3338/3338 
f 3338/3338/3338 3337/3337/3337 3339/3339/3339 
f 3338/3338/3338 3340/3340/3340 3335/3335/3335 
f 3338/3338/3338 3339/3339/3339 3341/3341/3341 
f 3341/3341/3341 3343/3343/3343 3338/3338/3338 
f 3346/3346/3346 3340/3340/3340 3347/3347/3347 
f 3343/3343/3343 3345/3345/3345 3348/3348/3348 
f 3347/3347/3347 3348/3348/3348 3345/3345/3345 
f 3348/3348/3348 3347/3347/3347 3340/3340/3340 
f 3348/3348/3348 3338/3338/3338 3343/3343/3343 
f 3340/3340/3340 3338/3338/3338 3348/3348/3348 
f 3349/3349/3349 3350/3350/3350 3351/3351/3351 
f 3350/3350/3350 3349/3349/3349 3352/3352/3352 
f 3353/3353/3353 3351/3351/3351 3350/3350/3350 
f 3349/3349/3349 3354/3354/3354 3352/3352/3352 
f 3351/3351/3351 3353/3353/3353 3355/3355/3355 
f 3349/3349/3349 3356/3356/3356 3354/3354/3354 
f 3353/3353/3353 3357/3357/3357 3355/3355/3355 
f 3358/3358/3358 3354/3354/3354 3356/3356/3356 
f 3357/3357/3357 3353/3353/3353 3359/3359/3359 
f 3356/3356/3356 3360/3360/3360 3358/3358/3358 
f 3361/3361/3361 3357/3357/3357 3359/3359/3359 
f 3362/3362/3362 3358/3358/3358 3360/3360/3360 
f 3361/3361/3361 3359/3359/3359 3363/3363/3363 
f 3358/3358/3358 3362/3362/3362 3364/3364/3364 
f 3361/3361/3361 3364/3364/3364 3362/3362/3362 
f 3364/3364/3364 3361/3361/3361 3363/3363/3363 
f 3365/3365/3365 3366/3366/3366 3367/3367/3367 
f 3365/3365/3365 3368/3368/3368 3366/3366/3366 
f 3368/3368/3368 3365/3365/3365 3369/3369/3369 
f 3369/3369/3369 3365/3365/3365 3370/3370/3370 
f 3372/3372/3372 3370/3370/3370 3365/3365/3365 
f 3372/3372/3372 3365/3365/3365 3367/3367/3367 
f 3377/3377/3377 3375/3375/3375 3374/3374/3374 
f 3377/3377/3377 3378/3378/3378 3375/3375/3375 
f 3374/3374/3374 3379/3379/3379 3377/3377/3377 
f 3380/3380/3380 3378/3378/3378 3377/3377/3377 
f 3380/3380/3380 3381/3381/3381 3378/3378/3378 
f 3377/3377/3377 3383/3383/3383 3380/3380/3380 
f 3384/3384/3384 3383/3383/3383 3385/3385/3385 
f 3386/3386/3386 3385/3385/3385 3383/3383/3383 
f 3383/3383/3383 3377/3377/3377 3386/3386/3386 
f 3385/3385/3385 3386/3386/3386 3387/3387/3387 
f 3386/3386/3386 3377/3377/3377 3379/3379/3379 
f 3379/3379/3379 3387/3387/3387 3386/3386/3386 
f 3393/3393/3393 3390/3390/3390 3388/3388/3388 
f 3392/3392/3392 3393/3393/3393 3388/3388/3388 
f 3392/3392/3392 3391/3391/3391 3393/3393/3393 
f 3393/3393/3393 3389/3389/3389 3390/3390/3390 
f 3394/3394/3394 3393/3393/3393 3391/3391/3391 
f 3389/3389/3389 3393/3393/3393 3394/3394/3394 
f 3399/3399/3399 3397/3397/3397 3396/3396/3396 
f 3399/3399/3399 3400/3400/3400 3397/3397/3397 
f 3402/3402/3402 3401/3401/3401 3400/3400/3400 
f 3402/3402/3402 3400/3400/3400 3399/3399/3399 
f 3399/3399/3399 3403/3403/3403 3402/3402/3402 
f 3396/3396/3396 3404/3404/3404 3399/3399/3399 
f 3403/3403/3403 3399/3399/3399 3405/3405/3405 
f 3405/3405/3405 3399/3399/3399 3404/3404/3404 
f 3405/3405/3405 3406/3406/3406 3403/3403/3403 
f 3406/3406/3406 3405/3405/3405 3407/3407/3407 
f 3404/3404/3404 3407/3407/3407 3405/3405/3405 
f 3408/3408/3408 3403/3403/3403 3406/3406/3406 

g Strap11

v -338.203 3.07568 -1.9854 
v -338.354 3.07568 -1.9854 
v -338.279 3.00002 -1.9854 
v -338.332 3.02218 -1.9854 
v -338.225 3.02218 -1.9854 
v -338.279 3.15134 -1.9854 
v -338.332 3.12918 -1.9854 
v -338.225 3.12918 -1.9854 
v -338.332 3.12918 -1.9854 
v -338.332 3.12918 -2.25654 
v -338.279 3.15134 -1.9854 
v -338.279 3.15134 -2.25654 
v -338.225 3.12918 -1.9854 
v -338.225 3.12918 -2.25654 
v -338.332 3.02218 -2.25654 
v -338.332 3.02218 -1.9854 
v -338.354 3.07568 -1.9854 
v -338.354 3.07568 -2.25654 
v -338.332 3.12918 -1.9854 
v -338.332 3.12918 -2.25654 
v -338.279 3.00002 -2.25654 
v -338.354 3.07568 -2.25654 
v -338.203 3.07568 -2.25654 
v -338.332 3.02218 -2.25654 
v -338.225 3.02218 -2.25654 
v -338.279 3.15134 -2.25654 
v -338.225 3.12918 -2.25654 
v -338.332 3.12918 -2.25654 
v -338.332 3.02218 -2.25654 
v -338.332 3.02218 -1.9854 
v -338.279 3.00002 -2.25654 
v -338.279 3.00002 -1.9854 
v -338.225 3.02218 -2.25654 
v -338.225 3.02218 -1.9854 
v -338.225 3.02218 -2.25654 
v -338.225 3.02218 -1.9854 
v -338.203 3.07568 -2.25654 
v -338.203 3.07568 -1.9854 
v -338.225 3.12918 -1.9854 
v -338.225 3.12918 -2.25654 

vn 0 0 1 
vn 0 0 1 
vn 0 0 1 
vn 0 0 1 
vn 0 0 1 
vn 0 0 1 
vn 0 0 1 
vn 0 0 1 
vn -0.708661 0.708661 0 
vn -0.708661 0.708661 0 
vn 0 1 0 
vn 0 1 0 
vn 0.708661 0.708661 0 
vn 0.708661 0.708661 0 
vn -0.708661 -0.708661 0 
vn -0.708661 -0.708661 0 
vn -1 0 0 
vn -1 0 0 
vn -0.708661 0.708661 0 
vn -0.708661 0.708661 0 
vn 0 0 -1 
vn 0 0 -1 
vn 0 0 -1 
vn 0 0 -1 
vn 0 0 -1 
vn 0 0 -1 
vn 0 0 -1 
vn 0 0 -1 
vn -0.708661 -0.708661 0 
vn -0.708661 -0.708661 0 
vn 0 -1 0 
vn 0 -1 0 
vn 0.708661 -0.708661 0 
vn 0.708661 -0.708661 0 
vn 0.708661 -0.708661 0 
vn 0.708661 -0.708661 0 
vn 1 0 0 
vn 1 0 0 
vn 0.708661 0.708661 0 
vn 0.708661 0.708661 0 

vt 60.0095 -59 
vt 59.9905 -59 
vt 60 -59.0095 
vt 59.9933 -59.0067 
vt 60.0067 -59.0067 
vt 60 -58.9905 
vt 59.9933 -58.9933 
vt 60.0067 -58.9933 
vt 59.9831 -58.9933 
vt 60.0169 -58.9933 
vt 59.9831 -59 
vt 60.0169 -59 
vt 59.9831 -59.0067 
vt 60.0169 -59.0067 
vt 59.9831 -59.0067 
vt 60.0169 -59.0067 
vt 60.0169 -59 
vt 59.9831 -59 
vt 60.0169 -58.9933 
vt 59.9831 -58.9933 
vt 60 -59.0095 
vt 60.0095 -59 
vt 59.9905 -59 
vt 60.0067 -59.0067 
vt 59.9933 -59.0067 
vt 60 -58.9905 
vt 59.9933 -58.9933 
vt 60.0067 -58.9933 
vt 59.9831 -58.9933 
vt 60.0169 -58.9933 
vt 59.9831 -59 
vt 60.0169 -59 
vt 59.9831 -59.0067 
vt 60.0169 -59.0067 
vt 60.0169 -59.0067 
vt 59.9831 -59.0067 
vt 60.0169 -59 
vt 59.9831 -59 
vt 59.9831 -58.9933 
vt 60.0169 -58.9933 

usemtl Strap1Mtl

f 3409/3409/3409 3410/3410/3410 3411/3411/3411 
f 3411/3411/3411 3410/3410/3410 3412/3412/3412 
f 3409/3409/3409 3411/3411/3411 3413/3413/3413 
f 3409/3409/3409 3414/3414/3414 3410/3410/3410 
f 3410/3410/3410 3414/3414/3414 3415/3415/3415 
f 3414/3414/3414 3409/3409/3409 3416/3416/3416 
f 3419/3419/3419 3418/3418/3418 3417/3417/3417 
f 3419/3419/3419 3420/3420/3420 3418/3418/3418 
f 3421/3421/3421 3420/3420/3420 3419/3419/3419 
f 3421/3421/3421 3422/3422/3422 3420/3420/3420 
f 3423/3423/3423 3424/3424/3424 3425/3425/3425 
f 3423/3423/3423 3425/3425/3425 3426/3426/3426 
f 3426/3426/3426 3425/3425/3425 3427/3427/3427 
f 3426/3426/3426 3427/3427/3427 3428/3428/3428 
f 3429/3429/3429 3430/3430/3430 3431/3431/3431 
f 3430/3430/3430 3429/3429/3429 3432/3432/3432 
f 3429/3429/3429 3431/3431/3431 3433/3433/3433 
f 3430/3430/3430 3434/3434/3434 3431/3431/3431 
f 3431/3431/3431 3434/3434/3434 3435/3435/3435 
f 3434/3434/3434 3430/3430/3430 3436/3436/3436 
f 3439/3439/3439 3438/3438/3438 3437/3437/3437 
f 3439/3439/3439 3440/3440/3440 3438/3438/3438 
f 3441/3441/3441 3440/3440/3440 3439/3439/3439 
f 3441/3441/3441 3442/3442/3442 3440/3440/3440 
f 3445/3445/3445 3444/3444/3444 3443/3443/3443 
f 3445/3445/3445 3446/3446/3446 3444/3444/3444 
f 3448/3448/3448 3446/3446/3446 3445/3445/3445 
f 3448/3448/3448 3447/3447/3447 3446/3446/3446 

g Shell12

v -338.223 3.18225 -1.88526 
v -338.313 3.18225 -1.88526 
v -338.268 3.16379 -1.88526 
v -338.223 3.27137 -1.88526 
v -338.205 3.22681 -1.88526 
v -338.313 3.27137 -1.88526 
v -338.331 3.22681 -1.88526 
v -338.268 3.28982 -1.88526 
v -338.268 3.22681 -2.73156 
v -338.305 3.22681 -2.59658 
v -338.294 3.25286 -2.50657 
v -338.294 3.25317 -2.59658 
v -338.268 3.26409 -2.59658 
v -338.268 3.26365 -2.50657 
v -338.242 3.25286 -2.50657 
v -338.242 3.25317 -2.59658 
v -338.231 3.22681 -2.59658 
v -338.331 3.22681 -1.88526 
v -338.313 3.27137 -1.88526 
v -338.313 3.27137 -2.35658 
v -338.268 3.28982 -1.88526 
v -338.268 3.28982 -2.35658 
v -338.205 3.22681 -1.88526 
v -338.3 3.25896 -2.41122 
v -338.223 3.27137 -1.88526 
v -338.223 3.27137 -2.35658 
v -338.236 3.25896 -2.41122 
v -338.236 3.25896 -2.50657 
v -338.268 3.27228 -2.41122 
v -338.268 3.27228 -2.50657 
v -338.3 3.25896 -2.50657 
v -338.294 3.20044 -2.59658 
v -338.268 3.22681 -2.73156 
v -338.294 3.20075 -2.50657 
v -338.305 3.22681 -2.59658 
v -338.305 3.22681 -2.50657 
v -338.294 3.25286 -2.50657 
v -338.294 3.25317 -2.59658 
v -338.313 3.18225 -2.35658 
v -338.313 3.18225 -1.88526 
v -338.331 3.22681 -1.88526 
v -338.331 3.22681 -2.35658 
v -338.313 3.27137 -1.88526 
v -338.3 3.19465 -2.41122 
v -338.313 3.27137 -2.35658 
v -338.205 3.22681 -1.88526 
v -338.3 3.25896 -2.41122 
v -338.236 3.25896 -2.50657 
v -338.3 3.25896 -2.50657 
v -338.3 3.19465 -2.50657 
v -338.313 3.22681 -2.50657 
v -338.313 3.22681 -2.41122 
v -338.268 3.27228 -2.50657 
v -338.294 3.25286 -2.50657 
v -338.3 3.25896 -2.50657 
v -338.268 3.26365 -2.50657 
v -338.305 3.22681 -2.50657 
v -338.242 3.25286 -2.50657 
v -338.313 3.22681 -2.50657 
v -338.236 3.25896 -2.50657 
v -338.3 3.19465 -2.50657 
v -338.231 3.22681 -2.50657 
v -338.294 3.20075 -2.50657 
v -338.223 3.22681 -2.50657 
v -338.268 3.18133 -2.50657 
v -338.236 3.19465 -2.50657 
v -338.268 3.18996 -2.50657 
v -338.242 3.20075 -2.50657 
v -338.268 3.18952 -2.59658 
v -338.294 3.20044 -2.59658 
v -338.268 3.22681 -2.73156 
v -338.294 3.20075 -2.50657 
v -338.268 3.18996 -2.50657 
v -338.242 3.20075 -2.50657 
v -338.305 3.22681 -2.59658 
v -338.242 3.20044 -2.59658 
v -338.231 3.22681 -2.59658 
v -338.313 3.18225 -2.35658 
v -338.313 3.18225 -1.88526 
v -338.331 3.22681 -1.88526 
v -338.268 3.16379 -2.35658 
v -338.268 3.16379 -1.88526 
v -338.3 3.19465 -2.41122 
v -338.223 3.18225 -2.35658 
v -338.223 3.18225 -1.88526 
v -338.205 3.22681 -1.88526 
v -338.236 3.19465 -2.41122 
v -338.236 3.19465 -2.50657 
v -338.268 3.18133 -2.50657 
v -338.268 3.18133 -2.41122 
v -338.3 3.19465 -2.50657 
v -338.268 3.22681 -2.73156 
v -338.242 3.20075 -2.50657 
v -338.242 3.20044 -2.59658 
v -338.242 3.25286 -2.50657 
v -338.242 3.25317 -2.59658 
v -338.231 3.22681 -2.59658 
v -338.231 3.22681 -2.50657 
v -338.268 3.16379 -1.88526 
v -338.223 3.18225 -2.35658 
v -338.223 3.18225 -1.88526 
v -338.268 3.28982 -1.88526 
v -338.205 3.22681 -2.35658 
v -338.205 3.22681 -1.88526 
v -338.223 3.27137 -1.88526 
v -338.223 3.27137 -2.35658 
v -338.236 3.25896 -2.41122 
v -338.236 3.19465 -2.41122 
v -338.223 3.22681 -2.41122 
v -338.223 3.22681 -2.50657 
v -338.236 3.19465 -2.50657 
v -338.236 3.25896 -2.50657 

vn 0 0 1 
vn 0 0 1 
vn 0 0 1 
vn 0 0 1 
vn 0 0 1 
vn 0 0 1 
vn 0 0 1 
vn 0 0 1 
vn 0 0 -1 
vn -0.992126 0 -0.110236 
vn -0.708661 0.708661 0.00787402 
vn -0.700787 0.700787 -0.110236 
vn 0 0.992126 -0.110236 
vn 0 1 0.00787402 
vn 0.708661 0.708661 0.00787402 
vn 0.700787 0.700787 -0.110236 
vn 0.992126 0 -0.110236 
vn -1 0 0 
vn -0.708661 0.708661 0 
vn -0.700787 0.700787 -0.125984 
vn 0 1 0 
vn 0 0.992126 -0.125984 
vn 1 0 0 
vn -0.700787 0.700787 -0.149606 
vn 0.708661 0.708661 0 
vn 0.700787 0.700787 -0.125984 
vn 0.700787 0.700787 -0.149606 
vn 0.708661 0.708661 0 
vn 0 0.992126 -0.149606 
vn 0 1 0 
vn -0.708661 0.708661 0 
vn -0.700787 -0.700787 -0.110236 
vn 0 0 -1 
vn -0.708661 -0.708661 0.00787402 
vn -0.992126 0 -0.110236 
vn -1 0 0.00787402 
vn -0.708661 0.708661 0.00787402 
vn -0.700787 0.700787 -0.110236 
vn -0.700787 -0.700787 -0.125984 
vn -0.708661 -0.708661 0 
vn -1 0 0 
vn -0.992126 0 -0.125984 
vn -0.708661 0.708661 0 
vn -0.700787 -0.700787 -0.149606 
vn -0.700787 0.700787 -0.125984 
vn 1 0 0 
vn -0.700787 0.700787 -0.149606 
vn 0.708661 0.708661 0 
vn -0.708661 0.708661 0 
vn -0.708661 -0.708661 0 
vn -1 0 0 
vn -0.992126 0 -0.149606 
vn 0 0 -1 
vn 0 0 -1 
vn 0 0 -1 
vn 0 0 -1 
vn 0 0 -1 
vn 0 0 -1 
vn 0 0 -1 
vn 0 0 -1 
vn 0 0 -1 
vn 0 0 -1 
vn 0 0 -1 
vn 0 0 -1 
vn 0 0 -1 
vn 0 0 -1 
vn 0 0 -1 
vn 0 0 -1 
vn 0 -0.992126 -0.110236 
vn -0.700787 -0.700787 -0.110236 
vn 0 0 -1 
vn -0.708661 -0.708661 0.00787402 
vn 0 -1 0.00787402 
vn 0.708661 -0.708661 0.00787402 
vn -0.992126 0 -0.110236 
vn 0.700787 -0.700787 -0.110236 
vn 0.992126 0 -0.110236 
vn -0.700787 -0.700787 -0.125984 
vn -0.708661 -0.708661 0 
vn -1 0 0 
vn 0 -0.992126 -0.125984 
vn 0 -1 0 
vn -0.700787 -0.700787 -0.149606 
vn 0.700787 -0.700787 -0.125984 
vn 0.708661 -0.708661 0 
vn 1 0 0 
vn 0.700787 -0.700787 -0.149606 
vn 0.708661 -0.708661 0 
vn 0 -1 0 
vn 0 -0.992126 -0.149606 
vn -0.708661 -0.708661 0 
vn 0 0 -1 
vn 0.708661 -0.708661 0.00787402 
vn 0.700787 -0.700787 -0.110236 
vn 0.708661 0.708661 0.00787402 
vn 0.700787 0.700787 -0.110236 
vn 0.992126 0 -0.110236 
vn 1 0 0.00787402 
vn 0 -1 0 
vn 0.700787 -0.700787 -0.125984 
vn 0.708661 -0.708661 0 
vn 0 1 0 
vn 0.992126 0 -0.125984 
vn 1 0 0 
vn 0.708661 0.708661 0 
vn 0.700787 0.700787 -0.125984 
vn 0.700787 0.700787 -0.149606 
vn 0.700787 -0.700787 -0.149606 
vn 0.992126 0 -0.149606 
vn 1 0 0 
vn 0.708661 -0.708661 0 
vn 0.708661 0.708661 0 

vt 0.326835 1.20405 
vt 0.315695 1.20405 
vt 0.321265 1.20175 
vt 0.326835 1.21519 
vt 0.329143 1.20962 
vt 0.315695 1.21519 
vt 0.313388 1.20962 
vt 0.321265 1.2175 
vt 0.374159 1.20962 
vt 0.357287 1.21428 
vt 0.346036 1.21288 
vt 0.357287 1.21292 
vt 0.357287 1.20962 
vt 0.346036 1.20962 
vt 0.346036 1.20637 
vt 0.357287 1.20633 
vt 0.357287 1.20496 
vt 0.268372 1.2175 
vt 0.268372 1.21519 
vt 0.327287 1.21519 
vt 0.268372 1.20962 
vt 0.327287 1.20962 
vt 0.268372 1.20175 
vt 0.334117 1.21364 
vt 0.268372 1.20405 
vt 0.327287 1.20405 
vt 0.334117 1.2056 
vt 0.346036 1.2056 
vt 0.334117 1.20962 
vt 0.346036 1.20962 
vt 0.346036 1.21364 
vt 0.285244 1.20633 
vt 0.268372 1.20962 
vt 0.296495 1.20637 
vt 0.285244 1.20962 
vt 0.296495 1.20962 
vt 0.296495 1.21288 
vt 0.285244 1.21292 
vt 0.315244 1.20405 
vt 0.374159 1.20405 
vt 0.374159 1.20962 
vt 0.315244 1.20962 
vt 0.374159 1.21519 
vt 0.308414 1.2056 
vt 0.315244 1.21519 
vt 0.374159 1.20962 
vt 0.308414 1.21364 
vt 0.296495 1.21364 
vt 0.296495 1.21364 
vt 0.296495 1.2056 
vt 0.296495 1.20962 
vt 0.308414 1.20962 
vt 0.321265 1.21531 
vt 0.324522 1.21288 
vt 0.325285 1.21364 
vt 0.321265 1.21423 
vt 0.325871 1.20962 
vt 0.318009 1.21288 
vt 0.32695 1.20962 
vt 0.317246 1.21364 
vt 0.325285 1.2056 
vt 0.31666 1.20962 
vt 0.324522 1.20637 
vt 0.315581 1.20962 
vt 0.321265 1.20394 
vt 0.317246 1.2056 
vt 0.321265 1.20502 
vt 0.318009 1.20637 
vt 0.285244 1.20962 
vt 0.285244 1.21292 
vt 0.268372 1.20962 
vt 0.296495 1.21288 
vt 0.296495 1.20962 
vt 0.296495 1.20637 
vt 0.285244 1.21428 
vt 0.285244 1.20633 
vt 0.285244 1.20496 
vt 0.315244 1.21519 
vt 0.374159 1.21519 
vt 0.374159 1.2175 
vt 0.315244 1.20962 
vt 0.374159 1.20962 
vt 0.308414 1.21364 
vt 0.315244 1.20405 
vt 0.374159 1.20405 
vt 0.374159 1.20175 
vt 0.308414 1.2056 
vt 0.296495 1.2056 
vt 0.296495 1.20962 
vt 0.308414 1.20962 
vt 0.296495 1.21364 
vt 0.374159 1.20962 
vt 0.346036 1.20637 
vt 0.357287 1.20633 
vt 0.346036 1.21288 
vt 0.357287 1.21292 
vt 0.357287 1.20962 
vt 0.346036 1.20962 
vt 0.268372 1.20175 
vt 0.327287 1.20405 
vt 0.268372 1.20405 
vt 0.268372 1.2175 
vt 0.327287 1.20962 
vt 0.268372 1.20962 
vt 0.268372 1.21519 
vt 0.327287 1.21519 
vt 0.334117 1.21364 
vt 0.334117 1.2056 
vt 0.334117 1.20962 
vt 0.346036 1.20962 
vt 0.346036 1.2056 
vt 0.346036 1.21364 

usemtl Shell1Mtl

f 3449/3449/3449 3450/3450/3450 3451/3451/3451 
f 3450/3450/3450 3449/3449/3449 3452/3452/3452 
f 3452/3452/3452 3449/3449/3449 3453/3453/3453 
f 3452/3452/3452 3454/3454/3454 3450/3450/3450 
f 3450/3450/3450 3454/3454/3454 3455/3455/3455 
f 3454/3454/3454 3452/3452/3452 3456/3456/3456 
f 3459/3459/3459 3461/3461/3461 3460/3460/3460 
f 3460/3460/3460 3461/3461/3461 3457/3457/3457 
f 3461/3461/3461 3459/3459/3459 3462/3462/3462 
f 3463/3463/3463 3461/3461/3461 3462/3462/3462 
f 3461/3461/3461 3464/3464/3464 3457/3457/3457 
f 3461/3461/3461 3463/3463/3463 3464/3464/3464 
f 3469/3469/3469 3468/3468/3468 3467/3467/3467 
f 3468/3468/3468 3469/3469/3469 3470/3470/3470 
f 3470/3470/3470 3472/3472/3472 3468/3468/3468 
f 3473/3473/3473 3470/3470/3470 3469/3469/3469 
f 3470/3470/3470 3473/3473/3473 3474/3474/3474 
f 3475/3475/3475 3470/3470/3470 3474/3474/3474 
f 3476/3476/3476 3477/3477/3477 3475/3475/3475 
f 3470/3470/3470 3475/3475/3475 3477/3477/3477 
f 3477/3477/3477 3476/3476/3476 3478/3478/3478 
f 3472/3472/3472 3470/3470/3470 3477/3477/3477 
f 3478/3478/3478 3472/3472/3472 3477/3477/3477 
f 3472/3472/3472 3478/3478/3478 3479/3479/3479 
f 3480/3480/3480 3482/3482/3482 3483/3483/3483 
f 3480/3480/3480 3483/3483/3483 3481/3481/3481 
f 3484/3484/3484 3483/3483/3483 3482/3482/3482 
f 3485/3485/3485 3483/3483/3483 3484/3484/3484 
f 3483/3483/3483 3485/3485/3485 3486/3486/3486 
f 3483/3483/3483 3486/3486/3486 3481/3481/3481 
f 3487/3487/3487 3488/3488/3488 3489/3489/3489 
f 3487/3487/3487 3489/3489/3489 3490/3490/3490 
f 3490/3490/3490 3489/3489/3489 3491/3491/3491 
f 3490/3490/3490 3492/3492/3492 3487/3487/3487 
f 3490/3490/3490 3491/3491/3491 3493/3493/3493 
f 3493/3493/3493 3495/3495/3495 3490/3490/3490 
f 3498/3498/3498 3492/3492/3492 3499/3499/3499 
f 3495/3495/3495 3497/3497/3497 3500/3500/3500 
f 3499/3499/3499 3500/3500/3500 3497/3497/3497 
f 3500/3500/3500 3499/3499/3499 3492/3492/3492 
f 3500/3500/3500 3490/3490/3490 3495/3495/3495 
f 3492/3492/3492 3490/3490/3490 3500/3500/3500 
f 3501/3501/3501 3502/3502/3502 3503/3503/3503 
f 3502/3502/3502 3501/3501/3501 3504/3504/3504 
f 3505/3505/3505 3503/3503/3503 3502/3502/3502 
f 3501/3501/3501 3506/3506/3506 3504/3504/3504 
f 3503/3503/3503 3505/3505/3505 3507/3507/3507 
f 3501/3501/3501 3508/3508/3508 3506/3506/3506 
f 3505/3505/3505 3509/3509/3509 3507/3507/3507 
f 3510/3510/3510 3506/3506/3506 3508/3508/3508 
f 3509/3509/3509 3505/3505/3505 3511/3511/3511 
f 3508/3508/3508 3512/3512/3512 3510/3510/3510 
f 3513/3513/3513 3509/3509/3509 3511/3511/3511 
f 3514/3514/3514 3510/3510/3510 3512/3512/3512 
f 3513/3513/3513 3511/3511/3511 3515/3515/3515 
f 3510/3510/3510 3514/3514/3514 3516/3516/3516 
f 3513/3513/3513 3516/3516/3516 3514/3514/3514 
f 3516/3516/3516 3513/3513/3513 3515/3515/3515 
f 3517/3517/3517 3518/3518/3518 3519/3519/3519 
f 3517/3517/3517 3520/3520/3520 3518/3518/3518 
f 3520/3520/3520 3517/3517/3517 3521/3521/3521 
f 3521/3521/3521 3517/3517/3517 3522/3522/3522 
f 3524/3524/3524 3522/3522/3522 3517/3517/3517 
f 3524/3524/3524 3517/3517/3517 3519/3519/3519 
f 3529/3529/3529 3527/3527/3527 3526/3526/3526 
f 3529/3529/3529 3530/3530/3530 3527/3527/3527 
f 3526/3526/3526 3531/3531/3531 3529/3529/3529 
f 3532/3532/3532 3530/3530/3530 3529/3529/3529 
f 3532/3532/3532 3533/3533/3533 3530/3530/3530 
f 3529/3529/3529 3535/3535/3535 3532/3532/3532 
f 3536/3536/3536 3535/3535/3535 3537/3537/3537 
f 3538/3538/3538 3537/3537/3537 3535/3535/3535 
f 3535/3535/3535 3529/3529/3529 3538/3538/3538 
f 3537/3537/3537 3538/3538/3538 3539/3539/3539 
f 3538/3538/3538 3529/3529/3529 3531/3531/3531 
f 3531/3531/3531 3539/3539/3539 3538/3538/3538 
f 3545/3545/3545 3542/3542/3542 3540/3540/3540 
f 3544/3544/3544 3545/3545/3545 3540/3540/3540 
f 3544/3544/3544 3543/3543/3543 3545/3545/3545 
f 3545/3545/3545 3541/3541/3541 3542/3542/3542 
f 3546/3546/3546 3545/3545/3545 3543/3543/3543 
f 3541/3541/3541 3545/3545/3545 3546/3546/3546 
f 3551/3551/3551 3549/3549/3549 3548/3548/3548 
f 3551/3551/3551 3552/3552/3552 3549/3549/3549 
f 3554/3554/3554 3553/3553/3553 3552/3552/3552 
f 3554/3554/3554 3552/3552/3552 3551/3551/3551 
f 3551/3551/3551 3555/3555/3555 3554/3554/3554 
f 3548/3548/3548 3556/3556/3556 3551/3551/3551 
f 3555/3555/3555 3551/3551/3551 3557/3557/3557 
f 3557/3557/3557 3551/3551/3551 3556/3556/3556 
f 3557/3557/3557 3558/3558/3558 3555/3555/3555 
f 3558/3558/3558 3557/3557/3557 3559/3559/3559 
f 3556/3556/3556 3559/3559/3559 3557/3557/3557 
f 3560/3560/3560 3555/3555/3555 3558/3558/3558 

g Strap12

v -338.192 3.22681 -1.9854 
v -338.344 3.22681 -1.9854 
v -338.268 3.15115 -1.9854 
v -338.322 3.17331 -1.9854 
v -338.215 3.17331 -1.9854 
v -338.268 3.30247 -1.9854 
v -338.322 3.28031 -1.9854 
v -338.215 3.28031 -1.9854 
v -338.322 3.28031 -1.9854 
v -338.322 3.28031 -2.25654 
v -338.268 3.30247 -1.9854 
v -338.268 3.30247 -2.25654 
v -338.215 3.28031 -1.9854 
v -338.215 3.28031 -2.25654 
v -338.322 3.17331 -2.25654 
v -338.322 3.17331 -1.9854 
v -338.344 3.22681 -1.9854 
v -338.344 3.22681 -2.25654 
v -338.322 3.28031 -1.9854 
v -338.322 3.28031 -2.25654 
v -338.268 3.15115 -2.25654 
v -338.344 3.22681 -2.25654 
v -338.192 3.22681 -2.25654 
v -338.322 3.17331 -2.25654 
v -338.215 3.17331 -2.25654 
v -338.268 3.30247 -2.25654 
v -338.215 3.28031 -2.25654 
v -338.322 3.28031 -2.25654 
v -338.322 3.17331 -2.25654 
v -338.322 3.17331 -1.9854 
v -338.268 3.15115 -2.25654 
v -338.268 3.15115 -1.9854 
v -338.215 3.17331 -2.25654 
v -338.215 3.17331 -1.9854 
v -338.215 3.17331 -2.25654 
v -338.215 3.17331 -1.9854 
v -338.192 3.22681 -2.25654 
v -338.192 3.22681 -1.9854 
v -338.215 3.28031 -1.9854 
v -338.215 3.28031 -2.25654 

vn 0 0 1 
vn 0 0 1 
vn 0 0 1 
vn 0 0 1 
vn 0 0 1 
vn 0 0 1 
vn 0 0 1 
vn 0 0 1 
vn -0.708661 0.708661 0 
vn -0.708661 0.708661 0 
vn 0 1 0 
vn 0 1 0 
vn 0.708661 0.708661 0 
vn 0.708661 0.708661 0 
vn -0.708661 -0.708661 0 
vn -0.708661 -0.708661 0 
vn -1 0 0 
vn -1 0 0 
vn -0.708661 0.708661 0 
vn -0.708661 0.708661 0 
vn 0 0 -1 
vn 0 0 -1 
vn 0 0 -1 
vn 0 0 -1 
vn 0 0 -1 
vn 0 0 -1 
vn 0 0 -1 
vn 0 0 -1 
vn -0.708661 -0.708661 0 
vn -0.708661 -0.708661 0 
vn 0 -1 0 
vn 0 -1 0 
vn 0.708661 -0.708661 0 
vn 0.708661 -0.708661 0 
vn 0.708661 -0.708661 0 
vn 0.708661 -0.708661 0 
vn 1 0 0 
vn 1 0 0 
vn 0.708661 0.708661 0 
vn 0.708661 0.708661 0 

vt 56.0095 -33 
vt 55.9905 -33 
vt 56 -33.0095 
vt 55.9933 -33.0067 
vt 56.0067 -33.0067 
vt 56 -32.9905 
vt 55.9933 -32.9933 
vt 56.0067 -32.9933 
vt 55.9831 -32.9933 
vt 56.0169 -32.9933 
vt 55.9831 -33 
vt 56.0169 -33 
vt 55.9831 -33.0067 
vt 56.0169 -33.0067 
vt 55.9831 -33.0067 
vt 56.0169 -33.0067 
vt 56.0169 -33 
vt 55.9831 -33 
vt 56.0169 -32.9933 
vt 55.9831 -32.9933 
vt 56 -33.0095 
vt 56.0095 -33 
vt 55.9905 -33 
vt 56.0067 -33.0067 
vt 55.9933 -33.0067 
vt 56 -32.9905 
vt 55.9933 -32.9933 
vt 56.0067 -32.9933 
vt 55.9831 -32.9933 
vt 56.0169 -32.9933 
vt 55.9831 -33 
vt 56.0169 -33 
vt 55.9831 -33.0067 
vt 56.0169 -33.0067 
vt 56.0169 -33.0067 
vt 55.9831 -33.0067 
vt 56.0169 -33 
vt 55.9831 -33 
vt 55.9831 -32.9933 
vt 56.0169 -32.9933 

usemtl Strap1Mtl

f 3561/3561/3561 3562/3562/3562 3563/3563/3563 
f 3563/3563/3563 3562/3562/3562 3564/3564/3564 
f 3561/3561/3561 3563/3563/3563 3565/3565/3565 
f 3561/3561/3561 3566/3566/3566 3562/3562/3562 
f 3562/3562/3562 3566/3566/3566 3567/3567/3567 
f 3566/3566/3566 3561/3561/3561 3568/3568/3568 
f 3571/3571/3571 3570/3570/3570 3569/3569/3569 
f 3571/3571/3571 3572/3572/3572 3570/3570/3570 
f 3573/3573/3573 3572/3572/3572 3571/3571/3571 
f 3573/3573/3573 3574/3574/3574 3572/3572/3572 
f 3575/3575/3575 3576/3576/3576 3577/3577/3577 
f 3575/3575/3575 3577/3577/3577 3578/3578/3578 
f 3578/3578/3578 3577/3577/3577 3579/3579/3579 
f 3578/3578/3578 3579/3579/3579 3580/3580/3580 
f 3581/3581/3581 3582/3582/3582 3583/3583/3583 
f 3582/3582/3582 3581/3581/3581 3584/3584/3584 
f 3581/3581/3581 3583/3583/3583 3585/3585/3585 
f 3582/3582/3582 3586/3586/3586 3583/3583/3583 
f 3583/3583/3583 3586/3586/3586 3587/3587/3587 
f 3586/3586/3586 3582/3582/3582 3588/3588/3588 
f 3591/3591/3591 3590/3590/3590 3589/3589/3589 
f 3591/3591/3591 3592/3592/3592 3590/3590/3590 
f 3593/3593/3593 3592/3592/3592 3591/3591/3591 
f 3593/3593/3593 3594/3594/3594 3592/3592/3592 
f 3597/3597/3597 3596/3596/3596 3595/3595/3595 
f 3597/3597/3597 3598/3598/3598 3596/3596/3596 
f 3600/3600/3600 3598/3598/3598 3597/3597/3597 
f 3600/3600/3600 3599/3599/3599 3598/3598/3598 

g Shell13

v -338.245 3.31567 -1.88526 
v -338.335 3.31567 -1.88526 
v -338.29 3.29721 -1.88526 
v -338.245 3.40479 -1.88526 
v -338.227 3.36023 -1.88526 
v -338.335 3.40479 -1.88526 
v -338.353 3.36023 -1.88526 
v -338.29 3.42325 -1.88526 
v -338.29 3.36023 -2.73156 
v -338.327 3.36023 -2.59658 
v -338.316 3.38628 -2.50657 
v -338.316 3.38659 -2.59658 
v -338.29 3.39751 -2.59658 
v -338.29 3.39707 -2.50657 
v -338.264 3.38628 -2.50657 
v -338.264 3.38659 -2.59658 
v -338.253 3.36023 -2.59658 
v -338.353 3.36023 -1.88526 
v -338.335 3.40479 -1.88526 
v -338.335 3.40479 -2.35658 
v -338.29 3.42325 -1.88526 
v -338.29 3.42325 -2.35658 
v -338.227 3.36023 -1.88526 
v -338.322 3.39239 -2.41122 
v -338.245 3.40479 -1.88526 
v -338.245 3.40479 -2.35658 
v -338.258 3.39239 -2.41122 
v -338.258 3.39239 -2.50657 
v -338.29 3.40571 -2.41122 
v -338.29 3.40571 -2.50657 
v -338.322 3.39239 -2.50657 
v -338.316 3.33387 -2.59658 
v -338.29 3.36023 -2.73156 
v -338.316 3.33418 -2.50657 
v -338.327 3.36023 -2.59658 
v -338.327 3.36023 -2.50657 
v -338.316 3.38628 -2.50657 
v -338.316 3.38659 -2.59658 
v -338.335 3.31567 -2.35658 
v -338.335 3.31567 -1.88526 
v -338.353 3.36023 -1.88526 
v -338.353 3.36023 -2.35658 
v -338.335 3.40479 -1.88526 
v -338.322 3.32807 -2.41122 
v -338.335 3.40479 -2.35658 
v -338.227 3.36023 -1.88526 
v -338.322 3.39239 -2.41122 
v -338.258 3.39239 -2.50657 
v -338.322 3.39239 -2.50657 
v -338.322 3.32807 -2.50657 
v -338.335 3.36023 -2.50657 
v -338.335 3.36023 -2.41122 
v -338.29 3.40571 -2.50657 
v -338.316 3.38628 -2.50657 
v -338.322 3.39239 -2.50657 
v -338.29 3.39707 -2.50657 
v -338.327 3.36023 -2.50657 
v -338.264 3.38628 -2.50657 
v -338.335 3.36023 -2.50657 
v -338.258 3.39239 -2.50657 
v -338.322 3.32807 -2.50657 
v -338.253 3.36023 -2.50657 
v -338.316 3.33418 -2.50657 
v -338.245 3.36023 -2.50657 
v -338.29 3.31475 -2.50657 
v -338.258 3.32807 -2.50657 
v -338.29 3.32339 -2.50657 
v -338.264 3.33418 -2.50657 
v -338.29 3.32295 -2.59658 
v -338.316 3.33387 -2.59658 
v -338.29 3.36023 -2.73156 
v -338.316 3.33418 -2.50657 
v -338.29 3.32339 -2.50657 
v -338.264 3.33418 -2.50657 
v -338.327 3.36023 -2.59658 
v -338.264 3.33387 -2.59658 
v -338.253 3.36023 -2.59658 
v -338.335 3.31567 -2.35658 
v -338.335 3.31567 -1.88526 
v -338.353 3.36023 -1.88526 
v -338.29 3.29721 -2.35658 
v -338.29 3.29721 -1.88526 
v -338.322 3.32807 -2.41122 
v -338.245 3.31567 -2.35658 
v -338.245 3.31567 -1.88526 
v -338.227 3.36023 -1.88526 
v -338.258 3.32807 -2.41122 
v -338.258 3.32807 -2.50657 
v -338.29 3.31475 -2.50657 
v -338.29 3.31475 -2.41122 
v -338.322 3.32807 -2.50657 
v -338.29 3.36023 -2.73156 
v -338.264 3.33418 -2.50657 
v -338.264 3.33387 -2.59658 
v -338.264 3.38628 -2.50657 
v -338.264 3.38659 -2.59658 
v -338.253 3.36023 -2.59658 
v -338.253 3.36023 -2.50657 
v -338.29 3.29721 -1.88526 
v -338.245 3.31567 -2.35658 
v -338.245 3.31567 -1.88526 
v -338.29 3.42325 -1.88526 
v -338.227 3.36023 -2.35658 
v -338.227 3.36023 -1.88526 
v -338.245 3.40479 -1.88526 
v -338.245 3.40479 -2.35658 
v -338.258 3.39239 -2.41122 
v -338.258 3.32807 -2.41122 
v -338.245 3.36023 -2.41122 
v -338.245 3.36023 -2.50657 
v -338.258 3.32807 -2.50657 
v -338.258 3.39239 -2.50657 

vn 0 0 1 
vn 0 0 1 
vn 0 0 1 
vn 0 0 1 
vn 0 0 1 
vn 0 0 1 
vn 0 0 1 
vn 0 0 1 
vn 0 0 -1 
vn -0.992126 0 -0.110236 
vn -0.708661 0.708661 0.00787402 
vn -0.700787 0.700787 -0.110236 
vn 0 0.992126 -0.110236 
vn 0 1 0.00787402 
vn 0.708661 0.708661 0.00787402 
vn 0.700787 0.700787 -0.110236 
vn 0.992126 0 -0.110236 
vn -1 0 0 
vn -0.708661 0.708661 0 
vn -0.700787 0.700787 -0.125984 
vn 0 1 0 
vn 0 0.992126 -0.125984 
vn 1 0 0 
vn -0.700787 0.700787 -0.149606 
vn 0.708661 0.708661 0 
vn 0.700787 0.700787 -0.125984 
vn 0.700787 0.700787 -0.149606 
vn 0.708661 0.708661 0 
vn 0 0.992126 -0.149606 
vn 0 1 0 
vn -0.708661 0.708661 0 
vn -0.700787 -0.700787 -0.110236 
vn 0 0 -1 
vn -0.708661 -0.708661 0.00787402 
vn -0.992126 0 -0.110236 
vn -1 0 0.00787402 
vn -0.708661 0.708661 0.00787402 
vn -0.700787 0.700787 -0.110236 
vn -0.700787 -0.700787 -0.125984 
vn -0.708661 -0.708661 0 
vn -1 0 0 
vn -0.992126 0 -0.125984 
vn -0.708661 0.708661 0 
vn -0.700787 -0.700787 -0.149606 
vn -0.700787 0.700787 -0.125984 
vn 1 0 0 
vn -0.700787 0.700787 -0.149606 
vn 0.708661 0.708661 0 
vn -0.708661 0.708661 0 
vn -0.708661 -0.708661 0 
vn -1 0 0 
vn -0.992126 0 -0.149606 
vn 0 0 -1 
vn 0 0 -1 
vn 0 0 -1 
vn 0 0 -1 
vn 0 0 -1 
vn 0 0 -1 
vn 0 0 -1 
vn 0 0 -1 
vn 0 0 -1 
vn 0 0 -1 
vn 0 0 -1 
vn 0 0 -1 
vn 0 0 -1 
vn 0 0 -1 
vn 0 0 -1 
vn 0 0 -1 
vn 0 -0.992126 -0.110236 
vn -0.700787 -0.700787 -0.110236 
vn 0 0 -1 
vn -0.708661 -0.708661 0.00787402 
vn 0 -1 0.00787402 
vn 0.708661 -0.708661 0.00787402 
vn -0.992126 0 -0.110236 
vn 0.700787 -0.700787 -0.110236 
vn 0.992126 0 -0.110236 
vn -0.700787 -0.700787 -0.125984 
vn -0.708661 -0.708661 0 
vn -1 0 0 
vn 0 -0.992126 -0.125984 
vn 0 -1 0 
vn -0.700787 -0.700787 -0.149606 
vn 0.700787 -0.700787 -0.125984 
vn 0.708661 -0.708661 0 
vn 1 0 0 
vn 0.700787 -0.700787 -0.149606 
vn 0.708661 -0.708661 0 
vn 0 -1 0 
vn 0 -0.992126 -0.149606 
vn -0.708661 -0.708661 0 
vn 0 0 -1 
vn 0.708661 -0.708661 0.00787402 
vn 0.700787 -0.700787 -0.110236 
vn 0.708661 0.708661 0.00787402 
vn 0.700787 0.700787 -0.110236 
vn 0.992126 0 -0.110236 
vn 1 0 0.00787402 
vn 0 -1 0 
vn 0.700787 -0.700787 -0.125984 
vn 0.708661 -0.708661 0 
vn 0 1 0 
vn 0.992126 0 -0.125984 
vn 1 0 0 
vn 0.708661 0.708661 0 
vn 0.700787 0.700787 -0.125984 
vn 0.700787 0.700787 -0.149606 
vn 0.700787 -0.700787 -0.149606 
vn 0.992126 0 -0.149606 
vn 1 0 0 
vn 0.708661 -0.708661 0 
vn 0.708661 0.708661 0 

vt -0.290469 0.953656 
vt -0.301609 0.953656 
vt -0.296039 0.951349 
vt -0.290469 0.964796 
vt -0.288162 0.959226 
vt -0.301609 0.964796 
vt -0.303917 0.959226 
vt -0.296039 0.967104 
vt -0.243146 0.959226 
vt -0.260018 0.963887 
vt -0.271269 0.962483 
vt -0.260018 0.962522 
vt -0.260018 0.959226 
vt -0.271269 0.959226 
vt -0.271269 0.95597 
vt -0.260018 0.955931 
vt -0.260018 0.954566 
vt -0.348933 0.967104 
vt -0.348933 0.964796 
vt -0.290018 0.964796 
vt -0.348933 0.959226 
vt -0.290018 0.959226 
vt -0.348933 0.951349 
vt -0.283188 0.963246 
vt -0.348933 0.953656 
vt -0.290018 0.953656 
vt -0.283188 0.955207 
vt -0.271269 0.955207 
vt -0.283188 0.959226 
vt -0.271269 0.959226 
vt -0.271269 0.963246 
vt -0.332061 0.955931 
vt -0.348933 0.959226 
vt -0.32081 0.95597 
vt -0.332061 0.959226 
vt -0.32081 0.959226 
vt -0.32081 0.962483 
vt -0.332061 0.962522 
vt -0.302061 0.953656 
vt -0.243146 0.953656 
vt -0.243146 0.959226 
vt -0.302061 0.959226 
vt -0.243146 0.964796 
vt -0.308891 0.955207 
vt -0.302061 0.964796 
vt -0.243146 0.959226 
vt -0.308891 0.963246 
vt -0.32081 0.963246 
vt -0.32081 0.963246 
vt -0.32081 0.955207 
vt -0.32081 0.959226 
vt -0.308891 0.959226 
vt -0.296039 0.964911 
vt -0.292783 0.962483 
vt -0.29202 0.963246 
vt -0.296039 0.963832 
vt -0.291434 0.959226 
vt -0.299296 0.962483 
vt -0.290355 0.959226 
vt -0.300059 0.963246 
vt -0.29202 0.955207 
vt -0.300645 0.959226 
vt -0.292783 0.95597 
vt -0.301724 0.959226 
vt -0.296039 0.953542 
vt -0.300059 0.955207 
vt -0.296039 0.954621 
vt -0.299296 0.95597 
vt -0.332061 0.959226 
vt -0.332061 0.962522 
vt -0.348933 0.959226 
vt -0.32081 0.962483 
vt -0.32081 0.959226 
vt -0.32081 0.95597 
vt -0.332061 0.963887 
vt -0.332061 0.955931 
vt -0.332061 0.954566 
vt -0.302061 0.964796 
vt -0.243146 0.964796 
vt -0.243146 0.967104 
vt -0.302061 0.959226 
vt -0.243146 0.959226 
vt -0.308891 0.963246 
vt -0.302061 0.953656 
vt -0.243146 0.953656 
vt -0.243146 0.951349 
vt -0.308891 0.955207 
vt -0.32081 0.955207 
vt -0.32081 0.959226 
vt -0.308891 0.959226 
vt -0.32081 0.963246 
vt -0.243146 0.959226 
vt -0.271269 0.95597 
vt -0.260018 0.955931 
vt -0.271269 0.962483 
vt -0.260018 0.962522 
vt -0.260018 0.959226 
vt -0.271269 0.959226 
vt -0.348933 0.951349 
vt -0.290018 0.953656 
vt -0.348933 0.953656 
vt -0.348933 0.967104 
vt -0.290018 0.959226 
vt -0.348933 0.959226 
vt -0.348933 0.964796 
vt -0.290018 0.964796 
vt -0.283188 0.963246 
vt -0.283188 0.955207 
vt -0.283188 0.959226 
vt -0.271269 0.959226 
vt -0.271269 0.955207 
vt -0.271269 0.963246 

usemtl Shell1Mtl

f 3601/3601/3601 3602/3602/3602 3603/3603/3603 
f 3602/3602/3602 3601/3601/3601 3604/3604/3604 
f 3604/3604/3604 3601/3601/3601 3605/3605/3605 
f 3604/3604/3604 3606/3606/3606 3602/3602/3602 
f 3602/3602/3602 3606/3606/3606 3607/3607/3607 
f 3606/3606/3606 3604/3604/3604 3608/3608/3608 
f 3611/3611/3611 3613/3613/3613 3612/3612/3612 
f 3612/3612/3612 3613/3613/3613 3609/3609/3609 
f 3613/3613/3613 3611/3611/3611 3614/3614/3614 
f 3615/3615/3615 3613/3613/3613 3614/3614/3614 
f 3613/3613/3613 3616/3616/3616 3609/3609/3609 
f 3613/3613/3613 3615/3615/3615 3616/3616/3616 
f 3621/3621/3621 3620/3620/3620 3619/3619/3619 
f 3620/3620/3620 3621/3621/3621 3622/3622/3622 
f 3622/3622/3622 3624/3624/3624 3620/3620/3620 
f 3625/3625/3625 3622/3622/3622 3621/3621/3621 
f 3622/3622/3622 3625/3625/3625 3626/3626/3626 
f 3627/3627/3627 3622/3622/3622 3626/3626/3626 
f 3628/3628/3628 3629/3629/3629 3627/3627/3627 
f 3622/3622/3622 3627/3627/3627 3629/3629/3629 
f 3629/3629/3629 3628/3628/3628 3630/3630/3630 
f 3624/3624/3624 3622/3622/3622 3629/3629/3629 
f 3630/3630/3630 3624/3624/3624 3629/3629/3629 
f 3624/3624/3624 3630/3630/3630 3631/3631/3631 
f 3632/3632/3632 3634/3634/3634 3635/3635/3635 
f 3632/3632/3632 3635/3635/3635 3633/3633/3633 
f 3636/3636/3636 3635/3635/3635 3634/3634/3634 
f 3637/3637/3637 3635/3635/3635 3636/3636/3636 
f 3635/3635/3635 3637/3637/3637 3638/3638/3638 
f 3635/3635/3635 3638/3638/3638 3633/3633/3633 
f 3639/3639/3639 3640/3640/3640 3641/3641/3641 
f 3639/3639/3639 3641/3641/3641 3642/3642/3642 
f 3642/3642/3642 3641/3641/3641 3643/3643/3643 
f 3642/3642/3642 3644/3644/3644 3639/3639/3639 
f 3642/3642/3642 3643/3643/3643 3645/3645/3645 
f 3645/3645/3645 3647/3647/3647 3642/3642/3642 
f 3650/3650/3650 3644/3644/3644 3651/3651/3651 
f 3647/3647/3647 3649/3649/3649 3652/3652/3652 
f 3651/3651/3651 3652/3652/3652 3649/3649/3649 
f 3652/3652/3652 3651/3651/3651 3644/3644/3644 
f 3652/3652/3652 3642/3642/3642 3647/3647/3647 
f 3644/3644/3644 3642/3642/3642 3652/3652/3652 
f 3653/3653/3653 3654/3654/3654 3655/3655/3655 
f 3654/3654/3654 3653/3653/3653 3656/3656/3656 
f 3657/3657/3657 3655/3655/3655 3654/3654/3654 
f 3653/3653/3653 3658/3658/3658 3656/3656/3656 
f 3655/3655/3655 3657/3657/3657 3659/3659/3659 
f 3653/3653/3653 3660/3660/3660 3658/3658/3658 
f 3657/3657/3657 3661/3661/3661 3659/3659/3659 
f 3662/3662/3662 3658/3658/3658 3660/3660/3660 
f 3661/3661/3661 3657/3657/3657 3663/3663/3663 
f 3660/3660/3660 3664/3664/3664 3662/3662/3662 
f 3665/3665/3665 3661/3661/3661 3663/3663/3663 
f 3666/3666/3666 3662/3662/3662 3664/3664/3664 
f 3665/3665/3665 3663/3663/3663 3667/3667/3667 
f 3662/3662/3662 3666/3666/3666 3668/3668/3668 
f 3665/3665/3665 3668/3668/3668 3666/3666/3666 
f 3668/3668/3668 3665/3665/3665 3667/3667/3667 
f 3669/3669/3669 3670/3670/3670 3671/3671/3671 
f 3669/3669/3669 3672/3672/3672 3670/3670/3670 
f 3672/3672/3672 3669/3669/3669 3673/3673/3673 
f 3673/3673/3673 3669/3669/3669 3674/3674/3674 
f 3676/3676/3676 3674/3674/3674 3669/3669/3669 
f 3676/3676/3676 3669/3669/3669 3671/3671/3671 
f 3681/3681/3681 3679/3679/3679 3678/3678/3678 
f 3681/3681/3681 3682/3682/3682 3679/3679/3679 
f 3678/3678/3678 3683/3683/3683 3681/3681/3681 
f 3684/3684/3684 3682/3682/3682 3681/3681/3681 
f 3684/3684/3684 3685/3685/3685 3682/3682/3682 
f 3681/3681/3681 3687/3687/3687 3684/3684/3684 
f 3688/3688/3688 3687/3687/3687 3689/3689/3689 
f 3690/3690/3690 3689/3689/3689 3687/3687/3687 
f 3687/3687/3687 3681/3681/3681 3690/3690/3690 
f 3689/3689/3689 3690/3690/3690 3691/3691/3691 
f 3690/3690/3690 3681/3681/3681 3683/3683/3683 
f 3683/3683/3683 3691/3691/3691 3690/3690/3690 
f 3697/3697/3697 3694/3694/3694 3692/3692/3692 
f 3696/3696/3696 3697/3697/3697 3692/3692/3692 
f 3696/3696/3696 3695/3695/3695 3697/3697/3697 
f 3697/3697/3697 3693/3693/3693 3694/3694/3694 
f 3698/3698/3698 3697/3697/3697 3695/3695/3695 
f 3693/3693/3693 3697/3697/3697 3698/3698/3698 
f 3703/3703/3703 3701/3701/3701 3700/3700/3700 
f 3703/3703/3703 3704/3704/3704 3701/3701/3701 
f 3706/3706/3706 3705/3705/3705 3704/3704/3704 
f 3706/3706/3706 3704/3704/3704 3703/3703/3703 
f 3703/3703/3703 3707/3707/3707 3706/3706/3706 
f 3700/3700/3700 3708/3708/3708 3703/3703/3703 
f 3707/3707/3707 3703/3703/3703 3709/3709/3709 
f 3709/3709/3709 3703/3703/3703 3708/3708/3708 
f 3709/3709/3709 3710/3710/3710 3707/3707/3707 
f 3710/3710/3710 3709/3709/3709 3711/3711/3711 
f 3708/3708/3708 3711/3711/3711 3709/3709/3709 
f 3712/3712/3712 3707/3707/3707 3710/3710/3710 

g Strap13

v -338.214 3.36023 -1.9854 
v -338.366 3.36023 -1.9854 
v -338.29 3.28457 -1.9854 
v -338.343 3.30673 -1.9854 
v -338.236 3.30673 -1.9854 
v -338.29 3.43589 -1.9854 
v -338.343 3.41373 -1.9854 
v -338.236 3.41373 -1.9854 
v -338.343 3.41373 -1.9854 
v -338.343 3.41373 -2.25654 
v -338.29 3.43589 -1.9854 
v -338.29 3.43589 -2.25654 
v -338.236 3.41373 -1.9854 
v -338.236 3.41373 -2.25654 
v -338.343 3.30673 -2.25654 
v -338.343 3.30673 -1.9854 
v -338.366 3.36023 -1.9854 
v -338.366 3.36023 -2.25654 
v -338.343 3.41373 -1.9854 
v -338.343 3.41373 -2.25654 
v -338.29 3.28457 -2.25654 
v -338.366 3.36023 -2.25654 
v -338.214 3.36023 -2.25654 
v -338.343 3.30673 -2.25654 
v -338.236 3.30673 -2.25654 
v -338.29 3.43589 -2.25654 
v -338.236 3.41373 -2.25654 
v -338.343 3.41373 -2.25654 
v -338.343 3.30673 -2.25654 
v -338.343 3.30673 -1.9854 
v -338.29 3.28457 -2.25654 
v -338.29 3.28457 -1.9854 
v -338.236 3.30673 -2.25654 
v -338.236 3.30673 -1.9854 
v -338.236 3.30673 -2.25654 
v -338.236 3.30673 -1.9854 
v -338.214 3.36023 -2.25654 
v -338.214 3.36023 -1.9854 
v -338.236 3.41373 -1.9854 
v -338.236 3.41373 -2.25654 

vn 0 0 1 
vn 0 0 1 
vn 0 0 1 
vn 0 0 1 
vn 0 0 1 
vn 0 0 1 
vn 0 0 1 
vn 0 0 1 
vn -0.708661 0.708661 0 
vn -0.708661 0.708661 0 
vn 0 1 0 
vn 0 1 0 
vn 0.708661 0.708661 0 
vn 0.708661 0.708661 0 
vn -0.708661 -0.708661 0 
vn -0.708661 -0.708661 0 
vn -1 0 0 
vn -1 0 0 
vn -0.708661 0.708661 0 
vn -0.708661 0.708661 0 
vn 0 0 -1 
vn 0 0 -1 
vn 0 0 -1 
vn 0 0 -1 
vn 0 0 -1 
vn 0 0 -1 
vn 0 0 -1 
vn 0 0 -1 
vn -0.708661 -0.708661 0 
vn -0.708661 -0.708661 0 
vn 0 -1 0 
vn 0 -1 0 
vn 0.708661 -0.708661 0 
vn 0.708661 -0.708661 0 
vn 0.708661 -0.708661 0 
vn 0.708661 -0.708661 0 
vn 1 0 0 
vn 1 0 0 
vn 0.708661 0.708661 0 
vn 0.708661 0.708661 0 

vt 14.0095 -53 
vt 13.9905 -53 
vt 14 -53.0095 
vt 13.9933 -53.0067 
vt 14.0067 -53.0067 
vt 14 -52.9905 
vt 13.9933 -52.9933 
vt 14.0067 -52.9933 
vt 13.9831 -52.9933 
vt 14.0169 -52.9933 
vt 13.9831 -53 
vt 14.0169 -53 
vt 13.9831 -53.0067 
vt 14.0169 -53.0067 
vt 13.9831 -53.0067 
vt 14.0169 -53.0067 
vt 14.0169 -53 
vt 13.9831 -53 
vt 14.0169 -52.9933 
vt 13.9831 -52.9933 
vt 14 -53.0095 
vt 14.0095 -53 
vt 13.9905 -53 
vt 14.0067 -53.0067 
vt 13.9933 -53.0067 
vt 14 -52.9905 
vt 13.9933 -52.9933 
vt 14.0067 -52.9933 
vt 13.9831 -52.9933 
vt 14.0169 -52.9933 
vt 13.9831 -53 
vt 14.0169 -53 
vt 13.9831 -53.0067 
vt 14.0169 -53.0067 
vt 14.0169 -53.0067 
vt 13.9831 -53.0067 
vt 14.0169 -53 
vt 13.9831 -53 
vt 13.9831 -52.9933 
vt 14.0169 -52.9933 

usemtl Strap1Mtl

f 3713/3713/3713 3714/3714/3714 3715/3715/3715 
f 3715/3715/3715 3714/3714/3714 3716/3716/3716 
f 3713/3713/3713 3715/3715/3715 3717/3717/3717 
f 3713/3713/3713 3718/3718/3718 3714/3714/3714 
f 3714/3714/3714 3718/3718/3718 3719/3719/3719 
f 3718/3718/3718 3713/3713/3713 3720/3720/3720 
f 3723/3723/3723 3722/3722/3722 3721/3721/3721 
f 3723/3723/3723 3724/3724/3724 3722/3722/3722 
f 3725/3725/3725 3724/3724/3724 3723/3723/3723 
f 3725/3725/3725 3726/3726/3726 3724/3724/3724 
f 3727/3727/3727 3728/3728/3728 3729/3729/3729 
f 3727/3727/3727 3729/3729/3729 3730/3730/3730 
f 3730/3730/3730 3729/3729/3729 3731/3731/3731 
f 3730/3730/3730 3731/3731/3731 3732/3732/3732 
f 3733/3733/3733 3734/3734/3734 3735/3735/3735 
f 3734/3734/3734 3733/3733/3733 3736/3736/3736 
f 3733/3733/3733 3735/3735/3735 3737/3737/3737 
f 3734/3734/3734 3738/3738/3738 3735/3735/3735 
f 3735/3735/3735 3738/3738/3738 3739/3739/3739 
f 3738/3738/3738 3734/3734/3734 3740/3740/3740 
f 3743/3743/3743 3742/3742/3742 3741/3741/3741 
f 3743/3743/3743 3744/3744/3744 3742/3742/3742 
f 3745/3745/3745 3744/3744/3744 3743/3743/3743 
f 3745/3745/3745 3746/3746/3746 3744/3744/3744 
f 3749/3749/3749 3748/3748/3748 3747/3747/3747 
f 3749/3749/3749 3750/3750/3750 3748/3748/3748 
f 3752/3752/3752 3750/3750/3750 3749/3749/3749 
f 3752/3752/3752 3751/3751/3751 3750/3750/3750 

g Shell14

v -338.3 3.44262 -1.88526 
v -338.389 3.44262 -1.88526 
v -338.344 3.42416 -1.88526 
v -338.3 3.53174 -1.88526 
v -338.281 3.48718 -1.88526 
v -338.389 3.53174 -1.88526 
v -338.407 3.48718 -1.88526 
v -338.344 3.5502 -1.88526 
v -338.344 3.48718 -2.73156 
v -338.381 3.48718 -2.59658 
v -338.37 3.51323 -2.50657 
v -338.371 3.51354 -2.59658 
v -338.344 3.52446 -2.59658 
v -338.344 3.52402 -2.50657 
v -338.318 3.51323 -2.50657 
v -338.318 3.51354 -2.59658 
v -338.307 3.48718 -2.59658 
v -338.407 3.48718 -1.88526 
v -338.389 3.53174 -1.88526 
v -338.389 3.53174 -2.35658 
v -338.344 3.5502 -1.88526 
v -338.344 3.5502 -2.35658 
v -338.281 3.48718 -1.88526 
v -338.376 3.51934 -2.41122 
v -338.3 3.53174 -1.88526 
v -338.3 3.53174 -2.35658 
v -338.312 3.51934 -2.41122 
v -338.312 3.51934 -2.50657 
v -338.344 3.53266 -2.41122 
v -338.344 3.53266 -2.50657 
v -338.376 3.51934 -2.50657 
v -338.371 3.46082 -2.59658 
v -338.344 3.48718 -2.73156 
v -338.37 3.46113 -2.50657 
v -338.381 3.48718 -2.59658 
v -338.381 3.48718 -2.50657 
v -338.37 3.51323 -2.50657 
v -338.371 3.51354 -2.59658 
v -338.389 3.44262 -2.35658 
v -338.389 3.44262 -1.88526 
v -338.407 3.48718 -1.88526 
v -338.407 3.48718 -2.35658 
v -338.389 3.53174 -1.88526 
v -338.376 3.45502 -2.41122 
v -338.389 3.53174 -2.35658 
v -338.281 3.48718 -1.88526 
v -338.376 3.51934 -2.41122 
v -338.312 3.51934 -2.50657 
v -338.376 3.51934 -2.50657 
v -338.376 3.45502 -2.50657 
v -338.39 3.48718 -2.50657 
v -338.39 3.48718 -2.41122 
v -338.344 3.53266 -2.50657 
v -338.37 3.51323 -2.50657 
v -338.376 3.51934 -2.50657 
v -338.344 3.52402 -2.50657 
v -338.381 3.48718 -2.50657 
v -338.318 3.51323 -2.50657 
v -338.39 3.48718 -2.50657 
v -338.312 3.51934 -2.50657 
v -338.376 3.45502 -2.50657 
v -338.307 3.48718 -2.50657 
v -338.37 3.46113 -2.50657 
v -338.299 3.48718 -2.50657 
v -338.344 3.4417 -2.50657 
v -338.312 3.45502 -2.50657 
v -338.344 3.45034 -2.50657 
v -338.318 3.46113 -2.50657 
v -338.344 3.4499 -2.59658 
v -338.371 3.46082 -2.59658 
v -338.344 3.48718 -2.73156 
v -338.37 3.46113 -2.50657 
v -338.344 3.45034 -2.50657 
v -338.318 3.46113 -2.50657 
v -338.381 3.48718 -2.59658 
v -338.318 3.46082 -2.59658 
v -338.307 3.48718 -2.59658 
v -338.389 3.44262 -2.35658 
v -338.389 3.44262 -1.88526 
v -338.407 3.48718 -1.88526 
v -338.344 3.42416 -2.35658 
v -338.344 3.42416 -1.88526 
v -338.376 3.45502 -2.41122 
v -338.3 3.44262 -2.35658 
v -338.3 3.44262 -1.88526 
v -338.281 3.48718 -1.88526 
v -338.312 3.45502 -2.41122 
v -338.312 3.45502 -2.50657 
v -338.344 3.4417 -2.50657 
v -338.344 3.4417 -2.41122 
v -338.376 3.45502 -2.50657 
v -338.344 3.48718 -2.73156 
v -338.318 3.46113 -2.50657 
v -338.318 3.46082 -2.59658 
v -338.318 3.51323 -2.50657 
v -338.318 3.51354 -2.59658 
v -338.307 3.48718 -2.59658 
v -338.307 3.48718 -2.50657 
v -338.344 3.42416 -1.88526 
v -338.3 3.44262 -2.35658 
v -338.3 3.44262 -1.88526 
v -338.344 3.5502 -1.88526 
v -338.281 3.48718 -2.35658 
v -338.281 3.48718 -1.88526 
v -338.3 3.53174 -1.88526 
v -338.3 3.53174 -2.35658 
v -338.312 3.51934 -2.41122 
v -338.312 3.45502 -2.41122 
v -338.299 3.48718 -2.41122 
v -338.299 3.48718 -2.50657 
v -338.312 3.45502 -2.50657 
v -338.312 3.51934 -2.50657 

vn 0 0 1 
vn 0 0 1 
vn 0 0 1 
vn 0 0 1 
vn 0 0 1 
vn 0 0 1 
vn 0 0 1 
vn 0 0 1 
vn 0 0 -1 
vn -0.992126 0 -0.110236 
vn -0.708661 0.708661 0.00787402 
vn -0.700787 0.700787 -0.110236 
vn 0 0.992126 -0.110236 
vn 0 1 0.00787402 
vn 0.708661 0.708661 0.00787402 
vn 0.700787 0.700787 -0.110236 
vn 0.992126 0 -0.110236 
vn -1 0 0 
vn -0.708661 0.708661 0 
vn -0.700787 0.700787 -0.125984 
vn 0 1 0 
vn 0 0.992126 -0.125984 
vn 1 0 0 
vn -0.700787 0.700787 -0.149606 
vn 0.708661 0.708661 0 
vn 0.700787 0.700787 -0.125984 
vn 0.700787 0.700787 -0.149606 
vn 0.708661 0.708661 0 
vn 0 0.992126 -0.149606 
vn 0 1 0 
vn -0.708661 0.708661 0 
vn -0.700787 -0.700787 -0.110236 
vn 0 0 -1 
vn -0.708661 -0.708661 0.00787402 
vn -0.992126 0 -0.110236 
vn -1 0 0.00787402 
vn -0.708661 0.708661 0.00787402 
vn -0.700787 0.700787 -0.110236 
vn -0.700787 -0.700787 -0.125984 
vn -0.708661 -0.708661 0 
vn -1 0 0 
vn -0.992126 0 -0.125984 
vn -0.708661 0.708661 0 
vn -0.700787 -0.700787 -0.149606 
vn -0.700787 0.700787 -0.125984 
vn 1 0 0 
vn -0.700787 0.700787 -0.149606 
vn 0.708661 0.708661 0 
vn -0.708661 0.708661 0 
vn -0.708661 -0.708661 0 
vn -1 0 0 
vn -0.992126 0 -0.149606 
vn 0 0 -1 
vn 0 0 -1 
vn 0 0 -1 
vn 0 0 -1 
vn 0 0 -1 
vn 0 0 -1 
vn 0 0 -1 
vn 0 0 -1 
vn 0 0 -1 
vn 0 0 -1 
vn 0 0 -1 
vn 0 0 -1 
vn 0 0 -1 
vn 0 0 -1 
vn 0 0 -1 
vn 0 0 -1 
vn 0 -0.992126 -0.110236 
vn -0.700787 -0.700787 -0.110236 
vn 0 0 -1 
vn -0.708661 -0.708661 0.00787402 
vn 0 -1 0.00787402 
vn 0.708661 -0.708661 0.00787402 
vn -0.992126 0 -0.110236 
vn 0.700787 -0.700787 -0.110236 
vn 0.992126 0 -0.110236 
vn -0.700787 -0.700787 -0.125984 
vn -0.708661 -0.708661 0 
vn -1 0 0 
vn 0 -0.992126 -0.125984 
vn 0 -1 0 
vn -0.700787 -0.700787 -0.149606 
vn 0.700787 -0.700787 -0.125984 
vn 0.708661 -0.708661 0 
vn 1 0 0 
vn 0.700787 -0.700787 -0.149606 
vn 0.708661 -0.708661 0 
vn 0 -1 0 
vn 0 -0.992126 -0.149606 
vn -0.708661 -0.708661 0 
vn 0 0 -1 
vn 0.708661 -0.708661 0.00787402 
vn 0.700787 -0.700787 -0.110236 
vn 0.708661 0.708661 0.00787402 
vn 0.700787 0.700787 -0.110236 
vn 0.992126 0 -0.110236 
vn 1 0 0.00787402 
vn 0 -1 0 
vn 0.700787 -0.700787 -0.125984 
vn 0.708661 -0.708661 0 
vn 0 1 0 
vn 0.992126 0 -0.125984 
vn 1 0 0 
vn 0.708661 0.708661 0 
vn 0.700787 0.700787 -0.125984 
vn 0.700787 0.700787 -0.149606 
vn 0.700787 -0.700787 -0.149606 
vn 0.992126 0 -0.149606 
vn 1 0 0 
vn 0.708661 -0.708661 0 
vn 0.708661 0.708661 0 

vt 0.233051 1.11332 
vt 0.221911 1.11332 
vt 0.227481 1.11101 
vt 0.233051 1.12446 
vt 0.235359 1.11889 
vt 0.221911 1.12446 
vt 0.219604 1.11889 
vt 0.227481 1.12677 
vt 0.280375 1.11889 
vt 0.263503 1.12355 
vt 0.252252 1.12215 
vt 0.263503 1.12218 
vt 0.263503 1.11889 
vt 0.252252 1.11889 
vt 0.252252 1.11563 
vt 0.263503 1.11559 
vt 0.263503 1.11423 
vt 0.174588 1.12677 
vt 0.174588 1.12446 
vt 0.233503 1.12446 
vt 0.174588 1.11889 
vt 0.233503 1.11889 
vt 0.174588 1.11101 
vt 0.240333 1.12291 
vt 0.174588 1.11332 
vt 0.233503 1.11332 
vt 0.240333 1.11487 
vt 0.252252 1.11487 
vt 0.240333 1.11889 
vt 0.252252 1.11889 
vt 0.252252 1.12291 
vt 0.19146 1.11559 
vt 0.174588 1.11889 
vt 0.202711 1.11563 
vt 0.19146 1.11889 
vt 0.202711 1.11889 
vt 0.202711 1.12215 
vt 0.19146 1.12218 
vt 0.22146 1.11332 
vt 0.280375 1.11332 
vt 0.280375 1.11889 
vt 0.22146 1.11889 
vt 0.280375 1.12446 
vt 0.21463 1.11487 
vt 0.22146 1.12446 
vt 0.280375 1.11889 
vt 0.21463 1.12291 
vt 0.202711 1.12291 
vt 0.202711 1.12291 
vt 0.202711 1.11487 
vt 0.202711 1.11889 
vt 0.21463 1.11889 
vt 0.227481 1.12457 
vt 0.230738 1.12215 
vt 0.231501 1.12291 
vt 0.227481 1.12349 
vt 0.232087 1.11889 
vt 0.224225 1.12215 
vt 0.233166 1.11889 
vt 0.223462 1.12291 
vt 0.231501 1.11487 
vt 0.222876 1.11889 
vt 0.230738 1.11563 
vt 0.221797 1.11889 
vt 0.227481 1.1132 
vt 0.223462 1.11487 
vt 0.227481 1.11428 
vt 0.224225 1.11563 
vt 0.19146 1.11889 
vt 0.19146 1.12218 
vt 0.174588 1.11889 
vt 0.202711 1.12215 
vt 0.202711 1.11889 
vt 0.202711 1.11563 
vt 0.19146 1.12355 
vt 0.19146 1.11559 
vt 0.19146 1.11423 
vt 0.22146 1.12446 
vt 0.280375 1.12446 
vt 0.280375 1.12677 
vt 0.22146 1.11889 
vt 0.280375 1.11889 
vt 0.21463 1.12291 
vt 0.22146 1.11332 
vt 0.280375 1.11332 
vt 0.280375 1.11101 
vt 0.21463 1.11487 
vt 0.202711 1.11487 
vt 0.202711 1.11889 
vt 0.21463 1.11889 
vt 0.202711 1.12291 
vt 0.280375 1.11889 
vt 0.252252 1.11563 
vt 0.263503 1.11559 
vt 0.252252 1.12215 
vt 0.263503 1.12218 
vt 0.263503 1.11889 
vt 0.252252 1.11889 
vt 0.174588 1.11101 
vt 0.233503 1.11332 
vt 0.174588 1.11332 
vt 0.174588 1.12677 
vt 0.233503 1.11889 
vt 0.174588 1.11889 
vt 0.174588 1.12446 
vt 0.233503 1.12446 
vt 0.240333 1.12291 
vt 0.240333 1.11487 
vt 0.240333 1.11889 
vt 0.252252 1.11889 
vt 0.252252 1.11487 
vt 0.252252 1.12291 

usemtl Shell1Mtl

f 3753/3753/3753 3754/3754/3754 3755/3755/3755 
f 3754/3754/3754 3753/3753/3753 3756/3756/3756 
f 3756/3756/3756 3753/3753/3753 3757/3757/3757 
f 3756/3756/3756 3758/3758/3758 3754/3754/3754 
f 3754/3754/3754 3758/3758/3758 3759/3759/3759 
f 3758/3758/3758 3756/3756/3756 3760/3760/3760 
f 3763/3763/3763 3765/3765/3765 3764/3764/3764 
f 3764/3764/3764 3765/3765/3765 3761/3761/3761 
f 3765/3765/3765 3763/3763/3763 3766/3766/3766 
f 3767/3767/3767 3765/3765/3765 3766/3766/3766 
f 3765/3765/3765 3768/3768/3768 3761/3761/3761 
f 3765/3765/3765 3767/3767/3767 3768/3768/3768 
f 3773/3773/3773 3772/3772/3772 3771/3771/3771 
f 3772/3772/3772 3773/3773/3773 3774/3774/3774 
f 3774/3774/3774 3776/3776/3776 3772/3772/3772 
f 3777/3777/3777 3774/3774/3774 3773/3773/3773 
f 3774/3774/3774 3777/3777/3777 3778/3778/3778 
f 3779/3779/3779 3774/3774/3774 3778/3778/3778 
f 3780/3780/3780 3781/3781/3781 3779/3779/3779 
f 3774/3774/3774 3779/3779/3779 3781/3781/3781 
f 3781/3781/3781 3780/3780/3780 3782/3782/3782 
f 3776/3776/3776 3774/3774/3774 3781/3781/3781 
f 3782/3782/3782 3776/3776/3776 3781/3781/3781 
f 3776/3776/3776 3782/3782/3782 3783/3783/3783 
f 3784/3784/3784 3786/3786/3786 3787/3787/3787 
f 3784/3784/3784 3787/3787/3787 3785/3785/3785 
f 3788/3788/3788 3787/3787/3787 3786/3786/3786 
f 3789/3789/3789 3787/3787/3787 3788/3788/3788 
f 3787/3787/3787 3789/3789/3789 3790/3790/3790 
f 3787/3787/3787 3790/3790/3790 3785/3785/3785 
f 3791/3791/3791 3792/3792/3792 3793/3793/3793 
f 3791/3791/3791 3793/3793/3793 3794/3794/3794 
f 3794/3794/3794 3793/3793/3793 3795/3795/3795 
f 3794/3794/3794 3796/3796/3796 3791/3791/3791 
f 3794/3794/3794 3795/3795/3795 3797/3797/3797 
f 3797/3797/3797 3799/3799/3799 3794/3794/3794 
f 3802/3802/3802 3796/3796/3796 3803/3803/3803 
f 3799/3799/3799 3801/3801/3801 3804/3804/3804 
f 3803/3803/3803 3804/3804/3804 3801/3801/3801 
f 3804/3804/3804 3803/3803/3803 3796/3796/3796 
f 3804/3804/3804 3794/3794/3794 3799/3799/3799 
f 3796/3796/3796 3794/3794/3794 3804/3804/3804 
f 3805/3805/3805 3806/3806/3806 3807/3807/3807 
f 3806/3806/3806 3805/3805/3805 3808/3808/3808 
f 3809/3809/3809 3807/3807/3807 3806/3806/3806 
f 3805/3805/3805 3810/3810/3810 3808/3808/3808 
f 3807/3807/3807 3809/3809/3809 3811/3811/3811 
f 3805/3805/3805 3812/3812/3812 3810/3810/3810 
f 3809/3809/3809 3813/3813/3813 3811/3811/3811 
f 3814/3814/3814 3810/3810/3810 3812/3812/3812 
f 3813/3813/3813 3809/3809/3809 3815/3815/3815 
f 3812/3812/3812 3816/3816/3816 3814/3814/3814 
f 3817/3817/3817 3813/3813/3813 3815/3815/3815 
f 3818/3818/3818 3814/3814/3814 3816/3816/3816 
f 3817/3817/3817 3815/3815/3815 3819/3819/3819 
f 3814/3814/3814 3818/3818/3818 3820/3820/3820 
f 3817/3817/3817 3820/3820/3820 3818/3818/3818 
f 3820/3820/3820 3817/3817/3817 3819/3819/3819 
f 3821/3821/3821 3822/3822/3822 3823/3823/3823 
f 3821/3821/3821 3824/3824/3824 3822/3822/3822 
f 3824/3824/3824 3821/3821/3821 3825/3825/3825 
f 3825/3825/3825 3821/3821/3821 3826/3826/3826 
f 3828/3828/3828 3826/3826/3826 3821/3821/3821 
f 3828/3828/3828 3821/3821/3821 3823/3823/3823 
f 3833/3833/3833 3831/3831/3831 3830/3830/3830 
f 3833/3833/3833 3834/3834/3834 3831/3831/3831 
f 3830/3830/3830 3835/3835/3835 3833/3833/3833 
f 3836/3836/3836 3834/3834/3834 3833/3833/3833 
f 3836/3836/3836 3837/3837/3837 3834/3834/3834 
f 3833/3833/3833 3839/3839/3839 3836/3836/3836 
f 3840/3840/3840 3839/3839/3839 3841/3841/3841 
f 3842/3842/3842 3841/3841/3841 3839/3839/3839 
f 3839/3839/3839 3833/3833/3833 3842/3842/3842 
f 3841/3841/3841 3842/3842/3842 3843/3843/3843 
f 3842/3842/3842 3833/3833/3833 3835/3835/3835 
f 3835/3835/3835 3843/3843/3843 3842/3842/3842 
f 3849/3849/3849 3846/3846/3846 3844/3844/3844 
f 3848/3848/3848 3849/3849/3849 3844/3844/3844 
f 3848/3848/3848 3847/3847/3847 3849/3849/3849 
f 3849/3849/3849 3845/3845/3845 3846/3846/3846 
f 3850/3850/3850 3849/3849/3849 3847/3847/3847 
f 3845/3845/3845 3849/3849/3849 3850/3850/3850 
f 3855/3855/3855 3853/3853/3853 3852/3852/3852 
f 3855/3855/3855 3856/3856/3856 3853/3853/3853 
f 3858/3858/3858 3857/3857/3857 3856/3856/3856 
f 3858/3858/3858 3856/3856/3856 3855/3855/3855 
f 3855/3855/3855 3859/3859/3859 3858/3858/3858 
f 3852/3852/3852 3860/3860/3860 3855/3855/3855 
f 3859/3859/3859 3855/3855/3855 3861/3861/3861 
f 3861/3861/3861 3855/3855/3855 3860/3860/3860 
f 3861/3861/3861 3862/3862/3862 3859/3859/3859 
f 3862/3862/3862 3861/3861/3861 3863/3863/3863 
f 3860/3860/3860 3863/3863/3863 3861/3861/3861 
f 3864/3864/3864 3859/3859/3859 3862/3862/3862 

g Strap14

v -338.269 3.48718 -1.9854 
v -338.42 3.48718 -1.9854 
v -338.344 3.41152 -1.9854 
v -338.398 3.43368 -1.9854 
v -338.291 3.43368 -1.9854 
v -338.344 3.56284 -1.9854 
v -338.398 3.54068 -1.9854 
v -338.291 3.54068 -1.9854 
v -338.398 3.54068 -1.9854 
v -338.398 3.54068 -2.25654 
v -338.344 3.56284 -1.9854 
v -338.344 3.56284 -2.25654 
v -338.291 3.54068 -1.9854 
v -338.291 3.54068 -2.25654 
v -338.398 3.43368 -2.25654 
v -338.398 3.43368 -1.9854 
v -338.42 3.48718 -1.9854 
v -338.42 3.48718 -2.25654 
v -338.398 3.54068 -1.9854 
v -338.398 3.54068 -2.25654 
v -338.344 3.41152 -2.25654 
v -338.42 3.48718 -2.25654 
v -338.269 3.48718 -2.25654 
v -338.398 3.43368 -2.25654 
v -338.291 3.43368 -2.25654 
v -338.344 3.56284 -2.25654 
v -338.291 3.54068 -2.25654 
v -338.398 3.54068 -2.25654 
v -338.398 3.43368 -2.25654 
v -338.398 3.43368 -1.9854 
v -338.344 3.41152 -2.25654 
v -338.344 3.41152 -1.9854 
v -338.291 3.43368 -2.25654 
v -338.291 3.43368 -1.9854 
v -338.291 3.43368 -2.25654 
v -338.291 3.43368 -1.9854 
v -338.269 3.48718 -2.25654 
v -338.269 3.48718 -1.9854 
v -338.291 3.54068 -1.9854 
v -338.291 3.54068 -2.25654 

vn 0 0 1 
vn 0 0 1 
vn 0 0 1 
vn 0 0 1 
vn 0 0 1 
vn 0 0 1 
vn 0 0 1 
vn 0 0 1 
vn -0.708661 0.708661 0 
vn -0.708661 0.708661 0 
vn 0 1 0 
vn 0 1 0 
vn 0.708661 0.708661 0 
vn 0.708661 0.708661 0 
vn -0.708661 -0.708661 0 
vn -0.708661 -0.708661 0 
vn -1 0 0 
vn -1 0 0 
vn -0.708661 0.708661 0 
vn -0.708661 0.708661 0 
vn 0 0 -1 
vn 0 0 -1 
vn 0 0 -1 
vn 0 0 -1 
vn 0 0 -1 
vn 0 0 -1 
vn 0 0 -1 
vn 0 0 -1 
vn -0.708661 -0.708661 0 
vn -0.708661 -0.708661 0 
vn 0 -1 0 
vn 0 -1 0 
vn 0.708661 -0.708661 0 
vn 0.708661 -0.708661 0 
vn 0.708661 -0.708661 0 
vn 0.708661 -0.708661 0 
vn 1 0 0 
vn 1 0 0 
vn 0.708661 0.708661 0 
vn 0.708661 0.708661 0 

vt 2.00946 1 
vt 1.99054 1 
vt 2 0.990543 
vt 1.99331 0.993312 
vt 2.00669 0.993312 
vt 2 1.00946 
vt 1.99331 1.00669 
vt 2.00669 1.00669 
vt 1.98305 1.00669 
vt 2.01695 1.00669 
vt 1.98305 1 
vt 2.01695 1 
vt 1.98305 0.993312 
vt 2.01695 0.993312 
vt 1.98305 0.993312 
vt 2.01695 0.993312 
vt 2.01695 1 
vt 1.98305 1 
vt 2.01695 1.00669 
vt 1.98305 1.00669 
vt 2 0.990543 
vt 2.00946 1 
vt 1.99054 1 
vt 2.00669 0.993312 
vt 1.99331 0.993312 
vt 2 1.00946 
vt 1.99331 1.00669 
vt 2.00669 1.00669 
vt 1.98305 1.00669 
vt 2.01695 1.00669 
vt 1.98305 1 
vt 2.01695 1 
vt 1.98305 0.993312 
vt 2.01695 0.993312 
vt 2.01695 0.993312 
vt 1.98305 0.993312 
vt 2.01695 1 
vt 1.98305 1 
vt 1.98305 1.00669 
vt 2.01695 1.00669 

usemtl Strap1Mtl

f 3865/3865/3865 3866/3866/3866 3867/3867/3867 
f 3867/3867/3867 3866/3866/3866 3868/3868/3868 
f 3865/3865/3865 3867/3867/3867 3869/3869/3869 
f 3865/3865/3865 3870/3870/3870 3866/3866/3866 
f 3866/3866/3866 3870/3870/3870 3871/3871/3871 
f 3870/3870/3870 3865/3865/3865 3872/3872/3872 
f 3875/3875/3875 3874/3874/3874 3873/3873/3873 
f 3875/3875/3875 3876/3876/3876 3874/3874/3874 
f 3877/3877/3877 3876/3876/3876 3875/3875/3875 
f 3877/3877/3877 3878/3878/3878 3876/3876/3876 
f 3879/3879/3879 3880/3880/3880 3881/3881/3881 
f 3879/3879/3879 3881/3881/3881 3882/3882/3882 
f 3882/3882/3882 3881/3881/3881 3883/3883/3883 
f 3882/3882/3882 3883/3883/3883 3884/3884/3884 
f 3885/3885/3885 3886/3886/3886 3887/3887/3887 
f 3886/3886/3886 3885/3885/3885 3888/3888/3888 
f 3885/3885/3885 3887/3887/3887 3889/3889/3889 
f 3886/3886/3886 3890/3890/3890 3887/3887/3887 
f 3887/3887/3887 3890/3890/3890 3891/3891/3891 
f 3890/3890/3890 3886/3886/3886 3892/3892/3892 
f 3895/3895/3895 3894/3894/3894 3893/3893/3893 
f 3895/3895/3895 3896/3896/3896 3894/3894/3894 
f 3897/3897/3897 3896/3896/3896 3895/3895/3895 
f 3897/3897/3897 3898/3898/3898 3896/3896/3896 
f 3901/3901/3901 3900/3900/3900 3899/3899/3899 
f 3901/3901/3901 3902/3902/3902 3900/3900/3900 
f 3904/3904/3904 3902/3902/3902 3901/3901/3901 
f 3904/3904/3904 3903/3903/3903 3902/3902/3902 

g Shell15

v -338.396 3.5509 -1.88526 
v -338.485 3.5509 -1.88526 
v -338.441 3.53244 -1.88526 
v -338.396 3.64002 -1.88526 
v -338.378 3.59546 -1.88526 
v -338.485 3.64002 -1.88526 
v -338.504 3.59546 -1.88526 
v -338.441 3.65848 -1.88526 
v -338.441 3.59546 -2.73156 
v -338.478 3.59546 -2.59658 
v -338.467 3.62151 -2.50657 
v -338.467 3.62182 -2.59658 
v -338.441 3.63274 -2.59658 
v -338.441 3.6323 -2.50657 
v -338.415 3.62151 -2.50657 
v -338.414 3.62182 -2.59658 
v -338.404 3.59546 -2.59658 
v -338.504 3.59546 -1.88526 
v -338.485 3.64002 -1.88526 
v -338.485 3.64002 -2.35658 
v -338.441 3.65848 -1.88526 
v -338.441 3.65848 -2.35658 
v -338.378 3.59546 -1.88526 
v -338.473 3.62762 -2.41122 
v -338.396 3.64002 -1.88526 
v -338.396 3.64002 -2.35658 
v -338.409 3.62762 -2.41122 
v -338.409 3.62762 -2.50657 
v -338.441 3.64094 -2.41122 
v -338.441 3.64094 -2.50657 
v -338.473 3.62762 -2.50657 
v -338.467 3.5691 -2.59658 
v -338.441 3.59546 -2.73156 
v -338.467 3.56941 -2.50657 
v -338.478 3.59546 -2.59658 
v -338.478 3.59546 -2.50657 
v -338.467 3.62151 -2.50657 
v -338.467 3.62182 -2.59658 
v -338.485 3.5509 -2.35658 
v -338.485 3.5509 -1.88526 
v -338.504 3.59546 -1.88526 
v -338.504 3.59546 -2.35658 
v -338.485 3.64002 -1.88526 
v -338.473 3.5633 -2.41122 
v -338.485 3.64002 -2.35658 
v -338.378 3.59546 -1.88526 
v -338.473 3.62762 -2.41122 
v -338.409 3.62762 -2.50657 
v -338.473 3.62762 -2.50657 
v -338.473 3.5633 -2.50657 
v -338.486 3.59546 -2.50657 
v -338.486 3.59546 -2.41122 
v -338.441 3.64094 -2.50657 
v -338.467 3.62151 -2.50657 
v -338.473 3.62762 -2.50657 
v -338.441 3.6323 -2.50657 
v -338.478 3.59546 -2.50657 
v -338.415 3.62151 -2.50657 
v -338.486 3.59546 -2.50657 
v -338.409 3.62762 -2.50657 
v -338.473 3.5633 -2.50657 
v -338.404 3.59546 -2.50657 
v -338.467 3.56941 -2.50657 
v -338.395 3.59546 -2.50657 
v -338.441 3.54998 -2.50657 
v -338.409 3.5633 -2.50657 
v -338.441 3.55862 -2.50657 
v -338.415 3.56941 -2.50657 
v -338.441 3.55818 -2.59658 
v -338.467 3.5691 -2.59658 
v -338.441 3.59546 -2.73156 
v -338.467 3.56941 -2.50657 
v -338.441 3.55862 -2.50657 
v -338.415 3.56941 -2.50657 
v -338.478 3.59546 -2.59658 
v -338.414 3.5691 -2.59658 
v -338.404 3.59546 -2.59658 
v -338.485 3.5509 -2.35658 
v -338.485 3.5509 -1.88526 
v -338.504 3.59546 -1.88526 
v -338.441 3.53244 -2.35658 
v -338.441 3.53244 -1.88526 
v -338.473 3.5633 -2.41122 
v -338.396 3.5509 -2.35658 
v -338.396 3.5509 -1.88526 
v -338.378 3.59546 -1.88526 
v -338.409 3.5633 -2.41122 
v -338.409 3.5633 -2.50657 
v -338.441 3.54998 -2.50657 
v -338.441 3.54998 -2.41122 
v -338.473 3.5633 -2.50657 
v -338.441 3.59546 -2.73156 
v -338.415 3.56941 -2.50657 
v -338.414 3.5691 -2.59658 
v -338.415 3.62151 -2.50657 
v -338.414 3.62182 -2.59658 
v -338.404 3.59546 -2.59658 
v -338.404 3.59546 -2.50657 
v -338.441 3.53244 -1.88526 
v -338.396 3.5509 -2.35658 
v -338.396 3.5509 -1.88526 
v -338.441 3.65848 -1.88526 
v -338.378 3.59546 -2.35658 
v -338.378 3.59546 -1.88526 
v -338.396 3.64002 -1.88526 
v -338.396 3.64002 -2.35658 
v -338.409 3.62762 -2.41122 
v -338.409 3.5633 -2.41122 
v -338.395 3.59546 -2.41122 
v -338.395 3.59546 -2.50657 
v -338.409 3.5633 -2.50657 
v -338.409 3.62762 -2.50657 

vn 0 0 1 
vn 0 0 1 
vn 0 0 1 
vn 0 0 1 
vn 0 0 1 
vn 0 0 1 
vn 0 0 1 
vn 0 0 1 
vn 0 0 -1 
vn -0.992126 0 -0.110236 
vn -0.708661 0.708661 0.00787402 
vn -0.700787 0.700787 -0.110236 
vn 0 0.992126 -0.110236 
vn 0 1 0.00787402 
vn 0.708661 0.708661 0.00787402 
vn 0.700787 0.700787 -0.110236 
vn 0.992126 0 -0.110236 
vn -1 0 0 
vn -0.708661 0.708661 0 
vn -0.700787 0.700787 -0.125984 
vn 0 1 0 
vn 0 0.992126 -0.125984 
vn 1 0 0 
vn -0.700787 0.700787 -0.149606 
vn 0.708661 0.708661 0 
vn 0.700787 0.700787 -0.125984 
vn 0.700787 0.700787 -0.149606 
vn 0.708661 0.708661 0 
vn 0 0.992126 -0.149606 
vn 0 1 0 
vn -0.708661 0.708661 0 
vn -0.700787 -0.700787 -0.110236 
vn 0 0 -1 
vn -0.708661 -0.708661 0.00787402 
vn -0.992126 0 -0.110236 
vn -1 0 0.00787402 
vn -0.708661 0.708661 0.00787402 
vn -0.700787 0.700787 -0.110236 
vn -0.700787 -0.700787 -0.125984 
vn -0.708661 -0.708661 0 
vn -1 0 0 
vn -0.992126 0 -0.125984 
vn -0.708661 0.708661 0 
vn -0.700787 -0.700787 -0.149606 
vn -0.700787 0.700787 -0.125984 
vn 1 0 0 
vn -0.700787 0.700787 -0.149606 
vn 0.708661 0.708661 0 
vn -0.708661 0.708661 0 
vn -0.708661 -0.708661 0 
vn -1 0 0 
vn -0.992126 0 -0.149606 
vn 0 0 -1 
vn 0 0 -1 
vn 0 0 -1 
vn 0 0 -1 
vn 0 0 -1 
vn 0 0 -1 
vn 0 0 -1 
vn 0 0 -1 
vn 0 0 -1 
vn 0 0 -1 
vn 0 0 -1 
vn 0 0 -1 
vn 0 0 -1 
vn 0 0 -1 
vn 0 0 -1 
vn 0 0 -1 
vn 0 -0.992126 -0.110236 
vn -0.700787 -0.700787 -0.110236 
vn 0 0 -1 
vn -0.708661 -0.708661 0.00787402 
vn 0 -1 0.00787402 
vn 0.708661 -0.708661 0.00787402 
vn -0.992126 0 -0.110236 
vn 0.700787 -0.700787 -0.110236 
vn 0.992126 0 -0.110236 
vn -0.700787 -0.700787 -0.125984 
vn -0.708661 -0.708661 0 
vn -1 0 0 
vn 0 -0.992126 -0.125984 
vn 0 -1 0 
vn -0.700787 -0.700787 -0.149606 
vn 0.700787 -0.700787 -0.125984 
vn 0.708661 -0.708661 0 
vn 1 0 0 
vn 0.700787 -0.700787 -0.149606 
vn 0.708661 -0.708661 0 
vn 0 -1 0 
vn 0 -0.992126 -0.149606 
vn -0.708661 -0.708661 0 
vn 0 0 -1 
vn 0.708661 -0.708661 0.00787402 
vn 0.700787 -0.700787 -0.110236 
vn 0.708661 0.708661 0.00787402 
vn 0.700787 0.700787 -0.110236 
vn 0.992126 0 -0.110236 
vn 1 0 0.00787402 
vn 0 -1 0 
vn 0.700787 -0.700787 -0.125984 
vn 0.708661 -0.708661 0 
vn 0 1 0 
vn 0.992126 0 -0.125984 
vn 1 0 0 
vn 0.708661 0.708661 0 
vn 0.700787 0.700787 -0.125984 
vn 0.700787 0.700787 -0.149606 
vn 0.700787 -0.700787 -0.149606 
vn 0.992126 0 -0.149606 
vn 1 0 0 
vn 0.708661 -0.708661 0 
vn 0.708661 0.708661 0 

vt 0.551546 1.01105 
vt 0.540406 1.01105 
vt 0.545976 1.00874 
vt 0.551546 1.02219 
vt 0.553853 1.01662 
vt 0.540406 1.02219 
vt 0.538099 1.01662 
vt 0.545976 1.0245 
vt 0.598869 1.01662 
vt 0.581997 1.02128 
vt 0.570746 1.01988 
vt 0.581997 1.01992 
vt 0.581997 1.01662 
vt 0.570746 1.01662 
vt 0.570746 1.01337 
vt 0.581997 1.01333 
vt 0.581997 1.01196 
vt 0.493082 1.0245 
vt 0.493082 1.02219 
vt 0.551997 1.02219 
vt 0.493082 1.01662 
vt 0.551997 1.01662 
vt 0.493082 1.00874 
vt 0.558827 1.02064 
vt 0.493082 1.01105 
vt 0.551997 1.01105 
vt 0.558827 1.0126 
vt 0.570746 1.0126 
vt 0.558827 1.01662 
vt 0.570746 1.01662 
vt 0.570746 1.02064 
vt 0.509954 1.01333 
vt 0.493082 1.01662 
vt 0.521205 1.01337 
vt 0.509954 1.01662 
vt 0.521205 1.01662 
vt 0.521205 1.01988 
vt 0.509954 1.01992 
vt 0.539954 1.01105 
vt 0.598869 1.01105 
vt 0.598869 1.01662 
vt 0.539954 1.01662 
vt 0.598869 1.02219 
vt 0.533124 1.0126 
vt 0.539954 1.02219 
vt 0.598869 1.01662 
vt 0.533124 1.02064 
vt 0.521205 1.02064 
vt 0.521205 1.02064 
vt 0.521205 1.0126 
vt 0.521205 1.01662 
vt 0.533124 1.01662 
vt 0.545976 1.02231 
vt 0.549232 1.01988 
vt 0.549996 1.02064 
vt 0.545976 1.02123 
vt 0.550581 1.01662 
vt 0.542719 1.01988 
vt 0.551661 1.01662 
vt 0.541956 1.02064 
vt 0.549996 1.0126 
vt 0.54137 1.01662 
vt 0.549232 1.01337 
vt 0.540291 1.01662 
vt 0.545976 1.01094 
vt 0.541956 1.0126 
vt 0.545976 1.01202 
vt 0.542719 1.01337 
vt 0.509954 1.01662 
vt 0.509954 1.01992 
vt 0.493082 1.01662 
vt 0.521205 1.01988 
vt 0.521205 1.01662 
vt 0.521205 1.01337 
vt 0.509954 1.02128 
vt 0.509954 1.01333 
vt 0.509954 1.01196 
vt 0.539954 1.02219 
vt 0.598869 1.02219 
vt 0.598869 1.0245 
vt 0.539954 1.01662 
vt 0.598869 1.01662 
vt 0.533124 1.02064 
vt 0.539954 1.01105 
vt 0.598869 1.01105 
vt 0.598869 1.00874 
vt 0.533124 1.0126 
vt 0.521205 1.0126 
vt 0.521205 1.01662 
vt 0.533124 1.01662 
vt 0.521205 1.02064 
vt 0.598869 1.01662 
vt 0.570746 1.01337 
vt 0.581997 1.01333 
vt 0.570746 1.01988 
vt 0.581997 1.01992 
vt 0.581997 1.01662 
vt 0.570746 1.01662 
vt 0.493082 1.00874 
vt 0.551997 1.01105 
vt 0.493082 1.01105 
vt 0.493082 1.0245 
vt 0.551997 1.01662 
vt 0.493082 1.01662 
vt 0.493082 1.02219 
vt 0.551997 1.02219 
vt 0.558827 1.02064 
vt 0.558827 1.0126 
vt 0.558827 1.01662 
vt 0.570746 1.01662 
vt 0.570746 1.0126 
vt 0.570746 1.02064 

usemtl Shell1Mtl

f 3905/3905/3905 3906/3906/3906 3907/3907/3907 
f 3906/3906/3906 3905/3905/3905 3908/3908/3908 
f 3908/3908/3908 3905/3905/3905 3909/3909/3909 
f 3908/3908/3908 3910/3910/3910 3906/3906/3906 
f 3906/3906/3906 3910/3910/3910 3911/3911/3911 
f 3910/3910/3910 3908/3908/3908 3912/3912/3912 
f 3915/3915/3915 3917/3917/3917 3916/3916/3916 
f 3916/3916/3916 3917/3917/3917 3913/3913/3913 
f 3917/3917/3917 3915/3915/3915 3918/3918/3918 
f 3919/3919/3919 3917/3917/3917 3918/3918/3918 
f 3917/3917/3917 3920/3920/3920 3913/3913/3913 
f 3917/3917/3917 3919/3919/3919 3920/3920/3920 
f 3925/3925/3925 3924/3924/3924 3923/3923/3923 
f 3924/3924/3924 3925/3925/3925 3926/3926/3926 
f 3926/3926/3926 3928/3928/3928 3924/3924/3924 
f 3929/3929/3929 3926/3926/3926 3925/3925/3925 
f 3926/3926/3926 3929/3929/3929 3930/3930/3930 
f 3931/3931/3931 3926/3926/3926 3930/3930/3930 
f 3932/3932/3932 3933/3933/3933 3931/3931/3931 
f 3926/3926/3926 3931/3931/3931 3933/3933/3933 
f 3933/3933/3933 3932/3932/3932 3934/3934/3934 
f 3928/3928/3928 3926/3926/3926 3933/3933/3933 
f 3934/3934/3934 3928/3928/3928 3933/3933/3933 
f 3928/3928/3928 3934/3934/3934 3935/3935/3935 
f 3936/3936/3936 3938/3938/3938 3939/3939/3939 
f 3936/3936/3936 3939/3939/3939 3937/3937/3937 
f 3940/3940/3940 3939/3939/3939 3938/3938/3938 
f 3941/3941/3941 3939/3939/3939 3940/3940/3940 
f 3939/3939/3939 3941/3941/3941 3942/3942/3942 
f 3939/3939/3939 3942/3942/3942 3937/3937/3937 
f 3943/3943/3943 3944/3944/3944 3945/3945/3945 
f 3943/3943/3943 3945/3945/3945 3946/3946/3946 
f 3946/3946/3946 3945/3945/3945 3947/3947/3947 
f 3946/3946/3946 3948/3948/3948 3943/3943/3943 
f 3946/3946/3946 3947/3947/3947 3949/3949/3949 
f 3949/3949/3949 3951/3951/3951 3946/3946/3946 
f 3954/3954/3954 3948/3948/3948 3955/3955/3955 
f 3951/3951/3951 3953/3953/3953 3956/3956/3956 
f 3955/3955/3955 3956/3956/3956 3953/3953/3953 
f 3956/3956/3956 3955/3955/3955 3948/3948/3948 
f 3956/3956/3956 3946/3946/3946 3951/3951/3951 
f 3948/3948/3948 3946/3946/3946 3956/3956/3956 
f 3957/3957/3957 3958/3958/3958 3959/3959/3959 
f 3958/3958/3958 3957/3957/3957 3960/3960/3960 
f 3961/3961/3961 3959/3959/3959 3958/3958/3958 
f 3957/3957/3957 3962/3962/3962 3960/3960/3960 
f 3959/3959/3959 3961/3961/3961 3963/3963/3963 
f 3957/3957/3957 3964/3964/3964 3962/3962/3962 
f 3961/3961/3961 3965/3965/3965 3963/3963/3963 
f 3966/3966/3966 3962/3962/3962 3964/3964/3964 
f 3965/3965/3965 3961/3961/3961 3967/3967/3967 
f 3964/3964/3964 3968/3968/3968 3966/3966/3966 
f 3969/3969/3969 3965/3965/3965 3967/3967/3967 
f 3970/3970/3970 3966/3966/3966 3968/3968/3968 
f 3969/3969/3969 3967/3967/3967 3971/3971/3971 
f 3966/3966/3966 3970/3970/3970 3972/3972/3972 
f 3969/3969/3969 3972/3972/3972 3970/3970/3970 
f 3972/3972/3972 3969/3969/3969 3971/3971/3971 
f 3973/3973/3973 3974/3974/3974 3975/3975/3975 
f 3973/3973/3973 3976/3976/3976 3974/3974/3974 
f 3976/3976/3976 3973/3973/3973 3977/3977/3977 
f 3977/3977/3977 3973/3973/3973 3978/3978/3978 
f 3980/3980/3980 3978/3978/3978 3973/3973/3973 
f 3980/3980/3980 3973/3973/3973 3975/3975/3975 
f 3985/3985/3985 3983/3983/3983 3982/3982/3982 
f 3985/3985/3985 3986/3986/3986 3983/3983/3983 
f 3982/3982/3982 3987/3987/3987 3985/3985/3985 
f 3988/3988/3988 3986/3986/3986 3985/3985/3985 
f 3988/3988/3988 3989/3989/3989 3986/3986/3986 
f 3985/3985/3985 3991/3991/3991 3988/3988/3988 
f 3992/3992/3992 3991/3991/3991 3993/3993/3993 
f 3994/3994/3994 3993/3993/3993 3991/3991/3991 
f 3991/3991/3991 3985/3985/3985 3994/3994/3994 
f 3993/3993/3993 3994/3994/3994 3995/3995/3995 
f 3994/3994/3994 3985/3985/3985 3987/3987/3987 
f 3987/3987/3987 3995/3995/3995 3994/3994/3994 
f 4001/4001/4001 3998/3998/3998 3996/3996/3996 
f 4000/4000/4000 4001/4001/4001 3996/3996/3996 
f 4000/4000/4000 3999/3999/3999 4001/4001/4001 
f 4001/4001/4001 3997/3997/3997 3998/3998/3998 
f 4002/4002/4002 4001/4001/4001 3999/3999/3999 
f 3997/3997/3997 4001/4001/4001 4002/4002/4002 
f 4007/4007/4007 4005/4005/4005 4004/4004/4004 
f 4007/4007/4007 4008/4008/4008 4005/4005/4005 
f 4010/4010/4010 4009/4009/4009 4008/4008/4008 
f 4010/4010/4010 4008/4008/4008 4007/4007/4007 
f 4007/4007/4007 4011/4011/4011 4010/4010/4010 
f 4004/4004/4004 4012/4012/4012 4007/4007/4007 
f 4011/4011/4011 4007/4007/4007 4013/4013/4013 
f 4013/4013/4013 4007/4007/4007 4012/4012/4012 
f 4013/4013/4013 4014/4014/4014 4011/4011/4011 
f 4014/4014/4014 4013/4013/4013 4015/4015/4015 
f 4012/4012/4012 4015/4015/4015 4013/4013/4013 
f 4016/4016/4016 4011/4011/4011 4014/4014/4014 

g Strap15

v -338.365 3.59546 -1.9854 
v -338.517 3.59546 -1.9854 
v -338.441 3.5198 -1.9854 
v -338.494 3.54196 -1.9854 
v -338.387 3.54196 -1.9854 
v -338.441 3.67112 -1.9854 
v -338.494 3.64896 -1.9854 
v -338.387 3.64896 -1.9854 
v -338.494 3.64896 -1.9854 
v -338.494 3.64896 -2.25654 
v -338.441 3.67112 -1.9854 
v -338.441 3.67112 -2.25654 
v -338.387 3.64896 -1.9854 
v -338.387 3.64896 -2.25654 
v -338.494 3.54196 -2.25654 
v -338.494 3.54196 -1.9854 
v -338.517 3.59546 -1.9854 
v -338.517 3.59546 -2.25654 
v -338.494 3.64896 -1.9854 
v -338.494 3.64896 -2.25654 
v -338.441 3.5198 -2.25654 
v -338.517 3.59546 -2.25654 
v -338.365 3.59546 -2.25654 
v -338.494 3.54196 -2.25654 
v -338.387 3.54196 -2.25654 
v -338.441 3.67112 -2.25654 
v -338.387 3.64896 -2.25654 
v -338.494 3.64896 -2.25654 
v -338.494 3.54196 -2.25654 
v -338.494 3.54196 -1.9854 
v -338.441 3.5198 -2.25654 
v -338.441 3.5198 -1.9854 
v -338.387 3.54196 -2.25654 
v -338.387 3.54196 -1.9854 
v -338.387 3.54196 -2.25654 
v -338.387 3.54196 -1.9854 
v -338.365 3.59546 -2.25654 
v -338.365 3.59546 -1.9854 
v -338.387 3.64896 -1.9854 
v -338.387 3.64896 -2.25654 

vn 0 0 1 
vn 0 0 1 
vn 0 0 1 
vn 0 0 1 
vn 0 0 1 
vn 0 0 1 
vn 0 0 1 
vn 0 0 1 
vn -0.708661 0.708661 0 
vn -0.708661 0.708661 0 
vn 0 1 0 
vn 0 1 0 
vn 0.708661 0.708661 0 
vn 0.708661 0.708661 0 
vn -0.708661 -0.708661 0 
vn -0.708661 -0.708661 0 
vn -1 0 0 
vn -1 0 0 
vn -0.708661 0.708661 0 
vn -0.708661 0.708661 0 
vn 0 0 -1 
vn 0 0 -1 
vn 0 0 -1 
vn 0 0 -1 
vn 0 0 -1 
vn 0 0 -1 
vn 0 0 -1 
vn 0 0 -1 
vn -0.708661 -0.708661 0 
vn -0.708661 -0.708661 0 
vn 0 -1 0 
vn 0 -1 0 
vn 0.708661 -0.708661 0 
vn 0.708661 -0.708661 0 
vn 0.708661 -0.708661 0 
vn 0.708661 -0.708661 0 
vn 1 0 0 
vn 1 0 0 
vn 0.708661 0.708661 0 
vn 0.708661 0.708661 0 

vt 2.00946 -57 
vt 1.99054 -57 
vt 2 -57.0095 
vt 1.99331 -57.0067 
vt 2.00669 -57.0067 
vt 2 -56.9905 
vt 1.99331 -56.9933 
vt 2.00669 -56.9933 
vt 1.98305 -56.9933 
vt 2.01695 -56.9933 
vt 1.98305 -57 
vt 2.01695 -57 
vt 1.98305 -57.0067 
vt 2.01695 -57.0067 
vt 1.98305 -57.0067 
vt 2.01695 -57.0067 
vt 2.01695 -57 
vt 1.98305 -57 
vt 2.01695 -56.9933 
vt 1.98305 -56.9933 
vt 2 -57.0095 
vt 2.00946 -57 
vt 1.99054 -57 
vt 2.00669 -57.0067 
vt 1.99331 -57.0067 
vt 2 -56.9905 
vt 1.99331 -56.9933 
vt 2.00669 -56.9933 
vt 1.98305 -56.9933 
vt 2.01695 -56.9933 
vt 1.98305 -57 
vt 2.01695 -57 
vt 1.98305 -57.0067 
vt 2.01695 -57.0067 
vt 2.01695 -57.0067 
vt 1.98305 -57.0067 
vt 2.01695 -57 
vt 1.98305 -57 
vt 1.98305 -56.9933 
vt 2.01695 -56.9933 

usemtl Strap1Mtl

f 4017/4017/4017 4018/4018/4018 4019/4019/4019 
f 4019/4019/4019 4018/4018/4018 4020/4020/4020 
f 4017/4017/4017 4019/4019/4019 4021/4021/4021 
f 4017/4017/4017 4022/4022/4022 4018/4018/4018 
f 4018/4018/4018 4022/4022/4022 4023/4023/4023 
f 4022/4022/4022 4017/4017/4017 4024/4024/4024 
f 4027/4027/4027 4026/4026/4026 4025/4025/4025 
f 4027/4027/4027 4028/4028/4028 4026/4026/4026 
f 4029/4029/4029 4028/4028/4028 4027/4027/4027 
f 4029/4029/4029 4030/4030/4030 4028/4028/4028 
f 4031/4031/4031 4032/4032/4032 4033/4033/4033 
f 4031/4031/4031 4033/4033/4033 4034/4034/4034 
f 4034/4034/4034 4033/4033/4033 4035/4035/4035 
f 4034/4034/4034 4035/4035/4035 4036/4036/4036 
f 4037/4037/4037 4038/4038/4038 4039/4039/4039 
f 4038/4038/4038 4037/4037/4037 4040/4040/4040 
f 4037/4037/4037 4039/4039/4039 4041/4041/4041 
f 4038/4038/4038 4042/4042/4042 4039/4039/4039 
f 4039/4039/4039 4042/4042/4042 4043/4043/4043 
f 4042/4042/4042 4038/4038/4038 4044/4044/4044 
f 4047/4047/4047 4046/4046/4046 4045/4045/4045 
f 4047/4047/4047 4048/4048/4048 4046/4046/4046 
f 4049/4049/4049 4048/4048/4048 4047/4047/4047 
f 4049/4049/4049 4050/4050/4050 4048/4048/4048 
f 4053/4053/4053 4052/4052/4052 4051/4051/4051 
f 4053/4053/4053 4054/4054/4054 4052/4052/4052 
f 4056/4056/4056 4054/4054/4054 4053/4053/4053 
f 4056/4056/4056 4055/4055/4055 4054/4054/4054 

g Shell16

v -338.498 3.65356 -1.88526 
v -338.587 3.65356 -1.88526 
v -338.542 3.6351 -1.88526 
v -338.498 3.74268 -1.88526 
v -338.479 3.69812 -1.88526 
v -338.587 3.74268 -1.88526 
v -338.605 3.69812 -1.88526 
v -338.542 3.76114 -1.88526 
v -338.542 3.69812 -2.73156 
v -338.58 3.69812 -2.59658 
v -338.568 3.72417 -2.50657 
v -338.569 3.72448 -2.59658 
v -338.542 3.7354 -2.59658 
v -338.542 3.73496 -2.50657 
v -338.516 3.72417 -2.50657 
v -338.516 3.72448 -2.59658 
v -338.505 3.69812 -2.59658 
v -338.605 3.69812 -1.88526 
v -338.587 3.74268 -1.88526 
v -338.587 3.74268 -2.35658 
v -338.542 3.76114 -1.88526 
v -338.542 3.76114 -2.35658 
v -338.479 3.69812 -1.88526 
v -338.575 3.73028 -2.41122 
v -338.498 3.74268 -1.88526 
v -338.498 3.74268 -2.35658 
v -338.51 3.73028 -2.41122 
v -338.51 3.73028 -2.50657 
v -338.542 3.7436 -2.41122 
v -338.542 3.7436 -2.50657 
v -338.575 3.73028 -2.50657 
v -338.569 3.67176 -2.59658 
v -338.542 3.69812 -2.73156 
v -338.568 3.67207 -2.50657 
v -338.58 3.69812 -2.59658 
v -338.579 3.69812 -2.50657 
v -338.568 3.72417 -2.50657 
v -338.569 3.72448 -2.59658 
v -338.587 3.65356 -2.35658 
v -338.587 3.65356 -1.88526 
v -338.605 3.69812 -1.88526 
v -338.605 3.69812 -2.35658 
v -338.587 3.74268 -1.88526 
v -338.575 3.66596 -2.41122 
v -338.587 3.74268 -2.35658 
v -338.479 3.69812 -1.88526 
v -338.575 3.73028 -2.41122 
v -338.51 3.73028 -2.50657 
v -338.575 3.73028 -2.50657 
v -338.575 3.66596 -2.50657 
v -338.588 3.69812 -2.50657 
v -338.588 3.69812 -2.41122 
v -338.542 3.7436 -2.50657 
v -338.568 3.72417 -2.50657 
v -338.575 3.73028 -2.50657 
v -338.542 3.73496 -2.50657 
v -338.579 3.69812 -2.50657 
v -338.516 3.72417 -2.50657 
v -338.588 3.69812 -2.50657 
v -338.51 3.73028 -2.50657 
v -338.575 3.66596 -2.50657 
v -338.506 3.69812 -2.50657 
v -338.568 3.67207 -2.50657 
v -338.497 3.69812 -2.50657 
v -338.542 3.65264 -2.50657 
v -338.51 3.66596 -2.50657 
v -338.542 3.66128 -2.50657 
v -338.516 3.67207 -2.50657 
v -338.542 3.66084 -2.59658 
v -338.569 3.67176 -2.59658 
v -338.542 3.69812 -2.73156 
v -338.568 3.67207 -2.50657 
v -338.542 3.66128 -2.50657 
v -338.516 3.67207 -2.50657 
v -338.58 3.69812 -2.59658 
v -338.516 3.67176 -2.59658 
v -338.505 3.69812 -2.59658 
v -338.587 3.65356 -2.35658 
v -338.587 3.65356 -1.88526 
v -338.605 3.69812 -1.88526 
v -338.542 3.6351 -2.35658 
v -338.542 3.6351 -1.88526 
v -338.575 3.66596 -2.41122 
v -338.498 3.65356 -2.35658 
v -338.498 3.65356 -1.88526 
v -338.479 3.69812 -1.88526 
v -338.51 3.66596 -2.41122 
v -338.51 3.66596 -2.50657 
v -338.542 3.65264 -2.50657 
v -338.542 3.65264 -2.41122 
v -338.575 3.66596 -2.50657 
v -338.542 3.69812 -2.73156 
v -338.516 3.67207 -2.50657 
v -338.516 3.67176 -2.59658 
v -338.516 3.72417 -2.50657 
v -338.516 3.72448 -2.59658 
v -338.505 3.69812 -2.59658 
v -338.506 3.69812 -2.50657 
v -338.542 3.6351 -1.88526 
v -338.498 3.65356 -2.35658 
v -338.498 3.65356 -1.88526 
v -338.542 3.76114 -1.88526 
v -338.479 3.69812 -2.35658 
v -338.479 3.69812 -1.88526 
v -338.498 3.74268 -1.88526 
v -338.498 3.74268 -2.35658 
v -338.51 3.73028 -2.41122 
v -338.51 3.66596 -2.41122 
v -338.497 3.69812 -2.41122 
v -338.497 3.69812 -2.50657 
v -338.51 3.66596 -2.50657 
v -338.51 3.73028 -2.50657 

vn 0 0 1 
vn 0 0 1 
vn 0 0 1 
vn 0 0 1 
vn 0 0 1 
vn 0 0 1 
vn 0 0 1 
vn 0 0 1 
vn 0 0 -1 
vn -0.992126 0 -0.110236 
vn -0.708661 0.708661 0.00787402 
vn -0.700787 0.700787 -0.110236 
vn 0 0.992126 -0.110236 
vn 0 1 0.00787402 
vn 0.708661 0.708661 0.00787402 
vn 0.700787 0.700787 -0.110236 
vn 0.992126 0 -0.110236 
vn -1 0 0 
vn -0.708661 0.708661 0 
vn -0.700787 0.700787 -0.125984 
vn 0 1 0 
vn 0 0.992126 -0.125984 
vn 1 0 0 
vn -0.700787 0.700787 -0.149606 
vn 0.708661 0.708661 0 
vn 0.700787 0.700787 -0.125984 
vn 0.700787 0.700787 -0.149606 
vn 0.708661 0.708661 0 
vn 0 0.992126 -0.149606 
vn 0 1 0 
vn -0.708661 0.708661 0 
vn -0.700787 -0.700787 -0.110236 
vn 0 0 -1 
vn -0.708661 -0.708661 0.00787402 
vn -0.992126 0 -0.110236 
vn -1 0 0.00787402 
vn -0.708661 0.708661 0.00787402 
vn -0.700787 0.700787 -0.110236 
vn -0.700787 -0.700787 -0.125984 
vn -0.708661 -0.708661 0 
vn -1 0 0 
vn -0.992126 0 -0.125984 
vn -0.708661 0.708661 0 
vn -0.700787 -0.700787 -0.149606 
vn -0.700787 0.700787 -0.125984 
vn 1 0 0 
vn -0.700787 0.700787 -0.149606 
vn 0.708661 0.708661 0 
vn -0.708661 0.708661 0 
vn -0.708661 -0.708661 0 
vn -1 0 0 
vn -0.992126 0 -0.149606 
vn 0 0 -1 
vn 0 0 -1 
vn 0 0 -1 
vn 0 0 -1 
vn 0 0 -1 
vn 0 0 -1 
vn 0 0 -1 
vn 0 0 -1 
vn 0 0 -1 
vn 0 0 -1 
vn 0 0 -1 
vn 0 0 -1 
vn 0 0 -1 
vn 0 0 -1 
vn 0 0 -1 
vn 0 0 -1 
vn 0 -0.992126 -0.110236 
vn -0.700787 -0.700787 -0.110236 
vn 0 0 -1 
vn -0.708661 -0.708661 0.00787402 
vn 0 -1 0.00787402 
vn 0.708661 -0.708661 0.00787402 
vn -0.992126 0 -0.110236 
vn 0.700787 -0.700787 -0.110236 
vn 0.992126 0 -0.110236 
vn -0.700787 -0.700787 -0.125984 
vn -0.708661 -0.708661 0 
vn -1 0 0 
vn 0 -0.992126 -0.125984 
vn 0 -1 0 
vn -0.700787 -0.700787 -0.149606 
vn 0.700787 -0.700787 -0.125984 
vn 0.708661 -0.708661 0 
vn 1 0 0 
vn 0.700787 -0.700787 -0.149606 
vn 0.708661 -0.708661 0 
vn 0 -1 0 
vn 0 -0.992126 -0.149606 
vn -0.708661 -0.708661 0 
vn 0 0 -1 
vn 0.708661 -0.708661 0.00787402 
vn 0.700787 -0.700787 -0.110236 
vn 0.708661 0.708661 0.00787402 
vn 0.700787 0.700787 -0.110236 
vn 0.992126 0 -0.110236 
vn 1 0 0.00787402 
vn 0 -1 0 
vn 0.700787 -0.700787 -0.125984 
vn 0.708661 -0.708661 0 
vn 0 1 0 
vn 0.992126 0 -0.125984 
vn 1 0 0 
vn 0.708661 0.708661 0 
vn 0.700787 0.700787 -0.125984 
vn 0.700787 0.700787 -0.149606 
vn 0.700787 -0.700787 -0.149606 
vn 0.992126 0 -0.149606 
vn 1 0 0 
vn 0.708661 -0.708661 0 
vn 0.708661 0.708661 0 

vt 0.0815901 0.673165 
vt 0.0704501 0.673165 
vt 0.0760201 0.670857 
vt 0.0815901 0.684305 
vt 0.0838974 0.678735 
vt 0.0704501 0.684305 
vt 0.0681429 0.678735 
vt 0.0760201 0.686612 
vt 0.128913 0.678735 
vt 0.112042 0.683395 
vt 0.100791 0.681991 
vt 0.112042 0.68203 
vt 0.112042 0.678735 
vt 0.100791 0.678735 
vt 0.100791 0.675478 
vt 0.112042 0.675439 
vt 0.112042 0.674074 
vt 0.0231268 0.686612 
vt 0.0231268 0.684305 
vt 0.0820417 0.684305 
vt 0.0231268 0.678735 
vt 0.0820417 0.678735 
vt 0.0231268 0.670857 
vt 0.0888718 0.682754 
vt 0.0231268 0.673165 
vt 0.0820417 0.673165 
vt 0.0888718 0.674715 
vt 0.100791 0.674715 
vt 0.0888718 0.678735 
vt 0.100791 0.678735 
vt 0.100791 0.682754 
vt 0.0399988 0.675439 
vt 0.0231268 0.678735 
vt 0.0512498 0.675478 
vt 0.0399988 0.678735 
vt 0.0512498 0.678735 
vt 0.0512498 0.681991 
vt 0.0399988 0.68203 
vt 0.0699985 0.673165 
vt 0.128913 0.673165 
vt 0.128913 0.678735 
vt 0.0699985 0.678735 
vt 0.128913 0.684305 
vt 0.0631685 0.674715 
vt 0.0699985 0.684305 
vt 0.128913 0.678735 
vt 0.0631685 0.682754 
vt 0.0512498 0.682754 
vt 0.0512498 0.682754 
vt 0.0512498 0.674715 
vt 0.0512498 0.678735 
vt 0.0631685 0.678735 
vt 0.0760201 0.684419 
vt 0.0792764 0.681991 
vt 0.0800399 0.682754 
vt 0.0760201 0.68334 
vt 0.0806254 0.678735 
vt 0.0727636 0.681991 
vt 0.0817049 0.678735 
vt 0.0720004 0.682754 
vt 0.0800399 0.674715 
vt 0.0714146 0.678735 
vt 0.0792764 0.675478 
vt 0.0703354 0.678735 
vt 0.0760201 0.67305 
vt 0.0720004 0.674715 
vt 0.0760201 0.674129 
vt 0.0727636 0.675478 
vt 0.0399988 0.678735 
vt 0.0399988 0.68203 
vt 0.0231268 0.678735 
vt 0.0512498 0.681991 
vt 0.0512498 0.678735 
vt 0.0512498 0.675478 
vt 0.0399988 0.683395 
vt 0.0399988 0.675439 
vt 0.0399988 0.674074 
vt 0.0699985 0.684305 
vt 0.128913 0.684305 
vt 0.128913 0.686612 
vt 0.0699985 0.678735 
vt 0.128913 0.678735 
vt 0.0631685 0.682754 
vt 0.0699985 0.673165 
vt 0.128913 0.673165 
vt 0.128913 0.670857 
vt 0.0631685 0.674715 
vt 0.0512498 0.674715 
vt 0.0512498 0.678735 
vt 0.0631685 0.678735 
vt 0.0512498 0.682754 
vt 0.128913 0.678735 
vt 0.100791 0.675478 
vt 0.112042 0.675439 
vt 0.100791 0.681991 
vt 0.112042 0.68203 
vt 0.112042 0.678735 
vt 0.100791 0.678735 
vt 0.0231268 0.670857 
vt 0.0820417 0.673165 
vt 0.0231268 0.673165 
vt 0.0231268 0.686612 
vt 0.0820417 0.678735 
vt 0.0231268 0.678735 
vt 0.0231268 0.684305 
vt 0.0820417 0.684305 
vt 0.0888718 0.682754 
vt 0.0888718 0.674715 
vt 0.0888718 0.678735 
vt 0.100791 0.678735 
vt 0.100791 0.674715 
vt 0.100791 0.682754 

usemtl Shell1Mtl

f 4057/4057/4057 4058/4058/4058 4059/4059/4059 
f 4058/4058/4058 4057/4057/4057 4060/4060/4060 
f 4060/4060/4060 4057/4057/4057 4061/4061/4061 
f 4060/4060/4060 4062/4062/4062 4058/4058/4058 
f 4058/4058/4058 4062/4062/4062 4063/4063/4063 
f 4062/4062/4062 4060/4060/4060 4064/4064/4064 
f 4067/4067/4067 4069/4069/4069 4068/4068/4068 
f 4068/4068/4068 4069/4069/4069 4065/4065/4065 
f 4069/4069/4069 4067/4067/4067 4070/4070/4070 
f 4071/4071/4071 4069/4069/4069 4070/4070/4070 
f 4069/4069/4069 4072/4072/4072 4065/4065/4065 
f 4069/4069/4069 4071/4071/4071 4072/4072/4072 
f 4077/4077/4077 4076/4076/4076 4075/4075/4075 
f 4076/4076/4076 4077/4077/4077 4078/4078/4078 
f 4078/4078/4078 4080/4080/4080 4076/4076/4076 
f 4081/4081/4081 4078/4078/4078 4077/4077/4077 
f 4078/4078/4078 4081/4081/4081 4082/4082/4082 
f 4083/4083/4083 4078/4078/4078 4082/4082/4082 
f 4084/4084/4084 4085/4085/4085 4083/4083/4083 
f 4078/4078/4078 4083/4083/4083 4085/4085/4085 
f 4085/4085/4085 4084/4084/4084 4086/4086/4086 
f 4080/4080/4080 4078/4078/4078 4085/4085/4085 
f 4086/4086/4086 4080/4080/4080 4085/4085/4085 
f 4080/4080/4080 4086/4086/4086 4087/4087/4087 
f 4088/4088/4088 4090/4090/4090 4091/4091/4091 
f 4088/4088/4088 4091/4091/4091 4089/4089/4089 
f 4092/4092/4092 4091/4091/4091 4090/4090/4090 
f 4093/4093/4093 4091/4091/4091 4092/4092/4092 
f 4091/4091/4091 4093/4093/4093 4094/4094/4094 
f 4091/4091/4091 4094/4094/4094 4089/4089/4089 
f 4095/4095/4095 4096/4096/4096 4097/4097/4097 
f 4095/4095/4095 4097/4097/4097 4098/4098/4098 
f 4098/4098/4098 4097/4097/4097 4099/4099/4099 
f 4098/4098/4098 4100/4100/4100 4095/4095/4095 
f 4098/4098/4098 4099/4099/4099 4101/4101/4101 
f 4101/4101/4101 4103/4103/4103 4098/4098/4098 
f 4106/4106/4106 4100/4100/4100 4107/4107/4107 
f 4103/4103/4103 4105/4105/4105 4108/4108/4108 
f 4107/4107/4107 4108/4108/4108 4105/4105/4105 
f 4108/4108/4108 4107/4107/4107 4100/4100/4100 
f 4108/4108/4108 4098/4098/4098 4103/4103/4103 
f 4100/4100/4100 4098/4098/4098 4108/4108/4108 
f 4109/4109/4109 4110/4110/4110 4111/4111/4111 
f 4110/4110/4110 4109/4109/4109 4112/4112/4112 
f 4113/4113/4113 4111/4111/4111 4110/4110/4110 
f 4109/4109/4109 4114/4114/4114 4112/4112/4112 
f 4111/4111/4111 4113/4113/4113 4115/4115/4115 
f 4109/4109/4109 4116/4116/4116 4114/4114/4114 
f 4113/4113/4113 4117/4117/4117 4115/4115/4115 
f 4118/4118/4118 4114/4114/4114 4116/4116/4116 
f 4117/4117/4117 4113/4113/4113 4119/4119/4119 
f 4116/4116/4116 4120/4120/4120 4118/4118/4118 
f 4121/4121/4121 4117/4117/4117 4119/4119/4119 
f 4122/4122/4122 4118/4118/4118 4120/4120/4120 
f 4121/4121/4121 4119/4119/4119 4123/4123/4123 
f 4118/4118/4118 4122/4122/4122 4124/4124/4124 
f 4121/4121/4121 4124/4124/4124 4122/4122/4122 
f 4124/4124/4124 4121/4121/4121 4123/4123/4123 
f 4125/4125/4125 4126/4126/4126 4127/4127/4127 
f 4125/4125/4125 4128/4128/4128 4126/4126/4126 
f 4128/4128/4128 4125/4125/4125 4129/4129/4129 
f 4129/4129/4129 4125/4125/4125 4130/4130/4130 
f 4132/4132/4132 4130/4130/4130 4125/4125/4125 
f 4132/4132/4132 4125/4125/4125 4127/4127/4127 
f 4137/4137/4137 4135/4135/4135 4134/4134/4134 
f 4137/4137/4137 4138/4138/4138 4135/4135/4135 
f 4134/4134/4134 4139/4139/4139 4137/4137/4137 
f 4140/4140/4140 4138/4138/4138 4137/4137/4137 
f 4140/4140/4140 4141/4141/4141 4138/4138/4138 
f 4137/4137/4137 4143/4143/4143 4140/4140/4140 
f 4144/4144/4144 4143/4143/4143 4145/4145/4145 
f 4146/4146/4146 4145/4145/4145 4143/4143/4143 
f 4143/4143/4143 4137/4137/4137 4146/4146/4146 
f 4145/4145/4145 4146/4146/4146 4147/4147/4147 
f 4146/4146/4146 4137/4137/4137 4139/4139/4139 
f 4139/4139/4139 4147/4147/4147 4146/4146/4146 
f 4153/4153/4153 4150/4150/4150 4148/4148/4148 
f 4152/4152/4152 4153/4153/4153 4148/4148/4148 
f 4152/4152/4152 4151/4151/4151 4153/4153/4153 
f 4153/4153/4153 4149/4149/4149 4150/4150/4150 
f 4154/4154/4154 4153/4153/4153 4151/4151/4151 
f 4149/4149/4149 4153/4153/4153 4154/4154/4154 
f 4159/4159/4159 4157/4157/4157 4156/4156/4156 
f 4159/4159/4159 4160/4160/4160 4157/4157/4157 
f 4162/4162/4162 4161/4161/4161 4160/4160/4160 
f 4162/4162/4162 4160/4160/4160 4159/4159/4159 
f 4159/4159/4159 4163/4163/4163 4162/4162/4162 
f 4156/4156/4156 4164/4164/4164 4159/4159/4159 
f 4163/4163/4163 4159/4159/4159 4165/4165/4165 
f 4165/4165/4165 4159/4159/4159 4164/4164/4164 
f 4165/4165/4165 4166/4166/4166 4163/4163/4163 
f 4166/4166/4166 4165/4165/4165 4167/4167/4167 
f 4164/4164/4164 4167/4167/4167 4165/4165/4165 
f 4168/4168/4168 4163/4163/4163 4166/4166/4166 

g Strap16

v -338.467 3.69812 -1.9854 
v -338.618 3.69812 -1.9854 
v -338.542 3.62246 -1.9854 
v -338.596 3.64462 -1.9854 
v -338.489 3.64462 -1.9854 
v -338.542 3.77378 -1.9854 
v -338.596 3.75162 -1.9854 
v -338.489 3.75162 -1.9854 
v -338.596 3.75162 -1.9854 
v -338.596 3.75162 -2.25654 
v -338.542 3.77378 -1.9854 
v -338.542 3.77378 -2.25654 
v -338.489 3.75162 -1.9854 
v -338.489 3.75162 -2.25654 
v -338.596 3.64462 -2.25654 
v -338.596 3.64462 -1.9854 
v -338.618 3.69812 -1.9854 
v -338.618 3.69812 -2.25654 
v -338.596 3.75162 -1.9854 
v -338.596 3.75162 -2.25654 
v -338.542 3.62246 -2.25654 
v -338.618 3.69812 -2.25654 
v -338.467 3.69812 -2.25654 
v -338.596 3.64462 -2.25654 
v -338.489 3.64462 -2.25654 
v -338.542 3.77378 -2.25654 
v -338.489 3.75162 -2.25654 
v -338.596 3.75162 -2.25654 
v -338.596 3.64462 -2.25654 
v -338.596 3.64462 -1.9854 
v -338.542 3.62246 -2.25654 
v -338.542 3.62246 -1.9854 
v -338.489 3.64462 -2.25654 
v -338.489 3.64462 -1.9854 
v -338.489 3.64462 -2.25654 
v -338.489 3.64462 -1.9854 
v -338.467 3.69812 -2.25654 
v -338.467 3.69812 -1.9854 
v -338.489 3.75162 -1.9854 
v -338.489 3.75162 -2.25654 

vn 0 0 1 
vn 0 0 1 
vn 0 0 1 
vn 0 0 1 
vn 0 0 1 
vn 0 0 1 
vn 0 0 1 
vn 0 0 1 
vn -0.708661 0.708661 0 
vn -0.708661 0.708661 0 
vn 0 1 0 
vn 0 1 0 
vn 0.708661 0.708661 0 
vn 0.708661 0.708661 0 
vn -0.708661 -0.708661 0 
vn -0.708661 -0.708661 0 
vn -1 0 0 
vn -1 0 0 
vn -0.708661 0.708661 0 
vn -0.708661 0.708661 0 
vn 0 0 -1 
vn 0 0 -1 
vn 0 0 -1 
vn 0 0 -1 
vn 0 0 -1 
vn 0 0 -1 
vn 0 0 -1 
vn 0 0 -1 
vn -0.708661 -0.708661 0 
vn -0.708661 -0.708661 0 
vn 0 -1 0 
vn 0 -1 0 
vn 0.708661 -0.708661 0 
vn 0.708661 -0.708661 0 
vn 0.708661 -0.708661 0 
vn 0.708661 -0.708661 0 
vn 1 0 0 
vn 1 0 0 
vn 0.708661 0.708661 0 
vn 0.708661 0.708661 0 

vt 26.0095 -59 
vt 25.9905 -59 
vt 26 -59.0095 
vt 25.9933 -59.0067 
vt 26.0067 -59.0067 
vt 26 -58.9905 
vt 25.9933 -58.9933 
vt 26.0067 -58.9933 
vt 25.9831 -58.9933 
vt 26.0169 -58.9933 
vt 25.9831 -59 
vt 26.0169 -59 
vt 25.9831 -59.0067 
vt 26.0169 -59.0067 
vt 25.9831 -59.0067 
vt 26.0169 -59.0067 
vt 26.0169 -59 
vt 25.9831 -59 
vt 26.0169 -58.9933 
vt 25.9831 -58.9933 
vt 26 -59.0095 
vt 26.0095 -59 
vt 25.9905 -59 
vt 26.0067 -59.0067 
vt 25.9933 -59.0067 
vt 26 -58.9905 
vt 25.9933 -58.9933 
vt 26.0067 -58.9933 
vt 25.9831 -58.9933 
vt 26.0169 -58.9933 
vt 25.9831 -59 
vt 26.0169 -59 
vt 25.9831 -59.0067 
vt 26.0169 -59.0067 
vt 26.0169 -59.0067 
vt 25.9831 -59.0067 
vt 26.0169 -59 
vt 25.9831 -59 
vt 25.9831 -58.9933 
vt 26.0169 -58.9933 

usemtl Strap1Mtl

f 4169/4169/4169 4170/4170/4170 4171/4171/4171 
f 4171/4171/4171 4170/4170/4170 4172/4172/4172 
f 4169/4169/4169 4171/4171/4171 4173/4173/4173 
f 4169/4169/4169 4174/4174/4174 4170/4170/4170 
f 4170/4170/4170 4174/4174/4174 4175/4175/4175 
f 4174/4174/4174 4169/4169/4169 4176/4176/4176 
f 4179/4179/4179 4178/4178/4178 4177/4177/4177 
f 4179/4179/4179 4180/4180/4180 4178/4178/4178 
f 4181/4181/4181 4180/4180/4180 4179/4179/4179 
f 4181/4181/4181 4182/4182/4182 4180/4180/4180 
f 4183/4183/4183 4184/4184/4184 4185/4185/4185 
f 4183/4183/4183 4185/4185/4185 4186/4186/4186 
f 4186/4186/4186 4185/4185/4185 4187/4187/4187 
f 4186/4186/4186 4187/4187/4187 4188/4188/4188 
f 4189/4189/4189 4190/4190/4190 4191/4191/4191 
f 4190/4190/4190 4189/4189/4189 4192/4192/4192 
f 4189/4189/4189 4191/4191/4191 4193/4193/4193 
f 4190/4190/4190 4194/4194/4194 4191/4191/4191 
f 4191/4191/4191 4194/4194/4194 4195/4195/4195 
f 4194/4194/4194 4190/4190/4190 4196/4196/4196 
f 4199/4199/4199 4198/4198/4198 4197/4197/4197 
f 4199/4199/4199 4200/4200/4200 4198/4198/4198 
f 4201/4201/4201 4200/4200/4200 4199/4199/4199 
f 4201/4201/4201 4202/4202/4202 4200/4200/4200 
f 4205/4205/4205 4204/4204/4204 4203/4203/4203 
f 4205/4205/4205 4206/4206/4206 4204/4204/4204 
f 4208/4208/4208 4206/4206/4206 4205/4205/4205 
f 4208/4208/4208 4207/4207/4207 4206/4206/4206 

g Shell17

v -338.574 3.76208 -1.88526 
v -338.663 3.76208 -1.88526 
v -338.619 3.74362 -1.88526 
v -338.574 3.8512 -1.88526 
v -338.556 3.80664 -1.88526 
v -338.663 3.8512 -1.88526 
v -338.682 3.80664 -1.88526 
v -338.619 3.86966 -1.88526 
v -338.619 3.80664 -2.73156 
v -338.656 3.80664 -2.59658 
v -338.645 3.83269 -2.50657 
v -338.645 3.833 -2.59658 
v -338.619 3.84392 -2.59658 
v -338.619 3.84348 -2.50657 
v -338.593 3.83269 -2.50657 
v -338.592 3.833 -2.59658 
v -338.581 3.80664 -2.59658 
v -338.682 3.80664 -1.88526 
v -338.663 3.8512 -1.88526 
v -338.663 3.8512 -2.35658 
v -338.619 3.86966 -1.88526 
v -338.619 3.86966 -2.35658 
v -338.556 3.80664 -1.88526 
v -338.651 3.8388 -2.41122 
v -338.574 3.8512 -1.88526 
v -338.574 3.8512 -2.35658 
v -338.586 3.8388 -2.41122 
v -338.586 3.8388 -2.50657 
v -338.619 3.85212 -2.41122 
v -338.619 3.85212 -2.50657 
v -338.651 3.8388 -2.50657 
v -338.645 3.78028 -2.59658 
v -338.619 3.80664 -2.73156 
v -338.645 3.78059 -2.50657 
v -338.656 3.80664 -2.59658 
v -338.655 3.80664 -2.50657 
v -338.645 3.83269 -2.50657 
v -338.645 3.833 -2.59658 
v -338.663 3.76208 -2.35658 
v -338.663 3.76208 -1.88526 
v -338.682 3.80664 -1.88526 
v -338.682 3.80664 -2.35658 
v -338.663 3.8512 -1.88526 
v -338.651 3.77448 -2.41122 
v -338.663 3.8512 -2.35658 
v -338.556 3.80664 -1.88526 
v -338.651 3.8388 -2.41122 
v -338.586 3.8388 -2.50657 
v -338.651 3.8388 -2.50657 
v -338.651 3.77448 -2.50657 
v -338.664 3.80664 -2.50657 
v -338.664 3.80664 -2.41122 
v -338.619 3.85212 -2.50657 
v -338.645 3.83269 -2.50657 
v -338.651 3.8388 -2.50657 
v -338.619 3.84348 -2.50657 
v -338.655 3.80664 -2.50657 
v -338.593 3.83269 -2.50657 
v -338.664 3.80664 -2.50657 
v -338.586 3.8388 -2.50657 
v -338.651 3.77448 -2.50657 
v -338.582 3.80664 -2.50657 
v -338.645 3.78059 -2.50657 
v -338.573 3.80664 -2.50657 
v -338.619 3.76116 -2.50657 
v -338.586 3.77448 -2.50657 
v -338.619 3.7698 -2.50657 
v -338.593 3.78059 -2.50657 
v -338.619 3.76936 -2.59658 
v -338.645 3.78028 -2.59658 
v -338.619 3.80664 -2.73156 
v -338.645 3.78059 -2.50657 
v -338.619 3.7698 -2.50657 
v -338.593 3.78059 -2.50657 
v -338.656 3.80664 -2.59658 
v -338.592 3.78028 -2.59658 
v -338.581 3.80664 -2.59658 
v -338.663 3.76208 -2.35658 
v -338.663 3.76208 -1.88526 
v -338.682 3.80664 -1.88526 
v -338.619 3.74362 -2.35658 
v -338.619 3.74362 -1.88526 
v -338.651 3.77448 -2.41122 
v -338.574 3.76208 -2.35658 
v -338.574 3.76208 -1.88526 
v -338.556 3.80664 -1.88526 
v -338.586 3.77448 -2.41122 
v -338.586 3.77448 -2.50657 
v -338.619 3.76116 -2.50657 
v -338.619 3.76116 -2.41122 
v -338.651 3.77448 -2.50657 
v -338.619 3.80664 -2.73156 
v -338.593 3.78059 -2.50657 
v -338.592 3.78028 -2.59658 
v -338.593 3.83269 -2.50657 
v -338.592 3.833 -2.59658 
v -338.581 3.80664 -2.59658 
v -338.582 3.80664 -2.50657 
v -338.619 3.74362 -1.88526 
v -338.574 3.76208 -2.35658 
v -338.574 3.76208 -1.88526 
v -338.619 3.86966 -1.88526 
v -338.556 3.80664 -2.35658 
v -338.556 3.80664 -1.88526 
v -338.574 3.8512 -1.88526 
v -338.574 3.8512 -2.35658 
v -338.586 3.8388 -2.41122 
v -338.586 3.77448 -2.41122 
v -338.573 3.80664 -2.41122 
v -338.573 3.80664 -2.50657 
v -338.586 3.77448 -2.50657 
v -338.586 3.8388 -2.50657 

vn 0 0 1 
vn 0 0 1 
vn 0 0 1 
vn 0 0 1 
vn 0 0 1 
vn 0 0 1 
vn 0 0 1 
vn 0 0 1 
vn 0 0 -1 
vn -0.992126 0 -0.110236 
vn -0.708661 0.708661 0.00787402 
vn -0.700787 0.700787 -0.110236 
vn 0 0.992126 -0.110236 
vn 0 1 0.00787402 
vn 0.708661 0.708661 0.00787402 
vn 0.700787 0.700787 -0.110236 
vn 0.992126 0 -0.110236 
vn -1 0 0 
vn -0.708661 0.708661 0 
vn -0.700787 0.700787 -0.125984 
vn 0 1 0 
vn 0 0.992126 -0.125984 
vn 1 0 0 
vn -0.700787 0.700787 -0.149606 
vn 0.708661 0.708661 0 
vn 0.700787 0.700787 -0.125984 
vn 0.700787 0.700787 -0.149606 
vn 0.708661 0.708661 0 
vn 0 0.992126 -0.149606 
vn 0 1 0 
vn -0.708661 0.708661 0 
vn -0.700787 -0.700787 -0.110236 
vn 0 0 -1 
vn -0.708661 -0.708661 0.00787402 
vn -0.992126 0 -0.110236 
vn -1 0 0.00787402 
vn -0.708661 0.708661 0.00787402 
vn -0.700787 0.700787 -0.110236 
vn -0.700787 -0.700787 -0.125984 
vn -0.708661 -0.708661 0 
vn -1 0 0 
vn -0.992126 0 -0.125984 
vn -0.708661 0.708661 0 
vn -0.700787 -0.700787 -0.149606 
vn -0.700787 0.700787 -0.125984 
vn 1 0 0 
vn -0.700787 0.700787 -0.149606 
vn 0.708661 0.708661 0 
vn -0.708661 0.708661 0 
vn -0.708661 -0.708661 0 
vn -1 0 0 
vn -0.992126 0 -0.149606 
vn 0 0 -1 
vn 0 0 -1 
vn 0 0 -1 
vn 0 0 -1 
vn 0 0 -1 
vn 0 0 -1 
vn 0 0 -1 
vn 0 0 -1 
vn 0 0 -1 
vn 0 0 -1 
vn 0 0 -1 
vn 0 0 -1 
vn 0 0 -1 
vn 0 0 -1 
vn 0 0 -1 
vn 0 0 -1 
vn 0 -0.992126 -0.110236 
vn -0.700787 -0.700787 -0.110236 
vn 0 0 -1 
vn -0.708661 -0.708661 0.00787402 
vn 0 -1 0.00787402 
vn 0.708661 -0.708661 0.00787402 
vn -0.992126 0 -0.110236 
vn 0.700787 -0.700787 -0.110236 
vn 0.992126 0 -0.110236 
vn -0.700787 -0.700787 -0.125984 
vn -0.708661 -0.708661 0 
vn -1 0 0 
vn 0 -0.992126 -0.125984 
vn 0 -1 0 
vn -0.700787 -0.700787 -0.149606 
vn 0.700787 -0.700787 -0.125984 
vn 0.708661 -0.708661 0 
vn 1 0 0 
vn 0.700787 -0.700787 -0.149606 
vn 0.708661 -0.708661 0 
vn 0 -1 0 
vn 0 -0.992126 -0.149606 
vn -0.708661 -0.708661 0 
vn 0 0 -1 
vn 0.708661 -0.708661 0.00787402 
vn 0.700787 -0.700787 -0.110236 
vn 0.708661 0.708661 0.00787402 
vn 0.700787 0.700787 -0.110236 
vn 0.992126 0 -0.110236 
vn 1 0 0.00787402 
vn 0 -1 0 
vn 0.700787 -0.700787 -0.125984 
vn 0.708661 -0.708661 0 
vn 0 1 0 
vn 0.992126 0 -0.125984 
vn 1 0 0 
vn 0.708661 0.708661 0 
vn 0.700787 0.700787 -0.125984 
vn 0.700787 0.700787 -0.149606 
vn 0.700787 -0.700787 -0.149606 
vn 0.992126 0 -0.149606 
vn 1 0 0 
vn 0.708661 -0.708661 0 
vn 0.708661 0.708661 0 

vt 0.386847 1.32246 
vt 0.375707 1.32246 
vt 0.381277 1.32016 
vt 0.386847 1.3336 
vt 0.389154 1.32803 
vt 0.375707 1.3336 
vt 0.3734 1.32803 
vt 0.381277 1.33591 
vt 0.43417 1.32803 
vt 0.417298 1.3327 
vt 0.406047 1.33129 
vt 0.417298 1.33133 
vt 0.417298 1.32803 
vt 0.406047 1.32803 
vt 0.406047 1.32478 
vt 0.417298 1.32474 
vt 0.417298 1.32337 
vt 0.328384 1.33591 
vt 0.328384 1.3336 
vt 0.387299 1.3336 
vt 0.328384 1.32803 
vt 0.387299 1.32803 
vt 0.328384 1.32016 
vt 0.394129 1.33205 
vt 0.328384 1.32246 
vt 0.387299 1.32246 
vt 0.394129 1.32401 
vt 0.406047 1.32401 
vt 0.394129 1.32803 
vt 0.406047 1.32803 
vt 0.406047 1.33205 
vt 0.345256 1.32474 
vt 0.328384 1.32803 
vt 0.356507 1.32478 
vt 0.345256 1.32803 
vt 0.356507 1.32803 
vt 0.356507 1.33129 
vt 0.345256 1.33133 
vt 0.375255 1.32246 
vt 0.43417 1.32246 
vt 0.43417 1.32803 
vt 0.375255 1.32803 
vt 0.43417 1.3336 
vt 0.368425 1.32401 
vt 0.375255 1.3336 
vt 0.43417 1.32803 
vt 0.368425 1.33205 
vt 0.356507 1.33205 
vt 0.356507 1.33205 
vt 0.356507 1.32401 
vt 0.356507 1.32803 
vt 0.368425 1.32803 
vt 0.381277 1.33372 
vt 0.384533 1.33129 
vt 0.385297 1.33205 
vt 0.381277 1.33264 
vt 0.385882 1.32803 
vt 0.37802 1.33129 
vt 0.386962 1.32803 
vt 0.377257 1.33205 
vt 0.385297 1.32401 
vt 0.376671 1.32803 
vt 0.384533 1.32478 
vt 0.375592 1.32803 
vt 0.381277 1.32235 
vt 0.377257 1.32401 
vt 0.381277 1.32343 
vt 0.37802 1.32478 
vt 0.345256 1.32803 
vt 0.345256 1.33133 
vt 0.328384 1.32803 
vt 0.356507 1.33129 
vt 0.356507 1.32803 
vt 0.356507 1.32478 
vt 0.345256 1.3327 
vt 0.345256 1.32474 
vt 0.345256 1.32337 
vt 0.375255 1.3336 
vt 0.43417 1.3336 
vt 0.43417 1.33591 
vt 0.375255 1.32803 
vt 0.43417 1.32803 
vt 0.368425 1.33205 
vt 0.375255 1.32246 
vt 0.43417 1.32246 
vt 0.43417 1.32016 
vt 0.368425 1.32401 
vt 0.356507 1.32401 
vt 0.356507 1.32803 
vt 0.368425 1.32803 
vt 0.356507 1.33205 
vt 0.43417 1.32803 
vt 0.406047 1.32478 
vt 0.417298 1.32474 
vt 0.406047 1.33129 
vt 0.417298 1.33133 
vt 0.417298 1.32803 
vt 0.406047 1.32803 
vt 0.328384 1.32016 
vt 0.387299 1.32246 
vt 0.328384 1.32246 
vt 0.328384 1.33591 
vt 0.387299 1.32803 
vt 0.328384 1.32803 
vt 0.328384 1.3336 
vt 0.387299 1.3336 
vt 0.394129 1.33205 
vt 0.394129 1.32401 
vt 0.394129 1.32803 
vt 0.406047 1.32803 
vt 0.406047 1.32401 
vt 0.406047 1.33205 

usemtl Shell1Mtl

f 4209/4209/4209 4210/4210/4210 4211/4211/4211 
f 4210/4210/4210 4209/4209/4209 4212/4212/4212 
f 4212/4212/4212 4209/4209/4209 4213/4213/4213 
f 4212/4212/4212 4214/4214/4214 4210/4210/4210 
f 4210/4210/4210 4214/4214/4214 4215/4215/4215 
f 4214/4214/4214 4212/4212/4212 4216/4216/4216 
f 4219/4219/4219 4221/4221/4221 4220/4220/4220 
f 4220/4220/4220 4221/4221/4221 4217/4217/4217 
f 4221/4221/4221 4219/4219/4219 4222/4222/4222 
f 4223/4223/4223 4221/4221/4221 4222/4222/4222 
f 4221/4221/4221 4224/4224/4224 4217/4217/4217 
f 4221/4221/4221 4223/4223/4223 4224/4224/4224 
f 4229/4229/4229 4228/4228/4228 4227/4227/4227 
f 4228/4228/4228 4229/4229/4229 4230/4230/4230 
f 4230/4230/4230 4232/4232/4232 4228/4228/4228 
f 4233/4233/4233 4230/4230/4230 4229/4229/4229 
f 4230/4230/4230 4233/4233/4233 4234/4234/4234 
f 4235/4235/4235 4230/4230/4230 4234/4234/4234 
f 4236/4236/4236 4237/4237/4237 4235/4235/4235 
f 4230/4230/4230 4235/4235/4235 4237/4237/4237 
f 4237/4237/4237 4236/4236/4236 4238/4238/4238 
f 4232/4232/4232 4230/4230/4230 4237/4237/4237 
f 4238/4238/4238 4232/4232/4232 4237/4237/4237 
f 4232/4232/4232 4238/4238/4238 4239/4239/4239 
f 4240/4240/4240 4242/4242/4242 4243/4243/4243 
f 4240/4240/4240 4243/4243/4243 4241/4241/4241 
f 4244/4244/4244 4243/4243/4243 4242/4242/4242 
f 4245/4245/4245 4243/4243/4243 4244/4244/4244 
f 4243/4243/4243 4245/4245/4245 4246/4246/4246 
f 4243/4243/4243 4246/4246/4246 4241/4241/4241 
f 4247/4247/4247 4248/4248/4248 4249/4249/4249 
f 4247/4247/4247 4249/4249/4249 4250/4250/4250 
f 4250/4250/4250 4249/4249/4249 4251/4251/4251 
f 4250/4250/4250 4252/4252/4252 4247/4247/4247 
f 4250/4250/4250 4251/4251/4251 4253/4253/4253 
f 4253/4253/4253 4255/4255/4255 4250/4250/4250 
f 4258/4258/4258 4252/4252/4252 4259/4259/4259 
f 4255/4255/4255 4257/4257/4257 4260/4260/4260 
f 4259/4259/4259 4260/4260/4260 4257/4257/4257 
f 4260/4260/4260 4259/4259/4259 4252/4252/4252 
f 4260/4260/4260 4250/4250/4250 4255/4255/4255 
f 4252/4252/4252 4250/4250/4250 4260/4260/4260 
f 4261/4261/4261 4262/4262/4262 4263/4263/4263 
f 4262/4262/4262 4261/4261/4261 4264/4264/4264 
f 4265/4265/4265 4263/4263/4263 4262/4262/4262 
f 4261/4261/4261 4266/4266/4266 4264/4264/4264 
f 4263/4263/4263 4265/4265/4265 4267/4267/4267 
f 4261/4261/4261 4268/4268/4268 4266/4266/4266 
f 4265/4265/4265 4269/4269/4269 4267/4267/4267 
f 4270/4270/4270 4266/4266/4266 4268/4268/4268 
f 4269/4269/4269 4265/4265/4265 4271/4271/4271 
f 4268/4268/4268 4272/4272/4272 4270/4270/4270 
f 4273/4273/4273 4269/4269/4269 4271/4271/4271 
f 4274/4274/4274 4270/4270/4270 4272/4272/4272 
f 4273/4273/4273 4271/4271/4271 4275/4275/4275 
f 4270/4270/4270 4274/4274/4274 4276/4276/4276 
f 4273/4273/4273 4276/4276/4276 4274/4274/4274 
f 4276/4276/4276 4273/4273/4273 4275/4275/4275 
f 4277/4277/4277 4278/4278/4278 4279/4279/4279 
f 4277/4277/4277 4280/4280/4280 4278/4278/4278 
f 4280/4280/4280 4277/4277/4277 4281/4281/4281 
f 4281/4281/4281 4277/4277/4277 4282/4282/4282 
f 4284/4284/4284 4282/4282/4282 4277/4277/4277 
f 4284/4284/4284 4277/4277/4277 4279/4279/4279 
f 4289/4289/4289 4287/4287/4287 4286/4286/4286 
f 4289/4289/4289 4290/4290/4290 4287/4287/4287 
f 4286/4286/4286 4291/4291/4291 4289/4289/4289 
f 4292/4292/4292 4290/4290/4290 4289/4289/4289 
f 4292/4292/4292 4293/4293/4293 4290/4290/4290 
f 4289/4289/4289 4295/4295/4295 4292/4292/4292 
f 4296/4296/4296 4295/4295/4295 4297/4297/4297 
f 4298/4298/4298 4297/4297/4297 4295/4295/4295 
f 4295/4295/4295 4289/4289/4289 4298/4298/4298 
f 4297/4297/4297 4298/4298/4298 4299/4299/4299 
f 4298/4298/4298 4289/4289/4289 4291/4291/4291 
f 4291/4291/4291 4299/4299/4299 4298/4298/4298 
f 4305/4305/4305 4302/4302/4302 4300/4300/4300 
f 4304/4304/4304 4305/4305/4305 4300/4300/4300 
f 4304/4304/4304 4303/4303/4303 4305/4305/4305 
f 4305/4305/4305 4301/4301/4301 4302/4302/4302 
f 4306/4306/4306 4305/4305/4305 4303/4303/4303 
f 4301/4301/4301 4305/4305/4305 4306/4306/4306 
f 4311/4311/4311 4309/4309/4309 4308/4308/4308 
f 4311/4311/4311 4312/4312/4312 4309/4309/4309 
f 4314/4314/4314 4313/4313/4313 4312/4312/4312 
f 4314/4314/4314 4312/4312/4312 4311/4311/4311 
f 4311/4311/4311 4315/4315/4315 4314/4314/4314 
f 4308/4308/4308 4316/4316/4316 4311/4311/4311 
f 4315/4315/4315 4311/4311/4311 4317/4317/4317 
f 4317/4317/4317 4311/4311/4311 4316/4316/4316 
f 4317/4317/4317 4318/4318/4318 4315/4315/4315 
f 4318/4318/4318 4317/4317/4317 4319/4319/4319 
f 4316/4316/4316 4319/4319/4319 4317/4317/4317 
f 4320/4320/4320 4315/4315/4315 4318/4318/4318 

g Strap17

v -338.543 3.80664 -1.9854 
v -338.694 3.80664 -1.9854 
v -338.619 3.73098 -1.9854 
v -338.672 3.75314 -1.9854 
v -338.565 3.75314 -1.9854 
v -338.619 3.8823 -1.9854 
v -338.672 3.86014 -1.9854 
v -338.565 3.86014 -1.9854 
v -338.672 3.86014 -1.9854 
v -338.672 3.86014 -2.25654 
v -338.619 3.8823 -1.9854 
v -338.619 3.8823 -2.25654 
v -338.565 3.86014 -1.9854 
v -338.565 3.86014 -2.25654 
v -338.672 3.75314 -2.25654 
v -338.672 3.75314 -1.9854 
v -338.694 3.80664 -1.9854 
v -338.694 3.80664 -2.25654 
v -338.672 3.86014 -1.9854 
v -338.672 3.86014 -2.25654 
v -338.619 3.73098 -2.25654 
v -338.694 3.80664 -2.25654 
v -338.543 3.80664 -2.25654 
v -338.672 3.75314 -2.25654 
v -338.565 3.75314 -2.25654 
v -338.619 3.8823 -2.25654 
v -338.565 3.86014 -2.25654 
v -338.672 3.86014 -2.25654 
v -338.672 3.75314 -2.25654 
v -338.672 3.75314 -1.9854 
v -338.619 3.73098 -2.25654 
v -338.619 3.73098 -1.9854 
v -338.565 3.75314 -2.25654 
v -338.565 3.75314 -1.9854 
v -338.565 3.75314 -2.25654 
v -338.565 3.75314 -1.9854 
v -338.543 3.80664 -2.25654 
v -338.543 3.80664 -1.9854 
v -338.565 3.86014 -1.9854 
v -338.565 3.86014 -2.25654 

vn 0 0 1 
vn 0 0 1 
vn 0 0 1 
vn 0 0 1 
vn 0 0 1 
vn 0 0 1 
vn 0 0 1 
vn 0 0 1 
vn -0.708661 0.708661 0 
vn -0.708661 0.708661 0 
vn 0 1 0 
vn 0 1 0 
vn 0.708661 0.708661 0 
vn 0.708661 0.708661 0 
vn -0.708661 -0.708661 0 
vn -0.708661 -0.708661 0 
vn -1 0 0 
vn -1 0 0 
vn -0.708661 0.708661 0 
vn -0.708661 0.708661 0 
vn 0 0 -1 
vn 0 0 -1 
vn 0 0 -1 
vn 0 0 -1 
vn 0 0 -1 
vn 0 0 -1 
vn 0 0 -1 
vn 0 0 -1 
vn -0.708661 -0.708661 0 
vn -0.708661 -0.708661 0 
vn 0 -1 0 
vn 0 -1 0 
vn 0.708661 -0.708661 0 
vn 0.708661 -0.708661 0 
vn 0.708661 -0.708661 0 
vn 0.708661 -0.708661 0 
vn 1 0 0 
vn 1 0 0 
vn 0.708661 0.708661 0 
vn 0.708661 0.708661 0 

vt 46.0095 -29 
vt 45.9905 -29 
vt 46 -29.0095 
vt 45.9933 -29.0067 
vt 46.0067 -29.0067 
vt 46 -28.9905 
vt 45.9933 -28.9933 
vt 46.0067 -28.9933 
vt 45.9831 -28.9933 
vt 46.0169 -28.9933 
vt 45.9831 -29 
vt 46.0169 -29 
vt 45.9831 -29.0067 
vt 46.0169 -29.0067 
vt 45.9831 -29.0067 
vt 46.0169 -29.0067 
vt 46.0169 -29 
vt 45.9831 -29 
vt 46.0169 -28.9933 
vt 45.9831 -28.9933 
vt 46 -29.0095 
vt 46.0095 -29 
vt 45.9905 -29 
vt 46.0067 -29.0067 
vt 45.9933 -29.0067 
vt 46 -28.9905 
vt 45.9933 -28.9933 
vt 46.0067 -28.9933 
vt 45.9831 -28.9933 
vt 46.0169 -28.9933 
vt 45.9831 -29 
vt 46.0169 -29 
vt 45.9831 -29.0067 
vt 46.0169 -29.0067 
vt 46.0169 -29.0067 
vt 45.9831 -29.0067 
vt 46.0169 -29 
vt 45.9831 -29 
vt 45.9831 -28.9933 
vt 46.0169 -28.9933 

usemtl Strap1Mtl

f 4321/4321/4321 4322/4322/4322 4323/4323/4323 
f 4323/4323/4323 4322/4322/4322 4324/4324/4324 
f 4321/4321/4321 4323/4323/4323 4325/4325/4325 
f 4321/4321/4321 4326/4326/4326 4322/4322/4322 
f 4322/4322/4322 4326/4326/4326 4327/4327/4327 
f 4326/4326/4326 4321/4321/4321 4328/4328/4328 
f 4331/4331/4331 4330/4330/4330 4329/4329/4329 
f 4331/4331/4331 4332/4332/4332 4330/4330/4330 
f 4333/4333/4333 4332/4332/4332 4331/4331/4331 
f 4333/4333/4333 4334/4334/4334 4332/4332/4332 
f 4335/4335/4335 4336/4336/4336 4337/4337/4337 
f 4335/4335/4335 4337/4337/4337 4338/4338/4338 
f 4338/4338/4338 4337/4337/4337 4339/4339/4339 
f 4338/4338/4338 4339/4339/4339 4340/4340/4340 
f 4341/4341/4341 4342/4342/4342 4343/4343/4343 
f 4342/4342/4342 4341/4341/4341 4344/4344/4344 
f 4341/4341/4341 4343/4343/4343 4345/4345/4345 
f 4342/4342/4342 4346/4346/4346 4343/4343/4343 
f 4343/4343/4343 4346/4346/4346 4347/4347/4347 
f 4346/4346/4346 4342/4342/4342 4348/4348/4348 
f 4351/4351/4351 4350/4350/4350 4349/4349/4349 
f 4351/4351/4351 4352/4352/4352 4350/4350/4350 
f 4353/4353/4353 4352/4352/4352 4351/4351/4351 
f 4353/4353/4353 4354/4354/4354 4352/4352/4352 
f 4357/4357/4357 4356/4356/4356 4355/4355/4355 
f 4357/4357/4357 4358/4358/4358 4356/4356/4356 
f 4360/4360/4360 4358/4358/4358 4357/4357/4357 
f 4360/4360/4360 4359/4359/4359 4358/4358/4358 

g Shell18

v -338.611 3.88684 -1.88526 
v -338.7 3.88684 -1.88526 
v -338.655 3.86838 -1.88526 
v -338.611 3.97596 -1.88526 
v -338.592 3.9314 -1.88526 
v -338.7 3.97596 -1.88526 
v -338.718 3.9314 -1.88526 
v -338.655 3.99441 -1.88526 
v -338.655 3.9314 -2.73156 
v -338.693 3.9314 -2.59658 
v -338.681 3.95745 -2.50657 
v -338.682 3.95776 -2.59658 
v -338.655 3.96868 -2.59658 
v -338.655 3.96824 -2.50657 
v -338.629 3.95745 -2.50657 
v -338.629 3.95776 -2.59658 
v -338.618 3.9314 -2.59658 
v -338.718 3.9314 -1.88526 
v -338.7 3.97596 -1.88526 
v -338.7 3.97596 -2.35658 
v -338.655 3.99441 -1.88526 
v -338.655 3.99441 -2.35658 
v -338.592 3.9314 -1.88526 
v -338.687 3.96355 -2.41122 
v -338.611 3.97596 -1.88526 
v -338.611 3.97596 -2.35658 
v -338.623 3.96355 -2.41122 
v -338.623 3.96355 -2.50657 
v -338.655 3.97687 -2.41122 
v -338.655 3.97687 -2.50657 
v -338.687 3.96355 -2.50657 
v -338.682 3.90503 -2.59658 
v -338.655 3.9314 -2.73156 
v -338.681 3.90534 -2.50657 
v -338.693 3.9314 -2.59658 
v -338.692 3.9314 -2.50657 
v -338.681 3.95745 -2.50657 
v -338.682 3.95776 -2.59658 
v -338.7 3.88684 -2.35658 
v -338.7 3.88684 -1.88526 
v -338.718 3.9314 -1.88526 
v -338.718 3.9314 -2.35658 
v -338.7 3.97596 -1.88526 
v -338.687 3.89924 -2.41122 
v -338.7 3.97596 -2.35658 
v -338.592 3.9314 -1.88526 
v -338.687 3.96355 -2.41122 
v -338.623 3.96355 -2.50657 
v -338.687 3.96355 -2.50657 
v -338.687 3.89924 -2.50657 
v -338.701 3.9314 -2.50657 
v -338.701 3.9314 -2.41122 
v -338.655 3.97687 -2.50657 
v -338.681 3.95745 -2.50657 
v -338.687 3.96355 -2.50657 
v -338.655 3.96824 -2.50657 
v -338.692 3.9314 -2.50657 
v -338.629 3.95745 -2.50657 
v -338.701 3.9314 -2.50657 
v -338.623 3.96355 -2.50657 
v -338.687 3.89924 -2.50657 
v -338.618 3.9314 -2.50657 
v -338.681 3.90534 -2.50657 
v -338.61 3.9314 -2.50657 
v -338.655 3.88592 -2.50657 
v -338.623 3.89924 -2.50657 
v -338.655 3.89455 -2.50657 
v -338.629 3.90534 -2.50657 
v -338.655 3.89411 -2.59658 
v -338.682 3.90503 -2.59658 
v -338.655 3.9314 -2.73156 
v -338.681 3.90534 -2.50657 
v -338.655 3.89455 -2.50657 
v -338.629 3.90534 -2.50657 
v -338.693 3.9314 -2.59658 
v -338.629 3.90503 -2.59658 
v -338.618 3.9314 -2.59658 
v -338.7 3.88684 -2.35658 
v -338.7 3.88684 -1.88526 
v -338.718 3.9314 -1.88526 
v -338.655 3.86838 -2.35658 
v -338.655 3.86838 -1.88526 
v -338.687 3.89924 -2.41122 
v -338.611 3.88684 -2.35658 
v -338.611 3.88684 -1.88526 
v -338.592 3.9314 -1.88526 
v -338.623 3.89924 -2.41122 
v -338.623 3.89924 -2.50657 
v -338.655 3.88592 -2.50657 
v -338.655 3.88592 -2.41122 
v -338.687 3.89924 -2.50657 
v -338.655 3.9314 -2.73156 
v -338.629 3.90534 -2.50657 
v -338.629 3.90503 -2.59658 
v -338.629 3.95745 -2.50657 
v -338.629 3.95776 -2.59658 
v -338.618 3.9314 -2.59658 
v -338.618 3.9314 -2.50657 
v -338.655 3.86838 -1.88526 
v -338.611 3.88684 -2.35658 
v -338.611 3.88684 -1.88526 
v -338.655 3.99441 -1.88526 
v -338.592 3.9314 -2.35658 
v -338.592 3.9314 -1.88526 
v -338.611 3.97596 -1.88526 
v -338.611 3.97596 -2.35658 
v -338.623 3.96355 -2.41122 
v -338.623 3.89924 -2.41122 
v -338.61 3.9314 -2.41122 
v -338.61 3.9314 -2.50657 
v -338.623 3.89924 -2.50657 
v -338.623 3.96355 -2.50657 

vn 0 0 1 
vn 0 0 1 
vn 0 0 1 
vn 0 0 1 
vn 0 0 1 
vn 0 0 1 
vn 0 0 1 
vn 0 0 1 
vn 0 0 -1 
vn -0.992126 0 -0.110236 
vn -0.708661 0.708661 0.00787402 
vn -0.700787 0.700787 -0.110236 
vn 0 0.992126 -0.110236 
vn 0 1 0.00787402 
vn 0.708661 0.708661 0.00787402 
vn 0.700787 0.700787 -0.110236 
vn 0.992126 0 -0.110236 
vn -1 0 0 
vn -0.708661 0.708661 0 
vn -0.700787 0.700787 -0.125984 
vn 0 1 0 
vn 0 0.992126 -0.125984 
vn 1 0 0 
vn -0.700787 0.700787 -0.149606 
vn 0.708661 0.708661 0 
vn 0.700787 0.700787 -0.125984 
vn 0.700787 0.700787 -0.149606 
vn 0.708661 0.708661 0 
vn 0 0.992126 -0.149606 
vn 0 1 0 
vn -0.708661 0.708661 0 
vn -0.700787 -0.700787 -0.110236 
vn 0 0 -1 
vn -0.708661 -0.708661 0.00787402 
vn -0.992126 0 -0.110236 
vn -1 0 0.00787402 
vn -0.708661 0.708661 0.00787402 
vn -0.700787 0.700787 -0.110236 
vn -0.700787 -0.700787 -0.125984 
vn -0.708661 -0.708661 0 
vn -1 0 0 
vn -0.992126 0 -0.125984 
vn -0.708661 0.708661 0 
vn -0.700787 -0.700787 -0.149606 
vn -0.700787 0.700787 -0.125984 
vn 1 0 0 
vn -0.700787 0.700787 -0.149606 
vn 0.708661 0.708661 0 
vn -0.708661 0.708661 0 
vn -0.708661 -0.708661 0 
vn -1 0 0 
vn -0.992126 0 -0.149606 
vn 0 0 -1 
vn 0 0 -1 
vn 0 0 -1 
vn 0 0 -1 
vn 0 0 -1 
vn 0 0 -1 
vn 0 0 -1 
vn 0 0 -1 
vn 0 0 -1 
vn 0 0 -1 
vn 0 0 -1 
vn 0 0 -1 
vn 0 0 -1 
vn 0 0 -1 
vn 0 0 -1 
vn 0 0 -1 
vn 0 -0.992126 -0.110236 
vn -0.700787 -0.700787 -0.110236 
vn 0 0 -1 
vn -0.708661 -0.708661 0.00787402 
vn 0 -1 0.00787402 
vn 0.708661 -0.708661 0.00787402 
vn -0.992126 0 -0.110236 
vn 0.700787 -0.700787 -0.110236 
vn 0.992126 0 -0.110236 
vn -0.700787 -0.700787 -0.125984 
vn -0.708661 -0.708661 0 
vn -1 0 0 
vn 0 -0.992126 -0.125984 
vn 0 -1 0 
vn -0.700787 -0.700787 -0.149606 
vn 0.700787 -0.700787 -0.125984 
vn 0.708661 -0.708661 0 
vn 1 0 0 
vn 0.700787 -0.700787 -0.149606 
vn 0.708661 -0.708661 0 
vn 0 -1 0 
vn 0 -0.992126 -0.149606 
vn -0.708661 -0.708661 0 
vn 0 0 -1 
vn 0.708661 -0.708661 0.00787402 
vn 0.700787 -0.700787 -0.110236 
vn 0.708661 0.708661 0.00787402 
vn 0.700787 0.700787 -0.110236 
vn 0.992126 0 -0.110236 
vn 1 0 0.00787402 
vn 0 -1 0 
vn 0.700787 -0.700787 -0.125984 
vn 0.708661 -0.708661 0 
vn 0 1 0 
vn 0.992126 0 -0.125984 
vn 1 0 0 
vn 0.708661 0.708661 0 
vn 0.700787 0.700787 -0.125984 
vn 0.700787 0.700787 -0.149606 
vn 0.700787 -0.700787 -0.149606 
vn 0.992126 0 -0.149606 
vn 1 0 0 
vn 0.708661 -0.708661 0 
vn 0.708661 0.708661 0 

vt 0.387851 1.04389 
vt 0.376711 1.04389 
vt 0.382281 1.04159 
vt 0.387851 1.05503 
vt 0.390158 1.04946 
vt 0.376711 1.05503 
vt 0.374404 1.04946 
vt 0.382281 1.05734 
vt 0.435174 1.04946 
vt 0.418302 1.05412 
vt 0.407051 1.05272 
vt 0.418302 1.05276 
vt 0.418302 1.04946 
vt 0.407051 1.04946 
vt 0.407051 1.04621 
vt 0.418302 1.04617 
vt 0.418302 1.0448 
vt 0.329387 1.05734 
vt 0.329387 1.05503 
vt 0.388302 1.05503 
vt 0.329387 1.04946 
vt 0.388302 1.04946 
vt 0.329387 1.04159 
vt 0.395132 1.05348 
vt 0.329387 1.04389 
vt 0.388302 1.04389 
vt 0.395132 1.04544 
vt 0.407051 1.04544 
vt 0.395132 1.04946 
vt 0.407051 1.04946 
vt 0.407051 1.05348 
vt 0.346259 1.04617 
vt 0.329387 1.04946 
vt 0.35751 1.04621 
vt 0.346259 1.04946 
vt 0.35751 1.04946 
vt 0.35751 1.05272 
vt 0.346259 1.05276 
vt 0.376259 1.04389 
vt 0.435174 1.04389 
vt 0.435174 1.04946 
vt 0.376259 1.04946 
vt 0.435174 1.05503 
vt 0.369429 1.04544 
vt 0.376259 1.05503 
vt 0.435174 1.04946 
vt 0.369429 1.05348 
vt 0.35751 1.05348 
vt 0.35751 1.05348 
vt 0.35751 1.04544 
vt 0.35751 1.04946 
vt 0.369429 1.04946 
vt 0.382281 1.05515 
vt 0.385537 1.05272 
vt 0.386301 1.05348 
vt 0.382281 1.05407 
vt 0.386886 1.04946 
vt 0.379024 1.05272 
vt 0.387966 1.04946 
vt 0.378261 1.05348 
vt 0.386301 1.04544 
vt 0.377675 1.04946 
vt 0.385537 1.04621 
vt 0.376596 1.04946 
vt 0.382281 1.04378 
vt 0.378261 1.04544 
vt 0.382281 1.04486 
vt 0.379024 1.04621 
vt 0.346259 1.04946 
vt 0.346259 1.05276 
vt 0.329387 1.04946 
vt 0.35751 1.05272 
vt 0.35751 1.04946 
vt 0.35751 1.04621 
vt 0.346259 1.05412 
vt 0.346259 1.04617 
vt 0.346259 1.0448 
vt 0.376259 1.05503 
vt 0.435174 1.05503 
vt 0.435174 1.05734 
vt 0.376259 1.04946 
vt 0.435174 1.04946 
vt 0.369429 1.05348 
vt 0.376259 1.04389 
vt 0.435174 1.04389 
vt 0.435174 1.04159 
vt 0.369429 1.04544 
vt 0.35751 1.04544 
vt 0.35751 1.04946 
vt 0.369429 1.04946 
vt 0.35751 1.05348 
vt 0.435174 1.04946 
vt 0.407051 1.04621 
vt 0.418302 1.04617 
vt 0.407051 1.05272 
vt 0.418302 1.05276 
vt 0.418302 1.04946 
vt 0.407051 1.04946 
vt 0.329387 1.04159 
vt 0.388302 1.04389 
vt 0.329387 1.04389 
vt 0.329387 1.05734 
vt 0.388302 1.04946 
vt 0.329387 1.04946 
vt 0.329387 1.05503 
vt 0.388302 1.05503 
vt 0.395132 1.05348 
vt 0.395132 1.04544 
vt 0.395132 1.04946 
vt 0.407051 1.04946 
vt 0.407051 1.04544 
vt 0.407051 1.05348 

usemtl Shell1Mtl

f 4361/4361/4361 4362/4362/4362 4363/4363/4363 
f 4362/4362/4362 4361/4361/4361 4364/4364/4364 
f 4364/4364/4364 4361/4361/4361 4365/4365/4365 
f 4364/4364/4364 4366/4366/4366 4362/4362/4362 
f 4362/4362/4362 4366/4366/4366 4367/4367/4367 
f 4366/4366/4366 4364/4364/4364 4368/4368/4368 
f 4371/4371/4371 4373/4373/4373 4372/4372/4372 
f 4372/4372/4372 4373/4373/4373 4369/4369/4369 
f 4373/4373/4373 4371/4371/4371 4374/4374/4374 
f 4375/4375/4375 4373/4373/4373 4374/4374/4374 
f 4373/4373/4373 4376/4376/4376 4369/4369/4369 
f 4373/4373/4373 4375/4375/4375 4376/4376/4376 
f 4381/4381/4381 4380/4380/4380 4379/4379/4379 
f 4380/4380/4380 4381/4381/4381 4382/4382/4382 
f 4382/4382/4382 4384/4384/4384 4380/4380/4380 
f 4385/4385/4385 4382/4382/4382 4381/4381/4381 
f 4382/4382/4382 4385/4385/4385 4386/4386/4386 
f 4387/4387/4387 4382/4382/4382 4386/4386/4386 
f 4388/4388/4388 4389/4389/4389 4387/4387/4387 
f 4382/4382/4382 4387/4387/4387 4389/4389/4389 
f 4389/4389/4389 4388/4388/4388 4390/4390/4390 
f 4384/4384/4384 4382/4382/4382 4389/4389/4389 
f 4390/4390/4390 4384/4384/4384 4389/4389/4389 
f 4384/4384/4384 4390/4390/4390 4391/4391/4391 
f 4392/4392/4392 4394/4394/4394 4395/4395/4395 
f 4392/4392/4392 4395/4395/4395 4393/4393/4393 
f 4396/4396/4396 4395/4395/4395 4394/4394/4394 
f 4397/4397/4397 4395/4395/4395 4396/4396/4396 
f 4395/4395/4395 4397/4397/4397 4398/4398/4398 
f 4395/4395/4395 4398/4398/4398 4393/4393/4393 
f 4399/4399/4399 4400/4400/4400 4401/4401/4401 
f 4399/4399/4399 4401/4401/4401 4402/4402/4402 
f 4402/4402/4402 4401/4401/4401 4403/4403/4403 
f 4402/4402/4402 4404/4404/4404 4399/4399/4399 
f 4402/4402/4402 4403/4403/4403 4405/4405/4405 
f 4405/4405/4405 4407/4407/4407 4402/4402/4402 
f 4410/4410/4410 4404/4404/4404 4411/4411/4411 
f 4407/4407/4407 4409/4409/4409 4412/4412/4412 
f 4411/4411/4411 4412/4412/4412 4409/4409/4409 
f 4412/4412/4412 4411/4411/4411 4404/4404/4404 
f 4412/4412/4412 4402/4402/4402 4407/4407/4407 
f 4404/4404/4404 4402/4402/4402 4412/4412/4412 
f 4413/4413/4413 4414/4414/4414 4415/4415/4415 
f 4414/4414/4414 4413/4413/4413 4416/4416/4416 
f 4417/4417/4417 4415/4415/4415 4414/4414/4414 
f 4413/4413/4413 4418/4418/4418 4416/4416/4416 
f 4415/4415/4415 4417/4417/4417 4419/4419/4419 
f 4413/4413/4413 4420/4420/4420 4418/4418/4418 
f 4417/4417/4417 4421/4421/4421 4419/4419/4419 
f 4422/4422/4422 4418/4418/4418 4420/4420/4420 
f 4421/4421/4421 4417/4417/4417 4423/4423/4423 
f 4420/4420/4420 4424/4424/4424 4422/4422/4422 
f 4425/4425/4425 4421/4421/4421 4423/4423/4423 
f 4426/4426/4426 4422/4422/4422 4424/4424/4424 
f 4425/4425/4425 4423/4423/4423 4427/4427/4427 
f 4422/4422/4422 4426/4426/4426 4428/4428/4428 
f 4425/4425/4425 4428/4428/4428 4426/4426/4426 
f 4428/4428/4428 4425/4425/4425 4427/4427/4427 
f 4429/4429/4429 4430/4430/4430 4431/4431/4431 
f 4429/4429/4429 4432/4432/4432 4430/4430/4430 
f 4432/4432/4432 4429/4429/4429 4433/4433/4433 
f 4433/4433/4433 4429/4429/4429 4434/4434/4434 
f 4436/4436/4436 4434/4434/4434 4429/4429/4429 
f 4436/4436/4436 4429/4429/4429 4431/4431/4431 
f 4441/4441/4441 4439/4439/4439 4438/4438/4438 
f 4441/4441/4441 4442/4442/4442 4439/4439/4439 
f 4438/4438/4438 4443/4443/4443 4441/4441/4441 
f 4444/4444/4444 4442/4442/4442 4441/4441/4441 
f 4444/4444/4444 4445/4445/4445 4442/4442/4442 
f 4441/4441/4441 4447/4447/4447 4444/4444/4444 
f 4448/4448/4448 4447/4447/4447 4449/4449/4449 
f 4450/4450/4450 4449/4449/4449 4447/4447/4447 
f 4447/4447/4447 4441/4441/4441 4450/4450/4450 
f 4449/4449/4449 4450/4450/4450 4451/4451/4451 
f 4450/4450/4450 4441/4441/4441 4443/4443/4443 
f 4443/4443/4443 4451/4451/4451 4450/4450/4450 
f 4457/4457/4457 4454/4454/4454 4452/4452/4452 
f 4456/4456/4456 4457/4457/4457 4452/4452/4452 
f 4456/4456/4456 4455/4455/4455 4457/4457/4457 
f 4457/4457/4457 4453/4453/4453 4454/4454/4454 
f 4458/4458/4458 4457/4457/4457 4455/4455/4455 
f 4453/4453/4453 4457/4457/4457 4458/4458/4458 
f 4463/4463/4463 4461/4461/4461 4460/4460/4460 
f 4463/4463/4463 4464/4464/4464 4461/4461/4461 
f 4466/4466/4466 4465/4465/4465 4464/4464/4464 
f 4466/4466/4466 4464/4464/4464 4463/4463/4463 
f 4463/4463/4463 4467/4467/4467 4466/4466/4466 
f 4460/4460/4460 4468/4468/4468 4463/4463/4463 
f 4467/4467/4467 4463/4463/4463 4469/4469/4469 
f 4469/4469/4469 4463/4463/4463 4468/4468/4468 
f 4469/4469/4469 4470/4470/4470 4467/4467/4467 
f 4470/4470/4470 4469/4469/4469 4471/4471/4471 
f 4468/4468/4468 4471/4471/4471 4469/4469/4469 
f 4472/4472/4472 4467/4467/4467 4470/4470/4470 

g Strap18

v -338.58 3.9314 -1.9854 
v -338.731 3.9314 -1.9854 
v -338.655 3.85574 -1.9854 
v -338.709 3.8779 -1.9854 
v -338.602 3.8779 -1.9854 
v -338.655 4.00706 -1.9854 
v -338.709 3.9849 -1.9854 
v -338.602 3.9849 -1.9854 
v -338.709 3.9849 -1.9854 
v -338.709 3.9849 -2.25654 
v -338.655 4.00706 -1.9854 
v -338.655 4.00706 -2.25654 
v -338.602 3.9849 -1.9854 
v -338.602 3.9849 -2.25654 
v -338.709 3.8779 -2.25654 
v -338.709 3.8779 -1.9854 
v -338.731 3.9314 -1.9854 
v -338.731 3.9314 -2.25654 
v -338.709 3.9849 -1.9854 
v -338.709 3.9849 -2.25654 
v -338.655 3.85574 -2.25654 
v -338.731 3.9314 -2.25654 
v -338.58 3.9314 -2.25654 
v -338.709 3.8779 -2.25654 
v -338.602 3.8779 -2.25654 
v -338.655 4.00706 -2.25654 
v -338.602 3.9849 -2.25654 
v -338.709 3.9849 -2.25654 
v -338.709 3.8779 -2.25654 
v -338.709 3.8779 -1.9854 
v -338.655 3.85574 -2.25654 
v -338.655 3.85574 -1.9854 
v -338.602 3.8779 -2.25654 
v -338.602 3.8779 -1.9854 
v -338.602 3.8779 -2.25654 
v -338.602 3.8779 -1.9854 
v -338.58 3.9314 -2.25654 
v -338.58 3.9314 -1.9854 
v -338.602 3.9849 -1.9854 
v -338.602 3.9849 -2.25654 

vn 0 0 1 
vn 0 0 1 
vn 0 0 1 
vn 0 0 1 
vn 0 0 1 
vn 0 0 1 
vn 0 0 1 
vn 0 0 1 
vn -0.708661 0.708661 0 
vn -0.708661 0.708661 0 
vn 0 1 0 
vn 0 1 0 
vn 0.708661 0.708661 0 
vn 0.708661 0.708661 0 
vn -0.708661 -0.708661 0 
vn -0.708661 -0.708661 0 
vn -1 0 0 
vn -1 0 0 
vn -0.708661 0.708661 0 
vn -0.708661 0.708661 0 
vn 0 0 -1 
vn 0 0 -1 
vn 0 0 -1 
vn 0 0 -1 
vn 0 0 -1 
vn 0 0 -1 
vn 0 0 -1 
vn 0 0 -1 
vn -0.708661 -0.708661 0 
vn -0.708661 -0.708661 0 
vn 0 -1 0 
vn 0 -1 0 
vn 0.708661 -0.708661 0 
vn 0.708661 -0.708661 0 
vn 0.708661 -0.708661 0 
vn 0.708661 -0.708661 0 
vn 1 0 0 
vn 1 0 0 
vn 0.708661 0.708661 0 
vn 0.708661 0.708661 0 

vt 42.0095 -51 
vt 41.9905 -51 
vt 42 -51.0095 
vt 41.9933 -51.0067 
vt 42.0067 -51.0067 
vt 42 -50.9905 
vt 41.9933 -50.9933 
vt 42.0067 -50.9933 
vt 41.9831 -50.9933 
vt 42.0169 -50.9933 
vt 41.9831 -51 
vt 42.0169 -51 
vt 41.9831 -51.0067 
vt 42.0169 -51.0067 
vt 41.9831 -51.0067 
vt 42.0169 -51.0067 
vt 42.0169 -51 
vt 41.9831 -51 
vt 42.0169 -50.9933 
vt 41.9831 -50.9933 
vt 42 -51.0095 
vt 42.0095 -51 
vt 41.9905 -51 
vt 42.0067 -51.0067 
vt 41.9933 -51.0067 
vt 42 -50.9905 
vt 41.9933 -50.9933 
vt 42.0067 -50.9933 
vt 41.9831 -50.9933 
vt 42.0169 -50.9933 
vt 41.9831 -51 
vt 42.0169 -51 
vt 41.9831 -51.0067 
vt 42.0169 -51.0067 
vt 42.0169 -51.0067 
vt 41.9831 -51.0067 
vt 42.0169 -51 
vt 41.9831 -51 
vt 41.9831 -50.9933 
vt 42.0169 -50.9933 

usemtl Strap1Mtl

f 4473/4473/4473 4474/4474/4474 4475/4475/4475 
f 4475/4475/4475 4474/4474/4474 4476/4476/4476 
f 4473/4473/4473 4475/4475/4475 4477/4477/4477 
f 4473/4473/4473 4478/4478/4478 4474/4474/4474 
f 4474/4474/4474 4478/4478/4478 4479/4479/4479 
f 4478/4478/4478 4473/4473/4473 4480/4480/4480 
f 4483/4483/4483 4482/4482/4482 4481/4481/4481 
f 4483/4483/4483 4484/4484/4484 4482/4482/4482 
f 4485/4485/4485 4484/4484/4484 4483/4483/4483 
f 4485/4485/4485 4486/4486/4486 4484/4484/4484 
f 4487/4487/4487 4488/4488/4488 4489/4489/4489 
f 4487/4487/4487 4489/4489/4489 4490/4490/4490 
f 4490/4490/4490 4489/4489/4489 4491/4491/4491 
f 4490/4490/4490 4491/4491/4491 4492/4492/4492 
f 4493/4493/4493 4494/4494/4494 4495/4495/4495 
f 4494/4494/4494 4493/4493/4493 4496/4496/4496 
f 4493/4493/4493 4495/4495/4495 4497/4497/4497 
f 4494/4494/4494 4498/4498/4498 4495/4495/4495 
f 4495/4495/4495 4498/4498/4498 4499/4499/4499 
f 4498/4498/4498 4494/4494/4494 4500/4500/4500 
f 4503/4503/4503 4502/4502/4502 4501/4501/4501 
f 4503/4503/4503 4504/4504/4504 4502/4502/4502 
f 4505/4505/4505 4504/4504/4504 4503/4503/4503 
f 4505/4505/4505 4506/4506/4506 4504/4504/4504 
f 4509/4509/4509 4508/4508/4508 4507/4507/4507 
f 4509/4509/4509 4510/4510/4510 4508/4508/4508 
f 4512/4512/4512 4510/4510/4510 4509/4509/4509 
f 4512/4512/4512 4511/4511/4511 4510/4510/4510 

g Shell19

v -338.687 3.99621 -1.88526 
v -338.776 3.99621 -1.88526 
v -338.731 3.97775 -1.88526 
v -338.687 4.08533 -1.88526 
v -338.668 4.04077 -1.88526 
v -338.776 4.08533 -1.88526 
v -338.794 4.04077 -1.88526 
v -338.731 4.10379 -1.88526 
v -338.731 4.04077 -2.73156 
v -338.769 4.04077 -2.59658 
v -338.757 4.06682 -2.50657 
v -338.758 4.06713 -2.59658 
v -338.731 4.07805 -2.59658 
v -338.731 4.07761 -2.50657 
v -338.705 4.06682 -2.50657 
v -338.705 4.06713 -2.59658 
v -338.694 4.04077 -2.59658 
v -338.794 4.04077 -1.88526 
v -338.776 4.08533 -1.88526 
v -338.776 4.08533 -2.35658 
v -338.731 4.10379 -1.88526 
v -338.731 4.10379 -2.35658 
v -338.668 4.04077 -1.88526 
v -338.764 4.07293 -2.41122 
v -338.687 4.08533 -1.88526 
v -338.687 4.08533 -2.35658 
v -338.699 4.07293 -2.41122 
v -338.699 4.07293 -2.50657 
v -338.731 4.08625 -2.41122 
v -338.731 4.08625 -2.50657 
v -338.764 4.07293 -2.50657 
v -338.758 4.01441 -2.59658 
v -338.731 4.04077 -2.73156 
v -338.757 4.01472 -2.50657 
v -338.769 4.04077 -2.59658 
v -338.768 4.04077 -2.50657 
v -338.757 4.06682 -2.50657 
v -338.758 4.06713 -2.59658 
v -338.776 3.99621 -2.35658 
v -338.776 3.99621 -1.88526 
v -338.794 4.04077 -1.88526 
v -338.794 4.04077 -2.35658 
v -338.776 4.08533 -1.88526 
v -338.764 4.00861 -2.41122 
v -338.776 4.08533 -2.35658 
v -338.668 4.04077 -1.88526 
v -338.764 4.07293 -2.41122 
v -338.699 4.07293 -2.50657 
v -338.764 4.07293 -2.50657 
v -338.764 4.00861 -2.50657 
v -338.777 4.04077 -2.50657 
v -338.777 4.04077 -2.41122 
v -338.731 4.08625 -2.50657 
v -338.757 4.06682 -2.50657 
v -338.764 4.07293 -2.50657 
v -338.731 4.07761 -2.50657 
v -338.768 4.04077 -2.50657 
v -338.705 4.06682 -2.50657 
v -338.777 4.04077 -2.50657 
v -338.699 4.07293 -2.50657 
v -338.764 4.00861 -2.50657 
v -338.695 4.04077 -2.50657 
v -338.757 4.01472 -2.50657 
v -338.686 4.04077 -2.50657 
v -338.731 3.99529 -2.50657 
v -338.699 4.00861 -2.50657 
v -338.731 4.00393 -2.50657 
v -338.705 4.01472 -2.50657 
v -338.731 4.00349 -2.59658 
v -338.758 4.01441 -2.59658 
v -338.731 4.04077 -2.73156 
v -338.757 4.01472 -2.50657 
v -338.731 4.00393 -2.50657 
v -338.705 4.01472 -2.50657 
v -338.769 4.04077 -2.59658 
v -338.705 4.01441 -2.59658 
v -338.694 4.04077 -2.59658 
v -338.776 3.99621 -2.35658 
v -338.776 3.99621 -1.88526 
v -338.794 4.04077 -1.88526 
v -338.731 3.97775 -2.35658 
v -338.731 3.97775 -1.88526 
v -338.764 4.00861 -2.41122 
v -338.687 3.99621 -2.35658 
v -338.687 3.99621 -1.88526 
v -338.668 4.04077 -1.88526 
v -338.699 4.00861 -2.41122 
v -338.699 4.00861 -2.50657 
v -338.731 3.99529 -2.50657 
v -338.731 3.99529 -2.41122 
v -338.764 4.00861 -2.50657 
v -338.731 4.04077 -2.73156 
v -338.705 4.01472 -2.50657 
v -338.705 4.01441 -2.59658 
v -338.705 4.06682 -2.50657 
v -338.705 4.06713 -2.59658 
v -338.694 4.04077 -2.59658 
v -338.695 4.04077 -2.50657 
v -338.731 3.97775 -1.88526 
v -338.687 3.99621 -2.35658 
v -338.687 3.99621 -1.88526 
v -338.731 4.10379 -1.88526 
v -338.668 4.04077 -2.35658 
v -338.668 4.04077 -1.88526 
v -338.687 4.08533 -1.88526 
v -338.687 4.08533 -2.35658 
v -338.699 4.07293 -2.41122 
v -338.699 4.00861 -2.41122 
v -338.686 4.04077 -2.41122 
v -338.686 4.04077 -2.50657 
v -338.699 4.00861 -2.50657 
v -338.699 4.07293 -2.50657 

vn 0 0 1 
vn 0 0 1 
vn 0 0 1 
vn 0 0 1 
vn 0 0 1 
vn 0 0 1 
vn 0 0 1 
vn 0 0 1 
vn 0 0 -1 
vn -0.992126 0 -0.110236 
vn -0.708661 0.708661 0.00787402 
vn -0.700787 0.700787 -0.110236 
vn 0 0.992126 -0.110236 
vn 0 1 0.00787402 
vn 0.708661 0.708661 0.00787402 
vn 0.700787 0.700787 -0.110236 
vn 0.992126 0 -0.110236 
vn -1 0 0 
vn -0.708661 0.708661 0 
vn -0.700787 0.700787 -0.125984 
vn 0 1 0 
vn 0 0.992126 -0.125984 
vn 1 0 0 
vn -0.700787 0.700787 -0.149606 
vn 0.708661 0.708661 0 
vn 0.700787 0.700787 -0.125984 
vn 0.700787 0.700787 -0.149606 
vn 0.708661 0.708661 0 
vn 0 0.992126 -0.149606 
vn 0 1 0 
vn -0.708661 0.708661 0 
vn -0.700787 -0.700787 -0.110236 
vn 0 0 -1 
vn -0.708661 -0.708661 0.00787402 
vn -0.992126 0 -0.110236 
vn -1 0 0.00787402 
vn -0.708661 0.708661 0.00787402 
vn -0.700787 0.700787 -0.110236 
vn -0.700787 -0.700787 -0.125984 
vn -0.708661 -0.708661 0 
vn -1 0 0 
vn -0.992126 0 -0.125984 
vn -0.708661 0.708661 0 
vn -0.700787 -0.700787 -0.149606 
vn -0.700787 0.700787 -0.125984 
vn 1 0 0 
vn -0.700787 0.700787 -0.149606 
vn 0.708661 0.708661 0 
vn -0.708661 0.708661 0 
vn -0.708661 -0.708661 0 
vn -1 0 0 
vn -0.992126 0 -0.149606 
vn 0 0 -1 
vn 0 0 -1 
vn 0 0 -1 
vn 0 0 -1 
vn 0 0 -1 
vn 0 0 -1 
vn 0 0 -1 
vn 0 0 -1 
vn 0 0 -1 
vn 0 0 -1 
vn 0 0 -1 
vn 0 0 -1 
vn 0 0 -1 
vn 0 0 -1 
vn 0 0 -1 
vn 0 0 -1 
vn 0 -0.992126 -0.110236 
vn -0.700787 -0.700787 -0.110236 
vn 0 0 -1 
vn -0.708661 -0.708661 0.00787402 
vn 0 -1 0.00787402 
vn 0.708661 -0.708661 0.00787402 
vn -0.992126 0 -0.110236 
vn 0.700787 -0.700787 -0.110236 
vn 0.992126 0 -0.110236 
vn -0.700787 -0.700787 -0.125984 
vn -0.708661 -0.708661 0 
vn -1 0 0 
vn 0 -0.992126 -0.125984 
vn 0 -1 0 
vn -0.700787 -0.700787 -0.149606 
vn 0.700787 -0.700787 -0.125984 
vn 0.708661 -0.708661 0 
vn 1 0 0 
vn 0.700787 -0.700787 -0.149606 
vn 0.708661 -0.708661 0 
vn 0 -1 0 
vn 0 -0.992126 -0.149606 
vn -0.708661 -0.708661 0 
vn 0 0 -1 
vn 0.708661 -0.708661 0.00787402 
vn 0.700787 -0.700787 -0.110236 
vn 0.708661 0.708661 0.00787402 
vn 0.700787 0.700787 -0.110236 
vn 0.992126 0 -0.110236 
vn 1 0 0.00787402 
vn 0 -1 0 
vn 0.700787 -0.700787 -0.125984 
vn 0.708661 -0.708661 0 
vn 0 1 0 
vn 0.992126 0 -0.125984 
vn 1 0 0 
vn 0.708661 0.708661 0 
vn 0.700787 0.700787 -0.125984 
vn 0.700787 0.700787 -0.149606 
vn 0.700787 -0.700787 -0.149606 
vn 0.992126 0 -0.149606 
vn 1 0 0 
vn 0.708661 -0.708661 0 
vn 0.708661 0.708661 0 

vt 0.0463436 0.783338 
vt 0.0352036 0.783338 
vt 0.0407736 0.781031 
vt 0.0463436 0.794478 
vt 0.0486508 0.788908 
vt 0.0352036 0.794478 
vt 0.0328963 0.788908 
vt 0.0407736 0.796786 
vt 0.0936669 0.788908 
vt 0.0767949 0.793569 
vt 0.0655439 0.792165 
vt 0.0767949 0.792204 
vt 0.0767949 0.788908 
vt 0.0655439 0.788908 
vt 0.0655439 0.785652 
vt 0.0767949 0.785613 
vt 0.0767949 0.784248 
vt -0.0121198 0.796786 
vt -0.0121198 0.794478 
vt 0.0467952 0.794478 
vt -0.0121198 0.788908 
vt 0.0467952 0.788908 
vt -0.0121198 0.781031 
vt 0.0536252 0.792928 
vt -0.0121198 0.783338 
vt 0.0467952 0.783338 
vt 0.0536252 0.784889 
vt 0.0655439 0.784889 
vt 0.0536252 0.788908 
vt 0.0655439 0.788908 
vt 0.0655439 0.792928 
vt 0.00475218 0.785613 
vt -0.0121198 0.788908 
vt 0.0160032 0.785652 
vt 0.00475218 0.788908 
vt 0.0160032 0.788908 
vt 0.0160032 0.792165 
vt 0.00475218 0.792204 
vt 0.0347519 0.783338 
vt 0.0936669 0.783338 
vt 0.0936669 0.788908 
vt 0.0347519 0.788908 
vt 0.0936669 0.794478 
vt 0.0279219 0.784889 
vt 0.0347519 0.794478 
vt 0.0936669 0.788908 
vt 0.0279219 0.792928 
vt 0.0160032 0.792928 
vt 0.0160032 0.792928 
vt 0.0160032 0.784889 
vt 0.0160032 0.788908 
vt 0.0279219 0.788908 
vt 0.0407736 0.794593 
vt 0.0440298 0.792165 
vt 0.0447933 0.792928 
vt 0.0407736 0.793514 
vt 0.0453788 0.788908 
vt 0.0375171 0.792165 
vt 0.0464583 0.788908 
vt 0.0367538 0.792928 
vt 0.0447933 0.784889 
vt 0.0361681 0.788908 
vt 0.0440298 0.785652 
vt 0.0350888 0.788908 
vt 0.0407736 0.783224 
vt 0.0367538 0.784889 
vt 0.0407736 0.784303 
vt 0.0375171 0.785652 
vt 0.00475218 0.788908 
vt 0.00475218 0.792204 
vt -0.0121198 0.788908 
vt 0.0160032 0.792165 
vt 0.0160032 0.788908 
vt 0.0160032 0.785652 
vt 0.00475218 0.793569 
vt 0.00475218 0.785613 
vt 0.00475218 0.784248 
vt 0.0347519 0.794478 
vt 0.0936669 0.794478 
vt 0.0936669 0.796786 
vt 0.0347519 0.788908 
vt 0.0936669 0.788908 
vt 0.0279219 0.792928 
vt 0.0347519 0.783338 
vt 0.0936669 0.783338 
vt 0.0936669 0.781031 
vt 0.0279219 0.784889 
vt 0.0160032 0.784889 
vt 0.0160032 0.788908 
vt 0.0279219 0.788908 
vt 0.0160032 0.792928 
vt 0.0936669 0.788908 
vt 0.0655439 0.785652 
vt 0.0767949 0.785613 
vt 0.0655439 0.792165 
vt 0.0767949 0.792204 
vt 0.0767949 0.788908 
vt 0.0655439 0.788908 
vt -0.0121198 0.781031 
vt 0.0467952 0.783338 
vt -0.0121198 0.783338 
vt -0.0121198 0.796786 
vt 0.0467952 0.788908 
vt -0.0121198 0.788908 
vt -0.0121198 0.794478 
vt 0.0467952 0.794478 
vt 0.0536252 0.792928 
vt 0.0536252 0.784889 
vt 0.0536252 0.788908 
vt 0.0655439 0.788908 
vt 0.0655439 0.784889 
vt 0.0655439 0.792928 

usemtl Shell1Mtl

f 4513/4513/4513 4514/4514/4514 4515/4515/4515 
f 4514/4514/4514 4513/4513/4513 4516/4516/4516 
f 4516/4516/4516 4513/4513/4513 4517/4517/4517 
f 4516/4516/4516 4518/4518/4518 4514/4514/4514 
f 4514/4514/4514 4518/4518/4518 4519/4519/4519 
f 4518/4518/4518 4516/4516/4516 4520/4520/4520 
f 4523/4523/4523 4525/4525/4525 4524/4524/4524 
f 4524/4524/4524 4525/4525/4525 4521/4521/4521 
f 4525/4525/4525 4523/4523/4523 4526/4526/4526 
f 4527/4527/4527 4525/4525/4525 4526/4526/4526 
f 4525/4525/4525 4528/4528/4528 4521/4521/4521 
f 4525/4525/4525 4527/4527/4527 4528/4528/4528 
f 4533/4533/4533 4532/4532/4532 4531/4531/4531 
f 4532/4532/4532 4533/4533/4533 4534/4534/4534 
f 4534/4534/4534 4536/4536/4536 4532/4532/4532 
f 4537/4537/4537 4534/4534/4534 4533/4533/4533 
f 4534/4534/4534 4537/4537/4537 4538/4538/4538 
f 4539/4539/4539 4534/4534/4534 4538/4538/4538 
f 4540/4540/4540 4541/4541/4541 4539/4539/4539 
f 4534/4534/4534 4539/4539/4539 4541/4541/4541 
f 4541/4541/4541 4540/4540/4540 4542/4542/4542 
f 4536/4536/4536 4534/4534/4534 4541/4541/4541 
f 4542/4542/4542 4536/4536/4536 4541/4541/4541 
f 4536/4536/4536 4542/4542/4542 4543/4543/4543 
f 4544/4544/4544 4546/4546/4546 4547/4547/4547 
f 4544/4544/4544 4547/4547/4547 4545/4545/4545 
f 4548/4548/4548 4547/4547/4547 4546/4546/4546 
f 4549/4549/4549 4547/4547/4547 4548/4548/4548 
f 4547/4547/4547 4549/4549/4549 4550/4550/4550 
f 4547/4547/4547 4550/4550/4550 4545/4545/4545 
f 4551/4551/4551 4552/4552/4552 4553/4553/4553 
f 4551/4551/4551 4553/4553/4553 4554/4554/4554 
f 4554/4554/4554 4553/4553/4553 4555/4555/4555 
f 4554/4554/4554 4556/4556/4556 4551/4551/4551 
f 4554/4554/4554 4555/4555/4555 4557/4557/4557 
f 4557/4557/4557 4559/4559/4559 4554/4554/4554 
f 4562/4562/4562 4556/4556/4556 4563/4563/4563 
f 4559/4559/4559 4561/4561/4561 4564/4564/4564 
f 4563/4563/4563 4564/4564/4564 4561/4561/4561 
f 4564/4564/4564 4563/4563/4563 4556/4556/4556 
f 4564/4564/4564 4554/4554/4554 4559/4559/4559 
f 4556/4556/4556 4554/4554/4554 4564/4564/4564 
f 4565/4565/4565 4566/4566/4566 4567/4567/4567 
f 4566/4566/4566 4565/4565/4565 4568/4568/4568 
f 4569/4569/4569 4567/4567/4567 4566/4566/4566 
f 4565/4565/4565 4570/4570/4570 4568/4568/4568 
f 4567/4567/4567 4569/4569/4569 4571/4571/4571 
f 4565/4565/4565 4572/4572/4572 4570/4570/4570 
f 4569/4569/4569 4573/4573/4573 4571/4571/4571 
f 4574/4574/4574 4570/4570/4570 4572/4572/4572 
f 4573/4573/4573 4569/4569/4569 4575/4575/4575 
f 4572/4572/4572 4576/4576/4576 4574/4574/4574 
f 4577/4577/4577 4573/4573/4573 4575/4575/4575 
f 4578/4578/4578 4574/4574/4574 4576/4576/4576 
f 4577/4577/4577 4575/4575/4575 4579/4579/4579 
f 4574/4574/4574 4578/4578/4578 4580/4580/4580 
f 4577/4577/4577 4580/4580/4580 4578/4578/4578 
f 4580/4580/4580 4577/4577/4577 4579/4579/4579 
f 4581/4581/4581 4582/4582/4582 4583/4583/4583 
f 4581/4581/4581 4584/4584/4584 4582/4582/4582 
f 4584/4584/4584 4581/4581/4581 4585/4585/4585 
f 4585/4585/4585 4581/4581/4581 4586/4586/4586 
f 4588/4588/4588 4586/4586/4586 4581/4581/4581 
f 4588/4588/4588 4581/4581/4581 4583/4583/4583 
f 4593/4593/4593 4591/4591/4591 4590/4590/4590 
f 4593/4593/4593 4594/4594/4594 4591/4591/4591 
f 4590/4590/4590 4595/4595/4595 4593/4593/4593 
f 4596/4596/4596 4594/4594/4594 4593/4593/4593 
f 4596/4596/4596 4597/4597/4597 4594/4594/4594 
f 4593/4593/4593 4599/4599/4599 4596/4596/4596 
f 4600/4600/4600 4599/4599/4599 4601/4601/4601 
f 4602/4602/4602 4601/4601/4601 4599/4599/4599 
f 4599/4599/4599 4593/4593/4593 4602/4602/4602 
f 4601/4601/4601 4602/4602/4602 4603/4603/4603 
f 4602/4602/4602 4593/4593/4593 4595/4595/4595 
f 4595/4595/4595 4603/4603/4603 4602/4602/4602 
f 4609/4609/4609 4606/4606/4606 4604/4604/4604 
f 4608/4608/4608 4609/4609/4609 4604/4604/4604 
f 4608/4608/4608 4607/4607/4607 4609/4609/4609 
f 4609/4609/4609 4605/4605/4605 4606/4606/4606 
f 4610/4610/4610 4609/4609/4609 4607/4607/4607 
f 4605/4605/4605 4609/4609/4609 4610/4610/4610 
f 4615/4615/4615 4613/4613/4613 4612/4612/4612 
f 4615/4615/4615 4616/4616/4616 4613/4613/4613 
f 4618/4618/4618 4617/4617/4617 4616/4616/4616 
f 4618/4618/4618 4616/4616/4616 4615/4615/4615 
f 4615/4615/4615 4619/4619/4619 4618/4618/4618 
f 4612/4612/4612 4620/4620/4620 4615/4615/4615 
f 4619/4619/4619 4615/4615/4615 4621/4621/4621 
f 4621/4621/4621 4615/4615/4615 4620/4620/4620 
f 4621/4621/4621 4622/4622/4622 4619/4619/4619 
f 4622/4622/4622 4621/4621/4621 4623/4623/4623 
f 4620/4620/4620 4623/4623/4623 4621/4621/4621 
f 4624/4624/4624 4619/4619/4619 4622/4622/4622 

g Strap19

v -338.656 4.04077 -1.9854 
v -338.807 4.04077 -1.9854 
v -338.731 3.96511 -1.9854 
v -338.785 3.98727 -1.9854 
v -338.678 3.98727 -1.9854 
v -338.731 4.11643 -1.9854 
v -338.785 4.09427 -1.9854 
v -338.678 4.09427 -1.9854 
v -338.785 4.09427 -1.9854 
v -338.785 4.09427 -2.25654 
v -338.731 4.11643 -1.9854 
v -338.731 4.11643 -2.25654 
v -338.678 4.09427 -1.9854 
v -338.678 4.09427 -2.25654 
v -338.785 3.98727 -2.25654 
v -338.785 3.98727 -1.9854 
v -338.807 4.04077 -1.9854 
v -338.807 4.04077 -2.25654 
v -338.785 4.09427 -1.9854 
v -338.785 4.09427 -2.25654 
v -338.731 3.96511 -2.25654 
v -338.807 4.04077 -2.25654 
v -338.656 4.04077 -2.25654 
v -338.785 3.98727 -2.25654 
v -338.678 3.98727 -2.25654 
v -338.731 4.11643 -2.25654 
v -338.678 4.09427 -2.25654 
v -338.785 4.09427 -2.25654 
v -338.785 3.98727 -2.25654 
v -338.785 3.98727 -1.9854 
v -338.731 3.96511 -2.25654 
v -338.731 3.96511 -1.9854 
v -338.678 3.98727 -2.25654 
v -338.678 3.98727 -1.9854 
v -338.678 3.98727 -2.25654 
v -338.678 3.98727 -1.9854 
v -338.656 4.04077 -2.25654 
v -338.656 4.04077 -1.9854 
v -338.678 4.09427 -1.9854 
v -338.678 4.09427 -2.25654 

vn 0 0 1 
vn 0 0 1 
vn 0 0 1 
vn 0 0 1 
vn 0 0 1 
vn 0 0 1 
vn 0 0 1 
vn 0 0 1 
vn -0.708661 0.708661 0 
vn -0.708661 0.708661 0 
vn 0 1 0 
vn 0 1 0 
vn 0.708661 0.708661 0 
vn 0.708661 0.708661 0 
vn -0.708661 -0.708661 0 
vn -0.708661 -0.708661 0 
vn -1 0 0 
vn -1 0 0 
vn -0.708661 0.708661 0 
vn -0.708661 0.708661 0 
vn 0 0 -1 
vn 0 0 -1 
vn 0 0 -1 
vn 0 0 -1 
vn 0 0 -1 
vn 0 0 -1 
vn 0 0 -1 
vn 0 0 -1 
vn -0.708661 -0.708661 0 
vn -0.708661 -0.708661 0 
vn 0 -1 0 
vn 0 -1 0 
vn 0.708661 -0.708661 0 
vn 0.708661 -0.708661 0 
vn 0.708661 -0.708661 0 
vn 0.708661 -0.708661 0 
vn 1 0 0 
vn 1 0 0 
vn 0.708661 0.708661 0 
vn 0.708661 0.708661 0 

vt 6.00946 -9 
vt 5.99054 -9 
vt 6 -9.00946 
vt 5.99331 -9.00669 
vt 6.00669 -9.00669 
vt 6 -8.99054 
vt 5.99331 -8.99331 
vt 6.00669 -8.99331 
vt 5.98305 -8.99331 
vt 6.01695 -8.99331 
vt 5.98305 -9 
vt 6.01695 -9 
vt 5.98305 -9.00669 
vt 6.01695 -9.00669 
vt 5.98305 -9.00669 
vt 6.01695 -9.00669 
vt 6.01695 -9 
vt 5.98305 -9 
vt 6.01695 -8.99331 
vt 5.98305 -8.99331 
vt 6 -9.00946 
vt 6.00946 -9 
vt 5.99054 -9 
vt 6.00669 -9.00669 
vt 5.99331 -9.00669 
vt 6 -8.99054 
vt 5.99331 -8.99331 
vt 6.00669 -8.99331 
vt 5.98305 -8.99331 
vt 6.01695 -8.99331 
vt 5.98305 -9 
vt 6.01695 -9 
vt 5.98305 -9.00669 
vt 6.01695 -9.00669 
vt 6.01695 -9.00669 
vt 5.98305 -9.00669 
vt 6.01695 -9 
vt 5.98305 -9 
vt 5.98305 -8.99331 
vt 6.01695 -8.99331 

usemtl Strap1Mtl

f 4625/4625/4625 4626/4626/4626 4627/4627/4627 
f 4627/4627/4627 4626/4626/4626 4628/4628/4628 
f 4625/4625/4625 4627/4627/4627 4629/4629/4629 
f 4625/4625/4625 4630/4630/4630 4626/4626/4626 
f 4626/4626/4626 4630/4630/4630 4631/4631/4631 
f 4630/4630/4630 4625/4625/4625 4632/4632/4632 
f 4635/4635/4635 4634/4634/4634 4633/4633/4633 
f 4635/4635/4635 4636/4636/4636 4634/4634/4634 
f 4637/4637/4637 4636/4636/4636 4635/4635/4635 
f 4637/4637/4637 4638/4638/4638 4636/4636/4636 
f 4639/4639/4639 4640/4640/4640 4641/4641/4641 
f 4639/4639/4639 4641/4641/4641 4642/4642/4642 
f 4642/4642/4642 4641/4641/4641 4643/4643/4643 
f 4642/4642/4642 4643/4643/4643 4644/4644/4644 
f 4645/4645/4645 4646/4646/4646 4647/4647/4647 
f 4646/4646/4646 4645/4645/4645 4648/4648/4648 
f 4645/4645/4645 4647/4647/4647 4649/4649/4649 
f 4646/4646/4646 4650/4650/4650 4647/4647/4647 
f 4647/4647/4647 4650/4650/4650 4651/4651/4651 
f 4650/4650/4650 4646/4646/4646 4652/4652/4652 
f 4655/4655/4655 4654/4654/4654 4653/4653/4653 
f 4655/4655/4655 4656/4656/4656 4654/4654/4654 
f 4657/4657/4657 4656/4656/4656 4655/4655/4655 
f 4657/4657/4657 4658/4658/4658 4656/4656/4656 
f 4661/4661/4661 4660/4660/4660 4659/4659/4659 
f 4661/4661/4661 4662/4662/4662 4660/4660/4660 
f 4664/4664/4664 4662/4662/4662 4661/4661/4661 
f 4664/4664/4664 4663/4663/4663 4662/4662/4662 

g Shell20

v -338.811 4.07128 -1.88526 
v -338.9 4.07128 -1.88526 
v -338.855 4.05283 -1.88526 
v -338.811 4.1604 -1.88526 
v -338.792 4.11584 -1.88526 
v -338.9 4.1604 -1.88526 
v -338.918 4.11584 -1.88526 
v -338.855 4.17886 -1.88526 
v -338.855 4.11584 -2.73156 
v -338.893 4.11584 -2.59658 
v -338.881 4.1419 -2.50657 
v -338.882 4.14221 -2.59658 
v -338.855 4.15313 -2.59658 
v -338.855 4.15269 -2.50657 
v -338.829 4.1419 -2.50657 
v -338.829 4.14221 -2.59658 
v -338.818 4.11584 -2.59658 
v -338.918 4.11584 -1.88526 
v -338.9 4.1604 -1.88526 
v -338.9 4.1604 -2.35658 
v -338.855 4.17886 -1.88526 
v -338.855 4.17886 -2.35658 
v -338.792 4.11584 -1.88526 
v -338.888 4.148 -2.41122 
v -338.811 4.1604 -1.88526 
v -338.811 4.1604 -2.35658 
v -338.823 4.148 -2.41122 
v -338.823 4.148 -2.50657 
v -338.855 4.16132 -2.41122 
v -338.855 4.16132 -2.50657 
v -338.888 4.148 -2.50657 
v -338.882 4.08948 -2.59658 
v -338.855 4.11584 -2.73156 
v -338.881 4.08979 -2.50657 
v -338.893 4.11584 -2.59658 
v -338.892 4.11584 -2.50657 
v -338.881 4.1419 -2.50657 
v -338.882 4.14221 -2.59658 
v -338.9 4.07128 -2.35658 
v -338.9 4.07128 -1.88526 
v -338.918 4.11584 -1.88526 
v -338.918 4.11584 -2.35658 
v -338.9 4.1604 -1.88526 
v -338.888 4.08369 -2.41122 
v -338.9 4.1604 -2.35658 
v -338.792 4.11584 -1.88526 
v -338.888 4.148 -2.41122 
v -338.823 4.148 -2.50657 
v -338.888 4.148 -2.50657 
v -338.888 4.08369 -2.50657 
v -338.901 4.11584 -2.50657 
v -338.901 4.11584 -2.41122 
v -338.855 4.16132 -2.50657 
v -338.881 4.1419 -2.50657 
v -338.888 4.148 -2.50657 
v -338.855 4.15269 -2.50657 
v -338.892 4.11584 -2.50657 
v -338.829 4.1419 -2.50657 
v -338.901 4.11584 -2.50657 
v -338.823 4.148 -2.50657 
v -338.888 4.08369 -2.50657 
v -338.819 4.11584 -2.50657 
v -338.881 4.08979 -2.50657 
v -338.81 4.11584 -2.50657 
v -338.855 4.07037 -2.50657 
v -338.823 4.08369 -2.50657 
v -338.855 4.079 -2.50657 
v -338.829 4.08979 -2.50657 
v -338.855 4.07856 -2.59658 
v -338.882 4.08948 -2.59658 
v -338.855 4.11584 -2.73156 
v -338.881 4.08979 -2.50657 
v -338.855 4.079 -2.50657 
v -338.829 4.08979 -2.50657 
v -338.893 4.11584 -2.59658 
v -338.829 4.08948 -2.59658 
v -338.818 4.11584 -2.59658 
v -338.9 4.07128 -2.35658 
v -338.9 4.07128 -1.88526 
v -338.918 4.11584 -1.88526 
v -338.855 4.05283 -2.35658 
v -338.855 4.05283 -1.88526 
v -338.888 4.08369 -2.41122 
v -338.811 4.07128 -2.35658 
v -338.811 4.07128 -1.88526 
v -338.792 4.11584 -1.88526 
v -338.823 4.08369 -2.41122 
v -338.823 4.08369 -2.50657 
v -338.855 4.07037 -2.50657 
v -338.855 4.07037 -2.41122 
v -338.888 4.08369 -2.50657 
v -338.855 4.11584 -2.73156 
v -338.829 4.08979 -2.50657 
v -338.829 4.08948 -2.59658 
v -338.829 4.1419 -2.50657 
v -338.829 4.14221 -2.59658 
v -338.818 4.11584 -2.59658 
v -338.819 4.11584 -2.50657 
v -338.855 4.05283 -1.88526 
v -338.811 4.07128 -2.35658 
v -338.811 4.07128 -1.88526 
v -338.855 4.17886 -1.88526 
v -338.792 4.11584 -2.35658 
v -338.792 4.11584 -1.88526 
v -338.811 4.1604 -1.88526 
v -338.811 4.1604 -2.35658 
v -338.823 4.148 -2.41122 
v -338.823 4.08369 -2.41122 
v -338.81 4.11584 -2.41122 
v -338.81 4.11584 -2.50657 
v -338.823 4.08369 -2.50657 
v -338.823 4.148 -2.50657 

vn 0 0 1 
vn 0 0 1 
vn 0 0 1 
vn 0 0 1 
vn 0 0 1 
vn 0 0 1 
vn 0 0 1 
vn 0 0 1 
vn 0 0 -1 
vn -0.992126 0 -0.110236 
vn -0.708661 0.708661 0.00787402 
vn -0.700787 0.700787 -0.110236 
vn 0 0.992126 -0.110236 
vn 0 1 0.00787402 
vn 0.708661 0.708661 0.00787402 
vn 0.700787 0.700787 -0.110236 
vn 0.992126 0 -0.110236 
vn -1 0 0 
vn -0.708661 0.708661 0 
vn -0.700787 0.700787 -0.125984 
vn 0 1 0 
vn 0 0.992126 -0.125984 
vn 1 0 0 
vn -0.700787 0.700787 -0.149606 
vn 0.708661 0.708661 0 
vn 0.700787 0.700787 -0.125984 
vn 0.700787 0.700787 -0.149606 
vn 0.708661 0.708661 0 
vn 0 0.992126 -0.149606 
vn 0 1 0 
vn -0.708661 0.708661 0 
vn -0.700787 -0.700787 -0.110236 
vn 0 0 -1 
vn -0.708661 -0.708661 0.00787402 
vn -0.992126 0 -0.110236 
vn -1 0 0.00787402 
vn -0.708661 0.708661 0.00787402 
vn -0.700787 0.700787 -0.110236 
vn -0.700787 -0.700787 -0.125984 
vn -0.708661 -0.708661 0 
vn -1 0 0 
vn -0.992126 0 -0.125984 
vn -0.708661 0.708661 0 
vn -0.700787 -0.700787 -0.149606 
vn -0.700787 0.700787 -0.125984 
vn 1 0 0 
vn -0.700787 0.700787 -0.149606 
vn 0.708661 0.708661 0 
vn -0.708661 0.708661 0 
vn -0.708661 -0.708661 0 
vn -1 0 0 
vn -0.992126 0 -0.149606 
vn 0 0 -1 
vn 0 0 -1 
vn 0 0 -1 
vn 0 0 -1 
vn 0 0 -1 
vn 0 0 -1 
vn 0 0 -1 
vn 0 0 -1 
vn 0 0 -1 
vn 0 0 -1 
vn 0 0 -1 
vn 0 0 -1 
vn 0 0 -1 
vn 0 0 -1 
vn 0 0 -1 
vn 0 0 -1 
vn 0 -0.992126 -0.110236 
vn -0.700787 -0.700787 -0.110236 
vn 0 0 -1 
vn -0.708661 -0.708661 0.00787402 
vn 0 -1 0.00787402 
vn 0.708661 -0.708661 0.00787402 
vn -0.992126 0 -0.110236 
vn 0.700787 -0.700787 -0.110236 
vn 0.992126 0 -0.110236 
vn -0.700787 -0.700787 -0.125984 
vn -0.708661 -0.708661 0 
vn -1 0 0 
vn 0 -0.992126 -0.125984 
vn 0 -1 0 
vn -0.700787 -0.700787 -0.149606 
vn 0.700787 -0.700787 -0.125984 
vn 0.708661 -0.708661 0 
vn 1 0 0 
vn 0.700787 -0.700787 -0.149606 
vn 0.708661 -0.708661 0 
vn 0 -1 0 
vn 0 -0.992126 -0.149606 
vn -0.708661 -0.708661 0 
vn 0 0 -1 
vn 0.708661 -0.708661 0.00787402 
vn 0.700787 -0.700787 -0.110236 
vn 0.708661 0.708661 0.00787402 
vn 0.700787 0.700787 -0.110236 
vn 0.992126 0 -0.110236 
vn 1 0 0.00787402 
vn 0 -1 0 
vn 0.700787 -0.700787 -0.125984 
vn 0.708661 -0.708661 0 
vn 0 1 0 
vn 0.992126 0 -0.125984 
vn 1 0 0 
vn 0.708661 0.708661 0 
vn 0.700787 0.700787 -0.125984 
vn 0.700787 0.700787 -0.149606 
vn 0.700787 -0.700787 -0.149606 
vn 0.992126 0 -0.149606 
vn 1 0 0 
vn 0.708661 -0.708661 0 
vn 0.708661 0.708661 0 

vt -0.31558 1.29601 
vt -0.32672 1.29601 
vt -0.32115 1.29371 
vt -0.31558 1.30715 
vt -0.313273 1.30158 
vt -0.32672 1.30715 
vt -0.329027 1.30158 
vt -0.32115 1.30946 
vt -0.268257 1.30158 
vt -0.285129 1.30624 
vt -0.29638 1.30484 
vt -0.285129 1.30488 
vt -0.285129 1.30158 
vt -0.29638 1.30158 
vt -0.29638 1.29833 
vt -0.285129 1.29829 
vt -0.285129 1.29692 
vt -0.374044 1.30946 
vt -0.374044 1.30715 
vt -0.315129 1.30715 
vt -0.374044 1.30158 
vt -0.315129 1.30158 
vt -0.374044 1.29371 
vt -0.308299 1.3056 
vt -0.374044 1.29601 
vt -0.315129 1.29601 
vt -0.308299 1.29756 
vt -0.29638 1.29756 
vt -0.308299 1.30158 
vt -0.29638 1.30158 
vt -0.29638 1.3056 
vt -0.357172 1.29829 
vt -0.374044 1.30158 
vt -0.345921 1.29833 
vt -0.357172 1.30158 
vt -0.345921 1.30158 
vt -0.345921 1.30484 
vt -0.357172 1.30488 
vt -0.327172 1.29601 
vt -0.268257 1.29601 
vt -0.268257 1.30158 
vt -0.327172 1.30158 
vt -0.268257 1.30715 
vt -0.334002 1.29756 
vt -0.327172 1.30715 
vt -0.268257 1.30158 
vt -0.334002 1.3056 
vt -0.345921 1.3056 
vt -0.345921 1.3056 
vt -0.345921 1.29756 
vt -0.345921 1.30158 
vt -0.334002 1.30158 
vt -0.32115 1.30727 
vt -0.317894 1.30484 
vt -0.31713 1.3056 
vt -0.32115 1.30619 
vt -0.316545 1.30158 
vt -0.324407 1.30484 
vt -0.315465 1.30158 
vt -0.32517 1.3056 
vt -0.31713 1.29756 
vt -0.325756 1.30158 
vt -0.317894 1.29833 
vt -0.326835 1.30158 
vt -0.32115 1.2959 
vt -0.32517 1.29756 
vt -0.32115 1.29698 
vt -0.324407 1.29833 
vt -0.357172 1.30158 
vt -0.357172 1.30488 
vt -0.374044 1.30158 
vt -0.345921 1.30484 
vt -0.345921 1.30158 
vt -0.345921 1.29833 
vt -0.357172 1.30624 
vt -0.357172 1.29829 
vt -0.357172 1.29692 
vt -0.327172 1.30715 
vt -0.268257 1.30715 
vt -0.268257 1.30946 
vt -0.327172 1.30158 
vt -0.268257 1.30158 
vt -0.334002 1.3056 
vt -0.327172 1.29601 
vt -0.268257 1.29601 
vt -0.268257 1.29371 
vt -0.334002 1.29756 
vt -0.345921 1.29756 
vt -0.345921 1.30158 
vt -0.334002 1.30158 
vt -0.345921 1.3056 
vt -0.268257 1.30158 
vt -0.29638 1.29833 
vt -0.285129 1.29829 
vt -0.29638 1.30484 
vt -0.285129 1.30488 
vt -0.285129 1.30158 
vt -0.29638 1.30158 
vt -0.374044 1.29371 
vt -0.315129 1.29601 
vt -0.374044 1.29601 
vt -0.374044 1.30946 
vt -0.315129 1.30158 
vt -0.374044 1.30158 
vt -0.374044 1.30715 
vt -0.315129 1.30715 
vt -0.308299 1.3056 
vt -0.308299 1.29756 
vt -0.308299 1.30158 
vt -0.29638 1.30158 
vt -0.29638 1.29756 
vt -0.29638 1.3056 

usemtl Shell1Mtl

f 4665/4665/4665 4666/4666/4666 4667/4667/4667 
f 4666/4666/4666 4665/4665/4665 4668/4668/4668 
f 4668/4668/4668 4665/4665/4665 4669/4669/4669 
f 4668/4668/4668 4670/4670/4670 4666/4666/4666 
f 4666/4666/4666 4670/4670/4670 4671/4671/4671 
f 4670/4670/4670 4668/4668/4668 4672/4672/4672 
f 4675/4675/4675 4677/4677/4677 4676/4676/4676 
f 4676/4676/4676 4677/4677/4677 4673/4673/4673 
f 4677/4677/4677 4675/4675/4675 4678/4678/4678 
f 4679/4679/4679 4677/4677/4677 4678/4678/4678 
f 4677/4677/4677 4680/4680/4680 4673/4673/4673 
f 4677/4677/4677 4679/4679/4679 4680/4680/4680 
f 4685/4685/4685 4684/4684/4684 4683/4683/4683 
f 4684/4684/4684 4685/4685/4685 4686/4686/4686 
f 4686/4686/4686 4688/4688/4688 4684/4684/4684 
f 4689/4689/4689 4686/4686/4686 4685/4685/4685 
f 4686/4686/4686 4689/4689/4689 4690/4690/4690 
f 4691/4691/4691 4686/4686/4686 4690/4690/4690 
f 4692/4692/4692 4693/4693/4693 4691/4691/4691 
f 4686/4686/4686 4691/4691/4691 4693/4693/4693 
f 4693/4693/4693 4692/4692/4692 4694/4694/4694 
f 4688/4688/4688 4686/4686/4686 4693/4693/4693 
f 4694/4694/4694 4688/4688/4688 4693/4693/4693 
f 4688/4688/4688 4694/4694/4694 4695/4695/4695 
f 4696/4696/4696 4698/4698/4698 4699/4699/4699 
f 4696/4696/4696 4699/4699/4699 4697/4697/4697 
f 4700/4700/4700 4699/4699/4699 4698/4698/4698 
f 4701/4701/4701 4699/4699/4699 4700/4700/4700 
f 4699/4699/4699 4701/4701/4701 4702/4702/4702 
f 4699/4699/4699 4702/4702/4702 4697/4697/4697 
f 4703/4703/4703 4704/4704/4704 4705/4705/4705 
f 4703/4703/4703 4705/4705/4705 4706/4706/4706 
f 4706/4706/4706 4705/4705/4705 4707/4707/4707 
f 4706/4706/4706 4708/4708/4708 4703/4703/4703 
f 4706/4706/4706 4707/4707/4707 4709/4709/4709 
f 4709/4709/4709 4711/4711/4711 4706/4706/4706 
f 4714/4714/4714 4708/4708/4708 4715/4715/4715 
f 4711/4711/4711 4713/4713/4713 4716/4716/4716 
f 4715/4715/4715 4716/4716/4716 4713/4713/4713 
f 4716/4716/4716 4715/4715/4715 4708/4708/4708 
f 4716/4716/4716 4706/4706/4706 4711/4711/4711 
f 4708/4708/4708 4706/4706/4706 4716/4716/4716 
f 4717/4717/4717 4718/4718/4718 4719/4719/4719 
f 4718/4718/4718 4717/4717/4717 4720/4720/4720 
f 4721/4721/4721 4719/4719/4719 4718/4718/4718 
f 4717/4717/4717 4722/4722/4722 4720/4720/4720 
f 4719/4719/4719 4721/4721/4721 4723/4723/4723 
f 4717/4717/4717 4724/4724/4724 4722/4722/4722 
f 4721/4721/4721 4725/4725/4725 4723/4723/4723 
f 4726/4726/4726 4722/4722/4722 4724/4724/4724 
f 4725/4725/4725 4721/4721/4721 4727/4727/4727 
f 4724/4724/4724 4728/4728/4728 4726/4726/4726 
f 4729/4729/4729 4725/4725/4725 4727/4727/4727 
f 4730/4730/4730 4726/4726/4726 4728/4728/4728 
f 4729/4729/4729 4727/4727/4727 4731/4731/4731 
f 4726/4726/4726 4730/4730/4730 4732/4732/4732 
f 4729/4729/4729 4732/4732/4732 4730/4730/4730 
f 4732/4732/4732 4729/4729/4729 4731/4731/4731 
f 4733/4733/4733 4734/4734/4734 4735/4735/4735 
f 4733/4733/4733 4736/4736/4736 4734/4734/4734 
f 4736/4736/4736 4733/4733/4733 4737/4737/4737 
f 4737/4737/4737 4733/4733/4733 4738/4738/4738 
f 4740/4740/4740 4738/4738/4738 4733/4733/4733 
f 4740/4740/4740 4733/4733/4733 4735/4735/4735 
f 4745/4745/4745 4743/4743/4743 4742/4742/4742 
f 4745/4745/4745 4746/4746/4746 4743/4743/4743 
f 4742/4742/4742 4747/4747/4747 4745/4745/4745 
f 4748/4748/4748 4746/4746/4746 4745/4745/4745 
f 4748/4748/4748 4749/4749/4749 4746/4746/4746 
f 4745/4745/4745 4751/4751/4751 4748/4748/4748 
f 4752/4752/4752 4751/4751/4751 4753/4753/4753 
f 4754/4754/4754 4753/4753/4753 4751/4751/4751 
f 4751/4751/4751 4745/4745/4745 4754/4754/4754 
f 4753/4753/4753 4754/4754/4754 4755/4755/4755 
f 4754/4754/4754 4745/4745/4745 4747/4747/4747 
f 4747/4747/4747 4755/4755/4755 4754/4754/4754 
f 4761/4761/4761 4758/4758/4758 4756/4756/4756 
f 4760/4760/4760 4761/4761/4761 4756/4756/4756 
f 4760/4760/4760 4759/4759/4759 4761/4761/4761 
f 4761/4761/4761 4757/4757/4757 4758/4758/4758 
f 4762/4762/4762 4761/4761/4761 4759/4759/4759 
f 4757/4757/4757 4761/4761/4761 4762/4762/4762 
f 4767/4767/4767 4765/4765/4765 4764/4764/4764 
f 4767/4767/4767 4768/4768/4768 4765/4765/4765 
f 4770/4770/4770 4769/4769/4769 4768/4768/4768 
f 4770/4770/4770 4768/4768/4768 4767/4767/4767 
f 4767/4767/4767 4771/4771/4771 4770/4770/4770 
f 4764/4764/4764 4772/4772/4772 4767/4767/4767 
f 4771/4771/4771 4767/4767/4767 4773/4773/4773 
f 4773/4773/4773 4767/4767/4767 4772/4772/4772 
f 4773/4773/4773 4774/4774/4774 4771/4771/4771 
f 4774/4774/4774 4773/4773/4773 4775/4775/4775 
f 4772/4772/4772 4775/4775/4775 4773/4773/4773 
f 4776/4776/4776 4771/4771/4771 4774/4774/4774 

g Strap20

v -338.78 4.11584 -1.9854 
v -338.931 4.11584 -1.9854 
v -338.855 4.04018 -1.9854 
v -338.909 4.06234 -1.9854 
v -338.802 4.06234 -1.9854 
v -338.855 4.1915 -1.9854 
v -338.909 4.16934 -1.9854 
v -338.802 4.16934 -1.9854 
v -338.909 4.16934 -1.9854 
v -338.909 4.16934 -2.25654 
v -338.855 4.1915 -1.9854 
v -338.855 4.1915 -2.25654 
v -338.802 4.16934 -1.9854 
v -338.802 4.16934 -2.25654 
v -338.909 4.06234 -2.25654 
v -338.909 4.06234 -1.9854 
v -338.931 4.11584 -1.9854 
v -338.931 4.11584 -2.25654 
v -338.909 4.16934 -1.9854 
v -338.909 4.16934 -2.25654 
v -338.855 4.04018 -2.25654 
v -338.931 4.11584 -2.25654 
v -338.78 4.11584 -2.25654 
v -338.909 4.06234 -2.25654 
v -338.802 4.06234 -2.25654 
v -338.855 4.1915 -2.25654 
v -338.802 4.16934 -2.25654 
v -338.909 4.16934 -2.25654 
v -338.909 4.06234 -2.25654 
v -338.909 4.06234 -1.9854 
v -338.855 4.04018 -2.25654 
v -338.855 4.04018 -1.9854 
v -338.802 4.06234 -2.25654 
v -338.802 4.06234 -1.9854 
v -338.802 4.06234 -2.25654 
v -338.802 4.06234 -1.9854 
v -338.78 4.11584 -2.25654 
v -338.78 4.11584 -1.9854 
v -338.802 4.16934 -1.9854 
v -338.802 4.16934 -2.25654 

vn 0 0 1 
vn 0 0 1 
vn 0 0 1 
vn 0 0 1 
vn 0 0 1 
vn 0 0 1 
vn 0 0 1 
vn 0 0 1 
vn -0.708661 0.708661 0 
vn -0.708661 0.708661 0 
vn 0 1 0 
vn 0 1 0 
vn 0.708661 0.708661 0 
vn 0.708661 0.708661 0 
vn -0.708661 -0.708661 0 
vn -0.708661 -0.708661 0 
vn -1 0 0 
vn -1 0 0 
vn -0.708661 0.708661 0 
vn -0.708661 0.708661 0 
vn 0 0 -1 
vn 0 0 -1 
vn 0 0 -1 
vn 0 0 -1 
vn 0 0 -1 
vn 0 0 -1 
vn 0 0 -1 
vn 0 0 -1 
vn -0.708661 -0.708661 0 
vn -0.708661 -0.708661 0 
vn 0 -1 0 
vn 0 -1 0 
vn 0.708661 -0.708661 0 
vn 0.708661 -0.708661 0 
vn 0.708661 -0.708661 0 
vn 0.708661 -0.708661 0 
vn 1 0 0 
vn 1 0 0 
vn 0.708661 0.708661 0 
vn 0.708661 0.708661 0 

vt 44.0095 -55 
vt 43.9905 -55 
vt 44 -55.0095 
vt 43.9933 -55.0067 
vt 44.0067 -55.0067 
vt 44 -54.9905 
vt 43.9933 -54.9933 
vt 44.0067 -54.9933 
vt 43.9831 -54.9933 
vt 44.0169 -54.9933 
vt 43.9831 -55 
vt 44.0169 -55 
vt 43.9831 -55.0067 
vt 44.0169 -55.0067 
vt 43.9831 -55.0067 
vt 44.0169 -55.0067 
vt 44.0169 -55 
vt 43.9831 -55 
vt 44.0169 -54.9933 
vt 43.9831 -54.9933 
vt 44 -55.0095 
vt 44.0095 -55 
vt 43.9905 -55 
vt 44.0067 -55.0067 
vt 43.9933 -55.0067 
vt 44 -54.9905 
vt 43.9933 -54.9933 
vt 44.0067 -54.9933 
vt 43.9831 -54.9933 
vt 44.0169 -54.9933 
vt 43.9831 -55 
vt 44.0169 -55 
vt 43.9831 -55.0067 
vt 44.0169 -55.0067 
vt 44.0169 -55.0067 
vt 43.9831 -55.0067 
vt 44.0169 -55 
vt 43.9831 -55 
vt 43.9831 -54.9933 
vt 44.0169 -54.9933 

usemtl Strap1Mtl

f 4777/4777/4777 4778/4778/4778 4779/4779/4779 
f 4779/4779/4779 4778/4778/4778 4780/4780/4780 
f 4777/4777/4777 4779/4779/4779 4781/4781/4781 
f 4777/4777/4777 4782/4782/4782 4778/4778/4778 
f 4778/4778/4778 4782/4782/4782 4783/4783/4783 
f 4782/4782/4782 4777/4777/4777 4784/4784/4784 
f 4787/4787/4787 4786/4786/4786 4785/4785/4785 
f 4787/4787/4787 4788/4788/4788 4786/4786/4786 
f 4789/4789/4789 4788/4788/4788 4787/4787/4787 
f 4789/4789/4789 4790/4790/4790 4788/4788/4788 
f 4791/4791/4791 4792/4792/4792 4793/4793/4793 
f 4791/4791/4791 4793/4793/4793 4794/4794/4794 
f 4794/4794/4794 4793/4793/4793 4795/4795/4795 
f 4794/4794/4794 4795/4795/4795 4796/4796/4796 
f 4797/4797/4797 4798/4798/4798 4799/4799/4799 
f 4798/4798/4798 4797/4797/4797 4800/4800/4800 
f 4797/4797/4797 4799/4799/4799 4801/4801/4801 
f 4798/4798/4798 4802/4802/4802 4799/4799/4799 
f 4799/4799/4799 4802/4802/4802 4803/4803/4803 
f 4802/4802/4802 4798/4798/4798 4804/4804/4804 
f 4807/4807/4807 4806/4806/4806 4805/4805/4805 
f 4807/4807/4807 4808/4808/4808 4806/4806/4806 
f 4809/4809/4809 4808/4808/4808 4807/4807/4807 
f 4809/4809/4809 4810/4810/4810 4808/4808/4808 
f 4813/4813/4813 4812/4812/4812 4811/4811/4811 
f 4813/4813/4813 4814/4814/4814 4812/4812/4812 
f 4816/4816/4816 4814/4814/4814 4813/4813/4813 
f 4816/4816/4816 4815/4815/4815 4814/4814/4814 

g Meshpart4

v -339.352 3.60084 -5.33564 
v -340.388 3.60084 -5.33564 
v -339.87 3.38615 -5.33564 
v -340.603 4.11914 -5.33564 
v -339.137 4.11914 -5.33564 
v -339.87 4.85213 -5.33564 
v -340.388 4.63745 -5.33564 
v -339.352 4.63745 -5.33564 
v -340.574 4.11914 -8.17743 
v -340.368 3.62159 -8.38723 
v -339.87 3.4155 -8.17743 
v -340.368 4.61669 -8.38723 
v -339.87 4.82278 -8.17743 
v -339.166 4.11914 -8.38723 
v -339.372 4.61669 -8.17743 
v -340.51 4.11914 -9.57679 
v -340.323 3.66657 -9.83485 
v -339.87 4.75917 -9.57679 
v -339.417 3.66657 -9.57679 
v -339.87 4.75917 -9.83485 
v -339.23 4.11914 -9.83485 
v -339.87 3.38615 -5.61061 
v -339.87 3.38615 -5.33564 
v -340.388 4.63745 -5.61061 
v -339.352 3.60084 -5.61061 
v -339.352 4.63745 -5.33564 
v -340.574 4.11914 -7.24858 
v -340.368 3.62159 -7.45838 
v -339.87 3.4155 -7.24858 
v -340.368 4.61669 -7.45838 
v -339.87 4.82278 -7.24858 
v -339.166 4.11914 -7.45838 
v -339.372 4.61669 -7.24858 
v -340.283 4.53178 -3.463 
v -339.457 4.53178 -4.02391 
v -339.457 3.7065 -3.463 
v -339.372 3.62159 -7.24858 
v -340.368 3.62159 -7.24858 
v -339.87 3.4155 -7.24858 
v -339.166 4.11914 -7.24858 
v -340.574 4.11914 -7.24858 
v -340.368 4.61669 -7.24858 
v -339.372 4.61669 -7.24858 
v -339.87 4.82278 -7.24858 
v -339.372 3.62159 -8.17743 
v -340.368 3.62159 -8.17743 
v -339.87 3.4155 -8.17743 
v -339.166 4.11914 -8.17743 
v -340.574 4.11914 -8.17743 
v -340.368 4.61669 -8.17743 
v -339.372 4.61669 -8.17743 
v -339.87 4.82278 -8.17743 
v -339.417 4.57171 -9.57679 
v -339.87 3.47911 -9.57679 
v -339.417 3.66657 -9.57679 
v -339.23 4.11914 -9.57679 
v -339.87 4.75917 -9.57679 
v -340.323 4.57171 -9.57679 
v -340.323 3.66657 -9.57679 
v -340.51 4.11914 -9.57679 
v -340.368 4.61669 -8.17743 
v -340.368 4.61669 -8.38723 
v -339.87 4.82278 -8.17743 
v -339.87 4.82278 -8.38723 
v -339.372 4.61669 -8.17743 
v -339.372 4.61669 -8.38723 
v -340.51 4.11914 -9.57679 
v -340.51 4.11914 -9.83485 
v -340.323 4.57171 -9.57679 
v -340.323 4.57171 -9.83485 
v -339.87 4.75917 -9.57679 
v -339.87 4.75917 -9.83485 
v -339.23 4.11914 -9.83485 
v -339.417 4.57171 -9.57679 
v -339.23 4.11914 -9.57679 
v -339.417 4.57171 -9.83485 
v -340.388 4.63745 -5.33564 
v -340.388 4.63745 -5.61061 
v -339.87 4.85213 -5.33564 
v -339.87 4.85213 -5.61061 
v -339.352 4.63745 -5.33564 
v -339.352 4.63745 -5.61061 
v -340.368 4.61669 -7.24858 
v -340.368 4.61669 -7.45838 
v -339.87 4.82278 -7.24858 
v -339.87 4.82278 -7.45838 
v -339.372 4.61669 -7.24858 
v -339.372 4.61669 -7.45838 
v -339.87 4.7027 -4.02391 
v -340.283 4.53178 -3.463 
v -339.87 4.7027 -3.463 
v -340.283 4.53178 -4.02391 
v -339.457 4.53178 -4.02391 
v -339.457 4.53178 -3.463 
v -340.368 3.62159 -8.17743 
v -340.574 4.11914 -8.17743 
v -340.368 3.62159 -8.38723 
v -340.574 4.11914 -8.38723 
v -339.87 3.4155 -8.38723 
v -340.368 4.61669 -8.17743 
v -339.87 3.4155 -8.17743 
v -340.368 4.61669 -8.38723 
v -340.323 3.66657 -9.57679 
v -340.51 4.11914 -9.57679 
v -340.323 3.66657 -9.83485 
v -340.51 4.11914 -9.83485 
v -340.323 4.57171 -9.57679 
v -340.323 4.57171 -9.83485 
v -340.388 3.60084 -5.33564 
v -340.603 4.11914 -5.33564 
v -340.388 3.60084 -5.61061 
v -340.603 4.11914 -5.61061 
v -339.87 3.38615 -5.61061 
v -340.388 4.63745 -5.33564 
v -339.87 3.38615 -5.33564 
v -340.388 4.63745 -5.61061 
v -340.368 3.62159 -7.24858 
v -340.574 4.11914 -7.24858 
v -340.368 3.62159 -7.45838 
v -340.574 4.11914 -7.45838 
v -339.87 3.4155 -7.45838 
v -340.368 4.61669 -7.24858 
v -339.87 3.4155 -7.24858 
v -340.368 4.61669 -7.45838 
v -340.283 4.53178 -3.463 
v -340.283 4.53178 -4.02391 
v -339.457 4.53178 -4.02391 
v -340.454 4.11914 -3.463 
v -340.454 4.11914 -4.02391 
v -340.283 3.7065 -3.463 
v -340.283 3.7065 -4.02391 
v -339.417 3.66657 -9.83485 
v -339.417 4.57171 -9.83485 
v -339.23 4.11914 -9.83485 
v -339.87 3.47911 -9.83485 
v -339.87 4.75917 -9.83485 
v -340.323 4.57171 -9.83485 
v -340.323 3.66657 -9.83485 
v -340.51 4.11914 -9.83485 
v -339.372 3.62159 -8.38723 
v -340.574 4.11914 -8.38723 
v -339.166 4.11914 -8.38723 
v -339.372 4.61669 -8.38723 
v -340.368 3.62159 -8.38723 
v -339.87 3.4155 -8.38723 
v -340.368 4.61669 -8.38723 
v -339.87 4.82278 -8.38723 
v -339.372 3.62159 -7.45838 
v -340.574 4.11914 -7.45838 
v -339.166 4.11914 -7.45838 
v -339.372 4.61669 -7.45838 
v -340.368 3.62159 -7.45838 
v -339.87 3.4155 -7.45838 
v -340.368 4.61669 -7.45838 
v -339.87 4.82278 -7.45838 
v -340.574 4.11914 -8.17743 
v -339.87 3.4155 -8.38723 
v -340.368 4.61669 -8.38723 
v -339.372 3.62159 -8.17743 
v -339.87 4.82278 -8.38723 
v -339.166 4.11914 -8.38723 
v -339.372 4.61669 -8.17743 
v -340.51 4.11914 -9.57679 
v -340.323 3.66657 -9.83485 
v -339.417 3.66657 -9.57679 
v -339.87 4.75917 -9.83485 
v -339.23 4.11914 -9.83485 
v -340.388 3.60084 -5.33564 
v -339.87 3.38615 -5.61061 
v -340.388 4.63745 -5.61061 
v -339.352 4.63745 -5.33564 
v -340.574 4.11914 -7.24858 
v -339.87 3.4155 -7.45838 
v -340.368 4.61669 -7.45838 
v -339.372 3.62159 -7.24858 
v -339.87 4.82278 -7.45838 
v -339.166 4.11914 -7.45838 
v -339.372 4.61669 -7.24858 
v -340.283 4.53178 -3.463 
v -339.457 4.53178 -4.02391 
v -339.457 3.7065 -3.463 
v -339.352 3.60084 -5.61061 
v -340.388 3.60084 -5.61061 
v -339.137 4.11914 -5.61061 
v -339.87 3.38615 -5.61061 
v -340.603 4.11914 -5.61061 
v -339.87 4.85213 -5.61061 
v -339.352 4.63745 -5.61061 
v -340.388 4.63745 -5.61061 
v -339.457 3.7065 -4.02391 
v -340.283 3.7065 -4.02391 
v -339.286 4.11914 -4.02391 
v -339.87 3.53558 -4.02391 
v -340.454 4.11914 -4.02391 
v -340.283 4.53178 -4.02391 
v -339.457 4.53178 -4.02391 
v -339.87 4.7027 -4.02391 
v -340.368 3.62159 -8.17743 
v -340.368 3.62159 -8.38723 
v -339.87 3.4155 -8.38723 
v -339.87 3.4155 -8.17743 
v -339.372 3.62159 -8.38723 
v -339.372 3.62159 -8.17743 
v -340.323 3.66657 -9.57679 
v -340.323 3.66657 -9.83485 
v -339.87 3.47911 -9.83485 
v -339.87 3.47911 -9.57679 
v -339.417 3.66657 -9.83485 
v -339.417 3.66657 -9.57679 
v -340.388 3.60084 -5.33564 
v -340.388 3.60084 -5.61061 
v -339.87 3.38615 -5.61061 
v -339.87 3.38615 -5.33564 
v -339.352 3.60084 -5.61061 
v -339.352 3.60084 -5.33564 
v -340.368 3.62159 -7.24858 
v -340.368 3.62159 -7.45838 
v -339.87 3.4155 -7.45838 
v -339.87 3.4155 -7.24858 
v -339.372 3.62159 -7.45838 
v -339.372 3.62159 -7.24858 
v -340.283 3.7065 -3.463 
v -340.283 3.7065 -4.02391 
v -339.457 3.7065 -4.02391 
v -339.87 3.53558 -3.463 
v -339.457 3.7065 -3.463 
v -339.87 3.53558 -4.02391 
v -339.87 3.4155 -8.38723 
v -339.87 3.4155 -8.17743 
v -339.372 3.62159 -8.38723 
v -339.372 3.62159 -8.17743 
v -339.166 4.11914 -8.38723 
v -339.372 4.61669 -8.17743 
v -339.166 4.11914 -8.17743 
v -339.372 4.61669 -8.38723 
v -339.417 3.66657 -9.83485 
v -339.417 3.66657 -9.57679 
v -339.23 4.11914 -9.83485 
v -339.417 4.57171 -9.57679 
v -339.23 4.11914 -9.57679 
v -339.417 4.57171 -9.83485 
v -339.87 3.38615 -5.61061 
v -339.87 3.38615 -5.33564 
v -339.352 3.60084 -5.61061 
v -339.352 3.60084 -5.33564 
v -339.137 4.11914 -5.61061 
v -339.352 4.63745 -5.33564 
v -339.137 4.11914 -5.33564 
v -339.352 4.63745 -5.61061 
v -339.87 3.4155 -7.45838 
v -339.87 3.4155 -7.24858 
v -339.372 3.62159 -7.45838 
v -339.372 3.62159 -7.24858 
v -339.166 4.11914 -7.45838 
v -339.372 4.61669 -7.24858 
v -339.166 4.11914 -7.24858 
v -339.372 4.61669 -7.45838 
v -339.457 4.53178 -4.02391 
v -339.457 4.53178 -3.463 
v -339.286 4.11914 -4.02391 
v -339.286 4.11914 -3.463 
v -339.457 3.7065 -4.02391 
v -339.457 3.7065 -3.463 

vn 0 0 1 
vn 0 0 1 
vn 0 0 1 
vn 0 0 1 
vn 0 0 1 
vn 0 0 1 
vn 0 0 1 
vn 0 0 1 
vn -1 0 0 
vn -0.708661 -0.708661 0 
vn 0 -1 0 
vn -0.708661 0.708661 0 
vn 0 1 0 
vn 1 0 0 
vn 0.708661 0.708661 0 
vn -1 0 0 
vn -0.708661 -0.708661 0 
vn 0 1 0 
vn 0.708661 -0.708661 0 
vn 0 1 0 
vn 1 0 0 
vn 0 -1 0 
vn 0 -1 0 
vn -0.708661 0.708661 0 
vn 0.708661 -0.708661 0 
vn 0.708661 0.708661 0 
vn -1 0 0 
vn -0.708661 -0.708661 0 
vn 0 -1 0 
vn -0.708661 0.708661 0 
vn 0 1 0 
vn 1 0 0 
vn 0.708661 0.708661 0 
vn -0.708661 0.708661 0 
vn 0.708661 0.708661 0 
vn 0.708661 -0.708661 0 
vn 0 0 1 
vn 0 0 1 
vn 0 0 1 
vn 0 0 1 
vn 0 0 1 
vn 0 0 1 
vn 0 0 1 
vn 0 0 1 
vn 0 0 1 
vn 0 0 1 
vn 0 0 1 
vn 0 0 1 
vn 0 0 1 
vn 0 0 1 
vn 0 0 1 
vn 0 0 1 
vn 0 0 1 
vn 0 0 1 
vn 0 0 1 
vn 0 0 1 
vn 0 0 1 
vn 0 0 1 
vn 0 0 1 
vn 0 0 1 
vn -0.708661 0.708661 0 
vn -0.708661 0.708661 0 
vn 0 1 0 
vn 0 1 0 
vn 0.708661 0.708661 0 
vn 0.708661 0.708661 0 
vn -1 0 0 
vn -1 0 0 
vn -0.708661 0.708661 0 
vn -0.708661 0.708661 0 
vn 0 1 0 
vn 0 1 0 
vn 1 0 0 
vn 0.708661 0.708661 0 
vn 1 0 0 
vn 0.708661 0.708661 0 
vn -0.708661 0.708661 0 
vn -0.708661 0.708661 0 
vn 0 1 0 
vn 0 1 0 
vn 0.708661 0.708661 0 
vn 0.708661 0.708661 0 
vn -0.708661 0.708661 0 
vn -0.708661 0.708661 0 
vn 0 1 0 
vn 0 1 0 
vn 0.708661 0.708661 0 
vn 0.708661 0.708661 0 
vn 0 1 0 
vn -0.708661 0.708661 0 
vn 0 1 0 
vn -0.708661 0.708661 0 
vn 0.708661 0.708661 0 
vn 0.708661 0.708661 0 
vn -0.708661 -0.708661 0 
vn -1 0 0 
vn -0.708661 -0.708661 0 
vn -1 0 0 
vn 0 -1 0 
vn -0.708661 0.708661 0 
vn 0 -1 0 
vn -0.708661 0.708661 0 
vn -0.708661 -0.708661 0 
vn -1 0 0 
vn -0.708661 -0.708661 0 
vn -1 0 0 
vn -0.708661 0.708661 0 
vn -0.708661 0.708661 0 
vn -0.708661 -0.708661 0 
vn -1 0 0 
vn -0.708661 -0.708661 0 
vn -1 0 0 
vn 0 -1 0 
vn -0.708661 0.708661 0 
vn 0 -1 0 
vn -0.708661 0.708661 0 
vn -0.708661 -0.708661 0 
vn -1 0 0 
vn -0.708661 -0.708661 0 
vn -1 0 0 
vn 0 -1 0 
vn -0.708661 0.708661 0 
vn 0 -1 0 
vn -0.708661 0.708661 0 
vn -0.708661 0.708661 0 
vn -0.708661 0.708661 0 
vn 0.708661 0.708661 0 
vn -1 0 0 
vn -1 0 0 
vn -0.708661 -0.708661 0 
vn -0.708661 -0.708661 0 
vn 0 0 -1 
vn 0 0 -1 
vn 0 0 -1 
vn 0 0 -1 
vn 0 0 -1 
vn 0 0 -1 
vn 0 0 -1 
vn 0 0 -1 
vn 0 0 -1 
vn 0 0 -1 
vn 0 0 -1 
vn 0 0 -1 
vn 0 0 -1 
vn 0 0 -1 
vn 0 0 -1 
vn 0 0 -1 
vn 0 0 -1 
vn 0 0 -1 
vn 0 0 -1 
vn 0 0 -1 
vn 0 0 -1 
vn 0 0 -1 
vn 0 0 -1 
vn 0 0 -1 
vn -1 0 0 
vn 0 -1 0 
vn -0.708661 0.708661 0 
vn 0.708661 -0.708661 0 
vn 0 1 0 
vn 1 0 0 
vn 0.708661 0.708661 0 
vn -1 0 0 
vn -0.708661 -0.708661 0 
vn 0.708661 -0.708661 0 
vn 0 1 0 
vn 1 0 0 
vn -0.708661 -0.708661 0 
vn 0 -1 0 
vn -0.708661 0.708661 0 
vn 0.708661 0.708661 0 
vn -1 0 0 
vn 0 -1 0 
vn -0.708661 0.708661 0 
vn 0.708661 -0.708661 0 
vn 0 1 0 
vn 1 0 0 
vn 0.708661 0.708661 0 
vn -0.708661 0.708661 0 
vn 0.708661 0.708661 0 
vn 0.708661 -0.708661 0 
vn 0 0 -1 
vn 0 0 -1 
vn 0 0 -1 
vn 0 0 -1 
vn 0 0 -1 
vn 0 0 -1 
vn 0 0 -1 
vn 0 0 -1 
vn 0 0 -1 
vn 0 0 -1 
vn 0 0 -1 
vn 0 0 -1 
vn 0 0 -1 
vn 0 0 -1 
vn 0 0 -1 
vn 0 0 -1 
vn -0.708661 -0.708661 0 
vn -0.708661 -0.708661 0 
vn 0 -1 0 
vn 0 -1 0 
vn 0.708661 -0.708661 0 
vn 0.708661 -0.708661 0 
vn -0.708661 -0.708661 0 
vn -0.708661 -0.708661 0 
vn 0 -1 0 
vn 0 -1 0 
vn 0.708661 -0.708661 0 
vn 0.708661 -0.708661 0 
vn -0.708661 -0.708661 0 
vn -0.708661 -0.708661 0 
vn 0 -1 0 
vn 0 -1 0 
vn 0.708661 -0.708661 0 
vn 0.708661 -0.708661 0 
vn -0.708661 -0.708661 0 
vn -0.708661 -0.708661 0 
vn 0 -1 0 
vn 0 -1 0 
vn 0.708661 -0.708661 0 
vn 0.708661 -0.708661 0 
vn -0.708661 -0.708661 0 
vn -0.708661 -0.708661 0 
vn 0.708661 -0.708661 0 
vn 0 -1 0 
vn 0.708661 -0.708661 0 
vn 0 -1 0 
vn 0 -1 0 
vn 0 -1 0 
vn 0.708661 -0.708661 0 
vn 0.708661 -0.708661 0 
vn 1 0 0 
vn 0.708661 0.708661 0 
vn 1 0 0 
vn 0.708661 0.708661 0 
vn 0.708661 -0.708661 0 
vn 0.708661 -0.708661 0 
vn 1 0 0 
vn 0.708661 0.708661 0 
vn 1 0 0 
vn 0.708661 0.708661 0 
vn 0 -1 0 
vn 0 -1 0 
vn 0.708661 -0.708661 0 
vn 0.708661 -0.708661 0 
vn 1 0 0 
vn 0.708661 0.708661 0 
vn 1 0 0 
vn 0.708661 0.708661 0 
vn 0 -1 0 
vn 0 -1 0 
vn 0.708661 -0.708661 0 
vn 0.708661 -0.708661 0 
vn 1 0 0 
vn 0.708661 0.708661 0 
vn 1 0 0 
vn 0.708661 0.708661 0 
vn 0.708661 0.708661 0 
vn 0.708661 0.708661 0 
vn 1 0 0 
vn 1 0 0 
vn 0.708661 -0.708661 0 
vn 0.708661 -0.708661 0 

vt 14.0648 0.935212 
vt 13.9352 0.935212 
vt 14 0.908376 
vt 13.9084 1 
vt 14.0916 1 
vt 14 1.09162 
vt 13.9352 1.06479 
vt 14.0648 1.06479 
vt 13.912 1 
vt 13.9378 0.937807 
vt 14 0.912045 
vt 13.9378 1.06219 
vt 14 1.08795 
vt 14.088 1 
vt 14.0622 1.06219 
vt 13.92 1 
vt 13.9434 0.943429 
vt 14 1.08 
vt 14.0566 0.943429 
vt 14 1.08 
vt 14.08 1 
vt 14 0.908376 
vt 14 0.908376 
vt 13.9352 1.06479 
vt 14.0648 0.935212 
vt 14.0648 1.06479 
vt 13.912 1 
vt 13.9378 0.937807 
vt 14 0.912045 
vt 13.9378 1.06219 
vt 14 1.08795 
vt 14.088 1 
vt 14.0622 1.06219 
vt 13.9484 1.05158 
vt 14.0516 1.05158 
vt 14.0516 0.94842 
vt 14.0622 0.937807 
vt 13.9378 0.937807 
vt 14 0.912045 
vt 14.088 1 
vt 13.912 1 
vt 13.9378 1.06219 
vt 14.0622 1.06219 
vt 14 1.08795 
vt 14.0622 0.937807 
vt 13.9378 0.937807 
vt 14 0.912045 
vt 14.088 1 
vt 13.912 1 
vt 13.9378 1.06219 
vt 14.0622 1.06219 
vt 14 1.08795 
vt 14.0566 1.05657 
vt 14 0.919996 
vt 14.0566 0.943429 
vt 14.08 1 
vt 14 1.08 
vt 13.9434 1.05657 
vt 13.9434 0.943429 
vt 13.92 1 
vt 14.1911 1.06219 
vt 14.2173 1.06219 
vt 14.1911 1 
vt 14.2173 1 
vt 14.1911 0.937806 
vt 14.2173 0.937806 
vt 14.366 1.08 
vt 14.3982 1.08 
vt 14.366 1.05657 
vt 14.3982 1.05657 
vt 14.366 1 
vt 14.3982 1 
vt 14.3982 0.919996 
vt 14.366 0.943429 
vt 14.366 0.919996 
vt 14.3982 0.943429 
vt 13.8358 1.06479 
vt 13.8702 1.06479 
vt 13.8358 1 
vt 13.8702 1 
vt 13.8358 0.935212 
vt 13.8702 0.935212 
vt 14.075 1.06219 
vt 14.1012 1.06219 
vt 14.075 1 
vt 14.1012 1 
vt 14.075 0.937806 
vt 14.1012 0.937806 
vt 13.6719 1 
vt 13.6018 1.05158 
vt 13.6018 1 
vt 13.6719 1.05158 
vt 13.6719 0.94842 
vt 13.6018 0.94842 
vt 13.8089 0.937807 
vt 13.8089 1 
vt 13.7827 0.937807 
vt 13.7827 1 
vt 13.7827 0.912045 
vt 13.8089 1.06219 
vt 13.8089 0.912045 
vt 13.7827 1.06219 
vt 13.634 0.943429 
vt 13.634 1 
vt 13.6018 0.943429 
vt 13.6018 1 
vt 13.634 1.05657 
vt 13.6018 1.05657 
vt 14.1642 0.935212 
vt 14.1642 1 
vt 14.1298 0.935212 
vt 14.1298 1 
vt 14.1298 0.908376 
vt 14.1642 1.06479 
vt 14.1642 0.908376 
vt 14.1298 1.06479 
vt 13.925 0.937807 
vt 13.925 1 
vt 13.8988 0.937807 
vt 13.8988 1 
vt 13.8988 0.912045 
vt 13.925 1.06219 
vt 13.925 0.912045 
vt 13.8988 1.06219 
vt 14.3982 1.05158 
vt 14.3281 1.05158 
vt 14.3281 1.05158 
vt 14.3982 1 
vt 14.3281 1 
vt 14.3982 0.94842 
vt 14.3281 0.94842 
vt 13.9434 0.943429 
vt 13.9434 1.05657 
vt 13.92 1 
vt 14 0.919996 
vt 14 1.08 
vt 14.0566 1.05657 
vt 14.0566 0.943429 
vt 14.08 1 
vt 13.9378 0.937807 
vt 14.088 1 
vt 13.912 1 
vt 13.9378 1.06219 
vt 14.0622 0.937807 
vt 14 0.912045 
vt 14.0622 1.06219 
vt 14 1.08795 
vt 13.9378 0.937807 
vt 14.088 1 
vt 13.912 1 
vt 13.9378 1.06219 
vt 14.0622 0.937807 
vt 14 0.912045 
vt 14.0622 1.06219 
vt 14 1.08795 
vt 14.088 1 
vt 14 0.912045 
vt 14.0622 1.06219 
vt 13.9378 0.937807 
vt 14 1.08795 
vt 13.912 1 
vt 13.9378 1.06219 
vt 14.08 1 
vt 14.0566 0.943429 
vt 13.9434 0.943429 
vt 14 1.08 
vt 13.92 1 
vt 14.0648 0.935212 
vt 14 0.908376 
vt 14.0648 1.06479 
vt 13.9352 1.06479 
vt 14.088 1 
vt 14 0.912045 
vt 14.0622 1.06219 
vt 13.9378 0.937807 
vt 14 1.08795 
vt 13.912 1 
vt 13.9378 1.06219 
vt 14.0516 1.05158 
vt 13.9484 1.05158 
vt 13.9484 0.94842 
vt 13.9352 0.935212 
vt 14.0648 0.935212 
vt 13.9084 1 
vt 14 0.908376 
vt 14.0916 1 
vt 14 1.09162 
vt 13.9352 1.06479 
vt 14.0648 1.06479 
vt 13.9484 0.94842 
vt 14.0516 0.94842 
vt 13.9271 1 
vt 14 0.927055 
vt 14.0729 1 
vt 14.0516 1.05158 
vt 13.9484 1.05158 
vt 14 1.07295 
vt 13.8089 1.06219 
vt 13.7827 1.06219 
vt 13.7827 1 
vt 13.8089 1 
vt 13.7827 0.937806 
vt 13.8089 0.937806 
vt 13.634 1.05657 
vt 13.6018 1.05657 
vt 13.6018 1 
vt 13.634 1 
vt 13.6018 0.943429 
vt 13.634 0.943429 
vt 14.1642 1.06479 
vt 14.1298 1.06479 
vt 14.1298 1 
vt 14.1642 1 
vt 14.1298 0.935212 
vt 14.1642 0.935212 
vt 13.925 1.06219 
vt 13.8988 1.06219 
vt 13.8988 1 
vt 13.925 1 
vt 13.8988 0.937806 
vt 13.925 0.937806 
vt 14.3982 1.05158 
vt 14.3281 1.05158 
vt 14.3281 0.94842 
vt 14.3982 1 
vt 14.3982 0.94842 
vt 14.3281 1 
vt 14.2173 0.912045 
vt 14.1911 0.912045 
vt 14.2173 0.937807 
vt 14.1911 0.937807 
vt 14.2173 1 
vt 14.1911 1.06219 
vt 14.1911 1 
vt 14.2173 1.06219 
vt 14.3982 0.943429 
vt 14.366 0.943429 
vt 14.3982 1 
vt 14.366 1.05657 
vt 14.366 1 
vt 14.3982 1.05657 
vt 13.8702 0.908376 
vt 13.8358 0.908376 
vt 13.8702 0.935212 
vt 13.8358 0.935212 
vt 13.8702 1 
vt 13.8358 1.06479 
vt 13.8358 1 
vt 13.8702 1.06479 
vt 14.1012 0.912045 
vt 14.075 0.912045 
vt 14.1012 0.937807 
vt 14.075 0.937807 
vt 14.1012 1 
vt 14.075 1.06219 
vt 14.075 1 
vt 14.1012 1.06219 
vt 13.6719 1.05158 
vt 13.6018 1.05158 
vt 13.6719 1 
vt 13.6018 1 
vt 13.6719 0.94842 
vt 13.6018 0.94842 

usemtl Meshpart1Mtl

f 4817/4817/4817 4818/4818/4818 4819/4819/4819 
f 4817/4817/4817 4820/4820/4820 4818/4818/4818 
f 4821/4821/4821 4820/4820/4820 4817/4817/4817 
f 4821/4821/4821 4822/4822/4822 4820/4820/4820 
f 4820/4820/4820 4822/4822/4822 4823/4823/4823 
f 4822/4822/4822 4821/4821/4821 4824/4824/4824 
f 4853/4853/4853 4854/4854/4854 4855/4855/4855 
f 4856/4856/4856 4854/4854/4854 4853/4853/4853 
f 4854/4854/4854 4856/4856/4856 4857/4857/4857 
f 4856/4856/4856 4858/4858/4858 4857/4857/4857 
f 4858/4858/4858 4856/4856/4856 4859/4859/4859 
f 4858/4858/4858 4859/4859/4859 4860/4860/4860 
f 4861/4861/4861 4862/4862/4862 4863/4863/4863 
f 4864/4864/4864 4862/4862/4862 4861/4861/4861 
f 4862/4862/4862 4864/4864/4864 4865/4865/4865 
f 4864/4864/4864 4866/4866/4866 4865/4865/4865 
f 4866/4866/4866 4864/4864/4864 4867/4867/4867 
f 4866/4866/4866 4867/4867/4867 4868/4868/4868 
f 4869/4869/4869 4870/4870/4870 4871/4871/4871 
f 4869/4869/4869 4871/4871/4871 4872/4872/4872 
f 4873/4873/4873 4870/4870/4870 4869/4869/4869 
f 4874/4874/4874 4870/4870/4870 4873/4873/4873 
f 4870/4870/4870 4874/4874/4874 4875/4875/4875 
f 4875/4875/4875 4874/4874/4874 4876/4876/4876 
f 4879/4879/4879 4878/4878/4878 4877/4877/4877 
f 4880/4880/4880 4878/4878/4878 4879/4879/4879 
f 4881/4881/4881 4880/4880/4880 4879/4879/4879 
f 4882/4882/4882 4880/4880/4880 4881/4881/4881 
f 4887/4887/4887 4886/4886/4886 4885/4885/4885 
f 4888/4888/4888 4886/4886/4886 4887/4887/4887 
f 4890/4890/4890 4888/4888/4888 4887/4887/4887 
f 4892/4892/4892 4888/4888/4888 4890/4890/4890 
f 4895/4895/4895 4894/4894/4894 4893/4893/4893 
f 4896/4896/4896 4894/4894/4894 4895/4895/4895 
f 4897/4897/4897 4896/4896/4896 4895/4895/4895 
f 4898/4898/4898 4896/4896/4896 4897/4897/4897 
f 4901/4901/4901 4900/4900/4900 4899/4899/4899 
f 4902/4902/4902 4900/4900/4900 4901/4901/4901 
f 4903/4903/4903 4902/4902/4902 4901/4901/4901 
f 4904/4904/4904 4902/4902/4902 4903/4903/4903 
f 4905/4905/4905 4906/4906/4906 4907/4907/4907 
f 4906/4906/4906 4905/4905/4905 4908/4908/4908 
f 4907/4907/4907 4909/4909/4909 4905/4905/4905 
f 4909/4909/4909 4907/4907/4907 4910/4910/4910 
f 4911/4911/4911 4912/4912/4912 4913/4913/4913 
f 4913/4913/4913 4912/4912/4912 4914/4914/4914 
f 4912/4912/4912 4916/4916/4916 4914/4914/4914 
f 4914/4914/4914 4916/4916/4916 4918/4918/4918 
f 4919/4919/4919 4920/4920/4920 4921/4921/4921 
f 4921/4921/4921 4920/4920/4920 4922/4922/4922 
f 4920/4920/4920 4923/4923/4923 4922/4922/4922 
f 4922/4922/4922 4923/4923/4923 4924/4924/4924 
f 4925/4925/4925 4926/4926/4926 4927/4927/4927 
f 4927/4927/4927 4926/4926/4926 4928/4928/4928 
f 4926/4926/4926 4930/4930/4930 4928/4928/4928 
f 4928/4928/4928 4930/4930/4930 4932/4932/4932 
f 4933/4933/4933 4934/4934/4934 4935/4935/4935 
f 4935/4935/4935 4934/4934/4934 4936/4936/4936 
f 4934/4934/4934 4938/4938/4938 4936/4936/4936 
f 4936/4936/4936 4938/4938/4938 4940/4940/4940 
f 4944/4944/4944 4941/4941/4941 4942/4942/4942 
f 4945/4945/4945 4944/4944/4944 4942/4942/4942 
f 4946/4946/4946 4944/4944/4944 4945/4945/4945 
f 4947/4947/4947 4946/4946/4946 4945/4945/4945 
f 4948/4948/4948 4949/4949/4949 4950/4950/4950 
f 4951/4951/4951 4949/4949/4949 4948/4948/4948 
f 4949/4949/4949 4951/4951/4951 4952/4952/4952 
f 4951/4951/4951 4953/4953/4953 4952/4952/4952 
f 4953/4953/4953 4951/4951/4951 4954/4954/4954 
f 4953/4953/4953 4954/4954/4954 4955/4955/4955 
f 4956/4956/4956 4957/4957/4957 4958/4958/4958 
f 4957/4957/4957 4959/4959/4959 4958/4958/4958 
f 4957/4957/4957 4956/4956/4956 4960/4960/4960 
f 4960/4960/4960 4956/4956/4956 4961/4961/4961 
f 4959/4959/4959 4957/4957/4957 4962/4962/4962 
f 4959/4959/4959 4962/4962/4962 4963/4963/4963 
f 4964/4964/4964 4965/4965/4965 4966/4966/4966 
f 4965/4965/4965 4967/4967/4967 4966/4966/4966 
f 4965/4965/4965 4964/4964/4964 4968/4968/4968 
f 4968/4968/4968 4964/4964/4964 4969/4969/4969 
f 4967/4967/4967 4965/4965/4965 4970/4970/4970 
f 4967/4967/4967 4970/4970/4970 4971/4971/4971 
f 4998/4998/4998 4999/4999/4999 5000/5000/5000 
f 4999/4999/4999 4998/4998/4998 5001/5001/5001 
f 5002/5002/5002 5000/5000/5000 4999/4999/4999 
f 5002/5002/5002 5003/5003/5003 5000/5000/5000 
f 5000/5000/5000 5003/5003/5003 5004/5004/5004 
f 5003/5003/5003 5002/5002/5002 5005/5005/5005 
f 5006/5006/5006 5007/5007/5007 5008/5008/5008 
f 5007/5007/5007 5006/5006/5006 5009/5009/5009 
f 5010/5010/5010 5008/5008/5008 5007/5007/5007 
f 5008/5008/5008 5010/5010/5010 5011/5011/5011 
f 5011/5011/5011 5012/5012/5012 5008/5008/5008 
f 5012/5012/5012 5011/5011/5011 5013/5013/5013 
f 5016/5016/5016 5014/5014/5014 5015/5015/5015 
f 5017/5017/5017 5014/5014/5014 5016/5016/5016 
f 5018/5018/5018 5017/5017/5017 5016/5016/5016 
f 5019/5019/5019 5017/5017/5017 5018/5018/5018 
f 5022/5022/5022 5020/5020/5020 5021/5021/5021 
f 5023/5023/5023 5020/5020/5020 5022/5022/5022 
f 5024/5024/5024 5023/5023/5023 5022/5022/5022 
f 5025/5025/5025 5023/5023/5023 5024/5024/5024 
f 5028/5028/5028 5026/5026/5026 5027/5027/5027 
f 5029/5029/5029 5026/5026/5026 5028/5028/5028 
f 5030/5030/5030 5029/5029/5029 5028/5028/5028 
f 5031/5031/5031 5029/5029/5029 5030/5030/5030 
f 5034/5034/5034 5032/5032/5032 5033/5033/5033 
f 5035/5035/5035 5032/5032/5032 5034/5034/5034 
f 5036/5036/5036 5035/5035/5035 5034/5034/5034 
f 5037/5037/5037 5035/5035/5035 5036/5036/5036 
f 5041/5041/5041 5038/5038/5038 5039/5039/5039 
f 5043/5043/5043 5041/5041/5041 5039/5039/5039 
f 5042/5042/5042 5041/5041/5041 5043/5043/5043 
f 5040/5040/5040 5042/5042/5042 5043/5043/5043 
f 5048/5048/5048 5047/5047/5047 5046/5046/5046 
f 5050/5050/5050 5047/5047/5047 5048/5048/5048 
f 5049/5049/5049 5050/5050/5050 5051/5051/5051 
f 5051/5051/5051 5050/5050/5050 5048/5048/5048 
f 5054/5054/5054 5053/5053/5053 5052/5052/5052 
f 5056/5056/5056 5053/5053/5053 5054/5054/5054 
f 5055/5055/5055 5056/5056/5056 5057/5057/5057 
f 5057/5057/5057 5056/5056/5056 5054/5054/5054 
f 5062/5062/5062 5061/5061/5061 5060/5060/5060 
f 5064/5064/5064 5061/5061/5061 5062/5062/5062 
f 5063/5063/5063 5064/5064/5064 5065/5065/5065 
f 5065/5065/5065 5064/5064/5064 5062/5062/5062 
f 5070/5070/5070 5069/5069/5069 5068/5068/5068 
f 5072/5072/5072 5069/5069/5069 5070/5070/5070 
f 5071/5071/5071 5072/5072/5072 5073/5073/5073 
f 5073/5073/5073 5072/5072/5072 5070/5070/5070 
f 5074/5074/5074 5075/5075/5075 5076/5076/5076 
f 5075/5075/5075 5077/5077/5077 5076/5076/5076 
f 5076/5076/5076 5077/5077/5077 5078/5078/5078 
f 5077/5077/5077 5079/5079/5079 5078/5078/5078 

g Meshpart5

v -339.738 4.2512 -3.94445 
v -339.87 3.93239 -3.94445 
v -339.738 3.98709 -3.94445 
v -339.683 4.11914 -3.94445 
v -339.87 4.30589 -3.94445 
v -340.002 3.98709 -3.94445 
v -340.002 4.2512 -3.94445 
v -340.057 4.11914 -3.94445 
v -339.738 3.98709 -3.94445 
v -340.002 4.2512 -3.94445 
v -339.567 4.09009 -3.85189 
v -339.417 4.35081 -3.85189 
v -339.637 4.18149 -3.85189 
v -339.417 4.35081 -10.0435 
v -339.531 4.36585 -3.85189 
v -339.622 4.29571 -3.85189 
v -339.531 4.36585 -10.0435 
v -339.622 4.29571 -10.0435 
v -340.277 4.12669 -10.0492 
v -340.394 3.97887 -10.0492 
v -340.253 4.50237 -10.0492 
v -339.878 4.52641 -10.0492 
v -339.73 4.64263 -10.0492 
v -339.638 4.5725 -10.0492 
v -339.548 4.12285 -10.0435 
v -340.151 3.96148 -9.93363 
v -340.151 3.96148 -10.0492 
v -340.219 3.90897 -10.0492 
v -340.219 3.90897 -9.93363 
v -340.305 3.92023 -10.0492 
v -340.305 3.92023 -9.93363 
v -340.067 4.31624 -9.93363 
v -340.067 4.31624 -10.0492 
v -340.147 4.28323 -10.0492 
v -340.147 4.28323 -9.93363 
v -340.227 4.31624 -10.0492 
v -340.227 4.31624 -9.93363 
v -339.798 4.38838 -9.93363 
v -339.798 4.38838 -10.0492 
v -339.866 4.44089 -10.0492 
v -339.712 4.39964 -9.93363 
v -339.712 4.39964 -10.0492 
v -339.866 4.44089 -9.93363 
v -339.548 4.12285 -10.0435 
v -339.601 4.19128 -10.0435 
v -339.548 4.12285 -9.93363 
v -339.463 4.11159 -10.0435 
v -339.59 4.2768 -9.93363 
v -339.463 4.11159 -9.93363 
v -339.394 4.1641 -10.0435 
v -339.394 4.1641 -9.93363 
v -339.673 3.76267 -10.0435 
v -339.673 3.76266 -9.93363 
v -339.593 3.72966 -10.0435 
v -339.593 3.72966 -9.93363 
v -339.514 3.76267 -10.0435 
v -339.514 3.76266 -9.93363 
v -340.069 3.6847 -10.0435 
v -339.915 3.64345 -10.0435 
v -340.069 3.68469 -9.93363 
v -339.915 3.64344 -9.93363 
v -340.001 3.63219 -10.0435 
v -340.001 3.63219 -9.93363 
v -339.756 4.00468 -9.91975 
v -339.985 4.2336 -9.91975 
v -339.756 4.00468 -9.83755 
v -339.756 4.00468 -9.91975 
v -339.87 3.95727 -9.83755 
v -339.87 3.95727 -9.91975 
v -339.985 4.00468 -9.83755 
v -339.985 4.00468 -9.91975 
v -340.057 4.11914 -3.94445 
v -340.057 4.11914 -9.91975 
v -340.002 4.2512 -3.94445 
v -340.002 4.2512 -9.91975 
v -339.87 4.30589 -3.94445 
v -339.87 4.30589 -9.91975 
v -339.738 4.2512 -3.94445 
v -339.738 4.2512 -9.91975 
v -340.379 4.09309 -10.0492 
v -340.379 4.09309 -3.85761 
v -340.173 4.14819 -3.85761 
v -340.287 4.16323 -10.0492 
v -340.173 4.14819 -10.0492 
v -340.287 4.16323 -3.85761 
v -339.7 3.94879 -3.85189 
v -339.7 3.94879 -10.0435 
v -339.487 3.94879 -3.85189 
v -339.593 3.99288 -3.85189 
v -339.487 3.94879 -10.0435 
v -339.593 3.99288 -10.0435 
v -340.047 3.8714 -10.0435 
v -340.047 3.87141 -3.85189 
v -339.932 3.88644 -3.85189 
v -339.932 3.88644 -10.0435 
v -339.841 3.81631 -3.85189 
v -339.841 3.81631 -10.0435 
v -340.253 4.50236 -3.85761 
v -340.253 4.50237 -10.0492 
v -340.04 4.28949 -3.85761 
v -340.147 4.54645 -10.0492 
v -340.147 4.54645 -3.85761 
v -339.996 4.39593 -10.0492 
v -340.04 4.50236 -10.0492 
v -340.04 4.50236 -3.85761 
v -339.844 4.6276 -3.85761 
v -339.844 4.6276 -10.0492 
v -339.73 4.64263 -3.85761 
v -339.914 4.5362 -10.0492 
v -339.73 4.64263 -10.0492 
v -339.638 4.5725 -3.85761 
v -339.638 4.5725 -10.0492 
v -339.738 3.98709 -3.94445 
v -340.002 4.2512 -3.94445 
v -339.453 4.07505 -10.0435 
v -339.567 4.09009 -3.85189 
v -339.567 4.09009 -10.0435 
v -339.637 4.18149 -3.85189 
v -339.637 4.18149 -10.0435 
v -339.622 4.29571 -3.85189 
v -339.622 4.29571 -10.0435 
v -340.323 3.88747 -10.0492 
v -340.277 4.12669 -10.0492 
v -340.394 3.97887 -10.0492 
v -340.253 4.50237 -10.0492 
v -339.878 4.52641 -10.0492 
v -339.73 4.64263 -10.0492 
v -339.874 3.79739 -10.0435 
v -340.151 3.96148 -9.93363 
v -340.139 4.047 -9.93363 
v -340.151 3.96148 -10.0492 
v -340.139 4.047 -10.0492 
v -340.192 4.11543 -9.93363 
v -340.192 4.11543 -10.0492 
v -340.067 4.31624 -9.93363 
v -340.067 4.31624 -10.0492 
v -340.034 4.39593 -10.0492 
v -340.034 4.39593 -9.93363 
v -340.067 4.47562 -10.0492 
v -340.067 4.47562 -9.93363 
v -340.147 4.50863 -9.93363 
v -339.798 4.38838 -9.93363 
v -339.712 4.39964 -9.93363 
v -339.712 4.39964 -10.0492 
v -339.66 4.46807 -10.0492 
v -339.66 4.46807 -9.93363 
v -339.671 4.55359 -10.0492 
v -339.671 4.55359 -9.93363 
v -339.74 4.6061 -9.93363 
v -339.74 4.60609 -10.0492 
v -339.463 4.11159 -10.0435 
v -339.394 4.1641 -10.0435 
v -339.394 4.1641 -9.93363 
v -339.383 4.24962 -10.0435 
v -339.436 4.31805 -10.0435 
v -339.383 4.24962 -9.93363 
v -339.436 4.31805 -9.93363 
v -339.514 3.92205 -10.0435 
v -339.514 3.76267 -10.0435 
v -339.514 3.92204 -9.93363 
v -339.481 3.84236 -10.0435 
v -339.481 3.84235 -9.93363 
v -339.514 3.76266 -9.93363 
v -339.874 3.79739 -9.93363 
v -339.874 3.79739 -10.0435 
v -339.863 3.71188 -10.0435 
v -339.863 3.71187 -9.93363 
v -339.915 3.64345 -10.0435 
v -339.915 3.64344 -9.93363 
v -339.756 4.00468 -9.91975 
v -339.985 4.2336 -9.91975 
v -339.756 4.2336 -9.83755 
v -339.756 4.2336 -9.91975 
v -339.708 4.11914 -9.83755 
v -339.708 4.11914 -9.91975 
v -339.756 4.00468 -9.83755 
v -339.756 4.00468 -9.91975 
v -340.002 3.98709 -9.91975 
v -340.002 3.98709 -3.94445 
v -340.057 4.11914 -3.94445 
v -340.057 4.11914 -9.91975 
v -340.002 4.2512 -3.94445 
v -340.002 4.2512 -9.91975 
v -340.323 3.88747 -3.85761 
v -340.323 3.88747 -10.0492 
v -340.394 3.97887 -3.85761 
v -340.394 3.97887 -10.0492 
v -340.379 4.09309 -10.0492 
v -340.379 4.09309 -3.85761 
v -340.287 4.16323 -3.85761 
v -339.7 3.73592 -10.0435 
v -339.7 3.73592 -3.85189 
v -339.487 3.73592 -3.85189 
v -339.744 3.84235 -3.85189 
v -339.744 3.84236 -10.0435 
v -339.7 3.94879 -3.85189 
v -339.7 3.94879 -10.0435 
v -339.593 3.99288 -3.85189 
v -340.102 3.66578 -10.0435 
v -340.102 3.66578 -3.85189 
v -340.117 3.78 -3.85189 
v -340.117 3.78 -10.0435 
v -340.047 3.8714 -10.0435 
v -340.01 3.59565 -3.85189 
v -340.047 3.87141 -3.85189 
v -339.932 3.88644 -3.85189 
v -340.297 4.39593 -3.85761 
v -340.253 4.28949 -10.0492 
v -340.253 4.28949 -3.85761 
v -340.297 4.39593 -10.0492 
v -340.253 4.50236 -3.85761 
v -340.253 4.50237 -10.0492 
v -339.844 4.6276 -3.85761 
v -339.844 4.6276 -10.0492 
v -339.914 4.5362 -3.85761 
v -339.914 4.5362 -10.0492 
v -339.899 4.42197 -10.0492 
v -339.899 4.42197 -3.85761 
v -340.139 4.047 -10.0492 
v -340.118 3.94257 -10.0492 
v -340.151 3.96148 -10.0492 
v -340.209 3.87243 -10.0492 
v -340.103 4.05679 -10.0492 
v -340.219 3.90897 -10.0492 
v -340.173 4.14819 -10.0492 
v -340.323 3.88747 -10.0492 
v -340.192 4.11543 -10.0492 
v -340.305 3.92023 -10.0492 
v -340.277 4.12669 -10.0492 
v -340.357 3.98866 -10.0492 
v -340.287 4.16323 -10.0492 
v -340.394 3.97887 -10.0492 
v -340.346 4.07418 -10.0492 
v -340.379 4.09309 -10.0492 
v -340.04 4.28949 -10.0492 
v -340.147 4.28323 -10.0492 
v -340.067 4.31624 -10.0492 
v -340.147 4.2454 -10.0492 
v -339.996 4.39593 -10.0492 
v -340.253 4.28949 -10.0492 
v -340.034 4.39593 -10.0492 
v -340.227 4.31624 -10.0492 
v -340.04 4.50236 -10.0492 
v -340.26 4.39593 -10.0492 
v -340.067 4.47562 -10.0492 
v -340.297 4.39593 -10.0492 
v -340.147 4.50862 -10.0492 
v -340.253 4.50237 -10.0492 
v -340.147 4.54645 -10.0492 
v -340.227 4.47562 -10.0492 
v -339.798 4.38838 -10.0492 
v -339.899 4.42197 -10.0492 
v -339.866 4.44089 -10.0492 
v -339.914 4.5362 -10.0492 
v -339.808 4.35184 -10.0492 
v -339.878 4.52641 -10.0492 
v -339.712 4.39964 -10.0492 
v -339.844 4.6276 -10.0492 
v -339.693 4.36688 -10.0492 
v -339.825 4.59484 -10.0492 
v -339.66 4.46807 -10.0492 
v -339.73 4.64263 -10.0492 
v -339.623 4.45828 -10.0492 
v -339.74 4.60609 -10.0492 
v -339.671 4.55359 -10.0492 
v -339.638 4.5725 -10.0492 
v -339.637 4.18149 -10.0435 
v -339.548 4.12285 -10.0435 
v -339.567 4.09009 -10.0435 
v -339.453 4.07505 -10.0435 
v -339.601 4.19128 -10.0435 
v -339.463 4.11159 -10.0435 
v -339.622 4.29571 -10.0435 
v -339.394 4.1641 -10.0435 
v -339.59 4.2768 -10.0435 
v -339.362 4.14519 -10.0435 
v -339.531 4.36585 -10.0435 
v -339.383 4.24962 -10.0435 
v -339.521 4.32931 -10.0435 
v -339.347 4.25941 -10.0435 
v -339.417 4.35081 -10.0435 
v -339.436 4.31805 -10.0435 
v -339.673 3.92204 -10.0435 
v -339.706 3.84236 -10.0435 
v -339.744 3.84236 -10.0435 
v -339.7 3.73592 -10.0435 
v -339.7 3.94879 -10.0435 
v -339.673 3.76267 -10.0435 
v -339.593 3.95505 -10.0435 
v -339.593 3.69183 -10.0435 
v -339.593 3.99288 -10.0435 
v -339.593 3.72966 -10.0435 
v -339.514 3.92205 -10.0435 
v -339.514 3.76267 -10.0435 
v -339.487 3.94879 -10.0435 
v -339.487 3.73592 -10.0435 
v -339.481 3.84236 -10.0435 
v -339.443 3.84236 -10.0435 
v -339.932 3.88644 -10.0435 
v -340.028 3.83864 -10.0435 
v -340.047 3.8714 -10.0435 
v -340.08 3.77021 -10.0435 
v -339.942 3.8499 -10.0435 
v -340.117 3.78 -10.0435 
v -339.874 3.79739 -10.0435 
v -340.069 3.6847 -10.0435 
v -339.841 3.81631 -10.0435 
v -340.102 3.66578 -10.0435 
v -339.863 3.71188 -10.0435 
v -340.01 3.59565 -10.0435 
v -339.826 3.70209 -10.0435 
v -340.001 3.63219 -10.0435 
v -339.896 3.61069 -10.0435 
v -339.915 3.64345 -10.0435 
v -340.151 3.96148 -9.93363 
v -340.139 4.047 -9.93363 
v -340.151 3.96148 -10.0492 
v -340.219 3.90897 -9.93363 
v -340.192 4.11543 -9.93363 
v -340.192 4.11543 -10.0492 
v -340.277 4.12669 -9.93363 
v -340.346 4.07418 -10.0492 
v -340.305 3.92023 -9.93363 
v -340.346 4.07418 -9.93363 
v -340.357 3.98866 -9.93363 
v -340.067 4.31624 -9.93363 
v -340.034 4.39593 -10.0492 
v -340.147 4.28323 -9.93363 
v -340.034 4.39593 -9.93363 
v -340.227 4.31624 -10.0492 
v -340.067 4.47562 -9.93363 
v -340.227 4.31624 -9.93363 
v -340.26 4.39593 -9.93363 
v -340.227 4.47562 -10.0492 
v -340.147 4.50863 -9.93363 
v -340.227 4.47562 -9.93363 
v -339.798 4.38838 -9.93363 
v -339.712 4.39964 -9.93363 
v -339.866 4.44089 -9.93363 
v -339.66 4.46807 -9.93363 
v -339.671 4.55359 -9.93363 
v -339.878 4.52641 -9.93363 
v -339.74 4.6061 -9.93363 
v -339.825 4.59484 -9.93363 
v -339.601 4.19128 -9.93363 
v -339.548 4.12285 -9.93363 
v -339.463 4.11159 -10.0435 
v -339.59 4.2768 -9.93363 
v -339.463 4.11159 -9.93363 
v -339.394 4.1641 -9.93363 
v -339.521 4.32931 -9.93363 
v -339.436 4.31805 -10.0435 
v -339.383 4.24962 -9.93363 
v -339.436 4.31805 -9.93363 
v -339.673 3.92204 -9.93363 
v -339.706 3.84235 -9.93363 
v -339.673 3.76267 -10.0435 
v -339.593 3.95505 -9.93363 
v -339.514 3.92205 -10.0435 
v -339.673 3.76266 -9.93363 
v -339.593 3.72966 -9.93363 
v -339.514 3.92204 -9.93363 
v -339.481 3.84235 -9.93363 
v -339.514 3.76266 -9.93363 
v -339.942 3.8499 -9.93363 
v -340.028 3.83864 -10.0435 
v -339.874 3.79739 -9.93363 
v -339.874 3.79739 -10.0435 
v -340.028 3.83864 -9.93363 
v -340.08 3.77021 -9.93363 
v -340.069 3.6847 -10.0435 
v -339.863 3.71187 -9.93363 
v -340.069 3.68469 -9.93363 
v -339.915 3.64344 -9.93363 
v -340.001 3.63219 -9.93363 
v -339.738 3.98709 -9.91975 
v -339.87 3.93239 -9.91975 
v -339.87 3.95727 -9.91975 
v -340.002 3.98709 -9.91975 
v -339.756 4.00468 -9.91975 
v -339.985 4.00468 -9.91975 
v -339.683 4.11914 -9.91975 
v -340.057 4.11914 -9.91975 
v -339.708 4.11914 -9.91975 
v -340.032 4.11914 -9.91975 
v -339.756 4.2336 -9.91975 
v -339.985 4.2336 -9.91975 
v -339.738 4.2512 -9.91975 
v -340.002 4.2512 -9.91975 
v -339.87 4.28101 -9.91975 
v -339.87 4.30589 -9.91975 
v -339.87 4.28101 -9.83755 
v -339.756 4.2336 -9.83755 
v -339.756 4.2336 -9.91975 
v -339.708 4.11914 -9.83755 
v -339.756 4.00468 -9.83755 
v -339.87 3.95727 -9.83755 
v -339.985 4.00468 -9.83755 
v -339.985 4.00468 -9.91975 
v -340.032 4.11914 -9.83755 
v -340.032 4.11914 -9.91975 
v -339.985 4.2336 -9.83755 
v -339.738 3.98709 -3.94445 
v -340.002 4.2512 -3.94445 
v -339.362 4.14519 -10.0435 
v -339.362 4.14519 -3.85189 
v -339.453 4.07505 -3.85189 
v -339.453 4.07505 -10.0435 
v -339.567 4.09009 -3.85189 
v -339.567 4.09009 -10.0435 
v -339.637 4.18149 -3.85189 
v -339.637 4.18149 -10.0435 
v -340.323 3.88747 -10.0492 
v -340.277 4.12669 -10.0492 
v -339.548 4.12285 -10.0435 
v -339.487 3.73592 -10.0435 
v -339.874 3.79739 -10.0435 
v -340.192 4.11543 -9.93363 
v -340.192 4.11543 -10.0492 
v -340.277 4.12669 -10.0492 
v -340.277 4.12669 -9.93363 
v -340.346 4.07418 -10.0492 
v -340.346 4.07418 -9.93363 
v -340.034 4.39593 -10.0492 
v -340.067 4.47562 -10.0492 
v -340.067 4.47562 -9.93363 
v -340.147 4.50862 -10.0492 
v -340.227 4.47562 -10.0492 
v -340.147 4.50863 -9.93363 
v -340.227 4.47562 -9.93363 
v -339.878 4.52641 -10.0492 
v -339.671 4.55359 -10.0492 
v -339.671 4.55359 -9.93363 
v -339.878 4.52641 -9.93363 
v -339.825 4.59484 -10.0492 
v -339.74 4.6061 -9.93363 
v -339.74 4.60609 -10.0492 
v -339.825 4.59484 -9.93363 
v -339.59 4.2768 -10.0435 
v -339.59 4.2768 -9.93363 
v -339.521 4.32931 -10.0435 
v -339.521 4.32931 -9.93363 
v -339.436 4.31805 -10.0435 
v -339.383 4.24962 -9.93363 
v -339.436 4.31805 -9.93363 
v -339.673 3.92204 -9.93363 
v -339.673 3.92204 -10.0435 
v -339.593 3.95505 -10.0435 
v -339.593 3.95505 -9.93363 
v -339.514 3.92205 -10.0435 
v -339.514 3.92204 -9.93363 
v -339.942 3.8499 -9.93363 
v -340.028 3.83864 -10.0435 
v -339.942 3.8499 -10.0435 
v -339.874 3.79739 -9.93363 
v -339.874 3.79739 -10.0435 
v -340.028 3.83864 -9.93363 
v -339.756 4.00468 -9.91975 
v -339.985 4.2336 -9.91975 
v -339.87 4.28101 -9.83755 
v -339.985 4.2336 -9.91975 
v -339.87 4.28101 -9.91975 
v -339.756 4.2336 -9.83755 
v -339.756 4.2336 -9.91975 
v -339.985 4.2336 -9.83755 
v -340.002 3.98709 -9.91975 
v -340.002 3.98709 -3.94445 
v -340.057 4.11914 -3.94445 
v -339.87 3.93239 -9.91975 
v -339.87 3.93239 -3.94445 
v -339.738 3.98709 -9.91975 
v -339.738 3.98709 -3.94445 
v -340.323 3.88747 -3.85761 
v -340.209 3.87243 -10.0492 
v -340.209 3.87243 -3.85761 
v -340.323 3.88747 -10.0492 
v -340.118 3.94257 -10.0492 
v -340.394 3.97887 -3.85761 
v -340.118 3.94257 -3.85761 
v -340.379 4.09309 -3.85761 
v -339.593 3.69183 -3.85189 
v -339.7 3.73592 -10.0435 
v -339.593 3.69183 -10.0435 
v -339.7 3.73592 -3.85189 
v -339.487 3.73592 -3.85189 
v -339.487 3.73592 -10.0435 
v -340.102 3.66578 -10.0435 
v -340.102 3.66578 -3.85189 
v -340.01 3.59565 -10.0435 
v -340.01 3.59565 -3.85189 
v -339.896 3.61069 -3.85189 
v -339.932 3.88644 -3.85189 
v -339.896 3.61069 -10.0435 
v -339.841 3.81631 -10.0435 
v -340.253 4.28949 -10.0492 
v -340.253 4.28949 -3.85761 
v -340.147 4.2454 -3.85761 
v -340.147 4.2454 -10.0492 
v -340.04 4.28949 -10.0492 
v -340.04 4.28949 -3.85761 
v -339.996 4.39593 -10.0492 
v -339.899 4.42197 -10.0492 
v -339.899 4.42197 -3.85761 
v -339.808 4.35184 -3.85761 
v -339.808 4.35184 -10.0492 
v -339.693 4.36688 -3.85761 
v -339.693 4.36688 -10.0492 
v -339.738 3.98709 -3.94445 
v -340.002 4.2512 -3.94445 
v -339.362 4.14519 -10.0435 
v -339.362 4.14519 -3.85189 
v -339.453 4.07505 -3.85189 
v -339.453 4.07505 -10.0435 
v -339.347 4.25941 -10.0435 
v -339.567 4.09009 -3.85189 
v -339.347 4.25941 -3.85189 
v -339.417 4.35081 -3.85189 
v -339.417 4.35081 -10.0435 
v -339.878 4.52641 -10.0492 
v -339.638 4.5725 -10.0492 
v -339.548 4.12285 -10.0435 
v -339.487 3.73592 -10.0435 
v -339.874 3.79739 -10.0435 
v -340.305 3.92023 -10.0492 
v -340.346 4.07418 -10.0492 
v -340.305 3.92023 -9.93363 
v -340.346 4.07418 -9.93363 
v -340.357 3.98866 -9.93363 
v -340.357 3.98866 -10.0492 
v -340.227 4.31624 -10.0492 
v -340.227 4.31624 -9.93363 
v -340.26 4.39593 -10.0492 
v -340.26 4.39593 -9.93363 
v -340.227 4.47562 -10.0492 
v -340.227 4.47562 -9.93363 
v -339.798 4.38838 -9.93363 
v -339.798 4.38838 -10.0492 
v -339.866 4.44089 -10.0492 
v -339.712 4.39964 -10.0492 
v -339.866 4.44089 -9.93363 
v -339.878 4.52641 -10.0492 
v -339.878 4.52641 -9.93363 
v -339.825 4.59484 -10.0492 
v -339.74 4.60609 -10.0492 
v -339.825 4.59484 -9.93363 
v -339.601 4.19128 -9.93363 
v -339.548 4.12285 -10.0435 
v -339.601 4.19128 -10.0435 
v -339.59 4.2768 -10.0435 
v -339.548 4.12285 -9.93363 
v -339.59 4.2768 -9.93363 
v -339.673 3.92204 -9.93363 
v -339.706 3.84236 -10.0435 
v -339.673 3.92204 -10.0435 
v -339.706 3.84235 -9.93363 
v -339.673 3.76267 -10.0435 
v -339.673 3.76266 -9.93363 
v -340.028 3.83864 -10.0435 
v -340.028 3.83864 -9.93363 
v -340.08 3.77021 -10.0435 
v -340.08 3.77021 -9.93363 
v -340.069 3.6847 -10.0435 
v -340.069 3.68469 -9.93363 
v -339.756 4.00468 -9.91975 
v -339.985 4.2336 -9.91975 
v -339.985 4.2336 -9.91975 
v -339.985 4.00468 -9.83755 
v -339.985 4.00468 -9.91975 
v -340.032 4.11914 -9.83755 
v -340.032 4.11914 -9.91975 
v -339.985 4.2336 -9.83755 
v -339.738 3.98709 -9.91975 
v -339.738 3.98709 -3.94445 
v -339.87 4.30589 -3.94445 
v -339.683 4.11914 -3.94445 
v -339.683 4.11914 -9.91975 
v -339.738 4.2512 -3.94445 
v -339.738 4.2512 -9.91975 
v -340.118 3.94257 -10.0492 
v -340.118 3.94257 -3.85761 
v -340.103 4.05679 -3.85761 
v -340.103 4.05679 -10.0492 
v -340.173 4.14819 -3.85761 
v -340.173 4.14819 -10.0492 
v -340.287 4.16323 -3.85761 
v -339.487 3.73592 -3.85189 
v -339.487 3.73592 -10.0435 
v -339.443 3.84235 -3.85189 
v -339.443 3.84236 -10.0435 
v -339.487 3.94879 -3.85189 
v -339.593 3.99288 -3.85189 
v -339.487 3.94879 -10.0435 
v -340.01 3.59565 -3.85189 
v -339.896 3.61069 -3.85189 
v -339.932 3.88644 -3.85189 
v -339.896 3.61069 -10.0435 
v -339.826 3.70209 -10.0435 
v -339.841 3.81631 -3.85189 
v -339.826 3.70209 -3.85189 
v -339.841 3.81631 -10.0435 
v -340.04 4.28949 -10.0492 
v -340.04 4.28949 -3.85761 
v -339.996 4.39593 -3.85761 
v -339.996 4.39593 -10.0492 
v -340.04 4.50236 -10.0492 
v -340.04 4.50236 -3.85761 
v -339.844 4.6276 -3.85761 
v -339.73 4.64263 -10.0492 
v -339.638 4.5725 -3.85761 
v -339.638 4.5725 -10.0492 
v -339.623 4.45828 -10.0492 
v -339.623 4.45828 -3.85761 
v -339.693 4.36688 -3.85761 
v -339.693 4.36688 -10.0492 

vn 0 0 1 
vn 0 0 1 
vn 0 0 1 
vn 0 0 1 
vn 0 0 1 
vn 0 0 1 
vn 0 0 1 
vn 0 0 1 
vn 0 0 1 
vn 0 0 1 
vn -0.496063 -0.866142 0 
vn 0.496063 0.866142 0 
vn -0.968504 -0.259843 0 
vn 0.496063 0.866142 0 
vn -0.259843 0.968504 0 
vn -0.866142 0.496063 0 
vn -0.259843 0.968504 0 
vn -0.866142 0.496063 0 
vn 0 0 -1 
vn 0 0 -1 
vn 0 0 -1 
vn 0 0 -1 
vn 0 0 -1 
vn 0 0 -1 
vn 0 0 -1 
vn -0.669291 0.385827 -0.629921 
vn -0.866142 0.496063 0 
vn -0.259843 0.968504 0 
vn -0.19685 0.748031 -0.629921 
vn 0.496063 0.866142 0 
vn 0.385827 0.669291 -0.629921 
vn -0.551181 0.551181 -0.629921 
vn -0.708661 0.708661 0 
vn 0 1 0 
vn 0 0.779528 -0.629921 
vn 0.708661 0.708661 0 
vn 0.551181 0.551181 -0.629921 
vn 0.19685 0.748031 -0.629921 
vn 0.259843 0.968504 0 
vn 0.866142 0.496063 0 
vn -0.385827 0.669291 -0.629921 
vn -0.496063 0.866142 0 
vn 0.669291 0.385827 -0.629921 
vn 0.496063 0.866142 0 
vn 0.968504 0.259843 0 
vn 0.385827 0.669291 -0.629921 
vn -0.259843 0.968504 0 
vn 0.669291 -0.385827 -0.629921 
vn -0.19685 0.748031 -0.629921 
vn -0.866142 0.496063 0 
vn -0.669291 0.385827 -0.629921 
vn 0.708661 0.708661 0 
vn 0.551181 0.551181 -0.629921 
vn 0 1 0 
vn 0 0.779528 -0.629921 
vn -0.708661 0.708661 0 
vn -0.551181 0.551181 -0.629921 
vn 0.866142 0.496063 0 
vn -0.496063 0.866142 0 
vn 0.669291 0.385827 -0.629921 
vn -0.385827 0.669291 -0.629921 
vn 0.259843 0.968504 0 
vn 0.19685 0.748031 -0.629921 
vn 0 0 -1 
vn 0 0 -1 
vn -0.551181 0.551181 -0.629921 
vn -0.708661 0.708661 0 
vn 0 0.779528 -0.629921 
vn 0 1 0 
vn 0.551181 0.551181 -0.629921 
vn 0.708661 0.708661 0 
vn -1 0 0 
vn -1 0 0 
vn -0.708661 0.708661 0 
vn -0.708661 0.708661 0 
vn 0 1 0 
vn 0 1 0 
vn 0.708661 0.708661 0 
vn 0.708661 0.708661 0 
vn -0.866142 0.496063 0 
vn -0.866142 0.496063 0 
vn 0.496063 0.866142 0 
vn -0.259843 0.968504 0 
vn 0.496063 0.866142 0 
vn -0.259843 0.968504 0 
vn -0.708661 0.708661 0 
vn -0.708661 0.708661 0 
vn 0.708661 0.708661 0 
vn 0 1 0 
vn 0.708661 0.708661 0 
vn 0 1 0 
vn -0.496063 0.866142 0 
vn -0.496063 0.866142 0 
vn 0.259843 0.968504 0 
vn 0.259843 0.968504 0 
vn 0.866142 0.496063 0 
vn 0.866142 0.496063 0 
vn -0.708661 0.708661 0 
vn -0.708661 0.708661 0 
vn 0.708661 -0.708661 0 
vn 0 1 0 
vn 0 1 0 
vn 1 0 0 
vn 0.708661 0.708661 0 
vn 0.708661 0.708661 0 
vn -0.496063 0.866142 0 
vn -0.496063 0.866142 0 
vn 0.259843 0.968504 0 
vn -0.968504 0.259843 0 
vn 0.259843 0.968504 0 
vn 0.866142 0.496063 0 
vn 0.866142 0.496063 0 
vn 0 0 1 
vn 0 0 1 
vn 0.259843 -0.968504 0 
vn -0.496063 -0.866142 0 
vn -0.496063 -0.866142 0 
vn -0.968504 -0.259843 0 
vn -0.968504 -0.259843 0 
vn -0.866142 0.496063 0 
vn -0.866142 0.496063 0 
vn 0 0 -1 
vn 0 0 -1 
vn 0 0 -1 
vn 0 0 -1 
vn 0 0 -1 
vn 0 0 -1 
vn 0 0 -1 
vn -0.669291 0.385827 -0.629921 
vn -0.748031 -0.19685 -0.629921 
vn -0.866142 0.496063 0 
vn -0.968504 -0.259843 0 
vn -0.385827 -0.669291 -0.629921 
vn -0.496063 -0.866142 0 
vn -0.551181 0.551181 -0.629921 
vn -0.708661 0.708661 0 
vn -1 0 0 
vn -0.779528 0 -0.629921 
vn -0.708661 -0.708661 0 
vn -0.551181 -0.551181 -0.629921 
vn 0 -0.779528 -0.629921 
vn 0.19685 0.748031 -0.629921 
vn -0.385827 0.669291 -0.629921 
vn -0.496063 0.866142 0 
vn -0.968504 0.259843 0 
vn -0.748031 0.19685 -0.629921 
vn -0.866142 -0.496063 0 
vn -0.669291 -0.385827 -0.629921 
vn -0.19685 -0.748031 -0.629921 
vn -0.259843 -0.968504 0 
vn -0.259843 0.968504 0 
vn -0.866142 0.496063 0 
vn -0.669291 0.385827 -0.629921 
vn -0.968504 -0.259843 0 
vn -0.496063 -0.866142 0 
vn -0.748031 -0.19685 -0.629921 
vn -0.385827 -0.669291 -0.629921 
vn -0.708661 -0.708661 0 
vn -0.708661 0.708661 0 
vn -0.551181 -0.551181 -0.629921 
vn -1 0 0 
vn -0.779528 0 -0.629921 
vn -0.551181 0.551181 -0.629921 
vn -0.669291 -0.385827 -0.629921 
vn -0.866142 -0.496063 0 
vn -0.968504 0.259843 0 
vn -0.748031 0.19685 -0.629921 
vn -0.496063 0.866142 0 
vn -0.385827 0.669291 -0.629921 
vn 0 0 -1 
vn 0 0 -1 
vn -0.551181 -0.551181 -0.629921 
vn -0.708661 -0.708661 0 
vn -0.779528 0 -0.629921 
vn -1 0 0 
vn -0.551181 0.551181 -0.629921 
vn -0.708661 0.708661 0 
vn -0.708661 -0.708661 0 
vn -0.708661 -0.708661 0 
vn -1 0 0 
vn -1 0 0 
vn -0.708661 0.708661 0 
vn -0.708661 0.708661 0 
vn -0.496063 -0.866142 0 
vn -0.496063 -0.866142 0 
vn -0.968504 -0.259843 0 
vn -0.968504 -0.259843 0 
vn -0.866142 0.496063 0 
vn -0.866142 0.496063 0 
vn -0.259843 0.968504 0 
vn -0.708661 -0.708661 0 
vn -0.708661 -0.708661 0 
vn 0.708661 -0.708661 0 
vn -1 0 0 
vn -1 0 0 
vn -0.708661 0.708661 0 
vn -0.708661 0.708661 0 
vn 0 1 0 
vn -0.866142 -0.496063 0 
vn -0.866142 -0.496063 0 
vn -0.968504 0.259843 0 
vn -0.968504 0.259843 0 
vn -0.496063 0.866142 0 
vn -0.259843 -0.968504 0 
vn -0.496063 0.866142 0 
vn 0.259843 0.968504 0 
vn -1 0 0 
vn -0.708661 -0.708661 0 
vn -0.708661 -0.708661 0 
vn -1 0 0 
vn -0.708661 0.708661 0 
vn -0.708661 0.708661 0 
vn -0.496063 0.866142 0 
vn -0.496063 0.866142 0 
vn -0.968504 0.259843 0 
vn -0.968504 0.259843 0 
vn -0.866142 -0.496063 0 
vn -0.866142 -0.496063 0 
vn 0 0 -1 
vn 0 0 -1 
vn 0 0 -1 
vn 0 0 -1 
vn 0 0 -1 
vn 0 0 -1 
vn 0 0 -1 
vn 0 0 -1 
vn 0 0 -1 
vn 0 0 -1 
vn 0 0 -1 
vn 0 0 -1 
vn 0 0 -1 
vn 0 0 -1 
vn 0 0 -1 
vn 0 0 -1 
vn 0 0 -1 
vn 0 0 -1 
vn 0 0 -1 
vn 0 0 -1 
vn 0 0 -1 
vn 0 0 -1 
vn 0 0 -1 
vn 0 0 -1 
vn 0 0 -1 
vn 0 0 -1 
vn 0 0 -1 
vn 0 0 -1 
vn 0 0 -1 
vn 0 0 -1 
vn 0 0 -1 
vn 0 0 -1 
vn 0 0 -1 
vn 0 0 -1 
vn 0 0 -1 
vn 0 0 -1 
vn 0 0 -1 
vn 0 0 -1 
vn 0 0 -1 
vn 0 0 -1 
vn 0 0 -1 
vn 0 0 -1 
vn 0 0 -1 
vn 0 0 -1 
vn 0 0 -1 
vn 0 0 -1 
vn 0 0 -1 
vn 0 0 -1 
vn 0 0 -1 
vn 0 0 -1 
vn 0 0 -1 
vn 0 0 -1 
vn 0 0 -1 
vn 0 0 -1 
vn 0 0 -1 
vn 0 0 -1 
vn 0 0 -1 
vn 0 0 -1 
vn 0 0 -1 
vn 0 0 -1 
vn 0 0 -1 
vn 0 0 -1 
vn 0 0 -1 
vn 0 0 -1 
vn 0 0 -1 
vn 0 0 -1 
vn 0 0 -1 
vn 0 0 -1 
vn 0 0 -1 
vn 0 0 -1 
vn 0 0 -1 
vn 0 0 -1 
vn 0 0 -1 
vn 0 0 -1 
vn 0 0 -1 
vn 0 0 -1 
vn 0 0 -1 
vn 0 0 -1 
vn 0 0 -1 
vn 0 0 -1 
vn 0 0 -1 
vn 0 0 -1 
vn 0 0 -1 
vn 0 0 -1 
vn 0 0 -1 
vn 0 0 -1 
vn 0 0 -1 
vn 0 0 -1 
vn 0 0 -1 
vn 0 0 -1 
vn 0 0 -1 
vn 0 0 -1 
vn 0 0 -1 
vn 0 0 -1 
vn 0 0 -1 
vn 0 0 -1 
vn -0.669291 0.385827 -0.629921 
vn -0.748031 -0.19685 -0.629921 
vn -0.866142 0.496063 0 
vn -0.19685 0.748031 -0.629921 
vn -0.385827 -0.669291 -0.629921 
vn -0.496063 -0.866142 0 
vn 0.19685 -0.748031 -0.629921 
vn 0.866142 -0.496063 0 
vn 0.385827 0.669291 -0.629921 
vn 0.669291 -0.385827 -0.629921 
vn 0.748031 0.19685 -0.629921 
vn -0.551181 0.551181 -0.629921 
vn -1 0 0 
vn 0 0.779528 -0.629921 
vn -0.779528 0 -0.629921 
vn 0.708661 0.708661 0 
vn -0.551181 -0.551181 -0.629921 
vn 0.551181 0.551181 -0.629921 
vn 0.779528 0 -0.629921 
vn 0.708661 -0.708661 0 
vn 0 -0.779528 -0.629921 
vn 0.551181 -0.551181 -0.629921 
vn 0.19685 0.748031 -0.629921 
vn -0.385827 0.669291 -0.629921 
vn 0.669291 0.385827 -0.629921 
vn -0.748031 0.19685 -0.629921 
vn -0.669291 -0.385827 -0.629921 
vn 0.748031 -0.19685 -0.629921 
vn -0.19685 -0.748031 -0.629921 
vn 0.385827 -0.669291 -0.629921 
vn 0.748031 0.19685 -0.629921 
vn 0.385827 0.669291 -0.629921 
vn -0.259843 0.968504 0 
vn 0.669291 -0.385827 -0.629921 
vn -0.19685 0.748031 -0.629921 
vn -0.669291 0.385827 -0.629921 
vn 0.19685 -0.748031 -0.629921 
vn -0.496063 -0.866142 0 
vn -0.748031 -0.19685 -0.629921 
vn -0.385827 -0.669291 -0.629921 
vn 0.551181 -0.551181 -0.629921 
vn 0.779528 0 -0.629921 
vn 0.708661 0.708661 0 
vn 0 -0.779528 -0.629921 
vn -0.708661 -0.708661 0 
vn 0.551181 0.551181 -0.629921 
vn 0 0.779528 -0.629921 
vn -0.551181 -0.551181 -0.629921 
vn -0.779528 0 -0.629921 
vn -0.551181 0.551181 -0.629921 
vn -0.19685 -0.748031 -0.629921 
vn 0.496063 -0.866142 0 
vn -0.669291 -0.385827 -0.629921 
vn -0.866142 -0.496063 0 
vn 0.385827 -0.669291 -0.629921 
vn 0.748031 -0.19685 -0.629921 
vn 0.866142 0.496063 0 
vn -0.748031 0.19685 -0.629921 
vn 0.669291 0.385827 -0.629921 
vn -0.385827 0.669291 -0.629921 
vn 0.19685 0.748031 -0.629921 
vn 0 0 -1 
vn 0 0 -1 
vn 0 0 -1 
vn 0 0 -1 
vn 0 0 -1 
vn 0 0 -1 
vn 0 0 -1 
vn 0 0 -1 
vn 0 0 -1 
vn 0 0 -1 
vn 0 0 -1 
vn 0 0 -1 
vn 0 0 -1 
vn 0 0 -1 
vn 0 0 -1 
vn 0 0 -1 
vn 0 -0.779528 -0.629921 
vn -0.551181 -0.551181 -0.629921 
vn -0.708661 -0.708661 0 
vn -0.779528 0 -0.629921 
vn -0.551181 0.551181 -0.629921 
vn 0 0.779528 -0.629921 
vn 0.551181 0.551181 -0.629921 
vn 0.708661 0.708661 0 
vn 0.779528 0 -0.629921 
vn 1 0 0 
vn 0.551181 -0.551181 -0.629921 
vn 0 0 1 
vn 0 0 1 
vn 0.866142 -0.496063 0 
vn 0.866142 -0.496063 0 
vn 0.259843 -0.968504 0 
vn 0.259843 -0.968504 0 
vn -0.496063 -0.866142 0 
vn -0.496063 -0.866142 0 
vn -0.968504 -0.259843 0 
vn -0.968504 -0.259843 0 
vn 0 0 -1 
vn 0 0 -1 
vn 0 0 -1 
vn 0 0 -1 
vn 0 0 -1 
vn -0.385827 -0.669291 -0.629921 
vn -0.496063 -0.866142 0 
vn 0.259843 -0.968504 0 
vn 0.19685 -0.748031 -0.629921 
vn 0.866142 -0.496063 0 
vn 0.669291 -0.385827 -0.629921 
vn -1 0 0 
vn -0.708661 -0.708661 0 
vn -0.551181 -0.551181 -0.629921 
vn 0 -1 0 
vn 0.708661 -0.708661 0 
vn 0 -0.779528 -0.629921 
vn 0.551181 -0.551181 -0.629921 
vn 0.968504 -0.259843 0 
vn -0.866142 -0.496063 0 
vn -0.669291 -0.385827 -0.629921 
vn 0.748031 -0.19685 -0.629921 
vn 0.496063 -0.866142 0 
vn -0.19685 -0.748031 -0.629921 
vn -0.259843 -0.968504 0 
vn 0.385827 -0.669291 -0.629921 
vn 0.866142 -0.496063 0 
vn 0.669291 -0.385827 -0.629921 
vn 0.259843 -0.968504 0 
vn 0.19685 -0.748031 -0.629921 
vn -0.496063 -0.866142 0 
vn -0.748031 -0.19685 -0.629921 
vn -0.385827 -0.669291 -0.629921 
vn 0.551181 -0.551181 -0.629921 
vn 0.708661 -0.708661 0 
vn 0 -1 0 
vn 0 -0.779528 -0.629921 
vn -0.708661 -0.708661 0 
vn -0.551181 -0.551181 -0.629921 
vn -0.19685 -0.748031 -0.629921 
vn 0.496063 -0.866142 0 
vn -0.259843 -0.968504 0 
vn -0.669291 -0.385827 -0.629921 
vn -0.866142 -0.496063 0 
vn 0.385827 -0.669291 -0.629921 
vn 0 0 -1 
vn 0 0 -1 
vn 0 -0.779528 -0.629921 
vn 0.708661 -0.708661 0 
vn 0 -1 0 
vn -0.551181 -0.551181 -0.629921 
vn -0.708661 -0.708661 0 
vn 0.551181 -0.551181 -0.629921 
vn -0.708661 -0.708661 0 
vn -0.708661 -0.708661 0 
vn -1 0 0 
vn 0 -1 0 
vn 0 -1 0 
vn 0.708661 -0.708661 0 
vn 0.708661 -0.708661 0 
vn -0.496063 -0.866142 0 
vn 0.259843 -0.968504 0 
vn 0.259843 -0.968504 0 
vn -0.496063 -0.866142 0 
vn 0.866142 -0.496063 0 
vn -0.968504 -0.259843 0 
vn 0.866142 -0.496063 0 
vn -0.866142 0.496063 0 
vn 0 -1 0 
vn -0.708661 -0.708661 0 
vn 0 -1 0 
vn -0.708661 -0.708661 0 
vn 0.708661 -0.708661 0 
vn 0.708661 -0.708661 0 
vn -0.866142 -0.496063 0 
vn -0.866142 -0.496063 0 
vn -0.259843 -0.968504 0 
vn -0.259843 -0.968504 0 
vn 0.496063 -0.866142 0 
vn 0.259843 0.968504 0 
vn 0.496063 -0.866142 0 
vn 0.866142 0.496063 0 
vn -0.708661 -0.708661 0 
vn -0.708661 -0.708661 0 
vn 0 -1 0 
vn 0 -1 0 
vn 0.708661 -0.708661 0 
vn 0.708661 -0.708661 0 
vn 1 0 0 
vn -0.866142 -0.496063 0 
vn -0.866142 -0.496063 0 
vn -0.259843 -0.968504 0 
vn -0.259843 -0.968504 0 
vn 0.496063 -0.866142 0 
vn 0.496063 -0.866142 0 
vn 0 0 1 
vn 0 0 1 
vn 0.866142 -0.496063 0 
vn 0.866142 -0.496063 0 
vn 0.259843 -0.968504 0 
vn 0.259843 -0.968504 0 
vn 0.968504 0.259843 0 
vn -0.496063 -0.866142 0 
vn 0.968504 0.259843 0 
vn 0.496063 0.866142 0 
vn 0.496063 0.866142 0 
vn 0 0 -1 
vn 0 0 -1 
vn 0 0 -1 
vn 0 0 -1 
vn 0 0 -1 
vn 0.496063 0.866142 0 
vn 0.866142 -0.496063 0 
vn 0.385827 0.669291 -0.629921 
vn 0.669291 -0.385827 -0.629921 
vn 0.748031 0.19685 -0.629921 
vn 0.968504 0.259843 0 
vn 0.708661 0.708661 0 
vn 0.551181 0.551181 -0.629921 
vn 1 0 0 
vn 0.779528 0 -0.629921 
vn 0.708661 -0.708661 0 
vn 0.551181 -0.551181 -0.629921 
vn 0.19685 0.748031 -0.629921 
vn 0.259843 0.968504 0 
vn 0.866142 0.496063 0 
vn -0.496063 0.866142 0 
vn 0.669291 0.385827 -0.629921 
vn 0.968504 -0.259843 0 
vn 0.748031 -0.19685 -0.629921 
vn 0.496063 -0.866142 0 
vn -0.259843 -0.968504 0 
vn 0.385827 -0.669291 -0.629921 
vn 0.748031 0.19685 -0.629921 
vn 0.496063 0.866142 0 
vn 0.968504 0.259843 0 
vn 0.866142 -0.496063 0 
vn 0.385827 0.669291 -0.629921 
vn 0.669291 -0.385827 -0.629921 
vn 0.551181 -0.551181 -0.629921 
vn 1 0 0 
vn 0.708661 -0.708661 0 
vn 0.779528 0 -0.629921 
vn 0.708661 0.708661 0 
vn 0.551181 0.551181 -0.629921 
vn 0.496063 -0.866142 0 
vn 0.385827 -0.669291 -0.629921 
vn 0.968504 -0.259843 0 
vn 0.748031 -0.19685 -0.629921 
vn 0.866142 0.496063 0 
vn 0.669291 0.385827 -0.629921 
vn 0 0 -1 
vn 0 0 -1 
vn 0.708661 -0.708661 0 
vn 0.551181 0.551181 -0.629921 
vn 0.708661 0.708661 0 
vn 0.779528 0 -0.629921 
vn 1 0 0 
vn 0.551181 -0.551181 -0.629921 
vn 0.708661 -0.708661 0 
vn 0.708661 -0.708661 0 
vn 0 1 0 
vn 1 0 0 
vn 1 0 0 
vn 0.708661 0.708661 0 
vn 0.708661 0.708661 0 
vn 0.866142 -0.496063 0 
vn 0.866142 -0.496063 0 
vn 0.968504 0.259843 0 
vn 0.968504 0.259843 0 
vn 0.496063 0.866142 0 
vn 0.496063 0.866142 0 
vn -0.259843 0.968504 0 
vn 0.708661 -0.708661 0 
vn 0.708661 -0.708661 0 
vn 1 0 0 
vn 1 0 0 
vn 0.708661 0.708661 0 
vn 0 1 0 
vn 0.708661 0.708661 0 
vn -0.259843 -0.968504 0 
vn 0.496063 -0.866142 0 
vn 0.259843 0.968504 0 
vn 0.496063 -0.866142 0 
vn 0.968504 -0.259843 0 
vn 0.866142 0.496063 0 
vn 0.968504 -0.259843 0 
vn 0.866142 0.496063 0 
vn 0.708661 -0.708661 0 
vn 0.708661 -0.708661 0 
vn 1 0 0 
vn 1 0 0 
vn 0.708661 0.708661 0 
vn 0.708661 0.708661 0 
vn -0.496063 0.866142 0 
vn 0.259843 0.968504 0 
vn 0.866142 0.496063 0 
vn 0.866142 0.496063 0 
vn 0.968504 -0.259843 0 
vn 0.968504 -0.259843 0 
vn 0.496063 -0.866142 0 
vn 0.496063 -0.866142 0 

vt 26.0165 -2.98349 
vt 26 -3.02334 
vt 26.0165 -3.01651 
vt 26.0233 -3 
vt 26 -2.97666 
vt 25.9835 -3.01651 
vt 25.9835 -2.98349 
vt 25.9767 -3 
vt 25.6242 -3.01651 
vt 25.6242 -2.98349 
vt 25.6127 -3.03785 
vt 25.6127 -3.05667 
vt 25.6127 -3.02909 
vt 26.3866 -3.05667 
vt 25.6127 -3.04239 
vt 25.6127 -3.03097 
vt 26.3866 -3.04239 
vt 26.3866 -3.03097 
vt 26.3873 -2.94909 
vt 26.3873 -2.93456 
vt 26.3873 -2.9521 
vt 26.3873 -2.99906 
vt 26.3873 -3.01753 
vt 26.3873 -3.02896 
vt 26.3866 -3.04022 
vt 26.3729 -2.96494 
vt 26.3873 -2.96494 
vt 26.3873 -2.95638 
vt 26.3729 -2.95638 
vt 26.3873 -2.94569 
vt 26.3729 -2.94569 
vt 26.3729 -2.97536 
vt 26.3873 -2.97536 
vt 26.3873 -2.9654 
vt 26.3729 -2.9654 
vt 26.3873 -2.95544 
vt 26.3729 -2.95544 
vt 26.3729 -3.00902 
vt 26.3873 -3.00902 
vt 26.3873 -3.00046 
vt 26.3729 -3.01971 
vt 26.3873 -3.01971 
vt 26.3729 -3.00046 
vt 26.3866 -3.04022 
vt 26.3866 -3.03365 
vt 26.3729 -3.04022 
vt 26.3866 -3.05091 
vt 26.3729 -3.03506 
vt 26.3729 -3.05091 
vt 26.3866 -3.05946 
vt 26.3729 -3.05946 
vt 26.3866 -3.02464 
vt 26.3729 -3.02464 
vt 26.3866 -3.0346 
vt 26.3729 -3.0346 
vt 26.3866 -3.04456 
vt 26.3729 -3.04456 
vt 26.3866 -2.97514 
vt 26.3866 -2.99438 
vt 26.3729 -2.97514 
vt 26.3729 -2.99438 
vt 26.3866 -2.98369 
vt 26.3729 -2.98369 
vt 26.3711 -3.01431 
vt 26.3711 -2.98569 
vt 26.3609 -3.01431 
vt 26.3711 -3.01431 
vt 26.3609 -3 
vt 26.3711 -3 
vt 26.3609 -2.98569 
vt 26.3711 -2.98569 
vt 25.6242 -2.97666 
vt 26.3711 -2.97666 
vt 25.6242 -2.98349 
vt 26.3711 -2.98349 
vt 25.6242 -3 
vt 26.3711 -3 
vt 25.6242 -3.01651 
vt 26.3711 -3.01651 
vt 26.3873 -2.93644 
vt 25.6134 -2.93644 
vt 25.6134 -2.96215 
vt 26.3873 -2.94787 
vt 26.3873 -2.96215 
vt 25.6134 -2.94787 
vt 25.6127 -3.02129 
vt 26.3866 -3.02129 
vt 25.6127 -3.0479 
vt 25.6127 -3.0346 
vt 26.3866 -3.0479 
vt 26.3866 -3.0346 
vt 26.3866 -2.97793 
vt 25.6127 -2.97793 
vt 25.6127 -2.99221 
vt 26.3866 -2.99221 
vt 25.6127 -3.00363 
vt 26.3866 -3.00363 
vt 25.6134 -2.9521 
vt 26.3873 -2.9521 
vt 25.6134 -2.97871 
vt 26.3873 -2.9654 
vt 25.6134 -2.9654 
vt 26.3873 -2.98422 
vt 26.3873 -2.97871 
vt 25.6134 -2.97871 
vt 25.6134 -3.00326 
vt 26.3873 -3.00326 
vt 25.6134 -3.01753 
vt 26.3873 -2.99449 
vt 26.3873 -3.01753 
vt 25.6134 -3.02896 
vt 26.3873 -3.02896 
vt 26.3758 -3.01651 
vt 26.3758 -2.98349 
vt 25.6134 -3.00551 
vt 26.3873 -3.00363 
vt 25.6134 -3.00363 
vt 26.3873 -2.99221 
vt 25.6134 -2.99221 
vt 26.3873 -2.97793 
vt 25.6134 -2.97793 
vt 25.6127 -3.02896 
vt 25.6127 -2.99906 
vt 25.6127 -3.01753 
vt 25.6127 -2.9521 
vt 25.6127 -2.94909 
vt 25.6127 -2.93456 
vt 25.6134 -3.04022 
vt 25.6271 -3.01971 
vt 25.6271 -3.00902 
vt 25.6127 -3.01971 
vt 25.6127 -3.00902 
vt 25.6271 -3.00046 
vt 25.6127 -3.00046 
vt 25.6271 -2.97536 
vt 25.6127 -2.97536 
vt 25.6127 -2.9654 
vt 25.6271 -2.9654 
vt 25.6127 -2.95544 
vt 25.6271 -2.95544 
vt 25.6271 -2.95131 
vt 25.6271 -2.96635 
vt 25.6271 -2.96494 
vt 25.6127 -2.96494 
vt 25.6127 -2.95638 
vt 25.6271 -2.95638 
vt 25.6127 -2.94569 
vt 25.6271 -2.94569 
vt 25.6271 -2.93913 
vt 25.6127 -2.93913 
vt 25.6134 -3.00094 
vt 25.6134 -2.99438 
vt 25.6271 -2.99438 
vt 25.6134 -2.98369 
vt 25.6134 -2.97514 
vt 25.6271 -2.98369 
vt 25.6271 -2.97514 
vt 25.6134 -3.02464 
vt 25.6134 -3.04456 
vt 25.6271 -3.02464 
vt 25.6134 -3.0346 
vt 25.6271 -3.0346 
vt 25.6271 -3.04456 
vt 25.6271 -3.04022 
vt 25.6134 -3.04022 
vt 25.6134 -3.05091 
vt 25.6271 -3.05091 
vt 25.6134 -3.05946 
vt 25.6271 -3.05946 
vt 25.6289 -3.01431 
vt 25.6289 -2.98569 
vt 25.6391 -2.98569 
vt 25.6289 -2.98569 
vt 25.6391 -3 
vt 25.6289 -3 
vt 25.6391 -3.01431 
vt 25.6289 -3.01431 
vt 25.6289 -3.01651 
vt 26.3758 -3.01651 
vt 26.3758 -3 
vt 25.6289 -3 
vt 26.3758 -2.98349 
vt 25.6289 -2.98349 
vt 26.3866 -3.02896 
vt 25.6127 -3.02896 
vt 26.3866 -3.01753 
vt 25.6127 -3.01753 
vt 25.6127 -3.00326 
vt 26.3866 -3.00326 
vt 26.3866 -2.99449 
vt 25.6134 -3.0479 
vt 26.3873 -3.0479 
vt 26.3873 -3.0479 
vt 26.3873 -3.0346 
vt 25.6134 -3.0346 
vt 26.3873 -3.02129 
vt 25.6134 -3.02129 
vt 26.3873 -3.01578 
vt 25.6134 -3.05667 
vt 26.3873 -3.05667 
vt 26.3873 -3.04239 
vt 25.6134 -3.04239 
vt 25.6134 -3.03097 
vt 26.3873 -3.06544 
vt 26.3873 -3.03097 
vt 26.3873 -3.02909 
vt 26.3866 -2.9654 
vt 25.6127 -2.97871 
vt 26.3866 -2.97871 
vt 25.6127 -2.9654 
vt 26.3866 -2.9521 
vt 25.6127 -2.9521 
vt 26.3866 -2.93644 
vt 25.6127 -2.93644 
vt 26.3866 -2.94787 
vt 25.6127 -2.94787 
vt 25.6127 -2.96215 
vt 26.3866 -2.96215 
vt 26.0337 -3.00902 
vt 26.031 -3.02207 
vt 26.0351 -3.01971 
vt 26.0424 -3.03084 
vt 26.0291 -3.00779 
vt 26.0436 -3.02627 
vt 26.0379 -2.99637 
vt 26.0567 -3.02896 
vt 26.0402 -3.00046 
vt 26.0543 -3.02486 
vt 26.0509 -2.99906 
vt 26.0609 -3.01631 
vt 26.0521 -2.99449 
vt 26.0654 -3.01753 
vt 26.0595 -3.00562 
vt 26.0636 -3.00326 
vt 26.0213 -2.97871 
vt 26.0346 -2.97949 
vt 26.0246 -2.97536 
vt 26.0346 -2.98422 
vt 26.0158 -2.9654 
vt 26.0479 -2.97871 
vt 26.0205 -2.9654 
vt 26.0446 -2.97536 
vt 26.0213 -2.9521 
vt 26.0487 -2.9654 
vt 26.0246 -2.95544 
vt 26.0534 -2.9654 
vt 26.0346 -2.95131 
vt 26.0479 -2.9521 
vt 26.0346 -2.94659 
vt 26.0446 -2.95544 
vt 25.991 -2.96635 
vt 26.0036 -2.96215 
vt 25.9995 -2.95978 
vt 26.0055 -2.94787 
vt 25.9922 -2.97091 
vt 26.0009 -2.94909 
vt 25.9803 -2.96494 
vt 25.9967 -2.93644 
vt 25.9779 -2.96903 
vt 25.9944 -2.94054 
vt 25.9737 -2.95638 
vt 25.9825 -2.93456 
vt 25.9692 -2.95761 
vt 25.9837 -2.93913 
vt 25.9751 -2.94569 
vt 25.971 -2.94333 
vt 25.9709 -2.99221 
vt 25.9598 -2.99954 
vt 25.9621 -3.00363 
vt 25.9479 -3.00551 
vt 25.9663 -2.99098 
vt 25.9491 -3.00094 
vt 25.969 -2.97793 
vt 25.9405 -2.99438 
vt 25.9649 -2.98029 
vt 25.9364 -2.99674 
vt 25.9576 -2.96916 
vt 25.9391 -2.98369 
vt 25.9564 -2.97373 
vt 25.9346 -2.98247 
vt 25.9433 -2.97104 
vt 25.9457 -2.97514 
vt 25.9754 -3.02464 
vt 25.9795 -3.0346 
vt 25.9842 -3.0346 
vt 25.9787 -3.0479 
vt 25.9787 -3.02129 
vt 25.9754 -3.04456 
vt 25.9654 -3.02051 
vt 25.9654 -3.05341 
vt 25.9654 -3.01578 
vt 25.9654 -3.04869 
vt 25.9554 -3.02464 
vt 25.9554 -3.04456 
vt 25.9521 -3.02129 
vt 25.9521 -3.0479 
vt 25.9513 -3.0346 
vt 25.9466 -3.0346 
vt 26.0078 -3.02909 
vt 26.0197 -3.03506 
vt 26.0221 -3.03097 
vt 26.0263 -3.04362 
vt 26.009 -3.03365 
vt 26.0308 -3.04239 
vt 26.0005 -3.04022 
vt 26.0249 -3.05431 
vt 25.9964 -3.03785 
vt 26.029 -3.05667 
vt 25.9991 -3.05091 
vt 26.0175 -3.06544 
vt 25.9945 -3.05213 
vt 26.0163 -3.06087 
vt 26.0033 -3.06356 
vt 26.0056 -3.05946 
vt 26.0351 -3.01971 
vt 26.0337 -3.00902 
vt 26.0351 -3.01971 
vt 26.0436 -3.02627 
vt 26.0402 -3.00046 
vt 26.0402 -3.00046 
vt 26.0509 -2.99906 
vt 26.0595 -3.00562 
vt 26.0543 -3.02486 
vt 26.0595 -3.00562 
vt 26.0609 -3.01631 
vt 26.0246 -2.97536 
vt 26.0205 -2.9654 
vt 26.0346 -2.97949 
vt 26.0205 -2.9654 
vt 26.0446 -2.97536 
vt 26.0246 -2.95544 
vt 26.0446 -2.97536 
vt 26.0487 -2.9654 
vt 26.0446 -2.95544 
vt 26.0346 -2.95131 
vt 26.0446 -2.95544 
vt 25.991 -2.96635 
vt 25.9803 -2.96494 
vt 25.9995 -2.95978 
vt 25.9737 -2.95638 
vt 25.9751 -2.94569 
vt 26.0009 -2.94909 
vt 25.9837 -2.93913 
vt 25.9944 -2.94054 
vt 25.9663 -2.99098 
vt 25.9598 -2.99954 
vt 25.9491 -3.00094 
vt 25.9649 -2.98029 
vt 25.9491 -3.00094 
vt 25.9405 -2.99438 
vt 25.9564 -2.97373 
vt 25.9457 -2.97514 
vt 25.9391 -2.98369 
vt 25.9457 -2.97514 
vt 25.9754 -3.02464 
vt 25.9795 -3.0346 
vt 25.9754 -3.04456 
vt 25.9654 -3.02051 
vt 25.9554 -3.02464 
vt 25.9754 -3.04456 
vt 25.9654 -3.04869 
vt 25.9554 -3.02464 
vt 25.9513 -3.0346 
vt 25.9554 -3.04456 
vt 26.009 -3.03365 
vt 26.0197 -3.03506 
vt 26.0005 -3.04022 
vt 26.0005 -3.04022 
vt 26.0197 -3.03506 
vt 26.0263 -3.04362 
vt 26.0249 -3.05431 
vt 25.9991 -3.05091 
vt 26.0249 -3.05431 
vt 26.0056 -3.05946 
vt 26.0163 -3.06087 
vt 25.9835 -3.01651 
vt 26 -3.02334 
vt 26 -3.02023 
vt 26.0165 -3.01651 
vt 25.9857 -3.01431 
vt 26.0143 -3.01431 
vt 25.9767 -3 
vt 26.0233 -3 
vt 25.9798 -3 
vt 26.0202 -3 
vt 25.9857 -2.98569 
vt 26.0143 -2.98569 
vt 25.9835 -2.98349 
vt 26.0165 -2.98349 
vt 26 -2.97977 
vt 26 -2.97666 
vt 26 -2.97977 
vt 25.9857 -2.98569 
vt 25.9857 -2.98569 
vt 25.9798 -3 
vt 25.9857 -3.01431 
vt 26 -3.02023 
vt 26.0143 -3.01431 
vt 26.0143 -3.01431 
vt 26.0202 -3 
vt 26.0202 -3 
vt 26.0143 -2.98569 
vt 26.3758 -3.01651 
vt 26.3758 -2.98349 
vt 25.6134 -3.06356 
vt 26.3873 -3.06356 
vt 26.3873 -3.05213 
vt 25.6134 -3.05213 
vt 26.3873 -3.03785 
vt 25.6134 -3.03785 
vt 26.3873 -3.02909 
vt 25.6134 -3.02909 
vt 25.6127 -2.94333 
vt 25.6127 -2.94909 
vt 25.6134 -3.04022 
vt 25.6134 -3.0479 
vt 25.6134 -2.99954 
vt 25.6271 -2.95978 
vt 25.6127 -2.95978 
vt 25.6127 -2.94909 
vt 25.6271 -2.94909 
vt 25.6127 -2.94054 
vt 25.6271 -2.94054 
vt 25.6127 -2.97949 
vt 25.6127 -2.97536 
vt 25.6271 -2.97536 
vt 25.6127 -2.9654 
vt 25.6127 -2.95544 
vt 25.6271 -2.9654 
vt 25.6271 -2.95544 
vt 25.6127 -2.99906 
vt 25.6127 -3.02486 
vt 25.6271 -3.02486 
vt 25.6271 -2.99906 
vt 25.6127 -3.00562 
vt 25.6271 -3.01631 
vt 25.6127 -3.01631 
vt 25.6271 -3.00562 
vt 25.6134 -3.03506 
vt 25.6271 -3.03506 
vt 25.6134 -3.04362 
vt 25.6271 -3.04362 
vt 25.6134 -3.05431 
vt 25.6271 -3.06087 
vt 25.6271 -3.05431 
vt 25.6271 -3.02464 
vt 25.6134 -3.02464 
vt 25.6134 -3.0346 
vt 25.6271 -3.0346 
vt 25.6134 -3.04456 
vt 25.6271 -3.04456 
vt 25.6271 -2.99098 
vt 25.6134 -2.98029 
vt 25.6134 -2.99098 
vt 25.6271 -2.99954 
vt 25.6134 -2.99954 
vt 25.6271 -2.98029 
vt 25.6289 -3.01431 
vt 25.6289 -2.98569 
vt 25.6391 -3 
vt 25.6289 -2.98569 
vt 25.6289 -3 
vt 25.6391 -3.01431 
vt 25.6289 -3.01431 
vt 25.6391 -2.98569 
vt 25.6289 -2.98349 
vt 26.3758 -2.98349 
vt 26.3758 -2.97666 
vt 25.6289 -3 
vt 26.3758 -3 
vt 25.6289 -3.01651 
vt 26.3758 -3.01651 
vt 26.3866 -2.94333 
vt 25.6127 -2.95761 
vt 26.3866 -2.95761 
vt 25.6127 -2.94333 
vt 25.6127 -2.96903 
vt 26.3866 -2.93456 
vt 26.3866 -2.96903 
vt 26.3866 -2.93644 
vt 26.3873 -3.0346 
vt 25.6134 -3.02129 
vt 25.6134 -3.0346 
vt 26.3873 -3.02129 
vt 26.3873 -3.0479 
vt 25.6134 -3.0479 
vt 25.6134 -2.97104 
vt 26.3873 -2.97104 
vt 25.6134 -2.98247 
vt 26.3873 -2.98247 
vt 26.3873 -2.99674 
vt 26.3873 -2.99221 
vt 25.6134 -2.99674 
vt 25.6134 -3.00363 
vt 25.6127 -2.9521 
vt 26.3866 -2.9521 
vt 26.3866 -2.9654 
vt 25.6127 -2.9654 
vt 25.6127 -2.97871 
vt 26.3866 -2.97871 
vt 25.6127 -2.98422 
vt 25.6127 -2.99637 
vt 26.3866 -2.99637 
vt 26.3866 -3.00779 
vt 25.6127 -3.00779 
vt 26.3866 -3.02207 
vt 25.6127 -3.02207 
vt 25.6242 -3.01651 
vt 25.6242 -2.98349 
vt 26.3866 -2.99674 
vt 25.6127 -2.99674 
vt 25.6127 -3.00551 
vt 26.3866 -3.00551 
vt 26.3866 -2.98247 
vt 25.6127 -3.00363 
vt 25.6127 -2.98247 
vt 25.6127 -2.97104 
vt 26.3866 -2.97104 
vt 26.3873 -2.94909 
vt 26.3873 -2.94333 
vt 26.3866 -2.99954 
vt 26.3866 -3.0479 
vt 26.3866 -3.04022 
vt 26.3873 -3.02486 
vt 26.3873 -3.00562 
vt 26.3729 -3.02486 
vt 26.3729 -3.00562 
vt 26.3729 -3.01631 
vt 26.3873 -3.01631 
vt 26.3873 -2.97536 
vt 26.3729 -2.97536 
vt 26.3873 -2.9654 
vt 26.3729 -2.9654 
vt 26.3873 -2.95544 
vt 26.3729 -2.95544 
vt 26.3729 -2.96635 
vt 26.3873 -2.96635 
vt 26.3873 -2.95978 
vt 26.3873 -2.96494 
vt 26.3729 -2.95978 
vt 26.3873 -2.94909 
vt 26.3729 -2.94909 
vt 26.3873 -2.94054 
vt 26.3873 -2.93913 
vt 26.3729 -2.94054 
vt 26.3729 -2.99098 
vt 26.3866 -2.99954 
vt 26.3866 -2.99098 
vt 26.3866 -2.98029 
vt 26.3729 -2.99954 
vt 26.3729 -2.98029 
vt 26.3729 -3.02464 
vt 26.3866 -3.0346 
vt 26.3866 -3.02464 
vt 26.3729 -3.0346 
vt 26.3866 -3.04456 
vt 26.3729 -3.04456 
vt 26.3866 -3.03506 
vt 26.3729 -3.03506 
vt 26.3866 -3.04362 
vt 26.3729 -3.04362 
vt 26.3866 -3.05431 
vt 26.3729 -3.05431 
vt 26.3711 -3.01431 
vt 26.3711 -2.98569 
vt 26.3711 -2.98569 
vt 26.3609 -3.01431 
vt 26.3711 -3.01431 
vt 26.3609 -3 
vt 26.3711 -3 
vt 26.3609 -2.98569 
vt 26.3711 -3.01651 
vt 25.6242 -3.01651 
vt 25.6242 -2.97666 
vt 25.6242 -3 
vt 26.3711 -3 
vt 25.6242 -2.98349 
vt 26.3711 -2.98349 
vt 26.3873 -3.02207 
vt 25.6134 -3.02207 
vt 25.6134 -3.00779 
vt 26.3873 -3.00779 
vt 25.6134 -2.99637 
vt 26.3873 -2.99637 
vt 25.6134 -2.99449 
vt 25.6127 -3.0479 
vt 26.3866 -3.0479 
vt 25.6127 -3.0346 
vt 26.3866 -3.0346 
vt 25.6127 -3.02129 
vt 25.6127 -3.01578 
vt 26.3866 -3.02129 
vt 25.6127 -3.06544 
vt 25.6127 -3.06356 
vt 25.6127 -3.02909 
vt 26.3866 -3.06356 
vt 26.3866 -3.05213 
vt 25.6127 -3.03785 
vt 25.6127 -3.05213 
vt 26.3866 -3.03785 
vt 26.3873 -2.97871 
vt 25.6134 -2.97871 
vt 25.6134 -2.9654 
vt 26.3873 -2.9654 
vt 26.3873 -2.9521 
vt 25.6134 -2.9521 
vt 25.6134 -2.93644 
vt 26.3873 -2.93456 
vt 25.6134 -2.94333 
vt 26.3873 -2.94333 
vt 26.3873 -2.95761 
vt 25.6134 -2.95761 
vt 25.6134 -2.96903 
vt 26.3873 -2.96903 

usemtl Meshpart2Mtl

f 5080/5080/5080 5081/5081/5081 5082/5082/5082 
f 5080/5080/5080 5082/5082/5082 5083/5083/5083 
f 5084/5084/5084 5081/5081/5081 5080/5080/5080 
f 5081/5081/5081 5084/5084/5084 5085/5085/5085 
f 5086/5086/5086 5085/5085/5085 5084/5084/5084 
f 5085/5085/5085 5086/5086/5086 5087/5087/5087 
f 5093/5093/5093 5094/5094/5094 5091/5091/5091 
f 5094/5094/5094 5093/5093/5093 5096/5096/5096 
f 5094/5094/5094 5097/5097/5097 5095/5095/5095 
f 5097/5097/5097 5094/5094/5094 5096/5096/5096 
f 5105/5105/5105 5106/5106/5106 5107/5107/5107 
f 5105/5105/5105 5107/5107/5107 5108/5108/5108 
f 5108/5108/5108 5107/5107/5107 5109/5109/5109 
f 5108/5108/5108 5109/5109/5109 5110/5110/5110 
f 5111/5111/5111 5112/5112/5112 5113/5113/5113 
f 5111/5111/5111 5113/5113/5113 5114/5114/5114 
f 5114/5114/5114 5113/5113/5113 5115/5115/5115 
f 5114/5114/5114 5115/5115/5115 5116/5116/5116 
f 5117/5117/5117 5118/5118/5118 5119/5119/5119 
f 5120/5120/5120 5118/5118/5118 5117/5117/5117 
f 5120/5120/5120 5121/5121/5121 5118/5118/5118 
f 5117/5117/5117 5119/5119/5119 5122/5122/5122 
f 5126/5126/5126 5123/5123/5123 5125/5125/5125 
f 5128/5128/5128 5126/5126/5126 5125/5125/5125 
f 5129/5129/5129 5126/5126/5126 5128/5128/5128 
f 5130/5130/5130 5129/5129/5129 5128/5128/5128 
f 5133/5133/5133 5131/5131/5131 5132/5132/5132 
f 5134/5134/5134 5133/5133/5133 5132/5132/5132 
f 5135/5135/5135 5133/5133/5133 5134/5134/5134 
f 5136/5136/5136 5135/5135/5135 5134/5134/5134 
f 5141/5141/5141 5140/5140/5140 5138/5138/5138 
f 5142/5142/5142 5137/5137/5137 5139/5139/5139 
f 5140/5140/5140 5141/5141/5141 5142/5142/5142 
f 5137/5137/5137 5142/5142/5142 5141/5141/5141 
f 5145/5145/5145 5146/5146/5146 5147/5147/5147 
f 5146/5146/5146 5148/5148/5148 5147/5147/5147 
f 5147/5147/5147 5148/5148/5148 5149/5149/5149 
f 5148/5148/5148 5150/5150/5150 5149/5149/5149 
f 5155/5155/5155 5154/5154/5154 5153/5153/5153 
f 5155/5155/5155 5156/5156/5156 5154/5154/5154 
f 5157/5157/5157 5156/5156/5156 5155/5155/5155 
f 5157/5157/5157 5158/5158/5158 5156/5156/5156 
f 5160/5160/5160 5162/5162/5162 5159/5159/5159 
f 5162/5162/5162 5160/5160/5160 5164/5164/5164 
f 5163/5163/5163 5164/5164/5164 5161/5161/5161 
f 5164/5164/5164 5163/5163/5163 5162/5162/5162 
f 5168/5168/5168 5166/5166/5166 5165/5165/5165 
f 5168/5168/5168 5170/5170/5170 5166/5166/5166 
f 5167/5167/5167 5169/5169/5169 5170/5170/5170 
f 5167/5167/5167 5170/5170/5170 5168/5168/5168 
f 5173/5173/5173 5171/5171/5171 5172/5172/5172 
f 5173/5173/5173 5174/5174/5174 5171/5171/5171 
f 5175/5175/5175 5174/5174/5174 5173/5173/5173 
f 5175/5175/5175 5176/5176/5176 5174/5174/5174 
f 5177/5177/5177 5180/5180/5180 5178/5178/5178 
f 5180/5180/5180 5177/5177/5177 5181/5181/5181 
f 5181/5181/5181 5183/5183/5183 5180/5180/5180 
f 5183/5183/5183 5181/5181/5181 5184/5184/5184 
f 5187/5187/5187 5186/5186/5186 5185/5185/5185 
f 5186/5186/5186 5187/5187/5187 5189/5189/5189 
f 5190/5190/5190 5189/5189/5189 5187/5187/5187 
f 5189/5189/5189 5190/5190/5190 5191/5191/5191 
f 5196/5196/5196 5195/5195/5195 5197/5197/5197 
f 5196/5196/5196 5197/5197/5197 5198/5198/5198 
f 5198/5198/5198 5197/5197/5197 5199/5199/5199 
f 5198/5198/5198 5199/5199/5199 5200/5200/5200 
f 5208/5208/5208 5209/5209/5209 5210/5210/5210 
f 5210/5210/5210 5209/5209/5209 5211/5211/5211 
f 5209/5209/5209 5212/5212/5212 5211/5211/5211 
f 5211/5211/5211 5212/5212/5212 5213/5213/5213 
f 5214/5214/5214 5216/5216/5216 5215/5215/5215 
f 5216/5216/5216 5214/5214/5214 5217/5217/5217 
f 5217/5217/5217 5218/5218/5218 5216/5216/5216 
f 5218/5218/5218 5217/5217/5217 5219/5219/5219 
f 5222/5222/5222 5224/5224/5224 5223/5223/5223 
f 5224/5224/5224 5222/5222/5222 5225/5225/5225 
f 5225/5225/5225 5226/5226/5226 5224/5224/5224 
f 5226/5226/5226 5225/5225/5225 5227/5227/5227 
f 5232/5232/5232 5233/5233/5233 5231/5231/5231 
f 5233/5233/5233 5232/5232/5232 5235/5235/5235 
f 5235/5235/5235 5234/5234/5234 5233/5233/5233 
f 5234/5234/5234 5235/5235/5235 5236/5236/5236 
f 5240/5240/5240 5239/5239/5239 5237/5237/5237 
f 5239/5239/5239 5240/5240/5240 5241/5241/5241 
f 5238/5238/5238 5241/5241/5241 5240/5240/5240 
f 5241/5241/5241 5238/5238/5238 5242/5242/5242 
f 5245/5245/5245 5243/5243/5243 5244/5244/5244 
f 5243/5243/5243 5245/5245/5245 5246/5246/5246 
f 5247/5247/5247 5246/5246/5246 5245/5245/5245 
f 5246/5246/5246 5247/5247/5247 5248/5248/5248 
f 5252/5252/5252 5253/5253/5253 5251/5251/5251 
f 5253/5253/5253 5252/5252/5252 5254/5254/5254 
f 5254/5254/5254 5255/5255/5255 5253/5253/5253 
f 5255/5255/5255 5254/5254/5254 5256/5256/5256 
f 5257/5257/5257 5258/5258/5258 5259/5259/5259 
f 5257/5257/5257 5259/5259/5259 5260/5260/5260 
f 5260/5260/5260 5259/5259/5259 5261/5261/5261 
f 5260/5260/5260 5261/5261/5261 5262/5262/5262 
f 5265/5265/5265 5264/5264/5264 5263/5263/5263 
f 5264/5264/5264 5265/5265/5265 5266/5266/5266 
f 5266/5266/5266 5265/5265/5265 5267/5267/5267 
f 5268/5268/5268 5267/5267/5267 5265/5265/5265 
f 5270/5270/5270 5271/5271/5271 5273/5273/5273 
f 5270/5270/5270 5273/5273/5273 5274/5274/5274 
f 5274/5274/5274 5273/5273/5273 5275/5275/5275 
f 5274/5274/5274 5275/5275/5275 5276/5276/5276 
f 5278/5278/5278 5279/5279/5279 5280/5280/5280 
f 5278/5278/5278 5280/5280/5280 5281/5281/5281 
f 5280/5280/5280 5282/5282/5282 5281/5281/5281 
f 5282/5282/5282 5280/5280/5280 5284/5284/5284 
f 5286/5286/5286 5287/5287/5287 5288/5288/5288 
f 5287/5287/5287 5286/5286/5286 5289/5289/5289 
f 5290/5290/5290 5289/5289/5289 5286/5286/5286 
f 5289/5289/5289 5290/5290/5290 5291/5291/5291 
f 5292/5292/5292 5293/5293/5293 5294/5294/5294 
f 5295/5295/5295 5294/5294/5294 5293/5293/5293 
f 5296/5296/5296 5294/5294/5294 5295/5295/5295 
f 5294/5294/5294 5296/5296/5296 5297/5297/5297 
f 5298/5298/5298 5299/5299/5299 5300/5300/5300 
f 5301/5301/5301 5300/5300/5300 5299/5299/5299 
f 5302/5302/5302 5299/5299/5299 5298/5298/5298 
f 5300/5300/5300 5301/5301/5301 5303/5303/5303 
f 5298/5298/5298 5304/5304/5304 5302/5302/5302 
f 5301/5301/5301 5305/5305/5305 5303/5303/5303 
f 5304/5304/5304 5298/5298/5298 5306/5306/5306 
f 5305/5305/5305 5307/5307/5307 5303/5303/5303 
f 5308/5308/5308 5304/5304/5304 5306/5306/5306 
f 5305/5305/5305 5309/5309/5309 5307/5307/5307 
f 5304/5304/5304 5308/5308/5308 5310/5310/5310 
f 5309/5309/5309 5305/5305/5305 5311/5311/5311 
f 5308/5308/5308 5312/5312/5312 5310/5310/5310 
f 5311/5311/5311 5312/5312/5312 5309/5309/5309 
f 5313/5313/5313 5310/5310/5310 5312/5312/5312 
f 5312/5312/5312 5311/5311/5311 5313/5313/5313 
f 5314/5314/5314 5315/5315/5315 5316/5316/5316 
f 5315/5315/5315 5314/5314/5314 5317/5317/5317 
f 5316/5316/5316 5318/5318/5318 5314/5314/5314 
f 5317/5317/5317 5319/5319/5319 5315/5315/5315 
f 5318/5318/5318 5316/5316/5316 5320/5320/5320 
f 5321/5321/5321 5315/5315/5315 5319/5319/5319 
f 5320/5320/5320 5322/5322/5322 5318/5318/5318 
f 5319/5319/5319 5323/5323/5323 5321/5321/5321 
f 5322/5322/5322 5320/5320/5320 5324/5324/5324 
f 5323/5323/5323 5319/5319/5319 5325/5325/5325 
f 5326/5326/5326 5322/5322/5322 5324/5324/5324 
f 5325/5325/5325 5327/5327/5327 5323/5323/5323 
f 5322/5322/5322 5326/5326/5326 5328/5328/5328 
f 5326/5326/5326 5327/5327/5327 5328/5328/5328 
f 5327/5327/5327 5326/5326/5326 5329/5329/5329 
f 5323/5323/5323 5327/5327/5327 5329/5329/5329 
f 5330/5330/5330 5331/5331/5331 5332/5332/5332 
f 5333/5333/5333 5332/5332/5332 5331/5331/5331 
f 5334/5334/5334 5331/5331/5331 5330/5330/5330 
f 5332/5332/5332 5333/5333/5333 5335/5335/5335 
f 5336/5336/5336 5334/5334/5334 5330/5330/5330 
f 5333/5333/5333 5337/5337/5337 5335/5335/5335 
f 5338/5338/5338 5334/5334/5334 5336/5336/5336 
f 5337/5337/5337 5339/5339/5339 5335/5335/5335 
f 5340/5340/5340 5338/5338/5338 5336/5336/5336 
f 5337/5337/5337 5341/5341/5341 5339/5339/5339 
f 5338/5338/5338 5340/5340/5340 5342/5342/5342 
f 5339/5339/5339 5341/5341/5341 5343/5343/5343 
f 5340/5340/5340 5344/5344/5344 5342/5342/5342 
f 5345/5345/5345 5343/5343/5343 5341/5341/5341 
f 5343/5343/5343 5345/5345/5345 5344/5344/5344 
f 5345/5345/5345 5342/5342/5342 5344/5344/5344 
f 5346/5346/5346 5347/5347/5347 5348/5348/5348 
f 5349/5349/5349 5348/5348/5348 5347/5347/5347 
f 5347/5347/5347 5346/5346/5346 5350/5350/5350 
f 5347/5347/5347 5351/5351/5351 5349/5349/5349 
f 5352/5352/5352 5350/5350/5350 5346/5346/5346 
f 5353/5353/5353 5349/5349/5349 5351/5351/5351 
f 5350/5350/5350 5352/5352/5352 5354/5354/5354 
f 5349/5349/5349 5353/5353/5353 5355/5355/5355 
f 5356/5356/5356 5354/5354/5354 5352/5352/5352 
f 5357/5357/5357 5355/5355/5355 5353/5353/5353 
f 5354/5354/5354 5356/5356/5356 5358/5358/5358 
f 5355/5355/5355 5357/5357/5357 5359/5359/5359 
f 5360/5360/5360 5358/5358/5358 5356/5356/5356 
f 5360/5360/5360 5359/5359/5359 5357/5357/5357 
f 5358/5358/5358 5360/5360/5360 5361/5361/5361 
f 5357/5357/5357 5361/5361/5361 5360/5360/5360 
f 5362/5362/5362 5363/5363/5363 5364/5364/5364 
f 5363/5363/5363 5365/5365/5365 5364/5364/5364 
f 5364/5364/5364 5366/5366/5366 5362/5362/5362 
f 5365/5365/5365 5363/5363/5363 5367/5367/5367 
f 5366/5366/5366 5368/5368/5368 5362/5362/5362 
f 5369/5369/5369 5365/5365/5365 5367/5367/5367 
f 5368/5368/5368 5366/5366/5366 5370/5370/5370 
f 5369/5369/5369 5367/5367/5367 5371/5371/5371 
f 5370/5370/5370 5372/5372/5372 5368/5368/5368 
f 5373/5373/5373 5369/5369/5369 5371/5371/5371 
f 5370/5370/5370 5374/5374/5374 5372/5372/5372 
f 5369/5369/5369 5373/5373/5373 5375/5375/5375 
f 5376/5376/5376 5372/5372/5372 5374/5374/5374 
f 5376/5376/5376 5375/5375/5375 5373/5373/5373 
f 5374/5374/5374 5377/5377/5377 5376/5376/5376 
f 5375/5375/5375 5376/5376/5376 5377/5377/5377 
f 5378/5378/5378 5379/5379/5379 5380/5380/5380 
f 5381/5381/5381 5380/5380/5380 5379/5379/5379 
f 5379/5379/5379 5378/5378/5378 5382/5382/5382 
f 5380/5380/5380 5381/5381/5381 5383/5383/5383 
f 5378/5378/5378 5384/5384/5384 5382/5382/5382 
f 5385/5385/5385 5383/5383/5383 5381/5381/5381 
f 5378/5378/5378 5386/5386/5386 5384/5384/5384 
f 5383/5383/5383 5385/5385/5385 5387/5387/5387 
f 5386/5386/5386 5388/5388/5388 5384/5384/5384 
f 5385/5385/5385 5389/5389/5389 5387/5387/5387 
f 5386/5386/5386 5390/5390/5390 5388/5388/5388 
f 5389/5389/5389 5385/5385/5385 5391/5391/5391 
f 5392/5392/5392 5388/5388/5388 5390/5390/5390 
f 5392/5392/5392 5389/5389/5389 5391/5391/5391 
f 5388/5388/5388 5392/5392/5392 5393/5393/5393 
f 5391/5391/5391 5393/5393/5393 5392/5392/5392 
f 5397/5397/5397 5395/5395/5395 5394/5394/5394 
f 5398/5398/5398 5395/5395/5395 5400/5400/5400 
f 5397/5397/5397 5400/5400/5400 5395/5395/5395 
f 5400/5400/5400 5397/5397/5397 5404/5404/5404 
f 5404/5404/5404 5397/5397/5397 5402/5402/5402 
f 5400/5400/5400 5404/5404/5404 5403/5403/5403 
f 5407/5407/5407 5408/5408/5408 5405/5405/5405 
f 5408/5408/5408 5407/5407/5407 5410/5410/5410 
f 5412/5412/5412 5407/5407/5407 5411/5411/5411 
f 5410/5410/5410 5407/5407/5407 5412/5412/5412 
f 5410/5410/5410 5412/5412/5412 5414/5414/5414 
f 5414/5414/5414 5412/5412/5412 5415/5415/5415 
f 5418/5418/5418 5417/5417/5417 5416/5416/5416 
f 5417/5417/5417 5420/5420/5420 5419/5419/5419 
f 5417/5417/5417 5418/5418/5418 5420/5420/5420 
f 5421/5421/5421 5420/5420/5420 5418/5418/5418 
f 5420/5420/5420 5421/5421/5421 5422/5422/5422 
f 5422/5422/5422 5421/5421/5421 5423/5423/5423 
f 5424/5424/5424 5428/5428/5428 5425/5425/5425 
f 5428/5428/5428 5424/5424/5424 5429/5429/5429 
f 5430/5430/5430 5424/5424/5424 5427/5427/5427 
f 5429/5429/5429 5424/5424/5424 5430/5430/5430 
f 5433/5433/5433 5429/5429/5429 5430/5430/5430 
f 5429/5429/5429 5433/5433/5433 5432/5432/5432 
f 5435/5435/5435 5440/5440/5440 5439/5439/5439 
f 5434/5434/5434 5440/5440/5440 5435/5435/5435 
f 5437/5437/5437 5442/5442/5442 5434/5434/5434 
f 5442/5442/5442 5437/5437/5437 5441/5441/5441 
f 5434/5434/5434 5442/5442/5442 5440/5440/5440 
f 5440/5440/5440 5442/5442/5442 5443/5443/5443 
f 5446/5446/5446 5448/5448/5448 5444/5444/5444 
f 5446/5446/5446 5449/5449/5449 5448/5448/5448 
f 5449/5449/5449 5446/5446/5446 5451/5451/5451 
f 5454/5454/5454 5449/5449/5449 5451/5451/5451 
f 5449/5449/5449 5454/5454/5454 5452/5452/5452 
f 5454/5454/5454 5451/5451/5451 5453/5453/5453 
f 5455/5455/5455 5456/5456/5456 5457/5457/5457 
f 5458/5458/5458 5457/5457/5457 5456/5456/5456 
f 5455/5455/5455 5457/5457/5457 5459/5459/5459 
f 5457/5457/5457 5458/5458/5458 5460/5460/5460 
f 5459/5459/5459 5461/5461/5461 5455/5455/5455 
f 5462/5462/5462 5460/5460/5460 5458/5458/5458 
f 5461/5461/5461 5459/5459/5459 5463/5463/5463 
f 5460/5460/5460 5462/5462/5462 5464/5464/5464 
f 5465/5465/5465 5461/5461/5461 5463/5463/5463 
f 5466/5466/5466 5464/5464/5464 5462/5462/5462 
f 5461/5461/5461 5465/5465/5465 5467/5467/5467 
f 5462/5462/5462 5468/5468/5468 5466/5466/5466 
f 5469/5469/5469 5467/5467/5467 5465/5465/5465 
f 5468/5468/5468 5469/5469/5469 5466/5466/5466 
f 5467/5467/5467 5469/5469/5469 5470/5470/5470 
f 5469/5469/5469 5468/5468/5468 5470/5470/5470 
f 5474/5474/5474 5471/5471/5471 5472/5472/5472 
f 5476/5476/5476 5474/5474/5474 5475/5475/5475 
f 5476/5476/5476 5471/5471/5471 5474/5474/5474 
f 5479/5479/5479 5476/5476/5476 5477/5477/5477 
f 5471/5471/5471 5476/5476/5476 5479/5479/5479 
f 5471/5471/5471 5479/5479/5479 5481/5481/5481 
f 5484/5484/5484 5485/5485/5485 5486/5486/5486 
f 5484/5484/5484 5486/5486/5486 5487/5487/5487 
f 5487/5487/5487 5486/5486/5486 5488/5488/5488 
f 5487/5487/5487 5488/5488/5488 5489/5489/5489 
f 5497/5497/5497 5499/5499/5499 5498/5498/5498 
f 5499/5499/5499 5497/5497/5497 5500/5500/5500 
f 5500/5500/5500 5501/5501/5501 5499/5499/5499 
f 5501/5501/5501 5500/5500/5500 5502/5502/5502 
f 5505/5505/5505 5506/5506/5506 5504/5504/5504 
f 5506/5506/5506 5505/5505/5505 5508/5508/5508 
f 5508/5508/5508 5507/5507/5507 5506/5506/5506 
f 5507/5507/5507 5508/5508/5508 5509/5509/5509 
f 5512/5512/5512 5515/5515/5515 5511/5511/5511 
f 5511/5511/5511 5515/5515/5515 5516/5516/5516 
f 5516/5516/5516 5517/5517/5517 5514/5514/5514 
f 5515/5515/5515 5517/5517/5517 5516/5516/5516 
f 5520/5520/5520 5519/5519/5519 5518/5518/5518 
f 5519/5519/5519 5520/5520/5520 5521/5521/5521 
f 5522/5522/5522 5521/5521/5521 5520/5520/5520 
f 5521/5521/5521 5522/5522/5522 5524/5524/5524 
f 5527/5527/5527 5525/5525/5525 5526/5526/5526 
f 5525/5525/5525 5527/5527/5527 5528/5528/5528 
f 5529/5529/5529 5528/5528/5528 5527/5527/5527 
f 5528/5528/5528 5529/5529/5529 5530/5530/5530 
f 5531/5531/5531 5532/5532/5532 5533/5533/5533 
f 5533/5533/5533 5534/5534/5534 5531/5531/5531 
f 5534/5534/5534 5533/5533/5533 5535/5535/5535 
f 5532/5532/5532 5531/5531/5531 5536/5536/5536 
f 5539/5539/5539 5540/5540/5540 5541/5541/5541 
f 5541/5541/5541 5542/5542/5542 5539/5539/5539 
f 5542/5542/5542 5541/5541/5541 5543/5543/5543 
f 5540/5540/5540 5539/5539/5539 5544/5544/5544 
f 5548/5548/5548 5546/5546/5546 5545/5545/5545 
f 5548/5548/5548 5549/5549/5549 5546/5546/5546 
f 5550/5550/5550 5549/5549/5549 5548/5548/5548 
f 5550/5550/5550 5551/5551/5551 5549/5549/5549 
f 5552/5552/5552 5553/5553/5553 5554/5554/5554 
f 5553/5553/5553 5552/5552/5552 5555/5555/5555 
f 5556/5556/5556 5554/5554/5554 5553/5553/5553 
f 5554/5554/5554 5556/5556/5556 5558/5558/5558 
f 5560/5560/5560 5561/5561/5561 5562/5562/5562 
f 5561/5561/5561 5560/5560/5560 5563/5563/5563 
f 5562/5562/5562 5564/5564/5564 5560/5560/5560 
f 5564/5564/5564 5562/5562/5562 5565/5565/5565 
f 5568/5568/5568 5567/5567/5567 5566/5566/5566 
f 5568/5568/5568 5569/5569/5569 5567/5567/5567 
f 5568/5568/5568 5570/5570/5570 5569/5569/5569 
f 5570/5570/5570 5568/5568/5568 5572/5572/5572 
f 5575/5575/5575 5574/5574/5574 5576/5576/5576 
f 5577/5577/5577 5576/5576/5576 5574/5574/5574 
f 5578/5578/5578 5576/5576/5576 5577/5577/5577 
f 5576/5576/5576 5578/5578/5578 5579/5579/5579 
f 5582/5582/5582 5581/5581/5581 5583/5583/5583 
f 5584/5584/5584 5583/5583/5583 5581/5581/5581 
f 5583/5583/5583 5584/5584/5584 5585/5585/5585 
f 5586/5586/5586 5585/5585/5585 5584/5584/5584 
f 5593/5593/5593 5590/5590/5590 5589/5589/5589 
f 5593/5593/5593 5595/5595/5595 5590/5590/5590 
f 5593/5593/5593 5596/5596/5596 5595/5595/5595 
f 5596/5596/5596 5593/5593/5593 5597/5597/5597 
f 5603/5603/5603 5607/5607/5607 5605/5605/5605 
f 5606/5606/5606 5607/5607/5607 5604/5604/5604 
f 5607/5607/5607 5603/5603/5603 5608/5608/5608 
f 5604/5604/5604 5607/5607/5607 5608/5608/5608 
f 5611/5611/5611 5610/5610/5610 5609/5609/5609 
f 5612/5612/5612 5610/5610/5610 5611/5611/5611 
f 5613/5613/5613 5612/5612/5612 5611/5611/5611 
f 5614/5614/5614 5612/5612/5612 5613/5613/5613 
f 5620/5620/5620 5619/5619/5619 5617/5617/5617 
f 5621/5621/5621 5619/5619/5619 5620/5620/5620 
f 5622/5622/5622 5621/5621/5621 5620/5620/5620 
f 5624/5624/5624 5621/5621/5621 5622/5622/5622 
f 5625/5625/5625 5626/5626/5626 5627/5627/5627 
f 5628/5628/5628 5625/5625/5625 5627/5627/5627 
f 5626/5626/5626 5625/5625/5625 5629/5629/5629 
f 5625/5625/5625 5628/5628/5628 5630/5630/5630 
f 5631/5631/5631 5632/5632/5632 5633/5633/5633 
f 5632/5632/5632 5631/5631/5631 5634/5634/5634 
f 5634/5634/5634 5635/5635/5635 5632/5632/5632 
f 5635/5635/5635 5634/5634/5634 5636/5636/5636 
f 5638/5638/5638 5639/5639/5639 5637/5637/5637 
f 5639/5639/5639 5638/5638/5638 5640/5640/5640 
f 5640/5640/5640 5641/5641/5641 5639/5639/5639 
f 5641/5641/5641 5640/5640/5640 5642/5642/5642 
f 5647/5647/5647 5648/5648/5648 5646/5646/5646 
f 5648/5648/5648 5647/5647/5647 5649/5649/5649 
f 5645/5645/5645 5648/5648/5648 5649/5649/5649 
f 5648/5648/5648 5645/5645/5645 5650/5650/5650 
f 5651/5651/5651 5654/5654/5654 5652/5652/5652 
f 5654/5654/5654 5651/5651/5651 5655/5655/5655 
f 5655/5655/5655 5656/5656/5656 5654/5654/5654 
f 5656/5656/5656 5655/5655/5655 5657/5657/5657 
f 5659/5659/5659 5658/5658/5658 5660/5660/5660 
f 5661/5661/5661 5660/5660/5660 5658/5658/5658 
f 5660/5660/5660 5661/5661/5661 5662/5662/5662 
f 5663/5663/5663 5662/5662/5662 5661/5661/5661 
f 5666/5666/5666 5667/5667/5667 5665/5665/5665 
f 5667/5667/5667 5666/5666/5666 5668/5668/5668 
f 5668/5668/5668 5669/5669/5669 5667/5667/5667 
f 5669/5669/5669 5668/5668/5668 5671/5671/5671 
f 5676/5676/5676 5673/5673/5673 5675/5675/5675 
f 5676/5676/5676 5678/5678/5678 5673/5673/5673 
f 5679/5679/5679 5678/5678/5678 5676/5676/5676 
f 5679/5679/5679 5677/5677/5677 5678/5678/5678 
f 5681/5681/5681 5680/5680/5680 5682/5682/5682 
f 5683/5683/5683 5682/5682/5682 5680/5680/5680 
f 5682/5682/5682 5683/5683/5683 5685/5685/5685 
f 5684/5684/5684 5685/5685/5685 5683/5683/5683 
f 5689/5689/5689 5688/5688/5688 5690/5690/5690 
f 5691/5691/5691 5690/5690/5690 5688/5688/5688 
f 5690/5690/5690 5691/5691/5691 5693/5693/5693 
f 5692/5692/5692 5693/5693/5693 5691/5691/5691 

