# This file is brought to you by Roblox Corporation
# Generated by Roblox Studio

mtllib Maul.mtl

g Meshpart1

v -469.933 -0.631575 0.451591 
v -470.131 -0.631575 0.369771 
v -469.933 -0.999575 0.172241 
v -470.213 -0.631575 0.172241 
v -469.736 -0.631575 0.369771 
v -469.654 -0.631575 0.172241 
v -469.933 2.28698 0.310399 
v -469.803 2.20611 0.294357 
v -469.829 2.30999 0.269933 
v -469.933 2.17734 0.344939 
v -470.063 2.20611 0.294357 
v -470.037 2.30999 0.269933 
v -470.117 2.27555 0.172241 
v -469.829 0.925369 0.273539 
v -469.803 0.970829 0.298363 
v -469.933 0.956769 0.350605 
v -469.933 0.915589 0.315499 
v -470.037 0.925369 0.273539 
v -470.063 0.970829 0.298363 
v -469.829 1.71605 0.0745472 
v -469.829 1.60493 0.269933 
v -469.803 1.52855 0.295533 
v -469.933 1.58192 0.310399 
v -469.933 1.5041 0.346603 
v -470.037 1.60493 0.269933 
v -470.063 1.52855 0.295533 
v -470.117 2.27555 0.172241 
v -470.063 2.20611 0.294357 
v -470.063 1.66754 0.294357 
v -469.933 2.17734 0.344939 
v -469.803 2.20611 0.294357 
v -469.933 1.63878 0.344939 
v -469.803 1.66754 0.294357 
v -470.066 3.2963 0.304847 
v -470.066 5.31232 0.304847 
v -469.933 5.31232 0.359773 
v -469.933 3.2963 0.359773 
v -469.801 5.31232 0.304847 
v -469.801 3.2963 0.304847 
v -470.063 1.52855 0.295533 
v -470.063 0.970829 0.298363 
v -469.933 1.5041 0.346603 
v -469.933 0.956769 0.350605 
v -469.803 0.970829 0.298363 
v -469.75 1.58758 0.172241 
v -469.803 1.52855 0.295533 
v -469.75 1.00477 0.172241 
v -469.803 2.91725 0.298275 
v -469.803 2.38854 0.295141 
v -470.117 2.91725 0.172241 
v -469.933 2.91725 0.350481 
v -470.117 2.4441 0.172241 
v -469.933 2.36553 0.346047 
v -470.063 2.91725 0.298275 
v -470.063 2.38854 0.295141 
v -469.933 1.63878 0.344939 
v -469.829 1.60493 0.269933 
v -469.803 1.66754 0.294357 
v -469.933 1.58192 0.310399 
v -470.037 1.60493 0.269933 
v -470.063 1.66754 0.294357 
v -470.117 0.893193 0.172241 
v -470.063 0.868103 0.299363 
v -469.933 0.510383 -0.0115428 
v -470.063 0.510383 0.302195 
v -469.933 0.857711 0.352019 
v -469.933 0.510383 0.356023 
v -469.803 0.510383 0.302195 
v -469.75 0.893193 0.172241 
v -469.803 0.868103 0.299363 
v -469.75 0.893193 0.172241 
v -469.829 0.925369 0.273539 
v -469.803 0.868103 0.299363 
v -470.117 0.893193 0.172241 
v -469.933 0.857711 0.352019 
v -470.08 0.948981 0.172241 
v -469.933 0.915589 0.315499 
v -470.037 0.925369 0.273539 
v -470.063 0.868103 0.299363 
v -469.803 2.38854 0.295141 
v -469.829 2.30999 0.269933 
v -469.933 2.36553 0.346047 
v -469.933 2.28698 0.310399 
v -470.037 2.30999 0.269933 
v -470.063 2.38854 0.295141 
v -470.213 -0.631575 0.172241 
v -469.654 -0.631575 0.172241 
v -470.117 -0.180133 0.172241 
v -469.75 -0.180133 0.172241 
v -470.063 -0.180133 0.302195 
v -469.803 -0.180133 0.302195 
v -470.131 -0.631575 0.369771 
v -469.736 -0.631575 0.369771 
v -469.933 -0.631575 0.451591 
v -469.933 -0.180133 0.356023 
v -469.933 -0.631575 0.451591 
v -470.131 -0.631575 0.369771 
v -469.933 -0.999575 0.172241 
v -470.213 -0.631575 0.172241 
v -470.131 -0.631575 -0.0252888 
v -470.063 2.20611 0.294357 
v -470.037 2.30999 0.269933 
v -470.117 2.27555 0.172241 
v -470.08 2.36555 0.172241 
v -470.063 2.345 0.0501232 
v -470.037 2.42111 0.0745472 
v -469.933 1.05277 -0.00612479 
v -469.933 0.982375 0.0289832 
v -470.037 0.972593 0.0709412 
v -470.063 1.03871 0.0461172 
v -470.117 1.00477 0.172241 
v -469.933 0.956769 0.350605 
v -470.08 0.948981 0.172241 
v -469.933 0.915589 0.315499 
v -470.037 0.925369 0.273539 
v -470.063 0.970829 0.298363 
v -469.933 1.67106 -0.00212079 
v -470.037 1.71605 0.0745472 
v -470.063 1.64661 0.0489472 
v -470.08 1.66049 0.172241 
v -470.117 1.58758 0.172241 
v -470.037 1.60493 0.269933 
v -470.063 1.52855 0.295533 
v -470.063 1.80644 0.0501232 
v -470.063 2.345 0.0501232 
v -469.933 2.37377 -0.000458807 
v -470.117 2.27555 0.172241 
v -470.117 1.73699 0.172241 
v -470.063 2.20611 0.294357 
v -470.063 1.66754 0.294357 
v -469.933 1.63878 0.344939 
v -470.066 3.2963 0.304847 
v -470.066 5.31232 0.304847 
v -470.121 3.2963 0.172241 
v -470.121 5.31232 0.172241 
v -470.066 3.2963 0.0396332 
v -470.066 5.31232 0.0396332 
v -469.801 3.2963 0.0396332 
v -469.801 5.31232 0.0396332 
v -470.117 1.00477 0.172241 
v -470.117 1.58758 0.172241 
v -470.063 1.03871 0.0461172 
v -470.063 1.64661 0.0489472 
v -470.063 1.52855 0.295533 
v -469.933 1.05277 -0.00612479 
v -470.063 0.970829 0.298363 
v -469.933 1.67106 -0.00212079 
v -469.933 0.956769 0.350605 
v -469.803 2.49966 0.0493392 
v -470.063 2.91725 0.0462052 
v -469.803 2.91725 0.298275 
v -470.063 2.49966 0.0493392 
v -470.117 2.91725 0.172241 
v -470.117 2.4441 0.172241 
v -469.933 2.36553 0.346047 
v -470.063 2.91725 0.298275 
v -470.063 2.38854 0.295141 
v -469.933 1.63878 0.344939 
v -470.037 1.60493 0.269933 
v -470.063 1.66754 0.294357 
v -470.08 1.66049 0.172241 
v -470.117 1.73699 0.172241 
v -470.037 1.71605 0.0745472 
v -470.063 1.80644 0.0501232 
v -470.117 0.510383 0.172241 
v -470.117 0.893193 0.172241 
v -470.063 0.510383 0.0422872 
v -470.063 0.918279 0.0451172 
v -470.063 0.868103 0.299363 
v -469.933 0.510383 -0.0115428 
v -470.063 0.510383 0.302195 
v -469.933 0.928673 -0.0075388 
v -469.933 0.857711 0.352019 
v -469.933 0.510383 0.356023 
v -469.933 0.928673 -0.0075388 
v -469.933 0.982375 0.0289832 
v -470.037 0.972593 0.0709412 
v -470.063 0.918279 0.0451172 
v -470.117 0.893193 0.172241 
v -469.933 0.857711 0.352019 
v -470.08 0.948981 0.172241 
v -470.037 0.925369 0.273539 
v -470.063 0.868103 0.299363 
v -470.063 2.49966 0.0493392 
v -470.037 2.42111 0.0745472 
v -470.117 2.4441 0.172241 
v -470.037 2.30999 0.269933 
v -470.08 2.36555 0.172241 
v -470.063 2.38854 0.295141 
v -470.063 -0.180133 0.0422872 
v -469.933 -0.180133 -0.0115428 
v -470.131 -0.631575 -0.0252888 
v -470.213 -0.631575 0.172241 
v -470.117 -0.180133 0.172241 
v -470.063 -0.180133 0.302195 
v -470.131 -0.631575 0.369771 
v -469.933 -0.999575 0.172241 
v -470.213 -0.631575 0.172241 
v -470.131 -0.631575 -0.0252888 
v -469.654 -0.631575 0.172241 
v -469.933 -0.631575 -0.107109 
v -469.736 -0.631575 -0.0252888 
v -469.829 2.30999 0.269933 
v -469.803 2.345 0.0501232 
v -469.829 2.42111 0.0745472 
v -470.117 2.27555 0.172241 
v -469.933 2.37377 -0.000458807 
v -469.933 2.44413 0.0340812 
v -470.063 2.345 0.0501232 
v -470.037 2.42111 0.0745472 
v -469.829 0.972593 0.0709412 
v -469.933 1.05277 -0.00612479 
v -469.803 1.03871 0.0461172 
v -469.75 1.00477 0.172241 
v -469.933 0.982375 0.0289832 
v -470.037 0.972593 0.0709412 
v -470.063 1.03871 0.0461172 
v -470.117 1.00477 0.172241 
v -470.08 0.948981 0.172241 
v -469.933 1.67106 -0.00212079 
v -469.829 1.71605 0.0745472 
v -469.803 1.64661 0.0489472 
v -469.933 1.73906 0.0340812 
v -470.037 1.71605 0.0745472 
v -470.063 1.64661 0.0489472 
v -470.037 1.60493 0.269933 
v -470.063 1.52855 0.295533 
v -470.063 1.80644 0.0501232 
v -470.063 2.345 0.0501232 
v -469.933 1.8352 -0.000458807 
v -469.933 2.37377 -0.000458807 
v -469.803 2.345 0.0501232 
v -469.803 1.80644 0.0501232 
v -470.066 3.2963 0.0396332 
v -470.066 5.31232 0.0396332 
v -469.933 3.2963 -0.0152928 
v -469.933 5.31232 -0.0152928 
v -469.801 3.2963 0.0396332 
v -469.801 5.31232 0.0396332 
v -470.117 1.00477 0.172241 
v -470.063 1.03871 0.0461172 
v -470.063 1.64661 0.0489472 
v -469.933 1.05277 -0.00612479 
v -469.933 1.67106 -0.00212079 
v -469.803 1.64661 0.0489472 
v -469.803 1.03871 0.0461172 
v -469.75 1.58758 0.172241 
v -469.75 1.00477 0.172241 
v -469.933 2.52267 -0.0015668 
v -469.803 2.91725 0.0462052 
v -469.803 2.49966 0.0493392 
v -469.933 2.91725 -0.0060008 
v -470.063 2.91725 0.0462052 
v -469.803 2.91725 0.298275 
v -470.063 2.49966 0.0493392 
v -470.117 2.91725 0.172241 
v -469.933 2.36553 0.346047 
v -469.829 1.71605 0.0745472 
v -469.803 1.80644 0.0501232 
v -469.933 1.73906 0.0340812 
v -469.933 1.8352 -0.000458807 
v -470.037 1.71605 0.0745472 
v -470.063 1.80644 0.0501232 
v -470.117 0.510383 0.172241 
v -470.117 0.893193 0.172241 
v -470.063 0.510383 0.0422872 
v -470.063 0.918279 0.0451172 
v -469.933 0.510383 -0.0115428 
v -469.933 0.928673 -0.0075388 
v -469.803 0.918279 0.0451172 
v -469.803 0.510383 0.0422872 
v -469.75 0.893193 0.172241 
v -469.75 0.510383 0.172241 
v -469.933 0.928673 -0.0075388 
v -469.829 0.972593 0.0709412 
v -469.803 0.918279 0.0451172 
v -469.933 0.982375 0.0289832 
v -470.037 0.972593 0.0709412 
v -470.063 0.918279 0.0451172 
v -469.829 2.42111 0.0745472 
v -469.803 2.49966 0.0493392 
v -469.933 2.44413 0.0340812 
v -469.933 2.52267 -0.0015668 
v -470.063 2.49966 0.0493392 
v -470.037 2.42111 0.0745472 
v -469.933 -0.631575 -0.107109 
v -470.063 -0.180133 0.0422872 
v -469.933 -0.180133 -0.0115428 
v -469.803 -0.180133 0.0422872 
v -470.131 -0.631575 -0.0252888 
v -469.736 -0.631575 -0.0252888 
v -469.933 -0.631575 0.451591 
v -469.933 -0.999575 0.172241 
v -469.736 -0.631575 0.369771 
v -469.654 -0.631575 0.172241 
v -469.736 -0.631575 -0.0252888 
v -469.803 2.20611 0.294357 
v -469.829 2.30999 0.269933 
v -469.75 2.27555 0.172241 
v -469.786 2.36555 0.172241 
v -469.803 2.345 0.0501232 
v -469.829 2.42111 0.0745472 
v -469.933 2.37377 -0.000458807 
v -469.829 0.972593 0.0709412 
v -469.933 1.05277 -0.00612479 
v -469.803 1.03871 0.0461172 
v -469.75 1.00477 0.172241 
v -469.933 0.982375 0.0289832 
v -469.786 0.948981 0.172241 
v -469.829 0.925369 0.273539 
v -469.803 0.970829 0.298363 
v -469.933 0.956769 0.350605 
v -469.933 0.915589 0.315499 
v -469.829 1.71605 0.0745472 
v -469.803 1.64661 0.0489472 
v -469.786 1.66049 0.172241 
v -469.75 1.58758 0.172241 
v -469.829 1.60493 0.269933 
v -469.803 1.52855 0.295533 
v -470.063 1.80644 0.0501232 
v -469.933 2.37377 -0.000458807 
v -470.117 2.27555 0.172241 
v -469.803 2.345 0.0501232 
v -469.803 1.80644 0.0501232 
v -469.75 2.27555 0.172241 
v -469.75 1.73699 0.172241 
v -469.803 2.20611 0.294357 
v -469.933 1.63878 0.344939 
v -469.803 1.66754 0.294357 
v -470.066 3.2963 0.304847 
v -470.066 5.31232 0.304847 
v -469.801 5.31232 0.304847 
v -469.801 3.2963 0.304847 
v -469.746 5.31232 0.172241 
v -469.801 3.2963 0.0396332 
v -469.746 3.2963 0.172241 
v -469.801 5.31232 0.0396332 
v -470.063 1.52855 0.295533 
v -469.933 1.05277 -0.00612479 
v -469.933 1.67106 -0.00212079 
v -469.803 1.64661 0.0489472 
v -469.933 0.956769 0.350605 
v -469.803 1.03871 0.0461172 
v -469.803 0.970829 0.298363 
v -469.75 1.58758 0.172241 
v -469.803 1.52855 0.295533 
v -469.75 1.00477 0.172241 
v -469.803 2.91725 0.0462052 
v -469.803 2.49966 0.0493392 
v -469.75 2.91725 0.172241 
v -469.75 2.4441 0.172241 
v -469.803 2.91725 0.298275 
v -469.803 2.38854 0.295141 
v -470.117 2.91725 0.172241 
v -469.933 2.36553 0.346047 
v -469.829 1.60493 0.269933 
v -469.803 1.66754 0.294357 
v -469.786 1.66049 0.172241 
v -469.75 1.73699 0.172241 
v -469.829 1.71605 0.0745472 
v -469.803 1.80644 0.0501232 
v -469.933 0.510383 -0.0115428 
v -469.933 0.928673 -0.0075388 
v -469.933 0.857711 0.352019 
v -469.803 0.918279 0.0451172 
v -469.933 0.510383 0.356023 
v -469.803 0.510383 0.0422872 
v -469.803 0.510383 0.302195 
v -469.75 0.893193 0.172241 
v -469.803 0.868103 0.299363 
v -469.75 0.510383 0.172241 
v -469.933 0.928673 -0.0075388 
v -469.829 0.972593 0.0709412 
v -469.803 0.918279 0.0451172 
v -469.75 0.893193 0.172241 
v -469.933 0.982375 0.0289832 
v -469.786 0.948981 0.172241 
v -469.829 0.925369 0.273539 
v -469.803 0.868103 0.299363 
v -469.933 0.857711 0.352019 
v -469.75 2.4441 0.172241 
v -469.829 2.42111 0.0745472 
v -469.803 2.49966 0.0493392 
v -469.786 2.36555 0.172241 
v -469.803 2.38854 0.295141 
v -469.829 2.30999 0.269933 
v -469.933 -0.631575 -0.107109 
v -469.933 -0.180133 -0.0115428 
v -469.803 -0.180133 0.0422872 
v -469.736 -0.631575 -0.0252888 
v -469.654 -0.631575 0.172241 
v -469.75 -0.180133 0.172241 
v -469.803 -0.180133 0.302195 
v -469.736 -0.631575 0.369771 

vn 0 -0.606299 0.795276 
vn -0.566929 -0.606299 0.566929 
vn 0 -1 0 
vn -0.795276 -0.606299 0 
vn 0.566929 -0.606299 0.566929 
vn 0.795276 -0.606299 0 
vn 0 0.299213 0.952756 
vn 0.503937 0.314961 0.80315 
vn 0.606299 0.322835 0.724409 
vn 0 0.299213 0.952756 
vn -0.503937 0.314961 0.80315 
vn -0.606299 0.322835 0.724409 
vn -0.88189 0.362205 0.299213 
vn 0.598425 -0.614173 0.511811 
vn 0.645669 -0.614173 0.456693 
vn 0 -0.645669 0.76378 
vn 0 -0.645669 0.76378 
vn -0.598425 -0.614173 0.511811 
vn -0.645669 -0.614173 0.456693 
vn 0.653543 0.472441 -0.598425 
vn 0.566929 0.417323 0.708661 
vn 0.472441 0.417323 0.771654 
vn 0 0.409449 0.913386 
vn 0 0.409449 0.913386 
vn -0.566929 0.417323 0.708661 
vn -0.472441 0.417323 0.771654 
vn -0.992126 0 -0.133858 
vn -0.748031 0 0.661417 
vn -0.614173 0 0.787402 
vn 0 0 1 
vn 0.748031 0 0.661417 
vn 0 0 1 
vn 0.614173 0 0.787402 
vn -0.708661 0 0.708661 
vn -0.708661 0 0.708661 
vn 0 0 1 
vn 0 0 1 
vn 0.708661 0 0.708661 
vn 0.708661 0 0.708661 
vn -0.748031 0 0.669291 
vn -0.661417 0 0.748031 
vn 0 0.00787402 1 
vn 0 0.00787402 1 
vn 0.661417 0 0.748031 
vn 0.992126 0 -0.110236 
vn 0.748031 0 0.669291 
vn 1 0 0.0629921 
vn 0.692913 -0.00787402 0.716535 
vn 0.637795 -0.00787402 0.771654 
vn -1 0 0 
vn 0 -0.00787402 1 
vn -0.992126 0 0.110236 
vn 0 -0.00787402 1 
vn -0.692913 -0.00787402 0.716535 
vn -0.637795 -0.00787402 0.771654 
vn 0 -0.519685 0.858268 
vn 0.653543 -0.496063 0.574803 
vn 0.76378 -0.480315 0.433071 
vn 0 -0.519685 0.858268 
vn -0.653543 -0.496063 0.574803 
vn -0.76378 -0.480315 0.433071 
vn -1 0 -0.0472441 
vn -0.724409 0.00787402 0.685039 
vn 0 0.00787402 -1 
vn -0.700787 0.00787402 0.708661 
vn 0 0.00787402 1 
vn 0 0.00787402 1 
vn 0.700787 0.00787402 0.708661 
vn 1 0 -0.0472441 
vn 0.724409 0.00787402 0.685039 
vn 0.826772 0.543307 0.141732 
vn 0.559055 0.535433 0.637795 
vn 0.519685 0.535433 0.669291 
vn -0.826772 0.543307 0.141732 
vn 0 0.527559 0.850394 
vn -0.834646 0.551181 0.0629921 
vn 0 0.527559 0.850394 
vn -0.559055 0.535433 0.637795 
vn -0.519685 0.535433 0.669291 
vn 0.755906 -0.425197 0.496063 
vn 0.653543 -0.425197 0.629921 
vn 0 -0.425197 0.905512 
vn 0 -0.425197 0.905512 
vn -0.653543 -0.425197 0.629921 
vn -0.755906 -0.425197 0.496063 
vn -0.976378 0.204724 0 
vn 0.976378 0.204724 0 
vn -0.976378 0.204724 0 
vn 0.976378 0.204724 0 
vn -0.692913 0.204724 0.692913 
vn 0.692913 0.204724 0.692913 
vn -0.692913 0.204724 0.692913 
vn 0.692913 0.204724 0.692913 
vn 0 0.204724 0.976378 
vn 0 0.204724 0.976378 
vn 0 -0.606299 0.795276 
vn -0.566929 -0.606299 0.566929 
vn 0 -1 0 
vn -0.795276 -0.606299 0 
vn -0.566929 -0.606299 -0.566929 
vn -0.503937 0.314961 0.80315 
vn -0.606299 0.322835 0.724409 
vn -0.88189 0.362205 0.299213 
vn -0.92126 0.377953 0.0787402 
vn -0.771654 0.417323 -0.472441 
vn -0.661417 0.425197 -0.622047 
vn 0 -0.448819 -0.889764 
vn 0 -0.448819 -0.889764 
vn -0.566929 -0.480315 -0.669291 
vn -0.527559 -0.472441 -0.700787 
vn -0.826772 -0.535433 -0.181102 
vn 0 -0.645669 0.76378 
vn -0.826772 -0.551181 -0.0944882 
vn 0 -0.645669 0.76378 
vn -0.598425 -0.614173 0.511811 
vn -0.645669 -0.614173 0.456693 
vn 0 0.480315 -0.88189 
vn -0.653543 0.472441 -0.598425 
vn -0.748031 0.464567 -0.464567 
vn -0.889764 0.440945 0.102362 
vn -0.850394 0.440945 0.291339 
vn -0.566929 0.417323 0.708661 
vn -0.472441 0.417323 0.771654 
vn -0.748031 0 -0.661417 
vn -0.614173 0 -0.787402 
vn 0 0 -1 
vn -0.992126 0 -0.133858 
vn -0.992126 0 0.133858 
vn -0.748031 0 0.661417 
vn -0.614173 0 0.787402 
vn 0 0 1 
vn -0.708661 0 0.708661 
vn -0.708661 0 0.708661 
vn -1 0 0 
vn -1 0 0 
vn -0.708661 0 -0.708661 
vn -0.708661 0 -0.708661 
vn 0.708661 0 -0.708661 
vn 0.708661 0 -0.708661 
vn -1 0 0.0629921 
vn -0.992126 0 -0.110236 
vn -0.724409 0 -0.685039 
vn -0.637795 0 -0.771654 
vn -0.748031 0 0.669291 
vn 0 0.00787402 -1 
vn -0.661417 0 0.748031 
vn 0 0.00787402 -1 
vn 0 0.00787402 1 
vn 0.748031 -0.00787402 -0.669291 
vn -0.692913 -0.00787402 -0.716535 
vn 0.692913 -0.00787402 0.716535 
vn -0.748031 -0.00787402 -0.669291 
vn -1 0 0 
vn -0.992126 0 0.110236 
vn 0 -0.00787402 1 
vn -0.692913 -0.00787402 0.716535 
vn -0.637795 -0.00787402 0.771654 
vn 0 -0.519685 0.858268 
vn -0.653543 -0.496063 0.574803 
vn -0.76378 -0.480315 0.433071 
vn -0.897638 -0.433071 -0.11811 
vn -0.850394 -0.409449 -0.322835 
vn -0.582677 -0.362205 -0.724409 
vn -0.488189 -0.354331 -0.795276 
vn -1 0 0 
vn -1 0 -0.0472441 
vn -0.700787 0.00787402 -0.708661 
vn -0.677165 0.00787402 -0.732283 
vn -0.724409 0.00787402 0.685039 
vn 0 0.00787402 -1 
vn -0.700787 0.00787402 0.708661 
vn 0 0.00787402 -1 
vn 0 0.00787402 1 
vn 0 0.00787402 1 
vn 0 0.566929 -0.826772 
vn 0 0.566929 -0.826772 
vn -0.606299 0.559055 -0.559055 
vn -0.645669 0.559055 -0.511811 
vn -0.826772 0.543307 0.141732 
vn 0 0.527559 0.850394 
vn -0.834646 0.551181 0.0629921 
vn -0.559055 0.535433 0.637795 
vn -0.519685 0.535433 0.669291 
vn -0.488189 -0.401575 -0.771654 
vn -0.574803 -0.401575 -0.708661 
vn -0.866142 -0.417323 -0.275591 
vn -0.653543 -0.425197 0.629921 
vn -0.905512 -0.417323 -0.0787402 
vn -0.755906 -0.425197 0.496063 
vn -0.692913 0.204724 -0.692913 
vn 0 0.204724 -0.976378 
vn -0.692913 0.204724 -0.692913 
vn -0.976378 0.204724 0 
vn -0.976378 0.204724 0 
vn -0.692913 0.204724 0.692913 
vn -0.692913 0.204724 0.692913 
vn 0 -1 0 
vn -0.795276 -0.606299 0 
vn -0.566929 -0.606299 -0.566929 
vn 0.795276 -0.606299 0 
vn 0 -0.606299 -0.795276 
vn 0.566929 -0.606299 -0.566929 
vn 0.606299 0.322835 0.724409 
vn 0.771654 0.417323 -0.472441 
vn 0.661417 0.425197 -0.622047 
vn -0.88189 0.362205 0.299213 
vn 0 0.440945 -0.897638 
vn 0 0.440945 -0.897638 
vn -0.771654 0.417323 -0.472441 
vn -0.661417 0.425197 -0.622047 
vn 0.566929 -0.480315 -0.669291 
vn 0 -0.448819 -0.889764 
vn 0.527559 -0.472441 -0.700787 
vn 0.826772 -0.535433 -0.181102 
vn 0 -0.448819 -0.889764 
vn -0.566929 -0.480315 -0.669291 
vn -0.527559 -0.472441 -0.700787 
vn -0.826772 -0.535433 -0.181102 
vn -0.826772 -0.551181 -0.0944882 
vn 0 0.480315 -0.88189 
vn 0.653543 0.472441 -0.598425 
vn 0.748031 0.464567 -0.464567 
vn 0 0.480315 -0.88189 
vn -0.653543 0.472441 -0.598425 
vn -0.748031 0.464567 -0.464567 
vn -0.566929 0.417323 0.708661 
vn -0.472441 0.417323 0.771654 
vn -0.748031 0 -0.661417 
vn -0.614173 0 -0.787402 
vn 0 0 -1 
vn 0 0 -1 
vn 0.614173 0 -0.787402 
vn 0.748031 0 -0.661417 
vn -0.708661 0 -0.708661 
vn -0.708661 0 -0.708661 
vn 0 0 -1 
vn 0 0 -1 
vn 0.708661 0 -0.708661 
vn 0.708661 0 -0.708661 
vn -1 0 0.0629921 
vn -0.724409 0 -0.685039 
vn -0.637795 0 -0.771654 
vn 0 0.00787402 -1 
vn 0 0.00787402 -1 
vn 0.637795 0 -0.771654 
vn 0.724409 0 -0.685039 
vn 0.992126 0 -0.110236 
vn 1 0 0.0629921 
vn 0 -0.00787402 -1 
vn 0.692913 -0.00787402 -0.716535 
vn 0.748031 -0.00787402 -0.669291 
vn 0 -0.00787402 -1 
vn -0.692913 -0.00787402 -0.716535 
vn 0.692913 -0.00787402 0.716535 
vn -0.748031 -0.00787402 -0.669291 
vn -1 0 0 
vn 0 -0.00787402 1 
vn 0.582677 -0.362205 -0.724409 
vn 0.488189 -0.354331 -0.795276 
vn 0 -0.338583 -0.944882 
vn 0 -0.338583 -0.944882 
vn -0.582677 -0.362205 -0.724409 
vn -0.488189 -0.354331 -0.795276 
vn -1 0 0 
vn -1 0 -0.0472441 
vn -0.700787 0.00787402 -0.708661 
vn -0.677165 0.00787402 -0.732283 
vn 0 0.00787402 -1 
vn 0 0.00787402 -1 
vn 0.677165 0.00787402 -0.732283 
vn 0.700787 0.00787402 -0.708661 
vn 1 0 -0.0472441 
vn 1 0 0 
vn 0 0.566929 -0.826772 
vn 0.606299 0.559055 -0.559055 
vn 0.645669 0.559055 -0.511811 
vn 0 0.566929 -0.826772 
vn -0.606299 0.559055 -0.559055 
vn -0.645669 0.559055 -0.511811 
vn 0.574803 -0.401575 -0.708661 
vn 0.488189 -0.401575 -0.771654 
vn 0 -0.401575 -0.913386 
vn 0 -0.401575 -0.913386 
vn -0.488189 -0.401575 -0.771654 
vn -0.574803 -0.401575 -0.708661 
vn 0 0.204724 -0.976378 
vn -0.692913 0.204724 -0.692913 
vn 0 0.204724 -0.976378 
vn 0.692913 0.204724 -0.692913 
vn -0.692913 0.204724 -0.692913 
vn 0.692913 0.204724 -0.692913 
vn 0 -0.606299 0.795276 
vn 0 -1 0 
vn 0.566929 -0.606299 0.566929 
vn 0.795276 -0.606299 0 
vn 0.566929 -0.606299 -0.566929 
vn 0.503937 0.314961 0.80315 
vn 0.606299 0.322835 0.724409 
vn 0.88189 0.362205 0.299213 
vn 0.92126 0.377953 0.0787402 
vn 0.771654 0.417323 -0.472441 
vn 0.661417 0.425197 -0.622047 
vn 0 0.440945 -0.897638 
vn 0.566929 -0.480315 -0.669291 
vn 0 -0.448819 -0.889764 
vn 0.527559 -0.472441 -0.700787 
vn 0.826772 -0.535433 -0.181102 
vn 0 -0.448819 -0.889764 
vn 0.826772 -0.551181 -0.0944882 
vn 0.598425 -0.614173 0.511811 
vn 0.645669 -0.614173 0.456693 
vn 0 -0.645669 0.76378 
vn 0 -0.645669 0.76378 
vn 0.653543 0.472441 -0.598425 
vn 0.748031 0.464567 -0.464567 
vn 0.889764 0.440945 0.102362 
vn 0.850394 0.440945 0.291339 
vn 0.566929 0.417323 0.708661 
vn 0.472441 0.417323 0.771654 
vn -0.748031 0 -0.661417 
vn 0 0 -1 
vn -0.992126 0 -0.133858 
vn 0.614173 0 -0.787402 
vn 0.748031 0 -0.661417 
vn 0.992126 0 -0.133858 
vn 0.992126 0 0.133858 
vn 0.748031 0 0.661417 
vn 0 0 1 
vn 0.614173 0 0.787402 
vn -0.708661 0 0.708661 
vn -0.708661 0 0.708661 
vn 0.708661 0 0.708661 
vn 0.708661 0 0.708661 
vn 1 0 0 
vn 0.708661 0 -0.708661 
vn 1 0 0 
vn 0.708661 0 -0.708661 
vn -0.748031 0 0.669291 
vn 0 0.00787402 -1 
vn 0 0.00787402 -1 
vn 0.637795 0 -0.771654 
vn 0 0.00787402 1 
vn 0.724409 0 -0.685039 
vn 0.661417 0 0.748031 
vn 0.992126 0 -0.110236 
vn 0.748031 0 0.669291 
vn 1 0 0.0629921 
vn 0.692913 -0.00787402 -0.716535 
vn 0.748031 -0.00787402 -0.669291 
vn 1 0 0 
vn 0.992126 0 0.110236 
vn 0.692913 -0.00787402 0.716535 
vn 0.637795 -0.00787402 0.771654 
vn -1 0 0 
vn 0 -0.00787402 1 
vn 0.653543 -0.496063 0.574803 
vn 0.76378 -0.480315 0.433071 
vn 0.897638 -0.433071 -0.11811 
vn 0.850394 -0.409449 -0.322835 
vn 0.582677 -0.362205 -0.724409 
vn 0.488189 -0.354331 -0.795276 
vn 0 0.00787402 -1 
vn 0 0.00787402 -1 
vn 0 0.00787402 1 
vn 0.677165 0.00787402 -0.732283 
vn 0 0.00787402 1 
vn 0.700787 0.00787402 -0.708661 
vn 0.700787 0.00787402 0.708661 
vn 1 0 -0.0472441 
vn 0.724409 0.00787402 0.685039 
vn 1 0 0 
vn 0 0.566929 -0.826772 
vn 0.606299 0.559055 -0.559055 
vn 0.645669 0.559055 -0.511811 
vn 0.826772 0.543307 0.141732 
vn 0 0.566929 -0.826772 
vn 0.834646 0.551181 0.0629921 
vn 0.559055 0.535433 0.637795 
vn 0.519685 0.535433 0.669291 
vn 0 0.527559 0.850394 
vn 0.866142 -0.417323 -0.275591 
vn 0.574803 -0.401575 -0.708661 
vn 0.488189 -0.401575 -0.771654 
vn 0.905512 -0.417323 -0.0787402 
vn 0.755906 -0.425197 0.496063 
vn 0.653543 -0.425197 0.629921 
vn 0 0.204724 -0.976378 
vn 0 0.204724 -0.976378 
vn 0.692913 0.204724 -0.692913 
vn 0.692913 0.204724 -0.692913 
vn 0.976378 0.204724 0 
vn 0.976378 0.204724 0 
vn 0.692913 0.204724 0.692913 
vn 0.692913 0.204724 0.692913 

vt 16 -21.3485 
vt 15.9753 -21.3485 
vt 16 -21.3945 
vt 15.9651 -21.3485 
vt 16.0247 -21.3485 
vt 16.0349 -21.3485 
vt 16 -20.9837 
vt 16.0162 -20.9938 
vt 16.013 -20.9808 
vt 16 -20.9974 
vt 15.9838 -20.9938 
vt 15.987 -20.9808 
vt 15.977 -20.9851 
vt 16.013 -21.1539 
vt 16.0162 -21.1482 
vt 16 -21.15 
vt 16 -21.1551 
vt 15.987 -21.1539 
vt 15.9838 -21.1482 
vt 16.013 -21.055 
vt 16.013 -21.0689 
vt 16.0162 -21.0785 
vt 16 -21.0718 
vt 16 -21.0815 
vt 15.987 -21.0689 
vt 15.9838 -21.0785 
vt 15.977 -20.9851 
vt 15.9838 -20.9938 
vt 15.9838 -21.0611 
vt 16 -20.9974 
vt 16.0162 -20.9938 
vt 16 -21.0647 
vt 16.0162 -21.0611 
vt 15.9834 -20.8575 
vt 15.9834 -20.6055 
vt 16 -20.6055 
vt 16 -20.8575 
vt 16.0166 -20.6055 
vt 16.0166 -20.8575 
vt 15.9838 -21.0785 
vt 15.9838 -21.1482 
vt 16 -21.0815 
vt 16 -21.15 
vt 16.0162 -21.1482 
vt 16.023 -21.0711 
vt 16.0162 -21.0785 
vt 16.023 -21.1439 
vt 16.0162 -20.9049 
vt 16.0162 -20.971 
vt 15.977 -20.9049 
vt 16 -20.9049 
vt 15.977 -20.964 
vt 16 -20.9739 
vt 15.9838 -20.9049 
vt 15.9838 -20.971 
vt 16 -21.0647 
vt 16.013 -21.0689 
vt 16.0162 -21.0611 
vt 16 -21.0718 
vt 15.987 -21.0689 
vt 15.9838 -21.0611 
vt 15.977 -21.1579 
vt 15.9838 -21.161 
vt 16 -21.2057 
vt 15.9838 -21.2057 
vt 16 -21.1623 
vt 16 -21.2057 
vt 16.0162 -21.2057 
vt 16.023 -21.1579 
vt 16.0162 -21.161 
vt 16.023 -21.1579 
vt 16.013 -21.1539 
vt 16.0162 -21.161 
vt 15.977 -21.1579 
vt 16 -21.1623 
vt 15.9816 -21.1509 
vt 16 -21.1551 
vt 15.987 -21.1539 
vt 15.9838 -21.161 
vt 16.0162 -20.971 
vt 16.013 -20.9808 
vt 16 -20.9739 
vt 16 -20.9837 
vt 15.987 -20.9808 
vt 15.9838 -20.971 
vt 15.9651 -21.3485 
vt 16.0349 -21.3485 
vt 15.977 -21.2921 
vt 16.023 -21.2921 
vt 15.9838 -21.2921 
vt 16.0162 -21.2921 
vt 15.9753 -21.3485 
vt 16.0247 -21.3485 
vt 16 -21.3485 
vt 16 -21.2921 
vt 16.0349 -21.3485 
vt 16.0247 -21.3485 
vt 16 -21.3945 
vt 16 -21.3485 
vt 15.9753 -21.3485 
vt 16.0153 -20.9938 
vt 16.0122 -20.9808 
vt 16 -20.9851 
vt 16 -20.9739 
vt 15.9847 -20.9764 
vt 15.9878 -20.9669 
vt 15.9777 -21.1379 
vt 15.9821 -21.1467 
vt 15.9873 -21.148 
vt 15.9842 -21.1397 
vt 16 -21.1439 
vt 16.0223 -21.15 
vt 16 -21.1509 
vt 16.0179 -21.1551 
vt 16.0127 -21.1539 
vt 16.0158 -21.1482 
vt 15.9782 -21.0607 
vt 15.9878 -21.055 
vt 15.9846 -21.0637 
vt 16 -21.062 
vt 16 -21.0711 
vt 16.0122 -21.0689 
vt 16.0154 -21.0785 
vt 15.9847 -21.0437 
vt 15.9847 -20.9764 
vt 15.9784 -20.9728 
vt 16 -20.9851 
vt 16 -21.0524 
vt 16.0153 -20.9938 
vt 16.0153 -21.0611 
vt 16.0216 -21.0647 
vt 16.0166 -20.8575 
vt 16.0166 -20.6055 
vt 16 -20.8575 
vt 16 -20.6055 
vt 15.9834 -20.8575 
vt 15.9834 -20.6055 
vt 15.9834 -20.8575 
vt 15.9834 -20.6055 
vt 16 -21.1439 
vt 16 -21.0711 
vt 15.9842 -21.1397 
vt 15.9846 -21.0637 
vt 16.0154 -21.0785 
vt 15.9777 -21.1379 
vt 16.0158 -21.1482 
vt 15.9782 -21.0607 
vt 16.0223 -21.15 
vt 15.9846 -20.9571 
vt 15.9842 -20.9049 
vt 16.0158 -20.9049 
vt 15.9846 -20.9571 
vt 16 -20.9049 
vt 16 -20.964 
vt 16.0217 -20.9739 
vt 16.0158 -20.9049 
vt 16.0154 -20.971 
vt 16.0216 -21.0647 
vt 16.0122 -21.0689 
vt 16.0153 -21.0611 
vt 16 -21.062 
vt 16 -21.0524 
vt 15.9878 -21.055 
vt 15.9847 -21.0437 
vt 16 -21.2057 
vt 16 -21.1579 
vt 15.9838 -21.2057 
vt 15.9841 -21.1548 
vt 16.0159 -21.161 
vt 15.977 -21.2057 
vt 16.0162 -21.2057 
vt 15.9775 -21.1535 
vt 16.0225 -21.1623 
vt 16.023 -21.2057 
vt 15.9775 -21.1535 
vt 15.9821 -21.1467 
vt 15.9873 -21.148 
vt 15.9841 -21.1548 
vt 16 -21.1579 
vt 16.0225 -21.1623 
vt 16 -21.1509 
vt 16.0127 -21.1539 
vt 16.0159 -21.161 
vt 15.9846 -20.9571 
vt 15.9878 -20.9669 
vt 16 -20.964 
vt 16.0122 -20.9808 
vt 16 -20.9739 
vt 16.0154 -20.971 
vt 15.9838 -21.2921 
vt 15.977 -21.2921 
vt 15.9753 -21.3485 
vt 16 -21.3485 
vt 16 -21.2921 
vt 16.0162 -21.2921 
vt 16.0247 -21.3485 
vt 16 -21.3945 
vt 16.0349 -21.3485 
vt 16.0247 -21.3485 
vt 15.9651 -21.3485 
vt 16 -21.3485 
vt 15.9753 -21.3485 
vt 15.987 -20.9808 
vt 15.9838 -20.9764 
vt 15.987 -20.9669 
vt 16.023 -20.9851 
vt 16 -20.9728 
vt 16 -20.964 
vt 16.0162 -20.9764 
vt 16.013 -20.9669 
vt 15.987 -21.148 
vt 16 -21.1379 
vt 15.9838 -21.1397 
vt 15.977 -21.1439 
vt 16 -21.1467 
vt 16.013 -21.148 
vt 16.0162 -21.1397 
vt 16.023 -21.1439 
vt 16.0184 -21.1509 
vt 16 -21.0607 
vt 15.987 -21.055 
vt 15.9838 -21.0637 
vt 16 -21.0522 
vt 16.013 -21.055 
vt 16.0162 -21.0637 
vt 16.013 -21.0689 
vt 16.0162 -21.0785 
vt 16.0162 -21.0437 
vt 16.0162 -20.9764 
vt 16 -21.0401 
vt 16 -20.9728 
vt 15.9838 -20.9764 
vt 15.9838 -21.0437 
vt 16.0166 -20.8575 
vt 16.0166 -20.6055 
vt 16 -20.8575 
vt 16 -20.6055 
vt 15.9834 -20.8575 
vt 15.9834 -20.6055 
vt 16.023 -21.1439 
vt 16.0162 -21.1397 
vt 16.0162 -21.0637 
vt 16 -21.1379 
vt 16 -21.0607 
vt 15.9838 -21.0637 
vt 15.9838 -21.1397 
vt 15.977 -21.0711 
vt 15.977 -21.1439 
vt 16 -20.9542 
vt 15.9838 -20.9049 
vt 15.9838 -20.9571 
vt 16 -20.9049 
vt 16.0162 -20.9049 
vt 15.9838 -20.9049 
vt 16.0162 -20.9571 
vt 16.023 -20.9049 
vt 16 -20.9739 
vt 15.987 -21.055 
vt 15.9838 -21.0437 
vt 16 -21.0522 
vt 16 -21.0401 
vt 16.013 -21.055 
vt 16.0162 -21.0437 
vt 16.023 -21.2057 
vt 16.023 -21.1579 
vt 16.0162 -21.2057 
vt 16.0162 -21.1548 
vt 16 -21.2057 
vt 16 -21.1535 
vt 15.9838 -21.1548 
vt 15.9838 -21.2057 
vt 15.977 -21.1579 
vt 15.977 -21.2057 
vt 16 -21.1535 
vt 15.987 -21.148 
vt 15.9838 -21.1548 
vt 16 -21.1467 
vt 16.013 -21.148 
vt 16.0162 -21.1548 
vt 15.987 -20.9669 
vt 15.9838 -20.9571 
vt 16 -20.964 
vt 16 -20.9542 
vt 16.0162 -20.9571 
vt 16.013 -20.9669 
vt 16 -21.3485 
vt 16.0162 -21.2921 
vt 16 -21.2921 
vt 15.9838 -21.2921 
vt 16.0247 -21.3485 
vt 15.9753 -21.3485 
vt 15.9651 -21.3485 
vt 16 -21.3945 
vt 15.9753 -21.3485 
vt 16 -21.3485 
vt 16.0247 -21.3485 
vt 15.9847 -20.9938 
vt 15.9878 -20.9808 
vt 16 -20.9851 
vt 16 -20.9739 
vt 16.0153 -20.9764 
vt 16.0122 -20.9669 
vt 16.0216 -20.9728 
vt 16.0127 -21.148 
vt 16.0223 -21.1379 
vt 16.0158 -21.1397 
vt 16 -21.1439 
vt 16.0179 -21.1467 
vt 16 -21.1509 
vt 15.9873 -21.1539 
vt 15.9842 -21.1482 
vt 15.9777 -21.15 
vt 15.9821 -21.1551 
vt 16.0122 -21.055 
vt 16.0154 -21.0637 
vt 16 -21.062 
vt 16 -21.0711 
vt 15.9878 -21.0689 
vt 15.9846 -21.0785 
vt 16.0153 -21.0437 
vt 16.0216 -20.9728 
vt 16 -20.9851 
vt 16.0153 -20.9764 
vt 16.0153 -21.0437 
vt 16 -20.9851 
vt 16 -21.0524 
vt 15.9847 -20.9938 
vt 15.9784 -21.0647 
vt 15.9847 -21.0611 
vt 15.9834 -20.8575 
vt 15.9834 -20.6055 
vt 15.9834 -20.6055 
vt 15.9834 -20.8575 
vt 16 -20.6055 
vt 16.0166 -20.8575 
vt 16 -20.8575 
vt 16.0166 -20.6055 
vt 15.9846 -21.0785 
vt 16.0223 -21.1379 
vt 16.0218 -21.0607 
vt 16.0154 -21.0637 
vt 15.9777 -21.15 
vt 16.0158 -21.1397 
vt 15.9842 -21.1482 
vt 16 -21.0711 
vt 15.9846 -21.0785 
vt 16 -21.1439 
vt 16.0158 -20.9049 
vt 16.0154 -20.9571 
vt 16 -20.9049 
vt 16 -20.964 
vt 15.9842 -20.9049 
vt 15.9846 -20.971 
vt 16 -20.9049 
vt 15.9783 -20.9739 
vt 15.9878 -21.0689 
vt 15.9847 -21.0611 
vt 16 -21.062 
vt 16 -21.0524 
vt 16.0122 -21.055 
vt 16.0153 -21.0437 
vt 16.023 -21.2057 
vt 16.0225 -21.1535 
vt 15.9775 -21.1623 
vt 16.0159 -21.1548 
vt 15.977 -21.2057 
vt 16.0162 -21.2057 
vt 15.9838 -21.2057 
vt 16 -21.1579 
vt 15.9841 -21.161 
vt 16 -21.2057 
vt 16.0225 -21.1535 
vt 16.0127 -21.148 
vt 16.0159 -21.1548 
vt 16 -21.1579 
vt 16.0179 -21.1467 
vt 16 -21.1509 
vt 15.9873 -21.1539 
vt 15.9841 -21.161 
vt 15.9775 -21.1623 
vt 16 -20.964 
vt 16.0122 -20.9669 
vt 16.0154 -20.9571 
vt 16 -20.9739 
vt 15.9846 -20.971 
vt 15.9878 -20.9808 
vt 16.0349 -21.3485 
vt 16.023 -21.2921 
vt 16.0162 -21.2921 
vt 16.0247 -21.3485 
vt 16 -21.3485 
vt 16 -21.2921 
vt 15.9838 -21.2921 
vt 15.9753 -21.3485 

usemtl Meshpart1Mtl

f 1/1/1 2/2/2 3/3/3 
f 5/5/5 1/1/1 3/3/3 
f 7/7/7 8/8/8 9/9/9 
f 8/8/8 7/7/7 10/10/10 
f 7/7/7 11/11/11 10/10/10 
f 11/11/11 7/7/7 12/12/12 
f 16/16/16 14/14/14 15/15/15 
f 14/14/14 16/16/16 17/17/17 
f 18/18/18 17/17/17 16/16/16 
f 16/16/16 19/19/19 18/18/18 
f 23/23/23 22/22/22 21/21/21 
f 22/22/22 23/23/23 24/24/24 
f 26/26/26 24/24/24 23/23/23 
f 23/23/23 25/25/25 26/26/26 
f 29/29/29 30/30/30 28/28/28 
f 30/30/30 29/29/29 32/32/32 
f 30/30/30 33/33/33 31/31/31 
f 33/33/33 30/30/30 32/32/32 
f 35/35/35 34/34/34 36/36/36 
f 37/37/37 36/36/36 34/34/34 
f 36/36/36 37/37/37 38/38/38 
f 39/39/39 38/38/38 37/37/37 
f 40/40/40 41/41/41 42/42/42 
f 43/43/43 42/42/42 41/41/41 
f 44/44/44 42/42/42 43/43/43 
f 42/42/42 44/44/44 46/46/46 
f 51/51/51 49/49/49 48/48/48 
f 49/49/49 51/51/51 53/53/53 
f 51/51/51 55/55/55 53/53/53 
f 55/55/55 51/51/51 54/54/54 
f 56/56/56 57/57/57 58/58/58 
f 57/57/57 56/56/56 59/59/59 
f 56/56/56 60/60/60 59/59/59 
f 56/56/56 61/61/61 60/60/60 
f 63/63/63 65/65/65 66/66/66 
f 67/67/67 66/66/66 65/65/65 
f 68/68/68 66/66/66 67/67/67 
f 66/66/66 68/68/68 70/70/70 
f 73/73/73 72/72/72 75/75/75 
f 72/72/72 77/77/77 75/75/75 
f 78/78/78 75/75/75 77/77/77 
f 75/75/75 78/78/78 79/79/79 
f 82/82/82 81/81/81 80/80/80 
f 81/81/81 82/82/82 83/83/83 
f 82/82/82 84/84/84 83/83/83 
f 84/84/84 82/82/82 85/85/85 
f 94/94/94 90/90/90 92/92/92 
f 93/93/93 91/91/91 94/94/94 
f 90/90/90 94/94/94 95/95/95 
f 95/95/95 94/94/94 91/91/91 
f 97/97/97 99/99/99 98/98/98 
f 99/99/99 100/100/100 98/98/98 
f 103/103/103 101/101/101 102/102/102 
f 104/104/104 103/103/103 102/102/102 
f 105/105/105 103/103/103 104/104/104 
f 106/106/106 105/105/105 104/104/104 
f 111/111/111 110/110/110 109/109/109 
f 109/109/109 113/113/113 111/111/111 
f 115/115/115 111/111/111 113/113/113 
f 111/111/111 115/115/115 116/116/116 
f 119/119/119 120/120/120 118/118/118 
f 119/119/119 121/121/121 120/120/120 
f 121/121/121 122/122/122 120/120/120 
f 121/121/121 123/123/123 122/122/122 
f 125/125/125 124/124/124 127/127/127 
f 128/128/128 127/127/127 124/124/124 
f 127/127/127 128/128/128 129/129/129 
f 130/130/130 129/129/129 128/128/128 
f 132/132/132 133/133/133 134/134/134 
f 134/134/134 133/133/133 135/135/135 
f 134/134/134 135/135/135 136/136/136 
f 136/136/136 135/135/135 137/137/137 
f 140/140/140 141/141/141 142/142/142 
f 142/142/142 141/141/141 143/143/143 
f 140/140/140 144/144/144 141/141/141 
f 146/146/146 144/144/144 140/140/140 
f 152/152/152 153/153/153 150/150/150 
f 154/154/154 153/153/153 152/152/152 
f 154/154/154 156/156/156 153/153/153 
f 157/157/157 156/156/156 154/154/154 
f 161/161/161 159/159/159 160/160/160 
f 162/162/162 161/161/161 160/160/160 
f 163/163/163 161/161/161 162/162/162 
f 164/164/164 163/163/163 162/162/162 
f 165/165/165 166/166/166 167/167/167 
f 167/167/167 166/166/166 168/168/168 
f 165/165/165 169/169/169 166/166/166 
f 171/171/171 169/169/169 165/165/165 
f 179/179/179 177/177/177 178/178/178 
f 177/177/177 179/179/179 181/181/181 
f 179/179/179 182/182/182 181/181/181 
f 179/179/179 183/183/183 182/182/182 
f 185/185/185 186/186/186 184/184/184 
f 185/185/185 188/188/188 186/186/186 
f 188/188/188 189/189/189 186/186/186 
f 188/188/188 187/187/187 189/189/189 
f 193/193/193 190/190/190 192/192/192 
f 190/190/190 193/193/193 194/194/194 
f 193/193/193 195/195/195 194/194/194 
f 196/196/196 195/195/195 193/193/193 
f 199/199/199 201/201/201 197/197/197 
f 201/201/201 202/202/202 197/197/197 
f 207/207/207 205/205/205 204/204/204 
f 205/205/205 207/207/207 208/208/208 
f 210/210/210 208/208/208 207/207/207 
f 207/207/207 209/209/209 210/210/210 
f 211/211/211 212/212/212 213/213/213 
f 212/212/212 211/211/211 215/215/215 
f 216/216/216 212/212/212 215/215/215 
f 212/212/212 216/216/216 217/217/217 
f 220/220/220 221/221/221 222/222/222 
f 221/221/221 220/220/220 223/223/223 
f 220/220/220 224/224/224 223/223/223 
f 224/224/224 220/220/220 225/225/225 
f 228/228/228 229/229/229 230/230/230 
f 231/231/231 230/230/230 229/229/229 
f 232/232/232 230/230/230 231/231/231 
f 230/230/230 232/232/232 233/233/233 
f 235/235/235 236/236/236 234/234/234 
f 236/236/236 235/235/235 237/237/237 
f 237/237/237 238/238/238 236/236/236 
f 238/238/238 237/237/237 239/239/239 
f 242/242/242 243/243/243 241/241/241 
f 243/243/243 242/242/242 244/244/244 
f 245/245/245 243/243/243 244/244/244 
f 243/243/243 245/245/245 246/246/246 
f 249/249/249 250/250/250 251/251/251 
f 250/250/250 249/249/249 252/252/252 
f 252/252/252 249/249/249 253/253/253 
f 255/255/255 253/253/253 249/249/249 
f 260/260/260 259/259/259 258/258/258 
f 259/259/259 260/260/260 261/261/261 
f 263/263/263 261/261/261 260/260/260 
f 260/260/260 262/262/262 263/263/263 
f 267/267/267 268/268/268 266/266/266 
f 268/268/268 267/267/267 269/269/269 
f 270/270/270 268/268/268 269/269/269 
f 268/268/268 270/270/270 271/271/271 
f 274/274/274 275/275/275 276/276/276 
f 275/275/275 274/274/274 277/277/277 
f 274/274/274 278/278/278 277/277/277 
f 274/274/274 279/279/279 278/278/278 
f 282/282/282 281/281/281 280/280/280 
f 281/281/281 282/282/282 283/283/283 
f 284/284/284 283/283/283 282/282/282 
f 282/282/282 285/285/285 284/284/284 
f 286/286/286 287/287/287 288/288/288 
f 289/289/289 286/286/286 288/288/288 
f 287/287/287 286/286/286 290/290/290 
f 286/286/286 289/289/289 291/291/291 
f 295/295/295 294/294/294 293/293/293 
f 296/296/296 295/295/295 293/293/293 
f 299/299/299 298/298/298 297/297/297 
f 298/298/298 299/299/299 300/300/300 
f 301/301/301 300/300/300 299/299/299 
f 300/300/300 301/301/301 302/302/302 
f 307/307/307 304/304/304 306/306/306 
f 304/304/304 307/307/307 309/309/309 
f 307/307/307 310/310/310 309/309/309 
f 310/310/310 307/307/307 311/311/311 
f 316/316/316 315/315/315 314/314/314 
f 315/315/315 316/316/316 317/317/317 
f 318/318/318 317/317/317 316/316/316 
f 317/317/317 318/318/318 319/319/319 
f 325/325/325 324/324/324 323/323/323 
f 324/324/324 325/325/325 326/326/326 
f 327/327/327 326/326/326 325/325/325 
f 326/326/326 327/327/327 329/329/329 
f 332/332/332 333/333/333 334/334/334 
f 334/334/334 333/333/333 336/336/336 
f 334/334/334 336/336/336 337/337/337 
f 337/337/337 336/336/336 335/335/335 
f 345/345/345 343/343/343 341/341/341 
f 343/343/343 345/345/345 347/347/347 
f 347/347/347 346/346/346 344/344/344 
f 346/346/346 347/347/347 345/345/345 
f 350/350/350 349/349/349 348/348/348 
f 349/349/349 350/350/350 351/351/351 
f 352/352/352 351/351/351 350/350/350 
f 351/351/351 352/352/352 353/353/353 
f 358/358/358 357/357/357 356/356/356 
f 357/357/357 358/358/358 359/359/359 
f 360/360/360 359/359/359 358/358/358 
f 359/359/359 360/360/360 361/361/361 
f 369/369/369 367/367/367 365/365/365 
f 367/367/367 369/369/369 371/371/371 
f 371/371/371 370/370/370 368/368/368 
f 370/370/370 371/371/371 369/369/369 
f 373/373/373 375/375/375 374/374/374 
f 375/375/375 373/373/373 377/377/377 
f 378/378/378 375/375/375 377/377/377 
f 375/375/375 378/378/378 379/379/379 
f 381/381/381 382/382/382 383/383/383 
f 382/382/382 381/381/381 384/384/384 
f 385/385/385 384/384/384 381/381/381 
f 384/384/384 385/385/385 386/386/386 
f 389/389/389 391/391/391 390/390/390 
f 392/392/392 391/391/391 389/389/389 
f 393/393/393 391/391/391 392/392/392 
f 391/391/391 393/393/393 394/394/394 

g Meshpart2

v -469.938 -0.265549 0.355987 
v -469.938 -0.139335 0.420311 
v -470.068 -0.265549 0.302159 
v -469.808 -0.265549 0.302159 
v -470.113 -0.139335 0.347643 
v -469.762 -0.139335 0.347643 
v -470.186 -0.139335 0.172205 
v -469.69 -0.139335 0.172205 
v -469.938 8.77031 0.518263 
v -469.808 2.85324 0.298239 
v -469.938 2.93801 0.408497 
v -469.938 2.85324 0.350445 
v -470.068 2.85324 0.298239 
v -469.771 2.93801 0.339289 
v -470.105 2.93801 0.339289 
v -470.174 2.93801 0.172205 
v -470.122 2.85324 0.172205 
v -470.585 6.74176 0.913239 
v -470.515 6.75622 -0.793101 
v -470.33 6.50687 -0.793101 
v -470.585 7.90534 -0.556305 
v -469.322 6.75622 -0.793101 
v -469.506 6.50687 -0.793101 
v -469.336 7.90534 -0.556305 
v -469.336 6.74176 0.913239 
v -470.199 6.67321 -0.0894432 
v -470.308 5.93927 0.172205 
v -470.199 6.67321 0.433853 
v -470.199 5.93927 0.433853 
v -469.938 6.67321 0.542231 
v -469.676 5.93927 0.433853 
v -469.938 5.93927 0.542231 
v -469.676 6.67321 0.433853 
v -470.105 3.25391 0.339289 
v -470.105 2.93801 0.339289 
v -469.938 3.25391 0.408497 
v -469.938 2.93801 0.408497 
v -470.174 2.93801 0.172205 
v -469.771 3.25391 0.339289 
v -470.174 3.25391 0.172205 
v -469.771 2.93801 0.339289 
v -469.702 3.25391 0.172205 
v -469.938 2.93801 -0.0640872 
v -470.186 0.448237 0.172205 
v -470.186 -0.139335 0.172205 
v -469.69 -0.139335 0.172205 
v -470.113 0.448237 0.347643 
v -469.69 0.448237 0.172205 
v -470.113 -0.139335 0.347643 
v -469.762 -0.139335 0.347643 
v -469.938 0.448237 0.420311 
v -469.762 0.448237 0.347643 
v -469.938 -0.139335 0.420311 
v -469.67 5.40735 0.172205 
v -469.67 5.80735 0.172205 
v -470.206 5.80735 0.172205 
v -469.748 5.40735 0.361641 
v -470.206 5.40735 0.172205 
v -469.748 5.80735 0.361641 
v -470.127 5.80735 0.361641 
v -469.938 5.40735 0.440109 
v -470.127 5.40735 0.361641 
v -469.938 5.80735 0.440109 
v -469.805 5.26735 0.304811 
v -469.938 5.40735 0.440109 
v -469.938 5.26735 0.359737 
v -470.07 5.26735 0.304811 
v -469.748 5.40735 0.361641 
v -470.127 5.40735 0.361641 
v -469.67 5.40735 0.172205 
v -470.206 5.40735 0.172205 
v -469.805 3.34133 0.304811 
v -469.702 3.25391 0.172205 
v -469.75 3.34133 0.172205 
v -469.771 3.25391 0.339289 
v -469.938 3.25391 0.408497 
v -469.938 3.34133 0.359737 
v -470.07 3.34133 0.304811 
v -470.105 3.25391 0.339289 
v -470.174 3.25391 0.172205 
v -470.125 3.34133 0.172205 
v -469.938 5.93927 0.542231 
v -470.127 5.80735 0.361641 
v -469.938 5.80735 0.440109 
v -469.748 5.80735 0.361641 
v -470.199 5.93927 0.433853 
v -469.676 5.93927 0.433853 
v -470.186 0.448237 0.172205 
v -469.69 0.448237 0.172205 
v -470.068 0.574451 0.302159 
v -469.808 0.574451 0.302159 
v -470.113 0.448237 0.347643 
v -469.762 0.448237 0.347643 
v -469.938 0.448237 0.420311 
v -469.938 0.574451 0.355987 
v -469.592 8.77031 0.172205 
v -469.704 8.5013 0.172205 
v -469.772 8.5013 0.337685 
v -469.693 8.77031 0.416905 
v -470.284 8.77031 0.172205 
v -469.938 8.77031 0.518263 
v -470.172 8.5013 0.172205 
v -469.938 8.5013 0.406229 
v -470.103 8.5013 0.337685 
v -470.182 8.77031 0.416905 
v -470.182 8.77031 -0.0724952 
v -469.938 9.05986 0.172205 
v -469.938 8.77031 -0.173853 
v -469.693 8.77031 -0.0724952 
v -470.284 8.77031 0.172205 
v -469.592 8.77031 0.172205 
v -470.182 8.77031 0.416905 
v -469.693 8.77031 0.416905 
v -469.938 8.77031 0.518263 
v -469.529 8.1664 -0.556305 
v -470.33 8.11694 -0.793101 
v -470.392 8.1664 -0.556305 
v -469.506 8.11694 -0.793101 
v -469.529 8.1664 0.913239 
v -470.33 8.11694 1.15003 
v -469.506 8.11694 1.15003 
v -470.392 8.1664 0.913239 
v -470.068 -0.265549 0.302159 
v -470.113 -0.139335 0.347643 
v -470.186 -0.139335 0.172205 
v -470.122 -0.265549 0.172205 
v -470.068 -0.265549 0.0422508 
v -470.113 -0.139335 -0.00323321 
v -469.938 -0.139335 -0.0759032 
v -469.938 -0.265549 -0.0115792 
v -469.938 2.93801 0.408497 
v -470.068 2.85324 0.298239 
v -470.105 2.93801 0.339289 
v -470.174 2.93801 0.172205 
v -470.122 2.85324 0.172205 
v -470.068 2.85324 0.0461688 
v -470.105 2.93801 0.0051208 
v -469.938 2.85324 -0.00603721 
v -470.515 7.86759 1.15003 
v -470.585 6.74176 0.913239 
v -470.515 6.75622 1.15003 
v -470.33 6.50687 1.15003 
v -470.392 6.48069 0.913239 
v -470.585 7.90534 0.913239 
v -470.33 8.11694 1.15003 
v -470.392 8.1664 0.913239 
v -470.515 7.86759 -0.793101 
v -470.515 6.75622 -0.793101 
v -470.585 6.74176 -0.556305 
v -470.33 6.50687 -0.793101 
v -470.392 6.48069 -0.556305 
v -470.585 7.90534 -0.556305 
v -470.33 8.11694 -0.793101 
v -470.392 8.1664 -0.556305 
v -469.336 6.74176 -0.556305 
v -470.199 5.93927 -0.0894432 
v -470.199 6.67321 -0.0894432 
v -469.938 6.67321 -0.197821 
v -470.308 6.67321 0.172205 
v -470.308 5.93927 0.172205 
v -470.199 6.67321 0.433853 
v -470.199 5.93927 0.433853 
v -469.938 6.67321 0.542231 
v -470.105 3.25391 0.339289 
v -470.105 2.93801 0.339289 
v -470.174 2.93801 0.172205 
v -470.174 3.25391 0.172205 
v -470.105 2.93801 0.0051208 
v -470.105 3.25391 0.0051208 
v -469.938 -0.139335 -0.0759032 
v -470.113 0.448237 -0.00323321 
v -469.938 0.448237 -0.0759032 
v -470.113 -0.139335 -0.00323321 
v -470.186 0.448237 0.172205 
v -470.186 -0.139335 0.172205 
v -470.113 0.448237 0.347643 
v -470.113 -0.139335 0.347643 
v -469.938 0.448237 0.420311 
v -469.938 -0.139335 0.420311 
v -469.938 5.40735 -0.0957012 
v -470.127 5.80735 -0.0172332 
v -470.127 5.40735 -0.0172332 
v -470.206 5.80735 0.172205 
v -470.206 5.40735 0.172205 
v -470.127 5.80735 0.361641 
v -469.938 5.40735 0.440109 
v -470.127 5.40735 0.361641 
v -470.07 5.26735 0.304811 
v -470.127 5.40735 0.361641 
v -470.206 5.40735 0.172205 
v -470.125 5.26735 0.172205 
v -470.07 5.26735 0.0395988 
v -470.127 5.40735 -0.0172332 
v -469.938 5.26735 -0.0153292 
v -470.07 3.34133 0.304811 
v -470.07 3.34133 0.0395988 
v -470.105 3.25391 0.339289 
v -470.105 3.25391 0.0051208 
v -470.174 3.25391 0.172205 
v -470.125 3.34133 0.172205 
v -470.127 5.80735 0.361641 
v -470.199 5.93927 0.433853 
v -470.308 5.93927 0.172205 
v -470.206 5.80735 0.172205 
v -470.127 5.80735 -0.0172332 
v -470.199 5.93927 -0.0894432 
v -469.938 0.448237 -0.0759032 
v -470.068 0.574451 0.0422508 
v -469.938 0.574451 -0.0115792 
v -470.113 0.448237 -0.00323321 
v -470.186 0.448237 0.172205 
v -470.122 0.574451 0.172205 
v -470.068 0.574451 0.302159 
v -470.113 0.448237 0.347643 
v -469.938 0.448237 0.420311 
v -469.938 0.574451 0.355987 
v -470.103 8.5013 0.00672479 
v -470.182 8.77031 -0.0724952 
v -470.284 8.77031 0.172205 
v -470.172 8.5013 0.172205 
v -470.103 8.5013 0.337685 
v -470.182 8.77031 0.416905 
v -470.068 -0.265549 0.0422508 
v -469.808 -0.265549 0.0422508 
v -470.113 -0.139335 -0.00323321 
v -469.762 -0.139335 -0.00323321 
v -469.938 -0.139335 -0.0759032 
v -469.938 -0.265549 -0.0115792 
v -470.174 2.93801 0.172205 
v -470.122 2.85324 0.172205 
v -469.808 2.85324 0.0461688 
v -470.068 2.85324 0.0461688 
v -469.771 2.93801 0.0051208 
v -470.105 2.93801 0.0051208 
v -469.938 2.93801 -0.0640872 
v -469.938 2.85324 -0.00603721 
v -470.515 6.75622 1.15003 
v -470.33 6.50687 1.15003 
v -470.585 7.90534 0.913239 
v -470.585 6.74176 -0.556305 
v -469.336 7.90534 0.913239 
v -469.322 6.75622 1.15003 
v -469.506 6.50687 1.15003 
v -470.199 5.93927 -0.0894432 
v -470.199 6.67321 -0.0894432 
v -469.938 5.93927 -0.197821 
v -469.938 6.67321 -0.197821 
v -469.676 5.93927 -0.0894432 
v -469.676 6.67321 -0.0894432 
v -469.676 6.67321 0.433853 
v -470.174 2.93801 0.172205 
v -470.174 3.25391 0.172205 
v -470.105 2.93801 0.0051208 
v -469.702 3.25391 0.172205 
v -470.105 3.25391 0.0051208 
v -469.938 2.93801 -0.0640872 
v -469.771 3.25391 0.0051208 
v -469.938 3.25391 -0.0640872 
v -469.771 2.93801 0.0051208 
v -469.938 -0.139335 -0.0759032 
v -470.113 0.448237 -0.00323321 
v -469.938 0.448237 -0.0759032 
v -470.113 -0.139335 -0.00323321 
v -469.762 -0.139335 -0.00323321 
v -469.762 0.448237 -0.00323321 
v -469.938 5.40735 -0.0957012 
v -469.938 5.80735 -0.0957012 
v -469.748 5.40735 -0.0172332 
v -469.748 5.80735 -0.0172332 
v -470.127 5.80735 -0.0172332 
v -469.67 5.40735 0.172205 
v -470.127 5.40735 -0.0172332 
v -469.67 5.80735 0.172205 
v -470.206 5.80735 0.172205 
v -470.206 5.40735 0.172205 
v -469.67 5.40735 0.172205 
v -470.206 5.40735 0.172205 
v -469.805 5.26735 0.0395988 
v -470.07 5.26735 0.0395988 
v -469.748 5.40735 -0.0172332 
v -470.127 5.40735 -0.0172332 
v -469.938 5.40735 -0.0957012 
v -469.938 5.26735 -0.0153292 
v -469.702 3.25391 0.172205 
v -469.75 3.34133 0.172205 
v -469.805 3.34133 0.0395988 
v -469.771 3.25391 0.0051208 
v -469.938 3.25391 -0.0640872 
v -469.938 3.34133 -0.0153292 
v -470.07 3.34133 0.0395988 
v -470.105 3.25391 0.0051208 
v -470.174 3.25391 0.172205 
v -470.125 3.34133 0.172205 
v -470.127 5.80735 -0.0172332 
v -469.748 5.80735 -0.0172332 
v -470.199 5.93927 -0.0894432 
v -469.676 5.93927 -0.0894432 
v -469.938 5.93927 -0.197821 
v -469.938 5.80735 -0.0957012 
v -469.938 0.448237 -0.0759032 
v -470.068 0.574451 0.0422508 
v -469.938 0.574451 -0.0115792 
v -469.808 0.574451 0.0422508 
v -470.113 0.448237 -0.00323321 
v -469.762 0.448237 -0.00323321 
v -469.772 8.5013 0.00672479 
v -469.938 8.77031 -0.173853 
v -469.693 8.77031 -0.0724952 
v -469.592 8.77031 0.172205 
v -469.938 8.5013 -0.0618192 
v -469.704 8.5013 0.172205 
v -470.103 8.5013 0.00672479 
v -470.182 8.77031 -0.0724952 
v -469.938 -0.265549 0.355987 
v -470.186 -0.139335 0.172205 
v -469.69 -0.139335 0.172205 
v -469.938 -0.265549 -0.0115792 
v -469.938 8.77031 -0.173853 
v -470.284 8.77031 0.172205 
v -469.938 8.77031 0.518263 
v -469.771 2.93801 0.339289 
v -469.754 2.85324 0.172205 
v -470.122 2.85324 0.172205 
v -469.938 2.93801 -0.0640872 
v -470.515 6.75622 1.15003 
v -469.336 6.74176 0.913239 
v -470.308 5.93927 0.172205 
v -469.938 5.80735 -0.0957012 
v -469.67 5.80735 0.172205 
v -470.206 5.80735 0.172205 
v -469.938 5.40735 0.440109 
v -469.938 5.26735 0.359737 
v -469.67 5.40735 0.172205 
v -470.206 5.40735 0.172205 
v -469.938 5.26735 -0.0153292 
v -469.938 5.80735 0.440109 
v -470.199 5.93927 0.433853 
v -469.676 5.93927 0.433853 
v -470.206 5.80735 0.172205 
v -469.67 5.80735 0.172205 
v -470.199 5.93927 -0.0894432 
v -469.676 5.93927 -0.0894432 
v -469.938 5.80735 -0.0957012 
v -469.506 6.50687 1.15003 
v -470.33 6.50687 1.15003 
v -469.529 6.48069 0.913239 
v -470.392 6.48069 0.913239 
v -470.33 6.50687 -0.793101 
v -469.506 6.50687 -0.793101 
v -469.529 6.48069 -0.556305 
v -470.392 6.48069 -0.556305 
v -469.808 -0.265549 0.302159 
v -469.762 -0.139335 0.347643 
v -469.69 -0.139335 0.172205 
v -469.754 -0.265549 0.172205 
v -469.808 -0.265549 0.0422508 
v -469.762 -0.139335 -0.00323321 
v -469.938 -0.139335 -0.0759032 
v -469.938 -0.265549 -0.0115792 
v -469.808 2.85324 0.298239 
v -469.938 2.93801 0.408497 
v -469.771 2.93801 0.339289 
v -469.702 2.93801 0.172205 
v -469.754 2.85324 0.172205 
v -469.808 2.85324 0.0461688 
v -469.771 2.93801 0.0051208 
v -469.938 2.85324 -0.00603721 
v -469.322 7.86759 -0.793101 
v -469.336 6.74176 -0.556305 
v -469.322 6.75622 -0.793101 
v -469.506 6.50687 -0.793101 
v -469.529 6.48069 -0.556305 
v -469.336 7.90534 -0.556305 
v -469.506 8.11694 -0.793101 
v -469.529 8.1664 -0.556305 
v -469.322 7.86759 1.15003 
v -469.336 6.74176 0.913239 
v -469.336 7.90534 0.913239 
v -469.506 8.11694 1.15003 
v -469.529 8.1664 0.913239 
v -469.322 6.75622 1.15003 
v -469.506 6.50687 1.15003 
v -469.529 6.48069 0.913239 
v -469.938 6.67321 -0.197821 
v -469.676 5.93927 -0.0894432 
v -469.676 6.67321 -0.0894432 
v -469.568 5.93927 0.172205 
v -469.568 6.67321 0.172205 
v -469.938 6.67321 0.542231 
v -469.676 5.93927 0.433853 
v -469.676 6.67321 0.433853 
v -469.771 3.25391 0.339289 
v -469.771 2.93801 0.339289 
v -469.702 3.25391 0.172205 
v -469.702 2.93801 0.172205 
v -469.938 2.93801 -0.0640872 
v -469.771 3.25391 0.0051208 
v -469.771 2.93801 0.0051208 
v -469.938 -0.139335 -0.0759032 
v -469.938 0.448237 -0.0759032 
v -469.762 -0.139335 -0.00323321 
v -469.762 0.448237 -0.00323321 
v -469.69 -0.139335 0.172205 
v -469.69 0.448237 0.172205 
v -469.762 -0.139335 0.347643 
v -469.938 0.448237 0.420311 
v -469.762 0.448237 0.347643 
v -469.938 -0.139335 0.420311 
v -469.938 5.40735 -0.0957012 
v -469.748 5.40735 -0.0172332 
v -469.748 5.80735 -0.0172332 
v -469.67 5.40735 0.172205 
v -469.67 5.80735 0.172205 
v -469.748 5.40735 0.361641 
v -469.748 5.80735 0.361641 
v -469.938 5.40735 0.440109 
v -469.805 5.26735 0.304811 
v -469.748 5.40735 0.361641 
v -469.67 5.40735 0.172205 
v -469.75 5.26735 0.172205 
v -469.805 5.26735 0.0395988 
v -469.748 5.40735 -0.0172332 
v -469.938 5.26735 -0.0153292 
v -469.805 3.34133 0.304811 
v -469.702 3.25391 0.172205 
v -469.75 3.34133 0.172205 
v -469.805 3.34133 0.0395988 
v -469.771 3.25391 0.339289 
v -469.771 3.25391 0.0051208 
v -469.748 5.80735 0.361641 
v -469.676 5.93927 0.433853 
v -469.568 5.93927 0.172205 
v -469.67 5.80735 0.172205 
v -469.748 5.80735 -0.0172332 
v -469.676 5.93927 -0.0894432 
v -469.938 0.448237 -0.0759032 
v -469.938 0.574451 -0.0115792 
v -469.808 0.574451 0.0422508 
v -469.762 0.448237 -0.00323321 
v -469.69 0.448237 0.172205 
v -469.754 0.574451 0.172205 
v -469.808 0.574451 0.302159 
v -469.762 0.448237 0.347643 
v -469.938 0.448237 0.420311 
v -469.938 0.574451 0.355987 
v -469.772 8.5013 0.00672479 
v -469.693 8.77031 -0.0724952 
v -469.592 8.77031 0.172205 
v -469.704 8.5013 0.172205 
v -469.772 8.5013 0.337685 
v -469.693 8.77031 0.416905 

vn 0 -0.456693 0.889764 
vn 0 -0.456693 0.889764 
vn -0.629921 -0.456693 0.629921 
vn 0.629921 -0.456693 0.629921 
vn -0.629921 -0.456693 0.629921 
vn 0.629921 -0.456693 0.629921 
vn -0.889764 -0.456693 0 
vn 0.889764 -0.456693 0 
vn 0 0.76378 0.637795 
vn 0.598425 -0.543307 0.590551 
vn 0 -0.559055 0.826772 
vn 0 -0.559055 0.826772 
vn -0.598425 -0.543307 0.590551 
vn 0.590551 -0.543307 0.598425 
vn -0.590551 -0.543307 0.598425 
vn -0.84252 -0.535433 0 
vn -0.84252 -0.535433 0 
vn -0.913386 -0.291339 0.291339 
vn -0.905512 -0.307087 -0.283465 
vn -0.771654 -0.574803 -0.267717 
vn -0.897638 0.307087 -0.314961 
vn 0.952756 -0.299213 0.0393701 
vn 0.80315 -0.598425 0.00787402 
vn 0.937008 0.346457 0 
vn 0.944882 -0.330709 -0.0393701 
vn -0.708661 0 -0.708661 
vn -1 0 0 
vn -0.708661 0 0.708661 
vn -0.708661 0 0.708661 
vn 0 0 1 
vn 0.708661 0 0.708661 
vn 0 0 1 
vn 0.708661 0 0.708661 
vn -0.708661 0 0.708661 
vn -0.708661 0 0.708661 
vn 0 0 1 
vn 0 0 1 
vn -1 0 0 
vn 0.708661 0 0.708661 
vn -1 0 0 
vn 0.708661 0 0.708661 
vn 1 0 0 
vn 0 0 -1 
vn -1 0 0 
vn -1 0 0 
vn 1 0 0 
vn -0.708661 0 0.708661 
vn 1 0 0 
vn -0.708661 0 0.708661 
vn 0.708661 0 0.708661 
vn 0 0 1 
vn 0.708661 0 0.708661 
vn 0 0 1 
vn 1 0 0 
vn 1 0 0 
vn -1 0 0 
vn 0.708661 0 0.708661 
vn -1 0 0 
vn 0.708661 0 0.708661 
vn -0.708661 0 0.708661 
vn 0 0 1 
vn -0.708661 0 0.708661 
vn 0 0 1 
vn 0.614173 -0.496063 0.614173 
vn 0 -0.496063 0.866142 
vn 0 -0.496063 0.866142 
vn -0.614173 -0.496063 0.614173 
vn 0.614173 -0.496063 0.614173 
vn -0.614173 -0.496063 0.614173 
vn 0.866142 -0.496063 0 
vn -0.866142 -0.496063 0 
vn 0.614173 0.488189 0.614173 
vn 0.874016 0.488189 0 
vn 0.874016 0.488189 0 
vn 0.614173 0.488189 0.614173 
vn 0 0.488189 0.874016 
vn 0 0.488189 0.874016 
vn -0.614173 0.488189 0.614173 
vn -0.614173 0.488189 0.614173 
vn -0.874016 0.488189 0 
vn -0.874016 0.488189 0 
vn 0 -0.614173 0.787402 
vn -0.559055 -0.614173 0.559055 
vn 0 -0.614173 0.787402 
vn 0.559055 -0.614173 0.559055 
vn -0.559055 -0.614173 0.559055 
vn 0.559055 -0.614173 0.559055 
vn -0.889764 0.456693 0 
vn 0.889764 0.456693 0 
vn -0.629921 0.456693 0.629921 
vn 0.629921 0.456693 0.629921 
vn -0.629921 0.456693 0.629921 
vn 0.629921 0.456693 0.629921 
vn 0 0.456693 0.889764 
vn 0 0.456693 0.889764 
vn 0.92126 -0.385827 0 
vn 0.92126 -0.385827 0 
vn 0.653543 -0.385827 0.653543 
vn 0.653543 -0.385827 0.653543 
vn -0.92126 -0.385827 0 
vn 0 -0.385827 0.92126 
vn -0.92126 -0.385827 0 
vn 0 -0.385827 0.92126 
vn -0.653543 -0.385827 0.653543 
vn -0.653543 -0.385827 0.653543 
vn -0.456693 0.76378 -0.456693 
vn 0 1 0 
vn 0 0.76378 -0.637795 
vn 0.456693 0.76378 -0.456693 
vn -0.637795 0.76378 0 
vn 0.637795 0.76378 0 
vn -0.456693 0.76378 0.456693 
vn 0.456693 0.76378 0.456693 
vn 0 0.76378 0.637795 
vn 0 0.976378 -0.204724 
vn 0 0.976378 -0.204724 
vn 0 0.976378 -0.204724 
vn 0 0.976378 -0.204724 
vn 0 0.976378 0.204724 
vn 0 0.976378 0.204724 
vn 0 0.976378 0.204724 
vn 0 0.976378 0.204724 
vn -0.629921 -0.456693 0.629921 
vn -0.629921 -0.456693 0.629921 
vn -0.889764 -0.456693 0 
vn -0.889764 -0.456693 0 
vn -0.629921 -0.456693 -0.629921 
vn -0.629921 -0.456693 -0.629921 
vn 0 -0.456693 -0.889764 
vn 0 -0.456693 -0.889764 
vn 0 -0.559055 0.826772 
vn -0.598425 -0.543307 0.590551 
vn -0.590551 -0.543307 0.598425 
vn -0.84252 -0.535433 0 
vn -0.84252 -0.535433 0 
vn -0.598425 -0.543307 -0.590551 
vn -0.590551 -0.543307 -0.598425 
vn 0 -0.559055 -0.826772 
vn -0.905512 0.283465 0.314961 
vn -0.913386 -0.291339 0.291339 
vn -0.905512 -0.307087 0.283465 
vn -0.771654 -0.574803 0.267717 
vn -0.771654 -0.574803 0.267717 
vn -0.897638 0.307087 0.314961 
vn -0.76378 0.566929 0.314961 
vn -0.76378 0.566929 0.314961 
vn -0.905512 0.283465 -0.314961 
vn -0.905512 -0.307087 -0.283465 
vn -0.913386 -0.291339 -0.291339 
vn -0.771654 -0.574803 -0.267717 
vn -0.771654 -0.574803 -0.267717 
vn -0.897638 0.307087 -0.314961 
vn -0.76378 0.566929 -0.314961 
vn -0.76378 0.566929 -0.314961 
vn 0.944882 -0.330709 0.0393701 
vn -0.708661 0 -0.708661 
vn -0.708661 0 -0.708661 
vn 0 0 -1 
vn -1 0 0 
vn -1 0 0 
vn -0.708661 0 0.708661 
vn -0.708661 0 0.708661 
vn 0 0 1 
vn -0.708661 0 0.708661 
vn -0.708661 0 0.708661 
vn -1 0 0 
vn -1 0 0 
vn -0.708661 0 -0.708661 
vn -0.708661 0 -0.708661 
vn 0 0 -1 
vn -0.708661 0 -0.708661 
vn 0 0 -1 
vn -0.708661 0 -0.708661 
vn -1 0 0 
vn -1 0 0 
vn -0.708661 0 0.708661 
vn -0.708661 0 0.708661 
vn 0 0 1 
vn 0 0 1 
vn 0 0 -1 
vn -0.708661 0 -0.708661 
vn -0.708661 0 -0.708661 
vn -1 0 0 
vn -1 0 0 
vn -0.708661 0 0.708661 
vn 0 0 1 
vn -0.708661 0 0.708661 
vn -0.614173 -0.496063 0.614173 
vn -0.614173 -0.496063 0.614173 
vn -0.866142 -0.496063 0 
vn -0.866142 -0.496063 0 
vn -0.614173 -0.496063 -0.614173 
vn -0.614173 -0.496063 -0.614173 
vn 0 -0.496063 -0.866142 
vn -0.614173 0.488189 0.614173 
vn -0.614173 0.488189 -0.614173 
vn -0.614173 0.488189 0.614173 
vn -0.614173 0.488189 -0.614173 
vn -0.874016 0.488189 0 
vn -0.874016 0.488189 0 
vn -0.559055 -0.614173 0.559055 
vn -0.559055 -0.614173 0.559055 
vn -0.787402 -0.614173 0 
vn -0.787402 -0.614173 0 
vn -0.559055 -0.614173 -0.559055 
vn -0.559055 -0.614173 -0.559055 
vn 0 0.456693 -0.889764 
vn -0.629921 0.456693 -0.629921 
vn 0 0.456693 -0.889764 
vn -0.629921 0.456693 -0.629921 
vn -0.889764 0.456693 0 
vn -0.889764 0.456693 0 
vn -0.629921 0.456693 0.629921 
vn -0.629921 0.456693 0.629921 
vn 0 0.456693 0.889764 
vn 0 0.456693 0.889764 
vn -0.653543 -0.385827 -0.653543 
vn -0.653543 -0.385827 -0.653543 
vn -0.92126 -0.385827 0 
vn -0.92126 -0.385827 0 
vn -0.653543 -0.385827 0.653543 
vn -0.653543 -0.385827 0.653543 
vn -0.629921 -0.456693 -0.629921 
vn 0.629921 -0.456693 -0.629921 
vn -0.629921 -0.456693 -0.629921 
vn 0.629921 -0.456693 -0.629921 
vn 0 -0.456693 -0.889764 
vn 0 -0.456693 -0.889764 
vn -0.84252 -0.535433 0 
vn -0.84252 -0.535433 0 
vn 0.598425 -0.543307 -0.590551 
vn -0.598425 -0.543307 -0.590551 
vn 0.590551 -0.543307 -0.598425 
vn -0.590551 -0.543307 -0.598425 
vn 0 -0.559055 -0.826772 
vn 0 -0.559055 -0.826772 
vn -0.905512 -0.307087 0.283465 
vn -0.771654 -0.574803 0.267717 
vn -0.897638 0.307087 0.314961 
vn -0.913386 -0.291339 -0.291339 
vn 0.937008 0.346457 0 
vn 0.952756 -0.299213 -0.0393701 
vn 0.80315 -0.598425 -0.00787402 
vn -0.708661 0 -0.708661 
vn -0.708661 0 -0.708661 
vn 0 0 -1 
vn 0 0 -1 
vn 0.708661 0 -0.708661 
vn 0.708661 0 -0.708661 
vn 0.708661 0 0.708661 
vn -1 0 0 
vn -1 0 0 
vn -0.708661 0 -0.708661 
vn 1 0 0 
vn -0.708661 0 -0.708661 
vn 0 0 -1 
vn 0.708661 0 -0.708661 
vn 0 0 -1 
vn 0.708661 0 -0.708661 
vn 0 0 -1 
vn -0.708661 0 -0.708661 
vn 0 0 -1 
vn -0.708661 0 -0.708661 
vn 0.708661 0 -0.708661 
vn 0.708661 0 -0.708661 
vn 0 0 -1 
vn 0 0 -1 
vn 0.708661 0 -0.708661 
vn 0.708661 0 -0.708661 
vn -0.708661 0 -0.708661 
vn 1 0 0 
vn -0.708661 0 -0.708661 
vn 1 0 0 
vn -1 0 0 
vn -1 0 0 
vn 0.866142 -0.496063 0 
vn -0.866142 -0.496063 0 
vn 0.614173 -0.496063 -0.614173 
vn -0.614173 -0.496063 -0.614173 
vn 0.614173 -0.496063 -0.614173 
vn -0.614173 -0.496063 -0.614173 
vn 0 -0.496063 -0.866142 
vn 0 -0.496063 -0.866142 
vn 0.874016 0.488189 0 
vn 0.874016 0.488189 0 
vn 0.614173 0.488189 -0.614173 
vn 0.614173 0.488189 -0.614173 
vn 0 0.488189 -0.874016 
vn 0 0.488189 -0.874016 
vn -0.614173 0.488189 -0.614173 
vn -0.614173 0.488189 -0.614173 
vn -0.874016 0.488189 0 
vn -0.874016 0.488189 0 
vn -0.559055 -0.614173 -0.559055 
vn 0.559055 -0.614173 -0.559055 
vn -0.559055 -0.614173 -0.559055 
vn 0.559055 -0.614173 -0.559055 
vn 0 -0.614173 -0.787402 
vn 0 -0.614173 -0.787402 
vn 0 0.456693 -0.889764 
vn -0.629921 0.456693 -0.629921 
vn 0 0.456693 -0.889764 
vn 0.629921 0.456693 -0.629921 
vn -0.629921 0.456693 -0.629921 
vn 0.629921 0.456693 -0.629921 
vn 0.653543 -0.385827 -0.653543 
vn 0 -0.385827 -0.92126 
vn 0.653543 -0.385827 -0.653543 
vn 0.92126 -0.385827 0 
vn 0 -0.385827 -0.92126 
vn 0.92126 -0.385827 0 
vn -0.653543 -0.385827 -0.653543 
vn -0.653543 -0.385827 -0.653543 
vn 0 -0.456693 0.889764 
vn -0.889764 -0.456693 0 
vn 0.889764 -0.456693 0 
vn 0 -0.456693 -0.889764 
vn 0 0.76378 -0.637795 
vn -0.637795 0.76378 0 
vn 0 0.76378 0.637795 
vn 0.590551 -0.543307 0.598425 
vn 0.84252 -0.535433 0 
vn -0.84252 -0.535433 0 
vn 0 -0.559055 -0.826772 
vn -0.905512 -0.307087 0.283465 
vn 0.944882 -0.330709 -0.0393701 
vn -1 0 0 
vn 0 0 -1 
vn 1 0 0 
vn -1 0 0 
vn 0 0 1 
vn 0 -0.496063 0.866142 
vn 0.866142 -0.496063 0 
vn -0.866142 -0.496063 0 
vn 0 -0.496063 -0.866142 
vn 0 -0.614173 0.787402 
vn -0.559055 -0.614173 0.559055 
vn 0.559055 -0.614173 0.559055 
vn -0.787402 -0.614173 0 
vn 0.787402 -0.614173 0 
vn -0.559055 -0.614173 -0.559055 
vn 0.559055 -0.614173 -0.559055 
vn 0 -0.614173 -0.787402 
vn 0 -0.992126 0.110236 
vn 0 -0.992126 0.110236 
vn 0 -0.992126 0.110236 
vn 0 -0.992126 0.110236 
vn 0 -0.992126 -0.110236 
vn 0 -0.992126 -0.110236 
vn 0 -0.992126 -0.110236 
vn 0 -0.992126 -0.110236 
vn 0.629921 -0.456693 0.629921 
vn 0.629921 -0.456693 0.629921 
vn 0.889764 -0.456693 0 
vn 0.889764 -0.456693 0 
vn 0.629921 -0.456693 -0.629921 
vn 0.629921 -0.456693 -0.629921 
vn 0 -0.456693 -0.889764 
vn 0 -0.456693 -0.889764 
vn 0.598425 -0.543307 0.590551 
vn 0 -0.559055 0.826772 
vn 0.590551 -0.543307 0.598425 
vn 0.84252 -0.535433 0 
vn 0.84252 -0.535433 0 
vn 0.598425 -0.543307 -0.590551 
vn 0.590551 -0.543307 -0.598425 
vn 0 -0.559055 -0.826772 
vn 0.96063 0.283465 0.015748 
vn 0.944882 -0.330709 0.0393701 
vn 0.952756 -0.299213 0.0393701 
vn 0.80315 -0.598425 0.00787402 
vn 0.80315 -0.598425 0.00787402 
vn 0.937008 0.346457 0 
vn 0.80315 0.598425 -0.0472441 
vn 0.80315 0.598425 -0.0472441 
vn 0.96063 0.283465 -0.015748 
vn 0.944882 -0.330709 -0.0393701 
vn 0.937008 0.346457 0 
vn 0.80315 0.598425 0.0472441 
vn 0.80315 0.598425 0.0472441 
vn 0.952756 -0.299213 -0.0393701 
vn 0.80315 -0.598425 -0.00787402 
vn 0.80315 -0.598425 -0.00787402 
vn 0 0 -1 
vn 0.708661 0 -0.708661 
vn 0.708661 0 -0.708661 
vn 1 0 0 
vn 1 0 0 
vn 0 0 1 
vn 0.708661 0 0.708661 
vn 0.708661 0 0.708661 
vn 0.708661 0 0.708661 
vn 0.708661 0 0.708661 
vn 1 0 0 
vn 1 0 0 
vn 0 0 -1 
vn 0.708661 0 -0.708661 
vn 0.708661 0 -0.708661 
vn 0 0 -1 
vn 0 0 -1 
vn 0.708661 0 -0.708661 
vn 0.708661 0 -0.708661 
vn 1 0 0 
vn 1 0 0 
vn 0.708661 0 0.708661 
vn 0 0 1 
vn 0.708661 0 0.708661 
vn 0 0 1 
vn 0 0 -1 
vn 0.708661 0 -0.708661 
vn 0.708661 0 -0.708661 
vn 1 0 0 
vn 1 0 0 
vn 0.708661 0 0.708661 
vn 0.708661 0 0.708661 
vn 0 0 1 
vn 0.614173 -0.496063 0.614173 
vn 0.614173 -0.496063 0.614173 
vn 0.866142 -0.496063 0 
vn 0.866142 -0.496063 0 
vn 0.614173 -0.496063 -0.614173 
vn 0.614173 -0.496063 -0.614173 
vn 0 -0.496063 -0.866142 
vn 0.614173 0.488189 0.614173 
vn 0.874016 0.488189 0 
vn 0.874016 0.488189 0 
vn 0.614173 0.488189 -0.614173 
vn 0.614173 0.488189 0.614173 
vn 0.614173 0.488189 -0.614173 
vn 0.559055 -0.614173 0.559055 
vn 0.559055 -0.614173 0.559055 
vn 0.787402 -0.614173 0 
vn 0.787402 -0.614173 0 
vn 0.559055 -0.614173 -0.559055 
vn 0.559055 -0.614173 -0.559055 
vn 0 0.456693 -0.889764 
vn 0 0.456693 -0.889764 
vn 0.629921 0.456693 -0.629921 
vn 0.629921 0.456693 -0.629921 
vn 0.889764 0.456693 0 
vn 0.889764 0.456693 0 
vn 0.629921 0.456693 0.629921 
vn 0.629921 0.456693 0.629921 
vn 0 0.456693 0.889764 
vn 0 0.456693 0.889764 
vn 0.653543 -0.385827 -0.653543 
vn 0.653543 -0.385827 -0.653543 
vn 0.92126 -0.385827 0 
vn 0.92126 -0.385827 0 
vn 0.653543 -0.385827 0.653543 
vn 0.653543 -0.385827 0.653543 

vt 10.002 -35.5828 
vt 10.002 -35.5671 
vt 9.98571 -35.5828 
vt 10.0182 -35.5828 
vt 9.98002 -35.5671 
vt 10.0239 -35.5671 
vt 9.97094 -35.5671 
vt 10.033 -35.5671 
vt 10.002 -34.4534 
vt 10.0182 -35.193 
vt 10.002 -35.1824 
vt 10.002 -35.193 
vt 9.98571 -35.193 
vt 10.0228 -35.1824 
vt 9.98107 -35.1824 
vt 9.97242 -35.1824 
vt 9.97898 -35.193 
vt 9.92102 -34.7069 
vt 9.92978 -34.7051 
vt 9.95288 -34.7363 
vt 9.92102 -34.5615 
vt 10.079 -34.7051 
vt 10.0559 -34.7363 
vt 10.0772 -34.5615 
vt 10.0772 -34.7069 
vt 9.96925 -34.7155 
vt 9.9557 -34.8072 
vt 9.96925 -34.7155 
vt 9.96925 -34.8072 
vt 10.002 -34.7155 
vt 10.0347 -34.8072 
vt 10.002 -34.8072 
vt 10.0347 -34.7155 
vt 9.98107 -35.1429 
vt 9.98107 -35.1824 
vt 10.002 -35.1429 
vt 10.002 -35.1824 
vt 9.97242 -35.1824 
vt 10.0228 -35.1429 
vt 9.97242 -35.1429 
vt 10.0228 -35.1824 
vt 10.0315 -35.1429 
vt 10.002 -35.1824 
vt 9.97094 -35.4936 
vt 9.97094 -35.5671 
vt 10.033 -35.5671 
vt 9.98002 -35.4936 
vt 10.033 -35.4936 
vt 9.98002 -35.5671 
vt 10.0239 -35.5671 
vt 10.002 -35.4936 
vt 10.0239 -35.4936 
vt 10.002 -35.5671 
vt 10.0354 -34.8737 
vt 10.0354 -34.8237 
vt 9.96846 -34.8237 
vt 10.0256 -34.8737 
vt 9.96846 -34.8737 
vt 10.0256 -34.8237 
vt 9.97827 -34.8237 
vt 10.002 -34.8737 
vt 9.97827 -34.8737 
vt 10.002 -34.8237 
vt 10.0185 -34.8912 
vt 10.002 -34.8737 
vt 10.002 -34.8912 
vt 9.98538 -34.8912 
vt 10.0256 -34.8737 
vt 9.97827 -34.8737 
vt 10.0354 -34.8737 
vt 9.96846 -34.8737 
vt 10.0185 -35.132 
vt 10.0315 -35.1429 
vt 10.0254 -35.132 
vt 10.0228 -35.1429 
vt 10.002 -35.1429 
vt 10.002 -35.132 
vt 9.98538 -35.132 
vt 9.98107 -35.1429 
vt 9.97242 -35.1429 
vt 9.97851 -35.132 
vt 10.002 -34.8072 
vt 9.97827 -34.8237 
vt 10.002 -34.8237 
vt 10.0256 -34.8237 
vt 9.96925 -34.8072 
vt 10.0347 -34.8072 
vt 9.97094 -35.4936 
vt 10.033 -35.4936 
vt 9.98571 -35.4778 
vt 10.0182 -35.4778 
vt 9.98002 -35.4936 
vt 10.0239 -35.4936 
vt 10.002 -35.4936 
vt 10.002 -35.4778 
vt 10.0452 -34.4534 
vt 10.0312 -34.487 
vt 10.0226 -34.487 
vt 10.0325 -34.4534 
vt 9.9587 -34.4534 
vt 10.002 -34.4534 
vt 9.9727 -34.487 
vt 10.002 -34.487 
vt 9.98127 -34.487 
vt 9.97136 -34.4534 
vt 10.0314 -34.9714 
vt 10.0008 -35.002 
vt 10.044 -35.002 
vt 10.0314 -35.0325 
vt 10.0008 -34.9587 
vt 10.0008 -35.0452 
vt 9.97019 -34.9714 
vt 9.97019 -35.0325 
vt 9.95753 -35.002 
vt 10.0918 -35.053 
vt 10.1214 -34.9529 
vt 10.0918 -34.9452 
vt 10.1214 -35.0559 
vt 9.90815 -35.053 
vt 9.87855 -34.9529 
vt 9.87855 -35.0559 
vt 9.90815 -34.9452 
vt 10.0155 -35.5828 
vt 10.0211 -35.5671 
vt 9.99922 -35.5671 
vt 9.99922 -35.5828 
vt 9.98297 -35.5828 
vt 9.97729 -35.5671 
vt 9.9682 -35.5671 
vt 9.97624 -35.5828 
vt 10.0288 -35.1824 
vt 10.015 -35.193 
vt 10.0201 -35.1824 
vt 9.99922 -35.1824 
vt 9.99922 -35.193 
vt 9.98346 -35.193 
vt 9.97833 -35.1824 
vt 9.97694 -35.193 
vt 10.1214 -34.5662 
vt 10.0918 -34.7069 
vt 10.1214 -34.7051 
vt 10.1214 -34.7363 
vt 10.0918 -34.7396 
vt 10.0918 -34.5615 
vt 10.1214 -34.535 
vt 10.0918 -34.5288 
vt 9.87855 -34.5662 
vt 9.87855 -34.7051 
vt 9.90815 -34.7069 
vt 9.87855 -34.7363 
vt 9.90815 -34.7396 
vt 9.90815 -34.5615 
vt 9.87855 -34.535 
vt 9.90815 -34.5288 
vt 9.90815 -34.7069 
vt 9.96651 -34.8072 
vt 9.96651 -34.7155 
vt 9.95296 -34.7155 
vt 9.99922 -34.7155 
vt 9.99922 -34.8072 
vt 10.0319 -34.7155 
vt 10.0319 -34.8072 
vt 10.0455 -34.7155 
vt 10.0201 -35.1429 
vt 10.0201 -35.1824 
vt 9.99922 -35.1824 
vt 9.99922 -35.1429 
vt 9.97833 -35.1824 
vt 9.97833 -35.1429 
vt 9.9682 -35.5671 
vt 9.97729 -35.4936 
vt 9.9682 -35.4936 
vt 9.97729 -35.5671 
vt 9.99922 -35.4936 
vt 9.99922 -35.5671 
vt 10.0211 -35.4936 
vt 10.0211 -35.5671 
vt 10.0302 -35.4936 
vt 10.0302 -35.5671 
vt 9.96573 -34.8737 
vt 9.97554 -34.8237 
vt 9.97554 -34.8737 
vt 9.99922 -34.8237 
vt 9.99922 -34.8737 
vt 10.0229 -34.8237 
vt 10.0327 -34.8737 
vt 10.0229 -34.8737 
vt 10.0158 -34.8912 
vt 10.0229 -34.8737 
vt 9.99922 -34.8737 
vt 9.99922 -34.8912 
vt 9.98264 -34.8912 
vt 9.97554 -34.8737 
vt 9.97578 -34.8912 
vt 10.0158 -35.132 
vt 9.98264 -35.132 
vt 10.0201 -35.1429 
vt 9.97833 -35.1429 
vt 9.99922 -35.1429 
vt 9.99922 -35.132 
vt 10.0229 -34.8237 
vt 10.0319 -34.8072 
vt 9.99922 -34.8072 
vt 9.99922 -34.8237 
vt 9.97554 -34.8237 
vt 9.96651 -34.8072 
vt 9.9682 -35.4936 
vt 9.98297 -35.4778 
vt 9.97624 -35.4778 
vt 9.97729 -35.4936 
vt 9.99922 -35.4936 
vt 9.99922 -35.4778 
vt 10.0155 -35.4778 
vt 10.0211 -35.4936 
vt 10.0302 -35.4936 
vt 10.0222 -35.4778 
vt 9.97853 -34.487 
vt 9.96863 -34.4534 
vt 9.99922 -34.4534 
vt 9.99922 -34.487 
vt 10.0199 -34.487 
vt 10.0298 -34.4534 
vt 10.0143 -35.5828 
vt 9.9818 -35.5828 
vt 10.02 -35.5671 
vt 9.97612 -35.5671 
vt 9.99805 -35.5671 
vt 9.99805 -35.5828 
vt 10.0276 -35.1824 
vt 10.021 -35.193 
vt 9.9818 -35.193 
vt 10.0143 -35.193 
vt 9.97716 -35.1824 
vt 10.0189 -35.1824 
vt 9.99805 -35.1824 
vt 9.99805 -35.193 
vt 10.0702 -34.7051 
vt 10.0471 -34.7363 
vt 10.079 -34.5615 
vt 10.079 -34.7069 
vt 9.92277 -34.5615 
vt 9.92102 -34.7051 
vt 9.94413 -34.7363 
vt 10.0308 -34.8072 
vt 10.0308 -34.7155 
vt 9.99805 -34.8072 
vt 9.99805 -34.7155 
vt 9.96534 -34.8072 
vt 9.96534 -34.7155 
vt 9.96534 -34.7155 
vt 10.0276 -35.1824 
vt 10.0276 -35.1429 
vt 10.0189 -35.1824 
vt 9.96851 -35.1429 
vt 10.0189 -35.1429 
vt 9.99805 -35.1824 
vt 9.97716 -35.1429 
vt 9.99805 -35.1429 
vt 9.97716 -35.1824 
vt 9.99805 -35.5671 
vt 10.02 -35.4936 
vt 9.99805 -35.4936 
vt 10.02 -35.5671 
vt 9.97612 -35.5671 
vt 9.97612 -35.4936 
vt 9.99805 -34.8737 
vt 9.99805 -34.8237 
vt 9.97437 -34.8737 
vt 9.97437 -34.8237 
vt 10.0217 -34.8237 
vt 9.96456 -34.8737 
vt 10.0217 -34.8737 
vt 9.96456 -34.8237 
vt 10.0315 -34.8237 
vt 10.0315 -34.8737 
vt 9.96456 -34.8737 
vt 10.0315 -34.8737 
vt 9.98147 -34.8912 
vt 10.0146 -34.8912 
vt 9.97437 -34.8737 
vt 10.0217 -34.8737 
vt 9.99805 -34.8737 
vt 9.99805 -34.8912 
vt 9.96851 -35.1429 
vt 9.97461 -35.132 
vt 9.98147 -35.132 
vt 9.97716 -35.1429 
vt 9.99805 -35.1429 
vt 9.99805 -35.132 
vt 10.0146 -35.132 
vt 10.0189 -35.1429 
vt 10.0276 -35.1429 
vt 10.0215 -35.132 
vt 10.0217 -34.8237 
vt 9.97437 -34.8237 
vt 10.0308 -34.8072 
vt 9.96534 -34.8072 
vt 9.99805 -34.8072 
vt 9.99805 -34.8237 
vt 9.99805 -35.4936 
vt 10.0143 -35.4778 
vt 9.99805 -35.4778 
vt 9.9818 -35.4778 
vt 10.02 -35.4936 
vt 9.97612 -35.4936 
vt 9.97736 -34.487 
vt 9.99805 -34.4534 
vt 9.96746 -34.4534 
vt 9.95479 -34.4534 
vt 9.99805 -34.487 
vt 9.96879 -34.487 
vt 10.0187 -34.487 
vt 10.0286 -34.4534 
vt 10.0222 -35.002 
vt 9.99922 -34.9709 
vt 9.99922 -35.033 
vt 9.97624 -35.002 
vt 9.95596 -35.002 
vt 9.99922 -34.9587 
vt 10.0425 -35.002 
vt 10.0201 -35.0228 
vt 9.99922 -35.0249 
vt 9.99922 -34.979 
vt 9.96968 -35.002 
vt 10.1214 -34.9298 
vt 10.0918 -35.0772 
vt 9.99922 -34.9557 
vt 9.96573 -35.002 
vt 9.99922 -35.0354 
vt 9.99922 -34.9685 
vt 10.0327 -35.002 
vt 10.0227 -35.002 
vt 9.99922 -35.0354 
vt 9.99922 -34.9685 
vt 9.97578 -35.002 
vt 10.0327 -35.002 
vt 10.0319 -34.9692 
vt 10.0319 -35.0347 
vt 9.99922 -34.9685 
vt 9.99922 -35.0354 
vt 9.96651 -34.9692 
vt 9.96651 -35.0347 
vt 9.96573 -35.002 
vt 10.1214 -35.0559 
vt 10.1214 -34.9529 
vt 10.0918 -35.053 
vt 10.0918 -34.9452 
vt 9.87855 -34.9529 
vt 9.87855 -35.0559 
vt 9.90815 -35.053 
vt 9.90815 -34.9452 
vt 9.98454 -35.5828 
vt 9.97885 -35.5671 
vt 10.0008 -35.5671 
vt 10.0008 -35.5828 
vt 10.017 -35.5828 
vt 10.0227 -35.5671 
vt 10.0318 -35.5671 
vt 10.0238 -35.5828 
vt 9.98503 -35.193 
vt 9.97125 -35.1824 
vt 9.9799 -35.1824 
vt 10.0008 -35.1824 
vt 10.0008 -35.193 
vt 10.0165 -35.193 
vt 10.0217 -35.1824 
vt 10.0231 -35.193 
vt 10.1214 -34.5662 
vt 10.0918 -34.7069 
vt 10.1214 -34.7051 
vt 10.1214 -34.7363 
vt 10.0918 -34.7396 
vt 10.0918 -34.5615 
vt 10.1214 -34.535 
vt 10.0918 -34.5288 
vt 9.87855 -34.5662 
vt 9.90815 -34.7069 
vt 9.90815 -34.5615 
vt 9.87855 -34.535 
vt 9.90815 -34.5288 
vt 9.87855 -34.7051 
vt 9.87855 -34.7363 
vt 9.90815 -34.7396 
vt 10.047 -34.7155 
vt 10.0335 -34.8072 
vt 10.0335 -34.7155 
vt 10.0008 -34.8072 
vt 10.0008 -34.7155 
vt 9.95453 -34.7155 
vt 9.96808 -34.8072 
vt 9.96808 -34.7155 
vt 9.9799 -35.1429 
vt 9.9799 -35.1824 
vt 10.0008 -35.1429 
vt 10.0008 -35.1824 
vt 10.0303 -35.1824 
vt 10.0217 -35.1429 
vt 10.0217 -35.1824 
vt 10.0318 -35.5671 
vt 10.0318 -35.4936 
vt 10.0227 -35.5671 
vt 10.0227 -35.4936 
vt 10.0008 -35.5671 
vt 10.0008 -35.4936 
vt 9.97885 -35.5671 
vt 9.96977 -35.4936 
vt 9.97885 -35.4936 
vt 9.96977 -35.5671 
vt 10.0343 -34.8737 
vt 10.0245 -34.8737 
vt 10.0245 -34.8237 
vt 10.0008 -34.8737 
vt 10.0008 -34.8237 
vt 9.9771 -34.8737 
vt 9.9771 -34.8237 
vt 9.96729 -34.8737 
vt 9.98421 -34.8912 
vt 9.9771 -34.8737 
vt 10.0008 -34.8737 
vt 10.0008 -34.8912 
vt 10.0174 -34.8912 
vt 10.0245 -34.8737 
vt 10.0242 -34.8912 
vt 9.98421 -35.132 
vt 10.0008 -35.1429 
vt 10.0008 -35.132 
vt 10.0174 -35.132 
vt 9.9799 -35.1429 
vt 10.0217 -35.1429 
vt 9.9771 -34.8237 
vt 9.96808 -34.8072 
vt 10.0008 -34.8072 
vt 10.0008 -34.8237 
vt 10.0245 -34.8237 
vt 10.0335 -34.8072 
vt 10.0318 -35.4936 
vt 10.0238 -35.4778 
vt 10.017 -35.4778 
vt 10.0227 -35.4936 
vt 10.0008 -35.4936 
vt 10.0008 -35.4778 
vt 9.98454 -35.4778 
vt 9.97885 -35.4936 
vt 9.96977 -35.4936 
vt 9.97781 -35.4778 
vt 10.0215 -34.487 
vt 10.0314 -34.4534 
vt 10.0008 -34.4534 
vt 10.0008 -34.487 
vt 9.9801 -34.487 
vt 9.97019 -34.4534 

usemtl Meshpart2Mtl

f 395/395/395 396/396/396 397/397/397 
f 398/398/398 396/396/396 395/395/395 
f 396/396/396 399/399/399 397/397/397 
f 396/396/396 398/398/398 400/400/400 
f 404/404/404 405/405/405 406/406/406 
f 406/406/406 405/405/405 407/407/407 
f 405/405/405 404/404/404 408/408/408 
f 405/405/405 409/409/409 407/407/407 
f 423/423/423 424/424/424 422/422/422 
f 424/424/424 423/423/423 426/426/426 
f 426/426/426 427/427/427 424/424/424 
f 427/427/427 426/426/426 425/425/425 
f 428/428/428 429/429/429 430/430/430 
f 431/431/431 430/430/430 429/429/429 
f 430/430/430 431/431/431 433/433/433 
f 435/435/435 433/433/433 431/431/431 
f 441/441/441 443/443/443 445/445/445 
f 447/447/447 445/445/445 443/443/443 
f 444/444/444 446/446/446 447/447/447 
f 445/445/445 447/447/447 446/446/446 
f 453/453/453 455/455/455 451/451/451 
f 455/455/455 453/453/453 457/457/457 
f 456/456/456 457/457/457 454/454/454 
f 457/457/457 456/456/456 455/455/455 
f 458/458/458 459/459/459 460/460/460 
f 460/460/460 459/459/459 461/461/461 
f 459/459/459 458/458/458 462/462/462 
f 459/459/459 463/463/463 461/461/461 
f 469/469/469 466/466/466 470/470/470 
f 466/466/466 471/471/471 470/470/470 
f 472/472/472 470/470/470 471/471/471 
f 470/470/470 472/472/472 473/473/473 
f 476/476/476 477/477/477 478/478/478 
f 479/479/479 476/476/476 478/478/478 
f 476/476/476 480/480/480 477/477/477 
f 476/476/476 479/479/479 481/481/481 
f 488/488/488 484/484/484 486/486/486 
f 487/487/487 485/485/485 488/488/488 
f 484/484/484 488/488/488 489/489/489 
f 485/485/485 489/489/489 488/488/488 
f 493/493/493 495/495/495 492/492/492 
f 492/492/492 495/495/495 497/497/497 
f 495/495/495 498/498/498 497/497/497 
f 498/498/498 495/495/495 499/499/499 
f 500/500/500 501/501/501 502/502/502 
f 502/502/502 501/501/501 503/503/503 
f 504/504/504 501/501/501 500/500/500 
f 503/503/503 501/501/501 505/505/505 
f 506/506/506 501/501/501 504/504/504 
f 505/505/505 501/501/501 507/507/507 
f 508/508/508 501/501/501 506/506/506 
f 507/507/507 501/501/501 508/508/508 
f 509/509/509 510/510/510 511/511/511 
f 510/510/510 509/509/509 512/512/512 
f 513/513/513 514/514/514 515/515/515 
f 514/514/514 513/513/513 516/516/516 
f 519/519/519 517/517/517 518/518/518 
f 517/517/517 519/519/519 520/520/520 
f 521/521/521 520/520/520 519/519/519 
f 519/519/519 522/522/522 521/521/521 
f 528/528/528 526/526/526 527/527/527 
f 526/526/526 528/528/528 529/529/529 
f 530/530/530 529/529/529 528/528/528 
f 528/528/528 531/531/531 530/530/530 
f 533/533/533 534/534/534 535/535/535 
f 534/534/534 536/536/536 535/535/535 
f 536/536/536 534/534/534 537/537/537 
f 534/534/534 533/533/533 538/538/538 
f 533/533/533 539/539/539 538/538/538 
f 538/538/538 539/539/539 540/540/540 
f 541/541/541 542/542/542 543/543/543 
f 544/544/544 543/543/543 542/542/542 
f 543/543/543 544/544/544 545/545/545 
f 543/543/543 546/546/546 541/541/541 
f 541/541/541 546/546/546 547/547/547 
f 546/546/546 548/548/548 547/547/547 
f 550/550/550 553/553/553 551/551/551 
f 554/554/554 553/553/553 550/550/550 
f 554/554/554 555/555/555 553/553/553 
f 555/555/555 554/554/554 556/556/556 
f 559/559/559 558/558/558 560/560/560 
f 560/560/560 558/558/558 561/561/561 
f 560/560/560 561/561/561 562/562/562 
f 562/562/562 561/561/561 563/563/563 
f 567/567/567 568/568/568 565/565/565 
f 569/569/569 568/568/568 567/567/567 
f 569/569/569 570/570/570 568/568/568 
f 571/571/571 570/570/570 569/569/569 
f 576/576/576 577/577/577 575/575/575 
f 578/578/578 577/577/577 576/576/576 
f 578/578/578 579/579/579 577/577/577 
f 581/581/581 579/579/579 578/578/578 
f 584/584/584 582/582/582 583/583/583 
f 582/582/582 584/584/584 585/585/585 
f 586/586/586 585/585/585 584/584/584 
f 584/584/584 587/587/587 586/586/586 
f 593/593/593 591/591/591 589/589/589 
f 593/593/593 590/590/590 592/592/592 
f 593/593/593 589/589/589 594/594/594 
f 590/590/590 593/593/593 594/594/594 
f 597/597/597 595/595/595 596/596/596 
f 595/595/595 597/597/597 598/598/598 
f 598/598/598 597/597/597 599/599/599 
f 599/599/599 597/597/597 600/600/600 
f 605/605/605 602/602/602 604/604/604 
f 602/602/602 605/605/605 606/606/606 
f 605/605/605 607/607/607 606/606/606 
f 605/605/605 608/608/608 607/607/607 
f 611/611/611 613/613/613 612/612/612 
f 613/613/613 611/611/611 614/614/614 
f 614/614/614 615/615/615 613/613/613 
f 615/615/615 616/616/616 613/613/613 
f 621/621/621 617/617/617 619/619/619 
f 618/618/618 621/621/621 620/620/620 
f 617/617/617 621/621/621 622/622/622 
f 621/621/621 618/618/618 622/622/622 
f 625/625/625 629/629/629 627/627/627 
f 629/629/629 626/626/626 628/628/628 
f 629/629/629 625/625/625 630/630/630 
f 626/626/626 629/629/629 630/630/630 
f 638/638/638 639/639/639 640/640/640 
f 641/641/641 640/640/640 639/639/639 
f 640/640/640 641/641/641 642/642/642 
f 643/643/643 642/642/642 641/641/641 
f 649/649/649 650/650/650 647/647/647 
f 650/650/650 649/649/649 652/652/652 
f 652/652/652 653/653/653 650/650/650 
f 653/653/653 652/652/652 651/651/651 
f 654/654/654 655/655/655 656/656/656 
f 655/655/655 654/654/654 657/657/657 
f 656/656/656 658/658/658 654/654/654 
f 658/658/658 656/656/656 659/659/659 
f 660/660/660 661/661/661 662/662/662 
f 663/663/663 662/662/662 661/661/661 
f 661/661/661 660/660/660 664/664/664 
f 666/666/666 664/664/664 660/660/660 
f 672/672/672 676/676/676 674/674/674 
f 676/676/676 673/673/673 675/675/675 
f 676/676/676 672/672/672 677/677/677 
f 673/673/673 676/676/676 677/677/677 
f 682/682/682 680/680/680 681/681/681 
f 680/680/680 682/682/682 683/683/683 
f 682/682/682 684/684/684 683/683/683 
f 682/682/682 685/685/685 684/684/684 
f 692/692/692 688/688/688 690/690/690 
f 691/691/691 689/689/689 692/692/692 
f 688/688/688 692/692/692 693/693/693 
f 689/689/689 693/693/693 692/692/692 
f 694/694/694 695/695/695 696/696/696 
f 697/697/697 694/694/694 696/696/696 
f 695/695/695 694/694/694 698/698/698 
f 694/694/694 697/697/697 699/699/699 
f 700/700/700 701/701/701 702/702/702 
f 701/701/701 700/700/700 704/704/704 
f 701/701/701 704/704/704 706/706/706 
f 701/701/701 706/706/706 707/707/707 
f 738/738/738 739/739/739 740/740/740 
f 740/740/740 739/739/739 741/741/741 
f 742/742/742 743/743/743 744/744/744 
f 744/744/744 745/745/745 742/742/742 
f 747/747/747 746/746/746 748/748/748 
f 748/748/748 746/746/746 749/749/749 
f 750/750/750 748/748/748 749/749/749 
f 748/748/748 750/750/750 751/751/751 
f 756/756/756 754/754/754 757/757/757 
f 757/757/757 754/754/754 758/758/758 
f 759/759/759 757/757/757 758/758/758 
f 757/757/757 759/759/759 760/760/760 
f 762/762/762 763/763/763 764/764/764 
f 764/764/764 763/763/763 765/765/765 
f 763/763/763 766/766/766 765/765/765 
f 763/763/763 762/762/762 767/767/767 
f 768/768/768 767/767/767 762/762/762 
f 767/767/767 768/768/768 769/769/769 
f 770/770/770 771/771/771 772/772/772 
f 772/772/772 773/773/773 770/770/770 
f 773/773/773 772/772/772 774/774/774 
f 771/771/771 770/770/770 775/775/775 
f 775/775/775 776/776/776 771/771/771 
f 771/771/771 776/776/776 777/777/777 
f 780/780/780 781/781/781 779/779/779 
f 782/782/782 781/781/781 780/780/780 
f 782/782/782 784/784/784 781/781/781 
f 785/785/785 784/784/784 782/782/782 
f 786/786/786 787/787/787 788/788/788 
f 788/788/788 787/787/787 789/789/789 
f 788/788/788 789/789/789 791/791/791 
f 791/791/791 789/789/789 792/792/792 
f 796/796/796 797/797/797 795/795/795 
f 797/797/797 796/796/796 798/798/798 
f 798/798/798 799/799/799 797/797/797 
f 801/801/801 799/799/799 798/798/798 
f 805/805/805 806/806/806 804/804/804 
f 807/807/807 806/806/806 805/805/805 
f 807/807/807 808/808/808 806/806/806 
f 809/809/809 808/808/808 807/807/807 
f 812/812/812 811/811/811 813/813/813 
f 813/813/813 811/811/811 814/814/814 
f 815/815/815 813/813/813 814/814/814 
f 813/813/813 815/815/815 816/816/816 
f 818/818/818 819/819/819 820/820/820 
f 820/820/820 819/819/819 821/821/821 
f 819/819/819 818/818/818 822/822/822 
f 821/821/821 819/819/819 823/823/823 
f 826/826/826 825/825/825 824/824/824 
f 826/826/826 824/824/824 827/827/827 
f 828/828/828 826/826/826 827/827/827 
f 826/826/826 828/828/828 829/829/829 
f 832/832/832 834/834/834 833/833/833 
f 835/835/835 834/834/834 832/832/832 
f 836/836/836 834/834/834 835/835/835 
f 834/834/834 836/836/836 837/837/837 
f 842/842/842 840/840/840 841/841/841 
f 840/840/840 842/842/842 843/843/843 
f 842/842/842 844/844/844 843/843/843 
f 844/844/844 842/842/842 845/845/845 

g Meshpart3

v -469.067 6.65451 3.32219 
v -470.761 6.65451 3.32219 
v -469.329 6.35953 3.32219 
v -470.499 6.35953 3.32219 
v -469.067 7.96927 3.32219 
v -470.761 7.96927 3.32219 
v -470.499 8.26425 3.32219 
v -469.329 8.26425 3.32219 
v -469.329 8.26425 3.32219 
v -468.704 8.251 2.92219 
v -469.079 8.6724 2.92219 
v -469.067 7.96927 3.32219 
v -470.499 8.26425 3.32219 
v -469.067 6.65451 3.32219 
v -470.749 8.6724 2.92219 
v -468.704 6.37278 2.92219 
v -471.124 8.251 2.92219 
v -469.329 6.35953 3.32219 
v -470.761 7.96927 3.32219 
v -469.079 5.95138 2.92219 
v -471.124 6.37278 2.92219 
v -470.499 6.35953 3.32219 
v -470.761 6.65451 3.32219 
v -470.749 5.95138 2.92219 
v -470.529 8.44392 0.915437 
v -469.383 6.20314 0.915437 
v -470.529 6.20314 0.915437 
v -470.787 8.09689 0.915437 
v -470.846 6.49506 0.764031 
v -470.529 6.20314 0.915437 
v -469.125 8.09689 0.915437 
v -470.529 8.44392 0.915437 
v -469.87 7.32353 0.913239 
v -469.383 8.44392 0.915437 
v -469.125 8.09689 0.915437 
v -470.787 8.09689 0.915437 
v -470.787 6.55017 0.915437 
v -469.125 7.32353 0.915437 
v -470.529 6.20314 0.915437 
v -469.125 6.55017 0.915437 
v -469.383 6.20314 0.915437 
v -469.502 6.50685 -0.793101 
v -469.138 6.5895 -0.993101 
v -469.317 6.7562 -0.793101 
v -469.317 7.86758 -0.793101 
v -469.378 6.26534 -0.993101 
v -469.138 8.03428 -0.993101 
v -470.326 6.50685 -0.793101 
v -469.502 8.11693 -0.793101 
v -470.45 6.26534 -0.993101 
v -469.378 8.35844 -0.993101 
v -470.69 6.5895 -0.993101 
v -470.326 8.11693 -0.793101 
v -470.511 6.7562 -0.793101 
v -470.45 8.35844 -0.993101 
v -470.69 8.03428 -0.993101 
v -470.511 7.86758 -0.793101 
v -469.079 8.6724 -2.56525 
v -471.124 8.251 -2.56525 
v -469.079 8.6724 2.92219 
v -471.124 8.251 2.92219 
v -469.383 8.44392 -0.558503 
v -470.57 8.52375 -0.407097 
v -469.342 8.52375 -0.407097 
v -470.529 8.44392 -0.558503 
v -469.342 8.52375 0.764031 
v -470.57 8.52375 0.764031 
v -469.383 8.44392 0.915437 
v -470.529 8.44392 0.915437 
v -469.342 8.52375 -0.407097 
v -470.57 8.52375 -0.407097 
v -469.342 8.52375 0.178467 
v -470.57 8.52375 0.178467 
v -470.57 8.52375 0.764031 
v -469.342 8.52375 0.764031 
v -469.125 8.09689 -0.558503 
v -469.125 8.09689 0.915437 
v -469.079 8.6724 -2.56525 
v -470.45 8.35844 -0.993101 
v -469.378 8.35844 -0.993101 
v -470.749 8.6724 -2.56525 
v -469.079 8.6724 2.92219 
v -469.378 8.35844 1.35003 
v -470.45 8.35844 1.35003 
v -470.749 8.6724 2.92219 
v -471.124 8.251 -2.56525 
v -470.761 7.96927 -2.96525 
v -470.749 5.95138 -2.56525 
v -471.124 6.37278 -2.56525 
v -470.761 6.65451 -2.96525 
v -470.499 8.26425 3.32219 
v -470.749 8.6724 2.92219 
v -471.124 8.251 2.92219 
v -470.761 7.96927 3.32219 
v -471.124 6.37278 2.92219 
v -470.761 6.65451 3.32219 
v -470.749 5.95138 2.92219 
v -470.529 8.44392 -0.558503 
v -470.529 8.44392 0.915437 
v -470.529 6.20314 -0.558503 
v -470.529 6.20314 0.915437 
v -470.529 8.44392 -0.558503 
v -470.787 8.09689 -0.558503 
v -470.846 8.15199 -0.407097 
v -470.57 8.52375 -0.407097 
v -470.787 6.55017 -0.558503 
v -470.846 6.49506 -0.407097 
v -470.529 6.20314 -0.558503 
v -470.57 6.12331 -0.407097 
v -470.787 8.09689 0.915437 
v -470.529 8.44392 0.915437 
v -470.846 8.15199 0.764031 
v -470.57 8.52375 0.764031 
v -470.787 6.55017 0.915437 
v -470.846 6.49506 0.764031 
v -470.529 6.20314 0.915437 
v -470.57 6.12331 0.764031 
v -470.846 8.15199 -0.407097 
v -470.846 6.49506 -0.407097 
v -470.846 6.49506 0.178467 
v -470.57 6.12331 -0.407097 
v -470.57 6.12331 0.178467 
v -470.57 6.12331 0.764031 
v -470.846 6.49506 0.764031 
v -470.846 8.15199 0.764031 
v -470.846 8.15199 0.178467 
v -470.57 8.52375 0.178467 
v -470.57 8.52375 -0.407097 
v -470.57 8.52375 0.764031 
v -470.69 6.5895 -0.993101 
v -470.511 6.7562 -0.793101 
v -470.69 8.03428 -0.993101 
v -470.511 7.86758 -0.793101 
v -470.69 6.5895 1.35003 
v -470.511 6.7562 1.15003 
v -470.69 8.03428 1.35003 
v -470.511 7.86758 1.15003 
v -470.45 8.35844 -0.993101 
v -470.749 8.6724 -2.56525 
v -471.124 8.251 -2.56525 
v -470.69 8.03428 -0.993101 
v -470.69 6.5895 -0.993101 
v -471.124 6.37278 -2.56525 
v -470.45 6.26534 -0.993101 
v -470.749 5.95138 -2.56525 
v -470.45 8.35844 1.35003 
v -470.749 8.6724 2.92219 
v -471.124 8.251 2.92219 
v -470.69 8.03428 1.35003 
v -470.69 6.5895 1.35003 
v -471.124 6.37278 2.92219 
v -470.45 6.26534 1.35003 
v -470.749 5.95138 2.92219 
v -469.067 7.96927 -2.96525 
v -470.761 7.96927 -2.96525 
v -469.329 8.26425 -2.96525 
v -470.499 8.26425 -2.96525 
v -469.067 6.65451 -2.96525 
v -470.761 6.65451 -2.96525 
v -469.329 6.35953 -2.96525 
v -470.499 6.35953 -2.96525 
v -469.329 8.26425 -2.96525 
v -468.704 8.251 -2.56525 
v -469.067 7.96927 -2.96525 
v -469.067 6.65451 -2.96525 
v -469.079 8.6724 -2.56525 
v -468.704 6.37278 -2.56525 
v -470.499 8.26425 -2.96525 
v -469.329 6.35953 -2.96525 
v -470.749 8.6724 -2.56525 
v -469.079 5.95138 -2.56525 
v -471.124 8.251 -2.56525 
v -470.499 6.35953 -2.96525 
v -470.761 7.96927 -2.96525 
v -470.749 5.95138 -2.56525 
v -471.124 6.37278 -2.56525 
v -470.761 6.65451 -2.96525 
v -470.529 8.44392 -0.558503 
v -469.383 6.20314 -0.558503 
v -470.529 6.20314 -0.558503 
v -470.787 8.09689 -0.558503 
v -470.846 6.49506 -0.407097 
v -470.529 6.20314 -0.558503 
v -469.125 6.55017 -0.558503 
v -469.125 8.09689 -0.558503 
v -469.066 8.15199 -0.407097 
v -469.383 8.44392 -0.558503 
v -470.529 8.44392 -0.558503 
v -469.383 8.44392 -0.558503 
v -469.87 7.32353 -0.556305 
v -469.125 8.09689 -0.558503 
v -470.787 8.09689 -0.558503 
v -470.787 6.55017 -0.558503 
v -469.125 7.32353 -0.558503 
v -470.529 6.20314 -0.558503 
v -469.125 6.55017 -0.558503 
v -469.383 6.20314 -0.558503 
v -469.502 6.50685 1.15003 
v -469.138 6.5895 1.35003 
v -469.378 6.26534 1.35003 
v -469.317 6.7562 1.15003 
v -470.326 6.50685 1.15003 
v -469.317 7.86758 1.15003 
v -470.45 6.26534 1.35003 
v -469.138 8.03428 1.35003 
v -470.69 6.5895 1.35003 
v -469.502 8.11693 1.15003 
v -470.511 6.7562 1.15003 
v -469.378 8.35844 1.35003 
v -470.69 8.03428 1.35003 
v -470.326 8.11693 1.15003 
v -470.511 7.86758 1.15003 
v -470.45 8.35844 1.35003 
v -469.079 5.95138 -2.56525 
v -470.749 5.95138 -2.56525 
v -469.079 5.95138 2.92219 
v -470.749 5.95138 2.92219 
v -469.383 6.20314 -0.558503 
v -470.57 6.12331 -0.407097 
v -470.529 6.20314 -0.558503 
v -469.342 6.12331 -0.407097 
v -469.383 6.20314 0.915437 
v -470.57 6.12331 0.764031 
v -469.342 6.12331 0.764031 
v -470.529 6.20314 0.915437 
v -469.342 6.12331 0.178467 
v -470.57 6.12331 0.178467 
v -469.342 6.12331 -0.407097 
v -470.57 6.12331 -0.407097 
v -469.342 6.12331 0.764031 
v -470.57 6.12331 0.764031 
v -469.378 6.26534 -0.993101 
v -470.45 6.26534 -0.993101 
v -469.079 5.95138 -2.56525 
v -470.749 5.95138 -2.56525 
v -469.378 6.26534 1.35003 
v -469.079 5.95138 2.92219 
v -470.45 6.26534 1.35003 
v -470.749 5.95138 2.92219 
v -469.329 8.26425 -2.96525 
v -468.704 8.251 -2.56525 
v -469.067 7.96927 -2.96525 
v -469.067 6.65451 -2.96525 
v -469.079 8.6724 -2.56525 
v -468.704 6.37278 -2.56525 
v -469.329 6.35953 -2.96525 
v -469.079 5.95138 -2.56525 
v -468.704 8.251 2.92219 
v -469.079 8.6724 2.92219 
v -469.067 7.96927 3.32219 
v -469.067 6.65451 3.32219 
v -468.704 6.37278 2.92219 
v -469.329 6.35953 3.32219 
v -469.079 5.95138 2.92219 
v -469.383 6.20314 -0.558503 
v -469.383 6.20314 0.915437 
v -469.383 6.20314 -0.558503 
v -469.125 6.55017 -0.558503 
v -469.066 6.49506 -0.407097 
v -469.342 6.12331 -0.407097 
v -469.066 7.32353 -0.407097 
v -469.125 7.32353 -0.558503 
v -469.125 8.09689 -0.558503 
v -469.066 8.15199 -0.407097 
v -469.383 8.44392 -0.558503 
v -469.342 8.52375 -0.407097 
v -469.125 6.55017 0.915437 
v -469.383 6.20314 0.915437 
v -469.066 6.49506 0.764031 
v -469.342 6.12331 0.764031 
v -469.066 7.32353 0.764031 
v -469.125 7.32353 0.915437 
v -469.125 8.09689 0.915437 
v -469.066 8.15199 0.764031 
v -469.383 8.44392 0.915437 
v -469.342 8.52375 0.764031 
v -469.066 6.49506 -0.407097 
v -469.066 6.49506 0.178467 
v -469.342 6.12331 0.178467 
v -469.342 6.12331 -0.407097 
v -469.066 6.49506 0.764031 
v -469.342 6.12331 0.764031 
v -469.066 7.32353 0.178467 
v -469.066 7.32353 -0.407097 
v -469.066 7.32353 0.764031 
v -469.066 8.15199 0.178467 
v -469.066 8.15199 -0.407097 
v -469.066 8.15199 0.764031 
v -469.342 8.52375 -0.407097 
v -469.342 8.52375 0.764031 
v -469.342 8.52375 0.178467 
v -469.502 6.50685 -0.793101 
v -469.138 6.5895 -0.993101 
v -469.317 6.7562 -0.793101 
v -469.317 7.86758 -0.793101 
v -469.378 6.26534 -0.993101 
v -469.138 8.03428 -0.993101 
v -469.502 8.11693 -0.793101 
v -469.378 8.35844 -0.993101 
v -469.502 6.50685 1.15003 
v -469.138 6.5895 1.35003 
v -469.378 6.26534 1.35003 
v -469.317 6.7562 1.15003 
v -469.317 7.86758 1.15003 
v -469.138 8.03428 1.35003 
v -469.502 8.11693 1.15003 
v -469.378 8.35844 1.35003 
v -469.079 8.6724 -2.56525 
v -469.378 8.35844 -0.993101 
v -468.704 8.251 -2.56525 
v -469.138 8.03428 -0.993101 
v -468.704 6.37278 -2.56525 
v -469.138 6.5895 -0.993101 
v -469.378 6.26534 -0.993101 
v -469.079 5.95138 -2.56525 
v -469.079 8.6724 2.92219 
v -469.378 8.35844 1.35003 
v -468.704 8.251 2.92219 
v -469.138 8.03428 1.35003 
v -468.704 6.37278 2.92219 
v -469.138 6.5895 1.35003 
v -469.378 6.26534 1.35003 
v -469.079 5.95138 2.92219 

vn 0 0 1 
vn 0 0 1 
vn 0 0 1 
vn 0 0 1 
vn 0 0 1 
vn 0 0 1 
vn 0 0 1 
vn 0 0 1 
vn 0.228346 0.606299 0.76378 
vn 0.645669 0.204724 0.732283 
vn 0.330709 0.551181 0.76378 
vn 0.645669 0.212598 0.732283 
vn -0.228346 0.606299 0.76378 
vn 0.645669 -0.212598 0.732283 
vn -0.330709 0.551181 0.76378 
vn 0.645669 -0.204724 0.732283 
vn -0.645669 0.204724 0.732283 
vn 0.228346 -0.606299 0.76378 
vn -0.645669 0.212598 0.732283 
vn 0.330709 -0.551181 0.76378 
vn -0.645669 -0.204724 0.732283 
vn -0.228346 -0.606299 0.76378 
vn -0.645669 -0.212598 0.732283 
vn -0.330709 -0.551181 0.76378 
vn 0 0.88189 0.464567 
vn 0 -0.88189 0.464567 
vn 0 -0.88189 0.464567 
vn -0.866142 0.244094 0.425197 
vn -0.866142 -0.259843 0.433071 
vn -0.708661 -0.527559 0.464567 
vn 0.866142 0.244094 0.425197 
vn 0 0 1 
vn 0 0 1 
vn 0 0 1 
vn 0 0 1 
vn 0 0 1 
vn 0 0 1 
vn 0 0 1 
vn 0 0 1 
vn 0 0 1 
vn 0 0 1 
vn 0.251969 -0.535433 0.80315 
vn 0.645669 -0.19685 0.740157 
vn 0.653543 -0.181102 0.732283 
vn 0.653543 0.181102 0.732283 
vn 0.330709 -0.496063 0.80315 
vn 0.645669 0.19685 0.740157 
vn -0.251969 -0.535433 0.80315 
vn 0.251969 0.535433 0.80315 
vn -0.330709 -0.496063 0.80315 
vn 0.330709 0.496063 0.80315 
vn -0.645669 -0.19685 0.740157 
vn -0.251969 0.535433 0.80315 
vn -0.653543 -0.181102 0.732283 
vn -0.330709 0.496063 0.80315 
vn -0.645669 0.19685 0.740157 
vn -0.653543 0.181102 0.732283 
vn 0.330709 0.551181 -0.76378 
vn -0.645669 0.204724 -0.732283 
vn 0.330709 0.551181 0.76378 
vn -0.645669 0.204724 0.732283 
vn 0 0.88189 -0.464567 
vn 0 0.88189 -0.464567 
vn 0 0.88189 -0.464567 
vn 0 0.88189 -0.464567 
vn 0 0.88189 0.464567 
vn 0 0.88189 0.464567 
vn 0 0.88189 0.464567 
vn 0 0.88189 0.464567 
vn 0 1 0 
vn 0 1 0 
vn 0 1 0 
vn 0 1 0 
vn 0 1 0 
vn 0 1 0 
vn 0.866142 0.244094 -0.425197 
vn 0.866142 0.244094 0.425197 
vn 0.488189 0.834646 0.267717 
vn -0.425197 0.866142 0.259843 
vn 0.425197 0.866142 0.259843 
vn -0.488189 0.834646 0.267717 
vn 0.488189 0.834646 -0.267717 
vn 0.425197 0.866142 -0.259843 
vn -0.425197 0.866142 -0.259843 
vn -0.488189 0.834646 -0.267717 
vn -0.645669 0.204724 -0.732283 
vn -0.645669 0.212598 -0.732283 
vn -0.330709 -0.551181 -0.76378 
vn -0.645669 -0.204724 -0.732283 
vn -0.645669 -0.212598 -0.732283 
vn -0.228346 0.606299 0.76378 
vn -0.330709 0.551181 0.76378 
vn -0.645669 0.204724 0.732283 
vn -0.645669 0.212598 0.732283 
vn -0.645669 -0.204724 0.732283 
vn -0.645669 -0.212598 0.732283 
vn -0.330709 -0.551181 0.76378 
vn 0 0.88189 -0.464567 
vn 0 0.88189 0.464567 
vn 0 -0.88189 -0.464567 
vn 0 -0.88189 0.464567 
vn -0.708661 0.527559 -0.464567 
vn -0.866142 0.244094 -0.425197 
vn -0.866142 0.259843 -0.433071 
vn -0.708661 0.527559 -0.464567 
vn -0.866142 -0.244094 -0.425197 
vn -0.866142 -0.259843 -0.433071 
vn -0.708661 -0.527559 -0.464567 
vn -0.708661 -0.527559 -0.464567 
vn -0.866142 0.244094 0.425197 
vn -0.708661 0.527559 0.464567 
vn -0.866142 0.259843 0.433071 
vn -0.708661 0.527559 0.464567 
vn -0.866142 -0.244094 0.425197 
vn -0.866142 -0.259843 0.433071 
vn -0.708661 -0.527559 0.464567 
vn -0.708661 -0.527559 0.464567 
vn -0.96063 0.275591 0 
vn -0.96063 -0.275591 0 
vn -0.96063 -0.275591 0 
vn -0.80315 -0.598425 0 
vn -0.80315 -0.598425 0 
vn -0.80315 -0.598425 0 
vn -0.96063 -0.275591 0 
vn -0.96063 0.275591 0 
vn -0.96063 0.275591 0 
vn -0.80315 0.598425 0 
vn -0.80315 0.598425 0 
vn -0.80315 0.598425 0 
vn -0.645669 -0.19685 0.740157 
vn -0.653543 -0.181102 0.732283 
vn -0.645669 0.19685 0.740157 
vn -0.653543 0.181102 0.732283 
vn -0.645669 -0.19685 -0.740157 
vn -0.653543 -0.181102 -0.732283 
vn -0.645669 0.19685 -0.740157 
vn -0.653543 0.181102 -0.732283 
vn -0.425197 0.866142 0.259843 
vn -0.488189 0.834646 0.267717 
vn -0.92126 0.275591 0.283465 
vn -0.913386 0.291339 0.283465 
vn -0.913386 -0.291339 0.283465 
vn -0.92126 -0.275591 0.283465 
vn -0.425197 -0.866142 0.259843 
vn -0.488189 -0.834646 0.267717 
vn -0.425197 0.866142 -0.259843 
vn -0.488189 0.834646 -0.267717 
vn -0.92126 0.275591 -0.283465 
vn -0.913386 0.291339 -0.283465 
vn -0.913386 -0.291339 -0.283465 
vn -0.92126 -0.275591 -0.283465 
vn -0.425197 -0.866142 -0.259843 
vn -0.488189 -0.834646 -0.267717 
vn 0 0 -1 
vn 0 0 -1 
vn 0 0 -1 
vn 0 0 -1 
vn 0 0 -1 
vn 0 0 -1 
vn 0 0 -1 
vn 0 0 -1 
vn 0.228346 0.606299 -0.76378 
vn 0.645669 0.204724 -0.732283 
vn 0.645669 0.212598 -0.732283 
vn 0.645669 -0.212598 -0.732283 
vn 0.330709 0.551181 -0.76378 
vn 0.645669 -0.204724 -0.732283 
vn -0.228346 0.606299 -0.76378 
vn 0.228346 -0.606299 -0.76378 
vn -0.330709 0.551181 -0.76378 
vn 0.330709 -0.551181 -0.76378 
vn -0.645669 0.204724 -0.732283 
vn -0.228346 -0.606299 -0.76378 
vn -0.645669 0.212598 -0.732283 
vn -0.330709 -0.551181 -0.76378 
vn -0.645669 -0.204724 -0.732283 
vn -0.645669 -0.212598 -0.732283 
vn 0 0.88189 -0.464567 
vn 0 -0.88189 -0.464567 
vn 0 -0.88189 -0.464567 
vn -0.866142 0.244094 -0.425197 
vn -0.866142 -0.259843 -0.433071 
vn -0.708661 -0.527559 -0.464567 
vn 0.866142 -0.244094 -0.425197 
vn 0.866142 0.244094 -0.425197 
vn 0.866142 0.259843 -0.433071 
vn 0.708661 0.527559 -0.464567 
vn 0 0 -1 
vn 0 0 -1 
vn 0 0 -1 
vn 0 0 -1 
vn 0 0 -1 
vn 0 0 -1 
vn 0 0 -1 
vn 0 0 -1 
vn 0 0 -1 
vn 0 0 -1 
vn 0.251969 -0.535433 -0.80315 
vn 0.645669 -0.19685 -0.740157 
vn 0.330709 -0.496063 -0.80315 
vn 0.653543 -0.181102 -0.732283 
vn -0.251969 -0.535433 -0.80315 
vn 0.653543 0.181102 -0.732283 
vn -0.330709 -0.496063 -0.80315 
vn 0.645669 0.19685 -0.740157 
vn -0.645669 -0.19685 -0.740157 
vn 0.251969 0.535433 -0.80315 
vn -0.653543 -0.181102 -0.732283 
vn 0.330709 0.496063 -0.80315 
vn -0.645669 0.19685 -0.740157 
vn -0.251969 0.535433 -0.80315 
vn -0.653543 0.181102 -0.732283 
vn -0.330709 0.496063 -0.80315 
vn 0.330709 -0.551181 -0.76378 
vn -0.330709 -0.551181 -0.76378 
vn 0.330709 -0.551181 0.76378 
vn -0.330709 -0.551181 0.76378 
vn 0 -0.88189 -0.464567 
vn 0 -0.88189 -0.464567 
vn 0 -0.88189 -0.464567 
vn 0 -0.88189 -0.464567 
vn 0 -0.88189 0.464567 
vn 0 -0.88189 0.464567 
vn 0 -0.88189 0.464567 
vn 0 -0.88189 0.464567 
vn 0 -1 0 
vn 0 -1 0 
vn 0 -1 0 
vn 0 -1 0 
vn 0 -1 0 
vn 0 -1 0 
vn 0.425197 -0.866142 0.259843 
vn -0.425197 -0.866142 0.259843 
vn 0.488189 -0.834646 0.267717 
vn -0.488189 -0.834646 0.267717 
vn 0.425197 -0.866142 -0.259843 
vn 0.488189 -0.834646 -0.267717 
vn -0.425197 -0.866142 -0.259843 
vn -0.488189 -0.834646 -0.267717 
vn 0.228346 0.606299 -0.76378 
vn 0.645669 0.204724 -0.732283 
vn 0.645669 0.212598 -0.732283 
vn 0.645669 -0.212598 -0.732283 
vn 0.330709 0.551181 -0.76378 
vn 0.645669 -0.204724 -0.732283 
vn 0.228346 -0.606299 -0.76378 
vn 0.330709 -0.551181 -0.76378 
vn 0.645669 0.204724 0.732283 
vn 0.330709 0.551181 0.76378 
vn 0.645669 0.212598 0.732283 
vn 0.645669 -0.212598 0.732283 
vn 0.645669 -0.204724 0.732283 
vn 0.228346 -0.606299 0.76378 
vn 0.330709 -0.551181 0.76378 
vn 0 -0.88189 -0.464567 
vn 0 -0.88189 0.464567 
vn 0.708661 -0.527559 -0.464567 
vn 0.866142 -0.244094 -0.425197 
vn 0.866142 -0.259843 -0.433071 
vn 0.708661 -0.527559 -0.464567 
vn 0.929134 0 -0.362205 
vn 0.929134 0 -0.362205 
vn 0.866142 0.244094 -0.425197 
vn 0.866142 0.259843 -0.433071 
vn 0.708661 0.527559 -0.464567 
vn 0.708661 0.527559 -0.464567 
vn 0.866142 -0.244094 0.425197 
vn 0.708661 -0.527559 0.464567 
vn 0.866142 -0.259843 0.433071 
vn 0.708661 -0.527559 0.464567 
vn 0.929134 0 0.362205 
vn 0.929134 0 0.362205 
vn 0.866142 0.244094 0.425197 
vn 0.866142 0.259843 0.433071 
vn 0.708661 0.527559 0.464567 
vn 0.708661 0.527559 0.464567 
vn 0.96063 -0.275591 0 
vn 0.96063 -0.275591 0 
vn 0.80315 -0.598425 0 
vn 0.80315 -0.598425 0 
vn 0.96063 -0.275591 0 
vn 0.80315 -0.598425 0 
vn 1 0 0 
vn 1 0 0 
vn 1 0 0 
vn 0.96063 0.275591 0 
vn 0.96063 0.275591 0 
vn 0.96063 0.275591 0 
vn 0.80315 0.598425 0 
vn 0.80315 0.598425 0 
vn 0.80315 0.598425 0 
vn 0.251969 -0.535433 0.80315 
vn 0.645669 -0.19685 0.740157 
vn 0.653543 -0.181102 0.732283 
vn 0.653543 0.181102 0.732283 
vn 0.330709 -0.496063 0.80315 
vn 0.645669 0.19685 0.740157 
vn 0.251969 0.535433 0.80315 
vn 0.330709 0.496063 0.80315 
vn 0.251969 -0.535433 -0.80315 
vn 0.645669 -0.19685 -0.740157 
vn 0.330709 -0.496063 -0.80315 
vn 0.653543 -0.181102 -0.732283 
vn 0.653543 0.181102 -0.732283 
vn 0.645669 0.19685 -0.740157 
vn 0.251969 0.535433 -0.80315 
vn 0.330709 0.496063 -0.80315 
vn 0.488189 0.834646 0.267717 
vn 0.425197 0.866142 0.259843 
vn 0.92126 0.275591 0.283465 
vn 0.913386 0.291339 0.283465 
vn 0.92126 -0.275591 0.283465 
vn 0.913386 -0.291339 0.283465 
vn 0.425197 -0.866142 0.259843 
vn 0.488189 -0.834646 0.267717 
vn 0.488189 0.834646 -0.267717 
vn 0.425197 0.866142 -0.259843 
vn 0.92126 0.275591 -0.283465 
vn 0.913386 0.291339 -0.283465 
vn 0.92126 -0.275591 -0.283465 
vn 0.913386 -0.291339 -0.283465 
vn 0.425197 -0.866142 -0.259843 
vn 0.488189 -0.834646 -0.267717 

vt 48.1059 -53.0822 
vt 47.8941 -53.0822 
vt 48.0731 -53.119 
vt 47.9269 -53.119 
vt 48.1059 -52.9178 
vt 47.8941 -52.9178 
vt 47.9269 -52.881 
vt 48.0731 -52.881 
vt 48.0731 -52.881 
vt 48.1513 -52.8826 
vt 48.1044 -52.8299 
vt 48.1059 -52.9178 
vt 47.9269 -52.881 
vt 48.1059 -53.0822 
vt 47.8956 -52.8299 
vt 48.1513 -53.1174 
vt 47.8487 -52.8826 
vt 48.0731 -53.119 
vt 47.8941 -52.9178 
vt 48.1044 -53.1701 
vt 47.8487 -53.1174 
vt 47.9269 -53.119 
vt 47.8941 -53.0822 
vt 47.8956 -53.1701 
vt 47.9231 -52.8585 
vt 48.0664 -53.1386 
vt 47.9231 -53.1386 
vt 47.8909 -52.9019 
vt 47.8835 -53.1021 
vt 47.9231 -53.1386 
vt 48.0986 -52.9019 
vt 47.9231 -52.8585 
vt 48.0055 -52.9985 
vt 48.0664 -52.8585 
vt 48.0986 -52.9019 
vt 47.8909 -52.9019 
vt 47.8909 -53.0952 
vt 48.0986 -52.9985 
vt 47.9231 -53.1386 
vt 48.0986 -53.0952 
vt 48.0664 -53.1386 
vt 48.0515 -53.1006 
vt 48.097 -53.0903 
vt 48.0746 -53.0695 
vt 48.0746 -52.9305 
vt 48.0669 -53.1308 
vt 48.097 -52.9097 
vt 47.9485 -53.1006 
vt 48.0515 -52.8994 
vt 47.9331 -53.1308 
vt 48.0669 -52.8692 
vt 47.903 -53.0903 
vt 47.9485 -52.8994 
vt 47.9254 -53.0695 
vt 47.9331 -52.8692 
vt 47.903 -52.9097 
vt 47.9254 -52.9305 
vt 48.343 -53.1044 
vt 48.343 -52.8487 
vt 47.657 -53.1044 
vt 47.657 -52.8487 
vt 48.0921 -53.0664 
vt 48.0732 -52.918 
vt 48.0732 -53.0715 
vt 48.0921 -52.9231 
vt 47.9268 -53.0715 
vt 47.9268 -52.918 
vt 47.9079 -53.0664 
vt 47.9079 -52.9231 
vt 48.0732 -53.0715 
vt 48.0732 -52.918 
vt 48 -53.0715 
vt 48 -52.918 
vt 47.9268 -52.918 
vt 47.9268 -53.0715 
vt 48.0921 -53.0986 
vt 47.9079 -53.0986 
vt 48.343 -53.1044 
vt 48.1464 -52.9331 
vt 48.1464 -53.0669 
vt 48.343 -52.8956 
vt 47.657 -53.1044 
vt 47.8536 -53.0669 
vt 47.8536 -52.9331 
vt 47.657 -52.8956 
vt 47.657 -52.8826 
vt 47.607 -52.9178 
vt 47.657 -53.1701 
vt 47.657 -53.1174 
vt 47.607 -53.0822 
vt 48.393 -52.881 
vt 48.343 -52.8299 
vt 48.343 -52.8826 
vt 48.393 -52.9178 
vt 48.343 -53.1174 
vt 48.393 -53.0822 
vt 48.343 -53.1701 
vt 47.9079 -52.8585 
vt 48.0921 -52.8585 
vt 47.9079 -53.1386 
vt 48.0921 -53.1386 
vt 47.9079 -52.8585 
vt 47.9079 -52.9019 
vt 47.9268 -52.895 
vt 47.9268 -52.8485 
vt 47.9079 -53.0952 
vt 47.9268 -53.1021 
vt 47.9079 -53.1386 
vt 47.9268 -53.1486 
vt 48.0921 -52.9019 
vt 48.0921 -52.8585 
vt 48.0732 -52.895 
vt 48.0732 -52.8485 
vt 48.0921 -53.0952 
vt 48.0732 -53.1021 
vt 48.0921 -53.1386 
vt 48.0732 -53.1486 
vt 47.9268 -52.895 
vt 47.9268 -53.1021 
vt 48 -53.1021 
vt 47.9268 -53.1486 
vt 48 -53.1486 
vt 48.0732 -53.1486 
vt 48.0732 -53.1021 
vt 48.0732 -52.895 
vt 48 -52.895 
vt 48 -52.8485 
vt 47.9268 -52.8485 
vt 48.0732 -52.8485 
vt 47.8536 -53.0903 
vt 47.8786 -53.0695 
vt 47.8536 -52.9097 
vt 47.8786 -52.9305 
vt 48.1464 -53.0903 
vt 48.1214 -53.0695 
vt 48.1464 -52.9097 
vt 48.1214 -52.9305 
vt 47.8536 -52.8692 
vt 47.657 -52.8299 
vt 47.657 -52.8826 
vt 47.8536 -52.9097 
vt 47.8536 -53.0903 
vt 47.657 -53.1174 
vt 47.8536 -53.1308 
vt 47.657 -53.1701 
vt 48.1464 -52.8692 
vt 48.343 -52.8299 
vt 48.343 -52.8826 
vt 48.1464 -52.9097 
vt 48.1464 -53.0903 
vt 48.343 -53.1174 
vt 48.1464 -53.1308 
vt 48.343 -53.1701 
vt 47.8941 -52.9178 
vt 48.1059 -52.9178 
vt 47.9269 -52.881 
vt 48.0731 -52.881 
vt 47.8941 -53.0822 
vt 48.1059 -53.0822 
vt 47.9269 -53.119 
vt 48.0731 -53.119 
vt 47.9269 -52.881 
vt 47.8487 -52.8826 
vt 47.8941 -52.9178 
vt 47.8941 -53.0822 
vt 47.8956 -52.8299 
vt 47.8487 -53.1174 
vt 48.0731 -52.881 
vt 47.9269 -53.119 
vt 48.1044 -52.8299 
vt 47.8956 -53.1701 
vt 48.1513 -52.8826 
vt 48.0731 -53.119 
vt 48.1059 -52.9178 
vt 48.1044 -53.1701 
vt 48.1513 -53.1174 
vt 48.1059 -53.0822 
vt 48.0769 -52.8585 
vt 47.9336 -53.1386 
vt 48.0769 -53.1386 
vt 48.1091 -52.9019 
vt 48.1165 -53.1021 
vt 48.0769 -53.1386 
vt 47.9014 -53.0952 
vt 47.9014 -52.9019 
vt 47.894 -52.895 
vt 47.9336 -52.8585 
vt 48.0769 -52.8585 
vt 47.9336 -52.8585 
vt 47.9945 -52.9985 
vt 47.9014 -52.9019 
vt 48.1091 -52.9019 
vt 48.1091 -53.0952 
vt 47.9014 -52.9985 
vt 48.0769 -53.1386 
vt 47.9014 -53.0952 
vt 47.9336 -53.1386 
vt 47.9485 -53.1006 
vt 47.903 -53.0903 
vt 47.9331 -53.1308 
vt 47.9254 -53.0695 
vt 48.0515 -53.1006 
vt 47.9254 -52.9305 
vt 48.0669 -53.1308 
vt 47.903 -52.9097 
vt 48.097 -53.0903 
vt 47.9485 -52.8994 
vt 48.0746 -53.0695 
vt 47.9331 -52.8692 
vt 48.097 -52.9097 
vt 48.0515 -52.8994 
vt 48.0746 -52.9305 
vt 48.0669 -52.8692 
vt 47.657 -53.1044 
vt 47.657 -52.8956 
vt 48.343 -53.1044 
vt 48.343 -52.8956 
vt 47.9079 -53.0664 
vt 47.9268 -52.918 
vt 47.9079 -52.9231 
vt 47.9268 -53.0715 
vt 48.0921 -53.0664 
vt 48.0732 -52.918 
vt 48.0732 -53.0715 
vt 48.0921 -52.9231 
vt 48 -53.0715 
vt 48 -52.918 
vt 47.9268 -53.0715 
vt 47.9268 -52.918 
vt 48.0732 -53.0715 
vt 48.0732 -52.918 
vt 47.8536 -53.0669 
vt 47.8536 -52.9331 
vt 47.657 -53.1044 
vt 47.657 -52.8956 
vt 48.1464 -53.0669 
vt 48.343 -53.1044 
vt 48.1464 -52.9331 
vt 48.343 -52.8956 
vt 48.393 -52.881 
vt 48.343 -52.8826 
vt 48.393 -52.9178 
vt 48.393 -53.0822 
vt 48.343 -52.8299 
vt 48.343 -53.1174 
vt 48.393 -53.119 
vt 48.343 -53.1701 
vt 47.657 -52.8826 
vt 47.657 -52.8299 
vt 47.607 -52.9178 
vt 47.607 -53.0822 
vt 47.657 -53.1174 
vt 47.607 -53.119 
vt 47.657 -53.1701 
vt 48.0921 -53.1386 
vt 47.9079 -53.1386 
vt 48.0921 -53.1386 
vt 48.0921 -53.0952 
vt 48.0732 -53.1021 
vt 48.0732 -53.1486 
vt 48.0732 -52.9985 
vt 48.0921 -52.9985 
vt 48.0921 -52.9019 
vt 48.0732 -52.895 
vt 48.0921 -52.8585 
vt 48.0732 -52.8485 
vt 47.9079 -53.0952 
vt 47.9079 -53.1386 
vt 47.9268 -53.1021 
vt 47.9268 -53.1486 
vt 47.9268 -52.9985 
vt 47.9079 -52.9985 
vt 47.9079 -52.9019 
vt 47.9268 -52.895 
vt 47.9079 -52.8585 
vt 47.9268 -52.8485 
vt 48.0732 -53.1021 
vt 48 -53.1021 
vt 48 -53.1486 
vt 48.0732 -53.1486 
vt 47.9268 -53.1021 
vt 47.9268 -53.1486 
vt 48 -52.9985 
vt 48.0732 -52.9985 
vt 47.9268 -52.9985 
vt 48 -52.895 
vt 48.0732 -52.895 
vt 47.9268 -52.895 
vt 48.0732 -52.8485 
vt 47.9268 -52.8485 
vt 48 -52.8485 
vt 48.1214 -53.1006 
vt 48.1464 -53.0903 
vt 48.1214 -53.0695 
vt 48.1214 -52.9305 
vt 48.1464 -53.1308 
vt 48.1464 -52.9097 
vt 48.1214 -52.8994 
vt 48.1464 -52.8692 
vt 47.8786 -53.1006 
vt 47.8536 -53.0903 
vt 47.8536 -53.1308 
vt 47.8786 -53.0695 
vt 47.8786 -52.9305 
vt 47.8536 -52.9097 
vt 47.8786 -52.8994 
vt 47.8536 -52.8692 
vt 48.343 -52.8299 
vt 48.1464 -52.8692 
vt 48.343 -52.8826 
vt 48.1464 -52.9097 
vt 48.343 -53.1174 
vt 48.1464 -53.0903 
vt 48.1464 -53.1308 
vt 48.343 -53.1701 
vt 47.657 -52.8299 
vt 47.8536 -52.8692 
vt 47.657 -52.8826 
vt 47.8536 -52.9097 
vt 47.657 -53.1174 
vt 47.8536 -53.0903 
vt 47.8536 -53.1308 
vt 47.657 -53.1701 

usemtl Meshpart3Mtl

f 846/846/846 847/847/847 848/848/848 
f 848/848/848 847/847/847 849/849/849 
f 850/850/850 847/847/847 846/846/846 
f 850/850/850 851/851/851 847/847/847 
f 851/851/851 850/850/850 852/852/852 
f 852/852/852 850/850/850 853/853/853 
f 854/854/854 855/855/855 856/856/856 
f 855/855/855 854/854/854 857/857/857 
f 856/856/856 858/858/858 854/854/854 
f 858/858/858 856/856/856 860/860/860 
f 860/860/860 862/862/862 858/858/858 
f 863/863/863 861/861/861 859/859/859 
f 862/862/862 864/864/864 858/858/858 
f 861/861/861 863/863/863 865/865/865 
f 867/867/867 865/865/865 863/863/863 
f 866/866/866 867/867/867 868/868/868 
f 869/869/869 865/865/865 867/867/867 
f 867/867/867 866/866/866 869/869/869 
f 877/877/877 878/878/878 879/879/879 
f 879/879/879 878/878/878 880/880/880 
f 881/881/881 878/878/878 877/877/877 
f 882/882/882 878/878/878 881/881/881 
f 880/880/880 878/878/878 883/883/883 
f 884/884/884 878/878/878 882/882/882 
f 883/883/883 878/878/878 885/885/885 
f 886/886/886 878/878/878 884/884/884 
f 885/885/885 878/878/878 886/886/886 
f 887/887/887 888/888/888 889/889/889 
f 888/888/888 887/887/887 891/891/891 
f 893/893/893 891/891/891 887/887/887 
f 894/894/894 890/890/890 892/892/892 
f 891/891/891 893/893/893 895/895/895 
f 894/894/894 892/892/892 896/896/896 
f 897/897/897 895/895/895 893/893/893 
f 896/896/896 898/898/898 894/894/894 
f 897/897/897 893/893/893 899/899/899 
f 896/896/896 900/900/900 898/898/898 
f 901/901/901 898/898/898 900/900/900 
f 898/898/898 901/901/901 902/902/902 
f 907/907/907 908/908/908 909/909/909 
f 908/908/908 907/907/907 910/910/910 
f 911/911/911 912/912/912 913/913/913 
f 913/913/913 912/912/912 914/914/914 
f 915/915/915 916/916/916 917/917/917 
f 917/917/917 916/916/916 918/918/918 
f 919/919/919 917/917/917 918/918/918 
f 917/917/917 919/919/919 920/920/920 
f 923/923/923 924/924/924 925/925/925 
f 924/924/924 923/923/923 926/926/926 
f 927/927/927 928/928/928 929/929/929 
f 927/927/927 929/929/929 930/930/930 
f 934/934/934 931/931/931 932/932/932 
f 932/932/932 935/935/935 934/934/934 
f 938/938/938 940/940/940 939/939/939 
f 939/939/939 940/940/940 941/941/941 
f 947/947/947 948/948/948 949/949/949 
f 949/949/949 950/950/950 947/947/947 
f 951/951/951 949/949/949 948/948/948 
f 949/949/949 951/951/951 952/952/952 
f 953/953/953 952/952/952 951/951/951 
f 952/952/952 953/953/953 954/954/954 
f 955/955/955 956/956/956 957/957/957 
f 958/958/958 957/957/957 956/956/956 
f 957/957/957 959/959/959 955/955/955 
f 959/959/959 957/957/957 960/960/960 
f 960/960/960 961/961/961 959/959/959 
f 961/961/961 960/960/960 962/962/962 
f 963/963/963 964/964/964 965/965/965 
f 966/966/966 965/965/965 964/964/964 
f 967/967/967 965/965/965 966/966/966 
f 967/967/967 968/968/968 965/965/965 
f 968/968/968 969/969/969 965/965/965 
f 969/969/969 970/970/970 965/965/965 
f 965/965/965 971/971/971 963/963/963 
f 965/965/965 970/970/970 971/971/971 
f 963/963/963 971/971/971 972/972/972 
f 970/970/970 972/972/972 971/971/971 
f 963/963/963 972/972/972 973/973/973 
f 972/972/972 970/970/970 974/974/974 
f 977/977/977 975/975/975 976/976/976 
f 977/977/977 976/976/976 978/978/978 
f 979/979/979 981/981/981 980/980/980 
f 980/980/980 981/981/981 982/982/982 
f 985/985/985 983/983/983 984/984/984 
f 983/983/983 985/985/985 986/986/986 
f 987/987/987 986/986/986 985/985/985 
f 988/988/988 987/987/987 985/985/985 
f 987/987/987 988/988/988 989/989/989 
f 990/990/990 989/989/989 988/988/988 
f 991/991/991 993/993/993 992/992/992 
f 993/993/993 991/991/991 994/994/994 
f 995/995/995 993/993/993 994/994/994 
f 996/996/996 993/993/993 995/995/995 
f 997/997/997 996/996/996 995/995/995 
f 997/997/997 998/998/998 996/996/996 
f 999/999/999 1000/1000/1000 1001/1001/1001 
f 1001/1001/1001 1000/1000/1000 1002/1002/1002 
f 1000/1000/1000 999/999/999 1003/1003/1003 
f 1003/1003/1003 1004/1004/1004 1000/1000/1000 
f 1005/1005/1005 1004/1004/1004 1003/1003/1003 
f 1004/1004/1004 1005/1005/1005 1006/1006/1006 
f 1007/1007/1007 1008/1008/1008 1009/1009/1009 
f 1008/1008/1008 1007/1007/1007 1011/1011/1011 
f 1013/1013/1013 1011/1011/1011 1007/1007/1007 
f 1012/1012/1012 1014/1014/1014 1010/1010/1010 
f 1011/1011/1011 1013/1013/1013 1015/1015/1015 
f 1014/1014/1014 1012/1012/1012 1016/1016/1016 
f 1015/1015/1015 1013/1013/1013 1017/1017/1017 
f 1018/1018/1018 1014/1014/1014 1016/1016/1016 
f 1017/1017/1017 1013/1013/1013 1019/1019/1019 
f 1016/1016/1016 1020/1020/1020 1018/1018/1018 
f 1021/1021/1021 1018/1018/1018 1020/1020/1020 
f 1018/1018/1018 1021/1021/1021 1022/1022/1022 
f 1033/1033/1033 1034/1034/1034 1035/1035/1035 
f 1034/1034/1034 1036/1036/1036 1035/1035/1035 
f 1037/1037/1037 1033/1033/1033 1035/1035/1035 
f 1038/1038/1038 1037/1037/1037 1035/1035/1035 
f 1036/1036/1036 1039/1039/1039 1035/1035/1035 
f 1040/1040/1040 1038/1038/1038 1035/1035/1035 
f 1039/1039/1039 1041/1041/1041 1035/1035/1035 
f 1042/1042/1042 1040/1040/1040 1035/1035/1035 
f 1041/1041/1041 1042/1042/1042 1035/1035/1035 
f 1043/1043/1043 1044/1044/1044 1045/1045/1045 
f 1044/1044/1044 1043/1043/1043 1046/1046/1046 
f 1045/1045/1045 1047/1047/1047 1043/1043/1043 
f 1047/1047/1047 1045/1045/1045 1049/1049/1049 
f 1051/1051/1051 1047/1047/1047 1049/1049/1049 
f 1052/1052/1052 1050/1050/1050 1048/1048/1048 
f 1051/1051/1051 1053/1053/1053 1047/1047/1047 
f 1054/1054/1054 1050/1050/1050 1052/1052/1052 
f 1052/1052/1052 1056/1056/1056 1054/1054/1054 
f 1055/1055/1055 1056/1056/1056 1057/1057/1057 
f 1056/1056/1056 1055/1055/1055 1058/1058/1058 
f 1054/1054/1054 1056/1056/1056 1058/1058/1058 
f 1063/1063/1063 1064/1064/1064 1065/1065/1065 
f 1064/1064/1064 1063/1063/1063 1066/1066/1066 
f 1067/1067/1067 1068/1068/1068 1069/1069/1069 
f 1068/1068/1068 1067/1067/1067 1070/1070/1070 
f 1071/1071/1071 1072/1072/1072 1073/1073/1073 
f 1073/1073/1073 1072/1072/1072 1074/1074/1074 
f 1075/1075/1075 1072/1072/1072 1071/1071/1071 
f 1072/1072/1072 1075/1075/1075 1076/1076/1076 
f 1078/1078/1078 1079/1079/1079 1077/1077/1077 
f 1079/1079/1079 1078/1078/1078 1080/1080/1080 
f 1082/1082/1082 1083/1083/1083 1081/1081/1081 
f 1083/1083/1083 1082/1082/1082 1084/1084/1084 
f 1088/1088/1088 1087/1087/1087 1086/1086/1086 
f 1086/1086/1086 1090/1090/1090 1088/1088/1088 
f 1096/1096/1096 1093/1093/1093 1095/1095/1095 
f 1097/1097/1097 1093/1093/1093 1096/1096/1096 
f 1102/1102/1102 1103/1103/1103 1104/1104/1104 
f 1104/1104/1104 1105/1105/1105 1102/1102/1102 
f 1106/1106/1106 1104/1104/1104 1103/1103/1103 
f 1103/1103/1103 1107/1107/1107 1106/1106/1106 
f 1108/1108/1108 1106/1106/1106 1107/1107/1107 
f 1106/1106/1106 1108/1108/1108 1109/1109/1109 
f 1110/1110/1110 1109/1109/1109 1108/1108/1108 
f 1109/1109/1109 1110/1110/1110 1111/1111/1111 
f 1112/1112/1112 1113/1113/1113 1114/1114/1114 
f 1115/1115/1115 1114/1114/1114 1113/1113/1113 
f 1114/1114/1114 1116/1116/1116 1112/1112/1112 
f 1112/1112/1112 1116/1116/1116 1117/1117/1117 
f 1116/1116/1116 1118/1118/1118 1117/1117/1117 
f 1118/1118/1118 1116/1116/1116 1119/1119/1119 
f 1119/1119/1119 1120/1120/1120 1118/1118/1118 
f 1120/1120/1120 1119/1119/1119 1121/1121/1121 
f 1122/1122/1122 1123/1123/1123 1124/1124/1124 
f 1122/1122/1122 1124/1124/1124 1125/1125/1125 
f 1126/1126/1126 1124/1124/1124 1123/1123/1123 
f 1124/1124/1124 1126/1126/1126 1127/1127/1127 
f 1122/1122/1122 1128/1128/1128 1123/1123/1123 
f 1128/1128/1128 1126/1126/1126 1123/1123/1123 
f 1128/1128/1128 1122/1122/1122 1129/1129/1129 
f 1128/1128/1128 1130/1130/1130 1126/1126/1126 
f 1129/1129/1129 1131/1131/1131 1128/1128/1128 
f 1131/1131/1131 1130/1130/1130 1128/1128/1128 
f 1131/1131/1131 1129/1129/1129 1132/1132/1132 
f 1131/1131/1131 1133/1133/1133 1130/1130/1130 
f 1134/1134/1134 1131/1131/1131 1132/1132/1132 
f 1135/1135/1135 1133/1133/1133 1131/1131/1131 
f 1136/1136/1136 1131/1131/1131 1134/1134/1134 
f 1136/1136/1136 1135/1135/1135 1131/1131/1131 
f 1138/1138/1138 1140/1140/1140 1139/1139/1139 
f 1138/1138/1138 1142/1142/1142 1140/1140/1140 
f 1149/1149/1149 1146/1146/1146 1148/1148/1148 
f 1150/1150/1150 1146/1146/1146 1149/1149/1149 
f 1153/1153/1153 1154/1154/1154 1155/1155/1155 
f 1156/1156/1156 1155/1155/1155 1154/1154/1154 
f 1155/1155/1155 1156/1156/1156 1157/1157/1157 
f 1156/1156/1156 1158/1158/1158 1157/1157/1157 
f 1159/1159/1159 1157/1157/1157 1158/1158/1158 
f 1157/1157/1157 1159/1159/1159 1160/1160/1160 
f 1162/1162/1162 1161/1161/1161 1163/1163/1163 
f 1162/1162/1162 1163/1163/1163 1164/1164/1164 
f 1163/1163/1163 1165/1165/1165 1164/1164/1164 
f 1164/1164/1164 1165/1165/1165 1166/1166/1166 
f 1165/1165/1165 1167/1167/1167 1166/1166/1166 
f 1167/1167/1167 1165/1165/1165 1168/1168/1168 

g Meshpart4

v -469.916 5.6648 0.468799 
v -469.91 5.67683 0.433357 
v -469.922 5.66306 0.467055 
v -469.922 5.67683 0.433357 
v -469.916 5.63 0.483213 
v -469.924 5.67091 0.433913 
v -469.924 5.65893 0.462919 
v -469.922 5.66521 0.434565 
v -469.922 5.63 0.480749 
v -469.922 5.65493 0.458927 
v -469.916 5.65334 0.457329 
v -469.916 5.66284 0.434827 
v -469.924 5.63 0.474899 
v -469.922 5.63 0.469251 
v -469.916 5.63 0.466993 
v -469.916 5.60667 0.457329 
v -469.922 5.60508 0.458927 
v -469.924 5.60108 0.462919 
v -469.922 5.5948 0.434565 
v -469.916 5.59717 0.434827 
v -469.924 5.5891 0.433913 
v -469.922 5.59695 0.467055 
v -469.922 5.58318 0.433357 
v -469.91 5.66306 0.467055 
v -469.916 5.67938 0.433169 
v -469.916 5.6648 0.468799 
v -469.91 5.67683 0.433357 
v -469.922 5.66306 0.467055 
v -469.922 5.67683 0.433357 
v -469.922 5.66521 0.434565 
v -469.916 5.60667 0.457329 
v -469.922 5.60508 0.458927 
v -469.924 5.60108 0.462919 
v -469.922 5.5948 0.434565 
v -469.916 5.59717 0.434827 
v -469.91 5.5948 0.434565 
v -469.922 5.58318 0.433357 
v -469.908 5.60108 0.462919 
v -469.91 5.60508 0.458927 
v -469.908 5.65893 0.462919 
v -469.91 5.65493 0.458927 
v -469.924 5.65893 0.462919 
v -469.922 5.65493 0.458927 
v -469.916 5.65334 0.457329 
v -469.924 5.63 0.474899 
v -469.922 5.63 0.469251 
v -469.916 5.63 0.466993 
v -469.91 5.63 0.469251 
v -469.916 5.60667 0.457329 
v -469.922 5.60508 0.458927 
v -469.924 5.60108 0.462919 
v -469.908 5.60108 0.462919 
v -469.908 5.63 0.474899 
v -469.91 5.60508 0.458927 
v -469.91 5.66306 0.467055 
v -469.916 5.6648 0.468799 
v -469.91 5.67683 0.433357 
v -469.908 5.67091 0.433913 
v -469.916 5.63 0.483213 
v -469.908 5.65893 0.462919 
v -469.91 5.66521 0.434565 
v -469.91 5.63 0.480749 
v -469.91 5.65493 0.458927 
v -469.916 5.65334 0.457329 
v -469.916 5.66284 0.434827 
v -469.916 5.63 0.466993 
v -469.91 5.63 0.469251 
v -469.916 5.60667 0.457329 
v -469.916 5.59717 0.434827 
v -469.91 5.5948 0.434565 
v -469.922 5.58318 0.433357 
v -469.916 5.5952 0.468799 
v -469.91 5.59695 0.467055 
v -469.91 5.58318 0.433357 
v -469.908 5.5891 0.433913 
v -469.908 5.60108 0.462919 
v -469.908 5.63 0.474899 
v -469.91 5.60508 0.458927 
v -469.91 5.67683 0.433357 
v -469.908 5.65893 0.462919 
v -469.91 5.66521 0.434565 
v -469.91 5.65493 0.458927 
v -469.924 5.65893 0.462919 
v -469.922 5.66521 0.434565 
v -469.922 5.65493 0.458927 
v -469.916 5.65334 0.457329 
v -469.916 5.66284 0.434827 
v -469.91 5.5948 0.434565 
v -469.922 5.59695 0.467055 
v -469.922 5.58318 0.433357 
v -469.916 5.58063 0.433169 
v -469.916 5.5952 0.468799 
v -469.91 5.59695 0.467055 
v -469.91 5.58318 0.433357 
v -469.91 5.66306 0.467055 
v -469.916 5.6648 0.468799 
v -469.922 5.66306 0.467055 
v -469.916 5.63 0.483213 
v -469.91 5.63 0.480749 
v -469.922 5.63 0.480749 
v -469.922 5.59695 0.467055 
v -469.916 5.5952 0.468799 
v -469.91 5.59695 0.467055 

vn 0 0.708661 0.708661 
vn 0.629921 0.716535 0.299213 
vn -0.669291 0.527559 0.519685 
vn -0.629921 0.716535 0.299213 
vn 0 0 1 
vn -0.992126 0.102362 0.0393701 
vn -1 0.0551181 0.0551181 
vn -0.724409 -0.629921 -0.267717 
vn -0.669291 0 0.740157 
vn -0.740157 -0.472441 -0.472441 
vn 0 -0.700787 -0.708661 
vn 0 -0.92126 -0.385827 
vn -1 0 0.0708661 
vn -0.748031 0 -0.669291 
vn 0 0 -1 
vn 0 0.708661 -0.708661 
vn -0.740157 0.472441 -0.472441 
vn -1 -0.0551181 0.0551181 
vn -0.732283 0.629921 -0.267717 
vn 0 0.92126 -0.385827 
vn -0.992126 -0.102362 0.0393701 
vn -0.669291 -0.527559 0.519685 
vn -0.629921 -0.716535 0.299213 
vn 0.669291 0.527559 0.519685 
vn 0 0.929134 0.377953 
vn 0 0.708661 0.708661 
vn 0.629921 0.716535 0.299213 
vn -0.669291 0.527559 0.519685 
vn -0.629921 0.716535 0.299213 
vn -0.724409 -0.629921 -0.267717 
vn 0 0.708661 -0.708661 
vn -0.740157 0.472441 -0.472441 
vn -1 -0.0551181 0.0551181 
vn -0.732283 0.629921 -0.267717 
vn 0 0.92126 -0.385827 
vn 0.732283 0.629921 -0.267717 
vn -0.629921 -0.716535 0.299213 
vn 1 -0.0551181 0.0551181 
vn 0.740157 0.472441 -0.472441 
vn 1 0.0551181 0.0551181 
vn 0.740157 -0.472441 -0.472441 
vn -1 0.0551181 0.0551181 
vn -0.740157 -0.472441 -0.472441 
vn 0 -0.700787 -0.708661 
vn -1 0 0.0708661 
vn -0.748031 0 -0.669291 
vn 0 0 -1 
vn 0.748031 0 -0.669291 
vn 0 0.708661 -0.708661 
vn -0.740157 0.472441 -0.472441 
vn -1 -0.0551181 0.0551181 
vn 1 -0.0551181 0.0551181 
vn 1 0 0.0708661 
vn 0.740157 0.472441 -0.472441 
vn 0.669291 0.527559 0.519685 
vn 0 0.708661 0.708661 
vn 0.629921 0.716535 0.299213 
vn 0.992126 0.102362 0.0393701 
vn 0 0 1 
vn 1 0.0551181 0.0551181 
vn 0.732283 -0.629921 -0.267717 
vn 0.669291 0 0.740157 
vn 0.740157 -0.472441 -0.472441 
vn 0 -0.700787 -0.708661 
vn 0 -0.92126 -0.385827 
vn 0 0 -1 
vn 0.748031 0 -0.669291 
vn 0 0.708661 -0.708661 
vn 0 0.92126 -0.385827 
vn 0.732283 0.629921 -0.267717 
vn -0.629921 -0.716535 0.299213 
vn 0 -0.708661 0.708661 
vn 0.669291 -0.527559 0.519685 
vn 0.629921 -0.716535 0.299213 
vn 0.992126 -0.102362 0.0393701 
vn 1 -0.0551181 0.0551181 
vn 1 0 0.0708661 
vn 0.740157 0.472441 -0.472441 
vn 0.629921 0.716535 0.299213 
vn 1 0.0551181 0.0551181 
vn 0.732283 -0.629921 -0.267717 
vn 0.740157 -0.472441 -0.472441 
vn -1 0.0551181 0.0551181 
vn -0.724409 -0.629921 -0.267717 
vn -0.740157 -0.472441 -0.472441 
vn 0 -0.700787 -0.708661 
vn 0 -0.92126 -0.385827 
vn 0.732283 0.629921 -0.267717 
vn -0.669291 -0.527559 0.519685 
vn -0.629921 -0.716535 0.299213 
vn 0 -0.929134 0.377953 
vn 0 -0.708661 0.708661 
vn 0.669291 -0.527559 0.519685 
vn 0.629921 -0.716535 0.299213 
vn 0.669291 0.527559 0.519685 
vn 0 0.708661 0.708661 
vn -0.669291 0.527559 0.519685 
vn 0 0 1 
vn 0.669291 0 0.740157 
vn -0.669291 0 0.740157 
vn -0.669291 -0.527559 0.519685 
vn 0 -0.708661 0.708661 
vn 0.669291 -0.527559 0.519685 

vt 56.0013 -4.99565 
vt 55.9969 -4.99415 
vt 56.0011 -4.99587 
vt 55.9969 -4.99415 
vt 56.0031 -5 
vt 55.997 -4.99489 
vt 56.0006 -4.99639 
vt 55.997 -4.9956 
vt 56.0028 -5 
vt 56.0001 -4.99688 
vt 55.9999 -4.99708 
vt 55.9971 -4.9959 
vt 56.0021 -5 
vt 56.0014 -5 
vt 56.0011 -5 
vt 55.9999 -5.00292 
vt 56.0001 -5.00312 
vt 56.0006 -5.00361 
vt 55.997 -5.0044 
vt 55.9971 -5.0041 
vt 55.997 -5.00511 
vt 56.0011 -5.00413 
vt 55.9969 -5.00585 
vt 56.0007 -5.00111 
vt 56 -4.99687 
vt 56 -5.00133 
vt 56.0007 -4.9969 
vt 55.9993 -5.00111 
vt 55.9993 -4.9969 
vt 55.9993 -4.99705 
vt 56 -4.99989 
vt 55.9993 -5.00009 
vt 55.999 -5.00059 
vt 55.9993 -4.99705 
vt 56 -4.99708 
vt 56.0007 -4.99705 
vt 55.9993 -4.9969 
vt 56.001 -5.00059 
vt 56.0007 -5.00009 
vt 55.999 -4.99639 
vt 55.9993 -4.99688 
vt 56.001 -4.99639 
vt 56.0007 -4.99688 
vt 56 -4.99708 
vt 56.001 -5 
vt 56.0007 -5 
vt 56 -5 
vt 55.9993 -5 
vt 56 -5.00292 
vt 56.0007 -5.00312 
vt 56.001 -5.00361 
vt 55.999 -5.00361 
vt 55.999 -5 
vt 55.9993 -5.00312 
vt 55.9989 -4.99587 
vt 55.9987 -4.99565 
vt 56.0031 -4.99415 
vt 56.003 -4.99489 
vt 55.9969 -5 
vt 55.9994 -4.99639 
vt 56.003 -4.9956 
vt 55.9972 -5 
vt 55.9999 -4.99688 
vt 56.0001 -4.99708 
vt 56.0029 -4.9959 
vt 55.9989 -5 
vt 55.9986 -5 
vt 56.0001 -5.00292 
vt 56.0029 -5.0041 
vt 56.003 -5.0044 
vt 56.0031 -5.00585 
vt 55.9987 -5.00435 
vt 55.9989 -5.00413 
vt 56.0031 -5.00585 
vt 56.003 -5.00511 
vt 55.9994 -5.00361 
vt 55.9979 -5 
vt 55.9999 -5.00312 
vt 55.9993 -4.9969 
vt 55.999 -5.00059 
vt 55.9993 -4.99705 
vt 55.9993 -5.00009 
vt 56.001 -5.00059 
vt 56.0007 -4.99705 
vt 56.0007 -5.00009 
vt 56 -4.99989 
vt 56 -4.99708 
vt 55.9993 -4.99705 
vt 56.0007 -5.00111 
vt 56.0007 -4.9969 
vt 56 -4.99687 
vt 56 -5.00133 
vt 55.9993 -5.00111 
vt 55.9993 -4.9969 
vt 56.0007 -4.99587 
vt 56 -4.99565 
vt 55.9993 -4.99587 
vt 56 -5 
vt 56.0007 -5 
vt 55.9993 -5 
vt 55.9993 -5.00413 
vt 56 -5.00435 
vt 56.0007 -5.00413 

usemtl Meshpart2Mtl

f 1174/1174/1174 1171/1171/1171 1172/1172/1172 
f 1171/1171/1171 1174/1174/1174 1175/1175/1175 
f 1176/1176/1176 1175/1175/1175 1174/1174/1174 
f 1177/1177/1177 1171/1171/1171 1175/1175/1175 
f 1175/1175/1175 1176/1176/1176 1178/1178/1178 
f 1181/1181/1181 1175/1175/1175 1178/1178/1178 
f 1177/1177/1177 1175/1175/1175 1181/1181/1181 
f 1181/1181/1181 1178/1178/1178 1182/1182/1182 
f 1185/1185/1185 1181/1181/1181 1182/1182/1182 
f 1186/1186/1186 1177/1177/1177 1181/1181/1181 
f 1181/1181/1181 1185/1185/1185 1186/1186/1186 
f 1187/1187/1187 1186/1186/1186 1185/1185/1185 
f 1186/1186/1186 1187/1187/1187 1189/1189/1189 
f 1177/1177/1177 1186/1186/1186 1190/1190/1190 
f 1189/1189/1189 1190/1190/1190 1186/1186/1186 
f 1190/1190/1190 1189/1189/1189 1191/1191/1191 
f 1192/1192/1192 1193/1193/1193 1194/1194/1194 
f 1193/1193/1193 1192/1192/1192 1195/1195/1195 
f 1193/1193/1193 1196/1196/1196 1194/1194/1194 
f 1196/1196/1196 1193/1193/1193 1197/1197/1197 
f 1202/1202/1202 1200/1200/1200 1199/1199/1199 
f 1199/1199/1199 1203/1203/1203 1202/1202/1202 
f 1199/1199/1199 1204/1204/1204 1203/1203/1203 
f 1204/1204/1204 1199/1199/1199 1207/1207/1207 
f 1212/1212/1212 1214/1214/1214 1211/1211/1211 
f 1214/1214/1214 1212/1212/1212 1215/1215/1215 
f 1216/1216/1216 1212/1212/1212 1209/1209/1209 
f 1212/1212/1212 1216/1216/1216 1215/1215/1215 
f 1217/1217/1217 1214/1214/1214 1215/1215/1215 
f 1216/1216/1216 1217/1217/1217 1215/1215/1215 
f 1214/1214/1214 1217/1217/1217 1218/1218/1218 
f 1217/1217/1217 1216/1216/1216 1222/1222/1222 
f 1223/1223/1223 1226/1226/1226 1225/1225/1225 
f 1226/1226/1226 1223/1223/1223 1228/1228/1228 
f 1228/1228/1228 1229/1229/1229 1226/1226/1226 
f 1230/1230/1230 1228/1228/1228 1223/1223/1223 
f 1229/1229/1229 1228/1228/1228 1231/1231/1231 
f 1241/1241/1241 1242/1242/1242 1243/1243/1243 
f 1241/1241/1241 1243/1243/1243 1244/1244/1244 
f 1244/1244/1244 1230/1230/1230 1241/1241/1241 
f 1244/1244/1244 1243/1243/1243 1238/1238/1238 
f 1230/1230/1230 1244/1244/1244 1245/1245/1245 
f 1228/1228/1228 1230/1230/1230 1245/1245/1245 
f 1245/1245/1245 1231/1231/1231 1228/1228/1228 
f 1231/1231/1231 1245/1245/1245 1235/1235/1235 
f 1246/1246/1246 1245/1245/1245 1244/1244/1244 
f 1244/1244/1244 1238/1238/1238 1246/1246/1246 
f 1245/1245/1245 1246/1246/1246 1235/1235/1235 
f 1254/1254/1254 1249/1249/1249 1250/1250/1250 
f 1252/1252/1252 1254/1254/1254 1253/1253/1253 
f 1249/1249/1249 1254/1254/1254 1255/1255/1255 
f 1254/1254/1254 1252/1252/1252 1255/1255/1255 
f 1257/1257/1257 1258/1258/1258 1259/1259/1259 
f 1259/1259/1259 1260/1260/1260 1257/1257/1257 
f 1259/1259/1259 1261/1261/1261 1260/1260/1260 
f 1261/1261/1261 1259/1259/1259 1262/1262/1262 
f 1266/1266/1266 1263/1263/1263 1264/1264/1264 
f 1266/1266/1266 1264/1264/1264 1265/1265/1265 
f 1263/1263/1263 1266/1266/1266 1267/1267/1267 
f 1265/1265/1265 1268/1268/1268 1266/1266/1266 
f 1269/1269/1269 1266/1266/1266 1268/1268/1268 
f 1266/1266/1266 1269/1269/1269 1270/1270/1270 
f 1266/1266/1266 1270/1270/1270 1271/1271/1271 
f 1271/1271/1271 1267/1267/1267 1266/1266/1266 

