# This file is brought to you by Roblox Corporation
# Generated by Roblox Studio

mtllib RPG.mtl

g Meshpart1

v -308.1 7.67307 -2.96948 
v -307.943 7.60799 -2.96948 
v -307.943 7.63736 -2.96948 
v -307.786 7.67307 -2.96948 
v -308.079 7.69384 -2.96948 
v -307.807 7.69384 -2.96948 
v -308.136 7.8302 -2.96948 
v -307.75 7.8302 -2.96948 
v -308.165 7.8302 -2.96948 
v -307.721 7.8302 -2.96948 
v -308.1 7.98733 -2.96948 
v -307.786 7.98733 -2.96948 
v -308.079 7.96656 -2.96948 
v -307.807 7.96656 -2.96948 
v -307.943 8.02304 -2.96948 
v -307.943 8.05241 -2.96948 
v -308.192 8.07916 -4.43478 
v -307.943 8.02265 -4.43478 
v -307.943 8.18228 -4.43478 
v -307.694 8.07916 -4.43478 
v -308.079 7.96628 -4.43478 
v -307.807 7.96628 -4.43478 
v -308.135 7.8302 -4.43478 
v -307.751 7.8302 -4.43478 
v -308.295 7.8302 -4.43478 
v -307.591 7.8302 -4.43478 
v -308.192 7.58124 -4.43478 
v -307.694 7.58124 -4.43478 
v -308.079 7.69412 -4.43478 
v -307.807 7.69412 -4.43478 
v -307.943 7.63775 -4.43478 
v -307.943 7.47812 -4.43478 
v -307.943 7.75015 -9.78609 
v -307.943 8.08336 -5.30237 
v -308.122 8.00921 -4.84598 
v -307.943 8.08336 -4.84598 
v -308.122 8.00921 -5.30237 
v -307.764 8.00921 -5.30237 
v -308.196 7.8302 -4.84598 
v -307.764 8.00921 -4.84598 
v -307.943 8.41546 -6.87253 
v -307.69 7.8302 -4.84598 
v -307.529 7.41636 -7.54405 
v -308.528 7.8302 -6.87253 
v -308.357 8.24404 -6.87253 
v -308.528 7.8302 -7.54405 
v -308.357 8.24404 -7.54405 
v -307.943 8.41546 -7.54405 
v -308.05 7.93687 -9.48289 
v -308.05 7.93687 -9.75117 
v -307.943 7.98105 -9.75117 
v -307.836 7.72353 -9.75117 
v -307.943 7.98105 -9.48289 
v -307.836 7.93687 -9.75117 
v -307.836 7.93687 -9.48289 
v -307.529 8.24404 -7.54405 
v -307.529 8.24404 -6.87253 
v -308.079 7.96628 -4.43478 
v -307.694 8.07916 -4.70818 
v -307.943 8.18228 -4.43478 
v -307.694 8.07916 -4.43478 
v -307.943 8.18228 -4.70818 
v -308.192 8.07916 -4.43478 
v -308.192 8.07916 -4.70818 
v -307.786 7.98733 -2.96948 
v -307.786 7.98733 -3.23207 
v -307.943 8.05241 -2.96948 
v -307.943 8.05241 -3.23207 
v -308.1 7.98733 -2.96948 
v -308.1 7.98733 -3.23207 
v -307.807 7.96628 -3.23207 
v -307.807 7.96628 -4.43478 
v -307.943 8.02265 -3.23207 
v -307.807 7.69412 -3.23207 
v -307.943 8.02265 -4.43478 
v -308.079 7.96628 -3.23207 
v -308.079 7.96628 -4.43478 
v -308.295 7.8302 -4.70818 
v -308.196 7.8302 -4.84598 
v -308.122 8.00921 -4.84598 
v -308.192 8.07916 -4.70818 
v -307.943 8.18228 -4.70818 
v -307.943 8.08336 -4.84598 
v -307.764 8.00921 -4.84598 
v -307.694 8.07916 -4.70818 
v -307.943 7.75015 -9.78609 
v -308.122 8.00921 -4.84598 
v -307.943 8.08336 -4.84598 
v -308.122 8.00921 -5.30237 
v -308.196 7.8302 -4.84598 
v -308.196 7.8302 -5.30237 
v -308.122 7.65119 -4.84598 
v -308.122 7.65119 -5.30237 
v -308.357 7.41636 -6.87253 
v -307.529 7.41636 -7.54405 
v -307.943 7.24494 -7.54405 
v -308.357 7.41636 -7.54405 
v -308.528 7.8302 -6.87253 
v -308.357 8.24404 -6.87253 
v -308.528 7.8302 -7.54405 
v -308.05 7.72353 -9.48289 
v -308.357 8.24404 -7.54405 
v -307.943 8.41546 -7.54405 
v -308.05 7.93687 -9.48289 
v -308.094 7.8302 -9.48289 
v -308.094 7.8302 -9.75117 
v -308.05 7.93687 -9.75117 
v -308.05 7.72353 -9.75117 
v -307.836 7.72353 -9.75117 
v -308.192 8.07916 -4.43478 
v -308.079 7.96628 -4.43478 
v -307.694 7.58124 -4.43478 
v -308.192 8.07916 -4.43478 
v -308.192 8.07916 -4.70818 
v -308.295 7.8302 -4.43478 
v -308.295 7.8302 -4.70818 
v -308.192 7.58124 -4.43478 
v -308.192 7.58124 -4.70818 
v -308.1 7.67307 -3.23207 
v -308.1 7.67307 -2.96948 
v -308.1 7.98733 -2.96948 
v -308.165 7.8302 -3.23207 
v -308.1 7.98733 -3.23207 
v -308.165 7.8302 -2.96948 
v -308.079 7.96628 -3.23207 
v -308.079 7.96628 -4.43478 
v -308.079 7.69412 -4.43478 
v -308.135 7.8302 -3.23207 
v -308.079 7.69412 -3.23207 
v -308.135 7.8302 -4.43478 
v -308.122 7.65119 -4.84598 
v -308.295 7.8302 -4.70818 
v -308.196 7.8302 -4.84598 
v -308.122 8.00921 -4.84598 
v -308.192 7.58124 -4.70818 
v -308.192 8.07916 -4.70818 
v -307.836 7.72353 -9.75117 
v -307.863 7.8302 -9.78609 
v -307.792 7.8302 -9.75117 
v -307.836 7.93687 -9.75117 
v -307.886 7.88681 -9.78609 
v -307.886 7.7736 -9.78609 
v -307.943 7.98105 -9.75117 
v -307.943 7.75015 -9.78609 
v -307.943 7.67935 -9.75117 
v -308.05 7.72353 -9.75117 
v -308 7.7736 -9.78609 
v -307.943 7.91025 -9.78609 
v -308 7.88681 -9.78609 
v -308.05 7.93687 -9.75117 
v -308.023 7.8302 -9.78609 
v -308.094 7.8302 -9.75117 
v -307.786 7.67307 -3.23207 
v -308.1 7.67307 -2.96948 
v -308.1 7.98733 -3.23207 
v -308.295 7.8302 -4.70818 
v -308.196 7.8302 -4.84598 
v -308.192 7.58124 -4.70818 
v -308.192 8.07916 -4.70818 
v -307.943 7.47812 -4.70818 
v -307.943 8.18228 -4.70818 
v -307.943 7.57704 -4.84598 
v -307.943 8.08336 -4.84598 
v -307.694 7.58124 -4.70818 
v -307.694 8.07916 -4.70818 
v -307.591 7.8302 -4.70818 
v -307.69 7.8302 -4.84598 
v -308.135 7.8302 -3.23207 
v -308.1 7.98733 -3.23207 
v -308.079 7.96628 -3.23207 
v -307.943 8.02265 -3.23207 
v -308.165 7.8302 -3.23207 
v -307.943 8.05241 -3.23207 
v -308.1 7.67307 -3.23207 
v -307.786 7.98733 -3.23207 
v -308.079 7.69412 -3.23207 
v -307.807 7.96628 -3.23207 
v -307.943 7.63775 -3.23207 
v -307.751 7.8302 -3.23207 
v -307.943 7.60799 -3.23207 
v -307.721 7.8302 -3.23207 
v -307.786 7.67307 -3.23207 
v -307.807 7.69412 -3.23207 
v -307.943 7.75015 -9.78609 
v -308.196 7.8302 -4.84598 
v -308.122 7.65119 -4.84598 
v -307.69 7.8302 -4.84598 
v -308.122 7.65119 -5.30237 
v -307.764 7.65119 -5.30237 
v -307.943 7.57704 -4.84598 
v -307.358 7.8302 -6.87253 
v -307.764 7.65119 -4.84598 
v -307.943 7.57704 -5.30237 
v -307.943 7.24494 -6.87253 
v -307.529 7.41636 -6.87253 
v -308.357 7.41636 -6.87253 
v -307.529 7.41636 -7.54405 
v -307.943 7.24494 -7.54405 
v -308.357 7.41636 -7.54405 
v -308.528 7.8302 -7.54405 
v -308.05 7.72353 -9.48289 
v -308.05 7.93687 -9.75117 
v -308.05 7.72353 -9.75117 
v -307.943 7.67935 -9.48289 
v -307.943 7.67935 -9.75117 
v -307.836 7.72353 -9.48289 
v -307.836 7.72353 -9.75117 
v -307.358 7.8302 -7.54405 
v -308.079 7.96628 -4.43478 
v -307.694 7.58124 -4.70818 
v -307.694 7.58124 -4.43478 
v -307.943 7.47812 -4.70818 
v -308.192 7.58124 -4.43478 
v -307.943 7.47812 -4.43478 
v -308.192 7.58124 -4.70818 
v -307.786 7.67307 -3.23207 
v -307.786 7.67307 -2.96948 
v -307.943 7.60799 -3.23207 
v -307.943 7.60799 -2.96948 
v -308.1 7.67307 -3.23207 
v -308.1 7.67307 -2.96948 
v -307.807 7.69412 -4.43478 
v -307.807 7.69412 -3.23207 
v -307.943 7.63775 -4.43478 
v -308.079 7.96628 -3.23207 
v -307.943 7.63775 -3.23207 
v -308.079 7.96628 -4.43478 
v -308.079 7.69412 -4.43478 
v -308.079 7.69412 -3.23207 
v -308.122 7.65119 -4.84598 
v -308.196 7.8302 -4.84598 
v -308.192 7.58124 -4.70818 
v -307.943 7.47812 -4.70818 
v -307.943 7.57704 -4.84598 
v -307.764 7.65119 -4.84598 
v -307.694 7.58124 -4.70818 
v -307.943 7.75015 -9.78609 
v -307.764 8.00921 -5.30237 
v -307.764 8.00921 -4.84598 
v -307.69 7.8302 -5.30237 
v -307.69 7.8302 -4.84598 
v -307.764 7.65119 -5.30237 
v -307.943 7.57704 -4.84598 
v -307.358 7.8302 -6.87253 
v -307.764 7.65119 -4.84598 
v -307.529 7.41636 -6.87253 
v -307.529 7.41636 -7.54405 
v -307.943 8.41546 -7.54405 
v -308.05 7.93687 -9.75117 
v -307.836 7.72353 -9.48289 
v -307.836 7.72353 -9.75117 
v -307.836 7.93687 -9.75117 
v -307.836 7.93687 -9.48289 
v -307.792 7.8302 -9.75117 
v -307.792 7.8302 -9.48289 
v -307.358 7.8302 -7.54405 
v -307.529 8.24404 -7.54405 
v -307.529 8.24404 -6.87253 
v -308.079 7.96628 -4.43478 
v -307.694 8.07916 -4.70818 
v -307.694 8.07916 -4.43478 
v -307.591 7.8302 -4.70818 
v -307.591 7.8302 -4.43478 
v -307.694 7.58124 -4.70818 
v -307.694 7.58124 -4.43478 
v -307.721 7.8302 -3.23207 
v -307.721 7.8302 -2.96948 
v -307.786 7.67307 -3.23207 
v -307.786 7.67307 -2.96948 
v -307.786 7.98733 -2.96948 
v -307.786 7.98733 -3.23207 
v -307.751 7.8302 -3.23207 
v -307.751 7.8302 -4.43478 
v -307.807 7.96628 -3.23207 
v -307.807 7.96628 -4.43478 
v -307.807 7.69412 -4.43478 
v -307.807 7.69412 -3.23207 
v -307.764 7.65119 -4.84598 
v -307.764 8.00921 -4.84598 
v -307.694 7.58124 -4.70818 
v -307.694 8.07916 -4.70818 
v -307.591 7.8302 -4.70818 
v -307.69 7.8302 -4.84598 

vn 0 0 1 
vn 0 0 1 
vn 0 0 1 
vn 0 0 1 
vn 0 0 1 
vn 0 0 1 
vn 0 0 1 
vn 0 0 1 
vn 0 0 1 
vn 0 0 1 
vn 0 0 1 
vn 0 0 1 
vn 0 0 1 
vn 0 0 1 
vn 0 0 1 
vn 0 0 1 
vn 0 0 1 
vn 0 0 1 
vn 0 0 1 
vn 0 0 1 
vn 0 0 1 
vn 0 0 1 
vn 0 0 1 
vn 0 0 1 
vn 0 0 1 
vn 0 0 1 
vn 0 0 1 
vn 0 0 1 
vn 0 0 1 
vn 0 0 1 
vn 0 0 1 
vn 0 0 1 
vn 0 -0.275591 -0.96063 
vn 0 0.992126 0.110236 
vn -0.708661 0.708661 0 
vn 0 1 0 
vn -0.700787 0.700787 0.110236 
vn 0.700787 0.700787 0.110236 
vn -1 0 0 
vn 0.708661 0.708661 0 
vn 0 0.992126 0.102362 
vn 1 0 0 
vn 0.700787 -0.700787 -0.110236 
vn -0.992126 0 0.102362 
vn -0.700787 0.700787 0.102362 
vn -0.992126 0 -0.110236 
vn -0.700787 0.700787 -0.110236 
vn 0 0.992126 -0.110236 
vn -0.700787 0.700787 -0.110236 
vn -0.708661 0.708661 0 
vn 0 1 0 
vn 0.708661 -0.708661 0 
vn 0 0.992126 -0.110236 
vn 0.708661 0.708661 0 
vn 0.700787 0.700787 -0.110236 
vn 0.700787 0.700787 -0.110236 
vn 0.700787 0.700787 0.102362 
vn 0 0 1 
vn 0.708661 0.708661 0 
vn 0 1 0 
vn 0.708661 0.708661 0 
vn 0 1 0 
vn -0.708661 0.708661 0 
vn -0.708661 0.708661 0 
vn 0.708661 0.708661 0 
vn 0.708661 0.708661 0 
vn 0 1 0 
vn 0 1 0 
vn -0.708661 0.708661 0 
vn -0.708661 0.708661 0 
vn 0.708661 0.708661 0 
vn 0.708661 0.708661 0 
vn 0 1 0 
vn 0.708661 -0.708661 0 
vn 0 1 0 
vn -0.708661 0.708661 0 
vn -0.708661 0.708661 0 
vn -0.811024 0 -0.582677 
vn -0.811024 0 -0.582677 
vn -0.574803 0.574803 -0.582677 
vn -0.574803 0.574803 -0.582677 
vn 0 0.811024 -0.582677 
vn 0 0.811024 -0.582677 
vn 0.574803 0.574803 -0.582677 
vn 0.574803 0.574803 -0.582677 
vn 0 -0.275591 -0.96063 
vn -0.708661 0.708661 0 
vn 0 1 0 
vn -0.700787 0.700787 0.110236 
vn -1 0 0 
vn -0.992126 0 0.110236 
vn -0.708661 -0.708661 0 
vn -0.700787 -0.700787 0.110236 
vn -0.700787 -0.700787 0.102362 
vn 0.700787 -0.700787 -0.110236 
vn 0 -0.992126 -0.110236 
vn -0.700787 -0.700787 -0.110236 
vn -0.992126 0 0.102362 
vn -0.700787 0.700787 0.102362 
vn -0.992126 0 -0.110236 
vn -0.700787 -0.700787 -0.110236 
vn -0.700787 0.700787 -0.110236 
vn 0 0.992126 -0.110236 
vn -0.700787 0.700787 -0.110236 
vn -0.992126 0 -0.110236 
vn -1 0 0 
vn -0.708661 0.708661 0 
vn -0.708661 -0.708661 0 
vn 0.708661 -0.708661 0 
vn 0 0 1 
vn 0 0 1 
vn 0 0 1 
vn -0.708661 0.708661 0 
vn -0.708661 0.708661 0 
vn -1 0 0 
vn -1 0 0 
vn -0.708661 -0.708661 0 
vn -0.708661 -0.708661 0 
vn -0.708661 -0.708661 0 
vn -0.708661 -0.708661 0 
vn -0.708661 0.708661 0 
vn -1 0 0 
vn -0.708661 0.708661 0 
vn -1 0 0 
vn -0.708661 0.708661 0 
vn -0.708661 0.708661 0 
vn -0.708661 -0.708661 0 
vn -1 0 0 
vn -0.708661 -0.708661 0 
vn -1 0 0 
vn -0.574803 -0.574803 -0.582677 
vn -0.811024 0 -0.582677 
vn -0.811024 0 -0.582677 
vn -0.574803 0.574803 -0.582677 
vn -0.574803 -0.574803 -0.582677 
vn -0.574803 0.574803 -0.582677 
vn 0.314961 -0.314961 -0.897638 
vn 0.275591 0 -0.96063 
vn 0.440945 0 -0.897638 
vn 0.314961 0.314961 -0.897638 
vn 0.19685 0.19685 -0.96063 
vn 0.19685 -0.19685 -0.96063 
vn 0 0.440945 -0.897638 
vn 0 -0.275591 -0.96063 
vn 0 -0.440945 -0.897638 
vn -0.314961 -0.314961 -0.897638 
vn -0.19685 -0.19685 -0.96063 
vn 0 0.275591 -0.96063 
vn -0.19685 0.19685 -0.96063 
vn -0.314961 0.314961 -0.897638 
vn -0.275591 0 -0.96063 
vn -0.440945 0 -0.897638 
vn 0.708661 -0.708661 0 
vn -0.708661 -0.708661 0 
vn -0.708661 0.708661 0 
vn -0.811024 0 -0.582677 
vn -0.811024 0 -0.582677 
vn -0.574803 -0.574803 -0.582677 
vn -0.574803 0.574803 -0.582677 
vn 0 -0.811024 -0.582677 
vn 0 0.811024 -0.582677 
vn 0 -0.811024 -0.582677 
vn 0 0.811024 -0.582677 
vn 0.574803 -0.574803 -0.582677 
vn 0.574803 0.574803 -0.582677 
vn 0.811024 0 -0.582677 
vn 0.811024 0 -0.582677 
vn 0 0 -1 
vn 0 0 -1 
vn 0 0 -1 
vn 0 0 -1 
vn 0 0 -1 
vn 0 0 -1 
vn 0 0 -1 
vn 0 0 -1 
vn 0 0 -1 
vn 0 0 -1 
vn 0 0 -1 
vn 0 0 -1 
vn 0 0 -1 
vn 0 0 -1 
vn 0 0 -1 
vn 0 0 -1 
vn 0 -0.275591 -0.96063 
vn -1 0 0 
vn -0.708661 -0.708661 0 
vn 1 0 0 
vn -0.700787 -0.700787 0.110236 
vn 0.700787 -0.700787 0.110236 
vn 0 -1 0 
vn 0.992126 0 0.102362 
vn 0.708661 -0.708661 0 
vn 0 -0.992126 0.110236 
vn 0 -0.992126 0.102362 
vn 0.700787 -0.700787 0.102362 
vn -0.700787 -0.700787 0.102362 
vn 0.700787 -0.700787 -0.110236 
vn 0 -0.992126 -0.110236 
vn -0.700787 -0.700787 -0.110236 
vn -0.992126 0 -0.110236 
vn -0.700787 -0.700787 -0.110236 
vn -0.708661 0.708661 0 
vn -0.708661 -0.708661 0 
vn 0 -0.992126 -0.110236 
vn 0 -1 0 
vn 0.700787 -0.700787 -0.110236 
vn 0.708661 -0.708661 0 
vn 0.992126 0 -0.110236 
vn 0 0 1 
vn 0.708661 -0.708661 0 
vn 0.708661 -0.708661 0 
vn 0 -1 0 
vn -0.708661 -0.708661 0 
vn 0 -1 0 
vn -0.708661 -0.708661 0 
vn 0.708661 -0.708661 0 
vn 0.708661 -0.708661 0 
vn 0 -1 0 
vn 0 -1 0 
vn -0.708661 -0.708661 0 
vn -0.708661 -0.708661 0 
vn 0.708661 -0.708661 0 
vn 0.708661 -0.708661 0 
vn 0 -1 0 
vn -0.708661 0.708661 0 
vn 0 -1 0 
vn -0.708661 0.708661 0 
vn -0.708661 -0.708661 0 
vn -0.708661 -0.708661 0 
vn -0.574803 -0.574803 -0.582677 
vn -0.811024 0 -0.582677 
vn -0.574803 -0.574803 -0.582677 
vn 0 -0.811024 -0.582677 
vn 0 -0.811024 -0.582677 
vn 0.574803 -0.574803 -0.582677 
vn 0.574803 -0.574803 -0.582677 
vn 0 -0.275591 -0.96063 
vn 0.700787 0.700787 0.110236 
vn 0.708661 0.708661 0 
vn 0.992126 0 0.110236 
vn 1 0 0 
vn 0.700787 -0.700787 0.110236 
vn 0 -1 0 
vn 0.992126 0 0.102362 
vn 0.708661 -0.708661 0 
vn 0.700787 -0.700787 0.102362 
vn 0.700787 -0.700787 -0.110236 
vn 0 0.992126 -0.110236 
vn -0.708661 0.708661 0 
vn 0.700787 -0.700787 -0.110236 
vn 0.708661 -0.708661 0 
vn 0.708661 0.708661 0 
vn 0.700787 0.700787 -0.110236 
vn 1 0 0 
vn 0.992126 0 -0.110236 
vn 0.992126 0 -0.110236 
vn 0.700787 0.700787 -0.110236 
vn 0.700787 0.700787 0.102362 
vn 0 0 1 
vn 0.708661 0.708661 0 
vn 0.708661 0.708661 0 
vn 1 0 0 
vn 1 0 0 
vn 0.708661 -0.708661 0 
vn 0.708661 -0.708661 0 
vn 1 0 0 
vn 1 0 0 
vn 0.708661 -0.708661 0 
vn 0.708661 -0.708661 0 
vn 0.708661 0.708661 0 
vn 0.708661 0.708661 0 
vn 1 0 0 
vn 1 0 0 
vn 0.708661 0.708661 0 
vn 0.708661 0.708661 0 
vn 0.708661 -0.708661 0 
vn 0.708661 -0.708661 0 
vn 0.574803 -0.574803 -0.582677 
vn 0.574803 0.574803 -0.582677 
vn 0.574803 -0.574803 -0.582677 
vn 0.574803 0.574803 -0.582677 
vn 0.811024 0 -0.582677 
vn 0.811024 0 -0.582677 

vt 33.9804 -33.0196 
vt 34 -33.0278 
vt 34 -33.0241 
vt 34.0196 -33.0196 
vt 33.983 -33.017 
vt 34.017 -33.017 
vt 33.9759 -33 
vt 34.0241 -33 
vt 33.9722 -33 
vt 34.0278 -33 
vt 33.9804 -32.9804 
vt 34.0196 -32.9804 
vt 33.983 -32.983 
vt 34.017 -32.983 
vt 34 -32.9759 
vt 34 -32.9722 
vt 33.9689 -32.9689 
vt 34 -32.9759 
vt 34 -32.956 
vt 34.0311 -32.9689 
vt 33.983 -32.983 
vt 34.017 -32.983 
vt 33.9759 -33 
vt 34.0241 -33 
vt 33.956 -33 
vt 34.044 -33 
vt 33.9689 -33.0311 
vt 34.0311 -33.0311 
vt 33.983 -33.017 
vt 34.017 -33.017 
vt 34 -33.0241 
vt 34 -33.044 
vt 34.426 -33 
vt 33.8656 -33 
vt 33.8085 -32.9776 
vt 33.8085 -33 
vt 33.8656 -32.9776 
vt 33.8656 -33.0224 
vt 33.8085 -32.9684 
vt 33.8085 -33.0224 
vt 34.0618 -33 
vt 33.8085 -33.0316 
vt 34.1458 -33.0517 
vt 34.0618 -32.9268 
vt 34.0618 -32.9483 
vt 34.1458 -32.9268 
vt 34.1458 -32.9483 
vt 34.1458 -33 
vt 34.3881 -32.9867 
vt 34.4217 -32.9867 
vt 34.4217 -33 
vt 34.4217 -33.0133 
vt 34.3881 -33 
vt 34.4217 -33.0133 
vt 34.3881 -33.0133 
vt 34.1458 -33.0517 
vt 34.0618 -33.0517 
vt 33.7571 -32.983 
vt 33.7913 -33.0311 
vt 33.7571 -33 
vt 33.7571 -33.0311 
vt 33.7913 -33 
vt 33.7571 -32.9689 
vt 33.7913 -32.9689 
vt 33.574 -33.0196 
vt 33.6068 -33.0196 
vt 33.574 -33 
vt 33.6068 -33 
vt 33.574 -32.9804 
vt 33.6068 -32.9804 
vt 33.6068 -33.017 
vt 33.7571 -33.017 
vt 33.6068 -33 
vt 33.6068 -33.017 
vt 33.7571 -33 
vt 33.6068 -32.983 
vt 33.7571 -32.983 
vt 33.7913 -32.956 
vt 33.8085 -32.9684 
vt 33.8085 -32.9776 
vt 33.7913 -32.9689 
vt 33.7913 -33 
vt 33.8085 -33 
vt 33.8085 -33.0224 
vt 33.7913 -33.0311 
vt 33.574 -33.01 
vt 34.1915 -32.9776 
vt 34.1915 -32.9684 
vt 34.1344 -32.9776 
vt 34.1915 -33 
vt 34.1344 -33 
vt 34.1915 -33.0224 
vt 34.1344 -33.0224 
vt 33.9382 -33.0517 
vt 33.8542 -33.0517 
vt 33.8542 -33.0732 
vt 33.8542 -33.0517 
vt 33.9382 -33 
vt 33.9382 -32.9483 
vt 33.8542 -33 
vt 33.6119 -33.0133 
vt 33.8542 -32.9483 
vt 33.8542 -32.9268 
vt 33.6119 -32.9867 
vt 33.6119 -33 
vt 33.5783 -33 
vt 33.5783 -32.9867 
vt 33.5783 -33.0133 
vt 33.5783 -33.0133 
vt 34.2429 -32.9689 
vt 34.2429 -32.983 
vt 34.2429 -33.0311 
vt 34.2429 -32.9689 
vt 34.2087 -32.9689 
vt 34.2429 -33 
vt 34.2087 -33 
vt 34.2429 -33.0311 
vt 34.2087 -33.0311 
vt 34.3932 -33.0196 
vt 34.426 -33.0196 
vt 34.426 -32.9804 
vt 34.3932 -33 
vt 34.3932 -32.9804 
vt 34.426 -33 
vt 34.3932 -32.983 
vt 34.2429 -32.983 
vt 34.2429 -33.017 
vt 34.3932 -33 
vt 34.3932 -33.017 
vt 34.2429 -33 
vt 34.1915 -33.0224 
vt 34.2087 -33 
vt 34.1915 -33 
vt 34.1915 -32.9776 
vt 34.2087 -33.0311 
vt 34.2087 -32.9689 
vt 33.9867 -33.0133 
vt 33.99 -33 
vt 33.9811 -33 
vt 33.9867 -32.9867 
vt 33.9929 -32.9929 
vt 33.9929 -33.0071 
vt 34 -32.9811 
vt 34 -33.01 
vt 34 -33.0189 
vt 34.0133 -33.0133 
vt 34.0071 -33.0071 
vt 34 -32.99 
vt 34.0071 -32.9929 
vt 34.0133 -32.9867 
vt 34.01 -33 
vt 34.0189 -33 
vt 33.9804 -33.0196 
vt 34.0196 -33.0196 
vt 34.0196 -32.9804 
vt 34.044 -33 
vt 34.0316 -33 
vt 34.0311 -33.0311 
vt 34.0311 -32.9689 
vt 34 -33.044 
vt 34 -32.956 
vt 34 -33.0316 
vt 34 -32.9684 
vt 33.9689 -33.0311 
vt 33.9689 -32.9689 
vt 33.956 -33 
vt 33.9684 -33 
vt 34.0241 -33 
vt 34.0196 -32.9804 
vt 34.017 -32.983 
vt 34 -32.9759 
vt 34.0278 -33 
vt 34 -32.9722 
vt 34.0196 -33.0196 
vt 33.9804 -32.9804 
vt 34.017 -33.017 
vt 33.983 -32.983 
vt 34 -33.0241 
vt 33.9759 -33 
vt 34 -33.0278 
vt 33.9722 -33 
vt 33.9804 -33.0196 
vt 33.983 -33.017 
vt 33.574 -33 
vt 34.1915 -32.9684 
vt 34.1915 -32.9776 
vt 34.1915 -33.0316 
vt 34.1344 -32.9776 
vt 34.1344 -33.0224 
vt 34.1915 -33 
vt 33.9382 -33.0732 
vt 34.1915 -33.0224 
vt 34.1344 -33 
vt 33.9382 -33 
vt 33.9382 -33.0517 
vt 33.9382 -32.9483 
vt 33.8542 -33.0517 
vt 33.8542 -33 
vt 33.8542 -32.9483 
vt 33.8542 -32.9268 
vt 33.6119 -32.9867 
vt 33.5783 -32.9867 
vt 33.5783 -32.9867 
vt 33.6119 -33 
vt 33.5783 -33 
vt 33.6119 -33.0133 
vt 33.5783 -33.0133 
vt 33.8542 -33.0732 
vt 34.2429 -32.983 
vt 34.2087 -33.0311 
vt 34.2429 -33.0311 
vt 34.2087 -33 
vt 34.2429 -32.9689 
vt 34.2429 -33 
vt 34.2087 -32.9689 
vt 34.3932 -33.0196 
vt 34.426 -33.0196 
vt 34.3932 -33 
vt 34.426 -33 
vt 34.3932 -32.9804 
vt 34.426 -32.9804 
vt 34.2429 -33.017 
vt 34.3932 -33.017 
vt 34.2429 -33 
vt 34.3932 -32.983 
vt 34.3932 -33 
vt 34.2429 -32.983 
vt 34.2429 -32.983 
vt 34.3932 -32.983 
vt 34.1915 -32.9776 
vt 34.1915 -32.9684 
vt 34.2087 -32.9689 
vt 34.2087 -33 
vt 34.1915 -33 
vt 34.1915 -33.0224 
vt 34.2087 -33.0311 
vt 34.426 -33.01 
vt 33.8656 -32.9776 
vt 33.8085 -32.9776 
vt 33.8656 -33 
vt 33.8085 -33 
vt 33.8656 -33.0224 
vt 33.8085 -33.0316 
vt 34.0618 -33 
vt 33.8085 -33.0224 
vt 34.0618 -33.0517 
vt 34.1458 -33.0517 
vt 34.1458 -32.9268 
vt 34.4217 -32.9867 
vt 34.3881 -33.0133 
vt 34.4217 -33.0133 
vt 34.4217 -32.9867 
vt 34.3881 -32.9867 
vt 34.4217 -33 
vt 34.3881 -33 
vt 34.1458 -33 
vt 34.1458 -32.9483 
vt 34.0618 -32.9483 
vt 33.7571 -32.983 
vt 33.7913 -32.9689 
vt 33.7571 -32.9689 
vt 33.7913 -33 
vt 33.7571 -33 
vt 33.7913 -33.0311 
vt 33.7571 -33.0311 
vt 33.6068 -33 
vt 33.574 -33 
vt 33.6068 -33.0196 
vt 33.574 -33.0196 
vt 33.574 -32.9804 
vt 33.6068 -32.9804 
vt 33.6068 -33 
vt 33.7571 -33 
vt 33.6068 -32.983 
vt 33.7571 -32.983 
vt 33.7571 -33.017 
vt 33.6068 -33.017 
vt 33.8085 -33.0224 
vt 33.8085 -32.9776 
vt 33.7913 -33.0311 
vt 33.7913 -32.9689 
vt 33.7913 -33 
vt 33.8085 -33 

usemtl Meshpart1Mtl

f 1/1/1 2/2/2 3/3/3 
f 4/4/4 3/3/3 2/2/2 
f 1/1/1 3/3/3 5/5/5 
f 3/3/3 4/4/4 6/6/6 
f 7/7/7 1/1/1 5/5/5 
f 4/4/4 8/8/8 6/6/6 
f 1/1/1 7/7/7 9/9/9 
f 4/4/4 10/10/10 8/8/8 
f 11/11/11 9/9/9 7/7/7 
f 12/12/12 8/8/8 10/10/10 
f 7/7/7 13/13/13 11/11/11 
f 8/8/8 12/12/12 14/14/14 
f 15/15/15 11/11/11 13/13/13 
f 12/12/12 15/15/15 14/14/14 
f 11/11/11 15/15/15 16/16/16 
f 15/15/15 12/12/12 16/16/16 
f 17/17/17 18/18/18 19/19/19 
f 18/18/18 20/20/20 19/19/19 
f 18/18/18 17/17/17 21/21/21 
f 20/20/20 18/18/18 22/22/22 
f 23/23/23 21/21/21 17/17/17 
f 24/24/24 20/20/20 22/22/22 
f 23/23/23 17/17/17 25/25/25 
f 20/20/20 24/24/24 26/26/26 
f 27/27/27 23/23/23 25/25/25 
f 28/28/28 26/26/26 24/24/24 
f 23/23/23 27/27/27 29/29/29 
f 28/28/28 24/24/24 30/30/30 
f 27/27/27 31/31/31 29/29/29 
f 31/31/31 28/28/28 30/30/30 
f 27/27/27 32/32/32 31/31/31 
f 28/28/28 31/31/31 32/32/32 
f 34/34/34 35/35/35 36/36/36 
f 35/35/35 34/34/34 37/37/37 
f 36/36/36 38/38/38 34/34/34 
f 38/38/38 36/36/36 40/40/40 
f 41/41/41 37/37/37 34/34/34 
f 38/38/38 41/41/41 34/34/34 
f 37/37/37 41/41/41 45/45/45 
f 48/48/48 45/45/45 41/41/41 
f 45/45/45 48/48/48 47/47/47 
f 48/48/48 49/49/49 47/47/47 
f 49/49/49 51/51/51 50/50/50 
f 51/51/51 49/49/49 53/53/53 
f 49/49/49 48/48/48 53/53/53 
f 53/53/53 54/54/54 51/51/51 
f 54/54/54 53/53/53 55/55/55 
f 48/48/48 55/55/55 53/53/53 
f 55/55/55 48/48/48 56/56/56 
f 41/41/41 56/56/56 48/48/48 
f 56/56/56 41/41/41 57/57/57 
f 41/41/41 38/38/38 57/57/57 
f 59/59/59 60/60/60 61/61/61 
f 60/60/60 59/59/59 62/62/62 
f 62/62/62 63/63/63 60/60/60 
f 63/63/63 62/62/62 64/64/64 
f 66/66/66 67/67/67 65/65/65 
f 67/67/67 66/66/66 68/68/68 
f 68/68/68 69/69/69 67/67/67 
f 69/69/69 68/68/68 70/70/70 
f 72/72/72 73/73/73 71/71/71 
f 73/73/73 72/72/72 75/75/75 
f 75/75/75 76/76/76 73/73/73 
f 76/76/76 75/75/75 77/77/77 
f 82/82/82 80/80/80 81/81/81 
f 80/80/80 82/82/82 83/83/83 
f 82/82/82 84/84/84 83/83/83 
f 84/84/84 82/82/82 85/85/85 
f 87/87/87 89/89/89 90/90/90 
f 91/91/91 90/90/90 89/89/89 
f 90/90/90 91/91/91 92/92/92 
f 93/93/93 92/92/92 91/91/91 
f 94/94/94 93/93/93 98/98/98 
f 98/98/98 97/97/97 94/94/94 
f 91/91/91 98/98/98 93/93/93 
f 89/89/89 98/98/98 91/91/91 
f 98/98/98 89/89/89 99/99/99 
f 97/97/97 98/98/98 100/100/100 
f 100/100/100 101/101/101 97/97/97 
f 98/98/98 99/99/99 102/102/102 
f 100/100/100 98/98/98 102/102/102 
f 102/102/102 104/104/104 100/100/100 
f 101/101/101 100/100/100 105/105/105 
f 105/105/105 100/100/100 104/104/104 
f 105/105/105 106/106/106 101/101/101 
f 106/106/106 105/105/105 107/107/107 
f 104/104/104 107/107/107 105/105/105 
f 108/108/108 101/101/101 106/106/106 
f 115/115/115 113/113/113 114/114/114 
f 116/116/116 115/115/115 114/114/114 
f 117/117/117 115/115/115 116/116/116 
f 118/118/118 117/117/117 116/116/116 
f 119/119/119 120/120/120 122/122/122 
f 120/120/120 124/124/124 122/122/122 
f 124/124/124 121/121/121 123/123/123 
f 122/122/122 124/124/124 123/123/123 
f 125/125/125 126/126/126 128/128/128 
f 130/130/130 128/128/128 126/126/126 
f 127/127/127 129/129/129 130/130/130 
f 128/128/128 130/130/130 129/129/129 
f 131/131/131 132/132/132 133/133/133 
f 133/133/133 132/132/132 134/134/134 
f 132/132/132 131/131/131 135/135/135 
f 132/132/132 136/136/136 134/134/134 
f 137/137/137 138/138/138 139/139/139 
f 140/140/140 139/139/139 138/138/138 
f 141/141/141 140/140/140 138/138/138 
f 138/138/138 137/137/137 142/142/142 
f 142/142/142 141/141/141 138/138/138 
f 143/143/143 140/140/140 141/141/141 
f 137/137/137 144/144/144 142/142/142 
f 137/137/137 145/145/145 144/144/144 
f 146/146/146 144/144/144 145/145/145 
f 147/147/147 142/142/142 144/144/144 
f 144/144/144 146/146/146 147/147/147 
f 141/141/141 142/142/142 147/147/147 
f 143/143/143 141/141/141 148/148/148 
f 141/141/141 149/149/149 148/148/148 
f 149/149/149 143/143/143 148/148/148 
f 149/149/149 141/141/141 147/147/147 
f 143/143/143 149/149/149 150/150/150 
f 146/146/146 151/151/151 147/147/147 
f 149/149/149 147/147/147 151/151/151 
f 151/151/151 150/150/150 149/149/149 
f 151/151/151 146/146/146 152/152/152 
f 150/150/150 151/151/151 152/152/152 
f 168/168/168 169/169/169 170/170/170 
f 169/169/169 171/171/171 170/170/170 
f 169/169/169 168/168/168 172/172/172 
f 171/171/171 169/169/169 173/173/173 
f 168/168/168 174/174/174 172/172/172 
f 175/175/175 171/171/171 173/173/173 
f 174/174/174 168/168/168 176/176/176 
f 171/171/171 175/175/175 177/177/177 
f 178/178/178 174/174/174 176/176/176 
f 179/179/179 177/177/177 175/175/175 
f 174/174/174 178/178/178 180/180/180 
f 175/175/175 181/181/181 179/179/179 
f 182/182/182 180/180/180 178/178/178 
f 182/182/182 179/179/179 181/181/181 
f 182/182/182 178/178/178 183/183/183 
f 179/179/179 182/182/182 183/183/183 
f 186/186/186 188/188/188 190/190/190 
f 190/190/190 193/193/193 192/192/192 
f 189/189/189 192/192/192 193/193/193 
f 193/193/193 190/190/190 188/188/188 
f 193/193/193 194/194/194 189/189/189 
f 188/188/188 194/194/194 193/193/193 
f 195/195/195 189/189/189 194/194/194 
f 194/194/194 188/188/188 196/196/196 
f 195/195/195 194/194/194 198/198/198 
f 197/197/197 195/195/195 198/198/198 
f 194/194/194 196/196/196 199/199/199 
f 198/198/198 194/194/194 199/199/199 
f 199/199/199 201/201/201 198/198/198 
f 201/201/201 203/203/203 204/204/204 
f 204/204/204 198/198/198 201/201/201 
f 205/205/205 204/204/204 203/203/203 
f 206/206/206 198/198/198 204/204/204 
f 204/204/204 205/205/205 206/206/206 
f 198/198/198 206/206/206 197/197/197 
f 207/207/207 206/206/206 205/205/205 
f 210/210/210 211/211/211 212/212/212 
f 211/211/211 214/214/214 212/212/212 
f 214/214/214 213/213/213 215/215/215 
f 212/212/212 214/214/214 215/215/215 
f 216/216/216 217/217/217 218/218/218 
f 217/217/217 219/219/219 218/218/218 
f 218/218/218 219/219/219 220/220/220 
f 219/219/219 221/221/221 220/220/220 
f 222/222/222 223/223/223 224/224/224 
f 226/226/226 224/224/224 223/223/223 
f 224/224/224 226/226/226 228/228/228 
f 229/229/229 228/228/228 226/226/226 
f 233/233/233 232/232/232 230/230/230 
f 234/234/234 233/233/233 230/230/230 
f 235/235/235 233/233/233 234/234/234 
f 233/233/233 235/235/235 236/236/236 
f 238/238/238 239/239/239 240/240/240 
f 241/241/241 240/240/240 239/239/239 
f 240/240/240 241/241/241 242/242/242 
f 240/240/240 244/244/244 238/238/238 
f 242/242/242 244/244/244 240/240/240 
f 245/245/245 242/242/242 241/241/241 
f 244/244/244 242/242/242 246/246/246 
f 244/244/244 246/246/246 247/247/247 
f 252/252/252 253/253/253 254/254/254 
f 254/254/254 255/255/255 251/251/251 
f 250/250/250 251/251/251 255/255/255 
f 255/255/255 254/254/254 253/253/253 
f 255/255/255 256/256/256 250/250/250 
f 247/247/247 250/250/250 256/256/256 
f 253/253/253 256/256/256 255/255/255 
f 256/256/256 244/244/244 247/247/247 
f 256/256/256 253/253/253 257/257/257 
f 258/258/258 244/244/244 256/256/256 
f 257/257/257 258/258/258 256/256/256 
f 258/258/258 238/238/238 244/244/244 
f 260/260/260 261/261/261 262/262/262 
f 261/261/261 263/263/263 262/262/262 
f 262/262/262 263/263/263 264/264/264 
f 263/263/263 265/265/265 264/264/264 
f 266/266/266 267/267/267 268/268/268 
f 267/267/267 269/269/269 268/268/268 
f 270/270/270 267/267/267 266/266/266 
f 271/271/271 270/270/270 266/266/266 
f 272/272/272 273/273/273 274/274/274 
f 275/275/275 274/274/274 273/273/273 
f 273/273/273 272/272/272 276/276/276 
f 277/277/277 276/276/276 272/272/272 
f 282/282/282 280/280/280 278/278/278 
f 282/282/282 279/279/279 281/281/281 
f 283/283/283 282/282/282 278/278/278 
f 279/279/279 282/282/282 283/283/283 

g Meshpart2

v -307.943 7.63736 -1.38341 
v -307.943 8.02304 -1.38341 
v -308.136 7.8302 -1.38341 
v -308.079 7.96656 -1.38341 
v -308.079 7.69384 -1.38341 
v -307.75 7.8302 -1.38341 
v -307.807 7.69384 -1.38341 
v -307.807 7.96656 -1.38341 
v -308.079 7.96656 -1.38341 
v -308.079 7.96656 -2.97445 
v -307.943 8.02304 -1.38341 
v -307.943 8.02304 -2.97445 
v -307.807 7.96656 -1.38341 
v -307.807 7.96656 -2.97445 
v -308.079 7.69384 -2.97445 
v -308.079 7.69384 -1.38341 
v -308.136 7.8302 -1.38341 
v -308.136 7.8302 -2.97445 
v -308.079 7.96656 -1.38341 
v -308.079 7.96656 -2.97445 
v -308.079 7.69384 -2.97445 
v -308.079 7.69384 -1.38341 
v -307.943 7.63736 -2.97445 
v -307.943 7.63736 -1.38341 
v -307.807 7.69384 -2.97445 
v -307.807 7.69384 -1.38341 
v -307.807 7.69384 -2.97445 
v -307.807 7.69384 -1.38341 
v -307.75 7.8302 -2.97445 
v -307.75 7.8302 -1.38341 
v -307.807 7.96656 -1.38341 
v -307.807 7.96656 -2.97445 

vn 0 0 1 
vn 0 0 1 
vn 0 0 1 
vn 0 0 1 
vn 0 0 1 
vn 0 0 1 
vn 0 0 1 
vn 0 0 1 
vn -0.708661 0.708661 0 
vn -0.708661 0.708661 0 
vn 0 1 0 
vn 0 1 0 
vn 0.708661 0.708661 0 
vn 0.708661 0.708661 0 
vn -0.708661 -0.708661 0 
vn -0.708661 -0.708661 0 
vn -1 0 0 
vn -1 0 0 
vn -0.708661 0.708661 0 
vn -0.708661 0.708661 0 
vn -0.708661 -0.708661 0 
vn -0.708661 -0.708661 0 
vn 0 -1 0 
vn 0 -1 0 
vn 0.708661 -0.708661 0 
vn 0.708661 -0.708661 0 
vn 0.708661 -0.708661 0 
vn 0.708661 -0.708661 0 
vn 1 0 0 
vn 1 0 0 
vn 0.708661 0.708661 0 
vn 0.708661 0.708661 0 

vt 34 -5.02411 
vt 34 -4.97589 
vt 33.9759 -5 
vt 33.983 -4.98295 
vt 33.983 -5.01705 
vt 34.0241 -5 
vt 34.017 -5.01705 
vt 34.017 -4.98295 
vt 33.9006 -4.98295 
vt 34.0994 -4.98295 
vt 33.9006 -5 
vt 34.0994 -5 
vt 33.9006 -5.01705 
vt 34.0994 -5.01705 
vt 33.9006 -5.01705 
vt 34.0994 -5.01705 
vt 34.0994 -5 
vt 33.9006 -5 
vt 34.0994 -4.98295 
vt 33.9006 -4.98295 
vt 33.9006 -4.98295 
vt 34.0994 -4.98295 
vt 33.9006 -5 
vt 34.0994 -5 
vt 33.9006 -5.01705 
vt 34.0994 -5.01705 
vt 34.0994 -5.01705 
vt 33.9006 -5.01705 
vt 34.0994 -5 
vt 33.9006 -5 
vt 33.9006 -4.98295 
vt 34.0994 -4.98295 

usemtl Meshpart2Mtl

f 284/284/284 285/285/285 286/286/286 
f 286/286/286 285/285/285 287/287/287 
f 284/284/284 286/286/286 288/288/288 
f 285/285/285 284/284/284 289/289/289 
f 289/289/289 284/284/284 290/290/290 
f 285/285/285 289/289/289 291/291/291 
f 294/294/294 293/293/293 292/292/292 
f 293/293/293 294/294/294 295/295/295 
f 296/296/296 295/295/295 294/294/294 
f 296/296/296 297/297/297 295/295/295 
f 298/298/298 299/299/299 300/300/300 
f 298/298/298 300/300/300 301/301/301 
f 301/301/301 300/300/300 302/302/302 
f 301/301/301 302/302/302 303/303/303 
f 306/306/306 305/305/305 304/304/304 
f 306/306/306 307/307/307 305/305/305 
f 308/308/308 307/307/307 306/306/306 
f 308/308/308 309/309/309 307/307/307 
f 312/312/312 311/311/311 310/310/310 
f 312/312/312 313/313/313 311/311/311 
f 315/315/315 313/313/313 312/312/312 
f 315/315/315 314/314/314 313/313/313 

g Meshpart3

v -308.1 6.17307 -2.96948 
v -307.943 6.10799 -2.96948 
v -307.943 6.13736 -2.96948 
v -307.786 6.17307 -2.96948 
v -308.079 6.19384 -2.96948 
v -307.807 6.19384 -2.96948 
v -308.136 6.3302 -2.96948 
v -307.75 6.3302 -2.96948 
v -308.165 6.3302 -2.96948 
v -307.721 6.3302 -2.96948 
v -308.1 6.48733 -2.96948 
v -307.786 6.48733 -2.96948 
v -308.079 6.46656 -2.96948 
v -307.807 6.46656 -2.96948 
v -307.943 6.52304 -2.96948 
v -307.943 6.55241 -2.96948 
v -308.192 6.57916 -4.43478 
v -307.943 6.52265 -4.43478 
v -307.943 6.68228 -4.43478 
v -307.694 6.57916 -4.43478 
v -308.079 6.46628 -4.43478 
v -307.807 6.46628 -4.43478 
v -308.135 6.3302 -4.43478 
v -307.751 6.3302 -4.43478 
v -308.295 6.3302 -4.43478 
v -307.591 6.3302 -4.43478 
v -308.192 6.08124 -4.43478 
v -307.694 6.08124 -4.43478 
v -308.079 6.19412 -4.43478 
v -307.807 6.19412 -4.43478 
v -307.943 6.13775 -4.43478 
v -307.943 5.97812 -4.43478 
v -307.943 6.25015 -9.78609 
v -307.943 6.58336 -5.30237 
v -308.122 6.50921 -4.84598 
v -307.943 6.58336 -4.84598 
v -308.122 6.50921 -5.30237 
v -307.764 6.50921 -5.30237 
v -308.196 6.3302 -4.84598 
v -307.764 6.50921 -4.84598 
v -307.943 6.91546 -6.87253 
v -307.69 6.3302 -4.84598 
v -307.529 5.91636 -7.54405 
v -308.528 6.3302 -6.87253 
v -308.357 6.74404 -6.87253 
v -308.528 6.3302 -7.54405 
v -308.357 6.74404 -7.54405 
v -307.943 6.91546 -7.54405 
v -308.05 6.43687 -9.48289 
v -308.05 6.43687 -9.75117 
v -307.943 6.48105 -9.75117 
v -307.836 6.22353 -9.75117 
v -307.943 6.48105 -9.48289 
v -307.836 6.43687 -9.75117 
v -307.836 6.43687 -9.48289 
v -307.529 6.74404 -7.54405 
v -307.529 6.74404 -6.87253 
v -308.079 6.46628 -4.43478 
v -307.694 6.57916 -4.70818 
v -307.943 6.68228 -4.43478 
v -307.694 6.57916 -4.43478 
v -307.943 6.68228 -4.70818 
v -308.192 6.57916 -4.43478 
v -308.192 6.57916 -4.70818 
v -307.786 6.48733 -2.96948 
v -307.786 6.48733 -3.23207 
v -307.943 6.55241 -2.96948 
v -307.943 6.55241 -3.23207 
v -308.1 6.48733 -2.96948 
v -308.1 6.48733 -3.23207 
v -307.807 6.46628 -3.23207 
v -307.807 6.46628 -4.43478 
v -307.943 6.52265 -3.23207 
v -307.807 6.19412 -3.23207 
v -307.943 6.52265 -4.43478 
v -308.079 6.46628 -3.23207 
v -308.079 6.46628 -4.43478 
v -308.295 6.3302 -4.70818 
v -308.196 6.3302 -4.84598 
v -308.122 6.50921 -4.84598 
v -308.192 6.57916 -4.70818 
v -307.943 6.68228 -4.70818 
v -307.943 6.58336 -4.84598 
v -307.764 6.50921 -4.84598 
v -307.694 6.57916 -4.70818 
v -307.943 6.25015 -9.78609 
v -308.122 6.50921 -4.84598 
v -307.943 6.58336 -4.84598 
v -308.122 6.50921 -5.30237 
v -308.196 6.3302 -4.84598 
v -308.196 6.3302 -5.30237 
v -308.122 6.15119 -4.84598 
v -308.122 6.15119 -5.30237 
v -308.357 5.91636 -6.87253 
v -307.529 5.91636 -7.54405 
v -307.943 5.74494 -7.54405 
v -308.357 5.91636 -7.54405 
v -308.528 6.3302 -6.87253 
v -308.357 6.74404 -6.87253 
v -308.528 6.3302 -7.54405 
v -308.05 6.22353 -9.48289 
v -308.357 6.74404 -7.54405 
v -307.943 6.91546 -7.54405 
v -308.05 6.43687 -9.48289 
v -308.094 6.3302 -9.48289 
v -308.094 6.3302 -9.75117 
v -308.05 6.43687 -9.75117 
v -308.05 6.22353 -9.75117 
v -307.836 6.22353 -9.75117 
v -308.192 6.57916 -4.43478 
v -308.079 6.46628 -4.43478 
v -307.694 6.08124 -4.43478 
v -308.192 6.57916 -4.43478 
v -308.192 6.57916 -4.70818 
v -308.295 6.3302 -4.43478 
v -308.295 6.3302 -4.70818 
v -308.192 6.08124 -4.43478 
v -308.192 6.08124 -4.70818 
v -308.1 6.17307 -3.23207 
v -308.1 6.17307 -2.96948 
v -308.1 6.48733 -2.96948 
v -308.165 6.3302 -3.23207 
v -308.1 6.48733 -3.23207 
v -308.165 6.3302 -2.96948 
v -308.079 6.46628 -3.23207 
v -308.079 6.46628 -4.43478 
v -308.079 6.19412 -4.43478 
v -308.135 6.3302 -3.23207 
v -308.079 6.19412 -3.23207 
v -308.135 6.3302 -4.43478 
v -308.122 6.15119 -4.84598 
v -308.295 6.3302 -4.70818 
v -308.196 6.3302 -4.84598 
v -308.122 6.50921 -4.84598 
v -308.192 6.08124 -4.70818 
v -308.192 6.57916 -4.70818 
v -307.836 6.22353 -9.75117 
v -307.863 6.3302 -9.78609 
v -307.792 6.3302 -9.75117 
v -307.836 6.43687 -9.75117 
v -307.886 6.38681 -9.78609 
v -307.886 6.2736 -9.78609 
v -307.943 6.48105 -9.75117 
v -307.943 6.25015 -9.78609 
v -307.943 6.17935 -9.75117 
v -308.05 6.22353 -9.75117 
v -308 6.2736 -9.78609 
v -307.943 6.41025 -9.78609 
v -308 6.38681 -9.78609 
v -308.05 6.43687 -9.75117 
v -308.023 6.3302 -9.78609 
v -308.094 6.3302 -9.75117 
v -307.786 6.17307 -3.23207 
v -308.1 6.17307 -2.96948 
v -308.1 6.48733 -3.23207 
v -308.295 6.3302 -4.70818 
v -308.196 6.3302 -4.84598 
v -308.192 6.08124 -4.70818 
v -308.192 6.57916 -4.70818 
v -307.943 5.97812 -4.70818 
v -307.943 6.68228 -4.70818 
v -307.943 6.07704 -4.84598 
v -307.943 6.58336 -4.84598 
v -307.694 6.08124 -4.70818 
v -307.694 6.57916 -4.70818 
v -307.591 6.3302 -4.70818 
v -307.69 6.3302 -4.84598 
v -308.135 6.3302 -3.23207 
v -308.1 6.48733 -3.23207 
v -308.079 6.46628 -3.23207 
v -307.943 6.52265 -3.23207 
v -308.165 6.3302 -3.23207 
v -307.943 6.55241 -3.23207 
v -308.1 6.17307 -3.23207 
v -307.786 6.48733 -3.23207 
v -308.079 6.19412 -3.23207 
v -307.807 6.46628 -3.23207 
v -307.943 6.13775 -3.23207 
v -307.751 6.3302 -3.23207 
v -307.943 6.10799 -3.23207 
v -307.721 6.3302 -3.23207 
v -307.786 6.17307 -3.23207 
v -307.807 6.19412 -3.23207 
v -307.943 6.25015 -9.78609 
v -308.196 6.3302 -4.84598 
v -308.122 6.15119 -4.84598 
v -307.69 6.3302 -4.84598 
v -308.122 6.15119 -5.30237 
v -307.764 6.15119 -5.30237 
v -307.943 6.07704 -4.84598 
v -307.358 6.3302 -6.87253 
v -307.764 6.15119 -4.84598 
v -307.943 6.07704 -5.30237 
v -307.943 5.74494 -6.87253 
v -307.529 5.91636 -6.87253 
v -308.357 5.91636 -6.87253 
v -307.529 5.91636 -7.54405 
v -307.943 5.74494 -7.54405 
v -308.357 5.91636 -7.54405 
v -308.528 6.3302 -7.54405 
v -308.05 6.22353 -9.48289 
v -308.05 6.43687 -9.75117 
v -308.05 6.22353 -9.75117 
v -307.943 6.17935 -9.48289 
v -307.943 6.17935 -9.75117 
v -307.836 6.22353 -9.48289 
v -307.836 6.22353 -9.75117 
v -307.358 6.3302 -7.54405 
v -308.079 6.46628 -4.43478 
v -307.694 6.08124 -4.70818 
v -307.694 6.08124 -4.43478 
v -307.943 5.97812 -4.70818 
v -308.192 6.08124 -4.43478 
v -307.943 5.97812 -4.43478 
v -308.192 6.08124 -4.70818 
v -307.786 6.17307 -3.23207 
v -307.786 6.17307 -2.96948 
v -307.943 6.10799 -3.23207 
v -307.943 6.10799 -2.96948 
v -308.1 6.17307 -3.23207 
v -308.1 6.17307 -2.96948 
v -307.807 6.19412 -4.43478 
v -307.807 6.19412 -3.23207 
v -307.943 6.13775 -4.43478 
v -308.079 6.46628 -3.23207 
v -307.943 6.13775 -3.23207 
v -308.079 6.46628 -4.43478 
v -308.079 6.19412 -4.43478 
v -308.079 6.19412 -3.23207 
v -308.122 6.15119 -4.84598 
v -308.196 6.3302 -4.84598 
v -308.192 6.08124 -4.70818 
v -307.943 5.97812 -4.70818 
v -307.943 6.07704 -4.84598 
v -307.764 6.15119 -4.84598 
v -307.694 6.08124 -4.70818 
v -307.943 6.25015 -9.78609 
v -307.764 6.50921 -5.30237 
v -307.764 6.50921 -4.84598 
v -307.69 6.3302 -5.30237 
v -307.69 6.3302 -4.84598 
v -307.764 6.15119 -5.30237 
v -307.943 6.07704 -4.84598 
v -307.358 6.3302 -6.87253 
v -307.764 6.15119 -4.84598 
v -307.529 5.91636 -6.87253 
v -307.529 5.91636 -7.54405 
v -307.943 6.91546 -7.54405 
v -308.05 6.43687 -9.75117 
v -307.836 6.22353 -9.48289 
v -307.836 6.22353 -9.75117 
v -307.836 6.43687 -9.75117 
v -307.836 6.43687 -9.48289 
v -307.792 6.3302 -9.75117 
v -307.792 6.3302 -9.48289 
v -307.358 6.3302 -7.54405 
v -307.529 6.74404 -7.54405 
v -307.529 6.74404 -6.87253 
v -308.079 6.46628 -4.43478 
v -307.694 6.57916 -4.70818 
v -307.694 6.57916 -4.43478 
v -307.591 6.3302 -4.70818 
v -307.591 6.3302 -4.43478 
v -307.694 6.08124 -4.70818 
v -307.694 6.08124 -4.43478 
v -307.721 6.3302 -3.23207 
v -307.721 6.3302 -2.96948 
v -307.786 6.17307 -3.23207 
v -307.786 6.17307 -2.96948 
v -307.786 6.48733 -2.96948 
v -307.786 6.48733 -3.23207 
v -307.751 6.3302 -3.23207 
v -307.751 6.3302 -4.43478 
v -307.807 6.46628 -3.23207 
v -307.807 6.46628 -4.43478 
v -307.807 6.19412 -4.43478 
v -307.807 6.19412 -3.23207 
v -307.764 6.15119 -4.84598 
v -307.764 6.50921 -4.84598 
v -307.694 6.08124 -4.70818 
v -307.694 6.57916 -4.70818 
v -307.591 6.3302 -4.70818 
v -307.69 6.3302 -4.84598 

vn 0 0 1 
vn 0 0 1 
vn 0 0 1 
vn 0 0 1 
vn 0 0 1 
vn 0 0 1 
vn 0 0 1 
vn 0 0 1 
vn 0 0 1 
vn 0 0 1 
vn 0 0 1 
vn 0 0 1 
vn 0 0 1 
vn 0 0 1 
vn 0 0 1 
vn 0 0 1 
vn 0 0 1 
vn 0 0 1 
vn 0 0 1 
vn 0 0 1 
vn 0 0 1 
vn 0 0 1 
vn 0 0 1 
vn 0 0 1 
vn 0 0 1 
vn 0 0 1 
vn 0 0 1 
vn 0 0 1 
vn 0 0 1 
vn 0 0 1 
vn 0 0 1 
vn 0 0 1 
vn 0 -0.275591 -0.96063 
vn 0 0.992126 0.110236 
vn -0.708661 0.708661 0 
vn 0 1 0 
vn -0.700787 0.700787 0.110236 
vn 0.700787 0.700787 0.110236 
vn -1 0 0 
vn 0.708661 0.708661 0 
vn 0 0.992126 0.102362 
vn 1 0 0 
vn 0.700787 -0.700787 -0.110236 
vn -0.992126 0 0.102362 
vn -0.700787 0.700787 0.102362 
vn -0.992126 0 -0.110236 
vn -0.700787 0.700787 -0.110236 
vn 0 0.992126 -0.110236 
vn -0.700787 0.700787 -0.110236 
vn -0.708661 0.708661 0 
vn 0 1 0 
vn 0.708661 -0.708661 0 
vn 0 0.992126 -0.110236 
vn 0.708661 0.708661 0 
vn 0.700787 0.700787 -0.110236 
vn 0.700787 0.700787 -0.110236 
vn 0.700787 0.700787 0.102362 
vn 0 0 1 
vn 0.708661 0.708661 0 
vn 0 1 0 
vn 0.708661 0.708661 0 
vn 0 1 0 
vn -0.708661 0.708661 0 
vn -0.708661 0.708661 0 
vn 0.708661 0.708661 0 
vn 0.708661 0.708661 0 
vn 0 1 0 
vn 0 1 0 
vn -0.708661 0.708661 0 
vn -0.708661 0.708661 0 
vn 0.708661 0.708661 0 
vn 0.708661 0.708661 0 
vn 0 1 0 
vn 0.708661 -0.708661 0 
vn 0 1 0 
vn -0.708661 0.708661 0 
vn -0.708661 0.708661 0 
vn -0.811024 0 -0.582677 
vn -0.811024 0 -0.582677 
vn -0.574803 0.574803 -0.582677 
vn -0.574803 0.574803 -0.582677 
vn 0 0.811024 -0.582677 
vn 0 0.811024 -0.582677 
vn 0.574803 0.574803 -0.582677 
vn 0.574803 0.574803 -0.582677 
vn 0 -0.275591 -0.96063 
vn -0.708661 0.708661 0 
vn 0 1 0 
vn -0.700787 0.700787 0.110236 
vn -1 0 0 
vn -0.992126 0 0.110236 
vn -0.708661 -0.708661 0 
vn -0.700787 -0.700787 0.110236 
vn -0.700787 -0.700787 0.102362 
vn 0.700787 -0.700787 -0.110236 
vn 0 -0.992126 -0.110236 
vn -0.700787 -0.700787 -0.110236 
vn -0.992126 0 0.102362 
vn -0.700787 0.700787 0.102362 
vn -0.992126 0 -0.110236 
vn -0.700787 -0.700787 -0.110236 
vn -0.700787 0.700787 -0.110236 
vn 0 0.992126 -0.110236 
vn -0.700787 0.700787 -0.110236 
vn -0.992126 0 -0.110236 
vn -1 0 0 
vn -0.708661 0.708661 0 
vn -0.708661 -0.708661 0 
vn 0.708661 -0.708661 0 
vn 0 0 1 
vn 0 0 1 
vn 0 0 1 
vn -0.708661 0.708661 0 
vn -0.708661 0.708661 0 
vn -1 0 0 
vn -1 0 0 
vn -0.708661 -0.708661 0 
vn -0.708661 -0.708661 0 
vn -0.708661 -0.708661 0 
vn -0.708661 -0.708661 0 
vn -0.708661 0.708661 0 
vn -1 0 0 
vn -0.708661 0.708661 0 
vn -1 0 0 
vn -0.708661 0.708661 0 
vn -0.708661 0.708661 0 
vn -0.708661 -0.708661 0 
vn -1 0 0 
vn -0.708661 -0.708661 0 
vn -1 0 0 
vn -0.574803 -0.574803 -0.582677 
vn -0.811024 0 -0.582677 
vn -0.811024 0 -0.582677 
vn -0.574803 0.574803 -0.582677 
vn -0.574803 -0.574803 -0.582677 
vn -0.574803 0.574803 -0.582677 
vn 0.314961 -0.314961 -0.897638 
vn 0.275591 0 -0.96063 
vn 0.440945 0 -0.897638 
vn 0.314961 0.314961 -0.897638 
vn 0.19685 0.19685 -0.96063 
vn 0.19685 -0.19685 -0.96063 
vn 0 0.440945 -0.897638 
vn 0 -0.275591 -0.96063 
vn 0 -0.440945 -0.897638 
vn -0.314961 -0.314961 -0.897638 
vn -0.19685 -0.19685 -0.96063 
vn 0 0.275591 -0.96063 
vn -0.19685 0.19685 -0.96063 
vn -0.314961 0.314961 -0.897638 
vn -0.275591 0 -0.96063 
vn -0.440945 0 -0.897638 
vn 0.708661 -0.708661 0 
vn -0.708661 -0.708661 0 
vn -0.708661 0.708661 0 
vn -0.811024 0 -0.582677 
vn -0.811024 0 -0.582677 
vn -0.574803 -0.574803 -0.582677 
vn -0.574803 0.574803 -0.582677 
vn 0 -0.811024 -0.582677 
vn 0 0.811024 -0.582677 
vn 0 -0.811024 -0.582677 
vn 0 0.811024 -0.582677 
vn 0.574803 -0.574803 -0.582677 
vn 0.574803 0.574803 -0.582677 
vn 0.811024 0 -0.582677 
vn 0.811024 0 -0.582677 
vn 0 0 -1 
vn 0 0 -1 
vn 0 0 -1 
vn 0 0 -1 
vn 0 0 -1 
vn 0 0 -1 
vn 0 0 -1 
vn 0 0 -1 
vn 0 0 -1 
vn 0 0 -1 
vn 0 0 -1 
vn 0 0 -1 
vn 0 0 -1 
vn 0 0 -1 
vn 0 0 -1 
vn 0 0 -1 
vn 0 -0.275591 -0.96063 
vn -1 0 0 
vn -0.708661 -0.708661 0 
vn 1 0 0 
vn -0.700787 -0.700787 0.110236 
vn 0.700787 -0.700787 0.110236 
vn 0 -1 0 
vn 0.992126 0 0.102362 
vn 0.708661 -0.708661 0 
vn 0 -0.992126 0.110236 
vn 0 -0.992126 0.102362 
vn 0.700787 -0.700787 0.102362 
vn -0.700787 -0.700787 0.102362 
vn 0.700787 -0.700787 -0.110236 
vn 0 -0.992126 -0.110236 
vn -0.700787 -0.700787 -0.110236 
vn -0.992126 0 -0.110236 
vn -0.700787 -0.700787 -0.110236 
vn -0.708661 0.708661 0 
vn -0.708661 -0.708661 0 
vn 0 -0.992126 -0.110236 
vn 0 -1 0 
vn 0.700787 -0.700787 -0.110236 
vn 0.708661 -0.708661 0 
vn 0.992126 0 -0.110236 
vn 0 0 1 
vn 0.708661 -0.708661 0 
vn 0.708661 -0.708661 0 
vn 0 -1 0 
vn -0.708661 -0.708661 0 
vn 0 -1 0 
vn -0.708661 -0.708661 0 
vn 0.708661 -0.708661 0 
vn 0.708661 -0.708661 0 
vn 0 -1 0 
vn 0 -1 0 
vn -0.708661 -0.708661 0 
vn -0.708661 -0.708661 0 
vn 0.708661 -0.708661 0 
vn 0.708661 -0.708661 0 
vn 0 -1 0 
vn -0.708661 0.708661 0 
vn 0 -1 0 
vn -0.708661 0.708661 0 
vn -0.708661 -0.708661 0 
vn -0.708661 -0.708661 0 
vn -0.574803 -0.574803 -0.582677 
vn -0.811024 0 -0.582677 
vn -0.574803 -0.574803 -0.582677 
vn 0 -0.811024 -0.582677 
vn 0 -0.811024 -0.582677 
vn 0.574803 -0.574803 -0.582677 
vn 0.574803 -0.574803 -0.582677 
vn 0 -0.275591 -0.96063 
vn 0.700787 0.700787 0.110236 
vn 0.708661 0.708661 0 
vn 0.992126 0 0.110236 
vn 1 0 0 
vn 0.700787 -0.700787 0.110236 
vn 0 -1 0 
vn 0.992126 0 0.102362 
vn 0.708661 -0.708661 0 
vn 0.700787 -0.700787 0.102362 
vn 0.700787 -0.700787 -0.110236 
vn 0 0.992126 -0.110236 
vn -0.708661 0.708661 0 
vn 0.700787 -0.700787 -0.110236 
vn 0.708661 -0.708661 0 
vn 0.708661 0.708661 0 
vn 0.700787 0.700787 -0.110236 
vn 1 0 0 
vn 0.992126 0 -0.110236 
vn 0.992126 0 -0.110236 
vn 0.700787 0.700787 -0.110236 
vn 0.700787 0.700787 0.102362 
vn 0 0 1 
vn 0.708661 0.708661 0 
vn 0.708661 0.708661 0 
vn 1 0 0 
vn 1 0 0 
vn 0.708661 -0.708661 0 
vn 0.708661 -0.708661 0 
vn 1 0 0 
vn 1 0 0 
vn 0.708661 -0.708661 0 
vn 0.708661 -0.708661 0 
vn 0.708661 0.708661 0 
vn 0.708661 0.708661 0 
vn 1 0 0 
vn 1 0 0 
vn 0.708661 0.708661 0 
vn 0.708661 0.708661 0 
vn 0.708661 -0.708661 0 
vn 0.708661 -0.708661 0 
vn 0.574803 -0.574803 -0.582677 
vn 0.574803 0.574803 -0.582677 
vn 0.574803 -0.574803 -0.582677 
vn 0.574803 0.574803 -0.582677 
vn 0.811024 0 -0.582677 
vn 0.811024 0 -0.582677 

vt 23.9804 -15.0196 
vt 24 -15.0278 
vt 24 -15.0241 
vt 24.0196 -15.0196 
vt 23.983 -15.017 
vt 24.017 -15.017 
vt 23.9759 -15 
vt 24.0241 -15 
vt 23.9722 -15 
vt 24.0278 -15 
vt 23.9804 -14.9804 
vt 24.0196 -14.9804 
vt 23.983 -14.983 
vt 24.017 -14.983 
vt 24 -14.9759 
vt 24 -14.9722 
vt 23.9689 -14.9689 
vt 24 -14.9759 
vt 24 -14.956 
vt 24.0311 -14.9689 
vt 23.983 -14.983 
vt 24.017 -14.983 
vt 23.9759 -15 
vt 24.0241 -15 
vt 23.956 -15 
vt 24.044 -15 
vt 23.9689 -15.0311 
vt 24.0311 -15.0311 
vt 23.983 -15.017 
vt 24.017 -15.017 
vt 24 -15.0241 
vt 24 -15.044 
vt 24.426 -15 
vt 23.8656 -15 
vt 23.8085 -14.9776 
vt 23.8085 -15 
vt 23.8656 -14.9776 
vt 23.8656 -15.0224 
vt 23.8085 -14.9684 
vt 23.8085 -15.0224 
vt 24.0618 -15 
vt 23.8085 -15.0316 
vt 24.1458 -15.0517 
vt 24.0618 -14.9268 
vt 24.0618 -14.9483 
vt 24.1458 -14.9268 
vt 24.1458 -14.9483 
vt 24.1458 -15 
vt 24.3881 -14.9867 
vt 24.4217 -14.9867 
vt 24.4217 -15 
vt 24.4217 -15.0133 
vt 24.3881 -15 
vt 24.4217 -15.0133 
vt 24.3881 -15.0133 
vt 24.1458 -15.0517 
vt 24.0618 -15.0517 
vt 23.7571 -14.983 
vt 23.7913 -15.0311 
vt 23.7571 -15 
vt 23.7571 -15.0311 
vt 23.7913 -15 
vt 23.7571 -14.9689 
vt 23.7913 -14.9689 
vt 23.574 -15.0196 
vt 23.6068 -15.0196 
vt 23.574 -15 
vt 23.6068 -15 
vt 23.574 -14.9804 
vt 23.6068 -14.9804 
vt 23.6068 -15.017 
vt 23.7571 -15.017 
vt 23.6068 -15 
vt 23.6068 -15.017 
vt 23.7571 -15 
vt 23.6068 -14.983 
vt 23.7571 -14.983 
vt 23.7913 -14.956 
vt 23.8085 -14.9684 
vt 23.8085 -14.9776 
vt 23.7913 -14.9689 
vt 23.7913 -15 
vt 23.8085 -15 
vt 23.8085 -15.0224 
vt 23.7913 -15.0311 
vt 23.574 -15.01 
vt 24.1915 -14.9776 
vt 24.1915 -14.9684 
vt 24.1344 -14.9776 
vt 24.1915 -15 
vt 24.1344 -15 
vt 24.1915 -15.0224 
vt 24.1344 -15.0224 
vt 23.9382 -15.0517 
vt 23.8542 -15.0517 
vt 23.8542 -15.0732 
vt 23.8542 -15.0517 
vt 23.9382 -15 
vt 23.9382 -14.9483 
vt 23.8542 -15 
vt 23.6119 -15.0133 
vt 23.8542 -14.9483 
vt 23.8542 -14.9268 
vt 23.6119 -14.9867 
vt 23.6119 -15 
vt 23.5783 -15 
vt 23.5783 -14.9867 
vt 23.5783 -15.0133 
vt 23.5783 -15.0133 
vt 24.2429 -14.9689 
vt 24.2429 -14.983 
vt 24.2429 -15.0311 
vt 24.2429 -14.9689 
vt 24.2087 -14.9689 
vt 24.2429 -15 
vt 24.2087 -15 
vt 24.2429 -15.0311 
vt 24.2087 -15.0311 
vt 24.3932 -15.0196 
vt 24.426 -15.0196 
vt 24.426 -14.9804 
vt 24.3932 -15 
vt 24.3932 -14.9804 
vt 24.426 -15 
vt 24.3932 -14.983 
vt 24.2429 -14.983 
vt 24.2429 -15.017 
vt 24.3932 -15 
vt 24.3932 -15.017 
vt 24.2429 -15 
vt 24.1915 -15.0224 
vt 24.2087 -15 
vt 24.1915 -15 
vt 24.1915 -14.9776 
vt 24.2087 -15.0311 
vt 24.2087 -14.9689 
vt 23.9867 -15.0133 
vt 23.99 -15 
vt 23.9811 -15 
vt 23.9867 -14.9867 
vt 23.9929 -14.9929 
vt 23.9929 -15.0071 
vt 24 -14.9811 
vt 24 -15.01 
vt 24 -15.0189 
vt 24.0133 -15.0133 
vt 24.0071 -15.0071 
vt 24 -14.99 
vt 24.0071 -14.9929 
vt 24.0133 -14.9867 
vt 24.01 -15 
vt 24.0189 -15 
vt 23.9804 -15.0196 
vt 24.0196 -15.0196 
vt 24.0196 -14.9804 
vt 24.044 -15 
vt 24.0316 -15 
vt 24.0311 -15.0311 
vt 24.0311 -14.9689 
vt 24 -15.044 
vt 24 -14.956 
vt 24 -15.0316 
vt 24 -14.9684 
vt 23.9689 -15.0311 
vt 23.9689 -14.9689 
vt 23.956 -15 
vt 23.9684 -15 
vt 24.0241 -15 
vt 24.0196 -14.9804 
vt 24.017 -14.983 
vt 24 -14.9759 
vt 24.0278 -15 
vt 24 -14.9722 
vt 24.0196 -15.0196 
vt 23.9804 -14.9804 
vt 24.017 -15.017 
vt 23.983 -14.983 
vt 24 -15.0241 
vt 23.9759 -15 
vt 24 -15.0278 
vt 23.9722 -15 
vt 23.9804 -15.0196 
vt 23.983 -15.017 
vt 23.574 -15 
vt 24.1915 -14.9684 
vt 24.1915 -14.9776 
vt 24.1915 -15.0316 
vt 24.1344 -14.9776 
vt 24.1344 -15.0224 
vt 24.1915 -15 
vt 23.9382 -15.0732 
vt 24.1915 -15.0224 
vt 24.1344 -15 
vt 23.9382 -15 
vt 23.9382 -15.0517 
vt 23.9382 -14.9483 
vt 23.8542 -15.0517 
vt 23.8542 -15 
vt 23.8542 -14.9483 
vt 23.8542 -14.9268 
vt 23.6119 -14.9867 
vt 23.5783 -14.9867 
vt 23.5783 -14.9867 
vt 23.6119 -15 
vt 23.5783 -15 
vt 23.6119 -15.0133 
vt 23.5783 -15.0133 
vt 23.8542 -15.0732 
vt 24.2429 -14.983 
vt 24.2087 -15.0311 
vt 24.2429 -15.0311 
vt 24.2087 -15 
vt 24.2429 -14.9689 
vt 24.2429 -15 
vt 24.2087 -14.9689 
vt 24.3932 -15.0196 
vt 24.426 -15.0196 
vt 24.3932 -15 
vt 24.426 -15 
vt 24.3932 -14.9804 
vt 24.426 -14.9804 
vt 24.2429 -15.017 
vt 24.3932 -15.017 
vt 24.2429 -15 
vt 24.3932 -14.983 
vt 24.3932 -15 
vt 24.2429 -14.983 
vt 24.2429 -14.983 
vt 24.3932 -14.983 
vt 24.1915 -14.9776 
vt 24.1915 -14.9684 
vt 24.2087 -14.9689 
vt 24.2087 -15 
vt 24.1915 -15 
vt 24.1915 -15.0224 
vt 24.2087 -15.0311 
vt 24.426 -15.01 
vt 23.8656 -14.9776 
vt 23.8085 -14.9776 
vt 23.8656 -15 
vt 23.8085 -15 
vt 23.8656 -15.0224 
vt 23.8085 -15.0316 
vt 24.0618 -15 
vt 23.8085 -15.0224 
vt 24.0618 -15.0517 
vt 24.1458 -15.0517 
vt 24.1458 -14.9268 
vt 24.4217 -14.9867 
vt 24.3881 -15.0133 
vt 24.4217 -15.0133 
vt 24.4217 -14.9867 
vt 24.3881 -14.9867 
vt 24.4217 -15 
vt 24.3881 -15 
vt 24.1458 -15 
vt 24.1458 -14.9483 
vt 24.0618 -14.9483 
vt 23.7571 -14.983 
vt 23.7913 -14.9689 
vt 23.7571 -14.9689 
vt 23.7913 -15 
vt 23.7571 -15 
vt 23.7913 -15.0311 
vt 23.7571 -15.0311 
vt 23.6068 -15 
vt 23.574 -15 
vt 23.6068 -15.0196 
vt 23.574 -15.0196 
vt 23.574 -14.9804 
vt 23.6068 -14.9804 
vt 23.6068 -15 
vt 23.7571 -15 
vt 23.6068 -14.983 
vt 23.7571 -14.983 
vt 23.7571 -15.017 
vt 23.6068 -15.017 
vt 23.8085 -15.0224 
vt 23.8085 -14.9776 
vt 23.7913 -15.0311 
vt 23.7913 -14.9689 
vt 23.7913 -15 
vt 23.8085 -15 

usemtl Meshpart1Mtl

f 316/316/316 317/317/317 318/318/318 
f 319/319/319 318/318/318 317/317/317 
f 316/316/316 318/318/318 320/320/320 
f 318/318/318 319/319/319 321/321/321 
f 322/322/322 316/316/316 320/320/320 
f 319/319/319 323/323/323 321/321/321 
f 316/316/316 322/322/322 324/324/324 
f 319/319/319 325/325/325 323/323/323 
f 326/326/326 324/324/324 322/322/322 
f 327/327/327 323/323/323 325/325/325 
f 322/322/322 328/328/328 326/326/326 
f 323/323/323 327/327/327 329/329/329 
f 330/330/330 326/326/326 328/328/328 
f 327/327/327 330/330/330 329/329/329 
f 326/326/326 330/330/330 331/331/331 
f 330/330/330 327/327/327 331/331/331 
f 332/332/332 333/333/333 334/334/334 
f 333/333/333 335/335/335 334/334/334 
f 333/333/333 332/332/332 336/336/336 
f 335/335/335 333/333/333 337/337/337 
f 338/338/338 336/336/336 332/332/332 
f 339/339/339 335/335/335 337/337/337 
f 338/338/338 332/332/332 340/340/340 
f 335/335/335 339/339/339 341/341/341 
f 342/342/342 338/338/338 340/340/340 
f 343/343/343 341/341/341 339/339/339 
f 338/338/338 342/342/342 344/344/344 
f 343/343/343 339/339/339 345/345/345 
f 342/342/342 346/346/346 344/344/344 
f 346/346/346 343/343/343 345/345/345 
f 342/342/342 347/347/347 346/346/346 
f 343/343/343 346/346/346 347/347/347 
f 349/349/349 350/350/350 351/351/351 
f 350/350/350 349/349/349 352/352/352 
f 351/351/351 353/353/353 349/349/349 
f 353/353/353 351/351/351 355/355/355 
f 356/356/356 352/352/352 349/349/349 
f 353/353/353 356/356/356 349/349/349 
f 352/352/352 356/356/356 360/360/360 
f 363/363/363 360/360/360 356/356/356 
f 360/360/360 363/363/363 362/362/362 
f 363/363/363 364/364/364 362/362/362 
f 364/364/364 366/366/366 365/365/365 
f 366/366/366 364/364/364 368/368/368 
f 364/364/364 363/363/363 368/368/368 
f 368/368/368 369/369/369 366/366/366 
f 369/369/369 368/368/368 370/370/370 
f 363/363/363 370/370/370 368/368/368 
f 370/370/370 363/363/363 371/371/371 
f 356/356/356 371/371/371 363/363/363 
f 371/371/371 356/356/356 372/372/372 
f 356/356/356 353/353/353 372/372/372 
f 374/374/374 375/375/375 376/376/376 
f 375/375/375 374/374/374 377/377/377 
f 377/377/377 378/378/378 375/375/375 
f 378/378/378 377/377/377 379/379/379 
f 381/381/381 382/382/382 380/380/380 
f 382/382/382 381/381/381 383/383/383 
f 383/383/383 384/384/384 382/382/382 
f 384/384/384 383/383/383 385/385/385 
f 387/387/387 388/388/388 386/386/386 
f 388/388/388 387/387/387 390/390/390 
f 390/390/390 391/391/391 388/388/388 
f 391/391/391 390/390/390 392/392/392 
f 397/397/397 395/395/395 396/396/396 
f 395/395/395 397/397/397 398/398/398 
f 397/397/397 399/399/399 398/398/398 
f 399/399/399 397/397/397 400/400/400 
f 402/402/402 404/404/404 405/405/405 
f 406/406/406 405/405/405 404/404/404 
f 405/405/405 406/406/406 407/407/407 
f 408/408/408 407/407/407 406/406/406 
f 409/409/409 408/408/408 413/413/413 
f 413/413/413 412/412/412 409/409/409 
f 406/406/406 413/413/413 408/408/408 
f 404/404/404 413/413/413 406/406/406 
f 413/413/413 404/404/404 414/414/414 
f 412/412/412 413/413/413 415/415/415 
f 415/415/415 416/416/416 412/412/412 
f 413/413/413 414/414/414 417/417/417 
f 415/415/415 413/413/413 417/417/417 
f 417/417/417 419/419/419 415/415/415 
f 416/416/416 415/415/415 420/420/420 
f 420/420/420 415/415/415 419/419/419 
f 420/420/420 421/421/421 416/416/416 
f 421/421/421 420/420/420 422/422/422 
f 419/419/419 422/422/422 420/420/420 
f 423/423/423 416/416/416 421/421/421 
f 430/430/430 428/428/428 429/429/429 
f 431/431/431 430/430/430 429/429/429 
f 432/432/432 430/430/430 431/431/431 
f 433/433/433 432/432/432 431/431/431 
f 434/434/434 435/435/435 437/437/437 
f 435/435/435 439/439/439 437/437/437 
f 439/439/439 436/436/436 438/438/438 
f 437/437/437 439/439/439 438/438/438 
f 440/440/440 441/441/441 443/443/443 
f 445/445/445 443/443/443 441/441/441 
f 442/442/442 444/444/444 445/445/445 
f 443/443/443 445/445/445 444/444/444 
f 446/446/446 447/447/447 448/448/448 
f 448/448/448 447/447/447 449/449/449 
f 447/447/447 446/446/446 450/450/450 
f 447/447/447 451/451/451 449/449/449 
f 452/452/452 453/453/453 454/454/454 
f 455/455/455 454/454/454 453/453/453 
f 456/456/456 455/455/455 453/453/453 
f 453/453/453 452/452/452 457/457/457 
f 457/457/457 456/456/456 453/453/453 
f 458/458/458 455/455/455 456/456/456 
f 452/452/452 459/459/459 457/457/457 
f 452/452/452 460/460/460 459/459/459 
f 461/461/461 459/459/459 460/460/460 
f 462/462/462 457/457/457 459/459/459 
f 459/459/459 461/461/461 462/462/462 
f 456/456/456 457/457/457 462/462/462 
f 458/458/458 456/456/456 463/463/463 
f 456/456/456 464/464/464 463/463/463 
f 464/464/464 458/458/458 463/463/463 
f 464/464/464 456/456/456 462/462/462 
f 458/458/458 464/464/464 465/465/465 
f 461/461/461 466/466/466 462/462/462 
f 464/464/464 462/462/462 466/466/466 
f 466/466/466 465/465/465 464/464/464 
f 466/466/466 461/461/461 467/467/467 
f 465/465/465 466/466/466 467/467/467 
f 483/483/483 484/484/484 485/485/485 
f 484/484/484 486/486/486 485/485/485 
f 484/484/484 483/483/483 487/487/487 
f 486/486/486 484/484/484 488/488/488 
f 483/483/483 489/489/489 487/487/487 
f 490/490/490 486/486/486 488/488/488 
f 489/489/489 483/483/483 491/491/491 
f 486/486/486 490/490/490 492/492/492 
f 493/493/493 489/489/489 491/491/491 
f 494/494/494 492/492/492 490/490/490 
f 489/489/489 493/493/493 495/495/495 
f 490/490/490 496/496/496 494/494/494 
f 497/497/497 495/495/495 493/493/493 
f 497/497/497 494/494/494 496/496/496 
f 497/497/497 493/493/493 498/498/498 
f 494/494/494 497/497/497 498/498/498 
f 501/501/501 503/503/503 505/505/505 
f 505/505/505 508/508/508 507/507/507 
f 504/504/504 507/507/507 508/508/508 
f 508/508/508 505/505/505 503/503/503 
f 508/508/508 509/509/509 504/504/504 
f 503/503/503 509/509/509 508/508/508 
f 510/510/510 504/504/504 509/509/509 
f 509/509/509 503/503/503 511/511/511 
f 510/510/510 509/509/509 513/513/513 
f 512/512/512 510/510/510 513/513/513 
f 509/509/509 511/511/511 514/514/514 
f 513/513/513 509/509/509 514/514/514 
f 514/514/514 516/516/516 513/513/513 
f 516/516/516 518/518/518 519/519/519 
f 519/519/519 513/513/513 516/516/516 
f 520/520/520 519/519/519 518/518/518 
f 521/521/521 513/513/513 519/519/519 
f 519/519/519 520/520/520 521/521/521 
f 513/513/513 521/521/521 512/512/512 
f 522/522/522 521/521/521 520/520/520 
f 525/525/525 526/526/526 527/527/527 
f 526/526/526 529/529/529 527/527/527 
f 529/529/529 528/528/528 530/530/530 
f 527/527/527 529/529/529 530/530/530 
f 531/531/531 532/532/532 533/533/533 
f 532/532/532 534/534/534 533/533/533 
f 533/533/533 534/534/534 535/535/535 
f 534/534/534 536/536/536 535/535/535 
f 537/537/537 538/538/538 539/539/539 
f 541/541/541 539/539/539 538/538/538 
f 539/539/539 541/541/541 543/543/543 
f 544/544/544 543/543/543 541/541/541 
f 548/548/548 547/547/547 545/545/545 
f 549/549/549 548/548/548 545/545/545 
f 550/550/550 548/548/548 549/549/549 
f 548/548/548 550/550/550 551/551/551 
f 553/553/553 554/554/554 555/555/555 
f 556/556/556 555/555/555 554/554/554 
f 555/555/555 556/556/556 557/557/557 
f 555/555/555 559/559/559 553/553/553 
f 557/557/557 559/559/559 555/555/555 
f 560/560/560 557/557/557 556/556/556 
f 559/559/559 557/557/557 561/561/561 
f 559/559/559 561/561/561 562/562/562 
f 567/567/567 568/568/568 569/569/569 
f 569/569/569 570/570/570 566/566/566 
f 565/565/565 566/566/566 570/570/570 
f 570/570/570 569/569/569 568/568/568 
f 570/570/570 571/571/571 565/565/565 
f 562/562/562 565/565/565 571/571/571 
f 568/568/568 571/571/571 570/570/570 
f 571/571/571 559/559/559 562/562/562 
f 571/571/571 568/568/568 572/572/572 
f 573/573/573 559/559/559 571/571/571 
f 572/572/572 573/573/573 571/571/571 
f 573/573/573 553/553/553 559/559/559 
f 575/575/575 576/576/576 577/577/577 
f 576/576/576 578/578/578 577/577/577 
f 577/577/577 578/578/578 579/579/579 
f 578/578/578 580/580/580 579/579/579 
f 581/581/581 582/582/582 583/583/583 
f 582/582/582 584/584/584 583/583/583 
f 585/585/585 582/582/582 581/581/581 
f 586/586/586 585/585/585 581/581/581 
f 587/587/587 588/588/588 589/589/589 
f 590/590/590 589/589/589 588/588/588 
f 588/588/588 587/587/587 591/591/591 
f 592/592/592 591/591/591 587/587/587 
f 597/597/597 595/595/595 593/593/593 
f 597/597/597 594/594/594 596/596/596 
f 598/598/598 597/597/597 593/593/593 
f 594/594/594 597/597/597 598/598/598 

g Meshpart4

v -307.943 6.13736 -1.38341 
v -307.943 6.52304 -1.38341 
v -308.136 6.3302 -1.38341 
v -308.079 6.46656 -1.38341 
v -308.079 6.19384 -1.38341 
v -307.75 6.3302 -1.38341 
v -307.807 6.19384 -1.38341 
v -307.807 6.46656 -1.38341 
v -308.079 6.46656 -1.38341 
v -308.079 6.46656 -2.97445 
v -307.943 6.52304 -1.38341 
v -307.943 6.52304 -2.97445 
v -307.807 6.46656 -1.38341 
v -307.807 6.46656 -2.97445 
v -308.079 6.19384 -2.97445 
v -308.079 6.19384 -1.38341 
v -308.136 6.3302 -1.38341 
v -308.136 6.3302 -2.97445 
v -308.079 6.46656 -1.38341 
v -308.079 6.46656 -2.97445 
v -308.079 6.19384 -2.97445 
v -308.079 6.19384 -1.38341 
v -307.943 6.13736 -2.97445 
v -307.943 6.13736 -1.38341 
v -307.807 6.19384 -2.97445 
v -307.807 6.19384 -1.38341 
v -307.807 6.19384 -2.97445 
v -307.807 6.19384 -1.38341 
v -307.75 6.3302 -2.97445 
v -307.75 6.3302 -1.38341 
v -307.807 6.46656 -1.38341 
v -307.807 6.46656 -2.97445 

vn 0 0 1 
vn 0 0 1 
vn 0 0 1 
vn 0 0 1 
vn 0 0 1 
vn 0 0 1 
vn 0 0 1 
vn 0 0 1 
vn -0.708661 0.708661 0 
vn -0.708661 0.708661 0 
vn 0 1 0 
vn 0 1 0 
vn 0.708661 0.708661 0 
vn 0.708661 0.708661 0 
vn -0.708661 -0.708661 0 
vn -0.708661 -0.708661 0 
vn -1 0 0 
vn -1 0 0 
vn -0.708661 0.708661 0 
vn -0.708661 0.708661 0 
vn -0.708661 -0.708661 0 
vn -0.708661 -0.708661 0 
vn 0 -1 0 
vn 0 -1 0 
vn 0.708661 -0.708661 0 
vn 0.708661 -0.708661 0 
vn 0.708661 -0.708661 0 
vn 0.708661 -0.708661 0 
vn 1 0 0 
vn 1 0 0 
vn 0.708661 0.708661 0 
vn 0.708661 0.708661 0 

vt 44 -53.0241 
vt 44 -52.9759 
vt 43.9759 -53 
vt 43.983 -52.983 
vt 43.983 -53.017 
vt 44.0241 -53 
vt 44.017 -53.017 
vt 44.017 -52.983 
vt 43.9006 -52.983 
vt 44.0994 -52.983 
vt 43.9006 -53 
vt 44.0994 -53 
vt 43.9006 -53.017 
vt 44.0994 -53.017 
vt 43.9006 -53.017 
vt 44.0994 -53.017 
vt 44.0994 -53 
vt 43.9006 -53 
vt 44.0994 -52.983 
vt 43.9006 -52.983 
vt 43.9006 -52.983 
vt 44.0994 -52.983 
vt 43.9006 -53 
vt 44.0994 -53 
vt 43.9006 -53.017 
vt 44.0994 -53.017 
vt 44.0994 -53.017 
vt 43.9006 -53.017 
vt 44.0994 -53 
vt 43.9006 -53 
vt 43.9006 -52.983 
vt 44.0994 -52.983 

usemtl Meshpart2Mtl

f 599/599/599 600/600/600 601/601/601 
f 601/601/601 600/600/600 602/602/602 
f 599/599/599 601/601/601 603/603/603 
f 600/600/600 599/599/599 604/604/604 
f 604/604/604 599/599/599 605/605/605 
f 600/600/600 604/604/604 606/606/606 
f 609/609/609 608/608/608 607/607/607 
f 608/608/608 609/609/609 610/610/610 
f 611/611/611 610/610/610 609/609/609 
f 611/611/611 612/612/612 610/610/610 
f 613/613/613 614/614/614 615/615/615 
f 613/613/613 615/615/615 616/616/616 
f 616/616/616 615/615/615 617/617/617 
f 616/616/616 617/617/617 618/618/618 
f 621/621/621 620/620/620 619/619/619 
f 621/621/621 622/622/622 620/620/620 
f 623/623/623 622/622/622 621/621/621 
f 623/623/623 624/624/624 622/622/622 
f 627/627/627 626/626/626 625/625/625 
f 627/627/627 628/628/628 626/626/626 
f 630/630/630 628/628/628 627/627/627 
f 630/630/630 629/629/629 628/628/628 

g Meshpart5

v -310.485 6.8725 6.58452 
v -309.943 6.8097 6.58452 
v -309.943 7.09711 6.58452 
v -309.604 6.66927 6.58452 
v -310.282 6.66927 6.58452 
v -310.71 6.33023 6.58452 
v -310.423 6.33023 6.58452 
v -309.401 6.8725 6.58452 
v -309.464 6.33023 6.58452 
v -309.176 6.33023 6.58452 
v -309.401 5.78796 6.58452 
v -309.604 5.99119 6.58452 
v -309.943 5.56335 6.58452 
v -309.943 5.85076 6.58452 
v -310.485 5.78796 6.58452 
v -310.282 5.99119 6.58452 
v -310.71 6.33023 6.58452 
v -310.423 6.33023 6.58452 
v -310.226 6.04698 4.84245 
v -310.344 6.33023 4.84245 
v -309.943 5.92966 4.84245 
v -309.66 6.04698 4.84245 
v -310.226 6.61347 4.84245 
v -310.344 6.33023 4.84245 
v -309.542 6.33023 4.84245 
v -309.66 6.61347 4.84245 
v -309.943 6.7308 4.84245 
v -310.033 6.61695 -4.289 
v -309.964 7.17256 -4.22606 
v -309.75 6.52286 -3.32807 
v -309.943 6.60265 -3.32807 
v -309.671 6.33023 -3.32807 
v -310.136 6.52286 -3.32807 
v -310.215 6.33023 -3.32807 
v -310.118 6.73549 0.57218 
v -309.768 6.73549 0.57218 
v -309.841 6.87187 0.57218 
v -309.768 6.83614 0.57218 
v -309.768 7.05406 0.57218 
v -309.841 7.05406 0.57218 
v -310.045 6.87187 0.57218 
v -310.118 6.83614 0.57218 
v -310.118 7.05406 0.57218 
v -310.045 7.05406 0.57218 
v -309.823 7.18514 0.547042 
v -310.063 6.84729 0.547042 
v -309.823 6.84729 0.547042 
v -310.063 7.18514 0.547042 
v -309.83 7.17771 0.534938 
v -309.83 7.48954 0.534938 
v -309.87 7.44171 0.534938 
v -309.87 7.17771 0.534938 
v -310.016 7.44171 0.534938 
v -310.056 7.48954 0.534938 
v -310.056 7.17771 0.534938 
v -310.016 7.17771 0.534938 
v -309.816 5.86508 0.310586 
v -310.07 5.86508 0.310586 
v -309.833 5.76108 0.273868 
v -310.054 5.76108 0.273868 
v -310.024 7.30823 0.506728 
v -309.968 7.294 0.491588 
v -309.968 7.29703 0.491588 
v -310.024 7.2828 0.506728 
v -309.862 7.30823 0.506728 
v -309.918 7.294 0.491588 
v -309.862 7.2828 0.506728 
v -309.918 7.29703 0.491588 
v -309.768 7.05406 0.302236 
v -309.768 6.83614 0.302236 
v -309.715 7.05406 0.302236 
v -309.712 6.83614 0.302236 
v -309.715 7.05406 0.302236 
v -309.768 6.83614 0.302236 
v -310.171 7.05406 0.302236 
v -310.118 6.83614 0.302236 
v -310.118 7.05406 0.302236 
v -310.118 6.83614 0.302236 
v -310.171 7.05406 0.302236 
v -310.174 6.83614 0.302236 
v -310.045 6.87187 -0.0713357 
v -310.045 7.05406 -0.0713357 
v -310.096 7.05406 -0.0713357 
v -310.096 6.87187 -0.0713357 
v -309.841 7.05406 -0.0713357 
v -309.841 6.87187 -0.0713357 
v -309.791 7.05406 -0.0713357 
v -309.791 6.87187 -0.0713357 
v -310.024 7.30823 0.472344 
v -309.823 7.18514 -4.13957 
v -309.775 6.87743 -3.40441 
v -310.111 6.87743 -3.40441 
v -310.033 6.87743 -3.40441 
v -309.775 6.72353 -3.94335 
v -309.775 6.80806 -3.63948 
v -309.775 6.80806 -4.02788 
v -309.775 6.639 -3.63948 
v -310.111 6.80806 -3.63948 
v -310.111 6.639 -3.63948 
v -310.111 6.72353 -3.94335 
v -310.092 6.03934 -1.27008 
v -310.092 5.81252 -1.27008 
v -310.092 5.65228 -1.54144 
v -310.092 4.93885 -1.54144 
v -309.794 6.03934 -1.27008 
v -309.794 5.81252 -1.27008 
v -309.794 5.65228 -1.54144 
v -309.794 4.93885 -1.54144 
v -309.794 6.03934 -1.27008 
v -310.092 6.03934 -1.27008 
v -309.794 5.81252 -1.27008 
v -310.092 5.81252 -1.27008 
v -309.794 5.65228 -1.54144 
v -310.092 5.65228 -1.54144 
v -310.092 4.93885 -1.54144 
v -309.794 4.93885 -1.54144 
v -309.823 6.84729 0.429968 
v -310.063 6.84729 0.429968 
v -309.823 6.61021 -4.13957 
v -309.968 7.294 0.487484 
v -310.016 7.44171 -4.15156 
v -309.87 7.44171 -4.15156 
v -309.852 6.72353 -3.55495 
v -309.852 6.80806 -3.63948 
v -309.852 6.639 -3.63948 
v -310.033 6.68127 -3.56628 
v -309.852 6.7658 -4.10109 
v -309.775 6.7658 -4.10109 
v -309.852 6.72353 -4.11241 
v -309.775 6.72353 -4.11241 
v -309.852 6.68127 -4.10109 
v -309.775 6.68127 -4.10109 
v -310.111 6.7658 -4.10109 
v -310.033 6.7658 -4.10109 
v -310.111 6.72353 -4.11241 
v -310.033 6.72353 -4.11241 
v -310.111 6.68127 -4.10109 
v -310.033 6.68127 -4.10109 
v -310.111 6.87743 -3.40441 
v -310.033 6.61695 -3.40441 
v -310.033 6.87743 -3.40441 
v -310.111 6.44729 -3.40441 
v -309.775 6.44729 -3.40441 
v -309.852 6.61695 -3.40441 
v -309.775 6.87743 -3.40441 
v -309.852 6.87743 -3.40441 
v -310.111 6.7658 -3.71269 
v -310.033 6.7658 -3.71269 
v -310.111 6.72353 -3.72401 
v -310.033 6.72353 -3.72401 
v -310.111 6.68127 -3.71269 
v -310.033 6.68127 -3.71269 
v -309.852 6.7658 -3.71269 
v -309.775 6.7658 -3.71269 
v -309.852 6.72353 -3.72401 
v -309.775 6.72353 -3.72401 
v -309.852 6.68127 -3.71269 
v -309.775 6.68127 -3.71269 
v -309.941 7.27668 -4.19539 
v -309.964 7.17256 -4.16906 
v -309.922 7.17256 -4.16906 
v -309.945 7.27668 -4.19539 
v -309.823 7.18514 -4.13957 
v -310.063 6.61021 -4.13957 
v -309.823 6.61021 -4.13957 
v -310.063 7.18514 -4.13957 
v -309.83 7.17771 -4.15156 
v -309.83 7.48954 -4.15156 
v -309.87 7.44171 -4.15156 
v -309.87 7.17771 -4.15156 
v -310.016 7.44171 -4.15156 
v -310.056 7.48954 -4.15156 
v -310.056 7.17771 -4.15156 
v -310.016 7.17771 -4.15156 
v -310.485 6.8725 6.58452 
v -309.943 7.09711 6.58452 
v -310.282 6.66927 6.58452 
v -310.71 6.33023 6.58452 
v -309.401 6.8725 6.58452 
v -309.464 6.33023 6.58452 
v -309.604 5.99119 6.58452 
v -309.943 5.85076 6.58452 
v -310.485 5.78796 6.58452 
v -310.282 5.99119 6.58452 
v -309.943 5.85076 6.58452 
v -310.226 6.04698 4.84245 
v -310.282 5.99119 6.58452 
v -310.344 6.33023 4.84245 
v -309.943 5.92966 4.84245 
v -309.66 6.04698 4.84245 
v -309.604 5.99119 6.58452 
v -309.542 6.33023 4.84245 
v -309.671 6.33023 -4.42847 
v -310.215 6.33023 -4.42847 
v -309.943 6.60265 -4.42847 
v -309.75 6.52286 -4.42847 
v -309.775 6.44729 -4.289 
v -310.033 6.61695 -4.289 
v -309.852 6.61695 -4.289 
v -309.775 6.80898 -4.289 
v -310.111 6.80898 -4.289 
v -310.033 6.80898 -4.289 
v -309.87 7.44171 -4.24443 
v -310.016 7.44171 -4.24443 
v -309.75 6.52286 -3.32807 
v -309.943 6.73491 -2.94909 
v -309.657 6.61638 -2.94909 
v -309.943 6.60265 -3.32807 
v -309.671 6.33023 -3.32807 
v -310.136 6.52286 -3.32807 
v -310.229 6.61638 -2.94909 
v -310.348 6.33023 -2.94909 
v -309.768 6.83614 0.57218 
v -309.768 7.05406 0.57218 
v -310.045 6.87187 0.57218 
v -310.063 6.84729 0.547042 
v -309.768 7.05406 0.302236 
v -310.045 6.87187 -0.0713357 
v -310.096 6.87187 -0.0713357 
v -309.791 6.87187 -0.0713357 
v -310.056 7.48954 0.534938 
v -309.83 7.48954 0.534938 
v -309.83 7.48954 0.442072 
v -310.056 7.48954 0.442072 
v -310.056 7.48954 -4.15156 
v -309.83 7.48954 -4.15156 
v -309.83 7.48954 -4.24443 
v -310.056 7.48954 -4.24443 
v -310.024 7.30823 0.506728 
v -309.968 7.29703 0.487484 
v -310.024 7.30823 0.472344 
v -309.968 7.29703 0.491588 
v -309.862 7.30823 0.472344 
v -309.918 7.29703 0.487484 
v -309.862 7.30823 0.506728 
v -309.918 7.29703 0.491588 
v -309.941 7.27668 -4.19973 
v -309.945 7.27668 -4.19539 
v -309.941 7.27668 -4.19539 
v -309.945 7.27668 -4.19973 
v -310.063 7.18514 0.547042 
v -309.823 7.18514 0.547042 
v -309.823 7.18514 0.429968 
v -310.063 7.18514 0.429968 
v -310.063 7.18514 -4.13957 
v -309.823 7.18514 -4.13957 
v -309.823 7.18514 -4.25665 
v -310.063 7.18514 -4.25665 
v -309.791 7.05406 -0.0713357 
v -309.841 7.05406 -0.27589 
v -309.841 7.05406 -0.0713357 
v -309.768 7.05406 -0.27589 
v -309.768 7.05406 -0.0717437 
v -309.768 7.05406 0.302236 
v -309.791 7.05406 0.301858 
v -309.768 7.05406 0.57218 
v -309.841 7.05406 0.57218 
v -309.841 7.05406 0.301858 
v -310.096 7.05406 -0.0713357 
v -310.118 7.05406 0.302236 
v -310.096 7.05406 0.301858 
v -310.118 7.05406 0.57218 
v -310.045 7.05406 0.57218 
v -310.045 7.05406 0.301858 
v -310.118 7.05406 -0.0717437 
v -310.118 7.05406 -0.27589 
v -310.045 7.05406 -0.27589 
v -310.045 7.05406 -0.0713357 
v -310.171 7.05406 -0.0717437 
v -310.171 7.05406 0.302236 
v -310.118 7.05406 -0.0717437 
v -310.118 7.05406 0.302236 
v -309.715 7.05406 -0.0717437 
v -309.768 7.05406 0.302236 
v -309.715 7.05406 0.302236 
v -309.768 7.05406 -0.0717437 
v -309.852 6.80898 -4.289 
v -309.852 6.87743 -3.40441 
v -309.775 6.80898 -4.289 
v -309.775 6.87743 -3.40441 
v -310.111 6.80898 -4.289 
v -310.111 6.87743 -3.40441 
v -310.033 6.80898 -4.289 
v -310.033 6.87743 -3.40441 
v -310.045 6.87187 -0.27589 
v -309.841 6.87187 -0.0713357 
v -309.841 6.87187 -0.27589 
v -310.045 6.87187 -0.0713357 
v -309.841 6.87187 0.301858 
v -310.045 6.87187 0.301858 
v -310.045 6.87187 0.57218 
v -309.841 6.87187 0.57218 
v -310.045 6.87187 0.301858 
v -310.045 6.87187 -0.0713357 
v -310.096 6.87187 -0.0713357 
v -310.096 6.87187 0.301858 
v -309.791 6.87187 0.301858 
v -309.791 6.87187 -0.0713357 
v -309.841 6.87187 -0.0713357 
v -309.841 6.87187 0.301858 
v -309.775 6.72353 -3.94335 
v -309.775 6.44729 -3.40441 
v -310.111 6.68127 -3.95468 
v -310.111 6.72353 -3.94335 
v -309.768 6.73549 -0.27589 
v -309.823 6.84729 0.429968 
v -310.063 6.84729 0.429968 
v -309.823 6.61021 -4.13957 
v -309.852 6.61695 -4.289 
v -310.033 6.61695 -3.40441 
v -309.852 6.61695 -3.40441 
v -310.033 6.61695 -4.289 
v -310.016 7.44171 -4.15156 
v -309.87 7.44171 -4.15156 
v -309.852 6.72353 -3.55495 
v -309.852 6.80806 -3.63948 
v -309.852 6.80806 -4.02788 
v -309.852 6.68127 -3.95468 
v -309.852 6.639 -3.63948 
v -309.852 6.72353 -4.11241 
v -310.033 6.68127 -3.56628 
v -309.75 6.52286 -3.32807 
v -309.75 6.52286 -4.42847 
v -309.943 6.60265 -3.32807 
v -309.943 6.60265 -4.42847 
v -310.136 6.52286 -3.32807 
v -310.136 6.52286 -4.42847 
v -309.943 6.85933 -0.706024 
v -309.943 6.85933 0.974252 
v -309.569 6.70436 -0.706024 
v -309.569 6.70436 0.974252 
v -310.317 6.70436 0.974252 
v -310.317 6.70436 -0.706024 
v -310.472 6.33023 0.974252 
v -310.472 6.33023 -0.706024 
v -309.414 6.33023 0.974252 
v -309.852 6.68127 -4.10109 
v -309.775 6.68127 -4.10109 
v -309.852 6.65033 -4.07015 
v -309.775 6.65033 -4.07015 
v -309.852 6.639 -4.02788 
v -309.775 6.639 -4.02788 
v -309.852 6.65033 -3.98562 
v -309.775 6.65033 -3.98562 
v -309.852 6.68127 -3.95468 
v -309.775 6.68127 -3.95468 
v -309.657 6.61638 -2.94909 
v -309.657 6.61638 -0.888662 
v -309.943 6.73491 -2.94909 
v -309.943 6.73491 -0.888662 
v -310.229 6.61638 -2.94909 
v -310.229 6.61638 -0.888662 
v -309.657 6.61638 -0.888662 
v -309.569 6.70436 -0.706024 
v -309.943 6.85933 -0.706024 
v -309.943 6.73491 -0.888662 
v -310.229 6.61638 -0.888662 
v -310.317 6.70436 -0.706024 
v -310.111 6.68127 -4.10109 
v -310.033 6.68127 -4.10109 
v -310.111 6.65033 -4.07015 
v -310.033 6.65033 -4.07015 
v -310.111 6.639 -4.02788 
v -310.033 6.639 -4.02788 
v -310.033 6.65033 -3.98562 
v -310.111 6.65033 -3.98562 
v -310.033 6.68127 -3.95468 
v -310.111 6.68127 -3.95468 
v -310.111 6.68127 -3.71269 
v -310.033 6.68127 -3.71269 
v -310.111 6.65033 -3.68175 
v -310.033 6.65033 -3.68175 
v -310.111 6.639 -3.63948 
v -310.033 6.639 -3.63948 
v -310.033 6.65033 -3.59722 
v -310.111 6.65033 -3.59722 
v -310.033 6.68127 -3.56628 
v -310.111 6.68127 -3.56628 
v -309.852 6.68127 -3.71269 
v -309.775 6.68127 -3.71269 
v -309.852 6.65033 -3.68175 
v -309.775 6.65033 -3.68175 
v -309.852 6.639 -3.63948 
v -309.775 6.639 -3.63948 
v -309.852 6.65033 -3.59722 
v -309.775 6.65033 -3.59722 
v -309.852 6.68127 -3.56628 
v -309.775 6.68127 -3.56628 
v -310.56 6.33023 6.09787 
v -310.233 6.61981 4.09347 
v -310.353 6.33023 4.09347 
v -310.38 6.76672 6.09787 
v -309.943 6.94752 6.09787 
v -309.943 6.73976 4.09347 
v -309.653 6.61981 4.09347 
v -309.507 6.76672 6.09787 
v -309.534 6.33023 4.09347 
v -309.943 7.09711 6.25276 
v -309.401 6.87249 6.25276 
v -309.507 6.76672 6.09787 
v -309.943 6.94752 6.09787 
v -310.38 6.76672 6.09787 
v -310.485 6.8725 6.25276 
v -309.401 6.8725 6.58452 
v -309.401 6.87249 6.25276 
v -309.943 7.09711 6.58452 
v -309.943 7.09711 6.25276 
v -310.485 6.8725 6.58452 
v -310.485 6.8725 6.25276 
v -310.485 6.8725 6.58452 
v -309.943 7.09711 6.58452 
v -309.604 6.66927 6.58452 
v -310.282 6.66927 6.58452 
v -310.71 6.33023 6.58452 
v -309.464 6.33023 6.58452 
v -309.604 5.99119 6.58452 
v -309.943 5.56335 6.58452 
v -310.485 5.78796 6.58452 
v -309.943 5.92966 4.84245 
v -309.66 6.04698 4.84245 
v -309.604 5.99119 6.58452 
v -309.464 6.33023 6.58452 
v -309.542 6.33023 4.84245 
v -309.66 6.61347 4.84245 
v -309.604 6.66927 6.58452 
v -309.943 6.05781 -4.42847 
v -310.215 6.33023 -4.42847 
v -310.136 6.1376 -4.42847 
v -310.033 6.61695 -4.289 
v -310.111 6.44729 -4.289 
v -310.111 6.80898 -4.289 
v -310.033 6.80898 -4.289 
v -310.016 7.44171 -4.24443 
v -309.943 6.73491 -2.94909 
v -309.943 6.60265 -3.32807 
v -310.136 6.52286 -3.32807 
v -310.229 6.61638 -2.94909 
v -310.348 6.33023 -2.94909 
v -310.215 6.33023 -3.32807 
v -309.943 6.05781 -3.32807 
v -310.136 6.1376 -3.32807 
v -310.229 6.04408 -2.94909 
v -310.348 6.33023 -2.94909 
v -310.215 6.33023 -3.32807 
v -310.118 6.73549 0.57218 
v -310.118 7.05406 0.57218 
v -310.063 6.84729 0.547042 
v -310.07 5.86508 0.310586 
v -310.054 5.76108 0.273868 
v -310.092 5.81252 -2.62105 
v -310.092 6.03934 -2.62105 
v -310.092 5.65228 -2.3497 
v -310.092 4.93885 -2.3497 
v -309.794 4.85958 -2.22047 
v -310.092 4.85958 -2.22047 
v -310.118 7.05406 0.302236 
v -310.118 7.05406 -0.0717437 
v -310.118 7.05406 -0.27589 
v -310.111 6.87743 -3.40441 
v -310.033 6.87743 -3.40441 
v -310.07 5.86508 0.310586 
v -310.07 5.86508 -0.249006 
v -310.054 5.76108 0.273868 
v -310.054 5.76108 -0.212288 
v -310.174 6.83614 -0.0717437 
v -310.174 6.83614 0.302236 
v -310.171 7.05406 0.302236 
v -310.171 7.05406 -0.0717437 
v -309.775 6.44729 -3.40441 
v -310.111 6.87743 -3.40441 
v -310.111 6.72353 -3.55495 
v -310.111 6.44729 -3.40441 
v -310.111 6.7658 -3.56628 
v -310.111 6.79674 -3.59722 
v -310.111 6.80806 -3.63948 
v -310.111 6.68127 -3.56628 
v -310.111 6.65033 -3.59722 
v -310.111 6.639 -3.63948 
v -310.111 6.65033 -3.68175 
v -310.111 6.65033 -3.98562 
v -310.111 6.68127 -3.71269 
v -310.111 6.44729 -4.289 
v -310.111 6.68127 -3.95468 
v -310.111 6.72353 -3.72401 
v -310.111 6.72353 -3.94335 
v -310.111 6.639 -4.02788 
v -310.111 6.65033 -4.07015 
v -310.111 6.68127 -4.10109 
v -310.111 6.80898 -4.289 
v -310.111 6.72353 -4.11241 
v -310.111 6.7658 -4.10109 
v -310.111 6.79674 -4.07015 
v -310.111 6.80806 -4.02788 
v -310.111 6.80898 -4.289 
v -310.111 6.79674 -4.07015 
v -310.111 6.87743 -3.40441 
v -310.111 6.80806 -3.63948 
v -310.111 6.79674 -3.98562 
v -310.111 6.79674 -3.68175 
v -310.111 6.7658 -3.71269 
v -310.111 6.7658 -3.95468 
v -310.111 6.72353 -3.72401 
v -310.111 6.72353 -3.94335 
v -309.768 6.73549 -0.27589 
v -310.118 7.05406 0.57218 
v -310.118 6.83614 0.302236 
v -310.118 6.83614 0.57218 
v -310.118 7.05406 0.302236 
v -310.118 6.7355 0.302236 
v -310.118 6.73549 0.57218 
v -310.118 6.83614 -0.0717437 
v -310.118 6.73549 -0.0717437 
v -310.118 6.73549 -0.27589 
v -310.118 6.83614 -0.27589 
v -310.118 7.05406 -0.0717437 
v -310.118 7.05406 -0.27589 
v -310.092 6.03934 -1.27008 
v -310.092 6.03934 -2.62105 
v -310.092 5.81252 -1.27008 
v -310.092 5.81252 -2.62105 
v -310.092 5.65228 -1.54144 
v -310.092 5.65228 -2.3497 
v -310.092 5.81252 -1.27008 
v -310.092 4.93885 -2.3497 
v -310.092 4.93885 -1.54144 
v -310.092 5.65228 -2.3497 
v -310.092 4.85958 -1.67067 
v -310.092 4.93885 -1.54144 
v -310.092 4.85958 -2.22047 
v -309.794 4.85958 -1.67067 
v -309.945 7.27668 -4.19973 
v -309.964 7.17256 -4.22606 
v -309.964 7.17256 -4.16906 
v -309.945 7.27668 -4.19539 
v -310.063 6.84729 0.547042 
v -310.063 7.18514 0.547042 
v -310.063 6.84729 0.429968 
v -310.063 7.18514 0.429968 
v -310.063 7.18514 -4.13957 
v -310.063 6.61021 -4.25665 
v -310.063 6.61021 -4.13957 
v -310.063 7.18514 -4.25665 
v -310.056 7.17771 0.534938 
v -310.056 7.48954 0.534938 
v -310.056 7.17771 0.442072 
v -310.056 7.48954 0.442072 
v -310.056 7.48954 -4.15156 
v -310.056 7.17771 -4.24443 
v -310.056 7.17771 -4.15156 
v -310.056 7.48954 -4.24443 
v -309.918 7.294 0.491588 
v -309.918 7.29703 0.491588 
v -309.918 7.294 0.487484 
v -309.918 7.29703 0.487484 
v -309.87 7.44171 0.442072 
v -309.87 7.17771 0.442072 
v -309.87 7.17771 0.534938 
v -309.87 7.44171 0.534938 
v -310.016 7.44171 -4.15156 
v -309.87 7.44171 -4.24443 
v -309.87 7.17771 -4.24443 
v -309.87 7.17771 -4.15156 
v -309.87 7.44171 -4.15156 
v -309.852 6.61695 -3.40441 
v -309.852 6.72353 -3.55495 
v -309.852 6.68127 -3.56628 
v -309.852 6.65033 -3.59722 
v -309.852 6.87743 -3.40441 
v -309.852 6.7658 -3.56628 
v -309.852 6.79674 -3.59722 
v -309.852 6.80806 -3.63948 
v -309.852 6.80806 -4.02788 
v -309.852 6.80898 -4.289 
v -309.852 6.79674 -4.07015 
v -309.852 6.79674 -3.98562 
v -309.852 6.79674 -3.68175 
v -309.852 6.7658 -3.71269 
v -309.852 6.7658 -3.95468 
v -309.852 6.72564 -3.94392 
v -309.852 6.72353 -3.72401 
v -309.852 6.65033 -3.98562 
v -309.852 6.68127 -3.71269 
v -309.852 6.68127 -3.95468 
v -309.852 6.72353 -3.72401 
v -309.852 6.72353 -3.94335 
v -309.852 6.72564 -3.94392 
v -309.852 6.65033 -3.68175 
v -309.852 6.639 -3.63948 
v -309.852 6.639 -4.02788 
v -309.852 6.61695 -3.40441 
v -309.852 6.65033 -3.59722 
v -309.852 6.61695 -4.289 
v -309.852 6.65033 -4.07015 
v -309.852 6.68127 -4.10109 
v -309.852 6.72353 -4.11241 
v -309.852 6.80898 -4.289 
v -309.852 6.7658 -4.10109 
v -309.852 6.79674 -4.07015 
v -310.033 6.68127 -3.56628 
v -309.841 6.87187 -0.27589 
v -309.841 6.87187 -0.0713357 
v -309.841 7.05406 -0.27589 
v -309.841 7.05406 -0.0713357 
v -309.841 6.87187 0.301858 
v -309.841 6.87187 0.57218 
v -309.841 7.05406 0.301858 
v -309.841 7.05406 0.57218 
v -309.791 7.05406 0.301858 
v -309.791 7.05406 -0.0713357 
v -309.791 6.87187 0.301858 
v -309.791 6.87187 -0.0713357 
v -310.136 6.52286 -3.32807 
v -310.136 6.52286 -4.42847 
v -310.215 6.33023 -3.32807 
v -310.215 6.33023 -4.42847 
v -310.136 6.1376 -4.42847 
v -310.136 6.1376 -3.32807 
v -310.215 6.33023 -4.42847 
v -310.215 6.33023 -3.32807 
v -310.317 6.70436 0.974252 
v -310.317 6.70436 -0.706024 
v -310.472 6.33023 0.974252 
v -310.472 6.33023 -0.706024 
v -309.943 5.80113 -0.706024 
v -310.317 5.9561 -0.706024 
v -310.317 5.9561 0.974252 
v -310.472 6.33023 -0.706024 
v -310.472 6.33023 0.974252 
v -310.229 6.04408 -2.94909 
v -310.229 6.04408 -0.888662 
v -310.348 6.33023 -0.888662 
v -310.348 6.33023 -2.94909 
v -309.943 5.92555 -0.888662 
v -310.229 6.61638 -2.94909 
v -310.229 6.61638 -0.888662 
v -310.348 6.33023 -2.94909 
v -310.348 6.33023 -0.888662 
v -310.229 6.04408 -0.888662 
v -310.317 5.9561 -0.706024 
v -310.472 6.33023 -0.706024 
v -310.348 6.33023 -0.888662 
v -310.229 6.61638 -0.888662 
v -310.317 6.70436 -0.706024 
v -310.472 6.33023 -0.706024 
v -310.348 6.33023 -0.888662 
v -310.56 6.33023 6.09787 
v -310.233 6.61981 4.09347 
v -310.353 6.33023 4.09347 
v -310.38 6.76672 6.09787 
v -309.943 6.94752 6.09787 
v -309.943 6.73976 4.09347 
v -309.943 5.9207 4.09347 
v -310.233 6.04065 4.09347 
v -310.38 5.89374 6.09787 
v -310.56 6.33023 6.09787 
v -310.353 6.33023 4.09347 
v -309.943 7.09711 6.25276 
v -310.38 6.76672 6.09787 
v -310.485 6.8725 6.25276 
v -310.71 6.33023 6.25276 
v -310.56 6.33023 6.09787 
v -310.38 5.89374 6.09787 
v -310.485 5.78796 6.25276 
v -310.71 6.33023 6.25276 
v -310.56 6.33023 6.09787 
v -310.485 6.8725 6.58452 
v -310.485 6.8725 6.25276 
v -310.71 6.33023 6.58452 
v -310.71 6.33023 6.25276 
v -310.485 5.78796 6.25276 
v -310.485 5.78796 6.58452 
v -310.71 6.33023 6.25276 
v -310.71 6.33023 6.58452 
v -310.485 6.8725 6.58452 
v -310.71 6.33023 6.58452 
v -309.943 5.56335 6.58452 
v -310.485 5.78796 6.58452 
v -309.671 6.33023 -4.42847 
v -309.943 6.05781 -4.42847 
v -310.215 6.33023 -4.42847 
v -310.136 6.1376 -4.42847 
v -309.75 6.1376 -4.42847 
v -309.943 6.60265 -4.42847 
v -309.75 6.52286 -4.42847 
v -310.136 6.52286 -4.42847 
v -309.775 6.44729 -4.289 
v -310.033 6.61695 -4.289 
v -309.852 6.61695 -4.289 
v -309.775 6.80898 -4.289 
v -309.852 6.80898 -4.289 
v -310.111 6.44729 -4.289 
v -310.111 6.80898 -4.289 
v -310.033 6.80898 -4.289 
v -309.922 7.17256 -4.22606 
v -309.945 7.27668 -4.19973 
v -309.941 7.27668 -4.19973 
v -309.964 7.17256 -4.22606 
v -310.063 6.61021 -4.25665 
v -310.063 7.18514 -4.25665 
v -309.823 6.61021 -4.25665 
v -309.823 7.18514 -4.25665 
v -309.83 7.17771 -4.24443 
v -309.87 7.44171 -4.24443 
v -309.83 7.48954 -4.24443 
v -309.87 7.17771 -4.24443 
v -310.016 7.44171 -4.24443 
v -310.056 7.48954 -4.24443 
v -310.056 7.17771 -4.24443 
v -310.016 7.17771 -4.24443 
v -309.768 7.05406 0.57218 
v -310.045 6.87187 0.57218 
v -309.823 7.18514 0.547042 
v -309.862 7.30823 0.506728 
v -309.794 6.03934 -2.62105 
v -309.794 5.81252 -2.62105 
v -310.092 5.81252 -2.62105 
v -310.092 6.03934 -2.62105 
v -310.092 5.65228 -2.3497 
v -309.794 5.65228 -2.3497 
v -309.794 4.93885 -2.3497 
v -310.092 4.93885 -2.3497 
v -310.024 7.30823 0.472344 
v -309.823 7.18514 -4.13957 
v -309.768 7.05406 -0.27589 
v -310.118 7.05406 -0.27589 
v -310.07 5.86508 -0.249006 
v -309.816 5.86508 -0.249006 
v -309.833 5.76108 -0.212288 
v -310.045 6.87187 -0.27589 
v -309.775 6.72353 -3.94335 
v -309.775 6.80806 -3.63948 
v -309.775 6.80806 -4.02788 
v -309.775 6.639 -3.63948 
v -310.111 6.80806 -3.63948 
v -310.111 6.639 -3.63948 
v -310.111 6.68127 -3.95468 
v -310.111 6.80806 -4.02788 
v -309.768 6.73549 -0.27589 
v -310.118 6.73549 -0.27589 
v -309.823 6.84729 0.429968 
v -310.063 6.84729 0.429968 
v -309.823 6.61021 -4.13957 
v -309.968 7.294 0.487484 
v -309.852 6.80806 -3.63948 
v -309.852 6.80806 -4.02788 
v -309.852 6.68127 -3.95468 
v -309.852 6.639 -3.63948 
v -309.569 6.70436 -0.706024 
v -310.472 6.33023 -0.706024 
v -309.569 5.9561 -0.706024 
v -309.943 5.80113 -0.706024 
v -309.852 6.68127 -3.95468 
v -309.775 6.68127 -3.95468 
v -309.852 6.72353 -3.94335 
v -309.775 6.72353 -3.94335 
v -309.852 6.72564 -3.94392 
v -309.775 6.7658 -3.95468 
v -309.852 6.7658 -3.95468 
v -309.943 5.92555 -0.888662 
v -309.833 5.76108 -0.212288 
v -310.07 5.86508 -0.249006 
v -309.816 5.86508 -0.249006 
v -310.054 5.76108 -0.212288 
v -310.045 6.87187 -0.27589 
v -309.841 6.87187 -0.27589 
v -309.768 6.73549 -0.27589 
v -309.768 6.83614 -0.27589 
v -309.768 7.05406 -0.27589 
v -309.841 7.05406 -0.27589 
v -310.118 6.73549 -0.27589 
v -310.118 6.83614 -0.27589 
v -310.118 7.05406 -0.27589 
v -310.045 7.05406 -0.27589 
v -309.715 7.05406 -0.0717437 
v -309.768 6.83614 -0.0717437 
v -309.768 7.05406 -0.0717437 
v -309.712 6.83614 -0.0717437 
v -310.118 6.83614 -0.0717437 
v -310.171 7.05406 -0.0717437 
v -310.118 7.05406 -0.0717437 
v -310.174 6.83614 -0.0717437 
v -309.791 7.05406 0.301858 
v -309.791 6.87187 0.301858 
v -309.841 6.87187 0.301858 
v -309.841 7.05406 0.301858 
v -310.045 6.87187 0.301858 
v -310.096 7.05406 0.301858 
v -310.045 7.05406 0.301858 
v -310.096 6.87187 0.301858 
v -309.823 7.18514 0.429968 
v -309.823 6.84729 0.429968 
v -310.063 7.18514 0.429968 
v -310.063 6.84729 0.429968 
v -310.024 7.2828 0.472344 
v -309.968 7.29703 0.487484 
v -309.968 7.294 0.487484 
v -310.024 7.30823 0.472344 
v -309.862 7.2828 0.472344 
v -309.918 7.29703 0.487484 
v -309.862 7.30823 0.472344 
v -309.918 7.294 0.487484 
v -309.83 7.17771 0.442072 
v -309.87 7.44171 0.442072 
v -309.83 7.48954 0.442072 
v -309.87 7.17771 0.442072 
v -310.016 7.44171 0.442072 
v -310.056 7.48954 0.442072 
v -310.056 7.17771 0.442072 
v -310.016 7.17771 0.442072 
v -310.033 6.68127 -3.95468 
v -310.111 6.68127 -3.95468 
v -310.033 6.72353 -3.94335 
v -310.111 6.72353 -3.94335 
v -310.111 6.7658 -3.95468 
v -310.033 6.7658 -3.95468 
v -310.033 6.68127 -3.56628 
v -310.111 6.68127 -3.56628 
v -310.033 6.72353 -3.55495 
v -310.111 6.72353 -3.55495 
v -310.033 6.7658 -3.56628 
v -310.111 6.7658 -3.56628 
v -309.852 6.68127 -3.56628 
v -309.775 6.68127 -3.56628 
v -309.852 6.72353 -3.55495 
v -309.775 6.72353 -3.55495 
v -309.852 6.7658 -3.56628 
v -309.775 6.7658 -3.56628 
v -309.943 6.8097 6.58452 
v -309.604 6.66927 6.58452 
v -310.282 6.66927 6.58452 
v -310.71 6.33023 6.58452 
v -309.464 6.33023 6.58452 
v -309.401 5.78796 6.58452 
v -309.604 5.99119 6.58452 
v -309.943 5.56335 6.58452 
v -310.485 5.78796 6.58452 
v -310.344 6.33023 4.84245 
v -310.226 6.61347 4.84245 
v -309.542 6.33023 4.84245 
v -309.66 6.61347 4.84245 
v -309.604 6.66927 6.58452 
v -310.282 6.66927 6.58452 
v -309.943 6.8097 6.58452 
v -309.943 6.7308 4.84245 
v -309.671 6.33023 -4.42847 
v -309.943 6.05781 -4.42847 
v -310.215 6.33023 -4.42847 
v -310.136 6.1376 -4.42847 
v -309.75 6.1376 -4.42847 
v -310.033 6.61695 -4.289 
v -309.852 6.61695 -4.289 
v -310.033 6.80898 -4.289 
v -309.87 7.44171 -4.24443 
v -310.016 7.44171 -4.24443 
v -309.538 6.33023 -2.94909 
v -309.943 6.60265 -3.32807 
v -309.671 6.33023 -3.32807 
v -309.75 6.1376 -3.32807 
v -310.348 6.33023 -2.94909 
v -309.657 6.04408 -2.94909 
v -309.943 5.92555 -2.94909 
v -309.943 6.05781 -3.32807 
v -310.136 6.1376 -3.32807 
v -310.229 6.04408 -2.94909 
v -310.07 5.86508 0.310586 
v -309.833 5.76108 0.273868 
v -309.794 5.81252 -2.62105 
v -310.092 5.81252 -2.62105 
v -310.092 5.65228 -2.3497 
v -309.794 5.65228 -2.3497 
v -309.794 4.93885 -2.3497 
v -310.092 4.93885 -2.3497 
v -309.794 4.85958 -2.22047 
v -310.092 4.85958 -2.22047 
v -310.033 6.87743 -3.40441 
v -310.07 5.86508 -0.249006 
v -309.833 5.76108 -0.212288 
v -309.775 6.72353 -3.94335 
v -309.775 6.80806 -4.02788 
v -309.775 6.44729 -3.40441 
v -310.111 6.72353 -3.94335 
v -310.111 6.72353 -4.11241 
v -310.111 6.80806 -4.02788 
v -309.768 6.73549 -0.27589 
v -310.092 5.81252 -1.27008 
v -310.092 5.65228 -1.54144 
v -309.794 5.81252 -1.27008 
v -309.794 5.65228 -1.54144 
v -309.794 5.81252 -1.27008 
v -310.092 5.81252 -1.27008 
v -309.794 5.65228 -1.54144 
v -310.092 5.65228 -1.54144 
v -310.092 4.93885 -1.54144 
v -309.794 4.93885 -1.54144 
v -310.092 4.85958 -1.67067 
v -309.794 4.85958 -1.67067 
v -310.016 7.44171 -4.15156 
v -309.87 7.44171 -4.15156 
v -309.852 6.72353 -3.55495 
v -309.852 6.80806 -3.63948 
v -309.852 6.80806 -4.02788 
v -309.852 6.68127 -3.95468 
v -309.852 6.639 -3.63948 
v -310.033 6.68127 -3.56628 
v -309.712 6.83614 0.302236 
v -309.768 6.83614 -0.0717437 
v -309.712 6.83614 -0.0717437 
v -309.768 6.83614 0.302236 
v -310.174 6.83614 0.302236 
v -310.174 6.83614 -0.0717437 
v -310.118 6.83614 0.302236 
v -310.118 6.83614 -0.0717437 
v -309.75 6.1376 -4.42847 
v -309.75 6.1376 -3.32807 
v -309.943 6.05781 -4.42847 
v -309.943 6.05781 -3.32807 
v -310.136 6.1376 -4.42847 
v -310.136 6.1376 -3.32807 
v -310.472 6.33023 0.974252 
v -310.472 6.33023 -0.706024 
v -309.569 5.9561 -0.706024 
v -309.569 5.9561 0.974252 
v -309.943 5.80113 -0.706024 
v -309.943 5.80113 0.974252 
v -310.317 5.9561 -0.706024 
v -310.317 5.9561 0.974252 
v -309.775 6.80806 -4.02788 
v -309.852 6.79674 -4.07015 
v -309.775 6.79674 -4.07015 
v -309.852 6.80806 -4.02788 
v -309.852 6.7658 -4.10109 
v -309.775 6.7658 -4.10109 
v -309.775 6.7658 -3.95468 
v -309.852 6.7658 -3.95468 
v -309.852 6.79674 -3.98562 
v -309.775 6.79674 -3.98562 
v -309.852 6.80806 -4.02788 
v -309.775 6.80806 -4.02788 
v -310.229 6.04408 -2.94909 
v -310.229 6.04408 -0.888662 
v -310.348 6.33023 -0.888662 
v -309.943 5.92555 -2.94909 
v -309.943 5.92555 -0.888662 
v -309.657 6.04408 -2.94909 
v -309.657 6.04408 -0.888662 
v -309.943 5.80113 -0.706024 
v -310.229 6.04408 -0.888662 
v -309.943 5.92555 -0.888662 
v -309.657 6.04408 -0.888662 
v -310.317 5.9561 -0.706024 
v -309.569 5.9561 -0.706024 
v -310.024 7.2828 0.506728 
v -309.968 7.294 0.487484 
v -309.968 7.294 0.491588 
v -310.024 7.2828 0.472344 
v -309.862 7.2828 0.506728 
v -309.918 7.294 0.487484 
v -309.862 7.2828 0.472344 
v -309.918 7.294 0.491588 
v -309.87 7.44171 0.442072 
v -309.87 7.44171 0.534938 
v -310.016 7.44171 0.442072 
v -310.016 7.44171 0.534938 
v -309.87 7.44171 -4.24443 
v -309.87 7.44171 -4.15156 
v -310.016 7.44171 -4.24443 
v -310.016 7.44171 -4.15156 
v -310.111 6.79674 -4.07015 
v -310.033 6.79674 -4.07015 
v -310.033 6.80806 -4.02788 
v -310.111 6.80806 -4.02788 
v -310.111 6.7658 -4.10109 
v -310.033 6.7658 -4.10109 
v -310.111 6.7658 -3.95468 
v -310.033 6.7658 -3.95468 
v -310.033 6.79674 -3.98562 
v -310.111 6.79674 -3.98562 
v -310.033 6.80806 -4.02788 
v -310.111 6.80806 -4.02788 
v -310.033 6.80806 -3.63948 
v -310.111 6.79674 -3.68175 
v -310.033 6.79674 -3.68175 
v -310.111 6.80806 -3.63948 
v -310.111 6.7658 -3.71269 
v -310.033 6.7658 -3.71269 
v -310.033 6.7658 -3.56628 
v -310.111 6.7658 -3.56628 
v -310.111 6.79674 -3.59722 
v -310.033 6.79674 -3.59722 
v -310.033 6.80806 -3.63948 
v -310.111 6.80806 -3.63948 
v -309.775 6.80806 -3.63948 
v -309.852 6.79674 -3.68175 
v -309.775 6.79674 -3.68175 
v -309.852 6.80806 -3.63948 
v -309.852 6.7658 -3.71269 
v -309.775 6.7658 -3.71269 
v -309.852 6.7658 -3.56628 
v -309.775 6.7658 -3.56628 
v -309.852 6.79674 -3.59722 
v -309.775 6.79674 -3.59722 
v -309.775 6.80806 -3.63948 
v -309.852 6.80806 -3.63948 
v -310.56 6.33023 6.09787 
v -310.353 6.33023 4.09347 
v -309.534 6.33023 4.09347 
v -309.653 6.04065 4.09347 
v -309.507 5.89374 6.09787 
v -309.943 5.71294 6.09787 
v -309.943 5.9207 4.09347 
v -310.233 6.04065 4.09347 
v -310.38 5.89374 6.09787 
v -309.401 6.87249 6.25276 
v -309.507 5.89374 6.09787 
v -309.401 5.78796 6.25276 
v -309.943 5.56335 6.25276 
v -309.943 5.71294 6.09787 
v -310.38 5.89374 6.09787 
v -310.485 5.78796 6.25276 
v -309.401 5.78796 6.25276 
v -309.401 5.78796 6.58452 
v -309.943 5.56335 6.25276 
v -309.943 5.56335 6.58452 
v -310.485 5.78796 6.25276 
v -310.485 5.78796 6.58452 
v -310.282 6.66927 6.58452 
v -310.71 6.33023 6.58452 
v -310.423 6.33023 6.58452 
v -309.401 6.8725 6.58452 
v -309.464 6.33023 6.58452 
v -309.176 6.33023 6.58452 
v -309.401 5.78796 6.58452 
v -309.604 5.99119 6.58452 
v -309.943 5.56335 6.58452 
v -310.485 5.78796 6.58452 
v -310.282 5.99119 6.58452 
v -310.226 6.04698 4.84245 
v -310.282 5.99119 6.58452 
v -310.423 6.33023 6.58452 
v -310.344 6.33023 4.84245 
v -309.943 5.92966 4.84245 
v -310.226 6.61347 4.84245 
v -310.344 6.33023 4.84245 
v -310.423 6.33023 6.58452 
v -310.282 6.66927 6.58452 
v -309.943 6.7308 4.84245 
v -309.671 6.33023 -4.42847 
v -309.943 6.05781 -4.42847 
v -310.215 6.33023 -4.42847 
v -309.75 6.1376 -4.42847 
v -309.75 6.52286 -4.42847 
v -309.775 6.44729 -4.289 
v -310.033 6.61695 -4.289 
v -309.852 6.61695 -4.289 
v -309.775 6.80898 -4.289 
v -310.033 6.80898 -4.289 
v -309.87 7.44171 -4.24443 
v -309.75 6.52286 -3.32807 
v -309.943 6.73491 -2.94909 
v -309.657 6.61638 -2.94909 
v -309.538 6.33023 -2.94909 
v -309.943 6.60265 -3.32807 
v -309.671 6.33023 -3.32807 
v -309.75 6.1376 -3.32807 
v -309.657 6.04408 -2.94909 
v -309.943 6.05781 -3.32807 
v -309.768 6.73549 0.57218 
v -309.768 6.83614 0.57218 
v -309.768 7.05406 0.57218 
v -310.045 6.87187 0.57218 
v -310.118 7.05406 0.57218 
v -309.816 5.86508 0.310586 
v -309.833 5.76108 0.273868 
v -309.794 6.03934 -2.62105 
v -309.794 5.81252 -2.62105 
v -310.092 5.81252 -2.62105 
v -309.794 5.65228 -2.3497 
v -309.794 4.93885 -2.3497 
v -310.092 4.93885 -2.3497 
v -309.794 4.85958 -2.22047 
v -309.768 7.05406 0.302236 
v -310.118 7.05406 0.302236 
v -310.045 6.87187 -0.0713357 
v -309.768 7.05406 -0.27589 
v -309.768 7.05406 -0.0717437 
v -310.118 7.05406 -0.0717437 
v -310.118 7.05406 -0.27589 
v -309.775 6.87743 -3.40441 
v -310.033 6.87743 -3.40441 
v -309.816 5.86508 -0.249006 
v -309.833 5.76108 0.273868 
v -309.833 5.76108 -0.212288 
v -309.816 5.86508 0.310586 
v -309.712 6.83614 0.302236 
v -309.715 7.05406 -0.0717437 
v -309.715 7.05406 0.302236 
v -309.712 6.83614 -0.0717437 
v -310.045 6.87187 -0.27589 
v -310.045 6.87187 0.301858 
v -309.775 6.79674 -3.98562 
v -309.775 6.7658 -3.71269 
v -309.775 6.7658 -3.95468 
v -309.775 6.72353 -3.72401 
v -309.775 6.72353 -3.94335 
v -309.775 6.79674 -3.68175 
v -309.775 6.80806 -3.63948 
v -309.775 6.80806 -4.02788 
v -309.775 6.87743 -3.40441 
v -309.775 6.80898 -4.289 
v -309.775 6.79674 -4.07015 
v -309.775 6.79674 -3.59722 
v -309.775 6.87743 -3.40441 
v -309.775 6.7658 -3.56628 
v -309.775 6.80806 -3.63948 
v -309.775 6.72353 -3.55495 
v -309.775 6.44729 -3.40441 
v -309.775 6.68127 -3.56628 
v -309.775 6.65033 -3.59722 
v -309.775 6.639 -3.63948 
v -309.775 6.65033 -3.68175 
v -309.775 6.65033 -3.98562 
v -309.775 6.68127 -3.71269 
v -309.775 6.44729 -4.289 
v -309.775 6.68127 -3.95468 
v -309.775 6.72353 -3.72401 
v -309.775 6.72353 -3.94335 
v -309.775 6.639 -4.02788 
v -309.775 6.65033 -4.07015 
v -309.775 6.68127 -4.10109 
v -309.775 6.80898 -4.289 
v -309.775 6.72353 -4.11241 
v -309.775 6.7658 -4.10109 
v -309.775 6.79674 -4.07015 
v -310.111 6.68127 -3.95468 
v -310.111 6.72353 -4.11241 
v -309.768 7.05406 -0.27589 
v -309.768 7.05406 -0.0717437 
v -309.768 6.83614 -0.0717437 
v -309.768 6.83614 -0.27589 
v -309.768 6.73549 -0.0717437 
v -309.768 6.73549 -0.27589 
v -309.768 6.7355 0.302236 
v -309.768 6.83614 0.302236 
v -309.768 6.83614 0.57218 
v -309.768 6.73549 0.57218 
v -309.768 7.05406 0.302236 
v -309.768 7.05406 0.57218 
v -310.092 5.65228 -1.54144 
v -309.794 6.03934 -1.27008 
v -309.794 5.81252 -2.62105 
v -309.794 6.03934 -2.62105 
v -309.794 5.81252 -1.27008 
v -309.794 5.65228 -1.54144 
v -309.794 5.81252 -1.27008 
v -309.794 5.65228 -2.3497 
v -309.794 4.93885 -1.54144 
v -309.794 5.65228 -2.3497 
v -309.794 4.93885 -2.3497 
v -309.794 4.85958 -1.67067 
v -309.794 4.85958 -2.22047 
v -309.794 4.93885 -1.54144 
v -309.922 7.17256 -4.16906 
v -309.941 7.27668 -4.19973 
v -309.941 7.27668 -4.19539 
v -309.922 7.17256 -4.22606 
v -309.823 7.18514 0.547042 
v -309.823 6.84729 0.547042 
v -309.823 7.18514 0.429968 
v -309.823 6.84729 0.429968 
v -309.823 7.18514 -4.13957 
v -309.823 6.61021 -4.13957 
v -309.823 7.18514 -4.25665 
v -309.823 6.61021 -4.25665 
v -309.83 7.48954 0.534938 
v -309.83 7.17771 0.534938 
v -309.83 7.48954 0.442072 
v -309.83 7.17771 0.442072 
v -309.83 7.48954 -4.15156 
v -309.83 7.17771 -4.15156 
v -309.83 7.48954 -4.24443 
v -309.83 7.17771 -4.24443 
v -309.968 7.29703 0.491588 
v -309.968 7.294 0.487484 
v -309.968 7.29703 0.487484 
v -309.968 7.294 0.491588 
v -310.016 7.17771 0.442072 
v -310.016 7.44171 0.442072 
v -310.016 7.44171 0.534938 
v -310.016 7.17771 0.534938 
v -310.016 7.17771 -4.24443 
v -310.016 7.44171 -4.24443 
v -310.016 7.44171 -4.15156 
v -310.016 7.17771 -4.15156 
v -309.87 7.44171 -4.15156 
v -309.852 6.72353 -3.55495 
v -309.852 6.65033 -3.59722 
v -309.852 6.80806 -3.63948 
v -309.852 6.80806 -4.02788 
v -309.852 6.68127 -3.95468 
v -309.852 6.639 -3.63948 
v -309.852 6.72353 -4.11241 
v -310.033 6.639 -3.63948 
v -310.033 6.65033 -3.98562 
v -310.033 6.65033 -3.68175 
v -310.033 6.68127 -3.71269 
v -310.033 6.68127 -3.95468 
v -310.033 6.72353 -3.72401 
v -310.033 6.72353 -3.94335 
v -310.033 6.639 -4.02788 
v -310.033 6.61695 -3.40441 
v -310.033 6.65033 -3.59722 
v -310.033 6.61695 -4.289 
v -310.033 6.65033 -4.07015 
v -310.033 6.68127 -4.10109 
v -310.033 6.72353 -4.11241 
v -310.033 6.80898 -4.289 
v -310.033 6.7658 -4.10109 
v -310.033 6.79674 -4.07015 
v -310.033 6.79674 -3.98562 
v -310.033 6.7658 -3.71269 
v -310.033 6.7658 -3.95468 
v -310.033 6.72353 -3.72401 
v -310.033 6.72353 -3.94335 
v -310.033 6.79674 -3.68175 
v -310.033 6.80806 -3.63948 
v -310.033 6.80806 -4.02788 
v -310.033 6.80898 -4.289 
v -310.033 6.79674 -4.07015 
v -310.033 6.87743 -3.40441 
v -310.033 6.79674 -3.59722 
v -310.033 6.7658 -3.56628 
v -310.033 6.72353 -3.55495 
v -310.033 6.61695 -3.40441 
v -310.033 6.68127 -3.56628 
v -310.033 6.65033 -3.59722 
v -310.045 7.05406 0.57218 
v -310.045 6.87187 0.301858 
v -310.045 7.05406 0.301858 
v -310.045 6.87187 0.57218 
v -310.045 7.05406 -0.0713357 
v -310.045 6.87187 -0.27589 
v -310.045 7.05406 -0.27589 
v -310.045 6.87187 -0.0713357 
v -310.096 7.05406 0.301858 
v -310.096 6.87187 -0.0713357 
v -310.096 7.05406 -0.0713357 
v -310.096 6.87187 0.301858 
v -309.671 6.33023 -3.32807 
v -309.671 6.33023 -4.42847 
v -309.75 6.52286 -3.32807 
v -309.75 6.52286 -4.42847 
v -309.75 6.1376 -4.42847 
v -309.75 6.1376 -3.32807 
v -309.569 6.70436 -0.706024 
v -309.569 6.70436 0.974252 
v -309.414 6.33023 -0.706024 
v -309.414 6.33023 0.974252 
v -309.569 5.9561 -0.706024 
v -309.569 5.9561 0.974252 
v -309.943 5.80113 -0.706024 
v -309.943 5.80113 0.974252 
v -309.943 5.92555 -0.888662 
v -309.657 6.04408 -2.94909 
v -309.657 6.04408 -0.888662 
v -309.538 6.33023 -2.94909 
v -309.538 6.33023 -0.888662 
v -309.657 6.61638 -2.94909 
v -309.657 6.61638 -0.888662 
v -309.657 6.04408 -0.888662 
v -309.569 5.9561 -0.706024 
v -309.414 6.33023 -0.706024 
v -309.538 6.33023 -0.888662 
v -309.657 6.61638 -0.888662 
v -309.569 6.70436 -0.706024 
v -309.653 6.61981 4.09347 
v -309.507 6.76672 6.09787 
v -309.326 6.33023 6.09787 
v -309.534 6.33023 4.09347 
v -309.653 6.04065 4.09347 
v -309.507 5.89374 6.09787 
v -309.943 5.9207 4.09347 
v -309.401 6.87249 6.25276 
v -309.507 6.76672 6.09787 
v -309.176 6.33023 6.25276 
v -309.326 6.33023 6.09787 
v -309.507 5.89374 6.09787 
v -309.401 5.78796 6.25276 
v -309.401 6.8725 6.58452 
v -309.401 6.87249 6.25276 
v -309.176 6.33023 6.58452 
v -309.176 6.33023 6.25276 
v -309.401 5.78796 6.25276 
v -309.401 5.78796 6.58452 

vn 0 0 1 
vn 0 0 1 
vn 0 0 1 
vn 0 0 1 
vn 0 0 1 
vn 0 0 1 
vn 0 0 1 
vn 0 0 1 
vn 0 0 1 
vn 0 0 1 
vn 0 0 1 
vn 0 0 1 
vn 0 0 1 
vn 0 0 1 
vn 0 0 1 
vn 0 0 1 
vn 0 0 1 
vn 0 0 1 
vn 0.535433 0.535433 0.645669 
vn 0.76378 0 0.645669 
vn 0 0.76378 0.645669 
vn -0.535433 0.535433 0.645669 
vn 0.535433 -0.535433 0.645669 
vn 0.76378 0 0.645669 
vn -0.76378 0 0.645669 
vn -0.535433 -0.535433 0.645669 
vn 0 -0.76378 0.645669 
vn 0 0 -1 
vn 0 0.244094 -0.968504 
vn 0.669291 0.669291 -0.330709 
vn 0 0.944882 -0.330709 
vn 0.944882 0 -0.330709 
vn -0.669291 0.669291 -0.330709 
vn -0.944882 0 -0.330709 
vn 0 0 1 
vn 0 0 1 
vn 0 0 1 
vn 0 0 1 
vn 0 0 1 
vn 0 0 1 
vn 0 0 1 
vn 0 0 1 
vn 0 0 1 
vn 0 0 1 
vn 0 0 1 
vn 0 0 1 
vn 0 0 1 
vn 0 0 1 
vn 0 0 1 
vn 0 0 1 
vn 0 0 1 
vn 0 0 1 
vn 0 0 1 
vn 0 0 1 
vn 0 0 1 
vn 0 0 1 
vn 0 -0.330709 0.944882 
vn 0 -0.330709 0.944882 
vn 0 -0.330709 0.944882 
vn 0 -0.330709 0.944882 
vn 0.259843 0 0.968504 
vn 0.259843 0 0.968504 
vn 0.259843 0 0.968504 
vn 0.259843 0 0.968504 
vn -0.259843 0 0.968504 
vn -0.259843 0 0.968504 
vn -0.259843 0 0.968504 
vn -0.259843 0 0.968504 
vn 0 0 1 
vn 0 0 1 
vn 0 0 1 
vn 0 0 1 
vn 0 0 1 
vn 0 0 1 
vn 0 0 1 
vn 0 0 1 
vn 0 0 1 
vn 0 0 1 
vn 0 0 1 
vn 0 0 1 
vn 0 0 1 
vn 0 0 1 
vn 0 0 1 
vn 0 0 1 
vn 0 0 1 
vn 0 0 1 
vn 0 0 1 
vn 0 0 1 
vn 0.19685 0.984252 0 
vn 0 1 0 
vn 0 1 -0.0787402 
vn 0 1 -0.0787402 
vn 0 1 -0.0787402 
vn 1 0 0 
vn 1 0 0 
vn 1 0 0 
vn 1 0 0 
vn -1 0 0 
vn -1 0 0 
vn -1 0 0 
vn -1 0 0 
vn -1 0 0 
vn -1 0 0 
vn -1 0 0 
vn 1 0 0 
vn 1 0 0 
vn 1 0 0 
vn 1 0 0 
vn 0 0 1 
vn 0 0 1 
vn 0 -0.496063 0.866142 
vn 0 -0.496063 0.866142 
vn 0 -0.496063 0.866142 
vn 0 -0.496063 0.866142 
vn 0 -0.488189 0.874016 
vn 0 -0.488189 0.874016 
vn 1 0 0 
vn -1 0 0 
vn 1 0 0 
vn 1 0 0 
vn 1 0 0 
vn -1 0 0 
vn -1 0 0 
vn -1 0 0 
vn -1 0 0 
vn 1 0 0 
vn 0 -0.496063 0.866142 
vn 0 -0.496063 0.866142 
vn 0 0 1 
vn 0 0 1 
vn 0 0.496063 0.866142 
vn 0 0.496063 0.866142 
vn 0 -0.496063 0.866142 
vn 0 -0.496063 0.866142 
vn 0 0 1 
vn 0 0 1 
vn 0 0.496063 0.866142 
vn 0 0.496063 0.866142 
vn 0 0 1 
vn 0 0 1 
vn 0 0 1 
vn 0 0 1 
vn 0 0 1 
vn 0 0 1 
vn 0 0 1 
vn 0 0 1 
vn 0 -0.496063 0.866142 
vn 0 -0.496063 0.866142 
vn 0 0 1 
vn 0 0 1 
vn 0 0.496063 0.866142 
vn 0 0.496063 0.866142 
vn 0 -0.496063 0.866142 
vn 0 -0.496063 0.866142 
vn 0 0 1 
vn 0 0 1 
vn 0 0.496063 0.866142 
vn 0 0.496063 0.866142 
vn 0 0.244094 0.968504 
vn 0 0.244094 0.968504 
vn 0 0.244094 0.968504 
vn 0 0.244094 0.968504 
vn 0 0 1 
vn 0 0 1 
vn 0 0 1 
vn 0 0 1 
vn 0 0 1 
vn 0 0 1 
vn 0 0 1 
vn 0 0 1 
vn 0 0 1 
vn 0 0 1 
vn 0 0 1 
vn 0 0 1 
vn 0 0 1 
vn 0 0 1 
vn 0 0 1 
vn 0 0 1 
vn 0 0 1 
vn 0 0 1 
vn 0 0 1 
vn 0 0 1 
vn 0 0 1 
vn 0 0 1 
vn 0 1 0.0472441 
vn 0.535433 0.535433 0.645669 
vn 0.708661 0.708661 0.0472441 
vn 0.76378 0 0.645669 
vn 0 0.76378 0.645669 
vn -0.535433 0.535433 0.645669 
vn -0.708661 0.708661 0.0472441 
vn -0.76378 0 0.645669 
vn 0 0 -1 
vn 0 0 -1 
vn 0 0 -1 
vn 0 0 -1 
vn 0 0 -1 
vn 0 0 -1 
vn 0 0 -1 
vn 0 0 -1 
vn 0 0 -1 
vn 0 0 -1 
vn 0 0 -1 
vn 0 0 -1 
vn 0.669291 0.669291 -0.330709 
vn 0 0.944882 -0.330709 
vn 0.669291 0.669291 -0.330709 
vn 0 0.944882 -0.330709 
vn 0.944882 0 -0.330709 
vn -0.669291 0.669291 -0.330709 
vn -0.669291 0.669291 -0.330709 
vn -0.944882 0 -0.330709 
vn 0 0 1 
vn 0 0 1 
vn 0 0 1 
vn 0 0 1 
vn 0 0 1 
vn 0 0 1 
vn 0 0 1 
vn 0 0 1 
vn 0 1 0 
vn 0 1 0 
vn 0 1 0 
vn 0 1 0 
vn 0 1 0 
vn 0 1 0 
vn 0 1 0 
vn 0 1 0 
vn 0.19685 0.984252 0 
vn 0.19685 0.984252 0 
vn 0.19685 0.984252 0 
vn 0.19685 0.984252 0 
vn -0.19685 0.984252 0 
vn -0.19685 0.984252 0 
vn -0.19685 0.984252 0 
vn -0.19685 0.984252 0 
vn 0 1 0 
vn 0 1 0 
vn 0 1 0 
vn 0 1 0 
vn 0 1 0 
vn 0 1 0 
vn 0 1 0 
vn 0 1 0 
vn 0 1 0 
vn 0 1 0 
vn 0 1 0 
vn 0 1 0 
vn 0 1 0 
vn 0 1 0 
vn 0 1 0 
vn 0 1 0 
vn 0 1 0 
vn 0 1 0 
vn 0 1 0 
vn 0 1 0 
vn 0 1 0 
vn 0 1 0 
vn 0 1 0 
vn 0 1 0 
vn 0 1 0 
vn 0 1 0 
vn 0 1 0 
vn 0 1 0 
vn 0 1 0 
vn 0 1 0 
vn 0 1 0 
vn 0 1 0 
vn 0 1 0 
vn 0 1 0 
vn 0 1 0 
vn 0 1 0 
vn 0 1 0 
vn 0 1 0 
vn 0 1 0 
vn 0 1 0 
vn 0 1 -0.0787402 
vn 0 1 -0.0787402 
vn 0 1 -0.0787402 
vn 0 1 -0.0787402 
vn 0 1 -0.0787402 
vn 0 1 -0.0787402 
vn 0 1 -0.0787402 
vn 0 1 -0.0787402 
vn 0 1 0 
vn 0 1 0 
vn 0 1 0 
vn 0 1 0 
vn 0 1 0 
vn 0 1 0 
vn 0 1 0 
vn 0 1 0 
vn 0 1 0 
vn 0 1 0 
vn 0 1 0 
vn 0 1 0 
vn 0 1 0 
vn 0 1 0 
vn 0 1 0 
vn 0 1 0 
vn 1 0 0 
vn 1 0 0 
vn -1 0 0 
vn -1 0 0 
vn 1 0 0 
vn 1 0 0 
vn -1 0 0 
vn 1 0 0 
vn 0 1 0 
vn 0 1 0 
vn 0 1 0 
vn 0 1 0 
vn 1 0 0 
vn -1 0 0 
vn -1 0 0 
vn -1 0 0 
vn -1 0 0 
vn -1 0 0 
vn -1 0 0 
vn -1 0 0 
vn 1 0 0 
vn 0.708661 0.708661 0 
vn 0.708661 0.708661 0 
vn 0 1 0 
vn 0 1 0 
vn -0.708661 0.708661 0 
vn -0.708661 0.708661 0 
vn 0 1 0 
vn 0 1 0 
vn 0.708661 0.708661 0 
vn 0.708661 0.708661 0 
vn -0.708661 0.708661 0 
vn -0.708661 0.708661 0 
vn -1 0 0 
vn -1 0 0 
vn 1 0 0 
vn 0 0.496063 0.866142 
vn 0 0.496063 0.866142 
vn 0 0.866142 0.496063 
vn 0 0.866142 0.496063 
vn 0 1 0 
vn 0 1 0 
vn 0 0.866142 -0.496063 
vn 0 0.866142 -0.496063 
vn 0 0.496063 -0.866142 
vn 0 0.496063 -0.866142 
vn 0.708661 0.708661 0 
vn 0.708661 0.708661 0 
vn 0 1 0 
vn 0 1 0 
vn -0.708661 0.708661 0 
vn -0.708661 0.708661 0 
vn 0.582677 0.582677 -0.559055 
vn 0.582677 0.582677 -0.559055 
vn 0 0.826772 -0.566929 
vn 0 0.826772 -0.566929 
vn -0.582677 0.582677 -0.559055 
vn -0.582677 0.582677 -0.559055 
vn 0 0.496063 0.866142 
vn 0 0.496063 0.866142 
vn 0 0.866142 0.496063 
vn 0 0.866142 0.496063 
vn 0 1 0 
vn 0 1 0 
vn 0 0.866142 -0.496063 
vn 0 0.866142 -0.496063 
vn 0 0.496063 -0.866142 
vn 0 0.496063 -0.866142 
vn 0 0.496063 0.866142 
vn 0 0.496063 0.866142 
vn 0 0.866142 0.496063 
vn 0 0.866142 0.496063 
vn 0 1 0 
vn 0 1 0 
vn 0 0.866142 -0.496063 
vn 0 0.866142 -0.496063 
vn 0 0.496063 -0.866142 
vn 0 0.496063 -0.866142 
vn 0 0.496063 0.866142 
vn 0 0.496063 0.866142 
vn 0 0.866142 0.496063 
vn 0 0.866142 0.496063 
vn 0 1 0 
vn 0 1 0 
vn 0 0.866142 -0.496063 
vn 0 0.866142 -0.496063 
vn 0 0.496063 -0.866142 
vn 0 0.496063 -0.866142 
vn -0.992126 0 -0.102362 
vn -0.700787 0.700787 -0.102362 
vn -0.992126 0 -0.102362 
vn -0.700787 0.700787 -0.102362 
vn 0 0.992126 -0.102362 
vn 0 0.992126 -0.102362 
vn 0.700787 0.700787 -0.102362 
vn 0.700787 0.700787 -0.102362 
vn 0.992126 0 -0.102362 
vn 0 0.716535 -0.692913 
vn 0.511811 0.511811 -0.692913 
vn 0.511811 0.511811 -0.692913 
vn 0 0.716535 -0.692913 
vn -0.511811 0.511811 -0.692913 
vn -0.511811 0.511811 -0.692913 
vn 0.708661 0.708661 0 
vn 0.708661 0.708661 0 
vn 0 1 0 
vn 0 1 0 
vn -0.708661 0.708661 0 
vn -0.708661 0.708661 0 
vn 0 0 1 
vn 0 0 1 
vn 0 0 1 
vn 0 0 1 
vn 0 0 1 
vn 0 0 1 
vn 0 0 1 
vn 0 0 1 
vn 0 0 1 
vn 0 0.76378 0.645669 
vn -0.535433 0.535433 0.645669 
vn -0.708661 0.708661 0.0472441 
vn -1 0 0.0472441 
vn -0.76378 0 0.645669 
vn -0.535433 -0.535433 0.645669 
vn -0.708661 -0.708661 0.0472441 
vn 0 0 -1 
vn 0 0 -1 
vn 0 0 -1 
vn 0 0 -1 
vn 0 0 -1 
vn 0 0 -1 
vn 0 0 -1 
vn 0 0 -1 
vn 0 0.944882 -0.330709 
vn 0 0.944882 -0.330709 
vn -0.669291 0.669291 -0.330709 
vn -0.669291 0.669291 -0.330709 
vn -0.944882 0 -0.330709 
vn -0.944882 0 -0.330709 
vn 0 -0.944882 -0.330709 
vn -0.669291 -0.669291 -0.330709 
vn -0.669291 -0.669291 -0.330709 
vn -0.944882 0 -0.330709 
vn -0.944882 0 -0.330709 
vn 0 0 1 
vn 0 0 1 
vn 0 0 1 
vn 0 -0.330709 0.944882 
vn 0 -0.330709 0.944882 
vn 0 -0.496063 -0.866142 
vn 0 0 -1 
vn 0 -0.496063 -0.866142 
vn 0 -0.488189 -0.874016 
vn 0 -0.850394 -0.519685 
vn 0 -0.850394 -0.519685 
vn 0 0 1 
vn 0 1 0 
vn 0 1 0 
vn 0 1 -0.0787402 
vn 0 1 -0.0787402 
vn -0.984252 -0.15748 0 
vn -0.984252 -0.15748 0 
vn -0.984252 -0.15748 0 
vn -0.984252 -0.15748 0 
vn -1 0.015748 0 
vn -1 0.015748 0 
vn -1 0.015748 0 
vn -1 0.015748 0 
vn 1 0 0 
vn -1 0 0 
vn -1 0 0 
vn -1 0 0 
vn -1 0 0 
vn -1 0 0 
vn -1 0 0 
vn -1 0 0 
vn -1 0 0 
vn -1 0 0 
vn -1 0 0 
vn -1 0 0 
vn -1 0 0 
vn -1 0 0 
vn -1 0 0 
vn -1 0 0 
vn -1 0 0 
vn -1 0 0 
vn -1 0 0 
vn -1 0 0 
vn -1 0 0 
vn -1 0 0 
vn -1 0 0 
vn -1 0 0 
vn -1 0 0 
vn -1 0 0 
vn -1 0 0 
vn -1 0 0 
vn -1 0 0 
vn -1 0 0 
vn -1 0 0 
vn -1 0 0 
vn -1 0 0 
vn -1 0 0 
vn -1 0 0 
vn 1 0 0 
vn -1 0 0 
vn -1 0 0 
vn -1 0 0 
vn -1 0 0 
vn -1 0 0 
vn -1 0 0 
vn -1 0 0 
vn -1 0 0 
vn -1 0 0 
vn -1 0 0 
vn -1 0 0 
vn -1 0 0 
vn -1 0 0 
vn -1 0 0 
vn -1 0 0 
vn -1 0 0 
vn -1 0 0 
vn -1 0 0 
vn -1 0 0 
vn -1 0 0 
vn -1 0 0 
vn -1 0 0 
vn -1 0 0 
vn -1 0 0 
vn -1 0 0 
vn 1 0 0 
vn -0.984252 0.181102 0 
vn -0.984252 0.181102 0 
vn -0.984252 0.181102 0 
vn -0.984252 0.181102 0 
vn -1 0 0 
vn -1 0 0 
vn -1 0 0 
vn -1 0 0 
vn -1 0 0 
vn -1 0 0 
vn -1 0 0 
vn -1 0 0 
vn -1 0 0 
vn -1 0 0 
vn -1 0 0 
vn -1 0 0 
vn -1 0 0 
vn -1 0 0 
vn -1 0 0 
vn -1 0 0 
vn -1 0 0 
vn -1 0 0 
vn -1 0 0 
vn -1 0 0 
vn -1 0 0 
vn -1 0 0 
vn -1 0 0 
vn -1 0 0 
vn 1 0 0 
vn -1 0 0 
vn -1 0 0 
vn -1 0 0 
vn -1 0 0 
vn -1 0 0 
vn -1 0 0 
vn -1 0 0 
vn -1 0 0 
vn -1 0 0 
vn -1 0 0 
vn -1 0 0 
vn -1 0 0 
vn -1 0 0 
vn -1 0 0 
vn -1 0 0 
vn -1 0 0 
vn -1 0 0 
vn -1 0 0 
vn -1 0 0 
vn -1 0 0 
vn -1 0 0 
vn -1 0 0 
vn -1 0 0 
vn -1 0 0 
vn -1 0 0 
vn -1 0 0 
vn -1 0 0 
vn -1 0 0 
vn -1 0 0 
vn -1 0 0 
vn -1 0 0 
vn -1 0 0 
vn -1 0 0 
vn -1 0 0 
vn -1 0 0 
vn -1 0 0 
vn -1 0 0 
vn -1 0 0 
vn -1 0 0 
vn 1 0 0 
vn -1 0 0 
vn -1 0 0 
vn -1 0 0 
vn -1 0 0 
vn -1 0 0 
vn -1 0 0 
vn -1 0 0 
vn -1 0 0 
vn -1 0 0 
vn -1 0 0 
vn -1 0 0 
vn -1 0 0 
vn -0.708661 0.708661 0 
vn -0.708661 0.708661 0 
vn -1 0 0 
vn -1 0 0 
vn -0.708661 -0.708661 0 
vn -0.708661 -0.708661 0 
vn -1 0 0 
vn -1 0 0 
vn -0.708661 0.708661 0 
vn -0.708661 0.708661 0 
vn -1 0 0 
vn -1 0 0 
vn 0 -1 0 
vn -0.708661 -0.708661 0 
vn -0.708661 -0.708661 0 
vn -1 0 0 
vn -1 0 0 
vn -0.708661 -0.708661 0 
vn -0.708661 -0.708661 0 
vn -1 0 0 
vn -1 0 0 
vn 0 -1 0 
vn -0.708661 0.708661 0 
vn -0.708661 0.708661 0 
vn -1 0 0 
vn -1 0 0 
vn -0.582677 -0.582677 -0.559055 
vn -0.582677 -0.582677 -0.559055 
vn -0.826772 0 -0.566929 
vn -0.826772 0 -0.566929 
vn -0.582677 0.582677 -0.559055 
vn -0.582677 0.582677 -0.559055 
vn -0.826772 0 -0.566929 
vn -0.826772 0 -0.566929 
vn -0.992126 0 -0.102362 
vn -0.700787 0.700787 -0.102362 
vn -0.992126 0 -0.102362 
vn -0.700787 0.700787 -0.102362 
vn 0 0.992126 -0.102362 
vn 0 0.992126 -0.102362 
vn 0 -0.992126 -0.102362 
vn -0.700787 -0.700787 -0.102362 
vn -0.700787 -0.700787 -0.102362 
vn -0.992126 0 -0.102362 
vn -0.992126 0 -0.102362 
vn 0 0.716535 -0.692913 
vn -0.511811 0.511811 -0.692913 
vn -0.511811 0.511811 -0.692913 
vn -0.716535 0 -0.692913 
vn -0.716535 0 -0.692913 
vn -0.511811 -0.511811 -0.692913 
vn -0.511811 -0.511811 -0.692913 
vn -0.716535 0 -0.692913 
vn -0.716535 0 -0.692913 
vn -0.708661 0.708661 0 
vn -0.708661 0.708661 0 
vn -1 0 0 
vn -1 0 0 
vn -0.708661 -0.708661 0 
vn -0.708661 -0.708661 0 
vn -1 0 0 
vn -1 0 0 
vn 0 0 1 
vn 0 0 1 
vn 0 0 1 
vn 0 0 1 
vn 0 0 -1 
vn 0 0 -1 
vn 0 0 -1 
vn 0 0 -1 
vn 0 0 -1 
vn 0 0 -1 
vn 0 0 -1 
vn 0 0 -1 
vn 0 0 -1 
vn 0 0 -1 
vn 0 0 -1 
vn 0 0 -1 
vn 0 0 -1 
vn 0 0 -1 
vn 0 0 -1 
vn 0 0 -1 
vn 0 0.244094 -0.968504 
vn 0 0.244094 -0.968504 
vn 0 0.244094 -0.968504 
vn 0 0.244094 -0.968504 
vn 0 0 -1 
vn 0 0 -1 
vn 0 0 -1 
vn 0 0 -1 
vn 0 0 -1 
vn 0 0 -1 
vn 0 0 -1 
vn 0 0 -1 
vn 0 0 -1 
vn 0 0 -1 
vn 0 0 -1 
vn 0 0 -1 
vn 0 0 1 
vn 0 0 1 
vn 0 0 1 
vn -0.259843 0 0.968504 
vn 0 0 -1 
vn 0 -0.496063 -0.866142 
vn 0 -0.496063 -0.866142 
vn 0 0 -1 
vn 0 -0.496063 -0.866142 
vn 0 -0.496063 -0.866142 
vn 0 -0.488189 -0.874016 
vn 0 -0.488189 -0.874016 
vn 0.19685 0.984252 0 
vn 0 1 0 
vn 0 1 0 
vn 0 1 0 
vn -0.984252 -0.15748 0 
vn 0.984252 -0.15748 0 
vn 0.984252 -0.15748 0 
vn 0 1 0 
vn 1 0 0 
vn 1 0 0 
vn 1 0 0 
vn 1 0 0 
vn -1 0 0 
vn -1 0 0 
vn -1 0 0 
vn -1 0 0 
vn 1 0 0 
vn -1 0 0 
vn 1 0 0 
vn -1 0 0 
vn 1 0 0 
vn 1 0 0 
vn -1 0 0 
vn -1 0 0 
vn -1 0 0 
vn -1 0 0 
vn 0.708661 0.708661 0 
vn -1 0 0 
vn 0.708661 -0.708661 0 
vn 0 -1 0 
vn 0 0.496063 -0.866142 
vn 0 0.496063 -0.866142 
vn 0 0 -1 
vn 0 0 -1 
vn 0 -0.259843 -0.968504 
vn 0 -0.496063 -0.866142 
vn 0 -0.496063 -0.866142 
vn 0 -1 0 
vn 0 -0.330709 -0.944882 
vn 0 -0.330709 -0.944882 
vn 0 -0.330709 -0.944882 
vn 0 -0.330709 -0.944882 
vn 0 0 -1 
vn 0 0 -1 
vn 0 0 -1 
vn 0 0 -1 
vn 0 0 -1 
vn 0 0 -1 
vn 0 0 -1 
vn 0 0 -1 
vn 0 0 -1 
vn 0 0 -1 
vn 0 0 -1 
vn 0 0 -1 
vn 0 0 -1 
vn 0 0 -1 
vn 0 0 -1 
vn 0 0 -1 
vn 0 0 -1 
vn 0 0 -1 
vn 0 0 -1 
vn 0 0 -1 
vn 0 0 -1 
vn 0 0 -1 
vn 0 0 -1 
vn 0 0 -1 
vn 0 0 -1 
vn 0 0 -1 
vn 0 0 -1 
vn 0 0 -1 
vn 0 0 -1 
vn 0 0 -1 
vn 0.259843 0 -0.968504 
vn 0.259843 0 -0.968504 
vn 0.259843 0 -0.968504 
vn 0.259843 0 -0.968504 
vn -0.259843 0 -0.968504 
vn -0.259843 0 -0.968504 
vn -0.259843 0 -0.968504 
vn -0.259843 0 -0.968504 
vn 0 0 -1 
vn 0 0 -1 
vn 0 0 -1 
vn 0 0 -1 
vn 0 0 -1 
vn 0 0 -1 
vn 0 0 -1 
vn 0 0 -1 
vn 0 0.496063 -0.866142 
vn 0 0.496063 -0.866142 
vn 0 0 -1 
vn 0 0 -1 
vn 0 -0.496063 -0.866142 
vn 0 -0.496063 -0.866142 
vn 0 0.496063 -0.866142 
vn 0 0.496063 -0.866142 
vn 0 0 -1 
vn 0 0 -1 
vn 0 -0.496063 -0.866142 
vn 0 -0.496063 -0.866142 
vn 0 0.496063 -0.866142 
vn 0 0.496063 -0.866142 
vn 0 0 -1 
vn 0 0 -1 
vn 0 -0.496063 -0.866142 
vn 0 -0.496063 -0.866142 
vn 0 0 1 
vn 0 0 1 
vn 0 0 1 
vn 0 0 1 
vn 0 0 1 
vn 0 0 1 
vn 0 0 1 
vn 0 0 1 
vn 0 0 1 
vn 0.76378 0 0.645669 
vn 0.535433 -0.535433 0.645669 
vn -0.76378 0 0.645669 
vn -0.535433 -0.535433 0.645669 
vn -0.708661 -0.708661 0.0472441 
vn 0.708661 -0.708661 0.0472441 
vn 0 -1 0.0472441 
vn 0 -0.76378 0.645669 
vn 0 0 -1 
vn 0 0 -1 
vn 0 0 -1 
vn 0 0 -1 
vn 0 0 -1 
vn 0 0 -1 
vn 0 0 -1 
vn 0 0 -1 
vn 0 0 -1 
vn 0 0 -1 
vn 0.944882 0 -0.330709 
vn 0 0.944882 -0.330709 
vn 0.944882 0 -0.330709 
vn 0.669291 -0.669291 -0.330709 
vn -0.944882 0 -0.330709 
vn 0.669291 -0.669291 -0.330709 
vn 0 -0.944882 -0.330709 
vn 0 -0.944882 -0.330709 
vn -0.669291 -0.669291 -0.330709 
vn -0.669291 -0.669291 -0.330709 
vn 0 -0.330709 0.944882 
vn 0 -0.330709 0.944882 
vn 0 -0.496063 -0.866142 
vn 0 -0.496063 -0.866142 
vn 0 -0.496063 -0.866142 
vn 0 -0.496063 -0.866142 
vn 0 -0.488189 -0.874016 
vn 0 -0.488189 -0.874016 
vn 0 -0.850394 -0.519685 
vn 0 -0.850394 -0.519685 
vn 0 1 -0.0787402 
vn -0.984252 -0.15748 0 
vn 0.984252 -0.15748 0 
vn 1 0 0 
vn 1 0 0 
vn 1 0 0 
vn -1 0 0 
vn -1 0 0 
vn -1 0 0 
vn 1 0 0 
vn -1 0 0 
vn -1 0 0 
vn 1 0 0 
vn 1 0 0 
vn 0 -0.496063 0.866142 
vn 0 -0.496063 0.866142 
vn 0 -0.496063 0.866142 
vn 0 -0.496063 0.866142 
vn 0 -0.488189 0.874016 
vn 0 -0.488189 0.874016 
vn 0 -0.850394 0.519685 
vn 0 -0.850394 0.519685 
vn 1 0 0 
vn -1 0 0 
vn -1 0 0 
vn -1 0 0 
vn -1 0 0 
vn -1 0 0 
vn -1 0 0 
vn 1 0 0 
vn 0 -1 0 
vn 0 -1 0 
vn 0 -1 0 
vn 0 -1 0 
vn 0 -1 0 
vn 0 -1 0 
vn 0 -1 0 
vn 0 -1 0 
vn 0.708661 -0.708661 0 
vn 0.708661 -0.708661 0 
vn 0 -1 0 
vn 0 -1 0 
vn -0.708661 -0.708661 0 
vn -0.708661 -0.708661 0 
vn -1 0 0 
vn -1 0 0 
vn 0.708661 -0.708661 0 
vn 0.708661 -0.708661 0 
vn 0 -1 0 
vn 0 -1 0 
vn -0.708661 -0.708661 0 
vn -0.708661 -0.708661 0 
vn 0 -1 0 
vn 0 -0.866142 0.496063 
vn 0 -0.866142 0.496063 
vn 0 -1 0 
vn 0 -0.496063 0.866142 
vn 0 -0.496063 0.866142 
vn 0 -0.496063 -0.866142 
vn 0 -0.496063 -0.866142 
vn 0 -0.866142 -0.496063 
vn 0 -0.866142 -0.496063 
vn 0 -1 0 
vn 0 -1 0 
vn -0.708661 -0.708661 0 
vn -0.708661 -0.708661 0 
vn -1 0 0 
vn 0 -1 0 
vn 0 -1 0 
vn 0.708661 -0.708661 0 
vn 0.708661 -0.708661 0 
vn 0 -0.826772 -0.566929 
vn -0.582677 -0.582677 -0.559055 
vn 0 -0.826772 -0.566929 
vn 0.582677 -0.582677 -0.559055 
vn -0.582677 -0.582677 -0.559055 
vn 0.582677 -0.582677 -0.559055 
vn 0.19685 -0.984252 0 
vn 0.19685 -0.984252 0 
vn 0.19685 -0.984252 0 
vn 0.19685 -0.984252 0 
vn -0.19685 -0.984252 0 
vn -0.19685 -0.984252 0 
vn -0.19685 -0.984252 0 
vn -0.19685 -0.984252 0 
vn 0 -1 0 
vn 0 -1 0 
vn 0 -1 0 
vn 0 -1 0 
vn 0 -1 0 
vn 0 -1 0 
vn 0 -1 0 
vn 0 -1 0 
vn 0 -0.866142 0.496063 
vn 0 -0.866142 0.496063 
vn 0 -1 0 
vn 0 -1 0 
vn 0 -0.496063 0.866142 
vn 0 -0.496063 0.866142 
vn 0 -0.496063 -0.866142 
vn 0 -0.496063 -0.866142 
vn 0 -0.866142 -0.496063 
vn 0 -0.866142 -0.496063 
vn 0 -1 0 
vn 0 -1 0 
vn 0 -1 0 
vn 0 -0.866142 0.496063 
vn 0 -0.866142 0.496063 
vn 0 -1 0 
vn 0 -0.496063 0.866142 
vn 0 -0.496063 0.866142 
vn 0 -0.496063 -0.866142 
vn 0 -0.496063 -0.866142 
vn 0 -0.866142 -0.496063 
vn 0 -0.866142 -0.496063 
vn 0 -1 0 
vn 0 -1 0 
vn 0 -1 0 
vn 0 -0.866142 0.496063 
vn 0 -0.866142 0.496063 
vn 0 -1 0 
vn 0 -0.496063 0.866142 
vn 0 -0.496063 0.866142 
vn 0 -0.496063 -0.866142 
vn 0 -0.496063 -0.866142 
vn 0 -0.866142 -0.496063 
vn 0 -0.866142 -0.496063 
vn 0 -1 0 
vn 0 -1 0 
vn -0.992126 0 -0.102362 
vn -0.992126 0 -0.102362 
vn 0.992126 0 -0.102362 
vn 0.700787 -0.700787 -0.102362 
vn 0.700787 -0.700787 -0.102362 
vn 0 -0.992126 -0.102362 
vn 0 -0.992126 -0.102362 
vn -0.700787 -0.700787 -0.102362 
vn -0.700787 -0.700787 -0.102362 
vn 0.511811 0.511811 -0.692913 
vn 0.511811 -0.511811 -0.692913 
vn 0.511811 -0.511811 -0.692913 
vn 0 -0.716535 -0.692913 
vn 0 -0.716535 -0.692913 
vn -0.511811 -0.511811 -0.692913 
vn -0.511811 -0.511811 -0.692913 
vn 0.708661 -0.708661 0 
vn 0.708661 -0.708661 0 
vn 0 -1 0 
vn 0 -1 0 
vn -0.708661 -0.708661 0 
vn -0.708661 -0.708661 0 
vn 0 0 1 
vn 0 0 1 
vn 0 0 1 
vn 0 0 1 
vn 0 0 1 
vn 0 0 1 
vn 0 0 1 
vn 0 0 1 
vn 0 0 1 
vn 0 0 1 
vn 0 0 1 
vn 0.535433 0.535433 0.645669 
vn 0.708661 0.708661 0.0472441 
vn 1 0 0.0472441 
vn 0.76378 0 0.645669 
vn 0 0.76378 0.645669 
vn 0.535433 -0.535433 0.645669 
vn 0.76378 0 0.645669 
vn 1 0 0.0472441 
vn 0.708661 -0.708661 0.0472441 
vn 0 -0.76378 0.645669 
vn 0 0 -1 
vn 0 0 -1 
vn 0 0 -1 
vn 0 0 -1 
vn 0 0 -1 
vn 0 0 -1 
vn 0 0 -1 
vn 0 0 -1 
vn 0 0 -1 
vn 0 0 -1 
vn 0 0 -1 
vn 0.669291 0.669291 -0.330709 
vn 0 0.944882 -0.330709 
vn 0.669291 0.669291 -0.330709 
vn 0.944882 0 -0.330709 
vn 0 0.944882 -0.330709 
vn 0.944882 0 -0.330709 
vn 0.669291 -0.669291 -0.330709 
vn 0.669291 -0.669291 -0.330709 
vn 0 -0.944882 -0.330709 
vn 0 0 1 
vn 0 0 1 
vn 0 0 1 
vn 0 0 1 
vn 0 0 1 
vn 0 -0.330709 0.944882 
vn 0 -0.330709 0.944882 
vn 0 0 -1 
vn 0 -0.496063 -0.866142 
vn 0 -0.496063 -0.866142 
vn 0 -0.496063 -0.866142 
vn 0 -0.488189 -0.874016 
vn 0 -0.488189 -0.874016 
vn 0 -0.850394 -0.519685 
vn 0 0 1 
vn 0 0 1 
vn 0 0 1 
vn 0 1 0 
vn 0 1 0 
vn 0 1 0 
vn 0 1 0 
vn 0 1 -0.0787402 
vn 0 1 -0.0787402 
vn 0.984252 -0.15748 0 
vn 0.984252 -0.15748 0 
vn 0.984252 -0.15748 0 
vn 0.984252 -0.15748 0 
vn 1 0.015748 0 
vn 1 0.015748 0 
vn 1 0.015748 0 
vn 1 0.015748 0 
vn 0 1 0 
vn 0 1 0 
vn 1 0 0 
vn 1 0 0 
vn 1 0 0 
vn 1 0 0 
vn 1 0 0 
vn 1 0 0 
vn 1 0 0 
vn 1 0 0 
vn 1 0 0 
vn 1 0 0 
vn 1 0 0 
vn 1 0 0 
vn 1 0 0 
vn 1 0 0 
vn 1 0 0 
vn 1 0 0 
vn 1 0 0 
vn 1 0 0 
vn 1 0 0 
vn 1 0 0 
vn 1 0 0 
vn 1 0 0 
vn 1 0 0 
vn 1 0 0 
vn 1 0 0 
vn 1 0 0 
vn 1 0 0 
vn 1 0 0 
vn 1 0 0 
vn 1 0 0 
vn 1 0 0 
vn 1 0 0 
vn 1 0 0 
vn 1 0 0 
vn -1 0 0 
vn -1 0 0 
vn 1 0 0 
vn 1 0 0 
vn 1 0 0 
vn 1 0 0 
vn 1 0 0 
vn 1 0 0 
vn 1 0 0 
vn 1 0 0 
vn 1 0 0 
vn 1 0 0 
vn 1 0 0 
vn 1 0 0 
vn -1 0 0 
vn 1 0 0 
vn 1 0 0 
vn 1 0 0 
vn 1 0 0 
vn 1 0 0 
vn 1 0 0 
vn 1 0 0 
vn 1 0 0 
vn 1 0 0 
vn 1 0 0 
vn 1 0 0 
vn 1 0 0 
vn 1 0 0 
vn 0.984252 0.181102 0 
vn 0.984252 0.181102 0 
vn 0.984252 0.181102 0 
vn 0.984252 0.181102 0 
vn 1 0 0 
vn 1 0 0 
vn 1 0 0 
vn 1 0 0 
vn 1 0 0 
vn 1 0 0 
vn 1 0 0 
vn 1 0 0 
vn 1 0 0 
vn 1 0 0 
vn 1 0 0 
vn 1 0 0 
vn 1 0 0 
vn 1 0 0 
vn 1 0 0 
vn 1 0 0 
vn 1 0 0 
vn 1 0 0 
vn 1 0 0 
vn 1 0 0 
vn 1 0 0 
vn 1 0 0 
vn 1 0 0 
vn 1 0 0 
vn 1 0 0 
vn 1 0 0 
vn 1 0 0 
vn 1 0 0 
vn -1 0 0 
vn -1 0 0 
vn -1 0 0 
vn -1 0 0 
vn -1 0 0 
vn -1 0 0 
vn -1 0 0 
vn -1 0 0 
vn 1 0 0 
vn 1 0 0 
vn 1 0 0 
vn 1 0 0 
vn 1 0 0 
vn 1 0 0 
vn 1 0 0 
vn 1 0 0 
vn 1 0 0 
vn 1 0 0 
vn 1 0 0 
vn 1 0 0 
vn 1 0 0 
vn 1 0 0 
vn 1 0 0 
vn 1 0 0 
vn 1 0 0 
vn 1 0 0 
vn 1 0 0 
vn 1 0 0 
vn 1 0 0 
vn 1 0 0 
vn 1 0 0 
vn 1 0 0 
vn 1 0 0 
vn 1 0 0 
vn 1 0 0 
vn 1 0 0 
vn 1 0 0 
vn 1 0 0 
vn 1 0 0 
vn 1 0 0 
vn 1 0 0 
vn 1 0 0 
vn 1 0 0 
vn 1 0 0 
vn 1 0 0 
vn 1 0 0 
vn 1 0 0 
vn 1 0 0 
vn 1 0 0 
vn 1 0 0 
vn 1 0 0 
vn 1 0 0 
vn 1 0 0 
vn 1 0 0 
vn 1 0 0 
vn 1 0 0 
vn 0.708661 0.708661 0 
vn 0.708661 0.708661 0 
vn 0.708661 -0.708661 0 
vn 0.708661 -0.708661 0 
vn 0.708661 0.708661 0 
vn 0.708661 0.708661 0 
vn 1 0 0 
vn 1 0 0 
vn 0.708661 -0.708661 0 
vn 0.708661 -0.708661 0 
vn 0 -1 0 
vn 0 -1 0 
vn 0 -1 0 
vn 0.708661 -0.708661 0 
vn 0.708661 -0.708661 0 
vn 1 0 0 
vn 1 0 0 
vn 0.708661 0.708661 0 
vn 0.708661 0.708661 0 
vn 0.582677 -0.582677 -0.559055 
vn 0.582677 -0.582677 -0.559055 
vn 0.826772 0 -0.566929 
vn 0.826772 0 -0.566929 
vn 0.582677 0.582677 -0.559055 
vn 0.582677 0.582677 -0.559055 
vn 0.700787 0.700787 -0.102362 
vn 0.700787 0.700787 -0.102362 
vn 0.992126 0 -0.102362 
vn 0.992126 0 -0.102362 
vn 0.700787 -0.700787 -0.102362 
vn 0.700787 -0.700787 -0.102362 
vn 0 -0.992126 -0.102362 
vn 0.511811 0.511811 -0.692913 
vn 0.511811 0.511811 -0.692913 
vn 0.716535 0 -0.692913 
vn 0.716535 0 -0.692913 
vn 0.511811 -0.511811 -0.692913 
vn 0.511811 -0.511811 -0.692913 
vn 0.708661 0.708661 0 
vn 0.708661 0.708661 0 
vn 1 0 0 
vn 1 0 0 
vn 0.708661 -0.708661 0 
vn 0.708661 -0.708661 0 

vt 13.9322 -44.9128 
vt 14 -44.9206 
vt 14 -44.8847 
vt 14.0424 -44.9382 
vt 13.9576 -44.9382 
vt 13.9041 -44.9805 
vt 13.9401 -44.9805 
vt 14.0678 -44.9128 
vt 14.0599 -44.9805 
vt 14.0959 -44.9805 
vt 14.0678 -45.0483 
vt 14.0424 -45.0229 
vt 14 -45.0764 
vt 14 -45.0405 
vt 13.9322 -45.0483 
vt 13.9576 -45.0229 
vt 13.9041 -44.9805 
vt 13.9401 -44.9805 
vt 13.9646 -45.0159 
vt 13.9499 -44.9805 
vt 14 -45.0306 
vt 14.0354 -45.0159 
vt 13.9646 -44.9451 
vt 13.9499 -44.9805 
vt 14.0501 -44.9805 
vt 14.0354 -44.9451 
vt 14 -44.9305 
vt 13.9887 -44.9447 
vt 13.9974 -44.8753 
vt 14.0241 -44.9565 
vt 14 -44.9465 
vt 14.0341 -44.9805 
vt 13.9759 -44.9565 
vt 13.9659 -44.9805 
vt 13.9782 -44.9299 
vt 14.0218 -44.9299 
vt 14.0128 -44.9128 
vt 14.0218 -44.9173 
vt 14.0218 -44.8901 
vt 14.0128 -44.8901 
vt 13.9872 -44.9128 
vt 13.9782 -44.9173 
vt 13.9782 -44.8901 
vt 13.9872 -44.8901 
vt 14.015 -44.8737 
vt 13.985 -44.9159 
vt 14.015 -44.9159 
vt 13.985 -44.8737 
vt 14.0141 -44.8746 
vt 14.0141 -44.8356 
vt 14.0091 -44.8416 
vt 14.0091 -44.8746 
vt 13.9909 -44.8416 
vt 13.9859 -44.8356 
vt 13.9859 -44.8746 
vt 13.9909 -44.8746 
vt 14.0159 -45.0387 
vt 13.9841 -45.0387 
vt 14.0138 -45.0517 
vt 13.9862 -45.0517 
vt 13.9899 -44.8583 
vt 13.9969 -44.8601 
vt 13.9969 -44.8597 
vt 13.9899 -44.8615 
vt 14.0101 -44.8583 
vt 14.0031 -44.8601 
vt 14.0101 -44.8615 
vt 14.0031 -44.8597 
vt 14.0218 -44.8901 
vt 14.0218 -44.9173 
vt 14.0285 -44.8901 
vt 14.0289 -44.9173 
vt 14.0285 -44.8901 
vt 14.0218 -44.9173 
vt 13.9715 -44.8901 
vt 13.9782 -44.9173 
vt 13.9782 -44.8901 
vt 13.9782 -44.9173 
vt 13.9715 -44.8901 
vt 13.9711 -44.9173 
vt 13.9872 -44.9128 
vt 13.9872 -44.8901 
vt 13.9809 -44.8901 
vt 13.9809 -44.9128 
vt 14.0128 -44.8901 
vt 14.0128 -44.9128 
vt 14.0191 -44.8901 
vt 14.0191 -44.9128 
vt 13.9899 -44.8583 
vt 14.015 -44.8737 
vt 14.0211 -44.9121 
vt 13.979 -44.9121 
vt 13.9887 -44.9121 
vt 14.0211 -44.9314 
vt 14.0211 -44.9208 
vt 14.0211 -44.9208 
vt 14.0211 -44.9419 
vt 13.979 -44.9208 
vt 13.979 -44.9419 
vt 13.979 -44.9314 
vt 13.9814 -45.0169 
vt 13.9814 -45.0453 
vt 13.9814 -45.0653 
vt 13.9814 -45.1545 
vt 14.0186 -45.0169 
vt 14.0186 -45.0453 
vt 14.0186 -45.0653 
vt 14.0186 -45.1545 
vt 14.0186 -45.0169 
vt 13.9814 -45.0169 
vt 14.0186 -45.0453 
vt 13.9814 -45.0453 
vt 14.0186 -45.0653 
vt 13.9814 -45.0653 
vt 13.9814 -45.1545 
vt 14.0186 -45.1545 
vt 14.015 -44.9159 
vt 13.985 -44.9159 
vt 14.015 -44.9455 
vt 13.9969 -44.8601 
vt 13.9909 -44.8416 
vt 14.0091 -44.8416 
vt 14.0113 -44.9314 
vt 14.0113 -44.9208 
vt 14.0113 -44.9419 
vt 13.9887 -44.9367 
vt 14.0113 -44.9261 
vt 14.0211 -44.9261 
vt 14.0113 -44.9314 
vt 14.0211 -44.9314 
vt 14.0113 -44.9367 
vt 14.0211 -44.9367 
vt 13.979 -44.9261 
vt 13.9887 -44.9261 
vt 13.979 -44.9314 
vt 13.9887 -44.9314 
vt 13.979 -44.9367 
vt 13.9887 -44.9367 
vt 13.979 -44.9121 
vt 13.9887 -44.9447 
vt 13.9887 -44.9121 
vt 13.979 -44.9659 
vt 14.0211 -44.9659 
vt 14.0113 -44.9447 
vt 14.0211 -44.9121 
vt 14.0113 -44.9121 
vt 13.979 -44.9261 
vt 13.9887 -44.9261 
vt 13.979 -44.9314 
vt 13.9887 -44.9314 
vt 13.979 -44.9367 
vt 13.9887 -44.9367 
vt 14.0113 -44.9261 
vt 14.0211 -44.9261 
vt 14.0113 -44.9314 
vt 14.0211 -44.9314 
vt 14.0113 -44.9367 
vt 14.0211 -44.9367 
vt 14.0002 -44.8622 
vt 13.9974 -44.8753 
vt 14.0026 -44.8753 
vt 13.9998 -44.8622 
vt 14.015 -44.8737 
vt 13.985 -44.9455 
vt 14.015 -44.9455 
vt 13.985 -44.8737 
vt 14.0141 -44.8746 
vt 14.0141 -44.8356 
vt 14.0091 -44.8416 
vt 14.0091 -44.8746 
vt 13.9909 -44.8416 
vt 13.9859 -44.8356 
vt 13.9859 -44.8746 
vt 13.9909 -44.8746 
vt 13.3117 -44.9322 
vt 13.3117 -45 
vt 13.3117 -44.9576 
vt 13.3117 -44.9041 
vt 13.3117 -45.0678 
vt 13.3117 -45.0599 
vt 13.3117 -45.0424 
vt 13.3117 -45 
vt 13.3117 -44.9322 
vt 13.3117 -44.9576 
vt 13.3117 -45 
vt 13.5294 -44.9646 
vt 13.3117 -44.9576 
vt 13.5294 -44.9499 
vt 13.5294 -45 
vt 13.5294 -45.0354 
vt 13.3117 -45.0424 
vt 13.5294 -45.0501 
vt 14.6883 -45.0341 
vt 14.6883 -44.9659 
vt 14.6883 -45 
vt 14.6883 -45.0241 
vt 14.6709 -45.021 
vt 14.6709 -44.9887 
vt 14.6709 -45.0113 
vt 14.6709 -45.021 
vt 14.6709 -44.979 
vt 14.6709 -44.9887 
vt 14.6653 -45.0091 
vt 14.6653 -44.9909 
vt 14.5508 -45.0241 
vt 14.5034 -45 
vt 14.5034 -45.0358 
vt 14.5508 -45 
vt 14.5508 -45.0341 
vt 14.5508 -44.9759 
vt 14.5034 -44.9642 
vt 14.5034 -44.9494 
vt 14.0632 -45.0218 
vt 14.0632 -45.0218 
vt 14.0632 -44.9872 
vt 14.0664 -44.985 
vt 14.097 -45.0218 
vt 14.1437 -44.9872 
vt 14.1437 -44.9809 
vt 14.1437 -45.0191 
vt 14.0679 -44.9859 
vt 14.0679 -45.0141 
vt 14.0795 -45.0141 
vt 14.0795 -44.9859 
vt 14.6537 -44.9859 
vt 14.6537 -45.0141 
vt 14.6653 -45.0141 
vt 14.6653 -44.9859 
vt 14.0714 -44.9899 
vt 14.0738 -44.9969 
vt 14.0757 -44.9899 
vt 14.0733 -44.9969 
vt 14.0757 -45.0101 
vt 14.0738 -45.0031 
vt 14.0714 -45.0101 
vt 14.0733 -45.0031 
vt 14.6597 -45.0002 
vt 14.6592 -44.9998 
vt 14.6592 -45.0002 
vt 14.6597 -44.9998 
vt 14.0664 -44.985 
vt 14.0664 -45.015 
vt 14.081 -45.015 
vt 14.081 -44.985 
vt 14.6522 -44.985 
vt 14.6522 -45.015 
vt 14.6668 -45.015 
vt 14.6668 -44.985 
vt 14.1437 -45.0191 
vt 14.1692 -45.0128 
vt 14.1437 -45.0128 
vt 14.1692 -45.0218 
vt 14.1437 -45.0218 
vt 14.097 -45.0218 
vt 14.097 -45.0191 
vt 14.0632 -45.0218 
vt 14.0632 -45.0128 
vt 14.097 -45.0128 
vt 14.1437 -44.9809 
vt 14.097 -44.9782 
vt 14.097 -44.9809 
vt 14.0632 -44.9782 
vt 14.0632 -44.9872 
vt 14.097 -44.9872 
vt 14.1437 -44.9782 
vt 14.1692 -44.9782 
vt 14.1692 -44.9872 
vt 14.1437 -44.9872 
vt 14.1437 -44.9715 
vt 14.097 -44.9715 
vt 14.1437 -44.9782 
vt 14.097 -44.9782 
vt 14.1437 -45.0285 
vt 14.097 -45.0218 
vt 14.097 -45.0285 
vt 14.1437 -45.0218 
vt 14.6709 -45.0113 
vt 14.5603 -45.0113 
vt 14.6709 -45.021 
vt 14.5603 -45.021 
vt 14.6709 -44.979 
vt 14.5603 -44.979 
vt 14.6709 -44.9887 
vt 14.5603 -44.9887 
vt 14.1692 -44.9872 
vt 14.1437 -45.0128 
vt 14.1692 -45.0128 
vt 14.1437 -44.9872 
vt 14.097 -45.0128 
vt 14.097 -44.9872 
vt 14.0632 -44.9872 
vt 14.0632 -45.0128 
vt 14.097 -44.9872 
vt 14.1437 -44.9872 
vt 14.1437 -44.9809 
vt 14.097 -44.9809 
vt 14.097 -45.0191 
vt 14.1437 -45.0191 
vt 14.1437 -45.0128 
vt 14.097 -45.0128 
vt 14.6277 -45.021 
vt 14.5603 -45.021 
vt 14.6291 -44.979 
vt 14.6277 -44.979 
vt 14.1692 -45.0218 
vt 14.081 -45.015 
vt 14.081 -44.985 
vt 14.6522 -45.015 
vt 14.6709 -45.0113 
vt 14.5603 -44.9887 
vt 14.5603 -45.0113 
vt 14.6709 -44.9887 
vt 14.6537 -44.9909 
vt 14.6537 -45.0091 
vt 14.5791 -45.0113 
vt 14.5897 -45.0113 
vt 14.6382 -45.0113 
vt 14.6291 -45.0113 
vt 14.5897 -45.0113 
vt 14.6488 -45.0113 
vt 14.5805 -44.9887 
vt 14.5508 -45.0241 
vt 14.6883 -45.0241 
vt 14.5508 -45 
vt 14.6883 -45 
vt 14.5508 -44.9759 
vt 14.6883 -44.9759 
vt 14.223 -45 
vt 14.013 -45 
vt 14.223 -45.0468 
vt 14.013 -45.0468 
vt 14.013 -44.9532 
vt 14.223 -44.9532 
vt 14.013 -44.9339 
vt 14.223 -44.9339 
vt 14.013 -45.0661 
vt 14.6474 -45.0113 
vt 14.6474 -45.021 
vt 14.6435 -45.0113 
vt 14.6435 -45.021 
vt 14.6382 -45.0113 
vt 14.6382 -45.021 
vt 14.633 -45.0113 
vt 14.633 -45.021 
vt 14.6291 -45.0113 
vt 14.6291 -45.021 
vt 14.5034 -45.0358 
vt 14.2458 -45.0358 
vt 14.5034 -45 
vt 14.2458 -45 
vt 14.5034 -44.9642 
vt 14.2458 -44.9642 
vt 14.2458 -45.0358 
vt 14.223 -45.0468 
vt 14.223 -45 
vt 14.2458 -45 
vt 14.2458 -44.9642 
vt 14.223 -44.9532 
vt 14.6474 -44.979 
vt 14.6474 -44.9887 
vt 14.6435 -44.979 
vt 14.6435 -44.9887 
vt 14.6382 -44.979 
vt 14.6382 -44.9887 
vt 14.633 -44.9887 
vt 14.633 -44.979 
vt 14.6291 -44.9887 
vt 14.6291 -44.979 
vt 14.5988 -44.979 
vt 14.5988 -44.9887 
vt 14.595 -44.979 
vt 14.595 -44.9887 
vt 14.5897 -44.979 
vt 14.5897 -44.9887 
vt 14.5844 -44.9887 
vt 14.5844 -44.979 
vt 14.5805 -44.9887 
vt 14.5805 -44.979 
vt 14.5988 -45.0113 
vt 14.5988 -45.021 
vt 14.595 -45.0113 
vt 14.595 -45.021 
vt 14.5897 -45.0113 
vt 14.5897 -45.021 
vt 14.5844 -45.0113 
vt 14.5844 -45.021 
vt 14.5805 -45.0113 
vt 14.5805 -45.021 
vt 13.3725 -44.9228 
vt 13.6231 -44.9638 
vt 13.6231 -44.9488 
vt 13.3725 -44.9454 
vt 13.3725 -45 
vt 13.6231 -45 
vt 13.6231 -45.0362 
vt 13.3725 -45.0546 
vt 13.6231 -45.0512 
vt 13.3532 -45 
vt 13.3532 -45.0678 
vt 13.3725 -45.0546 
vt 13.3725 -45 
vt 13.3725 -44.9454 
vt 13.3532 -44.9322 
vt 13.3117 -45.0678 
vt 13.3532 -45.0678 
vt 13.3117 -45 
vt 13.3532 -45 
vt 13.3117 -44.9322 
vt 13.3532 -44.9322 
vt 14.6883 -44.9128 
vt 14.6883 -44.8847 
vt 14.6883 -44.9382 
vt 14.6883 -44.9382 
vt 14.6883 -44.9805 
vt 14.6883 -44.9805 
vt 14.6883 -45.0229 
vt 14.6883 -45.0764 
vt 14.6883 -45.0483 
vt 14.4706 -45.0306 
vt 14.4706 -45.0159 
vt 14.6883 -45.0229 
vt 14.6883 -44.9805 
vt 14.4706 -44.9805 
vt 14.4706 -44.9451 
vt 14.6883 -44.9382 
vt 13.3117 -45.0146 
vt 13.3117 -44.9805 
vt 13.3117 -45.0046 
vt 13.3291 -44.9447 
vt 13.3291 -44.9659 
vt 13.3291 -44.9207 
vt 13.3291 -44.9207 
vt 13.3347 -44.8416 
vt 13.4966 -44.93 
vt 13.4492 -44.9465 
vt 13.4492 -44.9565 
vt 13.4966 -44.9448 
vt 13.4966 -44.9805 
vt 13.4492 -44.9805 
vt 13.4492 -45.0146 
vt 13.4492 -45.0046 
vt 13.4966 -45.0163 
vt 13.4966 -44.9805 
vt 13.4492 -44.9805 
vt 13.9368 -44.9299 
vt 13.9368 -44.8901 
vt 13.9336 -44.9159 
vt 13.9041 -45.0387 
vt 13.8995 -45.0517 
vt 13.5376 -45.0453 
vt 13.5376 -45.0169 
vt 13.5715 -45.0653 
vt 13.5715 -45.1545 
vt 13.5877 -45.1644 
vt 13.5877 -45.1644 
vt 13.903 -44.8901 
vt 13.8563 -44.8901 
vt 13.8308 -44.8901 
vt 13.4397 -44.9121 
vt 13.4397 -44.9121 
vt 13.9041 -45.0387 
vt 13.8341 -45.0387 
vt 13.8995 -45.0517 
vt 13.8387 -45.0517 
vt 13.8563 -44.9173 
vt 13.903 -44.9173 
vt 13.903 -44.8901 
vt 13.8563 -44.8901 
vt 13.4397 -44.9659 
vt 13.4397 -44.9121 
vt 13.4209 -44.9314 
vt 13.4397 -44.9659 
vt 13.4195 -44.9261 
vt 13.4156 -44.9222 
vt 13.4103 -44.9208 
vt 13.4195 -44.9367 
vt 13.4156 -44.9405 
vt 13.4103 -44.9419 
vt 13.405 -44.9405 
vt 13.367 -44.9405 
vt 13.4012 -44.9367 
vt 13.3291 -44.9659 
vt 13.3709 -44.9367 
vt 13.3997 -44.9314 
vt 13.3723 -44.9314 
vt 13.3618 -44.9419 
vt 13.3565 -44.9405 
vt 13.3526 -44.9367 
vt 13.3291 -44.9207 
vt 13.3512 -44.9314 
vt 13.3526 -44.9261 
vt 13.3565 -44.9222 
vt 13.3618 -44.9208 
vt 13.3291 -44.9207 
vt 13.3565 -44.9222 
vt 13.4397 -44.9121 
vt 13.4103 -44.9208 
vt 13.367 -44.9222 
vt 13.405 -44.9222 
vt 13.4012 -44.9261 
vt 13.3709 -44.9261 
vt 13.3997 -44.9314 
vt 13.3723 -44.9314 
vt 13.8308 -44.9299 
vt 13.9368 -44.8901 
vt 13.903 -44.9173 
vt 13.9368 -44.9173 
vt 13.903 -44.8901 
vt 13.903 -44.9299 
vt 13.9368 -44.9299 
vt 13.8563 -44.9173 
vt 13.8563 -44.9299 
vt 13.8308 -44.9299 
vt 13.8308 -44.9173 
vt 13.8563 -44.8901 
vt 13.8308 -44.8901 
vt 13.7065 -45.0169 
vt 13.5376 -45.0169 
vt 13.7065 -45.0453 
vt 13.5376 -45.0453 
vt 13.6726 -45.0653 
vt 13.5715 -45.0653 
vt 13.7065 -45.0453 
vt 13.5715 -45.1545 
vt 13.6726 -45.1545 
vt 13.5715 -45.0653 
vt 13.6564 -45.1644 
vt 13.6726 -45.1545 
vt 13.5877 -45.1644 
vt 13.6564 -45.1644 
vt 13.3403 -44.8622 
vt 13.337 -44.8753 
vt 13.3441 -44.8753 
vt 13.3408 -44.8622 
vt 13.9336 -44.9159 
vt 13.9336 -44.8737 
vt 13.919 -44.9159 
vt 13.919 -44.8737 
vt 13.3478 -44.8737 
vt 13.3332 -44.9455 
vt 13.3478 -44.9455 
vt 13.3332 -44.8737 
vt 13.9321 -44.8746 
vt 13.9321 -44.8356 
vt 13.9205 -44.8746 
vt 13.9205 -44.8356 
vt 13.3463 -44.8356 
vt 13.3347 -44.8746 
vt 13.3463 -44.8746 
vt 13.3347 -44.8356 
vt 13.9267 -44.8601 
vt 13.9267 -44.8597 
vt 13.9262 -44.8601 
vt 13.9262 -44.8597 
vt 13.9205 -44.8416 
vt 13.9205 -44.8746 
vt 13.9321 -44.8746 
vt 13.9321 -44.8416 
vt 13.3463 -44.8416 
vt 13.3347 -44.8416 
vt 13.3347 -44.8746 
vt 13.3463 -44.8746 
vt 13.3463 -44.8416 
vt 13.4397 -44.9447 
vt 13.4209 -44.9314 
vt 13.4195 -44.9367 
vt 13.4156 -44.9405 
vt 13.4397 -44.9121 
vt 13.4195 -44.9261 
vt 13.4156 -44.9222 
vt 13.4103 -44.9208 
vt 13.3618 -44.9208 
vt 13.3291 -44.9207 
vt 13.3565 -44.9222 
vt 13.367 -44.9222 
vt 13.405 -44.9222 
vt 13.4012 -44.9261 
vt 13.3709 -44.9261 
vt 13.3723 -44.9311 
vt 13.3997 -44.9314 
vt 13.367 -44.9405 
vt 13.4012 -44.9367 
vt 13.3709 -44.9367 
vt 13.3997 -44.9314 
vt 13.3723 -44.9314 
vt 13.3723 -44.9311 
vt 13.405 -44.9405 
vt 13.4103 -44.9419 
vt 13.3618 -44.9419 
vt 13.4397 -44.9447 
vt 13.4156 -44.9405 
vt 13.3291 -44.9447 
vt 13.3565 -44.9405 
vt 13.3526 -44.9367 
vt 13.3512 -44.9314 
vt 13.3291 -44.9207 
vt 13.3526 -44.9261 
vt 13.3565 -44.9222 
vt 13.4195 -44.9367 
vt 13.8308 -44.9128 
vt 13.8563 -44.9128 
vt 13.8308 -44.8901 
vt 13.8563 -44.8901 
vt 13.903 -44.9128 
vt 13.9368 -44.9128 
vt 13.903 -44.8901 
vt 13.9368 -44.8901 
vt 13.903 -44.8901 
vt 13.8563 -44.8901 
vt 13.903 -44.9128 
vt 13.8563 -44.9128 
vt 13.4492 -44.9565 
vt 13.3117 -44.9565 
vt 13.4492 -44.9805 
vt 13.3117 -44.9805 
vt 13.3117 -45.0046 
vt 13.4492 -45.0046 
vt 13.3117 -44.9805 
vt 13.4492 -44.9805 
vt 13.987 -44.9338 
vt 13.777 -44.9338 
vt 13.987 -44.9805 
vt 13.777 -44.9805 
vt 13.777 -45.0467 
vt 13.777 -45.0273 
vt 13.987 -45.0273 
vt 13.777 -44.9805 
vt 13.987 -44.9805 
vt 13.4966 -45.0163 
vt 13.7542 -45.0163 
vt 13.7542 -44.9805 
vt 13.4966 -44.9805 
vt 13.7542 -45.0311 
vt 13.4966 -44.9448 
vt 13.7542 -44.9448 
vt 13.4966 -44.9805 
vt 13.7542 -44.9805 
vt 13.7542 -45.0163 
vt 13.777 -45.0273 
vt 13.777 -44.9805 
vt 13.7542 -44.9805 
vt 13.7542 -44.9448 
vt 13.777 -44.9338 
vt 13.777 -44.9805 
vt 13.7542 -44.9805 
vt 14.6275 -44.9805 
vt 14.3769 -44.9443 
vt 14.3769 -44.9805 
vt 14.6275 -44.926 
vt 14.6275 -44.9034 
vt 14.3769 -44.9294 
vt 14.3769 -45.0317 
vt 14.3769 -45.0167 
vt 14.6275 -45.0351 
vt 14.6275 -44.9805 
vt 14.3769 -44.9805 
vt 14.6468 -44.8847 
vt 14.6275 -44.926 
vt 14.6468 -44.9128 
vt 14.6468 -44.9805 
vt 14.6275 -44.9805 
vt 14.6275 -45.0351 
vt 14.6468 -45.0483 
vt 14.6468 -44.9805 
vt 14.6275 -44.9805 
vt 14.6883 -44.9128 
vt 14.6468 -44.9128 
vt 14.6883 -44.9805 
vt 14.6468 -44.9805 
vt 14.6468 -45.0483 
vt 14.6883 -45.0483 
vt 14.6468 -44.9805 
vt 14.6883 -44.9805 
vt 14.0678 -44.9128 
vt 14.0959 -44.9805 
vt 14 -45.0764 
vt 14.0678 -45.0483 
vt 13.9659 -44.9805 
vt 14 -45.0146 
vt 14.0341 -44.9805 
vt 14.0241 -45.0046 
vt 13.9759 -45.0046 
vt 14 -44.9465 
vt 13.9759 -44.9565 
vt 14.0241 -44.9565 
vt 13.9789 -44.9659 
vt 14.0113 -44.9447 
vt 13.9887 -44.9447 
vt 13.9789 -44.9207 
vt 13.9887 -44.9207 
vt 14.021 -44.9659 
vt 14.021 -44.9207 
vt 14.0113 -44.9207 
vt 13.9974 -44.8753 
vt 14.0002 -44.8622 
vt 13.9998 -44.8622 
vt 14.0026 -44.8753 
vt 14.015 -44.9455 
vt 14.015 -44.8737 
vt 13.985 -44.9455 
vt 13.985 -44.8737 
vt 13.9859 -44.8746 
vt 13.9909 -44.8416 
vt 13.9859 -44.8356 
vt 13.9909 -44.8746 
vt 14.0091 -44.8416 
vt 14.0141 -44.8356 
vt 14.0141 -44.8746 
vt 14.0091 -44.8746 
vt 13.9782 -44.8901 
vt 14.0128 -44.9128 
vt 13.985 -44.8737 
vt 13.9899 -44.8583 
vt 13.9814 -45.0169 
vt 13.9814 -45.0453 
vt 14.0186 -45.0453 
vt 14.0186 -45.0169 
vt 14.0186 -45.0653 
vt 13.9814 -45.0653 
vt 13.9814 -45.1545 
vt 14.0186 -45.1545 
vt 14.0101 -44.8583 
vt 13.985 -44.8737 
vt 13.9782 -44.8901 
vt 14.0218 -44.8901 
vt 14.0159 -45.0387 
vt 13.9841 -45.0387 
vt 13.9862 -45.0517 
vt 14.0128 -44.9128 
vt 13.9789 -44.9314 
vt 13.9789 -44.9208 
vt 13.9789 -44.9208 
vt 13.9789 -44.9419 
vt 14.021 -44.9208 
vt 14.021 -44.9419 
vt 14.021 -44.9367 
vt 14.021 -44.9208 
vt 13.9782 -44.9299 
vt 14.0218 -44.9299 
vt 13.985 -44.9159 
vt 14.015 -44.9159 
vt 13.985 -44.9455 
vt 14.0031 -44.8601 
vt 13.9887 -44.9208 
vt 13.9887 -44.9208 
vt 13.9887 -44.9367 
vt 13.9887 -44.9419 
vt 13.9532 -44.9338 
vt 14.0661 -44.9805 
vt 13.9532 -45.0273 
vt 14 -45.0467 
vt 13.9887 -44.9367 
vt 13.9789 -44.9367 
vt 13.9887 -44.9314 
vt 13.9789 -44.9314 
vt 13.9887 -44.9311 
vt 13.9789 -44.9261 
vt 13.9887 -44.9261 
vt 14 -45.0311 
vt 13.9862 -45.0517 
vt 14.0159 -45.0387 
vt 13.9841 -45.0387 
vt 14.0138 -45.0517 
vt 14.0128 -44.9128 
vt 13.9872 -44.9128 
vt 13.9782 -44.9299 
vt 13.9782 -44.9173 
vt 13.9782 -44.8901 
vt 13.9872 -44.8901 
vt 14.0218 -44.9299 
vt 14.0218 -44.9173 
vt 14.0218 -44.8901 
vt 14.0128 -44.8901 
vt 13.9715 -44.8901 
vt 13.9782 -44.9173 
vt 13.9782 -44.8901 
vt 13.9711 -44.9173 
vt 14.0218 -44.9173 
vt 14.0285 -44.8901 
vt 14.0218 -44.8901 
vt 14.0289 -44.9173 
vt 13.9809 -44.8901 
vt 13.9809 -44.9128 
vt 13.9872 -44.9128 
vt 13.9872 -44.8901 
vt 14.0128 -44.9128 
vt 14.0191 -44.8901 
vt 14.0128 -44.8901 
vt 14.0191 -44.9128 
vt 13.985 -44.8737 
vt 13.985 -44.9159 
vt 14.015 -44.8737 
vt 14.015 -44.9159 
vt 14.0101 -44.8615 
vt 14.0031 -44.8597 
vt 14.0031 -44.8601 
vt 14.0101 -44.8583 
vt 13.9899 -44.8615 
vt 13.9969 -44.8597 
vt 13.9899 -44.8583 
vt 13.9969 -44.8601 
vt 13.9859 -44.8746 
vt 13.9909 -44.8416 
vt 13.9859 -44.8356 
vt 13.9909 -44.8746 
vt 14.0091 -44.8416 
vt 14.0141 -44.8356 
vt 14.0141 -44.8746 
vt 14.0091 -44.8746 
vt 14.0113 -44.9367 
vt 14.021 -44.9367 
vt 14.0113 -44.9314 
vt 14.021 -44.9314 
vt 14.021 -44.9261 
vt 14.0113 -44.9261 
vt 14.0113 -44.9367 
vt 14.021 -44.9367 
vt 14.0113 -44.9314 
vt 14.021 -44.9314 
vt 14.0113 -44.9261 
vt 14.021 -44.9261 
vt 13.9887 -44.9367 
vt 13.9789 -44.9367 
vt 13.9887 -44.9314 
vt 13.9789 -44.9314 
vt 13.9887 -44.9261 
vt 13.9789 -44.9261 
vt 14.6883 -45 
vt 14.6883 -45.0424 
vt 14.6883 -44.9576 
vt 14.6883 -44.9041 
vt 14.6883 -45.0599 
vt 14.6883 -45.0678 
vt 14.6883 -45.0424 
vt 14.6883 -45 
vt 14.6883 -44.9322 
vt 14.4706 -44.9499 
vt 14.4706 -44.9646 
vt 14.4706 -45.0501 
vt 14.4706 -45.0354 
vt 14.6883 -45.0424 
vt 14.6883 -44.9576 
vt 14.6883 -45 
vt 14.4706 -45 
vt 13.3117 -45.0341 
vt 13.3117 -45 
vt 13.3117 -44.9659 
vt 13.3117 -44.9759 
vt 13.3117 -45.0241 
vt 13.3291 -44.9887 
vt 13.3291 -45.0113 
vt 13.3291 -44.9887 
vt 13.3347 -45.0091 
vt 13.3347 -44.9909 
vt 13.4966 -45.0506 
vt 13.4492 -45 
vt 13.4492 -45.0341 
vt 13.4492 -45.0241 
vt 13.4966 -44.9494 
vt 13.4966 -45.0358 
vt 13.4966 -45 
vt 13.4492 -45 
vt 13.4492 -44.9759 
vt 13.4966 -44.9642 
vt 13.9041 -44.9841 
vt 13.8995 -45.0138 
vt 13.5376 -45.0186 
vt 13.5376 -44.9814 
vt 13.5715 -44.9814 
vt 13.5715 -45.0186 
vt 13.5715 -45.0186 
vt 13.5715 -44.9814 
vt 13.5877 -45.0186 
vt 13.5877 -44.9814 
vt 13.4397 -44.9887 
vt 13.8341 -44.9841 
vt 13.8387 -45.0138 
vt 13.3723 -45.021 
vt 13.3618 -45.021 
vt 13.4397 -45.021 
vt 13.3723 -44.979 
vt 13.3512 -44.979 
vt 13.3618 -44.979 
vt 13.8308 -45.0218 
vt 13.7065 -44.9814 
vt 13.6726 -44.9814 
vt 13.7065 -45.0186 
vt 13.6726 -45.0186 
vt 13.7065 -45.0186 
vt 13.7065 -44.9814 
vt 13.6726 -45.0186 
vt 13.6726 -44.9814 
vt 13.6726 -44.9814 
vt 13.6726 -45.0186 
vt 13.6564 -44.9814 
vt 13.6564 -45.0186 
vt 13.3463 -44.9909 
vt 13.3463 -45.0091 
vt 13.4209 -45.0113 
vt 13.4103 -45.0113 
vt 13.3618 -45.0113 
vt 13.3709 -45.0113 
vt 13.4103 -45.0113 
vt 13.4195 -44.9887 
vt 13.903 -45.0289 
vt 13.8563 -45.0218 
vt 13.8563 -45.0289 
vt 13.903 -45.0218 
vt 13.903 -44.9711 
vt 13.8563 -44.9711 
vt 13.903 -44.9782 
vt 13.8563 -44.9782 
vt 13.3117 -45.0241 
vt 13.4492 -45.0241 
vt 13.3117 -45 
vt 13.4492 -45 
vt 13.3117 -44.9759 
vt 13.4492 -44.9759 
vt 13.987 -44.9339 
vt 13.777 -44.9339 
vt 13.777 -45.0468 
vt 13.987 -45.0468 
vt 13.777 -45 
vt 13.987 -45 
vt 13.777 -44.9532 
vt 13.987 -44.9532 
vt 13.3618 -45.021 
vt 13.3565 -45.0113 
vt 13.3565 -45.021 
vt 13.3618 -45.0113 
vt 13.3526 -45.0113 
vt 13.3526 -45.021 
vt 13.3709 -45.021 
vt 13.3709 -45.0113 
vt 13.367 -45.0113 
vt 13.367 -45.021 
vt 13.3618 -45.0113 
vt 13.3618 -45.021 
vt 13.4966 -44.9642 
vt 13.7542 -44.9642 
vt 13.7542 -44.9494 
vt 13.4966 -45 
vt 13.7542 -45 
vt 13.4966 -45.0358 
vt 13.7542 -45.0358 
vt 13.777 -45 
vt 13.7542 -44.9642 
vt 13.7542 -45 
vt 13.7542 -45.0358 
vt 13.777 -44.9532 
vt 13.777 -45.0468 
vt 13.9286 -44.9899 
vt 13.9262 -44.9969 
vt 13.9267 -44.9969 
vt 13.9243 -44.9899 
vt 13.9286 -45.0101 
vt 13.9262 -45.0031 
vt 13.9243 -45.0101 
vt 13.9267 -45.0031 
vt 13.9205 -45.0091 
vt 13.9321 -45.0091 
vt 13.9205 -44.9909 
vt 13.9321 -44.9909 
vt 13.3347 -45.0091 
vt 13.3463 -45.0091 
vt 13.3347 -44.9909 
vt 13.3463 -44.9909 
vt 13.3565 -44.979 
vt 13.3565 -44.9887 
vt 13.3618 -44.9887 
vt 13.3618 -44.979 
vt 13.3526 -44.979 
vt 13.3526 -44.9887 
vt 13.3709 -44.979 
vt 13.3709 -44.9887 
vt 13.367 -44.9887 
vt 13.367 -44.979 
vt 13.3618 -44.9887 
vt 13.3618 -44.979 
vt 13.4103 -44.9887 
vt 13.405 -44.979 
vt 13.405 -44.9887 
vt 13.4103 -44.979 
vt 13.4012 -44.979 
vt 13.4012 -44.9887 
vt 13.4195 -44.9887 
vt 13.4195 -44.979 
vt 13.4156 -44.979 
vt 13.4156 -44.9887 
vt 13.4103 -44.9887 
vt 13.4103 -44.979 
vt 13.4103 -45.021 
vt 13.405 -45.0113 
vt 13.405 -45.021 
vt 13.4103 -45.0113 
vt 13.4012 -45.0113 
vt 13.4012 -45.021 
vt 13.4195 -45.0113 
vt 13.4195 -45.021 
vt 13.4156 -45.0113 
vt 13.4156 -45.021 
vt 13.4103 -45.021 
vt 13.4103 -45.0113 
vt 14.6275 -44.9228 
vt 14.3769 -44.9488 
vt 14.3769 -45.0512 
vt 14.3769 -45.0362 
vt 14.6275 -45.0546 
vt 14.6275 -45 
vt 14.3769 -45 
vt 14.3769 -44.9638 
vt 14.6275 -44.9454 
vt 14.6468 -45.0678 
vt 14.6275 -45.0546 
vt 14.6468 -45.0678 
vt 14.6468 -45 
vt 14.6275 -45 
vt 14.6275 -44.9454 
vt 14.6468 -44.9322 
vt 14.6468 -45.0678 
vt 14.6883 -45.0678 
vt 14.6468 -45 
vt 14.6883 -45 
vt 14.6468 -44.9322 
vt 14.6883 -44.9322 
vt 13.3117 -44.9382 
vt 13.3117 -44.9805 
vt 13.3117 -44.9805 
vt 13.3117 -44.9128 
vt 13.3117 -44.9805 
vt 13.3117 -44.9805 
vt 13.3117 -45.0483 
vt 13.3117 -45.0229 
vt 13.3117 -45.0764 
vt 13.3117 -45.0483 
vt 13.3117 -45.0229 
vt 13.5294 -45.0159 
vt 13.3117 -45.0229 
vt 13.3117 -44.9805 
vt 13.5294 -44.9805 
vt 13.5294 -45.0306 
vt 13.5294 -44.9451 
vt 13.5294 -44.9805 
vt 13.3117 -44.9805 
vt 13.3117 -44.9382 
vt 13.5294 -44.9305 
vt 14.6883 -44.9805 
vt 14.6883 -45.0146 
vt 14.6883 -44.9805 
vt 14.6883 -45.0046 
vt 14.6883 -44.9565 
vt 14.6709 -44.9659 
vt 14.6709 -44.9447 
vt 14.6709 -44.9447 
vt 14.6709 -44.9207 
vt 14.6709 -44.9207 
vt 14.6653 -44.8416 
vt 14.5508 -44.9565 
vt 14.5034 -44.93 
vt 14.5034 -44.9448 
vt 14.5034 -44.9805 
vt 14.5508 -44.9465 
vt 14.5508 -44.9805 
vt 14.5508 -45.0046 
vt 14.5034 -45.0163 
vt 14.5508 -45.0146 
vt 14.0632 -44.9299 
vt 14.0632 -44.9173 
vt 14.0632 -44.8901 
vt 14.0632 -44.9128 
vt 14.0632 -44.8901 
vt 14.0959 -45.0387 
vt 14.1005 -45.0517 
vt 14.4624 -45.0169 
vt 14.4624 -45.0453 
vt 14.4624 -45.0453 
vt 14.4285 -45.0653 
vt 14.4285 -45.1545 
vt 14.4285 -45.1545 
vt 14.4123 -45.1644 
vt 14.097 -44.8901 
vt 14.097 -44.8901 
vt 14.1437 -44.9128 
vt 14.1692 -44.8901 
vt 14.1437 -44.8901 
vt 14.1437 -44.8901 
vt 14.1692 -44.8901 
vt 14.5603 -44.9121 
vt 14.5603 -44.9121 
vt 14.1659 -45.0387 
vt 14.1005 -45.0517 
vt 14.1613 -45.0517 
vt 14.0959 -45.0387 
vt 14.097 -44.9173 
vt 14.1437 -44.8901 
vt 14.097 -44.8901 
vt 14.1437 -44.9173 
vt 14.1692 -44.9128 
vt 14.097 -44.9128 
vt 14.633 -44.9222 
vt 14.5988 -44.9261 
vt 14.6291 -44.9261 
vt 14.6003 -44.9314 
vt 14.6277 -44.9314 
vt 14.595 -44.9222 
vt 14.5897 -44.9208 
vt 14.6382 -44.9208 
vt 14.5603 -44.9121 
vt 14.6709 -44.9207 
vt 14.6435 -44.9222 
vt 14.5844 -44.9222 
vt 14.5603 -44.9121 
vt 14.5805 -44.9261 
vt 14.5897 -44.9208 
vt 14.5791 -44.9314 
vt 14.5603 -44.9659 
vt 14.5805 -44.9367 
vt 14.5844 -44.9405 
vt 14.5897 -44.9419 
vt 14.595 -44.9405 
vt 14.633 -44.9405 
vt 14.5988 -44.9367 
vt 14.6709 -44.9659 
vt 14.6291 -44.9367 
vt 14.6003 -44.9314 
vt 14.6277 -44.9314 
vt 14.6382 -44.9419 
vt 14.6435 -44.9405 
vt 14.6474 -44.9367 
vt 14.6709 -44.9207 
vt 14.6488 -44.9314 
vt 14.6474 -44.9261 
vt 14.6435 -44.9222 
vt 14.6291 -44.9367 
vt 14.6488 -44.9314 
vt 14.1692 -44.8901 
vt 14.1437 -44.8901 
vt 14.1437 -44.9173 
vt 14.1692 -44.9173 
vt 14.1437 -44.9299 
vt 14.1692 -44.9299 
vt 14.097 -44.9299 
vt 14.097 -44.9173 
vt 14.0632 -44.9173 
vt 14.0632 -44.9299 
vt 14.097 -44.8901 
vt 14.0632 -44.8901 
vt 14.3274 -45.0653 
vt 14.2935 -45.0169 
vt 14.4624 -45.0453 
vt 14.4624 -45.0169 
vt 14.2935 -45.0453 
vt 14.3274 -45.0653 
vt 14.2935 -45.0453 
vt 14.4285 -45.0653 
vt 14.3274 -45.1545 
vt 14.4285 -45.0653 
vt 14.4285 -45.1545 
vt 14.3436 -45.1644 
vt 14.4123 -45.1644 
vt 14.3274 -45.1545 
vt 14.6559 -44.8753 
vt 14.6597 -44.8622 
vt 14.6592 -44.8622 
vt 14.663 -44.8753 
vt 14.0664 -44.8737 
vt 14.0664 -44.9159 
vt 14.081 -44.8737 
vt 14.081 -44.9159 
vt 14.6522 -44.8737 
vt 14.6522 -44.9455 
vt 14.6668 -44.8737 
vt 14.6668 -44.9455 
vt 14.0679 -44.8356 
vt 14.0679 -44.8746 
vt 14.0795 -44.8356 
vt 14.0795 -44.8746 
vt 14.6537 -44.8356 
vt 14.6537 -44.8746 
vt 14.6653 -44.8356 
vt 14.6653 -44.8746 
vt 14.0733 -44.8597 
vt 14.0738 -44.8601 
vt 14.0738 -44.8597 
vt 14.0733 -44.8601 
vt 14.0795 -44.8746 
vt 14.0795 -44.8416 
vt 14.0679 -44.8416 
vt 14.0679 -44.8746 
vt 14.6653 -44.8746 
vt 14.6653 -44.8416 
vt 14.6537 -44.8416 
vt 14.6537 -44.8746 
vt 14.6537 -44.8416 
vt 14.5791 -44.9314 
vt 14.5844 -44.9405 
vt 14.5897 -44.9208 
vt 14.6382 -44.9208 
vt 14.6291 -44.9367 
vt 14.5897 -44.9419 
vt 14.6488 -44.9314 
vt 14.5897 -44.9419 
vt 14.633 -44.9405 
vt 14.595 -44.9405 
vt 14.5988 -44.9367 
vt 14.6291 -44.9367 
vt 14.6003 -44.9314 
vt 14.6277 -44.9314 
vt 14.6382 -44.9419 
vt 14.5603 -44.9447 
vt 14.5844 -44.9405 
vt 14.6709 -44.9447 
vt 14.6435 -44.9405 
vt 14.6474 -44.9367 
vt 14.6488 -44.9314 
vt 14.6709 -44.9207 
vt 14.6474 -44.9261 
vt 14.6435 -44.9222 
vt 14.633 -44.9222 
vt 14.5988 -44.9261 
vt 14.6291 -44.9261 
vt 14.6003 -44.9314 
vt 14.6277 -44.9314 
vt 14.595 -44.9222 
vt 14.5897 -44.9208 
vt 14.6382 -44.9208 
vt 14.6709 -44.9207 
vt 14.6435 -44.9222 
vt 14.5603 -44.9121 
vt 14.5844 -44.9222 
vt 14.5805 -44.9261 
vt 14.5791 -44.9314 
vt 14.5603 -44.9447 
vt 14.5805 -44.9367 
vt 14.5844 -44.9405 
vt 14.0632 -44.8901 
vt 14.097 -44.9128 
vt 14.097 -44.8901 
vt 14.0632 -44.9128 
vt 14.1437 -44.8901 
vt 14.1692 -44.9128 
vt 14.1692 -44.8901 
vt 14.1437 -44.9128 
vt 14.097 -44.8901 
vt 14.1437 -44.9128 
vt 14.1437 -44.8901 
vt 14.097 -44.9128 
vt 14.5508 -44.9805 
vt 14.6883 -44.9805 
vt 14.5508 -44.9565 
vt 14.6883 -44.9565 
vt 14.6883 -45.0046 
vt 14.5508 -45.0046 
vt 14.223 -44.9338 
vt 14.013 -44.9338 
vt 14.223 -44.9805 
vt 14.013 -44.9805 
vt 14.223 -45.0273 
vt 14.013 -45.0273 
vt 14.223 -45.0467 
vt 14.013 -45.0467 
vt 14.2458 -45.0311 
vt 14.5034 -45.0163 
vt 14.2458 -45.0163 
vt 14.5034 -44.9805 
vt 14.2458 -44.9805 
vt 14.5034 -44.9448 
vt 14.2458 -44.9448 
vt 14.2458 -45.0163 
vt 14.223 -45.0273 
vt 14.223 -44.9805 
vt 14.2458 -44.9805 
vt 14.2458 -44.9448 
vt 14.223 -44.9338 
vt 13.6231 -44.9443 
vt 13.3725 -44.926 
vt 13.3725 -44.9805 
vt 13.6231 -44.9805 
vt 13.6231 -45.0167 
vt 13.3725 -45.0351 
vt 13.6231 -45.0317 
vt 13.3532 -44.9128 
vt 13.3725 -44.926 
vt 13.3532 -44.9805 
vt 13.3725 -44.9805 
vt 13.3725 -45.0351 
vt 13.3532 -45.0483 
vt 13.3117 -44.9128 
vt 13.3532 -44.9128 
vt 13.3117 -44.9805 
vt 13.3532 -44.9805 
vt 13.3532 -45.0483 
vt 13.3117 -45.0483 

usemtl Meshpart5Mtl

f 631/631/631 632/632/632 633/633/633 
f 634/634/634 633/633/633 632/632/632 
f 632/632/632 631/631/631 635/635/635 
f 636/636/636 635/635/635 631/631/631 
f 635/635/635 636/636/636 637/637/637 
f 633/633/633 634/634/634 638/638/638 
f 639/639/639 638/638/638 634/634/634 
f 638/638/638 639/639/639 640/640/640 
f 641/641/641 640/640/640 639/639/639 
f 641/641/641 639/639/639 642/642/642 
f 643/643/643 641/641/641 642/642/642 
f 643/643/643 642/642/642 644/644/644 
f 644/644/644 645/645/645 643/643/643 
f 645/645/645 644/644/644 646/646/646 
f 647/647/647 645/645/645 646/646/646 
f 646/646/646 648/648/648 647/647/647 
f 652/652/652 649/649/649 651/651/651 
f 653/653/653 649/649/649 652/652/652 
f 649/649/649 653/653/653 654/654/654 
f 656/656/656 652/652/652 655/655/655 
f 652/652/652 656/656/656 653/653/653 
f 653/653/653 656/656/656 657/657/657 
f 665/665/665 666/666/666 667/667/667 
f 667/667/667 666/666/666 668/668/668 
f 668/668/668 669/669/669 667/667/667 
f 670/670/670 667/667/667 669/669/669 
f 667/667/667 671/671/671 665/665/665 
f 665/665/665 671/671/671 672/672/672 
f 671/671/671 673/673/673 672/672/672 
f 673/673/673 671/671/671 674/674/674 
f 675/675/675 676/676/676 677/677/677 
f 676/676/676 675/675/675 678/678/678 
f 679/679/679 680/680/680 681/681/681 
f 679/679/679 681/681/681 682/682/682 
f 680/680/680 683/683/683 681/681/681 
f 680/680/680 684/684/684 683/683/683 
f 684/684/684 685/685/685 683/683/683 
f 686/686/686 683/683/683 685/685/685 
f 687/687/687 688/688/688 689/689/689 
f 689/689/689 688/688/688 690/690/690 
f 691/691/691 692/692/692 693/693/693 
f 692/692/692 691/691/691 694/694/694 
f 695/695/695 696/696/696 697/697/697 
f 696/696/696 695/695/695 698/698/698 
f 699/699/699 700/700/700 701/701/701 
f 702/702/702 703/703/703 704/704/704 
f 705/705/705 706/706/706 707/707/707 
f 708/708/708 709/709/709 710/710/710 
f 711/711/711 712/712/712 713/713/713 
f 711/711/711 713/713/713 714/714/714 
f 715/715/715 716/716/716 717/717/717 
f 718/718/718 717/717/717 716/716/716 
f 739/739/739 740/740/740 741/741/741 
f 741/741/741 740/740/740 742/742/742 
f 744/744/744 745/745/745 743/743/743 
f 746/746/746 743/743/743 745/745/745 
f 759/759/759 758/758/758 757/757/757 
f 758/758/758 759/759/759 760/760/760 
f 760/760/760 759/759/759 761/761/761 
f 761/761/761 762/762/762 760/760/760 
f 765/765/765 764/764/764 763/763/763 
f 764/764/764 765/765/765 766/766/766 
f 767/767/767 766/766/766 765/765/765 
f 766/766/766 767/767/767 768/768/768 
f 769/769/769 770/770/770 771/771/771 
f 770/770/770 769/769/769 772/772/772 
f 773/773/773 770/770/770 772/772/772 
f 770/770/770 773/773/773 774/774/774 
f 775/775/775 774/774/774 773/773/773 
f 774/774/774 775/775/775 776/776/776 
f 779/779/779 778/778/778 777/777/777 
f 778/778/778 779/779/779 780/780/780 
f 781/781/781 780/780/780 779/779/779 
f 780/780/780 781/781/781 782/782/782 
f 785/785/785 784/784/784 783/783/783 
f 784/784/784 785/785/785 786/786/786 
f 787/787/787 786/786/786 785/785/785 
f 786/786/786 787/787/787 788/788/788 
f 789/789/789 790/790/790 791/791/791 
f 790/790/790 789/789/789 792/792/792 
f 793/793/793 794/794/794 795/795/795 
f 794/794/794 793/793/793 796/796/796 
f 797/797/797 798/798/798 799/799/799 
f 797/797/797 799/799/799 800/800/800 
f 798/798/798 801/801/801 799/799/799 
f 798/798/798 802/802/802 801/801/801 
f 802/802/802 803/803/803 801/801/801 
f 804/804/804 801/801/801 803/803/803 
f 815/815/815 816/816/816 817/817/817 
f 816/816/816 815/815/815 819/819/819 
f 815/815/815 820/820/820 819/819/819 
f 820/820/820 815/815/815 821/821/821 
f 835/835/835 836/836/836 837/837/837 
f 836/836/836 835/835/835 838/838/838 
f 840/840/840 836/836/836 838/838/838 
f 836/836/836 840/840/840 841/841/841 
f 851/851/851 852/852/852 853/853/853 
f 853/853/853 854/854/854 851/851/851 
f 855/855/855 856/856/856 857/857/857 
f 857/857/857 858/858/858 855/855/855 
f 859/859/859 860/860/860 861/861/861 
f 860/860/860 859/859/859 862/862/862 
f 863/863/863 864/864/864 865/865/865 
f 865/865/865 864/864/864 866/866/866 
f 867/867/867 868/868/868 869/869/869 
f 868/868/868 867/867/867 870/870/870 
f 871/871/871 872/872/872 873/873/873 
f 873/873/873 874/874/874 871/871/871 
f 875/875/875 876/876/876 877/877/877 
f 877/877/877 878/878/878 875/875/875 
f 879/879/879 880/880/880 881/881/881 
f 880/880/880 879/879/879 882/882/882 
f 882/882/882 879/879/879 883/883/883 
f 884/884/884 883/883/883 879/879/879 
f 884/884/884 879/879/879 885/885/885 
f 885/885/885 886/886/886 884/884/884 
f 886/886/886 885/885/885 887/887/887 
f 888/888/888 887/887/887 885/885/885 
f 889/889/889 890/890/890 891/891/891 
f 892/892/892 891/891/891 890/890/890 
f 891/891/891 892/892/892 893/893/893 
f 891/891/891 893/893/893 894/894/894 
f 890/890/890 889/889/889 895/895/895 
f 889/889/889 896/896/896 895/895/895 
f 896/896/896 889/889/889 897/897/897 
f 897/897/897 889/889/889 898/898/898 
f 899/899/899 900/900/900 901/901/901 
f 902/902/902 901/901/901 900/900/900 
f 903/903/903 904/904/904 905/905/905 
f 904/904/904 903/903/903 906/906/906 
f 907/907/907 908/908/908 909/909/909 
f 910/910/910 909/909/909 908/908/908 
f 911/911/911 912/912/912 913/913/913 
f 914/914/914 913/913/913 912/912/912 
f 915/915/915 916/916/916 917/917/917 
f 916/916/916 915/915/915 918/918/918 
f 919/919/919 916/916/916 918/918/918 
f 919/919/919 918/918/918 920/920/920 
f 921/921/921 919/919/919 920/920/920 
f 919/919/919 921/921/921 922/922/922 
f 923/923/923 924/924/924 925/925/925 
f 923/923/923 925/925/925 926/926/926 
f 927/927/927 928/928/928 929/929/929 
f 927/927/927 929/929/929 930/930/930 
f 939/939/939 940/940/940 941/941/941 
f 940/940/940 939/939/939 942/942/942 
f 953/953/953 954/954/954 952/952/952 
f 954/954/954 953/953/953 955/955/955 
f 955/955/955 956/956/956 954/954/954 
f 956/956/956 955/955/955 957/957/957 
f 958/958/958 959/959/959 960/960/960 
f 961/961/961 960/960/960 959/959/959 
f 959/959/959 958/958/958 962/962/962 
f 963/963/963 962/962/962 958/958/958 
f 969/969/969 968/968/968 967/967/967 
f 968/968/968 969/969/969 970/970/970 
f 971/971/971 970/970/970 969/969/969 
f 970/970/970 971/971/971 972/972/972 
f 973/973/973 972/972/972 971/971/971 
f 972/972/972 973/973/973 974/974/974 
f 975/975/975 974/974/974 973/973/973 
f 974/974/974 975/975/975 976/976/976 
f 978/978/978 977/977/977 979/979/979 
f 978/978/978 979/979/979 980/980/980 
f 980/980/980 979/979/979 981/981/981 
f 980/980/980 981/981/981 982/982/982 
f 985/985/985 984/984/984 983/983/983 
f 983/983/983 986/986/986 985/985/985 
f 987/987/987 985/985/985 986/986/986 
f 985/985/985 987/987/987 988/988/988 
f 991/991/991 990/990/990 989/989/989 
f 990/990/990 991/991/991 992/992/992 
f 993/993/993 992/992/992 991/991/991 
f 992/992/992 993/993/993 994/994/994 
f 994/994/994 993/993/993 995/995/995 
f 995/995/995 993/993/993 996/996/996 
f 995/995/995 996/996/996 997/997/997 
f 997/997/997 996/996/996 998/998/998 
f 1001/1001/1001 1000/1000/1000 999/999/999 
f 1000/1000/1000 1001/1001/1001 1002/1002/1002 
f 1003/1003/1003 1002/1002/1002 1001/1001/1001 
f 1002/1002/1002 1003/1003/1003 1004/1004/1004 
f 1004/1004/1004 1003/1003/1003 1005/1005/1005 
f 1005/1005/1005 1003/1003/1003 1006/1006/1006 
f 1005/1005/1005 1006/1006/1006 1007/1007/1007 
f 1007/1007/1007 1006/1006/1006 1008/1008/1008 
f 1011/1011/1011 1010/1010/1010 1009/1009/1009 
f 1010/1010/1010 1011/1011/1011 1012/1012/1012 
f 1013/1013/1013 1012/1012/1012 1011/1011/1011 
f 1012/1012/1012 1013/1013/1013 1014/1014/1014 
f 1015/1015/1015 1014/1014/1014 1013/1013/1013 
f 1014/1014/1014 1015/1015/1015 1016/1016/1016 
f 1017/1017/1017 1016/1016/1016 1015/1015/1015 
f 1016/1016/1016 1017/1017/1017 1018/1018/1018 
f 1023/1023/1023 1020/1020/1020 1022/1022/1022 
f 1020/1020/1020 1023/1023/1023 1024/1024/1024 
f 1024/1024/1024 1023/1023/1023 1025/1025/1025 
f 1026/1026/1026 1025/1025/1025 1023/1023/1023 
f 1028/1028/1028 1029/1029/1029 1030/1030/1030 
f 1030/1030/1030 1031/1031/1031 1028/1028/1028 
f 1032/1032/1032 1028/1028/1028 1031/1031/1031 
f 1028/1028/1028 1032/1032/1032 1033/1033/1033 
f 1034/1034/1034 1035/1035/1035 1036/1036/1036 
f 1035/1035/1035 1037/1037/1037 1036/1036/1036 
f 1036/1036/1036 1037/1037/1037 1038/1038/1038 
f 1037/1037/1037 1039/1039/1039 1038/1038/1038 
f 1052/1052/1052 1050/1050/1050 1051/1051/1051 
f 1050/1050/1050 1052/1052/1052 1053/1053/1053 
f 1053/1053/1053 1052/1052/1052 1054/1054/1054 
f 1055/1055/1055 1054/1054/1054 1052/1052/1052 
f 1067/1067/1067 1066/1066/1066 1068/1068/1068 
f 1069/1069/1069 1068/1068/1068 1066/1066/1066 
f 1073/1073/1073 1071/1071/1071 1072/1072/1072 
f 1071/1071/1071 1073/1073/1073 1074/1074/1074 
f 1091/1091/1091 1092/1092/1092 1093/1093/1093 
f 1093/1093/1093 1092/1092/1092 1094/1094/1094 
f 1095/1095/1095 1096/1096/1096 1097/1097/1097 
f 1095/1095/1095 1097/1097/1097 1098/1098/1098 
f 1100/1100/1100 1101/1101/1101 1102/1102/1102 
f 1101/1101/1101 1100/1100/1100 1103/1103/1103 
f 1100/1100/1100 1104/1104/1104 1103/1103/1103 
f 1104/1104/1104 1100/1100/1100 1105/1105/1105 
f 1102/1102/1102 1101/1101/1101 1106/1106/1106 
f 1102/1102/1102 1106/1106/1106 1107/1107/1107 
f 1108/1108/1108 1102/1102/1102 1107/1107/1107 
f 1109/1109/1109 1102/1102/1102 1108/1108/1108 
f 1102/1102/1102 1109/1109/1109 1110/1110/1110 
f 1111/1111/1111 1110/1110/1110 1109/1109/1109 
f 1102/1102/1102 1110/1110/1110 1112/1112/1112 
f 1110/1110/1110 1111/1111/1111 1113/1113/1113 
f 1114/1114/1114 1113/1113/1113 1111/1111/1111 
f 1113/1113/1113 1114/1114/1114 1115/1115/1115 
f 1112/1112/1112 1110/1110/1110 1116/1116/1116 
f 1112/1112/1112 1116/1116/1116 1117/1117/1117 
f 1118/1118/1118 1112/1112/1112 1117/1117/1117 
f 1112/1112/1112 1118/1118/1118 1119/1119/1119 
f 1119/1119/1119 1118/1118/1118 1120/1120/1120 
f 1120/1120/1120 1121/1121/1121 1119/1119/1119 
f 1119/1119/1119 1121/1121/1121 1122/1122/1122 
f 1123/1123/1123 1124/1124/1124 1125/1125/1125 
f 1126/1126/1126 1124/1124/1124 1123/1123/1123 
f 1123/1123/1123 1127/1127/1127 1126/1126/1126 
f 1127/1127/1127 1123/1123/1123 1128/1128/1128 
f 1127/1127/1127 1128/1128/1128 1129/1129/1129 
f 1128/1128/1128 1130/1130/1130 1129/1129/1129 
f 1130/1130/1130 1128/1128/1128 1131/1131/1131 
f 1131/1131/1131 1132/1132/1132 1130/1130/1130 
f 1132/1132/1132 1131/1131/1131 1133/1133/1133 
f 1135/1135/1135 1136/1136/1136 1137/1137/1137 
f 1136/1136/1136 1135/1135/1135 1138/1138/1138 
f 1139/1139/1139 1137/1137/1137 1136/1136/1136 
f 1139/1139/1139 1140/1140/1140 1137/1137/1137 
f 1136/1136/1136 1141/1141/1141 1139/1139/1139 
f 1142/1142/1142 1139/1139/1139 1141/1141/1141 
f 1143/1143/1143 1142/1142/1142 1141/1141/1141 
f 1143/1143/1143 1141/1141/1141 1144/1144/1144 
f 1141/1141/1141 1145/1145/1145 1144/1144/1144 
f 1144/1144/1144 1145/1145/1145 1146/1146/1146 
f 1147/1147/1147 1148/1148/1148 1149/1149/1149 
f 1150/1150/1150 1149/1149/1149 1148/1148/1148 
f 1151/1151/1151 1150/1150/1150 1152/1152/1152 
f 1153/1153/1153 1150/1150/1150 1151/1151/1151 
f 1154/1154/1154 1155/1155/1155 1151/1151/1151 
f 1154/1154/1154 1151/1151/1151 1156/1156/1156 
f 1154/1154/1154 1157/1157/1157 1158/1158/1158 
f 1157/1157/1157 1154/1154/1154 1159/1159/1159 
f 1161/1161/1161 1162/1162/1162 1163/1163/1163 
f 1163/1163/1163 1164/1164/1164 1161/1161/1161 
f 1165/1165/1165 1166/1166/1166 1167/1167/1167 
f 1167/1167/1167 1166/1166/1166 1168/1168/1168 
f 1169/1169/1169 1170/1170/1170 1171/1171/1171 
f 1170/1170/1170 1169/1169/1169 1172/1172/1172 
f 1173/1173/1173 1174/1174/1174 1175/1175/1175 
f 1175/1175/1175 1174/1174/1174 1176/1176/1176 
f 1177/1177/1177 1178/1178/1178 1179/1179/1179 
f 1178/1178/1178 1177/1177/1177 1180/1180/1180 
f 1181/1181/1181 1182/1182/1182 1183/1183/1183 
f 1183/1183/1183 1182/1182/1182 1184/1184/1184 
f 1185/1185/1185 1186/1186/1186 1187/1187/1187 
f 1187/1187/1187 1188/1188/1188 1185/1185/1185 
f 1190/1190/1190 1191/1191/1191 1192/1192/1192 
f 1192/1192/1192 1193/1193/1193 1190/1190/1190 
f 1194/1194/1194 1195/1195/1195 1196/1196/1196 
f 1197/1197/1197 1194/1194/1194 1196/1196/1196 
f 1198/1198/1198 1195/1195/1195 1194/1194/1194 
f 1195/1195/1195 1198/1198/1198 1199/1199/1199 
f 1200/1200/1200 1199/1199/1199 1198/1198/1198 
f 1198/1198/1198 1201/1201/1201 1200/1200/1200 
f 1202/1202/1202 1201/1201/1201 1198/1198/1198 
f 1198/1198/1198 1203/1203/1203 1202/1202/1202 
f 1202/1202/1202 1203/1203/1203 1204/1204/1204 
f 1205/1205/1205 1201/1201/1201 1202/1202/1202 
f 1201/1201/1201 1205/1205/1205 1206/1206/1206 
f 1206/1206/1206 1205/1205/1205 1207/1207/1207 
f 1207/1207/1207 1205/1205/1205 1208/1208/1208 
f 1209/1209/1209 1207/1207/1207 1208/1208/1208 
f 1207/1207/1207 1209/1209/1209 1210/1210/1210 
f 1211/1211/1211 1212/1212/1212 1213/1213/1213 
f 1214/1214/1214 1213/1213/1213 1212/1212/1212 
f 1213/1213/1213 1214/1214/1214 1215/1215/1215 
f 1215/1215/1215 1214/1214/1214 1216/1216/1216 
f 1212/1212/1212 1211/1211/1211 1217/1217/1217 
f 1211/1211/1211 1218/1218/1218 1217/1217/1217 
f 1219/1219/1219 1218/1218/1218 1211/1211/1211 
f 1219/1219/1219 1220/1220/1220 1218/1218/1218 
f 1218/1218/1218 1220/1220/1220 1221/1221/1221 
f 1220/1220/1220 1219/1219/1219 1222/1222/1222 
f 1222/1222/1222 1219/1219/1219 1223/1223/1223 
f 1224/1224/1224 1222/1222/1222 1223/1223/1223 
f 1225/1225/1225 1222/1222/1222 1224/1224/1224 
f 1222/1222/1222 1225/1225/1225 1226/1226/1226 
f 1226/1226/1226 1225/1225/1225 1227/1227/1227 
f 1228/1228/1228 1226/1226/1226 1227/1227/1227 
f 1230/1230/1230 1231/1231/1231 1232/1232/1232 
f 1231/1231/1231 1233/1233/1233 1232/1232/1232 
f 1234/1234/1234 1235/1235/1235 1236/1236/1236 
f 1235/1235/1235 1237/1237/1237 1236/1236/1236 
f 1238/1238/1238 1239/1239/1239 1240/1240/1240 
f 1241/1241/1241 1240/1240/1240 1239/1239/1239 
f 1242/1242/1242 1243/1243/1243 1244/1244/1244 
f 1245/1245/1245 1244/1244/1244 1243/1243/1243 
f 1246/1246/1246 1247/1247/1247 1248/1248/1248 
f 1249/1249/1249 1248/1248/1248 1247/1247/1247 
f 1251/1251/1251 1252/1252/1252 1250/1250/1250 
f 1252/1252/1252 1251/1251/1251 1253/1253/1253 
f 1256/1256/1256 1257/1257/1257 1255/1255/1255 
f 1257/1257/1257 1256/1256/1256 1258/1258/1258 
f 1259/1259/1259 1260/1260/1260 1261/1261/1261 
f 1259/1259/1259 1261/1261/1261 1262/1262/1262 
f 1266/1266/1266 1265/1265/1265 1264/1264/1264 
f 1266/1266/1266 1267/1267/1267 1265/1265/1265 
f 1270/1270/1270 1268/1268/1268 1269/1269/1269 
f 1268/1268/1268 1270/1270/1270 1271/1271/1271 
f 1274/1274/1274 1273/1273/1273 1272/1272/1272 
f 1274/1274/1274 1272/1272/1272 1275/1275/1275 
f 1276/1276/1276 1277/1277/1277 1278/1278/1278 
f 1277/1277/1277 1276/1276/1276 1279/1279/1279 
f 1285/1285/1285 1283/1283/1283 1284/1284/1284 
f 1283/1283/1283 1285/1285/1285 1286/1286/1286 
f 1290/1290/1290 1289/1289/1289 1288/1288/1288 
f 1290/1290/1290 1288/1288/1288 1291/1291/1291 
f 1294/1294/1294 1292/1292/1292 1293/1293/1293 
f 1292/1292/1292 1294/1294/1294 1295/1295/1295 
f 1297/1297/1297 1298/1298/1298 1296/1296/1296 
f 1298/1298/1298 1297/1297/1297 1299/1299/1299 
f 1301/1301/1301 1302/1302/1302 1300/1300/1300 
f 1302/1302/1302 1301/1301/1301 1303/1303/1303 
f 1308/1308/1308 1309/1309/1309 1310/1310/1310 
f 1310/1310/1310 1309/1309/1309 1311/1311/1311 
f 1309/1309/1309 1308/1308/1308 1312/1312/1312 
f 1310/1310/1310 1313/1313/1313 1308/1308/1308 
f 1308/1308/1308 1313/1313/1313 1314/1314/1314 
f 1313/1313/1313 1310/1310/1310 1315/1315/1315 
f 1316/1316/1316 1317/1317/1317 1318/1318/1318 
f 1318/1318/1318 1319/1319/1319 1316/1316/1316 
f 1319/1319/1319 1318/1318/1318 1320/1320/1320 
f 1317/1317/1317 1316/1316/1316 1321/1321/1321 
f 1322/1322/1322 1317/1317/1317 1321/1321/1321 
f 1317/1317/1317 1322/1322/1322 1323/1323/1323 
f 1324/1324/1324 1325/1325/1325 1326/1326/1326 
f 1325/1325/1325 1324/1324/1324 1327/1327/1327 
f 1328/1328/1328 1329/1329/1329 1330/1330/1330 
f 1331/1331/1331 1330/1330/1330 1329/1329/1329 
f 1332/1332/1332 1333/1333/1333 1334/1334/1334 
f 1333/1333/1333 1332/1332/1332 1335/1335/1335 
f 1336/1336/1336 1334/1334/1334 1333/1333/1333 
f 1334/1334/1334 1336/1336/1336 1337/1337/1337 
f 1336/1336/1336 1338/1338/1338 1337/1337/1337 
f 1338/1338/1338 1336/1336/1336 1339/1339/1339 
f 1344/1344/1344 1345/1345/1345 1346/1346/1346 
f 1344/1344/1344 1346/1346/1346 1347/1347/1347 
f 1350/1350/1350 1348/1348/1348 1349/1349/1349 
f 1348/1348/1348 1350/1350/1350 1351/1351/1351 
f 1384/1384/1384 1383/1383/1383 1382/1382/1382 
f 1383/1383/1383 1384/1384/1384 1385/1385/1385 
f 1385/1385/1385 1384/1384/1384 1386/1386/1386 
f 1386/1386/1386 1387/1387/1387 1385/1385/1385 
f 1387/1387/1387 1386/1386/1386 1388/1388/1388 
f 1390/1390/1390 1391/1391/1391 1392/1392/1392 
f 1391/1391/1391 1390/1390/1390 1393/1393/1393 
f 1394/1394/1394 1395/1395/1395 1396/1396/1396 
f 1395/1395/1395 1397/1397/1397 1396/1396/1396 
f 1397/1397/1397 1395/1395/1395 1398/1398/1398 
f 1398/1398/1398 1395/1395/1395 1399/1399/1399 
f 1396/1396/1396 1400/1400/1400 1394/1394/1394 
f 1394/1394/1394 1400/1400/1400 1401/1401/1401 
f 1401/1401/1401 1402/1402/1402 1394/1394/1394 
f 1403/1403/1403 1394/1394/1394 1402/1402/1402 
f 1404/1404/1404 1405/1405/1405 1406/1406/1406 
f 1405/1405/1405 1404/1404/1404 1407/1407/1407 
f 1408/1408/1408 1409/1409/1409 1410/1410/1410 
f 1409/1409/1409 1408/1408/1408 1411/1411/1411 
f 1412/1412/1412 1413/1413/1413 1414/1414/1414 
f 1412/1412/1412 1414/1414/1414 1415/1415/1415 
f 1416/1416/1416 1417/1417/1417 1418/1418/1418 
f 1417/1417/1417 1416/1416/1416 1419/1419/1419 
f 1420/1420/1420 1421/1421/1421 1422/1422/1422 
f 1421/1421/1421 1423/1423/1423 1422/1422/1422 
f 1424/1424/1424 1425/1425/1425 1426/1426/1426 
f 1425/1425/1425 1424/1424/1424 1427/1427/1427 
f 1428/1428/1428 1429/1429/1429 1430/1430/1430 
f 1429/1429/1429 1428/1428/1428 1431/1431/1431 
f 1432/1432/1432 1433/1433/1433 1434/1434/1434 
f 1433/1433/1433 1432/1432/1432 1435/1435/1435 
f 1436/1436/1436 1434/1434/1434 1433/1433/1433 
f 1434/1434/1434 1436/1436/1436 1437/1437/1437 
f 1436/1436/1436 1438/1438/1438 1437/1437/1437 
f 1438/1438/1438 1436/1436/1436 1439/1439/1439 
f 1440/1440/1440 1441/1441/1441 1442/1442/1442 
f 1442/1442/1442 1441/1441/1441 1443/1443/1443 
f 1442/1442/1442 1443/1443/1443 1444/1444/1444 
f 1444/1444/1444 1445/1445/1445 1442/1442/1442 
f 1446/1446/1446 1447/1447/1447 1448/1448/1448 
f 1448/1448/1448 1447/1447/1447 1449/1449/1449 
f 1448/1448/1448 1449/1449/1449 1450/1450/1450 
f 1450/1450/1450 1449/1449/1449 1451/1451/1451 
f 1454/1454/1454 1453/1453/1453 1452/1452/1452 
f 1453/1453/1453 1454/1454/1454 1455/1455/1455 
f 1456/1456/1456 1455/1455/1455 1454/1454/1454 
f 1455/1455/1455 1456/1456/1456 1457/1457/1457 
f 1473/1473/1473 1470/1470/1470 1471/1471/1471 
f 1472/1472/1472 1468/1468/1468 1473/1473/1473 
f 1470/1470/1470 1473/1473/1473 1474/1474/1474 
f 1474/1474/1474 1473/1473/1473 1468/1468/1468 
f 1491/1491/1491 1488/1488/1488 1490/1490/1490 
f 1488/1488/1488 1491/1491/1491 1492/1492/1492 
f 1492/1492/1492 1491/1491/1491 1493/1493/1493 
f 1494/1494/1494 1493/1493/1493 1491/1491/1491 
f 1497/1497/1497 1499/1499/1499 1498/1498/1498 
f 1497/1497/1497 1500/1500/1500 1499/1499/1499 
f 1503/1503/1503 1502/1502/1502 1501/1501/1501 
f 1502/1502/1502 1503/1503/1503 1504/1504/1504 
f 1519/1519/1519 1520/1520/1520 1521/1521/1521 
f 1521/1521/1521 1520/1520/1520 1522/1522/1522 
f 1524/1524/1524 1523/1523/1523 1525/1525/1525 
f 1525/1525/1525 1526/1526/1526 1524/1524/1524 
f 1535/1535/1535 1536/1536/1536 1537/1537/1537 
f 1536/1536/1536 1535/1535/1535 1538/1538/1538 
f 1539/1539/1539 1540/1540/1540 1541/1541/1541 
f 1542/1542/1542 1541/1541/1541 1540/1540/1540 
f 1543/1543/1543 1544/1544/1544 1545/1545/1545 
f 1546/1546/1546 1545/1545/1545 1544/1544/1544 
f 1545/1545/1545 1546/1546/1546 1547/1547/1547 
f 1548/1548/1548 1547/1547/1547 1546/1546/1546 
f 1552/1552/1552 1553/1553/1553 1551/1551/1551 
f 1553/1553/1553 1552/1552/1552 1554/1554/1554 
f 1554/1554/1554 1555/1555/1555 1553/1553/1553 
f 1555/1555/1555 1554/1554/1554 1556/1556/1556 
f 1557/1557/1557 1558/1558/1558 1559/1559/1559 
f 1558/1558/1558 1557/1557/1557 1560/1560/1560 
f 1561/1561/1561 1559/1559/1559 1558/1558/1558 
f 1559/1559/1559 1561/1561/1561 1562/1562/1562 
f 1565/1565/1565 1563/1563/1563 1564/1564/1564 
f 1563/1563/1563 1565/1565/1565 1566/1566/1566 
f 1567/1567/1567 1566/1566/1566 1565/1565/1565 
f 1566/1566/1566 1567/1567/1567 1568/1568/1568 
f 1572/1572/1572 1570/1570/1570 1569/1569/1569 
f 1572/1572/1572 1573/1573/1573 1570/1570/1570 
f 1574/1574/1574 1573/1573/1573 1572/1572/1572 
f 1574/1574/1574 1575/1575/1575 1573/1573/1573 
f 1576/1576/1576 1577/1577/1577 1578/1578/1578 
f 1579/1579/1579 1576/1576/1576 1578/1578/1578 
f 1576/1576/1576 1580/1580/1580 1577/1577/1577 
f 1576/1576/1576 1579/1579/1579 1581/1581/1581 
f 1582/1582/1582 1583/1583/1583 1584/1584/1584 
f 1583/1583/1583 1582/1582/1582 1585/1585/1585 
f 1586/1586/1586 1587/1587/1587 1588/1588/1588 
f 1587/1587/1587 1586/1586/1586 1589/1589/1589 
f 1590/1590/1590 1591/1591/1591 1592/1592/1592 
f 1591/1591/1591 1593/1593/1593 1592/1592/1592 
f 1594/1594/1594 1595/1595/1595 1596/1596/1596 
f 1595/1595/1595 1597/1597/1597 1596/1596/1596 
f 1598/1598/1598 1599/1599/1599 1600/1600/1600 
f 1600/1600/1600 1601/1601/1601 1598/1598/1598 
f 1602/1602/1602 1599/1599/1599 1598/1598/1598 
f 1599/1599/1599 1602/1602/1602 1603/1603/1603 
f 1604/1604/1604 1606/1606/1606 1605/1605/1605 
f 1606/1606/1606 1604/1604/1604 1607/1607/1607 
f 1606/1606/1606 1607/1607/1607 1608/1608/1608 
f 1608/1608/1608 1607/1607/1607 1609/1609/1609 
f 1610/1610/1610 1611/1611/1611 1612/1612/1612 
f 1611/1611/1611 1610/1610/1610 1613/1613/1613 
f 1612/1612/1612 1611/1611/1611 1614/1614/1614 
f 1614/1614/1614 1615/1615/1615 1612/1612/1612 
f 1616/1616/1616 1617/1617/1617 1618/1618/1618 
f 1618/1618/1618 1619/1619/1619 1616/1616/1616 
f 1619/1619/1619 1618/1618/1618 1620/1620/1620 
f 1620/1620/1620 1618/1618/1618 1621/1621/1621 
f 1622/1622/1622 1623/1623/1623 1624/1624/1624 
f 1623/1623/1623 1622/1622/1622 1625/1625/1625 
f 1624/1624/1624 1623/1623/1623 1626/1626/1626 
f 1626/1626/1626 1627/1627/1627 1624/1624/1624 
f 1630/1630/1630 1629/1629/1629 1628/1628/1628 
f 1629/1629/1629 1630/1630/1630 1631/1631/1631 
f 1631/1631/1631 1630/1630/1630 1632/1632/1632 
f 1632/1632/1632 1630/1630/1630 1633/1633/1633 
f 1639/1639/1639 1637/1637/1637 1638/1638/1638 
f 1637/1637/1637 1639/1639/1639 1640/1640/1640 
f 1639/1639/1639 1641/1641/1641 1640/1640/1640 
f 1641/1641/1641 1639/1639/1639 1642/1642/1642 
f 1646/1646/1646 1644/1644/1644 1645/1645/1645 
f 1644/1644/1644 1646/1646/1646 1647/1647/1647 
f 1646/1646/1646 1648/1648/1648 1647/1647/1647 
f 1646/1646/1646 1649/1649/1649 1648/1648/1648 
f 1651/1651/1651 1652/1652/1652 1650/1650/1650 
f 1652/1652/1652 1651/1651/1651 1653/1653/1653 
f 1653/1653/1653 1654/1654/1654 1652/1652/1652 
f 1654/1654/1654 1653/1653/1653 1655/1655/1655 
f 1668/1668/1668 1667/1667/1667 1669/1669/1669 
f 1670/1670/1670 1669/1669/1669 1667/1667/1667 
f 1672/1672/1672 1674/1674/1674 1673/1673/1673 
f 1674/1674/1674 1672/1672/1672 1675/1675/1675 
f 1691/1691/1691 1688/1688/1688 1690/1690/1690 
f 1688/1688/1688 1691/1691/1691 1693/1693/1693 
f 1693/1693/1693 1691/1691/1691 1694/1694/1694 
f 1695/1695/1695 1694/1694/1694 1691/1691/1691 
f 1720/1720/1720 1721/1721/1721 1722/1722/1722 
f 1721/1721/1721 1720/1720/1720 1723/1723/1723 
f 1724/1724/1724 1725/1725/1725 1726/1726/1726 
f 1725/1725/1725 1724/1724/1724 1727/1727/1727 
f 1730/1730/1730 1731/1731/1731 1732/1732/1732 
f 1733/1733/1733 1732/1732/1732 1731/1731/1731 
f 1732/1732/1732 1733/1733/1733 1734/1734/1734 
f 1731/1731/1731 1730/1730/1730 1735/1735/1735 
f 1730/1730/1730 1736/1736/1736 1735/1735/1735 
f 1736/1736/1736 1730/1730/1730 1737/1737/1737 
f 1737/1737/1737 1738/1738/1738 1736/1736/1736 
f 1738/1738/1738 1737/1737/1737 1739/1739/1739 
f 1739/1739/1739 1737/1737/1737 1740/1740/1740 
f 1741/1741/1741 1742/1742/1742 1743/1743/1743 
f 1744/1744/1744 1742/1742/1742 1741/1741/1741 
f 1742/1742/1742 1745/1745/1745 1743/1743/1743 
f 1746/1746/1746 1745/1745/1745 1742/1742/1742 
f 1745/1745/1745 1746/1746/1746 1747/1747/1747 
f 1747/1747/1747 1746/1746/1746 1748/1748/1748 
f 1748/1748/1748 1746/1746/1746 1749/1749/1749 
f 1746/1746/1746 1750/1750/1750 1749/1749/1749 
f 1746/1746/1746 1751/1751/1751 1750/1750/1750 
f 1751/1751/1751 1752/1752/1752 1750/1750/1750 
f 1753/1753/1753 1751/1751/1751 1746/1746/1746 
f 1752/1752/1752 1751/1751/1751 1754/1754/1754 
f 1754/1754/1754 1755/1755/1755 1752/1752/1752 
f 1755/1755/1755 1754/1754/1754 1756/1756/1756 
f 1751/1751/1751 1753/1753/1753 1757/1757/1757 
f 1753/1753/1753 1758/1758/1758 1757/1757/1757 
f 1758/1758/1758 1753/1753/1753 1759/1759/1759 
f 1760/1760/1760 1759/1759/1759 1753/1753/1753 
f 1759/1759/1759 1760/1760/1760 1761/1761/1761 
f 1760/1760/1760 1762/1762/1762 1761/1761/1761 
f 1760/1760/1760 1763/1763/1763 1762/1762/1762 
f 1766/1766/1766 1767/1767/1767 1768/1768/1768 
f 1766/1766/1766 1768/1768/1768 1769/1769/1769 
f 1769/1769/1769 1768/1768/1768 1770/1770/1770 
f 1769/1769/1769 1770/1770/1770 1771/1771/1771 
f 1768/1768/1768 1772/1772/1772 1770/1770/1770 
f 1772/1772/1772 1768/1768/1768 1773/1773/1773 
f 1774/1774/1774 1772/1772/1772 1773/1773/1773 
f 1772/1772/1772 1774/1774/1774 1775/1775/1775 
f 1776/1776/1776 1774/1774/1774 1773/1773/1773 
f 1776/1776/1776 1777/1777/1777 1774/1774/1774 
f 1779/1779/1779 1780/1780/1780 1781/1781/1781 
f 1780/1780/1780 1779/1779/1779 1782/1782/1782 
f 1783/1783/1783 1780/1780/1780 1784/1784/1784 
f 1780/1780/1780 1783/1783/1783 1785/1785/1785 
f 1786/1786/1786 1787/1787/1787 1783/1783/1783 
f 1787/1787/1787 1786/1786/1786 1788/1788/1788 
f 1788/1788/1788 1789/1789/1789 1790/1790/1790 
f 1789/1789/1789 1788/1788/1788 1791/1791/1791 
f 1792/1792/1792 1793/1793/1793 1794/1794/1794 
f 1793/1793/1793 1792/1792/1792 1795/1795/1795 
f 1796/1796/1796 1797/1797/1797 1798/1798/1798 
f 1798/1798/1798 1797/1797/1797 1799/1799/1799 
f 1800/1800/1800 1801/1801/1801 1802/1802/1802 
f 1802/1802/1802 1801/1801/1801 1803/1803/1803 
f 1804/1804/1804 1805/1805/1805 1806/1806/1806 
f 1806/1806/1806 1805/1805/1805 1807/1807/1807 
f 1808/1808/1808 1809/1809/1809 1810/1810/1810 
f 1810/1810/1810 1809/1809/1809 1811/1811/1811 
f 1812/1812/1812 1813/1813/1813 1814/1814/1814 
f 1813/1813/1813 1812/1812/1812 1815/1815/1815 
f 1816/1816/1816 1817/1817/1817 1818/1818/1818 
f 1818/1818/1818 1819/1819/1819 1816/1816/1816 
f 1820/1820/1820 1821/1821/1821 1822/1822/1822 
f 1822/1822/1822 1823/1823/1823 1820/1820/1820 
f 1832/1832/1832 1833/1833/1833 1834/1834/1834 
f 1833/1833/1833 1835/1835/1835 1834/1834/1834 
f 1835/1835/1835 1833/1833/1833 1836/1836/1836 
f 1836/1836/1836 1837/1837/1837 1835/1835/1835 
f 1837/1837/1837 1836/1836/1836 1838/1838/1838 
f 1832/1832/1832 1839/1839/1839 1833/1833/1833 
f 1840/1840/1840 1839/1839/1839 1832/1832/1832 
f 1840/1840/1840 1832/1832/1832 1841/1841/1841 
f 1839/1839/1839 1840/1840/1840 1842/1842/1842 
f 1843/1843/1843 1839/1839/1839 1842/1842/1842 
f 1842/1842/1842 1844/1844/1844 1843/1843/1843 
f 1842/1842/1842 1845/1845/1845 1844/1844/1844 
f 1846/1846/1846 1845/1845/1845 1842/1842/1842 
f 1845/1845/1845 1846/1846/1846 1847/1847/1847 
f 1846/1846/1846 1848/1848/1848 1847/1847/1847 
f 1849/1849/1849 1850/1850/1850 1851/1851/1851 
f 1852/1852/1852 1851/1851/1851 1850/1850/1850 
f 1851/1851/1851 1852/1852/1852 1853/1853/1853 
f 1850/1850/1850 1849/1849/1849 1854/1854/1854 
f 1849/1849/1849 1855/1855/1855 1854/1854/1854 
f 1856/1856/1856 1855/1855/1855 1849/1849/1849 
f 1857/1857/1857 1856/1856/1856 1858/1858/1858 
f 1859/1859/1859 1856/1856/1856 1857/1857/1857 
f 1856/1856/1856 1859/1859/1859 1855/1855/1855 
f 1855/1855/1855 1859/1859/1859 1860/1860/1860 
f 1859/1859/1859 1861/1861/1861 1860/1860/1860 
f 1859/1859/1859 1862/1862/1862 1861/1861/1861 
f 1863/1863/1863 1862/1862/1862 1859/1859/1859 
f 1862/1862/1862 1863/1863/1863 1864/1864/1864 
f 1863/1863/1863 1865/1865/1865 1864/1864/1864 
f 1866/1866/1866 1867/1867/1867 1868/1868/1868 
f 1867/1867/1867 1866/1866/1866 1869/1869/1869 
f 1870/1870/1870 1871/1871/1871 1872/1872/1872 
f 1871/1871/1871 1870/1870/1870 1873/1873/1873 
f 1874/1874/1874 1875/1875/1875 1876/1876/1876 
f 1875/1875/1875 1874/1874/1874 1877/1877/1877 
f 1878/1878/1878 1879/1879/1879 1880/1880/1880 
f 1881/1881/1881 1880/1880/1880 1879/1879/1879 
f 1879/1879/1879 1878/1878/1878 1882/1882/1882 
f 1883/1883/1883 1882/1882/1882 1878/1878/1878 
f 1885/1885/1885 1886/1886/1886 1884/1884/1884 
f 1886/1886/1886 1885/1885/1885 1887/1887/1887 
f 1887/1887/1887 1888/1888/1888 1886/1886/1886 
f 1888/1888/1888 1887/1887/1887 1889/1889/1889 
f 1895/1895/1895 1894/1894/1894 1893/1893/1893 
f 1895/1895/1895 1896/1896/1896 1894/1894/1894 
f 1897/1897/1897 1896/1896/1896 1895/1895/1895 
f 1897/1897/1897 1898/1898/1898 1896/1896/1896 
f 1901/1901/1901 1900/1900/1900 1899/1899/1899 
f 1901/1901/1901 1899/1899/1899 1902/1902/1902 
f 1903/1903/1903 1901/1901/1901 1902/1902/1902 
f 1901/1901/1901 1903/1903/1903 1904/1904/1904 
f 1907/1907/1907 1905/1905/1905 1906/1906/1906 
f 1905/1905/1905 1907/1907/1907 1908/1908/1908 
f 1907/1907/1907 1909/1909/1909 1908/1908/1908 
f 1909/1909/1909 1907/1907/1907 1910/1910/1910 
f 1914/1914/1914 1913/1913/1913 1912/1912/1912 
f 1913/1913/1913 1914/1914/1914 1915/1915/1915 
f 1914/1914/1914 1916/1916/1916 1915/1915/1915 
f 1914/1914/1914 1917/1917/1917 1916/1916/1916 
f 1920/1920/1920 1919/1919/1919 1918/1918/1918 
f 1919/1919/1919 1920/1920/1920 1921/1921/1921 
f 1920/1920/1920 1922/1922/1922 1921/1921/1921 
f 1922/1922/1922 1920/1920/1920 1923/1923/1923 

g Meshpart6

v -310.053 5.76139 0.274317 
v -309.804 5.69738 0.336966 
v -309.833 5.76139 0.274317 
v -310.082 5.69738 0.336966 
v -309.804 5.69738 0.336966 
v -310.113 4.4615 0.405209 
v -309.773 4.4615 0.405209 
v -310.082 5.69738 0.336966 
v -310.079 3.95994 -1.64869 
v -309.807 3.95994 -1.64869 
v -309.764 4.08933 -1.5545 
v -310.122 4.08933 -1.5545 
v -310.122 4.80762 -1.61328 
v -310.122 4.08933 -1.5545 
v -309.764 4.80762 -1.61328 
v -309.764 4.08933 -1.5545 
v -310.34 6.72702 1.15845 
v -310.34 6.72702 1.88339 
v -309.943 6.89138 1.15845 
v -309.943 6.89138 1.88339 
v -309.546 6.72702 1.15845 
v -310.504 6.3302 1.15845 
v -310.232 6.6196 2.86824 
v -309.546 6.72702 1.88339 
v -309.382 6.3302 1.15845 
v -309.943 5.92091 3.83311 
v -310.232 6.6196 3.83311 
v -309.654 6.6196 3.83311 
v -309.654 6.6196 2.86824 
v -309.943 6.73948 3.83311 
v -309.943 6.73948 2.86824 
v -309.764 4.80762 -2.27429 
v -310.092 4.86044 -2.21851 
v -309.794 4.86044 -2.21851 
v -310.122 4.80762 -2.27429 
v -310.504 6.3302 1.15845 
v -310.472 6.3302 0.974276 
v -310.317 6.7041 0.974276 
v -310.34 6.72702 1.15845 
v -309.943 6.89138 1.15845 
v -309.943 6.85898 0.974276 
v -309.569 6.7041 0.974276 
v -309.546 6.72702 1.15845 
v -309.382 6.3302 1.15845 
v -309.414 6.3302 0.974276 
v -310.122 4.80762 -1.61328 
v -309.764 4.80762 -1.61328 
v -309.794 4.86044 -1.66905 
v -310.092 4.86044 -1.66905 
v -310.34 6.72702 1.15845 
v -310.34 6.72702 1.88339 
v -310.504 6.3302 1.88339 
v -310.504 6.3302 1.15845 
v -310.232 6.6196 2.86824 
v -310.34 5.93338 1.88339 
v -310.34 5.93338 1.15845 
v -310.232 6.04079 2.86824 
v -309.943 5.92091 2.86824 
v -309.943 5.92091 3.83311 
v -310.232 6.04079 3.83311 
v -310.352 6.3302 2.86824 
v -310.352 6.3302 3.83311 
v -310.232 6.6196 3.83311 
v -309.943 6.73948 3.83311 
v -309.943 6.73948 2.86824 
v -310.05 4.32913 -0.204219 
v -309.836 4.32913 0.266988 
v -309.833 5.76139 -0.211547 
v -310.122 4.08933 -2.33307 
v -310.079 3.95994 -1.64869 
v -310.122 4.08933 -1.5545 
v -310.079 3.95994 -2.23888 
v -310.113 4.4615 -0.34244 
v -310.05 4.32913 0.266988 
v -310.113 4.4615 0.405209 
v -310.05 4.32913 -0.204219 
v -310.122 4.08933 -2.33307 
v -310.122 4.08933 -1.5545 
v -310.122 4.80762 -1.61328 
v -310.122 4.80762 -2.27429 
v -310.053 5.76139 0.274317 
v -310.082 5.69738 -0.274197 
v -310.082 5.69738 0.336966 
v -310.053 5.76139 -0.211547 
v -309.804 5.69738 0.336966 
v -310.113 4.4615 0.405209 
v -310.082 5.69738 0.336966 
v -310.113 4.4615 -0.34244 
v -310.082 5.69738 -0.274197 
v -310.122 4.80762 -2.27429 
v -310.122 4.80762 -1.61328 
v -310.092 4.86044 -1.66905 
v -310.092 4.86044 -2.21851 
v -310.317 5.95629 0.974276 
v -310.504 6.3302 1.15845 
v -310.472 6.3302 0.974276 
v -310.317 6.7041 0.974276 
v -310.34 5.93338 1.15845 
v -310.34 6.72702 1.15845 
v -309.807 3.95994 -2.23888 
v -310.122 4.08933 -2.33307 
v -309.764 4.08933 -2.33307 
v -310.079 3.95994 -2.23888 
v -309.764 4.08933 -2.33307 
v -310.122 4.80762 -2.27429 
v -309.764 4.80762 -2.27429 
v -310.122 4.08933 -2.33307 
v -310.113 4.4615 -0.34244 
v -310.082 5.69738 -0.274197 
v -309.773 4.4615 -0.34244 
v -309.804 5.69738 -0.274197 
v -309.804 5.69738 -0.274197 
v -310.082 5.69738 -0.274197 
v -309.833 5.76139 -0.211547 
v -310.053 5.76139 -0.211547 
v -310.504 6.3302 1.15845 
v -309.382 6.3302 1.15845 
v -310.34 5.93338 1.88339 
v -310.34 5.93338 1.15845 
v -309.943 5.76901 1.88339 
v -309.546 5.93338 1.15845 
v -309.943 5.76901 1.15845 
v -309.546 5.93338 1.88339 
v -310.232 6.04079 2.86824 
v -309.654 6.04079 2.86824 
v -309.943 5.92091 2.86824 
v -309.943 5.92091 3.83311 
v -309.654 6.04079 3.83311 
v -310.232 6.04079 3.83311 
v -309.807 3.95994 -2.23888 
v -309.807 3.95994 -1.64869 
v -310.079 3.95994 -1.64869 
v -310.079 3.95994 -2.23888 
v -310.05 4.32913 -0.204219 
v -309.773 4.4615 -0.34244 
v -309.836 4.32913 -0.204219 
v -310.113 4.4615 -0.34244 
v -310.05 4.32913 0.266988 
v -310.05 4.32913 -0.204219 
v -309.836 4.32913 0.266988 
v -309.836 4.32913 -0.204219 
v -309.773 4.4615 0.405209 
v -310.113 4.4615 0.405209 
v -309.836 4.32913 0.266988 
v -310.05 4.32913 0.266988 
v -309.804 5.69738 0.336966 
v -310.317 5.95629 0.974276 
v -310.504 6.3302 1.15845 
v -310.472 6.3302 0.974276 
v -310.34 5.93338 1.15845 
v -309.943 5.76901 1.15845 
v -309.943 5.80142 0.974276 
v -309.569 5.95629 0.974276 
v -309.546 5.93338 1.15845 
v -309.943 6.89138 1.15845 
v -309.546 6.72702 1.15845 
v -309.546 6.72702 1.88339 
v -309.382 6.3302 1.15845 
v -309.382 6.3302 1.88339 
v -309.546 5.93338 1.15845 
v -309.546 5.93338 1.88339 
v -309.654 6.04079 2.86824 
v -309.943 5.92091 2.86824 
v -309.943 5.92091 3.83311 
v -309.654 6.04079 3.83311 
v -309.534 6.3302 3.83311 
v -309.534 6.3302 2.86824 
v -309.654 6.6196 3.83311 
v -309.654 6.6196 2.86824 
v -309.943 6.73948 3.83311 
v -309.943 6.73948 2.86824 
v -310.05 4.32913 -0.204219 
v -309.836 4.32913 0.266988 
v -309.833 5.76139 -0.211547 
v -309.764 4.08933 -2.33307 
v -309.764 4.08933 -1.5545 
v -309.807 3.95994 -1.64869 
v -309.807 3.95994 -2.23888 
v -309.836 4.32913 -0.204219 
v -309.773 4.4615 0.405209 
v -309.836 4.32913 0.266988 
v -309.773 4.4615 -0.34244 
v -309.764 4.80762 -1.61328 
v -309.764 4.08933 -2.33307 
v -309.764 4.80762 -2.27429 
v -309.764 4.08933 -1.5545 
v -309.804 5.69738 0.336966 
v -309.833 5.76139 -0.211547 
v -309.833 5.76139 0.274317 
v -309.804 5.69738 -0.274197 
v -309.804 5.69738 0.336966 
v -309.773 4.4615 0.405209 
v -309.804 5.69738 -0.274197 
v -309.773 4.4615 -0.34244 
v -309.794 4.86044 -1.66905 
v -309.764 4.80762 -2.27429 
v -309.794 4.86044 -2.21851 
v -309.764 4.80762 -1.61328 
v -309.569 5.95629 0.974276 
v -309.569 6.7041 0.974276 
v -309.546 5.93338 1.15845 
v -309.546 6.72702 1.15845 
v -309.382 6.3302 1.15845 
v -309.414 6.3302 0.974276 

vn 0 0.700787 0.716535 
vn 0 0.700787 0.716535 
vn 0 0.700787 0.716535 
vn 0 0.700787 0.716535 
vn 0 0.0551181 1 
vn 0 0.0551181 1 
vn 0 0.0551181 1 
vn 0 0.0551181 1 
vn 0 -0.590551 0.811024 
vn 0 -0.590551 0.811024 
vn 0 -0.590551 0.811024 
vn 0 -0.590551 0.811024 
vn 0 0.0787402 1 
vn 0 0.0787402 1 
vn 0 0.0787402 1 
vn 0 0.0787402 1 
vn -0.708661 0.708661 0 
vn -0.708661 0.708661 0.0787402 
vn 0 1 0 
vn 0 1 0.0787402 
vn 0.708661 0.708661 0 
vn -1 0 0 
vn -0.708661 0.708661 0.0787402 
vn 0.708661 0.708661 0.0787402 
vn 1 0 0 
vn 0 -1 0 
vn -0.708661 0.708661 0 
vn 0.708661 0.708661 0 
vn 0.708661 0.708661 0.0787402 
vn 0 1 0 
vn 0 1 0.0787402 
vn 0 0.724409 -0.685039 
vn 0 0.724409 -0.685039 
vn 0 0.724409 -0.685039 
vn 0 0.724409 -0.685039 
vn -0.984252 0 -0.173228 
vn -0.984252 0 -0.173228 
vn -0.692913 0.692913 -0.173228 
vn -0.692913 0.692913 -0.173228 
vn 0 0.984252 -0.173228 
vn 0 0.984252 -0.173228 
vn 0.692913 0.692913 -0.173228 
vn 0.692913 0.692913 -0.173228 
vn 0.984252 0 -0.173228 
vn 0.984252 0 -0.173228 
vn 0 0.724409 0.685039 
vn 0 0.724409 0.685039 
vn 0 0.724409 0.685039 
vn 0 0.724409 0.685039 
vn -0.708661 0.708661 0 
vn -0.708661 0.708661 0.0787402 
vn -1 0 0.0787402 
vn -1 0 0 
vn -0.708661 0.708661 0.0787402 
vn -0.708661 -0.708661 0.0787402 
vn -0.708661 -0.708661 0 
vn -0.708661 -0.708661 0.0787402 
vn 0 -1 0.0787402 
vn 0 -1 0 
vn -0.708661 -0.708661 0 
vn -1 0 0.0787402 
vn -1 0 0 
vn -0.708661 0.708661 0 
vn 0 1 0 
vn 0 1 0.0787402 
vn 0 -0.724409 -0.692913 
vn 0 -1 0 
vn 0 0.700787 -0.716535 
vn -0.944882 -0.314961 0 
vn -0.944882 -0.314961 0 
vn -0.944882 -0.314961 0 
vn -0.944882 -0.314961 0 
vn -0.905512 -0.425197 0 
vn -0.905512 -0.425197 0 
vn -0.905512 -0.425197 0 
vn -0.905512 -0.425197 0 
vn -1 0 0 
vn -1 0 0 
vn -1 0 0 
vn -1 0 0 
vn -0.913386 0.409449 0 
vn -0.913386 0.409449 0 
vn -0.913386 0.409449 0 
vn -0.913386 0.409449 0 
vn 0.913386 0.409449 0 
vn -1 0.023622 0 
vn -1 0.023622 0 
vn -1 0.023622 0 
vn -1 0.023622 0 
vn -0.866142 0.496063 0 
vn -0.866142 0.496063 0 
vn -0.866142 0.496063 0 
vn -0.866142 0.496063 0 
vn -0.692913 -0.692913 -0.173228 
vn -0.984252 0 -0.173228 
vn -0.984252 0 -0.173228 
vn -0.692913 0.692913 -0.173228 
vn -0.692913 -0.692913 -0.173228 
vn -0.692913 0.692913 -0.173228 
vn 0 -0.590551 -0.811024 
vn 0 -0.590551 -0.811024 
vn 0 -0.590551 -0.811024 
vn 0 -0.590551 -0.811024 
vn 0 0.0787402 -1 
vn 0 0.0787402 -1 
vn 0 0.0787402 -1 
vn 0 0.0787402 -1 
vn 0 0.0551181 -1 
vn 0 0.0551181 -1 
vn 0 0.0551181 -1 
vn 0 0.0551181 -1 
vn 0 0.700787 -0.716535 
vn 0 0.700787 -0.716535 
vn 0 0.700787 -0.716535 
vn 0 0.700787 -0.716535 
vn -1 0 0 
vn 1 0 0 
vn -0.708661 -0.708661 0.0787402 
vn -0.708661 -0.708661 0 
vn 0 -1 0.0787402 
vn 0.708661 -0.708661 0 
vn 0 -1 0 
vn 0.708661 -0.708661 0.0787402 
vn -0.708661 -0.708661 0.0787402 
vn 0.708661 -0.708661 0.0787402 
vn 0 -1 0.0787402 
vn 0 -1 0 
vn 0.708661 -0.708661 0 
vn -0.708661 -0.708661 0 
vn 0 -1 0 
vn 0 -1 0 
vn 0 -1 0 
vn 0 -1 0 
vn 0 -0.724409 -0.692913 
vn 0 -0.724409 -0.692913 
vn 0 -0.724409 -0.692913 
vn 0 -0.724409 -0.692913 
vn 0 -1 0 
vn 0 -1 0 
vn 0 -1 0 
vn 0 -1 0 
vn 0 -0.724409 0.692913 
vn 0 -0.724409 0.692913 
vn 0 -0.724409 0.692913 
vn 0 -0.724409 0.692913 
vn 0.913386 0.409449 0 
vn -0.692913 -0.692913 -0.173228 
vn -0.984252 0 -0.173228 
vn -0.984252 0 -0.173228 
vn -0.692913 -0.692913 -0.173228 
vn 0 -0.984252 -0.173228 
vn 0 -0.984252 -0.173228 
vn 0.692913 -0.692913 -0.173228 
vn 0.692913 -0.692913 -0.173228 
vn 0 1 0 
vn 0.708661 0.708661 0 
vn 0.708661 0.708661 0.0787402 
vn 1 0 0 
vn 1 0 0.0787402 
vn 0.708661 -0.708661 0 
vn 0.708661 -0.708661 0.0787402 
vn 0.708661 -0.708661 0.0787402 
vn 0 -1 0.0787402 
vn 0 -1 0 
vn 0.708661 -0.708661 0 
vn 1 0 0 
vn 1 0 0.0787402 
vn 0.708661 0.708661 0 
vn 0.708661 0.708661 0.0787402 
vn 0 1 0 
vn 0 1 0.0787402 
vn 0 -0.724409 -0.692913 
vn 0 -1 0 
vn 0 0.700787 -0.716535 
vn 0.944882 -0.314961 0 
vn 0.944882 -0.314961 0 
vn 0.944882 -0.314961 0 
vn 0.944882 -0.314961 0 
vn 0.905512 -0.425197 0 
vn 0.905512 -0.425197 0 
vn 0.905512 -0.425197 0 
vn 0.905512 -0.425197 0 
vn 1 0 0 
vn 1 0 0 
vn 1 0 0 
vn 1 0 0 
vn 0.913386 0.409449 0 
vn 0.913386 0.409449 0 
vn 0.913386 0.409449 0 
vn 0.913386 0.409449 0 
vn 1 0.023622 0 
vn 1 0.023622 0 
vn 1 0.023622 0 
vn 1 0.023622 0 
vn 0.866142 0.496063 0 
vn 0.866142 0.496063 0 
vn 0.866142 0.496063 0 
vn 0.866142 0.496063 0 
vn 0.692913 -0.692913 -0.173228 
vn 0.692913 0.692913 -0.173228 
vn 0.692913 -0.692913 -0.173228 
vn 0.692913 0.692913 -0.173228 
vn 0.984252 0 -0.173228 
vn 0.984252 0 -0.173228 

vt 29.9862 -48.958 
vt 30.0174 -48.966 
vt 30.0138 -48.958 
vt 29.9826 -48.966 
vt 30.0174 -48.966 
vt 29.9788 -49.1205 
vt 30.0212 -49.1205 
vt 29.9826 -48.966 
vt 29.983 -49.1832 
vt 30.017 -49.1832 
vt 30.0224 -49.167 
vt 29.9776 -49.167 
vt 29.9776 -49.0773 
vt 29.9776 -49.167 
vt 30.0224 -49.0773 
vt 30.0224 -49.167 
vt 29.9489 -48.9504 
vt 29.8583 -48.9504 
vt 29.9489 -49 
vt 29.8583 -49 
vt 29.9489 -49.0496 
vt 29.9489 -48.9299 
vt 29.7352 -48.9638 
vt 29.8583 -49.0496 
vt 29.9489 -49.0701 
vt 29.6146 -49 
vt 29.6146 -48.9638 
vt 29.6146 -49.0362 
vt 29.7352 -49.0362 
vt 29.6146 -49 
vt 29.7352 -49 
vt 30.378 -49.0224 
vt 30.3711 -48.9814 
vt 30.3711 -49.0186 
vt 30.378 -48.9776 
vt 29.9489 -48.9299 
vt 29.972 -48.9339 
vt 29.972 -48.9533 
vt 29.9489 -48.9504 
vt 29.9489 -49 
vt 29.972 -49 
vt 29.972 -49.0467 
vt 29.9489 -49.0496 
vt 29.9489 -49.0701 
vt 29.972 -49.0661 
vt 30.2954 -48.9776 
vt 30.2954 -49.0224 
vt 30.3024 -49.0186 
vt 30.3024 -48.9814 
vt 30.0511 -48.8373 
vt 30.1417 -48.8373 
vt 30.1417 -48.8869 
vt 30.0511 -48.8869 
vt 30.2648 -48.8508 
vt 30.1417 -48.9365 
vt 30.0511 -48.9365 
vt 30.2648 -48.9231 
vt 30.2648 -48.9381 
vt 30.3854 -48.9381 
vt 30.3854 -48.9231 
vt 30.2648 -48.8869 
vt 30.3854 -48.8869 
vt 30.3854 -48.8508 
vt 30.3854 -48.8358 
vt 30.2648 -48.8358 
vt 29.8807 -49.1371 
vt 29.9396 -49.1371 
vt 29.8798 -48.958 
vt 29.6146 -49.167 
vt 29.7002 -49.1832 
vt 29.7119 -49.167 
vt 29.6264 -49.1832 
vt 29.8634 -49.1205 
vt 29.9396 -49.1371 
vt 29.9569 -49.1205 
vt 29.8807 -49.1371 
vt 29.6146 -49.167 
vt 29.7119 -49.167 
vt 29.7046 -49.0773 
vt 29.622 -49.0773 
vt 29.9405 -48.958 
vt 29.872 -48.966 
vt 29.9484 -48.966 
vt 29.8798 -48.958 
vt 29.9484 -48.966 
vt 29.9569 -49.1205 
vt 29.9484 -48.966 
vt 29.8634 -49.1205 
vt 29.872 -48.966 
vt 29.622 -49.0773 
vt 29.7046 -49.0773 
vt 29.6976 -49.0707 
vt 29.6289 -49.0707 
vt 30.028 -48.9337 
vt 30.0511 -48.8869 
vt 30.028 -48.8869 
vt 30.028 -48.8402 
vt 30.0511 -48.9365 
vt 30.0511 -48.8373 
vt 29.983 -49.1832 
vt 30.0224 -49.167 
vt 29.9776 -49.167 
vt 30.017 -49.1832 
vt 29.9776 -49.167 
vt 30.0224 -49.0773 
vt 29.9776 -49.0773 
vt 30.0224 -49.167 
vt 30.0212 -49.1205 
vt 30.0174 -48.966 
vt 29.9788 -49.1205 
vt 29.9826 -48.966 
vt 29.9826 -48.966 
vt 30.0174 -48.966 
vt 29.9862 -48.958 
vt 30.0138 -48.958 
vt 30.0511 -48.9299 
vt 30.0511 -49.0701 
vt 30.1417 -48.9504 
vt 30.0511 -48.9504 
vt 30.1417 -49 
vt 30.0511 -49.0496 
vt 30.0511 -49 
vt 30.1417 -49.0496 
vt 30.2648 -48.9638 
vt 30.2648 -49.0362 
vt 30.2648 -49 
vt 30.3854 -49 
vt 30.3854 -49.0362 
vt 30.3854 -48.9638 
vt 29.6264 -49.017 
vt 29.7002 -49.017 
vt 29.7002 -48.983 
vt 29.6264 -48.983 
vt 29.8807 -48.9866 
vt 29.8634 -49.0212 
vt 29.8807 -49.0134 
vt 29.8634 -48.9788 
vt 29.9396 -48.9866 
vt 29.8807 -48.9866 
vt 29.9396 -49.0134 
vt 29.8807 -49.0134 
vt 29.9569 -49.0212 
vt 29.9569 -48.9788 
vt 29.9396 -49.0134 
vt 29.9396 -48.9866 
vt 29.9484 -49.0174 
vt 30.028 -48.9533 
vt 30.0511 -48.9299 
vt 30.028 -48.9339 
vt 30.0511 -48.9504 
vt 30.0511 -49 
vt 30.028 -49 
vt 30.028 -49.0467 
vt 30.0511 -49.0496 
vt 29.9489 -48.8168 
vt 29.9489 -48.8373 
vt 29.8583 -48.8373 
vt 29.9489 -48.8869 
vt 29.8583 -48.8869 
vt 29.9489 -48.9365 
vt 29.8583 -48.9365 
vt 29.7352 -48.9231 
vt 29.7352 -48.9381 
vt 29.6146 -48.9381 
vt 29.6146 -48.9231 
vt 29.6146 -48.8869 
vt 29.7352 -48.8869 
vt 29.6146 -48.8508 
vt 29.7352 -48.8508 
vt 29.6146 -48.8358 
vt 29.7352 -48.8358 
vt 30.1193 -49.1371 
vt 30.0604 -49.1371 
vt 30.1202 -48.958 
vt 30.3854 -49.167 
vt 30.2881 -49.167 
vt 30.2998 -49.1832 
vt 30.3736 -49.1832 
vt 30.1193 -49.1371 
vt 30.0431 -49.1205 
vt 30.0604 -49.1371 
vt 30.1366 -49.1205 
vt 30.2954 -49.0773 
vt 30.3854 -49.167 
vt 30.378 -49.0773 
vt 30.2881 -49.167 
vt 30.0516 -48.966 
vt 30.1202 -48.958 
vt 30.0595 -48.958 
vt 30.128 -48.966 
vt 30.0516 -48.966 
vt 30.0431 -49.1205 
vt 30.128 -48.966 
vt 30.1366 -49.1205 
vt 30.3024 -49.0707 
vt 30.378 -49.0773 
vt 30.3711 -49.0707 
vt 30.2954 -49.0773 
vt 29.972 -48.9337 
vt 29.972 -48.8402 
vt 29.9489 -48.9365 
vt 29.9489 -48.8373 
vt 29.9489 -48.8869 
vt 29.972 -48.8869 

usemtl Meshpart6Mtl

f 1924/1924/1924 1925/1925/1925 1926/1926/1926 
f 1927/1927/1927 1925/1925/1925 1924/1924/1924 
f 1928/1928/1928 1929/1929/1929 1930/1930/1930 
f 1929/1929/1929 1928/1928/1928 1931/1931/1931 
f 1932/1932/1932 1933/1933/1933 1934/1934/1934 
f 1934/1934/1934 1935/1935/1935 1932/1932/1932 
f 1936/1936/1936 1937/1937/1937 1938/1938/1938 
f 1939/1939/1939 1938/1938/1938 1937/1937/1937 
f 1940/1940/1940 1941/1941/1941 1942/1942/1942 
f 1943/1943/1943 1942/1942/1942 1941/1941/1941 
f 1942/1942/1942 1943/1943/1943 1944/1944/1944 
f 1941/1941/1941 1946/1946/1946 1943/1943/1943 
f 1947/1947/1947 1944/1944/1944 1943/1943/1943 
f 1951/1951/1951 1952/1952/1952 1953/1953/1953 
f 1943/1943/1943 1952/1952/1952 1947/1947/1947 
f 1954/1954/1954 1943/1943/1943 1946/1946/1946 
f 1952/1952/1952 1943/1943/1943 1954/1954/1954 
f 1954/1954/1954 1953/1953/1953 1952/1952/1952 
f 1946/1946/1946 1950/1950/1950 1954/1954/1954 
f 1953/1953/1953 1954/1954/1954 1950/1950/1950 
f 1955/1955/1955 1956/1956/1956 1957/1957/1957 
f 1955/1955/1955 1958/1958/1958 1956/1956/1956 
f 1963/1963/1963 1961/1961/1961 1962/1962/1962 
f 1961/1961/1961 1963/1963/1963 1964/1964/1964 
f 1965/1965/1965 1964/1964/1964 1963/1963/1963 
f 1963/1963/1963 1966/1966/1966 1965/1965/1965 
f 1969/1969/1969 1970/1970/1970 1971/1971/1971 
f 1969/1969/1969 1971/1971/1971 1972/1972/1972 
f 1973/1973/1973 1975/1975/1975 1974/1974/1974 
f 1975/1975/1975 1973/1973/1973 1976/1976/1976 
f 1975/1975/1975 1977/1977/1977 1974/1974/1974 
f 1976/1976/1976 1978/1978/1978 1975/1975/1975 
f 1978/1978/1978 1976/1976/1976 1979/1979/1979 
f 1980/1980/1980 1975/1975/1975 1978/1978/1978 
f 1975/1975/1975 1980/1980/1980 1984/1984/1984 
f 1983/1983/1983 1984/1984/1984 1980/1980/1980 
f 1984/1984/1984 1983/1983/1983 1985/1985/1985 
f 1977/1977/1977 1975/1975/1975 1984/1984/1984 
f 1985/1985/1985 1977/1977/1977 1984/1984/1984 
f 1977/1977/1977 1985/1985/1985 1986/1986/1986 
f 1992/1992/1992 1993/1993/1993 1994/1994/1994 
f 1993/1993/1993 1992/1992/1992 1995/1995/1995 
f 1996/1996/1996 1997/1997/1997 1998/1998/1998 
f 1997/1997/1997 1996/1996/1996 1999/1999/1999 
f 2000/2000/2000 2001/2001/2001 2002/2002/2002 
f 2000/2000/2000 2002/2002/2002 2003/2003/2003 
f 2004/2004/2004 2005/2005/2005 2006/2006/2006 
f 2005/2005/2005 2004/2004/2004 2007/2007/2007 
f 2009/2009/2009 2010/2010/2010 2011/2011/2011 
f 2011/2011/2011 2010/2010/2010 2012/2012/2012 
f 2013/2013/2013 2014/2014/2014 2015/2015/2015 
f 2013/2013/2013 2015/2015/2015 2016/2016/2016 
f 2017/2017/2017 2018/2018/2018 2019/2019/2019 
f 2018/2018/2018 2020/2020/2020 2019/2019/2019 
f 2018/2018/2018 2017/2017/2017 2021/2021/2021 
f 2020/2020/2020 2018/2018/2018 2022/2022/2022 
f 2023/2023/2023 2024/2024/2024 2025/2025/2025 
f 2024/2024/2024 2023/2023/2023 2026/2026/2026 
f 2027/2027/2027 2028/2028/2028 2029/2029/2029 
f 2028/2028/2028 2027/2027/2027 2030/2030/2030 
f 2031/2031/2031 2032/2032/2032 2033/2033/2033 
f 2034/2034/2034 2033/2033/2033 2032/2032/2032 
f 2035/2035/2035 2036/2036/2036 2037/2037/2037 
f 2037/2037/2037 2036/2036/2036 2038/2038/2038 
f 2042/2042/2042 2043/2043/2043 2041/2041/2041 
f 2043/2043/2043 2042/2042/2042 2045/2045/2045 
f 2046/2046/2046 2045/2045/2045 2044/2044/2044 
f 2045/2045/2045 2046/2046/2046 2043/2043/2043 
f 2043/2043/2043 2047/2047/2047 2041/2041/2041 
f 2048/2048/2048 2043/2043/2043 2046/2046/2046 
f 2047/2047/2047 2043/2043/2043 2049/2049/2049 
f 2043/2043/2043 2048/2048/2048 2049/2049/2049 
f 2050/2050/2050 2047/2047/2047 2049/2049/2049 
f 2049/2049/2049 2051/2051/2051 2050/2050/2050 
f 2051/2051/2051 2049/2049/2049 2048/2048/2048 
f 2047/2047/2047 2050/2050/2050 2052/2052/2052 
f 2053/2053/2053 2054/2054/2054 2055/2055/2055 
f 2053/2053/2053 2055/2055/2055 2056/2056/2056 
f 2057/2057/2057 2058/2058/2058 2059/2059/2059 
f 2060/2060/2060 2058/2058/2058 2057/2057/2057 
f 2061/2061/2061 2062/2062/2062 2063/2063/2063 
f 2064/2064/2064 2063/2063/2063 2062/2062/2062 
f 2065/2065/2065 2066/2066/2066 2067/2067/2067 
f 2067/2067/2067 2066/2066/2066 2068/2068/2068 
f 2070/2070/2070 2074/2074/2074 2073/2073/2073 
f 2074/2074/2074 2070/2070/2070 2075/2075/2075 
f 2076/2076/2076 2074/2074/2074 2075/2075/2075 
f 2074/2074/2074 2076/2076/2076 2077/2077/2077 
f 2080/2080/2080 2081/2081/2081 2079/2079/2079 
f 2081/2081/2081 2080/2080/2080 2082/2082/2082 
f 2082/2082/2082 2083/2083/2083 2081/2081/2081 
f 2083/2083/2083 2082/2082/2082 2084/2084/2084 
f 2082/2082/2082 2085/2085/2085 2084/2084/2084 
f 2085/2085/2085 2089/2089/2089 2088/2088/2088 
f 2089/2089/2089 2085/2085/2085 2090/2090/2090 
f 2085/2085/2085 2082/2082/2082 2090/2090/2090 
f 2090/2090/2090 2091/2091/2091 2089/2089/2089 
f 2082/2082/2082 2092/2092/2092 2090/2090/2090 
f 2091/2091/2091 2090/2090/2090 2092/2092/2092 
f 2092/2092/2092 2082/2082/2082 2080/2080/2080 
f 2098/2098/2098 2099/2099/2099 2100/2100/2100 
f 2098/2098/2098 2100/2100/2100 2101/2101/2101 
f 2102/2102/2102 2103/2103/2103 2104/2104/2104 
f 2105/2105/2105 2103/2103/2103 2102/2102/2102 
f 2106/2106/2106 2107/2107/2107 2108/2108/2108 
f 2107/2107/2107 2106/2106/2106 2109/2109/2109 
f 2110/2110/2110 2111/2111/2111 2112/2112/2112 
f 2111/2111/2111 2110/2110/2110 2113/2113/2113 
f 2114/2114/2114 2115/2115/2115 2116/2116/2116 
f 2116/2116/2116 2115/2115/2115 2117/2117/2117 
f 2118/2118/2118 2119/2119/2119 2120/2120/2120 
f 2119/2119/2119 2118/2118/2118 2121/2121/2121 
f 2122/2122/2122 2126/2126/2126 2124/2124/2124 
f 2126/2126/2126 2123/2123/2123 2125/2125/2125 
f 2126/2126/2126 2122/2122/2122 2127/2127/2127 
f 2123/2123/2123 2126/2126/2126 2127/2127/2127 

g Meshpart7

v -309.638 6.02476 4.11386 
v -310.249 6.02476 4.11386 
v -309.943 5.89824 4.11386 
v -309.638 6.63564 4.11386 
v -309.511 6.3302 4.11386 
v -310.249 6.63564 4.11386 
v -310.375 6.3302 4.11386 
v -309.943 6.76216 4.11386 
v -309.638 6.02476 -1.36343 
v -310.249 6.02476 -1.36343 
v -309.943 5.89824 -1.36343 
v -309.638 6.63564 -1.36343 
v -309.511 6.3302 -1.36343 
v -310.249 6.63564 -1.36343 
v -310.375 6.3302 -1.36343 
v -309.943 6.76216 -1.36343 
v -310.375 6.3302 -1.36343 
v -309.943 5.89824 -1.65163 
v -309.511 6.3302 -1.36343 
v -310.375 6.3302 -2.21301 
v -309.943 5.89824 -2.5012 
v -309.511 6.3302 -2.21301 
v -310.375 6.3302 4.11386 
v -309.943 5.89824 3.82566 
v -309.511 6.3302 4.11386 
v -310.147 6.12642 -3.66053 
v -310.147 6.53398 -3.46826 
v -309.739 6.12642 -3.46826 
v -309.739 6.53398 -3.66053 
v -310.147 6.12642 -4.22734 
v -310.147 6.53398 -4.03506 
v -309.739 6.12642 -4.03506 
v -309.638 6.02476 -2.21301 
v -310.249 6.02476 -2.21301 
v -309.943 5.89824 -2.21301 
v -309.638 6.63564 -2.21301 
v -309.511 6.3302 -2.21301 
v -310.249 6.63564 -2.21301 
v -310.375 6.3302 -2.21301 
v -309.943 6.76216 -2.21301 
v -309.655 6.3302 -3.46826 
v -310.231 6.3302 -3.46826 
v -309.943 6.04202 -3.46826 
v -310.147 6.12642 -3.46826 
v -309.739 6.12642 -3.46826 
v -309.943 6.61838 -3.46826 
v -310.147 6.53398 -3.46826 
v -309.739 6.53398 -3.46826 
v -309.655 6.3302 -4.03506 
v -310.231 6.3302 -4.03506 
v -309.943 6.04202 -4.03506 
v -310.147 6.12642 -4.03506 
v -309.739 6.12642 -4.03506 
v -309.943 6.61838 -4.03506 
v -310.147 6.53398 -4.03506 
v -309.739 6.53398 -4.03506 
v -310.375 6.3302 -1.36343 
v -310.375 6.3302 -1.65163 
v -310.249 6.63564 -1.36343 
v -310.249 6.63564 -1.65163 
v -309.943 6.76216 -1.36343 
v -309.511 6.3302 -1.65163 
v -309.943 6.76216 -1.65163 
v -309.511 6.3302 -1.36343 
v -309.638 6.63564 -1.36343 
v -309.638 6.63564 -1.65163 
v -310.375 6.3302 -2.21301 
v -310.375 6.3302 -2.5012 
v -310.249 6.63564 -2.21301 
v -310.249 6.63564 -2.5012 
v -309.943 6.76216 -2.21301 
v -309.511 6.3302 -2.5012 
v -309.943 6.76216 -2.5012 
v -309.511 6.3302 -2.21301 
v -309.638 6.63564 -2.21301 
v -309.638 6.63564 -2.5012 
v -310.375 6.3302 4.11386 
v -310.375 6.3302 3.82566 
v -310.249 6.63564 4.11386 
v -310.249 6.63564 3.82566 
v -309.943 6.76216 4.11386 
v -309.511 6.3302 3.82566 
v -309.943 6.76216 3.82566 
v -309.511 6.3302 4.11386 
v -309.638 6.63564 4.11386 
v -309.638 6.63564 3.82566 
v -310.147 6.53398 -3.46826 
v -310.147 6.53398 -3.66053 
v -309.943 6.61838 -3.46826 
v -309.943 6.61838 -3.66053 
v -309.739 6.53398 -3.46826 
v -309.739 6.53398 -3.66053 
v -310.147 6.53398 -4.03506 
v -310.147 6.53398 -4.22734 
v -309.943 6.61838 -4.03506 
v -309.943 6.61838 -4.22734 
v -309.739 6.53398 -4.03506 
v -309.739 6.53398 -4.22734 
v -310.249 6.02476 -1.65163 
v -310.249 6.02476 -1.36343 
v -310.375 6.3302 -1.36343 
v -310.375 6.3302 -1.65163 
v -310.249 6.63564 -1.36343 
v -310.249 6.63564 -1.65163 
v -310.249 6.02476 -2.5012 
v -310.249 6.02476 -2.21301 
v -310.375 6.3302 -2.21301 
v -310.375 6.3302 -2.5012 
v -310.249 6.63564 -2.21301 
v -310.249 6.63564 -2.5012 
v -310.249 6.02476 3.82566 
v -310.249 6.02476 4.11386 
v -310.375 6.3302 4.11386 
v -310.375 6.3302 3.82566 
v -310.249 6.63564 4.11386 
v -310.249 6.63564 3.82566 
v -310.147 6.12642 -3.66053 
v -310.147 6.12642 -3.46826 
v -310.231 6.3302 -3.46826 
v -310.231 6.3302 -3.66053 
v -310.147 6.53398 -3.46826 
v -310.147 6.53398 -3.66053 
v -310.147 6.12642 -4.22734 
v -310.147 6.12642 -4.03506 
v -310.231 6.3302 -4.03506 
v -310.231 6.3302 -4.22734 
v -310.147 6.53398 -4.03506 
v -310.147 6.53398 -4.22734 
v -309.943 6.04202 -4.22734 
v -310.231 6.3302 -4.22734 
v -309.655 6.3302 -4.22734 
v -310.147 6.12642 -4.22734 
v -309.739 6.12642 -4.22734 
v -309.943 6.61838 -4.22734 
v -309.739 6.53398 -4.22734 
v -310.147 6.53398 -4.22734 
v -309.943 6.04202 -3.66053 
v -310.231 6.3302 -3.66053 
v -309.655 6.3302 -3.66053 
v -310.147 6.12642 -3.66053 
v -309.739 6.12642 -3.66053 
v -309.943 6.61838 -3.66053 
v -309.739 6.53398 -3.66053 
v -310.147 6.53398 -3.66053 
v -309.638 6.02476 -2.5012 
v -309.638 6.63564 -2.5012 
v -309.511 6.3302 -2.5012 
v -310.249 6.02476 -2.5012 
v -309.943 5.89824 -2.5012 
v -310.249 6.63564 -2.5012 
v -310.375 6.3302 -2.5012 
v -309.943 6.76216 -2.5012 
v -309.638 6.02476 -1.65163 
v -309.638 6.63564 -1.65163 
v -309.511 6.3302 -1.65163 
v -310.249 6.02476 -1.65163 
v -309.943 5.89824 -1.65163 
v -310.249 6.63564 -1.65163 
v -310.375 6.3302 -1.65163 
v -309.943 6.76216 -1.65163 
v -309.943 5.89824 -1.65163 
v -309.943 6.76216 -1.65163 
v -309.511 6.3302 -1.36343 
v -309.943 5.89824 -2.5012 
v -309.943 6.76216 -2.5012 
v -309.511 6.3302 -2.21301 
v -309.943 5.89824 3.82566 
v -309.943 6.76216 3.82566 
v -309.511 6.3302 4.11386 
v -310.147 6.12642 -3.66053 
v -310.147 6.53398 -3.46826 
v -309.739 6.12642 -3.46826 
v -309.739 6.53398 -3.66053 
v -310.147 6.12642 -4.22734 
v -310.147 6.53398 -4.03506 
v -309.739 6.12642 -4.03506 
v -309.739 6.53398 -4.22734 
v -309.638 6.02476 3.82566 
v -309.638 6.63564 3.82566 
v -309.511 6.3302 3.82566 
v -310.249 6.02476 3.82566 
v -309.943 5.89824 3.82566 
v -310.249 6.63564 3.82566 
v -310.375 6.3302 3.82566 
v -309.943 6.76216 3.82566 
v -310.249 6.02476 -1.65163 
v -310.249 6.02476 -1.36343 
v -310.375 6.3302 -1.36343 
v -309.943 5.89824 -1.65163 
v -310.375 6.3302 -1.65163 
v -309.943 5.89824 -1.36343 
v -309.638 6.02476 -1.65163 
v -309.638 6.02476 -1.36343 
v -309.511 6.3302 -1.65163 
v -309.511 6.3302 -1.36343 
v -310.249 6.02476 -2.5012 
v -310.249 6.02476 -2.21301 
v -310.375 6.3302 -2.21301 
v -309.943 5.89824 -2.5012 
v -310.375 6.3302 -2.5012 
v -309.943 5.89824 -2.21301 
v -309.638 6.02476 -2.5012 
v -309.638 6.02476 -2.21301 
v -309.511 6.3302 -2.5012 
v -309.511 6.3302 -2.21301 
v -310.249 6.02476 3.82566 
v -310.249 6.02476 4.11386 
v -310.375 6.3302 4.11386 
v -309.943 5.89824 3.82566 
v -310.375 6.3302 3.82566 
v -309.943 5.89824 4.11386 
v -309.638 6.02476 3.82566 
v -309.638 6.02476 4.11386 
v -310.147 6.12642 -3.66053 
v -310.147 6.12642 -3.46826 
v -309.943 6.04202 -3.66053 
v -309.943 6.04202 -3.46826 
v -309.739 6.12642 -3.66053 
v -309.739 6.12642 -3.46826 
v -310.147 6.12642 -4.22734 
v -310.147 6.12642 -4.03506 
v -309.943 6.04202 -4.22734 
v -309.943 6.04202 -4.03506 
v -309.739 6.12642 -4.22734 
v -309.739 6.12642 -4.03506 
v -309.638 6.02476 -1.65163 
v -309.638 6.02476 -1.36343 
v -309.511 6.3302 -1.65163 
v -309.511 6.3302 -1.36343 
v -309.638 6.63564 -1.36343 
v -309.638 6.63564 -1.65163 
v -309.638 6.02476 -2.5012 
v -309.638 6.02476 -2.21301 
v -309.511 6.3302 -2.5012 
v -309.511 6.3302 -2.21301 
v -309.638 6.63564 -2.21301 
v -309.638 6.63564 -2.5012 
v -309.638 6.02476 3.82566 
v -309.638 6.02476 4.11386 
v -309.511 6.3302 3.82566 
v -309.511 6.3302 4.11386 
v -309.638 6.63564 4.11386 
v -309.638 6.63564 3.82566 
v -309.739 6.12642 -3.66053 
v -309.739 6.12642 -3.46826 
v -309.655 6.3302 -3.66053 
v -309.655 6.3302 -3.46826 
v -309.739 6.53398 -3.46826 
v -309.739 6.53398 -3.66053 
v -309.739 6.12642 -4.22734 
v -309.739 6.12642 -4.03506 
v -309.655 6.3302 -4.22734 
v -309.655 6.3302 -4.03506 
v -309.739 6.53398 -4.03506 
v -309.739 6.53398 -4.22734 

vn 0 0 1 
vn 0 0 1 
vn 0 0 1 
vn 0 0 1 
vn 0 0 1 
vn 0 0 1 
vn 0 0 1 
vn 0 0 1 
vn 0 0 1 
vn 0 0 1 
vn 0 0 1 
vn 0 0 1 
vn 0 0 1 
vn 0 0 1 
vn 0 0 1 
vn 0 0 1 
vn -1 0 0 
vn 0 -1 0 
vn 1 0 0 
vn -1 0 0 
vn 0 -1 0 
vn 1 0 0 
vn -1 0 0 
vn 0 -1 0 
vn 1 0 0 
vn -0.708661 -0.708661 0 
vn -0.708661 0.708661 0 
vn 0.708661 -0.708661 0 
vn 0.708661 0.708661 0 
vn -0.708661 -0.708661 0 
vn -0.708661 0.708661 0 
vn 0.708661 -0.708661 0 
vn 0 0 1 
vn 0 0 1 
vn 0 0 1 
vn 0 0 1 
vn 0 0 1 
vn 0 0 1 
vn 0 0 1 
vn 0 0 1 
vn 0 0 1 
vn 0 0 1 
vn 0 0 1 
vn 0 0 1 
vn 0 0 1 
vn 0 0 1 
vn 0 0 1 
vn 0 0 1 
vn 0 0 1 
vn 0 0 1 
vn 0 0 1 
vn 0 0 1 
vn 0 0 1 
vn 0 0 1 
vn 0 0 1 
vn 0 0 1 
vn -1 0 0 
vn -1 0 0 
vn -0.708661 0.708661 0 
vn -0.708661 0.708661 0 
vn 0 1 0 
vn 1 0 0 
vn 0 1 0 
vn 1 0 0 
vn 0.708661 0.708661 0 
vn 0.708661 0.708661 0 
vn -1 0 0 
vn -1 0 0 
vn -0.708661 0.708661 0 
vn -0.708661 0.708661 0 
vn 0 1 0 
vn 1 0 0 
vn 0 1 0 
vn 1 0 0 
vn 0.708661 0.708661 0 
vn 0.708661 0.708661 0 
vn -1 0 0 
vn -1 0 0 
vn -0.708661 0.708661 0 
vn -0.708661 0.708661 0 
vn 0 1 0 
vn 1 0 0 
vn 0 1 0 
vn 1 0 0 
vn 0.708661 0.708661 0 
vn 0.708661 0.708661 0 
vn -0.708661 0.708661 0 
vn -0.708661 0.708661 0 
vn 0 1 0 
vn 0 1 0 
vn 0.708661 0.708661 0 
vn 0.708661 0.708661 0 
vn -0.708661 0.708661 0 
vn -0.708661 0.708661 0 
vn 0 1 0 
vn 0 1 0 
vn 0.708661 0.708661 0 
vn 0.708661 0.708661 0 
vn -0.708661 -0.708661 0 
vn -0.708661 -0.708661 0 
vn -1 0 0 
vn -1 0 0 
vn -0.708661 0.708661 0 
vn -0.708661 0.708661 0 
vn -0.708661 -0.708661 0 
vn -0.708661 -0.708661 0 
vn -1 0 0 
vn -1 0 0 
vn -0.708661 0.708661 0 
vn -0.708661 0.708661 0 
vn -0.708661 -0.708661 0 
vn -0.708661 -0.708661 0 
vn -1 0 0 
vn -1 0 0 
vn -0.708661 0.708661 0 
vn -0.708661 0.708661 0 
vn -0.708661 -0.708661 0 
vn -0.708661 -0.708661 0 
vn -1 0 0 
vn -1 0 0 
vn -0.708661 0.708661 0 
vn -0.708661 0.708661 0 
vn -0.708661 -0.708661 0 
vn -0.708661 -0.708661 0 
vn -1 0 0 
vn -1 0 0 
vn -0.708661 0.708661 0 
vn -0.708661 0.708661 0 
vn 0 0 -1 
vn 0 0 -1 
vn 0 0 -1 
vn 0 0 -1 
vn 0 0 -1 
vn 0 0 -1 
vn 0 0 -1 
vn 0 0 -1 
vn 0 0 -1 
vn 0 0 -1 
vn 0 0 -1 
vn 0 0 -1 
vn 0 0 -1 
vn 0 0 -1 
vn 0 0 -1 
vn 0 0 -1 
vn 0 0 -1 
vn 0 0 -1 
vn 0 0 -1 
vn 0 0 -1 
vn 0 0 -1 
vn 0 0 -1 
vn 0 0 -1 
vn 0 0 -1 
vn 0 0 -1 
vn 0 0 -1 
vn 0 0 -1 
vn 0 0 -1 
vn 0 0 -1 
vn 0 0 -1 
vn 0 0 -1 
vn 0 0 -1 
vn 0 -1 0 
vn 0 1 0 
vn 1 0 0 
vn 0 -1 0 
vn 0 1 0 
vn 1 0 0 
vn 0 -1 0 
vn 0 1 0 
vn 1 0 0 
vn -0.708661 -0.708661 0 
vn -0.708661 0.708661 0 
vn 0.708661 -0.708661 0 
vn 0.708661 0.708661 0 
vn -0.708661 -0.708661 0 
vn -0.708661 0.708661 0 
vn 0.708661 -0.708661 0 
vn 0.708661 0.708661 0 
vn 0 0 -1 
vn 0 0 -1 
vn 0 0 -1 
vn 0 0 -1 
vn 0 0 -1 
vn 0 0 -1 
vn 0 0 -1 
vn 0 0 -1 
vn -0.708661 -0.708661 0 
vn -0.708661 -0.708661 0 
vn -1 0 0 
vn 0 -1 0 
vn -1 0 0 
vn 0 -1 0 
vn 0.708661 -0.708661 0 
vn 0.708661 -0.708661 0 
vn 1 0 0 
vn 1 0 0 
vn -0.708661 -0.708661 0 
vn -0.708661 -0.708661 0 
vn -1 0 0 
vn 0 -1 0 
vn -1 0 0 
vn 0 -1 0 
vn 0.708661 -0.708661 0 
vn 0.708661 -0.708661 0 
vn 1 0 0 
vn 1 0 0 
vn -0.708661 -0.708661 0 
vn -0.708661 -0.708661 0 
vn -1 0 0 
vn 0 -1 0 
vn -1 0 0 
vn 0 -1 0 
vn 0.708661 -0.708661 0 
vn 0.708661 -0.708661 0 
vn -0.708661 -0.708661 0 
vn -0.708661 -0.708661 0 
vn 0 -1 0 
vn 0 -1 0 
vn 0.708661 -0.708661 0 
vn 0.708661 -0.708661 0 
vn -0.708661 -0.708661 0 
vn -0.708661 -0.708661 0 
vn 0 -1 0 
vn 0 -1 0 
vn 0.708661 -0.708661 0 
vn 0.708661 -0.708661 0 
vn 0.708661 -0.708661 0 
vn 0.708661 -0.708661 0 
vn 1 0 0 
vn 1 0 0 
vn 0.708661 0.708661 0 
vn 0.708661 0.708661 0 
vn 0.708661 -0.708661 0 
vn 0.708661 -0.708661 0 
vn 1 0 0 
vn 1 0 0 
vn 0.708661 0.708661 0 
vn 0.708661 0.708661 0 
vn 0.708661 -0.708661 0 
vn 0.708661 -0.708661 0 
vn 1 0 0 
vn 1 0 0 
vn 0.708661 0.708661 0 
vn 0.708661 0.708661 0 
vn 0.708661 -0.708661 0 
vn 0.708661 -0.708661 0 
vn 1 0 0 
vn 1 0 0 
vn 0.708661 0.708661 0 
vn 0.708661 0.708661 0 
vn 0.708661 -0.708661 0 
vn 0.708661 -0.708661 0 
vn 1 0 0 
vn 1 0 0 
vn 0.708661 0.708661 0 
vn 0.708661 0.708661 0 

vt 10.0382 -53.0382 
vt 9.96182 -53.0382 
vt 10 -53.054 
vt 10.0382 -52.9618 
vt 10.054 -53 
vt 9.96182 -52.9618 
vt 9.94601 -53 
vt 10 -52.946 
vt 10.0382 -53.0382 
vt 9.96182 -53.0382 
vt 10 -53.054 
vt 10.0382 -52.9618 
vt 10.054 -53 
vt 9.96182 -52.9618 
vt 9.94601 -53 
vt 10 -52.946 
vt 9.94601 -53 
vt 10 -53.054 
vt 10.054 -53 
vt 9.94601 -53 
vt 10 -53.054 
vt 10.054 -53 
vt 9.94601 -53 
vt 10 -53.054 
vt 10.054 -53 
vt 9.97453 -53.0255 
vt 9.97453 -52.9745 
vt 10.0255 -53.0255 
vt 10.0255 -52.9745 
vt 9.97453 -53.0255 
vt 9.97453 -52.9745 
vt 10.0255 -53.0255 
vt 10.0382 -53.0382 
vt 9.96182 -53.0382 
vt 10 -53.054 
vt 10.0382 -52.9618 
vt 10.054 -53 
vt 9.96182 -52.9618 
vt 9.94601 -53 
vt 10 -52.946 
vt 10.036 -53 
vt 9.96398 -53 
vt 10 -53.036 
vt 9.97453 -53.0255 
vt 10.0255 -53.0255 
vt 10 -52.964 
vt 9.97453 -52.9745 
vt 10.0255 -52.9745 
vt 10.036 -53 
vt 9.96398 -53 
vt 10 -53.036 
vt 9.97453 -53.0255 
vt 10.0255 -53.0255 
vt 10 -52.964 
vt 9.97453 -52.9745 
vt 10.0255 -52.9745 
vt 10.1633 -52.946 
vt 10.1994 -52.946 
vt 10.1633 -52.9618 
vt 10.1994 -52.9618 
vt 10.1633 -53 
vt 10.1994 -53.054 
vt 10.1994 -53 
vt 10.1633 -53.054 
vt 10.1633 -53.0382 
vt 10.1994 -53.0382 
vt 10.2695 -52.946 
vt 10.3056 -52.946 
vt 10.2695 -52.9618 
vt 10.3056 -52.9618 
vt 10.2695 -53 
vt 10.3056 -53.054 
vt 10.3056 -53 
vt 10.2695 -53.054 
vt 10.2695 -53.0382 
vt 10.3056 -53.0382 
vt 9.47867 -52.946 
vt 9.5147 -52.946 
vt 9.47867 -52.9618 
vt 9.5147 -52.9618 
vt 9.47867 -53 
vt 9.5147 -53.054 
vt 9.5147 -53 
vt 9.47867 -53.054 
vt 9.47867 -53.0382 
vt 9.5147 -53.0382 
vt 10.4264 -52.9745 
vt 10.4505 -52.9745 
vt 10.4264 -53 
vt 10.4505 -53 
vt 10.4264 -53.0255 
vt 10.4505 -53.0255 
vt 10.4973 -52.9745 
vt 10.5213 -52.9745 
vt 10.4973 -53 
vt 10.5213 -53 
vt 10.4973 -53.0255 
vt 10.5213 -53.0255 
vt 9.80064 -53.0382 
vt 9.83666 -53.0382 
vt 9.83666 -53 
vt 9.80064 -53 
vt 9.83666 -52.9618 
vt 9.80064 -52.9618 
vt 9.69444 -53.0382 
vt 9.73047 -53.0382 
vt 9.73047 -53 
vt 9.69444 -53 
vt 9.73047 -52.9618 
vt 9.69444 -52.9618 
vt 10.4853 -53.0382 
vt 10.5213 -53.0382 
vt 10.5213 -53 
vt 10.4853 -53 
vt 10.5213 -52.9618 
vt 10.4853 -52.9618 
vt 9.54953 -53.0255 
vt 9.57356 -53.0255 
vt 9.57356 -53 
vt 9.54953 -53 
vt 9.57356 -52.9745 
vt 9.54953 -52.9745 
vt 9.47867 -53.0255 
vt 9.50271 -53.0255 
vt 9.50271 -53 
vt 9.47867 -53 
vt 9.50271 -52.9745 
vt 9.47867 -52.9745 
vt 10 -53.036 
vt 10.036 -53 
vt 9.96398 -53 
vt 10.0255 -53.0255 
vt 9.97453 -53.0255 
vt 10 -52.964 
vt 9.97453 -52.9745 
vt 10.0255 -52.9745 
vt 10 -53.036 
vt 10.036 -53 
vt 9.96398 -53 
vt 10.0255 -53.0255 
vt 9.97453 -53.0255 
vt 10 -52.964 
vt 9.97453 -52.9745 
vt 10.0255 -52.9745 
vt 9.96182 -53.0382 
vt 9.96182 -52.9618 
vt 9.94601 -53 
vt 10.0382 -53.0382 
vt 10 -53.054 
vt 10.0382 -52.9618 
vt 10.054 -53 
vt 10 -52.946 
vt 9.96182 -53.0382 
vt 9.96182 -52.9618 
vt 9.94601 -53 
vt 10.0382 -53.0382 
vt 10 -53.054 
vt 10.0382 -52.9618 
vt 10.054 -53 
vt 10 -52.946 
vt 10 -53.054 
vt 10 -52.946 
vt 9.94601 -53 
vt 10 -53.054 
vt 10 -52.946 
vt 9.94601 -53 
vt 10 -53.054 
vt 10 -52.946 
vt 9.94601 -53 
vt 10.0255 -53.0255 
vt 10.0255 -52.9745 
vt 9.97453 -53.0255 
vt 9.97453 -52.9745 
vt 10.0255 -53.0255 
vt 10.0255 -52.9745 
vt 9.97453 -53.0255 
vt 9.97453 -52.9745 
vt 9.96182 -53.0382 
vt 9.96182 -52.9618 
vt 9.94601 -53 
vt 10.0382 -53.0382 
vt 10 -53.054 
vt 10.0382 -52.9618 
vt 10.054 -53 
vt 10 -52.946 
vt 9.80064 -52.9618 
vt 9.83666 -52.9618 
vt 9.83666 -52.946 
vt 9.80064 -53 
vt 9.80064 -52.946 
vt 9.83666 -53 
vt 9.80064 -53.0382 
vt 9.83666 -53.0382 
vt 9.80064 -53.054 
vt 9.83666 -53.054 
vt 9.69444 -52.9618 
vt 9.73047 -52.9618 
vt 9.73047 -52.946 
vt 9.69444 -53 
vt 9.69444 -52.946 
vt 9.73047 -53 
vt 9.69444 -53.0382 
vt 9.73047 -53.0382 
vt 9.69444 -53.054 
vt 9.73047 -53.054 
vt 10.4853 -52.9618 
vt 10.5213 -52.9618 
vt 10.5213 -52.946 
vt 10.4853 -53 
vt 10.4853 -52.946 
vt 10.5213 -53 
vt 10.4853 -53.0382 
vt 10.5213 -53.0382 
vt 9.54953 -52.9745 
vt 9.57356 -52.9745 
vt 9.54953 -53 
vt 9.57356 -53 
vt 9.54953 -53.0255 
vt 9.57356 -53.0255 
vt 9.47867 -52.9745 
vt 9.50271 -52.9745 
vt 9.47867 -53 
vt 9.50271 -53 
vt 9.47867 -53.0255 
vt 9.50271 -53.0255 
vt 10.1994 -53.0382 
vt 10.1633 -53.0382 
vt 10.1994 -53 
vt 10.1633 -53 
vt 10.1633 -52.9618 
vt 10.1994 -52.9618 
vt 10.3056 -53.0382 
vt 10.2695 -53.0382 
vt 10.3056 -53 
vt 10.2695 -53 
vt 10.2695 -52.9618 
vt 10.3056 -52.9618 
vt 9.5147 -53.0382 
vt 9.47867 -53.0382 
vt 9.5147 -53 
vt 9.47867 -53 
vt 9.47867 -52.9618 
vt 9.5147 -52.9618 
vt 10.4505 -53.0255 
vt 10.4264 -53.0255 
vt 10.4505 -53 
vt 10.4264 -53 
vt 10.4264 -52.9745 
vt 10.4505 -52.9745 
vt 10.5213 -53.0255 
vt 10.4973 -53.0255 
vt 10.5213 -53 
vt 10.4973 -53 
vt 10.4973 -52.9745 
vt 10.5213 -52.9745 

usemtl Meshpart7Mtl

f 2128/2128/2128 2129/2129/2129 2130/2130/2130 
f 2129/2129/2129 2128/2128/2128 2131/2131/2131 
f 2131/2131/2131 2128/2128/2128 2132/2132/2132 
f 2133/2133/2133 2129/2129/2129 2131/2131/2131 
f 2129/2129/2129 2133/2133/2133 2134/2134/2134 
f 2133/2133/2133 2131/2131/2131 2135/2135/2135 
f 2136/2136/2136 2137/2137/2137 2138/2138/2138 
f 2137/2137/2137 2136/2136/2136 2139/2139/2139 
f 2139/2139/2139 2136/2136/2136 2140/2140/2140 
f 2141/2141/2141 2137/2137/2137 2139/2139/2139 
f 2137/2137/2137 2141/2141/2141 2142/2142/2142 
f 2141/2141/2141 2139/2139/2139 2143/2143/2143 
f 2160/2160/2160 2161/2161/2161 2162/2162/2162 
f 2161/2161/2161 2160/2160/2160 2163/2163/2163 
f 2163/2163/2163 2160/2160/2160 2164/2164/2164 
f 2165/2165/2165 2161/2161/2161 2163/2163/2163 
f 2161/2161/2161 2165/2165/2165 2166/2166/2166 
f 2165/2165/2165 2163/2163/2163 2167/2167/2167 
f 2168/2168/2168 2169/2169/2169 2170/2170/2170 
f 2170/2170/2170 2169/2169/2169 2171/2171/2171 
f 2168/2168/2168 2170/2170/2170 2172/2172/2172 
f 2168/2168/2168 2173/2173/2173 2169/2169/2169 
f 2169/2169/2169 2173/2173/2173 2174/2174/2174 
f 2173/2173/2173 2168/2168/2168 2175/2175/2175 
f 2176/2176/2176 2177/2177/2177 2178/2178/2178 
f 2178/2178/2178 2177/2177/2177 2179/2179/2179 
f 2176/2176/2176 2178/2178/2178 2180/2180/2180 
f 2176/2176/2176 2181/2181/2181 2177/2177/2177 
f 2177/2177/2177 2181/2181/2181 2182/2182/2182 
f 2181/2181/2181 2176/2176/2176 2183/2183/2183 
f 2188/2188/2188 2187/2187/2187 2186/2186/2186 
f 2190/2190/2190 2187/2187/2187 2188/2188/2188 
f 2192/2192/2192 2190/2190/2190 2188/2188/2188 
f 2193/2193/2193 2190/2190/2190 2192/2192/2192 
f 2198/2198/2198 2197/2197/2197 2196/2196/2196 
f 2200/2200/2200 2197/2197/2197 2198/2198/2198 
f 2202/2202/2202 2200/2200/2200 2198/2198/2198 
f 2203/2203/2203 2200/2200/2200 2202/2202/2202 
f 2208/2208/2208 2207/2207/2207 2206/2206/2206 
f 2207/2207/2207 2208/2208/2208 2210/2210/2210 
f 2212/2212/2212 2210/2210/2210 2208/2208/2208 
f 2213/2213/2213 2210/2210/2210 2212/2212/2212 
f 2216/2216/2216 2215/2215/2215 2214/2214/2214 
f 2217/2217/2217 2215/2215/2215 2216/2216/2216 
f 2218/2218/2218 2217/2217/2217 2216/2216/2216 
f 2219/2219/2219 2217/2217/2217 2218/2218/2218 
f 2222/2222/2222 2221/2221/2221 2220/2220/2220 
f 2223/2223/2223 2221/2221/2221 2222/2222/2222 
f 2224/2224/2224 2223/2223/2223 2222/2222/2222 
f 2225/2225/2225 2223/2223/2223 2224/2224/2224 
f 2226/2226/2226 2227/2227/2227 2228/2228/2228 
f 2226/2226/2226 2228/2228/2228 2229/2229/2229 
f 2229/2229/2229 2228/2228/2228 2230/2230/2230 
f 2229/2229/2229 2230/2230/2230 2231/2231/2231 
f 2232/2232/2232 2233/2233/2233 2234/2234/2234 
f 2232/2232/2232 2234/2234/2234 2235/2235/2235 
f 2235/2235/2235 2234/2234/2234 2236/2236/2236 
f 2235/2235/2235 2236/2236/2236 2237/2237/2237 
f 2238/2238/2238 2239/2239/2239 2240/2240/2240 
f 2238/2238/2238 2240/2240/2240 2241/2241/2241 
f 2241/2241/2241 2240/2240/2240 2242/2242/2242 
f 2241/2241/2241 2242/2242/2242 2243/2243/2243 
f 2244/2244/2244 2245/2245/2245 2246/2246/2246 
f 2244/2244/2244 2246/2246/2246 2247/2247/2247 
f 2247/2247/2247 2246/2246/2246 2248/2248/2248 
f 2247/2247/2247 2248/2248/2248 2249/2249/2249 
f 2250/2250/2250 2251/2251/2251 2252/2252/2252 
f 2250/2250/2250 2252/2252/2252 2253/2253/2253 
f 2253/2253/2253 2252/2252/2252 2254/2254/2254 
f 2253/2253/2253 2254/2254/2254 2255/2255/2255 
f 2256/2256/2256 2257/2257/2257 2258/2258/2258 
f 2257/2257/2257 2256/2256/2256 2259/2259/2259 
f 2256/2256/2256 2258/2258/2258 2260/2260/2260 
f 2257/2257/2257 2261/2261/2261 2258/2258/2258 
f 2258/2258/2258 2261/2261/2261 2262/2262/2262 
f 2261/2261/2261 2257/2257/2257 2263/2263/2263 
f 2264/2264/2264 2265/2265/2265 2266/2266/2266 
f 2265/2265/2265 2264/2264/2264 2267/2267/2267 
f 2264/2264/2264 2266/2266/2266 2268/2268/2268 
f 2265/2265/2265 2269/2269/2269 2266/2266/2266 
f 2266/2266/2266 2269/2269/2269 2270/2270/2270 
f 2269/2269/2269 2265/2265/2265 2271/2271/2271 
f 2272/2272/2272 2273/2273/2273 2274/2274/2274 
f 2273/2273/2273 2272/2272/2272 2275/2275/2275 
f 2275/2275/2275 2272/2272/2272 2276/2276/2276 
f 2273/2273/2273 2275/2275/2275 2277/2277/2277 
f 2277/2277/2277 2275/2275/2275 2278/2278/2278 
f 2273/2273/2273 2277/2277/2277 2279/2279/2279 
f 2280/2280/2280 2281/2281/2281 2282/2282/2282 
f 2281/2281/2281 2280/2280/2280 2283/2283/2283 
f 2283/2283/2283 2280/2280/2280 2284/2284/2284 
f 2281/2281/2281 2283/2283/2283 2285/2285/2285 
f 2285/2285/2285 2283/2283/2283 2286/2286/2286 
f 2281/2281/2281 2285/2285/2285 2287/2287/2287 
f 2305/2305/2305 2306/2306/2306 2307/2307/2307 
f 2306/2306/2306 2305/2305/2305 2308/2308/2308 
f 2308/2308/2308 2305/2305/2305 2309/2309/2309 
f 2306/2306/2306 2308/2308/2308 2310/2310/2310 
f 2310/2310/2310 2308/2308/2308 2311/2311/2311 
f 2306/2306/2306 2310/2310/2310 2312/2312/2312 
f 2316/2316/2316 2314/2314/2314 2313/2313/2313 
f 2316/2316/2316 2318/2318/2318 2314/2314/2314 
f 2319/2319/2319 2318/2318/2318 2316/2316/2316 
f 2319/2319/2319 2320/2320/2320 2318/2318/2318 
f 2326/2326/2326 2324/2324/2324 2323/2323/2323 
f 2326/2326/2326 2328/2328/2328 2324/2324/2324 
f 2329/2329/2329 2328/2328/2328 2326/2326/2326 
f 2329/2329/2329 2330/2330/2330 2328/2328/2328 
f 2336/2336/2336 2334/2334/2334 2333/2333/2333 
f 2336/2336/2336 2338/2338/2338 2334/2334/2334 
f 2339/2339/2339 2338/2338/2338 2336/2336/2336 
f 2339/2339/2339 2340/2340/2340 2338/2338/2338 
f 2343/2343/2343 2342/2342/2342 2341/2341/2341 
f 2343/2343/2343 2344/2344/2344 2342/2342/2342 
f 2345/2345/2345 2344/2344/2344 2343/2343/2343 
f 2345/2345/2345 2346/2346/2346 2344/2344/2344 
f 2349/2349/2349 2348/2348/2348 2347/2347/2347 
f 2349/2349/2349 2350/2350/2350 2348/2348/2348 
f 2351/2351/2351 2350/2350/2350 2349/2349/2349 
f 2351/2351/2351 2352/2352/2352 2350/2350/2350 
f 2355/2355/2355 2354/2354/2354 2353/2353/2353 
f 2355/2355/2355 2356/2356/2356 2354/2354/2354 
f 2358/2358/2358 2356/2356/2356 2355/2355/2355 
f 2358/2358/2358 2357/2357/2357 2356/2356/2356 
f 2361/2361/2361 2360/2360/2360 2359/2359/2359 
f 2361/2361/2361 2362/2362/2362 2360/2360/2360 
f 2364/2364/2364 2362/2362/2362 2361/2361/2361 
f 2364/2364/2364 2363/2363/2363 2362/2362/2362 
f 2367/2367/2367 2366/2366/2366 2365/2365/2365 
f 2367/2367/2367 2368/2368/2368 2366/2366/2366 
f 2370/2370/2370 2368/2368/2368 2367/2367/2367 
f 2370/2370/2370 2369/2369/2369 2368/2368/2368 
f 2373/2373/2373 2372/2372/2372 2371/2371/2371 
f 2373/2373/2373 2374/2374/2374 2372/2372/2372 
f 2376/2376/2376 2374/2374/2374 2373/2373/2373 
f 2376/2376/2376 2375/2375/2375 2374/2374/2374 
f 2379/2379/2379 2378/2378/2378 2377/2377/2377 
f 2379/2379/2379 2380/2380/2380 2378/2378/2378 
f 2382/2382/2382 2380/2380/2380 2379/2379/2379 
f 2382/2382/2382 2381/2381/2381 2380/2380/2380 

g Meshpart8

v -310.453 6.35194 -1.95969 
v -310.418 6.36396 -1.9538 
v -310.452 6.3502 -1.96552 
v -310.418 6.36396 -1.96559 
v -310.468 6.31714 -1.95969 
v -310.419 6.35804 -1.96781 
v -310.448 6.34606 -1.96781 
v -310.419 6.35234 -1.96537 
v -310.465 6.31714 -1.96552 
v -310.444 6.34207 -1.96532 
v -310.442 6.34047 -1.95969 
v -310.419 6.34997 -1.95969 
v -310.46 6.31714 -1.96781 
v -310.454 6.31714 -1.96532 
v -310.452 6.31714 -1.95969 
v -310.442 6.29381 -1.95969 
v -310.444 6.29221 -1.96532 
v -310.448 6.28822 -1.96781 
v -310.419 6.28193 -1.96537 
v -310.419 6.28431 -1.95969 
v -310.419 6.27624 -1.96781 
v -310.452 6.28408 -1.96552 
v -310.418 6.27032 -1.96559 
v -310.452 6.3502 -1.95386 
v -310.418 6.36652 -1.95969 
v -310.453 6.35194 -1.95969 
v -310.418 6.36396 -1.9538 
v -310.452 6.3502 -1.96552 
v -310.418 6.36396 -1.96559 
v -310.419 6.35234 -1.96537 
v -310.442 6.29381 -1.95969 
v -310.444 6.29221 -1.96532 
v -310.448 6.28822 -1.96781 
v -310.419 6.28193 -1.96537 
v -310.419 6.28431 -1.95969 
v -310.419 6.28193 -1.95401 
v -310.418 6.27032 -1.96559 
v -310.448 6.28822 -1.95157 
v -310.444 6.29221 -1.95407 
v -310.448 6.34606 -1.95157 
v -310.444 6.34207 -1.95407 
v -310.448 6.34606 -1.96781 
v -310.444 6.34207 -1.96532 
v -310.442 6.34047 -1.95969 
v -310.46 6.31714 -1.96781 
v -310.454 6.31714 -1.96532 
v -310.452 6.31714 -1.95969 
v -310.454 6.31714 -1.95407 
v -310.442 6.29381 -1.95969 
v -310.444 6.29221 -1.96532 
v -310.448 6.28822 -1.96781 
v -310.448 6.28822 -1.95157 
v -310.46 6.31714 -1.95157 
v -310.444 6.29221 -1.95407 
v -310.452 6.3502 -1.95386 
v -310.453 6.35194 -1.95969 
v -310.418 6.36396 -1.9538 
v -310.419 6.35804 -1.95157 
v -310.468 6.31714 -1.95969 
v -310.448 6.34606 -1.95157 
v -310.419 6.35234 -1.95401 
v -310.465 6.31714 -1.95386 
v -310.444 6.34207 -1.95407 
v -310.442 6.34047 -1.95969 
v -310.419 6.34997 -1.95969 
v -310.452 6.31714 -1.95969 
v -310.454 6.31714 -1.95407 
v -310.442 6.29381 -1.95969 
v -310.419 6.28431 -1.95969 
v -310.419 6.28193 -1.95401 
v -310.418 6.27032 -1.96559 
v -310.453 6.28234 -1.95969 
v -310.452 6.28408 -1.95386 
v -310.418 6.27032 -1.9538 
v -310.419 6.27624 -1.95157 
v -310.448 6.28822 -1.95157 
v -310.46 6.31714 -1.95157 
v -310.444 6.29221 -1.95407 
v -310.418 6.36396 -1.9538 
v -310.448 6.34606 -1.95157 
v -310.419 6.35234 -1.95401 
v -310.444 6.34207 -1.95407 
v -310.448 6.34606 -1.96781 
v -310.419 6.35234 -1.96537 
v -310.444 6.34207 -1.96532 
v -310.442 6.34047 -1.95969 
v -310.419 6.34997 -1.95969 
v -310.419 6.28193 -1.95401 
v -310.452 6.28408 -1.96552 
v -310.418 6.27032 -1.96559 
v -310.418 6.26776 -1.95969 
v -310.453 6.28234 -1.95969 
v -310.452 6.28408 -1.95386 
v -310.418 6.27032 -1.9538 
v -310.452 6.3502 -1.95386 
v -310.453 6.35194 -1.95969 
v -310.452 6.3502 -1.96552 
v -310.468 6.31714 -1.95969 
v -310.465 6.31714 -1.95386 
v -310.465 6.31714 -1.96552 
v -310.452 6.28408 -1.96552 
v -310.453 6.28234 -1.95969 
v -310.452 6.28408 -1.95386 

vn -0.708661 0.708661 0 
vn -0.299213 0.716535 0.629921 
vn -0.519685 0.527559 -0.669291 
vn -0.299213 0.716535 -0.629921 
vn -1 0 0 
vn -0.0393701 0.102362 -0.992126 
vn -0.0551181 0.0551181 -1 
vn 0.267717 -0.629921 -0.724409 
vn -0.740157 0 -0.669291 
vn 0.472441 -0.472441 -0.740157 
vn 0.708661 -0.700787 0 
vn 0.385827 -0.92126 0 
vn -0.0708661 0 -1 
vn 0.669291 0 -0.748031 
vn 1 0 0 
vn 0.708661 0.708661 0 
vn 0.472441 0.472441 -0.740157 
vn -0.0551181 -0.0551181 -1 
vn 0.267717 0.629921 -0.732283 
vn 0.385827 0.92126 0 
vn -0.0393701 -0.102362 -0.992126 
vn -0.519685 -0.527559 -0.669291 
vn -0.299213 -0.716535 -0.629921 
vn -0.519685 0.527559 0.669291 
vn -0.377953 0.929134 0 
vn -0.708661 0.708661 0 
vn -0.299213 0.716535 0.629921 
vn -0.519685 0.527559 -0.669291 
vn -0.299213 0.716535 -0.629921 
vn 0.267717 -0.629921 -0.724409 
vn 0.708661 0.708661 0 
vn 0.472441 0.472441 -0.740157 
vn -0.0551181 -0.0551181 -1 
vn 0.267717 0.629921 -0.732283 
vn 0.385827 0.92126 0 
vn 0.267717 0.629921 0.732283 
vn -0.299213 -0.716535 -0.629921 
vn -0.0551181 -0.0551181 1 
vn 0.472441 0.472441 0.740157 
vn -0.0551181 0.0551181 1 
vn 0.472441 -0.472441 0.740157 
vn -0.0551181 0.0551181 -1 
vn 0.472441 -0.472441 -0.740157 
vn 0.708661 -0.700787 0 
vn -0.0708661 0 -1 
vn 0.669291 0 -0.748031 
vn 1 0 0 
vn 0.669291 0 0.748031 
vn 0.708661 0.708661 0 
vn 0.472441 0.472441 -0.740157 
vn -0.0551181 -0.0551181 -1 
vn -0.0551181 -0.0551181 1 
vn -0.0708661 0 1 
vn 0.472441 0.472441 0.740157 
vn -0.519685 0.527559 0.669291 
vn -0.708661 0.708661 0 
vn -0.299213 0.716535 0.629921 
vn -0.0393701 0.102362 0.992126 
vn -1 0 0 
vn -0.0551181 0.0551181 1 
vn 0.267717 -0.629921 0.732283 
vn -0.740157 0 0.669291 
vn 0.472441 -0.472441 0.740157 
vn 0.708661 -0.700787 0 
vn 0.385827 -0.92126 0 
vn 1 0 0 
vn 0.669291 0 0.748031 
vn 0.708661 0.708661 0 
vn 0.385827 0.92126 0 
vn 0.267717 0.629921 0.732283 
vn -0.299213 -0.716535 -0.629921 
vn -0.708661 -0.708661 0 
vn -0.519685 -0.527559 0.669291 
vn -0.299213 -0.716535 0.629921 
vn -0.0393701 -0.102362 0.992126 
vn -0.0551181 -0.0551181 1 
vn -0.0708661 0 1 
vn 0.472441 0.472441 0.740157 
vn -0.299213 0.716535 0.629921 
vn -0.0551181 0.0551181 1 
vn 0.267717 -0.629921 0.732283 
vn 0.472441 -0.472441 0.740157 
vn -0.0551181 0.0551181 -1 
vn 0.267717 -0.629921 -0.724409 
vn 0.472441 -0.472441 -0.740157 
vn 0.708661 -0.700787 0 
vn 0.385827 -0.92126 0 
vn 0.267717 0.629921 0.732283 
vn -0.519685 -0.527559 -0.669291 
vn -0.299213 -0.716535 -0.629921 
vn -0.377953 -0.929134 0 
vn -0.708661 -0.708661 0 
vn -0.519685 -0.527559 0.669291 
vn -0.299213 -0.716535 0.629921 
vn -0.519685 0.527559 0.669291 
vn -0.708661 0.708661 0 
vn -0.519685 0.527559 -0.669291 
vn -1 0 0 
vn -0.740157 0 0.669291 
vn -0.740157 0 -0.669291 
vn -0.519685 -0.527559 -0.669291 
vn -0.708661 -0.708661 0 
vn -0.519685 -0.527559 0.669291 

vt 34.0013 -26.9956 
vt 33.9969 -26.9941 
vt 34.0011 -26.9959 
vt 33.9969 -26.9941 
vt 34.0031 -27 
vt 33.997 -26.9949 
vt 34.0006 -26.9964 
vt 33.997 -26.9956 
vt 34.0028 -27 
vt 34.0001 -26.9969 
vt 33.9999 -26.9971 
vt 33.9971 -26.9959 
vt 34.0021 -27 
vt 34.0014 -27 
vt 34.0011 -27 
vt 33.9999 -27.0029 
vt 34.0001 -27.0031 
vt 34.0006 -27.0036 
vt 33.997 -27.0044 
vt 33.9971 -27.0041 
vt 33.997 -27.0051 
vt 34.0011 -27.0041 
vt 33.9969 -27.0059 
vt 34.0007 -27.0011 
vt 34 -26.9969 
vt 34 -27.0013 
vt 34.0007 -26.9969 
vt 33.9993 -27.0011 
vt 33.9993 -26.9969 
vt 33.9993 -26.997 
vt 34 -26.9999 
vt 33.9993 -27.0001 
vt 33.999 -27.0006 
vt 33.9993 -26.997 
vt 34 -26.9971 
vt 34.0007 -26.997 
vt 33.9993 -26.9969 
vt 34.001 -27.0006 
vt 34.0007 -27.0001 
vt 33.999 -26.9964 
vt 33.9993 -26.9969 
vt 34.001 -26.9964 
vt 34.0007 -26.9969 
vt 34 -26.9971 
vt 34.001 -27 
vt 34.0007 -27 
vt 34 -27 
vt 33.9993 -27 
vt 34 -27.0029 
vt 34.0007 -27.0031 
vt 34.001 -27.0036 
vt 33.999 -27.0036 
vt 33.999 -27 
vt 33.9993 -27.0031 
vt 33.9989 -26.9959 
vt 33.9987 -26.9956 
vt 34.0031 -26.9941 
vt 34.003 -26.9949 
vt 33.9969 -27 
vt 33.9994 -26.9964 
vt 34.003 -26.9956 
vt 33.9972 -27 
vt 33.9999 -26.9969 
vt 34.0001 -26.9971 
vt 34.0029 -26.9959 
vt 33.9989 -27 
vt 33.9986 -27 
vt 34.0001 -27.0029 
vt 34.0029 -27.0041 
vt 34.003 -27.0044 
vt 34.0031 -27.0059 
vt 33.9987 -27.0044 
vt 33.9989 -27.0041 
vt 34.0031 -27.0059 
vt 34.003 -27.0051 
vt 33.9994 -27.0036 
vt 33.9979 -27 
vt 33.9999 -27.0031 
vt 33.9993 -26.9969 
vt 33.999 -27.0006 
vt 33.9993 -26.997 
vt 33.9993 -27.0001 
vt 34.001 -27.0006 
vt 34.0007 -26.997 
vt 34.0007 -27.0001 
vt 34 -26.9999 
vt 34 -26.9971 
vt 33.9993 -26.997 
vt 34.0007 -27.0011 
vt 34.0007 -26.9969 
vt 34 -26.9969 
vt 34 -27.0013 
vt 33.9993 -27.0011 
vt 33.9993 -26.9969 
vt 34.0007 -26.9959 
vt 34 -26.9956 
vt 33.9993 -26.9959 
vt 34 -27 
vt 34.0007 -27 
vt 33.9993 -27 
vt 33.9993 -27.0041 
vt 34 -27.0044 
vt 34.0007 -27.0041 

usemtl Meshpart8Mtl

f 2388/2388/2388 2385/2385/2385 2386/2386/2386 
f 2385/2385/2385 2388/2388/2388 2389/2389/2389 
f 2390/2390/2390 2389/2389/2389 2388/2388/2388 
f 2391/2391/2391 2385/2385/2385 2389/2389/2389 
f 2389/2389/2389 2390/2390/2390 2392/2392/2392 
f 2395/2395/2395 2389/2389/2389 2392/2392/2392 
f 2391/2391/2391 2389/2389/2389 2395/2395/2395 
f 2395/2395/2395 2392/2392/2392 2396/2396/2396 
f 2399/2399/2399 2395/2395/2395 2396/2396/2396 
f 2400/2400/2400 2391/2391/2391 2395/2395/2395 
f 2395/2395/2395 2399/2399/2399 2400/2400/2400 
f 2401/2401/2401 2400/2400/2400 2399/2399/2399 
f 2400/2400/2400 2401/2401/2401 2403/2403/2403 
f 2391/2391/2391 2400/2400/2400 2404/2404/2404 
f 2403/2403/2403 2404/2404/2404 2400/2400/2400 
f 2404/2404/2404 2403/2403/2403 2405/2405/2405 
f 2406/2406/2406 2407/2407/2407 2408/2408/2408 
f 2407/2407/2407 2406/2406/2406 2409/2409/2409 
f 2407/2407/2407 2410/2410/2410 2408/2408/2408 
f 2410/2410/2410 2407/2407/2407 2411/2411/2411 
f 2416/2416/2416 2414/2414/2414 2413/2413/2413 
f 2413/2413/2413 2417/2417/2417 2416/2416/2416 
f 2413/2413/2413 2418/2418/2418 2417/2417/2417 
f 2418/2418/2418 2413/2413/2413 2421/2421/2421 
f 2426/2426/2426 2428/2428/2428 2425/2425/2425 
f 2428/2428/2428 2426/2426/2426 2429/2429/2429 
f 2430/2430/2430 2426/2426/2426 2423/2423/2423 
f 2426/2426/2426 2430/2430/2430 2429/2429/2429 
f 2431/2431/2431 2428/2428/2428 2429/2429/2429 
f 2430/2430/2430 2431/2431/2431 2429/2429/2429 
f 2428/2428/2428 2431/2431/2431 2432/2432/2432 
f 2431/2431/2431 2430/2430/2430 2436/2436/2436 
f 2437/2437/2437 2440/2440/2440 2439/2439/2439 
f 2440/2440/2440 2437/2437/2437 2442/2442/2442 
f 2442/2442/2442 2443/2443/2443 2440/2440/2440 
f 2444/2444/2444 2442/2442/2442 2437/2437/2437 
f 2443/2443/2443 2442/2442/2442 2445/2445/2445 
f 2455/2455/2455 2456/2456/2456 2457/2457/2457 
f 2455/2455/2455 2457/2457/2457 2458/2458/2458 
f 2458/2458/2458 2444/2444/2444 2455/2455/2455 
f 2458/2458/2458 2457/2457/2457 2452/2452/2452 
f 2444/2444/2444 2458/2458/2458 2459/2459/2459 
f 2442/2442/2442 2444/2444/2444 2459/2459/2459 
f 2459/2459/2459 2445/2445/2445 2442/2442/2442 
f 2445/2445/2445 2459/2459/2459 2449/2449/2449 
f 2460/2460/2460 2459/2459/2459 2458/2458/2458 
f 2458/2458/2458 2452/2452/2452 2460/2460/2460 
f 2459/2459/2459 2460/2460/2460 2449/2449/2449 
f 2468/2468/2468 2463/2463/2463 2464/2464/2464 
f 2466/2466/2466 2468/2468/2468 2467/2467/2467 
f 2463/2463/2463 2468/2468/2468 2469/2469/2469 
f 2468/2468/2468 2466/2466/2466 2469/2469/2469 
f 2471/2471/2471 2472/2472/2472 2473/2473/2473 
f 2473/2473/2473 2474/2474/2474 2471/2471/2471 
f 2473/2473/2473 2475/2475/2475 2474/2474/2474 
f 2475/2475/2475 2473/2473/2473 2476/2476/2476 
f 2480/2480/2480 2477/2477/2477 2478/2478/2478 
f 2480/2480/2480 2478/2478/2478 2479/2479/2479 
f 2477/2477/2477 2480/2480/2480 2481/2481/2481 
f 2479/2479/2479 2482/2482/2482 2480/2480/2480 
f 2483/2483/2483 2480/2480/2480 2482/2482/2482 
f 2480/2480/2480 2483/2483/2483 2484/2484/2484 
f 2480/2480/2480 2484/2484/2484 2485/2485/2485 
f 2485/2485/2485 2481/2481/2481 2480/2480/2480 

g Meshpart9

v -310.391 6.36474 -2.00729 
v -310.391 6.26954 -2.00729 
v -310.371 6.36756 -2.01011 
v -310.371 6.26672 -2.01011 
v -310.371 6.31714 -2.031 
v -310.391 6.31714 -2.02701 
v -310.391 6.36474 -1.91209 
v -310.371 6.36756 -1.90927 
v -310.371 6.38845 -1.95969 
v -310.391 6.38446 -1.95969 
v -310.391 6.36474 -2.00729 
v -310.371 6.36756 -2.01011 
v -310.391 6.36474 -1.91209 
v -310.391 6.31714 -1.89237 
v -310.371 6.31714 -1.88838 
v -310.391 6.26954 -1.91209 
v -310.371 6.36756 -1.90927 
v -310.371 6.26672 -1.90927 
v -310.391 6.26954 -1.91209 
v -310.371 6.26672 -1.90927 
v -310.371 6.24583 -1.95969 
v -310.391 6.24982 -1.95969 
v -310.391 6.26954 -2.00729 
v -310.371 6.26672 -2.01011 

vn -0.19685 0.692913 -0.692913 
vn -0.19685 -0.692913 -0.692913 
vn -0.19685 0.692913 -0.692913 
vn -0.19685 -0.692913 -0.692913 
vn -0.19685 0 -0.976378 
vn -0.19685 0 -0.976378 
vn -0.19685 0.692913 0.692913 
vn -0.19685 0.692913 0.692913 
vn -0.19685 0.976378 0 
vn -0.19685 0.976378 0 
vn -0.19685 0.692913 -0.692913 
vn -0.19685 0.692913 -0.692913 
vn -0.19685 0.692913 0.692913 
vn -0.19685 0 0.976378 
vn -0.19685 0 0.976378 
vn -0.19685 -0.692913 0.692913 
vn -0.19685 0.692913 0.692913 
vn -0.19685 -0.692913 0.692913 
vn -0.19685 -0.692913 0.692913 
vn -0.19685 -0.692913 0.692913 
vn -0.19685 -0.976378 0 
vn -0.19685 -0.976378 0 
vn -0.19685 -0.692913 -0.692913 
vn -0.19685 -0.692913 -0.692913 

vt 42.0012 -36.994 
vt 42.0012 -37.006 
vt 41.9988 -36.9937 
vt 41.9988 -37.0063 
vt 41.9988 -37 
vt 42.0012 -37 
vt 42.006 -37.0012 
vt 42.0063 -36.9988 
vt 42 -36.9988 
vt 42 -37.0012 
vt 41.994 -37.0012 
vt 41.9937 -36.9988 
vt 41.9988 -36.994 
vt 41.9988 -37 
vt 42.0012 -37 
vt 41.9988 -37.006 
vt 42.0012 -36.9937 
vt 42.0012 -37.0063 
vt 41.994 -37.0012 
vt 41.9937 -36.9988 
vt 42 -36.9988 
vt 42 -37.0012 
vt 42.006 -37.0012 
vt 42.0063 -36.9988 

usemtl Meshpart8Mtl

f 2490/2490/2490 2486/2486/2486 2488/2488/2488 
f 2487/2487/2487 2490/2490/2490 2489/2489/2489 
f 2486/2486/2486 2490/2490/2490 2491/2491/2491 
f 2487/2487/2487 2491/2491/2491 2490/2490/2490 
f 2494/2494/2494 2492/2492/2492 2493/2493/2493 
f 2492/2492/2492 2494/2494/2494 2495/2495/2495 
f 2496/2496/2496 2495/2495/2495 2494/2494/2494 
f 2496/2496/2496 2494/2494/2494 2497/2497/2497 
f 2498/2498/2498 2499/2499/2499 2500/2500/2500 
f 2501/2501/2501 2500/2500/2500 2499/2499/2499 
f 2498/2498/2498 2500/2500/2500 2502/2502/2502 
f 2500/2500/2500 2501/2501/2501 2503/2503/2503 
f 2504/2504/2504 2506/2506/2506 2505/2505/2505 
f 2504/2504/2504 2507/2507/2507 2506/2506/2506 
f 2508/2508/2508 2506/2506/2506 2507/2507/2507 
f 2506/2506/2506 2508/2508/2508 2509/2509/2509 

g Meshpart10

v -310.421 6.28004 -1.99679 
v -310.421 6.31714 -2.01216 
v -310.391 6.31714 -2.02701 
v -310.421 6.35424 -1.99679 
v -310.391 6.26954 -2.00729 
v -310.391 6.36474 -2.00729 
v -310.371 6.36756 -2.01011 
v -310.316 6.37316 -2.01572 
v -310.316 6.31714 -2.03892 
v -310.371 6.31714 -2.031 
v -310.371 6.26672 -2.01011 
v -310.316 6.26111 -2.01572 
v -310.421 6.35424 -1.99679 
v -310.391 6.36474 -2.00729 
v -310.391 6.38446 -1.95969 
v -310.421 6.36961 -1.95969 
v -310.421 6.35424 -1.92259 
v -310.391 6.36474 -1.91209 
v -310.371 6.36756 -1.90927 
v -310.316 6.39637 -1.95969 
v -310.371 6.38845 -1.95969 
v -310.371 6.36756 -2.01011 
v -310.316 6.37316 -1.90367 
v -310.316 6.37316 -2.01572 
v -310.421 6.28004 -1.92259 
v -310.421 6.35424 -1.92259 
v -310.391 6.26954 -1.91209 
v -310.391 6.36474 -1.91209 
v -310.391 6.31714 -1.89237 
v -310.421 6.31714 -1.90722 
v -310.371 6.36756 -1.90927 
v -310.316 6.37316 -1.90367 
v -310.316 6.31714 -1.88046 
v -310.371 6.31714 -1.88838 
v -310.371 6.26672 -1.90927 
v -310.316 6.26111 -1.90367 
v -310.421 6.28004 -1.99679 
v -310.391 6.26954 -2.00729 
v -310.391 6.24982 -1.95969 
v -310.421 6.26467 -1.95969 
v -310.421 6.28004 -1.92259 
v -310.391 6.26954 -1.91209 
v -310.371 6.26672 -1.90927 
v -310.371 6.26672 -2.01011 
v -310.316 6.26111 -1.90367 
v -310.316 6.26111 -2.01572 
v -310.316 6.23791 -1.95969 
v -310.371 6.24583 -1.95969 
v -310.421 6.28004 -1.99679 
v -310.421 6.35424 -1.92259 
v -310.421 6.35424 -1.99679 
v -310.421 6.36961 -1.95969 
v -310.421 6.31714 -2.01216 
v -310.421 6.28004 -1.92259 
v -310.421 6.31714 -1.90722 
v -310.421 6.26467 -1.95969 

vn -0.440945 -0.629921 -0.629921 
vn -0.440945 0 -0.897638 
vn -0.440945 0 -0.897638 
vn -0.440945 0.629921 -0.629921 
vn -0.440945 -0.629921 -0.629921 
vn -0.440945 0.629921 -0.629921 
vn -0.141732 0.700787 -0.700787 
vn -0.141732 0.700787 -0.700787 
vn -0.141732 0 -0.992126 
vn -0.141732 0 -0.992126 
vn -0.141732 -0.700787 -0.700787 
vn -0.141732 -0.700787 -0.700787 
vn -0.440945 0.629921 -0.629921 
vn -0.440945 0.629921 -0.629921 
vn -0.440945 0.897638 0 
vn -0.440945 0.897638 0 
vn -0.440945 0.629921 0.629921 
vn -0.440945 0.629921 0.629921 
vn -0.141732 0.700787 0.700787 
vn -0.141732 0.992126 0 
vn -0.141732 0.992126 0 
vn -0.141732 0.700787 -0.700787 
vn -0.141732 0.700787 0.700787 
vn -0.141732 0.700787 -0.700787 
vn -0.440945 -0.629921 0.629921 
vn -0.440945 0.629921 0.629921 
vn -0.440945 -0.629921 0.629921 
vn -0.440945 0.629921 0.629921 
vn -0.440945 0 0.897638 
vn -0.440945 0 0.897638 
vn -0.141732 0.700787 0.700787 
vn -0.141732 0.700787 0.700787 
vn -0.141732 0 0.992126 
vn -0.141732 0 0.992126 
vn -0.141732 -0.700787 0.700787 
vn -0.141732 -0.700787 0.700787 
vn -0.440945 -0.629921 -0.629921 
vn -0.440945 -0.629921 -0.629921 
vn -0.440945 -0.897638 0 
vn -0.440945 -0.897638 0 
vn -0.440945 -0.629921 0.629921 
vn -0.440945 -0.629921 0.629921 
vn -0.141732 -0.700787 0.700787 
vn -0.141732 -0.700787 -0.700787 
vn -0.141732 -0.700787 0.700787 
vn -0.141732 -0.700787 -0.700787 
vn -0.141732 -0.992126 0 
vn -0.141732 -0.992126 0 
vn -1 0 0 
vn -1 0 0 
vn -1 0 0 
vn -1 0 0 
vn -1 0 0 
vn -1 0 0 
vn -1 0 0 
vn -1 0 0 

vt 22.0066 -19.0046 
vt 22.0066 -19 
vt 22.0028 -19 
vt 22.0066 -18.9954 
vt 22.0028 -19.006 
vt 22.0028 -18.994 
vt 22.0004 -18.9937 
vt 21.9934 -18.993 
vt 21.9934 -19 
vt 22.0004 -19 
vt 22.0004 -19.0063 
vt 21.9934 -19.007 
vt 21.9954 -19.0066 
vt 21.994 -19.0028 
vt 22 -19.0028 
vt 22 -19.0066 
vt 22.0046 -19.0066 
vt 22.006 -19.0028 
vt 22.0063 -19.0004 
vt 22 -18.9934 
vt 22 -19.0004 
vt 21.9937 -19.0004 
vt 22.007 -18.9934 
vt 21.993 -18.9934 
vt 21.9934 -19.0046 
vt 21.9934 -18.9954 
vt 21.9972 -19.006 
vt 21.9972 -18.994 
vt 21.9972 -19 
vt 21.9934 -19 
vt 21.9996 -18.9937 
vt 22.0066 -18.993 
vt 22.0066 -19 
vt 21.9996 -19 
vt 21.9996 -19.0063 
vt 22.0066 -19.007 
vt 22.0046 -19.0066 
vt 22.006 -19.0028 
vt 22 -19.0028 
vt 22 -19.0066 
vt 21.9954 -19.0066 
vt 21.994 -19.0028 
vt 21.9937 -19.0004 
vt 22.0063 -19.0004 
vt 21.993 -18.9934 
vt 22.007 -18.9934 
vt 22 -18.9934 
vt 22 -19.0004 
vt 21.9954 -19.0046 
vt 22.0046 -18.9954 
vt 21.9954 -18.9954 
vt 22 -18.9934 
vt 21.9934 -19 
vt 22.0046 -19.0046 
vt 22.0066 -19 
vt 22 -19.0066 

usemtl Meshpart7Mtl

f 2510/2510/2510 2511/2511/2511 2512/2512/2512 
f 2513/2513/2513 2512/2512/2512 2511/2511/2511 
f 2512/2512/2512 2514/2514/2514 2510/2510/2510 
f 2512/2512/2512 2513/2513/2513 2515/2515/2515 
f 2518/2518/2518 2516/2516/2516 2517/2517/2517 
f 2516/2516/2516 2518/2518/2518 2519/2519/2519 
f 2518/2518/2518 2520/2520/2520 2519/2519/2519 
f 2520/2520/2520 2518/2518/2518 2521/2521/2521 
f 2524/2524/2524 2523/2523/2523 2522/2522/2522 
f 2522/2522/2522 2525/2525/2525 2524/2524/2524 
f 2526/2526/2526 2524/2524/2524 2525/2525/2525 
f 2524/2524/2524 2526/2526/2526 2527/2527/2527 
f 2528/2528/2528 2529/2529/2529 2530/2530/2530 
f 2529/2529/2529 2531/2531/2531 2530/2530/2530 
f 2529/2529/2529 2528/2528/2528 2532/2532/2532 
f 2531/2531/2531 2529/2529/2529 2533/2533/2533 
f 2538/2538/2538 2534/2534/2534 2536/2536/2536 
f 2538/2538/2538 2537/2537/2537 2535/2535/2535 
f 2534/2534/2534 2538/2538/2538 2539/2539/2539 
f 2535/2535/2535 2539/2539/2539 2538/2538/2538 
f 2540/2540/2540 2542/2542/2542 2541/2541/2541 
f 2542/2542/2542 2540/2540/2540 2543/2543/2543 
f 2544/2544/2544 2542/2542/2542 2543/2543/2543 
f 2542/2542/2542 2544/2544/2544 2545/2545/2545 
f 2548/2548/2548 2546/2546/2546 2547/2547/2547 
f 2546/2546/2546 2548/2548/2548 2549/2549/2549 
f 2550/2550/2550 2549/2549/2549 2548/2548/2548 
f 2548/2548/2548 2551/2551/2551 2550/2550/2550 
f 2552/2552/2552 2556/2556/2556 2554/2554/2554 
f 2556/2556/2556 2553/2553/2553 2555/2555/2555 
f 2556/2556/2556 2552/2552/2552 2557/2557/2557 
f 2553/2553/2553 2556/2556/2556 2557/2557/2557 
f 2558/2558/2558 2559/2559/2559 2560/2560/2560 
f 2560/2560/2560 2559/2559/2559 2561/2561/2561 
f 2558/2558/2558 2560/2560/2560 2562/2562/2562 
f 2558/2558/2558 2563/2563/2563 2559/2559/2559 
f 2559/2559/2559 2563/2563/2563 2564/2564/2564 
f 2563/2563/2563 2558/2558/2558 2565/2565/2565 

g Head1

v -310.1 6.17307 -2.96948 
v -309.943 6.10799 -2.96948 
v -309.943 6.13736 -2.96948 
v -309.786 6.17307 -2.96948 
v -310.079 6.19384 -2.96948 
v -309.807 6.19384 -2.96948 
v -310.136 6.3302 -2.96948 
v -309.75 6.3302 -2.96948 
v -310.165 6.3302 -2.96948 
v -309.721 6.3302 -2.96948 
v -310.1 6.48733 -2.96948 
v -309.786 6.48733 -2.96948 
v -310.079 6.46656 -2.96948 
v -309.807 6.46656 -2.96948 
v -309.943 6.52304 -2.96948 
v -309.943 6.55241 -2.96948 
v -310.192 6.57916 -4.43478 
v -309.943 6.52265 -4.43478 
v -309.943 6.68228 -4.43478 
v -309.694 6.57916 -4.43478 
v -310.079 6.46628 -4.43478 
v -309.807 6.46628 -4.43478 
v -310.135 6.3302 -4.43478 
v -309.751 6.3302 -4.43478 
v -310.295 6.3302 -4.43478 
v -309.591 6.3302 -4.43478 
v -310.192 6.08124 -4.43478 
v -309.694 6.08124 -4.43478 
v -310.079 6.19412 -4.43478 
v -309.807 6.19412 -4.43478 
v -309.943 6.13775 -4.43478 
v -309.943 5.97812 -4.43478 
v -309.943 6.25015 -9.78609 
v -309.943 6.58336 -5.30237 
v -310.122 6.50921 -4.84598 
v -309.943 6.58336 -4.84598 
v -310.122 6.50921 -5.30237 
v -309.764 6.50921 -5.30237 
v -310.196 6.3302 -4.84598 
v -309.764 6.50921 -4.84598 
v -309.943 6.91546 -6.87253 
v -309.69 6.3302 -4.84598 
v -309.529 5.91636 -7.54405 
v -310.528 6.3302 -6.87253 
v -310.357 6.74404 -6.87253 
v -310.528 6.3302 -7.54405 
v -310.357 6.74404 -7.54405 
v -309.943 6.91546 -7.54405 
v -310.05 6.43687 -9.48289 
v -310.05 6.43687 -9.75117 
v -309.943 6.48105 -9.75117 
v -309.836 6.22353 -9.75117 
v -309.943 6.48105 -9.48289 
v -309.836 6.43687 -9.75117 
v -309.836 6.43687 -9.48289 
v -309.529 6.74404 -7.54405 
v -309.529 6.74404 -6.87253 
v -310.079 6.46628 -4.43478 
v -309.694 6.57916 -4.70818 
v -309.943 6.68228 -4.43478 
v -309.694 6.57916 -4.43478 
v -309.943 6.68228 -4.70818 
v -310.192 6.57916 -4.43478 
v -310.192 6.57916 -4.70818 
v -309.786 6.48733 -2.96948 
v -309.786 6.48733 -3.23207 
v -309.943 6.55241 -2.96948 
v -309.943 6.55241 -3.23207 
v -310.1 6.48733 -2.96948 
v -310.1 6.48733 -3.23207 
v -309.807 6.46628 -3.23207 
v -309.807 6.46628 -4.43478 
v -309.943 6.52265 -3.23207 
v -309.807 6.19412 -3.23207 
v -309.943 6.52265 -4.43478 
v -310.079 6.46628 -3.23207 
v -310.079 6.46628 -4.43478 
v -310.295 6.3302 -4.70818 
v -310.196 6.3302 -4.84598 
v -310.122 6.50921 -4.84598 
v -310.192 6.57916 -4.70818 
v -309.943 6.68228 -4.70818 
v -309.943 6.58336 -4.84598 
v -309.764 6.50921 -4.84598 
v -309.694 6.57916 -4.70818 
v -309.943 6.25015 -9.78609 
v -310.122 6.50921 -4.84598 
v -309.943 6.58336 -4.84598 
v -310.122 6.50921 -5.30237 
v -310.196 6.3302 -4.84598 
v -310.196 6.3302 -5.30237 
v -310.122 6.15119 -4.84598 
v -310.122 6.15119 -5.30237 
v -310.357 5.91636 -6.87253 
v -309.529 5.91636 -7.54405 
v -309.943 5.74494 -7.54405 
v -310.357 5.91636 -7.54405 
v -310.528 6.3302 -6.87253 
v -310.357 6.74404 -6.87253 
v -310.528 6.3302 -7.54405 
v -310.05 6.22353 -9.48289 
v -310.357 6.74404 -7.54405 
v -309.943 6.91546 -7.54405 
v -310.05 6.43687 -9.48289 
v -310.094 6.3302 -9.48289 
v -310.094 6.3302 -9.75117 
v -310.05 6.43687 -9.75117 
v -310.05 6.22353 -9.75117 
v -309.836 6.22353 -9.75117 
v -310.192 6.57916 -4.43478 
v -310.079 6.46628 -4.43478 
v -309.694 6.08124 -4.43478 
v -310.192 6.57916 -4.43478 
v -310.192 6.57916 -4.70818 
v -310.295 6.3302 -4.43478 
v -310.295 6.3302 -4.70818 
v -310.192 6.08124 -4.43478 
v -310.192 6.08124 -4.70818 
v -310.1 6.17307 -3.23207 
v -310.1 6.17307 -2.96948 
v -310.1 6.48733 -2.96948 
v -310.165 6.3302 -3.23207 
v -310.1 6.48733 -3.23207 
v -310.165 6.3302 -2.96948 
v -310.079 6.46628 -3.23207 
v -310.079 6.46628 -4.43478 
v -310.079 6.19412 -4.43478 
v -310.135 6.3302 -3.23207 
v -310.079 6.19412 -3.23207 
v -310.135 6.3302 -4.43478 
v -310.122 6.15119 -4.84598 
v -310.295 6.3302 -4.70818 
v -310.196 6.3302 -4.84598 
v -310.122 6.50921 -4.84598 
v -310.192 6.08124 -4.70818 
v -310.192 6.57916 -4.70818 
v -309.836 6.22353 -9.75117 
v -309.863 6.3302 -9.78609 
v -309.792 6.3302 -9.75117 
v -309.836 6.43687 -9.75117 
v -309.886 6.38681 -9.78609 
v -309.886 6.2736 -9.78609 
v -309.943 6.48105 -9.75117 
v -309.943 6.25015 -9.78609 
v -309.943 6.17935 -9.75117 
v -310.05 6.22353 -9.75117 
v -310 6.2736 -9.78609 
v -309.943 6.41025 -9.78609 
v -310 6.38681 -9.78609 
v -310.05 6.43687 -9.75117 
v -310.023 6.3302 -9.78609 
v -310.094 6.3302 -9.75117 
v -309.786 6.17307 -3.23207 
v -310.1 6.17307 -2.96948 
v -310.1 6.48733 -3.23207 
v -310.295 6.3302 -4.70818 
v -310.196 6.3302 -4.84598 
v -310.192 6.08124 -4.70818 
v -310.192 6.57916 -4.70818 
v -309.943 5.97812 -4.70818 
v -309.943 6.68228 -4.70818 
v -309.943 6.07704 -4.84598 
v -309.943 6.58336 -4.84598 
v -309.694 6.08124 -4.70818 
v -309.694 6.57916 -4.70818 
v -309.591 6.3302 -4.70818 
v -309.69 6.3302 -4.84598 
v -310.135 6.3302 -3.23207 
v -310.1 6.48733 -3.23207 
v -310.079 6.46628 -3.23207 
v -309.943 6.52265 -3.23207 
v -310.165 6.3302 -3.23207 
v -309.943 6.55241 -3.23207 
v -310.1 6.17307 -3.23207 
v -309.786 6.48733 -3.23207 
v -310.079 6.19412 -3.23207 
v -309.807 6.46628 -3.23207 
v -309.943 6.13775 -3.23207 
v -309.751 6.3302 -3.23207 
v -309.943 6.10799 -3.23207 
v -309.721 6.3302 -3.23207 
v -309.786 6.17307 -3.23207 
v -309.807 6.19412 -3.23207 
v -309.943 6.25015 -9.78609 
v -310.196 6.3302 -4.84598 
v -310.122 6.15119 -4.84598 
v -309.69 6.3302 -4.84598 
v -310.122 6.15119 -5.30237 
v -309.764 6.15119 -5.30237 
v -309.943 6.07704 -4.84598 
v -309.358 6.3302 -6.87253 
v -309.764 6.15119 -4.84598 
v -309.943 6.07704 -5.30237 
v -309.943 5.74494 -6.87253 
v -309.529 5.91636 -6.87253 
v -310.357 5.91636 -6.87253 
v -309.529 5.91636 -7.54405 
v -309.943 5.74494 -7.54405 
v -310.357 5.91636 -7.54405 
v -310.528 6.3302 -7.54405 
v -310.05 6.22353 -9.48289 
v -310.05 6.43687 -9.75117 
v -310.05 6.22353 -9.75117 
v -309.943 6.17935 -9.48289 
v -309.943 6.17935 -9.75117 
v -309.836 6.22353 -9.48289 
v -309.836 6.22353 -9.75117 
v -309.358 6.3302 -7.54405 
v -310.079 6.46628 -4.43478 
v -309.694 6.08124 -4.70818 
v -309.694 6.08124 -4.43478 
v -309.943 5.97812 -4.70818 
v -310.192 6.08124 -4.43478 
v -309.943 5.97812 -4.43478 
v -310.192 6.08124 -4.70818 
v -309.786 6.17307 -3.23207 
v -309.786 6.17307 -2.96948 
v -309.943 6.10799 -3.23207 
v -309.943 6.10799 -2.96948 
v -310.1 6.17307 -3.23207 
v -310.1 6.17307 -2.96948 
v -309.807 6.19412 -4.43478 
v -309.807 6.19412 -3.23207 
v -309.943 6.13775 -4.43478 
v -310.079 6.46628 -3.23207 
v -309.943 6.13775 -3.23207 
v -310.079 6.46628 -4.43478 
v -310.079 6.19412 -4.43478 
v -310.079 6.19412 -3.23207 
v -310.122 6.15119 -4.84598 
v -310.196 6.3302 -4.84598 
v -310.192 6.08124 -4.70818 
v -309.943 5.97812 -4.70818 
v -309.943 6.07704 -4.84598 
v -309.764 6.15119 -4.84598 
v -309.694 6.08124 -4.70818 
v -309.943 6.25015 -9.78609 
v -309.764 6.50921 -5.30237 
v -309.764 6.50921 -4.84598 
v -309.69 6.3302 -5.30237 
v -309.69 6.3302 -4.84598 
v -309.764 6.15119 -5.30237 
v -309.943 6.07704 -4.84598 
v -309.358 6.3302 -6.87253 
v -309.764 6.15119 -4.84598 
v -309.529 5.91636 -6.87253 
v -309.529 5.91636 -7.54405 
v -309.943 6.91546 -7.54405 
v -310.05 6.43687 -9.75117 
v -309.836 6.22353 -9.48289 
v -309.836 6.22353 -9.75117 
v -309.836 6.43687 -9.75117 
v -309.836 6.43687 -9.48289 
v -309.792 6.3302 -9.75117 
v -309.792 6.3302 -9.48289 
v -309.358 6.3302 -7.54405 
v -309.529 6.74404 -7.54405 
v -309.529 6.74404 -6.87253 
v -310.079 6.46628 -4.43478 
v -309.694 6.57916 -4.70818 
v -309.694 6.57916 -4.43478 
v -309.591 6.3302 -4.70818 
v -309.591 6.3302 -4.43478 
v -309.694 6.08124 -4.70818 
v -309.694 6.08124 -4.43478 
v -309.721 6.3302 -3.23207 
v -309.721 6.3302 -2.96948 
v -309.786 6.17307 -3.23207 
v -309.786 6.17307 -2.96948 
v -309.786 6.48733 -2.96948 
v -309.786 6.48733 -3.23207 
v -309.751 6.3302 -3.23207 
v -309.751 6.3302 -4.43478 
v -309.807 6.46628 -3.23207 
v -309.807 6.46628 -4.43478 
v -309.807 6.19412 -4.43478 
v -309.807 6.19412 -3.23207 
v -309.764 6.15119 -4.84598 
v -309.764 6.50921 -4.84598 
v -309.694 6.08124 -4.70818 
v -309.694 6.57916 -4.70818 
v -309.591 6.3302 -4.70818 
v -309.69 6.3302 -4.84598 

vn 0 0 1 
vn 0 0 1 
vn 0 0 1 
vn 0 0 1 
vn 0 0 1 
vn 0 0 1 
vn 0 0 1 
vn 0 0 1 
vn 0 0 1 
vn 0 0 1 
vn 0 0 1 
vn 0 0 1 
vn 0 0 1 
vn 0 0 1 
vn 0 0 1 
vn 0 0 1 
vn 0 0 1 
vn 0 0 1 
vn 0 0 1 
vn 0 0 1 
vn 0 0 1 
vn 0 0 1 
vn 0 0 1 
vn 0 0 1 
vn 0 0 1 
vn 0 0 1 
vn 0 0 1 
vn 0 0 1 
vn 0 0 1 
vn 0 0 1 
vn 0 0 1 
vn 0 0 1 
vn 0 -0.275591 -0.96063 
vn 0 0.992126 0.110236 
vn -0.708661 0.708661 0 
vn 0 1 0 
vn -0.700787 0.700787 0.110236 
vn 0.700787 0.700787 0.110236 
vn -1 0 0 
vn 0.708661 0.708661 0 
vn 0 0.992126 0.102362 
vn 1 0 0 
vn 0.700787 -0.700787 -0.110236 
vn -0.992126 0 0.102362 
vn -0.700787 0.700787 0.102362 
vn -0.992126 0 -0.110236 
vn -0.700787 0.700787 -0.110236 
vn 0 0.992126 -0.110236 
vn -0.700787 0.700787 -0.110236 
vn -0.708661 0.708661 0 
vn 0 1 0 
vn 0.708661 -0.708661 0 
vn 0 0.992126 -0.110236 
vn 0.708661 0.708661 0 
vn 0.700787 0.700787 -0.110236 
vn 0.700787 0.700787 -0.110236 
vn 0.700787 0.700787 0.102362 
vn 0 0 1 
vn 0.708661 0.708661 0 
vn 0 1 0 
vn 0.708661 0.708661 0 
vn 0 1 0 
vn -0.708661 0.708661 0 
vn -0.708661 0.708661 0 
vn 0.708661 0.708661 0 
vn 0.708661 0.708661 0 
vn 0 1 0 
vn 0 1 0 
vn -0.708661 0.708661 0 
vn -0.708661 0.708661 0 
vn 0.708661 0.708661 0 
vn 0.708661 0.708661 0 
vn 0 1 0 
vn 0.708661 -0.708661 0 
vn 0 1 0 
vn -0.708661 0.708661 0 
vn -0.708661 0.708661 0 
vn -0.811024 0 -0.582677 
vn -0.811024 0 -0.582677 
vn -0.574803 0.574803 -0.582677 
vn -0.574803 0.574803 -0.582677 
vn 0 0.811024 -0.582677 
vn 0 0.811024 -0.582677 
vn 0.574803 0.574803 -0.582677 
vn 0.574803 0.574803 -0.582677 
vn 0 -0.275591 -0.96063 
vn -0.708661 0.708661 0 
vn 0 1 0 
vn -0.700787 0.700787 0.110236 
vn -1 0 0 
vn -0.992126 0 0.110236 
vn -0.708661 -0.708661 0 
vn -0.700787 -0.700787 0.110236 
vn -0.700787 -0.700787 0.102362 
vn 0.700787 -0.700787 -0.110236 
vn 0 -0.992126 -0.110236 
vn -0.700787 -0.700787 -0.110236 
vn -0.992126 0 0.102362 
vn -0.700787 0.700787 0.102362 
vn -0.992126 0 -0.110236 
vn -0.700787 -0.700787 -0.110236 
vn -0.700787 0.700787 -0.110236 
vn 0 0.992126 -0.110236 
vn -0.700787 0.700787 -0.110236 
vn -0.992126 0 -0.110236 
vn -1 0 0 
vn -0.708661 0.708661 0 
vn -0.708661 -0.708661 0 
vn 0.708661 -0.708661 0 
vn 0 0 1 
vn 0 0 1 
vn 0 0 1 
vn -0.708661 0.708661 0 
vn -0.708661 0.708661 0 
vn -1 0 0 
vn -1 0 0 
vn -0.708661 -0.708661 0 
vn -0.708661 -0.708661 0 
vn -0.708661 -0.708661 0 
vn -0.708661 -0.708661 0 
vn -0.708661 0.708661 0 
vn -1 0 0 
vn -0.708661 0.708661 0 
vn -1 0 0 
vn -0.708661 0.708661 0 
vn -0.708661 0.708661 0 
vn -0.708661 -0.708661 0 
vn -1 0 0 
vn -0.708661 -0.708661 0 
vn -1 0 0 
vn -0.574803 -0.574803 -0.582677 
vn -0.811024 0 -0.582677 
vn -0.811024 0 -0.582677 
vn -0.574803 0.574803 -0.582677 
vn -0.574803 -0.574803 -0.582677 
vn -0.574803 0.574803 -0.582677 
vn 0.314961 -0.314961 -0.897638 
vn 0.275591 0 -0.96063 
vn 0.440945 0 -0.897638 
vn 0.314961 0.314961 -0.897638 
vn 0.19685 0.19685 -0.96063 
vn 0.19685 -0.19685 -0.96063 
vn 0 0.440945 -0.897638 
vn 0 -0.275591 -0.96063 
vn 0 -0.440945 -0.897638 
vn -0.314961 -0.314961 -0.897638 
vn -0.19685 -0.19685 -0.96063 
vn 0 0.275591 -0.96063 
vn -0.19685 0.19685 -0.96063 
vn -0.314961 0.314961 -0.897638 
vn -0.275591 0 -0.96063 
vn -0.440945 0 -0.897638 
vn 0.708661 -0.708661 0 
vn -0.708661 -0.708661 0 
vn -0.708661 0.708661 0 
vn -0.811024 0 -0.582677 
vn -0.811024 0 -0.582677 
vn -0.574803 -0.574803 -0.582677 
vn -0.574803 0.574803 -0.582677 
vn 0 -0.811024 -0.582677 
vn 0 0.811024 -0.582677 
vn 0 -0.811024 -0.582677 
vn 0 0.811024 -0.582677 
vn 0.574803 -0.574803 -0.582677 
vn 0.574803 0.574803 -0.582677 
vn 0.811024 0 -0.582677 
vn 0.811024 0 -0.582677 
vn 0 0 -1 
vn 0 0 -1 
vn 0 0 -1 
vn 0 0 -1 
vn 0 0 -1 
vn 0 0 -1 
vn 0 0 -1 
vn 0 0 -1 
vn 0 0 -1 
vn 0 0 -1 
vn 0 0 -1 
vn 0 0 -1 
vn 0 0 -1 
vn 0 0 -1 
vn 0 0 -1 
vn 0 0 -1 
vn 0 -0.275591 -0.96063 
vn -1 0 0 
vn -0.708661 -0.708661 0 
vn 1 0 0 
vn -0.700787 -0.700787 0.110236 
vn 0.700787 -0.700787 0.110236 
vn 0 -1 0 
vn 0.992126 0 0.102362 
vn 0.708661 -0.708661 0 
vn 0 -0.992126 0.110236 
vn 0 -0.992126 0.102362 
vn 0.700787 -0.700787 0.102362 
vn -0.700787 -0.700787 0.102362 
vn 0.700787 -0.700787 -0.110236 
vn 0 -0.992126 -0.110236 
vn -0.700787 -0.700787 -0.110236 
vn -0.992126 0 -0.110236 
vn -0.700787 -0.700787 -0.110236 
vn -0.708661 0.708661 0 
vn -0.708661 -0.708661 0 
vn 0 -0.992126 -0.110236 
vn 0 -1 0 
vn 0.700787 -0.700787 -0.110236 
vn 0.708661 -0.708661 0 
vn 0.992126 0 -0.110236 
vn 0 0 1 
vn 0.708661 -0.708661 0 
vn 0.708661 -0.708661 0 
vn 0 -1 0 
vn -0.708661 -0.708661 0 
vn 0 -1 0 
vn -0.708661 -0.708661 0 
vn 0.708661 -0.708661 0 
vn 0.708661 -0.708661 0 
vn 0 -1 0 
vn 0 -1 0 
vn -0.708661 -0.708661 0 
vn -0.708661 -0.708661 0 
vn 0.708661 -0.708661 0 
vn 0.708661 -0.708661 0 
vn 0 -1 0 
vn -0.708661 0.708661 0 
vn 0 -1 0 
vn -0.708661 0.708661 0 
vn -0.708661 -0.708661 0 
vn -0.708661 -0.708661 0 
vn -0.574803 -0.574803 -0.582677 
vn -0.811024 0 -0.582677 
vn -0.574803 -0.574803 -0.582677 
vn 0 -0.811024 -0.582677 
vn 0 -0.811024 -0.582677 
vn 0.574803 -0.574803 -0.582677 
vn 0.574803 -0.574803 -0.582677 
vn 0 -0.275591 -0.96063 
vn 0.700787 0.700787 0.110236 
vn 0.708661 0.708661 0 
vn 0.992126 0 0.110236 
vn 1 0 0 
vn 0.700787 -0.700787 0.110236 
vn 0 -1 0 
vn 0.992126 0 0.102362 
vn 0.708661 -0.708661 0 
vn 0.700787 -0.700787 0.102362 
vn 0.700787 -0.700787 -0.110236 
vn 0 0.992126 -0.110236 
vn -0.708661 0.708661 0 
vn 0.700787 -0.700787 -0.110236 
vn 0.708661 -0.708661 0 
vn 0.708661 0.708661 0 
vn 0.700787 0.700787 -0.110236 
vn 1 0 0 
vn 0.992126 0 -0.110236 
vn 0.992126 0 -0.110236 
vn 0.700787 0.700787 -0.110236 
vn 0.700787 0.700787 0.102362 
vn 0 0 1 
vn 0.708661 0.708661 0 
vn 0.708661 0.708661 0 
vn 1 0 0 
vn 1 0 0 
vn 0.708661 -0.708661 0 
vn 0.708661 -0.708661 0 
vn 1 0 0 
vn 1 0 0 
vn 0.708661 -0.708661 0 
vn 0.708661 -0.708661 0 
vn 0.708661 0.708661 0 
vn 0.708661 0.708661 0 
vn 1 0 0 
vn 1 0 0 
vn 0.708661 0.708661 0 
vn 0.708661 0.708661 0 
vn 0.708661 -0.708661 0 
vn 0.708661 -0.708661 0 
vn 0.574803 -0.574803 -0.582677 
vn 0.574803 0.574803 -0.582677 
vn 0.574803 -0.574803 -0.582677 
vn 0.574803 0.574803 -0.582677 
vn 0.811024 0 -0.582677 
vn 0.811024 0 -0.582677 

vt 31.9804 -61.0196 
vt 32 -61.0278 
vt 32 -61.0241 
vt 32.0196 -61.0196 
vt 31.983 -61.017 
vt 32.017 -61.017 
vt 31.9759 -61 
vt 32.0241 -61 
vt 31.9722 -61 
vt 32.0278 -61 
vt 31.9804 -60.9804 
vt 32.0196 -60.9804 
vt 31.983 -60.983 
vt 32.017 -60.983 
vt 32 -60.9759 
vt 32 -60.9722 
vt 31.9689 -60.9689 
vt 32 -60.9759 
vt 32 -60.956 
vt 32.0311 -60.9689 
vt 31.983 -60.983 
vt 32.017 -60.983 
vt 31.9759 -61 
vt 32.0241 -61 
vt 31.956 -61 
vt 32.044 -61 
vt 31.9689 -61.0311 
vt 32.0311 -61.0311 
vt 31.983 -61.017 
vt 32.017 -61.017 
vt 32 -61.0241 
vt 32 -61.044 
vt 32.426 -61 
vt 31.8656 -61 
vt 31.8085 -60.9776 
vt 31.8085 -61 
vt 31.8656 -60.9776 
vt 31.8656 -61.0224 
vt 31.8085 -60.9684 
vt 31.8085 -61.0224 
vt 32.0618 -61 
vt 31.8085 -61.0316 
vt 32.1458 -61.0517 
vt 32.0618 -60.9268 
vt 32.0618 -60.9483 
vt 32.1458 -60.9268 
vt 32.1458 -60.9483 
vt 32.1458 -61 
vt 32.3881 -60.9867 
vt 32.4217 -60.9867 
vt 32.4217 -61 
vt 32.4217 -61.0133 
vt 32.3881 -61 
vt 32.4217 -61.0133 
vt 32.3881 -61.0133 
vt 32.1458 -61.0517 
vt 32.0618 -61.0517 
vt 31.7571 -60.983 
vt 31.7913 -61.0311 
vt 31.7571 -61 
vt 31.7571 -61.0311 
vt 31.7913 -61 
vt 31.7571 -60.9689 
vt 31.7913 -60.9689 
vt 31.574 -61.0196 
vt 31.6068 -61.0196 
vt 31.574 -61 
vt 31.6068 -61 
vt 31.574 -60.9804 
vt 31.6068 -60.9804 
vt 31.6068 -61.017 
vt 31.7571 -61.017 
vt 31.6068 -61 
vt 31.6068 -61.017 
vt 31.7571 -61 
vt 31.6068 -60.983 
vt 31.7571 -60.983 
vt 31.7913 -60.956 
vt 31.8085 -60.9684 
vt 31.8085 -60.9776 
vt 31.7913 -60.9689 
vt 31.7913 -61 
vt 31.8085 -61 
vt 31.8085 -61.0224 
vt 31.7913 -61.0311 
vt 31.574 -61.01 
vt 32.1915 -60.9776 
vt 32.1915 -60.9684 
vt 32.1344 -60.9776 
vt 32.1915 -61 
vt 32.1344 -61 
vt 32.1915 -61.0224 
vt 32.1344 -61.0224 
vt 31.9382 -61.0517 
vt 31.8542 -61.0517 
vt 31.8542 -61.0732 
vt 31.8542 -61.0517 
vt 31.9382 -61 
vt 31.9382 -60.9483 
vt 31.8542 -61 
vt 31.6119 -61.0133 
vt 31.8542 -60.9483 
vt 31.8542 -60.9268 
vt 31.6119 -60.9867 
vt 31.6119 -61 
vt 31.5783 -61 
vt 31.5783 -60.9867 
vt 31.5783 -61.0133 
vt 31.5783 -61.0133 
vt 32.2429 -60.9689 
vt 32.2429 -60.983 
vt 32.2429 -61.0311 
vt 32.2429 -60.9689 
vt 32.2087 -60.9689 
vt 32.2429 -61 
vt 32.2087 -61 
vt 32.2429 -61.0311 
vt 32.2087 -61.0311 
vt 32.3932 -61.0196 
vt 32.426 -61.0196 
vt 32.426 -60.9804 
vt 32.3932 -61 
vt 32.3932 -60.9804 
vt 32.426 -61 
vt 32.3932 -60.983 
vt 32.2429 -60.983 
vt 32.2429 -61.017 
vt 32.3932 -61 
vt 32.3932 -61.017 
vt 32.2429 -61 
vt 32.1915 -61.0224 
vt 32.2087 -61 
vt 32.1915 -61 
vt 32.1915 -60.9776 
vt 32.2087 -61.0311 
vt 32.2087 -60.9689 
vt 31.9867 -61.0133 
vt 31.99 -61 
vt 31.9811 -61 
vt 31.9867 -60.9867 
vt 31.9929 -60.9929 
vt 31.9929 -61.0071 
vt 32 -60.9811 
vt 32 -61.01 
vt 32 -61.0189 
vt 32.0133 -61.0133 
vt 32.0071 -61.0071 
vt 32 -60.99 
vt 32.0071 -60.9929 
vt 32.0133 -60.9867 
vt 32.01 -61 
vt 32.0189 -61 
vt 31.9804 -61.0196 
vt 32.0196 -61.0196 
vt 32.0196 -60.9804 
vt 32.044 -61 
vt 32.0316 -61 
vt 32.0311 -61.0311 
vt 32.0311 -60.9689 
vt 32 -61.044 
vt 32 -60.956 
vt 32 -61.0316 
vt 32 -60.9684 
vt 31.9689 -61.0311 
vt 31.9689 -60.9689 
vt 31.956 -61 
vt 31.9684 -61 
vt 32.0241 -61 
vt 32.0196 -60.9804 
vt 32.017 -60.983 
vt 32 -60.9759 
vt 32.0278 -61 
vt 32 -60.9722 
vt 32.0196 -61.0196 
vt 31.9804 -60.9804 
vt 32.017 -61.017 
vt 31.983 -60.983 
vt 32 -61.0241 
vt 31.9759 -61 
vt 32 -61.0278 
vt 31.9722 -61 
vt 31.9804 -61.0196 
vt 31.983 -61.017 
vt 31.574 -61 
vt 32.1915 -60.9684 
vt 32.1915 -60.9776 
vt 32.1915 -61.0316 
vt 32.1344 -60.9776 
vt 32.1344 -61.0224 
vt 32.1915 -61 
vt 31.9382 -61.0732 
vt 32.1915 -61.0224 
vt 32.1344 -61 
vt 31.9382 -61 
vt 31.9382 -61.0517 
vt 31.9382 -60.9483 
vt 31.8542 -61.0517 
vt 31.8542 -61 
vt 31.8542 -60.9483 
vt 31.8542 -60.9268 
vt 31.6119 -60.9867 
vt 31.5783 -60.9867 
vt 31.5783 -60.9867 
vt 31.6119 -61 
vt 31.5783 -61 
vt 31.6119 -61.0133 
vt 31.5783 -61.0133 
vt 31.8542 -61.0732 
vt 32.2429 -60.983 
vt 32.2087 -61.0311 
vt 32.2429 -61.0311 
vt 32.2087 -61 
vt 32.2429 -60.9689 
vt 32.2429 -61 
vt 32.2087 -60.9689 
vt 32.3932 -61.0196 
vt 32.426 -61.0196 
vt 32.3932 -61 
vt 32.426 -61 
vt 32.3932 -60.9804 
vt 32.426 -60.9804 
vt 32.2429 -61.017 
vt 32.3932 -61.017 
vt 32.2429 -61 
vt 32.3932 -60.983 
vt 32.3932 -61 
vt 32.2429 -60.983 
vt 32.2429 -60.983 
vt 32.3932 -60.983 
vt 32.1915 -60.9776 
vt 32.1915 -60.9684 
vt 32.2087 -60.9689 
vt 32.2087 -61 
vt 32.1915 -61 
vt 32.1915 -61.0224 
vt 32.2087 -61.0311 
vt 32.426 -61.01 
vt 31.8656 -60.9776 
vt 31.8085 -60.9776 
vt 31.8656 -61 
vt 31.8085 -61 
vt 31.8656 -61.0224 
vt 31.8085 -61.0316 
vt 32.0618 -61 
vt 31.8085 -61.0224 
vt 32.0618 -61.0517 
vt 32.1458 -61.0517 
vt 32.1458 -60.9268 
vt 32.4217 -60.9867 
vt 32.3881 -61.0133 
vt 32.4217 -61.0133 
vt 32.4217 -60.9867 
vt 32.3881 -60.9867 
vt 32.4217 -61 
vt 32.3881 -61 
vt 32.1458 -61 
vt 32.1458 -60.9483 
vt 32.0618 -60.9483 
vt 31.7571 -60.983 
vt 31.7913 -60.9689 
vt 31.7571 -60.9689 
vt 31.7913 -61 
vt 31.7571 -61 
vt 31.7913 -61.0311 
vt 31.7571 -61.0311 
vt 31.6068 -61 
vt 31.574 -61 
vt 31.6068 -61.0196 
vt 31.574 -61.0196 
vt 31.574 -60.9804 
vt 31.6068 -60.9804 
vt 31.6068 -61 
vt 31.7571 -61 
vt 31.6068 -60.983 
vt 31.7571 -60.983 
vt 31.7571 -61.017 
vt 31.6068 -61.017 
vt 31.8085 -61.0224 
vt 31.8085 -60.9776 
vt 31.7913 -61.0311 
vt 31.7913 -60.9689 
vt 31.7913 -61 
vt 31.8085 -61 

usemtl Meshpart1Mtl

f 2566/2566/2566 2567/2567/2567 2568/2568/2568 
f 2569/2569/2569 2568/2568/2568 2567/2567/2567 
f 2566/2566/2566 2568/2568/2568 2570/2570/2570 
f 2568/2568/2568 2569/2569/2569 2571/2571/2571 
f 2572/2572/2572 2566/2566/2566 2570/2570/2570 
f 2569/2569/2569 2573/2573/2573 2571/2571/2571 
f 2566/2566/2566 2572/2572/2572 2574/2574/2574 
f 2569/2569/2569 2575/2575/2575 2573/2573/2573 
f 2576/2576/2576 2574/2574/2574 2572/2572/2572 
f 2577/2577/2577 2573/2573/2573 2575/2575/2575 
f 2572/2572/2572 2578/2578/2578 2576/2576/2576 
f 2573/2573/2573 2577/2577/2577 2579/2579/2579 
f 2580/2580/2580 2576/2576/2576 2578/2578/2578 
f 2577/2577/2577 2580/2580/2580 2579/2579/2579 
f 2576/2576/2576 2580/2580/2580 2581/2581/2581 
f 2580/2580/2580 2577/2577/2577 2581/2581/2581 
f 2582/2582/2582 2583/2583/2583 2584/2584/2584 
f 2583/2583/2583 2585/2585/2585 2584/2584/2584 
f 2583/2583/2583 2582/2582/2582 2586/2586/2586 
f 2585/2585/2585 2583/2583/2583 2587/2587/2587 
f 2588/2588/2588 2586/2586/2586 2582/2582/2582 
f 2589/2589/2589 2585/2585/2585 2587/2587/2587 
f 2588/2588/2588 2582/2582/2582 2590/2590/2590 
f 2585/2585/2585 2589/2589/2589 2591/2591/2591 
f 2592/2592/2592 2588/2588/2588 2590/2590/2590 
f 2593/2593/2593 2591/2591/2591 2589/2589/2589 
f 2588/2588/2588 2592/2592/2592 2594/2594/2594 
f 2593/2593/2593 2589/2589/2589 2595/2595/2595 
f 2592/2592/2592 2596/2596/2596 2594/2594/2594 
f 2596/2596/2596 2593/2593/2593 2595/2595/2595 
f 2592/2592/2592 2597/2597/2597 2596/2596/2596 
f 2593/2593/2593 2596/2596/2596 2597/2597/2597 
f 2599/2599/2599 2600/2600/2600 2601/2601/2601 
f 2600/2600/2600 2599/2599/2599 2602/2602/2602 
f 2601/2601/2601 2603/2603/2603 2599/2599/2599 
f 2603/2603/2603 2601/2601/2601 2605/2605/2605 
f 2606/2606/2606 2602/2602/2602 2599/2599/2599 
f 2603/2603/2603 2606/2606/2606 2599/2599/2599 
f 2602/2602/2602 2606/2606/2606 2610/2610/2610 
f 2613/2613/2613 2610/2610/2610 2606/2606/2606 
f 2610/2610/2610 2613/2613/2613 2612/2612/2612 
f 2613/2613/2613 2614/2614/2614 2612/2612/2612 
f 2614/2614/2614 2616/2616/2616 2615/2615/2615 
f 2616/2616/2616 2614/2614/2614 2618/2618/2618 
f 2614/2614/2614 2613/2613/2613 2618/2618/2618 
f 2618/2618/2618 2619/2619/2619 2616/2616/2616 
f 2619/2619/2619 2618/2618/2618 2620/2620/2620 
f 2613/2613/2613 2620/2620/2620 2618/2618/2618 
f 2620/2620/2620 2613/2613/2613 2621/2621/2621 
f 2606/2606/2606 2621/2621/2621 2613/2613/2613 
f 2621/2621/2621 2606/2606/2606 2622/2622/2622 
f 2606/2606/2606 2603/2603/2603 2622/2622/2622 
f 2624/2624/2624 2625/2625/2625 2626/2626/2626 
f 2625/2625/2625 2624/2624/2624 2627/2627/2627 
f 2627/2627/2627 2628/2628/2628 2625/2625/2625 
f 2628/2628/2628 2627/2627/2627 2629/2629/2629 
f 2631/2631/2631 2632/2632/2632 2630/2630/2630 
f 2632/2632/2632 2631/2631/2631 2633/2633/2633 
f 2633/2633/2633 2634/2634/2634 2632/2632/2632 
f 2634/2634/2634 2633/2633/2633 2635/2635/2635 
f 2637/2637/2637 2638/2638/2638 2636/2636/2636 
f 2638/2638/2638 2637/2637/2637 2640/2640/2640 
f 2640/2640/2640 2641/2641/2641 2638/2638/2638 
f 2641/2641/2641 2640/2640/2640 2642/2642/2642 
f 2647/2647/2647 2645/2645/2645 2646/2646/2646 
f 2645/2645/2645 2647/2647/2647 2648/2648/2648 
f 2647/2647/2647 2649/2649/2649 2648/2648/2648 
f 2649/2649/2649 2647/2647/2647 2650/2650/2650 
f 2652/2652/2652 2654/2654/2654 2655/2655/2655 
f 2656/2656/2656 2655/2655/2655 2654/2654/2654 
f 2655/2655/2655 2656/2656/2656 2657/2657/2657 
f 2658/2658/2658 2657/2657/2657 2656/2656/2656 
f 2659/2659/2659 2658/2658/2658 2663/2663/2663 
f 2663/2663/2663 2662/2662/2662 2659/2659/2659 
f 2656/2656/2656 2663/2663/2663 2658/2658/2658 
f 2654/2654/2654 2663/2663/2663 2656/2656/2656 
f 2663/2663/2663 2654/2654/2654 2664/2664/2664 
f 2662/2662/2662 2663/2663/2663 2665/2665/2665 
f 2665/2665/2665 2666/2666/2666 2662/2662/2662 
f 2663/2663/2663 2664/2664/2664 2667/2667/2667 
f 2665/2665/2665 2663/2663/2663 2667/2667/2667 
f 2667/2667/2667 2669/2669/2669 2665/2665/2665 
f 2666/2666/2666 2665/2665/2665 2670/2670/2670 
f 2670/2670/2670 2665/2665/2665 2669/2669/2669 
f 2670/2670/2670 2671/2671/2671 2666/2666/2666 
f 2671/2671/2671 2670/2670/2670 2672/2672/2672 
f 2669/2669/2669 2672/2672/2672 2670/2670/2670 
f 2673/2673/2673 2666/2666/2666 2671/2671/2671 
f 2680/2680/2680 2678/2678/2678 2679/2679/2679 
f 2681/2681/2681 2680/2680/2680 2679/2679/2679 
f 2682/2682/2682 2680/2680/2680 2681/2681/2681 
f 2683/2683/2683 2682/2682/2682 2681/2681/2681 
f 2684/2684/2684 2685/2685/2685 2687/2687/2687 
f 2685/2685/2685 2689/2689/2689 2687/2687/2687 
f 2689/2689/2689 2686/2686/2686 2688/2688/2688 
f 2687/2687/2687 2689/2689/2689 2688/2688/2688 
f 2690/2690/2690 2691/2691/2691 2693/2693/2693 
f 2695/2695/2695 2693/2693/2693 2691/2691/2691 
f 2692/2692/2692 2694/2694/2694 2695/2695/2695 
f 2693/2693/2693 2695/2695/2695 2694/2694/2694 
f 2696/2696/2696 2697/2697/2697 2698/2698/2698 
f 2698/2698/2698 2697/2697/2697 2699/2699/2699 
f 2697/2697/2697 2696/2696/2696 2700/2700/2700 
f 2697/2697/2697 2701/2701/2701 2699/2699/2699 
f 2702/2702/2702 2703/2703/2703 2704/2704/2704 
f 2705/2705/2705 2704/2704/2704 2703/2703/2703 
f 2706/2706/2706 2705/2705/2705 2703/2703/2703 
f 2703/2703/2703 2702/2702/2702 2707/2707/2707 
f 2707/2707/2707 2706/2706/2706 2703/2703/2703 
f 2708/2708/2708 2705/2705/2705 2706/2706/2706 
f 2702/2702/2702 2709/2709/2709 2707/2707/2707 
f 2702/2702/2702 2710/2710/2710 2709/2709/2709 
f 2711/2711/2711 2709/2709/2709 2710/2710/2710 
f 2712/2712/2712 2707/2707/2707 2709/2709/2709 
f 2709/2709/2709 2711/2711/2711 2712/2712/2712 
f 2706/2706/2706 2707/2707/2707 2712/2712/2712 
f 2708/2708/2708 2706/2706/2706 2713/2713/2713 
f 2706/2706/2706 2714/2714/2714 2713/2713/2713 
f 2714/2714/2714 2708/2708/2708 2713/2713/2713 
f 2714/2714/2714 2706/2706/2706 2712/2712/2712 
f 2708/2708/2708 2714/2714/2714 2715/2715/2715 
f 2711/2711/2711 2716/2716/2716 2712/2712/2712 
f 2714/2714/2714 2712/2712/2712 2716/2716/2716 
f 2716/2716/2716 2715/2715/2715 2714/2714/2714 
f 2716/2716/2716 2711/2711/2711 2717/2717/2717 
f 2715/2715/2715 2716/2716/2716 2717/2717/2717 
f 2733/2733/2733 2734/2734/2734 2735/2735/2735 
f 2734/2734/2734 2736/2736/2736 2735/2735/2735 
f 2734/2734/2734 2733/2733/2733 2737/2737/2737 
f 2736/2736/2736 2734/2734/2734 2738/2738/2738 
f 2733/2733/2733 2739/2739/2739 2737/2737/2737 
f 2740/2740/2740 2736/2736/2736 2738/2738/2738 
f 2739/2739/2739 2733/2733/2733 2741/2741/2741 
f 2736/2736/2736 2740/2740/2740 2742/2742/2742 
f 2743/2743/2743 2739/2739/2739 2741/2741/2741 
f 2744/2744/2744 2742/2742/2742 2740/2740/2740 
f 2739/2739/2739 2743/2743/2743 2745/2745/2745 
f 2740/2740/2740 2746/2746/2746 2744/2744/2744 
f 2747/2747/2747 2745/2745/2745 2743/2743/2743 
f 2747/2747/2747 2744/2744/2744 2746/2746/2746 
f 2747/2747/2747 2743/2743/2743 2748/2748/2748 
f 2744/2744/2744 2747/2747/2747 2748/2748/2748 
f 2751/2751/2751 2753/2753/2753 2755/2755/2755 
f 2755/2755/2755 2758/2758/2758 2757/2757/2757 
f 2754/2754/2754 2757/2757/2757 2758/2758/2758 
f 2758/2758/2758 2755/2755/2755 2753/2753/2753 
f 2758/2758/2758 2759/2759/2759 2754/2754/2754 
f 2753/2753/2753 2759/2759/2759 2758/2758/2758 
f 2760/2760/2760 2754/2754/2754 2759/2759/2759 
f 2759/2759/2759 2753/2753/2753 2761/2761/2761 
f 2760/2760/2760 2759/2759/2759 2763/2763/2763 
f 2762/2762/2762 2760/2760/2760 2763/2763/2763 
f 2759/2759/2759 2761/2761/2761 2764/2764/2764 
f 2763/2763/2763 2759/2759/2759 2764/2764/2764 
f 2764/2764/2764 2766/2766/2766 2763/2763/2763 
f 2766/2766/2766 2768/2768/2768 2769/2769/2769 
f 2769/2769/2769 2763/2763/2763 2766/2766/2766 
f 2770/2770/2770 2769/2769/2769 2768/2768/2768 
f 2771/2771/2771 2763/2763/2763 2769/2769/2769 
f 2769/2769/2769 2770/2770/2770 2771/2771/2771 
f 2763/2763/2763 2771/2771/2771 2762/2762/2762 
f 2772/2772/2772 2771/2771/2771 2770/2770/2770 
f 2775/2775/2775 2776/2776/2776 2777/2777/2777 
f 2776/2776/2776 2779/2779/2779 2777/2777/2777 
f 2779/2779/2779 2778/2778/2778 2780/2780/2780 
f 2777/2777/2777 2779/2779/2779 2780/2780/2780 
f 2781/2781/2781 2782/2782/2782 2783/2783/2783 
f 2782/2782/2782 2784/2784/2784 2783/2783/2783 
f 2783/2783/2783 2784/2784/2784 2785/2785/2785 
f 2784/2784/2784 2786/2786/2786 2785/2785/2785 
f 2787/2787/2787 2788/2788/2788 2789/2789/2789 
f 2791/2791/2791 2789/2789/2789 2788/2788/2788 
f 2789/2789/2789 2791/2791/2791 2793/2793/2793 
f 2794/2794/2794 2793/2793/2793 2791/2791/2791 
f 2798/2798/2798 2797/2797/2797 2795/2795/2795 
f 2799/2799/2799 2798/2798/2798 2795/2795/2795 
f 2800/2800/2800 2798/2798/2798 2799/2799/2799 
f 2798/2798/2798 2800/2800/2800 2801/2801/2801 
f 2803/2803/2803 2804/2804/2804 2805/2805/2805 
f 2806/2806/2806 2805/2805/2805 2804/2804/2804 
f 2805/2805/2805 2806/2806/2806 2807/2807/2807 
f 2805/2805/2805 2809/2809/2809 2803/2803/2803 
f 2807/2807/2807 2809/2809/2809 2805/2805/2805 
f 2810/2810/2810 2807/2807/2807 2806/2806/2806 
f 2809/2809/2809 2807/2807/2807 2811/2811/2811 
f 2809/2809/2809 2811/2811/2811 2812/2812/2812 
f 2817/2817/2817 2818/2818/2818 2819/2819/2819 
f 2819/2819/2819 2820/2820/2820 2816/2816/2816 
f 2815/2815/2815 2816/2816/2816 2820/2820/2820 
f 2820/2820/2820 2819/2819/2819 2818/2818/2818 
f 2820/2820/2820 2821/2821/2821 2815/2815/2815 
f 2812/2812/2812 2815/2815/2815 2821/2821/2821 
f 2818/2818/2818 2821/2821/2821 2820/2820/2820 
f 2821/2821/2821 2809/2809/2809 2812/2812/2812 
f 2821/2821/2821 2818/2818/2818 2822/2822/2822 
f 2823/2823/2823 2809/2809/2809 2821/2821/2821 
f 2822/2822/2822 2823/2823/2823 2821/2821/2821 
f 2823/2823/2823 2803/2803/2803 2809/2809/2809 
f 2825/2825/2825 2826/2826/2826 2827/2827/2827 
f 2826/2826/2826 2828/2828/2828 2827/2827/2827 
f 2827/2827/2827 2828/2828/2828 2829/2829/2829 
f 2828/2828/2828 2830/2830/2830 2829/2829/2829 
f 2831/2831/2831 2832/2832/2832 2833/2833/2833 
f 2832/2832/2832 2834/2834/2834 2833/2833/2833 
f 2835/2835/2835 2832/2832/2832 2831/2831/2831 
f 2836/2836/2836 2835/2835/2835 2831/2831/2831 
f 2837/2837/2837 2838/2838/2838 2839/2839/2839 
f 2840/2840/2840 2839/2839/2839 2838/2838/2838 
f 2838/2838/2838 2837/2837/2837 2841/2841/2841 
f 2842/2842/2842 2841/2841/2841 2837/2837/2837 
f 2847/2847/2847 2845/2845/2845 2843/2843/2843 
f 2847/2847/2847 2844/2844/2844 2846/2846/2846 
f 2848/2848/2848 2847/2847/2847 2843/2843/2843 
f 2844/2844/2844 2847/2847/2847 2848/2848/2848 

g Neck1

v -309.943 6.13736 -1.38341 
v -309.943 6.52304 -1.38341 
v -310.136 6.3302 -1.38341 
v -310.079 6.46656 -1.38341 
v -310.079 6.19384 -1.38341 
v -309.75 6.3302 -1.38341 
v -309.807 6.19384 -1.38341 
v -309.807 6.46656 -1.38341 
v -310.079 6.46656 -1.38341 
v -310.079 6.46656 -2.97445 
v -309.943 6.52304 -1.38341 
v -309.943 6.52304 -2.97445 
v -309.807 6.46656 -1.38341 
v -309.807 6.46656 -2.97445 
v -310.079 6.19384 -2.97445 
v -310.079 6.19384 -1.38341 
v -310.136 6.3302 -1.38341 
v -310.136 6.3302 -2.97445 
v -310.079 6.46656 -1.38341 
v -310.079 6.46656 -2.97445 
v -310.079 6.19384 -2.97445 
v -310.079 6.19384 -1.38341 
v -309.943 6.13736 -2.97445 
v -309.943 6.13736 -1.38341 
v -309.807 6.19384 -2.97445 
v -309.807 6.19384 -1.38341 
v -309.807 6.19384 -2.97445 
v -309.807 6.19384 -1.38341 
v -309.75 6.3302 -2.97445 
v -309.75 6.3302 -1.38341 
v -309.807 6.46656 -1.38341 
v -309.807 6.46656 -2.97445 

vn 0 0 1 
vn 0 0 1 
vn 0 0 1 
vn 0 0 1 
vn 0 0 1 
vn 0 0 1 
vn 0 0 1 
vn 0 0 1 
vn -0.708661 0.708661 0 
vn -0.708661 0.708661 0 
vn 0 1 0 
vn 0 1 0 
vn 0.708661 0.708661 0 
vn 0.708661 0.708661 0 
vn -0.708661 -0.708661 0 
vn -0.708661 -0.708661 0 
vn -1 0 0 
vn -1 0 0 
vn -0.708661 0.708661 0 
vn -0.708661 0.708661 0 
vn -0.708661 -0.708661 0 
vn -0.708661 -0.708661 0 
vn 0 -1 0 
vn 0 -1 0 
vn 0.708661 -0.708661 0 
vn 0.708661 -0.708661 0 
vn 0.708661 -0.708661 0 
vn 0.708661 -0.708661 0 
vn 1 0 0 
vn 1 0 0 
vn 0.708661 0.708661 0 
vn 0.708661 0.708661 0 

vt 6 -17.0241 
vt 6 -16.9759 
vt 5.97589 -17 
vt 5.98295 -16.983 
vt 5.98295 -17.017 
vt 6.02411 -17 
vt 6.01705 -17.017 
vt 6.01705 -16.983 
vt 5.90056 -16.983 
vt 6.09944 -16.983 
vt 5.90056 -17 
vt 6.09944 -17 
vt 5.90056 -17.017 
vt 6.09944 -17.017 
vt 5.90056 -17.017 
vt 6.09944 -17.017 
vt 6.09944 -17 
vt 5.90056 -17 
vt 6.09944 -16.983 
vt 5.90056 -16.983 
vt 5.90056 -16.983 
vt 6.09944 -16.983 
vt 5.90056 -17 
vt 6.09944 -17 
vt 5.90056 -17.017 
vt 6.09944 -17.017 
vt 6.09944 -17.017 
vt 5.90056 -17.017 
vt 6.09944 -17 
vt 5.90056 -17 
vt 5.90056 -16.983 
vt 6.09944 -16.983 

usemtl Meshpart2Mtl

f 2849/2849/2849 2850/2850/2850 2851/2851/2851 
f 2851/2851/2851 2850/2850/2850 2852/2852/2852 
f 2849/2849/2849 2851/2851/2851 2853/2853/2853 
f 2850/2850/2850 2849/2849/2849 2854/2854/2854 
f 2854/2854/2854 2849/2849/2849 2855/2855/2855 
f 2850/2850/2850 2854/2854/2854 2856/2856/2856 
f 2859/2859/2859 2858/2858/2858 2857/2857/2857 
f 2858/2858/2858 2859/2859/2859 2860/2860/2860 
f 2861/2861/2861 2860/2860/2860 2859/2859/2859 
f 2861/2861/2861 2862/2862/2862 2860/2860/2860 
f 2863/2863/2863 2864/2864/2864 2865/2865/2865 
f 2863/2863/2863 2865/2865/2865 2866/2866/2866 
f 2866/2866/2866 2865/2865/2865 2867/2867/2867 
f 2866/2866/2866 2867/2867/2867 2868/2868/2868 
f 2871/2871/2871 2870/2870/2870 2869/2869/2869 
f 2871/2871/2871 2872/2872/2872 2870/2870/2870 
f 2873/2873/2873 2872/2872/2872 2871/2871/2871 
f 2873/2873/2873 2874/2874/2874 2872/2872/2872 
f 2877/2877/2877 2876/2876/2876 2875/2875/2875 
f 2877/2877/2877 2878/2878/2878 2876/2876/2876 
f 2880/2880/2880 2878/2878/2878 2877/2877/2877 
f 2880/2880/2880 2879/2879/2879 2878/2878/2878 

