# This file is brought to you by Roblox Corporation
# Generated by Roblox Studio

mtllib Assault Rifle.mtl

g Top + Scope
# 14652718299

v -579.581 6.35178 1.88896 
v -580.347 5.88391 1.83028 
v -579.623 5.88391 1.83028 
v -580.389 6.35178 1.88896 
v -580.347 5.41604 1.83028 
v -579.623 5.88391 1.83028 
v -579.623 5.41604 1.83028 
v -580.389 4.94816 1.88896 
v -579.581 4.94816 1.88896 
v -580.347 5.41604 1.83028 
v -579.715 6.53617 0.118548 
v -580.331 6.02798 0.118548 
v -579.638 6.02798 0.118548 
v -579.638 6.4882 0.118548 
v -580.254 6.53617 0.118548 
v -580.331 6.4882 0.118548 
v -579.638 6.02798 0.118548 
v -580.305 5.97603 0.118548 
v -579.665 5.97603 0.118548 
v -580.331 6.02798 0.118548 
v -579.665 5.97603 0.118548 
v -579.756 5.60886 0.118548 
v -579.665 5.65592 0.118548 
v -580.214 5.60886 0.118548 
v -580.305 5.97603 0.118548 
v -580.305 5.65592 0.118548 
v -579.816 6.53118 -0.139103 
v -580.154 6.53118 -0.139103 
v -579.816 6.42012 -0.109958 
v -580.154 6.42012 -0.109958 
v -580.109 6.88284 -0.210039 
v -580.126 6.75895 -0.210039 
v -580.084 6.85807 -0.210039 
v -579.985 6.89912 -0.210039 
v -580.161 6.75895 -0.210039 
v -579.985 6.93416 -0.210039 
v -580.109 6.63506 -0.210039 
v -579.86 6.88284 -0.210039 
v -580.084 6.65983 -0.210039 
v -579.885 6.85807 -0.210039 
v -579.985 6.61878 -0.210039 
v -579.844 6.75895 -0.210039 
v -579.985 6.58374 -0.210039 
v -579.809 6.75895 -0.210039 
v -579.86 6.63506 -0.210039 
v -579.885 6.65983 -0.210039 
v -579.917 6.60861 -0.210039 
v -580.053 6.51212 -0.210039 
v -579.917 6.51212 -0.210039 
v -580.053 6.60861 -0.210039 
v -580.207 6.6137 -0.278882 
v -580.151 6.46164 -0.215701 
v -580.207 6.46164 -0.215701 
v -580.151 6.52463 -0.189531 
v -580.207 6.52463 -0.189531 
v -580.151 6.58761 -0.215701 
v -580.207 6.58761 -0.215701 
v -579.763 6.6137 -0.278882 
v -579.763 6.43555 -0.278882 
v -579.763 6.46164 -0.215701 
v -579.819 6.46164 -0.215701 
v -579.763 6.52463 -0.189531 
v -579.819 6.52463 -0.189531 
v -579.763 6.58761 -0.215701 
v -579.819 6.58761 -0.215701 
v -579.804 6.4355 -0.341475 
v -580.166 6.4355 -0.341475 
v -579.804 6.28579 -0.341475 
v -580.166 6.28579 -0.341475 
v -580.053 6.51255 -3.85365 
v -579.86 6.88284 -3.85365 
v -579.844 6.75895 -3.85365 
v -579.809 6.75895 -3.85365 
v -580.161 6.75895 -3.85365 
v -580.007 6.61369 -3.7978 
v -580.12 6.48399 -3.60934 
v -579.848 6.48399 -3.60934 
v -579.733 6.21898 -0.761928 
v -580.236 6.21898 -0.761928 
v -579.733 6.00315 -0.761928 
v -580.236 6.00315 -0.761928 
v -579.581 4.94816 1.61037 
v -580.27 5.76302 -0.924854 
v -579.7 5.64849 -0.976844 
v -579.7 5.76302 -0.924854 
v -580.27 5.64849 -0.976844 
v -579.7 5.87754 -0.976844 
v -580.27 5.87754 -0.976844 
v -579.7 5.76302 -0.924854 
v -580.27 5.76302 -0.924854 
v -579.756 5.60886 -0.084007 
v -579.665 5.65592 -0.084007 
v -579.802 5.83075 -2.3023 
v -579.905 5.80649 -2.3023 
v -580.166 5.83075 -2.3023 
v -579.985 6.89912 -3.69885 
v -580.331 6.02798 -0.084007 
v -579.638 6.02798 -0.084007 
v -579.979 6.70923 -3.76979 
v -579.764 5.89248 -2.3023 
v -580.389 6.35178 1.61037 
v -579.682 6.00272 -2.38445 
v -580.288 6.00272 -2.38445 
v -580.254 6.53617 -0.084007 
v -579.682 6.20247 -2.38445 
v -580.236 6.21898 -2.2165 
v -580.236 6.00315 -2.2165 
v -579.733 6.00315 -2.2165 
v -579.733 6.21898 -2.2165 
v -579.848 6.48399 -0.352246 
v -580.12 6.48399 -0.352246 
v -579.906 6.49205 -3.77855 
v -580.063 6.49205 -3.77855 
v -580.079 6.14676 -3.57219 
v -579.89 6.14676 -3.57219 
v -579.985 6.15677 -5.30606 
v -580.063 6.12456 -5.30606 
v -580.063 5.96903 -5.30606 
v -580.079 6.29381 -3.57219 
v -579.906 6.29759 -3.65585 
v -579.962 6.61369 -3.75311 
v -579.931 6.34745 -3.57219 
v -580.288 6.1026 -2.31985 
v -579.682 6.00272 -2.38445 
v -579.682 6.1026 -2.31985 
v -580.288 6.00272 -2.38445 
v -580.204 5.89248 -2.3023 
v -579.905 5.80649 -2.3023 
v -579.764 5.89248 -2.3023 
v -579.802 5.83075 -2.3023 
v -580.063 5.80649 -2.3023 
v -580.166 5.83075 -2.3023 
v -579.883 5.94584 -5.2867 
v -580.288 6.20247 -2.38445 
v -579.682 6.1026 -2.31985 
v -579.682 6.20247 -2.38445 
v -580.288 6.1026 -2.31985 
v -579.844 6.75895 -0.337877 
v -579.918 6.22028 -3.57219 
v -579.931 6.09312 -3.57219 
v -579.89 6.14676 -3.57219 
v -579.931 6.34745 -3.57219 
v -579.89 6.29381 -3.57219 
v -579.985 6.36324 -3.57219 
v -580.052 6.22028 -3.57219 
v -580.039 6.09312 -3.57219 
v -580.079 6.14676 -3.57219 
v -580.039 6.34745 -3.57219 
v -580.079 6.29381 -3.57219 
v -579.906 6.46256 -3.65585 
v -580.063 6.46256 -3.65585 
v -579.906 6.29759 -3.65585 
v -580.063 6.29759 -3.65585 
v -579.99 6.70923 -3.76979 
v -579.962 6.61369 -3.75311 
v -579.979 6.70923 -3.76979 
v -580.007 6.61369 -3.75311 
v -579.917 6.61113 -3.69885 
v -580.053 6.51255 -3.69885 
v -579.917 6.51255 -3.69885 
v -580.053 6.61113 -3.69885 
v -580.053 6.39907 -3.69885 
v -579.917 6.39907 -3.69885 
v -580.109 6.88284 -3.69885 
v -580.126 6.75895 -3.69885 
v -580.084 6.85807 -3.69885 
v -579.985 6.89912 -3.69885 
v -580.161 6.75895 -3.69885 
v -579.985 6.93416 -3.69885 
v -580.084 6.65983 -3.69885 
v -579.86 6.88284 -3.69885 
v -580.109 6.63505 -3.69885 
v -579.885 6.85807 -3.69885 
v -579.985 6.61878 -3.69885 
v -579.844 6.75895 -3.69885 
v -579.985 6.58374 -3.69885 
v -579.809 6.75895 -3.69885 
v -579.86 6.63505 -3.69885 
v -579.885 6.65983 -3.69885 
v -579.883 5.94584 -5.2867 
v -580.086 5.94584 -5.2867 
v -579.985 5.90402 -5.2867 
v -580.128 6.04679 -5.2867 
v -579.841 6.04679 -5.2867 
v -579.883 6.14775 -5.2867 
v -580.086 6.14775 -5.2867 
v -579.985 6.18957 -5.2867 
v -579.581 6.35178 1.88896 
v -580.389 6.35178 1.88896 
v -580.086 6.14775 -5.81304 
v -579.883 6.14775 -5.81304 
v -580.128 6.04679 -5.81304 
v -579.882 6.04679 -5.81304 
v -579.883 5.94584 -5.81304 
v -579.882 6.04679 -5.35011 
v -579.715 6.53617 0.118548 
v -579.638 6.4882 0.118548 
v -580.331 6.4882 0.118548 
v -580.084 6.14575 -4.22716 
v -579.985 6.18674 -4.22716 
v -579.931 6.34745 -4.18672 
v -580.079 6.29381 -4.18672 
v -579.816 6.53118 -0.139103 
v -579.816 6.42012 -0.109958 
v -580.154 6.42012 -0.109958 
v -579.985 6.93416 -0.210039 
v -580.109 6.63506 -0.210039 
v -579.86 6.88284 -0.210039 
v -579.917 6.60861 -0.210039 
v -579.917 6.51212 -0.210039 
v -580.151 6.58761 -0.342062 
v -580.207 6.6137 -0.278882 
v -580.151 6.6137 -0.278882 
v -580.207 6.58761 -0.342062 
v -580.151 6.46164 -0.215701 
v -580.151 6.58761 -0.215701 
v -580.207 6.58761 -0.215701 
v -580.151 6.6137 -0.278882 
v -580.207 6.6137 -0.278882 
v -579.763 6.58761 -0.342062 
v -579.819 6.6137 -0.278882 
v -579.763 6.6137 -0.278882 
v -579.819 6.58761 -0.342062 
v -579.819 6.46164 -0.215701 
v -579.763 6.58761 -0.215701 
v -579.819 6.58761 -0.215701 
v -579.763 6.6137 -0.278882 
v -579.819 6.6137 -0.278882 
v -579.804 6.4355 -0.341475 
v -580.166 6.4355 -0.341475 
v -579.906 6.46256 -3.90126 
v -580.063 6.46256 -3.90126 
v -579.844 6.75895 -3.85365 
v -580.161 6.75895 -3.85365 
v -580.138 6.43027 -3.60934 
v -580.12 6.48399 -3.60934 
v -579.925 6.51514 -3.60934 
v -579.848 6.48399 -3.60934 
v -579.733 6.21898 -0.761928 
v -580.236 6.21898 -0.761928 
v -579.7 5.87754 -0.976844 
v -580.27 5.87754 -0.976844 
v -580.109 6.63506 -0.337877 
v -579.86 6.88284 -0.337877 
v -579.86 6.88284 -0.210039 
v -579.985 6.93416 -0.337877 
v -579.985 6.93416 -0.210039 
v -580.109 6.88284 -0.337877 
v -580.109 6.88284 -0.210039 
v -580.084 6.65983 -3.69885 
v -580.084 6.65983 -3.85365 
v -579.985 6.61878 -3.85365 
v -579.985 6.61878 -3.69885 
v -579.885 6.65983 -3.85365 
v -579.885 6.65983 -3.69885 
v -579.979 6.70923 -3.76979 
v -579.979 6.70923 -3.78112 
v -579.99 6.70923 -3.78112 
v -579.99 6.70923 -3.76979 
v -579.581 6.35178 1.61037 
v -580.389 6.35178 1.61037 
v -580.288 6.00272 -2.38445 
v -579.682 6.1026 -3.52613 
v -580.288 6.1026 -3.52613 
v -579.638 6.4882 0.118548 
v -579.638 6.4882 -0.084007 
v -579.715 6.53617 0.118548 
v -579.715 6.53617 -0.084007 
v -580.331 6.4882 -0.084007 
v -580.331 6.4882 0.118548 
v -580.254 6.53617 -0.084007 
v -580.254 6.53617 0.118548 
v -579.682 6.20247 -3.46153 
v -579.682 6.20247 -2.38445 
v -580.288 6.20247 -2.38445 
v -580.288 6.20247 -3.46153 
v -580.288 6.1026 -2.31985 
v -579.7 5.87754 -1.30135 
v -580.27 5.87754 -1.30135 
v -579.912 5.97465 -5.35011 
v -579.912 5.97465 -5.81304 
v -579.985 5.94477 -5.35011 
v -579.985 5.94477 -5.81304 
v -580.057 5.97465 -5.35011 
v -580.057 5.97465 -5.81304 
v -579.885 6.14575 -4.22716 
v -579.985 6.18674 -3.56077 
v -579.885 6.14575 -3.56077 
v -579.985 6.18674 -4.22716 
v -580.084 6.14575 -3.56077 
v -580.084 6.14575 -4.22716 
v -580.236 6.21898 -2.2165 
v -580.236 6.00315 -2.2165 
v -579.733 6.00315 -2.2165 
v -579.733 6.21898 -2.2165 
v -579.816 6.57267 -0.28079 
v -580.154 6.57267 -0.28079 
v -579.816 6.53118 -0.139103 
v -580.154 6.53118 -0.139103 
v -580.154 6.53118 -0.422474 
v -579.816 6.53118 -0.422474 
v -580.254 6.53617 0.118548 
v -579.715 6.53617 0.118548 
v -579.715 6.53617 -0.084007 
v -580.254 6.53617 -0.084007 
v -580.195 6.1321 0.675039 
v -580.195 6.1321 1.15778 
v -579.848 6.48399 -0.352246 
v -579.848 6.48399 -3.60934 
v -579.925 6.51514 -3.60934 
v -579.925 6.51514 -0.352246 
v -580.043 6.51514 -3.60934 
v -580.043 6.51514 -0.352246 
v -580.12 6.48399 -3.60934 
v -580.12 6.48399 -0.352246 
v -580.166 6.4355 -3.42472 
v -579.804 6.28579 -3.42472 
v -579.804 6.4355 -3.42472 
v -579.775 6.1321 1.15778 
v -579.775 6.1321 0.675039 
v -579.906 6.46256 -3.65585 
v -579.906 6.49205 -3.77855 
v -580.063 6.49205 -3.77855 
v -580.063 6.46256 -3.65585 
v -580.063 6.46256 -3.90126 
v -579.906 6.46256 -3.90126 
v -580.079 6.14676 -3.57219 
v -579.89 6.14676 -3.57219 
v -579.907 6.12456 -5.30606 
v -579.985 6.15677 -4.18162 
v -579.907 6.12456 -4.18162 
v -579.985 6.15677 -5.30606 
v -580.063 6.12456 -4.18162 
v -580.063 6.12456 -5.30606 
v -580.063 5.96903 -5.30606 
v -580.079 6.29381 -3.57219 
v -579.906 6.29759 -3.65585 
v -579.931 6.34745 -3.57219 
v -579.917 6.60861 -0.337877 
v -579.931 6.34745 -3.57219 
v -579.931 6.34745 -4.18672 
v -579.985 6.36324 -4.18672 
v -579.985 6.36324 -3.57219 
v -580.039 6.34745 -4.18672 
v -580.039 6.34745 -3.57219 
v -580.389 6.35178 1.88896 
v -579.581 6.35178 1.88896 
v -579.581 6.35178 1.61037 
v -580.389 6.35178 1.61037 
v -579.682 6.20247 -3.46153 
v -580.288 6.20247 -3.46153 
v -579.682 6.20247 -2.38445 
v -580.288 6.20247 -2.38445 
v -580.161 6.75895 -3.69885 
v -579.86 6.88284 -3.85365 
v -579.86 6.88284 -3.69885 
v -579.985 6.93416 -3.85365 
v -579.985 6.93416 -3.69885 
v -580.109 6.88284 -3.85365 
v -580.109 6.88284 -3.69885 
v -579.985 6.15808 0.675039 
v -580.195 6.1321 1.15778 
v -579.985 6.15808 1.15778 
v -580.195 6.1321 0.675039 
v -579.775 6.1321 0.675039 
v -579.775 6.1321 1.15778 
v -579.804 6.4355 -3.42472 
v -580.166 6.4355 -3.42472 
v -579.804 6.4355 -0.341475 
v -580.166 6.4355 -0.341475 
v -580.128 6.04679 -5.2867 
v -579.883 5.94584 -5.2867 
v -579.883 6.14775 -5.81304 
v -579.883 6.14775 -5.2867 
v -579.985 6.18957 -5.81304 
v -579.985 6.18957 -5.2867 
v -580.086 6.14775 -5.81304 
v -580.086 6.14775 -5.2867 
v -580.084 6.65983 -0.210039 
v -580.084 6.65983 -0.337877 
v -579.985 6.61878 -0.337877 
v -579.985 6.61878 -0.210039 
v -579.885 6.65983 -0.337877 
v -579.885 6.65983 -0.210039 
v -579.733 6.21898 -2.2165 
v -580.236 6.21898 -2.2165 
v -579.733 6.21898 -0.761928 
v -580.236 6.21898 -0.761928 
v -579.7 5.87754 -1.30135 
v -580.27 5.87754 -1.30135 
v -579.7 5.87754 -0.976844 
v -580.27 5.87754 -0.976844 
v -580.347 5.88391 1.83028 
v -580.389 6.35178 1.88896 
v -580.347 5.41604 1.83028 
v -580.389 4.94816 1.88896 
v -580.086 6.14775 -5.81304 
v -579.883 6.14775 -5.81304 
v -580.128 6.04679 -5.81304 
v -579.883 5.94584 -5.81304 
v -580.331 6.02798 0.118548 
v -580.331 6.4882 0.118548 
v -580.305 5.65592 0.118548 
v -580.084 5.94784 -4.22716 
v -580.084 6.14575 -4.22716 
v -579.931 6.09312 -4.18672 
v -579.985 6.36324 -4.18672 
v -580.079 6.29381 -4.18672 
v -580.161 6.75895 -0.210039 
v -579.985 6.93416 -0.210039 
v -580.109 6.63506 -0.210039 
v -579.86 6.88284 -0.210039 
v -579.917 6.60861 -0.210039 
v -579.917 6.51212 -0.210039 
v -580.207 6.6137 -0.278882 
v -580.207 6.58761 -0.342062 
v -580.207 6.46164 -0.342062 
v -580.151 6.46164 -0.215701 
v -580.207 6.46164 -0.215701 
v -579.763 6.58761 -0.342062 
v -579.819 6.46164 -0.215701 
v -579.819 6.58761 -0.215701 
v -579.804 6.4355 -0.341475 
v -580.166 6.28579 -0.341475 
v -580.063 6.29759 -3.90126 
v -580.063 6.46256 -3.90126 
v -580.053 6.51255 -3.85365 
v -580.12 6.48399 -3.60934 
v -579.925 6.51514 -3.60934 
v -580.204 5.89248 -3.55361 
v -580.166 5.83075 -3.55361 
v -580.236 6.21898 -0.761928 
v -580.236 6.00315 -0.761928 
v -580.389 4.94816 1.61037 
v -580.27 5.76302 -0.924854 
v -580.27 5.64849 -0.976844 
v -580.27 5.87754 -0.976844 
v -580.305 5.65592 -0.084007 
v -580.195 5.74304 0.675039 
v -580.195 5.74304 1.15778 
v -580.166 5.83075 -2.3023 
v -580.109 6.63506 -0.337877 
v -580.109 6.63506 -0.210039 
v -580.161 6.75895 -0.210039 
v -580.161 6.75895 -0.337877 
v -579.86 6.88284 -0.337877 
v -580.109 6.88284 -0.337877 
v -580.109 6.88284 -0.210039 
v -580.161 6.75895 -0.337877 
v -580.161 6.75895 -0.210039 
v -579.885 6.65983 -3.85365 
v -579.885 6.65983 -3.69885 
v -579.844 6.75895 -3.85365 
v -579.844 6.75895 -3.69885 
v -579.885 6.85807 -3.85365 
v -579.885 6.85807 -3.69885 
v -580.305 5.97603 0.118548 
v -580.331 6.02798 -0.084007 
v -580.305 5.97603 -0.084007 
v -580.331 6.02798 0.118548 
v -579.979 6.70923 -3.76979 
v -580.204 5.89248 -2.3023 
v -580.204 5.89248 -3.55361 
v -580.166 5.83075 -2.3023 
v -580.166 5.83075 -3.55361 
v -580.347 5.88391 1.83028 
v -580.389 6.35178 1.61037 
v -580.347 5.88391 1.61037 
v -580.389 6.35178 1.88896 
v -580.347 5.41604 1.61037 
v -580.347 5.88391 1.83028 
v -580.347 5.41604 1.83028 
v -580.389 4.94816 1.61037 
v -580.347 5.41604 1.83028 
v -580.389 4.94816 1.88896 
v -580.288 6.00272 -2.38445 
v -580.288 6.00272 -3.46153 
v -580.288 6.1026 -3.52613 
v -580.27 5.64849 -1.30135 
v -580.27 5.76302 -1.35334 
v -580.331 6.4882 -0.084007 
v -580.331 6.4882 0.118548 
v -580.331 6.02798 -0.084007 
v -580.331 6.02798 0.118548 
v -580.305 5.65592 0.118548 
v -580.305 5.97603 -0.084007 
v -580.305 5.65592 -0.084007 
v -580.305 5.97603 0.118548 
v -580.288 6.00272 -3.46153 
v -580.288 6.20247 -2.38445 
v -580.288 6.20247 -3.46153 
v -580.288 6.1026 -3.52613 
v -580.288 6.00272 -2.38445 
v -580.288 6.1026 -2.31985 
v -580.27 5.64849 -1.30135 
v -580.27 5.87754 -0.976844 
v -580.27 5.87754 -1.30135 
v -580.27 5.76302 -1.35334 
v -580.27 5.64849 -0.976844 
v -580.27 5.76302 -0.924854 
v -579.912 6.11894 -5.35011 
v -579.912 6.11894 -5.81304 
v -579.882 6.04679 -5.35011 
v -579.882 6.04679 -5.81304 
v -579.912 5.97465 -5.35011 
v -579.912 5.97465 -5.81304 
v -580.084 6.14575 -3.56077 
v -580.084 6.14575 -4.22716 
v -580.125 6.04679 -3.56077 
v -580.125 6.04679 -4.22716 
v -580.084 5.94784 -3.56077 
v -580.084 5.94784 -4.22716 
v -580.236 6.21898 -0.761928 
v -580.236 6.21898 -2.2165 
v -580.236 6.00315 -0.761928 
v -580.236 6.00315 -2.2165 
v -580.229 5.93757 1.15778 
v -580.229 5.93757 0.675039 
v -580.195 5.74304 1.15778 
v -580.195 5.74304 0.675039 
v -580.195 6.1321 0.675039 
v -580.195 6.1321 1.15778 
v -580.207 6.46164 -0.342062 
v -580.207 6.58761 -0.342062 
v -580.207 6.52463 -0.368232 
v -580.207 6.46164 -0.215701 
v -580.207 6.43555 -0.278882 
v -580.207 6.58761 -0.215701 
v -580.207 6.6137 -0.278882 
v -580.207 6.52463 -0.189531 
v -580.12 6.48399 -0.352246 
v -580.138 6.43027 -0.352246 
v -580.12 6.48399 -3.60934 
v -580.138 6.43027 -3.60934 
v -580.12 6.48399 -0.352246 
v -580.166 6.4355 -0.341475 
v -580.166 6.4355 -3.42472 
v -580.166 6.28579 -0.341475 
v -580.166 6.28579 -3.42472 
v -580.063 6.49205 -3.77855 
v -580.039 6.09312 -4.18672 
v -580.039 6.09312 -3.57219 
v -580.079 6.14676 -3.57219 
v -580.079 6.14676 -4.18672 
v -579.931 6.09312 -3.57219 
v -580.154 6.42012 -0.451619 
v -580.154 6.39509 -0.28079 
v -580.154 6.53118 -0.422474 
v -580.154 6.57267 -0.28079 
v -580.154 6.53118 -0.139103 
v -580.154 6.42012 -0.109958 
v -579.985 6.15677 -5.30606 
v -580.063 6.12456 -4.18162 
v -580.063 6.12456 -5.30606 
v -580.095 6.04679 -4.18162 
v -580.095 6.04679 -5.30606 
v -580.063 5.96903 -4.18162 
v -580.063 5.96903 -5.30606 
v -580.079 6.29381 -3.57219 
v -580.079 6.29381 -4.18672 
v -580.052 6.22028 -3.57219 
v -580.052 6.22028 -4.18672 
v -580.079 6.14676 -3.57219 
v -580.079 6.14676 -4.18672 
v -580.063 6.29759 -3.90126 
v -580.063 6.26811 -3.77855 
v -580.063 6.46256 -3.90126 
v -580.063 6.49205 -3.77855 
v -580.063 6.46256 -3.65585 
v -580.063 6.29759 -3.65585 
v -580.007 6.61369 -3.7978 
v -579.99 6.70923 -3.76979 
v -579.99 6.70923 -3.78112 
v -580.007 6.61369 -3.75311 
v -580.079 6.29381 -4.18672 
v -580.079 6.29381 -3.57219 
v -580.039 6.34745 -3.57219 
v -580.039 6.34745 -4.18672 
v -580.053 6.61113 -3.69885 
v -580.053 6.51255 -3.85365 
v -580.053 6.51255 -3.69885 
v -580.053 6.61113 -3.85365 
v -580.053 6.39907 -3.85365 
v -580.053 6.39907 -3.69885 
v -579.917 6.60861 -0.337877 
v -580.053 6.51212 -0.210039 
v -580.053 6.60861 -0.210039 
v -580.053 6.51212 -0.337877 
v -580.053 6.60861 -0.337877 
v -580.109 6.63505 -3.85365 
v -580.109 6.63505 -3.69885 
v -580.161 6.75895 -3.69885 
v -580.161 6.75895 -3.85365 
v -580.109 6.88284 -3.85365 
v -580.109 6.88284 -3.69885 
v -580.161 6.75895 -3.85365 
v -580.161 6.75895 -3.69885 
v -579.819 6.46164 -0.342062 
v -579.819 6.58761 -0.342062 
v -579.819 6.52463 -0.368232 
v -579.819 6.46164 -0.215701 
v -579.819 6.43555 -0.278882 
v -579.819 6.58761 -0.215701 
v -579.819 6.6137 -0.278882 
v -579.819 6.52463 -0.189531 
v -580.086 5.94584 -5.81304 
v -580.086 5.94584 -5.2867 
v -580.128 6.04679 -5.2867 
v -580.128 6.04679 -5.81304 
v -579.883 5.94584 -5.2867 
v -580.086 6.14775 -5.81304 
v -580.086 6.14775 -5.2867 
v -580.128 6.04679 -5.81304 
v -580.128 6.04679 -5.2867 
v -579.885 6.65983 -0.337877 
v -579.885 6.65983 -0.210039 
v -579.844 6.75895 -0.337877 
v -579.844 6.75895 -0.210039 
v -579.885 6.85807 -0.337877 
v -579.885 6.85807 -0.210039 
v -579.581 6.35178 1.88896 
v -580.389 6.35178 1.88896 
v -580.389 4.94816 1.88896 
v -579.985 6.14883 -5.81304 
v -580.086 6.14775 -5.81304 
v -579.985 6.18957 -5.81304 
v -579.883 6.14775 -5.81304 
v -580.057 6.11894 -5.81304 
v -580.128 6.04679 -5.81304 
v -580.087 6.04679 -5.81304 
v -579.912 6.11894 -5.81304 
v -579.841 6.04679 -5.81304 
v -579.882 6.04679 -5.81304 
v -579.883 5.94584 -5.81304 
v -579.912 5.97465 -5.81304 
v -579.985 5.94477 -5.81304 
v -579.985 5.90402 -5.81304 
v -580.086 5.94584 -5.81304 
v -580.057 5.97465 -5.81304 
v -580.087 6.04679 -5.81304 
v -580.128 6.04679 -5.81304 
v -579.912 5.97465 -5.35011 
v -580.057 5.97465 -5.35011 
v -579.882 6.04679 -5.35011 
v -579.985 5.94477 -5.35011 
v -580.087 6.04679 -5.35011 
v -579.912 6.11894 -5.35011 
v -580.057 6.11894 -5.35011 
v -579.985 6.14883 -5.35011 
v -580.331 6.02798 0.118548 
v -579.638 6.4882 0.118548 
v -580.305 5.65592 0.118548 
v -580.125 6.04679 -4.22716 
v -579.985 5.90685 -4.22716 
v -580.084 5.94784 -4.22716 
v -580.084 6.14575 -4.22716 
v -579.985 6.18674 -4.22716 
v -579.885 6.14575 -4.22716 
v -579.844 6.04679 -4.22716 
v -579.885 5.94784 -4.22716 
v -580.039 6.09312 -4.18672 
v -579.918 6.22028 -4.18672 
v -579.931 6.09312 -4.18672 
v -579.89 6.14676 -4.18672 
v -580.052 6.22028 -4.18672 
v -580.079 6.14676 -4.18672 
v -579.931 6.34745 -4.18672 
v -579.89 6.29381 -4.18672 
v -579.985 6.36324 -4.18672 
v -580.039 6.34745 -4.18672 
v -580.079 6.29381 -4.18672 
v -579.816 6.42012 -0.109958 
v -579.985 6.89912 -0.210039 
v -580.161 6.75895 -0.210039 
v -580.109 6.63506 -0.210039 
v -579.917 6.51212 -0.210039 
v -580.151 6.58761 -0.342062 
v -580.207 6.58761 -0.342062 
v -580.151 6.52463 -0.368232 
v -580.207 6.52463 -0.368232 
v -580.151 6.46164 -0.342062 
v -580.207 6.46164 -0.342062 
v -579.763 6.58761 -0.342062 
v -579.763 6.6137 -0.278882 
v -579.819 6.58761 -0.342062 
v -579.763 6.52463 -0.368232 
v -579.819 6.52463 -0.368232 
v -579.763 6.46164 -0.342062 
v -579.819 6.46164 -0.342062 
v -579.763 6.43555 -0.278882 
v -579.819 6.58761 -0.215701 
v -579.804 6.4355 -0.341475 
v -579.906 6.46256 -3.90126 
v -579.906 6.29759 -3.90126 
v -580.063 6.29759 -3.90126 
v -580.063 6.46256 -3.90126 
v -579.917 6.61113 -3.85365 
v -579.917 6.51255 -3.85365 
v -580.053 6.61113 -3.85365 
v -580.053 6.51255 -3.85365 
v -579.917 6.39907 -3.85365 
v -580.053 6.39907 -3.85365 
v -579.86 6.88284 -3.85365 
v -579.844 6.75895 -3.85365 
v -579.885 6.85807 -3.85365 
v -579.985 6.89912 -3.85365 
v -579.809 6.75895 -3.85365 
v -579.985 6.93416 -3.85365 
v -579.885 6.65983 -3.85365 
v -580.109 6.88284 -3.85365 
v -579.86 6.63505 -3.85365 
v -580.084 6.85807 -3.85365 
v -579.985 6.61878 -3.85365 
v -580.126 6.75895 -3.85365 
v -579.985 6.58374 -3.85365 
v -580.161 6.75895 -3.85365 
v -580.109 6.63505 -3.85365 
v -580.084 6.65983 -3.85365 
v -579.979 6.70923 -3.78112 
v -579.962 6.61369 -3.7978 
v -580.007 6.61369 -3.7978 
v -579.99 6.70923 -3.78112 
v -579.83 6.43027 -3.60934 
v -580.138 6.43027 -3.60934 
v -580.043 6.51514 -3.60934 
v -580.12 6.48399 -3.60934 
v -579.925 6.51514 -3.60934 
v -579.848 6.48399 -3.60934 
v -580.204 5.89248 -3.55361 
v -579.764 5.89248 -3.55361 
v -579.905 5.80649 -3.55361 
v -579.802 5.83075 -3.55361 
v -580.063 5.80649 -3.55361 
v -580.166 5.83075 -3.55361 
v -580.389 4.94816 1.61037 
v -579.581 4.94816 1.61037 
v -579.756 5.60886 -0.084007 
v -579.665 5.65592 -0.084007 
v -580.305 5.65592 -0.084007 
v -580.109 6.63506 -0.337877 
v -579.809 6.75895 -0.337877 
v -579.86 6.88284 -0.337877 
v -579.985 6.89912 -3.69885 
v -580.331 6.02798 -0.084007 
v -579.638 6.02798 -0.084007 
v -579.979 6.70923 -3.76979 
v -579.581 6.35178 1.61037 
v -579.623 5.88391 1.61037 
v -579.623 5.41604 1.61037 
v -580.389 6.35178 1.61037 
v -580.347 5.88391 1.61037 
v -580.347 5.41604 1.61037 
v -579.682 6.00272 -3.46153 
v -580.288 6.00272 -3.46153 
v -579.682 6.1026 -3.52613 
v -580.288 6.1026 -3.52613 
v -579.638 6.4882 -0.084007 
v -579.715 6.53617 -0.084007 
v -579.7 5.64849 -1.30135 
v -580.27 5.64849 -1.30135 
v -579.7 5.76302 -1.35334 
v -580.27 5.76302 -1.35334 
v -580.331 6.4882 -0.084007 
v -580.254 6.53617 -0.084007 
v -579.682 6.20247 -3.46153 
v -579.682 6.20247 -2.38445 
v -580.288 6.20247 -3.46153 
v -579.7 5.87754 -1.30135 
v -580.27 5.87754 -1.30135 
v -580.236 6.21898 -2.2165 
v -580.236 6.00315 -2.2165 
v -579.733 6.00315 -2.2165 
v -579.733 6.21898 -2.2165 
v -579.848 6.48399 -0.352246 
v -580.12 6.48399 -0.352246 
v -580.166 6.4355 -3.42472 
v -580.166 6.28579 -3.42472 
v -579.804 6.28579 -3.42472 
v -579.804 6.4355 -3.42472 
v -579.906 6.49205 -3.77855 
v -580.063 6.49205 -3.77855 
v -579.931 6.09312 -3.57219 
v -579.907 6.12456 -4.18162 
v -579.985 6.15677 -5.30606 
v -580.063 6.12456 -4.18162 
v -580.063 6.12456 -5.30606 
v -580.063 5.96903 -5.30606 
v -579.906 6.29759 -3.65585 
v -579.962 6.61369 -3.75311 
v -579.917 6.60861 -0.337877 
v -579.682 6.1026 -3.52613 
v -580.288 6.1026 -3.52613 
v -579.682 6.20247 -3.46153 
v -580.288 6.20247 -3.46153 
v -580.161 6.75895 -3.69885 
v -579.804 6.28579 -3.42472 
v -580.166 6.28579 -3.42472 
v -579.804 6.4355 -3.42472 
v -580.166 6.4355 -3.42472 
v -579.883 5.94584 -5.2867 
v -579.844 6.75895 -0.337877 
v -579.733 6.00315 -2.2165 
v -580.236 6.00315 -2.2165 
v -579.733 6.21898 -2.2165 
v -580.236 6.21898 -2.2165 
v -579.7 5.76302 -1.35334 
v -580.27 5.76302 -1.35334 
v -579.7 5.87754 -1.30135 
v -580.27 5.87754 -1.30135 
v -579.816 6.42012 -0.451619 
v -580.154 6.42012 -0.451619 
v -579.816 6.53118 -0.422474 
v -580.154 6.53118 -0.422474 
v -579.86 6.88284 -0.337877 
v -579.844 6.75895 -0.337877 
v -579.885 6.85807 -0.337877 
v -579.985 6.89912 -0.337877 
v -579.809 6.75895 -0.337877 
v -579.985 6.93416 -0.337877 
v -579.86 6.63506 -0.337877 
v -580.109 6.88284 -0.337877 
v -579.885 6.65983 -0.337877 
v -580.084 6.85807 -0.337877 
v -579.985 6.61878 -0.337877 
v -580.126 6.75895 -0.337877 
v -579.985 6.58374 -0.337877 
v -580.161 6.75895 -0.337877 
v -580.109 6.63506 -0.337877 
v -580.084 6.65983 -0.337877 
v -579.917 6.60861 -0.337877 
v -579.917 6.51212 -0.337877 
v -580.053 6.60861 -0.337877 
v -580.053 6.51212 -0.337877 
v -579.638 6.02798 -0.084007 
v -579.715 6.53617 -0.084007 
v -579.638 6.4882 -0.084007 
v -580.254 6.53617 -0.084007 
v -580.331 6.02798 -0.084007 
v -580.331 6.4882 -0.084007 
v -579.665 5.97603 -0.084007 
v -580.331 6.02798 -0.084007 
v -579.638 6.02798 -0.084007 
v -580.305 5.97603 -0.084007 
v -579.756 5.60886 -0.084007 
v -579.665 5.97603 -0.084007 
v -579.665 5.65592 -0.084007 
v -580.305 5.97603 -0.084007 
v -580.214 5.60886 -0.084007 
v -580.305 5.65592 -0.084007 
v -579.581 6.35178 1.61037 
v -579.623 5.88391 1.61037 
v -580.389 6.35178 1.61037 
v -580.347 5.88391 1.61037 
v -579.623 5.41604 1.61037 
v -580.347 5.88391 1.61037 
v -580.347 5.41604 1.61037 
v -579.623 5.41604 1.61037 
v -579.581 4.94816 1.61037 
v -580.389 4.94816 1.61037 
v -580.389 4.94816 1.88896 
v -579.581 4.94816 1.88896 
v -580.086 6.14775 -5.81304 
v -579.883 6.14775 -5.81304 
v -580.128 6.04679 -5.81304 
v -579.882 6.04679 -5.81304 
v -579.883 5.94584 -5.81304 
v -579.882 6.04679 -5.35011 
v -579.756 5.60886 0.118548 
v -579.665 5.65592 0.118548 
v -580.305 5.65592 0.118548 
v -580.084 5.94784 -4.22716 
v -579.885 5.94784 -4.22716 
v -579.816 6.53118 -0.139103 
v -579.816 6.42012 -0.109958 
v -580.154 6.42012 -0.109958 
v -580.161 6.75895 -0.210039 
v -579.985 6.93416 -0.210039 
v -580.109 6.63506 -0.210039 
v -579.86 6.88284 -0.210039 
v -579.917 6.60861 -0.210039 
v -580.151 6.46164 -0.342062 
v -580.207 6.46164 -0.342062 
v -580.151 6.43555 -0.278882 
v -580.207 6.43555 -0.278882 
v -580.151 6.46164 -0.215701 
v -580.207 6.46164 -0.215701 
v -579.763 6.46164 -0.342062 
v -579.819 6.46164 -0.342062 
v -579.763 6.43555 -0.278882 
v -579.819 6.43555 -0.278882 
v -579.763 6.46164 -0.215701 
v -579.819 6.46164 -0.215701 
v -579.804 6.4355 -0.341475 
v -580.166 6.4355 -0.341475 
v -579.804 6.28579 -0.341475 
v -580.166 6.28579 -0.341475 
v -579.844 6.75895 -3.85365 
v -580.161 6.75895 -3.85365 
v -579.905 5.80649 -3.55361 
v -579.802 5.83075 -3.55361 
v -580.166 5.83075 -3.55361 
v -579.733 6.00315 -0.761928 
v -580.236 6.00315 -0.761928 
v -580.389 4.94816 1.61037 
v -579.581 4.94816 1.61037 
v -579.581 4.94816 1.88896 
v -580.389 4.94816 1.88896 
v -579.7 5.64849 -0.976844 
v -580.27 5.64849 -0.976844 
v -579.7 5.87754 -0.976844 
v -580.27 5.87754 -0.976844 
v -580.214 5.60886 -0.084007 
v -579.756 5.60886 -0.084007 
v -579.756 5.60886 0.118548 
v -579.665 5.65592 0.118548 
v -579.665 5.65592 -0.084007 
v -580.214 5.60886 0.118548 
v -580.305 5.65592 -0.084007 
v -580.305 5.65592 0.118548 
v -579.985 5.71706 1.15778 
v -579.985 5.71706 0.675039 
v -579.775 5.74304 1.15778 
v -579.775 5.74304 0.675039 
v -580.195 5.74304 0.675039 
v -580.195 5.74304 1.15778 
v -579.802 5.83075 -3.55361 
v -579.802 5.83075 -2.3023 
v -579.905 5.80649 -2.3023 
v -579.905 5.80649 -3.55361 
v -580.063 5.80649 -2.3023 
v -580.063 5.80649 -3.55361 
v -580.166 5.83075 -2.3023 
v -580.166 5.83075 -3.55361 
v -580.109 6.63506 -0.337877 
v -580.109 6.63506 -0.210039 
v -579.985 6.58374 -0.337877 
v -579.985 6.58374 -0.210039 
v -579.86 6.63506 -0.337877 
v -579.86 6.63506 -0.210039 
v -579.86 6.88284 -0.337877 
v -579.985 6.93416 -0.337877 
v -580.109 6.88284 -0.337877 
v -579.885 6.85807 -3.85365 
v -579.885 6.85807 -3.69885 
v -579.985 6.89912 -3.69885 
v -579.985 6.89912 -3.85365 
v -580.084 6.85807 -3.69885 
v -580.084 6.85807 -3.85365 
v -580.331 6.02798 -0.084007 
v -579.764 5.89248 -2.3023 
v -579.682 6.00272 -3.46153 
v -579.682 6.00272 -2.38445 
v -580.288 6.00272 -2.38445 
v -580.288 6.00272 -3.46153 
v -579.682 6.1026 -3.52613 
v -580.288 6.1026 -3.52613 
v -579.715 6.53617 -0.084007 
v -579.7 5.64849 -0.976844 
v -580.27 5.64849 -0.976844 
v -579.7 5.64849 -1.30135 
v -580.27 5.64849 -1.30135 
v -580.254 6.53617 -0.084007 
v -579.682 6.20247 -2.38445 
v -580.288 6.20247 -3.46153 
v -580.288 6.1026 -2.31985 
v -580.27 5.87754 -1.30135 
v -580.057 6.11894 -5.35011 
v -580.057 6.11894 -5.81304 
v -579.985 6.14883 -5.35011 
v -579.985 6.14883 -5.81304 
v -579.912 6.11894 -5.35011 
v -579.912 6.11894 -5.81304 
v -579.885 5.94784 -4.22716 
v -580.125 6.04679 -3.56077 
v -579.885 5.94784 -3.56077 
v -579.985 5.90685 -4.22716 
v -580.084 5.94784 -3.56077 
v -579.985 5.90685 -3.56077 
v -580.084 5.94784 -4.22716 
v -580.236 6.00315 -2.2165 
v -579.733 6.00315 -2.2165 
v -579.848 6.48399 -0.352246 
v -580.12 6.48399 -0.352246 
v -580.166 6.4355 -3.42472 
v -580.166 6.28579 -3.42472 
v -579.804 6.28579 -3.42472 
v -579.985 6.15677 -5.30606 
v -580.063 6.12456 -5.30606 
v -579.907 5.96903 -5.30606 
v -580.095 6.04679 -4.18162 
v -579.907 5.96903 -4.18162 
v -579.985 5.93682 -5.30606 
v -580.063 5.96903 -4.18162 
v -579.985 5.93682 -4.18162 
v -580.063 5.96903 -5.30606 
v -579.906 6.29759 -3.65585 
v -579.917 6.60861 -0.337877 
v -579.816 6.39509 -0.28079 
v -580.154 6.39509 -0.28079 
v -579.816 6.42012 -0.451619 
v -580.154 6.42012 -0.451619 
v -580.154 6.42012 -0.109958 
v -579.816 6.42012 -0.109958 
v -580.109 6.63505 -3.85365 
v -580.109 6.63505 -3.69885 
v -580.161 6.75895 -3.69885 
v -579.985 6.58374 -3.85365 
v -579.985 6.58374 -3.69885 
v -579.86 6.63505 -3.85365 
v -579.86 6.63505 -3.69885 
v -579.804 6.28579 -3.42472 
v -580.166 6.28579 -3.42472 
v -580.166 6.28579 -0.341475 
v -579.804 6.28579 -0.341475 
v -580.086 5.94584 -5.81304 
v -580.086 5.94584 -5.2867 
v -580.128 6.04679 -5.2867 
v -579.985 5.90402 -5.81304 
v -579.985 5.90402 -5.2867 
v -579.883 5.94584 -5.81304 
v -579.883 5.94584 -5.2867 
v -579.885 6.85807 -0.337877 
v -579.885 6.85807 -0.210039 
v -579.985 6.89912 -0.210039 
v -579.985 6.89912 -0.337877 
v -580.084 6.85807 -0.210039 
v -580.084 6.85807 -0.337877 
v -579.733 6.00315 -2.2165 
v -580.236 6.00315 -2.2165 
v -580.236 6.00315 -0.761928 
v -579.733 6.00315 -0.761928 
v -579.581 6.35178 1.88896 
v -579.623 5.88391 1.83028 
v -579.623 5.41604 1.83028 
v -579.581 4.94816 1.88896 
v -580.086 6.14775 -5.81304 
v -579.883 6.14775 -5.81304 
v -580.128 6.04679 -5.81304 
v -579.883 5.94584 -5.81304 
v -579.638 6.02798 0.118548 
v -579.638 6.4882 0.118548 
v -579.665 5.65592 0.118548 
v -579.985 6.18674 -4.22716 
v -579.885 5.94784 -4.22716 
v -579.931 6.09312 -4.18672 
v -579.931 6.34745 -4.18672 
v -579.985 6.36324 -4.18672 
v -580.161 6.75895 -0.210039 
v -579.985 6.93416 -0.210039 
v -580.109 6.63506 -0.210039 
v -579.86 6.88284 -0.210039 
v -579.809 6.75895 -0.210039 
v -579.917 6.60861 -0.210039 
v -579.917 6.51212 -0.210039 
v -580.151 6.46164 -0.215701 
v -579.763 6.58761 -0.342062 
v -579.819 6.46164 -0.215701 
v -579.819 6.58761 -0.215701 
v -579.804 6.4355 -0.341475 
v -579.804 6.28579 -0.341475 
v -579.906 6.46256 -3.90126 
v -579.906 6.29759 -3.90126 
v -580.053 6.51255 -3.85365 
v -579.83 6.43027 -3.60934 
v -579.925 6.51514 -3.60934 
v -579.848 6.48399 -3.60934 
v -579.764 5.89248 -3.55361 
v -579.905 5.80649 -3.55361 
v -579.802 5.83075 -3.55361 
v -579.733 6.21898 -0.761928 
v -579.733 6.00315 -0.761928 
v -579.581 4.94816 1.61037 
v -579.7 5.64849 -0.976844 
v -579.7 5.76302 -0.924854 
v -579.7 5.87754 -0.976844 
v -579.665 5.65592 -0.084007 
v -579.775 5.74304 1.15778 
v -579.775 5.74304 0.675039 
v -579.802 5.83075 -2.3023 
v -580.109 6.63506 -0.337877 
v -579.86 6.63506 -0.337877 
v -579.86 6.63506 -0.210039 
v -579.809 6.75895 -0.337877 
v -579.809 6.75895 -0.210039 
v -579.86 6.88284 -0.337877 
v -579.86 6.88284 -0.210039 
v -579.985 6.93416 -0.337877 
v -580.109 6.88284 -0.337877 
v -580.126 6.75895 -3.85365 
v -580.126 6.75895 -3.69885 
v -580.084 6.65983 -3.69885 
v -580.084 6.65983 -3.85365 
v -580.084 6.85807 -3.69885 
v -580.084 6.85807 -3.85365 
v -580.126 6.75895 -3.69885 
v -580.126 6.75895 -3.85365 
v -580.331 6.02798 -0.084007 
v -579.665 5.97603 0.118548 
v -579.665 5.97603 -0.084007 
v -579.638 6.02798 0.118548 
v -579.638 6.02798 -0.084007 
v -579.979 6.70923 -3.76979 
v -579.764 5.89248 -2.3023 
v -579.802 5.83075 -3.55361 
v -579.764 5.89248 -3.55361 
v -579.802 5.83075 -2.3023 
v -579.581 6.35178 1.88896 
v -579.623 5.88391 1.83028 
v -579.581 6.35178 1.61037 
v -579.623 5.88391 1.61037 
v -579.623 5.88391 1.83028 
v -579.623 5.41604 1.83028 
v -579.623 5.41604 1.61037 
v -579.623 5.41604 1.83028 
v -579.581 4.94816 1.61037 
v -579.581 4.94816 1.88896 
v -579.682 6.00272 -3.46153 
v -579.682 6.00272 -2.38445 
v -579.682 6.1026 -3.52613 
v -579.638 6.4882 0.118548 
v -579.638 6.02798 0.118548 
v -579.638 6.4882 -0.084007 
v -579.638 6.02798 -0.084007 
v -579.7 5.64849 -1.30135 
v -579.7 5.76302 -1.35334 
v -579.665 5.97603 -0.084007 
v -579.665 5.97603 0.118548 
v -579.665 5.65592 -0.084007 
v -579.665 5.65592 0.118548 
v -579.775 5.74304 1.15778 
v -579.775 5.74304 0.675039 
v -579.741 5.93757 1.15778 
v -579.741 5.93757 0.675039 
v -579.682 6.20247 -3.46153 
v -579.682 6.00272 -3.46153 
v -579.682 6.1026 -3.52613 
v -579.682 6.00272 -2.38445 
v -579.682 6.20247 -2.38445 
v -579.682 6.1026 -2.31985 
v -579.7 5.87754 -1.30135 
v -579.7 5.64849 -1.30135 
v -579.7 5.76302 -1.35334 
v -579.7 5.64849 -0.976844 
v -579.7 5.87754 -0.976844 
v -579.7 5.76302 -0.924854 
v -580.057 6.11894 -5.35011 
v -580.087 6.04679 -5.81304 
v -580.057 6.11894 -5.81304 
v -580.087 6.04679 -5.35011 
v -580.057 5.97465 -5.35011 
v -580.057 5.97465 -5.81304 
v -580.087 6.04679 -5.35011 
v -580.087 6.04679 -5.81304 
v -579.885 6.14575 -4.22716 
v -579.885 6.14575 -3.56077 
v -579.844 6.04679 -4.22716 
v -579.844 6.04679 -3.56077 
v -579.885 5.94784 -4.22716 
v -579.885 5.94784 -3.56077 
v -579.733 6.21898 -0.761928 
v -579.733 6.00315 -2.2165 
v -579.733 6.21898 -2.2165 
v -579.733 6.00315 -0.761928 
v -579.763 6.58761 -0.215701 
v -579.763 6.46164 -0.215701 
v -579.763 6.58761 -0.342062 
v -579.763 6.52463 -0.189531 
v -579.763 6.6137 -0.278882 
v -579.763 6.46164 -0.342062 
v -579.763 6.52463 -0.368232 
v -579.763 6.43555 -0.278882 
v -579.848 6.48399 -0.352246 
v -580.12 6.48399 -0.352246 
v -579.83 6.43027 -0.352246 
v -579.83 6.43027 -3.60934 
v -579.848 6.48399 -0.352246 
v -579.848 6.48399 -3.60934 
v -579.804 6.4355 -0.341475 
v -579.804 6.28579 -3.42472 
v -579.804 6.4355 -3.42472 
v -579.804 6.28579 -0.341475 
v -579.741 5.93757 1.15778 
v -579.741 5.93757 0.675039 
v -579.775 6.1321 1.15778 
v -579.775 6.1321 0.675039 
v -579.906 6.49205 -3.77855 
v -579.89 6.14676 -4.18672 
v -579.89 6.14676 -3.57219 
v -579.931 6.09312 -3.57219 
v -579.931 6.09312 -4.18672 
v -579.816 6.53118 -0.139103 
v -579.816 6.39509 -0.28079 
v -579.816 6.57267 -0.28079 
v -579.816 6.42012 -0.109958 
v -579.816 6.53118 -0.422474 
v -579.816 6.42012 -0.451619 
v -579.907 6.12456 -5.30606 
v -579.907 6.12456 -4.18162 
v -579.985 6.15677 -5.30606 
v -579.874 6.04679 -5.30606 
v -579.874 6.04679 -4.18162 
v -580.063 6.12456 -5.30606 
v -579.907 5.96903 -5.30606 
v -579.907 5.96903 -4.18162 
v -580.063 5.96903 -5.30606 
v -579.89 6.29381 -3.57219 
v -579.918 6.22028 -4.18672 
v -579.89 6.29381 -4.18672 
v -579.918 6.22028 -3.57219 
v -579.89 6.14676 -4.18672 
v -579.89 6.14676 -3.57219 
v -579.906 6.46256 -3.90126 
v -579.906 6.49205 -3.77855 
v -579.906 6.26811 -3.77855 
v -579.906 6.29759 -3.90126 
v -579.906 6.46256 -3.65585 
v -579.906 6.29759 -3.65585 
v -579.962 6.61369 -3.75311 
v -579.979 6.70923 -3.78112 
v -579.979 6.70923 -3.76979 
v -579.962 6.61369 -3.7978 
v -579.931 6.34745 -4.18672 
v -579.931 6.34745 -3.57219 
v -579.89 6.29381 -3.57219 
v -579.89 6.29381 -4.18672 
v -579.917 6.61113 -3.69885 
v -579.917 6.51255 -3.85365 
v -579.917 6.61113 -3.85365 
v -579.917 6.51255 -3.69885 
v -579.917 6.39907 -3.69885 
v -579.917 6.39907 -3.85365 
v -579.917 6.60861 -0.337877 
v -579.917 6.60861 -0.210039 
v -579.917 6.51212 -0.210039 
v -579.917 6.51212 -0.337877 
v -579.86 6.63505 -3.85365 
v -579.86 6.63505 -3.69885 
v -579.809 6.75895 -3.85365 
v -579.809 6.75895 -3.69885 
v -579.86 6.88284 -3.85365 
v -579.86 6.88284 -3.69885 
v -580.151 6.58761 -0.215701 
v -580.151 6.46164 -0.215701 
v -580.151 6.58761 -0.342062 
v -580.151 6.52463 -0.189531 
v -580.151 6.6137 -0.278882 
v -580.151 6.46164 -0.342062 
v -580.151 6.52463 -0.368232 
v -580.151 6.43555 -0.278882 
v -579.883 5.94584 -5.81304 
v -579.883 5.94584 -5.2867 
v -579.841 6.04679 -5.81304 
v -579.841 6.04679 -5.2867 
v -579.883 6.14775 -5.81304 
v -579.883 6.14775 -5.2867 
v -580.126 6.75895 -0.337877 
v -580.126 6.75895 -0.210039 
v -580.084 6.65983 -0.210039 
v -580.084 6.65983 -0.337877 
v -580.084 6.85807 -0.210039 
v -580.084 6.85807 -0.337877 
v -580.126 6.75895 -0.210039 
v -580.126 6.75895 -0.337877 

vn 0 -0.125984 0.992126 
vn 0 -0.0629921 1 
vn 0 -0.0629921 1 
vn 0 -0.125984 0.992126 
vn 0 0.0629921 1 
vn 0 -0.0629921 1 
vn 0 0.0629921 1 
vn 0 0.125984 0.992126 
vn 0 0.125984 0.992126 
vn 0 0.0629921 1 
vn 0 0 1 
vn 0 0 1 
vn 0 0 1 
vn 0 0 1 
vn 0 0 1 
vn 0 0 1 
vn 0 0 1 
vn 0 0 1 
vn 0 0 1 
vn 0 0 1 
vn 0 0 1 
vn 0 0 1 
vn 0 0 1 
vn 0 0 1 
vn 0 0 1 
vn 0 0 1 
vn 0 0.251969 0.968504 
vn 0 0.251969 0.968504 
vn 0 0.251969 0.968504 
vn 0 0.251969 0.968504 
vn 0 0 1 
vn 0 0 1 
vn 0 0 1 
vn 0 0 1 
vn 0 0 1 
vn 0 0 1 
vn 0 0 1 
vn 0 0 1 
vn 0 0 1 
vn 0 0 1 
vn 0 0 1 
vn 0 0 1 
vn 0 0 1 
vn 0 0 1 
vn 0 0 1 
vn 0 0 1 
vn 0 0 1 
vn 0 0 1 
vn 0 0 1 
vn 0 0 1 
vn 0 1 0 
vn 0 -0.708661 0.708661 
vn 0 -0.708661 0.708661 
vn 0 0 1 
vn 0 0 1 
vn 0 0.708661 0.708661 
vn 0 0.708661 0.708661 
vn 0 1 0 
vn 0 -1 0 
vn 0 -0.708661 0.708661 
vn 0 -0.708661 0.708661 
vn 0 0 1 
vn 0 0 1 
vn 0 0.708661 0.708661 
vn 0 0.708661 0.708661 
vn 0 0.708661 0.708661 
vn 0 0.708661 0.708661 
vn 0 -0.708661 0.708661 
vn 0 -0.708661 0.708661 
vn 0 0 -1 
vn 0 0 -1 
vn 0 0 -1 
vn 0 0 -1 
vn 0 0 -1 
vn 0 0.173228 -0.984252 
vn 0 0 -1 
vn 0 0 -1 
vn 0 0.708661 0.708661 
vn 0 0.708661 0.708661 
vn 0 -0.708661 0.708661 
vn 0 -0.708661 0.708661 
vn 0 -1 0 
vn 0 -0.417323 0.913386 
vn 0 -0.84252 0.543307 
vn 0 -0.417323 0.913386 
vn 0 -0.84252 0.543307 
vn 0 0.84252 0.543307 
vn 0 0.84252 0.543307 
vn 0 0.417323 0.913386 
vn 0 0.417323 0.913386 
vn 0.23622 -0.968504 0 
vn 0.850394 -0.519685 0 
vn 0.228346 -0.976378 0 
vn 0.11811 -0.992126 0 
vn -0.228346 -0.976378 0 
vn 0 -1 0 
vn -0.889764 -0.456693 0 
vn 0.889764 -0.456693 0 
vn 0 1 0 
vn 0.850394 -0.519685 0 
vn -0.992126 -0.0866142 0 
vn 0 -0.88189 0.480315 
vn 0 -0.88189 0.480315 
vn -0.275591 0.96063 0 
vn 1 0 0 
vn -1 0 0 
vn -1 0 0 
vn 1 0 0 
vn 1 0 0 
vn 0.377953 0.929134 0 
vn -0.377953 0.929134 0 
vn 0 1 0 
vn 0 1 0 
vn -0.80315 -0.598425 0 
vn 0.80315 -0.598425 0 
vn 0 1 0 
vn -0.708661 0.708661 0 
vn -0.708661 -0.708661 0 
vn -0.937008 -0.346457 0 
vn 1 0 0 
vn 0.984252 0.173228 0 
vn 0.566929 0.818898 0 
vn 0 -0.543307 0.84252 
vn 0 -0.88189 0.480315 
vn 0 -0.543307 0.84252 
vn 0 -0.88189 0.480315 
vn 0 0 1 
vn 0 0 1 
vn 0 0 1 
vn 0 0 1 
vn 0 0 1 
vn 0 0 1 
vn 0.708661 -0.708661 0 
vn 0 0.88189 0.480315 
vn 0 0.543307 0.84252 
vn 0 0.88189 0.480315 
vn 0 0.543307 0.84252 
vn -1 0 0 
vn 0 0 1 
vn 0 0 1 
vn 0 0 1 
vn 0 0 1 
vn 0 0 1 
vn 0 0 1 
vn 0 0 1 
vn 0 0 1 
vn 0 0 1 
vn 0 0 1 
vn 0 0 1 
vn 0 0 1 
vn 0 0 1 
vn 0 0 1 
vn 0 0 1 
vn 0 0.173228 0.984252 
vn 0 0.173228 0.984252 
vn 0 0.173228 0.984252 
vn 0 0.173228 0.984252 
vn 0 0 1 
vn 0 0 1 
vn 0 0 1 
vn 0 0 1 
vn 0 0 1 
vn 0 0 1 
vn 0 0 1 
vn 0 0 1 
vn 0 0 1 
vn 0 0 1 
vn 0 0 1 
vn 0 0 1 
vn 0 0 1 
vn 0 0 1 
vn 0 0 1 
vn 0 0 1 
vn 0 0 1 
vn 0 0 1 
vn 0 0 1 
vn 0 0 1 
vn 0 0 1 
vn 0 0 1 
vn 0 0 1 
vn 0 0 1 
vn 0 0 1 
vn 0 0 1 
vn 0 0 1 
vn 0 0 1 
vn 0 0 1 
vn 0 0 1 
vn 0 -0.125984 0.992126 
vn 0 -0.125984 0.992126 
vn 0 0 -1 
vn 0 0 -1 
vn 0 0 -1 
vn 0 0 -1 
vn 0 0 -1 
vn -0.779528 0 -0.629921 
vn 0 0 1 
vn 0 0 1 
vn 0 0 1 
vn 0 0 -1 
vn 0 0 -1 
vn 0 0 -1 
vn 0 0 -1 
vn 0 0.251969 0.968504 
vn 0 0.251969 0.968504 
vn 0 0.251969 0.968504 
vn 0 0 1 
vn 0 0 1 
vn 0 0 1 
vn 0 0 1 
vn 0 0 1 
vn 0 0.708661 -0.708661 
vn 0 1 0 
vn 0 1 0 
vn 0 0.708661 -0.708661 
vn 0 -0.708661 0.708661 
vn 0 0.708661 0.708661 
vn 0 0.708661 0.708661 
vn 0 1 0 
vn 0 1 0 
vn 0 0.708661 -0.708661 
vn 0 1 0 
vn 0 1 0 
vn 0 0.708661 -0.708661 
vn 0 -0.708661 0.708661 
vn 0 0.708661 0.708661 
vn 0 0.708661 0.708661 
vn 0 1 0 
vn 0 1 0 
vn 0 0.708661 0.708661 
vn 0 0.708661 0.708661 
vn 0 0 -1 
vn 0 0 -1 
vn 0 0 -1 
vn 0 0 -1 
vn 0 0 -1 
vn 0 0 -1 
vn 0 0 -1 
vn 0 0 -1 
vn 0 0.708661 0.708661 
vn 0 0.708661 0.708661 
vn 0 0.84252 0.543307 
vn 0 0.84252 0.543307 
vn -0.708661 -0.708661 0 
vn 0.708661 0.708661 0 
vn 0.708661 0.708661 0 
vn 0 1 0 
vn 0 1 0 
vn -0.708661 0.708661 0 
vn -0.708661 0.708661 0 
vn 0.708661 0.708661 0 
vn 0.708661 0.708661 0 
vn 0 1 0 
vn 0 1 0 
vn -0.708661 0.708661 0 
vn -0.708661 0.708661 0 
vn 0 1 0 
vn 0 1 0 
vn 0 1 0 
vn 0 1 0 
vn 0.992126 -0.0866142 0 
vn -0.992126 -0.0866142 0 
vn 0 -0.88189 0.480315 
vn 0 -0.543307 -0.84252 
vn 0 -0.543307 -0.84252 
vn 0.874016 0.488189 0 
vn 0.874016 0.488189 0 
vn 0.275591 0.96063 0 
vn 0.275591 0.96063 0 
vn -0.874016 0.488189 0 
vn -0.874016 0.488189 0 
vn -0.275591 0.96063 0 
vn -0.275591 0.96063 0 
vn 1 0 0 
vn 1 0 0 
vn -1 0 0 
vn -1 0 0 
vn -1 0 0 
vn 1 0 0 
vn -1 0 0 
vn -0.551181 0.551181 -0.629921 
vn -0.708661 0.708661 0 
vn 0 0.779528 -0.629921 
vn 0 1 0 
vn 0.551181 0.551181 -0.629921 
vn 0.708661 0.708661 0 
vn 0.708661 0.708661 0 
vn 0 1 0 
vn 0.708661 0.708661 0 
vn 0 1 0 
vn -0.708661 0.708661 0 
vn -0.708661 0.708661 0 
vn -1 0 0 
vn -1 0 0 
vn 1 0 0 
vn 1 0 0 
vn 0 1 0 
vn 0 1 0 
vn 0 0.96063 0.283465 
vn 0 0.96063 0.283465 
vn 0 0.96063 -0.283465 
vn 0 0.96063 -0.283465 
vn -0.275591 0.96063 0 
vn 0.275591 0.96063 0 
vn 0.275591 0.96063 0 
vn -0.275591 0.96063 0 
vn -0.984252 0.165354 0 
vn -0.984252 0.165354 0 
vn 0.377953 0.929134 0 
vn 0.377953 0.929134 0 
vn 0.188976 0.984252 0 
vn 0.188976 0.984252 0 
vn -0.188976 0.984252 0 
vn -0.188976 0.984252 0 
vn -0.377953 0.929134 0 
vn -0.377953 0.929134 0 
vn -1 0 0 
vn 1 0 0 
vn 1 0 0 
vn 0.984252 0.165354 0 
vn 0.984252 0.165354 0 
vn 0 0.968504 0.23622 
vn 0 1 0 
vn 0 1 0 
vn 0 0.968504 0.23622 
vn 0 0.968504 -0.23622 
vn 0 0.968504 -0.23622 
vn -0.80315 -0.598425 0 
vn 0.80315 -0.598425 0 
vn 0.708661 0.708661 0 
vn 0 1 0 
vn 0.708661 0.708661 0 
vn 0 1 0 
vn -0.708661 0.708661 0 
vn -0.708661 0.708661 0 
vn -0.708661 -0.708661 0 
vn -0.937008 -0.346457 0 
vn 1 0 0 
vn 0.566929 0.818898 0 
vn 1 0 0 
vn 0.566929 0.818898 0 
vn 0.566929 0.818898 0 
vn 0 1 0 
vn 0 1 0 
vn -0.566929 0.818898 0 
vn -0.566929 0.818898 0 
vn 0 1 0 
vn 0 1 0 
vn 0 1 0 
vn 0 1 0 
vn 0 0.88189 -0.480315 
vn 0 0.88189 -0.480315 
vn 0 0.88189 0.480315 
vn 0 0.88189 0.480315 
vn -1 0 0 
vn 0.708661 0.708661 0 
vn 0.708661 0.708661 0 
vn 0 1 0 
vn 0 1 0 
vn -0.708661 0.708661 0 
vn -0.708661 0.708661 0 
vn 0 1 0 
vn -0.125984 0.992126 0 
vn 0 1 0 
vn -0.125984 0.992126 0 
vn 0.125984 0.992126 0 
vn 0.125984 0.992126 0 
vn 0 0.708661 -0.708661 
vn 0 0.708661 -0.708661 
vn 0 0.708661 0.708661 
vn 0 0.708661 0.708661 
vn -1 0 0 
vn 0.708661 -0.708661 0 
vn 0.708661 0.708661 0 
vn 0.708661 0.708661 0 
vn 0 1 0 
vn 0 1 0 
vn -0.708661 0.708661 0 
vn -0.708661 0.708661 0 
vn 0.708661 0.708661 0 
vn 0.708661 0.708661 0 
vn 0 1 0 
vn 0 1 0 
vn -0.708661 0.708661 0 
vn -0.708661 0.708661 0 
vn 0 0.708661 -0.708661 
vn 0 0.708661 -0.708661 
vn 0 0.708661 0.708661 
vn 0 0.708661 0.708661 
vn 0 0.84252 -0.543307 
vn 0 0.84252 -0.543307 
vn 0 0.84252 0.543307 
vn 0 0.84252 0.543307 
vn 0 -0.0629921 1 
vn 0 -0.125984 0.992126 
vn 0 0.0629921 1 
vn 0 0.125984 0.992126 
vn 0 0 -1 
vn 0 0 -1 
vn 0 0 -1 
vn 0 0 -1 
vn 0 0 1 
vn 0 0 1 
vn 0 0 1 
vn 0 0 -1 
vn 0 0 -1 
vn 0 0 -1 
vn 0 0 -1 
vn 0 0 -1 
vn 0 0 1 
vn 0 0 1 
vn 0 0 1 
vn 0 0 1 
vn 0 0 1 
vn 0 0 1 
vn 0 1 0 
vn 0 0.708661 -0.708661 
vn 0 -0.708661 -0.708661 
vn 0 -0.708661 0.708661 
vn 0 -0.708661 0.708661 
vn 0 0.708661 -0.708661 
vn 0 -0.708661 0.708661 
vn 0 0.708661 0.708661 
vn 0 0.708661 0.708661 
vn 0 -0.708661 0.708661 
vn 0 0 -1 
vn 0 0 -1 
vn 0 0 -1 
vn 0 0 -1 
vn 0 0 -1 
vn 0 0 -1 
vn 0 0 -1 
vn 0 0.708661 0.708661 
vn 0 -0.708661 0.708661 
vn 0 -1 0 
vn 0 -0.417323 0.913386 
vn 0 -0.84252 0.543307 
vn 0 0.84252 0.543307 
vn -0.850394 -0.519685 0 
vn -0.125984 -0.992126 0 
vn -0.125984 -0.992126 0 
vn -0.228346 -0.976378 0 
vn -0.708661 -0.708661 0 
vn -0.708661 -0.708661 0 
vn -1 0 0 
vn -1 0 0 
vn 0.708661 0.708661 0 
vn -0.708661 0.708661 0 
vn -0.708661 0.708661 0 
vn -1 0 0 
vn -1 0 0 
vn -0.708661 0.708661 0 
vn -0.708661 0.708661 0 
vn -1 0 0 
vn -1 0 0 
vn -0.708661 -0.708661 0 
vn -0.708661 -0.708661 0 
vn -0.889764 -0.456693 0 
vn -0.889764 -0.456693 0 
vn -0.889764 -0.456693 0 
vn -0.889764 -0.456693 0 
vn 0 1 0 
vn -0.850394 -0.519685 0 
vn -0.850394 -0.519685 0 
vn -0.850394 -0.519685 0 
vn -0.850394 -0.519685 0 
vn -1 -0.0472441 0 
vn -0.992126 -0.0866142 0 
vn -1 -0.0472441 0 
vn -0.992126 -0.0866142 0 
vn -1 0.0472441 0 
vn -1 -0.0472441 0 
vn -1 0.0472441 0 
vn -0.992126 0.0866142 0 
vn -1 0.0472441 0 
vn -0.992126 0.0866142 0 
vn 0 -0.88189 0.480315 
vn 0 -0.88189 -0.480315 
vn 0 -0.543307 -0.84252 
vn 0 -0.84252 -0.543307 
vn 0 -0.417323 -0.913386 
vn -0.874016 0.488189 0 
vn -0.874016 0.488189 0 
vn -1 0 0 
vn -1 0 0 
vn -0.850394 -0.519685 0 
vn -1 0 0 
vn -0.850394 -0.519685 0 
vn -1 0 0 
vn -1 0 0 
vn -1 0 0 
vn -1 0 0 
vn -1 0 0 
vn -1 0 0 
vn -1 0 0 
vn -1 0 0 
vn -1 0 0 
vn -1 0 0 
vn -1 0 0 
vn -1 0 0 
vn -1 0 0 
vn -0.551181 -0.551181 -0.629921 
vn -0.708661 -0.708661 0 
vn -0.779528 0 -0.629921 
vn -1 0 0 
vn -0.551181 0.551181 -0.629921 
vn -0.708661 0.708661 0 
vn -0.708661 0.708661 0 
vn -0.708661 0.708661 0 
vn -1 0 0 
vn -1 0 0 
vn -0.708661 -0.708661 0 
vn -0.708661 -0.708661 0 
vn -1 0 0 
vn -1 0 0 
vn -1 0 0 
vn -1 0 0 
vn -1 0 0 
vn -1 0 0 
vn -0.984252 -0.165354 0 
vn -0.984252 -0.165354 0 
vn -0.984252 0.165354 0 
vn -0.984252 0.165354 0 
vn -1 0 0 
vn -1 0 0 
vn -1 0 0 
vn -1 0 0 
vn -1 0 0 
vn -1 0 0 
vn -1 0 0 
vn -1 0 0 
vn -0.377953 0.929134 0 
vn -0.944882 0.322835 0 
vn -0.944882 0.322835 0 
vn -0.944882 0.322835 0 
vn -0.944882 0.322835 0 
vn -1 0 0 
vn -1 0 0 
vn -1 0 0 
vn -1 0 0 
vn 0 1 0 
vn -0.80315 -0.598425 0 
vn -0.80315 -0.598425 0 
vn -0.80315 -0.598425 0 
vn -0.80315 -0.598425 0 
vn 0.80315 -0.598425 0 
vn -1 0 0 
vn -1 0 0 
vn -1 0 0 
vn -1 0 0 
vn -1 0 0 
vn -1 0 0 
vn 0 1 0 
vn -0.708661 0.708661 0 
vn -0.708661 0.708661 0 
vn -1 0 0 
vn -1 0 0 
vn -0.708661 -0.708661 0 
vn -0.708661 -0.708661 0 
vn -0.937008 -0.346457 0 
vn -0.937008 -0.346457 0 
vn -1 0 0 
vn -1 0 0 
vn -0.937008 0.346457 0 
vn -0.937008 0.346457 0 
vn -1 0 0 
vn -1 0 0 
vn -1 0 0 
vn -1 0 0 
vn -1 0 0 
vn -1 0 0 
vn -0.984252 0.173228 0 
vn -0.984252 0.173228 0 
vn -0.984252 0.173228 0 
vn -0.984252 0.173228 0 
vn -0.80315 0.598425 0 
vn -0.80315 0.598425 0 
vn -0.566929 0.818898 0 
vn -0.566929 0.818898 0 
vn -1 0 0 
vn -1 0 0 
vn -1 0 0 
vn -1 0 0 
vn -1 0 0 
vn -1 0 0 
vn 1 0 0 
vn -1 0 0 
vn -1 0 0 
vn -1 0 0 
vn -1 0 0 
vn -0.708661 -0.708661 0 
vn -0.708661 -0.708661 0 
vn -1 0 0 
vn -1 0 0 
vn -0.708661 0.708661 0 
vn -0.708661 0.708661 0 
vn -1 0 0 
vn -1 0 0 
vn -1 0 0 
vn -1 0 0 
vn -1 0 0 
vn -1 0 0 
vn -1 0 0 
vn -1 0 0 
vn -1 0 0 
vn -1 0 0 
vn -0.708661 -0.708661 0 
vn -0.708661 -0.708661 0 
vn -1 0 0 
vn -1 0 0 
vn 0.708661 -0.708661 0 
vn -0.708661 0.708661 0 
vn -0.708661 0.708661 0 
vn -1 0 0 
vn -1 0 0 
vn -0.708661 0.708661 0 
vn -0.708661 0.708661 0 
vn -1 0 0 
vn -1 0 0 
vn -0.708661 -0.708661 0 
vn -0.708661 -0.708661 0 
vn 0 -0.125984 0.992126 
vn 0 -0.125984 0.992126 
vn 0 0.125984 0.992126 
vn 0 0 -1 
vn 0 0 -1 
vn 0 0 -1 
vn 0 0 -1 
vn 0 0 -1 
vn 0 0 -1 
vn 0 0 -1 
vn 0 0 -1 
vn 0 0 -1 
vn 0 0 -1 
vn 0 0 -1 
vn 0 0 -1 
vn 0 0 -1 
vn 0 0 -1 
vn 0 0 -1 
vn 0 0 -1 
vn 0 0 -1 
vn 0 0 -1 
vn -0.551181 0.551181 -0.629921 
vn 0.551181 0.551181 -0.629921 
vn -0.779528 0 -0.629921 
vn 0 0.779528 -0.629921 
vn 0.779528 0 -0.629921 
vn -0.551181 -0.551181 -0.629921 
vn 0.551181 -0.551181 -0.629921 
vn 0 -0.779528 -0.629921 
vn 0 0 1 
vn 0 0 1 
vn 0 0 1 
vn 0 0 -1 
vn 0 0 -1 
vn 0 0 -1 
vn 0 0 -1 
vn 0 0 -1 
vn 0 0 -1 
vn 0 0 -1 
vn 0 0 -1 
vn 0 0 -1 
vn 0 0 -1 
vn 0 0 -1 
vn 0 0 -1 
vn 0 0 -1 
vn 0 0 -1 
vn 0 0 -1 
vn 0 0 -1 
vn 0 0 -1 
vn 0 0 -1 
vn 0 0 -1 
vn 0 0.251969 0.968504 
vn 0 0 1 
vn 0 0 1 
vn 0 0 1 
vn 0 0 1 
vn 0 0.708661 -0.708661 
vn 0 0.708661 -0.708661 
vn 0 0 -1 
vn 0 0 -1 
vn 0 -0.708661 -0.708661 
vn 0 -0.708661 -0.708661 
vn 0 0.708661 -0.708661 
vn 0 1 0 
vn 0 0.708661 -0.708661 
vn 0 0 -1 
vn 0 0 -1 
vn 0 -0.708661 -0.708661 
vn 0 -0.708661 -0.708661 
vn 0 -1 0 
vn 0 0.708661 0.708661 
vn 0 0.708661 0.708661 
vn 0 0 -1 
vn 0 0 -1 
vn 0 0 -1 
vn 0 0 -1 
vn 0 0 -1 
vn 0 0 -1 
vn 0 0 -1 
vn 0 0 -1 
vn 0 0 -1 
vn 0 0 -1 
vn 0 0 -1 
vn 0 0 -1 
vn 0 0 -1 
vn 0 0 -1 
vn 0 0 -1 
vn 0 0 -1 
vn 0 0 -1 
vn 0 0 -1 
vn 0 0 -1 
vn 0 0 -1 
vn 0 0 -1 
vn 0 0 -1 
vn 0 0 -1 
vn 0 0 -1 
vn 0 0 -1 
vn 0 0 -1 
vn 0 0.173228 -0.984252 
vn 0 0.173228 -0.984252 
vn 0 0.173228 -0.984252 
vn 0 0.173228 -0.984252 
vn 0 0 -1 
vn 0 0 -1 
vn 0 0 -1 
vn 0 0 -1 
vn 0 0 -1 
vn 0 0 -1 
vn 0 0 -1 
vn 0 0 -1 
vn 0 0 -1 
vn 0 0 -1 
vn 0 0 -1 
vn 0 0 -1 
vn 0 -1 0 
vn 0 -1 0 
vn 0.23622 -0.968504 0 
vn 0.850394 -0.519685 0 
vn -0.850394 -0.519685 0 
vn -0.708661 -0.708661 0 
vn 1 0 0 
vn 0.708661 0.708661 0 
vn 0 -1 0 
vn -0.889764 -0.456693 0 
vn 0.889764 -0.456693 0 
vn 0 1 0 
vn 0.992126 -0.0866142 0 
vn 1 -0.0472441 0 
vn 1 0.0472441 0 
vn -0.992126 -0.0866142 0 
vn -1 -0.0472441 0 
vn -1 0.0472441 0 
vn 0 -0.88189 -0.480315 
vn 0 -0.88189 -0.480315 
vn 0 -0.543307 -0.84252 
vn 0 -0.543307 -0.84252 
vn 0.874016 0.488189 0 
vn 0.275591 0.96063 0 
vn 0 -0.84252 -0.543307 
vn 0 -0.84252 -0.543307 
vn 0 -0.417323 -0.913386 
vn 0 -0.417323 -0.913386 
vn -0.874016 0.488189 0 
vn -0.275591 0.96063 0 
vn 1 0 0 
vn 1 0 0 
vn -1 0 0 
vn 1 0 0 
vn -1 0 0 
vn -1 0 0 
vn -1 0 0 
vn 1 0 0 
vn 1 0 0 
vn 0.377953 0.929134 0 
vn -0.377953 0.929134 0 
vn -1 0 0 
vn -1 0 0 
vn 1 0 0 
vn 1 0 0 
vn 0 1 0 
vn 0 1 0 
vn 0.80315 -0.598425 0 
vn 0.708661 0.708661 0 
vn 0 1 0 
vn -0.708661 0.708661 0 
vn -0.708661 0.708661 0 
vn -0.708661 -0.708661 0 
vn 1 0 0 
vn 0.984252 0.173228 0 
vn 1 0 0 
vn 0 0.543307 -0.84252 
vn 0 0.543307 -0.84252 
vn 0 0.88189 -0.480315 
vn 0 0.88189 -0.480315 
vn -1 0 0 
vn 0 -0.708661 -0.708661 
vn 0 -0.708661 -0.708661 
vn 0 0.708661 -0.708661 
vn 0 0.708661 -0.708661 
vn 0.708661 -0.708661 0 
vn -1 0 0 
vn 0 -0.708661 -0.708661 
vn 0 -0.708661 -0.708661 
vn 0 0.708661 -0.708661 
vn 0 0.708661 -0.708661 
vn 0 0.417323 -0.913386 
vn 0 0.417323 -0.913386 
vn 0 0.84252 -0.543307 
vn 0 0.84252 -0.543307 
vn 0 0.251969 -0.968504 
vn 0 0.251969 -0.968504 
vn 0 0.251969 -0.968504 
vn 0 0.251969 -0.968504 
vn 0 0 -1 
vn 0 0 -1 
vn 0 0 -1 
vn 0 0 -1 
vn 0 0 -1 
vn 0 0 -1 
vn 0 0 -1 
vn 0 0 -1 
vn 0 0 -1 
vn 0 0 -1 
vn 0 0 -1 
vn 0 0 -1 
vn 0 0 -1 
vn 0 0 -1 
vn 0 0 -1 
vn 0 0 -1 
vn 0 0 -1 
vn 0 0 -1 
vn 0 0 -1 
vn 0 0 -1 
vn 0 0 -1 
vn 0 0 -1 
vn 0 0 -1 
vn 0 0 -1 
vn 0 0 -1 
vn 0 0 -1 
vn 0 0 -1 
vn 0 0 -1 
vn 0 0 -1 
vn 0 0 -1 
vn 0 0 -1 
vn 0 0 -1 
vn 0 0 -1 
vn 0 0 -1 
vn 0 0 -1 
vn 0 0 -1 
vn 0 0 -1 
vn 0 0 -1 
vn 0 0 -1 
vn 0 0 -1 
vn 0 0 -1 
vn 0 0 -1 
vn 0 0 -1 
vn 0 0 -1 
vn 0 0 -1 
vn 0 0 -1 
vn 0 0.125984 0.992126 
vn 0 0.125984 0.992126 
vn 0 0 -1 
vn 0 0 -1 
vn 0 0 -1 
vn 0 0 -1 
vn 0 0 -1 
vn -0.779528 0 -0.629921 
vn 0 0 1 
vn 0 0 1 
vn 0 0 1 
vn 0 0 -1 
vn 0 0 -1 
vn 0 0.251969 0.968504 
vn 0 0.251969 0.968504 
vn 0 0.251969 0.968504 
vn 0 0 1 
vn 0 0 1 
vn 0 0 1 
vn 0 0 1 
vn 0 0 1 
vn 0 -0.708661 -0.708661 
vn 0 -0.708661 -0.708661 
vn 0 -1 0 
vn 0 -1 0 
vn 0 -0.708661 0.708661 
vn 0 -0.708661 0.708661 
vn 0 -0.708661 -0.708661 
vn 0 -0.708661 -0.708661 
vn 0 -1 0 
vn 0 -1 0 
vn 0 -0.708661 0.708661 
vn 0 -0.708661 0.708661 
vn 0 0.708661 0.708661 
vn 0 0.708661 0.708661 
vn 0 -0.708661 0.708661 
vn 0 -0.708661 0.708661 
vn 0 0 -1 
vn 0 0 -1 
vn 0 0 -1 
vn 0 0 -1 
vn 0 0 -1 
vn 0 -0.708661 0.708661 
vn 0 -0.708661 0.708661 
vn 0 -1 0 
vn 0 -1 0 
vn 0 -1 0 
vn 0 -1 0 
vn 0 -0.84252 0.543307 
vn 0 -0.84252 0.543307 
vn 0 0.84252 0.543307 
vn 0 0.84252 0.543307 
vn -0.23622 -0.968504 0 
vn 0.23622 -0.968504 0 
vn 0.23622 -0.968504 0 
vn 0.850394 -0.519685 0 
vn 0.850394 -0.519685 0 
vn -0.23622 -0.968504 0 
vn -0.850394 -0.519685 0 
vn -0.850394 -0.519685 0 
vn 0 -1 0 
vn 0 -1 0 
vn 0.125984 -0.992126 0 
vn 0.125984 -0.992126 0 
vn -0.125984 -0.992126 0 
vn -0.125984 -0.992126 0 
vn 0.228346 -0.976378 0 
vn 0.228346 -0.976378 0 
vn 0.11811 -0.992126 0 
vn 0.11811 -0.992126 0 
vn -0.11811 -0.992126 0 
vn -0.11811 -0.992126 0 
vn -0.228346 -0.976378 0 
vn -0.228346 -0.976378 0 
vn -0.708661 -0.708661 0 
vn -0.708661 -0.708661 0 
vn 0 -1 0 
vn 0 -1 0 
vn 0.708661 -0.708661 0 
vn 0.708661 -0.708661 0 
vn 0.708661 0.708661 0 
vn 0 1 0 
vn -0.708661 0.708661 0 
vn -0.708661 -0.708661 0 
vn -0.708661 -0.708661 0 
vn 0 -1 0 
vn 0 -1 0 
vn 0.708661 -0.708661 0 
vn 0.708661 -0.708661 0 
vn -0.889764 -0.456693 0 
vn 0.850394 -0.519685 0 
vn 0 -0.88189 -0.480315 
vn 0 -0.88189 0.480315 
vn 0 -0.88189 0.480315 
vn 0 -0.88189 -0.480315 
vn 0 -0.543307 -0.84252 
vn 0 -0.543307 -0.84252 
vn 0.275591 0.96063 0 
vn 0 -0.84252 0.543307 
vn 0 -0.84252 0.543307 
vn 0 -0.84252 -0.543307 
vn 0 -0.84252 -0.543307 
vn -0.275591 0.96063 0 
vn 1 0 0 
vn -1 0 0 
vn -1 0 0 
vn -1 0 0 
vn 0.551181 -0.551181 -0.629921 
vn 0.708661 -0.708661 0 
vn 0 -0.779528 -0.629921 
vn 0 -1 0 
vn -0.551181 -0.551181 -0.629921 
vn -0.708661 -0.708661 0 
vn 0.708661 -0.708661 0 
vn -1 0 0 
vn 0.708661 -0.708661 0 
vn 0 -1 0 
vn -0.708661 -0.708661 0 
vn 0 -1 0 
vn -0.708661 -0.708661 0 
vn -1 0 0 
vn 1 0 0 
vn 0.377953 0.929134 0 
vn -0.377953 0.929134 0 
vn -1 0 0 
vn -1 0 0 
vn 1 0 0 
vn 0 1 0 
vn -0.708661 0.708661 0 
vn 0.708661 -0.708661 0 
vn -1 0 0 
vn 0.708661 -0.708661 0 
vn 0 -1 0 
vn -0.708661 -0.708661 0 
vn 0 -1 0 
vn -0.708661 -0.708661 0 
vn 1 0 0 
vn 1 0 0 
vn 0 -1 0 
vn 0 -1 0 
vn 0 -0.992126 -0.141732 
vn 0 -0.992126 -0.141732 
vn 0 -0.992126 0.141732 
vn 0 -0.992126 0.141732 
vn -0.708661 -0.708661 0 
vn -0.708661 -0.708661 0 
vn -1 0 0 
vn 0 -1 0 
vn 0 -1 0 
vn 0.708661 -0.708661 0 
vn 0.708661 -0.708661 0 
vn 0 -0.708661 -0.708661 
vn 0 -0.708661 -0.708661 
vn 0 -0.708661 0.708661 
vn 0 -0.708661 0.708661 
vn -0.708661 -0.708661 0 
vn -0.708661 -0.708661 0 
vn -1 0 0 
vn 0 -1 0 
vn 0 -1 0 
vn 0.708661 -0.708661 0 
vn 0.708661 -0.708661 0 
vn -0.708661 -0.708661 0 
vn -0.708661 -0.708661 0 
vn 0 -1 0 
vn 0 -1 0 
vn 0.708661 -0.708661 0 
vn 0.708661 -0.708661 0 
vn 0 -0.708661 -0.708661 
vn 0 -0.708661 -0.708661 
vn 0 -0.708661 0.708661 
vn 0 -0.708661 0.708661 
vn 0 -0.125984 0.992126 
vn 0 -0.0629921 1 
vn 0 0.0629921 1 
vn 0 0.125984 0.992126 
vn 0 0 -1 
vn 0 0 -1 
vn 0 0 -1 
vn 0 0 -1 
vn 0 0 1 
vn 0 0 1 
vn 0 0 1 
vn 0 0 -1 
vn 0 0 -1 
vn 0 0 -1 
vn 0 0 -1 
vn 0 0 -1 
vn 0 0 1 
vn 0 0 1 
vn 0 0 1 
vn 0 0 1 
vn 0 0 1 
vn 0 0 1 
vn 0 0 1 
vn 0 -0.708661 0.708661 
vn 0 0.708661 -0.708661 
vn 0 -0.708661 0.708661 
vn 0 0.708661 0.708661 
vn 0 0.708661 0.708661 
vn 0 -0.708661 0.708661 
vn 0 0 -1 
vn 0 0 -1 
vn 0 0 -1 
vn 0 0 -1 
vn 0 0 -1 
vn 0 0 -1 
vn 0 0 -1 
vn 0 0 -1 
vn 0 0 -1 
vn 0 0.708661 0.708661 
vn 0 -0.708661 0.708661 
vn 0 -1 0 
vn 0 -0.84252 0.543307 
vn 0 -0.417323 0.913386 
vn 0 0.84252 0.543307 
vn 0.850394 -0.519685 0 
vn 0.125984 -0.992126 0 
vn 0.125984 -0.992126 0 
vn 0.228346 -0.976378 0 
vn -0.708661 -0.708661 0 
vn 0.708661 -0.708661 0 
vn 0.708661 -0.708661 0 
vn 1 0 0 
vn 1 0 0 
vn 0.708661 0.708661 0 
vn 0.708661 0.708661 0 
vn 0 1 0 
vn -0.708661 0.708661 0 
vn 1 0 0 
vn 1 0 0 
vn 0.708661 0.708661 0 
vn 0.708661 0.708661 0 
vn 0.708661 -0.708661 0 
vn 0.708661 -0.708661 0 
vn 1 0 0 
vn 1 0 0 
vn -0.889764 -0.456693 0 
vn 0.889764 -0.456693 0 
vn 0.889764 -0.456693 0 
vn 0.889764 -0.456693 0 
vn 0.889764 -0.456693 0 
vn 0 1 0 
vn 0.850394 -0.519685 0 
vn 0.850394 -0.519685 0 
vn 0.850394 -0.519685 0 
vn 0.850394 -0.519685 0 
vn 0.992126 -0.0866142 0 
vn 1 -0.0472441 0 
vn 0.992126 -0.0866142 0 
vn 1 -0.0472441 0 
vn 1 -0.0472441 0 
vn 1 0.0472441 0 
vn 1 0.0472441 0 
vn 1 0.0472441 0 
vn 0.992126 0.0866142 0 
vn 0.992126 0.0866142 0 
vn 0 -0.88189 -0.480315 
vn 0 -0.88189 0.480315 
vn 0 -0.543307 -0.84252 
vn 0.874016 0.488189 0 
vn 1 0 0 
vn 0.874016 0.488189 0 
vn 1 0 0 
vn 0 -0.84252 -0.543307 
vn 0 -0.417323 -0.913386 
vn 1 0 0 
vn 1 0 0 
vn 0.850394 -0.519685 0 
vn 0.850394 -0.519685 0 
vn 0.984252 -0.165354 0 
vn 0.984252 -0.165354 0 
vn 1 0 0 
vn 1 0 0 
vn 1 0 0 
vn 1 0 0 
vn 1 0 0 
vn 1 0 0 
vn 1 0 0 
vn 1 0 0 
vn 1 0 0 
vn 1 0 0 
vn 1 0 0 
vn 1 0 0 
vn 1 0 0 
vn 1 0 0 
vn 0.551181 -0.551181 -0.629921 
vn 1 0 0 
vn 0.708661 -0.708661 0 
vn 0.779528 0 -0.629921 
vn 0.551181 0.551181 -0.629921 
vn 0.708661 0.708661 0 
vn 0.779528 0 -0.629921 
vn 1 0 0 
vn 0.708661 0.708661 0 
vn 0.708661 0.708661 0 
vn 1 0 0 
vn 1 0 0 
vn 0.708661 -0.708661 0 
vn 0.708661 -0.708661 0 
vn 1 0 0 
vn 1 0 0 
vn 1 0 0 
vn 1 0 0 
vn 1 0 0 
vn 1 0 0 
vn 1 0 0 
vn 1 0 0 
vn 1 0 0 
vn 1 0 0 
vn 1 0 0 
vn 1 0 0 
vn 0.377953 0.929134 0 
vn -0.377953 0.929134 0 
vn 0.944882 0.322835 0 
vn 0.944882 0.322835 0 
vn 0.944882 0.322835 0 
vn 0.944882 0.322835 0 
vn 1 0 0 
vn 1 0 0 
vn 1 0 0 
vn 1 0 0 
vn 1 0 0 
vn 1 0 0 
vn 0.984252 0.165354 0 
vn 0.984252 0.165354 0 
vn 0 1 0 
vn 0.80315 -0.598425 0 
vn 0.80315 -0.598425 0 
vn 0.80315 -0.598425 0 
vn 0.80315 -0.598425 0 
vn 1 0 0 
vn 1 0 0 
vn 1 0 0 
vn 1 0 0 
vn 1 0 0 
vn 1 0 0 
vn 0.708661 0.708661 0 
vn 0.708661 0.708661 0 
vn 0 1 0 
vn 1 0 0 
vn 1 0 0 
vn -0.708661 0.708661 0 
vn 0.708661 -0.708661 0 
vn 0.708661 -0.708661 0 
vn -0.708661 -0.708661 0 
vn 0.937008 -0.346457 0 
vn 1 0 0 
vn 0.937008 -0.346457 0 
vn 1 0 0 
vn 0.937008 0.346457 0 
vn 0.937008 0.346457 0 
vn 1 0 0 
vn 1 0 0 
vn 1 0 0 
vn 1 0 0 
vn 1 0 0 
vn 1 0 0 
vn 0.984252 0.173228 0 
vn 0.984252 0.173228 0 
vn 0.984252 0.173228 0 
vn 0.984252 0.173228 0 
vn 0.566929 0.818898 0 
vn 0.566929 0.818898 0 
vn 0.80315 0.598425 0 
vn 0.80315 0.598425 0 
vn 1 0 0 
vn 1 0 0 
vn 1 0 0 
vn 1 0 0 
vn 1 0 0 
vn 1 0 0 
vn 1 0 0 
vn 1 0 0 
vn 1 0 0 
vn 1 0 0 
vn 0.708661 -0.708661 0 
vn 0.708661 -0.708661 0 
vn 1 0 0 
vn 1 0 0 
vn 0.708661 0.708661 0 
vn 0.708661 0.708661 0 
vn 1 0 0 
vn 1 0 0 
vn 1 0 0 
vn 1 0 0 
vn 1 0 0 
vn 1 0 0 
vn 1 0 0 
vn 1 0 0 
vn 0.708661 -0.708661 0 
vn 0.708661 -0.708661 0 
vn 1 0 0 
vn 1 0 0 
vn 0.708661 0.708661 0 
vn 0.708661 0.708661 0 
vn 1 0 0 
vn 1 0 0 
vn 0.708661 0.708661 0 
vn 0.708661 0.708661 0 
vn 0.708661 -0.708661 0 
vn 0.708661 -0.708661 0 
vn 1 0 0 
vn 1 0 0 

vt 20.0505 -24.9487 
vt 19.9548 -25.0072 
vt 20.0452 -25.0072 
vt 19.9495 -24.9487 
vt 19.9548 -25.0656 
vt 20.0452 -25.0072 
vt 20.0452 -25.0656 
vt 19.9495 -25.1241 
vt 20.0505 -25.1241 
vt 19.9548 -25.0656 
vt 20.0337 -24.9256 
vt 19.9567 -24.9891 
vt 20.0433 -24.9891 
vt 20.0433 -24.9316 
vt 19.9663 -24.9256 
vt 19.9567 -24.9316 
vt 20.0433 -24.9891 
vt 19.96 -24.9956 
vt 20.04 -24.9956 
vt 19.9567 -24.9891 
vt 20.04 -24.9956 
vt 20.0286 -25.0415 
vt 20.04 -25.0357 
vt 19.9714 -25.0415 
vt 19.96 -24.9956 
vt 19.96 -25.0357 
vt 20.0211 -24.9262 
vt 19.9789 -24.9262 
vt 20.0211 -24.9401 
vt 19.9789 -24.9401 
vt 19.9845 -24.8823 
vt 19.9824 -24.8978 
vt 19.9876 -24.8854 
vt 20 -24.8803 
vt 19.978 -24.8978 
vt 20 -24.8759 
vt 19.9845 -24.9133 
vt 20.0155 -24.8823 
vt 19.9876 -24.9102 
vt 20.0124 -24.8854 
vt 20 -24.9153 
vt 20.0176 -24.8978 
vt 20 -24.9197 
vt 20.022 -24.8978 
vt 20.0155 -24.9133 
vt 20.0124 -24.9102 
vt 20.0085 -24.9166 
vt 19.9915 -24.9286 
vt 20.0085 -24.9286 
vt 19.9915 -24.9166 
vt 19.9722 -24.9159 
vt 19.9793 -24.9349 
vt 19.9722 -24.9349 
vt 19.9793 -24.9271 
vt 19.9722 -24.9271 
vt 19.9793 -24.9192 
vt 19.9722 -24.9192 
vt 20.0278 -24.9159 
vt 20.0278 -24.9382 
vt 20.0278 -24.9349 
vt 20.0207 -24.9349 
vt 20.0278 -24.9271 
vt 20.0207 -24.9271 
vt 20.0278 -24.9192 
vt 20.0207 -24.9192 
vt 20.0226 -24.9382 
vt 19.9774 -24.9382 
vt 20.0226 -24.9569 
vt 19.9774 -24.9569 
vt 19.9915 -24.9286 
vt 20.0155 -24.8823 
vt 20.0176 -24.8978 
vt 20.022 -24.8978 
vt 19.978 -24.8978 
vt 19.9972 -24.9159 
vt 19.9831 -24.9321 
vt 20.0171 -24.9321 
vt 20.0314 -24.9653 
vt 19.9686 -24.9653 
vt 20.0314 -24.9923 
vt 19.9686 -24.9923 
vt 20.0505 -25.1241 
vt 19.9644 -25.0223 
vt 20.0356 -25.0366 
vt 20.0356 -25.0223 
vt 19.9644 -25.0366 
vt 20.0356 -25.008 
vt 19.9644 -25.008 
vt 20.0356 -25.0223 
vt 19.9644 -25.0223 
vt 20.0286 -25.0415 
vt 20.04 -25.0357 
vt 20.0229 -25.0138 
vt 20.01 -25.0168 
vt 19.9773 -25.0138 
vt 20 -24.8803 
vt 19.9567 -24.9891 
vt 20.0433 -24.9891 
vt 20.0007 -24.904 
vt 20.0276 -25.0061 
vt 19.9495 -24.9487 
vt 20.0379 -24.9923 
vt 19.9621 -24.9923 
vt 19.9663 -24.9256 
vt 20.0379 -24.9673 
vt 19.9686 -24.9653 
vt 19.9686 -24.9923 
vt 20.0314 -24.9923 
vt 20.0314 -24.9653 
vt 20.0171 -24.9321 
vt 19.9831 -24.9321 
vt 20.0098 -24.9311 
vt 19.9902 -24.9311 
vt 19.9882 -24.9743 
vt 20.0118 -24.9743 
vt 20 -24.973 
vt 19.9902 -24.9771 
vt 19.9902 -24.9965 
vt 19.9882 -24.9559 
vt 20.0098 -24.9554 
vt 20.0028 -24.9159 
vt 20.0068 -24.9492 
vt 19.9621 -24.9798 
vt 20.0379 -24.9923 
vt 20.0379 -24.9798 
vt 19.9621 -24.9923 
vt 19.9726 -25.0061 
vt 20.01 -25.0168 
vt 20.0276 -25.0061 
vt 20.0229 -25.0138 
vt 19.9902 -25.0168 
vt 19.9773 -25.0138 
vt 20.0127 -24.9994 
vt 19.9621 -24.9673 
vt 20.0379 -24.9798 
vt 20.0379 -24.9673 
vt 19.9621 -24.9798 
vt 20.0176 -24.8978 
vt 20.0084 -24.9651 
vt 20.0068 -24.981 
vt 20.0118 -24.9743 
vt 20.0068 -24.9492 
vt 20.0118 -24.9559 
vt 20 -24.9472 
vt 19.9916 -24.9651 
vt 19.9932 -24.981 
vt 19.9882 -24.9743 
vt 19.9932 -24.9492 
vt 19.9882 -24.9559 
vt 20.0098 -24.9348 
vt 19.9902 -24.9348 
vt 20.0098 -24.9554 
vt 19.9902 -24.9554 
vt 19.9993 -24.904 
vt 20.0028 -24.9159 
vt 20.0007 -24.904 
vt 19.9972 -24.9159 
vt 20.0085 -24.9163 
vt 19.9915 -24.9286 
vt 20.0085 -24.9286 
vt 19.9915 -24.9163 
vt 19.9915 -24.9428 
vt 20.0085 -24.9428 
vt 19.9845 -24.8823 
vt 19.9824 -24.8978 
vt 19.9876 -24.8854 
vt 20 -24.8803 
vt 19.978 -24.8978 
vt 20 -24.8759 
vt 19.9876 -24.9102 
vt 20.0155 -24.8823 
vt 19.9845 -24.9133 
vt 20.0124 -24.8854 
vt 20 -24.9153 
vt 20.0176 -24.8978 
vt 20 -24.9197 
vt 20.022 -24.8978 
vt 20.0155 -24.9133 
vt 20.0124 -24.9102 
vt 20.0127 -24.9994 
vt 19.9873 -24.9994 
vt 20 -25.0046 
vt 19.9821 -24.9868 
vt 20.0179 -24.9868 
vt 20.0127 -24.9742 
vt 19.9873 -24.9742 
vt 20 -24.9689 
vt 19.5186 -25.0505 
vt 19.5186 -24.9495 
vt 20.4814 -24.9873 
vt 20.4814 -25.0127 
vt 20.4814 -24.9821 
vt 20.4814 -25.0128 
vt 20.4814 -25.0127 
vt 20.4235 -25.0128 
vt 19.7399 -25.0337 
vt 19.7399 -25.0433 
vt 19.7399 -24.9567 
vt 20.2831 -24.9876 
vt 20.2831 -25 
vt 20.2781 -25.0068 
vt 20.2781 -24.9882 
vt 19.7721 -25.0211 
vt 19.7685 -25.0211 
vt 19.7685 -24.9789 
vt 19.781 -25 
vt 19.781 -24.9845 
vt 19.781 -25.0155 
vt 19.781 -25.0085 
vt 19.781 -25.0085 
vt 19.7975 -24.9793 
vt 19.7896 -24.9722 
vt 19.7896 -24.9793 
vt 19.7975 -24.9722 
vt 19.7817 -24.9793 
vt 19.7817 -24.9793 
vt 19.7817 -24.9722 
vt 19.7896 -24.9793 
vt 19.7896 -24.9722 
vt 19.7975 -25.0278 
vt 19.7896 -25.0207 
vt 19.7896 -25.0278 
vt 19.7975 -25.0207 
vt 19.7817 -25.0207 
vt 19.7817 -25.0278 
vt 19.7817 -25.0207 
vt 19.7896 -25.0278 
vt 19.7896 -25.0207 
vt 19.7974 -25.0226 
vt 19.7974 -24.9774 
vt 20.2424 -25.0098 
vt 20.2424 -24.9902 
vt 20.2365 -25.0176 
vt 20.2365 -24.978 
vt 20.2059 -24.9808 
vt 20.2059 -24.9831 
vt 20.2059 -25.0075 
vt 20.2059 -25.0171 
vt 19.85 -25.0314 
vt 19.85 -24.9686 
vt 19.8769 -25.0356 
vt 19.8769 -24.9644 
vt 19.797 -24.9845 
vt 19.797 -25.0155 
vt 19.781 -25.0155 
vt 19.797 -25 
vt 19.781 -25 
vt 19.797 -24.9845 
vt 19.781 -24.9845 
vt 20.2171 -24.9876 
vt 20.2365 -24.9876 
vt 20.2365 -25 
vt 20.2171 -25 
vt 20.2365 -25.0124 
vt 20.2171 -25.0124 
vt 20.226 -25.0007 
vt 20.2274 -25.0007 
vt 20.2274 -24.9993 
vt 20.226 -24.9993 
vt 19.5534 -25.0505 
vt 19.5534 -24.9495 
vt 20.0528 -24.9621 
vt 20.1955 -25.0379 
vt 20.1955 -24.9621 
vt 19.7399 -25.0433 
vt 19.7652 -25.0433 
vt 19.7399 -25.0337 
vt 19.7652 -25.0337 
vt 19.7652 -24.9567 
vt 19.7399 -24.9567 
vt 19.7652 -24.9663 
vt 19.7399 -24.9663 
vt 20.1874 -25.0379 
vt 20.0528 -25.0379 
vt 20.0528 -24.9621 
vt 20.1874 -24.9621 
vt 20.0447 -24.9621 
vt 19.9174 -25.0356 
vt 19.9174 -24.9644 
vt 20.4235 -25.0091 
vt 20.4814 -25.0091 
vt 20.4235 -25 
vt 20.4814 -25 
vt 20.4235 -24.9909 
vt 20.4814 -24.9909 
vt 20.2831 -25.0124 
vt 20.1998 -25 
vt 20.1998 -25.0124 
vt 20.2831 -25 
vt 20.1998 -24.9876 
vt 20.2831 -24.9876 
vt 20.0318 -24.9686 
vt 20.0318 -24.9686 
vt 20.0318 -25.0314 
vt 20.0318 -25.0314 
vt 19.7898 -25.0211 
vt 19.7898 -24.9789 
vt 19.7721 -25.0211 
vt 19.7721 -24.9789 
vt 19.8076 -24.9789 
vt 19.8076 -25.0211 
vt 19.7399 -24.9663 
vt 19.7399 -25.0337 
vt 19.7652 -25.0337 
vt 19.7652 -24.9663 
vt 19.6704 -24.9737 
vt 19.61 -24.9737 
vt 19.7988 -25.0171 
vt 20.2059 -25.0171 
vt 20.2059 -25.0075 
vt 19.7988 -25.0075 
vt 20.2059 -24.9927 
vt 19.7988 -24.9927 
vt 20.2059 -24.9831 
vt 19.7988 -24.9831 
vt 20.1828 -24.9774 
vt 20.1828 -25.0226 
vt 20.1828 -25.0226 
vt 19.61 -25.0263 
vt 19.6704 -25.0263 
vt 20.2117 -25.0098 
vt 20.2271 -25.0098 
vt 20.2271 -24.9902 
vt 20.2117 -24.9902 
vt 20.2424 -24.9902 
vt 20.2424 -25.0098 
vt 20.2013 -24.9882 
vt 20.2013 -25.0118 
vt 20.418 -25.0098 
vt 20.2774 -25 
vt 20.2774 -25.0098 
vt 20.418 -25 
vt 20.2774 -24.9902 
vt 20.418 -24.9902 
vt 20.418 -24.9902 
vt 20.2013 -24.9882 
vt 20.2117 -25.0098 
vt 20.2013 -25.0068 
vt 19.797 -25.0085 
vt 20.2013 -25.0068 
vt 20.2781 -25.0068 
vt 20.2781 -25 
vt 20.2013 -25 
vt 20.2781 -24.9932 
vt 20.2013 -24.9932 
vt 19.5186 -24.9495 
vt 19.5186 -25.0505 
vt 19.5534 -25.0505 
vt 19.5534 -24.9495 
vt 20.1874 -25.0379 
vt 20.1874 -24.9621 
vt 20.0528 -25.0379 
vt 20.0528 -24.9621 
vt 20.2171 -24.978 
vt 20.2365 -25.0155 
vt 20.2171 -25.0155 
vt 20.2365 -25 
vt 20.2171 -25 
vt 20.2365 -24.9845 
vt 20.2171 -24.9845 
vt 19.6704 -25 
vt 19.61 -24.9737 
vt 19.61 -25 
vt 19.6704 -24.9737 
vt 19.6704 -25.0263 
vt 19.61 -25.0263 
vt 20.1828 -25.0226 
vt 20.1828 -24.9774 
vt 19.7974 -25.0226 
vt 19.7974 -24.9774 
vt 20.4156 -24.9821 
vt 20.4156 -25.0127 
vt 20.4814 -25.0127 
vt 20.4156 -25.0127 
vt 20.4814 -25 
vt 20.4156 -25 
vt 20.4814 -24.9873 
vt 20.4156 -24.9873 
vt 19.781 -24.9876 
vt 19.797 -24.9876 
vt 19.797 -25 
vt 19.781 -25 
vt 19.797 -25.0124 
vt 19.781 -25.0124 
vt 20.0318 -25.0314 
vt 20.0318 -24.9686 
vt 19.85 -25.0314 
vt 19.85 -24.9686 
vt 19.9174 -25.0356 
vt 19.9174 -24.9644 
vt 19.8769 -25.0356 
vt 19.8769 -24.9644 
vt 20.474 -25.0072 
vt 20.4814 -24.9487 
vt 20.474 -25.0656 
vt 20.4814 -25.1241 
vt 19.5186 -24.9742 
vt 19.5186 -24.9742 
vt 19.5186 -24.9868 
vt 19.5186 -24.9994 
vt 20.2601 -24.9891 
vt 20.2601 -24.9316 
vt 20.2601 -25.0357 
vt 19.7169 -24.9992 
vt 19.7169 -24.9744 
vt 19.7219 -24.981 
vt 19.7219 -24.9472 
vt 19.7219 -24.9559 
vt 20.219 -24.8978 
vt 20.219 -24.8759 
vt 20.219 -24.9133 
vt 20.219 -24.8823 
vt 20.219 -24.9166 
vt 20.219 -24.9286 
vt 20.2104 -24.9159 
vt 20.2025 -24.9192 
vt 20.2025 -24.9349 
vt 20.2183 -24.9349 
vt 20.2183 -24.9349 
vt 20.2025 -24.9192 
vt 20.2183 -24.9349 
vt 20.2183 -24.9192 
vt 20.2026 -24.9382 
vt 20.2026 -24.9569 
vt 19.7576 -24.9554 
vt 19.7576 -24.9348 
vt 19.7635 -24.9286 
vt 19.7941 -24.9321 
vt 19.7941 -24.9283 
vt 19.8011 -25.0061 
vt 19.8011 -25.0138 
vt 20.15 -24.9653 
vt 20.15 -24.9923 
vt 20.4466 -25.1241 
vt 20.1296 -25.0223 
vt 20.1231 -25.0366 
vt 20.1231 -25.008 
vt 20.2348 -25.0357 
vt 20.3296 -25.0248 
vt 20.39 -25.0248 
vt 19.9575 -25.0138 
vt 20.203 -24.9133 
vt 20.219 -24.9133 
vt 20.219 -24.8978 
vt 20.203 -24.8978 
vt 20.203 -24.8823 
vt 20.203 -24.8823 
vt 20.219 -24.8823 
vt 20.203 -24.8978 
vt 20.219 -24.8978 
vt 19.7635 -24.9102 
vt 19.7829 -24.9102 
vt 19.7635 -24.8978 
vt 19.7829 -24.8978 
vt 19.7635 -24.8854 
vt 19.7829 -24.8854 
vt 20.2601 -24.9956 
vt 20.2348 -24.9891 
vt 20.2348 -24.9956 
vt 20.2601 -24.9891 
vt 19.774 -24.904 
vt 19.9575 -25.0061 
vt 19.8011 -25.0061 
vt 19.9575 -25.0138 
vt 19.8011 -25.0138 
vt 20.474 -25.0072 
vt 20.4466 -24.9487 
vt 20.4466 -25.0072 
vt 20.4814 -24.9487 
vt 20.4466 -25.0656 
vt 20.474 -25.0072 
vt 20.474 -25.0656 
vt 20.4466 -25.1241 
vt 20.474 -25.0656 
vt 20.4814 -25.1241 
vt 19.9472 -24.9923 
vt 19.8126 -24.9923 
vt 19.8045 -24.9798 
vt 20.0826 -25.0366 
vt 20.0761 -25.0223 
vt 20.2348 -24.9316 
vt 20.2601 -24.9316 
vt 20.2348 -24.9891 
vt 20.2601 -24.9891 
vt 20.2601 -25.0357 
vt 20.2348 -24.9956 
vt 20.2348 -25.0357 
vt 20.2601 -24.9956 
vt 19.8126 -24.9923 
vt 19.9472 -24.9673 
vt 19.8126 -24.9673 
vt 19.8045 -24.9798 
vt 19.9472 -24.9923 
vt 19.9553 -24.9798 
vt 20.0826 -25.0366 
vt 20.1231 -25.008 
vt 20.0826 -25.008 
vt 20.0761 -25.0223 
vt 20.1231 -25.0366 
vt 20.1296 -25.0223 
vt 19.5765 -24.9778 
vt 19.5186 -24.9778 
vt 19.5765 -24.9868 
vt 19.5186 -24.9868 
vt 19.5765 -24.9958 
vt 19.5186 -24.9958 
vt 19.8002 -24.9744 
vt 19.7169 -24.9744 
vt 19.8002 -24.9868 
vt 19.7169 -24.9868 
vt 19.8002 -24.9992 
vt 19.7169 -24.9992 
vt 20.15 -24.9653 
vt 19.9682 -24.9653 
vt 20.15 -24.9923 
vt 19.9682 -24.9923 
vt 20.39 -25.0005 
vt 20.3296 -25.0005 
vt 20.39 -25.0248 
vt 20.3296 -25.0248 
vt 20.3296 -24.9761 
vt 20.39 -24.9761 
vt 20.2025 -24.9349 
vt 20.2025 -24.9192 
vt 20.1992 -24.9271 
vt 20.2183 -24.9349 
vt 20.2104 -24.9382 
vt 20.2183 -24.9192 
vt 20.2104 -24.9159 
vt 20.2216 -24.9271 
vt 20.2012 -24.9321 
vt 20.2012 -24.9389 
vt 19.7941 -24.9321 
vt 19.7941 -24.9389 
vt 20.2012 -24.9321 
vt 20.2026 -24.9382 
vt 19.8172 -24.9382 
vt 20.2026 -24.9569 
vt 19.8172 -24.9569 
vt 19.7729 -24.9311 
vt 19.7219 -24.981 
vt 19.7987 -24.981 
vt 19.7987 -24.9743 
vt 19.7219 -24.9743 
vt 19.7987 -24.981 
vt 20.1888 -24.9401 
vt 20.2102 -24.9433 
vt 20.1924 -24.9262 
vt 20.2102 -24.9211 
vt 20.2279 -24.9262 
vt 20.2315 -24.9401 
vt 19.582 -24.973 
vt 19.7226 -24.9771 
vt 19.582 -24.9771 
vt 19.7226 -24.9868 
vt 19.582 -24.9868 
vt 19.7226 -24.9965 
vt 19.582 -24.9965 
vt 19.7987 -24.9559 
vt 19.7219 -24.9559 
vt 19.7987 -24.9651 
vt 19.7219 -24.9651 
vt 19.7987 -24.9743 
vt 19.7219 -24.9743 
vt 19.7576 -24.9554 
vt 19.7729 -24.9591 
vt 19.7576 -24.9348 
vt 19.7729 -24.9311 
vt 19.7883 -24.9348 
vt 19.7883 -24.9554 
vt 19.7705 -24.9159 
vt 19.774 -24.904 
vt 19.7726 -24.904 
vt 19.7761 -24.9159 
vt 19.7219 -24.9559 
vt 19.7987 -24.9559 
vt 19.7987 -24.9492 
vt 19.7219 -24.9492 
vt 19.7829 -24.9163 
vt 19.7635 -24.9286 
vt 19.7829 -24.9286 
vt 19.7635 -24.9163 
vt 19.7635 -24.9428 
vt 19.7829 -24.9428 
vt 20.203 -24.9166 
vt 20.219 -24.9286 
vt 20.219 -24.9166 
vt 20.203 -24.9286 
vt 20.203 -24.9166 
vt 19.7635 -24.9133 
vt 19.7829 -24.9133 
vt 19.7829 -24.8978 
vt 19.7635 -24.8978 
vt 19.7635 -24.8823 
vt 19.7829 -24.8823 
vt 19.7635 -24.8978 
vt 19.7829 -24.8978 
vt 20.2025 -24.9349 
vt 20.2025 -24.9192 
vt 20.1992 -24.9271 
vt 20.2183 -24.9349 
vt 20.2104 -24.9382 
vt 20.2183 -24.9192 
vt 20.2104 -24.9159 
vt 20.2216 -24.9271 
vt 19.5186 -24.9994 
vt 19.5844 -24.9994 
vt 19.5844 -24.9868 
vt 19.5186 -24.9868 
vt 19.5844 -24.9994 
vt 19.5186 -24.9742 
vt 19.5844 -24.9742 
vt 19.5186 -24.9868 
vt 19.5844 -24.9868 
vt 20.203 -24.9102 
vt 20.219 -24.9102 
vt 20.203 -24.8978 
vt 20.219 -24.8978 
vt 20.203 -24.8854 
vt 20.219 -24.8854 
vt 19.9495 -24.9487 
vt 20.0505 -24.9487 
vt 20.0505 -25.1241 
vt 20 -24.974 
vt 20.0127 -24.9742 
vt 20 -24.9689 
vt 19.9873 -24.9742 
vt 20.0091 -24.9778 
vt 20.0179 -24.9868 
vt 20.0128 -24.9868 
vt 19.9909 -24.9778 
vt 19.9821 -24.9868 
vt 19.9872 -24.9868 
vt 19.9873 -24.9994 
vt 19.9909 -24.9958 
vt 20 -24.9995 
vt 20 -25.0046 
vt 20.0127 -24.9994 
vt 20.0091 -24.9958 
vt 20.0128 -24.9868 
vt 20.0179 -24.9868 
vt 19.9909 -24.9958 
vt 20.0091 -24.9958 
vt 19.9872 -24.9868 
vt 20 -24.9995 
vt 20.0128 -24.9868 
vt 19.9909 -24.9778 
vt 20.0091 -24.9778 
vt 20 -24.974 
vt 20.0433 -24.9891 
vt 19.9567 -24.9316 
vt 20.04 -25.0357 
vt 20.0176 -24.9868 
vt 20 -25.0043 
vt 20.0124 -24.9992 
vt 20.0124 -24.9744 
vt 20 -24.9693 
vt 19.9876 -24.9744 
vt 19.9824 -24.9868 
vt 19.9876 -24.9992 
vt 20.0068 -24.981 
vt 19.9916 -24.9651 
vt 19.9932 -24.981 
vt 19.9882 -24.9743 
vt 20.0084 -24.9651 
vt 20.0118 -24.9743 
vt 19.9932 -24.9492 
vt 19.9882 -24.9559 
vt 20 -24.9472 
vt 20.0068 -24.9492 
vt 20.0118 -24.9559 
vt 19.9789 -24.9401 
vt 20 -24.8803 
vt 20.022 -24.8978 
vt 20.0155 -24.9133 
vt 19.9915 -24.9286 
vt 20.0207 -24.9192 
vt 20.0278 -24.9192 
vt 20.0207 -24.9271 
vt 20.0278 -24.9271 
vt 20.0207 -24.9349 
vt 20.0278 -24.9349 
vt 19.9722 -24.9192 
vt 19.9722 -24.9159 
vt 19.9793 -24.9192 
vt 19.9722 -24.9271 
vt 19.9793 -24.9271 
vt 19.9722 -24.9349 
vt 19.9793 -24.9349 
vt 19.9722 -24.9382 
vt 19.9793 -24.9192 
vt 19.9774 -24.9382 
vt 19.9902 -24.9348 
vt 19.9902 -24.9554 
vt 20.0098 -24.9554 
vt 20.0098 -24.9348 
vt 19.9915 -24.9163 
vt 19.9915 -24.9286 
vt 20.0085 -24.9163 
vt 20.0085 -24.9286 
vt 19.9915 -24.9428 
vt 20.0085 -24.9428 
vt 19.9845 -24.8823 
vt 19.9824 -24.8978 
vt 19.9876 -24.8854 
vt 20 -24.8803 
vt 19.978 -24.8978 
vt 20 -24.8759 
vt 19.9876 -24.9102 
vt 20.0155 -24.8823 
vt 19.9845 -24.9133 
vt 20.0124 -24.8854 
vt 20 -24.9153 
vt 20.0176 -24.8978 
vt 20 -24.9197 
vt 20.022 -24.8978 
vt 20.0155 -24.9133 
vt 20.0124 -24.9102 
vt 19.9993 -24.904 
vt 19.9972 -24.9159 
vt 20.0028 -24.9159 
vt 20.0007 -24.904 
vt 19.9806 -24.9389 
vt 20.0192 -24.9389 
vt 20.0073 -24.9283 
vt 20.0169 -24.9321 
vt 19.9925 -24.9283 
vt 19.9829 -24.9321 
vt 20.0274 -25.0061 
vt 19.9724 -25.0061 
vt 19.99 -25.0168 
vt 19.9771 -25.0138 
vt 20.0098 -25.0168 
vt 20.0227 -25.0138 
vt 20.0505 -25.1241 
vt 19.9495 -25.1241 
vt 19.9714 -25.0415 
vt 19.96 -25.0357 
vt 20.04 -25.0357 
vt 20.0155 -24.9133 
vt 19.978 -24.8978 
vt 19.9845 -24.8823 
vt 20 -24.8803 
vt 20.0433 -24.9891 
vt 19.9567 -24.9891 
vt 19.9993 -24.904 
vt 19.9495 -24.9487 
vt 19.9548 -25.0072 
vt 19.9548 -25.0656 
vt 20.0505 -24.9487 
vt 20.0452 -25.0072 
vt 20.0452 -25.0656 
vt 19.9621 -24.9923 
vt 20.0379 -24.9923 
vt 19.9621 -24.9798 
vt 20.0379 -24.9798 
vt 19.9567 -24.9316 
vt 19.9663 -24.9256 
vt 19.9644 -25.0366 
vt 20.0356 -25.0366 
vt 19.9644 -25.0223 
vt 20.0356 -25.0223 
vt 20.0433 -24.9316 
vt 20.0337 -24.9256 
vt 19.9621 -24.9673 
vt 19.9621 -24.9673 
vt 20.0379 -24.9673 
vt 19.9644 -25.008 
vt 20.0356 -25.008 
vt 20.0314 -24.9653 
vt 20.0314 -24.9923 
vt 19.9686 -24.9923 
vt 19.9686 -24.9653 
vt 19.9829 -24.9321 
vt 20.0169 -24.9321 
vt 20.0226 -24.9382 
vt 20.0226 -24.9569 
vt 19.9774 -24.9569 
vt 19.9774 -24.9382 
vt 19.9902 -24.9311 
vt 20.0098 -24.9311 
vt 19.9932 -24.981 
vt 19.9902 -24.9771 
vt 20 -24.973 
vt 20.0098 -24.9771 
vt 20.0098 -24.9771 
vt 20.0098 -24.9965 
vt 19.9902 -24.9554 
vt 19.9972 -24.9159 
vt 19.9915 -24.9166 
vt 19.9621 -24.9798 
vt 20.0379 -24.9798 
vt 19.9621 -24.9673 
vt 20.0379 -24.9673 
vt 20.022 -24.8978 
vt 19.9774 -24.9569 
vt 20.0226 -24.9569 
vt 19.9774 -24.9382 
vt 20.0226 -24.9382 
vt 19.9873 -24.9994 
vt 19.9824 -24.8978 
vt 19.9686 -24.9923 
vt 20.0314 -24.9923 
vt 19.9686 -24.9653 
vt 20.0314 -24.9653 
vt 19.9644 -25.0223 
vt 20.0356 -25.0223 
vt 19.9644 -25.008 
vt 20.0356 -25.008 
vt 19.9789 -24.9401 
vt 20.0211 -24.9401 
vt 19.9789 -24.9262 
vt 20.0211 -24.9262 
vt 19.9845 -24.8823 
vt 19.9824 -24.8978 
vt 19.9876 -24.8854 
vt 20 -24.8803 
vt 19.978 -24.8978 
vt 20 -24.8759 
vt 19.9845 -24.9133 
vt 20.0155 -24.8823 
vt 19.9876 -24.9102 
vt 20.0124 -24.8854 
vt 20 -24.9153 
vt 20.0176 -24.8978 
vt 20 -24.9197 
vt 20.022 -24.8978 
vt 20.0155 -24.9133 
vt 20.0124 -24.9102 
vt 19.9915 -24.9166 
vt 19.9915 -24.9286 
vt 20.0085 -24.9166 
vt 20.0085 -24.9286 
vt 19.9567 -24.9891 
vt 19.9663 -24.9256 
vt 19.9567 -24.9316 
vt 20.0337 -24.9256 
vt 20.0433 -24.9891 
vt 20.0433 -24.9316 
vt 19.96 -24.9956 
vt 20.0433 -24.9891 
vt 19.9567 -24.9891 
vt 20.04 -24.9956 
vt 19.9714 -25.0415 
vt 19.96 -24.9956 
vt 19.96 -25.0357 
vt 20.04 -24.9956 
vt 20.0286 -25.0415 
vt 20.04 -25.0357 
vt 19.9495 -24.9487 
vt 19.9548 -25.0072 
vt 20.0505 -24.9487 
vt 20.0452 -25.0072 
vt 19.9548 -25.0656 
vt 20.0452 -25.0072 
vt 20.0452 -25.0656 
vt 19.9548 -25.0656 
vt 19.9495 -25.1241 
vt 20.0505 -25.1241 
vt 20.4814 -24.9495 
vt 20.4814 -25.0505 
vt 19.5186 -24.9873 
vt 19.5186 -25.0127 
vt 19.5186 -24.9821 
vt 19.5186 -25.0128 
vt 19.5186 -25.0127 
vt 19.5765 -25.0128 
vt 20.2601 -25.0286 
vt 20.2601 -25.04 
vt 20.2601 -24.96 
vt 19.7169 -24.9876 
vt 19.7169 -25.0124 
vt 20.2279 -25.0211 
vt 20.2315 -25.0211 
vt 20.2315 -24.9789 
vt 20.219 -24.978 
vt 20.219 -25 
vt 20.219 -24.9845 
vt 20.219 -25.0155 
vt 20.219 -25.0085 
vt 20.2025 -24.9793 
vt 20.2025 -24.9722 
vt 20.2104 -24.9793 
vt 20.2104 -24.9722 
vt 20.2183 -24.9793 
vt 20.2183 -24.9722 
vt 20.2025 -25.0278 
vt 20.2025 -25.0207 
vt 20.2104 -25.0278 
vt 20.2104 -25.0207 
vt 20.2183 -25.0278 
vt 20.2183 -25.0207 
vt 20.2026 -25.0226 
vt 20.2026 -24.9774 
vt 20.2026 -25.0226 
vt 20.2026 -24.9774 
vt 19.7635 -25.0176 
vt 19.7635 -24.978 
vt 19.8011 -25.01 
vt 19.8011 -25.0229 
vt 19.8011 -24.9773 
vt 20.15 -25.0314 
vt 20.15 -24.9686 
vt 20.4466 -24.9495 
vt 20.4466 -25.0505 
vt 20.4814 -25.0505 
vt 20.4814 -24.9495 
vt 20.1231 -25.0356 
vt 20.1231 -24.9644 
vt 20.1231 -25.0356 
vt 20.1231 -24.9644 
vt 20.2348 -24.9714 
vt 20.2348 -25.0286 
vt 20.2601 -25.0286 
vt 20.2601 -25.04 
vt 20.2348 -25.04 
vt 20.2601 -24.9714 
vt 20.2348 -24.96 
vt 20.2601 -24.96 
vt 20.39 -25 
vt 20.3296 -25 
vt 20.39 -25.0263 
vt 20.3296 -25.0263 
vt 20.3296 -24.9737 
vt 20.39 -24.9737 
vt 19.8011 -25.0229 
vt 19.9575 -25.0229 
vt 19.9575 -25.01 
vt 19.8011 -25.01 
vt 19.9575 -24.9902 
vt 19.8011 -24.9902 
vt 19.9575 -24.9773 
vt 19.8011 -24.9773 
vt 20.203 -24.9845 
vt 20.219 -24.9845 
vt 20.203 -25 
vt 20.219 -25 
vt 20.203 -25.0155 
vt 20.219 -25.0155 
vt 20.203 -25.0155 
vt 20.203 -25 
vt 20.203 -24.9845 
vt 19.7635 -25.0124 
vt 19.7829 -25.0124 
vt 19.7829 -25 
vt 19.7635 -25 
vt 19.7829 -24.9876 
vt 19.7635 -24.9876 
vt 20.2348 -24.9567 
vt 19.9575 -25.0276 
vt 19.8126 -25.0379 
vt 19.9472 -25.0379 
vt 19.9472 -24.9621 
vt 19.8126 -24.9621 
vt 19.8045 -25.0379 
vt 19.8045 -24.9621 
vt 20.2348 -25.0337 
vt 20.1231 -25.0356 
vt 20.1231 -24.9644 
vt 20.0826 -25.0356 
vt 20.0826 -24.9644 
vt 20.2348 -24.9663 
vt 19.9472 -25.0379 
vt 19.8126 -24.9621 
vt 19.9553 -24.9621 
vt 20.0826 -24.9644 
vt 19.5765 -24.9909 
vt 19.5186 -24.9909 
vt 19.5765 -25 
vt 19.5186 -25 
vt 19.5765 -25.0091 
vt 19.5186 -25.0091 
vt 19.7169 -25.0124 
vt 19.8002 -24.9824 
vt 19.8002 -25.0124 
vt 19.7169 -25 
vt 19.8002 -24.9876 
vt 19.8002 -25 
vt 19.7169 -24.9876 
vt 19.9682 -24.9686 
vt 19.9682 -25.0314 
vt 20.2012 -25.0171 
vt 20.2012 -24.9831 
vt 19.8172 -24.9774 
vt 19.8172 -24.9774 
vt 19.8172 -25.0226 
vt 19.582 -25 
vt 19.582 -24.9902 
vt 19.582 -25.0098 
vt 19.7226 -24.9862 
vt 19.7226 -25.0098 
vt 19.582 -25 
vt 19.7226 -24.9902 
vt 19.7226 -25 
vt 19.582 -24.9902 
vt 19.7883 -25.0098 
vt 20.203 -25.0085 
vt 20.2102 -25.0211 
vt 20.2102 -24.9789 
vt 20.1888 -25.0211 
vt 20.1888 -24.9789 
vt 20.2315 -24.9789 
vt 20.2315 -25.0211 
vt 19.7635 -24.9845 
vt 19.7829 -24.9845 
vt 19.7829 -24.978 
vt 19.7635 -25 
vt 19.7829 -25 
vt 19.7635 -25.0155 
vt 19.7829 -25.0155 
vt 19.8172 -25.0226 
vt 19.8172 -24.9774 
vt 20.2026 -24.9774 
vt 20.2026 -25.0226 
vt 19.5186 -24.9873 
vt 19.5844 -24.9873 
vt 19.5844 -24.9821 
vt 19.5186 -25 
vt 19.5844 -25 
vt 19.5186 -25.0127 
vt 19.5844 -25.0127 
vt 20.203 -25.0124 
vt 20.219 -25.0124 
vt 20.219 -25 
vt 20.203 -25 
vt 20.219 -24.9876 
vt 20.203 -24.9876 
vt 19.9682 -25.0314 
vt 19.9682 -24.9686 
vt 20.15 -24.9686 
vt 20.15 -25.0314 
vt 19.5186 -24.9487 
vt 19.526 -25.0072 
vt 19.526 -25.0656 
vt 19.5186 -25.1241 
vt 20.4814 -24.9742 
vt 20.4814 -24.9742 
vt 20.4814 -24.9868 
vt 20.4814 -24.9994 
vt 19.7399 -24.9891 
vt 19.7399 -24.9316 
vt 19.7399 -25.0357 
vt 20.2831 -24.9693 
vt 20.2831 -24.9992 
vt 20.2781 -24.981 
vt 20.2781 -24.9492 
vt 20.2781 -24.9472 
vt 19.781 -24.8978 
vt 19.781 -24.8759 
vt 19.781 -24.9133 
vt 19.781 -24.8823 
vt 19.781 -24.8978 
vt 19.781 -24.9166 
vt 19.781 -24.9286 
vt 19.7817 -24.9349 
vt 19.7975 -24.9192 
vt 19.7817 -24.9349 
vt 19.7817 -24.9192 
vt 19.7974 -24.9382 
vt 19.7974 -24.9569 
vt 20.2424 -24.9348 
vt 20.2424 -24.9554 
vt 20.2365 -24.9286 
vt 20.2059 -24.9389 
vt 20.2059 -24.9283 
vt 20.2059 -24.9321 
vt 20.1989 -25.0061 
vt 20.1989 -25.0168 
vt 20.1989 -25.0138 
vt 19.85 -24.9653 
vt 19.85 -24.9923 
vt 19.5534 -25.1241 
vt 19.8769 -25.0366 
vt 19.8704 -25.0223 
vt 19.8769 -25.008 
vt 19.7652 -25.0357 
vt 19.61 -25.0248 
vt 19.6704 -25.0248 
vt 20.0425 -25.0138 
vt 19.797 -24.9133 
vt 19.797 -24.9133 
vt 19.781 -24.9133 
vt 19.797 -24.8978 
vt 19.781 -24.8978 
vt 19.797 -24.8823 
vt 19.781 -24.8823 
vt 19.797 -24.8759 
vt 19.797 -24.8823 
vt 20.2365 -24.8978 
vt 20.2171 -24.8978 
vt 20.2171 -24.9102 
vt 20.2365 -24.9102 
vt 20.2171 -24.8854 
vt 20.2365 -24.8854 
vt 20.2171 -24.8978 
vt 20.2365 -24.8978 
vt 19.7652 -24.9891 
vt 19.7399 -24.9956 
vt 19.7652 -24.9956 
vt 19.7399 -24.9891 
vt 19.7652 -24.9891 
vt 20.226 -24.904 
vt 20.0425 -25.0061 
vt 20.1989 -25.0138 
vt 20.1989 -25.0061 
vt 20.0425 -25.0138 
vt 19.5186 -24.9487 
vt 19.526 -25.0072 
vt 19.5534 -24.9487 
vt 19.5534 -25.0072 
vt 19.526 -25.0072 
vt 19.526 -25.0656 
vt 19.5534 -25.0656 
vt 19.526 -25.0656 
vt 19.5534 -25.1241 
vt 19.5186 -25.1241 
vt 20.1874 -24.9923 
vt 20.0528 -24.9923 
vt 20.1955 -24.9798 
vt 19.7399 -24.9316 
vt 19.7399 -24.9891 
vt 19.7652 -24.9316 
vt 19.7652 -24.9891 
vt 19.9174 -25.0366 
vt 19.9239 -25.0223 
vt 19.7652 -24.9956 
vt 19.7399 -24.9956 
vt 19.7652 -25.0357 
vt 19.7399 -25.0357 
vt 19.61 -25.0248 
vt 19.6704 -25.0248 
vt 19.61 -25.0005 
vt 19.6704 -25.0005 
vt 20.1874 -24.9673 
vt 20.1874 -24.9923 
vt 20.1955 -24.9798 
vt 20.0528 -24.9923 
vt 20.0528 -24.9673 
vt 20.0447 -24.9798 
vt 19.9174 -25.008 
vt 19.9174 -25.0366 
vt 19.9239 -25.0223 
vt 19.8769 -25.0366 
vt 19.8769 -25.008 
vt 19.8704 -25.0223 
vt 20.4235 -24.9778 
vt 20.4814 -24.9868 
vt 20.4814 -24.9778 
vt 20.4235 -24.9868 
vt 20.4235 -24.9958 
vt 20.4814 -24.9958 
vt 20.4235 -24.9868 
vt 20.4814 -24.9868 
vt 20.2831 -24.9744 
vt 20.1998 -24.9744 
vt 20.2831 -24.9868 
vt 20.1998 -24.9868 
vt 20.2831 -24.9992 
vt 20.1998 -24.9992 
vt 19.85 -24.9653 
vt 20.0318 -24.9923 
vt 20.0318 -24.9653 
vt 19.85 -24.9923 
vt 19.7817 -24.9192 
vt 19.7817 -24.9349 
vt 19.7975 -24.9192 
vt 19.7784 -24.9271 
vt 19.7896 -24.9159 
vt 19.7975 -24.9349 
vt 19.8008 -24.9271 
vt 19.7896 -24.9382 
vt 19.7988 -24.9321 
vt 19.7988 -24.9321 
vt 19.7988 -24.9389 
vt 20.2059 -24.9389 
vt 19.7988 -24.9321 
vt 20.2059 -24.9321 
vt 19.7974 -24.9382 
vt 20.1828 -24.9569 
vt 20.1828 -24.9382 
vt 19.7974 -24.9569 
vt 19.61 -25.0005 
vt 19.6704 -25.0005 
vt 19.61 -24.9761 
vt 19.6704 -24.9761 
vt 20.2271 -24.9311 
vt 20.2781 -24.9743 
vt 20.2013 -24.9743 
vt 20.2013 -24.981 
vt 20.2781 -24.981 
vt 19.7721 -24.9262 
vt 19.7898 -24.9433 
vt 19.7898 -24.9211 
vt 19.7685 -24.9401 
vt 19.8076 -24.9262 
vt 19.8112 -24.9401 
vt 20.418 -24.9771 
vt 20.2774 -24.9771 
vt 20.418 -24.973 
vt 20.418 -24.9868 
vt 20.2774 -24.9868 
vt 20.418 -24.9771 
vt 20.418 -24.9965 
vt 20.2774 -24.9965 
vt 20.418 -24.9965 
vt 20.2013 -24.9559 
vt 20.2781 -24.9651 
vt 20.2781 -24.9559 
vt 20.2013 -24.9651 
vt 20.2781 -24.9743 
vt 20.2013 -24.9743 
vt 20.2424 -24.9348 
vt 20.2271 -24.9311 
vt 20.2271 -24.9591 
vt 20.2424 -24.9554 
vt 20.2117 -24.9348 
vt 20.2117 -24.9554 
vt 20.2239 -24.9159 
vt 20.2274 -24.904 
vt 20.226 -24.904 
vt 20.2295 -24.9159 
vt 20.2781 -24.9492 
vt 20.2013 -24.9492 
vt 20.2013 -24.9559 
vt 20.2781 -24.9559 
vt 20.2171 -24.9163 
vt 20.2365 -24.9286 
vt 20.2365 -24.9163 
vt 20.2171 -24.9286 
vt 20.2171 -24.9428 
vt 20.2365 -24.9428 
vt 19.797 -24.9166 
vt 19.781 -24.9166 
vt 19.781 -24.9286 
vt 19.797 -24.9286 
vt 20.2365 -24.9133 
vt 20.2171 -24.9133 
vt 20.2365 -24.8978 
vt 20.2171 -24.8978 
vt 20.2365 -24.8823 
vt 20.2171 -24.8823 
vt 19.7817 -24.9192 
vt 19.7817 -24.9349 
vt 19.7975 -24.9192 
vt 19.7784 -24.9271 
vt 19.7896 -24.9159 
vt 19.7975 -24.9349 
vt 19.8008 -24.9271 
vt 19.7896 -24.9382 
vt 20.4814 -24.9994 
vt 20.4156 -24.9994 
vt 20.4814 -24.9868 
vt 20.4156 -24.9868 
vt 20.4814 -24.9742 
vt 20.4156 -24.9742 
vt 19.797 -24.8978 
vt 19.781 -24.8978 
vt 19.781 -24.9102 
vt 19.797 -24.9102 
vt 19.781 -24.8854 
vt 19.797 -24.8854 
vt 19.781 -24.8978 
vt 19.797 -24.8978 

usemtl Meshpart1Mtl

f 1/1/1 2/2/2 3/3/3 
f 2/2/2 1/1/1 4/4/4 
f 5/5/5 6/6/6 2/2/2 
f 6/6/6 5/5/5 7/7/7 
f 7/7/7 8/8/8 9/9/9 
f 8/8/8 7/7/7 10/10/10 
f 11/11/11 12/12/12 13/13/13 
f 11/11/11 13/13/13 14/14/14 
f 15/15/15 12/12/12 11/11/11 
f 12/12/12 15/15/15 16/16/16 
f 17/17/17 18/18/18 19/19/19 
f 18/18/18 17/17/17 20/20/20 
f 21/21/21 22/22/22 23/23/23 
f 22/22/22 21/21/21 24/24/24 
f 25/25/25 24/24/24 21/21/21 
f 24/24/24 25/25/25 26/26/26 
f 27/27/27 28/28/28 29/29/29 
f 29/29/29 28/28/28 30/30/30 
f 31/31/31 32/32/32 33/33/33 
f 34/34/34 31/31/31 33/33/33 
f 32/32/32 31/31/31 35/35/35 
f 31/31/31 34/34/34 36/36/36 
f 37/37/37 32/32/32 35/35/35 
f 38/38/38 36/36/36 34/34/34 
f 32/32/32 37/37/37 39/39/39 
f 38/38/38 34/34/34 40/40/40 
f 37/37/37 41/41/41 39/39/39 
f 42/42/42 38/38/38 40/40/40 
f 41/41/41 37/37/37 43/43/43 
f 38/38/38 42/42/42 44/44/44 
f 41/41/41 43/43/43 45/45/45 
f 45/45/45 44/44/44 42/42/42 
f 41/41/41 45/45/45 46/46/46 
f 45/45/45 42/42/42 46/46/46 
f 47/47/47 48/48/48 49/49/49 
f 48/48/48 47/47/47 50/50/50 
f 54/54/54 53/53/53 52/52/52 
f 53/53/53 54/54/54 55/55/55 
f 56/56/56 55/55/55 54/54/54 
f 55/55/55 56/56/56 57/57/57 
f 62/62/62 61/61/61 60/60/60 
f 61/61/61 62/62/62 63/63/63 
f 64/64/64 63/63/63 62/62/62 
f 63/63/63 64/64/64 65/65/65 
f 66/66/66 67/67/67 68/68/68 
f 68/68/68 67/67/67 69/69/69 
f 78/78/78 79/79/79 80/80/80 
f 80/80/80 79/79/79 81/81/81 
f 83/83/83 84/84/84 85/85/85 
f 84/84/84 83/83/83 86/86/86 
f 87/87/87 88/88/88 89/89/89 
f 89/89/89 88/88/88 90/90/90 
f 123/123/123 124/124/124 125/125/125 
f 124/124/124 123/123/123 126/126/126 
f 127/127/127 128/128/128 129/129/129 
f 129/129/129 128/128/128 130/130/130 
f 128/128/128 127/127/127 131/131/131 
f 131/131/131 127/127/127 132/132/132 
f 134/134/134 135/135/135 136/136/136 
f 135/135/135 134/134/134 137/137/137 
f 139/139/139 140/140/140 141/141/141 
f 142/142/142 139/139/139 143/143/143 
f 144/144/144 139/139/139 142/142/142 
f 145/145/145 140/140/140 139/139/139 
f 144/144/144 145/145/145 139/139/139 
f 140/140/140 145/145/145 146/146/146 
f 146/146/146 145/145/145 147/147/147 
f 145/145/145 144/144/144 148/148/148 
f 145/145/145 148/148/148 149/149/149 
f 150/150/150 151/151/151 152/152/152 
f 152/152/152 151/151/151 153/153/153 
f 154/154/154 155/155/155 156/156/156 
f 155/155/155 154/154/154 157/157/157 
f 158/158/158 159/159/159 160/160/160 
f 159/159/159 158/158/158 161/161/161 
f 162/162/162 160/160/160 159/159/159 
f 160/160/160 162/162/162 163/163/163 
f 164/164/164 165/165/165 166/166/166 
f 167/167/167 164/164/164 166/166/166 
f 165/165/165 164/164/164 168/168/168 
f 164/164/164 167/167/167 169/169/169 
f 168/168/168 170/170/170 165/165/165 
f 171/171/171 169/169/169 167/167/167 
f 168/168/168 172/172/172 170/170/170 
f 171/171/171 167/167/167 173/173/173 
f 172/172/172 174/174/174 170/170/170 
f 175/175/175 171/171/171 173/173/173 
f 174/174/174 172/172/172 176/176/176 
f 171/171/171 175/175/175 177/177/177 
f 174/174/174 176/176/176 178/178/178 
f 179/179/179 177/177/177 175/175/175 
f 174/174/174 178/178/178 179/179/179 
f 177/177/177 179/179/179 178/178/178 
f 180/180/180 181/181/181 182/182/182 
f 180/180/180 183/183/183 181/181/181 
f 184/184/184 183/183/183 180/180/180 
f 183/183/183 184/184/184 185/185/185 
f 185/185/185 186/186/186 183/183/183 
f 186/186/186 185/185/185 187/187/187 
f 211/211/211 212/212/212 213/213/213 
f 212/212/212 211/211/211 214/214/214 
f 218/218/218 217/217/217 216/216/216 
f 217/217/217 218/218/218 219/219/219 
f 220/220/220 221/221/221 222/222/222 
f 221/221/221 220/220/220 223/223/223 
f 227/227/227 226/226/226 225/225/225 
f 226/226/226 227/227/227 228/228/228 
f 244/244/244 246/246/246 245/245/245 
f 245/245/245 246/246/246 247/247/247 
f 246/246/246 248/248/248 247/247/247 
f 247/247/247 248/248/248 249/249/249 
f 252/252/252 251/251/251 250/250/250 
f 253/253/253 252/252/252 250/250/250 
f 254/254/254 252/252/252 253/253/253 
f 255/255/255 254/254/254 253/253/253 
f 256/256/256 257/257/257 258/258/258 
f 256/256/256 258/258/258 259/259/259 
f 266/266/266 267/267/267 265/265/265 
f 267/267/267 266/266/266 268/268/268 
f 269/269/269 270/270/270 271/271/271 
f 272/272/272 271/271/271 270/270/270 
f 280/280/280 281/281/281 282/282/282 
f 283/283/283 282/282/282 281/281/281 
f 282/282/282 283/283/283 284/284/284 
f 285/285/285 284/284/284 283/283/283 
f 286/286/286 287/287/287 288/288/288 
f 287/287/287 286/286/286 289/289/289 
f 289/289/289 290/290/290 287/287/287 
f 290/290/290 289/289/289 291/291/291 
f 296/296/296 297/297/297 298/298/298 
f 298/298/298 297/297/297 299/299/299 
f 296/296/296 300/300/300 297/297/297 
f 301/301/301 300/300/300 296/296/296 
f 302/302/302 303/303/303 304/304/304 
f 304/304/304 305/305/305 302/302/302 
f 308/308/308 309/309/309 310/310/310 
f 308/308/308 310/310/310 311/311/311 
f 311/311/311 310/310/310 312/312/312 
f 311/311/311 312/312/312 313/313/313 
f 313/313/313 312/312/312 314/314/314 
f 313/313/313 314/314/314 315/315/315 
f 321/321/321 322/322/322 323/323/323 
f 321/321/321 323/323/323 324/324/324 
f 322/322/322 325/325/325 323/323/323 
f 322/322/322 326/326/326 325/325/325 
f 329/329/329 330/330/330 331/331/331 
f 330/330/330 329/329/329 332/332/332 
f 332/332/332 333/333/333 330/330/330 
f 333/333/333 332/332/332 334/334/334 
f 340/340/340 341/341/341 342/342/342 
f 340/340/340 342/342/342 343/343/343 
f 343/343/343 342/342/342 344/344/344 
f 343/343/343 344/344/344 345/345/345 
f 346/346/346 347/347/347 348/348/348 
f 348/348/348 349/349/349 346/346/346 
f 352/352/352 350/350/350 351/351/351 
f 352/352/352 351/351/351 353/353/353 
f 355/355/355 357/357/357 356/356/356 
f 356/356/356 357/357/357 358/358/358 
f 357/357/357 359/359/359 358/358/358 
f 358/358/358 359/359/359 360/360/360 
f 361/361/361 362/362/362 363/363/363 
f 362/362/362 361/361/361 364/364/364 
f 363/363/363 365/365/365 361/361/361 
f 365/365/365 363/363/363 366/366/366 
f 369/369/369 367/367/367 368/368/368 
f 369/369/369 368/368/368 370/370/370 
f 375/375/375 374/374/374 373/373/373 
f 374/374/374 375/375/375 376/376/376 
f 377/377/377 376/376/376 375/375/375 
f 376/376/376 377/377/377 378/378/378 
f 381/381/381 380/380/380 379/379/379 
f 382/382/382 381/381/381 379/379/379 
f 383/383/383 381/381/381 382/382/382 
f 384/384/384 383/383/383 382/382/382 
f 387/387/387 385/385/385 386/386/386 
f 387/387/387 386/386/386 388/388/388 
f 389/389/389 390/390/390 391/391/391 
f 391/391/391 390/390/390 392/392/392 
f 442/442/442 443/443/443 444/444/444 
f 442/442/442 444/444/444 445/445/445 
f 449/449/449 448/448/448 447/447/447 
f 449/449/449 450/450/450 448/448/448 
f 452/452/452 453/453/453 451/451/451 
f 453/453/453 452/452/452 454/454/454 
f 454/454/454 455/455/455 453/453/453 
f 455/455/455 454/454/454 456/456/456 
f 457/457/457 458/458/458 459/459/459 
f 458/458/458 457/457/457 460/460/460 
f 462/462/462 463/463/463 464/464/464 
f 465/465/465 464/464/464 463/463/463 
f 466/466/466 467/467/467 468/468/468 
f 467/467/467 466/466/466 469/469/469 
f 470/470/470 471/471/471 468/468/468 
f 472/472/472 471/471/471 470/470/470 
f 473/473/473 474/474/474 470/470/470 
f 474/474/474 473/473/473 475/475/475 
f 483/483/483 482/482/482 481/481/481 
f 482/482/482 483/483/483 484/484/484 
f 485/485/485 486/486/486 487/487/487 
f 486/486/486 485/485/485 488/488/488 
f 489/489/489 490/490/490 491/491/491 
f 489/489/489 491/491/491 492/492/492 
f 493/493/493 490/490/490 489/489/489 
f 490/490/490 493/493/493 494/494/494 
f 495/495/495 496/496/496 497/497/497 
f 495/495/495 497/497/497 498/498/498 
f 499/499/499 496/496/496 495/495/495 
f 496/496/496 499/499/499 500/500/500 
f 502/502/502 503/503/503 501/501/501 
f 503/503/503 502/502/502 504/504/504 
f 504/504/504 505/505/505 503/503/503 
f 505/505/505 504/504/504 506/506/506 
f 507/507/507 508/508/508 509/509/509 
f 510/510/510 509/509/509 508/508/508 
f 509/509/509 510/510/510 511/511/511 
f 512/512/512 511/511/511 510/510/510 
f 513/513/513 514/514/514 515/515/515 
f 516/516/516 515/515/515 514/514/514 
f 517/517/517 518/518/518 519/519/519 
f 520/520/520 519/519/519 518/518/518 
f 518/518/518 517/517/517 521/521/521 
f 522/522/522 521/521/521 517/517/517 
f 523/523/523 524/524/524 525/525/525 
f 524/524/524 523/523/523 526/526/526 
f 526/526/526 523/523/523 527/527/527 
f 526/526/526 528/528/528 524/524/524 
f 524/524/524 528/528/528 529/529/529 
f 528/528/528 526/526/526 530/530/530 
f 532/532/532 533/533/533 534/534/534 
f 533/533/533 532/532/532 535/535/535 
f 536/536/536 537/537/537 538/538/538 
f 539/539/539 538/538/538 537/537/537 
f 541/541/541 542/542/542 543/543/543 
f 541/541/541 543/543/543 544/544/544 
f 546/546/546 547/547/547 548/548/548 
f 547/547/547 549/549/549 548/548/548 
f 547/547/547 550/550/550 549/549/549 
f 550/550/550 547/547/547 551/551/551 
f 553/553/553 554/554/554 555/555/555 
f 556/556/556 555/555/555 554/554/554 
f 555/555/555 556/556/556 557/557/557 
f 558/558/558 557/557/557 556/556/556 
f 559/559/559 560/560/560 561/561/561 
f 562/562/562 561/561/561 560/560/560 
f 561/561/561 562/562/562 563/563/563 
f 564/564/564 563/563/563 562/562/562 
f 565/565/565 566/566/566 567/567/567 
f 566/566/566 568/568/568 567/567/567 
f 566/566/566 569/569/569 568/568/568 
f 569/569/569 566/566/566 570/570/570 
f 571/571/571 572/572/572 573/573/573 
f 572/572/572 571/571/571 574/574/574 
f 575/575/575 576/576/576 577/577/577 
f 575/575/575 577/577/577 578/578/578 
f 579/579/579 580/580/580 581/581/581 
f 580/580/580 579/579/579 582/582/582 
f 583/583/583 581/581/581 580/580/580 
f 581/581/581 583/583/583 584/584/584 
f 586/586/586 587/587/587 588/588/588 
f 588/588/588 587/587/587 589/589/589 
f 590/590/590 591/591/591 592/592/592 
f 590/590/590 592/592/592 593/593/593 
f 596/596/596 595/595/595 594/594/594 
f 596/596/596 597/597/597 595/595/595 
f 598/598/598 599/599/599 600/600/600 
f 599/599/599 598/598/598 601/601/601 
f 601/601/601 598/598/598 602/602/602 
f 601/601/601 603/603/603 599/599/599 
f 599/599/599 603/603/603 604/604/604 
f 603/603/603 601/601/601 605/605/605 
f 606/606/606 607/607/607 608/608/608 
f 606/606/606 608/608/608 609/609/609 
f 613/613/613 612/612/612 611/611/611 
f 613/613/613 614/614/614 612/612/612 
f 616/616/616 617/617/617 615/615/615 
f 617/617/617 616/616/616 618/618/618 
f 618/618/618 619/619/619 617/617/617 
f 619/619/619 618/618/618 620/620/620 
f 624/624/624 625/625/625 626/626/626 
f 627/627/627 624/624/624 626/626/626 
f 625/625/625 624/624/624 628/628/628 
f 629/629/629 625/625/625 628/628/628 
f 628/628/628 630/630/630 629/629/629 
f 624/624/624 627/627/627 631/631/631 
f 632/632/632 631/631/631 627/627/627 
f 631/631/631 632/632/632 633/633/633 
f 634/634/634 633/633/633 632/632/632 
f 633/633/633 634/634/634 635/635/635 
f 634/634/634 636/636/636 635/635/635 
f 634/634/634 637/637/637 636/636/636 
f 638/638/638 636/636/636 637/637/637 
f 636/636/636 638/638/638 639/639/639 
f 638/638/638 640/640/640 639/639/639 
f 640/640/640 638/638/638 641/641/641 
f 642/642/642 643/643/643 644/644/644 
f 643/643/643 642/642/642 645/645/645 
f 646/646/646 644/644/644 643/643/643 
f 646/646/646 647/647/647 644/644/644 
f 647/647/647 646/646/646 648/648/648 
f 647/647/647 648/648/648 649/649/649 
f 653/653/653 654/654/654 655/655/655 
f 654/654/654 653/653/653 656/656/656 
f 657/657/657 654/654/654 656/656/656 
f 654/654/654 657/657/657 658/658/658 
f 654/654/654 658/658/658 659/659/659 
f 654/654/654 659/659/659 660/660/660 
f 661/661/661 662/662/662 663/663/663 
f 663/663/663 662/662/662 664/664/664 
f 662/662/662 661/661/661 665/665/665 
f 665/665/665 661/661/661 666/666/666 
f 662/662/662 667/667/667 668/668/668 
f 662/662/662 669/669/669 667/667/667 
f 669/669/669 662/662/662 665/665/665 
f 669/669/669 665/665/665 670/670/670 
f 670/670/670 665/665/665 671/671/671 
f 679/679/679 678/678/678 677/677/677 
f 678/678/678 679/679/679 680/680/680 
f 681/681/681 680/680/680 679/679/679 
f 680/680/680 681/681/681 682/682/682 
f 686/686/686 685/685/685 683/683/683 
f 685/685/685 686/686/686 687/687/687 
f 688/688/688 687/687/687 686/686/686 
f 687/687/687 688/688/688 689/689/689 
f 693/693/693 694/694/694 695/695/695 
f 693/693/693 695/695/695 696/696/696 
f 697/697/697 698/698/698 699/699/699 
f 698/698/698 700/700/700 699/699/699 
f 698/698/698 701/701/701 700/700/700 
f 701/701/701 702/702/702 700/700/700 
f 703/703/703 704/704/704 705/705/705 
f 706/706/706 703/703/703 705/705/705 
f 704/704/704 703/703/703 707/707/707 
f 703/703/703 706/706/706 708/708/708 
f 707/707/707 709/709/709 704/704/704 
f 710/710/710 708/708/708 706/706/706 
f 709/709/709 707/707/707 711/711/711 
f 710/710/710 706/706/706 712/712/712 
f 711/711/711 713/713/713 709/709/709 
f 714/714/714 710/710/710 712/712/712 
f 713/713/713 711/711/711 715/715/715 
f 710/710/710 714/714/714 716/716/716 
f 717/717/717 713/713/713 715/715/715 
f 718/718/718 716/716/716 714/714/714 
f 713/713/713 717/717/717 718/718/718 
f 716/716/716 718/718/718 717/717/717 
f 719/719/719 720/720/720 721/721/721 
f 719/719/719 721/721/721 722/722/722 
f 723/723/723 724/724/724 725/725/725 
f 725/725/725 724/724/724 726/726/726 
f 727/727/727 723/723/723 725/725/725 
f 723/723/723 727/727/727 728/728/728 
f 729/729/729 730/730/730 731/731/731 
f 731/731/731 730/730/730 732/732/732 
f 729/729/729 731/731/731 733/733/733 
f 729/729/729 733/733/733 734/734/734 
f 753/753/753 754/754/754 755/755/755 
f 755/755/755 754/754/754 756/756/756 
f 759/759/759 760/760/760 761/761/761 
f 761/761/761 760/760/760 762/762/762 
f 791/791/791 792/792/792 793/793/793 
f 793/793/793 792/792/792 794/794/794 
f 796/796/796 797/797/797 798/798/798 
f 798/798/798 797/797/797 799/799/799 
f 802/802/802 803/803/803 804/804/804 
f 804/804/804 803/803/803 805/805/805 
f 806/806/806 807/807/807 808/808/808 
f 808/808/808 807/807/807 809/809/809 
f 810/810/810 811/811/811 812/812/812 
f 812/812/812 811/811/811 813/813/813 
f 814/814/814 815/815/815 816/816/816 
f 817/817/817 814/814/814 816/816/816 
f 815/815/815 814/814/814 818/818/818 
f 814/814/814 817/817/817 819/819/819 
f 820/820/820 815/815/815 818/818/818 
f 821/821/821 819/819/819 817/817/817 
f 815/815/815 820/820/820 822/822/822 
f 821/821/821 817/817/817 823/823/823 
f 820/820/820 824/824/824 822/822/822 
f 825/825/825 821/821/821 823/823/823 
f 824/824/824 820/820/820 826/826/826 
f 821/821/821 825/825/825 827/827/827 
f 828/828/828 824/824/824 826/826/826 
f 825/825/825 828/828/828 827/827/827 
f 824/824/824 828/828/828 829/829/829 
f 828/828/828 825/825/825 829/829/829 
f 830/830/830 831/831/831 832/832/832 
f 831/831/831 833/833/833 832/832/832 
f 834/834/834 835/835/835 836/836/836 
f 835/835/835 834/834/834 837/837/837 
f 837/837/837 834/834/834 838/838/838 
f 837/837/837 838/838/838 839/839/839 
f 840/840/840 841/841/841 842/842/842 
f 841/841/841 840/840/840 843/843/843 
f 844/844/844 845/845/845 846/846/846 
f 845/845/845 844/844/844 847/847/847 
f 847/847/847 844/844/844 848/848/848 
f 847/847/847 848/848/848 849/849/849 
f 850/850/850 851/851/851 852/852/852 
f 851/851/851 853/853/853 852/852/852 
f 851/851/851 854/854/854 855/855/855 
f 854/854/854 856/856/856 855/855/855 
f 857/857/857 858/858/858 856/856/856 
f 858/858/858 859/859/859 856/856/856 
f 883/883/883 882/882/882 881/881/881 
f 882/882/882 883/883/883 884/884/884 
f 885/885/885 884/884/884 883/883/883 
f 884/884/884 885/885/885 886/886/886 
f 889/889/889 888/888/888 887/887/887 
f 888/888/888 889/889/889 890/890/890 
f 891/891/891 890/890/890 889/889/889 
f 890/890/890 891/891/891 892/892/892 
f 904/904/904 905/905/905 906/906/906 
f 906/906/906 907/907/907 904/904/904 
f 912/912/912 913/913/913 914/914/914 
f 913/913/913 915/915/915 914/914/914 
f 915/915/915 913/913/913 916/916/916 
f 914/914/914 917/917/917 912/912/912 
f 912/912/912 917/917/917 918/918/918 
f 919/919/919 918/918/918 917/917/917 
f 920/920/920 921/921/921 922/922/922 
f 923/923/923 922/922/922 921/921/921 
f 921/921/921 920/920/920 924/924/924 
f 925/925/925 924/924/924 920/920/920 
f 926/926/926 927/927/927 928/928/928 
f 926/926/926 928/928/928 929/929/929 
f 929/929/929 928/928/928 930/930/930 
f 929/929/929 930/930/930 931/931/931 
f 932/932/932 931/931/931 930/930/930 
f 931/931/931 932/932/932 933/933/933 
f 936/936/936 935/935/935 934/934/934 
f 936/936/936 937/937/937 935/935/935 
f 938/938/938 937/937/937 936/936/936 
f 938/938/938 939/939/939 937/937/937 
f 943/943/943 944/944/944 945/945/945 
f 943/943/943 945/945/945 946/946/946 
f 946/946/946 945/945/945 947/947/947 
f 946/946/946 947/947/947 948/948/948 
f 951/951/951 952/952/952 953/953/953 
f 951/951/951 953/953/953 954/954/954 
f 958/958/958 959/959/959 960/960/960 
f 960/960/960 959/959/959 961/961/961 
f 968/968/968 969/969/969 967/967/967 
f 969/969/969 968/968/968 970/970/970 
f 970/970/970 971/971/971 969/969/969 
f 971/971/971 970/970/970 972/972/972 
f 973/973/973 975/975/975 976/976/976 
f 978/978/978 976/976/976 975/975/975 
f 976/976/976 978/978/978 979/979/979 
f 977/977/977 979/979/979 978/978/978 
f 989/989/989 991/991/991 992/992/992 
f 994/994/994 992/992/992 991/991/991 
f 992/992/992 994/994/994 995/995/995 
f 993/993/993 995/995/995 994/994/994 
f 998/998/998 999/999/999 1000/1000/1000 
f 1000/1000/1000 999/999/999 1001/1001/1001 
f 998/998/998 1002/1002/1002 999/999/999 
f 1003/1003/1003 1002/1002/1002 998/998/998 
f 1007/1007/1007 1005/1005/1005 1004/1004/1004 
f 1007/1007/1007 1008/1008/1008 1005/1005/1005 
f 1009/1009/1009 1008/1008/1008 1007/1007/1007 
f 1009/1009/1009 1010/1010/1010 1008/1008/1008 
f 1011/1011/1011 1013/1013/1013 1012/1012/1012 
f 1011/1011/1011 1014/1014/1014 1013/1013/1013 
f 1018/1018/1018 1016/1016/1016 1015/1015/1015 
f 1018/1018/1018 1019/1019/1019 1016/1016/1016 
f 1020/1020/1020 1019/1019/1019 1018/1018/1018 
f 1020/1020/1020 1021/1021/1021 1019/1019/1019 
f 1022/1022/1022 1023/1023/1023 1024/1024/1024 
f 1022/1022/1022 1024/1024/1024 1025/1025/1025 
f 1025/1025/1025 1024/1024/1024 1026/1026/1026 
f 1025/1025/1025 1026/1026/1026 1027/1027/1027 
f 1028/1028/1028 1030/1030/1030 1029/1029/1029 
f 1028/1028/1028 1031/1031/1031 1030/1030/1030 
f 1083/1083/1083 1082/1082/1082 1081/1081/1081 
f 1083/1083/1083 1084/1084/1084 1082/1082/1082 
f 1085/1085/1085 1084/1084/1084 1083/1083/1083 
f 1085/1085/1085 1086/1086/1086 1084/1084/1084 
f 1089/1089/1089 1090/1090/1090 1091/1091/1091 
f 1089/1089/1089 1091/1091/1091 1092/1092/1092 
f 1094/1094/1094 1093/1093/1093 1095/1095/1095 
f 1094/1094/1094 1095/1095/1095 1096/1096/1096 
f 1098/1098/1098 1099/1099/1099 1100/1100/1100 
f 1101/1101/1101 1100/1100/1100 1099/1099/1099 
f 1103/1103/1103 1104/1104/1104 1105/1105/1105 
f 1104/1104/1104 1103/1103/1103 1106/1106/1106 
f 1107/1107/1107 1108/1108/1108 1109/1109/1109 
f 1109/1109/1109 1108/1108/1108 1110/1110/1110 
f 1111/1111/1111 1112/1112/1112 1110/1110/1110 
f 1110/1110/1110 1112/1112/1112 1113/1113/1113 
f 1114/1114/1114 1115/1115/1115 1113/1113/1113 
f 1115/1115/1115 1114/1114/1114 1116/1116/1116 
f 1120/1120/1120 1121/1121/1121 1122/1122/1122 
f 1122/1122/1122 1121/1121/1121 1123/1123/1123 
f 1126/1126/1126 1127/1127/1127 1128/1128/1128 
f 1127/1127/1127 1129/1129/1129 1128/1128/1128 
f 1130/1130/1130 1131/1131/1131 1132/1132/1132 
f 1133/1133/1133 1132/1132/1132 1131/1131/1131 
f 1134/1134/1134 1135/1135/1135 1136/1136/1136 
f 1135/1135/1135 1134/1134/1134 1137/1137/1137 
f 1134/1134/1134 1138/1138/1138 1137/1137/1137 
f 1137/1137/1137 1138/1138/1138 1139/1139/1139 
f 1140/1140/1140 1141/1141/1141 1142/1142/1142 
f 1141/1141/1141 1140/1140/1140 1143/1143/1143 
f 1140/1140/1140 1144/1144/1144 1143/1143/1143 
f 1143/1143/1143 1144/1144/1144 1145/1145/1145 
f 1146/1146/1146 1147/1147/1147 1148/1148/1148 
f 1147/1147/1147 1146/1146/1146 1149/1149/1149 
f 1151/1151/1151 1152/1152/1152 1150/1150/1150 
f 1152/1152/1152 1151/1151/1151 1153/1153/1153 
f 1154/1154/1154 1155/1155/1155 1156/1156/1156 
f 1157/1157/1157 1156/1156/1156 1155/1155/1155 
f 1156/1156/1156 1157/1157/1157 1158/1158/1158 
f 1159/1159/1159 1158/1158/1158 1157/1157/1157 
f 1160/1160/1160 1161/1161/1161 1162/1162/1162 
f 1161/1161/1161 1160/1160/1160 1163/1163/1163 
f 1164/1164/1164 1165/1165/1165 1166/1166/1166 
f 1165/1165/1165 1164/1164/1164 1167/1167/1167 
f 1164/1164/1164 1166/1166/1166 1168/1168/1168 
f 1165/1165/1165 1169/1169/1169 1166/1166/1166 
f 1166/1166/1166 1169/1169/1169 1170/1170/1170 
f 1169/1169/1169 1165/1165/1165 1171/1171/1171 
f 1174/1174/1174 1175/1175/1175 1176/1176/1176 
f 1177/1177/1177 1176/1176/1176 1175/1175/1175 
f 1178/1178/1178 1179/1179/1179 1180/1180/1180 
f 1179/1179/1179 1178/1178/1178 1181/1181/1181 
f 1182/1182/1182 1183/1183/1183 1184/1184/1184 
f 1185/1185/1185 1184/1184/1184 1183/1183/1183 
f 1187/1187/1187 1188/1188/1188 1189/1189/1189 
f 1187/1187/1187 1189/1189/1189 1190/1190/1190 
f 1191/1191/1191 1192/1192/1192 1193/1193/1193 
f 1192/1192/1192 1191/1191/1191 1194/1194/1194 
f 1192/1192/1192 1195/1195/1195 1193/1193/1193 
f 1192/1192/1192 1196/1196/1196 1195/1195/1195 
f 1197/1197/1197 1198/1198/1198 1200/1200/1200 
f 1201/1201/1201 1200/1200/1200 1198/1198/1198 
f 1200/1200/1200 1201/1201/1201 1203/1203/1203 
f 1204/1204/1204 1203/1203/1203 1201/1201/1201 
f 1206/1206/1206 1207/1207/1207 1208/1208/1208 
f 1207/1207/1207 1206/1206/1206 1209/1209/1209 
f 1209/1209/1209 1210/1210/1210 1207/1207/1207 
f 1210/1210/1210 1209/1209/1209 1211/1211/1211 
f 1212/1212/1212 1213/1213/1213 1214/1214/1214 
f 1212/1212/1212 1214/1214/1214 1215/1215/1215 
f 1216/1216/1216 1214/1214/1214 1213/1213/1213 
f 1214/1214/1214 1216/1216/1216 1217/1217/1217 
f 1218/1218/1218 1219/1219/1219 1220/1220/1220 
f 1219/1219/1219 1218/1218/1218 1221/1221/1221 
f 1222/1222/1222 1223/1223/1223 1224/1224/1224 
f 1222/1222/1222 1224/1224/1224 1225/1225/1225 
f 1226/1226/1226 1227/1227/1227 1228/1228/1228 
f 1227/1227/1227 1226/1226/1226 1229/1229/1229 
f 1227/1227/1227 1229/1229/1229 1230/1230/1230 
f 1227/1227/1227 1230/1230/1230 1231/1231/1231 
f 1232/1232/1232 1233/1233/1233 1234/1234/1234 
f 1232/1232/1232 1234/1234/1234 1235/1235/1235 
f 1238/1238/1238 1237/1237/1237 1236/1236/1236 
f 1238/1238/1238 1239/1239/1239 1237/1237/1237 
f 1240/1240/1240 1239/1239/1239 1238/1238/1238 
f 1240/1240/1240 1241/1241/1241 1239/1239/1239 
f 1242/1242/1242 1243/1243/1243 1244/1244/1244 
f 1243/1243/1243 1242/1242/1242 1245/1245/1245 
f 1242/1242/1242 1244/1244/1244 1246/1246/1246 
f 1243/1243/1243 1247/1247/1247 1244/1244/1244 
f 1244/1244/1244 1247/1247/1247 1248/1248/1248 
f 1247/1247/1247 1243/1243/1243 1249/1249/1249 
f 1252/1252/1252 1251/1251/1251 1250/1250/1250 
f 1252/1252/1252 1253/1253/1253 1251/1251/1251 
f 1254/1254/1254 1253/1253/1253 1252/1252/1252 
f 1254/1254/1254 1255/1255/1255 1253/1253/1253 
f 1256/1256/1256 1257/1257/1257 1258/1258/1258 
f 1256/1256/1256 1258/1258/1258 1259/1259/1259 
f 1261/1261/1261 1260/1260/1260 1262/1262/1262 
f 1261/1261/1261 1262/1262/1262 1263/1263/1263 

g Trigger
# 12613284036

v -579.743 4.7014 0.0478178 
v -580.228 4.7014 0.0478178 
v -579.743 5.74466 -0.198967 
v -580.228 4.87995 0.0055806 
v -579.743 4.87995 0.0055806 
v -580.228 5.74466 -0.198967 
v -579.743 4.82044 0.0196588 
v -580.228 4.82044 0.0196588 
v -579.743 4.7014 0.0478178 
v -580.228 4.7014 0.0478178 
v -579.721 5.32443 -1.09036 
v -579.721 5.5471 -1.07689 
v -579.721 5.67264 -0.0933011 
v -580.25 5.5471 -1.07689 
v -580.25 5.32443 -1.09036 
v -579.721 5.67264 -0.0933011 
v -580.25 5.67264 -0.0933011 
v -579.721 5.5471 -0.143518 
v -580.25 5.5471 -0.143518 
v -579.721 5.5471 -1.07689 
v -580.25 5.5471 -1.07689 
v -579.721 5.32443 -1.09036 
v -580.25 5.32443 -1.09036 
v -580.25 5.98086 -2.03537 
v -579.721 5.98086 -2.03537 
v -580.25 5.98086 -2.03537 
v -580.25 5.98086 0.0416512 
v -579.721 5.98086 -2.03537 
v -579.721 5.98086 0.0416512 
v -580.25 5.98086 -2.03537 
v -579.721 5.74797 -2.03537 
v -580.25 5.44667 -1.93493 
v -579.743 4.7014 0.0478178 
v -580.228 4.55478 -0.572012 
v -580.228 4.7014 0.0478178 
v -580.25 5.98086 0.0416512 
v -580.228 4.87995 0.0055806 
v -580.228 5.74466 -0.198967 
v -580.25 5.67264 -0.0933011 
v -580.25 5.5471 -1.07689 
v -580.25 5.5471 -0.143518 
v -580.25 5.98086 0.0416512 
v -580.25 5.72286 0.0416512 
v -580.25 5.98086 -2.03537 
v -580.25 5.67264 -1.93493 
v -580.25 5.74797 -2.03537 
v -580.25 5.44667 -1.93493 
v -580.25 5.32443 -1.09036 
v -580.228 4.87995 0.0055806 
v -580.228 5.61212 -0.75928 
v -580.228 4.74741 -0.554732 
v -580.228 5.74466 -0.198967 
v -580.228 4.82044 0.0196588 
v -580.228 4.67382 -0.600168 
v -580.228 4.7014 0.0478178 
v -580.228 4.55478 -0.572012 
v -580.25 5.98086 -2.03537 
v -579.721 5.98086 -2.03537 
v -579.721 5.74797 -2.03537 
v -580.25 5.74797 -2.03537 
v -579.721 5.44667 -1.93493 
v -580.25 5.44667 -1.93493 
v -579.721 5.67264 -1.93493 
v -580.25 5.67264 -1.93493 
v -579.743 4.55478 -0.572012 
v -580.228 4.55478 -0.572012 
v -579.743 5.61212 -0.75928 
v -580.228 5.61212 -0.75928 
v -580.228 4.55478 -0.572012 
v -579.743 4.67382 -0.600168 
v -579.743 4.55478 -0.572012 
v -580.228 4.67382 -0.600168 
v -580.228 4.74741 -0.554732 
v -580.228 5.61212 -0.75928 
v -579.743 4.74741 -0.554732 
v -579.743 5.61212 -0.75928 
v -579.743 4.67382 -0.600168 
v -580.228 4.67382 -0.600168 
v -579.743 4.74741 -0.554732 
v -580.228 4.74741 -0.554732 
v -579.721 5.44667 -1.93493 
v -580.25 5.44667 -1.93493 
v -579.743 4.55478 -0.572012 
v -579.743 4.7014 0.0478178 
v -580.228 4.55478 -0.572012 
v -580.228 4.7014 0.0478178 
v -580.228 5.74466 -0.198967 
v -579.721 5.67264 -1.93493 
v -580.25 5.67264 -1.93493 
v -579.721 5.74797 -2.03537 
v -580.25 5.74797 -2.03537 
v -579.721 5.32443 -1.09036 
v -579.721 5.5471 -1.07689 
v -579.721 5.67264 -0.0933011 
v -580.25 5.5471 -1.07689 
v -580.25 5.32443 -1.09036 
v -579.721 5.67264 -0.0933011 
v -580.25 5.67264 -0.0933011 
v -580.25 5.72286 0.0416512 
v -579.721 5.72286 0.0416512 
v -579.721 5.32443 -1.09036 
v -580.25 5.44667 -1.93493 
v -579.721 5.44667 -1.93493 
v -580.25 5.32443 -1.09036 
v -580.25 5.5471 -0.143518 
v -580.25 5.5471 -1.07689 
v -579.721 5.5471 -0.143518 
v -579.721 5.5471 -1.07689 
v -579.721 5.98086 -2.03537 
v -579.721 5.74797 -2.03537 
v -579.721 5.44667 -1.93493 
v -579.743 4.55478 -0.572012 
v -579.743 4.7014 0.0478178 
v -580.228 4.55478 -0.572012 
v -580.25 5.98086 0.0416512 
v -579.743 4.87995 0.0055806 
v -579.721 5.32443 -1.09036 
v -579.721 5.44667 -1.93493 
v -579.721 5.5471 -1.07689 
v -579.721 5.67264 -1.93493 
v -579.721 5.98086 -2.03537 
v -579.721 5.74797 -2.03537 
v -579.721 5.98086 0.0416512 
v -579.721 5.67264 -0.0933011 
v -579.721 5.5471 -0.143518 
v -579.721 5.72286 0.0416512 
v -579.743 4.87995 0.0055806 
v -579.743 5.61212 -0.75928 
v -579.743 5.74466 -0.198967 
v -579.743 4.74741 -0.554732 
v -579.743 4.82044 0.0196588 
v -579.743 4.67382 -0.600168 
v -579.743 4.7014 0.0478178 
v -579.743 4.55478 -0.572012 

vn 0 -0.976378 0.228346 
vn 0 -0.976378 0.228346 
vn 0 0.228346 0.976378 
vn 0 0.228346 0.976378 
vn 0 0.228346 0.976378 
vn 0 0.228346 0.976378 
vn 0 0.228346 0.976378 
vn 0 0.228346 0.976378 
vn 0 0.228346 0.976378 
vn 0 0.228346 0.976378 
vn 1 0 0 
vn 1 0 0 
vn 1 0 0 
vn -1 0 0 
vn -1 0 0 
vn 0 -0.716535 0.700787 
vn 0 -0.716535 0.700787 
vn 0 -0.370079 0.929134 
vn 0 -0.370079 0.929134 
vn 0 -0.0629921 1 
vn 0 -0.0629921 1 
vn 0 -0.0629921 1 
vn 0 -0.0629921 1 
vn 0 0 -1 
vn 0 0 -1 
vn 0 1 0 
vn 0 1 0 
vn 0 1 0 
vn 0 1 0 
vn 0 0 -1 
vn 0 0 -1 
vn 0 0 -1 
vn 0 -0.976378 0.228346 
vn 0 -0.976378 0.228346 
vn 0 -0.976378 0.228346 
vn 0 1 0 
vn 0 0.228346 0.976378 
vn 0 0.228346 0.976378 
vn -1 0 0 
vn -1 0 0 
vn -1 0 0 
vn -1 0 0 
vn -1 0 0 
vn -1 0 0 
vn -1 0 0 
vn -1 0 0 
vn -1 0 0 
vn -1 0 0 
vn -1 0 0 
vn -1 0 0 
vn -1 0 0 
vn -1 0 0 
vn -1 0 0 
vn -1 0 0 
vn -1 0 0 
vn -1 0 0 
vn 0 0 -1 
vn 0 0 -1 
vn 0 0 -1 
vn 0 0 -1 
vn 0 0 -1 
vn 0 0 -1 
vn 0 0 -1 
vn 0 0 -1 
vn 0 -0.976378 0.228346 
vn 0 -0.976378 0.228346 
vn 1 0 0 
vn -1 0 0 
vn 0 -0.228346 -0.976378 
vn 0 -0.228346 -0.976378 
vn 0 -0.228346 -0.976378 
vn 0 -0.228346 -0.976378 
vn 0 -0.228346 -0.976378 
vn 0 -0.228346 -0.976378 
vn 0 -0.228346 -0.976378 
vn 0 -0.228346 -0.976378 
vn 0 0.527559 -0.850394 
vn 0 0.527559 -0.850394 
vn 0 0.527559 -0.850394 
vn 0 0.527559 -0.850394 
vn 0 0 -1 
vn 0 0 -1 
vn 0 -0.976378 0.228346 
vn 0 -0.976378 0.228346 
vn 0 -0.976378 0.228346 
vn 0 -0.976378 0.228346 
vn 0 0.228346 0.976378 
vn 0 -0.80315 -0.598425 
vn 0 -0.80315 -0.598425 
vn 0 -0.80315 -0.598425 
vn 0 -0.80315 -0.598425 
vn 1 0 0 
vn 1 0 0 
vn 1 0 0 
vn -1 0 0 
vn -1 0 0 
vn 0 -0.716535 0.700787 
vn 0 -0.716535 0.700787 
vn 0 -0.937008 0.346457 
vn 0 -0.937008 0.346457 
vn 0 -0.992126 -0.141732 
vn 0 -0.992126 -0.141732 
vn 0 -0.992126 -0.141732 
vn 0 -0.992126 -0.141732 
vn 0 -1 0 
vn 0 -1 0 
vn 0 -1 0 
vn 0 -1 0 
vn 0 0 -1 
vn 0 0 -1 
vn 0 0 -1 
vn 0 -0.976378 0.228346 
vn 0 -0.976378 0.228346 
vn 0 -0.976378 0.228346 
vn 0 1 0 
vn 0 0.228346 0.976378 
vn 1 0 0 
vn 1 0 0 
vn 1 0 0 
vn 1 0 0 
vn 1 0 0 
vn 1 0 0 
vn 1 0 0 
vn 1 0 0 
vn 1 0 0 
vn 1 0 0 
vn 1 0 0 
vn 1 0 0 
vn 1 0 0 
vn 1 0 0 
vn 1 0 0 
vn 1 0 0 
vn 1 0 0 
vn 1 0 0 

vt 36.0303 -9.0708 
vt 35.9697 -9.0708 
vt 36.0303 -8.94039 
vt 35.9697 -9.04848 
vt 36.0303 -9.04848 
vt 35.9697 -8.94039 
vt 36.0303 -9.05592 
vt 35.9697 -9.05592 
vt 36.0303 -9.0708 
vt 35.9697 -9.0708 
vt 36.0331 -8.99292 
vt 36.0331 -8.96509 
vt 36.0331 -8.9494 
vt 35.9669 -8.96509 
vt 35.9669 -8.99292 
vt 36.0331 -8.9494 
vt 35.9669 -8.9494 
vt 36.0331 -8.96509 
vt 35.9669 -8.96509 
vt 36.0331 -8.96509 
vt 35.9669 -8.96509 
vt 36.0331 -8.99292 
vt 35.9669 -8.99292 
vt 36.1302 -8.96694 
vt 36.1302 -9.03306 
vt 36.1302 -8.96694 
vt 35.8706 -8.96694 
vt 36.1302 -9.03306 
vt 35.8706 -9.03306 
vt 35.8698 -8.91087 
vt 35.8698 -8.93998 
vt 35.8824 -8.97764 
vt 36.1302 -9.0708 
vt 36.0527 -9.08913 
vt 36.1302 -9.0708 
vt 36.1294 -8.91087 
vt 36.1249 -9.04848 
vt 36.0993 -8.94039 
vt 36.1126 -8.9494 
vt 35.9896 -8.96509 
vt 36.1063 -8.96509 
vt 36.1294 -8.91087 
vt 36.1294 -8.94312 
vt 35.8698 -8.91087 
vt 35.8824 -8.9494 
vt 35.8698 -8.93998 
vt 35.8824 -8.97764 
vt 35.9879 -8.99292 
vt 36.1249 -9.04848 
vt 36.0293 -8.95696 
vt 36.0549 -9.06505 
vt 36.0993 -8.94039 
vt 36.1267 -9.05592 
vt 36.0492 -9.07425 
vt 36.1302 -9.0708 
vt 36.0527 -9.08913 
vt 36.0331 -8.91087 
vt 35.9669 -8.91087 
vt 35.9669 -8.93998 
vt 36.0331 -8.93998 
vt 35.9669 -8.97764 
vt 36.0331 -8.97764 
vt 35.9669 -8.9494 
vt 36.0331 -8.9494 
vt 35.9697 -9.08913 
vt 36.0303 -9.08913 
vt 35.9697 -8.95696 
vt 36.0303 -8.95696 
vt 36.0303 -9.08913 
vt 35.9697 -9.07425 
vt 35.9697 -9.08913 
vt 36.0303 -9.07425 
vt 36.0303 -9.06505 
vt 36.0303 -8.95696 
vt 35.9697 -9.06505 
vt 35.9697 -8.95696 
vt 35.9697 -9.07425 
vt 36.0303 -9.07425 
vt 35.9697 -9.06505 
vt 36.0303 -9.06505 
vt 35.8824 -9.03306 
vt 35.8824 -8.96694 
vt 36.0527 -9.03031 
vt 36.1302 -9.03031 
vt 36.0527 -8.96969 
vt 36.1302 -8.96969 
vt 36.0993 -8.96969 
vt 35.8824 -9.03306 
vt 35.8824 -8.96694 
vt 35.8698 -9.03306 
vt 35.8698 -8.96694 
vt 35.9879 -9.03306 
vt 35.9896 -9.03306 
vt 36.1126 -9.03306 
vt 35.9896 -8.96694 
vt 35.9879 -8.96694 
vt 36.1126 -9.03306 
vt 36.1126 -8.96694 
vt 36.1294 -8.96694 
vt 36.1294 -9.03306 
vt 35.9879 -9.03306 
vt 35.8824 -8.96694 
vt 35.8824 -9.03306 
vt 35.9879 -8.96694 
vt 36.1063 -8.96694 
vt 35.9896 -8.96694 
vt 36.1063 -9.03306 
vt 35.9896 -9.03306 
vt 36.1302 -8.91087 
vt 36.1302 -8.93998 
vt 36.1176 -8.97764 
vt 35.9473 -9.08913 
vt 35.8698 -9.0708 
vt 35.9473 -9.08913 
vt 35.8706 -8.91087 
vt 35.8751 -9.04848 
vt 36.0121 -8.99292 
vt 36.1176 -8.97764 
vt 36.0104 -8.96509 
vt 36.1176 -8.9494 
vt 36.1302 -8.91087 
vt 36.1302 -8.93998 
vt 35.8706 -8.91087 
vt 35.8874 -8.9494 
vt 35.8937 -8.96509 
vt 35.8706 -8.94312 
vt 35.8751 -9.04848 
vt 35.9707 -8.95696 
vt 35.9007 -8.94039 
vt 35.9451 -9.06505 
vt 35.8733 -9.05592 
vt 35.9508 -9.07425 
vt 35.8698 -9.0708 
vt 35.9473 -9.08913 

usemtl Meshpart2Mtl

f 1266/1266/1266 1267/1267/1267 1268/1268/1268 
f 1267/1267/1267 1266/1266/1266 1269/1269/1269 
f 1268/1268/1268 1267/1267/1267 1270/1270/1270 
f 1270/1270/1270 1267/1267/1267 1271/1271/1271 
f 1270/1270/1270 1271/1271/1271 1272/1272/1272 
f 1272/1272/1272 1271/1271/1271 1273/1273/1273 
f 1279/1279/1279 1280/1280/1280 1281/1281/1281 
f 1281/1281/1281 1280/1280/1280 1282/1282/1282 
f 1283/1283/1283 1284/1284/1284 1285/1285/1285 
f 1285/1285/1285 1284/1284/1284 1286/1286/1286 
f 1289/1289/1289 1290/1290/1290 1291/1291/1291 
f 1292/1292/1292 1291/1291/1291 1290/1290/1290 
f 1302/1302/1302 1303/1303/1303 1304/1304/1304 
f 1305/1305/1305 1302/1302/1302 1306/1306/1306 
f 1305/1305/1305 1303/1303/1303 1302/1302/1302 
f 1303/1303/1303 1305/1305/1305 1307/1307/1307 
f 1307/1307/1307 1308/1308/1308 1303/1303/1303 
f 1308/1308/1308 1307/1307/1307 1309/1309/1309 
f 1310/1310/1310 1303/1303/1303 1308/1308/1308 
f 1303/1303/1303 1310/1310/1310 1311/1311/1311 
f 1312/1312/1312 1313/1313/1313 1314/1314/1314 
f 1313/1313/1313 1312/1312/1312 1315/1315/1315 
f 1312/1312/1312 1314/1314/1314 1316/1316/1316 
f 1317/1317/1317 1316/1316/1316 1314/1314/1314 
f 1316/1316/1316 1317/1317/1317 1318/1318/1318 
f 1318/1318/1318 1317/1317/1317 1319/1319/1319 
f 1320/1320/1320 1321/1321/1321 1322/1322/1322 
f 1322/1322/1322 1323/1323/1323 1320/1320/1320 
f 1324/1324/1324 1325/1325/1325 1326/1326/1326 
f 1326/1326/1326 1325/1325/1325 1327/1327/1327 
f 1332/1332/1332 1333/1333/1333 1334/1334/1334 
f 1333/1333/1333 1332/1332/1332 1335/1335/1335 
f 1336/1336/1336 1337/1337/1337 1338/1338/1338 
f 1339/1339/1339 1338/1338/1338 1337/1337/1337 
f 1340/1340/1340 1341/1341/1341 1342/1342/1342 
f 1342/1342/1342 1341/1341/1341 1343/1343/1343 
f 1346/1346/1346 1347/1347/1347 1348/1348/1348 
f 1347/1347/1347 1349/1349/1349 1348/1348/1348 
f 1351/1351/1351 1352/1352/1352 1353/1353/1353 
f 1353/1353/1353 1352/1352/1352 1354/1354/1354 
f 1360/1360/1360 1362/1362/1362 1361/1361/1361 
f 1363/1363/1363 1362/1362/1362 1360/1360/1360 
f 1364/1364/1364 1365/1365/1365 1366/1366/1366 
f 1365/1365/1365 1364/1364/1364 1367/1367/1367 
f 1368/1368/1368 1369/1369/1369 1370/1370/1370 
f 1371/1371/1371 1370/1370/1370 1369/1369/1369 
f 1380/1380/1380 1381/1381/1381 1382/1382/1382 
f 1383/1383/1383 1382/1382/1382 1381/1381/1381 
f 1383/1383/1383 1384/1384/1384 1382/1382/1382 
f 1384/1384/1384 1383/1383/1383 1385/1385/1385 
f 1382/1382/1382 1384/1384/1384 1386/1386/1386 
f 1387/1387/1387 1382/1382/1382 1386/1386/1386 
f 1388/1388/1388 1382/1382/1382 1387/1387/1387 
f 1387/1387/1387 1386/1386/1386 1389/1389/1389 
f 1390/1390/1390 1391/1391/1391 1392/1392/1392 
f 1391/1391/1391 1390/1390/1390 1393/1393/1393 
f 1394/1394/1394 1393/1393/1393 1390/1390/1390 
f 1393/1393/1393 1394/1394/1394 1395/1395/1395 
f 1396/1396/1396 1395/1395/1395 1394/1394/1394 
f 1395/1395/1395 1396/1396/1396 1397/1397/1397 

g Bolts
# 12613283569

v -580.266 5.95197 -1.93908 
v -579.704 5.95197 -1.93908 
v -580.266 5.93118 -1.8889 
v -579.704 5.93118 -1.8889 
v -580.266 5.881 -1.86811 
v -579.704 5.881 -1.86811 
v -580.266 5.83082 -1.8889 
v -579.704 5.83082 -1.8889 
v -580.266 5.82934 -0.35375 
v -579.704 5.82934 -0.35375 
v -580.266 5.77916 -0.332965 
v -579.704 5.77916 -0.332965 
v -580.266 5.72897 -0.35375 
v -579.704 5.72897 -0.35375 
v -579.704 5.93118 -1.98927 
v -580.266 5.95197 -1.93908 
v -579.704 5.95197 -1.93908 
v -580.266 5.93118 -1.8889 
v -580.266 5.93118 -1.98927 
v -579.704 5.93118 -1.8889 
v -580.266 5.881 -1.86811 
v -579.704 5.881 -1.86811 
v -579.704 5.83082 -1.98927 
v -580.266 5.83082 -1.98927 
v -579.704 5.82934 -0.454116 
v -580.266 5.85012 -0.403934 
v -579.704 5.85012 -0.403934 
v -580.266 5.82934 -0.35375 
v -580.266 5.82934 -0.454116 
v -579.704 5.82934 -0.35375 
v -580.266 5.93118 -1.8889 
v -580.266 5.93118 -1.98927 
v -580.266 5.881 -2.01005 
v -580.266 5.95197 -1.93908 
v -580.266 5.81003 -1.93908 
v -580.266 5.83082 -1.98927 
v -580.266 5.83082 -1.8889 
v -580.266 5.881 -1.86811 
v -580.266 5.72897 -0.454116 
v -580.266 5.82934 -0.454116 
v -580.266 5.77916 -0.474903 
v -580.266 5.85012 -0.403934 
v -580.266 5.77916 -0.332965 
v -580.266 5.82934 -0.35375 
v -580.266 5.72897 -0.35375 
v -580.266 5.70819 -0.403934 
v -579.704 5.93118 -1.98927 
v -580.266 5.93118 -1.98927 
v -579.704 5.881 -2.01005 
v -580.266 5.881 -2.01005 
v -579.704 5.83082 -1.98927 
v -580.266 5.83082 -1.98927 
v -579.704 5.82934 -0.454116 
v -580.266 5.82934 -0.35375 
v -580.266 5.82934 -0.454116 
v -579.704 5.82934 -0.35375 
v -579.704 5.77916 -0.474903 
v -580.266 5.77916 -0.474903 
v -579.704 5.72897 -0.454116 
v -580.266 5.72897 -0.454116 
v -580.266 5.881 -1.86811 
v -579.704 5.881 -1.86811 
v -579.704 5.83082 -1.98927 
v -580.266 5.83082 -1.8889 
v -580.266 5.83082 -1.98927 
v -579.704 5.83082 -1.8889 
v -579.704 5.81003 -1.93908 
v -580.266 5.81003 -1.93908 
v -579.704 5.77916 -0.474903 
v -580.266 5.77916 -0.474903 
v -579.704 5.72897 -0.454116 
v -580.266 5.72897 -0.35375 
v -580.266 5.72897 -0.454116 
v -579.704 5.72897 -0.35375 
v -579.704 5.70819 -0.403934 
v -580.266 5.70819 -0.403934 
v -579.704 5.93118 -1.8889 
v -579.704 5.83082 -1.8889 
v -579.704 5.81003 -1.93908 
v -579.704 5.881 -1.86811 
v -579.704 5.881 -2.01005 
v -579.704 5.83082 -1.98927 
v -579.704 5.93118 -1.98927 
v -579.704 5.95197 -1.93908 
v -579.704 5.77916 -0.332965 
v -579.704 5.85012 -0.403934 
v -579.704 5.82934 -0.35375 
v -579.704 5.72897 -0.454116 
v -579.704 5.82934 -0.454116 
v -579.704 5.77916 -0.474903 
v -579.704 5.72897 -0.35375 
v -579.704 5.70819 -0.403934 

vn 0 1 0 
vn 0 1 0 
vn 0 0.708661 0.708661 
vn 0 0.708661 0.708661 
vn 0 0 1 
vn 0 0 1 
vn 0 -0.708661 0.708661 
vn 0 -0.708661 0.708661 
vn 0 0.708661 0.708661 
vn 0 0.708661 0.708661 
vn 0 0 1 
vn 0 0 1 
vn 0 -0.708661 0.708661 
vn 0 -0.708661 0.708661 
vn 0 0.708661 -0.708661 
vn 0 1 0 
vn 0 1 0 
vn 0 0.708661 0.708661 
vn 0 0.708661 -0.708661 
vn 0 0.708661 0.708661 
vn 0 0 1 
vn 0 0 1 
vn 0 -0.708661 -0.708661 
vn 0 -0.708661 -0.708661 
vn 0 0.708661 -0.708661 
vn 0 1 0 
vn 0 1 0 
vn 0 0.708661 0.708661 
vn 0 0.708661 -0.708661 
vn 0 0.708661 0.708661 
vn -1 0 0 
vn -1 0 0 
vn -1 0 0 
vn -1 0 0 
vn -1 0 0 
vn -1 0 0 
vn -1 0 0 
vn -1 0 0 
vn -1 0 0 
vn -1 0 0 
vn -1 0 0 
vn -1 0 0 
vn -1 0 0 
vn -1 0 0 
vn -1 0 0 
vn -1 0 0 
vn 0 0.708661 -0.708661 
vn 0 0.708661 -0.708661 
vn 0 0 -1 
vn 0 0 -1 
vn 0 -0.708661 -0.708661 
vn 0 -0.708661 -0.708661 
vn 0 0.708661 -0.708661 
vn 0 0.708661 0.708661 
vn 0 0.708661 -0.708661 
vn 0 0.708661 0.708661 
vn 0 0 -1 
vn 0 0 -1 
vn 0 -0.708661 -0.708661 
vn 0 -0.708661 -0.708661 
vn 0 0 1 
vn 0 0 1 
vn 0 -0.708661 -0.708661 
vn 0 -0.708661 0.708661 
vn 0 -0.708661 -0.708661 
vn 0 -0.708661 0.708661 
vn 0 -1 0 
vn 0 -1 0 
vn 0 0 -1 
vn 0 0 -1 
vn 0 -0.708661 -0.708661 
vn 0 -0.708661 0.708661 
vn 0 -0.708661 -0.708661 
vn 0 -0.708661 0.708661 
vn 0 -1 0 
vn 0 -1 0 
vn 1 0 0 
vn 1 0 0 
vn 1 0 0 
vn 1 0 0 
vn 1 0 0 
vn 1 0 0 
vn 1 0 0 
vn 1 0 0 
vn 1 0 0 
vn 1 0 0 
vn 1 0 0 
vn 1 0 0 
vn 1 0 0 
vn 1 0 0 
vn 1 0 0 
vn 1 0 0 

vt 33.9649 -36.9848 
vt 34.0351 -36.9848 
vt 33.9649 -36.9874 
vt 34.0351 -36.9874 
vt 33.9649 -36.9936 
vt 34.0351 -36.9936 
vt 33.9649 -36.9999 
vt 34.0351 -36.9999 
vt 33.9649 -37.0001 
vt 34.0351 -37.0001 
vt 33.9649 -37.0064 
vt 34.0351 -37.0064 
vt 33.9649 -37.0126 
vt 34.0351 -37.0126 
vt 34.1022 -37.0351 
vt 34.0959 -36.9649 
vt 34.0959 -37.0351 
vt 34.0897 -36.9649 
vt 34.1022 -36.9649 
vt 34.0897 -37.0351 
vt 34.0871 -36.9649 
vt 34.0871 -37.0351 
vt 34.1022 -37.0351 
vt 34.1022 -36.9649 
vt 33.9103 -37.0351 
vt 33.9041 -36.9649 
vt 33.9041 -37.0351 
vt 33.8978 -36.9649 
vt 33.9103 -36.9649 
vt 33.8978 -37.0351 
vt 33.9103 -36.9874 
vt 33.8978 -36.9874 
vt 33.8952 -36.9936 
vt 33.9041 -36.9848 
vt 33.9041 -37.0025 
vt 33.8978 -36.9999 
vt 33.9103 -36.9999 
vt 33.9129 -36.9936 
vt 34.0897 -37.0126 
vt 34.0897 -37.0001 
vt 34.0871 -37.0064 
vt 34.0959 -36.9975 
vt 34.1048 -37.0064 
vt 34.1022 -37.0001 
vt 34.1022 -37.0126 
vt 34.0959 -37.0152 
vt 33.9649 -36.9874 
vt 34.0351 -36.9874 
vt 33.9649 -36.9936 
vt 34.0351 -36.9936 
vt 33.9649 -36.9999 
vt 34.0351 -36.9999 
vt 33.9649 -37.0001 
vt 34.0351 -37.0001 
vt 34.0351 -37.0001 
vt 33.9649 -37.0001 
vt 33.9649 -37.0064 
vt 34.0351 -37.0064 
vt 33.9649 -37.0126 
vt 34.0351 -37.0126 
vt 33.9129 -36.9649 
vt 33.9129 -37.0351 
vt 33.8978 -37.0351 
vt 33.9103 -36.9649 
vt 33.8978 -36.9649 
vt 33.9103 -37.0351 
vt 33.9041 -37.0351 
vt 33.9041 -36.9649 
vt 34.0871 -37.0351 
vt 34.0871 -36.9649 
vt 34.0897 -37.0351 
vt 34.1022 -36.9649 
vt 34.0897 -36.9649 
vt 34.1022 -37.0351 
vt 34.0959 -37.0351 
vt 34.0959 -36.9649 
vt 34.0897 -36.9874 
vt 34.0897 -36.9999 
vt 34.0959 -37.0025 
vt 34.0871 -36.9936 
vt 34.1048 -36.9936 
vt 34.1022 -36.9999 
vt 34.1022 -36.9874 
vt 34.0959 -36.9848 
vt 33.8952 -37.0064 
vt 33.9041 -36.9975 
vt 33.8978 -37.0001 
vt 33.9103 -37.0126 
vt 33.9103 -37.0001 
vt 33.9129 -37.0064 
vt 33.8978 -37.0126 
vt 33.9041 -37.0152 

usemtl Meshpart3Mtl

f 1402/1402/1402 1401/1401/1401 1400/1400/1400 
f 1401/1401/1401 1402/1402/1402 1403/1403/1403 
f 1404/1404/1404 1403/1403/1403 1402/1402/1402 
f 1403/1403/1403 1404/1404/1404 1405/1405/1405 
f 1408/1408/1408 1407/1407/1407 1406/1406/1406 
f 1407/1407/1407 1408/1408/1408 1409/1409/1409 
f 1410/1410/1410 1409/1409/1409 1408/1408/1408 
f 1409/1409/1409 1410/1410/1410 1411/1411/1411 
f 1412/1412/1412 1413/1413/1413 1414/1414/1414 
f 1415/1415/1415 1414/1414/1414 1413/1413/1413 
f 1413/1413/1413 1412/1412/1412 1416/1416/1416 
f 1414/1414/1414 1415/1415/1415 1417/1417/1417 
f 1422/1422/1422 1423/1423/1423 1424/1424/1424 
f 1425/1425/1425 1424/1424/1424 1423/1423/1423 
f 1423/1423/1423 1422/1422/1422 1426/1426/1426 
f 1424/1424/1424 1425/1425/1425 1427/1427/1427 
f 1428/1428/1428 1429/1429/1429 1430/1430/1430 
f 1429/1429/1429 1428/1428/1428 1431/1431/1431 
f 1428/1428/1428 1430/1430/1430 1432/1432/1432 
f 1432/1432/1432 1430/1430/1430 1433/1433/1433 
f 1434/1434/1434 1428/1428/1428 1432/1432/1432 
f 1428/1428/1428 1434/1434/1434 1435/1435/1435 
f 1436/1436/1436 1437/1437/1437 1438/1438/1438 
f 1437/1437/1437 1436/1436/1436 1439/1439/1439 
f 1436/1436/1436 1440/1440/1440 1439/1439/1439 
f 1439/1439/1439 1440/1440/1440 1441/1441/1441 
f 1440/1440/1440 1436/1436/1436 1442/1442/1442 
f 1442/1442/1442 1436/1436/1436 1443/1443/1443 
f 1446/1446/1446 1445/1445/1445 1444/1444/1444 
f 1445/1445/1445 1446/1446/1446 1447/1447/1447 
f 1448/1448/1448 1447/1447/1447 1446/1446/1446 
f 1447/1447/1447 1448/1448/1448 1449/1449/1449 
f 1454/1454/1454 1452/1452/1452 1450/1450/1450 
f 1452/1452/1452 1454/1454/1454 1455/1455/1455 
f 1456/1456/1456 1455/1455/1455 1454/1454/1454 
f 1455/1455/1455 1456/1456/1456 1457/1457/1457 
f 1464/1464/1464 1462/1462/1462 1460/1460/1460 
f 1465/1465/1465 1463/1463/1463 1461/1461/1461 
f 1462/1462/1462 1464/1464/1464 1465/1465/1465 
f 1463/1463/1463 1465/1465/1465 1464/1464/1464 
f 1472/1472/1472 1470/1470/1470 1468/1468/1468 
f 1473/1473/1473 1471/1471/1471 1469/1469/1469 
f 1470/1470/1470 1472/1472/1472 1473/1473/1473 
f 1471/1471/1471 1473/1473/1473 1472/1472/1472 
f 1474/1474/1474 1475/1475/1475 1476/1476/1476 
f 1475/1475/1475 1474/1474/1474 1477/1477/1477 
f 1478/1478/1478 1474/1474/1474 1476/1476/1476 
f 1478/1478/1478 1476/1476/1476 1479/1479/1479 
f 1474/1474/1474 1478/1478/1478 1480/1480/1480 
f 1474/1474/1474 1480/1480/1480 1481/1481/1481 
f 1482/1482/1482 1483/1483/1483 1484/1484/1484 
f 1482/1482/1482 1485/1485/1485 1483/1483/1483 
f 1483/1483/1483 1485/1485/1485 1486/1486/1486 
f 1486/1486/1486 1485/1485/1485 1487/1487/1487 
f 1488/1488/1488 1485/1485/1485 1482/1482/1482 
f 1485/1485/1485 1488/1488/1488 1489/1489/1489 

g Body
# 12613284249

v -579.672 6.30292 1.64418 
v -580.298 5.03177 1.64418 
v -579.672 5.03177 1.64418 
v -580.298 6.30292 1.64418 
v -579.707 6.26422 0.927385 
v -580.263 6.03453 0.877168 
v -579.707 6.03453 0.877168 
v -580.263 6.26422 0.927385 
v -579.725 5.82111 0.76418 
v -580.245 5.82111 0.76418 
v -579.725 5.65791 0.676301 
v -580.245 5.65791 0.676301 
v -580.245 5.98432 0.801843 
v -579.725 5.98432 0.801843 
v -580.263 6.38976 0.726518 
v -579.672 5.61907 0.975638 
v -580.298 5.61907 0.975638 
v -579.772 6.41891 -2.01587 
v -580.197 6.41891 -2.01587 
v -579.772 6.31089 -2.01587 
v -580.197 6.31089 -2.01587 
v -579.696 6.20006 -2.16599 
v -580.272 6.20006 -2.16599 
v -579.696 6.02758 -2.16599 
v -580.272 6.02758 -2.16599 
v -579.772 6.20006 -2.16599 
v -580.197 6.101 -2.16599 
v -579.772 6.101 -2.16599 
v -580.197 6.20006 -2.16599 
v -579.772 6.41891 -2.7845 
v -580.197 6.41891 -2.7845 
v -579.772 6.31089 -2.7845 
v -580.197 6.31089 -2.7845 
v -579.772 6.41891 -3.41723 
v -580.197 6.41891 -3.41723 
v -579.772 6.31089 -3.41723 
v -580.197 6.31089 -3.41723 
v -580.272 6.25669 -3.63808 
v -580.272 5.8852 -3.63808 
v -579.772 6.101 -3.62294 
v -580.197 6.101 -3.62294 
v -579.672 6.30292 1.64418 
v -580.298 6.30292 1.64418 
v -580.197 6.41891 -2.96202 
v -579.772 6.41891 -2.96202 
v -579.707 6.26422 0.927385 
v -580.263 6.03453 0.877168 
v -579.707 6.03453 0.877168 
v -579.772 6.31089 -2.32929 
v -580.197 6.41891 -2.32929 
v -579.707 6.38976 0.726518 
v -580.263 6.38976 0.726518 
v -579.707 6.26422 0.927385 
v -580.263 6.26422 0.927385 
v -579.707 6.43998 0.513966 
v -580.263 6.43998 0.513966 
v -579.707 6.43998 0.272157 
v -580.263 6.43998 0.272157 
v -580.263 6.4902 0.0712903 
v -579.707 6.4902 0.0712903 
v -580.197 6.45944 -3.62294 
v -580.197 6.45944 0.0416248 
v -579.772 6.45944 -3.62294 
v -579.772 6.45944 0.0416248 
v -579.672 6.30292 1.22478 
v -580.298 6.30292 1.22478 
v -579.696 6.20006 -0.81861 
v -579.696 5.8852 -2.21605 
v -579.696 6.02758 -2.16599 
v -580.272 6.02758 -2.16599 
v -580.272 6.20006 -0.81861 
v -579.772 6.20006 -0.81861 
v -579.772 6.31089 -2.7845 
v -579.772 6.31089 -0.541888 
v -579.772 6.101 0.0416248 
v -579.772 6.41891 -3.41723 
v -579.772 6.31089 -3.41723 
v -580.197 6.41891 -2.7845 
v -580.197 6.101 -2.16599 
v -580.197 6.20006 -2.16599 
v -580.197 6.41891 -3.41723 
v -580.197 6.41891 -0.541888 
v -580.197 6.20006 -0.81861 
v -580.197 6.101 0.0416248 
v -580.197 6.101 -0.81861 
v -579.772 6.31089 -2.96202 
v -579.772 6.31089 -3.41723 
v -580.197 6.31089 -3.41723 
v -580.197 6.31089 -2.96202 
v -579.772 6.31089 -2.32929 
v -579.772 6.31089 -2.7845 
v -580.197 6.31089 -2.7845 
v -580.197 6.31089 -2.32929 
v -579.772 6.31089 -0.541888 
v -579.772 6.31089 -2.01587 
v -580.197 6.31089 -2.01587 
v -580.197 6.31089 -0.541888 
v -580.272 6.25669 -2.10417 
v -579.696 6.25669 -3.63808 
v -580.272 6.25669 -2.21605 
v -580.272 6.25669 -3.63808 
v -579.696 6.25669 0.0418583 
v -580.272 6.25669 0.0418583 
v -579.672 6.25465 1.10118 
v -580.298 6.25465 1.10118 
v -579.672 6.30292 1.22478 
v -580.298 6.30292 1.22478 
v -580.298 6.30292 1.64418 
v -579.672 6.30292 1.64418 
v -580.272 6.02758 -2.16599 
v -579.696 6.02758 -2.00374 
v -579.696 6.02758 -2.11562 
v -579.696 6.02758 -2.16599 
v -580.272 6.02758 -0.81861 
v -579.696 6.02758 -0.81861 
v -580.197 6.101 -3.62294 
v -579.672 6.30292 1.64418 
v -580.298 5.03177 1.64418 
v -580.298 6.30292 1.64418 
v -580.197 6.41891 -2.96202 
v -579.772 6.41891 -2.96202 
v -579.707 6.26422 0.927385 
v -580.263 6.03453 0.877168 
v -580.245 5.65791 0.676301 
v -579.772 6.31089 -2.32929 
v -580.197 6.41891 -2.32929 
v -580.298 5.03177 1.4625 
v -580.263 6.38976 0.726518 
v -580.263 6.43998 0.272157 
v -580.245 5.65791 0.272157 
v -580.245 5.65791 0.0712903 
v -580.197 6.45944 0.0416248 
v -580.298 5.61907 0.975638 
v -580.298 6.30292 1.64418 
v -580.298 5.93686 0.975638 
v -580.298 6.30292 1.22478 
v -580.298 6.25465 1.10118 
v -580.298 5.03177 1.64418 
v -580.298 5.03177 1.4625 
v -580.245 5.98432 0.801843 
v -580.263 6.03453 0.488857 
v -580.245 5.98432 0.488857 
v -580.263 6.03453 0.877168 
v -580.263 6.03453 0.272157 
v -580.245 5.98432 0.272157 
v -580.263 6.03453 0.0712903 
v -580.245 5.98432 0.0712903 
v -579.696 6.20006 -0.81861 
v -579.696 6.02758 -2.16599 
v -580.272 6.02758 -2.16599 
v -580.272 5.8852 -2.21605 
v -580.272 5.96053 -2.10417 
v -580.272 6.02758 -0.81861 
v -580.272 5.96053 0.0418583 
v -580.272 6.25669 0.0418583 
v -580.272 6.20006 -0.81861 
v -580.272 6.25669 -2.10417 
v -580.272 6.20006 -2.00374 
v -580.272 6.20006 -2.11562 
v -580.272 6.25669 -2.21605 
v -580.272 6.20006 -2.16599 
v -580.272 5.8852 -3.63808 
v -580.272 6.25669 -3.63808 
v -580.263 6.03453 0.488857 
v -580.263 6.38976 0.726518 
v -580.263 6.43998 0.513966 
v -580.263 6.03453 0.877168 
v -580.263 6.26422 0.927385 
v -580.263 6.43998 0.272157 
v -580.263 6.03453 0.272157 
v -580.263 6.03453 0.0712903 
v -580.263 6.4902 0.0712903 
v -580.245 5.65791 0.272157 
v -580.245 5.98432 0.272157 
v -580.245 5.65791 0.0712903 
v -580.245 5.98432 0.0712903 
v -580.245 5.65791 0.488857 
v -580.245 5.98432 0.488857 
v -580.245 5.82111 0.76418 
v -580.245 5.65791 0.676301 
v -580.245 5.98432 0.801843 
v -579.772 6.20006 -0.81861 
v -579.772 6.31089 -2.7845 
v -579.772 6.101 0.0416248 
v -579.772 6.41891 -3.41723 
v -579.772 6.31089 -3.41723 
v -580.197 6.41891 -2.7845 
v -580.197 6.31089 -2.96202 
v -580.197 6.31089 -2.7845 
v -580.197 6.101 -2.16599 
v -580.197 6.31089 -2.32929 
v -580.197 6.101 -3.62294 
v -580.197 6.20006 -2.16599 
v -580.197 6.31089 -3.41723 
v -580.197 6.41891 -2.32929 
v -580.197 6.45944 -3.62294 
v -580.197 6.41891 -2.96202 
v -580.197 6.41891 -3.41723 
v -580.197 6.41891 -2.01587 
v -580.197 6.45944 0.0416248 
v -580.197 6.31089 -2.01587 
v -580.197 6.41891 -0.541888 
v -580.197 6.20006 -0.81861 
v -580.197 6.31089 -0.541888 
v -580.197 6.101 0.0416248 
v -580.197 6.101 -0.81861 
v -579.696 6.25669 -3.63808 
v -579.696 5.8852 -3.63808 
v -580.272 6.25669 -3.63808 
v -580.272 5.8852 -3.63808 
v -579.772 6.45944 -3.62294 
v -579.772 6.101 -3.62294 
v -580.197 6.45944 -3.62294 
v -580.197 6.101 -3.62294 
v -580.298 5.03177 1.64418 
v -579.672 5.03177 1.64418 
v -580.197 6.41891 -2.96202 
v -579.772 6.41891 -2.96202 
v -579.772 6.31089 -2.96202 
v -580.197 6.31089 -2.96202 
v -579.707 6.26422 0.927385 
v -580.263 6.03453 0.877168 
v -579.707 6.03453 0.877168 
v -579.772 6.31089 -2.32929 
v -580.197 6.31089 -2.32929 
v -579.772 6.41891 -2.32929 
v -580.197 6.41891 -2.32929 
v -580.298 5.03177 1.4625 
v -579.672 5.03177 1.4625 
v -579.672 5.61907 0.975638 
v -580.298 5.61907 0.975638 
v -579.772 6.41891 -3.41723 
v -580.197 6.41891 -3.41723 
v -580.272 6.20006 -0.81861 
v -579.696 6.20006 -0.81861 
v -579.696 6.02758 -0.81861 
v -580.272 6.02758 -0.81861 
v -580.197 6.20006 -0.81861 
v -579.772 6.20006 -0.81861 
v -579.772 6.101 -0.81861 
v -580.197 6.101 -0.81861 
v -579.772 6.31089 -0.541888 
v -580.197 6.31089 -0.541888 
v -579.772 6.41891 -0.541888 
v -580.197 6.41891 -0.541888 
v -580.298 6.25465 1.10118 
v -579.672 6.25465 1.10118 
v -579.672 5.93686 0.975638 
v -580.298 5.93686 0.975638 
v -579.672 5.61907 0.975638 
v -580.298 5.61907 0.975638 
v -580.298 5.03177 1.4625 
v -579.672 5.03177 1.4625 
v -580.272 6.25669 -3.63808 
v -580.272 5.8852 -3.63808 
v -579.772 6.101 -3.62294 
v -580.197 6.101 -3.62294 
v -580.298 5.03177 1.64418 
v -579.672 5.03177 1.64418 
v -580.197 6.41891 -2.96202 
v -579.772 6.41891 -2.96202 
v -579.707 6.26422 0.927385 
v -580.263 6.03453 0.877168 
v -579.707 6.03453 0.877168 
v -579.772 6.31089 -2.32929 
v -580.197 6.41891 -2.32929 
v -579.707 6.03453 0.877168 
v -580.245 5.98432 0.801843 
v -579.725 5.98432 0.801843 
v -580.263 6.03453 0.877168 
v -580.298 5.03177 1.4625 
v -579.672 5.03177 1.4625 
v -579.672 5.03177 1.64418 
v -580.298 5.03177 1.64418 
v -580.245 5.65791 0.272157 
v -579.725 5.65791 0.272157 
v -579.725 5.65791 0.488857 
v -579.725 5.65791 0.0712903 
v -580.245 5.65791 0.0712903 
v -580.245 5.65791 0.488857 
v -579.725 5.65791 0.676301 
v -580.245 5.65791 0.676301 
v -579.672 5.61907 0.975638 
v -580.298 5.61907 0.975638 
v -579.696 6.20006 -0.81861 
v -579.696 5.8852 -2.21605 
v -579.696 6.02758 -2.16599 
v -580.272 6.02758 -2.16599 
v -580.272 6.20006 -0.81861 
v -579.772 6.20006 -0.81861 
v -579.772 6.31089 -2.7845 
v -579.772 6.31089 -0.541888 
v -579.772 6.101 0.0416248 
v -579.772 6.41891 -3.41723 
v -579.772 6.31089 -3.41723 
v -580.197 6.41891 -2.7845 
v -580.197 6.101 -2.16599 
v -580.197 6.20006 -2.16599 
v -580.197 6.41891 -3.41723 
v -580.197 6.41891 -0.541888 
v -580.197 6.20006 -0.81861 
v -580.197 6.101 0.0416248 
v -580.197 6.101 -0.81861 
v -579.696 5.8852 -3.63808 
v -579.696 5.8852 -2.21605 
v -580.272 5.8852 -2.21605 
v -580.272 5.8852 -3.63808 
v -580.272 5.96053 -2.10417 
v -579.696 5.96053 -2.10417 
v -579.696 5.96053 0.0418583 
v -580.272 5.96053 0.0418583 
v -580.197 6.101 -2.16599 
v -580.197 6.101 -3.62294 
v -579.772 6.101 -2.16599 
v -579.772 6.101 -3.62294 
v -579.772 6.101 0.0416248 
v -580.197 6.101 -0.81861 
v -579.772 6.101 -0.81861 
v -580.197 6.101 0.0416248 
v -580.272 6.20006 -2.00374 
v -579.696 6.20006 -0.81861 
v -580.272 6.20006 -0.81861 
v -579.696 6.20006 -2.16599 
v -580.272 6.20006 -2.11562 
v -580.272 6.20006 -2.16599 
v -580.197 6.20006 -0.81861 
v -580.197 6.20006 -2.16599 
v -579.772 6.20006 -0.81861 
v -579.772 6.20006 -2.16599 
v -579.772 6.41891 -3.41723 
v -579.772 6.41891 -2.96202 
v -580.197 6.41891 -3.41723 
v -580.197 6.41891 -2.96202 
v -579.772 6.41891 -2.7845 
v -579.772 6.41891 -2.32929 
v -580.197 6.41891 -2.7845 
v -580.197 6.41891 -2.32929 
v -580.197 6.41891 -0.541888 
v -580.197 6.41891 -2.01587 
v -579.772 6.41891 -0.541888 
v -579.772 6.41891 -2.01587 
v -580.272 5.8852 -3.63808 
v -579.772 6.101 -3.62294 
v -579.672 6.30292 1.64418 
v -580.298 5.03177 1.64418 
v -579.672 5.03177 1.64418 
v -579.772 6.41891 -2.96202 
v -579.707 6.26422 0.927385 
v -579.707 6.03453 0.877168 
v -580.245 5.65791 0.676301 
v -579.772 6.31089 -2.32929 
v -579.672 5.03177 1.4625 
v -579.707 6.38976 0.726518 
v -579.707 6.43998 0.272157 
v -579.725 5.65791 0.272157 
v -579.725 5.65791 0.0712903 
v -579.772 6.45944 0.0416248 
v -579.672 6.30292 1.64418 
v -579.672 5.93686 0.975638 
v -579.672 6.30292 1.22478 
v -579.672 6.25465 1.10118 
v -579.672 5.61907 0.975638 
v -579.672 5.03177 1.64418 
v -579.672 5.03177 1.4625 
v -579.725 5.98432 0.801843 
v -579.707 6.03453 0.488857 
v -579.707 6.03453 0.877168 
v -579.725 5.98432 0.488857 
v -579.725 5.98432 0.272157 
v -579.707 6.03453 0.272157 
v -579.725 5.98432 0.0712903 
v -579.707 6.03453 0.0712903 
v -579.696 5.96053 0.0418583 
v -579.696 5.96053 -2.10417 
v -579.696 6.02758 -0.81861 
v -579.696 6.25669 0.0418583 
v -579.696 6.02758 -2.00374 
v -579.696 6.20006 -0.81861 
v -579.696 6.02758 -2.11562 
v -579.696 6.20006 -2.16599 
v -579.696 5.8852 -2.21605 
v -579.696 6.25669 -3.63808 
v -579.696 5.8852 -3.63808 
v -579.696 6.02758 -2.16599 
v -579.707 6.26422 0.927385 
v -579.707 6.03453 0.877168 
v -579.707 6.38976 0.726518 
v -579.707 6.03453 0.488857 
v -579.707 6.43998 0.513966 
v -579.707 6.43998 0.272157 
v -579.707 6.03453 0.272157 
v -579.707 6.03453 0.0712903 
v -579.707 6.4902 0.0712903 
v -579.725 5.98432 0.272157 
v -579.725 5.98432 0.488857 
v -579.725 5.65791 0.488857 
v -579.725 5.82111 0.76418 
v -579.725 5.98432 0.801843 
v -579.725 5.65791 0.676301 
v -579.725 5.65791 0.272157 
v -579.725 5.65791 0.0712903 
v -579.725 5.98432 0.0712903 
v -579.772 6.101 -2.16599 
v -579.772 6.31089 -2.32929 
v -579.772 6.20006 -2.16599 
v -579.772 6.31089 -2.01587 
v -579.772 6.20006 -0.81861 
v -579.772 6.31089 -2.7845 
v -579.772 6.31089 -0.541888 
v -579.772 6.101 -0.81861 
v -579.772 6.101 0.0416248 
v -579.772 6.45944 0.0416248 
v -579.772 6.41891 -0.541888 
v -579.772 6.41891 -2.01587 
v -579.772 6.41891 -2.32929 
v -579.772 6.45944 -3.62294 
v -579.772 6.41891 -2.7845 
v -579.772 6.41891 -2.96202 
v -579.772 6.41891 -3.41723 
v -579.772 6.31089 -3.41723 
v -579.772 6.31089 -2.96202 
v -579.772 6.101 -3.62294 

vn 0 0 1 
vn 0 0 1 
vn 0 0 1 
vn 0 0 1 
vn 0 -0.212598 0.976378 
vn 0 -0.212598 0.976378 
vn 0 -0.212598 0.976378 
vn 0 -0.212598 0.976378 
vn 0 -0.354331 0.937008 
vn 0 -0.354331 0.937008 
vn 0 -0.472441 0.88189 
vn 0 -0.472441 0.88189 
vn 0 -0.228346 0.976378 
vn 0 -0.228346 0.976378 
vn 0 0.92126 0.385827 
vn 1 0 0 
vn -1 0 0 
vn 0 0 1 
vn 0 0 1 
vn 0 0 1 
vn 0 0 1 
vn 0 0 1 
vn 0 0 1 
vn 0 0 1 
vn 0 0 1 
vn 0 0 1 
vn 0 0 1 
vn 0 0 1 
vn 0 0 1 
vn 0 0 1 
vn 0 0 1 
vn 0 0 1 
vn 0 0 1 
vn 0 0 1 
vn 0 0 1 
vn 0 0 1 
vn 0 0 1 
vn 0 0 -1 
vn 0 0 -1 
vn 0 0 -1 
vn 0 0 -1 
vn 0 0 1 
vn 0 0 1 
vn 0 0 -1 
vn 0 0 -1 
vn 0 -0.212598 0.976378 
vn 0 -0.212598 0.976378 
vn 0 -0.212598 0.976378 
vn 0 0 -1 
vn 0 0 -1 
vn 0 0.92126 0.385827 
vn 0 0.92126 0.385827 
vn 0 0.850394 0.527559 
vn 0 0.850394 0.527559 
vn 0 0.992126 0.11811 
vn 0 0.992126 0.11811 
vn 0 0.992126 0.125984 
vn 0 0.992126 0.125984 
vn 0 0.968504 0.244094 
vn 0 0.968504 0.244094 
vn 0 1 0 
vn 0 1 0 
vn 0 1 0 
vn 0 1 0 
vn 1 0 0 
vn -1 0 0 
vn 1 0 0 
vn 1 0 0 
vn 1 0 0 
vn -1 0 0 
vn -1 0 0 
vn 1 0 0 
vn 1 0 0 
vn 1 0 0 
vn 1 0 0 
vn 1 0 0 
vn 1 0 0 
vn -1 0 0 
vn -1 0 0 
vn -1 0 0 
vn -1 0 0 
vn -1 0 0 
vn -1 0 0 
vn -1 0 0 
vn -1 0 0 
vn 0 1 0 
vn 0 1 0 
vn 0 1 0 
vn 0 1 0 
vn 0 1 0 
vn 0 1 0 
vn 0 1 0 
vn 0 1 0 
vn 0 1 0 
vn 0 1 0 
vn 0 1 0 
vn 0 1 0 
vn 0 1 0 
vn 0 1 0 
vn 0 1 0 
vn 0 1 0 
vn 0 1 0 
vn 0 1 0 
vn 0 0.929134 -0.362205 
vn 0 0.929134 -0.362205 
vn 0 0.984252 -0.188976 
vn 0 0.984252 -0.188976 
vn 0 1 0 
vn 0 1 0 
vn 0 1 0 
vn 0 1 0 
vn 0 1 0 
vn 0 1 0 
vn 0 1 0 
vn 0 1 0 
vn 0 0 -1 
vn 0 0 1 
vn 0 0 1 
vn 0 0 1 
vn 0 0 -1 
vn 0 0 -1 
vn 0 -0.212598 0.976378 
vn 0 -0.212598 0.976378 
vn 0 -0.472441 0.88189 
vn 0 0 -1 
vn 0 0 -1 
vn 0 -1 0 
vn 0 0.92126 0.385827 
vn 0 0.992126 0.125984 
vn 0 -1 0 
vn 0 -1 0 
vn 0 1 0 
vn -1 0 0 
vn -1 0 0 
vn -1 0 0 
vn -1 0 0 
vn -1 0 0 
vn -1 0 0 
vn -1 0 0 
vn -0.944882 -0.330709 0 
vn -0.944882 -0.330709 0 
vn -0.944882 -0.330709 0 
vn -0.944882 -0.330709 0 
vn -0.944882 -0.330709 0 
vn -0.944882 -0.330709 0 
vn -0.944882 -0.330709 0 
vn -0.944882 -0.330709 0 
vn 1 0 0 
vn 1 0 0 
vn -1 0 0 
vn -1 0 0 
vn -1 0 0 
vn -1 0 0 
vn -1 0 0 
vn -1 0 0 
vn -1 0 0 
vn -1 0 0 
vn -1 0 0 
vn -1 0 0 
vn -1 0 0 
vn -1 0 0 
vn -1 0 0 
vn -1 0 0 
vn -1 0 0 
vn -1 0 0 
vn -1 0 0 
vn -1 0 0 
vn -1 0 0 
vn -1 0 0 
vn -1 0 0 
vn -1 0 0 
vn -1 0 0 
vn -1 0 0 
vn -1 0 0 
vn -1 0 0 
vn -1 0 0 
vn -1 0 0 
vn -1 0 0 
vn -1 0 0 
vn -1 0 0 
vn -1 0 0 
vn 1 0 0 
vn 1 0 0 
vn 1 0 0 
vn 1 0 0 
vn 1 0 0 
vn -1 0 0 
vn -1 0 0 
vn -1 0 0 
vn -1 0 0 
vn -1 0 0 
vn -1 0 0 
vn -1 0 0 
vn -1 0 0 
vn -1 0 0 
vn -1 0 0 
vn -1 0 0 
vn -1 0 0 
vn -1 0 0 
vn -1 0 0 
vn -1 0 0 
vn -1 0 0 
vn -1 0 0 
vn -1 0 0 
vn -1 0 0 
vn -1 0 0 
vn 0 0 -1 
vn 0 0 -1 
vn 0 0 -1 
vn 0 0 -1 
vn 0 0 -1 
vn 0 0 -1 
vn 0 0 -1 
vn 0 0 -1 
vn 0 0 1 
vn 0 0 1 
vn 0 0 -1 
vn 0 0 -1 
vn 0 0 -1 
vn 0 0 -1 
vn 0 -0.212598 0.976378 
vn 0 -0.212598 0.976378 
vn 0 -0.212598 0.976378 
vn 0 0 -1 
vn 0 0 -1 
vn 0 0 -1 
vn 0 0 -1 
vn 0 -1 0 
vn 0 -1 0 
vn 1 0 0 
vn -1 0 0 
vn 1 0 0 
vn -1 0 0 
vn 0 0 -1 
vn 0 0 -1 
vn 0 0 -1 
vn 0 0 -1 
vn 0 0 -1 
vn 0 0 -1 
vn 0 0 -1 
vn 0 0 -1 
vn 0 0 -1 
vn 0 0 -1 
vn 0 0 -1 
vn 0 0 -1 
vn 0 0.370079 -0.929134 
vn 0 0.370079 -0.929134 
vn 0 0.188976 -0.984252 
vn 0 0.188976 -0.984252 
vn 0 -0.338583 -0.937008 
vn 0 -0.338583 -0.937008 
vn 0 -0.637795 -0.771654 
vn 0 -0.637795 -0.771654 
vn 0 0 -1 
vn 0 0 -1 
vn 0 0 -1 
vn 0 0 -1 
vn 0 0 1 
vn 0 0 1 
vn 0 0 -1 
vn 0 0 -1 
vn 0 -0.212598 0.976378 
vn 0 -0.212598 0.976378 
vn 0 -0.212598 0.976378 
vn 0 0 -1 
vn 0 0 -1 
vn 0 -0.834646 0.551181 
vn 0 -0.834646 0.551181 
vn 0 -0.834646 0.551181 
vn 0 -0.834646 0.551181 
vn 0 -1 0 
vn 0 -1 0 
vn 0 -1 0 
vn 0 -1 0 
vn 0 -1 0 
vn 0 -1 0 
vn 0 -1 0 
vn 0 -1 0 
vn 0 -1 0 
vn 0 -1 0 
vn 0 -1 0 
vn 0 -1 0 
vn 1 0 0 
vn -1 0 0 
vn 1 0 0 
vn 1 0 0 
vn 1 0 0 
vn -1 0 0 
vn -1 0 0 
vn 1 0 0 
vn 1 0 0 
vn 1 0 0 
vn 1 0 0 
vn 1 0 0 
vn 1 0 0 
vn -1 0 0 
vn -1 0 0 
vn -1 0 0 
vn -1 0 0 
vn -1 0 0 
vn -1 0 0 
vn -1 0 0 
vn -1 0 0 
vn 0 -1 0 
vn 0 -0.952756 0.291339 
vn 0 -0.952756 0.291339 
vn 0 -1 0 
vn 0 -0.952756 0.291339 
vn 0 -0.952756 0.291339 
vn 0 -1 0 
vn 0 -1 0 
vn 0 -1 0 
vn 0 -1 0 
vn 0 -1 0 
vn 0 -1 0 
vn 0 -1 0 
vn 0 -1 0 
vn 0 -1 0 
vn 0 -1 0 
vn 0 -1 0 
vn 0 -1 0 
vn 0 -1 0 
vn 0 -1 0 
vn 0 -1 0 
vn 0 -1 0 
vn 0 -1 0 
vn 0 -1 0 
vn 0 -1 0 
vn 0 -1 0 
vn 0 -1 0 
vn 0 -1 0 
vn 0 -1 0 
vn 0 -1 0 
vn 0 -1 0 
vn 0 -1 0 
vn 0 -1 0 
vn 0 -1 0 
vn 0 -1 0 
vn 0 -1 0 
vn 0 -1 0 
vn 0 -1 0 
vn 0 0 -1 
vn 0 0 -1 
vn 0 0 1 
vn 0 0 1 
vn 0 0 1 
vn 0 0 -1 
vn 0 -0.212598 0.976378 
vn 0 -0.212598 0.976378 
vn 0 -0.472441 0.88189 
vn 0 0 -1 
vn 0 -1 0 
vn 0 0.92126 0.385827 
vn 0 0.992126 0.125984 
vn 0 -1 0 
vn 0 -1 0 
vn 0 1 0 
vn 1 0 0 
vn 1 0 0 
vn 1 0 0 
vn 1 0 0 
vn 1 0 0 
vn 1 0 0 
vn 1 0 0 
vn 0.944882 -0.330709 0 
vn 0.944882 -0.330709 0 
vn 0.944882 -0.330709 0 
vn 0.944882 -0.330709 0 
vn 0.944882 -0.330709 0 
vn 0.944882 -0.330709 0 
vn 0.944882 -0.330709 0 
vn 0.944882 -0.330709 0 
vn 1 0 0 
vn 1 0 0 
vn 1 0 0 
vn 1 0 0 
vn 1 0 0 
vn 1 0 0 
vn 1 0 0 
vn 1 0 0 
vn 1 0 0 
vn 1 0 0 
vn 1 0 0 
vn 1 0 0 
vn 1 0 0 
vn 1 0 0 
vn 1 0 0 
vn 1 0 0 
vn 1 0 0 
vn 1 0 0 
vn 1 0 0 
vn 1 0 0 
vn 1 0 0 
vn 1 0 0 
vn 1 0 0 
vn 1 0 0 
vn 1 0 0 
vn 1 0 0 
vn 1 0 0 
vn 1 0 0 
vn 1 0 0 
vn 1 0 0 
vn 1 0 0 
vn 1 0 0 
vn 1 0 0 
vn 1 0 0 
vn 1 0 0 
vn 1 0 0 
vn 1 0 0 
vn 1 0 0 
vn 1 0 0 
vn 1 0 0 
vn 1 0 0 
vn 1 0 0 
vn 1 0 0 
vn 1 0 0 
vn 1 0 0 
vn 1 0 0 
vn 1 0 0 
vn 1 0 0 
vn 1 0 0 
vn 1 0 0 

vt 42.0391 -22.9323 
vt 41.9609 -23.0912 
vt 42.0391 -23.0912 
vt 41.9609 -22.9323 
vt 42.0347 -22.9371 
vt 41.9653 -22.9658 
vt 42.0347 -22.9658 
vt 41.9653 -22.9371 
vt 42.0325 -22.9925 
vt 41.9675 -22.9925 
vt 42.0325 -23.0129 
vt 41.9675 -23.0129 
vt 41.9675 -22.9721 
vt 42.0325 -22.9721 
vt 41.9653 -22.9214 
vt 42.0391 -23.0177 
vt 41.9609 -23.0177 
vt 42.0266 -22.9178 
vt 41.9735 -22.9178 
vt 42.0266 -22.9313 
vt 41.9735 -22.9313 
vt 42.0361 -22.9451 
vt 41.9641 -22.9451 
vt 42.0361 -22.9667 
vt 41.9641 -22.9667 
vt 42.0266 -22.9451 
vt 41.9735 -22.9575 
vt 42.0266 -22.9575 
vt 41.9735 -22.9451 
vt 42.0266 -22.9178 
vt 41.9735 -22.9178 
vt 42.0266 -22.9313 
vt 41.9735 -22.9313 
vt 42.0266 -22.9178 
vt 41.9735 -22.9178 
vt 42.0266 -22.9313 
vt 41.9735 -22.9313 
vt 42.3301 -22.9641 
vt 42.3301 -22.9641 
vt 42.3283 -23.0266 
vt 42.3283 -22.9735 
vt 41.6699 -23.0391 
vt 41.6699 -22.9609 
vt 42.2456 -22.9735 
vt 42.2456 -23.0266 
vt 41.7595 -23.0347 
vt 41.7657 -22.9653 
vt 41.7657 -23.0347 
vt 42.1665 -23.0266 
vt 42.1665 -22.9735 
vt 41.7846 -23.0347 
vt 41.7846 -22.9653 
vt 41.7595 -23.0347 
vt 41.7595 -22.9653 
vt 41.8111 -23.0347 
vt 41.8111 -22.9653 
vt 41.8414 -23.0347 
vt 41.8414 -22.9653 
vt 41.8665 -22.9653 
vt 41.8665 -23.0347 
vt 42.3283 -22.9735 
vt 41.8702 -22.9735 
vt 42.3283 -23.0266 
vt 41.8702 -23.0266 
vt 41.7223 -23.0391 
vt 41.7223 -22.9609 
vt 41.9777 -23.0361 
vt 42.1524 -23.0361 
vt 42.1461 -23.0361 
vt 42.1461 -22.9641 
vt 41.9777 -22.9641 
vt 41.9777 -23.0266 
vt 42.2234 -23.0266 
vt 41.9431 -23.0266 
vt 41.8702 -23.0266 
vt 42.3025 -23.0266 
vt 42.3025 -23.0266 
vt 42.2234 -22.9735 
vt 42.1461 -22.9735 
vt 42.1461 -22.9735 
vt 42.3025 -22.9735 
vt 41.9431 -22.9735 
vt 41.9777 -22.9735 
vt 41.8702 -22.9735 
vt 41.9777 -22.9735 
vt 42.2456 -23.0266 
vt 42.3025 -23.0266 
vt 42.3025 -22.9735 
vt 42.2456 -22.9735 
vt 42.1665 -23.0266 
vt 42.2234 -23.0266 
vt 42.2234 -22.9735 
vt 42.1665 -22.9735 
vt 41.9431 -23.0266 
vt 42.1274 -23.0266 
vt 42.1274 -22.9735 
vt 41.9431 -22.9735 
vt 42.1384 -22.9641 
vt 42.3301 -23.0361 
vt 42.1524 -22.9641 
vt 42.3301 -22.9641 
vt 41.8701 -23.0361 
vt 41.8701 -22.9641 
vt 41.7377 -23.0391 
vt 41.7377 -22.9609 
vt 41.7223 -23.0391 
vt 41.7223 -22.9609 
vt 41.6699 -22.9609 
vt 41.6699 -23.0391 
vt 42.1461 -22.9641 
vt 42.1259 -23.0361 
vt 42.1398 -23.0361 
vt 42.1461 -23.0361 
vt 41.9777 -22.9641 
vt 41.9777 -23.0361 
vt 41.6717 -22.9575 
vt 42.3301 -22.9323 
vt 42.3301 -23.0912 
vt 42.3301 -22.9323 
vt 41.7544 -22.9178 
vt 41.7544 -22.9178 
vt 42.2405 -22.9371 
vt 42.2343 -22.9658 
vt 42.2092 -23.0129 
vt 41.8335 -22.9313 
vt 41.8335 -22.9178 
vt 42.3074 -23.0912 
vt 42.2154 -22.9214 
vt 42.1586 -22.9151 
vt 42.1586 -23.0129 
vt 42.1335 -23.0129 
vt 42.1298 -22.9127 
vt 42.2466 -23.0177 
vt 42.3301 -22.9323 
vt 42.2466 -22.978 
vt 42.2777 -22.9323 
vt 42.2623 -22.9383 
vt 42.3301 -23.0912 
vt 42.3074 -23.0912 
vt 42.2248 -22.9721 
vt 42.1857 -22.9658 
vt 42.1857 -22.9721 
vt 42.2343 -22.9658 
vt 42.1586 -22.9658 
vt 42.1586 -22.9721 
vt 42.1335 -22.9658 
vt 42.1335 -22.9721 
vt 42.0223 -22.9451 
vt 41.8539 -22.9667 
vt 41.8539 -22.9667 
vt 41.8476 -22.9845 
vt 41.8616 -22.9751 
vt 42.0223 -22.9667 
vt 42.1299 -22.9751 
vt 42.1299 -22.938 
vt 42.0223 -22.9451 
vt 41.8616 -22.938 
vt 41.8741 -22.9451 
vt 41.8602 -22.9451 
vt 41.8476 -22.938 
vt 41.8539 -22.9451 
vt 41.6699 -22.9845 
vt 41.6699 -22.938 
vt 42.1857 -22.9658 
vt 42.2154 -22.9214 
vt 42.1889 -22.9151 
vt 42.2343 -22.9658 
vt 42.2405 -22.9371 
vt 42.1586 -22.9151 
vt 42.1586 -22.9658 
vt 42.1335 -22.9658 
vt 42.1335 -22.9088 
vt 42.1586 -23.0129 
vt 42.1586 -22.9721 
vt 42.1335 -23.0129 
vt 42.1335 -22.9721 
vt 42.1857 -23.0129 
vt 42.1857 -22.9721 
vt 42.2201 -22.9925 
vt 42.2092 -23.0129 
vt 42.2248 -22.9721 
vt 42.0223 -22.9451 
vt 41.7766 -22.9313 
vt 42.1298 -22.9575 
vt 41.6975 -22.9178 
vt 41.6975 -22.9313 
vt 41.7766 -22.9178 
vt 41.7544 -22.9313 
vt 41.7766 -22.9313 
vt 41.8539 -22.9575 
vt 41.8335 -22.9313 
vt 41.6717 -22.9575 
vt 41.8539 -22.9451 
vt 41.6975 -22.9313 
vt 41.8335 -22.9178 
vt 41.6717 -22.9127 
vt 41.7544 -22.9178 
vt 41.6975 -22.9178 
vt 41.8726 -22.9178 
vt 42.1298 -22.9127 
vt 41.8726 -22.9313 
vt 42.0569 -22.9178 
vt 42.0223 -22.9451 
vt 42.0569 -22.9313 
vt 42.1298 -22.9575 
vt 42.0223 -22.9575 
vt 41.9639 -22.938 
vt 41.9639 -22.9845 
vt 42.0359 -22.938 
vt 42.0359 -22.9845 
vt 41.9734 -22.9127 
vt 41.9734 -22.9575 
vt 42.0265 -22.9127 
vt 42.0265 -22.9575 
vt 42.0391 -23.0912 
vt 41.9609 -23.0912 
vt 42.0265 -22.9178 
vt 41.9734 -22.9178 
vt 41.9734 -22.9313 
vt 42.0265 -22.9313 
vt 41.9653 -22.9371 
vt 42.0347 -22.9658 
vt 41.9653 -22.9658 
vt 41.9734 -22.9313 
vt 42.0265 -22.9313 
vt 41.9734 -22.9178 
vt 42.0265 -22.9178 
vt 42.0391 -23.0912 
vt 41.9609 -23.0912 
vt 41.9609 -23.0177 
vt 42.0391 -23.0177 
vt 41.9734 -22.9178 
vt 42.0265 -22.9178 
vt 42.0359 -22.9451 
vt 41.9639 -22.9451 
vt 41.9639 -22.9667 
vt 42.0359 -22.9667 
vt 42.0265 -22.9451 
vt 41.9734 -22.9451 
vt 41.9734 -22.9575 
vt 42.0265 -22.9575 
vt 41.9734 -22.9313 
vt 42.0265 -22.9313 
vt 41.9734 -22.9178 
vt 42.0265 -22.9178 
vt 42.0391 -22.9383 
vt 41.9609 -22.9383 
vt 41.9609 -22.978 
vt 42.0391 -22.978 
vt 41.9609 -23.0177 
vt 42.0391 -23.0177 
vt 42.0391 -23.0912 
vt 41.9609 -23.0912 
vt 41.6699 -22.9641 
vt 41.6699 -22.9641 
vt 41.6717 -23.0266 
vt 41.6717 -22.9735 
vt 42.3301 -22.9609 
vt 42.3301 -23.0391 
vt 41.7544 -22.9735 
vt 41.7544 -23.0266 
vt 42.2405 -23.0347 
vt 42.2343 -22.9653 
vt 42.2343 -23.0347 
vt 41.8335 -23.0266 
vt 41.8335 -22.9735 
vt 42.2343 -23.0347 
vt 42.2248 -22.9675 
vt 42.2248 -23.0325 
vt 42.2343 -22.9653 
vt 42.3074 -22.9609 
vt 42.3074 -23.0391 
vt 42.3301 -23.0391 
vt 42.3301 -22.9609 
vt 42.1586 -22.9675 
vt 42.1586 -23.0325 
vt 42.1857 -23.0325 
vt 42.1335 -23.0325 
vt 42.1335 -22.9675 
vt 42.1857 -22.9675 
vt 42.2092 -23.0325 
vt 42.2092 -22.9675 
vt 42.2466 -23.0391 
vt 42.2466 -22.9609 
vt 42.0223 -23.0361 
vt 41.8476 -23.0361 
vt 41.8539 -23.0361 
vt 41.8539 -22.9641 
vt 42.0223 -22.9641 
vt 42.0223 -23.0266 
vt 41.7766 -23.0266 
vt 42.0569 -23.0266 
vt 42.1298 -23.0266 
vt 41.6975 -23.0266 
vt 41.6975 -23.0266 
vt 41.7766 -22.9735 
vt 41.8539 -22.9735 
vt 41.8539 -22.9735 
vt 41.6975 -22.9735 
vt 42.0569 -22.9735 
vt 42.0223 -22.9735 
vt 42.1298 -22.9735 
vt 42.0223 -22.9735 
vt 41.6699 -23.0361 
vt 41.8476 -23.0361 
vt 41.8476 -22.9641 
vt 41.6699 -22.9641 
vt 41.8616 -22.9641 
vt 41.8616 -23.0361 
vt 42.1299 -23.0361 
vt 42.1299 -22.9641 
vt 41.8539 -22.9735 
vt 41.6717 -22.9735 
vt 41.8539 -23.0266 
vt 41.6717 -23.0266 
vt 42.1298 -23.0266 
vt 42.0223 -22.9735 
vt 42.0223 -23.0266 
vt 42.1298 -22.9735 
vt 41.8741 -22.9641 
vt 42.0223 -23.0361 
vt 42.0223 -22.9641 
vt 41.8539 -23.0361 
vt 41.8602 -22.9641 
vt 41.8539 -22.9641 
vt 42.0223 -22.9735 
vt 41.8539 -22.9735 
vt 42.0223 -23.0266 
vt 41.8539 -23.0266 
vt 41.6975 -23.0266 
vt 41.7544 -23.0266 
vt 41.6975 -22.9735 
vt 41.7544 -22.9735 
vt 41.7766 -23.0266 
vt 41.8335 -23.0266 
vt 41.7766 -22.9735 
vt 41.8335 -22.9735 
vt 42.0569 -22.9735 
vt 41.8726 -22.9735 
vt 42.0569 -23.0266 
vt 41.8726 -23.0266 
vt 42.3301 -22.9845 
vt 42.3283 -22.9575 
vt 41.6699 -22.9323 
vt 41.6699 -23.0912 
vt 41.6699 -23.0912 
vt 42.2456 -22.9178 
vt 41.7595 -22.9371 
vt 41.7657 -22.9658 
vt 41.7908 -23.0129 
vt 42.1665 -22.9313 
vt 41.6926 -23.0912 
vt 41.7846 -22.9214 
vt 41.8414 -22.9151 
vt 41.8414 -23.0129 
vt 41.8665 -23.0129 
vt 41.8702 -22.9127 
vt 41.6699 -22.9323 
vt 41.7534 -22.978 
vt 41.7223 -22.9323 
vt 41.7377 -22.9383 
vt 41.7534 -23.0177 
vt 41.6699 -23.0912 
vt 41.6926 -23.0912 
vt 41.7752 -22.9721 
vt 41.8143 -22.9658 
vt 41.7657 -22.9658 
vt 41.8143 -22.9721 
vt 41.8414 -22.9721 
vt 41.8414 -22.9658 
vt 41.8665 -22.9721 
vt 41.8665 -22.9658 
vt 41.8701 -22.9751 
vt 42.1384 -22.9751 
vt 41.9777 -22.9667 
vt 41.8701 -22.938 
vt 42.1259 -22.9667 
vt 41.9777 -22.9451 
vt 42.1398 -22.9667 
vt 42.1461 -22.9451 
vt 42.1524 -22.9845 
vt 42.3301 -22.938 
vt 42.3301 -22.9845 
vt 42.1461 -22.9667 
vt 41.7595 -22.9371 
vt 41.7657 -22.9658 
vt 41.7846 -22.9214 
vt 41.8143 -22.9658 
vt 41.8111 -22.9151 
vt 41.8414 -22.9151 
vt 41.8414 -22.9658 
vt 41.8665 -22.9658 
vt 41.8665 -22.9088 
vt 41.8414 -22.9721 
vt 41.8143 -22.9721 
vt 41.8143 -23.0129 
vt 41.7799 -22.9925 
vt 41.7752 -22.9721 
vt 41.7908 -23.0129 
vt 41.8414 -23.0129 
vt 41.8665 -23.0129 
vt 41.8665 -22.9721 
vt 42.1461 -22.9575 
vt 42.1665 -22.9313 
vt 42.1461 -22.9451 
vt 42.1274 -22.9313 
vt 41.9777 -22.9451 
vt 42.2234 -22.9313 
vt 41.9431 -22.9313 
vt 41.9777 -22.9575 
vt 41.8702 -22.9575 
vt 41.8702 -22.9127 
vt 41.9431 -22.9178 
vt 42.1274 -22.9178 
vt 42.1665 -22.9178 
vt 42.3283 -22.9127 
vt 42.2234 -22.9178 
vt 42.2456 -22.9178 
vt 42.3025 -22.9178 
vt 42.3025 -22.9313 
vt 42.2456 -22.9313 
vt 42.3283 -22.9575 

usemtl Meshpart4Mtl

f 1490/1490/1490 1491/1491/1491 1492/1492/1492 
f 1491/1491/1491 1490/1490/1490 1493/1493/1493 
f 1494/1494/1494 1495/1495/1495 1496/1496/1496 
f 1495/1495/1495 1494/1494/1494 1497/1497/1497 
f 1498/1498/1498 1499/1499/1499 1500/1500/1500 
f 1500/1500/1500 1499/1499/1499 1501/1501/1501 
f 1498/1498/1498 1502/1502/1502 1499/1499/1499 
f 1503/1503/1503 1502/1502/1502 1498/1498/1498 
f 1507/1507/1507 1508/1508/1508 1509/1509/1509 
f 1509/1509/1509 1508/1508/1508 1510/1510/1510 
f 1511/1511/1511 1512/1512/1512 1513/1513/1513 
f 1513/1513/1513 1512/1512/1512 1514/1514/1514 
f 1515/1515/1515 1516/1516/1516 1517/1517/1517 
f 1516/1516/1516 1515/1515/1515 1518/1518/1518 
f 1519/1519/1519 1520/1520/1520 1521/1521/1521 
f 1521/1521/1521 1520/1520/1520 1522/1522/1522 
f 1523/1523/1523 1524/1524/1524 1525/1525/1525 
f 1525/1525/1525 1524/1524/1524 1526/1526/1526 
f 1540/1540/1540 1541/1541/1541 1542/1542/1542 
f 1542/1542/1542 1541/1541/1541 1543/1543/1543 
f 1541/1541/1541 1540/1540/1540 1544/1544/1544 
f 1544/1544/1544 1545/1545/1545 1541/1541/1541 
f 1545/1545/1545 1544/1544/1544 1546/1546/1546 
f 1546/1546/1546 1547/1547/1547 1545/1545/1545 
f 1546/1546/1546 1548/1548/1548 1547/1547/1547 
f 1549/1549/1549 1548/1548/1548 1546/1546/1546 
f 1550/1550/1550 1551/1551/1551 1552/1552/1552 
f 1553/1553/1553 1552/1552/1552 1551/1551/1551 
f 1575/1575/1575 1576/1576/1576 1577/1577/1577 
f 1575/1575/1575 1577/1577/1577 1578/1578/1578 
f 1579/1579/1579 1580/1580/1580 1581/1581/1581 
f 1579/1579/1579 1581/1581/1581 1582/1582/1582 
f 1583/1583/1583 1584/1584/1584 1585/1585/1585 
f 1583/1583/1583 1585/1585/1585 1586/1586/1586 
f 1587/1587/1587 1588/1588/1588 1589/1589/1589 
f 1589/1589/1589 1588/1588/1588 1590/1590/1590 
f 1591/1591/1591 1588/1588/1588 1587/1587/1587 
f 1591/1591/1591 1587/1587/1587 1592/1592/1592 
f 1593/1593/1593 1594/1594/1594 1595/1595/1595 
f 1595/1595/1595 1594/1594/1594 1596/1596/1596 
f 1595/1595/1595 1596/1596/1596 1597/1597/1597 
f 1598/1598/1598 1595/1595/1595 1597/1597/1597 
f 1599/1599/1599 1600/1600/1600 1601/1601/1601 
f 1602/1602/1602 1599/1599/1599 1601/1601/1601 
f 1600/1600/1600 1599/1599/1599 1603/1603/1603 
f 1600/1600/1600 1603/1603/1603 1604/1604/1604 
f 1622/1622/1622 1623/1623/1623 1624/1624/1624 
f 1624/1624/1624 1623/1623/1623 1625/1625/1625 
f 1624/1624/1624 1625/1625/1625 1626/1626/1626 
f 1623/1623/1623 1622/1622/1622 1627/1627/1627 
f 1627/1627/1627 1622/1622/1622 1628/1628/1628 
f 1629/1629/1629 1630/1630/1630 1631/1631/1631 
f 1632/1632/1632 1630/1630/1630 1629/1629/1629 
f 1633/1633/1633 1631/1631/1631 1630/1630/1630 
f 1631/1631/1631 1633/1633/1633 1634/1634/1634 
f 1635/1635/1635 1634/1634/1634 1633/1633/1633 
f 1634/1634/1634 1635/1635/1635 1636/1636/1636 
f 1639/1639/1639 1640/1640/1640 1641/1641/1641 
f 1642/1642/1642 1639/1639/1639 1641/1641/1641 
f 1641/1641/1641 1643/1643/1643 1642/1642/1642 
f 1644/1644/1644 1642/1642/1642 1643/1643/1643 
f 1642/1642/1642 1644/1644/1644 1645/1645/1645 
f 1644/1644/1644 1646/1646/1646 1645/1645/1645 
f 1645/1645/1645 1646/1646/1646 1647/1647/1647 
f 1647/1647/1647 1646/1646/1646 1648/1648/1648 
f 1646/1646/1646 1649/1649/1649 1648/1648/1648 
f 1649/1649/1649 1640/1640/1640 1639/1639/1639 
f 1648/1648/1648 1649/1649/1649 1650/1650/1650 
f 1649/1649/1649 1639/1639/1639 1650/1650/1650 
f 1640/1640/1640 1649/1649/1649 1651/1651/1651 
f 1651/1651/1651 1649/1649/1649 1652/1652/1652 
f 1653/1653/1653 1654/1654/1654 1655/1655/1655 
f 1656/1656/1656 1654/1654/1654 1653/1653/1653 
f 1654/1654/1654 1656/1656/1656 1657/1657/1657 
f 1653/1653/1653 1655/1655/1655 1658/1658/1658 
f 1653/1653/1653 1658/1658/1658 1659/1659/1659 
f 1658/1658/1658 1660/1660/1660 1659/1659/1659 
f 1660/1660/1660 1658/1658/1658 1661/1661/1661 
f 1662/1662/1662 1663/1663/1663 1664/1664/1664 
f 1664/1664/1664 1663/1663/1663 1665/1665/1665 
f 1663/1663/1663 1662/1662/1662 1666/1666/1666 
f 1666/1666/1666 1667/1667/1667 1663/1663/1663 
f 1667/1667/1667 1666/1666/1666 1668/1668/1668 
f 1668/1668/1668 1666/1666/1666 1669/1669/1669 
f 1667/1667/1667 1668/1668/1668 1670/1670/1670 
f 1676/1676/1676 1677/1677/1677 1678/1678/1678 
f 1677/1677/1677 1679/1679/1679 1678/1678/1678 
f 1679/1679/1679 1680/1680/1680 1678/1678/1678 
f 1677/1677/1677 1681/1681/1681 1679/1679/1679 
f 1682/1682/1682 1680/1680/1680 1679/1679/1679 
f 1681/1681/1681 1677/1677/1677 1683/1683/1683 
f 1680/1680/1680 1682/1682/1682 1684/1684/1684 
f 1681/1681/1681 1683/1683/1683 1685/1685/1685 
f 1686/1686/1686 1677/1677/1677 1676/1676/1676 
f 1676/1676/1676 1685/1685/1685 1686/1686/1686 
f 1685/1685/1685 1676/1676/1676 1684/1684/1684 
f 1685/1685/1685 1687/1687/1687 1686/1686/1686 
f 1687/1687/1687 1685/1685/1685 1683/1683/1683 
f 1685/1685/1685 1684/1684/1684 1688/1688/1688 
f 1682/1682/1682 1688/1688/1688 1684/1684/1684 
f 1688/1688/1688 1689/1689/1689 1685/1685/1685 
f 1688/1688/1688 1682/1682/1682 1690/1690/1690 
f 1689/1689/1689 1688/1688/1688 1691/1691/1691 
f 1682/1682/1682 1692/1692/1692 1690/1690/1690 
f 1693/1693/1693 1689/1689/1689 1691/1691/1691 
f 1693/1693/1693 1690/1690/1690 1692/1692/1692 
f 1689/1689/1689 1693/1693/1693 1694/1694/1694 
f 1693/1693/1693 1692/1692/1692 1695/1695/1695 
f 1695/1695/1695 1694/1694/1694 1693/1693/1693 
f 1696/1696/1696 1697/1697/1697 1698/1698/1698 
f 1697/1697/1697 1699/1699/1699 1698/1698/1698 
f 1700/1700/1700 1701/1701/1701 1702/1702/1702 
f 1701/1701/1701 1703/1703/1703 1702/1702/1702 
f 1706/1706/1706 1707/1707/1707 1708/1708/1708 
f 1708/1708/1708 1709/1709/1709 1706/1706/1706 
f 1713/1713/1713 1714/1714/1714 1715/1715/1715 
f 1715/1715/1715 1714/1714/1714 1716/1716/1716 
f 1723/1723/1723 1724/1724/1724 1725/1725/1725 
f 1725/1725/1725 1726/1726/1726 1723/1723/1723 
f 1727/1727/1727 1728/1728/1728 1729/1729/1729 
f 1729/1729/1729 1730/1730/1730 1727/1727/1727 
f 1731/1731/1731 1732/1732/1732 1733/1733/1733 
f 1733/1733/1733 1732/1732/1732 1734/1734/1734 
f 1735/1735/1735 1736/1736/1736 1737/1737/1737 
f 1737/1737/1737 1738/1738/1738 1735/1735/1735 
f 1738/1738/1738 1737/1737/1737 1739/1739/1739 
f 1739/1739/1739 1740/1740/1740 1738/1738/1738 
f 1739/1739/1739 1741/1741/1741 1740/1740/1740 
f 1739/1739/1739 1742/1742/1742 1741/1741/1741 
f 1756/1756/1756 1757/1757/1757 1758/1758/1758 
f 1757/1757/1757 1756/1756/1756 1759/1759/1759 
f 1760/1760/1760 1761/1761/1761 1762/1762/1762 
f 1762/1762/1762 1763/1763/1763 1760/1760/1760 
f 1764/1764/1764 1765/1765/1765 1766/1766/1766 
f 1765/1765/1765 1764/1764/1764 1767/1767/1767 
f 1767/1767/1767 1764/1764/1764 1768/1768/1768 
f 1766/1766/1766 1769/1769/1769 1764/1764/1764 
f 1769/1769/1769 1766/1766/1766 1770/1770/1770 
f 1770/1770/1770 1771/1771/1771 1769/1769/1769 
f 1793/1793/1793 1794/1794/1794 1795/1795/1795 
f 1793/1793/1793 1795/1795/1795 1796/1796/1796 
f 1794/1794/1794 1797/1797/1797 1795/1795/1795 
f 1798/1798/1798 1797/1797/1797 1794/1794/1794 
f 1798/1798/1798 1799/1799/1799 1797/1797/1797 
f 1800/1800/1800 1797/1797/1797 1799/1799/1799 
f 1801/1801/1801 1802/1802/1802 1803/1803/1803 
f 1804/1804/1804 1803/1803/1803 1802/1802/1802 
f 1805/1805/1805 1806/1806/1806 1807/1807/1807 
f 1806/1806/1806 1805/1805/1805 1808/1808/1808 
f 1809/1809/1809 1810/1810/1810 1811/1811/1811 
f 1810/1810/1810 1809/1809/1809 1812/1812/1812 
f 1812/1812/1812 1809/1809/1809 1813/1813/1813 
f 1812/1812/1812 1813/1813/1813 1814/1814/1814 
f 1815/1815/1815 1816/1816/1816 1817/1817/1817 
f 1818/1818/1818 1817/1817/1817 1816/1816/1816 
f 1819/1819/1819 1820/1820/1820 1821/1821/1821 
f 1820/1820/1820 1822/1822/1822 1821/1821/1821 
f 1823/1823/1823 1824/1824/1824 1825/1825/1825 
f 1824/1824/1824 1826/1826/1826 1825/1825/1825 
f 1827/1827/1827 1828/1828/1828 1829/1829/1829 
f 1830/1830/1830 1829/1829/1829 1828/1828/1828 
f 1847/1847/1847 1848/1848/1848 1849/1849/1849 
f 1849/1849/1849 1848/1848/1848 1850/1850/1850 
f 1848/1848/1848 1847/1847/1847 1851/1851/1851 
f 1851/1851/1851 1847/1847/1847 1852/1852/1852 
f 1851/1851/1851 1852/1852/1852 1853/1853/1853 
f 1854/1854/1854 1855/1855/1855 1856/1856/1856 
f 1855/1855/1855 1854/1854/1854 1857/1857/1857 
f 1857/1857/1857 1858/1858/1858 1855/1855/1855 
f 1859/1859/1859 1855/1855/1855 1858/1858/1858 
f 1858/1858/1858 1860/1860/1860 1859/1859/1859 
f 1861/1861/1861 1859/1859/1859 1860/1860/1860 
f 1862/1862/1862 1863/1863/1863 1864/1864/1864 
f 1864/1864/1864 1865/1865/1865 1862/1862/1862 
f 1866/1866/1866 1864/1864/1864 1863/1863/1863 
f 1865/1865/1865 1864/1864/1864 1867/1867/1867 
f 1868/1868/1868 1866/1866/1866 1863/1863/1863 
f 1869/1869/1869 1865/1865/1865 1867/1867/1867 
f 1870/1870/1870 1868/1868/1868 1863/1863/1863 
f 1865/1865/1865 1869/1869/1869 1871/1871/1871 
f 1870/1870/1870 1871/1871/1871 1869/1869/1869 
f 1871/1871/1871 1870/1870/1870 1872/1872/1872 
f 1870/1870/1870 1869/1869/1869 1873/1873/1873 
f 1868/1868/1868 1870/1870/1870 1873/1873/1873 
f 1874/1874/1874 1875/1875/1875 1876/1876/1876 
f 1877/1877/1877 1876/1876/1876 1875/1875/1875 
f 1876/1876/1876 1877/1877/1877 1878/1878/1878 
f 1878/1878/1878 1877/1877/1877 1879/1879/1879 
f 1879/1879/1879 1877/1877/1877 1880/1880/1880 
f 1879/1879/1879 1880/1880/1880 1881/1881/1881 
f 1881/1881/1881 1882/1882/1882 1879/1879/1879 
f 1883/1883/1883 1884/1884/1884 1885/1885/1885 
f 1884/1884/1884 1886/1886/1886 1885/1885/1885 
f 1886/1886/1886 1884/1884/1884 1887/1887/1887 
f 1885/1885/1885 1886/1886/1886 1888/1888/1888 
f 1883/1883/1883 1885/1885/1885 1889/1889/1889 
f 1883/1883/1883 1889/1889/1889 1890/1890/1890 
f 1890/1890/1890 1891/1891/1891 1883/1883/1883 
f 1892/1892/1892 1893/1893/1893 1894/1894/1894 
f 1895/1895/1895 1894/1894/1894 1893/1893/1893 
f 1896/1896/1896 1894/1894/1894 1895/1895/1895 
f 1893/1893/1893 1892/1892/1892 1897/1897/1897 
f 1895/1895/1895 1898/1898/1898 1896/1896/1896 
f 1896/1896/1896 1898/1898/1898 1899/1899/1899 
f 1899/1899/1899 1898/1898/1898 1900/1900/1900 
f 1898/1898/1898 1901/1901/1901 1900/1900/1900 
f 1901/1901/1901 1898/1898/1898 1902/1902/1902 
f 1893/1893/1893 1903/1903/1903 1895/1895/1895 
f 1903/1903/1903 1901/1901/1901 1902/1902/1902 
f 1903/1903/1903 1893/1893/1893 1904/1904/1904 
f 1903/1903/1903 1905/1905/1905 1901/1901/1901 
f 1904/1904/1904 1905/1905/1905 1903/1903/1903 
f 1906/1906/1906 1905/1905/1905 1904/1904/1904 
f 1905/1905/1905 1906/1906/1906 1907/1907/1907 
f 1905/1905/1905 1907/1907/1907 1908/1908/1908 
f 1909/1909/1909 1905/1905/1905 1908/1908/1908 
f 1907/1907/1907 1906/1906/1906 1910/1910/1910 
f 1905/1905/1905 1909/1909/1909 1911/1911/1911 
f 1911/1911/1911 1909/1909/1909 1910/1910/1910 
f 1910/1910/1910 1906/1906/1906 1897/1897/1897 
f 1910/1910/1910 1892/1892/1892 1911/1911/1911 
f 1892/1892/1892 1910/1910/1910 1897/1897/1897 

g Charm Ring
# 17001777607

v -580.415 6.18214 -0.532959 
v -580.379 6.19416 -0.527065 
v -580.413 6.1804 -0.538789 
v -580.379 6.19416 -0.538853 
v -580.429 6.14734 -0.532959 
v -580.38 6.18824 -0.541081 
v -580.409 6.17626 -0.541079 
v -580.381 6.18254 -0.538641 
v -580.427 6.14734 -0.538789 
v -580.405 6.17227 -0.538585 
v -580.403 6.17067 -0.532959 
v -580.381 6.18017 -0.532959 
v -580.421 6.14734 -0.541079 
v -580.415 6.14734 -0.538585 
v -580.413 6.14734 -0.532959 
v -580.403 6.12401 -0.532959 
v -580.405 6.12241 -0.538585 
v -580.409 6.11842 -0.541079 
v -580.381 6.11213 -0.538641 
v -580.381 6.11451 -0.532959 
v -580.38 6.10644 -0.541081 
v -580.413 6.11428 -0.538789 
v -580.379 6.10052 -0.538853 
v -580.413 6.1804 -0.527129 
v -580.379 6.19672 -0.532959 
v -580.415 6.18214 -0.532959 
v -580.379 6.19416 -0.527065 
v -580.413 6.1804 -0.538789 
v -580.379 6.19416 -0.538853 
v -580.381 6.18254 -0.538641 
v -580.403 6.12401 -0.532959 
v -580.405 6.12241 -0.538585 
v -580.409 6.11842 -0.541079 
v -580.381 6.11213 -0.538641 
v -580.381 6.11451 -0.532959 
v -580.381 6.11213 -0.527277 
v -580.379 6.10052 -0.538853 
v -580.409 6.11842 -0.524839 
v -580.405 6.12241 -0.527333 
v -580.409 6.17626 -0.524839 
v -580.405 6.17227 -0.527333 
v -580.409 6.17626 -0.541079 
v -580.405 6.17227 -0.538585 
v -580.403 6.17067 -0.532959 
v -580.421 6.14734 -0.541079 
v -580.415 6.14734 -0.538585 
v -580.413 6.14734 -0.532959 
v -580.415 6.14734 -0.527333 
v -580.403 6.12401 -0.532959 
v -580.405 6.12241 -0.538585 
v -580.409 6.11842 -0.541079 
v -580.409 6.11842 -0.524839 
v -580.421 6.14734 -0.524839 
v -580.405 6.12241 -0.527333 
v -580.413 6.1804 -0.527129 
v -580.415 6.18214 -0.532959 
v -580.379 6.19416 -0.527065 
v -580.38 6.18824 -0.524837 
v -580.429 6.14734 -0.532959 
v -580.409 6.17626 -0.524839 
v -580.381 6.18254 -0.527277 
v -580.427 6.14734 -0.527129 
v -580.405 6.17227 -0.527333 
v -580.403 6.17067 -0.532959 
v -580.381 6.18017 -0.532959 
v -580.413 6.14734 -0.532959 
v -580.415 6.14734 -0.527333 
v -580.403 6.12401 -0.532959 
v -580.381 6.11451 -0.532959 
v -580.381 6.11213 -0.527277 
v -580.379 6.10052 -0.538853 
v -580.415 6.11254 -0.532959 
v -580.413 6.11428 -0.527129 
v -580.379 6.10052 -0.527065 
v -580.38 6.10644 -0.524837 
v -580.409 6.11842 -0.524839 
v -580.421 6.14734 -0.524839 
v -580.405 6.12241 -0.527333 
v -580.379 6.19416 -0.527065 
v -580.409 6.17626 -0.524839 
v -580.381 6.18254 -0.527277 
v -580.405 6.17227 -0.527333 
v -580.409 6.17626 -0.541079 
v -580.381 6.18254 -0.538641 
v -580.405 6.17227 -0.538585 
v -580.403 6.17067 -0.532959 
v -580.381 6.18017 -0.532959 
v -580.381 6.11213 -0.527277 
v -580.413 6.11428 -0.538789 
v -580.379 6.10052 -0.538853 
v -580.379 6.09796 -0.532959 
v -580.415 6.11254 -0.532959 
v -580.413 6.11428 -0.527129 
v -580.379 6.10052 -0.527065 
v -580.413 6.1804 -0.527129 
v -580.415 6.18214 -0.532959 
v -580.413 6.1804 -0.538789 
v -580.429 6.14734 -0.532959 
v -580.427 6.14734 -0.527129 
v -580.427 6.14734 -0.538789 
v -580.413 6.11428 -0.538789 
v -580.415 6.11254 -0.532959 
v -580.413 6.11428 -0.527129 

vn -0.708661 0.708661 0 
vn -0.299213 0.716535 0.629921 
vn -0.519685 0.527559 -0.669291 
vn -0.299213 0.716535 -0.629921 
vn -1 0 0 
vn -0.0393701 0.102362 -0.992126 
vn -0.0551181 0.0551181 -1 
vn 0.267717 -0.629921 -0.724409 
vn -0.740157 0 -0.669291 
vn 0.472441 -0.472441 -0.740157 
vn 0.708661 -0.700787 0 
vn 0.385827 -0.92126 0 
vn -0.0708661 0 -1 
vn 0.669291 0 -0.748031 
vn 1 0 0 
vn 0.708661 0.708661 0 
vn 0.472441 0.472441 -0.740157 
vn -0.0551181 -0.0551181 -1 
vn 0.267717 0.629921 -0.732283 
vn 0.385827 0.92126 0 
vn -0.0393701 -0.102362 -0.992126 
vn -0.519685 -0.527559 -0.669291 
vn -0.299213 -0.716535 -0.629921 
vn -0.519685 0.527559 0.669291 
vn -0.377953 0.929134 0 
vn -0.708661 0.708661 0 
vn -0.299213 0.716535 0.629921 
vn -0.519685 0.527559 -0.669291 
vn -0.299213 0.716535 -0.629921 
vn 0.267717 -0.629921 -0.724409 
vn 0.708661 0.708661 0 
vn 0.472441 0.472441 -0.740157 
vn -0.0551181 -0.0551181 -1 
vn 0.267717 0.629921 -0.732283 
vn 0.385827 0.92126 0 
vn 0.267717 0.629921 0.732283 
vn -0.299213 -0.716535 -0.629921 
vn -0.0551181 -0.0551181 1 
vn 0.472441 0.472441 0.740157 
vn -0.0551181 0.0551181 1 
vn 0.472441 -0.472441 0.740157 
vn -0.0551181 0.0551181 -1 
vn 0.472441 -0.472441 -0.740157 
vn 0.708661 -0.700787 0 
vn -0.0708661 0 -1 
vn 0.669291 0 -0.748031 
vn 1 0 0 
vn 0.669291 0 0.748031 
vn 0.708661 0.708661 0 
vn 0.472441 0.472441 -0.740157 
vn -0.0551181 -0.0551181 -1 
vn -0.0551181 -0.0551181 1 
vn -0.0708661 0 1 
vn 0.472441 0.472441 0.740157 
vn -0.519685 0.527559 0.669291 
vn -0.708661 0.708661 0 
vn -0.299213 0.716535 0.629921 
vn -0.0393701 0.102362 0.992126 
vn -1 0 0 
vn -0.0551181 0.0551181 1 
vn 0.267717 -0.629921 0.732283 
vn -0.740157 0 0.669291 
vn 0.472441 -0.472441 0.740157 
vn 0.708661 -0.700787 0 
vn 0.385827 -0.92126 0 
vn 1 0 0 
vn 0.669291 0 0.748031 
vn 0.708661 0.708661 0 
vn 0.385827 0.92126 0 
vn 0.267717 0.629921 0.732283 
vn -0.299213 -0.716535 -0.629921 
vn -0.708661 -0.708661 0 
vn -0.519685 -0.527559 0.669291 
vn -0.299213 -0.716535 0.629921 
vn -0.0393701 -0.102362 0.992126 
vn -0.0551181 -0.0551181 1 
vn -0.0708661 0 1 
vn 0.472441 0.472441 0.740157 
vn -0.299213 0.716535 0.629921 
vn -0.0551181 0.0551181 1 
vn 0.267717 -0.629921 0.732283 
vn 0.472441 -0.472441 0.740157 
vn -0.0551181 0.0551181 -1 
vn 0.267717 -0.629921 -0.724409 
vn 0.472441 -0.472441 -0.740157 
vn 0.708661 -0.700787 0 
vn 0.385827 -0.92126 0 
vn 0.267717 0.629921 0.732283 
vn -0.519685 -0.527559 -0.669291 
vn -0.299213 -0.716535 -0.629921 
vn -0.377953 -0.929134 0 
vn -0.708661 -0.708661 0 
vn -0.519685 -0.527559 0.669291 
vn -0.299213 -0.716535 0.629921 
vn -0.519685 0.527559 0.669291 
vn -0.708661 0.708661 0 
vn -0.519685 0.527559 -0.669291 
vn -1 0 0 
vn -0.740157 0 0.669291 
vn -0.740157 0 -0.669291 
vn -0.519685 -0.527559 -0.669291 
vn -0.708661 -0.708661 0 
vn -0.519685 -0.527559 0.669291 

vt 38.0013 -8.99565 
vt 37.9969 -8.99415 
vt 38.0011 -8.99587 
vt 37.9969 -8.99415 
vt 38.0031 -9 
vt 37.997 -8.99489 
vt 38.0006 -8.99638 
vt 37.997 -8.9956 
vt 38.0028 -9 
vt 38.0001 -8.99688 
vt 37.9999 -8.99708 
vt 37.9971 -8.9959 
vt 38.0021 -9 
vt 38.0014 -9 
vt 38.0011 -9 
vt 37.9999 -9.00292 
vt 38.0001 -9.00312 
vt 38.0006 -9.00362 
vt 37.997 -9.0044 
vt 37.9971 -9.0041 
vt 37.997 -9.00511 
vt 38.0011 -9.00413 
vt 37.9969 -9.00585 
vt 38.0007 -9.00111 
vt 38 -8.99687 
vt 38 -9.00133 
vt 38.0007 -8.9969 
vt 37.9993 -9.00111 
vt 37.9993 -8.9969 
vt 37.9993 -8.99705 
vt 38 -8.99989 
vt 37.9993 -9.00009 
vt 37.999 -9.00059 
vt 37.9993 -8.99705 
vt 38 -8.99708 
vt 38.0007 -8.99705 
vt 37.9993 -8.9969 
vt 38.001 -9.00059 
vt 38.0007 -9.00009 
vt 37.999 -8.99638 
vt 37.9993 -8.99688 
vt 38.001 -8.99638 
vt 38.0007 -8.99688 
vt 38 -8.99708 
vt 38.001 -9 
vt 38.0007 -9 
vt 38 -9 
vt 37.9993 -9 
vt 38 -9.00292 
vt 38.0007 -9.00312 
vt 38.001 -9.00362 
vt 37.999 -9.00362 
vt 37.999 -9 
vt 37.9993 -9.00312 
vt 37.9989 -8.99587 
vt 37.9987 -8.99565 
vt 38.0031 -8.99415 
vt 38.003 -8.99489 
vt 37.9969 -9 
vt 37.9994 -8.99638 
vt 38.003 -8.9956 
vt 37.9972 -9 
vt 37.9999 -8.99688 
vt 38.0001 -8.99708 
vt 38.0029 -8.9959 
vt 37.9989 -9 
vt 37.9986 -9 
vt 38.0001 -9.00292 
vt 38.0029 -9.0041 
vt 38.003 -9.0044 
vt 38.0031 -9.00585 
vt 37.9987 -9.00435 
vt 37.9989 -9.00413 
vt 38.0031 -9.00585 
vt 38.003 -9.00511 
vt 37.9994 -9.00362 
vt 37.9979 -9 
vt 37.9999 -9.00312 
vt 37.9993 -8.9969 
vt 37.999 -9.00059 
vt 37.9993 -8.99705 
vt 37.9993 -9.00009 
vt 38.001 -9.00059 
vt 38.0007 -8.99705 
vt 38.0007 -9.00009 
vt 38 -8.99989 
vt 38 -8.99708 
vt 37.9993 -8.99705 
vt 38.0007 -9.00111 
vt 38.0007 -8.9969 
vt 38 -8.99687 
vt 38 -9.00133 
vt 37.9993 -9.00111 
vt 37.9993 -8.9969 
vt 38.0007 -8.99587 
vt 38 -8.99565 
vt 37.9993 -8.99587 
vt 38 -9 
vt 38.0007 -9 
vt 37.9993 -9 
vt 37.9993 -9.00413 
vt 38 -9.00435 
vt 38.0007 -9.00413 

usemtl Meshpart3Mtl

f 1917/1917/1917 1914/1914/1914 1915/1915/1915 
f 1914/1914/1914 1917/1917/1917 1918/1918/1918 
f 1919/1919/1919 1918/1918/1918 1917/1917/1917 
f 1920/1920/1920 1914/1914/1914 1918/1918/1918 
f 1918/1918/1918 1919/1919/1919 1921/1921/1921 
f 1924/1924/1924 1918/1918/1918 1921/1921/1921 
f 1920/1920/1920 1918/1918/1918 1924/1924/1924 
f 1924/1924/1924 1921/1921/1921 1925/1925/1925 
f 1928/1928/1928 1924/1924/1924 1925/1925/1925 
f 1929/1929/1929 1920/1920/1920 1924/1924/1924 
f 1924/1924/1924 1928/1928/1928 1929/1929/1929 
f 1930/1930/1930 1929/1929/1929 1928/1928/1928 
f 1929/1929/1929 1930/1930/1930 1932/1932/1932 
f 1920/1920/1920 1929/1929/1929 1933/1933/1933 
f 1932/1932/1932 1933/1933/1933 1929/1929/1929 
f 1933/1933/1933 1932/1932/1932 1934/1934/1934 
f 1935/1935/1935 1936/1936/1936 1937/1937/1937 
f 1936/1936/1936 1935/1935/1935 1938/1938/1938 
f 1936/1936/1936 1939/1939/1939 1937/1937/1937 
f 1939/1939/1939 1936/1936/1936 1940/1940/1940 
f 1945/1945/1945 1943/1943/1943 1942/1942/1942 
f 1942/1942/1942 1946/1946/1946 1945/1945/1945 
f 1942/1942/1942 1947/1947/1947 1946/1946/1946 
f 1947/1947/1947 1942/1942/1942 1950/1950/1950 
f 1955/1955/1955 1957/1957/1957 1954/1954/1954 
f 1957/1957/1957 1955/1955/1955 1958/1958/1958 
f 1959/1959/1959 1955/1955/1955 1952/1952/1952 
f 1955/1955/1955 1959/1959/1959 1958/1958/1958 
f 1960/1960/1960 1957/1957/1957 1958/1958/1958 
f 1959/1959/1959 1960/1960/1960 1958/1958/1958 
f 1957/1957/1957 1960/1960/1960 1961/1961/1961 
f 1960/1960/1960 1959/1959/1959 1965/1965/1965 
f 1966/1966/1966 1969/1969/1969 1968/1968/1968 
f 1969/1969/1969 1966/1966/1966 1971/1971/1971 
f 1971/1971/1971 1972/1972/1972 1969/1969/1969 
f 1973/1973/1973 1971/1971/1971 1966/1966/1966 
f 1972/1972/1972 1971/1971/1971 1974/1974/1974 
f 1984/1984/1984 1985/1985/1985 1986/1986/1986 
f 1984/1984/1984 1986/1986/1986 1987/1987/1987 
f 1987/1987/1987 1973/1973/1973 1984/1984/1984 
f 1987/1987/1987 1986/1986/1986 1981/1981/1981 
f 1973/1973/1973 1987/1987/1987 1988/1988/1988 
f 1971/1971/1971 1973/1973/1973 1988/1988/1988 
f 1988/1988/1988 1974/1974/1974 1971/1971/1971 
f 1974/1974/1974 1988/1988/1988 1978/1978/1978 
f 1989/1989/1989 1988/1988/1988 1987/1987/1987 
f 1987/1987/1987 1981/1981/1981 1989/1989/1989 
f 1988/1988/1988 1989/1989/1989 1978/1978/1978 
f 1997/1997/1997 1992/1992/1992 1993/1993/1993 
f 1995/1995/1995 1997/1997/1997 1996/1996/1996 
f 1992/1992/1992 1997/1997/1997 1998/1998/1998 
f 1997/1997/1997 1995/1995/1995 1998/1998/1998 
f 2000/2000/2000 2001/2001/2001 2002/2002/2002 
f 2002/2002/2002 2003/2003/2003 2000/2000/2000 
f 2002/2002/2002 2004/2004/2004 2003/2003/2003 
f 2004/2004/2004 2002/2002/2002 2005/2005/2005 
f 2009/2009/2009 2006/2006/2006 2007/2007/2007 
f 2009/2009/2009 2007/2007/2007 2008/2008/2008 
f 2006/2006/2006 2009/2009/2009 2010/2010/2010 
f 2008/2008/2008 2011/2011/2011 2009/2009/2009 
f 2012/2012/2012 2009/2009/2009 2011/2011/2011 
f 2009/2009/2009 2012/2012/2012 2013/2013/2013 
f 2009/2009/2009 2013/2013/2013 2014/2014/2014 
f 2014/2014/2014 2010/2010/2010 2009/2009/2009 

g Charm Piece 1
# 17001777187

v -580.353 6.19494 -0.580561 
v -580.353 6.09974 -0.580561 
v -580.333 6.19776 -0.583381 
v -580.333 6.09692 -0.583381 
v -580.333 6.14734 -0.604267 
v -580.353 6.14734 -0.600279 
v -580.353 6.19494 -0.485357 
v -580.333 6.19776 -0.482537 
v -580.333 6.21865 -0.532959 
v -580.353 6.21466 -0.532959 
v -580.353 6.19494 -0.580561 
v -580.333 6.19776 -0.583381 
v -580.353 6.19494 -0.485357 
v -580.353 6.14734 -0.465639 
v -580.333 6.14734 -0.461651 
v -580.353 6.09974 -0.485357 
v -580.333 6.19776 -0.482537 
v -580.333 6.09692 -0.482537 
v -580.353 6.09974 -0.485357 
v -580.333 6.09692 -0.482537 
v -580.333 6.07603 -0.532959 
v -580.353 6.08002 -0.532959 
v -580.353 6.09974 -0.580561 
v -580.333 6.09692 -0.583381 

vn -0.19685 0.692913 -0.692913 
vn -0.19685 -0.692913 -0.692913 
vn -0.19685 0.692913 -0.692913 
vn -0.19685 -0.692913 -0.692913 
vn -0.19685 0 -0.976378 
vn -0.19685 0 -0.976378 
vn -0.19685 0.692913 0.692913 
vn -0.19685 0.692913 0.692913 
vn -0.19685 0.976378 0 
vn -0.19685 0.976378 0 
vn -0.19685 0.692913 -0.692913 
vn -0.19685 0.692913 -0.692913 
vn -0.19685 0.692913 0.692913 
vn -0.19685 0 0.976378 
vn -0.19685 0 0.976378 
vn -0.19685 -0.692913 0.692913 
vn -0.19685 0.692913 0.692913 
vn -0.19685 -0.692913 0.692913 
vn -0.19685 -0.692913 0.692913 
vn -0.19685 -0.692913 0.692913 
vn -0.19685 -0.976378 0 
vn -0.19685 -0.976378 0 
vn -0.19685 -0.692913 -0.692913 
vn -0.19685 -0.692913 -0.692913 

vt 16.0012 -30.994 
vt 16.0012 -31.006 
vt 15.9988 -30.9937 
vt 15.9988 -31.0063 
vt 15.9988 -31 
vt 16.0012 -31 
vt 16.006 -31.0012 
vt 16.0063 -30.9988 
vt 16 -30.9988 
vt 16 -31.0012 
vt 15.9941 -31.0012 
vt 15.9937 -30.9988 
vt 15.9988 -30.994 
vt 15.9988 -31 
vt 16.0012 -31 
vt 15.9988 -31.006 
vt 16.0012 -30.9937 
vt 16.0012 -31.0063 
vt 15.9941 -31.0012 
vt 15.9937 -30.9988 
vt 16 -30.9988 
vt 16 -31.0012 
vt 16.006 -31.0012 
vt 16.0063 -30.9988 

usemtl Meshpart2Mtl

f 2019/2019/2019 2015/2015/2015 2017/2017/2017 
f 2016/2016/2016 2019/2019/2019 2018/2018/2018 
f 2015/2015/2015 2019/2019/2019 2020/2020/2020 
f 2016/2016/2016 2020/2020/2020 2019/2019/2019 
f 2023/2023/2023 2021/2021/2021 2022/2022/2022 
f 2021/2021/2021 2023/2023/2023 2024/2024/2024 
f 2025/2025/2025 2024/2024/2024 2023/2023/2023 
f 2025/2025/2025 2023/2023/2023 2026/2026/2026 
f 2027/2027/2027 2028/2028/2028 2029/2029/2029 
f 2030/2030/2030 2029/2029/2029 2028/2028/2028 
f 2027/2027/2027 2029/2029/2029 2031/2031/2031 
f 2029/2029/2029 2030/2030/2030 2032/2032/2032 
f 2033/2033/2033 2035/2035/2035 2034/2034/2034 
f 2033/2033/2033 2036/2036/2036 2035/2035/2035 
f 2037/2037/2037 2035/2035/2035 2036/2036/2036 
f 2035/2035/2035 2037/2037/2037 2038/2038/2038 

g Charm Piece 2
# 17001777398

v -580.382 6.11024 -0.570061 
v -580.382 6.14734 -0.585431 
v -580.352 6.14734 -0.600279 
v -580.382 6.18444 -0.570061 
v -580.352 6.09974 -0.580561 
v -580.352 6.19494 -0.580561 
v -580.333 6.19776 -0.583381 
v -580.278 6.20336 -0.588985 
v -580.278 6.14734 -0.612191 
v -580.333 6.14734 -0.604267 
v -580.333 6.09692 -0.583381 
v -580.278 6.09131 -0.588985 
v -580.382 6.18444 -0.570061 
v -580.352 6.19494 -0.580561 
v -580.352 6.21466 -0.532959 
v -580.382 6.19981 -0.532959 
v -580.382 6.18444 -0.495857 
v -580.352 6.19494 -0.485357 
v -580.333 6.19776 -0.482537 
v -580.278 6.22657 -0.532959 
v -580.333 6.21865 -0.532959 
v -580.333 6.19776 -0.583381 
v -580.278 6.20336 -0.476933 
v -580.278 6.20336 -0.588985 
v -580.382 6.11024 -0.495857 
v -580.382 6.18444 -0.495857 
v -580.352 6.09974 -0.485357 
v -580.352 6.19494 -0.485357 
v -580.352 6.14734 -0.465639 
v -580.382 6.14734 -0.480487 
v -580.333 6.19776 -0.482537 
v -580.278 6.20336 -0.476933 
v -580.278 6.14734 -0.453727 
v -580.333 6.14734 -0.461651 
v -580.333 6.09692 -0.482537 
v -580.278 6.09131 -0.476933 
v -580.382 6.11024 -0.570061 
v -580.352 6.09974 -0.580561 
v -580.352 6.08002 -0.532959 
v -580.382 6.09487 -0.532959 
v -580.382 6.11024 -0.495857 
v -580.352 6.09974 -0.485357 
v -580.333 6.09692 -0.482537 
v -580.333 6.09692 -0.583381 
v -580.278 6.09131 -0.476933 
v -580.278 6.09131 -0.588985 
v -580.278 6.06811 -0.532959 
v -580.333 6.07603 -0.532959 
v -580.382 6.11024 -0.570061 
v -580.382 6.18444 -0.495857 
v -580.382 6.18444 -0.570061 
v -580.382 6.19981 -0.532959 
v -580.382 6.14734 -0.585431 
v -580.382 6.11024 -0.495857 
v -580.382 6.14734 -0.480487 
v -580.382 6.09487 -0.532959 

vn -0.440945 -0.629921 -0.629921 
vn -0.440945 0 -0.897638 
vn -0.440945 0 -0.897638 
vn -0.440945 0.629921 -0.629921 
vn -0.440945 -0.629921 -0.629921 
vn -0.440945 0.629921 -0.629921 
vn -0.141732 0.700787 -0.700787 
vn -0.141732 0.700787 -0.700787 
vn -0.141732 0 -0.992126 
vn -0.141732 0 -0.992126 
vn -0.141732 -0.700787 -0.700787 
vn -0.141732 -0.700787 -0.700787 
vn -0.440945 0.629921 -0.629921 
vn -0.440945 0.629921 -0.629921 
vn -0.440945 0.897638 0 
vn -0.440945 0.897638 0 
vn -0.440945 0.629921 0.629921 
vn -0.440945 0.629921 0.629921 
vn -0.141732 0.700787 0.700787 
vn -0.141732 0.992126 0 
vn -0.141732 0.992126 0 
vn -0.141732 0.700787 -0.700787 
vn -0.141732 0.700787 0.700787 
vn -0.141732 0.700787 -0.700787 
vn -0.440945 -0.629921 0.629921 
vn -0.440945 0.629921 0.629921 
vn -0.440945 -0.629921 0.629921 
vn -0.440945 0.629921 0.629921 
vn -0.440945 0 0.897638 
vn -0.440945 0 0.897638 
vn -0.141732 0.700787 0.700787 
vn -0.141732 0.700787 0.700787 
vn -0.141732 0 0.992126 
vn -0.141732 0 0.992126 
vn -0.141732 -0.700787 0.700787 
vn -0.141732 -0.700787 0.700787 
vn -0.440945 -0.629921 -0.629921 
vn -0.440945 -0.629921 -0.629921 
vn -0.440945 -0.897638 0 
vn -0.440945 -0.897638 0 
vn -0.440945 -0.629921 0.629921 
vn -0.440945 -0.629921 0.629921 
vn -0.141732 -0.700787 0.700787 
vn -0.141732 -0.700787 -0.700787 
vn -0.141732 -0.700787 0.700787 
vn -0.141732 -0.700787 -0.700787 
vn -0.141732 -0.992126 0 
vn -0.141732 -0.992126 0 
vn -1 0 0 
vn -1 0 0 
vn -1 0 0 
vn -1 0 0 
vn -1 0 0 
vn -1 0 0 
vn -1 0 0 
vn -1 0 0 

vt 18.0066 -15.0046 
vt 18.0066 -15 
vt 18.0028 -15 
vt 18.0066 -14.9954 
vt 18.0028 -15.006 
vt 18.0028 -14.9941 
vt 18.0004 -14.9937 
vt 17.9934 -14.993 
vt 17.9934 -15 
vt 18.0004 -15 
vt 18.0004 -15.0063 
vt 17.9934 -15.007 
vt 17.9954 -15.0066 
vt 17.994 -15.0028 
vt 18 -15.0028 
vt 18 -15.0066 
vt 18.0046 -15.0066 
vt 18.006 -15.0028 
vt 18.0063 -15.0004 
vt 18 -14.9934 
vt 18 -15.0004 
vt 17.9937 -15.0004 
vt 18.007 -14.9934 
vt 17.993 -14.9934 
vt 17.9934 -15.0046 
vt 17.9934 -14.9954 
vt 17.9972 -15.006 
vt 17.9972 -14.9941 
vt 17.9972 -15 
vt 17.9934 -15 
vt 17.9996 -14.9937 
vt 18.0066 -14.993 
vt 18.0066 -15 
vt 17.9996 -15 
vt 17.9996 -15.0063 
vt 18.0066 -15.007 
vt 18.0046 -15.0066 
vt 18.006 -15.0028 
vt 18 -15.0028 
vt 18 -15.0066 
vt 17.9954 -15.0066 
vt 17.994 -15.0028 
vt 17.9937 -15.0004 
vt 18.0063 -15.0004 
vt 17.993 -14.9934 
vt 18.007 -14.9934 
vt 18 -14.9934 
vt 18 -15.0004 
vt 17.9954 -15.0046 
vt 18.0046 -14.9954 
vt 17.9954 -14.9954 
vt 18 -14.9934 
vt 17.9934 -15 
vt 18.0046 -15.0046 
vt 18.0066 -15 
vt 18 -15.0066 

usemtl Meshpart1Mtl

f 2039/2039/2039 2040/2040/2040 2041/2041/2041 
f 2042/2042/2042 2041/2041/2041 2040/2040/2040 
f 2041/2041/2041 2043/2043/2043 2039/2039/2039 
f 2041/2041/2041 2042/2042/2042 2044/2044/2044 
f 2047/2047/2047 2045/2045/2045 2046/2046/2046 
f 2045/2045/2045 2047/2047/2047 2048/2048/2048 
f 2047/2047/2047 2049/2049/2049 2048/2048/2048 
f 2049/2049/2049 2047/2047/2047 2050/2050/2050 
f 2053/2053/2053 2052/2052/2052 2051/2051/2051 
f 2051/2051/2051 2054/2054/2054 2053/2053/2053 
f 2055/2055/2055 2053/2053/2053 2054/2054/2054 
f 2053/2053/2053 2055/2055/2055 2056/2056/2056 
f 2057/2057/2057 2058/2058/2058 2059/2059/2059 
f 2058/2058/2058 2060/2060/2060 2059/2059/2059 
f 2058/2058/2058 2057/2057/2057 2061/2061/2061 
f 2060/2060/2060 2058/2058/2058 2062/2062/2062 
f 2067/2067/2067 2063/2063/2063 2065/2065/2065 
f 2067/2067/2067 2066/2066/2066 2064/2064/2064 
f 2063/2063/2063 2067/2067/2067 2068/2068/2068 
f 2064/2064/2064 2068/2068/2068 2067/2067/2067 
f 2069/2069/2069 2071/2071/2071 2070/2070/2070 
f 2071/2071/2071 2069/2069/2069 2072/2072/2072 
f 2073/2073/2073 2071/2071/2071 2072/2072/2072 
f 2071/2071/2071 2073/2073/2073 2074/2074/2074 
f 2077/2077/2077 2075/2075/2075 2076/2076/2076 
f 2075/2075/2075 2077/2077/2077 2078/2078/2078 
f 2079/2079/2079 2078/2078/2078 2077/2077/2077 
f 2077/2077/2077 2080/2080/2080 2079/2079/2079 
f 2081/2081/2081 2085/2085/2085 2083/2083/2083 
f 2085/2085/2085 2082/2082/2082 2084/2084/2084 
f 2085/2085/2085 2081/2081/2081 2086/2086/2086 
f 2082/2082/2082 2085/2085/2085 2086/2086/2086 
f 2087/2087/2087 2088/2088/2088 2089/2089/2089 
f 2089/2089/2089 2088/2088/2088 2090/2090/2090 
f 2087/2087/2087 2089/2089/2089 2091/2091/2091 
f 2087/2087/2087 2092/2092/2092 2088/2088/2088 
f 2088/2088/2088 2092/2092/2092 2093/2093/2093 
f 2092/2092/2092 2087/2087/2087 2094/2094/2094 

g Reload Mag Lines
# 12613284768

v -579.109 5.7974 -1.52178 
v -578.706 4.71705 -1.51144 
v -579.109 4.71705 -1.51144 
v -578.706 5.77042 -1.34794 
v -578.706 4.7811 -1.92409 
v -579.109 4.7811 -1.92409 
v -578.706 5.84455 -1.82555 
v -579.109 5.83447 -1.76059 
v -578.706 5.76033 -1.28297 
v -579.109 5.76033 -1.28297 
v -578.706 5.55589 -1.24939 
v -579.109 5.55589 -1.24939 
v -578.706 5.3277 -1.24019 
v -579.109 5.3277 -1.24019 
v -578.706 5.10627 -1.27456 
v -579.109 5.10627 -1.27456 
v -578.706 4.8916 -1.3525 
v -579.109 4.8916 -1.3525 
v -578.706 4.70696 -1.44648 
v -579.109 4.70696 -1.44648 
v -579.109 5.56597 -1.31435 
v -579.109 5.40183 -1.7178 
v -578.706 5.40183 -1.7178 
v -578.706 5.7974 -1.52178 
v -579.109 5.7974 -1.52178 
v -578.706 5.59296 -1.48819 
v -579.109 5.59296 -1.48819 
v -578.706 5.36477 -1.479 
v -579.109 5.36477 -1.479 
v -578.706 5.14334 -1.51337 
v -579.109 5.14334 -1.51337 
v -578.706 4.92867 -1.5913 
v -579.109 4.92867 -1.5913 
v -578.706 4.74403 -1.68528 
v -579.109 4.74403 -1.68528 
v -579.109 5.83447 -1.76059 
v -578.706 5.63002 -1.727 
v -578.706 5.83447 -1.76059 
v -579.109 5.63002 -1.727 
v -578.706 5.40183 -1.7178 
v -579.109 5.40183 -1.7178 
v -578.706 5.18041 -1.75218 
v -579.109 5.18041 -1.75218 
v -578.706 4.96574 -1.83011 
v -579.109 4.96574 -1.83011 
v -578.706 4.7811 -1.92409 
v -579.109 4.7811 -1.92409 
v -578.706 5.80748 -1.58674 
v -579.109 5.80748 -1.58674 
v -578.706 5.7974 -1.52178 
v -579.109 5.7974 -1.52178 
v -578.706 5.77042 -1.34794 
v -579.109 5.77042 -1.34794 
v -578.706 5.76033 -1.28297 
v -579.109 5.76033 -1.28297 
v -578.706 5.84455 -1.82555 
v -579.109 5.84455 -1.82555 
v -578.706 5.83447 -1.76059 
v -579.109 5.83447 -1.76059 
v -578.706 4.74403 -1.68528 
v -579.109 5.80748 -1.58674 
v -579.109 4.71705 -1.51144 
v -579.109 4.7811 -1.92409 
v -578.706 5.55589 -1.24939 
v -578.706 5.3277 -1.24019 
v -579.109 5.60304 -1.55316 
v -579.109 5.7974 -1.52178 
v -579.109 5.80748 -1.58674 
v -579.109 5.59296 -1.48819 
v -579.109 5.37485 -1.54396 
v -579.109 5.36477 -1.479 
v -579.109 5.14334 -1.51337 
v -579.109 5.15342 -1.57833 
v -579.109 4.92867 -1.5913 
v -579.109 4.93876 -1.65627 
v -579.109 4.74403 -1.68528 
v -579.109 4.75411 -1.75025 
v -579.109 5.56597 -1.31435 
v -579.109 5.76033 -1.28297 
v -579.109 5.77042 -1.34794 
v -579.109 5.55589 -1.24939 
v -579.109 5.33778 -1.30516 
v -579.109 5.3277 -1.24019 
v -579.109 5.10627 -1.27456 
v -579.109 5.11635 -1.33953 
v -579.109 4.8916 -1.3525 
v -579.109 4.90169 -1.41746 
v -579.109 4.70696 -1.44648 
v -579.109 4.71705 -1.51144 
v -579.109 5.64011 -1.79196 
v -579.109 5.83447 -1.76059 
v -579.109 5.84455 -1.82555 
v -579.109 5.63002 -1.727 
v -579.109 5.41192 -1.78277 
v -579.109 5.40183 -1.7178 
v -579.109 5.18041 -1.75218 
v -579.109 5.19049 -1.81714 
v -579.109 4.96574 -1.83011 
v -579.109 4.97582 -1.89507 
v -579.109 4.7811 -1.92409 
v -579.109 4.79118 -1.98905 
v -578.706 5.80748 -1.58674 
v -579.109 5.7974 -1.52178 
v -578.706 4.71705 -1.51144 
v -579.109 4.71705 -1.51144 
v -578.706 5.77042 -1.34794 
v -578.706 4.7811 -1.92409 
v -579.109 4.7811 -1.92409 
v -578.706 5.84455 -1.82555 
v -579.109 5.83447 -1.76059 
v -578.706 5.64011 -1.79196 
v -579.109 5.64011 -1.79196 
v -578.706 5.84455 -1.82555 
v -579.109 5.84455 -1.82555 
v -579.109 5.41192 -1.78277 
v -578.706 5.41192 -1.78277 
v -579.109 5.19049 -1.81714 
v -578.706 5.19049 -1.81714 
v -579.109 4.97582 -1.89507 
v -578.706 4.97582 -1.89507 
v -579.109 4.79118 -1.98905 
v -578.706 4.79118 -1.98905 
v -579.109 5.56597 -1.31435 
v -579.109 5.40183 -1.7178 
v -578.706 5.40183 -1.7178 
v -578.706 5.60304 -1.55316 
v -579.109 5.60304 -1.55316 
v -578.706 5.80748 -1.58674 
v -579.109 5.80748 -1.58674 
v -579.109 5.37485 -1.54396 
v -578.706 5.37485 -1.54396 
v -579.109 5.15342 -1.57833 
v -578.706 5.15342 -1.57833 
v -579.109 4.93876 -1.65627 
v -578.706 4.93876 -1.65627 
v -579.109 4.75411 -1.75025 
v -578.706 4.75411 -1.75025 
v -578.706 5.56597 -1.31435 
v -579.109 5.56597 -1.31435 
v -578.706 5.77042 -1.34794 
v -579.109 5.77042 -1.34794 
v -579.109 5.33778 -1.30516 
v -578.706 5.33778 -1.30516 
v -579.109 5.11635 -1.33953 
v -578.706 5.11635 -1.33953 
v -579.109 4.90169 -1.41746 
v -578.706 4.90169 -1.41746 
v -579.109 4.71705 -1.51144 
v -578.706 4.71705 -1.51144 
v -578.706 4.74403 -1.68528 
v -579.109 4.74403 -1.68528 
v -578.706 4.75411 -1.75025 
v -579.109 4.75411 -1.75025 
v -578.706 5.80748 -1.58674 
v -578.706 4.70696 -1.44648 
v -579.109 4.70696 -1.44648 
v -578.706 4.71705 -1.51144 
v -579.109 4.71705 -1.51144 
v -578.706 5.77042 -1.34794 
v -578.706 4.7811 -1.92409 
v -579.109 4.7811 -1.92409 
v -578.706 4.79118 -1.98905 
v -579.109 4.79118 -1.98905 
v -578.706 4.74403 -1.68528 
v -579.109 5.80748 -1.58674 
v -578.706 4.71705 -1.51144 
v -578.706 5.77042 -1.34794 
v -578.706 4.7811 -1.92409 
v -578.706 5.55589 -1.24939 
v -578.706 5.3277 -1.24019 
v -578.706 5.7974 -1.52178 
v -578.706 5.60304 -1.55316 
v -578.706 5.80748 -1.58674 
v -578.706 5.59296 -1.48819 
v -578.706 5.37485 -1.54396 
v -578.706 5.36477 -1.479 
v -578.706 5.14334 -1.51337 
v -578.706 5.15342 -1.57833 
v -578.706 4.92867 -1.5913 
v -578.706 4.93876 -1.65627 
v -578.706 4.74403 -1.68528 
v -578.706 4.75411 -1.75025 
v -578.706 5.76033 -1.28297 
v -578.706 5.56597 -1.31435 
v -578.706 5.77042 -1.34794 
v -578.706 5.55589 -1.24939 
v -578.706 5.33778 -1.30516 
v -578.706 5.3277 -1.24019 
v -578.706 5.10627 -1.27456 
v -578.706 5.11635 -1.33953 
v -578.706 4.8916 -1.3525 
v -578.706 4.90169 -1.41746 
v -578.706 4.70696 -1.44648 
v -578.706 4.71705 -1.51144 
v -578.706 5.83447 -1.76059 
v -578.706 5.64011 -1.79196 
v -578.706 5.84455 -1.82555 
v -578.706 5.63002 -1.727 
v -578.706 5.41192 -1.78277 
v -578.706 5.40183 -1.7178 
v -578.706 5.18041 -1.75218 
v -578.706 5.19049 -1.81714 
v -578.706 4.96574 -1.83011 
v -578.706 4.97582 -1.89507 
v -578.706 4.7811 -1.92409 
v -578.706 4.79118 -1.98905 

vn 0 0.984252 0.149606 
vn 0 -0.984252 -0.149606 
vn 0 -0.984252 -0.149606 
vn 0 0.984252 0.149606 
vn 0 -0.984252 -0.149606 
vn 0 -0.984252 -0.149606 
vn 0 0.984252 0.149606 
vn 0 0.984252 0.149606 
vn 0 0.165354 0.984252 
vn 0 0.165354 0.984252 
vn 0 0.102362 0.992126 
vn 0 0.102362 0.992126 
vn 0 -0.0551181 1 
vn 0 -0.0551181 1 
vn 0 -0.251969 0.968504 
vn 0 -0.251969 0.968504 
vn 0 -0.401575 0.92126 
vn 0 -0.401575 0.92126 
vn 0 -0.456693 0.889764 
vn 0 -0.456693 0.889764 
vn -1 0 0 
vn -1 0 0 
vn 1 0 0 
vn 0 0.165354 0.984252 
vn 0 0.165354 0.984252 
vn 0 0.102362 0.992126 
vn 0 0.102362 0.992126 
vn 0 -0.0551181 1 
vn 0 -0.0551181 1 
vn 0 -0.251969 0.968504 
vn 0 -0.251969 0.968504 
vn 0 -0.401575 0.92126 
vn 0 -0.401575 0.92126 
vn 0 -0.456693 0.889764 
vn 0 -0.456693 0.889764 
vn 0 0.165354 0.984252 
vn 0 0.102362 0.992126 
vn 0 0.165354 0.984252 
vn 0 0.102362 0.992126 
vn 0 -0.0551181 1 
vn 0 -0.0551181 1 
vn 0 -0.251969 0.968504 
vn 0 -0.251969 0.968504 
vn 0 -0.401575 0.92126 
vn 0 -0.401575 0.92126 
vn 0 -0.456693 0.889764 
vn 0 -0.456693 0.889764 
vn 0 0.984252 0.149606 
vn 0 0.984252 0.149606 
vn 0 0.984252 0.149606 
vn 0 0.984252 0.149606 
vn 0 0.984252 0.149606 
vn 0 0.984252 0.149606 
vn 0 0.984252 0.149606 
vn 0 0.984252 0.149606 
vn 0 0.984252 0.149606 
vn 0 0.984252 0.149606 
vn 0 0.984252 0.149606 
vn 0 0.984252 0.149606 
vn 0 -0.984252 -0.149606 
vn 0 0.984252 0.149606 
vn 0 -0.984252 -0.149606 
vn 0 -0.984252 -0.149606 
vn 0 0.102362 0.992126 
vn 0 -0.0551181 1 
vn -1 0 0 
vn -1 0 0 
vn -1 0 0 
vn -1 0 0 
vn -1 0 0 
vn -1 0 0 
vn -1 0 0 
vn -1 0 0 
vn -1 0 0 
vn -1 0 0 
vn -1 0 0 
vn -1 0 0 
vn -1 0 0 
vn -1 0 0 
vn -1 0 0 
vn -1 0 0 
vn -1 0 0 
vn -1 0 0 
vn -1 0 0 
vn -1 0 0 
vn -1 0 0 
vn -1 0 0 
vn -1 0 0 
vn -1 0 0 
vn -1 0 0 
vn -1 0 0 
vn -1 0 0 
vn -1 0 0 
vn -1 0 0 
vn -1 0 0 
vn -1 0 0 
vn -1 0 0 
vn -1 0 0 
vn -1 0 0 
vn -1 0 0 
vn -1 0 0 
vn 0 0.984252 0.149606 
vn 0 0.984252 0.149606 
vn 0 -0.984252 -0.149606 
vn 0 -0.984252 -0.149606 
vn 0 0.984252 0.149606 
vn 0 -0.984252 -0.149606 
vn 0 -0.984252 -0.149606 
vn 0 0.984252 0.149606 
vn 0 0.984252 0.149606 
vn 0 -0.102362 -0.992126 
vn 0 -0.102362 -0.992126 
vn 0 -0.165354 -0.984252 
vn 0 -0.165354 -0.984252 
vn 0 0.0551181 -1 
vn 0 0.0551181 -1 
vn 0 0.251969 -0.968504 
vn 0 0.251969 -0.968504 
vn 0 0.401575 -0.913386 
vn 0 0.401575 -0.913386 
vn 0 0.456693 -0.889764 
vn 0 0.456693 -0.889764 
vn -1 0 0 
vn -1 0 0 
vn 1 0 0 
vn 0 -0.102362 -0.992126 
vn 0 -0.102362 -0.992126 
vn 0 -0.165354 -0.984252 
vn 0 -0.165354 -0.984252 
vn 0 0.0551181 -1 
vn 0 0.0551181 -1 
vn 0 0.251969 -0.968504 
vn 0 0.251969 -0.968504 
vn 0 0.401575 -0.913386 
vn 0 0.401575 -0.913386 
vn 0 0.456693 -0.889764 
vn 0 0.456693 -0.889764 
vn 0 -0.102362 -0.992126 
vn 0 -0.102362 -0.992126 
vn 0 -0.165354 -0.984252 
vn 0 -0.165354 -0.984252 
vn 0 0.0551181 -1 
vn 0 0.0551181 -1 
vn 0 0.251969 -0.968504 
vn 0 0.251969 -0.968504 
vn 0 0.401575 -0.913386 
vn 0 0.401575 -0.913386 
vn 0 0.456693 -0.889764 
vn 0 0.456693 -0.889764 
vn 0 -0.984252 -0.149606 
vn 0 -0.984252 -0.149606 
vn 0 -0.984252 -0.149606 
vn 0 -0.984252 -0.149606 
vn 0 0.984252 0.149606 
vn 0 -0.984252 -0.149606 
vn 0 -0.984252 -0.149606 
vn 0 -0.984252 -0.149606 
vn 0 -0.984252 -0.149606 
vn 0 0.984252 0.149606 
vn 0 -0.984252 -0.149606 
vn 0 -0.984252 -0.149606 
vn 0 -0.984252 -0.149606 
vn 0 -0.984252 -0.149606 
vn 0 -0.984252 -0.149606 
vn 0 0.984252 0.149606 
vn 0 -0.984252 -0.149606 
vn 0 0.984252 0.149606 
vn 0 -0.984252 -0.149606 
vn 0 0.102362 0.992126 
vn 0 -0.0551181 1 
vn 1 0 0 
vn 1 0 0 
vn 1 0 0 
vn 1 0 0 
vn 1 0 0 
vn 1 0 0 
vn 1 0 0 
vn 1 0 0 
vn 1 0 0 
vn 1 0 0 
vn 1 0 0 
vn 1 0 0 
vn 1 0 0 
vn 1 0 0 
vn 1 0 0 
vn 1 0 0 
vn 1 0 0 
vn 1 0 0 
vn 1 0 0 
vn 1 0 0 
vn 1 0 0 
vn 1 0 0 
vn 1 0 0 
vn 1 0 0 
vn 1 0 0 
vn 1 0 0 
vn 1 0 0 
vn 1 0 0 
vn 1 0 0 
vn 1 0 0 
vn 1 0 0 
vn 1 0 0 
vn 1 0 0 
vn 1 0 0 
vn 1 0 0 
vn 1 0 0 

vt 57.9748 -28.9348 
vt 58.0252 -29.0698 
vt 57.9748 -29.0698 
vt 58.0252 -28.9382 
vt 58.0252 -29.0618 
vt 57.9748 -29.0618 
vt 58.0252 -28.9289 
vt 57.9748 -28.9302 
vt 58.0252 -28.9394 
vt 57.9748 -28.9394 
vt 58.0252 -28.965 
vt 57.9748 -28.965 
vt 58.0252 -28.9935 
vt 57.9748 -28.9935 
vt 58.0252 -29.0212 
vt 57.9748 -29.0212 
vt 58.0252 -29.048 
vt 57.9748 -29.048 
vt 58.0252 -29.0711 
vt 57.9748 -29.0711 
vt 57.9748 -28.9637 
vt 57.9748 -28.9842 
vt 58.0252 -28.9842 
vt 58.0252 -28.9348 
vt 57.9748 -28.9348 
vt 58.0252 -28.9604 
vt 57.9748 -28.9604 
vt 58.0252 -28.9889 
vt 57.9748 -28.9889 
vt 58.0252 -29.0166 
vt 57.9748 -29.0166 
vt 58.0252 -29.0434 
vt 57.9748 -29.0434 
vt 58.0252 -29.0665 
vt 57.9748 -29.0665 
vt 57.9748 -28.9302 
vt 58.0252 -28.9557 
vt 58.0252 -28.9302 
vt 57.9748 -28.9557 
vt 58.0252 -28.9842 
vt 57.9748 -28.9842 
vt 58.0252 -29.0119 
vt 57.9748 -29.0119 
vt 58.0252 -29.0388 
vt 57.9748 -29.0388 
vt 58.0252 -29.0618 
vt 57.9748 -29.0618 
vt 57.9965 -29.0252 
vt 57.9965 -28.9748 
vt 57.9884 -29.0252 
vt 57.9884 -28.9748 
vt 57.9667 -29.0252 
vt 57.9667 -28.9748 
vt 57.9585 -29.0252 
vt 57.9585 -28.9748 
vt 58.0264 -29.0252 
vt 58.0264 -28.9748 
vt 58.0182 -29.0252 
vt 58.0182 -28.9748 
vt 57.9912 -29.0665 
vt 58.0035 -28.9335 
vt 58.0129 -29.0698 
vt 57.9613 -29.0618 
vt 58.0457 -28.965 
vt 58.0468 -28.9935 
vt 58.0077 -28.9591 
vt 58.0116 -28.9348 
vt 58.0035 -28.9335 
vt 58.0158 -28.9604 
vt 58.0088 -28.9876 
vt 58.017 -28.9889 
vt 58.0127 -29.0166 
vt 58.0045 -29.0153 
vt 58.0029 -29.0434 
vt 57.9948 -29.0421 
vt 57.9912 -29.0665 
vt 57.983 -29.0652 
vt 58.0375 -28.9637 
vt 58.0415 -28.9394 
vt 58.0333 -28.9382 
vt 58.0457 -28.965 
vt 58.0387 -28.9922 
vt 58.0468 -28.9935 
vt 58.0425 -29.0212 
vt 58.0344 -29.0199 
vt 58.0328 -29.048 
vt 58.0246 -29.0468 
vt 58.021 -29.0711 
vt 58.0129 -29.0698 
vt 57.9778 -28.9545 
vt 57.9818 -28.9302 
vt 57.9736 -28.9289 
vt 57.986 -28.9557 
vt 57.979 -28.983 
vt 57.9871 -28.9842 
vt 57.9828 -29.0119 
vt 57.9747 -29.0107 
vt 57.9731 -29.0388 
vt 57.9649 -29.0375 
vt 57.9613 -29.0618 
vt 57.9532 -29.0606 
vt 57.9748 -28.9335 
vt 58.0252 -28.9348 
vt 57.9748 -29.0698 
vt 58.0252 -29.0698 
vt 57.9748 -28.9382 
vt 57.9748 -29.0618 
vt 58.0252 -29.0618 
vt 57.9748 -28.9289 
vt 58.0252 -28.9302 
vt 57.9748 -28.9545 
vt 58.0252 -28.9545 
vt 57.9748 -28.9289 
vt 58.0252 -28.9289 
vt 58.0252 -28.983 
vt 57.9748 -28.983 
vt 58.0252 -29.0107 
vt 57.9748 -29.0107 
vt 58.0252 -29.0375 
vt 57.9748 -29.0375 
vt 58.0252 -29.0606 
vt 57.9748 -29.0606 
vt 58.0252 -28.9637 
vt 58.0252 -28.9842 
vt 57.9748 -28.9842 
vt 57.9748 -28.9591 
vt 58.0252 -28.9591 
vt 57.9748 -28.9335 
vt 58.0252 -28.9335 
vt 58.0252 -28.9876 
vt 57.9748 -28.9876 
vt 58.0252 -29.0153 
vt 57.9748 -29.0153 
vt 58.0252 -29.0421 
vt 57.9748 -29.0421 
vt 58.0252 -29.0652 
vt 57.9748 -29.0652 
vt 57.9748 -28.9637 
vt 58.0252 -28.9637 
vt 57.9748 -28.9382 
vt 58.0252 -28.9382 
vt 58.0252 -28.9922 
vt 57.9748 -28.9922 
vt 58.0252 -29.0199 
vt 57.9748 -29.0199 
vt 58.0252 -29.0468 
vt 57.9748 -29.0468 
vt 58.0252 -29.0698 
vt 57.9748 -29.0698 
vt 57.9912 -29.0252 
vt 57.9912 -28.9748 
vt 57.983 -29.0252 
vt 57.983 -28.9748 
vt 58.0035 -29.0252 
vt 58.021 -29.0252 
vt 58.021 -28.9748 
vt 58.0129 -29.0252 
vt 58.0129 -28.9748 
vt 58.0333 -29.0252 
vt 57.9613 -29.0252 
vt 57.9613 -28.9748 
vt 57.9532 -29.0252 
vt 57.9532 -28.9748 
vt 58.0088 -29.0665 
vt 57.9965 -28.9335 
vt 57.9871 -29.0698 
vt 57.9667 -28.9382 
vt 58.0387 -29.0618 
vt 57.9543 -28.965 
vt 57.9532 -28.9935 
vt 57.9884 -28.9348 
vt 57.9923 -28.9591 
vt 57.9965 -28.9335 
vt 57.9842 -28.9604 
vt 57.9912 -28.9876 
vt 57.983 -28.9889 
vt 57.9873 -29.0166 
vt 57.9955 -29.0153 
vt 57.9971 -29.0434 
vt 58.0052 -29.0421 
vt 58.0088 -29.0665 
vt 58.017 -29.0652 
vt 57.9585 -28.9394 
vt 57.9625 -28.9637 
vt 57.9667 -28.9382 
vt 57.9543 -28.965 
vt 57.9613 -28.9922 
vt 57.9532 -28.9935 
vt 57.9575 -29.0212 
vt 57.9656 -29.0199 
vt 57.9672 -29.048 
vt 57.9754 -29.0468 
vt 57.979 -29.0711 
vt 57.9871 -29.0698 
vt 58.0182 -28.9302 
vt 58.0222 -28.9545 
vt 58.0264 -28.9289 
vt 58.014 -28.9557 
vt 58.021 -28.983 
vt 58.0129 -28.9842 
vt 58.0172 -29.0119 
vt 58.0253 -29.0107 
vt 58.0269 -29.0388 
vt 58.0351 -29.0375 
vt 58.0387 -29.0618 
vt 58.0468 -29.0606 

usemtl Meshpart8Mtl

f 2103/2103/2103 2104/2104/2104 2105/2105/2105 
f 2105/2105/2105 2104/2104/2104 2106/2106/2106 
f 2105/2105/2105 2106/2106/2106 2107/2107/2107 
f 2107/2107/2107 2106/2106/2106 2108/2108/2108 
f 2107/2107/2107 2108/2108/2108 2109/2109/2109 
f 2109/2109/2109 2108/2108/2108 2110/2110/2110 
f 2109/2109/2109 2110/2110/2110 2111/2111/2111 
f 2111/2111/2111 2110/2110/2110 2112/2112/2112 
f 2111/2111/2111 2112/2112/2112 2113/2113/2113 
f 2113/2113/2113 2112/2112/2112 2114/2114/2114 
f 2118/2118/2118 2119/2119/2119 2120/2120/2120 
f 2120/2120/2120 2119/2119/2119 2121/2121/2121 
f 2121/2121/2121 2122/2122/2122 2120/2120/2120 
f 2122/2122/2122 2121/2121/2121 2123/2123/2123 
f 2122/2122/2122 2123/2123/2123 2124/2124/2124 
f 2124/2124/2124 2123/2123/2123 2125/2125/2125 
f 2124/2124/2124 2125/2125/2125 2126/2126/2126 
f 2126/2126/2126 2125/2125/2125 2127/2127/2127 
f 2127/2127/2127 2128/2128/2128 2126/2126/2126 
f 2128/2128/2128 2127/2127/2127 2129/2129/2129 
f 2130/2130/2130 2131/2131/2131 2132/2132/2132 
f 2131/2131/2131 2130/2130/2130 2133/2133/2133 
f 2131/2131/2131 2133/2133/2133 2134/2134/2134 
f 2134/2134/2134 2133/2133/2133 2135/2135/2135 
f 2134/2134/2134 2135/2135/2135 2136/2136/2136 
f 2136/2136/2136 2135/2135/2135 2137/2137/2137 
f 2136/2136/2136 2137/2137/2137 2138/2138/2138 
f 2138/2138/2138 2137/2137/2137 2139/2139/2139 
f 2138/2138/2138 2139/2139/2139 2140/2140/2140 
f 2140/2140/2140 2139/2139/2139 2141/2141/2141 
f 2142/2142/2142 2143/2143/2143 2144/2144/2144 
f 2144/2144/2144 2143/2143/2143 2145/2145/2145 
f 2146/2146/2146 2147/2147/2147 2148/2148/2148 
f 2148/2148/2148 2147/2147/2147 2149/2149/2149 
f 2150/2150/2150 2151/2151/2151 2152/2152/2152 
f 2152/2152/2152 2151/2151/2151 2153/2153/2153 
f 2160/2160/2160 2161/2161/2161 2162/2162/2162 
f 2161/2161/2161 2160/2160/2160 2163/2163/2163 
f 2164/2164/2164 2163/2163/2163 2160/2160/2160 
f 2163/2163/2163 2164/2164/2164 2165/2165/2165 
f 2166/2166/2166 2165/2165/2165 2164/2164/2164 
f 2164/2164/2164 2167/2167/2167 2166/2166/2166 
f 2168/2168/2168 2166/2166/2166 2167/2167/2167 
f 2167/2167/2167 2169/2169/2169 2168/2168/2168 
f 2170/2170/2170 2168/2168/2168 2169/2169/2169 
f 2169/2169/2169 2171/2171/2171 2170/2170/2170 
f 2172/2172/2172 2173/2173/2173 2174/2174/2174 
f 2173/2173/2173 2172/2172/2172 2175/2175/2175 
f 2176/2176/2176 2175/2175/2175 2172/2172/2172 
f 2175/2175/2175 2176/2176/2176 2177/2177/2177 
f 2178/2178/2178 2177/2177/2177 2176/2176/2176 
f 2176/2176/2176 2179/2179/2179 2178/2178/2178 
f 2180/2180/2180 2178/2178/2178 2179/2179/2179 
f 2179/2179/2179 2181/2181/2181 2180/2180/2180 
f 2182/2182/2182 2180/2180/2180 2181/2181/2181 
f 2181/2181/2181 2183/2183/2183 2182/2182/2182 
f 2184/2184/2184 2185/2185/2185 2186/2186/2186 
f 2185/2185/2185 2184/2184/2184 2187/2187/2187 
f 2188/2188/2188 2187/2187/2187 2184/2184/2184 
f 2187/2187/2187 2188/2188/2188 2189/2189/2189 
f 2190/2190/2190 2189/2189/2189 2188/2188/2188 
f 2188/2188/2188 2191/2191/2191 2190/2190/2190 
f 2192/2192/2192 2190/2190/2190 2191/2191/2191 
f 2191/2191/2191 2193/2193/2193 2192/2192/2192 
f 2194/2194/2194 2192/2192/2192 2193/2193/2193 
f 2193/2193/2193 2195/2195/2195 2194/2194/2194 
f 2205/2205/2205 2206/2206/2206 2207/2207/2207 
f 2207/2207/2207 2206/2206/2206 2208/2208/2208 
f 2205/2205/2205 2209/2209/2209 2206/2206/2206 
f 2210/2210/2210 2209/2209/2209 2205/2205/2205 
f 2210/2210/2210 2211/2211/2211 2209/2209/2209 
f 2212/2212/2212 2211/2211/2211 2210/2210/2210 
f 2212/2212/2212 2213/2213/2213 2211/2211/2211 
f 2214/2214/2214 2213/2213/2213 2212/2212/2212 
f 2214/2214/2214 2215/2215/2215 2213/2213/2213 
f 2216/2216/2216 2215/2215/2215 2214/2214/2214 
f 2220/2220/2220 2221/2221/2221 2222/2222/2222 
f 2222/2222/2222 2221/2221/2221 2223/2223/2223 
f 2220/2220/2220 2224/2224/2224 2221/2221/2221 
f 2225/2225/2225 2224/2224/2224 2220/2220/2220 
f 2225/2225/2225 2226/2226/2226 2224/2224/2224 
f 2227/2227/2227 2226/2226/2226 2225/2225/2225 
f 2227/2227/2227 2228/2228/2228 2226/2226/2226 
f 2229/2229/2229 2228/2228/2228 2227/2227/2227 
f 2229/2229/2229 2230/2230/2230 2228/2228/2228 
f 2231/2231/2231 2230/2230/2230 2229/2229/2229 
f 2232/2232/2232 2233/2233/2233 2234/2234/2234 
f 2234/2234/2234 2233/2233/2233 2235/2235/2235 
f 2232/2232/2232 2236/2236/2236 2233/2233/2233 
f 2237/2237/2237 2236/2236/2236 2232/2232/2232 
f 2237/2237/2237 2238/2238/2238 2236/2236/2236 
f 2239/2239/2239 2238/2238/2238 2237/2237/2237 
f 2239/2239/2239 2240/2240/2240 2238/2238/2238 
f 2241/2241/2241 2240/2240/2240 2239/2239/2239 
f 2241/2241/2241 2242/2242/2242 2240/2240/2240 
f 2243/2243/2243 2242/2242/2242 2241/2241/2241 
f 2244/2244/2244 2245/2245/2245 2246/2246/2246 
f 2246/2246/2246 2245/2245/2245 2247/2247/2247 
f 2249/2249/2249 2250/2250/2250 2251/2251/2251 
f 2251/2251/2251 2250/2250/2250 2252/2252/2252 
f 2254/2254/2254 2255/2255/2255 2256/2256/2256 
f 2256/2256/2256 2255/2255/2255 2257/2257/2257 
f 2265/2265/2265 2266/2266/2266 2267/2267/2267 
f 2266/2266/2266 2265/2265/2265 2268/2268/2268 
f 2268/2268/2268 2269/2269/2269 2266/2266/2266 
f 2269/2269/2269 2268/2268/2268 2270/2270/2270 
f 2271/2271/2271 2269/2269/2269 2270/2270/2270 
f 2269/2269/2269 2271/2271/2271 2272/2272/2272 
f 2273/2273/2273 2272/2272/2272 2271/2271/2271 
f 2272/2272/2272 2273/2273/2273 2274/2274/2274 
f 2275/2275/2275 2274/2274/2274 2273/2273/2273 
f 2274/2274/2274 2275/2275/2275 2276/2276/2276 
f 2277/2277/2277 2278/2278/2278 2279/2279/2279 
f 2278/2278/2278 2277/2277/2277 2280/2280/2280 
f 2280/2280/2280 2281/2281/2281 2278/2278/2278 
f 2281/2281/2281 2280/2280/2280 2282/2282/2282 
f 2283/2283/2283 2281/2281/2281 2282/2282/2282 
f 2281/2281/2281 2283/2283/2283 2284/2284/2284 
f 2285/2285/2285 2284/2284/2284 2283/2283/2283 
f 2284/2284/2284 2285/2285/2285 2286/2286/2286 
f 2287/2287/2287 2286/2286/2286 2285/2285/2285 
f 2286/2286/2286 2287/2287/2287 2288/2288/2288 
f 2289/2289/2289 2290/2290/2290 2291/2291/2291 
f 2290/2290/2290 2289/2289/2289 2292/2292/2292 
f 2292/2292/2292 2293/2293/2293 2290/2290/2290 
f 2293/2293/2293 2292/2292/2292 2294/2294/2294 
f 2295/2295/2295 2293/2293/2293 2294/2294/2294 
f 2293/2293/2293 2295/2295/2295 2296/2296/2296 
f 2297/2297/2297 2296/2296/2296 2295/2295/2295 
f 2296/2296/2296 2297/2297/2297 2298/2298/2298 
f 2299/2299/2299 2298/2298/2298 2297/2297/2297 
f 2298/2298/2298 2299/2299/2299 2300/2300/2300 

g Reload Mag
# 12613284529

v -579.097 5.79508 -1.19268 
v -578.719 5.55435 -1.15631 
v -578.719 5.79508 -1.19268 
v -579.097 5.55435 -1.15631 
v -578.719 5.31763 -1.14571 
v -579.097 5.31763 -1.14571 
v -578.719 5.08808 -1.18134 
v -579.097 5.08808 -1.18134 
v -578.719 4.86571 -1.2632 
v -579.097 4.86571 -1.2632 
v -578.719 4.64734 -1.37084 
v -579.097 4.64734 -1.37084 
v -579.135 4.5321 -1.32867 
v -578.681 4.5321 -1.32867 
v -579.135 4.39943 -1.34931 
v -578.681 4.39943 -1.34931 
v -578.681 4.5321 -1.32867 
v -579.135 4.5321 -1.32867 
v -578.719 5.79508 -1.19268 
v -578.719 5.90843 -1.92294 
v -579.097 5.90843 -1.92294 
v -579.097 5.79508 -1.19268 
v -579.097 4.76069 -2.1011 
v -578.719 4.76069 -2.1011 
v -578.681 4.66812 -2.20498 
v -579.135 4.66812 -2.20498 
v -578.719 5.90843 -1.92294 
v -579.097 5.79508 -1.19268 
v -579.097 4.64734 -1.37084 
v -578.719 5.20143 -1.9116 
v -579.097 4.76069 -2.1011 
v -579.135 4.39943 -1.34931 
v -579.135 4.66812 -2.20498 
v -579.135 4.53546 -2.22563 
v -579.135 4.5321 -1.32867 
v -579.097 5.79508 -1.19268 
v -579.097 5.6677 -1.88657 
v -579.097 5.55435 -1.15631 
v -579.097 5.90843 -1.92294 
v -579.097 5.43098 -1.87597 
v -579.097 5.31763 -1.14571 
v -579.097 5.20143 -1.9116 
v -579.097 5.08808 -1.18134 
v -579.097 4.86571 -1.2632 
v -579.097 4.97906 -1.99346 
v -579.097 4.64734 -1.37084 
v -579.097 4.76069 -2.1011 
v -579.135 4.5321 -1.32867 
v -579.135 4.66812 -2.20498 
v -578.681 4.53546 -2.22563 
v -579.135 4.66812 -2.20498 
v -578.681 4.66812 -2.20498 
v -579.135 4.53546 -2.22563 
v -578.719 5.90843 -1.92294 
v -578.719 5.6677 -1.88657 
v -579.097 5.6677 -1.88657 
v -579.097 5.90843 -1.92294 
v -579.097 5.43098 -1.87597 
v -578.719 5.43098 -1.87597 
v -579.097 5.20143 -1.9116 
v -578.719 5.20143 -1.9116 
v -579.097 4.97906 -1.99346 
v -578.719 4.97906 -1.99346 
v -579.097 4.76069 -2.1011 
v -578.719 4.76069 -2.1011 
v -578.681 4.53546 -2.22563 
v -578.681 4.39943 -1.34931 
v -579.135 4.39943 -1.34931 
v -579.135 4.53546 -2.22563 
v -578.719 5.90843 -1.92294 
v -579.097 5.79508 -1.19268 
v -579.097 4.64734 -1.37084 
v -578.719 5.20143 -1.9116 
v -579.097 4.76069 -2.1011 
v -578.681 4.39943 -1.34931 
v -578.681 4.66812 -2.20498 
v -578.681 4.5321 -1.32867 
v -578.681 4.53546 -2.22563 
v -578.719 5.79508 -1.19268 
v -578.719 5.6677 -1.88657 
v -578.719 5.90843 -1.92294 
v -578.719 5.55435 -1.15631 
v -578.719 5.43098 -1.87597 
v -578.719 5.31763 -1.14571 
v -578.719 5.20143 -1.9116 
v -578.719 5.08808 -1.18134 
v -578.719 4.86571 -1.2632 
v -578.719 4.97906 -1.99346 
v -578.719 4.64734 -1.37084 
v -578.719 4.76069 -2.1011 
v -578.681 4.5321 -1.32867 
v -578.681 4.66812 -2.20498 

vn 0 0.149606 0.992126 
vn 0 0.0944882 0.992126 
vn 0 0.149606 0.992126 
vn 0 0.0944882 0.992126 
vn 0 -0.0551181 1 
vn 0 -0.0551181 1 
vn 0 -0.251969 0.968504 
vn 0 -0.251969 0.968504 
vn 0 -0.393701 0.92126 
vn 0 -0.393701 0.92126 
vn 0 -0.015748 1 
vn 0 -0.015748 1 
vn 0 0.346457 0.937008 
vn 0 0.346457 0.937008 
vn 0 -0.15748 0.984252 
vn 0 -0.15748 0.984252 
vn 0 -0.15748 0.984252 
vn 0 -0.15748 0.984252 
vn 0 0.984252 0.149606 
vn 0 0.984252 0.149606 
vn 0 0.984252 0.149606 
vn 0 0.984252 0.149606 
vn 0 0.614173 -0.787402 
vn 0 0.614173 -0.787402 
vn 0 0.748031 -0.661417 
vn 0 0.748031 -0.661417 
vn 0 0.984252 0.149606 
vn 0 0.984252 0.149606 
vn 0 -0.015748 1 
vn 0 0.251969 -0.968504 
vn 0 0.614173 -0.787402 
vn -1 0 0 
vn -1 0 0 
vn -1 0 0 
vn -1 0 0 
vn -1 0 0 
vn -1 0 0 
vn -1 0 0 
vn -1 0 0 
vn -1 0 0 
vn -1 0 0 
vn -1 0 0 
vn -1 0 0 
vn -1 0 0 
vn -1 0 0 
vn -0.984252 0.173228 0.023622 
vn -0.976378 0.212598 0.0314961 
vn -0.944882 0.330709 0.0472441 
vn -0.944882 0.330709 0.0472441 
vn 0 0.15748 -0.984252 
vn 0 0.15748 -0.984252 
vn 0 0.15748 -0.984252 
vn 0 0.15748 -0.984252 
vn 0 -0.149606 -0.992126 
vn 0 -0.0944882 -0.992126 
vn 0 -0.0944882 -0.992126 
vn 0 -0.149606 -0.992126 
vn 0 0.0551181 -1 
vn 0 0.0551181 -1 
vn 0 0.251969 -0.968504 
vn 0 0.251969 -0.968504 
vn 0 0.393701 -0.92126 
vn 0 0.393701 -0.92126 
vn 0 0.614173 -0.787402 
vn 0 0.614173 -0.787402 
vn 0 -0.984252 -0.149606 
vn 0 -0.984252 -0.149606 
vn 0 -0.984252 -0.149606 
vn 0 -0.984252 -0.149606 
vn 0 0.984252 0.149606 
vn 0 0.984252 0.149606 
vn 0 -0.015748 1 
vn 0 0.251969 -0.968504 
vn 0 0.614173 -0.787402 
vn 1 0 0 
vn 1 0 0 
vn 1 0 0 
vn 1 0 0 
vn 1 0 0 
vn 1 0 0 
vn 1 0 0 
vn 1 0 0 
vn 1 0 0 
vn 1 0 0 
vn 1 0 0 
vn 1 0 0 
vn 1 0 0 
vn 1 0 0 
vn 0.984252 0.173228 0.023622 
vn 0.976378 0.212598 0.0314961 
vn 0.944882 0.330709 0.0472441 
vn 0.944882 0.330709 0.0472441 

vt 25.9764 -36.9199 
vt 26.0236 -36.9499 
vt 26.0236 -36.9199 
vt 25.9764 -36.9499 
vt 26.0236 -36.9795 
vt 25.9764 -36.9795 
vt 26.0236 -37.0082 
vt 25.9764 -37.0082 
vt 26.0236 -37.036 
vt 25.9764 -37.036 
vt 26.0236 -37.0633 
vt 25.9764 -37.0633 
vt 25.9717 -37.0777 
vt 26.0283 -37.0777 
vt 25.9717 -37.0943 
vt 26.0283 -37.0943 
vt 26.0283 -37.0777 
vt 25.9717 -37.0777 
vt 25.9384 -37.0236 
vt 26.0297 -37.0236 
vt 26.0297 -36.9764 
vt 25.9384 -36.9764 
vt 26.0519 -36.9764 
vt 26.0519 -37.0236 
vt 26.0649 -37.0283 
vt 26.0649 -36.9717 
vt 25.9703 -36.9057 
vt 26.0616 -36.9199 
vt 26.0394 -37.0633 
vt 25.9718 -36.9941 
vt 25.9481 -37.0492 
vt 26.042 -37.0943 
vt 25.9351 -37.0607 
vt 25.9325 -37.0773 
vt 26.0446 -37.0777 
vt 26.0616 -36.9199 
vt 25.9749 -36.9358 
vt 26.0662 -36.9499 
vt 25.9703 -36.9057 
vt 25.9762 -36.9654 
vt 26.0675 -36.9795 
vt 25.9718 -36.9941 
vt 26.063 -37.0082 
vt 26.0528 -37.036 
vt 25.9615 -37.0219 
vt 26.0394 -37.0633 
vt 25.9481 -37.0492 
vt 26.0446 -37.0777 
vt 25.9351 -37.0607 
vt 25.9717 -37.0773 
vt 26.0283 -37.0607 
vt 25.9717 -37.0607 
vt 26.0283 -37.0773 
vt 25.9764 -36.9057 
vt 25.9764 -36.9358 
vt 26.0236 -36.9358 
vt 26.0236 -36.9057 
vt 26.0236 -36.9654 
vt 25.9764 -36.9654 
vt 26.0236 -36.9941 
vt 25.9764 -36.9941 
vt 26.0236 -37.0219 
vt 25.9764 -37.0219 
vt 26.0236 -37.0492 
vt 25.9764 -37.0492 
vt 25.9325 -37.0283 
vt 26.042 -37.0283 
vt 26.042 -36.9717 
vt 25.9325 -36.9717 
vt 26.0297 -36.9057 
vt 25.9384 -36.9199 
vt 25.9606 -37.0633 
vt 26.0282 -36.9941 
vt 26.0519 -37.0492 
vt 25.958 -37.0943 
vt 26.0649 -37.0607 
vt 25.9554 -37.0777 
vt 26.0675 -37.0773 
vt 25.9384 -36.9199 
vt 26.0251 -36.9358 
vt 26.0297 -36.9057 
vt 25.9338 -36.9499 
vt 26.0238 -36.9654 
vt 25.9325 -36.9795 
vt 26.0282 -36.9941 
vt 25.937 -37.0082 
vt 25.9472 -37.036 
vt 26.0385 -37.0219 
vt 25.9606 -37.0633 
vt 26.0519 -37.0492 
vt 25.9554 -37.0777 
vt 26.0649 -37.0607 

usemtl Meshpart1Mtl

f 2301/2301/2301 2302/2302/2302 2303/2303/2303 
f 2302/2302/2302 2301/2301/2301 2304/2304/2304 
f 2302/2302/2302 2304/2304/2304 2305/2305/2305 
f 2305/2305/2305 2304/2304/2304 2306/2306/2306 
f 2306/2306/2306 2307/2307/2307 2305/2305/2305 
f 2307/2307/2307 2306/2306/2306 2308/2308/2308 
f 2308/2308/2308 2309/2309/2309 2307/2307/2307 
f 2309/2309/2309 2308/2308/2308 2310/2310/2310 
f 2309/2309/2309 2310/2310/2310 2311/2311/2311 
f 2311/2311/2311 2310/2310/2310 2312/2312/2312 
f 2313/2313/2313 2311/2311/2311 2312/2312/2312 
f 2313/2313/2313 2314/2314/2314 2311/2311/2311 
f 2315/2315/2315 2316/2316/2316 2317/2317/2317 
f 2317/2317/2317 2318/2318/2318 2315/2315/2315 
f 2319/2319/2319 2320/2320/2320 2321/2321/2321 
f 2319/2319/2319 2321/2321/2321 2322/2322/2322 
f 2325/2325/2325 2323/2323/2323 2324/2324/2324 
f 2325/2325/2325 2326/2326/2326 2323/2323/2323 
f 2332/2332/2332 2333/2333/2333 2334/2334/2334 
f 2333/2333/2333 2332/2332/2332 2335/2335/2335 
f 2336/2336/2336 2337/2337/2337 2338/2338/2338 
f 2337/2337/2337 2336/2336/2336 2339/2339/2339 
f 2340/2340/2340 2338/2338/2338 2337/2337/2337 
f 2338/2338/2338 2340/2340/2340 2341/2341/2341 
f 2342/2342/2342 2341/2341/2341 2340/2340/2340 
f 2341/2341/2341 2342/2342/2342 2343/2343/2343 
f 2343/2343/2343 2342/2342/2342 2344/2344/2344 
f 2345/2345/2345 2344/2344/2344 2342/2342/2342 
f 2344/2344/2344 2345/2345/2345 2346/2346/2346 
f 2347/2347/2347 2346/2346/2346 2345/2345/2345 
f 2347/2347/2347 2348/2348/2348 2346/2346/2346 
f 2348/2348/2348 2347/2347/2347 2349/2349/2349 
f 2350/2350/2350 2351/2351/2351 2352/2352/2352 
f 2351/2351/2351 2350/2350/2350 2353/2353/2353 
f 2354/2354/2354 2355/2355/2355 2356/2356/2356 
f 2354/2354/2354 2356/2356/2356 2357/2357/2357 
f 2355/2355/2355 2358/2358/2358 2356/2356/2356 
f 2355/2355/2355 2359/2359/2359 2358/2358/2358 
f 2359/2359/2359 2360/2360/2360 2358/2358/2358 
f 2359/2359/2359 2361/2361/2361 2360/2360/2360 
f 2361/2361/2361 2362/2362/2362 2360/2360/2360 
f 2361/2361/2361 2363/2363/2363 2362/2362/2362 
f 2363/2363/2363 2364/2364/2364 2362/2362/2362 
f 2363/2363/2363 2365/2365/2365 2364/2364/2364 
f 2366/2366/2366 2367/2367/2367 2368/2368/2368 
f 2366/2366/2366 2368/2368/2368 2369/2369/2369 
f 2375/2375/2375 2376/2376/2376 2377/2377/2377 
f 2376/2376/2376 2375/2375/2375 2378/2378/2378 
f 2379/2379/2379 2380/2380/2380 2381/2381/2381 
f 2380/2380/2380 2379/2379/2379 2382/2382/2382 
f 2382/2382/2382 2383/2383/2383 2380/2380/2380 
f 2383/2383/2383 2382/2382/2382 2384/2384/2384 
f 2384/2384/2384 2385/2385/2385 2383/2383/2383 
f 2385/2385/2385 2384/2384/2384 2386/2386/2386 
f 2387/2387/2387 2385/2385/2385 2386/2386/2386 
f 2385/2385/2385 2387/2387/2387 2388/2388/2388 
f 2389/2389/2389 2388/2388/2388 2387/2387/2387 
f 2388/2388/2388 2389/2389/2389 2390/2390/2390 
f 2391/2391/2391 2390/2390/2390 2389/2389/2389 
f 2390/2390/2390 2391/2391/2391 2392/2392/2392 

g Mag Lines
# 12613284768

v -580.187 5.7974 -1.52178 
v -579.784 4.71705 -1.51144 
v -580.187 4.71705 -1.51144 
v -579.784 5.77042 -1.34794 
v -579.784 4.7811 -1.92409 
v -580.187 4.7811 -1.92409 
v -579.784 5.84455 -1.82555 
v -580.187 5.83447 -1.76059 
v -579.784 5.76033 -1.28297 
v -580.187 5.76033 -1.28297 
v -579.784 5.55589 -1.24939 
v -580.187 5.55589 -1.24939 
v -579.784 5.3277 -1.24019 
v -580.187 5.3277 -1.24019 
v -579.784 5.10627 -1.27456 
v -580.187 5.10627 -1.27456 
v -579.784 4.8916 -1.3525 
v -580.187 4.8916 -1.3525 
v -579.784 4.70696 -1.44648 
v -580.187 4.70696 -1.44648 
v -580.187 5.56597 -1.31435 
v -580.187 5.40183 -1.7178 
v -579.784 5.40183 -1.7178 
v -579.784 5.7974 -1.52178 
v -580.187 5.7974 -1.52178 
v -579.784 5.59296 -1.48819 
v -580.187 5.59296 -1.48819 
v -579.784 5.36477 -1.479 
v -580.187 5.36477 -1.479 
v -579.784 5.14334 -1.51337 
v -580.187 5.14334 -1.51337 
v -579.784 4.92867 -1.5913 
v -580.187 4.92867 -1.5913 
v -579.784 4.74403 -1.68528 
v -580.187 4.74403 -1.68528 
v -580.187 5.83447 -1.76059 
v -579.784 5.63002 -1.727 
v -579.784 5.83447 -1.76059 
v -580.187 5.63002 -1.727 
v -579.784 5.40183 -1.7178 
v -580.187 5.40183 -1.7178 
v -579.784 5.18041 -1.75218 
v -580.187 5.18041 -1.75218 
v -579.784 4.96574 -1.83011 
v -580.187 4.96574 -1.83011 
v -579.784 4.7811 -1.92409 
v -580.187 4.7811 -1.92409 
v -579.784 5.80748 -1.58674 
v -580.187 5.80748 -1.58674 
v -579.784 5.7974 -1.52178 
v -580.187 5.7974 -1.52178 
v -579.784 5.77042 -1.34794 
v -580.187 5.77042 -1.34794 
v -579.784 5.76033 -1.28297 
v -580.187 5.76033 -1.28297 
v -579.784 5.84455 -1.82555 
v -580.187 5.84455 -1.82555 
v -579.784 5.83447 -1.76059 
v -580.187 5.83447 -1.76059 
v -579.784 4.74403 -1.68528 
v -580.187 5.80748 -1.58674 
v -580.187 4.71705 -1.51144 
v -580.187 4.7811 -1.92409 
v -579.784 5.55589 -1.24939 
v -579.784 5.3277 -1.24019 
v -580.187 5.60304 -1.55316 
v -580.187 5.7974 -1.52178 
v -580.187 5.80748 -1.58674 
v -580.187 5.59296 -1.48819 
v -580.187 5.37485 -1.54396 
v -580.187 5.36477 -1.479 
v -580.187 5.14334 -1.51337 
v -580.187 5.15342 -1.57833 
v -580.187 4.92867 -1.5913 
v -580.187 4.93876 -1.65627 
v -580.187 4.74403 -1.68528 
v -580.187 4.75411 -1.75025 
v -580.187 5.56597 -1.31435 
v -580.187 5.76033 -1.28297 
v -580.187 5.77042 -1.34794 
v -580.187 5.55589 -1.24939 
v -580.187 5.33778 -1.30516 
v -580.187 5.3277 -1.24019 
v -580.187 5.10627 -1.27456 
v -580.187 5.11635 -1.33953 
v -580.187 4.8916 -1.3525 
v -580.187 4.90169 -1.41746 
v -580.187 4.70696 -1.44648 
v -580.187 4.71705 -1.51144 
v -580.187 5.64011 -1.79196 
v -580.187 5.83447 -1.76059 
v -580.187 5.84455 -1.82555 
v -580.187 5.63002 -1.727 
v -580.187 5.41192 -1.78277 
v -580.187 5.40183 -1.7178 
v -580.187 5.18041 -1.75218 
v -580.187 5.19049 -1.81714 
v -580.187 4.96574 -1.83011 
v -580.187 4.97582 -1.89507 
v -580.187 4.7811 -1.92409 
v -580.187 4.79118 -1.98905 
v -579.784 5.80748 -1.58674 
v -580.187 5.7974 -1.52178 
v -579.784 4.71705 -1.51144 
v -580.187 4.71705 -1.51144 
v -579.784 5.77042 -1.34794 
v -579.784 4.7811 -1.92409 
v -580.187 4.7811 -1.92409 
v -579.784 5.84455 -1.82555 
v -580.187 5.83447 -1.76059 
v -579.784 5.64011 -1.79196 
v -580.187 5.64011 -1.79196 
v -579.784 5.84455 -1.82555 
v -580.187 5.84455 -1.82555 
v -580.187 5.41192 -1.78277 
v -579.784 5.41192 -1.78277 
v -580.187 5.19049 -1.81714 
v -579.784 5.19049 -1.81714 
v -580.187 4.97582 -1.89507 
v -579.784 4.97582 -1.89507 
v -580.187 4.79118 -1.98905 
v -579.784 4.79118 -1.98905 
v -580.187 5.56597 -1.31435 
v -580.187 5.40183 -1.7178 
v -579.784 5.40183 -1.7178 
v -579.784 5.60304 -1.55316 
v -580.187 5.60304 -1.55316 
v -579.784 5.80748 -1.58674 
v -580.187 5.80748 -1.58674 
v -580.187 5.37485 -1.54396 
v -579.784 5.37485 -1.54396 
v -580.187 5.15342 -1.57833 
v -579.784 5.15342 -1.57833 
v -580.187 4.93876 -1.65627 
v -579.784 4.93876 -1.65627 
v -580.187 4.75411 -1.75025 
v -579.784 4.75411 -1.75025 
v -579.784 5.56597 -1.31435 
v -580.187 5.56597 -1.31435 
v -579.784 5.77042 -1.34794 
v -580.187 5.77042 -1.34794 
v -580.187 5.33778 -1.30516 
v -579.784 5.33778 -1.30516 
v -580.187 5.11635 -1.33953 
v -579.784 5.11635 -1.33953 
v -580.187 4.90169 -1.41746 
v -579.784 4.90169 -1.41746 
v -580.187 4.71705 -1.51144 
v -579.784 4.71705 -1.51144 
v -579.784 4.74403 -1.68528 
v -580.187 4.74403 -1.68528 
v -579.784 4.75411 -1.75025 
v -580.187 4.75411 -1.75025 
v -579.784 5.80748 -1.58674 
v -579.784 4.70696 -1.44648 
v -580.187 4.70696 -1.44648 
v -579.784 4.71705 -1.51144 
v -580.187 4.71705 -1.51144 
v -579.784 5.77042 -1.34794 
v -579.784 4.7811 -1.92409 
v -580.187 4.7811 -1.92409 
v -579.784 4.79118 -1.98905 
v -580.187 4.79118 -1.98905 
v -579.784 4.74403 -1.68528 
v -580.187 5.80748 -1.58674 
v -579.784 4.71705 -1.51144 
v -579.784 5.77042 -1.34794 
v -579.784 4.7811 -1.92409 
v -579.784 5.55589 -1.24939 
v -579.784 5.3277 -1.24019 
v -579.784 5.7974 -1.52178 
v -579.784 5.60304 -1.55316 
v -579.784 5.80748 -1.58674 
v -579.784 5.59296 -1.48819 
v -579.784 5.37485 -1.54396 
v -579.784 5.36477 -1.479 
v -579.784 5.14334 -1.51337 
v -579.784 5.15342 -1.57833 
v -579.784 4.92867 -1.5913 
v -579.784 4.93876 -1.65627 
v -579.784 4.74403 -1.68528 
v -579.784 4.75411 -1.75025 
v -579.784 5.76033 -1.28297 
v -579.784 5.56597 -1.31435 
v -579.784 5.77042 -1.34794 
v -579.784 5.55589 -1.24939 
v -579.784 5.33778 -1.30516 
v -579.784 5.3277 -1.24019 
v -579.784 5.10627 -1.27456 
v -579.784 5.11635 -1.33953 
v -579.784 4.8916 -1.3525 
v -579.784 4.90169 -1.41746 
v -579.784 4.70696 -1.44648 
v -579.784 4.71705 -1.51144 
v -579.784 5.83447 -1.76059 
v -579.784 5.64011 -1.79196 
v -579.784 5.84455 -1.82555 
v -579.784 5.63002 -1.727 
v -579.784 5.41192 -1.78277 
v -579.784 5.40183 -1.7178 
v -579.784 5.18041 -1.75218 
v -579.784 5.19049 -1.81714 
v -579.784 4.96574 -1.83011 
v -579.784 4.97582 -1.89507 
v -579.784 4.7811 -1.92409 
v -579.784 4.79118 -1.98905 

vn 0 0.984252 0.149606 
vn 0 -0.984252 -0.149606 
vn 0 -0.984252 -0.149606 
vn 0 0.984252 0.149606 
vn 0 -0.984252 -0.149606 
vn 0 -0.984252 -0.149606 
vn 0 0.984252 0.149606 
vn 0 0.984252 0.149606 
vn 0 0.165354 0.984252 
vn 0 0.165354 0.984252 
vn 0 0.102362 0.992126 
vn 0 0.102362 0.992126 
vn 0 -0.0551181 1 
vn 0 -0.0551181 1 
vn 0 -0.251969 0.968504 
vn 0 -0.251969 0.968504 
vn 0 -0.401575 0.92126 
vn 0 -0.401575 0.92126 
vn 0 -0.456693 0.889764 
vn 0 -0.456693 0.889764 
vn -1 0 0 
vn -1 0 0 
vn 1 0 0 
vn 0 0.165354 0.984252 
vn 0 0.165354 0.984252 
vn 0 0.102362 0.992126 
vn 0 0.102362 0.992126 
vn 0 -0.0551181 1 
vn 0 -0.0551181 1 
vn 0 -0.251969 0.968504 
vn 0 -0.251969 0.968504 
vn 0 -0.401575 0.92126 
vn 0 -0.401575 0.92126 
vn 0 -0.456693 0.889764 
vn 0 -0.456693 0.889764 
vn 0 0.165354 0.984252 
vn 0 0.102362 0.992126 
vn 0 0.165354 0.984252 
vn 0 0.102362 0.992126 
vn 0 -0.0551181 1 
vn 0 -0.0551181 1 
vn 0 -0.251969 0.968504 
vn 0 -0.251969 0.968504 
vn 0 -0.401575 0.92126 
vn 0 -0.401575 0.92126 
vn 0 -0.456693 0.889764 
vn 0 -0.456693 0.889764 
vn 0 0.984252 0.149606 
vn 0 0.984252 0.149606 
vn 0 0.984252 0.149606 
vn 0 0.984252 0.149606 
vn 0 0.984252 0.149606 
vn 0 0.984252 0.149606 
vn 0 0.984252 0.149606 
vn 0 0.984252 0.149606 
vn 0 0.984252 0.149606 
vn 0 0.984252 0.149606 
vn 0 0.984252 0.149606 
vn 0 0.984252 0.149606 
vn 0 -0.984252 -0.149606 
vn 0 0.984252 0.149606 
vn 0 -0.984252 -0.149606 
vn 0 -0.984252 -0.149606 
vn 0 0.102362 0.992126 
vn 0 -0.0551181 1 
vn -1 0 0 
vn -1 0 0 
vn -1 0 0 
vn -1 0 0 
vn -1 0 0 
vn -1 0 0 
vn -1 0 0 
vn -1 0 0 
vn -1 0 0 
vn -1 0 0 
vn -1 0 0 
vn -1 0 0 
vn -1 0 0 
vn -1 0 0 
vn -1 0 0 
vn -1 0 0 
vn -1 0 0 
vn -1 0 0 
vn -1 0 0 
vn -1 0 0 
vn -1 0 0 
vn -1 0 0 
vn -1 0 0 
vn -1 0 0 
vn -1 0 0 
vn -1 0 0 
vn -1 0 0 
vn -1 0 0 
vn -1 0 0 
vn -1 0 0 
vn -1 0 0 
vn -1 0 0 
vn -1 0 0 
vn -1 0 0 
vn -1 0 0 
vn -1 0 0 
vn 0 0.984252 0.149606 
vn 0 0.984252 0.149606 
vn 0 -0.984252 -0.149606 
vn 0 -0.984252 -0.149606 
vn 0 0.984252 0.149606 
vn 0 -0.984252 -0.149606 
vn 0 -0.984252 -0.149606 
vn 0 0.984252 0.149606 
vn 0 0.984252 0.149606 
vn 0 -0.102362 -0.992126 
vn 0 -0.102362 -0.992126 
vn 0 -0.165354 -0.984252 
vn 0 -0.165354 -0.984252 
vn 0 0.0551181 -1 
vn 0 0.0551181 -1 
vn 0 0.251969 -0.968504 
vn 0 0.251969 -0.968504 
vn 0 0.401575 -0.913386 
vn 0 0.401575 -0.913386 
vn 0 0.456693 -0.889764 
vn 0 0.456693 -0.889764 
vn -1 0 0 
vn -1 0 0 
vn 1 0 0 
vn 0 -0.102362 -0.992126 
vn 0 -0.102362 -0.992126 
vn 0 -0.165354 -0.984252 
vn 0 -0.165354 -0.984252 
vn 0 0.0551181 -1 
vn 0 0.0551181 -1 
vn 0 0.251969 -0.968504 
vn 0 0.251969 -0.968504 
vn 0 0.401575 -0.913386 
vn 0 0.401575 -0.913386 
vn 0 0.456693 -0.889764 
vn 0 0.456693 -0.889764 
vn 0 -0.102362 -0.992126 
vn 0 -0.102362 -0.992126 
vn 0 -0.165354 -0.984252 
vn 0 -0.165354 -0.984252 
vn 0 0.0551181 -1 
vn 0 0.0551181 -1 
vn 0 0.251969 -0.968504 
vn 0 0.251969 -0.968504 
vn 0 0.401575 -0.913386 
vn 0 0.401575 -0.913386 
vn 0 0.456693 -0.889764 
vn 0 0.456693 -0.889764 
vn 0 -0.984252 -0.149606 
vn 0 -0.984252 -0.149606 
vn 0 -0.984252 -0.149606 
vn 0 -0.984252 -0.149606 
vn 0 0.984252 0.149606 
vn 0 -0.984252 -0.149606 
vn 0 -0.984252 -0.149606 
vn 0 -0.984252 -0.149606 
vn 0 -0.984252 -0.149606 
vn 0 0.984252 0.149606 
vn 0 -0.984252 -0.149606 
vn 0 -0.984252 -0.149606 
vn 0 -0.984252 -0.149606 
vn 0 -0.984252 -0.149606 
vn 0 -0.984252 -0.149606 
vn 0 0.984252 0.149606 
vn 0 -0.984252 -0.149606 
vn 0 0.984252 0.149606 
vn 0 -0.984252 -0.149606 
vn 0 0.102362 0.992126 
vn 0 -0.0551181 1 
vn 1 0 0 
vn 1 0 0 
vn 1 0 0 
vn 1 0 0 
vn 1 0 0 
vn 1 0 0 
vn 1 0 0 
vn 1 0 0 
vn 1 0 0 
vn 1 0 0 
vn 1 0 0 
vn 1 0 0 
vn 1 0 0 
vn 1 0 0 
vn 1 0 0 
vn 1 0 0 
vn 1 0 0 
vn 1 0 0 
vn 1 0 0 
vn 1 0 0 
vn 1 0 0 
vn 1 0 0 
vn 1 0 0 
vn 1 0 0 
vn 1 0 0 
vn 1 0 0 
vn 1 0 0 
vn 1 0 0 
vn 1 0 0 
vn 1 0 0 
vn 1 0 0 
vn 1 0 0 
vn 1 0 0 
vn 1 0 0 
vn 1 0 0 
vn 1 0 0 

vt 31.9748 -10.9348 
vt 32.0252 -11.0698 
vt 31.9748 -11.0698 
vt 32.0252 -10.9382 
vt 32.0252 -11.0618 
vt 31.9748 -11.0618 
vt 32.0252 -10.9289 
vt 31.9748 -10.9302 
vt 32.0252 -10.9394 
vt 31.9748 -10.9394 
vt 32.0252 -10.965 
vt 31.9748 -10.965 
vt 32.0252 -10.9935 
vt 31.9748 -10.9935 
vt 32.0252 -11.0212 
vt 31.9748 -11.0212 
vt 32.0252 -11.048 
vt 31.9748 -11.048 
vt 32.0252 -11.0711 
vt 31.9748 -11.0711 
vt 31.9748 -10.9637 
vt 31.9748 -10.9842 
vt 32.0252 -10.9842 
vt 32.0252 -10.9348 
vt 31.9748 -10.9348 
vt 32.0252 -10.9604 
vt 31.9748 -10.9604 
vt 32.0252 -10.9889 
vt 31.9748 -10.9889 
vt 32.0252 -11.0166 
vt 31.9748 -11.0166 
vt 32.0252 -11.0434 
vt 31.9748 -11.0434 
vt 32.0252 -11.0665 
vt 31.9748 -11.0665 
vt 31.9748 -10.9302 
vt 32.0252 -10.9557 
vt 32.0252 -10.9302 
vt 31.9748 -10.9557 
vt 32.0252 -10.9842 
vt 31.9748 -10.9842 
vt 32.0252 -11.0119 
vt 31.9748 -11.0119 
vt 32.0252 -11.0388 
vt 31.9748 -11.0388 
vt 32.0252 -11.0618 
vt 31.9748 -11.0618 
vt 31.9965 -11.0252 
vt 31.9965 -10.9748 
vt 31.9884 -11.0252 
vt 31.9884 -10.9748 
vt 31.9667 -11.0252 
vt 31.9667 -10.9748 
vt 31.9585 -11.0252 
vt 31.9585 -10.9748 
vt 32.0264 -11.0252 
vt 32.0264 -10.9748 
vt 32.0182 -11.0252 
vt 32.0182 -10.9748 
vt 31.9912 -11.0665 
vt 32.0035 -10.9335 
vt 32.0129 -11.0698 
vt 31.9613 -11.0618 
vt 32.0457 -10.965 
vt 32.0468 -10.9935 
vt 32.0077 -10.9591 
vt 32.0116 -10.9348 
vt 32.0035 -10.9335 
vt 32.0158 -10.9604 
vt 32.0088 -10.9876 
vt 32.017 -10.9889 
vt 32.0127 -11.0166 
vt 32.0045 -11.0153 
vt 32.0029 -11.0434 
vt 31.9948 -11.0421 
vt 31.9912 -11.0665 
vt 31.983 -11.0652 
vt 32.0375 -10.9637 
vt 32.0415 -10.9394 
vt 32.0333 -10.9382 
vt 32.0457 -10.965 
vt 32.0387 -10.9922 
vt 32.0468 -10.9935 
vt 32.0425 -11.0212 
vt 32.0344 -11.0199 
vt 32.0328 -11.048 
vt 32.0246 -11.0468 
vt 32.021 -11.0711 
vt 32.0129 -11.0698 
vt 31.9778 -10.9545 
vt 31.9818 -10.9302 
vt 31.9736 -10.9289 
vt 31.986 -10.9557 
vt 31.979 -10.983 
vt 31.9871 -10.9842 
vt 31.9828 -11.0119 
vt 31.9747 -11.0107 
vt 31.9731 -11.0388 
vt 31.9649 -11.0375 
vt 31.9613 -11.0618 
vt 31.9532 -11.0606 
vt 31.9748 -10.9335 
vt 32.0252 -10.9348 
vt 31.9748 -11.0698 
vt 32.0252 -11.0698 
vt 31.9748 -10.9382 
vt 31.9748 -11.0618 
vt 32.0252 -11.0618 
vt 31.9748 -10.9289 
vt 32.0252 -10.9302 
vt 31.9748 -10.9545 
vt 32.0252 -10.9545 
vt 31.9748 -10.9289 
vt 32.0252 -10.9289 
vt 32.0252 -10.983 
vt 31.9748 -10.983 
vt 32.0252 -11.0107 
vt 31.9748 -11.0107 
vt 32.0252 -11.0375 
vt 31.9748 -11.0375 
vt 32.0252 -11.0606 
vt 31.9748 -11.0606 
vt 32.0252 -10.9637 
vt 32.0252 -10.9842 
vt 31.9748 -10.9842 
vt 31.9748 -10.9591 
vt 32.0252 -10.9591 
vt 31.9748 -10.9335 
vt 32.0252 -10.9335 
vt 32.0252 -10.9876 
vt 31.9748 -10.9876 
vt 32.0252 -11.0153 
vt 31.9748 -11.0153 
vt 32.0252 -11.0421 
vt 31.9748 -11.0421 
vt 32.0252 -11.0652 
vt 31.9748 -11.0652 
vt 31.9748 -10.9637 
vt 32.0252 -10.9637 
vt 31.9748 -10.9382 
vt 32.0252 -10.9382 
vt 32.0252 -10.9922 
vt 31.9748 -10.9922 
vt 32.0252 -11.0199 
vt 31.9748 -11.0199 
vt 32.0252 -11.0468 
vt 31.9748 -11.0468 
vt 32.0252 -11.0698 
vt 31.9748 -11.0698 
vt 31.9912 -11.0252 
vt 31.9912 -10.9748 
vt 31.983 -11.0252 
vt 31.983 -10.9748 
vt 32.0035 -11.0252 
vt 32.021 -11.0252 
vt 32.021 -10.9748 
vt 32.0129 -11.0252 
vt 32.0129 -10.9748 
vt 32.0333 -11.0252 
vt 31.9613 -11.0252 
vt 31.9613 -10.9748 
vt 31.9532 -11.0252 
vt 31.9532 -10.9748 
vt 32.0088 -11.0665 
vt 31.9965 -10.9335 
vt 31.9871 -11.0698 
vt 31.9667 -10.9382 
vt 32.0387 -11.0618 
vt 31.9543 -10.965 
vt 31.9532 -10.9935 
vt 31.9884 -10.9348 
vt 31.9923 -10.9591 
vt 31.9965 -10.9335 
vt 31.9842 -10.9604 
vt 31.9912 -10.9876 
vt 31.983 -10.9889 
vt 31.9873 -11.0166 
vt 31.9955 -11.0153 
vt 31.9971 -11.0434 
vt 32.0052 -11.0421 
vt 32.0088 -11.0665 
vt 32.017 -11.0652 
vt 31.9585 -10.9394 
vt 31.9625 -10.9637 
vt 31.9667 -10.9382 
vt 31.9543 -10.965 
vt 31.9613 -10.9922 
vt 31.9532 -10.9935 
vt 31.9575 -11.0212 
vt 31.9656 -11.0199 
vt 31.9672 -11.048 
vt 31.9754 -11.0468 
vt 31.979 -11.0711 
vt 31.9871 -11.0698 
vt 32.0182 -10.9302 
vt 32.0222 -10.9545 
vt 32.0264 -10.9289 
vt 32.014 -10.9557 
vt 32.021 -10.983 
vt 32.0129 -10.9842 
vt 32.0172 -11.0119 
vt 32.0253 -11.0107 
vt 32.0269 -11.0388 
vt 32.0351 -11.0375 
vt 32.0387 -11.0618 
vt 32.0468 -11.0606 

usemtl Meshpart8Mtl

f 2401/2401/2401 2402/2402/2402 2403/2403/2403 
f 2403/2403/2403 2402/2402/2402 2404/2404/2404 
f 2403/2403/2403 2404/2404/2404 2405/2405/2405 
f 2405/2405/2405 2404/2404/2404 2406/2406/2406 
f 2405/2405/2405 2406/2406/2406 2407/2407/2407 
f 2407/2407/2407 2406/2406/2406 2408/2408/2408 
f 2407/2407/2407 2408/2408/2408 2409/2409/2409 
f 2409/2409/2409 2408/2408/2408 2410/2410/2410 
f 2409/2409/2409 2410/2410/2410 2411/2411/2411 
f 2411/2411/2411 2410/2410/2410 2412/2412/2412 
f 2416/2416/2416 2417/2417/2417 2418/2418/2418 
f 2418/2418/2418 2417/2417/2417 2419/2419/2419 
f 2419/2419/2419 2420/2420/2420 2418/2418/2418 
f 2420/2420/2420 2419/2419/2419 2421/2421/2421 
f 2420/2420/2420 2421/2421/2421 2422/2422/2422 
f 2422/2422/2422 2421/2421/2421 2423/2423/2423 
f 2422/2422/2422 2423/2423/2423 2424/2424/2424 
f 2424/2424/2424 2423/2423/2423 2425/2425/2425 
f 2425/2425/2425 2426/2426/2426 2424/2424/2424 
f 2426/2426/2426 2425/2425/2425 2427/2427/2427 
f 2428/2428/2428 2429/2429/2429 2430/2430/2430 
f 2429/2429/2429 2428/2428/2428 2431/2431/2431 
f 2429/2429/2429 2431/2431/2431 2432/2432/2432 
f 2432/2432/2432 2431/2431/2431 2433/2433/2433 
f 2432/2432/2432 2433/2433/2433 2434/2434/2434 
f 2434/2434/2434 2433/2433/2433 2435/2435/2435 
f 2434/2434/2434 2435/2435/2435 2436/2436/2436 
f 2436/2436/2436 2435/2435/2435 2437/2437/2437 
f 2436/2436/2436 2437/2437/2437 2438/2438/2438 
f 2438/2438/2438 2437/2437/2437 2439/2439/2439 
f 2440/2440/2440 2441/2441/2441 2442/2442/2442 
f 2442/2442/2442 2441/2441/2441 2443/2443/2443 
f 2444/2444/2444 2445/2445/2445 2446/2446/2446 
f 2446/2446/2446 2445/2445/2445 2447/2447/2447 
f 2448/2448/2448 2449/2449/2449 2450/2450/2450 
f 2450/2450/2450 2449/2449/2449 2451/2451/2451 
f 2458/2458/2458 2459/2459/2459 2460/2460/2460 
f 2459/2459/2459 2458/2458/2458 2461/2461/2461 
f 2462/2462/2462 2461/2461/2461 2458/2458/2458 
f 2461/2461/2461 2462/2462/2462 2463/2463/2463 
f 2464/2464/2464 2463/2463/2463 2462/2462/2462 
f 2462/2462/2462 2465/2465/2465 2464/2464/2464 
f 2466/2466/2466 2464/2464/2464 2465/2465/2465 
f 2465/2465/2465 2467/2467/2467 2466/2466/2466 
f 2468/2468/2468 2466/2466/2466 2467/2467/2467 
f 2467/2467/2467 2469/2469/2469 2468/2468/2468 
f 2470/2470/2470 2471/2471/2471 2472/2472/2472 
f 2471/2471/2471 2470/2470/2470 2473/2473/2473 
f 2474/2474/2474 2473/2473/2473 2470/2470/2470 
f 2473/2473/2473 2474/2474/2474 2475/2475/2475 
f 2476/2476/2476 2475/2475/2475 2474/2474/2474 
f 2474/2474/2474 2477/2477/2477 2476/2476/2476 
f 2478/2478/2478 2476/2476/2476 2477/2477/2477 
f 2477/2477/2477 2479/2479/2479 2478/2478/2478 
f 2480/2480/2480 2478/2478/2478 2479/2479/2479 
f 2479/2479/2479 2481/2481/2481 2480/2480/2480 
f 2482/2482/2482 2483/2483/2483 2484/2484/2484 
f 2483/2483/2483 2482/2482/2482 2485/2485/2485 
f 2486/2486/2486 2485/2485/2485 2482/2482/2482 
f 2485/2485/2485 2486/2486/2486 2487/2487/2487 
f 2488/2488/2488 2487/2487/2487 2486/2486/2486 
f 2486/2486/2486 2489/2489/2489 2488/2488/2488 
f 2490/2490/2490 2488/2488/2488 2489/2489/2489 
f 2489/2489/2489 2491/2491/2491 2490/2490/2490 
f 2492/2492/2492 2490/2490/2490 2491/2491/2491 
f 2491/2491/2491 2493/2493/2493 2492/2492/2492 
f 2503/2503/2503 2504/2504/2504 2505/2505/2505 
f 2505/2505/2505 2504/2504/2504 2506/2506/2506 
f 2503/2503/2503 2507/2507/2507 2504/2504/2504 
f 2508/2508/2508 2507/2507/2507 2503/2503/2503 
f 2508/2508/2508 2509/2509/2509 2507/2507/2507 
f 2510/2510/2510 2509/2509/2509 2508/2508/2508 
f 2510/2510/2510 2511/2511/2511 2509/2509/2509 
f 2512/2512/2512 2511/2511/2511 2510/2510/2510 
f 2512/2512/2512 2513/2513/2513 2511/2511/2511 
f 2514/2514/2514 2513/2513/2513 2512/2512/2512 
f 2518/2518/2518 2519/2519/2519 2520/2520/2520 
f 2520/2520/2520 2519/2519/2519 2521/2521/2521 
f 2518/2518/2518 2522/2522/2522 2519/2519/2519 
f 2523/2523/2523 2522/2522/2522 2518/2518/2518 
f 2523/2523/2523 2524/2524/2524 2522/2522/2522 
f 2525/2525/2525 2524/2524/2524 2523/2523/2523 
f 2525/2525/2525 2526/2526/2526 2524/2524/2524 
f 2527/2527/2527 2526/2526/2526 2525/2525/2525 
f 2527/2527/2527 2528/2528/2528 2526/2526/2526 
f 2529/2529/2529 2528/2528/2528 2527/2527/2527 
f 2530/2530/2530 2531/2531/2531 2532/2532/2532 
f 2532/2532/2532 2531/2531/2531 2533/2533/2533 
f 2530/2530/2530 2534/2534/2534 2531/2531/2531 
f 2535/2535/2535 2534/2534/2534 2530/2530/2530 
f 2535/2535/2535 2536/2536/2536 2534/2534/2534 
f 2537/2537/2537 2536/2536/2536 2535/2535/2535 
f 2537/2537/2537 2538/2538/2538 2536/2536/2536 
f 2539/2539/2539 2538/2538/2538 2537/2537/2537 
f 2539/2539/2539 2540/2540/2540 2538/2538/2538 
f 2541/2541/2541 2540/2540/2540 2539/2539/2539 
f 2542/2542/2542 2543/2543/2543 2544/2544/2544 
f 2544/2544/2544 2543/2543/2543 2545/2545/2545 
f 2547/2547/2547 2548/2548/2548 2549/2549/2549 
f 2549/2549/2549 2548/2548/2548 2550/2550/2550 
f 2552/2552/2552 2553/2553/2553 2554/2554/2554 
f 2554/2554/2554 2553/2553/2553 2555/2555/2555 
f 2563/2563/2563 2564/2564/2564 2565/2565/2565 
f 2564/2564/2564 2563/2563/2563 2566/2566/2566 
f 2566/2566/2566 2567/2567/2567 2564/2564/2564 
f 2567/2567/2567 2566/2566/2566 2568/2568/2568 
f 2569/2569/2569 2567/2567/2567 2568/2568/2568 
f 2567/2567/2567 2569/2569/2569 2570/2570/2570 
f 2571/2571/2571 2570/2570/2570 2569/2569/2569 
f 2570/2570/2570 2571/2571/2571 2572/2572/2572 
f 2573/2573/2573 2572/2572/2572 2571/2571/2571 
f 2572/2572/2572 2573/2573/2573 2574/2574/2574 
f 2575/2575/2575 2576/2576/2576 2577/2577/2577 
f 2576/2576/2576 2575/2575/2575 2578/2578/2578 
f 2578/2578/2578 2579/2579/2579 2576/2576/2576 
f 2579/2579/2579 2578/2578/2578 2580/2580/2580 
f 2581/2581/2581 2579/2579/2579 2580/2580/2580 
f 2579/2579/2579 2581/2581/2581 2582/2582/2582 
f 2583/2583/2583 2582/2582/2582 2581/2581/2581 
f 2582/2582/2582 2583/2583/2583 2584/2584/2584 
f 2585/2585/2585 2584/2584/2584 2583/2583/2583 
f 2584/2584/2584 2585/2585/2585 2586/2586/2586 
f 2587/2587/2587 2588/2588/2588 2589/2589/2589 
f 2588/2588/2588 2587/2587/2587 2590/2590/2590 
f 2590/2590/2590 2591/2591/2591 2588/2588/2588 
f 2591/2591/2591 2590/2590/2590 2592/2592/2592 
f 2593/2593/2593 2591/2591/2591 2592/2592/2592 
f 2591/2591/2591 2593/2593/2593 2594/2594/2594 
f 2595/2595/2595 2594/2594/2594 2593/2593/2593 
f 2594/2594/2594 2595/2595/2595 2596/2596/2596 
f 2597/2597/2597 2596/2596/2596 2595/2595/2595 
f 2596/2596/2596 2597/2597/2597 2598/2598/2598 

g Mag
# 12613284529

v -580.174 5.79508 -1.19268 
v -579.796 5.55435 -1.15631 
v -579.796 5.79508 -1.19268 
v -580.174 5.55435 -1.15631 
v -579.796 5.31763 -1.14571 
v -580.174 5.31763 -1.14571 
v -579.796 5.08808 -1.18134 
v -580.174 5.08808 -1.18134 
v -579.796 4.86571 -1.2632 
v -580.174 4.86571 -1.2632 
v -579.796 4.64734 -1.37084 
v -580.174 4.64734 -1.37084 
v -580.212 4.5321 -1.32867 
v -579.758 4.5321 -1.32867 
v -580.212 4.39943 -1.34931 
v -579.758 4.39943 -1.34931 
v -579.758 4.5321 -1.32867 
v -580.212 4.5321 -1.32867 
v -579.796 5.79508 -1.19268 
v -579.796 5.90843 -1.92294 
v -580.174 5.90843 -1.92294 
v -580.174 5.79508 -1.19268 
v -580.174 4.76069 -2.1011 
v -579.796 4.76069 -2.1011 
v -579.758 4.66812 -2.20498 
v -580.212 4.66812 -2.20498 
v -579.796 5.90843 -1.92294 
v -580.174 5.79508 -1.19268 
v -580.174 4.64734 -1.37084 
v -579.796 5.20143 -1.9116 
v -580.174 4.76069 -2.1011 
v -580.212 4.39943 -1.34931 
v -580.212 4.66812 -2.20498 
v -580.212 4.53546 -2.22563 
v -580.212 4.5321 -1.32867 
v -580.174 5.79508 -1.19268 
v -580.174 5.6677 -1.88657 
v -580.174 5.55435 -1.15631 
v -580.174 5.90843 -1.92294 
v -580.174 5.43098 -1.87597 
v -580.174 5.31763 -1.14571 
v -580.174 5.20143 -1.9116 
v -580.174 5.08808 -1.18134 
v -580.174 4.86571 -1.2632 
v -580.174 4.97906 -1.99346 
v -580.174 4.64734 -1.37084 
v -580.174 4.76069 -2.1011 
v -580.212 4.5321 -1.32867 
v -580.212 4.66812 -2.20498 
v -579.758 4.53546 -2.22563 
v -580.212 4.66812 -2.20498 
v -579.758 4.66812 -2.20498 
v -580.212 4.53546 -2.22563 
v -579.796 5.90843 -1.92294 
v -579.796 5.6677 -1.88657 
v -580.174 5.6677 -1.88657 
v -580.174 5.90843 -1.92294 
v -580.174 5.43098 -1.87597 
v -579.796 5.43098 -1.87597 
v -580.174 5.20143 -1.9116 
v -579.796 5.20143 -1.9116 
v -580.174 4.97906 -1.99346 
v -579.796 4.97906 -1.99346 
v -580.174 4.76069 -2.1011 
v -579.796 4.76069 -2.1011 
v -579.758 4.53546 -2.22563 
v -579.758 4.39943 -1.34931 
v -580.212 4.39943 -1.34931 
v -580.212 4.53546 -2.22563 
v -579.796 5.90843 -1.92294 
v -580.174 5.79508 -1.19268 
v -580.174 4.64734 -1.37084 
v -579.796 5.20143 -1.9116 
v -580.174 4.76069 -2.1011 
v -579.758 4.39943 -1.34931 
v -579.758 4.66812 -2.20498 
v -579.758 4.5321 -1.32867 
v -579.758 4.53546 -2.22563 
v -579.796 5.79508 -1.19268 
v -579.796 5.6677 -1.88657 
v -579.796 5.90843 -1.92294 
v -579.796 5.55435 -1.15631 
v -579.796 5.43098 -1.87597 
v -579.796 5.31763 -1.14571 
v -579.796 5.20143 -1.9116 
v -579.796 5.08808 -1.18134 
v -579.796 4.86571 -1.2632 
v -579.796 4.97906 -1.99346 
v -579.796 4.64734 -1.37084 
v -579.796 4.76069 -2.1011 
v -579.758 4.5321 -1.32867 
v -579.758 4.66812 -2.20498 

vn 0 0.149606 0.992126 
vn 0 0.0944882 0.992126 
vn 0 0.149606 0.992126 
vn 0 0.0944882 0.992126 
vn 0 -0.0551181 1 
vn 0 -0.0551181 1 
vn 0 -0.251969 0.968504 
vn 0 -0.251969 0.968504 
vn 0 -0.393701 0.92126 
vn 0 -0.393701 0.92126 
vn 0 -0.015748 1 
vn 0 -0.015748 1 
vn 0 0.346457 0.937008 
vn 0 0.346457 0.937008 
vn 0 -0.15748 0.984252 
vn 0 -0.15748 0.984252 
vn 0 -0.15748 0.984252 
vn 0 -0.15748 0.984252 
vn 0 0.984252 0.149606 
vn 0 0.984252 0.149606 
vn 0 0.984252 0.149606 
vn 0 0.984252 0.149606 
vn 0 0.614173 -0.787402 
vn 0 0.614173 -0.787402 
vn 0 0.748031 -0.661417 
vn 0 0.748031 -0.661417 
vn 0 0.984252 0.149606 
vn 0 0.984252 0.149606 
vn 0 -0.015748 1 
vn 0 0.251969 -0.968504 
vn 0 0.614173 -0.787402 
vn -1 0 0 
vn -1 0 0 
vn -1 0 0 
vn -1 0 0 
vn -1 0 0 
vn -1 0 0 
vn -1 0 0 
vn -1 0 0 
vn -1 0 0 
vn -1 0 0 
vn -1 0 0 
vn -1 0 0 
vn -1 0 0 
vn -1 0 0 
vn -0.984252 0.173228 0.023622 
vn -0.976378 0.212598 0.0314961 
vn -0.944882 0.330709 0.0472441 
vn -0.944882 0.330709 0.0472441 
vn 0 0.15748 -0.984252 
vn 0 0.15748 -0.984252 
vn 0 0.15748 -0.984252 
vn 0 0.15748 -0.984252 
vn 0 -0.149606 -0.992126 
vn 0 -0.0944882 -0.992126 
vn 0 -0.0944882 -0.992126 
vn 0 -0.149606 -0.992126 
vn 0 0.0551181 -1 
vn 0 0.0551181 -1 
vn 0 0.251969 -0.968504 
vn 0 0.251969 -0.968504 
vn 0 0.393701 -0.92126 
vn 0 0.393701 -0.92126 
vn 0 0.614173 -0.787402 
vn 0 0.614173 -0.787402 
vn 0 -0.984252 -0.149606 
vn 0 -0.984252 -0.149606 
vn 0 -0.984252 -0.149606 
vn 0 -0.984252 -0.149606 
vn 0 0.984252 0.149606 
vn 0 0.984252 0.149606 
vn 0 -0.015748 1 
vn 0 0.251969 -0.968504 
vn 0 0.614173 -0.787402 
vn 1 0 0 
vn 1 0 0 
vn 1 0 0 
vn 1 0 0 
vn 1 0 0 
vn 1 0 0 
vn 1 0 0 
vn 1 0 0 
vn 1 0 0 
vn 1 0 0 
vn 1 0 0 
vn 1 0 0 
vn 1 0 0 
vn 1 0 0 
vn 0.984252 0.173228 0.023622 
vn 0.976378 0.212598 0.0314961 
vn 0.944882 0.330709 0.0472441 
vn 0.944882 0.330709 0.0472441 

vt 5.97639 -24.9199 
vt 6.02361 -24.9499 
vt 6.02361 -24.9199 
vt 5.97639 -24.9499 
vt 6.02361 -24.9795 
vt 5.97639 -24.9795 
vt 6.02361 -25.0082 
vt 5.97639 -25.0082 
vt 6.02361 -25.036 
vt 5.97639 -25.036 
vt 6.02361 -25.0633 
vt 5.97639 -25.0633 
vt 5.97167 -25.0777 
vt 6.02833 -25.0777 
vt 5.97167 -25.0943 
vt 6.02833 -25.0943 
vt 6.02833 -25.0777 
vt 5.97167 -25.0777 
vt 5.93838 -25.0236 
vt 6.02966 -25.0236 
vt 6.02966 -24.9764 
vt 5.93838 -24.9764 
vt 6.05193 -24.9764 
vt 6.05193 -25.0236 
vt 6.06491 -25.0283 
vt 6.06491 -24.9717 
vt 5.97034 -24.9057 
vt 6.06162 -24.9199 
vt 6.03935 -25.0633 
vt 5.97176 -24.9941 
vt 5.94807 -25.0492 
vt 6.04204 -25.0943 
vt 5.93509 -25.0607 
vt 5.93251 -25.0773 
vt 6.04463 -25.0777 
vt 6.06162 -24.9199 
vt 5.97489 -24.9358 
vt 6.06617 -24.9499 
vt 5.97034 -24.9057 
vt 5.97621 -24.9654 
vt 6.06749 -24.9795 
vt 5.97176 -24.9941 
vt 6.06304 -25.0082 
vt 6.05281 -25.036 
vt 5.96153 -25.0219 
vt 6.03935 -25.0633 
vt 5.94807 -25.0492 
vt 6.04463 -25.0777 
vt 5.93509 -25.0607 
vt 5.97167 -25.0773 
vt 6.02833 -25.0607 
vt 5.97167 -25.0607 
vt 6.02833 -25.0773 
vt 5.97639 -24.9057 
vt 5.97639 -24.9358 
vt 6.02361 -24.9358 
vt 6.02361 -24.9057 
vt 6.02361 -24.9654 
vt 5.97639 -24.9654 
vt 6.02361 -24.9941 
vt 5.97639 -24.9941 
vt 6.02361 -25.0219 
vt 5.97639 -25.0219 
vt 6.02361 -25.0492 
vt 5.97639 -25.0492 
vt 5.93251 -25.0283 
vt 6.04204 -25.0283 
vt 6.04204 -24.9717 
vt 5.93251 -24.9717 
vt 6.02966 -24.9057 
vt 5.93838 -24.9199 
vt 5.96065 -25.0633 
vt 6.02824 -24.9941 
vt 6.05193 -25.0492 
vt 5.95796 -25.0943 
vt 6.06491 -25.0607 
vt 5.95537 -25.0777 
vt 6.06749 -25.0773 
vt 5.93838 -24.9199 
vt 6.02511 -24.9358 
vt 6.02966 -24.9057 
vt 5.93383 -24.9499 
vt 6.02379 -24.9654 
vt 5.93251 -24.9795 
vt 6.02824 -24.9941 
vt 5.93696 -25.0082 
vt 5.94719 -25.036 
vt 6.03847 -25.0219 
vt 5.96065 -25.0633 
vt 6.05193 -25.0492 
vt 5.95537 -25.0777 
vt 6.06491 -25.0607 

usemtl Meshpart1Mtl

f 2599/2599/2599 2600/2600/2600 2601/2601/2601 
f 2600/2600/2600 2599/2599/2599 2602/2602/2602 
f 2600/2600/2600 2602/2602/2602 2603/2603/2603 
f 2603/2603/2603 2602/2602/2602 2604/2604/2604 
f 2604/2604/2604 2605/2605/2605 2603/2603/2603 
f 2605/2605/2605 2604/2604/2604 2606/2606/2606 
f 2606/2606/2606 2607/2607/2607 2605/2605/2605 
f 2607/2607/2607 2606/2606/2606 2608/2608/2608 
f 2607/2607/2607 2608/2608/2608 2609/2609/2609 
f 2609/2609/2609 2608/2608/2608 2610/2610/2610 
f 2611/2611/2611 2609/2609/2609 2610/2610/2610 
f 2611/2611/2611 2612/2612/2612 2609/2609/2609 
f 2613/2613/2613 2614/2614/2614 2615/2615/2615 
f 2615/2615/2615 2616/2616/2616 2613/2613/2613 
f 2617/2617/2617 2618/2618/2618 2619/2619/2619 
f 2617/2617/2617 2619/2619/2619 2620/2620/2620 
f 2623/2623/2623 2621/2621/2621 2622/2622/2622 
f 2623/2623/2623 2624/2624/2624 2621/2621/2621 
f 2630/2630/2630 2631/2631/2631 2632/2632/2632 
f 2631/2631/2631 2630/2630/2630 2633/2633/2633 
f 2634/2634/2634 2635/2635/2635 2636/2636/2636 
f 2635/2635/2635 2634/2634/2634 2637/2637/2637 
f 2638/2638/2638 2636/2636/2636 2635/2635/2635 
f 2636/2636/2636 2638/2638/2638 2639/2639/2639 
f 2640/2640/2640 2639/2639/2639 2638/2638/2638 
f 2639/2639/2639 2640/2640/2640 2641/2641/2641 
f 2641/2641/2641 2640/2640/2640 2642/2642/2642 
f 2643/2643/2643 2642/2642/2642 2640/2640/2640 
f 2642/2642/2642 2643/2643/2643 2644/2644/2644 
f 2645/2645/2645 2644/2644/2644 2643/2643/2643 
f 2645/2645/2645 2646/2646/2646 2644/2644/2644 
f 2646/2646/2646 2645/2645/2645 2647/2647/2647 
f 2648/2648/2648 2649/2649/2649 2650/2650/2650 
f 2649/2649/2649 2648/2648/2648 2651/2651/2651 
f 2652/2652/2652 2653/2653/2653 2654/2654/2654 
f 2652/2652/2652 2654/2654/2654 2655/2655/2655 
f 2653/2653/2653 2656/2656/2656 2654/2654/2654 
f 2653/2653/2653 2657/2657/2657 2656/2656/2656 
f 2657/2657/2657 2658/2658/2658 2656/2656/2656 
f 2657/2657/2657 2659/2659/2659 2658/2658/2658 
f 2659/2659/2659 2660/2660/2660 2658/2658/2658 
f 2659/2659/2659 2661/2661/2661 2660/2660/2660 
f 2661/2661/2661 2662/2662/2662 2660/2660/2660 
f 2661/2661/2661 2663/2663/2663 2662/2662/2662 
f 2664/2664/2664 2665/2665/2665 2666/2666/2666 
f 2664/2664/2664 2666/2666/2666 2667/2667/2667 
f 2673/2673/2673 2674/2674/2674 2675/2675/2675 
f 2674/2674/2674 2673/2673/2673 2676/2676/2676 
f 2677/2677/2677 2678/2678/2678 2679/2679/2679 
f 2678/2678/2678 2677/2677/2677 2680/2680/2680 
f 2680/2680/2680 2681/2681/2681 2678/2678/2678 
f 2681/2681/2681 2680/2680/2680 2682/2682/2682 
f 2682/2682/2682 2683/2683/2683 2681/2681/2681 
f 2683/2683/2683 2682/2682/2682 2684/2684/2684 
f 2685/2685/2685 2683/2683/2683 2684/2684/2684 
f 2683/2683/2683 2685/2685/2685 2686/2686/2686 
f 2687/2687/2687 2686/2686/2686 2685/2685/2685 
f 2686/2686/2686 2687/2687/2687 2688/2688/2688 
f 2689/2689/2689 2688/2688/2688 2687/2687/2687 
f 2688/2688/2688 2689/2689/2689 2690/2690/2690 

g Pullback
# 12613283355

v -580.214 6.45053 -1.95642 
v -580.214 6.42483 -1.89438 
v -580.422 6.42483 -1.89438 
v -580.214 6.36279 -1.86868 
v -580.422 6.36279 -1.86868 
v -580.214 6.30075 -1.89438 
v -580.422 6.30075 -1.89438 
v -580.214 6.27506 -1.95642 
v -580.422 6.27506 -1.95642 
v -580.07 6.4 -1.91921 
v -580.214 6.4 -1.91921 
v -580.214 6.36279 -1.9038 
v -580.07 6.36279 -1.9038 
v -580.07 6.32559 -1.91921 
v -580.214 6.32559 -1.91921 
v -580.214 6.45053 -1.95642 
v -580.422 6.45053 -1.95642 
v -580.214 6.42483 -1.89438 
v -580.422 6.42483 -1.89438 
v -580.422 6.42483 -2.01846 
v -580.214 6.36279 -1.86868 
v -580.214 6.42483 -2.01846 
v -580.422 6.36279 -2.04416 
v -580.214 6.4 -1.99363 
v -580.07 6.4 -1.99363 
v -580.07 6.41542 -1.95642 
v -580.214 6.41542 -1.95642 
v -580.07 6.32559 -1.99363 
v -580.07 6.4 -1.91921 
v -580.214 6.4 -1.91921 
v -580.422 6.30075 -2.01846 
v -580.422 6.45053 -1.95642 
v -580.422 6.36279 -2.04416 
v -580.422 6.42483 -2.01846 
v -580.422 6.30075 -1.89438 
v -580.422 6.27506 -1.95642 
v -580.422 6.36279 -1.86868 
v -580.422 6.42483 -1.89438 
v -580.422 6.42483 -1.89438 
v -580.422 6.42483 -2.01846 
v -580.214 6.42483 -2.01846 
v -580.422 6.36279 -2.04416 
v -580.214 6.36279 -2.04416 
v -580.422 6.30075 -2.01846 
v -580.214 6.27506 -1.95642 
v -580.214 6.30075 -2.01846 
v -580.422 6.27506 -1.95642 
v -580.07 6.36279 -2.00904 
v -580.214 6.4 -1.99363 
v -580.07 6.4 -1.99363 
v -580.214 6.36279 -2.00904 
v -580.07 6.32559 -1.99363 
v -580.214 6.32559 -1.99363 
v -580.422 6.36279 -2.04416 
v -580.214 6.30075 -1.89438 
v -580.422 6.30075 -1.89438 
v -580.422 6.30075 -2.01846 
v -580.214 6.27506 -1.95642 
v -580.214 6.30075 -2.01846 
v -580.422 6.27506 -1.95642 
v -580.07 6.32559 -1.99363 
v -580.07 6.4 -1.91921 
v -580.214 6.32559 -1.99363 
v -580.07 6.31017 -1.95642 
v -580.214 6.31017 -1.95642 
v -580.07 6.32559 -1.91921 
v -580.214 6.32559 -1.91921 
v -580.214 6.31017 -1.95642 
v -580.214 6.30075 -1.89438 
v -580.214 6.27506 -1.95642 
v -580.214 6.30075 -2.01846 
v -580.214 6.32559 -1.91921 
v -580.214 6.32559 -1.99363 
v -580.214 6.36279 -1.86868 
v -580.214 6.36279 -2.04416 
v -580.214 6.36279 -1.9038 
v -580.214 6.36279 -2.00904 
v -580.214 6.4 -1.91921 
v -580.214 6.4 -1.99363 
v -580.214 6.42483 -1.89438 
v -580.214 6.42483 -2.01846 
v -580.214 6.41542 -1.95642 
v -580.214 6.45053 -1.95642 

vn 0 1 0 
vn 0 0.708661 0.708661 
vn 0 0.708661 0.708661 
vn 0 0 1 
vn 0 0 1 
vn 0 -0.708661 0.708661 
vn 0 -0.708661 0.708661 
vn 0 -1 0 
vn 0 -1 0 
vn 0 0.708661 0.708661 
vn 0 0.708661 0.708661 
vn 0 0 1 
vn 0 0 1 
vn 0 -0.708661 0.708661 
vn 0 -0.708661 0.708661 
vn 0 1 0 
vn 0 1 0 
vn 0 0.708661 0.708661 
vn 0 0.708661 0.708661 
vn 0 0.708661 -0.708661 
vn 0 0 1 
vn 0 0.708661 -0.708661 
vn 0 0 -1 
vn 0 0.708661 -0.708661 
vn 0 0.708661 -0.708661 
vn 0 1 0 
vn 0 1 0 
vn 0 -0.708661 -0.708661 
vn 0 0.708661 0.708661 
vn 0 0.708661 0.708661 
vn -1 0 0 
vn -1 0 0 
vn -1 0 0 
vn -1 0 0 
vn -1 0 0 
vn -1 0 0 
vn -1 0 0 
vn -1 0 0 
vn 0 0.708661 0.708661 
vn 0 0.708661 -0.708661 
vn 0 0.708661 -0.708661 
vn 0 0 -1 
vn 0 0 -1 
vn 0 -0.708661 -0.708661 
vn 0 -1 0 
vn 0 -0.708661 -0.708661 
vn 0 -1 0 
vn 0 0 -1 
vn 0 0.708661 -0.708661 
vn 0 0.708661 -0.708661 
vn 0 0 -1 
vn 0 -0.708661 -0.708661 
vn 0 -0.708661 -0.708661 
vn 0 0 -1 
vn 0 -0.708661 0.708661 
vn 0 -0.708661 0.708661 
vn 0 -0.708661 -0.708661 
vn 0 -1 0 
vn 0 -0.708661 -0.708661 
vn 0 -1 0 
vn 0 -0.708661 -0.708661 
vn 0 0.708661 0.708661 
vn 0 -0.708661 -0.708661 
vn 0 -1 0 
vn 0 -1 0 
vn 0 -0.708661 0.708661 
vn 0 -0.708661 0.708661 
vn 1 0 0 
vn 1 0 0 
vn 1 0 0 
vn 1 0 0 
vn 1 0 0 
vn 1 0 0 
vn 1 0 0 
vn 1 0 0 
vn 1 0 0 
vn 1 0 0 
vn 1 0 0 
vn 1 0 0 
vn 1 0 0 
vn 1 0 0 
vn 1 0 0 
vn 1 0 0 

vt 8.00392 -18.989 
vt 8.00392 -18.9922 
vt 7.97802 -18.9922 
vt 8.00392 -19 
vt 7.97802 -19 
vt 8.00392 -19.0078 
vt 7.97802 -19.0078 
vt 8.00392 -19.011 
vt 7.97802 -19.011 
vt 8.02198 -18.9953 
vt 8.00392 -18.9953 
vt 8.00392 -19 
vt 8.02198 -19 
vt 8.02198 -19.0047 
vt 8.00392 -19.0047 
vt 8 -19.0039 
vt 8 -18.978 
vt 7.99225 -19.0039 
vt 7.99225 -18.978 
vt 8.00776 -18.978 
vt 7.98903 -19.0039 
vt 8.00776 -19.0039 
vt 8.01097 -18.978 
vt 8.00465 -19.0039 
vt 8.00465 -19.022 
vt 8 -19.022 
vt 8 -19.0039 
vt 8.00465 -19.022 
vt 7.99535 -19.022 
vt 7.99535 -19.0039 
vt 7.99225 -19.0078 
vt 8 -18.989 
vt 7.98903 -19 
vt 7.99225 -18.9922 
vt 8.00776 -19.0078 
vt 8 -19.011 
vt 8.01097 -19 
vt 8.00776 -18.9922 
vt 8.02198 -18.9922 
vt 8.02198 -18.9922 
vt 7.99608 -18.9922 
vt 8.02198 -19 
vt 7.99608 -19 
vt 8.02198 -19.0078 
vt 7.99608 -19.011 
vt 7.99608 -19.0078 
vt 8.02198 -19.011 
vt 7.97802 -19 
vt 7.99608 -18.9953 
vt 7.97802 -18.9953 
vt 7.99608 -19 
vt 7.97802 -19.0047 
vt 7.99608 -19.0047 
vt 7.98903 -18.978 
vt 8.00776 -19.0039 
vt 8.00776 -18.978 
vt 7.99225 -18.978 
vt 8 -19.0039 
vt 7.99225 -19.0039 
vt 8 -18.978 
vt 7.99535 -19.022 
vt 8.00465 -19.022 
vt 7.99535 -19.0039 
vt 8 -19.022 
vt 8 -19.0039 
vt 8.00465 -19.022 
vt 8.00465 -19.0039 
vt 8 -19.0066 
vt 7.99225 -19.0078 
vt 8 -19.011 
vt 8.00776 -19.0078 
vt 7.99535 -19.0047 
vt 8.00465 -19.0047 
vt 7.98903 -19 
vt 8.01097 -19 
vt 7.99342 -19 
vt 8.00658 -19 
vt 7.99535 -18.9953 
vt 8.00465 -18.9953 
vt 7.99225 -18.9922 
vt 8.00776 -18.9922 
vt 8 -18.9934 
vt 8 -18.989 

usemtl Meshpart1Mtl

f 2692/2692/2692 2693/2693/2693 2694/2694/2694 
f 2694/2694/2694 2693/2693/2693 2695/2695/2695 
f 2694/2694/2694 2695/2695/2695 2696/2696/2696 
f 2696/2696/2696 2695/2695/2695 2697/2697/2697 
f 2702/2702/2702 2700/2700/2700 2701/2701/2701 
f 2700/2700/2700 2702/2702/2702 2703/2703/2703 
f 2705/2705/2705 2703/2703/2703 2702/2702/2702 
f 2703/2703/2703 2705/2705/2705 2704/2704/2704 
f 2706/2706/2706 2707/2707/2707 2708/2708/2708 
f 2708/2708/2708 2707/2707/2707 2709/2709/2709 
f 2706/2706/2706 2710/2710/2710 2707/2707/2707 
f 2712/2712/2712 2710/2710/2710 2706/2706/2706 
f 2714/2714/2714 2716/2716/2716 2715/2715/2715 
f 2716/2716/2716 2714/2714/2714 2717/2717/2717 
f 2717/2717/2717 2719/2719/2719 2716/2716/2716 
f 2719/2719/2719 2717/2717/2717 2720/2720/2720 
f 2721/2721/2721 2722/2722/2722 2723/2723/2723 
f 2723/2723/2723 2722/2722/2722 2724/2724/2724 
f 2722/2722/2722 2721/2721/2721 2725/2725/2725 
f 2725/2725/2725 2721/2721/2721 2726/2726/2726 
f 2722/2722/2722 2725/2725/2725 2727/2727/2727 
f 2722/2722/2722 2727/2727/2727 2728/2728/2728 
f 2731/2731/2731 2732/2732/2732 2730/2730/2730 
f 2733/2733/2733 2732/2732/2732 2731/2731/2731 
f 2733/2733/2733 2734/2734/2734 2732/2732/2732 
f 2736/2736/2736 2734/2734/2734 2733/2733/2733 
f 2738/2738/2738 2739/2739/2739 2740/2740/2740 
f 2739/2739/2739 2738/2738/2738 2741/2741/2741 
f 2742/2742/2742 2741/2741/2741 2738/2738/2738 
f 2741/2741/2741 2742/2742/2742 2743/2743/2743 
f 2745/2745/2745 2746/2746/2746 2748/2748/2748 
f 2748/2748/2748 2746/2746/2746 2750/2750/2750 
f 2749/2749/2749 2750/2750/2750 2747/2747/2747 
f 2748/2748/2748 2750/2750/2750 2749/2749/2749 
f 2754/2754/2754 2753/2753/2753 2751/2751/2751 
f 2753/2753/2753 2754/2754/2754 2755/2755/2755 
f 2756/2756/2756 2755/2755/2755 2754/2754/2754 
f 2755/2755/2755 2756/2756/2756 2757/2757/2757 
f 2758/2758/2758 2759/2759/2759 2760/2760/2760 
f 2761/2761/2761 2758/2758/2758 2760/2760/2760 
f 2759/2759/2759 2758/2758/2758 2762/2762/2762 
f 2758/2758/2758 2761/2761/2761 2763/2763/2763 
f 2762/2762/2762 2764/2764/2764 2759/2759/2759 
f 2761/2761/2761 2765/2765/2765 2763/2763/2763 
f 2764/2764/2764 2762/2762/2762 2766/2766/2766 
f 2763/2763/2763 2765/2765/2765 2767/2767/2767 
f 2768/2768/2768 2764/2764/2764 2766/2766/2766 
f 2765/2765/2765 2769/2769/2769 2767/2767/2767 
f 2764/2764/2764 2768/2768/2768 2770/2770/2770 
f 2769/2769/2769 2765/2765/2765 2771/2771/2771 
f 2772/2772/2772 2770/2770/2770 2768/2768/2768 
f 2771/2771/2771 2772/2772/2772 2769/2769/2769 
f 2773/2773/2773 2770/2770/2770 2772/2772/2772 
f 2772/2772/2772 2771/2771/2771 2773/2773/2773 

