# This file is brought to you by Roblox Corporation
# Generated by Roblox Studio

mtllib Satchel.mtl

g Beep1

v -280.378 5.28349 -0.298997 
v -280.333 5.26466 -0.310121 
v -280.333 5.26466 -0.298997 
v -280.336 5.2612 -0.330959 
v -280.314 5.21919 -0.310121 
v -280.314 5.21919 -0.298997 
v -280.378 5.15488 -0.298997 
v -280.333 5.17371 -0.298997 
v -280.333 5.17371 -0.310121 
v -280.336 5.17717 -0.330959 
v -280.319 5.21919 -0.330959 
v -280.346 5.18703 -0.348627 
v -280.346 5.25134 -0.348627 
v -280.333 5.21919 -0.348627 
v -280.42 5.2612 -0.330959 
v -280.378 5.28349 -0.310121 
v -280.378 5.2786 -0.330959 
v -280.411 5.25134 -0.348627 
v -280.424 5.26466 -0.310121 
v -280.424 5.26466 -0.298997 
v -280.443 5.21919 -0.298997 
v -280.378 5.28349 -0.298997 
v -280.333 5.26466 -0.310121 
v -280.333 5.26466 -0.298997 
v -280.336 5.2612 -0.330959 
v -280.314 5.21919 -0.298997 
v -280.346 5.25134 -0.348627 
v -280.333 5.21919 -0.348627 
v -280.378 5.26466 -0.348627 
v -280.42 5.2612 -0.330959 
v -280.411 5.25134 -0.348627 
v -280.424 5.26466 -0.310121 
v -280.443 5.21919 -0.310121 
v -280.424 5.26466 -0.298997 
v -280.443 5.21919 -0.298997 
v -280.424 5.17371 -0.298997 
v -280.424 5.17371 -0.310121 
v -280.378 5.15488 -0.298997 
v -280.42 5.17717 -0.330959 
v -280.378 5.17371 -0.348627 
v -280.411 5.18703 -0.348627 
v -280.438 5.21919 -0.330959 
v -280.424 5.21919 -0.348627 
v -280.424 5.17371 -0.298997 
v -280.424 5.17371 -0.310121 
v -280.378 5.15488 -0.298997 
v -280.378 5.15488 -0.310121 
v -280.333 5.17371 -0.298997 
v -280.333 5.17371 -0.310121 
v -280.42 5.17717 -0.330959 
v -280.336 5.17717 -0.330959 
v -280.378 5.15977 -0.330959 
v -280.346 5.18703 -0.348627 
v -280.378 5.17371 -0.348627 
v -280.411 5.18703 -0.348627 
v -280.42 5.2612 -0.330959 
v -280.411 5.25134 -0.348627 
v -280.443 5.21919 -0.298997 
v -280.378 5.28349 -0.298997 
v -280.314 5.21919 -0.298997 
v -280.378 5.15488 -0.298997 
v -280.42 5.17717 -0.330959 
v -280.346 5.18703 -0.348627 
v -280.346 5.25134 -0.348627 
v -280.333 5.21919 -0.348627 
v -280.354 5.21919 -0.360431 
v -280.378 5.17371 -0.348627 
v -280.378 5.26466 -0.348627 
v -280.361 5.20178 -0.360431 
v -280.411 5.18703 -0.348627 
v -280.378 5.19458 -0.360431 
v -280.378 5.21919 -0.364577 
v -280.396 5.20178 -0.360431 
v -280.424 5.21919 -0.348627 
v -280.403 5.21919 -0.360431 
v -280.396 5.23659 -0.360431 
v -280.378 5.2438 -0.360431 
v -280.361 5.23659 -0.360431 

vn 0 1 0 
vn 0.700787 0.700787 -0.110236 
vn 0.708661 0.708661 0 
vn 0.645669 0.645669 -0.417323 
vn 0.992126 0 -0.110236 
vn 1 0 0 
vn 0 -1 0 
vn 0.708661 -0.708661 0 
vn 0.700787 -0.700787 -0.110236 
vn 0.645669 -0.645669 -0.417323 
vn 0.913386 0 -0.417323 
vn 0.480315 -0.480315 -0.740157 
vn 0.480315 0.480315 -0.740157 
vn 0.677165 0 -0.740157 
vn -0.645669 0.645669 -0.417323 
vn 0 0.992126 -0.110236 
vn 0 0.913386 -0.417323 
vn -0.480315 0.480315 -0.740157 
vn -0.700787 0.700787 -0.110236 
vn -0.708661 0.708661 0 
vn -1 0 0 
vn 0 1 0 
vn 0.700787 0.700787 -0.110236 
vn 0.708661 0.708661 0 
vn 0.645669 0.645669 -0.417323 
vn 1 0 0 
vn 0.480315 0.480315 -0.740157 
vn 0.677165 0 -0.740157 
vn 0 0.677165 -0.740157 
vn -0.645669 0.645669 -0.417323 
vn -0.480315 0.480315 -0.740157 
vn -0.700787 0.700787 -0.110236 
vn -0.992126 0 -0.110236 
vn -0.708661 0.708661 0 
vn -1 0 0 
vn -0.708661 -0.708661 0 
vn -0.700787 -0.700787 -0.110236 
vn 0 -1 0 
vn -0.645669 -0.645669 -0.417323 
vn 0 -0.677165 -0.740157 
vn -0.480315 -0.480315 -0.740157 
vn -0.913386 0 -0.417323 
vn -0.677165 0 -0.740157 
vn -0.708661 -0.708661 0 
vn -0.700787 -0.700787 -0.110236 
vn 0 -1 0 
vn 0 -0.992126 -0.110236 
vn 0.708661 -0.708661 0 
vn 0.700787 -0.700787 -0.110236 
vn -0.645669 -0.645669 -0.417323 
vn 0.645669 -0.645669 -0.417323 
vn 0 -0.913386 -0.417323 
vn 0.480315 -0.480315 -0.740157 
vn 0 -0.677165 -0.740157 
vn -0.480315 -0.480315 -0.740157 
vn -0.645669 0.645669 -0.417323 
vn -0.480315 0.480315 -0.740157 
vn -1 0 0 
vn 0 1 0 
vn 1 0 0 
vn 0 -1 0 
vn -0.645669 -0.645669 -0.417323 
vn 0.480315 -0.480315 -0.740157 
vn 0.480315 0.480315 -0.740157 
vn 0.677165 0 -0.740157 
vn 0.370079 0 -0.929134 
vn 0 -0.677165 -0.740157 
vn 0 0.677165 -0.740157 
vn 0.259843 -0.259843 -0.929134 
vn -0.480315 -0.480315 -0.740157 
vn 0 -0.370079 -0.929134 
vn 0 0 -1 
vn -0.259843 -0.259843 -0.929134 
vn -0.677165 0 -0.740157 
vn -0.370079 0 -0.929134 
vn -0.259843 0.259843 -0.929134 
vn 0 0.370079 -0.929134 
vn 0.259843 0.259843 -0.929134 

vt 0.101566 0.878366 
vt 0.102957 0.876012 
vt 0.101566 0.876012 
vt 0.105562 0.875579 
vt 0.102957 0.870328 
vt 0.101566 0.870328 
vt 0.101566 0.862289 
vt 0.101566 0.864643 
vt 0.102957 0.864643 
vt 0.105562 0.865076 
vt 0.105562 0.870328 
vt 0.10777 0.866308 
vt 0.10777 0.874347 
vt 0.10777 0.870328 
vt 0.110917 0.870431 
vt 0.105665 0.873036 
vt 0.105665 0.870431 
vt 0.109684 0.868222 
vt 0.111349 0.873036 
vt 0.111349 0.874426 
vt 0.113704 0.874426 
vt 0.105665 0.874426 
vt 0.099981 0.873036 
vt 0.099981 0.874426 
vt 0.100414 0.870431 
vt 0.0976265 0.874426 
vt 0.101646 0.868222 
vt 0.099981 0.868222 
vt 0.105665 0.868222 
vt 0.105769 0.875579 
vt 0.10356 0.874347 
vt 0.108373 0.876012 
vt 0.108373 0.870328 
vt 0.109764 0.876012 
vt 0.109764 0.870328 
vt 0.109764 0.864643 
vt 0.108373 0.864643 
vt 0.109764 0.862289 
vt 0.105769 0.865076 
vt 0.10356 0.864643 
vt 0.10356 0.866308 
vt 0.105769 0.870328 
vt 0.10356 0.870328 
vt 0.099981 0.874426 
vt 0.099981 0.873036 
vt 0.105665 0.874426 
vt 0.105665 0.873036 
vt 0.111349 0.874426 
vt 0.111349 0.873036 
vt 0.100413 0.870431 
vt 0.110916 0.870431 
vt 0.105665 0.870431 
vt 0.109684 0.868222 
vt 0.105665 0.868222 
vt 0.101646 0.868222 
vt 0.110917 0.875579 
vt 0.109684 0.874347 
vt 0.113704 0.870328 
vt 0.105665 0.878366 
vt 0.0976265 0.870328 
vt 0.105665 0.862289 
vt 0.110917 0.865076 
vt 0.101646 0.866308 
vt 0.101646 0.874347 
vt 0.099981 0.870328 
vt 0.102589 0.870328 
vt 0.105665 0.864643 
vt 0.105665 0.876012 
vt 0.10349 0.868152 
vt 0.109684 0.866308 
vt 0.105665 0.867251 
vt 0.105665 0.870328 
vt 0.10784 0.868152 
vt 0.111349 0.870328 
vt 0.108741 0.870328 
vt 0.10784 0.872503 
vt 0.105665 0.873404 
vt 0.10349 0.872503 

usemtl Beep1Mtl

f 5/5/5 2/2/2 3/3/3 
f 5/5/5 4/4/4 2/2/2 
f 5/5/5 3/3/3 6/6/6 
f 9/9/9 6/6/6 8/8/8 
f 6/6/6 9/9/9 5/5/5 
f 10/10/10 5/5/5 9/9/9 
f 5/5/5 10/10/10 11/11/11 
f 4/4/4 5/5/5 11/11/11 
f 12/12/12 11/11/11 10/10/10 
f 11/11/11 13/13/13 4/4/4 
f 11/11/11 12/12/12 14/14/14 
f 13/13/13 11/11/11 14/14/14 
f 15/15/15 16/16/16 17/17/17 
f 17/17/17 18/18/18 15/15/15 
f 16/16/16 15/15/15 19/19/19 
f 20/20/20 16/16/16 19/19/19 
f 16/16/16 20/20/20 22/22/22 
f 22/22/22 23/23/23 16/16/16 
f 23/23/23 22/22/22 24/24/24 
f 25/25/25 16/16/16 23/23/23 
f 16/16/16 25/25/25 17/17/17 
f 27/27/27 17/17/17 25/25/25 
f 17/17/17 27/27/27 29/29/29 
f 18/18/18 17/17/17 29/29/29 
f 30/30/30 33/33/33 32/32/32 
f 32/32/32 35/35/35 34/34/34 
f 32/32/32 33/33/33 35/35/35 
f 33/33/33 36/36/36 35/35/35 
f 36/36/36 33/33/33 37/37/37 
f 33/33/33 39/39/39 37/37/37 
f 42/42/42 41/41/41 39/39/39 
f 39/39/39 33/33/33 42/42/42 
f 33/33/33 30/30/30 42/42/42 
f 31/31/31 42/42/42 30/30/30 
f 41/41/41 42/42/42 43/43/43 
f 42/42/42 31/31/31 43/43/43 
f 45/45/45 46/46/46 44/44/44 
f 45/45/45 47/47/47 46/46/46 
f 47/47/47 48/48/48 46/46/46 
f 47/47/47 49/49/49 48/48/48 
f 50/50/50 47/47/47 45/45/45 
f 47/47/47 51/51/51 49/49/49 
f 51/51/51 47/47/47 52/52/52 
f 47/47/47 50/50/50 52/52/52 
f 52/52/52 53/53/53 51/51/51 
f 53/53/53 52/52/52 54/54/54 
f 52/52/52 55/55/55 54/54/54 
f 55/55/55 52/52/52 50/50/50 
f 65/65/65 63/63/63 66/66/66 
f 66/66/66 64/64/64 65/65/65 
f 63/63/63 69/69/69 66/66/66 
f 67/67/67 69/69/69 63/63/63 
f 69/69/69 67/67/67 71/71/71 
f 70/70/70 71/71/71 67/67/67 
f 71/71/71 72/72/72 69/69/69 
f 69/69/69 72/72/72 66/66/66 
f 71/71/71 70/70/70 73/73/73 
f 73/73/73 72/72/72 71/71/71 
f 70/70/70 74/74/74 73/73/73 
f 73/73/73 74/74/74 75/75/75 
f 75/75/75 72/72/72 73/73/73 
f 74/74/74 76/76/76 75/75/75 
f 76/76/76 72/72/72 75/75/75 
f 76/76/76 74/74/74 57/57/57 
f 57/57/57 77/77/77 76/76/76 
f 77/77/77 72/72/72 76/76/76 
f 77/77/77 57/57/57 68/68/68 
f 78/78/78 72/72/72 77/77/77 
f 68/68/68 78/78/78 77/77/77 
f 66/66/66 72/72/72 78/78/78 
f 78/78/78 68/68/68 64/64/64 
f 64/64/64 66/66/66 78/78/78 

g Meshpart1

v -279.633 4.75366 0.152898 
v -279.59 4.79051 0.138172 
v -279.591 4.78437 0.124644 
v -279.631 4.74648 0.134038 
v -279.928 4.63529 -0.0563561 
v -279.928 6.35752 0.524634 
v -279.928 4.63529 0.524634 
v -279.928 4.43934 0.423234 
v -279.928 4.49673 0.494934 
v -279.928 4.43934 0.0450419 
v -279.928 4.49673 -0.0266581 
v -279.928 6.35752 -0.0563561 
v -279.928 6.55347 0.423234 
v -279.928 6.49608 0.494934 
v -279.928 6.55347 0.0450419 
v -279.928 6.49608 -0.0266581 
v -280.33 5.91107 -0.132692 
v -280.339 5.76812 -0.0852261 
v -280.282 5.77818 -0.109208 
v -280.259 5.78234 -0.16711 
v -280.316 5.91354 -0.16711 
v -280.381 6.0979 -0.15248 
v -280.396 6.09538 -0.146426 
v -280.375 6.09895 -0.16711 
v -280.381 6.0979 -0.18174 
v -280.396 6.09538 -0.187794 
v -280.33 5.91107 -0.201528 
v -280.282 5.77818 -0.225012 
v -279.595 4.80346 0.145046 
v -279.608 4.82118 0.12838 
v -279.602 4.81637 0.141336 
v -279.59 4.79051 0.138172 
v -279.608 4.81478 0.114574 
v -279.591 4.78437 0.124644 
v -279.604 4.80166 0.107908 
v -279.596 4.78901 0.11187 
v -280.616 5.96663 -0.145676 
v -280.602 5.96926 -0.151954 
v -280.551 5.82938 -0.12771 
v -280.502 5.74851 -0.0942201 
v -280.473 5.75376 -0.16711 
v -280.535 5.83221 -0.16711 
v -280.595 5.97035 -0.16711 
v -280.602 5.96926 -0.182266 
v -280.551 5.82938 -0.20651 
v -280.502 5.74851 -0.24 
v -280.616 5.96663 -0.188544 
v -280.395 4.59503 -0.184182 
v -280.402 4.59295 -0.0360261 
v -280.392 4.60997 -0.183848 
v -280.397 4.61303 -0.0356201 
v -280.408 4.63087 -0.0377321 
v -280.399 4.62322 -0.185538 
v -280.154 5.70722 -0.279146 
v -280.998 5.60781 -0.120166 
v -279.823 5.50935 0.531988 
v -280.995 5.83939 0.531988 
v -280.705 4.63529 -0.0563561 
v -280.958 4.43934 0.0450419 
v -280.705 4.49673 0.494934 
v -280.832 4.48804 0.497878 
v -280.958 6.49608 0.494934 
v -280.705 6.55347 0.0450419 
v -279.64 5.4104 -0.0440821 
v -279.682 5.75996 -0.0440821 
v -279.574 5.41819 0.0313099 
v -279.615 5.76775 0.0313099 
v -279.615 5.76775 0.436968 
v -279.574 5.41819 0.436968 
v -279.682 5.75996 0.512358 
v -279.64 5.4104 0.512358 
v -279.694 5.465 -0.0334201 
v -279.699 5.10948 -0.0334201 
v -279.628 5.44663 0.0397139 
v -279.634 5.09111 0.0397139 
v -279.628 5.44663 0.428564 
v -279.634 5.09111 0.428564 
v -279.699 5.10948 0.501696 
v -279.694 5.465 0.501696 
v -280.141 5.14278 -0.0577881 
v -280.141 5.14278 -0.301784 
v -280.258 5.8016 -0.301784 
v -280.101 5.21723 -0.301784 
v -280.258 5.8016 -0.0577881 
v -280.101 5.21723 -0.0577881 
v -280.194 5.74555 -0.0577881 
v -280.194 5.74555 -0.301784 
v -281.149 5.58999 0.484442 
v -281.128 5.23464 0.484442 
v -281.211 5.58262 0.415464 
v -281.194 5.22726 0.415464 
v -281.211 5.58262 0.0575339 
v -281.194 5.22726 0.0575339 
v -281.128 5.23464 -0.0114441 
v -281.149 5.58999 -0.0114441 
v -279.928 6.49608 -0.0266581 
v -280.181 6.49608 0.494934 
v -280.055 4.63075 0.526574 
v -279.928 4.49673 0.494934 
v -280.181 4.49673 -0.0266581 
v -280.055 4.63075 -0.0582961 
v -280.705 4.63529 -0.0563561 
v -280.705 6.35752 0.524634 
v -280.705 4.63529 0.524634 
v -280.705 4.43934 0.423234 
v -280.705 4.49673 0.494934 
v -280.705 4.43934 0.0450419 
v -280.705 4.49673 -0.0266581 
v -280.705 6.35752 -0.0563561 
v -280.705 6.55347 0.423234 
v -280.705 6.49608 0.494934 
v -280.705 6.55347 0.0450419 
v -280.705 6.49608 -0.0266581 
v -279.673 4.76849 0.165328 
v -279.647 4.78953 0.156852 
v -279.674 4.78824 0.159688 
v -279.595 4.80346 0.145046 
v -279.602 4.81637 0.141336 
v -279.608 4.82118 0.12838 
v -279.649 4.79023 0.119346 
v -279.608 4.81478 0.114574 
v -279.675 4.78943 0.122626 
v -279.651 4.79789 0.138752 
v -279.674 4.7971 0.141816 
v -280.41 6.09285 -0.152488 
v -280.396 6.09538 -0.146426 
v -280.381 6.0979 -0.15248 
v -280.375 6.09895 -0.16711 
v -280.416 6.0918 -0.16711 
v -280.41 6.09285 -0.181732 
v -280.381 6.0979 -0.18174 
v -280.396 6.09538 -0.187794 
v -280.631 5.964 -0.182266 
v -280.602 5.96926 -0.182266 
v -280.616 5.96663 -0.188544 
v -280.595 5.97035 -0.16711 
v -280.638 5.96291 -0.16711 
v -280.631 5.964 -0.151954 
v -280.602 5.96926 -0.151954 
v -280.616 5.96663 -0.145676 
v -280.392 4.60997 -0.183848 
v -280.397 4.61303 -0.0356201 
v -280.408 4.63087 -0.0377321 
v -280.451 4.60506 -0.0442781 
v -280.399 4.62322 -0.185538 
v -280.431 4.60405 -0.190834 
v -280.428 4.6361 -0.0411461 
v -280.427 4.61912 -0.19049 
v -280.414 4.62705 -0.188288 
v -280.446 4.62543 -0.0438641 
v -279.722 5.75817 -0.0114441 
v -279.841 5.74115 -0.152824 
v -279.873 5.74036 -0.120166 
v -280.138 5.70617 -0.310536 
v -279.682 5.75996 -0.0440821 
v -280.154 5.70722 -0.279146 
v -279.659 5.76555 0.0575339 
v -280.435 5.67118 -0.35987 
v -279.615 5.76775 0.0313099 
v -280.435 5.67408 -0.329298 
v -279.615 5.76775 0.436968 
v -280.716 5.64094 -0.279146 
v -279.659 5.76555 0.415464 
v -280.732 5.6362 -0.310536 
v -279.682 5.75996 0.512358 
v -280.998 5.60781 -0.120166 
v -279.722 5.75817 0.484442 
v -281.029 5.60121 -0.152824 
v -279.841 5.74115 0.543586 
v -281.149 5.58999 -0.0114441 
v -279.873 5.74036 0.513014 
v -281.188 5.58241 -0.0440821 
v -280.138 5.70617 0.543586 
v -281.211 5.58262 0.0575339 
v -280.154 5.70722 0.513014 
v -281.254 5.57462 0.0313099 
v -280.435 5.67118 0.543586 
v -281.254 5.57462 0.436968 
v -280.435 5.67408 0.513014 
v -281.211 5.58262 0.415464 
v -280.716 5.64094 0.513014 
v -281.188 5.58241 0.512358 
v -280.732 5.6362 0.543586 
v -281.149 5.58999 0.484442 
v -280.998 5.60781 0.513014 
v -281.029 5.60121 0.543586 
v -279.694 5.465 0.501696 
v -279.628 5.44663 0.0397139 
v -279.694 5.465 -0.0334201 
v -279.628 5.44663 0.428564 
v -279.823 5.50935 -0.0637121 
v -279.823 5.50935 0.531988 
v -280.109 5.59186 -0.0637121 
v -280.109 5.59186 0.531988 
v -280.404 5.67437 -0.0637121 
v -280.404 5.67437 0.531988 
v -280.7 5.75688 -0.0637121 
v -280.7 5.75688 0.531988 
v -280.995 5.83939 -0.0637121 
v -280.995 5.83939 0.531988 
v -281.165 5.88374 0.501696 
v -281.165 5.88374 -0.0334201 
v -281.231 5.90211 0.0397139 
v -281.231 5.90211 0.428564 
v -280.958 6.49608 -0.0266581 
v -280.705 6.49608 -0.0266581 
v -280.832 6.50477 -0.0296021 
v -280.705 6.49608 0.494934 
v -280.958 6.49608 0.494934 
v -280.832 6.50477 0.497878 
v -280.832 6.56266 0.425554 
v -280.705 6.55347 0.423234 
v -280.958 6.55347 0.423234 
v -280.705 6.55347 0.0450419 
v -280.958 6.55347 0.0450419 
v -280.832 6.56266 0.0427219 
v -280.68 5.72707 -0.0577881 
v -280.68 5.72707 -0.301784 
v -280.258 5.8016 -0.301784 
v -280.258 5.8016 -0.0577881 
v -280.194 5.74555 -0.0577881 
v -280.194 5.74555 -0.301784 
v -281.149 5.58999 0.484442 
v -281.194 5.22726 0.0575339 
v -280.435 5.67408 -0.329298 
v -279.617 5.4102 0.0575339 
v -280.181 6.49608 -0.0266581 
v -280.055 6.50135 -0.0284421 
v -280.055 6.55904 0.0436359 
v -280.181 6.55347 0.0450419 
v -279.928 6.49608 -0.0266581 
v -279.928 6.55347 0.0450419 
v -280.055 6.55904 0.42464 
v -280.181 6.55347 0.423234 
v -279.928 6.55347 0.423234 
v -280.181 6.49608 0.494934 
v -279.928 6.49608 0.494934 
v -280.055 6.50135 0.496718 
v -279.639 4.77113 0.162182 
v -279.673 4.74958 0.15613 
v -279.633 4.75366 0.152898 
v -279.673 4.76849 0.165328 
v -279.647 4.78953 0.156852 
v -279.674 4.78824 0.159688 
v -279.59 4.79051 0.138172 
v -279.595 4.80346 0.145046 
v -279.591 4.78437 0.124644 
v -279.602 4.81637 0.141336 
v -279.608 4.81478 0.114574 
v -279.674 4.7971 0.141816 
v -280.33 5.91107 -0.132692 
v -280.339 5.76812 -0.0852261 
v -280.282 5.77818 -0.109208 
v -280.364 5.90511 -0.118444 
v -280.381 6.0979 -0.15248 
v -280.396 6.09538 -0.146426 
v -280.41 6.09285 -0.152488 
v -280.397 5.89916 -0.132704 
v -280.396 5.75807 -0.109208 
v -280.646 5.7232 -0.0942201 
v -280.574 5.73586 -0.0640261 
v -280.628 5.8157 -0.12771 
v -280.59 5.82254 -0.11139 
v -280.631 5.964 -0.151954 
v -280.616 5.96663 -0.145676 
v -280.602 5.96926 -0.151954 
v -280.551 5.82938 -0.12771 
v -280.502 5.74851 -0.0942201 
v -280.473 5.75376 -0.16711 
v -280.154 5.70722 -0.279146 
v -280.998 5.60781 -0.120166 
v -280.705 4.63529 -0.0563561 
v -280.705 4.49673 0.494934 
v -280.958 4.49673 0.494934 
v -280.832 4.48804 0.497878 
v -280.832 4.6278 0.527836 
v -280.705 4.63529 0.524634 
v -280.958 4.63529 0.524634 
v -280.705 6.35752 0.524634 
v -280.832 6.36501 0.527836 
v -280.958 6.35752 0.524634 
v -280.705 6.49608 0.494934 
v -280.958 6.49608 0.494934 
v -280.832 6.50477 0.497878 
v -279.615 5.76775 0.436968 
v -279.574 5.41819 0.436968 
v -279.682 5.75996 0.512358 
v -279.64 5.4104 0.512358 
v -279.841 5.74115 0.543586 
v -279.8 5.3916 0.543586 
v -280.097 5.35662 0.543586 
v -281.171 5.23286 0.512358 
v -280.138 5.70617 0.543586 
v -281.188 5.58241 0.512358 
v -280.435 5.67118 0.543586 
v -280.996 5.25166 0.543586 
v -280.394 5.32163 0.543586 
v -281.029 5.60121 0.543586 
v -280.691 5.28664 0.543586 
v -280.732 5.6362 0.543586 
v -279.699 5.10948 -0.0334201 
v -279.628 5.44663 0.0397139 
v -279.634 5.09111 0.428564 
v -279.699 5.10948 0.501696 
v -279.694 5.465 0.501696 
v -279.91 5.16937 0.531988 
v -279.823 5.50935 0.531988 
v -280.196 5.25188 0.531988 
v -280.109 5.59186 0.531988 
v -280.491 5.33439 0.531988 
v -281.231 5.90211 0.428564 
v -280.404 5.67437 0.531988 
v -281.165 5.88374 0.501696 
v -280.787 5.4169 0.531988 
v -281.176 5.53262 0.501696 
v -280.7 5.75688 0.531988 
v -280.995 5.83939 0.531988 
v -281.06 5.49941 0.531988 
v -280.564 5.06825 -0.0577881 
v -280.68 5.72707 -0.301784 
v -280.141 5.14278 -0.301784 
v -280.258 5.8016 -0.0577881 
v -281.211 5.58262 0.0575339 
v -281.194 5.22726 0.0575339 
v -281.128 5.23464 -0.0114441 
v -281.149 5.58999 -0.0114441 
v -280.96 5.25245 -0.120166 
v -280.998 5.60781 -0.120166 
v -280.674 5.28559 -0.279144 
v -280.716 5.64094 -0.279146 
v -280.435 5.67408 -0.329298 
v -280.393 5.31873 -0.329298 
v -279.617 5.4102 0.0575339 
v -280.112 5.35187 -0.279144 
v -279.659 5.76555 0.0575339 
v -280.154 5.70722 -0.279146 
v -279.722 5.75817 -0.0114441 
v -279.831 5.38501 -0.120166 
v -279.68 5.40282 -0.0114441 
v -279.873 5.74036 -0.120166 
v -280.181 6.49608 0.494934 
v -279.928 6.49608 0.494934 
v -280.055 6.50135 0.496718 
v -280.055 6.36206 0.526574 
v -280.181 6.35752 0.524634 
v -279.928 6.35752 0.524634 
v -280.181 4.63529 0.524634 
v -279.928 4.63529 0.524634 
v -280.055 4.63075 0.526574 
v -280.181 4.49673 0.494934 
v -279.928 4.49673 0.494934 
v -280.055 4.49147 0.496718 
v -280.055 4.63075 -0.0582961 
v -280.258 5.8016 -0.0577881 
v -280.721 5.65262 -0.0577881 
v -280.194 5.74555 -0.0577881 
v -280.68 5.72707 -0.0577881 
v -280.101 5.21723 -0.0577881 
v -280.628 5.1243 -0.0577881 
v -280.564 5.06825 -0.0577881 
v -280.141 5.14278 -0.0577881 
v -280.958 6.35752 0.524634 
v -280.958 6.35752 -0.0563561 
v -280.958 4.63529 0.524634 
v -280.958 6.55347 0.423234 
v -280.958 6.49608 0.494934 
v -280.958 6.55347 0.0450419 
v -280.958 6.49608 -0.0266581 
v -280.958 4.63529 -0.0563561 
v -280.958 4.43934 0.423234 
v -280.958 4.49673 0.494934 
v -280.958 4.43934 0.0450419 
v -280.958 4.49673 -0.0266581 
v -280.339 5.76812 -0.0852261 
v -280.396 6.09538 -0.146426 
v -280.41 6.09285 -0.152488 
v -280.397 5.89916 -0.132704 
v -280.396 5.75807 -0.109208 
v -280.416 6.0918 -0.16711 
v -280.42 5.75391 -0.16711 
v -280.411 5.89669 -0.16711 
v -280.397 5.89916 -0.201516 
v -280.396 5.75807 -0.225012 
v -280.41 6.09285 -0.181732 
v -280.396 6.09538 -0.187794 
v -280.646 5.7232 -0.0942201 
v -280.628 5.8157 -0.12771 
v -280.676 5.71796 -0.16711 
v -280.644 5.81286 -0.16711 
v -280.631 5.964 -0.151954 
v -280.616 5.96663 -0.145676 
v -280.638 5.96291 -0.16711 
v -280.631 5.964 -0.182266 
v -280.616 5.96663 -0.188544 
v -280.628 5.8157 -0.20651 
v -280.646 5.7232 -0.24 
v -280.44 4.5871 -0.0421421 
v -280.423 4.59074 -0.189112 
v -280.451 4.60506 -0.0442781 
v -280.431 4.60405 -0.190834 
v -280.427 4.61912 -0.19049 
v -280.446 4.62543 -0.0438641 
v -280.154 5.70722 -0.279146 
v -280.998 5.60781 -0.120166 
v -279.823 5.50935 0.531988 
v -280.995 5.83939 0.531988 
v -280.705 4.63529 -0.0563561 
v -280.958 4.43934 0.0450419 
v -280.705 4.49673 0.494934 
v -280.832 4.48804 0.497878 
v -280.958 6.49608 0.494934 
v -280.705 6.55347 0.0450419 
v -281.188 5.58241 -0.0440821 
v -281.171 5.23286 -0.0440821 
v -281.254 5.57462 0.0313099 
v -281.237 5.22507 0.0313099 
v -281.237 5.22507 0.436968 
v -281.254 5.57462 0.436968 
v -281.171 5.23286 0.512358 
v -281.188 5.58241 0.512358 
v -281.176 5.53262 -0.0334201 
v -281.165 5.88374 -0.0334201 
v -281.242 5.55099 0.0397139 
v -281.231 5.90211 0.0397139 
v -281.242 5.55099 0.428564 
v -281.231 5.90211 0.428564 
v -281.165 5.88374 0.501696 
v -281.176 5.53262 0.501696 
v -280.721 5.65262 -0.301784 
v -280.628 5.1243 -0.301784 
v -280.628 5.1243 -0.0577881 
v -280.564 5.06825 -0.301784 
v -280.721 5.65262 -0.0577881 
v -280.564 5.06825 -0.0577881 
v -280.68 5.72707 -0.0577881 
v -280.68 5.72707 -0.301784 
v -279.722 5.75817 0.484442 
v -279.68 5.40282 0.484442 
v -279.617 5.4102 0.415464 
v -279.659 5.76555 0.415464 
v -279.617 5.4102 0.0575339 
v -279.659 5.76555 0.0575339 
v -279.722 5.75817 -0.0114441 
v -279.68 5.40282 -0.0114441 
v -279.928 6.49608 -0.0266581 
v -280.181 6.49608 0.494934 
v -280.055 4.63075 0.526574 
v -279.928 4.49673 0.494934 
v -280.181 4.49673 -0.0266581 
v -280.055 4.63075 -0.0582961 
v -280.181 6.35752 0.524634 
v -280.181 6.35752 -0.0563561 
v -280.181 4.63529 0.524634 
v -280.181 6.55347 0.423234 
v -280.181 6.49608 0.494934 
v -280.181 6.55347 0.0450419 
v -280.181 6.49608 -0.0266581 
v -280.181 4.63529 -0.0563561 
v -280.181 4.43934 0.423234 
v -280.181 4.49673 0.494934 
v -280.181 4.43934 0.0450419 
v -280.181 4.49673 -0.0266581 
v -279.673 4.74958 0.15613 
v -279.633 4.75366 0.152898 
v -279.673 4.76849 0.165328 
v -279.673 4.74188 0.137252 
v -279.591 4.78437 0.124644 
v -279.631 4.74648 0.134038 
v -279.596 4.78901 0.11187 
v -279.634 4.75424 0.116256 
v -279.674 4.75041 0.119284 
v -280.42 4.58216 -0.0387221 
v -280.395 4.59503 -0.184182 
v -280.402 4.59295 -0.0360261 
v -280.408 4.58704 -0.186354 
v -280.392 4.60997 -0.183848 
v -280.44 4.5871 -0.0421421 
v -280.397 4.61303 -0.0356201 
v -280.423 4.59074 -0.189112 
v -280.451 4.60506 -0.0442781 
v -280.431 4.60405 -0.190834 
v -280.154 5.70722 -0.279146 
v -280.998 5.60781 -0.120166 
v -279.823 5.50935 0.531988 
v -280.995 5.83939 0.531988 
v -279.634 5.09111 0.0397139 
v -279.91 5.16937 0.531988 
v -279.91 5.16937 -0.0637121 
v -279.699 5.10948 -0.0334201 
v -279.634 5.09111 0.428564 
v -279.699 5.10948 0.501696 
v -280.196 5.25188 0.531988 
v -280.196 5.25188 -0.0637121 
v -280.491 5.33439 -0.0637121 
v -280.491 5.33439 0.531988 
v -280.787 5.4169 -0.0637121 
v -280.787 5.4169 0.531988 
v -281.06 5.49941 -0.0637121 
v -281.06 5.49941 0.531988 
v -281.242 5.55099 0.0397139 
v -281.176 5.53262 -0.0334201 
v -281.242 5.55099 0.428564 
v -281.176 5.53262 0.501696 
v -281.194 5.22726 0.0575339 
v -281.237 5.22507 0.436968 
v -281.237 5.22507 0.0313099 
v -281.171 5.23286 -0.0440821 
v -281.194 5.22726 0.415464 
v -281.128 5.23464 -0.0114441 
v -281.171 5.23286 0.512358 
v -280.996 5.25166 -0.152824 
v -281.128 5.23464 0.484442 
v -280.96 5.25245 -0.120166 
v -280.996 5.25166 0.543586 
v -280.691 5.28664 -0.310536 
v -280.96 5.25245 0.513014 
v -280.674 5.28559 -0.279144 
v -280.691 5.28664 0.543586 
v -280.394 5.32163 -0.35987 
v -280.674 5.28559 0.513014 
v -280.393 5.31873 -0.329298 
v -280.394 5.32163 0.543586 
v -280.112 5.35187 -0.279144 
v -280.393 5.31873 0.513014 
v -280.097 5.35662 -0.310536 
v -280.112 5.35187 0.513014 
v -279.831 5.38501 -0.120166 
v -280.097 5.35662 0.543586 
v -279.8 5.3916 -0.152824 
v -279.831 5.38501 0.513014 
v -279.68 5.40282 -0.0114441 
v -279.8 5.3916 0.543586 
v -279.64 5.4104 -0.0440821 
v -279.68 5.40282 0.484442 
v -279.617 5.4102 0.0575339 
v -279.64 5.4104 0.512358 
v -279.574 5.41819 0.0313099 
v -279.617 5.4102 0.415464 
v -279.574 5.41819 0.436968 
v -280.958 4.49673 -0.0266581 
v -280.832 4.48804 -0.0296021 
v -280.705 4.49673 -0.0266581 
v -280.832 4.43015 0.0427219 
v -280.705 4.43934 0.0450419 
v -280.958 4.43934 0.0450419 
v -280.832 4.43015 0.425554 
v -280.705 4.43934 0.423234 
v -280.958 4.43934 0.423234 
v -280.705 4.49673 0.494934 
v -280.958 4.49673 0.494934 
v -280.832 4.48804 0.497878 
v -280.435 5.67118 -0.35987 
v -279.574 5.41819 0.0313099 
v -281.237 5.22507 0.0313099 
v -280.628 5.1243 -0.301784 
v -280.628 5.1243 -0.0577881 
v -280.564 5.06825 -0.301784 
v -280.564 5.06825 -0.0577881 
v -280.141 5.14278 -0.0577881 
v -280.141 5.14278 -0.301784 
v -281.149 5.58999 0.484442 
v -281.194 5.22726 0.0575339 
v -280.435 5.67408 -0.329298 
v -280.181 4.49673 0.494934 
v -279.928 4.49673 0.494934 
v -280.055 4.49147 0.496718 
v -280.055 4.43377 0.42464 
v -280.181 4.43934 0.423234 
v -279.928 4.43934 0.423234 
v -280.181 4.43934 0.0450419 
v -279.928 4.43934 0.0450419 
v -280.055 4.43377 0.0436359 
v -280.181 4.49673 -0.0266581 
v -279.928 4.49673 -0.0266581 
v -280.055 4.49147 -0.0284421 
v -279.591 4.78437 0.124644 
v -279.596 4.78901 0.11187 
v -279.634 4.75424 0.116256 
v -279.674 4.75041 0.119284 
v -279.642 4.77233 0.110334 
v -279.604 4.80166 0.107908 
v -279.675 4.77025 0.113364 
v -279.649 4.79023 0.119346 
v -279.608 4.81478 0.114574 
v -279.675 4.78943 0.122626 
v -279.674 4.7971 0.141816 
v -280.396 6.09538 -0.146426 
v -280.381 6.0979 -0.18174 
v -280.42 5.75391 -0.16711 
v -280.397 5.89916 -0.201516 
v -280.396 5.75807 -0.225012 
v -280.41 6.09285 -0.181732 
v -280.339 5.76812 -0.248994 
v -280.364 5.90511 -0.215776 
v -280.396 6.09538 -0.187794 
v -280.33 5.91107 -0.201528 
v -280.282 5.77818 -0.225012 
v -280.721 5.65262 -0.301784 
v -280.258 5.8016 -0.301784 
v -280.194 5.74555 -0.301784 
v -280.68 5.72707 -0.301784 
v -280.101 5.21723 -0.301784 
v -280.628 5.1243 -0.301784 
v -280.564 5.06825 -0.301784 
v -280.141 5.14278 -0.301784 
v -280.616 5.96663 -0.145676 
v -280.631 5.964 -0.182266 
v -280.473 5.75376 -0.16711 
v -280.602 5.96926 -0.182266 
v -280.551 5.82938 -0.20651 
v -280.502 5.74851 -0.24 
v -280.574 5.73586 -0.270192 
v -280.59 5.82254 -0.22283 
v -280.616 5.96663 -0.188544 
v -280.628 5.8157 -0.20651 
v -280.646 5.7232 -0.24 
v -280.395 4.59503 -0.184182 
v -280.423 4.59074 -0.189112 
v -280.431 4.60405 -0.190834 
v -280.408 4.58704 -0.186354 
v -280.392 4.60997 -0.183848 
v -280.427 4.61912 -0.19049 
v -280.399 4.62322 -0.185538 
v -280.414 4.62705 -0.188288 
v -280.154 5.70722 -0.279146 
v -280.998 5.60781 -0.120166 
v -280.832 6.36501 -0.0595581 
v -280.832 4.6278 -0.0595581 
v -280.958 6.35752 -0.0563561 
v -280.958 4.63529 -0.0563561 
v -280.958 6.49608 -0.0266581 
v -280.958 4.49673 -0.0266581 
v -280.832 4.48804 -0.0296021 
v -280.705 4.49673 -0.0266581 
v -280.705 4.63529 -0.0563561 
v -280.705 6.35752 -0.0563561 
v -280.958 4.43934 0.0450419 
v -280.705 6.49608 -0.0266581 
v -280.832 6.50477 -0.0296021 
v -280.705 6.55347 0.0450419 
v -279.841 5.74115 -0.152824 
v -280.097 5.35662 -0.310536 
v -280.138 5.70617 -0.310536 
v -280.435 5.67118 -0.35987 
v -279.8 5.3916 -0.152824 
v -280.394 5.32163 -0.35987 
v -279.64 5.4104 -0.0440821 
v -280.691 5.28664 -0.310536 
v -279.682 5.75996 -0.0440821 
v -280.732 5.6362 -0.310536 
v -279.574 5.41819 0.0313099 
v -281.029 5.60121 -0.152824 
v -279.615 5.76775 0.0313099 
v -280.996 5.25166 -0.152824 
v -281.188 5.58241 -0.0440821 
v -281.171 5.23286 -0.0440821 
v -281.254 5.57462 0.0313099 
v -281.237 5.22507 0.0313099 
v -280.196 5.25188 -0.0637121 
v -279.823 5.50935 -0.0637121 
v -279.91 5.16937 -0.0637121 
v -279.694 5.465 -0.0334201 
v -280.109 5.59186 -0.0637121 
v -279.699 5.10948 -0.0334201 
v -280.491 5.33439 -0.0637121 
v -279.628 5.44663 0.0397139 
v -280.404 5.67437 -0.0637121 
v -280.787 5.4169 -0.0637121 
v -280.7 5.75688 -0.0637121 
v -281.06 5.49941 -0.0637121 
v -280.995 5.83939 -0.0637121 
v -281.176 5.53262 -0.0334201 
v -281.165 5.88374 -0.0334201 
v -281.231 5.90211 0.0397139 
v -281.231 5.90211 0.428564 
v -281.176 5.53262 0.501696 
v -280.564 5.06825 -0.0577881 
v -280.68 5.72707 -0.301784 
v -280.141 5.14278 -0.301784 
v -280.258 5.8016 -0.0577881 
v -280.998 5.60781 0.513014 
v -280.96 5.25245 0.513014 
v -281.149 5.58999 0.484442 
v -281.128 5.23464 0.484442 
v -280.674 5.28559 0.513014 
v -280.716 5.64094 0.513014 
v -280.435 5.67408 0.513014 
v -280.393 5.31873 0.513014 
v -280.112 5.35187 0.513014 
v -280.154 5.70722 0.513014 
v -279.831 5.38501 0.513014 
v -279.873 5.74036 0.513014 
v -279.722 5.75817 0.484442 
v -279.68 5.40282 0.484442 
v -279.659 5.76555 0.415464 
v -279.617 5.4102 0.0575339 
v -279.659 5.76555 0.0575339 
v -280.055 6.36206 -0.0582961 
v -280.181 4.63529 -0.0563561 
v -280.181 6.35752 -0.0563561 
v -280.181 6.49608 -0.0266581 
v -280.055 6.50135 -0.0284421 
v -279.928 6.49608 -0.0266581 
v -279.928 6.35752 -0.0563561 
v -279.928 4.63529 -0.0563561 
v -280.181 4.49673 -0.0266581 
v -279.928 4.49673 -0.0266581 
v -280.055 4.49147 -0.0284421 
v -280.055 4.63075 -0.0582961 

vn 0.299213 -0.732283 0.614173 
vn 0.574803 -0.377953 0.724409 
vn 0.677165 -0.732283 -0.110236 
vn 0.204724 -0.976378 -0.0629921 
vn 1 0 0 
vn 1 0 0 
vn 1 0 0 
vn 1 0 0 
vn 1 0 0 
vn 1 0 0 
vn 1 0 0 
vn 1 0 0 
vn 1 0 0 
vn 1 0 0 
vn 1 0 0 
vn 1 0 0 
vn 0.582677 0.283465 0.755906 
vn -0.15748 0.204724 0.968504 
vn 0.503937 0.322835 0.795276 
vn 0.92126 0.393701 0 
vn 0.937008 0.346457 0 
vn 0.669291 0.259843 0.700787 
vn 0.110236 0.165354 0.984252 
vn 0.952756 0.307087 0 
vn 0.669291 0.259843 -0.700787 
vn 0.110236 0.165354 -0.984252 
vn 0.582677 0.283465 -0.755906 
vn 0.503937 0.322835 -0.795276 
vn 0.874016 0.425197 -0.228346 
vn 0.874016 0.425197 -0.228346 
vn 0.874016 0.425197 -0.228346 
vn 0.874016 0.425197 -0.228346 
vn 0.874016 0.425197 -0.228346 
vn 0.874016 0.425197 -0.228346 
vn 0.874016 0.425197 -0.228346 
vn 0.874016 0.425197 -0.228346 
vn 0.0944882 0.244094 0.96063 
vn 0.645669 0.354331 0.677165 
vn 0.535433 0.440945 0.716535 
vn 0.409449 0.543307 0.732283 
vn 0.787402 0.622047 0 
vn 0.858268 0.511811 0 
vn 0.913386 0.401575 0 
vn 0.645669 0.354331 -0.677165 
vn 0.535433 0.440945 -0.716535 
vn 0.409449 0.543307 -0.732283 
vn 0.0944882 0.244094 -0.96063 
vn 0.732283 -0.685039 0.023622 
vn 0.740157 -0.669291 0.023622 
vn 0.984252 0.15748 0.0314961 
vn 0.984252 0.165354 0.0314961 
vn 0.464567 0.889764 -0.023622 
vn 0.448819 0.897638 -0.023622 
vn -0.0866142 0.992126 -0.0708661 
vn -0.149606 0.984252 -0.0551181 
vn 0.299213 0.952756 0 
vn 0.259843 0.968504 0 
vn 0.0314961 -0.0866142 -0.992126 
vn -0.0708661 -0.952756 -0.283465 
vn 0.0551181 -0.519685 0.850394 
vn 0 -0.614173 0.787402 
vn -0.0551181 0.519685 0.850394 
vn 0.0708661 0.952756 -0.283465 
vn 0.637795 0.0708661 -0.771654 
vn 0.661417 0.0787402 -0.748031 
vn 0.905512 0.110236 -0.409449 
vn 0.92126 0.110236 -0.370079 
vn 0.92126 0.110236 0.370079 
vn 0.905512 0.110236 0.409449 
vn 0.488189 0.0551181 0.874016 
vn 0.370079 0.0472441 0.929134 
vn 0.299213 -0.023622 -0.952756 
vn 0.566929 -0.015748 -0.826772 
vn 0.897638 -0.015748 -0.440945 
vn 0.944882 -0.015748 -0.338583 
vn 0.897638 -0.015748 0.440945 
vn 0.944882 -0.015748 0.338583 
vn 0.566929 -0.015748 0.826772 
vn 0.299213 -0.023622 0.952756 
vn 0.370079 -0.929134 0 
vn 0.370079 -0.929134 0 
vn 0.0708661 1 0 
vn 0.984252 -0.181102 0 
vn 0.0708661 1 0 
vn 0.984252 -0.181102 0 
vn 0.84252 0.543307 0 
vn 0.84252 0.543307 0 
vn 0.354331 0.023622 -0.937008 
vn 0.464567 0.023622 -0.88189 
vn 0.905512 0.0472441 -0.433071 
vn 0.92126 0.0472441 -0.385827 
vn 0.905512 0.0472441 0.433071 
vn 0.92126 0.0472441 0.385827 
vn 0.653543 0.0393701 0.755906 
vn 0.629921 0.0472441 0.779528 
vn 0.0314961 0.535433 -0.84252 
vn -0.0314961 0.535433 0.84252 
vn 0 -0.11811 0.992126 
vn 0.0314961 -0.535433 0.84252 
vn -0.0314961 -0.535433 -0.84252 
vn 0 -0.11811 -0.992126 
vn 1 0 0 
vn 1 0 0 
vn 1 0 0 
vn 1 0 0 
vn 1 0 0 
vn 1 0 0 
vn 1 0 0 
vn 1 0 0 
vn 1 0 0 
vn 1 0 0 
vn 1 0 0 
vn 1 0 0 
vn 0.110236 -0.15748 0.984252 
vn 0.0314961 0.637795 0.771654 
vn 0.0472441 0.669291 0.740157 
vn 0.181102 0.251969 0.952756 
vn -0.275591 0.779528 0.559055 
vn -0.464567 0.88189 0.0708661 
vn -0.228346 0.653543 -0.716535 
vn -0.488189 0.724409 -0.488189 
vn -0.102362 0.787402 -0.614173 
vn -0.228346 0.968504 0.0551181 
vn -0.0314961 1 0.0787402 
vn -0.173228 0.984252 0 
vn -0.173228 0.984252 0 
vn -0.173228 0.984252 0 
vn -0.173228 0.984252 0 
vn -0.173228 0.984252 0 
vn -0.173228 0.984252 0 
vn -0.173228 0.984252 0 
vn -0.173228 0.984252 0 
vn -0.173228 0.984252 0 
vn -0.173228 0.984252 0 
vn -0.173228 0.984252 0 
vn -0.173228 0.984252 0 
vn -0.173228 0.984252 0 
vn -0.173228 0.984252 0 
vn -0.173228 0.984252 0 
vn -0.173228 0.984252 0 
vn 0.984252 0.15748 0.0314961 
vn 0.984252 0.165354 0.0314961 
vn 0.464567 0.889764 -0.023622 
vn -0.976378 -0.173228 -0.125984 
vn 0.448819 0.897638 -0.023622 
vn -0.976378 -0.165354 -0.125984 
vn 0.00787402 1 -0.0629921 
vn -0.740157 0.661417 -0.11811 
vn -0.0787402 0.992126 -0.0708661 
vn -0.692913 0.708661 -0.11811 
vn -0.0787402 1 -0.0393701 
vn -0.0787402 0.992126 -0.0629921 
vn -0.0787402 0.992126 -0.0551181 
vn -0.0944882 0.992126 -0.0787402 
vn -0.0787402 0.992126 -0.0472441 
vn -0.0866142 0.992126 -0.0708661 
vn -0.0551181 1 -0.00787402 
vn -0.11811 0.992126 -0.0866142 
vn -0.0708661 1 -0.0314961 
vn -0.11811 0.992126 -0.0866142 
vn -0.0629921 1 0.0314961 
vn -0.141732 0.984252 -0.0787402 
vn -0.0551181 1 0.015748 
vn -0.141732 0.984252 -0.0787402 
vn -0.0866142 0.992126 0.0629921 
vn -0.149606 0.984252 -0.0551181 
vn -0.0866142 0.992126 0.0629921 
vn -0.149606 0.984252 -0.0629921 
vn -0.110236 0.992126 0.0866142 
vn -0.15748 0.984252 -0.0472441 
vn -0.110236 0.992126 0.0866142 
vn -0.15748 0.984252 -0.0472441 
vn -0.11811 0.992126 0.0944882 
vn -0.173228 0.984252 -0.015748 
vn -0.11811 0.992126 0.0944882 
vn -0.165354 0.984252 -0.0314961 
vn -0.11811 0.992126 0.0944882 
vn -0.165354 0.984252 0.0314961 
vn -0.11811 0.992126 0.0944882 
vn -0.173228 0.984252 0.015748 
vn -0.11811 0.992126 0.0944882 
vn -0.149606 0.984252 0.0629921 
vn -0.11811 0.992126 0.0944882 
vn -0.149606 0.984252 0.0629921 
vn -0.125984 0.992126 0.0866142 
vn -0.125984 0.984252 0.0866142 
vn 0.307087 0.952756 0 
vn 0.267717 0.96063 0 
vn 0.307087 0.952756 0 
vn 0.267717 0.96063 0 
vn 0.299213 0.952756 0 
vn 0.299213 0.952756 0 
vn 0.275591 0.96063 0 
vn 0.275591 0.96063 0 
vn 0.267717 0.96063 0 
vn 0.267717 0.96063 0 
vn 0.267717 0.96063 0 
vn 0.267717 0.96063 0 
vn 0.259843 0.968504 0 
vn 0.259843 0.968504 0 
vn 0.259843 0.968504 0 
vn 0.259843 0.968504 0 
vn 0.267717 0.96063 0 
vn 0.267717 0.96063 0 
vn -0.0551181 0.519685 -0.850394 
vn 0.0551181 0.519685 -0.850394 
vn 0 0.614173 -0.787402 
vn 0.0551181 0.519685 0.850394 
vn -0.0551181 0.519685 0.850394 
vn 0 0.614173 0.787402 
vn 0 0.968504 0.244094 
vn 0.0708661 0.952756 0.283465 
vn -0.0708661 0.952756 0.283465 
vn 0.0708661 0.952756 -0.283465 
vn -0.0708661 0.952756 -0.283465 
vn 0 0.968504 -0.244094 
vn -0.370079 0.929134 0 
vn -0.370079 0.929134 0 
vn 0.0708661 1 0 
vn 0.0708661 1 0 
vn 0.84252 0.543307 0 
vn 0.84252 0.543307 0 
vn 0.354331 0.023622 -0.937008 
vn 0.92126 0.0472441 0.385827 
vn -0.0472441 -0.00787402 1 
vn -0.897638 -0.110236 0.425197 
vn -0.0314961 0.535433 -0.84252 
vn 0 0.598425 -0.80315 
vn 0 0.968504 -0.251969 
vn -0.0472441 0.96063 -0.275591 
vn 0.0314961 0.535433 -0.84252 
vn 0.0472441 0.96063 -0.275591 
vn 0 0.968504 0.251969 
vn -0.0472441 0.96063 0.275591 
vn 0.0472441 0.96063 0.275591 
vn -0.0314961 0.535433 0.84252 
vn 0.0314961 0.535433 0.84252 
vn 0 0.598425 0.80315 
vn 0.251969 -0.0787402 0.968504 
vn 0.125984 -0.811024 0.566929 
vn 0.299213 -0.732283 0.614173 
vn 0.110236 -0.15748 0.984252 
vn 0.0314961 0.637795 0.771654 
vn 0.0472441 0.669291 0.740157 
vn 0.574803 -0.377953 0.724409 
vn 0.181102 0.251969 0.952756 
vn 0.677165 -0.732283 -0.110236 
vn -0.275591 0.779528 0.559055 
vn -0.488189 0.724409 -0.488189 
vn -0.0314961 1 0.0787402 
vn 0.582677 0.283465 0.755906 
vn -0.15748 0.204724 0.968504 
vn 0.503937 0.322835 0.795276 
vn -0.023622 0.188976 0.984252 
vn 0.669291 0.259843 0.700787 
vn 0.110236 0.165354 0.984252 
vn -0.598425 0.0393701 0.80315 
vn -0.645669 0.0866142 0.755906 
vn -0.708661 0.110236 0.700787 
vn -0.677165 0.362205 0.637795 
vn -0.181102 0.448819 0.874016 
vn -0.653543 0.267717 0.708661 
vn -0.0393701 0.370079 0.929134 
vn -0.606299 0.11811 0.787402 
vn 0.0944882 0.244094 0.96063 
vn 0.645669 0.354331 0.677165 
vn 0.535433 0.440945 0.716535 
vn 0.409449 0.543307 0.732283 
vn 0.787402 0.622047 0 
vn -0.0866142 0.992126 -0.0708661 
vn -0.149606 0.984252 -0.0551181 
vn 0.0314961 -0.0866142 -0.992126 
vn 0.0551181 -0.519685 0.850394 
vn -0.0551181 -0.519685 0.850394 
vn 0 -0.614173 0.787402 
vn 0 -0.125984 0.992126 
vn 0.0314961 -0.0866142 0.992126 
vn -0.0314961 -0.0866142 0.992126 
vn 0.0314961 0.0866142 0.992126 
vn 0 0.125984 0.992126 
vn -0.0314961 0.0866142 0.992126 
vn 0.0551181 0.519685 0.850394 
vn -0.0551181 0.519685 0.850394 
vn 0 0.614173 0.787402 
vn 0.92126 0.110236 0.370079 
vn 0.905512 0.110236 0.409449 
vn 0.488189 0.0551181 0.874016 
vn 0.370079 0.0472441 0.929134 
vn 0.11811 0.015748 0.992126 
vn 0.0629921 0.00787402 1 
vn 0 0 1 
vn -0.480315 -0.023622 0.874016 
vn 0 0 1 
vn -0.362205 -0.023622 0.929134 
vn 0 0 1 
vn -0.11811 -0.00787402 0.992126 
vn 0 0 1 
vn -0.0629921 -0.00787402 1 
vn 0 0 1 
vn 0 0 1 
vn 0.566929 -0.015748 -0.826772 
vn 0.897638 -0.015748 -0.440945 
vn 0.944882 -0.015748 0.338583 
vn 0.566929 -0.015748 0.826772 
vn 0.299213 -0.023622 0.952756 
vn 0.125984 -0.015748 0.992126 
vn 0.0393701 -0.00787402 1 
vn 0 0 1 
vn 0 0 1 
vn 0 0 1 
vn -0.937008 0.023622 0.338583 
vn 0 0 1 
vn -0.566929 0.023622 0.826772 
vn 0 0 1 
vn -0.330709 0.023622 0.944882 
vn 0 0 1 
vn -0.149606 0.015748 0.984252 
vn -0.0472441 0.00787402 1 
vn -0.0708661 -1 0 
vn -0.370079 0.929134 0 
vn 0.370079 -0.929134 0 
vn 0.0708661 1 0 
vn 0.905512 0.0472441 0.433071 
vn 0.92126 0.0472441 0.385827 
vn 0.653543 0.0393701 0.755906 
vn 0.629921 0.0472441 0.779528 
vn 0.527559 0.0472441 0.850394 
vn 0.511811 0.0472441 0.858268 
vn 0.354331 0.0393701 0.937008 
vn 0.275591 0.0314961 0.96063 
vn -0.0472441 -0.00787402 1 
vn 0.0472441 0.00787402 1 
vn -0.897638 -0.110236 0.425197 
vn -0.275591 -0.0314961 0.96063 
vn -0.92126 -0.110236 0.377953 
vn -0.354331 -0.0393701 0.937008 
vn -0.661417 -0.0787402 0.740157 
vn -0.519685 -0.0629921 0.850394 
vn -0.645669 -0.0787402 0.76378 
vn -0.535433 -0.0629921 0.84252 
vn -0.0314961 0.535433 0.84252 
vn 0.0314961 0.535433 0.84252 
vn 0 0.598425 0.80315 
vn 0 0.11811 0.992126 
vn -0.015748 0.0944882 0.992126 
vn 0.015748 0.0944882 0.992126 
vn -0.015748 -0.0944882 0.992126 
vn 0.015748 -0.0944882 0.992126 
vn 0 -0.11811 0.992126 
vn -0.0314961 -0.535433 0.84252 
vn 0.0314961 -0.535433 0.84252 
vn 0 -0.598425 0.80315 
vn 0 -0.11811 -0.992126 
vn 0 0 1 
vn 0 0 1 
vn 0 0 1 
vn 0 0 1 
vn 0 0 1 
vn 0 0 1 
vn 0 0 1 
vn 0 0 1 
vn -1 0 0 
vn -1 0 0 
vn -1 0 0 
vn -1 0 0 
vn -1 0 0 
vn -1 0 0 
vn -1 0 0 
vn -1 0 0 
vn -1 0 0 
vn -1 0 0 
vn -1 0 0 
vn -1 0 0 
vn -0.15748 0.204724 0.968504 
vn 0.110236 0.165354 0.984252 
vn -0.598425 0.0393701 0.80315 
vn -0.645669 0.0866142 0.755906 
vn -0.708661 0.110236 0.700787 
vn -1 -0.023622 0 
vn -1 0.0629921 0 
vn -1 0.023622 0 
vn -0.645669 0.0866142 -0.755906 
vn -0.708661 0.110236 -0.700787 
vn -0.598425 0.0393701 -0.80315 
vn 0.110236 0.165354 -0.984252 
vn -0.677165 0.362205 0.637795 
vn -0.653543 0.267717 0.708661 
vn -0.952756 0.314961 0 
vn -0.984252 0.19685 0 
vn -0.606299 0.11811 0.787402 
vn 0.0944882 0.244094 0.96063 
vn -1 0.0472441 0 
vn -0.606299 0.11811 -0.787402 
vn 0.0944882 0.244094 -0.96063 
vn -0.653543 0.267717 -0.708661 
vn -0.677165 0.362205 -0.637795 
vn -0.393701 -0.913386 -0.0708661 
vn -0.464567 -0.88189 -0.0708661 
vn -0.976378 -0.173228 -0.125984 
vn -0.976378 -0.165354 -0.125984 
vn -0.740157 0.661417 -0.11811 
vn -0.692913 0.708661 -0.11811 
vn -0.0866142 0.992126 -0.0708661 
vn -0.149606 0.984252 -0.0551181 
vn 0.299213 0.952756 0 
vn 0.259843 0.968504 0 
vn 0.0314961 -0.0866142 -0.992126 
vn -0.0708661 -0.952756 -0.283465 
vn 0.0551181 -0.519685 0.850394 
vn 0 -0.614173 0.787402 
vn -0.0551181 0.519685 0.850394 
vn 0.0708661 0.952756 -0.283465 
vn -0.622047 -0.0393701 -0.779528 
vn -0.661417 -0.0393701 -0.755906 
vn -0.913386 -0.0472441 -0.409449 
vn -0.929134 -0.0472441 -0.370079 
vn -0.929134 -0.0472441 0.370079 
vn -0.913386 -0.0472441 0.409449 
vn -0.480315 -0.023622 0.874016 
vn -0.362205 -0.023622 0.929134 
vn -0.330709 0.023622 -0.944882 
vn -0.566929 0.023622 -0.826772 
vn -0.897638 0.023622 -0.440945 
vn -0.937008 0.023622 -0.338583 
vn -0.897638 0.023622 0.440945 
vn -0.937008 0.023622 0.338583 
vn -0.566929 0.023622 0.826772 
vn -0.330709 0.023622 0.944882 
vn -0.984252 0.181102 0 
vn -0.84252 -0.543307 0 
vn -0.84252 -0.543307 0 
vn -0.0708661 -1 0 
vn -0.984252 0.181102 0 
vn -0.0708661 -1 0 
vn -0.370079 0.929134 0 
vn -0.370079 0.929134 0 
vn -0.472441 -0.0551181 -0.874016 
vn -0.362205 -0.0393701 -0.929134 
vn -0.897638 -0.110236 -0.425197 
vn -0.92126 -0.110236 -0.377953 
vn -0.897638 -0.110236 0.425197 
vn -0.92126 -0.110236 0.377953 
vn -0.661417 -0.0787402 0.740157 
vn -0.645669 -0.0787402 0.76378 
vn 0.0314961 0.535433 -0.84252 
vn -0.0314961 0.535433 0.84252 
vn 0 -0.11811 0.992126 
vn 0.0314961 -0.535433 0.84252 
vn -0.0314961 -0.535433 -0.84252 
vn 0 -0.11811 -0.992126 
vn -1 0 0 
vn -1 0 0 
vn -1 0 0 
vn -1 0 0 
vn -1 0 0 
vn -1 0 0 
vn -1 0 0 
vn -1 0 0 
vn -1 0 0 
vn -1 0 0 
vn -1 0 0 
vn -1 0 0 
vn 0.125984 -0.811024 0.566929 
vn 0.299213 -0.732283 0.614173 
vn 0.110236 -0.15748 0.984252 
vn 0.102362 -0.992126 0.00787402 
vn 0.677165 -0.732283 -0.110236 
vn 0.204724 -0.976378 -0.0629921 
vn 0.228346 -0.354331 -0.905512 
vn 0.188976 -0.685039 -0.700787 
vn 0.0314961 -0.795276 -0.606299 
vn 0.0866142 -0.992126 -0.023622 
vn 0.732283 -0.685039 0.023622 
vn 0.740157 -0.669291 0.023622 
vn 0.00787402 -1 -0.0314961 
vn 0.984252 0.15748 0.0314961 
vn -0.393701 -0.913386 -0.0708661 
vn 0.984252 0.165354 0.0314961 
vn -0.464567 -0.88189 -0.0708661 
vn -0.976378 -0.173228 -0.125984 
vn -0.976378 -0.165354 -0.125984 
vn -0.0866142 0.992126 -0.0708661 
vn -0.149606 0.984252 -0.0551181 
vn 0.299213 0.952756 0 
vn 0.259843 0.968504 0 
vn -0.275591 -0.96063 0 
vn -0.275591 -0.96063 0 
vn -0.275591 -0.96063 0 
vn -0.275591 -0.96063 0 
vn -0.275591 -0.96063 0 
vn -0.275591 -0.96063 0 
vn -0.275591 -0.96063 0 
vn -0.275591 -0.96063 0 
vn -0.275591 -0.96063 0 
vn -0.275591 -0.96063 0 
vn -0.275591 -0.96063 0 
vn -0.275591 -0.96063 0 
vn -0.275591 -0.96063 0 
vn -0.275591 -0.96063 0 
vn -0.275591 -0.96063 0 
vn -0.275591 -0.96063 0 
vn -0.275591 -0.96063 0 
vn -0.275591 -0.96063 0 
vn 0.0551181 -1 -0.00787402 
vn 0.0629921 -1 0.0314961 
vn 0.0629921 -1 -0.0314961 
vn 0.0708661 -1 -0.0472441 
vn 0.0551181 -1 0.015748 
vn 0.0708661 -1 -0.0393701 
vn 0.0787402 -0.992126 0.0629921 
vn 0.0787402 -0.992126 -0.0629921 
vn 0.0787402 -0.992126 0.0629921 
vn 0.0787402 -0.992126 -0.0551181 
vn 0.102362 -0.992126 0.0866142 
vn 0.0944882 -0.992126 -0.0787402 
vn 0.102362 -0.992126 0.0944882 
vn 0.0866142 -0.992126 -0.0787402 
vn 0.11811 -0.992126 0.0944882 
vn 0.11811 -0.992126 -0.0866142 
vn 0.11811 -0.992126 0.0944882 
vn 0.11811 -0.992126 -0.0866142 
vn 0.11811 -0.992126 0.0944882 
vn 0.141732 -0.984252 -0.0787402 
vn 0.11811 -0.992126 0.0944882 
vn 0.141732 -0.984252 -0.0787402 
vn 0.11811 -0.992126 0.0944882 
vn 0.149606 -0.984252 -0.0551181 
vn 0.11811 -0.992126 0.0944882 
vn 0.149606 -0.984252 -0.0629921 
vn 0.125984 -0.992126 0.0866142 
vn 0.15748 -0.984252 -0.0472441 
vn 0.125984 -0.992126 0.0866142 
vn 0.15748 -0.984252 -0.0472441 
vn 0.149606 -0.984252 0.0629921 
vn 0.173228 -0.984252 -0.015748 
vn 0.149606 -0.984252 0.0629921 
vn 0.165354 -0.984252 -0.0314961 
vn 0.173228 -0.984252 0.015748 
vn 0.165354 -0.984252 0.0314961 
vn -0.0551181 -0.519685 -0.850394 
vn 0 -0.614173 -0.787402 
vn 0.0551181 -0.519685 -0.850394 
vn 0 -0.968504 -0.244094 
vn 0.0708661 -0.952756 -0.283465 
vn -0.0708661 -0.952756 -0.283465 
vn 0 -0.968504 0.244094 
vn 0.0708661 -0.952756 0.283465 
vn -0.0708661 -0.952756 0.283465 
vn 0.0551181 -0.519685 0.850394 
vn -0.0551181 -0.519685 0.850394 
vn 0 -0.614173 0.787402 
vn 0.0472441 0.00787402 -1 
vn 0.905512 0.110236 -0.409449 
vn -0.929134 -0.0472441 -0.370079 
vn -0.84252 -0.543307 0 
vn -0.84252 -0.543307 0 
vn -0.0708661 -1 0 
vn -0.0708661 -1 0 
vn 0.370079 -0.929134 0 
vn 0.370079 -0.929134 0 
vn 0.354331 0.023622 -0.937008 
vn 0.92126 0.0472441 0.385827 
vn -0.0472441 -0.00787402 1 
vn -0.0314961 -0.535433 0.84252 
vn 0.0314961 -0.535433 0.84252 
vn 0 -0.598425 0.80315 
vn 0 -0.968504 0.251969 
vn -0.0472441 -0.96063 0.275591 
vn 0.0472441 -0.96063 0.275591 
vn -0.0472441 -0.96063 -0.275591 
vn 0.0472441 -0.96063 -0.275591 
vn 0 -0.968504 -0.251969 
vn -0.0314961 -0.535433 -0.84252 
vn 0.0314961 -0.535433 -0.84252 
vn 0 -0.598425 -0.80315 
vn 0.677165 -0.732283 -0.110236 
vn 0.228346 -0.354331 -0.905512 
vn 0.188976 -0.685039 -0.700787 
vn 0.0314961 -0.795276 -0.606299 
vn -0.015748 -0.0393701 -1 
vn -0.251969 0.259843 -0.929134 
vn -0.0866142 0 -1 
vn -0.228346 0.653543 -0.716535 
vn -0.488189 0.724409 -0.488189 
vn -0.102362 0.787402 -0.614173 
vn -0.0314961 1 0.0787402 
vn 0.110236 0.165354 0.984252 
vn 0.669291 0.259843 -0.700787 
vn -1 0.0629921 0 
vn -0.645669 0.0866142 -0.755906 
vn -0.708661 0.110236 -0.700787 
vn -0.598425 0.0393701 -0.80315 
vn -0.15748 0.204724 -0.968504 
vn -0.023622 0.188976 -0.984252 
vn 0.110236 0.165354 -0.984252 
vn 0.582677 0.283465 -0.755906 
vn 0.503937 0.322835 -0.795276 
vn 0 0 -1 
vn 0 0 -1 
vn 0 0 -1 
vn 0 0 -1 
vn 0 0 -1 
vn 0 0 -1 
vn 0 0 -1 
vn 0 0 -1 
vn 0.0944882 0.244094 0.96063 
vn -0.606299 0.11811 -0.787402 
vn 0.787402 0.622047 0 
vn 0.645669 0.354331 -0.677165 
vn 0.535433 0.440945 -0.716535 
vn 0.409449 0.543307 -0.732283 
vn -0.181102 0.448819 -0.874016 
vn -0.0393701 0.370079 -0.929134 
vn 0.0944882 0.244094 -0.96063 
vn -0.653543 0.267717 -0.708661 
vn -0.677165 0.362205 -0.637795 
vn 0.181102 -0.023622 -0.984252 
vn 0.181102 -0.023622 -0.984252 
vn 0.181102 -0.023622 -0.984252 
vn 0.181102 -0.023622 -0.984252 
vn 0.181102 -0.023622 -0.984252 
vn 0.181102 -0.023622 -0.984252 
vn 0.181102 -0.023622 -0.984252 
vn 0.181102 -0.023622 -0.984252 
vn -0.0866142 0.992126 -0.0708661 
vn -0.149606 0.984252 -0.0551181 
vn 0 0.125984 -0.992126 
vn 0 -0.125984 -0.992126 
vn -0.0314961 0.0866142 -0.992126 
vn -0.0314961 -0.0866142 -0.992126 
vn -0.0551181 0.519685 -0.850394 
vn -0.0551181 -0.519685 -0.850394 
vn 0 -0.614173 -0.787402 
vn 0.0551181 -0.519685 -0.850394 
vn 0.0314961 -0.0866142 -0.992126 
vn 0.0314961 0.0866142 -0.992126 
vn -0.0708661 -0.952756 -0.283465 
vn 0.0551181 0.519685 -0.850394 
vn 0 0.614173 -0.787402 
vn 0.0708661 0.952756 -0.283465 
vn 0.519685 0.0629921 -0.850394 
vn 0.259843 0.0314961 -0.96063 
vn 0.338583 0.0393701 -0.937008 
vn 0.0472441 0.00787402 -1 
vn 0.496063 0.0551181 -0.866142 
vn -0.0472441 -0.00787402 -1 
vn 0.637795 0.0708661 -0.771654 
vn -0.338583 -0.0393701 -0.944882 
vn 0.661417 0.0787402 -0.748031 
vn -0.259843 -0.0314961 -0.96063 
vn 0.905512 0.110236 -0.409449 
vn -0.488189 -0.0472441 -0.866142 
vn 0.92126 0.110236 -0.370079 
vn -0.503937 -0.0393701 -0.858268 
vn -0.622047 -0.0393701 -0.779528 
vn -0.661417 -0.0393701 -0.755906 
vn -0.913386 -0.0472441 -0.409449 
vn -0.929134 -0.0472441 -0.370079 
vn 0 0 -1 
vn 0.0393701 -0.00787402 -1 
vn 0.125984 -0.015748 -0.992126 
vn 0.299213 -0.023622 -0.952756 
vn 0 0 -1 
vn 0.566929 -0.015748 -0.826772 
vn 0 0 -1 
vn 0.897638 -0.015748 -0.440945 
vn 0 0 -1 
vn 0 0 -1 
vn 0 0 -1 
vn -0.0472441 0.00787402 -1 
vn -0.149606 0.015748 -0.984252 
vn -0.330709 0.023622 -0.944882 
vn -0.566929 0.023622 -0.826772 
vn -0.937008 0.023622 -0.338583 
vn -0.937008 0.023622 0.338583 
vn -0.330709 0.023622 0.944882 
vn -0.0708661 -1 0 
vn -0.370079 0.929134 0 
vn 0.370079 -0.929134 0 
vn 0.0708661 1 0 
vn 0.0629921 0.00787402 -1 
vn 0.110236 0.00787402 -0.992126 
vn 0.354331 0.023622 -0.937008 
vn 0.464567 0.023622 -0.88189 
vn 0 0 -1 
vn 0 0 -1 
vn 0 0 -1 
vn 0 0 -1 
vn 0 0 -1 
vn 0 0 -1 
vn -0.0629921 -0.00787402 -1 
vn -0.11811 -0.015748 -0.992126 
vn -0.472441 -0.0551181 -0.874016 
vn -0.362205 -0.0393701 -0.929134 
vn -0.92126 -0.110236 -0.377953 
vn -0.897638 -0.110236 0.425197 
vn -0.92126 -0.110236 0.377953 
vn 0 0.11811 -0.992126 
vn -0.015748 -0.0944882 -0.992126 
vn -0.015748 0.0944882 -0.992126 
vn -0.0314961 0.535433 -0.84252 
vn 0 0.598425 -0.80315 
vn 0.0314961 0.535433 -0.84252 
vn 0.015748 0.0944882 -0.992126 
vn 0.015748 -0.0944882 -0.992126 
vn -0.0314961 -0.535433 -0.84252 
vn 0.0314961 -0.535433 -0.84252 
vn 0 -0.598425 -0.80315 
vn 0 -0.11811 -0.992126 

vt 47.9924 -3.09284 
vt 47.9942 -3.08824 
vt 47.9959 -3.089 
vt 47.9947 -3.09374 
vt 48.0185 -3.10764 
vt 47.9459 -2.89236 
vt 47.9459 -3.10764 
vt 47.9586 -3.13213 
vt 47.9496 -3.12496 
vt 48.0059 -3.13213 
vt 48.0148 -3.12496 
vt 48.0185 -2.89236 
vt 47.9586 -2.86787 
vt 47.9496 -2.87504 
vt 48.0059 -2.86787 
vt 48.0148 -2.87504 
vt 48.0281 -2.94817 
vt 48.0221 -2.96604 
vt 48.0251 -2.96478 
vt 48.0324 -2.96426 
vt 48.0324 -2.94786 
vt 48.0305 -2.92481 
vt 48.0298 -2.92513 
vt 48.0324 -2.92468 
vt 48.0342 -2.92481 
vt 48.035 -2.92513 
vt 48.0367 -2.94817 
vt 48.0396 -2.96478 
vt 47.9934 -3.08662 
vt 47.9954 -3.0844 
vt 47.9938 -3.085 
vt 47.9942 -3.08824 
vt 47.9972 -3.0852 
vt 47.9959 -3.089 
vt 47.998 -3.08684 
vt 47.9975 -3.08842 
vt 48.0297 -2.94122 
vt 48.0305 -2.94089 
vt 48.0274 -2.95838 
vt 48.0233 -2.96849 
vt 48.0324 -2.96783 
vt 48.0324 -2.95802 
vt 48.0324 -2.94076 
vt 48.0343 -2.94089 
vt 48.0373 -2.95838 
vt 48.0415 -2.96849 
vt 48.035 -2.94122 
vt 48.0345 -3.11267 
vt 48.016 -3.11293 
vt 48.0345 -3.1108 
vt 48.0159 -3.11042 
vt 48.0162 -3.10819 
vt 48.0347 -3.10915 
vt 48.0464 -2.97365 
vt 48.0265 -2.98607 
vt 47.945 -2.99838 
vt 47.945 -2.95713 
vt 48.0185 -3.10764 
vt 48.0059 -3.13213 
vt 47.9496 -3.12496 
vt 47.9492 -3.12605 
vt 47.9496 -2.87504 
vt 48.0059 -2.86787 
vt 48.017 -3.01075 
vt 48.017 -2.96706 
vt 48.0076 -3.00978 
vt 48.0076 -2.96608 
vt 47.9569 -2.96608 
vt 47.9569 -3.00978 
vt 47.9474 -2.96706 
vt 47.9474 -3.01075 
vt 48.0157 -3.00393 
vt 48.0157 -3.04837 
vt 48.0065 -3.00622 
vt 48.0065 -3.05066 
vt 47.9579 -3.00622 
vt 47.9579 -3.05066 
vt 47.9488 -3.04837 
vt 47.9488 -3.00393 
vt 48.0187 -3.0442 
vt 48.0492 -3.0442 
vt 48.0492 -2.96185 
vt 48.0492 -3.0349 
vt 48.0187 -2.96185 
vt 48.0187 -3.0349 
vt 48.0187 -2.96886 
vt 48.0492 -2.96886 
vt 47.9509 -2.9883 
vt 47.9509 -3.03272 
vt 47.9595 -2.98922 
vt 47.9595 -3.03364 
vt 48.0043 -2.98922 
vt 48.0043 -3.03364 
vt 48.0129 -3.03272 
vt 48.0129 -2.9883 
vt 48.0148 -2.87504 
vt 47.9496 -2.87504 
vt 47.9457 -3.10821 
vt 47.9496 -3.12496 
vt 48.0148 -3.12496 
vt 48.0188 -3.10821 
vt 48.0185 -3.10764 
vt 47.9459 -2.89236 
vt 47.9459 -3.10764 
vt 47.9586 -3.13213 
vt 47.9496 -3.12496 
vt 48.0059 -3.13213 
vt 48.0148 -3.12496 
vt 48.0185 -2.89236 
vt 47.9586 -2.86787 
vt 47.9496 -2.87504 
vt 48.0059 -2.86787 
vt 48.0148 -2.87504 
vt 47.9074 -2.99082 
vt 47.904 -2.99188 
vt 47.9074 -2.99152 
vt 47.8976 -2.99335 
vt 47.8985 -2.99382 
vt 47.8992 -2.99543 
vt 47.9043 -2.99656 
vt 47.8992 -2.99716 
vt 47.9076 -2.99615 
vt 47.9046 -2.99414 
vt 47.9075 -2.99376 
vt 47.9995 -3.03054 
vt 47.9977 -3.02979 
vt 47.9959 -3.03054 
vt 47.9951 -3.03237 
vt 48.0002 -3.03237 
vt 47.9995 -3.0342 
vt 47.9959 -3.0342 
vt 47.9977 -3.03496 
vt 48.0271 -3.03427 
vt 48.0234 -3.03427 
vt 48.0253 -3.03505 
vt 48.0226 -3.03237 
vt 48.0279 -3.03237 
vt 48.0271 -3.03048 
vt 48.0234 -3.03048 
vt 48.0253 -3.02969 
vt 47.9972 -3.03446 
vt 47.9979 -3.01593 
vt 47.9992 -3.0162 
vt 48.0046 -3.01702 
vt 47.9981 -3.03467 
vt 48.0021 -3.03534 
vt 48.0017 -3.01663 
vt 48.0016 -3.03529 
vt 48 -3.03502 
vt 48.0039 -3.01697 
vt 47.9134 -3.01291 
vt 47.9284 -3.03059 
vt 47.9323 -3.0265 
vt 47.9655 -3.0503 
vt 47.9084 -3.01699 
vt 47.9675 -3.04638 
vt 47.9056 -3.00429 
vt 48.0026 -3.05647 
vt 47.9002 -3.00757 
vt 48.0026 -3.05264 
vt 47.9002 -2.95686 
vt 48.0378 -3.04638 
vt 47.9056 -2.95955 
vt 48.0397 -3.0503 
vt 47.9084 -2.94744 
vt 48.0729 -3.0265 
vt 47.9134 -2.95093 
vt 48.0768 -3.03059 
vt 47.9284 -2.94353 
vt 48.0918 -3.01291 
vt 47.9323 -2.94736 
vt 48.0967 -3.01699 
vt 47.9655 -2.94353 
vt 48.0996 -3.00429 
vt 47.9675 -2.94736 
vt 48.105 -3.00757 
vt 48.0026 -2.94353 
vt 48.105 -2.95686 
vt 48.0026 -2.94736 
vt 48.0996 -2.95955 
vt 48.0378 -2.94736 
vt 48.0967 -2.94744 
vt 48.0397 -2.94353 
vt 48.0918 -2.95093 
vt 48.0729 -2.94736 
vt 48.0768 -2.94353 
vt 47.91 -2.94877 
vt 47.9017 -3.00652 
vt 47.91 -3.01566 
vt 47.9017 -2.95791 
vt 47.9261 -3.01945 
vt 47.9261 -2.94498 
vt 47.9618 -3.01945 
vt 47.9618 -2.94498 
vt 47.9987 -3.01945 
vt 47.9987 -2.94498 
vt 48.0357 -3.01945 
vt 48.0357 -2.94498 
vt 48.0726 -3.01945 
vt 48.0726 -2.94498 
vt 48.0939 -2.94877 
vt 48.0939 -3.01566 
vt 48.1021 -3.00652 
vt 48.1021 -2.95791 
vt 48.068 -3.01481 
vt 48.0364 -3.01481 
vt 48.0522 -3.01518 
vt 48.0364 -2.94962 
vt 48.068 -2.94962 
vt 48.0522 -2.94925 
vt 48.0522 -2.95829 
vt 48.0364 -2.95858 
vt 48.068 -2.95858 
vt 48.0364 -3.00585 
vt 48.068 -3.00585 
vt 48.0522 -3.00614 
vt 48.0332 -3.01871 
vt 48.0332 -3.04921 
vt 47.9804 -3.04921 
vt 47.9804 -3.01871 
vt 47.9724 -3.01871 
vt 47.9724 -3.04921 
vt 48.0918 -2.95093 
vt 48.0975 -3.00429 
vt 48.0026 -3.05264 
vt 47.9004 -3.00429 
vt 47.9709 -3.01481 
vt 47.9551 -3.01504 
vt 47.9551 -3.00603 
vt 47.9709 -3.00585 
vt 47.9392 -3.01481 
vt 47.9392 -3.00585 
vt 47.9551 -2.9584 
vt 47.9709 -2.95858 
vt 47.9392 -2.95858 
vt 47.9709 -2.94962 
vt 47.9392 -2.94962 
vt 47.9551 -2.94939 
vt 48.0969 -3.09066 
vt 48.0926 -3.09335 
vt 48.0977 -3.09284 
vt 48.0926 -3.09099 
vt 48.096 -3.08836 
vt 48.0926 -3.08852 
vt 48.103 -3.08824 
vt 48.1024 -3.08662 
vt 48.1029 -3.089 
vt 48.1015 -3.085 
vt 48.1008 -3.0852 
vt 48.0925 -3.08741 
vt 48.0106 -2.94817 
vt 48.0094 -2.96604 
vt 48.0165 -2.96478 
vt 48.0063 -2.94891 
vt 48.0041 -2.92481 
vt 48.0023 -2.92513 
vt 48.0005 -2.92544 
vt 48.0021 -2.94966 
vt 48.0022 -2.96729 
vt 47.971 -2.97165 
vt 47.98 -2.97007 
vt 47.9732 -2.96009 
vt 47.9781 -2.95923 
vt 47.9729 -2.94155 
vt 47.9747 -2.94122 
vt 47.9766 -2.94089 
vt 47.9829 -2.95838 
vt 47.989 -2.96849 
vt 47.9927 -2.96783 
vt 48.0325 -2.97365 
vt 47.9271 -2.98607 
vt 47.9636 -3.10764 
vt 47.9636 -3.12496 
vt 47.932 -3.12496 
vt 47.9478 -3.12605 
vt 47.9478 -3.10858 
vt 47.9636 -3.10764 
vt 47.932 -3.10764 
vt 47.9636 -2.89236 
vt 47.9478 -2.89142 
vt 47.932 -2.89236 
vt 47.9636 -2.87504 
vt 47.932 -2.87504 
vt 47.9478 -2.87395 
vt 48.0998 -2.96608 
vt 48.105 -3.00978 
vt 48.0916 -2.96706 
vt 48.0967 -3.01075 
vt 48.0716 -2.96941 
vt 48.0768 -3.0131 
vt 48.0397 -3.01747 
vt 47.9054 -3.03294 
vt 48.0345 -2.97378 
vt 47.9033 -2.98925 
vt 47.9974 -2.97815 
vt 47.9273 -3.03059 
vt 48.0026 -3.02185 
vt 47.9232 -2.9869 
vt 47.9655 -3.02622 
vt 47.9603 -2.98253 
vt 48.0894 -3.04837 
vt 48.0983 -3.00622 
vt 48.0976 -3.05066 
vt 48.0894 -3.04837 
vt 48.09 -3.00393 
vt 48.063 -3.04088 
vt 48.0739 -2.99838 
vt 48.0273 -3.03057 
vt 48.0382 -2.98807 
vt 47.9903 -3.02025 
vt 47.8979 -2.94929 
vt 48.0013 -2.97775 
vt 47.9061 -2.95158 
vt 47.9534 -3.00994 
vt 47.9048 -2.99547 
vt 47.9643 -2.96744 
vt 47.9274 -2.95713 
vt 47.9193 -2.99962 
vt 47.9813 -3.05352 
vt 47.9668 -2.97117 
vt 48.0341 -3.0442 
vt 48.0196 -2.96185 
vt 47.9004 -2.98922 
vt 47.9025 -3.03364 
vt 47.9108 -3.03272 
vt 47.9082 -2.9883 
vt 47.9318 -3.03049 
vt 47.9271 -2.98607 
vt 47.9675 -3.02635 
vt 47.9622 -2.98193 
vt 47.9974 -2.97779 
vt 48.0026 -3.02221 
vt 48.0996 -3.01078 
vt 48.0378 -3.01807 
vt 48.0944 -2.96636 
vt 48.0325 -2.97365 
vt 48.0866 -2.96728 
vt 48.0729 -3.01392 
vt 48.0918 -3.0117 
vt 48.0677 -2.96951 
vt 48.0291 -2.87504 
vt 48.0608 -2.87504 
vt 48.0449 -2.87438 
vt 48.0449 -2.89179 
vt 48.0291 -2.89236 
vt 48.0608 -2.89236 
vt 48.0291 -3.10764 
vt 48.0608 -3.10764 
vt 48.0449 -3.10821 
vt 48.0291 -3.12496 
vt 48.0608 -3.12496 
vt 48.0449 -3.12562 
vt 48.0449 -3.10821 
vt 48.0196 -2.96185 
vt 47.9617 -2.98047 
vt 48.0276 -2.96886 
vt 47.9668 -2.97117 
vt 48.0392 -3.0349 
vt 47.9733 -3.04651 
vt 47.9813 -3.05352 
vt 48.0341 -3.0442 
vt 48.0541 -2.89236 
vt 47.9815 -2.89236 
vt 48.0541 -3.10764 
vt 48.0414 -2.86787 
vt 48.0504 -2.87504 
vt 47.9941 -2.86787 
vt 47.9852 -2.87504 
vt 47.9815 -3.10764 
vt 48.0414 -3.13213 
vt 48.0504 -3.12496 
vt 47.9941 -3.13213 
vt 47.9852 -3.12496 
vt 47.9779 -2.96604 
vt 47.9702 -2.92513 
vt 47.9695 -2.92544 
vt 47.9719 -2.94966 
vt 47.9749 -2.96729 
vt 47.9676 -2.92558 
vt 47.9676 -2.96781 
vt 47.9676 -2.94996 
vt 47.9633 -2.94966 
vt 47.9604 -2.96729 
vt 47.9658 -2.92544 
vt 47.965 -2.92513 
vt 47.9767 -2.97165 
vt 47.9726 -2.96009 
vt 47.9676 -2.97231 
vt 47.9676 -2.96044 
vt 47.9695 -2.94155 
vt 47.9703 -2.94122 
vt 47.9676 -2.94169 
vt 47.9657 -2.94155 
vt 47.965 -2.94122 
vt 47.9627 -2.96009 
vt 47.9585 -2.97165 
vt 47.9832 -3.11366 
vt 47.9649 -3.11321 
vt 47.983 -3.11142 
vt 47.9647 -3.11154 
vt 47.9647 -3.10966 
vt 47.983 -3.10887 
vt 47.9536 -2.97365 
vt 47.9735 -2.98607 
vt 48.055 -2.99838 
vt 48.055 -2.95713 
vt 47.9815 -3.10764 
vt 47.9941 -3.13213 
vt 48.0504 -3.12496 
vt 48.0508 -3.12605 
vt 48.0504 -2.87504 
vt 47.9941 -2.86787 
vt 47.983 -2.98925 
vt 47.983 -3.03294 
vt 47.9924 -2.99022 
vt 47.9924 -3.03392 
vt 48.0431 -3.03392 
vt 48.0431 -2.99022 
vt 48.0526 -3.03294 
vt 48.0526 -2.98925 
vt 47.9843 -2.99547 
vt 47.9843 -2.95158 
vt 47.9935 -2.99318 
vt 47.9935 -2.94929 
vt 48.0421 -2.99318 
vt 48.0421 -2.94929 
vt 48.0512 -2.95158 
vt 48.0512 -2.99547 
vt 47.9508 -2.98047 
vt 47.9508 -3.04651 
vt 47.9813 -3.04651 
vt 47.9508 -3.05352 
vt 47.9813 -2.98047 
vt 47.9813 -3.05352 
vt 47.9813 -2.97117 
vt 47.9508 -2.97117 
vt 48.0491 -2.96728 
vt 48.0491 -3.0117 
vt 48.0405 -3.01078 
vt 48.0405 -2.96636 
vt 47.9957 -3.01078 
vt 47.9957 -2.96636 
vt 47.9871 -2.96728 
vt 47.9871 -3.0117 
vt 47.9852 -2.87504 
vt 48.0504 -2.87504 
vt 48.0543 -3.10821 
vt 48.0504 -3.12496 
vt 47.9852 -3.12496 
vt 47.9812 -3.10821 
vt 48.0541 -2.89236 
vt 47.9815 -2.89236 
vt 48.0541 -3.10764 
vt 48.0414 -2.86787 
vt 48.0504 -2.87504 
vt 47.9941 -2.86787 
vt 47.9852 -2.87504 
vt 47.9815 -3.10764 
vt 48.0414 -3.13213 
vt 48.0504 -3.12496 
vt 47.9941 -3.13213 
vt 47.9852 -3.12496 
vt 48.0926 -2.99197 
vt 48.0977 -2.99237 
vt 48.0926 -2.99082 
vt 48.0926 -2.99433 
vt 48.1029 -2.9959 
vt 48.098 -2.99473 
vt 48.1022 -2.9975 
vt 48.0975 -2.99695 
vt 48.0925 -2.99657 
vt 47.9993 -3.01632 
vt 48.0024 -3.0345 
vt 48.0015 -3.01599 
vt 48.0007 -3.03478 
vt 48.0028 -3.03446 
vt 47.9968 -3.01675 
vt 48.0021 -3.01593 
vt 47.9989 -3.03512 
vt 47.9954 -3.01702 
vt 47.9979 -3.03534 
vt 48.0325 -3.04638 
vt 47.9271 -3.0265 
vt 48.0739 -2.94498 
vt 47.9274 -2.94498 
vt 48.0976 -3.00652 
vt 48.063 -2.94498 
vt 48.063 -3.01945 
vt 48.0894 -3.01566 
vt 48.0976 -2.95791 
vt 48.0894 -2.94877 
vt 48.0273 -2.94498 
vt 48.0273 -3.01945 
vt 47.9903 -3.01945 
vt 47.9903 -2.94498 
vt 47.9534 -3.01945 
vt 47.9534 -2.94498 
vt 47.9193 -3.01945 
vt 47.9193 -2.94498 
vt 47.8966 -3.00652 
vt 47.9048 -3.01566 
vt 47.8966 -2.95791 
vt 47.9048 -2.94877 
vt 47.9025 -3.00429 
vt 47.8971 -2.95686 
vt 47.8971 -3.00757 
vt 47.9054 -3.01699 
vt 47.9025 -2.95955 
vt 47.9108 -3.01291 
vt 47.9054 -2.94744 
vt 47.9273 -3.03059 
vt 47.9108 -2.95093 
vt 47.9318 -3.0265 
vt 47.9273 -2.94353 
vt 47.9655 -3.0503 
vt 47.9318 -2.94736 
vt 47.9675 -3.04638 
vt 47.9655 -2.94353 
vt 48.0026 -3.05647 
vt 47.9675 -2.94736 
vt 48.0026 -3.05264 
vt 48.0026 -2.94353 
vt 48.0378 -3.04638 
vt 48.0026 -2.94736 
vt 48.0397 -3.0503 
vt 48.0378 -2.94736 
vt 48.0729 -3.0265 
vt 48.0397 -2.94353 
vt 48.0768 -3.03059 
vt 48.0729 -2.94736 
vt 48.0918 -3.01291 
vt 48.0768 -2.94353 
vt 48.0967 -3.01699 
vt 48.0918 -2.95093 
vt 48.0996 -3.00429 
vt 48.0967 -2.94744 
vt 48.105 -3.00757 
vt 48.0996 -2.95955 
vt 48.105 -2.95686 
vt 47.932 -3.01481 
vt 47.9478 -3.01518 
vt 47.9636 -3.01481 
vt 47.9478 -3.00614 
vt 47.9636 -3.00585 
vt 47.932 -3.00585 
vt 47.9478 -2.95829 
vt 47.9636 -2.95858 
vt 47.932 -2.95858 
vt 47.9636 -2.94962 
vt 47.932 -2.94962 
vt 47.9478 -2.94925 
vt 47.9974 -3.05647 
vt 48.105 -3.00757 
vt 47.8971 -3.00757 
vt 47.9733 -3.04921 
vt 47.9733 -3.01871 
vt 47.9813 -3.04921 
vt 47.9813 -3.01871 
vt 48.0341 -3.01871 
vt 48.0341 -3.04921 
vt 47.9082 -2.95093 
vt 47.9025 -3.00429 
vt 47.9974 -3.05264 
vt 48.0291 -2.94962 
vt 48.0608 -2.94962 
vt 48.0449 -2.94939 
vt 48.0449 -2.9584 
vt 48.0291 -2.95858 
vt 48.0608 -2.95858 
vt 48.0291 -3.00585 
vt 48.0608 -3.00585 
vt 48.0449 -3.00603 
vt 48.0291 -3.01481 
vt 48.0608 -3.01481 
vt 48.0449 -3.01504 
vt 47.8971 -3.089 
vt 47.8978 -3.08842 
vt 47.9025 -3.09277 
vt 47.9075 -3.09325 
vt 47.9035 -3.09051 
vt 47.8987 -3.08684 
vt 47.9076 -3.09077 
vt 47.9043 -3.08827 
vt 47.8992 -3.0852 
vt 47.9076 -3.08837 
vt 47.9075 -3.08741 
vt 47.9977 -2.92513 
vt 47.9959 -2.92481 
vt 48.0007 -2.96781 
vt 47.9979 -2.94966 
vt 47.9978 -2.96729 
vt 47.9995 -2.92544 
vt 47.9906 -2.96604 
vt 47.9937 -2.94891 
vt 47.9977 -2.92513 
vt 47.9894 -2.94817 
vt 47.9835 -2.96478 
vt 48.0383 -2.98047 
vt 47.9804 -2.96185 
vt 47.9724 -2.96886 
vt 48.0332 -2.97117 
vt 47.9608 -3.0349 
vt 48.0267 -3.04651 
vt 48.0187 -3.05352 
vt 47.9659 -3.0442 
vt 48.0253 -2.94122 
vt 48.0271 -2.94155 
vt 48.0073 -2.96783 
vt 48.0234 -2.94089 
vt 48.0171 -2.95838 
vt 48.011 -2.96849 
vt 48.02 -2.97007 
vt 48.0219 -2.95923 
vt 48.0253 -2.94122 
vt 48.0268 -2.96009 
vt 48.029 -2.97165 
vt 47.9976 -3.11267 
vt 48.0011 -3.11321 
vt 48.0021 -3.11154 
vt 47.9993 -3.11367 
vt 47.9972 -3.1108 
vt 48.0016 -3.10966 
vt 47.9981 -3.10915 
vt 48 -3.10867 
vt 47.9675 -2.97365 
vt 48.0729 -2.98607 
vt 48.0522 -2.89142 
vt 48.0522 -3.10858 
vt 48.068 -2.89236 
vt 48.068 -3.10764 
vt 48.068 -2.87504 
vt 48.068 -3.12496 
vt 48.0522 -3.12605 
vt 48.0364 -3.12496 
vt 48.0364 -3.10764 
vt 48.0364 -2.89236 
vt 48.068 -3.13213 
vt 48.0364 -2.87504 
vt 48.0522 -2.87395 
vt 48.0364 -2.86787 
vt 47.9284 -2.96941 
vt 47.9603 -3.01747 
vt 47.9655 -2.97378 
vt 48.0026 -2.97815 
vt 47.9232 -3.0131 
vt 47.9974 -3.02185 
vt 47.9033 -3.01075 
vt 48.0345 -3.02622 
vt 47.9084 -2.96706 
vt 48.0397 -2.98253 
vt 47.895 -3.00978 
vt 48.0768 -2.9869 
vt 47.9002 -2.96608 
vt 48.0727 -3.03059 
vt 48.0967 -2.98925 
vt 48.0946 -3.03294 
vt 48.105 -2.99022 
vt 48.1029 -3.03392 
vt 47.9727 -3.03057 
vt 47.9261 -2.99838 
vt 47.937 -3.04088 
vt 47.91 -3.00393 
vt 47.9618 -2.98807 
vt 47.9106 -3.04837 
vt 48.0097 -3.02025 
vt 47.9017 -3.00622 
vt 47.9987 -2.97775 
vt 48.0466 -3.00994 
vt 48.0357 -2.96744 
vt 48.0807 -2.99962 
vt 48.0726 -2.95713 
vt 48.0952 -2.99547 
vt 48.0939 -2.95158 
vt 48.1021 -2.94929 
vt 48.1021 -2.94929 
vt 48.0952 -2.99547 
vt 48.0187 -3.05352 
vt 48.0332 -2.97117 
vt 47.9659 -3.0442 
vt 47.9804 -2.96185 
vt 48.0729 -2.98607 
vt 48.0682 -3.03049 
vt 48.0918 -2.9883 
vt 48.0892 -3.03272 
vt 48.0325 -3.02635 
vt 48.0378 -2.98193 
vt 48.0026 -2.97779 
vt 47.9974 -3.02221 
vt 47.9622 -3.01807 
vt 47.9675 -2.97365 
vt 47.9271 -3.01392 
vt 47.9323 -2.96951 
vt 47.9134 -2.96728 
vt 47.9082 -3.0117 
vt 47.9056 -2.96636 
vt 47.9004 -3.01078 
vt 47.9056 -2.96636 
vt 47.9551 -2.89179 
vt 47.9709 -3.10764 
vt 47.9709 -2.89236 
vt 47.9709 -2.87504 
vt 47.9551 -2.87438 
vt 47.9392 -2.87504 
vt 47.9392 -2.89236 
vt 47.9392 -3.10764 
vt 47.9709 -3.12496 
vt 47.9392 -3.12496 
vt 47.9551 -3.12562 
vt 47.9551 -3.10821 

usemtl Meshpart1Mtl

f 79/79/79 81/81/81 80/80/80 
f 81/81/81 79/79/79 82/82/82 
f 83/83/83 84/84/84 85/85/85 
f 86/86/86 83/83/83 85/85/85 
f 86/86/86 85/85/85 87/87/87 
f 83/83/83 86/86/86 88/88/88 
f 83/83/83 88/88/88 89/89/89 
f 90/90/90 84/84/84 83/83/83 
f 90/90/90 91/91/91 84/84/84 
f 84/84/84 91/91/91 92/92/92 
f 90/90/90 93/93/93 91/91/91 
f 93/93/93 90/90/90 94/94/94 
f 98/98/98 95/95/95 97/97/97 
f 95/95/95 98/98/98 99/99/99 
f 99/99/99 100/100/100 95/95/95 
f 99/99/99 102/102/102 100/100/100 
f 99/99/99 103/103/103 102/102/102 
f 103/103/103 99/99/99 105/105/105 
f 105/105/105 98/98/98 106/106/106 
f 98/98/98 105/105/105 99/99/99 
f 107/107/107 108/108/108 109/109/109 
f 110/110/110 108/108/108 107/107/107 
f 108/108/108 110/110/110 111/111/111 
f 111/111/111 110/110/110 112/112/112 
f 112/112/112 113/113/113 111/111/111 
f 113/113/113 112/112/112 114/114/114 
f 119/119/119 117/117/117 118/118/118 
f 120/120/120 116/116/116 117/117/117 
f 119/119/119 120/120/120 117/117/117 
f 116/116/116 120/120/120 121/121/121 
f 120/120/120 122/122/122 121/121/121 
f 119/119/119 123/123/123 120/120/120 
f 122/122/122 120/120/120 123/123/123 
f 123/123/123 119/119/119 124/124/124 
f 128/128/128 127/127/127 126/126/126 
f 127/127/127 128/128/128 129/129/129 
f 128/128/128 130/130/130 129/129/129 
f 130/130/130 128/128/128 131/131/131 
f 143/143/143 144/144/144 142/142/142 
f 144/144/144 143/143/143 145/145/145 
f 146/146/146 144/144/144 145/145/145 
f 144/144/144 146/146/146 147/147/147 
f 147/147/147 146/146/146 148/148/148 
f 147/147/147 148/148/148 149/149/149 
f 151/151/151 150/150/150 152/152/152 
f 151/151/151 152/152/152 153/153/153 
f 152/152/152 154/154/154 153/153/153 
f 153/153/153 154/154/154 155/155/155 
f 154/154/154 156/156/156 155/155/155 
f 156/156/156 154/154/154 157/157/157 
f 161/161/161 158/158/158 159/159/159 
f 158/158/158 161/161/161 163/163/163 
f 161/161/161 164/164/164 163/163/163 
f 161/161/161 165/165/165 164/164/164 
f 166/166/166 167/167/167 168/168/168 
f 169/169/169 168/168/168 167/167/167 
f 170/170/170 168/168/168 169/169/169 
f 171/171/171 170/170/170 169/169/169 
f 172/172/172 170/170/170 171/171/171 
f 170/170/170 172/172/172 173/173/173 
f 180/180/180 181/181/181 182/182/182 
f 183/183/183 180/180/180 182/182/182 
f 183/183/183 182/182/182 184/184/184 
f 180/180/180 183/183/183 185/185/185 
f 180/180/180 185/185/185 186/186/186 
f 187/187/187 181/181/181 180/180/180 
f 187/187/187 188/188/188 181/181/181 
f 181/181/181 188/188/188 189/189/189 
f 187/187/187 190/190/190 188/188/188 
f 190/190/190 187/187/187 191/191/191 
f 193/193/193 196/196/196 197/197/197 
f 198/198/198 197/197/197 199/199/199 
f 197/197/197 198/198/198 201/201/201 
f 200/200/200 201/201/201 198/198/198 
f 197/197/197 201/201/201 193/193/193 
f 201/201/201 200/200/200 202/202/202 
f 194/194/194 193/193/193 201/201/201 
f 201/201/201 202/202/202 194/194/194 
f 203/203/203 204/204/204 205/205/205 
f 206/206/206 203/203/203 205/205/205 
f 203/203/203 206/206/206 207/207/207 
f 206/206/206 208/208/208 207/207/207 
f 208/208/208 206/206/206 209/209/209 
f 208/208/208 209/209/209 210/210/210 
f 211/211/211 212/212/212 213/213/213 
f 212/212/212 211/211/211 214/214/214 
f 215/215/215 214/214/214 211/211/211 
f 214/214/214 215/215/215 216/216/216 
f 214/214/214 216/216/216 217/217/217 
f 217/217/217 216/216/216 218/218/218 
f 223/223/223 225/225/225 221/221/221 
f 225/225/225 223/223/223 227/227/227 
f 227/227/227 228/228/228 225/225/225 
f 228/228/228 227/227/227 226/226/226 
f 229/229/229 230/230/230 231/231/231 
f 232/232/232 231/231/231 230/230/230 
f 230/230/230 229/229/229 233/233/233 
f 231/231/231 232/232/232 234/234/234 
f 235/235/235 233/233/233 229/229/229 
f 236/236/236 234/234/234 232/232/232 
f 233/233/233 235/235/235 237/237/237 
f 234/234/234 236/236/236 238/238/238 
f 235/235/235 239/239/239 237/237/237 
f 236/236/236 240/240/240 238/238/238 
f 239/239/239 235/235/235 241/241/241 
f 240/240/240 236/236/236 242/242/242 
f 243/243/243 239/239/239 241/241/241 
f 242/242/242 244/244/244 240/240/240 
f 243/243/243 241/241/241 245/245/245 
f 244/244/244 242/242/242 246/246/246 
f 247/247/247 243/243/243 245/245/245 
f 246/246/246 248/248/248 244/244/244 
f 245/245/245 249/249/249 247/247/247 
f 248/248/248 246/246/246 250/250/250 
f 251/251/251 247/247/247 249/249/249 
f 250/250/250 252/252/252 248/248/248 
f 249/249/249 253/253/253 251/251/251 
f 252/252/252 250/250/250 254/254/254 
f 255/255/255 251/251/251 253/253/253 
f 256/256/256 252/252/252 254/254/254 
f 253/253/253 257/257/257 255/255/255 
f 252/252/252 256/256/256 258/258/258 
f 259/259/259 255/255/255 257/257/257 
f 260/260/260 258/258/258 256/256/256 
f 255/255/255 259/259/259 261/261/261 
f 258/258/258 260/260/260 262/262/262 
f 263/263/263 261/261/261 259/259/259 
f 264/264/264 262/262/262 260/260/260 
f 261/261/261 263/263/263 264/264/264 
f 262/262/262 264/264/264 263/263/263 
f 265/265/265 266/266/266 267/267/267 
f 266/266/266 265/265/265 268/268/268 
f 265/265/265 267/267/267 269/269/269 
f 269/269/269 270/270/270 265/265/265 
f 270/270/270 269/269/269 271/271/271 
f 271/271/271 272/272/272 270/270/270 
f 272/272/272 271/271/271 273/273/273 
f 273/273/273 274/274/274 272/272/272 
f 274/274/274 273/273/273 275/275/275 
f 275/275/275 276/276/276 274/274/274 
f 276/276/276 275/275/275 277/277/277 
f 277/277/277 278/278/278 276/276/276 
f 277/277/277 279/279/279 278/278/278 
f 280/280/280 279/279/279 277/277/277 
f 281/281/281 279/279/279 280/280/280 
f 279/279/279 281/281/281 282/282/282 
f 286/286/286 289/289/289 288/288/288 
f 289/289/289 287/287/287 288/288/288 
f 289/289/289 286/286/286 290/290/290 
f 289/289/289 291/291/291 287/287/287 
f 292/292/292 289/289/289 290/290/290 
f 289/289/289 293/293/293 291/291/291 
f 294/294/294 289/289/289 292/292/292 
f 293/293/293 289/289/289 294/294/294 
f 284/284/284 294/294/294 292/292/292 
f 294/294/294 283/283/283 293/293/293 
f 284/284/284 285/285/285 294/294/294 
f 283/283/283 294/294/294 285/285/285 
f 297/297/297 296/296/296 295/295/295 
f 297/297/297 295/295/295 298/298/298 
f 297/297/297 298/298/298 299/299/299 
f 299/299/299 300/300/300 297/297/297 
f 305/305/305 307/307/307 306/306/306 
f 307/307/307 305/305/305 308/308/308 
f 309/309/309 306/306/306 307/307/307 
f 309/309/309 307/307/307 310/310/310 
f 308/308/308 311/311/311 307/307/307 
f 307/307/307 311/311/311 310/310/310 
f 311/311/311 308/308/308 312/312/312 
f 310/310/310 311/311/311 313/313/313 
f 311/311/311 312/312/312 314/314/314 
f 311/311/311 315/315/315 313/313/313 
f 311/311/311 314/314/314 316/316/316 
f 315/315/315 311/311/311 316/316/316 
f 317/317/317 318/318/318 319/319/319 
f 318/318/318 317/317/317 320/320/320 
f 321/321/321 320/320/320 317/317/317 
f 320/320/320 321/321/321 322/322/322 
f 323/323/323 317/317/317 319/319/319 
f 317/317/317 323/323/323 324/324/324 
f 324/324/324 321/321/321 317/317/317 
f 321/321/321 324/324/324 326/326/326 
f 329/329/329 330/330/330 331/331/331 
f 330/330/330 329/329/329 332/332/332 
f 333/333/333 332/332/332 329/329/329 
f 332/332/332 333/333/333 334/334/334 
f 332/332/332 334/334/334 335/335/335 
f 336/336/336 330/330/330 332/332/332 
f 335/335/335 336/336/336 332/332/332 
f 330/330/330 336/336/336 337/337/337 
f 338/338/338 339/339/339 340/340/340 
f 339/339/339 341/341/341 340/340/340 
f 341/341/341 342/342/342 340/340/340 
f 342/342/342 341/341/341 343/343/343 
f 341/341/341 344/344/344 343/343/343 
f 339/339/339 345/345/345 341/341/341 
f 344/344/344 341/341/341 345/345/345 
f 345/345/345 339/339/339 346/346/346 
f 351/351/351 354/354/354 353/353/353 
f 353/353/353 354/354/354 352/352/352 
f 354/354/354 351/351/351 355/355/355 
f 352/352/352 354/354/354 356/356/356 
f 355/355/355 357/357/357 354/354/354 
f 354/354/354 358/358/358 356/356/356 
f 354/354/354 357/357/357 358/358/358 
f 356/356/356 358/358/358 359/359/359 
f 357/357/357 360/360/360 358/358/358 
f 358/358/358 361/361/361 359/359/359 
f 358/358/358 360/360/360 362/362/362 
f 361/361/361 358/358/358 362/362/362 
f 367/367/367 366/366/366 365/365/365 
f 366/366/366 367/367/367 368/368/368 
f 367/367/367 369/369/369 368/368/368 
f 369/369/369 367/367/367 371/371/371 
f 369/369/369 371/371/371 373/373/373 
f 374/374/374 372/372/372 370/370/370 
f 375/375/375 369/369/369 373/373/373 
f 372/372/372 374/374/374 376/376/376 
f 373/373/373 377/377/377 375/375/375 
f 374/374/374 377/377/377 376/376/376 
f 377/377/377 373/373/373 378/378/378 
f 377/377/377 378/378/378 376/376/376 
f 383/383/383 384/384/384 382/382/382 
f 384/384/384 383/383/383 385/385/385 
f 385/385/385 386/386/386 384/384/384 
f 386/386/386 385/385/385 387/387/387 
f 387/387/387 388/388/388 386/386/386 
f 388/388/388 387/387/387 390/390/390 
f 390/390/390 392/392/392 388/388/388 
f 392/392/392 390/390/390 394/394/394 
f 393/393/393 395/395/395 391/391/391 
f 394/394/394 396/396/396 392/392/392 
f 395/395/395 393/393/393 396/396/396 
f 396/396/396 394/394/394 395/395/395 
f 405/405/405 404/404/404 403/403/403 
f 404/404/404 405/405/405 406/406/406 
f 407/407/407 406/406/406 405/405/405 
f 406/406/406 407/407/407 408/408/408 
f 407/407/407 409/409/409 408/408/408 
f 407/407/407 410/410/410 409/409/409 
f 412/412/412 409/409/409 410/410/410 
f 409/409/409 412/412/412 414/414/414 
f 416/416/416 414/414/414 412/412/412 
f 417/417/417 415/415/415 416/416/416 
f 414/414/414 416/416/416 418/418/418 
f 415/415/415 418/418/418 416/416/416 
f 419/419/419 422/422/422 421/421/421 
f 422/422/422 420/420/420 421/421/421 
f 422/422/422 419/419/419 423/423/423 
f 424/424/424 420/420/420 422/422/422 
f 425/425/425 422/422/422 423/423/423 
f 422/422/422 426/426/426 424/424/424 
f 427/427/427 422/422/422 425/425/425 
f 426/426/426 422/422/422 427/427/427 
f 428/428/428 427/427/427 425/425/425 
f 427/427/427 429/429/429 426/426/426 
f 430/430/430 427/427/427 428/428/428 
f 429/429/429 427/427/427 430/430/430 
f 432/432/432 433/433/433 434/434/434 
f 433/433/433 432/432/432 435/435/435 
f 433/433/433 436/436/436 434/434/434 
f 437/437/437 436/436/436 433/433/433 
f 438/438/438 436/436/436 437/437/437 
f 436/436/436 438/438/438 439/439/439 
f 440/440/440 441/441/441 442/442/442 
f 443/443/443 441/441/441 440/440/440 
f 443/443/443 440/440/440 444/444/444 
f 441/441/441 443/443/443 445/445/445 
f 441/441/441 445/445/445 446/446/446 
f 447/447/447 442/442/442 441/441/441 
f 447/447/447 448/448/448 442/442/442 
f 442/442/442 448/448/448 449/449/449 
f 447/447/447 450/450/450 448/448/448 
f 450/450/450 447/447/447 451/451/451 
f 457/457/457 455/455/455 454/454/454 
f 456/456/456 455/455/455 458/458/458 
f 457/457/457 459/459/459 455/455/455 
f 459/459/459 458/458/458 455/455/455 
f 457/457/457 460/460/460 459/459/459 
f 460/460/460 458/458/458 459/459/459 
f 458/458/458 460/460/460 461/461/461 
f 460/460/460 457/457/457 462/462/462 
f 465/465/465 466/466/466 464/464/464 
f 466/466/466 465/465/465 467/467/467 
f 465/465/465 468/468/468 467/467/467 
f 470/470/470 467/467/467 468/468/468 
f 471/471/471 467/467/467 470/470/470 
f 467/467/467 471/471/471 473/473/473 
f 473/473/473 474/474/474 466/466/466 
f 473/473/473 466/466/466 467/467/467 
f 477/477/477 476/476/476 475/475/475 
f 476/476/476 477/477/477 478/478/478 
f 477/477/477 479/479/479 478/478/478 
f 479/479/479 477/477/477 480/480/480 
f 492/492/492 493/493/493 491/491/491 
f 493/493/493 492/492/492 494/494/494 
f 493/493/493 494/494/494 495/495/495 
f 493/493/493 495/495/495 496/496/496 
f 496/496/496 495/495/495 497/497/497 
f 496/496/496 497/497/497 498/498/498 
f 500/500/500 499/499/499 501/501/501 
f 500/500/500 501/501/501 502/502/502 
f 502/502/502 501/501/501 503/503/503 
f 502/502/502 503/503/503 504/504/504 
f 503/503/503 505/505/505 504/504/504 
f 505/505/505 503/503/503 506/506/506 
f 507/507/507 508/508/508 509/509/509 
f 507/507/507 509/509/509 511/511/511 
f 513/513/513 507/507/507 511/511/511 
f 507/507/507 513/513/513 514/514/514 
f 515/515/515 517/517/517 516/516/516 
f 517/517/517 515/515/515 518/518/518 
f 518/518/518 519/519/519 517/517/517 
f 519/519/519 518/518/518 520/520/520 
f 521/521/521 519/519/519 520/520/520 
f 519/519/519 521/521/521 522/522/522 
f 529/529/529 530/530/530 531/531/531 
f 532/532/532 530/530/530 529/529/529 
f 532/532/532 529/529/529 533/533/533 
f 530/530/530 532/532/532 534/534/534 
f 530/530/530 534/534/534 535/535/535 
f 536/536/536 531/531/531 530/530/530 
f 536/536/536 537/537/537 531/531/531 
f 531/531/531 537/537/537 538/538/538 
f 536/536/536 539/539/539 537/537/537 
f 539/539/539 536/536/536 540/540/540 
f 544/544/544 542/542/542 541/541/541 
f 544/544/544 546/546/546 542/542/542 
f 546/546/546 547/547/547 545/545/545 
f 544/544/544 548/548/548 546/546/546 
f 547/547/547 546/546/546 548/548/548 
f 548/548/548 544/544/544 549/549/549 
f 550/550/550 551/551/551 552/552/552 
f 551/551/551 550/550/550 553/553/553 
f 555/555/555 553/553/553 550/550/550 
f 553/553/553 555/555/555 557/557/557 
f 564/564/564 565/565/565 566/566/566 
f 564/564/564 566/566/566 567/567/567 
f 565/565/565 564/564/564 568/568/568 
f 565/565/565 568/568/568 569/569/569 
f 570/570/570 566/566/566 565/565/565 
f 570/570/570 571/571/571 566/566/566 
f 571/571/571 570/570/570 572/572/572 
f 572/572/572 570/570/570 573/573/573 
f 572/572/572 573/573/573 574/574/574 
f 575/575/575 574/574/574 573/573/573 
f 574/574/574 575/575/575 576/576/576 
f 577/577/577 576/576/576 575/575/575 
f 578/578/578 576/576/576 577/577/577 
f 576/576/576 578/578/578 579/579/579 
f 578/578/578 577/577/577 580/580/580 
f 580/580/580 577/577/577 581/581/581 
f 582/582/582 583/583/583 584/584/584 
f 585/585/585 582/582/582 584/584/584 
f 583/583/583 582/582/582 586/586/586 
f 582/582/582 585/585/585 587/587/587 
f 588/588/588 583/583/583 586/586/586 
f 589/589/589 587/587/587 585/585/585 
f 588/588/588 586/586/586 590/590/590 
f 587/587/587 589/589/589 591/591/591 
f 592/592/592 588/588/588 590/590/590 
f 593/593/593 591/591/591 589/589/589 
f 590/590/590 594/594/594 592/592/592 
f 591/591/591 593/593/593 595/595/595 
f 596/596/596 592/592/592 594/594/594 
f 597/597/597 595/595/595 593/593/593 
f 594/594/594 598/598/598 596/596/596 
f 595/595/595 597/597/597 599/599/599 
f 600/600/600 596/596/596 598/598/598 
f 597/597/597 601/601/601 599/599/599 
f 598/598/598 602/602/602 600/600/600 
f 601/601/601 597/597/597 603/603/603 
f 604/604/604 600/600/600 602/602/602 
f 603/603/603 605/605/605 601/601/601 
f 600/600/600 604/604/604 606/606/606 
f 605/605/605 603/603/603 607/607/607 
f 608/608/608 606/606/606 604/604/604 
f 607/607/607 609/609/609 605/605/605 
f 606/606/606 608/608/608 610/610/610 
f 609/609/609 607/607/607 611/611/611 
f 612/612/612 610/610/610 608/608/608 
f 611/611/611 613/613/613 609/609/609 
f 610/610/610 612/612/612 614/614/614 
f 613/613/613 611/611/611 615/615/615 
f 616/616/616 614/614/614 612/612/612 
f 617/617/617 613/613/613 615/615/615 
f 614/614/614 616/616/616 617/617/617 
f 613/613/613 617/617/617 616/616/616 
f 618/618/618 619/619/619 621/621/621 
f 620/620/620 621/621/621 619/619/619 
f 621/621/621 620/620/620 622/622/622 
f 618/618/618 621/621/621 623/623/623 
f 622/622/622 624/624/624 621/621/621 
f 621/621/621 624/624/624 623/623/623 
f 624/624/624 622/622/622 625/625/625 
f 623/623/623 624/624/624 626/626/626 
f 624/624/624 625/625/625 627/627/627 
f 624/624/624 628/628/628 626/626/626 
f 624/624/624 627/627/627 629/629/629 
f 628/628/628 624/624/624 629/629/629 
f 634/634/634 633/633/633 635/635/635 
f 635/635/635 636/636/636 634/634/634 
f 635/635/635 637/637/637 636/636/636 
f 635/635/635 638/638/638 637/637/637 
f 642/642/642 645/645/645 644/644/644 
f 645/645/645 643/643/643 644/644/644 
f 645/645/645 642/642/642 646/646/646 
f 645/645/645 647/647/647 643/643/643 
f 648/648/648 645/645/645 646/646/646 
f 645/645/645 649/649/649 647/647/647 
f 650/650/650 645/645/645 648/648/648 
f 649/649/649 645/645/645 650/650/650 
f 651/651/651 650/650/650 648/648/648 
f 650/650/650 652/652/652 649/649/649 
f 651/651/651 653/653/653 650/650/650 
f 652/652/652 650/650/650 653/653/653 
f 655/655/655 656/656/656 658/658/658 
f 657/657/657 658/658/658 656/656/656 
f 658/658/658 659/659/659 655/655/655 
f 658/658/658 657/657/657 660/660/660 
f 659/659/659 658/658/658 661/661/661 
f 660/660/660 661/661/661 658/658/658 
f 661/661/661 662/662/662 659/659/659 
f 661/661/661 660/660/660 663/663/663 
f 668/668/668 671/671/671 669/669/669 
f 670/670/670 672/672/672 668/668/668 
f 672/672/672 671/671/671 668/668/668 
f 672/672/672 670/670/670 673/673/673 
f 666/666/666 672/672/672 673/673/673 
f 674/674/674 671/671/671 672/672/672 
f 672/672/672 666/666/666 674/674/674 
f 671/671/671 674/674/674 675/675/675 
f 676/676/676 677/677/677 678/678/678 
f 677/677/677 676/676/676 679/679/679 
f 680/680/680 676/676/676 678/678/678 
f 676/676/676 680/680/680 681/681/681 
f 681/681/681 680/680/680 682/682/682 
f 682/682/682 680/680/680 683/683/683 
f 690/690/690 688/688/688 689/689/689 
f 691/691/691 687/687/687 688/688/688 
f 688/688/688 690/690/690 691/691/691 
f 687/687/687 691/691/691 692/692/692 
f 692/692/692 691/691/691 685/685/685 
f 690/690/690 693/693/693 691/691/691 
f 685/685/685 691/691/691 693/693/693 
f 693/693/693 690/690/690 694/694/694 
f 695/695/695 696/696/696 697/697/697 
f 696/696/696 695/695/695 698/698/698 
f 697/697/697 699/699/699 695/695/695 
f 699/699/699 697/697/697 700/700/700 
f 699/699/699 700/700/700 701/701/701 
f 701/701/701 700/700/700 702/702/702 
f 705/705/705 706/706/706 707/707/707 
f 707/707/707 706/706/706 708/708/708 
f 709/709/709 705/705/705 707/707/707 
f 706/706/706 710/710/710 708/708/708 
f 710/710/710 706/706/706 711/711/711 
f 706/706/706 712/712/712 711/711/711 
f 713/713/713 712/712/712 706/706/706 
f 705/705/705 713/713/713 706/706/706 
f 714/714/714 713/713/713 705/705/705 
f 705/705/705 716/716/716 714/714/714 
f 716/716/716 705/705/705 717/717/717 
f 709/709/709 717/717/717 705/705/705 
f 719/719/719 720/720/720 721/721/721 
f 720/720/720 722/722/722 721/721/721 
f 720/720/720 719/719/719 723/723/723 
f 722/722/722 720/720/720 724/724/724 
f 719/719/719 725/725/725 723/723/723 
f 726/726/726 722/722/722 724/724/724 
f 725/725/725 719/719/719 727/727/727 
f 722/722/722 726/726/726 728/728/728 
f 726/726/726 730/730/730 728/728/728 
f 730/730/730 726/726/726 732/732/732 
f 732/732/732 733/733/733 730/730/730 
f 733/733/733 732/732/732 734/734/734 
f 737/737/737 738/738/738 739/739/739 
f 740/740/740 739/739/739 738/738/738 
f 738/738/738 737/737/737 741/741/741 
f 739/739/739 740/740/740 742/742/742 
f 743/743/743 741/741/741 737/737/737 
f 741/741/741 743/743/743 745/745/745 
f 746/746/746 745/745/745 743/743/743 
f 745/745/745 746/746/746 747/747/747 
f 748/748/748 747/747/747 746/746/746 
f 747/747/747 748/748/748 749/749/749 
f 749/749/749 748/748/748 750/750/750 
f 751/751/751 749/749/749 750/750/750 
f 759/759/759 760/760/760 761/761/761 
f 761/761/761 760/760/760 762/762/762 
f 759/759/759 763/763/763 760/760/760 
f 764/764/764 763/763/763 759/759/759 
f 765/765/765 763/763/763 764/764/764 
f 763/763/763 765/765/765 766/766/766 
f 765/765/765 767/767/767 766/766/766 
f 768/768/768 767/767/767 765/765/765 
f 768/768/768 769/769/769 767/767/767 
f 770/770/770 769/769/769 768/768/768 
f 771/771/771 769/769/769 770/770/770 
f 769/769/769 771/771/771 772/772/772 
f 776/776/776 777/777/777 778/778/778 
f 779/779/779 776/776/776 778/778/778 
f 779/779/779 780/780/780 776/776/776 
f 781/781/781 776/776/776 780/780/780 
f 776/776/776 781/781/781 782/782/782 
f 782/782/782 783/783/783 776/776/776 
f 784/784/784 787/787/787 786/786/786 
f 787/787/787 785/785/785 786/786/786 
f 787/787/787 784/784/784 777/777/777 
f 783/783/783 785/785/785 787/787/787 
f 777/777/777 776/776/776 787/787/787 
f 776/776/776 783/783/783 787/787/787 

g Meshpart2

v -280.414 6.14619 -0.154145 
v -280.388 6.14116 -0.153431 
v -280.393 6.07165 -0.149597 
v -280.381 6.07369 -0.154779 
v -280.376 6.07453 -0.167111 
v -280.401 6.14471 -0.186085 
v -280.393 6.07165 -0.184625 
v -280.357 6.22899 -0.165941 
v -280.382 6.14068 -0.167111 
v -280.344 6.22038 -0.145579 
v -280.381 6.07369 -0.179443 
v -280.347 6.22317 -0.159409 
v -280.388 6.14218 -0.180711 
v -280.267 6.28791 -0.138561 
v -279.838 6.17232 -0.142639 
v -280.167 6.34589 -0.0864413 
v -279.918 6.28105 -0.0966913 
v -279.826 6.17603 -0.136383 
v -279.919 6.27206 -0.0856873 
v -279.82 6.1758 -0.123283 
v -279.765 5.95723 -0.113157 
v -279.652 5.10671 -0.120489 
v -279.573 4.97066 -0.103431 
v -279.64 5.11251 -0.116461 
v -279.584 4.96213 -0.106663 
v -279.569 4.97816 -0.0921193 
v -279.634 5.11639 -0.103823 
v -279.545 4.90217 -0.0381653 
v -279.551 4.8923 -0.0452133 
v -279.562 4.8832 -0.0432033 
v -279.639 5.116 -0.0902133 
v -279.705 5.30245 -0.0838113 
v -279.574 4.98062 -0.0790233 
v -279.586 4.97655 -0.0716253 
v -279.545 4.90797 -0.0257093 
v -279.554 4.9068 -0.0150653 
v -279.536 4.85174 0.0273867 
v -279.537 4.86153 0.0356967 
v -279.554 4.8459 0.0115747 
v -279.542 4.84538 0.0172867 
v -279.562 4.81969 0.0666127 
v -279.552 4.81572 0.0764567 
v -279.547 4.82166 0.0878587 
v -279.547 4.87037 0.0380747 
v -279.553 4.84654 0.0916887 
v -279.547 4.83394 0.0940187 
v -279.603 4.81068 0.143581 
v -279.599 4.79781 0.146753 
v -279.649 4.78785 0.141199 
v -279.674 4.77023 0.121557 
v -279.674 4.75674 0.125489 
v -279.646 4.7509 0.137899 
v -279.598 4.78554 0.140227 
v -280.351 6.22217 -0.132907 
v -279.754 5.77073 -0.110445 
v -279.736 5.7686 -0.130413 
v -279.723 5.76529 -0.125691 
v -279.79 5.95035 -0.0849853 
v -279.825 6.172 -0.110637 
v -279.764 5.95617 -0.0862773 
v -279.759 5.95798 -0.0998273 
v -279.717 5.76285 -0.112859 
v -279.722 5.7626 -0.0992193 
v -279.742 5.55853 -0.133921 
v -279.736 5.55886 -0.120957 
v -279.706 5.30291 -0.110899 
v -279.74 5.55773 -0.107151 
v -279.7 5.30376 -0.0976733 
v -280.29 6.31246 -0.130161 
v -280.375 6.23515 -0.148791 
v -280.373 6.23277 -0.135321 
v -280.289 6.30845 -0.116565 
v -280.369 6.23372 -0.161239 
v -280.414 6.14619 -0.154145 
v -280.401 6.14471 -0.186085 
v -280.267 6.28791 -0.138561 
v -280.161 6.34548 -0.112277 
v -280.283 6.30862 -0.142111 
v -280.038 6.33373 -0.0961153 
v -280.164 6.35104 -0.0995433 
v -279.931 6.27235 -0.118577 
v -279.937 6.25944 -0.116773 
v -280.034 6.34078 -0.0842433 
v -279.838 6.17232 -0.142639 
v -280.167 6.34589 -0.0864413 
v -279.923 6.28121 -0.110177 
v -279.918 6.28105 -0.0966913 
v -279.826 6.17603 -0.136383 
v -280.034 6.33777 -0.0704353 
v -280.037 6.32648 -0.0624673 
v -279.919 6.27206 -0.0856873 
v -279.82 6.1758 -0.123283 
v -280.042 6.31324 -0.0649353 
v -279.569 4.97816 -0.0921193 
v -279.562 4.8832 -0.0432033 
v -279.586 4.97655 -0.0716253 
v -279.545 4.90797 -0.0257093 
v -279.554 4.9068 -0.0150653 
v -279.565 4.89812 -0.0134153 
v -279.537 4.86153 0.0356967 
v -279.572 4.8879 -0.0201953 
v -279.562 4.81969 0.0666127 
v -279.606 4.78517 0.115987 
v -279.611 4.79834 0.113009 
v -279.612 4.81066 0.119997 
v -279.569 4.84466 0.0714787 
v -279.56 4.87099 0.0325367 
v -279.563 4.85125 0.0822287 
v -279.547 4.87037 0.0380747 
v -279.553 4.84654 0.0916887 
v -279.609 4.81592 0.132315 
v -279.547 4.83394 0.0940187 
v -279.603 4.81068 0.143581 
v -279.648 4.78163 0.153567 
v -279.649 4.78265 0.127875 
v -279.649 4.78785 0.141199 
v -279.674 4.78211 0.153225 
v -279.674 4.7882 0.140773 
v -279.674 4.76863 0.157155 
v -279.674 4.78298 0.127747 
v -280.373 6.23277 -0.135321 
v -280.289 6.30845 -0.116565 
v -280.362 6.22747 -0.128543 
v -280.401 6.14348 -0.148165 
v -280.414 6.14619 -0.154145 
v -280.388 6.14116 -0.153431 
v -280.405 6.06963 -0.154721 
v -280.393 6.07165 -0.149597 
v -280.381 6.07369 -0.154779 
v -280.382 6.14068 -0.167111 
v -280.267 6.28791 -0.138561 
v -280.164 6.31924 -0.0849353 
v -280.038 6.33373 -0.0961153 
v -280.167 6.34589 -0.0864413 
v -279.918 6.28105 -0.0966913 
v -280.034 6.33777 -0.0704353 
v -280.037 6.32648 -0.0624673 
v -279.919 6.27206 -0.0856873 
v -280.166 6.33284 -0.0802773 
v -280.042 6.31324 -0.0649353 
v -279.652 5.10671 -0.120489 
v -279.569 4.97816 -0.0921193 
v -279.562 4.8832 -0.0432033 
v -279.639 5.116 -0.0902133 
v -279.705 5.30245 -0.0838113 
v -279.574 4.98062 -0.0790233 
v -279.651 5.11169 -0.0835593 
v -279.717 5.2998 -0.0775313 
v -279.664 5.10594 -0.0877733 
v -279.586 4.97655 -0.0716253 
v -279.545 4.90797 -0.0257093 
v -279.598 4.96789 -0.0751853 
v -279.554 4.9068 -0.0150653 
v -279.601 4.96027 -0.0868793 
v -279.565 4.89812 -0.0134153 
v -279.572 4.8879 -0.0201953 
v -279.606 4.78517 0.115987 
v -279.553 4.84654 0.0916887 
v -279.547 4.83394 0.0940187 
v -279.603 4.81068 0.143581 
v -279.599 4.79781 0.146753 
v -279.648 4.78163 0.153567 
v -279.649 4.78785 0.141199 
v -279.674 4.78211 0.153225 
v -279.674 4.7882 0.140773 
v -279.674 4.76863 0.157155 
v -279.646 4.7683 0.157035 
v -279.674 4.75587 0.150965 
v -279.674 4.75674 0.125489 
v -279.646 4.7559 0.150643 
v -279.646 4.7509 0.137899 
v -279.598 4.78554 0.140227 
v -280.282 6.29828 -0.108915 
v -280.273 6.28774 -0.112381 
v -280.351 6.22217 -0.132907 
v -279.934 6.25024 -0.0916473 
v -279.926 6.25932 -0.0834653 
v -279.855 6.16201 -0.125997 
v -279.85 6.16211 -0.112083 
v -279.754 5.77073 -0.110445 
v -279.79 5.95035 -0.0849853 
v -279.838 6.16644 -0.105797 
v -279.748 5.76815 -0.0972453 
v -279.777 5.95303 -0.0802713 
v -279.825 6.172 -0.110637 
v -279.764 5.95617 -0.0862773 
v -279.735 5.76475 -0.0926533 
v -279.722 5.7626 -0.0992193 
v -279.74 5.55773 -0.107151 
v -279.753 5.55581 -0.100663 
v -279.767 5.5542 -0.105401 
v -279.731 5.29738 -0.0822693 
v -280.29 6.31246 -0.130161 
v -280.375 6.23515 -0.148791 
v -280.373 6.23277 -0.135321 
v -280.369 6.23372 -0.161239 
v -280.414 6.14619 -0.154145 
v -280.419 6.14754 -0.167437 
v -280.405 6.06963 -0.154721 
v -280.393 6.07165 -0.149597 
v -280.41 6.0688 -0.167111 
v -280.405 6.06963 -0.179501 
v -280.414 6.14688 -0.180517 
v -280.401 6.14471 -0.186085 
v -280.393 6.07165 -0.184625 
v -280.267 6.28791 -0.138561 
v -279.937 6.25944 -0.116773 
v -279.838 6.17232 -0.142639 
v -280.167 6.34589 -0.0864413 
v -279.765 5.95723 -0.113157 
v -279.652 5.10671 -0.120489 
v -279.595 4.95782 -0.0997813 
v -279.664 5.10246 -0.113863 
v -279.669 5.10213 -0.100431 
v -279.584 4.96213 -0.106663 
v -279.569 4.97816 -0.0921193 
v -279.562 4.8832 -0.0432033 
v -279.664 5.10594 -0.0877733 
v -279.586 4.97655 -0.0716253 
v -279.545 4.90797 -0.0257093 
v -279.598 4.96789 -0.0751853 
v -279.601 4.96027 -0.0868793 
v -279.565 4.89812 -0.0134153 
v -279.571 4.8814 -0.0323273 
v -279.572 4.8879 -0.0201953 
v -279.554 4.8459 0.0115747 
v -279.564 4.85405 0.0145807 
v -279.566 4.86416 0.0229427 
v -279.569 4.83217 0.0652227 
v -279.562 4.81969 0.0666127 
v -279.611 4.79834 0.113009 
v -279.612 4.81066 0.119997 
v -279.569 4.84466 0.0714787 
v -279.56 4.87099 0.0325367 
v -279.563 4.85125 0.0822287 
v -279.547 4.83394 0.0940187 
v -279.603 4.81068 0.143581 
v -279.646 4.7509 0.137899 
v -280.282 6.29828 -0.108915 
v -279.939 6.25022 -0.105491 
v -279.934 6.25024 -0.0916473 
v -279.85 6.16641 -0.138533 
v -279.855 6.16201 -0.125997 
v -279.792 5.95106 -0.111763 
v -279.85 6.16211 -0.112083 
v -279.796 5.9495 -0.0978833 
v -279.749 5.77089 -0.124207 
v -279.754 5.77073 -0.110445 
v -279.736 5.7686 -0.130413 
v -279.79 5.95035 -0.0849853 
v -279.748 5.76815 -0.0972453 
v -279.825 6.172 -0.110637 
v -279.742 5.55853 -0.133921 
v -279.706 5.30291 -0.110899 
v -279.767 5.5542 -0.105401 
v -279.773 5.55384 -0.118423 
v -279.731 5.29738 -0.0822693 
v -279.737 5.29661 -0.0952173 
v -279.768 5.55495 -0.132141 
v -279.733 5.29788 -0.108869 
v -280.414 6.14619 -0.154145 
v -280.401 6.14471 -0.186085 
v -280.357 6.22899 -0.165941 
v -280.344 6.22038 -0.145579 
v -280.347 6.22317 -0.159409 
v -280.267 6.28791 -0.138561 
v -280.158 6.31864 -0.111319 
v -280.266 6.28349 -0.124673 
v -280.16 6.31331 -0.0978613 
v -280.045 6.30847 -0.0910713 
v -280.164 6.31924 -0.0849353 
v -280.038 6.33373 -0.0961153 
v -279.937 6.25944 -0.116773 
v -279.838 6.17232 -0.142639 
v -280.042 6.31324 -0.0649353 
v -279.595 4.95782 -0.0997813 
v -279.584 4.96213 -0.106663 
v -279.551 4.8923 -0.0452133 
v -279.562 4.8832 -0.0432033 
v -279.601 4.96027 -0.0868793 
v -279.571 4.8814 -0.0323273 
v -279.572 4.8879 -0.0201953 
v -279.554 4.8459 0.0115747 
v -279.564 4.85405 0.0145807 
v -279.569 4.83217 0.0652227 
v -279.542 4.84538 0.0172867 
v -279.562 4.81969 0.0666127 
v -279.552 4.81572 0.0764567 
v -279.547 4.82166 0.0878587 
v -279.606 4.78517 0.115987 
v -279.56 4.87099 0.0325367 
v -279.547 4.83394 0.0940187 
v -279.674 4.76863 0.157155 
v -279.646 4.7683 0.157035 
v -279.674 4.75587 0.150965 
v -279.674 4.75674 0.125489 
v -279.646 4.75656 0.125751 
v -279.674 4.75066 0.137939 
v -279.646 4.7559 0.150643 
v -279.646 4.7509 0.137899 
v -279.598 4.78554 0.140227 
v -279.6 4.7803 0.127889 
v -280.282 6.29828 -0.108915 
v -280.273 6.28774 -0.112381 
v -280.351 6.22217 -0.132907 
v -280.045 6.30562 -0.0766853 
v -279.939 6.25022 -0.105491 
v -279.934 6.25024 -0.0916473 
v -279.855 6.16201 -0.125997 
v -279.85 6.16211 -0.112083 
v -279.825 6.172 -0.110637 
v -280.405 6.06963 -0.154721 
v -280.381 6.07369 -0.154779 
v -280.393 6.07165 -0.149597 
v -280.41 6.0688 -0.167111 
v -280.376 6.07453 -0.167111 
v -280.381 6.07369 -0.179443 
v -280.405 6.06963 -0.179501 
v -280.393 6.07165 -0.184625 
v -280.29 6.31246 -0.130161 
v -280.373 6.23277 -0.135321 
v -280.369 6.23372 -0.161239 
v -280.405 6.06963 -0.179501 
v -280.414 6.14688 -0.180517 
v -280.401 6.14471 -0.186085 
v -280.393 6.07165 -0.184625 
v -280.357 6.22899 -0.165941 
v -280.382 6.14068 -0.167111 
v -280.381 6.07369 -0.179443 
v -280.347 6.22317 -0.159409 
v -280.388 6.14218 -0.180711 
v -280.267 6.28791 -0.138561 
v -280.274 6.29857 -0.145867 
v -280.158 6.33207 -0.117307 
v -280.158 6.31864 -0.111319 
v -280.045 6.30847 -0.0910713 
v -280.161 6.34548 -0.112277 
v -280.283 6.30862 -0.142111 
v -280.038 6.33373 -0.0961153 
v -280.042 6.32035 -0.0991653 
v -279.931 6.27235 -0.118577 
v -279.937 6.25944 -0.116773 
v -280.034 6.34078 -0.0842433 
v -279.838 6.17232 -0.142639 
v -280.167 6.34589 -0.0864413 
v -279.923 6.28121 -0.110177 
v -279.826 6.17603 -0.136383 
v -279.779 5.95432 -0.118185 
v -279.765 5.95723 -0.113157 
v -280.042 6.31324 -0.0649353 
v -279.652 5.10671 -0.120489 
v -279.595 4.95782 -0.0997813 
v -279.664 5.10246 -0.113863 
v -279.573 4.97066 -0.103431 
v -279.64 5.11251 -0.116461 
v -279.584 4.96213 -0.106663 
v -279.569 4.97816 -0.0921193 
v -279.634 5.11639 -0.103823 
v -279.551 4.8923 -0.0452133 
v -279.562 4.8832 -0.0432033 
v -279.601 4.96027 -0.0868793 
v -279.569 4.83217 0.0652227 
v -279.562 4.81969 0.0666127 
v -279.606 4.78517 0.115987 
v -279.611 4.79834 0.113009 
v -279.612 4.81066 0.119997 
v -279.547 4.83394 0.0940187 
v -279.603 4.81068 0.143581 
v -279.649 4.78265 0.127875 
v -279.674 4.7882 0.140773 
v -279.674 4.78298 0.127747 
v -279.674 4.77023 0.121557 
v -279.648 4.76973 0.121567 
v -279.674 4.75674 0.125489 
v -279.646 4.75656 0.125751 
v -279.646 4.7509 0.137899 
v -279.85 6.16641 -0.138533 
v -279.855 6.16201 -0.125997 
v -279.792 5.95106 -0.111763 
v -279.749 5.77089 -0.124207 
v -279.754 5.77073 -0.110445 
v -279.736 5.7686 -0.130413 
v -279.723 5.76529 -0.125691 
v -279.756 5.55691 -0.138563 
v -279.825 6.172 -0.110637 
v -279.722 5.7626 -0.0992193 
v -279.742 5.55853 -0.133921 
v -279.706 5.30291 -0.110899 
v -279.767 5.5542 -0.105401 
v -279.731 5.29738 -0.0822693 
v -279.768 5.55495 -0.132141 
v -279.733 5.29788 -0.108869 
v -279.72 5.30046 -0.115419 

vn -0.779528 0.0787402 0.622047 
vn 0.629921 -0.19685 0.755906 
vn -0.023622 -0.023622 1 
vn 0.692913 0.0629921 0.716535 
vn 0.992126 0.0944882 0.00787402 
vn -0.023622 0.0944882 -0.992126 
vn -0.015748 -0.023622 -1 
vn 0.102362 0.165354 -0.984252 
vn 0.984252 -0.173228 0 
vn 0.76378 -0.637795 0.0866142 
vn 0.700787 0.0551181 -0.708661 
vn 0.661417 -0.354331 -0.661417 
vn 0.677165 -0.0472441 -0.732283 
vn 0.472441 -0.598425 -0.645669 
vn 0.0787402 0.110236 -0.992126 
vn -0.19685 0.76378 0.606299 
vn 0.622047 0.740157 0.251969 
vn 0.645669 0.393701 -0.653543 
vn 0.456693 0.330709 0.826772 
vn 0.88189 0.472441 0.023622 
vn 0.700787 0.15748 -0.700787 
vn -0.0866142 -0.0708661 -0.992126 
vn 0.645669 -0.0472441 -0.76378 
vn 0.582677 0.212598 -0.779528 
vn 0.015748 -0.385827 -0.92126 
vn 0.937008 0.283465 -0.204724 
vn 0.92126 0.377953 -0.0944882 
vn 0.976378 0.0393701 -0.212598 
vn 0.685039 -0.417323 -0.598425 
vn 0 -0.732283 -0.677165 
vn 0.700787 0.307087 0.645669 
vn 0.708661 0.188976 0.677165 
vn 0.740157 0.472441 0.480315 
vn 0.0393701 0.385827 0.92126 
vn 0.818898 0.488189 0.299213 
vn 0.110236 0.732283 0.669291 
vn 0.968504 -0.220472 -0.0866142 
vn 0.913386 0.330709 0.23622 
vn -0.165354 -0.84252 -0.519685 
vn 0.606299 -0.677165 -0.417323 
vn -0.228346 -0.787402 -0.566929 
vn 0.543307 -0.811024 -0.220472 
vn 0.874016 -0.417323 0.23622 
vn 0.322835 0.826772 0.464567 
vn 0.385827 0.732283 0.559055 
vn 0.826772 0.15748 0.535433 
vn 0.0629921 0.622047 0.779528 
vn 0.472441 0 0.88189 
vn -0.283465 0.952756 0.125984 
vn 0.00787402 0.0866142 -1 
vn 0 -0.653543 -0.76378 
vn 0.267717 -0.96063 -0.0393701 
vn 0.637795 -0.559055 0.527559 
vn 0.409449 -0.511811 0.755906 
vn -0.992126 -0.0866142 0.0472441 
vn -0.015748 0.0629921 -1 
vn 0.685039 0.0866142 -0.716535 
vn -0.669291 -0.149606 0.732283 
vn 0.645669 0.322835 0.692913 
vn 0.692913 0.188976 0.692913 
vn 0.968504 0.244094 0.00787402 
vn 1 0.0551181 -0.0551181 
vn 0.771654 0.015748 0.637795 
vn 0.637795 -0.00787402 -0.771654 
vn 1 0.015748 -0.0866142 
vn 0.629921 0.125984 -0.76378 
vn 0.748031 0.0314961 0.661417 
vn 0.968504 0.23622 -0.0551181 
vn -0.488189 0.866142 -0.0944882 
vn -0.795276 0.606299 -0.0708661 
vn -0.692913 0.385827 0.606299 
vn -0.503937 0.645669 0.574803 
vn -0.488189 0.535433 -0.692913 
vn -0.779528 0.0787402 0.622047 
vn -0.023622 0.0944882 -0.992126 
vn 0.472441 -0.598425 -0.645669 
vn 0.0551181 0.700787 -0.708661 
vn -0.212598 0.669291 -0.708661 
vn 0.125984 0.582677 -0.80315 
vn -0.102362 0.992126 -0.0629921 
vn 0.0629921 0.370079 -0.929134 
vn -0.393701 -0.259843 -0.88189 
vn 0.244094 0.952756 -0.181102 
vn 0.0787402 0.110236 -0.992126 
vn -0.19685 0.76378 0.606299 
vn 0.464567 0.76378 -0.448819 
vn 0.622047 0.740157 0.251969 
vn 0.645669 0.393701 -0.653543 
vn 0.23622 0.818898 0.527559 
vn 0.102362 0.251969 0.96063 
vn 0.456693 0.330709 0.826772 
vn 0.88189 0.472441 0.023622 
vn -0.0944882 -0.456693 0.88189 
vn 0.937008 0.283465 -0.204724 
vn 0 -0.732283 -0.677165 
vn 0.0393701 0.385827 0.92126 
vn 0.818898 0.488189 0.299213 
vn 0.110236 0.732283 0.669291 
vn -0.692913 0.456693 0.559055 
vn 0.913386 0.330709 0.23622 
vn -0.984252 -0.0708661 0.173228 
vn -0.228346 -0.787402 -0.566929 
vn 0.0472441 -0.677165 -0.732283 
vn -0.535433 0.00787402 -0.84252 
vn -0.692913 0.598425 -0.393701 
vn -0.897638 0.433071 -0.11811 
vn -0.582677 0.716535 0.385827 
vn -0.377953 0.88189 0.283465 
vn 0.322835 0.826772 0.464567 
vn 0.385827 0.732283 0.559055 
vn -0.440945 0.866142 0.23622 
vn 0.826772 0.15748 0.535433 
vn 0.0629921 0.622047 0.779528 
vn -0.0629921 0.551181 0.834646 
vn -0.299213 0.685039 -0.669291 
vn -0.283465 0.952756 0.125984 
vn 0.00787402 0.637795 0.76378 
vn 0.015748 1 0.0393701 
vn 0 -0.0944882 0.992126 
vn 0.015748 0.732283 -0.677165 
vn -0.692913 0.385827 0.606299 
vn -0.503937 0.645669 0.574803 
vn -0.204724 -0.0629921 0.976378 
vn -0.133858 -0.0866142 0.984252 
vn -0.779528 0.0787402 0.622047 
vn 0.629921 -0.19685 0.755906 
vn -0.724409 -0.0944882 0.685039 
vn -0.023622 -0.023622 1 
vn 0.692913 0.0629921 0.716535 
vn 0.984252 -0.173228 0 
vn 0.472441 -0.598425 -0.645669 
vn -0.0787402 -0.622047 0.779528 
vn 0.125984 0.582677 -0.80315 
vn -0.19685 0.76378 0.606299 
vn 0.622047 0.740157 0.251969 
vn 0.23622 0.818898 0.527559 
vn 0.102362 0.251969 0.96063 
vn 0.456693 0.330709 0.826772 
vn -0.188976 0.11811 0.976378 
vn -0.0944882 -0.456693 0.88189 
vn -0.0866142 -0.0708661 -0.992126 
vn 0.937008 0.283465 -0.204724 
vn 0 -0.732283 -0.677165 
vn 0.700787 0.307087 0.645669 
vn 0.708661 0.188976 0.677165 
vn 0.740157 0.472441 0.480315 
vn 0.0629921 0.0551181 1 
vn 0.0393701 0.0393701 1 
vn -0.622047 -0.228346 0.748031 
vn 0.0393701 0.385827 0.92126 
vn 0.818898 0.488189 0.299213 
vn -0.700787 0.00787402 0.716535 
vn 0.110236 0.732283 0.669291 
vn -0.937008 -0.338583 0.0787402 
vn -0.692913 0.456693 0.559055 
vn -0.984252 -0.0708661 0.173228 
vn 0.0472441 -0.677165 -0.732283 
vn 0.385827 0.732283 0.559055 
vn 0.826772 0.15748 0.535433 
vn 0.0629921 0.622047 0.779528 
vn 0.472441 0 0.88189 
vn -0.0629921 0.551181 0.834646 
vn -0.283465 0.952756 0.125984 
vn 0.00787402 0.637795 0.76378 
vn 0.015748 1 0.0393701 
vn 0 -0.0944882 0.992126 
vn 0.15748 -0.149606 0.976378 
vn 0.00787402 -0.732283 0.677165 
vn 0 -0.653543 -0.76378 
vn 0.267717 -0.724409 0.629921 
vn 0.267717 -0.96063 -0.0393701 
vn 0.637795 -0.559055 0.527559 
vn -0.244094 0.0393701 0.968504 
vn 0.149606 -0.629921 0.76378 
vn 0.409449 -0.511811 0.755906 
vn -0.440945 -0.732283 0.511811 
vn 0.015748 -0.283465 0.96063 
vn -0.866142 -0.480315 -0.11811 
vn -0.629921 -0.377953 0.677165 
vn -0.992126 -0.0866142 0.0472441 
vn -0.669291 -0.149606 0.732283 
vn 0.0314961 -0.023622 1 
vn -0.645669 -0.0866142 0.755906 
vn 0.023622 0.0314961 1 
vn 0.645669 0.322835 0.692913 
vn 0.692913 0.188976 0.692913 
vn 0.102362 -0.0393701 0.992126 
vn 0.771654 0.015748 0.637795 
vn 0.748031 0.0314961 0.661417 
vn 0.0314961 0.0314961 1 
vn -0.685039 0 0.724409 
vn -0.653543 -0.133858 0.748031 
vn -0.488189 0.866142 -0.0944882 
vn -0.795276 0.606299 -0.0708661 
vn -0.692913 0.385827 0.606299 
vn -0.488189 0.535433 -0.692913 
vn -0.779528 0.0787402 0.622047 
vn -0.984252 0.181102 -0.0551181 
vn -0.724409 -0.0944882 0.685039 
vn -0.023622 -0.023622 1 
vn -0.992126 -0.11811 -0.00787402 
vn -0.716535 -0.0866142 -0.692913 
vn -0.685039 0.181102 -0.700787 
vn -0.023622 0.0944882 -0.992126 
vn -0.015748 -0.023622 -1 
vn 0.472441 -0.598425 -0.645669 
vn -0.393701 -0.259843 -0.88189 
vn 0.0787402 0.110236 -0.992126 
vn -0.19685 0.76378 0.606299 
vn 0.700787 0.15748 -0.700787 
vn -0.0866142 -0.0708661 -0.992126 
vn -0.645669 -0.503937 -0.574803 
vn -0.692913 -0.307087 -0.645669 
vn -0.92126 -0.377953 0.0551181 
vn 0.015748 -0.385827 -0.92126 
vn 0.937008 0.283465 -0.204724 
vn 0 -0.732283 -0.677165 
vn -0.622047 -0.228346 0.748031 
vn 0.0393701 0.385827 0.92126 
vn 0.818898 0.488189 0.299213 
vn -0.700787 0.00787402 0.716535 
vn -0.937008 -0.338583 0.0787402 
vn -0.692913 0.456693 0.559055 
vn -0.740157 -0.590551 -0.314961 
vn -0.984252 -0.0708661 0.173228 
vn -0.165354 -0.84252 -0.519685 
vn -0.866142 -0.448819 -0.228346 
vn -0.976378 0.165354 0.110236 
vn -0.858268 -0.220472 -0.464567 
vn -0.228346 -0.787402 -0.566929 
vn -0.535433 0.00787402 -0.84252 
vn -0.692913 0.598425 -0.393701 
vn -0.897638 0.433071 -0.11811 
vn -0.582677 0.716535 0.385827 
vn -0.377953 0.88189 0.283465 
vn 0.826772 0.15748 0.535433 
vn 0.0629921 0.622047 0.779528 
vn 0.267717 -0.96063 -0.0393701 
vn -0.244094 0.0393701 0.968504 
vn -0.622047 -0.732283 -0.267717 
vn -0.440945 -0.732283 0.511811 
vn -0.543307 -0.259843 -0.80315 
vn -0.866142 -0.480315 -0.11811 
vn -0.700787 -0.19685 -0.685039 
vn -0.629921 -0.377953 0.677165 
vn -0.968504 -0.244094 0.0393701 
vn -0.724409 -0.015748 -0.685039 
vn -0.992126 -0.0866142 0.0472441 
vn -0.015748 0.0629921 -1 
vn -0.669291 -0.149606 0.732283 
vn -0.645669 -0.0866142 0.755906 
vn 0.645669 0.322835 0.692913 
vn 0.637795 -0.00787402 -0.771654 
vn 0.629921 0.125984 -0.76378 
vn -0.685039 0 0.724409 
vn -1 -0.0314961 0.0472441 
vn -0.653543 -0.133858 0.748031 
vn -0.968504 -0.228346 0.0787402 
vn -0.755906 -0.0393701 -0.661417 
vn -0.748031 -0.204724 -0.637795 
vn -0.779528 0.0787402 0.622047 
vn -0.023622 0.0944882 -0.992126 
vn 0.102362 0.165354 -0.984252 
vn 0.76378 -0.637795 0.0866142 
vn 0.661417 -0.354331 -0.661417 
vn 0.472441 -0.598425 -0.645669 
vn 0.19685 -0.732283 -0.653543 
vn 0.433071 -0.897638 0.0866142 
vn 0.0866142 -0.992126 0.0944882 
vn -0.228346 -0.818898 -0.527559 
vn -0.0787402 -0.622047 0.779528 
vn 0.125984 0.582677 -0.80315 
vn -0.393701 -0.259843 -0.88189 
vn 0.0787402 0.110236 -0.992126 
vn -0.0944882 -0.456693 0.88189 
vn -0.645669 -0.503937 -0.574803 
vn 0.015748 -0.385827 -0.92126 
vn 0.685039 -0.417323 -0.598425 
vn 0 -0.732283 -0.677165 
vn -0.937008 -0.338583 0.0787402 
vn -0.740157 -0.590551 -0.314961 
vn -0.984252 -0.0708661 0.173228 
vn -0.165354 -0.84252 -0.519685 
vn -0.866142 -0.448819 -0.228346 
vn -0.858268 -0.220472 -0.464567 
vn 0.606299 -0.677165 -0.417323 
vn -0.228346 -0.787402 -0.566929 
vn 0.543307 -0.811024 -0.220472 
vn 0.874016 -0.417323 0.23622 
vn 0.0472441 -0.677165 -0.732283 
vn -0.582677 0.716535 0.385827 
vn 0.826772 0.15748 0.535433 
vn 0 -0.0944882 0.992126 
vn 0.15748 -0.149606 0.976378 
vn 0.00787402 -0.732283 0.677165 
vn 0 -0.653543 -0.76378 
vn 0.149606 -0.677165 -0.724409 
vn 0.00787402 -1 -0.0314961 
vn 0.267717 -0.724409 0.629921 
vn 0.267717 -0.96063 -0.0393701 
vn 0.637795 -0.559055 0.527559 
vn 0.527559 -0.84252 -0.0866142 
vn -0.244094 0.0393701 0.968504 
vn 0.149606 -0.629921 0.76378 
vn 0.409449 -0.511811 0.755906 
vn -0.23622 -0.929134 0.283465 
vn -0.622047 -0.732283 -0.267717 
vn -0.440945 -0.732283 0.511811 
vn -0.866142 -0.480315 -0.11811 
vn -0.629921 -0.377953 0.677165 
vn 0.645669 0.322835 0.692913 
vn 0.165354 -0.984252 0 
vn 0.165354 -0.984252 0 
vn 0.165354 -0.984252 0 
vn 0.165354 -0.984252 0 
vn 0.165354 -0.984252 0 
vn 0.165354 -0.984252 0 
vn 0.165354 -0.984252 0 
vn 0.165354 -0.984252 0 
vn -0.488189 0.866142 -0.0944882 
vn -0.692913 0.385827 0.606299 
vn -0.488189 0.535433 -0.692913 
vn -0.716535 -0.0866142 -0.692913 
vn -0.685039 0.181102 -0.700787 
vn -0.023622 0.0944882 -0.992126 
vn -0.015748 -0.023622 -1 
vn 0.102362 0.165354 -0.984252 
vn 0.984252 -0.173228 0 
vn 0.700787 0.0551181 -0.708661 
vn 0.661417 -0.354331 -0.661417 
vn 0.677165 -0.0472441 -0.732283 
vn 0.472441 -0.598425 -0.645669 
vn 0.19685 0.0866142 -0.976378 
vn 0.181102 -0.00787402 -0.984252 
vn 0.19685 -0.732283 -0.653543 
vn -0.228346 -0.818898 -0.527559 
vn 0.0551181 0.700787 -0.708661 
vn -0.212598 0.669291 -0.708661 
vn 0.125984 0.582677 -0.80315 
vn -0.0629921 -0.149606 -0.984252 
vn 0.0629921 0.370079 -0.929134 
vn -0.393701 -0.259843 -0.88189 
vn 0.244094 0.952756 -0.181102 
vn 0.0787402 0.110236 -0.992126 
vn -0.19685 0.76378 0.606299 
vn 0.464567 0.76378 -0.448819 
vn 0.645669 0.393701 -0.653543 
vn 0 -0.023622 -1 
vn 0.700787 0.15748 -0.700787 
vn -0.0944882 -0.456693 0.88189 
vn -0.0866142 -0.0708661 -0.992126 
vn -0.645669 -0.503937 -0.574803 
vn -0.692913 -0.307087 -0.645669 
vn 0.645669 -0.0472441 -0.76378 
vn 0.582677 0.212598 -0.779528 
vn 0.015748 -0.385827 -0.92126 
vn 0.937008 0.283465 -0.204724 
vn 0.92126 0.377953 -0.0944882 
vn 0.685039 -0.417323 -0.598425 
vn 0 -0.732283 -0.677165 
vn -0.937008 -0.338583 0.0787402 
vn -0.858268 -0.220472 -0.464567 
vn -0.228346 -0.787402 -0.566929 
vn 0.0472441 -0.677165 -0.732283 
vn -0.535433 0.00787402 -0.84252 
vn -0.692913 0.598425 -0.393701 
vn 0.826772 0.15748 0.535433 
vn 0.0629921 0.622047 0.779528 
vn -0.299213 0.685039 -0.669291 
vn 0.015748 1 0.0393701 
vn 0.015748 0.732283 -0.677165 
vn 0.00787402 0.0866142 -1 
vn -0.102362 0 -0.992126 
vn 0 -0.653543 -0.76378 
vn 0.149606 -0.677165 -0.724409 
vn 0.267717 -0.96063 -0.0393701 
vn -0.543307 -0.259843 -0.80315 
vn -0.866142 -0.480315 -0.11811 
vn -0.700787 -0.19685 -0.685039 
vn -0.724409 -0.015748 -0.685039 
vn -0.992126 -0.0866142 0.0472441 
vn -0.015748 0.0629921 -1 
vn 0.685039 0.0866142 -0.716535 
vn -0.0866142 -0.023622 -0.992126 
vn 0.645669 0.322835 0.692913 
vn 0.771654 0.015748 0.637795 
vn 0.637795 -0.00787402 -0.771654 
vn 0.629921 0.125984 -0.76378 
vn -0.685039 0 0.724409 
vn -0.653543 -0.133858 0.748031 
vn -0.755906 -0.0393701 -0.661417 
vn -0.748031 -0.204724 -0.637795 
vn -0.0944882 -0.0551181 -0.992126 

vt 44.0175 -40.9256 
vt 44.0174 -40.9262 
vt 44.0169 -40.9349 
vt 44.0175 -40.9346 
vt 44.0191 -40.9345 
vt 44.0215 -40.9258 
vt 44.0213 -40.9349 
vt 44.0189 -40.9152 
vt 44.0191 -40.9263 
vt 44.0164 -40.9163 
vt 44.0206 -40.9346 
vt 44.0181 -40.916 
vt 44.0208 -40.9261 
vt 44.0155 -40.9079 
vt 44.016 -40.9223 
vt 44.009 -40.9006 
vt 44.0103 -40.9087 
vt 44.0152 -40.9219 
vt 44.0089 -40.9098 
vt 44.0136 -40.9219 
vt 44.0123 -40.9492 
vt 44.0133 -41.0555 
vt 44.0111 -41.0725 
vt 44.0127 -41.0548 
vt 44.0115 -41.0736 
vt 44.0097 -41.0716 
vt 44.0112 -41.0543 
vt 44.003 -41.0811 
vt 44.0038 -41.0823 
vt 44.0036 -41.0835 
vt 44.0095 -41.0544 
vt 44.0087 -41.0311 
vt 44.0081 -41.0713 
vt 44.0071 -41.0718 
vt 44.0014 -41.0804 
vt 44.0001 -41.0805 
vt 43.9948 -41.0874 
vt 43.9937 -41.0862 
vt 43.9967 -41.0881 
vt 43.996 -41.0882 
vt 43.9899 -41.0914 
vt 43.9886 -41.0919 
vt 43.9872 -41.0911 
vt 43.9934 -41.0851 
vt 43.9867 -41.088 
vt 43.9864 -41.0896 
vt 43.9802 -41.0925 
vt 43.9798 -41.0941 
vt 43.9805 -41.0954 
vt 43.983 -41.0976 
vt 43.9825 -41.0993 
vt 43.981 -41.1 
vt 43.9807 -41.0957 
vt 44.0148 -40.9161 
vt 44.012 -40.9725 
vt 44.0145 -40.9728 
vt 44.0139 -40.9732 
vt 44.0088 -40.9501 
vt 44.012 -40.9224 
vt 44.009 -40.9493 
vt 44.0107 -40.9491 
vt 44.0123 -40.9735 
vt 44.0106 -40.9735 
vt 44.0149 -40.999 
vt 44.0133 -40.999 
vt 44.0121 -41.031 
vt 44.0116 -40.9991 
vt 44.0104 -41.0309 
vt 44.039 -41.0145 
vt 44.0497 -41.0168 
vt 44.0494 -41.0151 
vt 44.039 -41.0128 
vt 44.049 -41.0183 
vt 44.0546 -41.0175 
vt 44.0529 -41.0215 
vt 44.0361 -41.0155 
vt 44.0229 -41.0122 
vt 44.0382 -41.016 
vt 44.0075 -41.0102 
vt 44.0234 -41.0106 
vt 43.9941 -41.013 
vt 43.995 -41.0128 
vt 44.0071 -41.0087 
vt 43.9825 -41.016 
vt 44.0237 -41.009 
vt 43.9932 -41.012 
vt 43.9926 -41.0103 
vt 43.981 -41.0152 
vt 44.0071 -41.007 
vt 44.0075 -41.006 
vt 43.9927 -41.0089 
vt 43.9804 -41.0136 
vt 44.008 -41.0063 
vt 43.9489 -41.0097 
vt 43.948 -41.0036 
vt 43.9511 -41.0071 
vt 43.946 -41.0014 
vt 43.9471 -41.0001 
vt 43.9485 -40.9999 
vt 43.945 -40.9937 
vt 43.9493 -41.0007 
vt 43.9481 -40.9899 
vt 43.9535 -40.9837 
vt 43.9542 -40.9841 
vt 43.9543 -40.9832 
vt 43.949 -40.9893 
vt 43.9478 -40.9941 
vt 43.9482 -40.9879 
vt 43.9461 -40.9934 
vt 43.947 -40.9867 
vt 43.9539 -40.9817 
vt 43.9462 -40.9864 
vt 43.9532 -40.9802 
vt 43.9588 -40.979 
vt 43.959 -40.9822 
vt 43.959 -40.9805 
vt 43.9621 -40.979 
vt 43.9621 -40.9806 
vt 43.9621 -40.9785 
vt 43.9621 -40.9822 
vt 43.9506 -40.9148 
vt 43.961 -40.9053 
vt 43.9519 -40.9154 
vt 43.947 -40.9259 
vt 43.9454 -40.9256 
vt 43.9487 -40.9262 
vt 43.9465 -40.9352 
vt 43.9481 -40.9349 
vt 43.9496 -40.9346 
vt 43.9494 -40.9263 
vt 43.9639 -40.9079 
vt 43.9767 -40.9039 
vt 43.9925 -40.9021 
vt 43.9763 -40.9006 
vt 44.0074 -40.9087 
vt 43.9929 -40.9016 
vt 43.9925 -40.903 
vt 44.0073 -40.9098 
vt 43.9764 -40.9023 
vt 43.992 -40.9047 
vt 44.0407 -41.0555 
vt 44.0511 -41.0716 
vt 44.052 -41.0835 
vt 44.0423 -41.0544 
vt 44.0341 -41.0311 
vt 44.0505 -41.0713 
vt 44.0408 -41.0549 
vt 44.0325 -41.0314 
vt 44.0392 -41.0556 
vt 44.0489 -41.0718 
vt 44.054 -41.0804 
vt 44.0475 -41.0729 
vt 44.0529 -41.0805 
vt 44.047 -41.0738 
vt 44.0515 -41.0816 
vt 44.0507 -41.0829 
vt 44.0465 -41.0957 
vt 44.053 -41.088 
vt 44.0538 -41.0896 
vt 44.0468 -41.0925 
vt 44.0473 -41.0941 
vt 44.0412 -41.0962 
vt 44.041 -41.0954 
vt 44.0379 -41.0961 
vt 44.0379 -41.0953 
vt 44.0379 -41.0978 
vt 44.0414 -41.0978 
vt 44.0379 -41.0994 
vt 44.0379 -41.0993 
vt 44.0415 -41.0994 
vt 44.0415 -41.1 
vt 44.0474 -41.0957 
vt 43.9619 -40.9066 
vt 43.9631 -40.9079 
vt 43.9534 -40.9161 
vt 44.0055 -40.9126 
vt 44.0065 -40.9114 
vt 44.0153 -40.9236 
vt 44.0159 -40.9236 
vt 44.0279 -40.9725 
vt 44.0234 -40.9501 
vt 44.0175 -40.923 
vt 44.0287 -40.9728 
vt 44.0251 -40.9497 
vt 44.019 -40.9224 
vt 44.0267 -40.9493 
vt 44.0303 -40.9733 
vt 44.032 -40.9735 
vt 44.0297 -40.9991 
vt 44.0281 -40.9994 
vt 44.0264 -40.9996 
vt 44.0308 -41.0317 
vt 43.9855 -40.9048 
vt 43.9832 -40.9145 
vt 43.9849 -40.9148 
vt 43.9817 -40.9146 
vt 43.9825 -40.9256 
vt 43.9809 -40.9254 
vt 43.9825 -40.9352 
vt 43.9831 -40.9349 
vt 43.9809 -40.9353 
vt 43.9794 -40.9352 
vt 43.9792 -40.9255 
vt 43.9785 -40.9258 
vt 43.9787 -40.9349 
vt 43.9845 -40.9079 
vt 43.9872 -40.9114 
vt 43.984 -40.9223 
vt 43.991 -40.9006 
vt 43.9877 -40.9492 
vt 43.9867 -41.0555 
vt 43.9893 -41.0741 
vt 43.9876 -41.056 
vt 43.9893 -41.0561 
vt 43.9885 -41.0736 
vt 43.9903 -41.0716 
vt 43.9964 -41.0835 
vt 43.9908 -41.0556 
vt 43.9929 -41.0718 
vt 43.9986 -41.0804 
vt 43.9924 -41.0729 
vt 43.9909 -41.0738 
vt 44.0001 -41.0816 
vt 43.9978 -41.0837 
vt 43.9993 -41.0829 
vt 44.0033 -41.0881 
vt 44.0036 -41.0871 
vt 44.0047 -41.0858 
vt 44.01 -41.0898 
vt 44.0101 -41.0914 
vt 44.0159 -41.0941 
vt 44.0168 -41.0925 
vt 44.0107 -41.0883 
vt 44.0059 -41.085 
vt 44.0121 -41.0875 
vt 44.0136 -41.0896 
vt 44.0198 -41.0925 
vt 44.019 -41.1 
vt 43.9882 -40.9066 
vt 43.9886 -40.9126 
vt 43.9904 -40.9126 
vt 43.9845 -40.9231 
vt 43.9861 -40.9236 
vt 43.9878 -40.95 
vt 43.9878 -40.9236 
vt 43.9896 -40.9502 
vt 43.9863 -40.9725 
vt 43.988 -40.9725 
vt 43.9855 -40.9728 
vt 43.9912 -40.9501 
vt 43.9897 -40.9728 
vt 43.988 -40.9224 
vt 43.9851 -40.999 
vt 43.9879 -41.031 
vt 43.9886 -40.9996 
vt 43.987 -40.9996 
vt 43.9915 -41.0317 
vt 43.9899 -41.0318 
vt 43.9853 -40.9995 
vt 43.9882 -41.0316 
vt 43.9454 -41.0175 
vt 43.9471 -41.0215 
vt 43.9525 -41.0189 
vt 43.9541 -41.0164 
vt 43.9538 -41.0181 
vt 43.9639 -41.0155 
vt 43.9775 -41.0121 
vt 43.9639 -41.0138 
vt 43.9772 -41.0104 
vt 43.9915 -41.0096 
vt 43.9767 -41.0088 
vt 43.9925 -41.0102 
vt 44.005 -41.0128 
vt 44.0175 -41.016 
vt 43.992 -41.0063 
vt 44.0477 -41.0107 
vt 44.0492 -41.0115 
vt 44.0533 -41.0038 
vt 44.052 -41.0036 
vt 44.047 -41.0091 
vt 44.0508 -41.0022 
vt 44.0507 -41.0007 
vt 44.0529 -40.9967 
vt 44.0517 -40.9964 
vt 44.051 -40.99 
vt 44.0544 -40.996 
vt 44.0519 -40.9899 
vt 44.0531 -40.9886 
vt 44.0538 -40.9872 
vt 44.0465 -40.9837 
vt 44.0522 -40.9941 
vt 44.0538 -40.9864 
vt 44.0379 -40.9785 
vt 44.0414 -40.9786 
vt 44.0379 -40.9793 
vt 44.0379 -40.9825 
vt 44.0414 -40.9825 
vt 44.0379 -40.9809 
vt 44.0415 -40.9794 
vt 44.0415 -40.981 
vt 44.0474 -40.9807 
vt 44.0471 -40.9822 
vt 43.9619 -41.0118 
vt 43.9631 -41.0122 
vt 43.9534 -41.0148 
vt 43.9915 -41.0078 
vt 44.0049 -41.0114 
vt 44.0055 -41.0096 
vt 44.0153 -41.0139 
vt 44.0159 -41.0122 
vt 44.019 -41.012 
vt 43.9465 -41.0175 
vt 43.9496 -41.0175 
vt 43.9481 -41.0169 
vt 43.9459 -41.0191 
vt 43.9502 -41.0191 
vt 43.9496 -41.0206 
vt 43.9465 -41.0206 
vt 43.9481 -41.0213 
vt 44.039 -40.9048 
vt 44.0494 -40.9148 
vt 44.049 -40.9146 
vt 44.0535 -40.9352 
vt 44.0545 -40.9255 
vt 44.0529 -40.9258 
vt 44.0519 -40.9349 
vt 44.0475 -40.9152 
vt 44.0506 -40.9263 
vt 44.0504 -40.9346 
vt 44.0462 -40.916 
vt 44.0513 -40.9261 
vt 44.0361 -40.9079 
vt 44.037 -40.9065 
vt 44.0226 -40.9023 
vt 44.0225 -40.904 
vt 44.0085 -40.9053 
vt 44.0229 -40.9007 
vt 44.0382 -40.9053 
vt 44.0075 -40.9021 
vt 44.0081 -40.9038 
vt 43.9941 -40.9098 
vt 43.995 -40.9114 
vt 44.0071 -40.9013 
vt 43.9825 -40.9223 
vt 44.0237 -40.9006 
vt 43.9932 -40.9087 
vt 43.981 -40.9219 
vt 43.9752 -40.9496 
vt 43.9735 -40.9492 
vt 44.008 -40.9047 
vt 43.9593 -41.0555 
vt 43.9523 -41.0741 
vt 43.9608 -41.056 
vt 43.9494 -41.0725 
vt 43.9578 -41.0548 
vt 43.9508 -41.0736 
vt 43.9489 -41.0716 
vt 43.9571 -41.0543 
vt 43.9467 -41.0823 
vt 43.948 -41.0835 
vt 43.953 -41.0738 
vt 43.949 -41.0898 
vt 43.9481 -41.0914 
vt 43.9535 -41.0957 
vt 43.9542 -41.0941 
vt 43.9543 -41.0925 
vt 43.9462 -41.0896 
vt 43.9532 -41.0925 
vt 43.959 -41.096 
vt 43.9621 -41.0953 
vt 43.9621 -41.096 
vt 43.9621 -41.0976 
vt 43.9588 -41.0976 
vt 43.9621 -41.0993 
vt 43.9586 -41.0993 
vt 43.9585 -41.1 
vt 43.984 -40.9231 
vt 43.9847 -40.9236 
vt 43.9768 -40.95 
vt 43.9715 -40.9725 
vt 43.9721 -40.9725 
vt 43.9699 -40.9728 
vt 43.9682 -40.9732 
vt 43.9723 -40.9992 
vt 43.981 -40.9224 
vt 43.968 -40.9735 
vt 43.9706 -40.999 
vt 43.9661 -41.031 
vt 43.9736 -40.9996 
vt 43.9692 -41.0317 
vt 43.9739 -40.9995 
vt 43.9694 -41.0316 
vt 43.9678 -41.0313 

usemtl Meshpart2Mtl

f 792/792/792 789/789/789 791/791/791 
f 792/792/792 796/796/796 789/789/789 
f 797/797/797 789/789/789 796/796/796 
f 798/798/798 796/796/796 792/792/792 
f 796/796/796 799/799/799 797/797/797 
f 798/798/798 800/800/800 796/796/796 
f 799/799/799 796/796/796 800/800/800 
f 806/806/806 807/807/807 804/804/804 
f 808/808/808 805/805/805 807/807/807 
f 811/811/811 813/813/813 810/810/810 
f 813/813/813 811/811/811 814/814/814 
f 815/815/815 810/810/810 813/813/813 
f 810/810/810 815/815/815 816/816/816 
f 813/813/813 814/814/814 818/818/818 
f 814/814/814 819/819/819 818/818/818 
f 813/813/813 818/818/818 820/820/820 
f 815/815/815 813/813/813 820/820/820 
f 820/820/820 822/822/822 815/815/815 
f 824/824/824 815/815/815 822/822/822 
f 822/822/822 825/825/825 824/824/824 
f 815/815/815 827/827/827 816/816/816 
f 815/815/815 824/824/824 827/827/827 
f 829/829/829 827/827/827 824/824/824 
f 824/824/824 830/830/830 829/829/829 
f 825/825/825 830/830/830 824/824/824 
f 825/825/825 823/823/823 831/831/831 
f 832/832/832 825/825/825 831/831/831 
f 825/825/825 832/832/832 833/833/833 
f 825/825/825 833/833/833 830/830/830 
f 835/835/835 830/830/830 833/833/833 
f 830/830/830 835/835/835 840/840/840 
f 789/789/789 797/797/797 841/841/841 
f 807/807/807 806/806/806 846/846/846 
f 848/848/848 807/807/807 846/846/846 
f 846/846/846 847/847/847 848/848/848 
f 807/807/807 848/848/848 808/808/808 
f 849/849/849 808/808/808 848/848/848 
f 847/847/847 849/849/849 848/848/848 
f 808/808/808 849/849/849 844/844/844 
f 849/849/849 847/847/847 850/850/850 
f 849/849/849 851/851/851 844/844/844 
f 851/851/851 849/849/849 852/852/852 
f 850/850/850 852/852/852 849/849/849 
f 853/853/853 851/851/851 852/852/852 
f 852/852/852 850/850/850 854/854/854 
f 855/855/855 852/852/852 854/854/854 
f 852/852/852 855/855/855 853/853/853 
f 854/854/854 819/819/819 855/855/855 
f 814/814/814 853/853/853 855/855/855 
f 819/819/819 814/814/814 855/855/855 
f 853/853/853 814/814/814 811/811/811 
f 856/856/856 857/857/857 858/858/858 
f 856/856/856 858/858/858 859/859/859 
f 856/856/856 860/860/860 857/857/857 
f 865/865/865 867/867/867 864/864/864 
f 866/866/866 864/864/864 867/867/867 
f 870/870/870 868/868/868 866/866/866 
f 867/867/867 870/870/870 866/866/866 
f 867/867/867 865/865/865 856/856/856 
f 860/860/860 856/856/856 865/865/865 
f 867/867/867 856/856/856 859/859/859 
f 870/870/870 867/867/867 872/872/872 
f 859/859/859 872/872/872 867/867/867 
f 870/870/870 874/874/874 873/873/873 
f 874/874/874 875/875/875 873/873/873 
f 874/874/874 870/870/870 876/876/876 
f 872/872/872 876/876/876 870/870/870 
f 877/877/877 878/878/878 874/874/874 
f 875/875/875 874/874/874 879/879/879 
f 883/883/883 885/885/885 884/884/884 
f 887/887/887 884/884/884 885/885/885 
f 894/894/894 885/885/885 886/886/886 
f 892/892/892 895/895/895 893/893/893 
f 885/885/885 894/894/894 896/896/896 
f 895/895/895 896/896/896 894/894/894 
f 896/896/896 895/895/895 897/897/897 
f 895/895/895 892/892/892 898/898/898 
f 898/898/898 897/897/897 895/895/895 
f 897/897/897 898/898/898 900/900/900 
f 901/901/901 900/900/900 898/898/898 
f 902/902/902 898/898/898 892/892/892 
f 898/898/898 903/903/903 901/901/901 
f 898/898/898 902/902/902 903/903/903 
f 903/903/903 904/904/904 901/901/901 
f 903/903/903 905/905/905 904/904/904 
f 902/902/902 905/905/905 903/903/903 
f 902/902/902 907/907/907 905/905/905 
f 909/909/909 908/908/908 910/910/910 
f 908/908/908 911/911/911 910/910/910 
f 908/908/908 912/912/912 911/911/911 
f 910/910/910 911/911/911 913/913/913 
f 914/914/914 911/911/911 912/912/912 
f 911/911/911 914/914/914 915/915/915 
f 915/915/915 913/913/913 911/911/911 
f 913/913/913 915/915/915 916/916/916 
f 924/924/924 922/922/922 923/923/923 
f 921/921/921 924/924/924 923/923/923 
f 924/924/924 921/921/921 926/926/926 
f 927/927/927 925/925/925 924/924/924 
f 926/926/926 927/927/927 924/924/924 
f 932/932/932 934/934/934 931/931/931 
f 934/934/934 932/932/932 935/935/935 
f 935/935/935 936/936/936 934/934/934 
f 937/937/937 931/931/931 934/934/934 
f 931/931/931 937/937/937 933/933/933 
f 937/937/937 934/934/934 936/936/936 
f 937/937/937 938/938/938 933/933/933 
f 937/937/937 936/936/936 939/939/939 
f 940/940/940 937/937/937 939/939/939 
f 940/940/940 939/939/939 942/942/942 
f 947/947/947 946/946/946 945/945/945 
f 946/946/946 947/947/947 948/948/948 
f 949/949/949 948/948/948 947/947/947 
f 953/953/953 949/949/949 951/951/951 
f 953/953/953 954/954/954 949/949/949 
f 948/948/948 949/949/949 954/954/954 
f 955/955/955 954/954/954 953/953/953 
f 955/955/955 957/957/957 954/954/954 
f 959/959/959 954/954/954 957/957/957 
f 954/954/954 959/959/959 948/948/948 
f 960/960/960 926/926/926 921/921/921 
f 921/921/921 909/909/909 960/960/960 
f 926/926/926 960/960/960 961/961/961 
f 909/909/909 910/910/910 960/960/960 
f 927/927/927 926/926/926 919/919/919 
f 961/961/961 919/919/919 926/926/926 
f 960/960/960 962/962/962 961/961/961 
f 960/960/960 910/910/910 962/962/962 
f 910/910/910 913/913/913 962/962/962 
f 927/927/927 963/963/963 964/964/964 
f 925/925/925 927/927/927 964/964/964 
f 966/966/966 964/964/964 963/963/963 
f 968/968/968 969/969/969 966/966/966 
f 964/964/964 966/966/966 969/969/969 
f 969/969/969 968/968/968 971/971/971 
f 970/970/970 971/971/971 968/968/968 
f 972/972/972 964/964/964 969/969/969 
f 964/964/964 972/972/972 925/925/925 
f 973/973/973 972/972/972 969/969/969 
f 969/969/969 971/971/971 973/973/973 
f 974/974/974 973/973/973 971/971/971 
f 971/971/971 970/970/970 974/974/974 
f 973/973/973 974/974/974 975/975/975 
f 976/976/976 975/975/975 974/974/974 
f 974/974/974 977/977/977 976/976/976 
f 977/977/977 974/974/974 970/970/970 
f 932/932/932 976/976/976 977/977/977 
f 977/977/977 935/935/935 932/932/932 
f 970/970/970 978/978/978 977/977/977 
f 935/935/935 977/977/977 978/978/978 
f 978/978/978 979/979/979 935/935/935 
f 936/936/936 935/935/935 979/979/979 
f 981/981/981 984/984/984 982/982/982 
f 981/981/981 985/985/985 984/984/984 
f 983/983/983 985/985/985 981/981/981 
f 984/984/984 988/988/988 986/986/986 
f 988/988/988 984/984/984 985/985/985 
f 985/985/985 989/989/989 988/988/988 
f 989/989/989 985/985/985 990/990/990 
f 983/983/983 990/990/990 985/985/985 
f 999/999/999 1001/1001/1001 1000/1000/1000 
f 1008/1008/1008 1005/1005/1005 1001/1001/1001 
f 1001/1001/1001 1009/1009/1009 1008/1008/1008 
f 1001/1001/1001 999/999/999 1009/1009/1009 
f 1010/1010/1010 1008/1008/1008 1009/1009/1009 
f 1011/1011/1011 1009/1009/1009 999/999/999 
f 1009/1009/1009 1012/1012/1012 1010/1010/1010 
f 1009/1009/1009 1011/1011/1011 1012/1012/1012 
f 1014/1014/1014 1012/1012/1012 1011/1011/1011 
f 1015/1015/1015 1010/1010/1010 1012/1012/1012 
f 1012/1012/1012 1014/1014/1014 1015/1015/1015 
f 1016/1016/1016 1015/1015/1015 1014/1014/1014 
f 1016/1016/1016 1013/1013/1013 1017/1017/1017 
f 1019/1019/1019 1016/1016/1016 1018/1018/1018 
f 1015/1015/1015 1016/1016/1016 1020/1020/1020 
f 1019/1019/1019 1020/1020/1020 1016/1016/1016 
f 1020/1020/1020 1021/1021/1021 1015/1015/1015 
f 1010/1010/1010 1015/1015/1015 1021/1021/1021 
f 1021/1021/1021 1020/1020/1020 1022/1022/1022 
f 1029/1029/1029 1027/1027/1027 994/994/994 
f 1027/1027/1027 1029/1029/1029 1030/1030/1030 
f 1031/1031/1031 1030/1030/1030 1029/1029/1029 
f 1030/1030/1030 1031/1031/1031 1033/1033/1033 
f 1033/1033/1033 1032/1032/1032 1030/1030/1030 
f 1031/1031/1031 1035/1035/1035 1033/1033/1033 
f 1031/1031/1031 1034/1034/1034 1035/1035/1035 
f 1032/1032/1032 1033/1033/1033 1037/1037/1037 
f 1033/1033/1033 1038/1038/1038 1037/1037/1037 
f 1033/1033/1033 1035/1035/1035 1038/1038/1038 
f 1038/1038/1038 1043/1043/1043 1042/1042/1042 
f 1043/1043/1043 1038/1038/1038 1035/1035/1035 
f 1045/1045/1045 1042/1042/1042 1043/1043/1043 
f 1042/1042/1042 1045/1045/1045 1044/1044/1044 
f 1035/1035/1035 1046/1046/1046 1043/1043/1043 
f 1046/1046/1046 1035/1035/1035 1034/1034/1034 
f 1045/1045/1045 1005/1005/1005 1044/1044/1044 
f 1047/1047/1047 1043/1043/1043 1046/1046/1046 
f 1043/1043/1043 1047/1047/1047 1045/1045/1045 
f 1000/1000/1000 1045/1045/1045 1047/1047/1047 
f 1045/1045/1045 1000/1000/1000 1001/1001/1001 
f 1045/1045/1045 1001/1001/1001 1005/1005/1005 
f 1053/1053/1053 1051/1051/1051 1052/1052/1052 
f 1054/1054/1054 1055/1055/1055 1053/1053/1053 
f 1051/1051/1051 1053/1053/1053 1055/1055/1055 
f 1055/1055/1055 1054/1054/1054 1056/1056/1056 
f 1057/1057/1057 1056/1056/1056 1054/1054/1054 
f 1055/1055/1055 1056/1056/1056 1058/1058/1058 
f 1063/1063/1063 1066/1066/1066 1068/1068/1068 
f 1070/1070/1070 1068/1068/1068 1066/1066/1066 
f 1065/1065/1065 1070/1070/1070 1066/1066/1066 
f 1068/1068/1068 1070/1070/1070 1071/1071/1071 
f 1070/1070/1070 1072/1072/1072 1071/1071/1071 
f 1065/1065/1065 1073/1073/1073 1070/1070/1070 
f 1073/1073/1073 1074/1074/1074 1070/1070/1070 
f 1073/1073/1073 1075/1075/1075 1074/1074/1074 
f 1077/1077/1077 1074/1074/1074 1075/1075/1075 
f 1084/1084/1084 1085/1085/1085 1083/1083/1083 
f 1085/1085/1085 1086/1086/1086 1082/1082/1082 
f 1085/1085/1085 1084/1084/1084 1087/1087/1087 
f 1085/1085/1085 1087/1087/1087 1086/1086/1086 
f 1077/1077/1077 1087/1087/1087 1084/1084/1084 
f 1087/1087/1087 1088/1088/1088 1086/1086/1086 
f 1087/1087/1087 1089/1089/1089 1088/1088/1088 
f 1076/1076/1076 1088/1088/1088 1089/1089/1089 
f 1087/1087/1087 1077/1077/1077 1089/1089/1089 
f 1089/1089/1089 1075/1075/1075 1076/1076/1076 
f 1075/1075/1075 1089/1089/1089 1077/1077/1077 
f 1058/1058/1058 1091/1091/1091 1055/1055/1055 
f 1091/1091/1091 1051/1051/1051 1055/1055/1055 
f 1051/1051/1051 1091/1091/1091 1092/1092/1092 
f 1058/1058/1058 1093/1093/1093 1062/1062/1062 
f 1093/1093/1093 1058/1058/1058 1056/1056/1056 
f 1056/1056/1056 1057/1057/1057 1093/1093/1093 
f 1094/1094/1094 1093/1093/1093 1057/1057/1057 
f 1057/1057/1057 1060/1060/1060 1094/1094/1094 
f 1095/1095/1095 1062/1062/1062 1093/1093/1093 
f 1093/1093/1093 1094/1094/1094 1095/1095/1095 
f 1096/1096/1096 1095/1095/1095 1094/1094/1094 
f 1095/1095/1095 1096/1096/1096 1097/1097/1097 
f 1099/1099/1099 1100/1100/1100 1101/1101/1101 
f 1100/1100/1100 1099/1099/1099 1102/1102/1102 
f 1100/1100/1100 1102/1102/1102 1103/1103/1103 
f 1102/1102/1102 1104/1104/1104 1103/1103/1103 
f 1104/1104/1104 1102/1102/1102 1105/1105/1105 
f 1104/1104/1104 1105/1105/1105 1106/1106/1106 
f 1112/1112/1112 1110/1110/1110 1111/1111/1111 
f 1109/1109/1109 1112/1112/1112 1111/1111/1111 
f 1110/1110/1110 1112/1112/1112 1113/1113/1113 
f 1112/1112/1112 1109/1109/1109 1114/1114/1114 
f 1113/1113/1113 1118/1118/1118 1116/1116/1116 
f 1118/1118/1118 1113/1113/1113 1112/1112/1112 
f 1114/1114/1114 1118/1118/1118 1112/1112/1112 
f 1118/1118/1118 1114/1114/1114 1117/1117/1117 
f 1117/1117/1117 1120/1120/1120 1119/1119/1119 
f 1121/1121/1121 1119/1119/1119 1120/1120/1120 
f 1120/1120/1120 1117/1117/1117 1114/1114/1114 
f 1119/1119/1119 1121/1121/1121 1122/1122/1122 
f 1121/1121/1121 1123/1123/1123 1122/1122/1122 
f 1120/1120/1120 1124/1124/1124 1121/1121/1121 
f 1124/1124/1124 1120/1120/1120 1125/1125/1125 
f 1114/1114/1114 1125/1125/1125 1120/1120/1120 
f 1126/1126/1126 1121/1121/1121 1124/1124/1124 
f 1121/1121/1121 1126/1126/1126 1127/1127/1127 
f 1121/1121/1121 1127/1127/1127 1123/1123/1123 
f 1125/1125/1125 1114/1114/1114 1109/1109/1109 
f 1128/1128/1128 1127/1127/1127 1126/1126/1126 
f 1129/1129/1129 1123/1123/1123 1127/1127/1127 
f 1127/1127/1127 1128/1128/1128 1129/1129/1129 
f 1131/1131/1131 1129/1129/1129 1128/1128/1128 
f 1128/1128/1128 1130/1130/1130 1133/1133/1133 
f 1131/1131/1131 1128/1128/1128 1133/1133/1133 
f 1133/1133/1133 1134/1134/1134 1131/1131/1131 
f 1134/1134/1134 1135/1135/1135 1131/1131/1131 
f 1135/1135/1135 1134/1134/1134 1136/1136/1136 
f 1138/1138/1138 1139/1139/1139 1140/1140/1140 
f 1141/1141/1141 1138/1138/1138 1142/1142/1142 
f 1139/1139/1139 1138/1138/1138 1143/1143/1143 
f 1138/1138/1138 1141/1141/1141 1143/1143/1143 
f 1146/1146/1146 1143/1143/1143 1141/1141/1141 
f 1147/1147/1147 1139/1139/1139 1143/1143/1143 
f 1143/1143/1143 1146/1146/1146 1147/1147/1147 
f 1152/1152/1152 1149/1149/1149 1150/1150/1150 
f 1150/1150/1150 1151/1151/1151 1152/1152/1152 
f 1156/1156/1156 1153/1153/1153 1152/1152/1152 
f 1156/1156/1156 1159/1159/1159 1158/1158/1158 
f 1159/1159/1159 1156/1156/1156 1160/1160/1160 
f 1152/1152/1152 1160/1160/1160 1156/1156/1156 
f 1160/1160/1160 1161/1161/1161 1159/1159/1159 
f 1160/1160/1160 1152/1152/1152 1151/1151/1151 
f 1161/1161/1161 1160/1160/1160 1162/1162/1162 
f 1151/1151/1151 1162/1162/1162 1160/1160/1160 
f 1129/1129/1129 1131/1131/1131 1164/1164/1164 
f 1135/1135/1135 1164/1164/1164 1131/1131/1131 
f 1164/1164/1164 1135/1135/1135 1166/1166/1166 
f 1135/1135/1135 1167/1167/1167 1166/1166/1166 
f 1167/1167/1167 1135/1135/1135 1169/1169/1169 
f 1136/1136/1136 1169/1169/1169 1135/1135/1135 
f 1169/1169/1169 1136/1136/1136 1170/1170/1170 
f 1171/1171/1171 1167/1167/1167 1169/1169/1169 
f 1174/1174/1174 1169/1169/1169 1170/1170/1170 
f 1169/1169/1169 1174/1174/1174 1171/1171/1171 
f 1175/1175/1175 1171/1171/1171 1174/1174/1174 
f 1167/1167/1167 1171/1171/1171 1178/1178/1178 
f 1180/1180/1180 1178/1178/1178 1171/1171/1171 
f 1178/1178/1178 1180/1180/1180 1179/1179/1179 
f 1171/1171/1171 1175/1175/1175 1180/1180/1180 
f 1175/1175/1175 1138/1138/1138 1180/1180/1180 
f 1180/1180/1180 1140/1140/1140 1179/1179/1179 
f 1140/1140/1140 1180/1180/1180 1138/1138/1138 
f 1138/1138/1138 1175/1175/1175 1142/1142/1142 

g Meshpart3

v -279.712 6.48317 0.424951 
v -279.733 6.45561 0.470363 
v -279.666 6.333 0.424951 
v -279.712 6.333 0.480569 
v -279.666 4.65981 0.424951 
v -279.712 4.65981 0.480569 
v -279.733 4.5372 0.470363 
v -279.712 4.50964 0.424951 
v -279.712 6.48317 0.0433109 
v -279.733 6.45561 -0.00209914 
v -279.666 6.333 0.0433109 
v -279.712 6.333 -0.0123051 
v -279.712 4.65981 -0.0123051 
v -279.666 4.65981 0.0433109 
v -279.733 4.5372 -0.00209914 
v -279.712 4.50964 0.0433109 
v -279.712 4.50964 0.424951 
v -279.712 4.50964 0.0433109 
v -279.712 6.48317 0.424951 
v -279.666 4.65981 0.0433109 
v -279.712 6.48317 0.0433109 
v -279.666 4.65981 0.424951 
v -279.666 6.333 0.424951 
v -279.666 6.333 0.0433109 
v -281.063 6.49846 0.485593 
v -281.063 6.56163 0.429113 
v -281.174 6.48317 0.424951 
v -281.154 6.45561 0.470363 
v -279.824 6.49846 0.485593 
v -279.712 6.48317 0.424951 
v -279.733 6.45561 0.470363 
v -279.824 6.34597 -0.0407231 
v -279.824 6.49846 -0.0173292 
v -280.094 6.49528 0.0561348 
v -279.712 6.48317 0.0433109 
v -279.733 6.45561 -0.00209914 
v -280.443 6.56725 0.0377129 
v -280.793 6.49528 0.0561348 
v -281.063 6.49846 -0.0173292 
v -281.174 6.48317 0.0433109 
v -281.063 6.34597 -0.0407231 
v -281.154 6.45561 -0.00209914 
v -281.174 6.48317 0.424951 
v -281.174 6.48317 0.0433109 
v -281.063 6.56163 0.0391509 
v -281.063 6.56163 0.429113 
v -280.793 6.49528 0.412127 
v -280.793 6.49528 0.0561348 
v -280.65 6.54537 0.0433109 
v -280.65 6.54537 0.424951 
v -280.443 6.56725 0.0377129 
v -280.443 6.56725 0.430551 
v -280.237 6.54537 0.424951 
v -280.237 6.54537 0.0433109 
v -280.094 6.49528 0.0561348 
v -280.094 6.49528 0.412127 
v -279.824 6.56163 0.0391509 
v -279.824 6.56163 0.429113 
v -279.712 6.48317 0.424951 
v -279.712 6.48317 0.0433109 
v -281.063 4.64684 0.508987 
v -280.793 6.29305 0.487025 
v -281.063 6.34597 0.508987 
v -280.793 4.69976 0.487025 
v -280.65 6.333 0.503605 
v -280.793 6.43605 0.465089 
v -281.063 6.49846 0.485593 
v -280.793 6.49528 0.412127 
v -281.063 6.56163 0.429113 
v -281.174 6.48317 0.424951 
v -280.65 6.48317 0.480569 
v -280.65 6.54537 0.424951 
v -281.154 6.45561 0.470363 
v -281.22 6.333 0.424951 
v -281.174 6.333 0.480569 
v -281.174 4.65981 0.480569 
v -281.22 4.65981 0.424951 
v -281.154 4.5372 0.470363 
v -281.174 4.50964 0.424951 
v -281.063 4.49435 0.485593 
v -281.063 4.43118 0.429113 
v -280.793 4.49754 0.412127 
v -280.793 4.55677 0.465089 
v -280.65 4.65981 0.503605 
v -280.65 4.50964 0.480569 
v -280.65 4.44744 0.424951 
v -280.443 4.64236 0.510845 
v -280.443 4.48906 0.487327 
v -280.443 4.42557 0.430551 
v -280.237 4.44744 0.424951 
v -280.237 4.50964 0.480569 
v -280.094 4.49754 0.412127 
v -280.443 6.35045 0.510845 
v -280.237 4.65981 0.503605 
v -280.443 6.50375 0.487327 
v -280.443 6.56725 0.430551 
v -280.237 6.54537 0.424951 
v -280.237 6.48317 0.480569 
v -280.094 6.49528 0.412127 
v -280.237 6.333 0.503605 
v -280.094 6.43605 0.465089 
v -279.824 6.49846 0.485593 
v -279.824 6.56163 0.429113 
v -279.712 6.48317 0.424951 
v -280.094 6.29305 0.487025 
v -279.824 6.34597 0.508987 
v -279.733 6.45561 0.470363 
v -279.666 6.333 0.424951 
v -279.712 6.333 0.480569 
v -279.666 4.65981 0.424951 
v -280.094 4.69976 0.487025 
v -280.094 4.55677 0.465089 
v -279.712 4.65981 0.480569 
v -279.824 4.64684 0.508987 
v -279.733 4.5372 0.470363 
v -279.712 4.50964 0.424951 
v -279.824 4.49435 0.485593 
v -279.824 4.43118 0.429113 
v -281.174 6.48317 0.424951 
v -281.154 6.45561 0.470363 
v -281.22 6.333 0.424951 
v -281.174 6.333 0.480569 
v -281.174 4.65981 0.480569 
v -281.22 4.65981 0.424951 
v -281.154 4.5372 0.470363 
v -281.174 4.50964 0.424951 
v -281.174 6.48317 0.0433109 
v -281.154 6.45561 -0.00209914 
v -281.22 6.333 0.0433109 
v -281.174 6.333 -0.0123051 
v -281.22 4.65981 0.0433109 
v -281.174 4.65981 -0.0123051 
v -281.154 4.5372 -0.00209914 
v -281.174 4.50964 0.0433109 
v -281.22 6.333 0.0433109 
v -281.22 4.65981 0.0433109 
v -281.22 4.65981 0.424951 
v -281.174 4.50964 0.0433109 
v -281.22 6.333 0.424951 
v -281.174 4.50964 0.424951 
v -281.174 6.48317 0.424951 
v -281.174 6.48317 0.0433109 
v -281.063 4.64684 0.508987 
v -281.154 4.5372 0.470363 
v -281.174 4.50964 0.424951 
v -281.063 4.49435 0.485593 
v -280.793 4.49754 0.412127 
v -280.094 4.49754 0.412127 
v -279.733 4.5372 0.470363 
v -279.712 4.50964 0.424951 
v -279.824 4.49435 0.485593 
v -279.824 4.43118 0.429113 
v -279.824 4.64684 -0.0407231 
v -279.733 4.5372 -0.00209914 
v -279.712 4.50964 0.0433109 
v -279.824 4.49435 -0.0173292 
v -280.094 4.49754 0.0561348 
v -280.443 4.42557 0.0377129 
v -281.154 4.5372 -0.00209914 
v -281.174 4.50964 0.0433109 
v -281.063 4.49435 -0.0173292 
v -281.174 4.50964 0.0433109 
v -281.174 4.50964 0.424951 
v -281.063 4.43118 0.0391509 
v -281.063 4.43118 0.429113 
v -280.793 4.49754 0.412127 
v -280.793 4.49754 0.0561348 
v -280.65 4.44744 0.424951 
v -280.65 4.44744 0.0433109 
v -280.443 4.42557 0.0377129 
v -280.443 4.42557 0.430551 
v -280.237 4.44744 0.424951 
v -280.237 4.44744 0.0433109 
v -280.094 4.49754 0.412127 
v -280.094 4.49754 0.0561348 
v -279.824 4.43118 0.0391509 
v -279.824 4.43118 0.429113 
v -279.712 4.50964 0.424951 
v -279.712 4.50964 0.0433109 
v -280.094 6.29305 -0.0187631 
v -279.824 4.64684 -0.0407231 
v -280.094 4.69976 -0.0187631 
v -280.237 6.333 -0.0353431 
v -279.824 6.34597 -0.0407231 
v -280.094 6.43605 0.00317486 
v -279.824 6.49846 -0.0173292 
v -280.094 6.49528 0.0561348 
v -279.824 6.56163 0.0391509 
v -279.712 6.48317 0.0433109 
v -280.237 6.48317 -0.0123051 
v -280.237 6.54537 0.0433109 
v -279.733 6.45561 -0.00209914 
v -279.666 6.333 0.0433109 
v -279.712 6.333 -0.0123051 
v -279.712 4.65981 -0.0123051 
v -279.666 4.65981 0.0433109 
v -279.733 4.5372 -0.00209914 
v -279.712 4.50964 0.0433109 
v -279.824 4.49435 -0.0173292 
v -279.824 4.43118 0.0391509 
v -280.094 4.49754 0.0561348 
v -280.094 4.55677 0.00317486 
v -280.237 4.65981 -0.0353431 
v -280.237 4.50964 -0.0123051 
v -280.237 4.44744 0.0433109 
v -280.443 4.64236 -0.0425831 
v -280.443 4.48906 -0.0190651 
v -280.443 4.42557 0.0377129 
v -280.65 4.44744 0.0433109 
v -280.65 4.50964 -0.0123051 
v -280.793 4.49754 0.0561348 
v -280.443 6.35045 -0.0425831 
v -280.65 4.65981 -0.0353431 
v -280.443 6.50375 -0.0190651 
v -280.443 6.56725 0.0377129 
v -280.65 6.54537 0.0433109 
v -280.65 6.48317 -0.0123051 
v -280.793 6.49528 0.0561348 
v -280.65 6.333 -0.0353431 
v -280.793 6.43605 0.00317486 
v -281.063 6.49846 -0.0173292 
v -281.063 6.56163 0.0391509 
v -281.174 6.48317 0.0433109 
v -280.793 6.29305 -0.0187631 
v -281.063 6.34597 -0.0407231 
v -281.154 6.45561 -0.00209914 
v -281.22 6.333 0.0433109 
v -281.174 6.333 -0.0123051 
v -281.22 4.65981 0.0433109 
v -280.793 4.69976 -0.0187631 
v -281.174 4.65981 -0.0123051 
v -281.063 4.64684 -0.0407231 
v -280.793 4.55677 0.00317486 
v -281.154 4.5372 -0.00209914 
v -281.174 4.50964 0.0433109 
v -281.063 4.49435 -0.0173292 
v -281.063 4.43118 0.0391509 

vn 0.645669 0.425197 0.629921 
vn 0.519685 0.330709 0.787402 
vn 0.779528 0.0944882 0.614173 
vn 0.551181 0.0866142 0.826772 
vn 0.779528 -0.0944882 0.614173 
vn 0.551181 -0.0866142 0.826772 
vn 0.519685 -0.330709 0.787402 
vn 0.645669 -0.425197 0.629921 
vn 0.645669 0.425197 -0.629921 
vn 0.519685 0.330709 -0.787402 
vn 0.779528 0.0944882 -0.614173 
vn 0.551181 0.0866142 -0.826772 
vn 0.551181 -0.0866142 -0.826772 
vn 0.779528 -0.0944882 -0.614173 
vn 0.519685 -0.330709 -0.787402 
vn 0.645669 -0.425197 -0.629921 
vn 0.826772 -0.566929 0 
vn 0.826772 -0.566929 0 
vn 0.826772 0.566929 0 
vn 0.992126 -0.149606 0 
vn 0.826772 0.566929 0 
vn 0.992126 -0.149606 0 
vn 0.992126 0.149606 0 
vn 0.992126 0.149606 0 
vn -0.0944882 0.433071 0.897638 
vn -0.102362 0.677165 0.732283 
vn -0.645669 0.425197 0.629921 
vn -0.519685 0.330709 0.787402 
vn 0.102362 0.433071 0.897638 
vn 0.645669 0.425197 0.629921 
vn 0.519685 0.330709 0.787402 
vn 0.0787402 0.0787402 -0.992126 
vn 0.102362 0.433071 -0.897638 
vn 0.0472441 0.669291 -0.748031 
vn 0.645669 0.425197 -0.629921 
vn 0.519685 0.330709 -0.787402 
vn 0 0.669291 -0.748031 
vn -0.0472441 0.669291 -0.748031 
vn -0.0944882 0.433071 -0.897638 
vn -0.645669 0.425197 -0.629921 
vn -0.0787402 0.0787402 -0.992126 
vn -0.519685 0.330709 -0.787402 
vn -0.826772 0.566929 0 
vn -0.826772 0.566929 0 
vn -0.204724 0.976378 0 
vn -0.204724 0.976378 0 
vn -0.0551181 1 0 
vn -0.0551181 1 0 
vn -0.212598 0.976378 0 
vn -0.212598 0.976378 0 
vn 0 1 0 
vn 0 1 0 
vn 0.212598 0.976378 0 
vn 0.212598 0.976378 0 
vn 0.0551181 1 0 
vn 0.0551181 1 0 
vn 0.204724 0.976378 0 
vn 0.204724 0.976378 0 
vn 0.826772 0.566929 0 
vn 0.826772 0.566929 0 
vn -0.0787402 -0.0787402 0.992126 
vn -0.023622 0.0708661 1 
vn -0.0787402 0.0787402 0.992126 
vn -0.023622 -0.0708661 1 
vn -0.0866142 0.0787402 0.992126 
vn -0.0314961 0.385827 0.92126 
vn -0.0944882 0.433071 0.897638 
vn -0.0472441 0.669291 0.748031 
vn -0.102362 0.677165 0.732283 
vn -0.645669 0.425197 0.629921 
vn -0.149606 0.409449 0.897638 
vn -0.188976 0.653543 0.732283 
vn -0.519685 0.330709 0.787402 
vn -0.779528 0.0944882 0.614173 
vn -0.551181 0.0866142 0.826772 
vn -0.551181 -0.0866142 0.826772 
vn -0.779528 -0.0944882 0.614173 
vn -0.519685 -0.330709 0.787402 
vn -0.645669 -0.425197 0.629921 
vn -0.0944882 -0.433071 0.897638 
vn -0.102362 -0.677165 0.732283 
vn -0.0472441 -0.669291 0.748031 
vn -0.0314961 -0.385827 0.92126 
vn -0.0866142 -0.0787402 0.992126 
vn -0.149606 -0.409449 0.897638 
vn -0.188976 -0.653543 0.732283 
vn 0 -0.0787402 1 
vn 0 -0.417323 0.913386 
vn 0 -0.669291 0.748031 
vn 0.188976 -0.653543 0.732283 
vn 0.149606 -0.409449 0.897638 
vn 0.0472441 -0.669291 0.748031 
vn 0 0.0787402 1 
vn 0.0866142 -0.0787402 0.992126 
vn 0 0.417323 0.913386 
vn 0 0.669291 0.748031 
vn 0.188976 0.653543 0.732283 
vn 0.149606 0.409449 0.897638 
vn 0.0472441 0.669291 0.748031 
vn 0.0866142 0.0787402 0.992126 
vn 0.0314961 0.385827 0.92126 
vn 0.102362 0.433071 0.897638 
vn 0.102362 0.677165 0.732283 
vn 0.645669 0.425197 0.629921 
vn 0.023622 0.0708661 1 
vn 0.0787402 0.0787402 0.992126 
vn 0.519685 0.330709 0.787402 
vn 0.779528 0.0944882 0.614173 
vn 0.551181 0.0866142 0.826772 
vn 0.779528 -0.0944882 0.614173 
vn 0.023622 -0.0708661 1 
vn 0.0314961 -0.385827 0.92126 
vn 0.551181 -0.0866142 0.826772 
vn 0.0787402 -0.0787402 0.992126 
vn 0.519685 -0.330709 0.787402 
vn 0.645669 -0.425197 0.629921 
vn 0.102362 -0.433071 0.897638 
vn 0.102362 -0.677165 0.732283 
vn -0.645669 0.425197 0.629921 
vn -0.519685 0.330709 0.787402 
vn -0.779528 0.0944882 0.614173 
vn -0.551181 0.0866142 0.826772 
vn -0.551181 -0.0866142 0.826772 
vn -0.779528 -0.0944882 0.614173 
vn -0.519685 -0.330709 0.787402 
vn -0.645669 -0.425197 0.629921 
vn -0.645669 0.425197 -0.629921 
vn -0.519685 0.330709 -0.787402 
vn -0.779528 0.0944882 -0.614173 
vn -0.551181 0.0866142 -0.826772 
vn -0.779528 -0.0944882 -0.614173 
vn -0.551181 -0.0866142 -0.826772 
vn -0.519685 -0.330709 -0.787402 
vn -0.645669 -0.425197 -0.629921 
vn -0.992126 0.149606 0 
vn -0.992126 -0.149606 0 
vn -0.992126 -0.149606 0 
vn -0.826772 -0.566929 0 
vn -0.992126 0.149606 0 
vn -0.826772 -0.566929 0 
vn -0.826772 0.566929 0 
vn -0.826772 0.566929 0 
vn -0.0787402 -0.0787402 0.992126 
vn -0.519685 -0.330709 0.787402 
vn -0.645669 -0.425197 0.629921 
vn -0.0944882 -0.433071 0.897638 
vn -0.0472441 -0.669291 0.748031 
vn 0.0472441 -0.669291 0.748031 
vn 0.519685 -0.330709 0.787402 
vn 0.645669 -0.425197 0.629921 
vn 0.102362 -0.433071 0.897638 
vn 0.102362 -0.677165 0.732283 
vn 0.0787402 -0.0787402 -0.992126 
vn 0.519685 -0.330709 -0.787402 
vn 0.645669 -0.425197 -0.629921 
vn 0.102362 -0.433071 -0.897638 
vn 0.0472441 -0.669291 -0.748031 
vn 0 -0.669291 -0.748031 
vn -0.519685 -0.330709 -0.787402 
vn -0.645669 -0.425197 -0.629921 
vn -0.0944882 -0.433071 -0.897638 
vn -0.826772 -0.566929 0 
vn -0.826772 -0.566929 0 
vn -0.204724 -0.976378 0 
vn -0.204724 -0.976378 0 
vn -0.0551181 -1 0 
vn -0.0551181 -1 0 
vn -0.212598 -0.976378 0 
vn -0.212598 -0.976378 0 
vn 0 -1 0 
vn 0 -1 0 
vn 0.212598 -0.976378 0 
vn 0.212598 -0.976378 0 
vn 0.0551181 -1 0 
vn 0.0551181 -1 0 
vn 0.204724 -0.976378 0 
vn 0.204724 -0.976378 0 
vn 0.826772 -0.566929 0 
vn 0.826772 -0.566929 0 
vn 0.023622 0.0708661 -1 
vn 0.0787402 -0.0787402 -0.992126 
vn 0.023622 -0.0708661 -1 
vn 0.0866142 0.0787402 -0.992126 
vn 0.0787402 0.0787402 -0.992126 
vn 0.0314961 0.385827 -0.92126 
vn 0.102362 0.433071 -0.897638 
vn 0.0472441 0.669291 -0.748031 
vn 0.102362 0.677165 -0.732283 
vn 0.645669 0.425197 -0.629921 
vn 0.149606 0.409449 -0.897638 
vn 0.188976 0.653543 -0.732283 
vn 0.519685 0.330709 -0.787402 
vn 0.779528 0.0944882 -0.614173 
vn 0.551181 0.0866142 -0.826772 
vn 0.551181 -0.0866142 -0.826772 
vn 0.779528 -0.0944882 -0.614173 
vn 0.519685 -0.330709 -0.787402 
vn 0.645669 -0.425197 -0.629921 
vn 0.102362 -0.433071 -0.897638 
vn 0.102362 -0.677165 -0.732283 
vn 0.0472441 -0.669291 -0.748031 
vn 0.0314961 -0.385827 -0.92126 
vn 0.0866142 -0.0787402 -0.992126 
vn 0.149606 -0.409449 -0.897638 
vn 0.188976 -0.653543 -0.732283 
vn 0 -0.0787402 -1 
vn 0 -0.417323 -0.913386 
vn 0 -0.669291 -0.748031 
vn -0.188976 -0.653543 -0.732283 
vn -0.149606 -0.409449 -0.897638 
vn -0.0472441 -0.669291 -0.748031 
vn 0 0.0787402 -1 
vn -0.0866142 -0.0787402 -0.992126 
vn 0 0.417323 -0.913386 
vn 0 0.669291 -0.748031 
vn -0.188976 0.653543 -0.732283 
vn -0.149606 0.409449 -0.897638 
vn -0.0472441 0.669291 -0.748031 
vn -0.0866142 0.0787402 -0.992126 
vn -0.0314961 0.385827 -0.92126 
vn -0.0944882 0.433071 -0.897638 
vn -0.102362 0.677165 -0.732283 
vn -0.645669 0.425197 -0.629921 
vn -0.023622 0.0708661 -1 
vn -0.0787402 0.0787402 -0.992126 
vn -0.519685 0.330709 -0.787402 
vn -0.779528 0.0944882 -0.614173 
vn -0.551181 0.0866142 -0.826772 
vn -0.779528 -0.0944882 -0.614173 
vn -0.023622 -0.0708661 -1 
vn -0.551181 -0.0866142 -0.826772 
vn -0.0787402 -0.0787402 -0.992126 
vn -0.0314961 -0.385827 -0.92126 
vn -0.519685 -0.330709 -0.787402 
vn -0.645669 -0.425197 -0.629921 
vn -0.0944882 -0.433071 -0.897638 
vn -0.102362 -0.677165 -0.732283 

vt 3.97615 -28.8767 
vt 3.97047 -28.8801 
vt 3.97615 -28.8954 
vt 3.9692 -28.8954 
vt 3.97615 -29.1046 
vt 3.9692 -29.1046 
vt 3.97047 -29.1199 
vt 3.97615 -29.1233 
vt 4.02385 -28.8767 
vt 4.02953 -28.8801 
vt 4.02385 -28.8954 
vt 4.0308 -28.8954 
vt 4.0308 -29.1046 
vt 4.02385 -29.1046 
vt 4.02953 -29.1199 
vt 4.02385 -29.1233 
vt 3.97615 -29.1233 
vt 4.02385 -29.1233 
vt 3.97615 -28.8767 
vt 4.02385 -29.1046 
vt 4.02385 -28.8767 
vt 3.97615 -29.1046 
vt 3.97615 -28.8954 
vt 4.02385 -28.8954 
vt 4.07746 -28.9686 
vt 4.07746 -28.9756 
vt 4.09137 -28.9761 
vt 4.08882 -28.9705 
vt 3.92254 -28.9686 
vt 3.90863 -28.9761 
vt 3.91118 -28.9705 
vt 3.92254 -29.0344 
vt 3.92254 -29.0314 
vt 3.95632 -29.0222 
vt 3.90863 -29.0239 
vt 3.91118 -29.0295 
vt 4 -29.0246 
vt 4.04368 -29.0222 
vt 4.07746 -29.0314 
vt 4.09137 -29.0239 
vt 4.07746 -29.0344 
vt 4.08882 -29.0295 
vt 4.09137 -28.9761 
vt 4.09137 -29.0239 
vt 4.07746 -29.0244 
vt 4.07746 -28.9756 
vt 4.04368 -28.9778 
vt 4.04368 -29.0222 
vt 4.02582 -29.0239 
vt 4.02582 -28.9761 
vt 4 -29.0246 
vt 4 -28.9754 
vt 3.97418 -28.9761 
vt 3.97418 -29.0239 
vt 3.95632 -29.0222 
vt 3.95632 -28.9778 
vt 3.92254 -29.0244 
vt 3.92254 -28.9756 
vt 3.90863 -28.9761 
vt 3.90863 -29.0239 
vt 3.92254 -29.1062 
vt 3.95632 -28.9004 
vt 3.92254 -28.8938 
vt 3.95632 -29.0996 
vt 3.97418 -28.8954 
vt 3.95632 -28.8825 
vt 3.92254 -28.8747 
vt 3.95632 -28.8751 
vt 3.92254 -28.8668 
vt 3.90863 -28.8767 
vt 3.97418 -28.8767 
vt 3.97418 -28.8689 
vt 3.91118 -28.8801 
vt 3.90287 -28.8954 
vt 3.90863 -28.8954 
vt 3.90863 -29.1046 
vt 3.90287 -29.1046 
vt 3.91118 -29.1199 
vt 3.90863 -29.1233 
vt 3.92254 -29.1253 
vt 3.92254 -29.1332 
vt 3.95632 -29.1249 
vt 3.95632 -29.1175 
vt 3.97418 -29.1046 
vt 3.97418 -29.1233 
vt 3.97418 -29.1311 
vt 4 -29.1068 
vt 4 -29.1259 
vt 4 -29.1339 
vt 4.02582 -29.1311 
vt 4.02582 -29.1233 
vt 4.04368 -29.1249 
vt 4 -28.8932 
vt 4.02582 -29.1046 
vt 4 -28.8741 
vt 4 -28.8661 
vt 4.02582 -28.8689 
vt 4.02582 -28.8767 
vt 4.04368 -28.8751 
vt 4.02582 -28.8954 
vt 4.04368 -28.8825 
vt 4.07746 -28.8747 
vt 4.07746 -28.8668 
vt 4.09137 -28.8767 
vt 4.04368 -28.9004 
vt 4.07746 -28.8938 
vt 4.08882 -28.8801 
vt 4.09713 -28.8954 
vt 4.09137 -28.8954 
vt 4.09713 -29.1046 
vt 4.04368 -29.0996 
vt 4.04368 -29.1175 
vt 4.09137 -29.1046 
vt 4.07746 -29.1062 
vt 4.08882 -29.1199 
vt 4.09137 -29.1233 
vt 4.07746 -29.1253 
vt 4.07746 -29.1332 
vt 4.02385 -28.8767 
vt 4.02953 -28.8801 
vt 4.02385 -28.8954 
vt 4.0308 -28.8954 
vt 4.0308 -29.1046 
vt 4.02385 -29.1046 
vt 4.02953 -29.1199 
vt 4.02385 -29.1233 
vt 3.97615 -28.8767 
vt 3.97047 -28.8801 
vt 3.97615 -28.8954 
vt 3.9692 -28.8954 
vt 3.97615 -29.1046 
vt 3.9692 -29.1046 
vt 3.97047 -29.1199 
vt 3.97615 -29.1233 
vt 3.97615 -28.8954 
vt 3.97615 -29.1046 
vt 4.02385 -29.1046 
vt 3.97615 -29.1233 
vt 4.02385 -28.8954 
vt 4.02385 -29.1233 
vt 4.02385 -28.8767 
vt 3.97615 -28.8767 
vt 3.92254 -28.9656 
vt 3.91118 -28.9705 
vt 3.90863 -28.9761 
vt 3.92254 -28.9686 
vt 3.95632 -28.9778 
vt 4.04368 -28.9778 
vt 4.08882 -28.9705 
vt 4.09137 -28.9761 
vt 4.07746 -28.9686 
vt 4.07746 -28.9756 
vt 4.07746 -29.0344 
vt 4.08882 -29.0295 
vt 4.09137 -29.0239 
vt 4.07746 -29.0314 
vt 4.04368 -29.0222 
vt 4 -29.0246 
vt 3.91118 -29.0295 
vt 3.90863 -29.0239 
vt 3.92254 -29.0314 
vt 3.90863 -29.0239 
vt 3.90863 -28.9761 
vt 3.92254 -29.0244 
vt 3.92254 -28.9756 
vt 3.95632 -28.9778 
vt 3.95632 -29.0222 
vt 3.97418 -28.9761 
vt 3.97418 -29.0239 
vt 4 -29.0246 
vt 4 -28.9754 
vt 4.02582 -28.9761 
vt 4.02582 -29.0239 
vt 4.04368 -28.9778 
vt 4.04368 -29.0222 
vt 4.07746 -29.0244 
vt 4.07746 -28.9756 
vt 4.09137 -28.9761 
vt 4.09137 -29.0239 
vt 3.95632 -28.9004 
vt 3.92254 -29.1062 
vt 3.95632 -29.0996 
vt 3.97418 -28.8954 
vt 3.92254 -28.8938 
vt 3.95632 -28.8825 
vt 3.92254 -28.8747 
vt 3.95632 -28.8751 
vt 3.92254 -28.8668 
vt 3.90863 -28.8767 
vt 3.97418 -28.8767 
vt 3.97418 -28.8689 
vt 3.91118 -28.8801 
vt 3.90287 -28.8954 
vt 3.90863 -28.8954 
vt 3.90863 -29.1046 
vt 3.90287 -29.1046 
vt 3.91118 -29.1199 
vt 3.90863 -29.1233 
vt 3.92254 -29.1253 
vt 3.92254 -29.1332 
vt 3.95632 -29.1249 
vt 3.95632 -29.1175 
vt 3.97418 -29.1046 
vt 3.97418 -29.1233 
vt 3.97418 -29.1311 
vt 4 -29.1068 
vt 4 -29.1259 
vt 4 -29.1339 
vt 4.02582 -29.1311 
vt 4.02582 -29.1233 
vt 4.04368 -29.1249 
vt 4 -28.8932 
vt 4.02582 -29.1046 
vt 4 -28.8741 
vt 4 -28.8661 
vt 4.02582 -28.8689 
vt 4.02582 -28.8767 
vt 4.04368 -28.8751 
vt 4.02582 -28.8954 
vt 4.04368 -28.8825 
vt 4.07746 -28.8747 
vt 4.07746 -28.8668 
vt 4.09137 -28.8767 
vt 4.04368 -28.9004 
vt 4.07746 -28.8938 
vt 4.08882 -28.8801 
vt 4.09713 -28.8954 
vt 4.09137 -28.8954 
vt 4.09713 -29.1046 
vt 4.04368 -29.0996 
vt 4.09137 -29.1046 
vt 4.07746 -29.1062 
vt 4.04368 -29.1175 
vt 4.08882 -29.1199 
vt 4.09137 -29.1233 
vt 4.07746 -29.1253 
vt 4.07746 -29.1332 

usemtl Meshpart3Mtl

f 1183/1183/1183 1181/1181/1181 1182/1182/1182 
f 1183/1183/1183 1182/1182/1182 1184/1184/1184 
f 1185/1185/1185 1183/1183/1183 1184/1184/1184 
f 1185/1185/1185 1184/1184/1184 1186/1186/1186 
f 1186/1186/1186 1187/1187/1187 1185/1185/1185 
f 1188/1188/1188 1185/1185/1185 1187/1187/1187 
f 1191/1191/1191 1190/1190/1190 1189/1189/1189 
f 1190/1190/1190 1191/1191/1191 1192/1192/1192 
f 1193/1193/1193 1192/1192/1192 1191/1191/1191 
f 1193/1193/1193 1191/1191/1191 1194/1194/1194 
f 1195/1195/1195 1193/1193/1193 1194/1194/1194 
f 1194/1194/1194 1196/1196/1196 1195/1195/1195 
f 1200/1200/1200 1197/1197/1197 1198/1198/1198 
f 1197/1197/1197 1200/1200/1200 1202/1202/1202 
f 1201/1201/1201 1199/1199/1199 1203/1203/1203 
f 1200/1200/1200 1203/1203/1203 1202/1202/1202 
f 1203/1203/1203 1204/1204/1204 1201/1201/1201 
f 1200/1200/1200 1204/1204/1204 1203/1203/1203 
f 1205/1205/1205 1207/1207/1207 1208/1208/1208 
f 1210/1210/1210 1209/1209/1209 1211/1211/1211 
f 1213/1213/1213 1215/1215/1215 1216/1216/1216 
f 1220/1220/1220 1219/1219/1219 1222/1222/1222 
f 1223/1223/1223 1225/1225/1225 1224/1224/1224 
f 1225/1225/1225 1223/1223/1223 1226/1226/1226 
f 1227/1227/1227 1225/1225/1225 1226/1226/1226 
f 1225/1225/1225 1227/1227/1227 1228/1228/1228 
f 1228/1228/1228 1227/1227/1227 1229/1229/1229 
f 1229/1229/1229 1227/1227/1227 1230/1230/1230 
f 1229/1229/1229 1230/1230/1230 1231/1231/1231 
f 1231/1231/1231 1230/1230/1230 1232/1232/1232 
f 1233/1233/1233 1231/1231/1231 1232/1232/1232 
f 1231/1231/1231 1233/1233/1233 1234/1234/1234 
f 1234/1234/1234 1233/1233/1233 1235/1235/1235 
f 1235/1235/1235 1233/1233/1233 1236/1236/1236 
f 1237/1237/1237 1235/1235/1235 1236/1236/1236 
f 1237/1237/1237 1236/1236/1236 1238/1238/1238 
f 1237/1237/1237 1238/1238/1238 1239/1239/1239 
f 1239/1239/1239 1240/1240/1240 1237/1237/1237 
f 1241/1241/1241 1242/1242/1242 1243/1243/1243 
f 1242/1242/1242 1241/1241/1241 1244/1244/1244 
f 1244/1244/1244 1245/1245/1245 1242/1242/1242 
f 1243/1243/1243 1242/1242/1242 1246/1246/1246 
f 1245/1245/1245 1246/1246/1246 1242/1242/1242 
f 1243/1243/1243 1246/1246/1246 1247/1247/1247 
f 1247/1247/1247 1246/1246/1246 1248/1248/1248 
f 1247/1247/1247 1248/1248/1248 1249/1249/1249 
f 1250/1250/1250 1247/1247/1247 1249/1249/1249 
f 1251/1251/1251 1248/1248/1248 1246/1246/1246 
f 1246/1246/1246 1245/1245/1245 1251/1251/1251 
f 1248/1248/1248 1251/1251/1251 1252/1252/1252 
f 1243/1243/1243 1247/1247/1247 1253/1253/1253 
f 1255/1255/1255 1243/1243/1243 1253/1253/1253 
f 1255/1255/1255 1241/1241/1241 1243/1243/1243 
f 1241/1241/1241 1255/1255/1255 1256/1256/1256 
f 1241/1241/1241 1256/1256/1256 1258/1258/1258 
f 1258/1258/1258 1260/1260/1260 1241/1241/1241 
f 1260/1260/1260 1259/1259/1259 1261/1261/1261 
f 1262/1262/1262 1260/1260/1260 1261/1261/1261 
f 1263/1263/1263 1241/1241/1241 1260/1260/1260 
f 1260/1260/1260 1262/1262/1262 1263/1263/1263 
f 1241/1241/1241 1263/1263/1263 1244/1244/1244 
f 1263/1263/1263 1264/1264/1264 1244/1244/1244 
f 1245/1245/1245 1244/1244/1244 1264/1264/1264 
f 1262/1262/1262 1265/1265/1265 1263/1263/1263 
f 1265/1265/1265 1264/1264/1264 1263/1263/1263 
f 1262/1262/1262 1266/1266/1266 1265/1265/1265 
f 1245/1245/1245 1264/1264/1264 1267/1267/1267 
f 1265/1265/1265 1267/1267/1267 1264/1264/1264 
f 1266/1266/1266 1268/1268/1268 1265/1265/1265 
f 1268/1268/1268 1267/1267/1267 1265/1265/1265 
f 1266/1266/1266 1269/1269/1269 1268/1268/1268 
f 1270/1270/1270 1268/1268/1268 1269/1269/1269 
f 1268/1268/1268 1270/1270/1270 1271/1271/1271 
f 1271/1271/1271 1267/1267/1267 1268/1268/1268 
f 1272/1272/1272 1271/1271/1271 1270/1270/1270 
f 1267/1267/1267 1273/1273/1273 1245/1245/1245 
f 1273/1273/1273 1251/1251/1251 1245/1245/1245 
f 1267/1267/1267 1271/1271/1271 1274/1274/1274 
f 1251/1251/1251 1273/1273/1273 1275/1275/1275 
f 1275/1275/1275 1252/1252/1252 1251/1251/1251 
f 1252/1252/1252 1275/1275/1275 1276/1276/1276 
f 1275/1275/1275 1277/1277/1277 1276/1276/1276 
f 1275/1275/1275 1278/1278/1278 1277/1277/1277 
f 1273/1273/1273 1278/1278/1278 1275/1275/1275 
f 1278/1278/1278 1279/1279/1279 1277/1277/1277 
f 1267/1267/1267 1280/1280/1280 1273/1273/1273 
f 1273/1273/1273 1280/1280/1280 1278/1278/1278 
f 1280/1280/1280 1267/1267/1267 1274/1274/1274 
f 1278/1278/1278 1281/1281/1281 1279/1279/1279 
f 1280/1280/1280 1281/1281/1281 1278/1278/1278 
f 1282/1282/1282 1279/1279/1279 1281/1281/1281 
f 1279/1279/1279 1282/1282/1282 1283/1283/1283 
f 1282/1282/1282 1284/1284/1284 1283/1283/1283 
f 1280/1280/1280 1285/1285/1285 1281/1281/1281 
f 1274/1274/1274 1285/1285/1285 1280/1280/1280 
f 1281/1281/1281 1286/1286/1286 1282/1282/1282 
f 1286/1286/1286 1281/1281/1281 1285/1285/1285 
f 1282/1282/1282 1286/1286/1286 1287/1287/1287 
f 1289/1289/1289 1287/1287/1287 1286/1286/1286 
f 1285/1285/1285 1274/1274/1274 1291/1291/1291 
f 1291/1291/1291 1286/1286/1286 1285/1285/1285 
f 1274/1274/1274 1292/1292/1292 1291/1291/1291 
f 1292/1292/1292 1274/1274/1274 1271/1271/1271 
f 1271/1271/1271 1272/1272/1272 1292/1292/1292 
f 1286/1286/1286 1293/1293/1293 1289/1289/1289 
f 1286/1286/1286 1291/1291/1291 1294/1294/1294 
f 1293/1293/1293 1286/1286/1286 1294/1294/1294 
f 1292/1292/1292 1294/1294/1294 1291/1291/1291 
f 1294/1294/1294 1295/1295/1295 1293/1293/1293 
f 1292/1292/1292 1297/1297/1297 1294/1294/1294 
f 1295/1295/1295 1294/1294/1294 1297/1297/1297 
f 1297/1297/1297 1292/1292/1292 1272/1272/1272 
f 1296/1296/1296 1297/1297/1297 1298/1298/1298 
f 1272/1272/1272 1298/1298/1298 1297/1297/1297 
f 1299/1299/1299 1301/1301/1301 1300/1300/1300 
f 1302/1302/1302 1300/1300/1300 1301/1301/1301 
f 1301/1301/1301 1303/1303/1303 1302/1302/1302 
f 1303/1303/1303 1301/1301/1301 1304/1304/1304 
f 1304/1304/1304 1305/1305/1305 1303/1303/1303 
f 1305/1305/1305 1304/1304/1304 1306/1306/1306 
f 1309/1309/1309 1307/1307/1307 1308/1308/1308 
f 1308/1308/1308 1310/1310/1310 1309/1309/1309 
f 1310/1310/1310 1311/1311/1311 1309/1309/1309 
f 1310/1310/1310 1312/1312/1312 1311/1311/1311 
f 1313/1313/1313 1311/1311/1311 1312/1312/1312 
f 1311/1311/1311 1313/1313/1313 1314/1314/1314 
f 1315/1315/1315 1316/1316/1316 1317/1317/1317 
f 1317/1317/1317 1316/1316/1316 1318/1318/1318 
f 1315/1315/1315 1317/1317/1317 1319/1319/1319 
f 1318/1318/1318 1320/1320/1320 1317/1317/1317 
f 1321/1321/1321 1315/1315/1315 1319/1319/1319 
f 1315/1315/1315 1321/1321/1321 1322/1322/1322 
f 1325/1325/1325 1326/1326/1326 1324/1324/1324 
f 1331/1331/1331 1330/1330/1330 1329/1329/1329 
f 1335/1335/1335 1336/1336/1336 1334/1334/1334 
f 1341/1341/1341 1340/1340/1340 1339/1339/1339 
f 1343/1343/1343 1342/1342/1342 1344/1344/1344 
f 1344/1344/1344 1345/1345/1345 1343/1343/1343 
f 1344/1344/1344 1346/1346/1346 1345/1345/1345 
f 1344/1344/1344 1347/1347/1347 1346/1346/1346 
f 1347/1347/1347 1348/1348/1348 1346/1346/1346 
f 1349/1349/1349 1348/1348/1348 1347/1347/1347 
f 1350/1350/1350 1348/1348/1348 1349/1349/1349 
f 1348/1348/1348 1350/1350/1350 1351/1351/1351 
f 1350/1350/1350 1352/1352/1352 1351/1351/1351 
f 1353/1353/1353 1352/1352/1352 1350/1350/1350 
f 1353/1353/1353 1354/1354/1354 1352/1352/1352 
f 1355/1355/1355 1354/1354/1354 1353/1353/1353 
f 1356/1356/1356 1354/1354/1354 1355/1355/1355 
f 1354/1354/1354 1356/1356/1356 1357/1357/1357 
f 1356/1356/1356 1358/1358/1358 1357/1357/1357 
f 1358/1358/1358 1356/1356/1356 1359/1359/1359 
f 1360/1360/1360 1361/1361/1361 1362/1362/1362 
f 1362/1362/1362 1363/1363/1363 1360/1360/1360 
f 1361/1361/1361 1360/1360/1360 1364/1364/1364 
f 1365/1365/1365 1364/1364/1364 1360/1360/1360 
f 1363/1363/1363 1365/1365/1365 1360/1360/1360 
f 1365/1365/1365 1366/1366/1366 1364/1364/1364 
f 1366/1366/1366 1365/1365/1365 1367/1367/1367 
f 1367/1367/1367 1368/1368/1368 1366/1366/1366 
f 1369/1369/1369 1366/1366/1366 1368/1368/1368 
f 1370/1370/1370 1367/1367/1367 1365/1365/1365 
f 1365/1365/1365 1363/1363/1363 1370/1370/1370 
f 1367/1367/1367 1370/1370/1370 1371/1371/1371 
f 1372/1372/1372 1364/1364/1364 1366/1366/1366 
f 1364/1364/1364 1372/1372/1372 1374/1374/1374 
f 1374/1374/1374 1361/1361/1361 1364/1364/1364 
f 1361/1361/1361 1374/1374/1374 1375/1375/1375 
f 1375/1375/1375 1377/1377/1377 1361/1361/1361 
f 1379/1379/1379 1361/1361/1361 1377/1377/1377 
f 1379/1379/1379 1378/1378/1378 1380/1380/1380 
f 1381/1381/1381 1379/1379/1379 1380/1380/1380 
f 1382/1382/1382 1361/1361/1361 1379/1379/1379 
f 1379/1379/1379 1381/1381/1381 1382/1382/1382 
f 1361/1361/1361 1382/1382/1382 1362/1362/1362 
f 1383/1383/1383 1362/1362/1362 1382/1382/1382 
f 1363/1363/1363 1362/1362/1362 1383/1383/1383 
f 1384/1384/1384 1382/1382/1382 1381/1381/1381 
f 1383/1383/1383 1382/1382/1382 1384/1384/1384 
f 1384/1384/1384 1381/1381/1381 1385/1385/1385 
f 1386/1386/1386 1363/1363/1363 1383/1383/1383 
f 1386/1386/1386 1383/1383/1383 1384/1384/1384 
f 1387/1387/1387 1384/1384/1384 1385/1385/1385 
f 1386/1386/1386 1384/1384/1384 1387/1387/1387 
f 1387/1387/1387 1385/1385/1385 1388/1388/1388 
f 1389/1389/1389 1387/1387/1387 1388/1388/1388 
f 1387/1387/1387 1389/1389/1389 1390/1390/1390 
f 1390/1390/1390 1386/1386/1386 1387/1387/1387 
f 1391/1391/1391 1390/1390/1390 1389/1389/1389 
f 1363/1363/1363 1386/1386/1386 1392/1392/1392 
f 1392/1392/1392 1370/1370/1370 1363/1363/1363 
f 1386/1386/1386 1390/1390/1390 1393/1393/1393 
f 1370/1370/1370 1392/1392/1392 1394/1394/1394 
f 1394/1394/1394 1371/1371/1371 1370/1370/1370 
f 1371/1371/1371 1394/1394/1394 1395/1395/1395 
f 1396/1396/1396 1395/1395/1395 1394/1394/1394 
f 1396/1396/1396 1394/1394/1394 1397/1397/1397 
f 1394/1394/1394 1392/1392/1392 1397/1397/1397 
f 1398/1398/1398 1396/1396/1396 1397/1397/1397 
f 1386/1386/1386 1399/1399/1399 1392/1392/1392 
f 1397/1397/1397 1392/1392/1392 1399/1399/1399 
f 1399/1399/1399 1386/1386/1386 1393/1393/1393 
f 1398/1398/1398 1397/1397/1397 1400/1400/1400 
f 1397/1397/1397 1399/1399/1399 1400/1400/1400 
f 1401/1401/1401 1398/1398/1398 1400/1400/1400 
f 1398/1398/1398 1401/1401/1401 1402/1402/1402 
f 1401/1401/1401 1403/1403/1403 1402/1402/1402 
f 1400/1400/1400 1399/1399/1399 1404/1404/1404 
f 1393/1393/1393 1404/1404/1404 1399/1399/1399 
f 1400/1400/1400 1405/1405/1405 1401/1401/1401 
f 1405/1405/1405 1400/1400/1400 1404/1404/1404 
f 1406/1406/1406 1401/1401/1401 1405/1405/1405 
f 1405/1405/1405 1408/1408/1408 1406/1406/1406 
f 1410/1410/1410 1405/1405/1405 1404/1404/1404 
f 1404/1404/1404 1393/1393/1393 1410/1410/1410 
f 1411/1411/1411 1408/1408/1408 1405/1405/1405 
f 1405/1405/1405 1410/1410/1410 1412/1412/1412 
f 1405/1405/1405 1412/1412/1412 1411/1411/1411 
f 1393/1393/1393 1413/1413/1413 1410/1410/1410 
f 1412/1412/1412 1410/1410/1410 1413/1413/1413 
f 1413/1413/1413 1393/1393/1393 1390/1390/1390 
f 1390/1390/1390 1391/1391/1391 1413/1413/1413 
f 1411/1411/1411 1412/1412/1412 1414/1414/1414 
f 1416/1416/1416 1413/1413/1413 1391/1391/1391 
f 1412/1412/1412 1413/1413/1413 1416/1416/1416 
f 1412/1412/1412 1416/1416/1416 1414/1414/1414 
f 1416/1416/1416 1391/1391/1391 1417/1417/1417 
f 1415/1415/1415 1416/1416/1416 1417/1417/1417 

g Meshpart4

v -280.645 6.10441 -0.153721 
v -280.599 5.94568 -0.154711 
v -280.594 5.94657 -0.167097 
v -280.689 6.24775 -0.153925 
v -280.64 6.10548 -0.167097 
v -280.645 6.10441 -0.180473 
v -280.599 5.94568 -0.179481 
v -280.689 6.24775 -0.180269 
v -280.684 6.24844 -0.167097 
v -280.702 6.24563 -0.148105 
v -280.806 6.36623 -0.154575 
v -280.804 6.36484 -0.180285 
v -280.801 6.36927 -0.167473 
v -280.815 6.35734 -0.148569 
v -280.715 6.24272 -0.153563 
v -281.006 6.30044 -0.308153 
v -280.897 6.36037 -0.238643 
v -281.075 6.09682 -0.305817 
v -280.988 6.28188 -0.300273 
v -281.065 5.69796 -0.311089 
v -280.991 6.2764 -0.287233 
v -281.069 6.09399 -0.293009 
v -281.003 6.27876 -0.277327 
v -281.071 5.69356 -0.285403 
v -280.749 4.93423 -0.322371 
v -280.878 5.29922 -0.308773 
v -281.074 6.09065 -0.279565 
v -281.063 5.6974 -0.296837 
v -280.702 6.24563 -0.186089 
v -280.725 4.93959 -0.346829 
v -280.582 4.74025 -0.328319 
v -280.459 4.62235 -0.305139 
v -280.469 4.63808 -0.275753 
v -280.717 4.94961 -0.323647 
v -280.577 4.74382 -0.293711 
v -280.878 5.29844 -0.323359 
v -280.399 4.59813 -0.149589 
v -280.404 4.62378 -0.146861 
v -280.393 4.59816 -0.221741 
v -280.399 4.62337 -0.216513 
v -280.397 4.61205 -0.148479 
v -280.391 4.61204 -0.220073 
v -280.449 4.65141 -0.289185 
v -280.45 4.63264 -0.307559 
v -280.446 4.64452 -0.301063 
v -280.571 4.75023 -0.305751 
v -280.573 4.7486 -0.320107 
v -280.716 4.94646 -0.337555 
v -280.684 6.24844 -0.167097 
v -280.806 6.36623 -0.154575 
v -280.804 6.36484 -0.180285 
v -280.801 6.36927 -0.167473 
v -280.906 6.37281 -0.217261 
v -280.815 6.35734 -0.148569 
v -280.912 6.36479 -0.208167 
v -281.02 6.29697 -0.286607 
v -280.9 6.3714 -0.229617 
v -281.006 6.30044 -0.308153 
v -280.897 6.36037 -0.238643 
v -281.016 6.30229 -0.299075 
v -280.582 4.74025 -0.328319 
v -280.469 4.63808 -0.275753 
v -280.577 4.74382 -0.293711 
v -280.425 4.61668 -0.211855 
v -280.43 4.61805 -0.145603 
v -280.418 4.62642 -0.145659 
v -280.399 4.59813 -0.149589 
v -280.459 4.64906 -0.278413 
v -280.413 4.62551 -0.213085 
v -280.404 4.62378 -0.146861 
v -280.393 4.59816 -0.221741 
v -280.399 4.62337 -0.216513 
v -280.391 4.61204 -0.220073 
v -280.449 4.65141 -0.289185 
v -280.446 4.64452 -0.301063 
v -280.571 4.75023 -0.305751 
v -280.573 4.7486 -0.320107 
v -280.623 5.94138 -0.154711 
v -280.658 6.10181 -0.148085 
v -280.672 6.09918 -0.153623 
v -280.611 5.94353 -0.149581 
v -280.645 6.10441 -0.153721 
v -280.599 5.94568 -0.154711 
v -280.689 6.24775 -0.153925 
v -280.684 6.24844 -0.167097 
v -280.702 6.24563 -0.148105 
v -280.806 6.36623 -0.154575 
v -280.815 6.35734 -0.148569 
v -280.715 6.24272 -0.153563 
v -280.824 6.34721 -0.153173 
v -280.912 6.36479 -0.208167 
v -280.915 6.35075 -0.206979 
v -281.02 6.29697 -0.286607 
v -280.991 6.2764 -0.287233 
v -281.106 6.0904 -0.293345 
v -281.015 6.28749 -0.277523 
v -281.098 5.68632 -0.305441 
v -281.1 6.0879 -0.280595 
v -281.003 6.27876 -0.277327 
v -281.095 5.68562 -0.291747 
v -281.087 6.08823 -0.274771 
v -281.084 5.68866 -0.283539 
v -280.91 5.28423 -0.308675 
v -281.071 5.69356 -0.285403 
v -280.901 5.28917 -0.298445 
v -280.749 4.93423 -0.322371 
v -280.74 4.94112 -0.313159 
v -280.727 4.94736 -0.313669 
v -280.888 5.29535 -0.298499 
v -280.878 5.29922 -0.308773 
v -281.074 6.09065 -0.279565 
v -280.912 6.33936 -0.215201 
v -280.826 6.34121 -0.165733 
v -280.628 5.94048 -0.167097 
v -280.597 4.72368 -0.314263 
v -280.595 4.72511 -0.300085 
v -280.582 4.74025 -0.328319 
v -280.459 4.62235 -0.305139 
v -280.473 4.62574 -0.283041 
v -280.469 4.63808 -0.275753 
v -280.587 4.73336 -0.291551 
v -280.717 4.94961 -0.323647 
v -280.577 4.74382 -0.293711 
v -280.459 4.64906 -0.278413 
v -280.623 5.94138 -0.154711 
v -280.672 6.09918 -0.153623 
v -280.599 5.94568 -0.154711 
v -280.623 5.94138 -0.179481 
v -280.804 6.36484 -0.180285 
v -280.815 6.35734 -0.148569 
v -280.715 6.24272 -0.153563 
v -280.72 6.24148 -0.167097 
v -280.912 6.36479 -0.208167 
v -281.02 6.29697 -0.286607 
v -281.006 6.30044 -0.308153 
v -281.016 6.30229 -0.299075 
v -281.075 6.09682 -0.305817 
v -281.088 6.09718 -0.311051 
v -281.101 6.09447 -0.305989 
v -281.09 5.69024 -0.316843 
v -281.106 6.0904 -0.293345 
v -280.9 5.28733 -0.333461 
v -281.015 6.28749 -0.277523 
v -281.098 5.68632 -0.305441 
v -281.1 6.0879 -0.280595 
v -281.003 6.27876 -0.277327 
v -281.095 5.68562 -0.291747 
v -281.084 5.68866 -0.283539 
v -280.91 5.28423 -0.308675 
v -280.91 5.28349 -0.323267 
v -280.749 4.93423 -0.322371 
v -280.715 6.24272 -0.180631 
v -280.702 6.24563 -0.186089 
v -280.672 6.09918 -0.180571 
v -280.677 6.09809 -0.167097 
v -280.628 5.94048 -0.167097 
v -280.597 4.72368 -0.314263 
v -280.595 4.72511 -0.300085 
v -280.591 4.72997 -0.325945 
v -280.748 4.93083 -0.336163 
v -280.738 4.93312 -0.346261 
v -280.582 4.74025 -0.328319 
v -280.469 4.61947 -0.295135 
v -280.418 4.59089 -0.217351 
v -280.473 4.62574 -0.283041 
v -280.469 4.63808 -0.275753 
v -280.427 4.60201 -0.213661 
v -280.425 4.59192 -0.148473 
v -280.433 4.60357 -0.146793 
v -280.425 4.61668 -0.211855 
v -280.43 4.61805 -0.145603 
v -280.804 6.36484 -0.180285 
v -280.815 6.35734 -0.148569 
v -280.715 6.24272 -0.153563 
v -280.72 6.24148 -0.167097 
v -280.824 6.34721 -0.153173 
v -280.912 6.36479 -0.208167 
v -280.915 6.35075 -0.206979 
v -281.006 6.30044 -0.308153 
v -280.897 6.36037 -0.238643 
v -280.812 6.35378 -0.185669 
v -280.899 6.34604 -0.237363 
v -280.988 6.28188 -0.300273 
v -280.991 6.2764 -0.287233 
v -281.003 6.27876 -0.277327 
v -280.912 6.33936 -0.215201 
v -280.905 6.33781 -0.227621 
v -280.826 6.34121 -0.165733 
v -280.821 6.34375 -0.179225 
v -280.715 6.24272 -0.180631 
v -280.597 4.72368 -0.314263 
v -280.595 4.72511 -0.300085 
v -280.591 4.72997 -0.325945 
v -280.469 4.61947 -0.295135 
v -280.459 4.62235 -0.305139 
v -280.418 4.59089 -0.217351 
v -280.473 4.62574 -0.283041 
v -280.469 4.63808 -0.275753 
v -280.425 4.59192 -0.148473 
v -280.411 4.58983 -0.149593 
v -280.425 4.61668 -0.211855 
v -280.43 4.61805 -0.145603 
v -280.404 4.58949 -0.220635 
v -280.399 4.59813 -0.149589 
v -280.393 4.59816 -0.221741 
v -280.449 4.65141 -0.289185 
v -280.45 4.63264 -0.307559 
v -280.599 5.94568 -0.179481 
v -280.628 5.94048 -0.167097 
v -280.623 5.94138 -0.179481 
v -280.611 5.94353 -0.184611 
v -280.594 5.94657 -0.167097 
v -280.623 5.94138 -0.154711 
v -280.599 5.94568 -0.154711 
v -280.611 5.94353 -0.149581 
v -280.599 5.94568 -0.154711 
v -280.645 6.10441 -0.180473 
v -280.599 5.94568 -0.179481 
v -280.611 5.94353 -0.184611 
v -280.658 6.10181 -0.186109 
v -280.623 5.94138 -0.179481 
v -280.689 6.24775 -0.180269 
v -280.684 6.24844 -0.167097 
v -280.804 6.36484 -0.180285 
v -280.9 6.3714 -0.229617 
v -281.006 6.30044 -0.308153 
v -280.897 6.36037 -0.238643 
v -280.812 6.35378 -0.185669 
v -281.016 6.30229 -0.299075 
v -280.994 6.29194 -0.308751 
v -280.899 6.34604 -0.237363 
v -281.075 6.09682 -0.305817 
v -281.088 6.09718 -0.311051 
v -281.101 6.09447 -0.305989 
v -280.988 6.28188 -0.300273 
v -281.065 5.69796 -0.311089 
v -281.077 5.69499 -0.319243 
v -281.09 5.69024 -0.316843 
v -281.106 6.0904 -0.293345 
v -280.9 5.28733 -0.333461 
v -281.098 5.68632 -0.305441 
v -281.003 6.27876 -0.277327 
v -281.071 5.69356 -0.285403 
v -280.91 5.28349 -0.323267 
v -280.749 4.93423 -0.322371 
v -280.826 6.34121 -0.165733 
v -280.821 6.34375 -0.179225 
v -280.715 6.24272 -0.180631 
v -280.702 6.24563 -0.186089 
v -280.672 6.09918 -0.180571 
v -280.628 5.94048 -0.167097 
v -280.597 4.72368 -0.314263 
v -280.591 4.72997 -0.325945 
v -280.748 4.93083 -0.336163 
v -280.738 4.93312 -0.346261 
v -280.725 4.93959 -0.346829 
v -280.582 4.74025 -0.328319 
v -280.459 4.62235 -0.305139 
v -280.469 4.63808 -0.275753 
v -280.717 4.94961 -0.323647 
v -280.878 5.29844 -0.323359 
v -280.449 4.65141 -0.289185 
v -280.45 4.63264 -0.307559 
v -280.446 4.64452 -0.301063 
v -280.571 4.75023 -0.305751 
v -280.573 4.7486 -0.320107 
v -280.716 4.94646 -0.337555 
v -280.887 5.29348 -0.333507 

vn 0.685039 0.204724 0.700787 
vn 0.692913 0.19685 0.692913 
vn 0.96063 0.275591 0 
vn 0.645669 0.385827 0.661417 
vn 0.96063 0.283465 0 
vn 0.685039 0.204724 -0.700787 
vn 0.692913 0.19685 -0.692913 
vn 0.637795 0.385827 -0.661417 
vn 0.874016 0.496063 0 
vn 0.0629921 0.0708661 0.992126 
vn 0.244094 0.787402 0.566929 
vn 0.480315 0.566929 -0.661417 
vn 0.464567 0.88189 -0.0551181 
vn -0.181102 0.330709 0.92126 
vn -0.566929 -0.346457 0.748031 
vn -0.149606 0.503937 -0.850394 
vn 0.440945 0.346457 -0.826772 
vn 0.598425 -0.0944882 -0.795276 
vn 0.779528 -0.425197 -0.456693 
vn 0.787402 0.204724 -0.582677 
vn 0.708661 -0.637795 0.314961 
vn 0.976378 -0.204724 -0.0944882 
vn 0.0866142 -0.409449 0.905512 
vn 0.480315 0.0708661 0.874016 
vn -0.834646 -0.488189 0.259843 
vn 0.858268 0.385827 0.346457 
vn 0.692913 -0.15748 0.708661 
vn 0.952756 0.204724 0.220472 
vn 0.0472441 0.0551181 -1 
vn 0.409449 0.23622 -0.88189 
vn 0.0708661 -0.0393701 -1 
vn 0.00787402 -0.685039 -0.724409 
vn -0.519685 0.102362 0.850394 
vn 0.740157 0.448819 0.503937 
vn 0.417323 0.480315 0.771654 
vn 0.811024 0.393701 -0.433071 
vn 0.850394 -0.527559 0.0708661 
vn 0.503937 0.858268 0.0314961 
vn 0.834646 -0.472441 -0.283465 
vn 0.582677 0.811024 0 
vn 0.968504 0.228346 0.0787402 
vn 0.952756 0.220472 -0.19685 
vn 0.574803 0.818898 0.0314961 
vn 0.480315 -0.181102 -0.858268 
vn 0.708661 0.417323 -0.566929 
vn 0.724409 0.692913 0.0551181 
vn 0.559055 0.448819 -0.692913 
vn 0.818898 0.496063 -0.291339 
vn 0.874016 0.496063 0 
vn 0.244094 0.787402 0.566929 
vn 0.480315 0.566929 -0.661417 
vn 0.464567 0.88189 -0.0551181 
vn -0.307087 0.944882 0.133858 
vn -0.181102 0.330709 0.92126 
vn -0.566929 0.559055 0.606299 
vn -0.826772 0.488189 0.267717 
vn 0.0472441 0.905512 -0.425197 
vn -0.149606 0.503937 -0.850394 
vn 0.440945 0.346457 -0.826772 
vn -0.653543 0.653543 -0.385827 
vn 0.0708661 -0.0393701 -1 
vn -0.519685 0.102362 0.850394 
vn 0.417323 0.480315 0.771654 
vn -0.826772 0.480315 0.283465 
vn -0.84252 0.527559 -0.0787402 
vn -0.259843 0.968504 -0.0314961 
vn 0.850394 -0.527559 0.0708661 
vn 0.0708661 0.740157 0.669291 
vn -0.149606 0.968504 0.19685 
vn 0.503937 0.858268 0.0314961 
vn 0.834646 -0.472441 -0.283465 
vn 0.582677 0.811024 0 
vn 0.952756 0.220472 -0.19685 
vn 0.574803 0.818898 0.0314961 
vn 0.708661 0.417323 -0.566929 
vn 0.724409 0.692913 0.0551181 
vn 0.559055 0.448819 -0.692913 
vn -0.661417 -0.212598 0.716535 
vn 0.00787402 0 1 
vn -0.677165 -0.204724 0.708661 
vn 0.0314961 0 1 
vn 0.685039 0.204724 0.700787 
vn 0.692913 0.19685 0.692913 
vn 0.645669 0.385827 0.661417 
vn 0.874016 0.496063 0 
vn 0.0629921 0.0708661 0.992126 
vn 0.244094 0.787402 0.566929 
vn -0.181102 0.330709 0.92126 
vn -0.566929 -0.346457 0.748031 
vn -0.496063 -0.314961 0.80315 
vn -0.566929 0.559055 0.606299 
vn -0.535433 -0.181102 0.826772 
vn -0.826772 0.488189 0.267717 
vn 0.708661 -0.637795 0.314961 
vn -0.984252 0.165354 0.0472441 
vn -0.574803 0.0944882 0.811024 
vn -0.96063 -0.212598 -0.19685 
vn -0.700787 0.0944882 0.708661 
vn 0.0866142 -0.409449 0.905512 
vn -0.826772 -0.220472 0.519685 
vn -0.0472441 -0.015748 1 
vn -0.259843 -0.102362 0.96063 
vn -0.811024 -0.393701 0.425197 
vn 0.480315 0.0708661 0.874016 
vn -0.291339 -0.173228 0.944882 
vn -0.834646 -0.488189 0.259843 
vn -0.440945 -0.259843 0.858268 
vn 0.19685 0.11811 0.976378 
vn 0.393701 0.141732 0.905512 
vn 0.858268 0.385827 0.346457 
vn 0.692913 -0.15748 0.708661 
vn -0.0787402 -0.84252 0.527559 
vn -0.456693 -0.858268 0.23622 
vn -0.952756 -0.299213 0 
vn -0.716535 -0.692913 -0.0629921 
vn -0.582677 -0.496063 0.645669 
vn 0.0708661 -0.0393701 -1 
vn 0.00787402 -0.685039 -0.724409 
vn -0.708661 -0.566929 0.417323 
vn -0.519685 0.102362 0.850394 
vn -0.125984 -0.023622 0.992126 
vn 0.740157 0.448819 0.503937 
vn 0.417323 0.480315 0.771654 
vn 0.0708661 0.740157 0.669291 
vn -0.661417 -0.212598 0.716535 
vn -0.677165 -0.204724 0.708661 
vn 0.692913 0.19685 0.692913 
vn -0.661417 -0.212598 -0.716535 
vn 0.480315 0.566929 -0.661417 
vn -0.181102 0.330709 0.92126 
vn -0.566929 -0.346457 0.748031 
vn -0.84252 -0.543307 0.00787402 
vn -0.566929 0.559055 0.606299 
vn -0.826772 0.488189 0.267717 
vn -0.149606 0.503937 -0.850394 
vn -0.653543 0.653543 -0.385827 
vn 0.598425 -0.0944882 -0.795276 
vn -0.0944882 0.0787402 -0.992126 
vn -0.740157 0.188976 -0.645669 
vn -0.574803 -0.0866142 -0.818898 
vn -0.984252 0.165354 0.0472441 
vn -0.393701 -0.149606 -0.905512 
vn -0.574803 0.0944882 0.811024 
vn -0.96063 -0.212598 -0.19685 
vn -0.700787 0.0944882 0.708661 
vn 0.0866142 -0.409449 0.905512 
vn -0.826772 -0.220472 0.519685 
vn -0.259843 -0.102362 0.96063 
vn -0.811024 -0.393701 0.425197 
vn -0.858268 -0.385827 -0.346457 
vn -0.834646 -0.488189 0.259843 
vn -0.582677 -0.362205 -0.724409 
vn 0.0472441 0.0551181 -1 
vn -0.677165 -0.204724 -0.708661 
vn -0.952756 -0.291339 0 
vn -0.952756 -0.299213 0 
vn -0.716535 -0.692913 -0.0629921 
vn -0.582677 -0.496063 0.645669 
vn -0.448819 -0.503937 -0.732283 
vn -0.740157 -0.448819 -0.503937 
vn -0.220472 -0.141732 -0.968504 
vn 0.0708661 -0.0393701 -1 
vn -0.464567 -0.850394 -0.228346 
vn -0.393701 -0.913386 -0.0708661 
vn -0.708661 -0.566929 0.417323 
vn -0.519685 0.102362 0.850394 
vn -0.913386 -0.370079 0.15748 
vn -0.551181 -0.834646 -0.0393701 
vn -0.976378 -0.188976 -0.0866142 
vn -0.826772 0.480315 0.283465 
vn -0.84252 0.527559 -0.0787402 
vn 0.480315 0.566929 -0.661417 
vn -0.181102 0.330709 0.92126 
vn -0.566929 -0.346457 0.748031 
vn -0.84252 -0.543307 0.00787402 
vn -0.496063 -0.314961 0.80315 
vn -0.566929 0.559055 0.606299 
vn -0.535433 -0.181102 0.826772 
vn -0.149606 0.503937 -0.850394 
vn 0.440945 0.346457 -0.826772 
vn 0.291339 -0.173228 -0.937008 
vn 0.606299 -0.456693 -0.645669 
vn 0.779528 -0.425197 -0.456693 
vn 0.708661 -0.637795 0.314961 
vn 0.0866142 -0.409449 0.905512 
vn -0.0787402 -0.84252 0.527559 
vn 0.393701 -0.913386 -0.0708661 
vn -0.456693 -0.858268 0.23622 
vn -0.133858 -0.84252 -0.527559 
vn -0.582677 -0.362205 -0.724409 
vn -0.716535 -0.692913 -0.0629921 
vn -0.582677 -0.496063 0.645669 
vn -0.448819 -0.503937 -0.732283 
vn -0.464567 -0.850394 -0.228346 
vn 0.00787402 -0.685039 -0.724409 
vn -0.393701 -0.913386 -0.0708661 
vn -0.708661 -0.566929 0.417323 
vn -0.519685 0.102362 0.850394 
vn -0.551181 -0.834646 -0.0393701 
vn 0.228346 -0.976378 0.023622 
vn -0.826772 0.480315 0.283465 
vn -0.84252 0.527559 -0.0787402 
vn 0.307087 -0.92126 -0.23622 
vn 0.850394 -0.527559 0.0708661 
vn 0.834646 -0.472441 -0.283465 
vn 0.574803 0.818898 0.0314961 
vn 0.480315 -0.181102 -0.858268 
vn 0.173228 -0.984252 0 
vn 0.173228 -0.984252 0 
vn 0.173228 -0.984252 0 
vn 0.173228 -0.984252 0 
vn 0.173228 -0.984252 0 
vn 0.173228 -0.984252 0 
vn 0.173228 -0.984252 0 
vn 0.173228 -0.984252 0 
vn 0.692913 0.19685 0.692913 
vn 0.685039 0.204724 -0.700787 
vn 0.692913 0.19685 -0.692913 
vn 0.0314961 0 -1 
vn 0.00787402 0 -1 
vn -0.661417 -0.212598 -0.716535 
vn 0.637795 0.385827 -0.661417 
vn 0.874016 0.496063 0 
vn 0.480315 0.566929 -0.661417 
vn 0.0472441 0.905512 -0.425197 
vn -0.149606 0.503937 -0.850394 
vn 0.440945 0.346457 -0.826772 
vn 0.291339 -0.173228 -0.937008 
vn -0.653543 0.653543 -0.385827 
vn 0.425197 0.0551181 -0.905512 
vn 0.606299 -0.456693 -0.645669 
vn 0.598425 -0.0944882 -0.795276 
vn -0.0944882 0.0787402 -0.992126 
vn -0.740157 0.188976 -0.645669 
vn 0.779528 -0.425197 -0.456693 
vn 0.787402 0.204724 -0.582677 
vn 0.133858 0.0787402 -0.984252 
vn -0.574803 -0.0866142 -0.818898 
vn -0.984252 0.165354 0.0472441 
vn -0.393701 -0.149606 -0.905512 
vn -0.96063 -0.212598 -0.19685 
vn 0.0866142 -0.409449 0.905512 
vn 0.480315 0.0708661 0.874016 
vn -0.858268 -0.385827 -0.346457 
vn -0.834646 -0.488189 0.259843 
vn -0.456693 -0.858268 0.23622 
vn -0.133858 -0.84252 -0.527559 
vn -0.582677 -0.362205 -0.724409 
vn 0.0472441 0.0551181 -1 
vn -0.677165 -0.204724 -0.708661 
vn -0.952756 -0.299213 0 
vn -0.716535 -0.692913 -0.0629921 
vn -0.448819 -0.503937 -0.732283 
vn -0.740157 -0.448819 -0.503937 
vn -0.220472 -0.141732 -0.968504 
vn 0.409449 0.23622 -0.88189 
vn 0.0708661 -0.0393701 -1 
vn 0.00787402 -0.685039 -0.724409 
vn -0.519685 0.102362 0.850394 
vn 0.740157 0.448819 0.503937 
vn 0.811024 0.393701 -0.433071 
vn 0.574803 0.818898 0.0314961 
vn 0.480315 -0.181102 -0.858268 
vn 0.708661 0.417323 -0.566929 
vn 0.724409 0.692913 0.0551181 
vn 0.559055 0.448819 -0.692913 
vn 0.818898 0.496063 -0.291339 
vn 0.283465 0.165354 -0.944882 

vt -0.0115619 -26.9221 
vt -0.0114381 -26.9419 
vt -0.00988987 -26.9418 
vt -0.0115364 -26.9042 
vt -0.00988987 -26.922 
vt -0.00821787 -26.9221 
vt -0.00834187 -26.9419 
vt -0.00824337 -26.9042 
vt -0.00988987 -26.9041 
vt -0.0122639 -26.9044 
vt -0.0114551 -26.8894 
vt -0.00824137 -26.8895 
vt -0.00984287 -26.889 
vt -0.0122059 -26.8905 
vt -0.0115816 -26.9048 
vt 0.00774213 -26.8976 
vt -0.000946622 -26.8901 
vt 0.00745013 -26.923 
vt 0.00675713 -26.8999 
vt 0.00810913 -26.9729 
vt 0.00512713 -26.9006 
vt 0.00584913 -26.9234 
vt 0.00388888 -26.9003 
vt 0.00489838 -26.9734 
vt 0.00951938 -27.0684 
vt 0.00781963 -27.0227 
vt 0.00416863 -26.9238 
vt 0.00632763 -26.973 
vt -0.00751587 -26.9044 
vt 0.0125766 -27.0677 
vt 0.0102629 -27.0926 
vt 0.00736538 -27.1073 
vt 0.00369213 -27.1054 
vt 0.00967888 -27.0664 
vt 0.00593688 -27.0922 
vt 0.00964288 -27.0228 
vt -0.0120784 -27.1104 
vt -0.0124194 -27.1072 
vt -0.00305937 -27.1104 
vt -0.00371287 -27.1072 
vt -0.0122171 -27.1086 
vt -0.00326787 -27.1086 
vt 0.00537113 -27.1037 
vt 0.00766788 -27.1061 
vt 0.00685588 -27.1046 
vt 0.00744188 -27.0914 
vt 0.00923638 -27.0916 
vt 0.0114174 -27.0668 
vt -0.00809263 -26.9901 
vt 0.00713212 -26.9885 
vt 0.00694562 -26.9918 
vt 0.00660837 -26.9902 
vt 0.0196624 -26.9964 
vt 0.00832137 -26.9878 
vt 0.0204881 -26.9952 
vt 0.0339504 -27.005 
vt 0.0189044 -26.9979 
vt 0.0321351 -27.0077 
vt 0.0185361 -26.9991 
vt 0.0334809 -27.0066 
vt -0.0208686 -27.0103 
vt -0.0348879 -27.0037 
vt -0.0214251 -27.0059 
vt -0.0404791 -26.9957 
vt -0.0397691 -26.9874 
vt -0.0412704 -26.9874 
vt -0.0436499 -26.9879 
vt -0.0361496 -27.004 
vt -0.0419601 -26.9959 
vt -0.0430159 -26.9876 
vt -0.0444084 -26.9969 
vt -0.0437016 -26.9963 
vt -0.0446944 -26.9967 
vt -0.0373721 -27.0054 
vt -0.0378404 -27.0069 
vt -0.0221461 -27.0074 
vt -0.0218954 -27.0092 
vt 0.0156906 -26.9425 
vt 0.0112739 -26.9224 
vt 0.00961788 -26.9227 
vt 0.0172154 -26.9422 
vt 0.0129176 -26.9221 
vt 0.0187399 -26.9419 
vt 0.00744538 -26.9042 
vt 0.00809263 -26.9041 
vt 0.00585688 -26.9044 
vt -0.00713212 -26.8894 
vt -0.00832137 -26.8905 
vt 0.00424113 -26.9048 
vt -0.00941537 -26.8917 
vt -0.0204881 -26.8895 
vt -0.0208669 -26.8913 
vt -0.0339504 -26.898 
vt -0.0303384 -26.9006 
vt -0.0446944 -26.9238 
vt -0.0332719 -26.8992 
vt -0.0436371 -26.9744 
vt -0.0439776 -26.9242 
vt -0.0317519 -26.9003 
vt -0.0433239 -26.9744 
vt -0.0423666 -26.9241 
vt -0.0419686 -26.9741 
vt -0.0201979 -27.0246 
vt -0.0403179 -26.9734 
vt -0.0190566 -27.024 
vt -6.12438e-06 -27.0684 
vt 0.00104788 -27.0675 
vt 0.00264888 -27.0667 
vt -0.0174201 -27.0232 
vt -0.0162294 -27.0227 
vt -0.0407001 -26.9238 
vt -0.0204161 -26.8927 
vt -0.00967762 -26.8925 
vt 0.0150591 -26.9426 
vt 0.0189606 -27.0947 
vt 0.0191774 -27.0945 
vt 0.0208686 -27.0926 
vt 0.0361721 -27.1073 
vt 0.0344241 -27.1069 
vt 0.0348879 -27.1054 
vt 0.0201841 -27.0935 
vt 0.00389063 -27.0664 
vt 0.0214251 -27.0922 
vt 0.0361496 -27.104 
vt 0.0114381 -26.9425 
vt 0.0115741 -26.9227 
vt 0.0114381 -26.9419 
vt 0.00834187 -26.9425 
vt 0.00824137 -26.8895 
vt 0.0122059 -26.8905 
vt 0.0115816 -26.9048 
vt 0.00988987 -26.905 
vt 0.00475612 -26.8895 
vt -0.00504888 -26.898 
vt -0.00774213 -26.8976 
vt -0.00660738 -26.8974 
vt -0.00745013 -26.923 
vt -0.00810438 -26.923 
vt -0.00747163 -26.9233 
vt -0.00882838 -26.9739 
vt -0.00589113 -26.9238 
vt -0.0109056 -27.0242 
vt -0.00391338 -26.8992 
vt -0.00740313 -26.9744 
vt -0.00429738 -26.9242 
vt -0.00388888 -26.9003 
vt -0.00569138 -26.9744 
vt -0.00466538 -26.9741 
vt -0.00780738 -27.0246 
vt -0.00963138 -27.0247 
vt -0.00951938 -27.0684 
vt 0.00819812 -26.9048 
vt 0.00751587 -26.9044 
vt 0.00820562 -26.9227 
vt 0.00988987 -26.9229 
vt 0.00988987 -26.9426 
vt -0.00850588 -27.0947 
vt -0.00673363 -27.0945 
vt -0.00996613 -27.0939 
vt -0.0112434 -27.0688 
vt -0.0125056 -27.0685 
vt -0.0102629 -27.0926 
vt -0.00611488 -27.1077 
vt 0.00360812 -27.1113 
vt -0.00460313 -27.1069 
vt -0.00369213 -27.1054 
vt 0.00406937 -27.1099 
vt 0.0122179 -27.1112 
vt 0.0124279 -27.1097 
vt 0.00429512 -27.1081 
vt 0.0125766 -27.1079 
vt -0.00694562 -26.9918 
vt -0.00832137 -26.9878 
vt 0.00424113 -26.9884 
vt 0.00358488 -26.9901 
vt -0.00941537 -26.9884 
vt -0.0204881 -26.9952 
vt -0.0208669 -26.9951 
vt -0.0321351 -27.0077 
vt -0.0185361 -26.9991 
vt -0.00791712 -26.9924 
vt -0.0187964 -26.9989 
vt -0.0299519 -27.0068 
vt -0.0303384 -27.0051 
vt -0.0317519 -27.0039 
vt -0.0204161 -26.9961 
vt -0.0195719 -26.9977 
vt -0.00967762 -26.9899 
vt -0.00906738 -26.9916 
vt 0.00424113 -26.9918 
vt 0.0189606 -27.0085 
vt 0.0191774 -27.0067 
vt 0.0196586 -27.01 
vt 0.0349736 -27.0061 
vt 0.0361721 -27.0074 
vt 0.0412989 -26.9964 
vt 0.0344241 -27.0046 
vt 0.0348879 -27.0037 
vt 0.0404791 -26.9878 
vt 0.0422171 -26.9879 
vt 0.0404791 -26.9957 
vt 0.0397691 -26.9874 
vt 0.0430211 -26.9968 
vt 0.0436499 -26.9879 
vt 0.0444084 -26.9969 
vt 0.0373721 -27.0054 
vt 0.0373464 -27.0077 
vt 0.0187399 -26.9917 
vt 0.0150591 -26.9901 
vt 0.0156906 -26.9917 
vt 0.0172154 -26.9923 
vt 0.0193714 -26.9901 
vt 0.0156906 -26.9886 
vt 0.0187399 -26.9886 
vt 0.0172154 -26.9879 
vt -0.0187399 -26.9419 
vt -0.0129174 -26.9221 
vt -0.0187399 -26.9419 
vt -0.0172154 -26.9422 
vt -0.0112739 -26.9224 
vt -0.0156906 -26.9425 
vt -0.00744538 -26.9042 
vt -0.00809263 -26.9041 
vt 0.00694562 -26.8895 
vt 0.0189044 -26.8887 
vt 0.0321351 -26.8976 
vt 0.0185361 -26.8901 
vt 0.00791712 -26.8909 
vt 0.0334809 -26.8974 
vt 0.0306809 -26.8987 
vt 0.0187964 -26.8919 
vt 0.0408634 -26.923 
vt 0.0424944 -26.923 
vt 0.0440814 -26.9233 
vt 0.0299519 -26.8999 
vt 0.0396221 -26.9729 
vt 0.0410404 -26.9733 
vt 0.0427011 -26.9739 
vt 0.0446944 -26.9238 
vt 0.0189606 -27.0242 
vt 0.0436371 -26.9744 
vt 0.0317519 -26.9003 
vt 0.0403179 -26.9734 
vt 0.0201539 -27.0247 
vt 6.12438e-06 -27.0684 
vt 0.00967762 -26.8925 
vt 0.00906738 -26.8922 
vt -0.00424113 -26.9048 
vt -0.00585688 -26.9044 
vt -0.00961788 -26.9227 
vt -0.0150591 -26.9426 
vt -0.0189606 -27.0947 
vt -0.0196586 -27.0939 
vt -0.000118375 -27.0688 
vt -0.00134962 -27.0685 
vt -0.00294787 -27.0677 
vt -0.0208686 -27.0926 
vt -0.0361721 -27.1073 
vt -0.0348879 -27.1054 
vt -0.00389063 -27.0664 
vt 0.0161949 -27.0228 
vt -0.0373721 -27.1037 
vt -0.0373464 -27.1061 
vt -0.0378404 -27.1046 
vt -0.0221461 -27.0914 
vt -0.0218954 -27.0916 
vt -0.00401213 -27.0668 
vt 0.0173334 -27.0235 

usemtl Meshpart4Mtl

f 1420/1420/1420 1418/1418/1418 1419/1419/1419 
f 1420/1420/1420 1422/1422/1422 1418/1418/1418 
f 1422/1422/1422 1421/1421/1421 1418/1418/1418 
f 1420/1420/1420 1423/1423/1423 1422/1422/1422 
f 1423/1423/1423 1420/1420/1420 1424/1424/1424 
f 1425/1425/1425 1422/1422/1422 1423/1423/1423 
f 1422/1422/1422 1426/1426/1426 1421/1421/1421 
f 1422/1422/1422 1425/1425/1425 1426/1426/1426 
f 1426/1426/1426 1428/1428/1428 1421/1421/1421 
f 1429/1429/1429 1426/1426/1426 1425/1425/1425 
f 1426/1426/1426 1430/1430/1430 1428/1428/1428 
f 1426/1426/1426 1429/1429/1429 1430/1430/1430 
f 1435/1435/1435 1436/1436/1436 1439/1439/1439 
f 1439/1439/1439 1437/1437/1437 1435/1435/1435 
f 1439/1439/1439 1436/1436/1436 1438/1438/1438 
f 1445/1445/1445 1444/1444/1444 1441/1441/1441 
f 1441/1441/1441 1443/1443/1443 1445/1445/1445 
f 1444/1444/1444 1445/1445/1445 1439/1439/1439 
f 1437/1437/1437 1439/1439/1439 1445/1445/1445 
f 1443/1443/1443 1437/1437/1437 1445/1445/1445 
f 1439/1439/1439 1438/1438/1438 1444/1444/1444 
f 1451/1451/1451 1453/1453/1453 1443/1443/1443 
f 1437/1437/1437 1443/1443/1443 1453/1453/1453 
f 1458/1458/1458 1457/1457/1457 1455/1455/1455 
f 1454/1454/1454 1459/1459/1459 1458/1458/1458 
f 1457/1457/1457 1458/1458/1458 1459/1459/1459 
f 1459/1459/1459 1454/1454/1454 1456/1456/1456 
f 1459/1459/1459 1460/1460/1460 1457/1457/1457 
f 1456/1456/1456 1461/1461/1461 1459/1459/1459 
f 1462/1462/1462 1459/1459/1459 1461/1461/1461 
f 1447/1447/1447 1463/1463/1463 1464/1464/1464 
f 1451/1451/1451 1452/1452/1452 1463/1463/1463 
f 1463/1463/1463 1465/1465/1465 1451/1451/1451 
f 1453/1453/1453 1451/1451/1451 1465/1465/1465 
f 1469/1469/1469 1470/1470/1470 1467/1467/1467 
f 1470/1470/1470 1471/1471/1471 1467/1467/1467 
f 1471/1471/1471 1470/1470/1470 1472/1472/1472 
f 1470/1470/1470 1473/1473/1473 1472/1472/1472 
f 1470/1470/1470 1469/1469/1469 1474/1474/1474 
f 1474/1474/1474 1469/1469/1469 1468/1468/1468 
f 1475/1475/1475 1470/1470/1470 1474/1474/1474 
f 1470/1470/1470 1475/1475/1475 1477/1477/1477 
f 1473/1473/1473 1470/1470/1470 1477/1477/1477 
f 1483/1483/1483 1481/1481/1481 1482/1482/1482 
f 1479/1479/1479 1481/1481/1481 1485/1485/1485 
f 1481/1481/1481 1483/1483/1483 1486/1486/1486 
f 1486/1486/1486 1485/1485/1485 1481/1481/1481 
f 1487/1487/1487 1486/1486/1486 1483/1483/1483 
f 1486/1486/1486 1487/1487/1487 1489/1489/1489 
f 1489/1489/1489 1491/1491/1491 1486/1486/1486 
f 1486/1486/1486 1491/1491/1491 1485/1485/1485 
f 1491/1491/1491 1490/1490/1490 1492/1492/1492 
f 1491/1491/1491 1493/1493/1493 1485/1485/1485 
f 1492/1492/1492 1493/1493/1493 1491/1491/1491 
f 1485/1485/1485 1493/1493/1493 1480/1480/1480 
f 1493/1493/1493 1492/1492/1492 1494/1494/1494 
f 1495/1495/1495 1496/1496/1496 1497/1497/1497 
f 1496/1496/1496 1495/1495/1495 1498/1498/1498 
f 1498/1498/1498 1499/1499/1499 1496/1496/1496 
f 1499/1499/1499 1498/1498/1498 1500/1500/1500 
f 1501/1501/1501 1496/1496/1496 1499/1499/1499 
f 1496/1496/1496 1501/1501/1501 1503/1503/1503 
f 1503/1503/1503 1497/1497/1497 1496/1496/1496 
f 1504/1504/1504 1503/1503/1503 1501/1501/1501 
f 1503/1503/1503 1504/1504/1504 1505/1505/1505 
f 1497/1497/1497 1503/1503/1503 1506/1506/1506 
f 1505/1505/1505 1506/1506/1506 1503/1503/1503 
f 1506/1506/1506 1505/1505/1505 1507/1507/1507 
f 1508/1508/1508 1507/1507/1507 1505/1505/1505 
f 1507/1507/1507 1508/1508/1508 1509/1509/1509 
f 1510/1510/1510 1509/1509/1509 1508/1508/1508 
f 1509/1509/1509 1510/1510/1510 1513/1513/1513 
f 1509/1509/1509 1513/1513/1513 1516/1516/1516 
f 1513/1513/1513 1515/1515/1515 1518/1518/1518 
f 1513/1513/1513 1518/1518/1518 1516/1516/1516 
f 1515/1515/1515 1517/1517/1517 1519/1519/1519 
f 1519/1519/1519 1518/1518/1518 1515/1515/1515 
f 1520/1520/1520 1519/1519/1519 1517/1517/1517 
f 1518/1518/1518 1519/1519/1519 1521/1521/1521 
f 1519/1519/1519 1520/1520/1520 1522/1522/1522 
f 1522/1522/1522 1521/1521/1521 1519/1519/1519 
f 1524/1524/1524 1522/1522/1522 1520/1520/1520 
f 1520/1520/1520 1523/1523/1523 1524/1524/1524 
f 1522/1522/1522 1524/1524/1524 1525/1525/1525 
f 1521/1521/1521 1522/1522/1522 1526/1526/1526 
f 1525/1525/1525 1526/1526/1526 1522/1522/1522 
f 1527/1527/1527 1521/1521/1521 1526/1526/1526 
f 1525/1525/1525 1527/1527/1527 1526/1526/1526 
f 1521/1521/1521 1528/1528/1528 1518/1518/1518 
f 1516/1516/1516 1518/1518/1518 1528/1528/1528 
f 1528/1528/1528 1511/1511/1511 1516/1516/1516 
f 1509/1509/1509 1516/1516/1516 1529/1529/1529 
f 1530/1530/1530 1509/1509/1509 1529/1529/1529 
f 1533/1533/1533 1524/1524/1524 1523/1523/1523 
f 1537/1537/1537 1533/1533/1533 1536/1536/1536 
f 1538/1538/1538 1524/1524/1524 1533/1533/1533 
f 1533/1533/1533 1537/1537/1537 1538/1538/1538 
f 1524/1524/1524 1538/1538/1538 1525/1525/1525 
f 1538/1538/1538 1539/1539/1539 1525/1525/1525 
f 1527/1527/1527 1525/1525/1525 1539/1539/1539 
f 1538/1538/1538 1537/1537/1537 1540/1540/1540 
f 1539/1539/1539 1538/1538/1538 1540/1540/1540 
f 1540/1540/1540 1537/1537/1537 1541/1541/1541 
f 1549/1549/1549 1543/1543/1543 1548/1548/1548 
f 1556/1556/1556 1551/1551/1551 1553/1553/1553 
f 1557/1557/1557 1558/1558/1558 1556/1556/1556 
f 1551/1551/1551 1556/1556/1556 1558/1558/1558 
f 1558/1558/1558 1560/1560/1560 1551/1551/1551 
f 1558/1558/1558 1557/1557/1557 1561/1561/1561 
f 1559/1559/1559 1561/1561/1561 1557/1557/1557 
f 1560/1560/1560 1558/1558/1558 1562/1562/1562 
f 1561/1561/1561 1562/1562/1562 1558/1558/1558 
f 1562/1562/1562 1561/1561/1561 1564/1564/1564 
f 1561/1561/1561 1566/1566/1566 1564/1564/1564 
f 1561/1561/1561 1567/1567/1567 1566/1566/1566 
f 1567/1567/1567 1568/1568/1568 1566/1566/1566 
f 1571/1571/1571 1549/1549/1549 1569/1569/1569 
f 1549/1549/1549 1571/1571/1571 1572/1572/1572 
f 1545/1545/1545 1572/1572/1572 1571/1571/1571 
f 1549/1549/1549 1572/1572/1572 1543/1543/1543 
f 1572/1572/1572 1545/1545/1545 1573/1573/1573 
f 1572/1572/1572 1542/1542/1542 1543/1543/1543 
f 1572/1572/1572 1573/1573/1573 1542/1542/1542 
f 1568/1568/1568 1574/1574/1574 1575/1575/1575 
f 1568/1568/1568 1576/1576/1576 1574/1574/1574 
f 1576/1576/1576 1568/1568/1568 1577/1577/1577 
f 1567/1567/1567 1577/1577/1577 1568/1568/1568 
f 1582/1582/1582 1584/1584/1584 1583/1583/1583 
f 1582/1582/1582 1581/1581/1581 1584/1584/1584 
f 1581/1581/1581 1585/1585/1585 1584/1584/1584 
f 1584/1584/1584 1585/1585/1585 1586/1586/1586 
f 1584/1584/1584 1586/1586/1586 1587/1587/1587 
f 1583/1583/1583 1584/1584/1584 1587/1587/1587 
f 1587/1587/1587 1586/1586/1586 1588/1588/1588 
f 1593/1593/1593 1592/1592/1592 1591/1591/1591 
f 1599/1599/1599 1601/1601/1601 1600/1600/1600 
f 1603/1603/1603 1602/1602/1602 1601/1601/1601 
f 1603/1603/1603 1601/1601/1601 1604/1604/1604 
f 1601/1601/1601 1599/1599/1599 1604/1604/1604 
f 1595/1595/1595 1605/1605/1605 1593/1593/1593 
f 1606/1606/1606 1603/1603/1603 1604/1604/1604 
f 1599/1599/1599 1606/1606/1606 1604/1604/1604 
f 1603/1603/1603 1606/1606/1606 1605/1605/1605 
f 1606/1606/1606 1599/1599/1599 1598/1598/1598 
f 1592/1592/1592 1593/1593/1593 1605/1605/1605 
f 1606/1606/1606 1592/1592/1592 1605/1605/1605 
f 1606/1606/1606 1607/1607/1607 1592/1592/1592 
f 1610/1610/1610 1611/1611/1611 1608/1608/1608 
f 1608/1608/1608 1611/1611/1611 1609/1609/1609 
f 1611/1611/1611 1610/1610/1610 1612/1612/1612 
f 1612/1612/1612 1613/1613/1613 1611/1611/1611 
f 1614/1614/1614 1609/1609/1609 1611/1611/1611 
f 1613/1613/1613 1614/1614/1614 1611/1611/1611 
f 1617/1617/1617 1616/1616/1616 1613/1613/1613 
f 1620/1620/1620 1617/1617/1617 1613/1613/1613 
f 1613/1613/1613 1612/1612/1612 1620/1620/1620 
f 1621/1621/1621 1617/1617/1617 1620/1620/1620 
f 1622/1622/1622 1621/1621/1621 1620/1620/1620 
f 1620/1620/1620 1624/1624/1624 1622/1622/1622 
f 1624/1624/1624 1620/1620/1620 1612/1612/1612 
f 1625/1625/1625 1626/1626/1626 1627/1627/1627 
f 1625/1625/1625 1627/1627/1627 1628/1628/1628 
f 1626/1626/1626 1625/1625/1625 1629/1629/1629 
f 1626/1626/1626 1629/1629/1629 1630/1630/1630 
f 1631/1631/1631 1630/1630/1630 1629/1629/1629 
f 1630/1630/1630 1631/1631/1631 1632/1632/1632 
f 1636/1636/1636 1634/1634/1634 1635/1635/1635 
f 1634/1634/1634 1636/1636/1636 1637/1637/1637 
f 1638/1638/1638 1637/1637/1637 1636/1636/1636 
f 1639/1639/1639 1634/1634/1634 1637/1637/1637 
f 1642/1642/1642 1641/1641/1641 1644/1644/1644 
f 1643/1643/1643 1642/1642/1642 1644/1644/1644 
f 1644/1644/1644 1641/1641/1641 1645/1645/1645 
f 1644/1644/1644 1647/1647/1647 1643/1643/1643 
f 1647/1647/1647 1644/1644/1644 1648/1648/1648 
f 1644/1644/1644 1645/1645/1645 1648/1648/1648 
f 1649/1649/1649 1643/1643/1643 1647/1647/1647 
f 1650/1650/1650 1646/1646/1646 1643/1643/1643 
f 1643/1643/1643 1649/1649/1649 1650/1650/1650 
f 1646/1646/1646 1650/1650/1650 1651/1651/1651 
f 1649/1649/1649 1647/1647/1647 1652/1652/1652 
f 1648/1648/1648 1652/1652/1652 1647/1647/1647 
f 1653/1653/1653 1650/1650/1650 1649/1649/1649 
f 1654/1654/1654 1651/1651/1651 1650/1650/1650 
f 1650/1650/1650 1653/1653/1653 1654/1654/1654 
f 1651/1651/1651 1654/1654/1654 1655/1655/1655 
f 1654/1654/1654 1657/1657/1657 1655/1655/1655 
f 1658/1658/1658 1657/1657/1657 1661/1661/1661 
f 1645/1645/1645 1665/1665/1665 1664/1664/1664 
f 1645/1645/1645 1666/1666/1666 1665/1665/1665 
f 1641/1641/1641 1666/1666/1666 1645/1645/1645 
f 1641/1641/1641 1639/1639/1639 1666/1666/1666 
f 1637/1637/1637 1666/1666/1666 1639/1639/1639 
f 1667/1667/1667 1665/1665/1665 1666/1666/1666 
f 1666/1666/1666 1637/1637/1637 1667/1667/1667 
f 1637/1637/1637 1638/1638/1638 1667/1667/1667 
f 1657/1657/1657 1671/1671/1671 1661/1661/1661 
f 1671/1671/1671 1657/1657/1657 1672/1672/1672 
f 1670/1670/1670 1671/1671/1671 1672/1672/1672 
f 1657/1657/1657 1673/1673/1673 1672/1672/1672 
f 1672/1672/1672 1674/1674/1674 1670/1670/1670 
f 1674/1674/1674 1672/1672/1672 1673/1673/1673 
f 1674/1674/1674 1675/1675/1675 1670/1670/1670 
f 1675/1675/1675 1674/1674/1674 1680/1680/1680 
f 1680/1680/1680 1674/1674/1674 1681/1681/1681 
f 1681/1681/1681 1674/1674/1674 1683/1683/1683 
f 1673/1673/1673 1683/1683/1683 1674/1674/1674 
f 1682/1682/1682 1673/1673/1673 1684/1684/1684 
f 1685/1685/1685 1684/1684/1684 1673/1673/1673 
f 1684/1684/1684 1685/1685/1685 1678/1678/1678 
f 1673/1673/1673 1657/1657/1657 1685/1685/1685 
f 1685/1685/1685 1653/1653/1653 1678/1678/1678 
f 1657/1657/1657 1654/1654/1654 1685/1685/1685 
f 1653/1653/1653 1685/1685/1685 1654/1654/1654 

g Meshpart5

v -281.431 4.62994 -0.622656 
v -281.153 4.67876 -0.447503 
v -281.538 5.48528 0.0867738 
v -281.468 5.60693 -0.0585513 
v -281.707 5.64231 -0.34296 
v -281.105 4.76169 -0.546589 
v -281.153 4.80604 -0.667955 
v -281.538 5.67197 -0.236553 
v -281.612 5.71019 -0.169647 
v -281.58 5.7029 -0.197139 
v -281.517 5.64436 -0.0369382 
v -281.556 5.65868 -0.0286691 
v -281.612 5.56234 0.0864291 
v -281.58 5.53488 0.093854 
v -281.517 5.64436 -0.0369382 
v -281.555 5.48779 0.0666626 
v -281.491 5.59726 -0.0641295 
v -281.58 5.53488 0.093854 
v -281.58 5.7029 -0.197139 
v -281.555 5.6558 -0.224331 
v -281.648 5.56774 0.0429899 
v -281.746 5.50612 0.0588405 
v -281.746 5.4776 0.108224 
v -281.843 5.48903 -0.00244975 
v -281.612 5.56234 0.0864291 
v -281.88 5.45411 0.0239496 
v -281.556 5.65868 -0.0286691 
v -281.935 5.50563 -0.117028 
v -281.608 5.63781 -0.040718 
v -281.883 5.5265 -0.104979 
v -281.648 5.67527 -0.143247 
v -281.843 5.59657 -0.188687 
v -281.612 5.71019 -0.169647 
v -281.88 5.60197 -0.232126 
v -281.746 5.6867 -0.253921 
v -281.746 5.65819 -0.204538 
v -281.88 5.60197 -0.232126 
v -281.884 5.4119 0.022855 
v -281.732 5.43859 0.118622 
v -281.491 5.59726 -0.0641295 
v -281.538 5.48528 0.0867738 
v -281.468 5.60693 -0.0585513 
v -281.538 5.67197 -0.236553 
v -281.555 5.48779 0.0666626 
v -281.555 5.6558 -0.224331 
v -281.707 5.3915 0.0914305 
v -281.707 5.62911 -0.320098 
v -281.707 5.3783 0.114293 
v -281.707 5.64231 -0.34296 
v -281.876 5.34864 0.00788593 
v -281.876 5.53533 -0.315441 
v -281.859 5.36481 -0.0043363 
v -281.859 5.53282 -0.29533 
v -281.922 5.42335 -0.164537 
v -281.946 5.41368 -0.170116 
v -281.384 4.58559 -0.50129 
v -281.707 5.3783 0.114293 
v -281.876 5.34864 0.00788593 
v -281.946 5.41368 -0.170116 
v -281.268 4.60581 -0.42874 
v -281.431 4.62994 -0.622656 
v -281.153 4.67876 -0.447503 
v -281.538 5.48528 0.0867738 
v -281.105 4.76169 -0.546589 
v -281.88 5.45411 0.0239496 
v -281.612 5.56234 0.0864291 
v -281.884 5.4119 0.022855 
v -281.58 5.53488 0.093854 
v -281.732 5.43859 0.118622 
v -281.746 5.4776 0.108224 
v -281.555 5.48779 0.0666626 
v -281.58 5.53488 0.093854 
v -281.707 5.3915 0.0914305 
v -281.732 5.43859 0.118622 
v -281.859 5.36481 -0.0043363 
v -281.884 5.4119 0.022855 
v -281.384 4.58559 -0.50129 
v -281.707 5.3783 0.114293 
v -281.876 5.34864 0.00788593 
v -281.946 5.41368 -0.170116 
v -281.431 4.62994 -0.622656 
v -281.384 4.71288 -0.721742 
v -281.876 5.53533 -0.315441 
v -281.707 5.64231 -0.34296 
v -281.88 5.60197 -0.232126 
v -281.884 5.57992 -0.268138 
v -281.948 5.47044 -0.137346 
v -281.935 5.50563 -0.117028 
v -281.88 5.45411 0.0239496 
v -281.884 5.4119 0.022855 
v -281.732 5.43859 0.118622 
v -281.746 5.4776 0.108224 
v -281.859 5.36481 -0.0043363 
v -281.884 5.4119 0.022855 
v -281.884 5.57992 -0.268138 
v -281.922 5.42335 -0.164537 
v -281.859 5.53282 -0.29533 
v -281.948 5.47044 -0.137346 
v -281.431 4.62994 -0.622656 
v -281.384 4.71288 -0.721742 
v -281.876 5.53533 -0.315441 
v -281.707 5.64231 -0.34296 
v -281.105 4.76169 -0.546589 
v -281.268 4.78582 -0.740504 
v -281.153 4.80604 -0.667955 
v -281.538 5.67197 -0.236553 
v -281.88 5.60197 -0.232126 
v -281.746 5.6867 -0.253921 
v -281.732 5.6762 -0.292906 
v -281.612 5.71019 -0.169647 
v -281.884 5.57992 -0.268138 
v -281.58 5.7029 -0.197139 
v -281.517 5.64436 -0.0369382 
v -281.612 5.56234 0.0864291 
v -281.58 5.53488 0.093854 
v -281.555 5.48779 0.0666626 
v -281.58 5.53488 0.093854 
v -281.58 5.7029 -0.197139 
v -281.555 5.6558 -0.224331 
v -281.732 5.6762 -0.292906 
v -281.707 5.62911 -0.320098 
v -281.884 5.57992 -0.268138 
v -281.859 5.53282 -0.29533 

vn -0.866142 -0.425197 -0.244094 
vn 0.669291 -0.15748 0.724409 
vn 0.669291 -0.15748 0.724409 
vn 0.937008 0.299213 0.173228 
vn 0.0314961 0.433071 -0.897638 
vn 0.937008 0.299213 0.173228 
vn 0.669291 0.543307 -0.496063 
vn 0.669291 0.543307 -0.496063 
vn 0.188976 0.984252 -0.0393701 
vn 0.188976 0.984252 -0.0393701 
vn 0.385827 0.795276 0.464567 
vn 0.385827 0.795276 0.464567 
vn 0.188976 0.456693 0.866142 
vn 0.188976 0.456693 0.866142 
vn 0.905512 0.362205 0.212598 
vn 0.637795 -0.0944882 0.76378 
vn 0.905512 0.362205 0.212598 
vn 0.637795 -0.0944882 0.76378 
vn 0.637795 0.614173 -0.464567 
vn 0.637795 0.614173 -0.464567 
vn -0.425197 0.787402 0.456693 
vn -0.425197 0.787402 0.456693 
vn -0.425197 0.787402 0.456693 
vn -0.425197 0.787402 0.456693 
vn -0.425197 0.787402 0.456693 
vn -0.425197 0.787402 0.456693 
vn -0.425197 0.787402 0.456693 
vn -0.425197 0.787402 0.456693 
vn -0.425197 0.787402 0.456693 
vn -0.425197 0.787402 0.456693 
vn -0.425197 0.787402 0.456693 
vn -0.425197 0.787402 0.456693 
vn -0.425197 0.787402 0.456693 
vn -0.425197 0.787402 0.456693 
vn -0.425197 0.787402 0.456693 
vn -0.425197 0.787402 0.456693 
vn -0.755906 0.598425 -0.259843 
vn -0.755906 0.0708661 0.645669 
vn -0.283465 0.15748 0.944882 
vn -0.425197 0.787402 0.456693 
vn -0.425197 0.787402 0.456693 
vn -0.425197 0.787402 0.456693 
vn -0.425197 0.787402 0.456693 
vn -0.425197 0.787402 0.456693 
vn -0.425197 0.787402 0.456693 
vn -0.425197 0.787402 0.456693 
vn -0.425197 0.787402 0.456693 
vn -0.425197 0.787402 0.456693 
vn -0.425197 0.787402 0.456693 
vn -0.425197 0.787402 0.456693 
vn -0.425197 0.787402 0.456693 
vn -0.425197 0.787402 0.456693 
vn -0.425197 0.787402 0.456693 
vn -0.425197 0.787402 0.456693 
vn -0.425197 0.787402 0.456693 
vn -0.606299 -0.677165 0.425197 
vn 0.0314961 -0.559055 0.826772 
vn -0.606299 -0.677165 0.425197 
vn -0.866142 -0.425197 -0.244094 
vn 0.0314961 -0.559055 0.826772 
vn -0.866142 -0.425197 -0.244094 
vn 0.669291 -0.15748 0.724409 
vn 0.669291 -0.15748 0.724409 
vn 0.937008 0.299213 0.173228 
vn -0.755906 0.0708661 0.645669 
vn 0.188976 0.456693 0.866142 
vn -0.755906 0.0708661 0.645669 
vn 0.188976 0.456693 0.866142 
vn -0.283465 0.15748 0.944882 
vn -0.283465 0.15748 0.944882 
vn 0.637795 -0.0944882 0.76378 
vn 0.637795 -0.0944882 0.76378 
vn 0 -0.496063 0.866142 
vn 0 -0.496063 0.866142 
vn -0.637795 -0.614173 0.464567 
vn -0.637795 -0.614173 0.464567 
vn -0.606299 -0.677165 0.425197 
vn 0.0314961 -0.559055 0.826772 
vn -0.606299 -0.677165 0.425197 
vn -0.866142 -0.425197 -0.244094 
vn -0.866142 -0.425197 -0.244094 
vn -0.606299 0.0314961 -0.795276 
vn -0.606299 0.0314961 -0.795276 
vn 0.0314961 0.433071 -0.897638 
vn -0.755906 0.598425 -0.259843 
vn -0.755906 0.598425 -0.259843 
vn -0.952756 0.251969 0.149606 
vn -0.952756 0.251969 0.149606 
vn -0.755906 0.0708661 0.645669 
vn -0.755906 0.0708661 0.645669 
vn -0.283465 0.15748 0.944882 
vn -0.283465 0.15748 0.944882 
vn -0.637795 -0.614173 0.464567 
vn -0.637795 -0.614173 0.464567 
vn -0.637795 0.0944882 -0.76378 
vn -0.905512 -0.362205 -0.212598 
vn -0.637795 0.0944882 -0.76378 
vn -0.905512 -0.362205 -0.212598 
vn -0.866142 -0.425197 -0.244094 
vn -0.606299 0.0314961 -0.795276 
vn -0.606299 0.0314961 -0.795276 
vn 0.0314961 0.433071 -0.897638 
vn 0.937008 0.299213 0.173228 
vn 0.0314961 0.433071 -0.897638 
vn 0.669291 0.543307 -0.496063 
vn 0.669291 0.543307 -0.496063 
vn -0.755906 0.598425 -0.259843 
vn -0.283465 0.897638 -0.338583 
vn -0.283465 0.897638 -0.338583 
vn 0.188976 0.984252 -0.0393701 
vn -0.755906 0.598425 -0.259843 
vn 0.188976 0.984252 -0.0393701 
vn 0.385827 0.795276 0.464567 
vn 0.188976 0.456693 0.866142 
vn 0.188976 0.456693 0.866142 
vn 0.637795 -0.0944882 0.76378 
vn 0.637795 -0.0944882 0.76378 
vn 0.637795 0.614173 -0.464567 
vn 0.637795 0.614173 -0.464567 
vn 0 0.503937 -0.866142 
vn 0 0.503937 -0.866142 
vn -0.637795 0.0944882 -0.76378 
vn -0.637795 0.0944882 -0.76378 

vt 46 -43.0706 
vt 45.9841 -43.0706 
vt 45.9767 -42.9409 
vt 46 -42.9409 
vt 46.033 -42.9409 
vt 46 -43.0706 
vt 46.0159 -43.0706 
vt 46.0233 -42.9409 
vt 46.0185 -42.9294 
vt 46.021 -42.9334 
vt 46 -42.9334 
vt 46 -42.9294 
vt 45.9815 -42.9294 
vt 45.979 -42.9334 
vt 46 -42.9334 
vt 45.979 -42.9409 
vt 46 -42.9409 
vt 45.979 -42.9334 
vt 46.021 -42.9334 
vt 46.021 -42.9409 
vt 45.9866 -42.9866 
vt 46 -42.981 
vt 46 -42.9739 
vt 46.0134 -42.9866 
vt 45.9815 -42.9815 
vt 46.0185 -42.9815 
vt 45.9739 -43 
vt 46.0261 -43 
vt 45.981 -43 
vt 46.019 -43 
vt 45.9866 -43.0134 
vt 46.0134 -43.0134 
vt 45.9815 -43.0185 
vt 46.0185 -43.0185 
vt 46 -43.0261 
vt 46 -43.019 
vt 46.0185 -43.0185 
vt 46.021 -42.979 
vt 46 -42.9703 
vt 45.9703 -43 
vt 45.9767 -42.9767 
vt 45.967 -43 
vt 45.9767 -43.0233 
vt 45.979 -42.979 
vt 45.979 -43.021 
vt 46 -42.9703 
vt 46 -43.0297 
vt 46 -42.967 
vt 46 -43.033 
vt 46.0233 -42.9767 
vt 46.0233 -43.0233 
vt 46.021 -42.979 
vt 46.021 -43.021 
vt 46.0297 -43 
vt 46.033 -43 
vt 45.9841 -43.0706 
vt 46 -42.9409 
vt 45.9767 -42.9409 
vt 45.967 -42.9409 
vt 46 -43.0706 
vt 45.9775 -43.0706 
vt 46.0159 -43.0706 
vt 46.0233 -42.9409 
vt 46.0225 -43.0706 
vt 45.9815 -42.9294 
vt 46.0185 -42.9294 
vt 45.979 -42.9334 
vt 46.021 -42.9334 
vt 46 -42.9334 
vt 46 -42.9294 
vt 46.021 -42.9409 
vt 46.021 -42.9334 
vt 46 -42.9409 
vt 46 -42.9334 
vt 45.979 -42.9409 
vt 45.979 -42.9334 
vt 46.0159 -43.0706 
vt 46.033 -42.9409 
vt 46.0233 -42.9409 
vt 46 -42.9409 
vt 46 -43.0706 
vt 45.9841 -43.0706 
vt 45.9767 -42.9409 
vt 45.967 -42.9409 
vt 45.9815 -42.9294 
vt 45.979 -42.9334 
vt 46 -42.9334 
vt 46 -42.9294 
vt 46.0185 -42.9294 
vt 46.021 -42.9334 
vt 46.0297 -42.9334 
vt 46.0261 -42.9294 
vt 46.021 -42.9409 
vt 46.021 -42.9334 
vt 45.979 -42.9334 
vt 46 -42.9409 
vt 45.979 -42.9409 
vt 46 -42.9334 
vt 46.0225 -43.0706 
vt 46.0159 -43.0706 
vt 46.0233 -42.9409 
vt 46 -42.9409 
vt 45.9775 -43.0706 
vt 46 -43.0706 
vt 45.9841 -43.0706 
vt 45.9767 -42.9409 
vt 46.0185 -42.9294 
vt 46 -42.9294 
vt 46 -42.9334 
vt 45.9815 -42.9294 
vt 46.021 -42.9334 
vt 45.979 -42.9334 
vt 45.9703 -42.9334 
vt 45.9815 -42.9294 
vt 45.979 -42.9334 
vt 45.979 -42.9409 
vt 45.979 -42.9334 
vt 45.979 -42.9334 
vt 45.979 -42.9409 
vt 46 -42.9334 
vt 46 -42.9409 
vt 46.021 -42.9334 
vt 46.021 -42.9409 

usemtl Meshpart3Mtl

f 1687/1687/1687 1689/1689/1689 1688/1688/1688 
f 1689/1689/1689 1687/1687/1687 1691/1691/1691 
f 1692/1692/1692 1689/1689/1689 1691/1691/1691 
f 1692/1692/1692 1693/1693/1693 1689/1689/1689 
f 1694/1694/1694 1696/1696/1696 1695/1695/1695 
f 1696/1696/1696 1694/1694/1694 1697/1697/1697 
f 1698/1698/1698 1696/1696/1696 1697/1697/1697 
f 1696/1696/1696 1698/1698/1698 1699/1699/1699 
f 1700/1700/1700 1701/1701/1701 1702/1702/1702 
f 1701/1701/1701 1700/1700/1700 1703/1703/1703 
f 1702/1702/1702 1704/1704/1704 1700/1700/1700 
f 1704/1704/1704 1702/1702/1702 1705/1705/1705 
f 1706/1706/1706 1707/1707/1707 1708/1708/1708 
f 1709/1709/1709 1708/1708/1708 1707/1707/1707 
f 1708/1708/1708 1710/1710/1710 1706/1706/1706 
f 1708/1708/1708 1709/1709/1709 1711/1711/1711 
f 1712/1712/1712 1706/1706/1706 1710/1710/1710 
f 1713/1713/1713 1711/1711/1711 1709/1709/1709 
f 1706/1706/1706 1712/1712/1712 1714/1714/1714 
f 1713/1713/1713 1709/1709/1709 1715/1715/1715 
f 1712/1712/1712 1716/1716/1716 1714/1714/1714 
f 1717/1717/1717 1713/1713/1713 1715/1715/1715 
f 1712/1712/1712 1718/1718/1718 1716/1716/1716 
f 1713/1713/1713 1717/1717/1717 1719/1719/1719 
f 1720/1720/1720 1716/1716/1716 1718/1718/1718 
f 1717/1717/1717 1720/1720/1720 1719/1719/1719 
f 1716/1716/1716 1720/1720/1720 1721/1721/1721 
f 1720/1720/1720 1717/1717/1717 1721/1721/1721 
f 1725/1725/1725 1726/1726/1726 1727/1727/1727 
f 1728/1728/1728 1725/1725/1725 1727/1727/1727 
f 1726/1726/1726 1725/1725/1725 1729/1729/1729 
f 1725/1725/1725 1728/1728/1728 1730/1730/1730 
f 1731/1731/1731 1726/1726/1726 1729/1729/1729 
f 1732/1732/1732 1730/1730/1730 1728/1728/1728 
f 1726/1726/1726 1731/1731/1731 1733/1733/1733 
f 1728/1728/1728 1734/1734/1734 1732/1732/1732 
f 1731/1731/1731 1735/1735/1735 1733/1733/1733 
f 1736/1736/1736 1732/1732/1732 1734/1734/1734 
f 1735/1735/1735 1731/1731/1731 1737/1737/1737 
f 1732/1732/1732 1736/1736/1736 1738/1738/1738 
f 1739/1739/1739 1735/1735/1735 1737/1737/1737 
f 1736/1736/1736 1739/1739/1739 1738/1738/1738 
f 1735/1735/1735 1739/1739/1739 1740/1740/1740 
f 1736/1736/1736 1740/1740/1740 1739/1739/1739 
f 1741/1741/1741 1742/1742/1742 1743/1743/1743 
f 1742/1742/1742 1741/1741/1741 1745/1745/1745 
f 1742/1742/1742 1745/1745/1745 1747/1747/1747 
f 1747/1747/1747 1748/1748/1748 1742/1742/1742 
f 1754/1754/1754 1750/1750/1750 1752/1752/1752 
f 1751/1751/1751 1754/1754/1754 1753/1753/1753 
f 1750/1750/1750 1754/1754/1754 1755/1755/1755 
f 1754/1754/1754 1751/1751/1751 1755/1755/1755 
f 1758/1758/1758 1756/1756/1756 1757/1757/1757 
f 1758/1758/1758 1757/1757/1757 1759/1759/1759 
f 1760/1760/1760 1758/1758/1758 1759/1759/1759 
f 1760/1760/1760 1759/1759/1759 1761/1761/1761 
f 1765/1765/1765 1762/1762/1762 1764/1764/1764 
f 1765/1765/1765 1766/1766/1766 1762/1762/1762 
f 1765/1765/1765 1767/1767/1767 1766/1766/1766 
f 1767/1767/1767 1765/1765/1765 1768/1768/1768 
f 1772/1772/1772 1770/1770/1770 1771/1771/1771 
f 1770/1770/1770 1772/1772/1772 1773/1773/1773 
f 1774/1774/1774 1773/1773/1773 1772/1772/1772 
f 1772/1772/1772 1775/1775/1775 1774/1774/1774 
f 1781/1781/1781 1778/1778/1778 1779/1779/1779 
f 1779/1779/1779 1783/1783/1783 1781/1781/1781 
f 1783/1783/1783 1780/1780/1780 1782/1782/1782 
f 1782/1782/1782 1781/1781/1781 1783/1783/1783 
f 1787/1787/1787 1785/1785/1785 1786/1786/1786 
f 1785/1785/1785 1787/1787/1787 1789/1789/1789 
f 1787/1787/1787 1790/1790/1790 1789/1789/1789 
f 1790/1790/1790 1787/1787/1787 1791/1791/1791 
f 1792/1792/1792 1793/1793/1793 1794/1794/1794 
f 1795/1795/1795 1794/1794/1794 1793/1793/1793 
f 1794/1794/1794 1796/1796/1796 1792/1792/1792 
f 1794/1794/1794 1795/1795/1795 1797/1797/1797 
f 1805/1805/1805 1803/1803/1803 1804/1804/1804 
f 1805/1805/1805 1804/1804/1804 1806/1806/1806 
f 1807/1807/1807 1805/1805/1805 1806/1806/1806 
f 1807/1807/1807 1806/1806/1806 1808/1808/1808 

g Meshpart6

v -281.717 5.83128 -0.0655589 
v -281.589 5.63421 -0.0427669 
v -281.633 5.67542 -0.155549 
v -281.673 5.79006 0.0472229 
v -281.633 5.55714 0.0493113 
v -281.717 5.71299 0.139301 
v -281.74 5.8364 -0.0455935 
v -281.74 5.73284 0.133757 
v -281.701 5.80032 0.0531448 
v -281.74 5.8364 -0.0455935 
v -281.74 5.73284 0.133757 
v -281.701 5.80032 0.0531448 
v -281.834 5.6735 0.149022 
v -281.834 5.81995 -0.104618 
v -281.928 5.65705 0.0899978 
v -281.928 5.7606 -0.0893529 
v -281.967 5.69313 -0.00874092 
v -281.633 5.55714 0.0493113 
v -281.717 5.71299 0.139301 
v -281.741 5.48935 0.0667472 
v -281.825 5.64521 0.156737 
v -281.74 5.73284 0.133757 
v -281.848 5.47056 -0.000672087 
v -281.834 5.6735 0.149022 
v -281.932 5.62642 0.0893177 
v -281.928 5.65705 0.0899978 
v -281.848 5.47056 -0.000672087 
v -281.932 5.62642 0.0893177 
v -281.892 5.51178 -0.113454 
v -281.928 5.65705 0.0899978 
v -281.976 5.66763 -0.0234641 
v -281.848 5.58885 -0.205532 
v -281.928 5.7606 -0.0893529 
v -281.967 5.69313 -0.00874092 
v -281.932 5.7447 -0.115542 
v -281.717 5.83128 -0.0655589 
v -281.633 5.67542 -0.155549 
v -281.825 5.81249 -0.132978 
v -281.741 5.65663 -0.222968 
v -281.74 5.8364 -0.0455935 
v -281.834 5.81995 -0.104618 
v -281.848 5.58885 -0.205532 
v -281.928 5.7606 -0.0893529 
v -281.932 5.7447 -0.115542 

vn 0.464567 0.84252 -0.283465 
vn 0.905512 0.362205 0.212598 
vn 0.637795 0.614173 -0.464567 
vn 0.708661 0.606299 0.354331 
vn 0.637795 -0.0944882 0.76378 
vn 0.464567 0.173228 0.866142 
vn -0.0629921 0.984252 0.173228 
vn -0.0629921 0.645669 0.76378 
vn 0.0629921 0.866142 0.496063 
vn -0.0629921 0.984252 0.173228 
vn -0.0629921 0.645669 0.76378 
vn 0.0629921 0.866142 0.496063 
vn -0.370079 0.448819 0.811024 
vn -0.370079 0.929134 -0.015748 
vn -0.677165 0.393701 0.622047 
vn -0.677165 0.732283 0.0314961 
vn -0.80315 0.511811 0.299213 
vn 0.637795 -0.0944882 0.76378 
vn 0.464567 0.173228 0.866142 
vn 0 -0.496063 0.866142 
vn -0.141732 -0.204724 0.968504 
vn -0.0629921 0.645669 0.76378 
vn -0.637795 -0.614173 0.464567 
vn -0.370079 0.448819 0.811024 
vn -0.748031 -0.314961 0.590551 
vn -0.677165 0.393701 0.622047 
vn -0.637795 -0.614173 0.464567 
vn -0.748031 -0.314961 0.590551 
vn -0.905512 -0.370079 -0.212598 
vn -0.677165 0.393701 0.622047 
vn -0.992126 -0.0787402 -0.0472441 
vn -0.637795 0.0944882 -0.76378 
vn -0.677165 0.732283 0.0314961 
vn -0.80315 0.511811 0.299213 
vn -0.748031 0.354331 -0.566929 
vn 0.464567 0.84252 -0.283465 
vn 0.637795 0.614173 -0.464567 
vn -0.141732 0.732283 -0.661417 
vn 0 0.503937 -0.866142 
vn -0.0629921 0.984252 0.173228 
vn -0.370079 0.929134 -0.015748 
vn -0.637795 0.0944882 -0.76378 
vn -0.677165 0.732283 0.0314961 
vn -0.748031 0.354331 -0.566929 

vt 58.0148 -18.989 
vt 58 -19.0138 
vt 58.0148 -19.0138 
vt 58 -18.989 
vt 57.9852 -19.0138 
vt 57.9852 -18.989 
vt 58.0129 -18.9862 
vt 57.9871 -18.9862 
vt 58 -18.9862 
vt 57.9871 -19.0129 
vt 57.9871 -18.9871 
vt 57.9817 -19 
vt 58 -18.9817 
vt 58 -19.0183 
vt 58.0129 -18.9871 
vt 58.0129 -19.0129 
vt 58.0183 -19 
vt 58.0148 -19.0138 
vt 58.0148 -18.989 
vt 58 -19.0138 
vt 58 -18.989 
vt 58.0129 -18.9862 
vt 57.9852 -19.0138 
vt 58 -18.9862 
vt 57.9852 -18.989 
vt 57.9871 -18.9862 
vt 58.0148 -19.0138 
vt 58.0148 -18.989 
vt 58 -19.0138 
vt 58.0129 -18.9862 
vt 58 -18.989 
vt 57.9852 -19.0138 
vt 57.9871 -18.9862 
vt 58 -18.9862 
vt 57.9852 -18.989 
vt 57.9852 -18.989 
vt 57.9852 -19.0138 
vt 58 -18.989 
vt 58 -19.0138 
vt 57.9871 -18.9862 
vt 58 -18.9862 
vt 58.0148 -19.0138 
vt 58.0129 -18.9862 
vt 58.0148 -18.989 

usemtl Meshpart2Mtl

f 1809/1809/1809 1810/1810/1810 1811/1811/1811 
f 1810/1810/1810 1809/1809/1809 1812/1812/1812 
f 1812/1812/1812 1813/1813/1813 1810/1810/1810 
f 1813/1813/1813 1812/1812/1812 1814/1814/1814 
f 1815/1815/1815 1812/1812/1812 1809/1809/1809 
f 1812/1812/1812 1816/1816/1816 1814/1814/1814 
f 1816/1816/1816 1812/1812/1812 1817/1817/1817 
f 1812/1812/1812 1815/1815/1815 1817/1817/1817 
f 1818/1818/1818 1819/1819/1819 1820/1820/1820 
f 1819/1819/1819 1823/1823/1823 1821/1821/1821 
f 1818/1818/1818 1823/1823/1823 1819/1819/1819 
f 1818/1818/1818 1824/1824/1824 1823/1823/1823 
f 1824/1824/1824 1818/1818/1818 1822/1822/1822 
f 1823/1823/1823 1824/1824/1824 1825/1825/1825 
f 1826/1826/1826 1827/1827/1827 1828/1828/1828 
f 1828/1828/1828 1827/1827/1827 1829/1829/1829 
f 1829/1829/1829 1827/1827/1827 1830/1830/1830 
f 1829/1829/1829 1831/1831/1831 1828/1828/1828 
f 1829/1829/1829 1830/1830/1830 1832/1832/1832 
f 1831/1831/1831 1829/1829/1829 1833/1833/1833 
f 1834/1834/1834 1829/1829/1829 1832/1832/1832 
f 1829/1829/1829 1834/1834/1834 1833/1833/1833 
f 1837/1837/1837 1835/1835/1835 1836/1836/1836 
f 1839/1839/1839 1837/1837/1837 1836/1836/1836 
f 1839/1839/1839 1836/1836/1836 1838/1838/1838 
f 1840/1840/1840 1837/1837/1837 1839/1839/1839 
f 1838/1838/1838 1842/1842/1842 1839/1839/1839 
f 1841/1841/1841 1839/1839/1839 1842/1842/1842 
f 1843/1843/1843 1840/1840/1840 1839/1839/1839 
f 1839/1839/1839 1841/1841/1841 1843/1843/1843 
f 1846/1846/1846 1844/1844/1844 1845/1845/1845 
f 1846/1846/1846 1845/1845/1845 1847/1847/1847 
f 1846/1846/1846 1848/1848/1848 1844/1844/1844 
f 1848/1848/1848 1846/1846/1846 1849/1849/1849 
f 1851/1851/1851 1849/1849/1849 1846/1846/1846 
f 1846/1846/1846 1852/1852/1852 1851/1851/1851 
f 1852/1852/1852 1847/1847/1847 1850/1850/1850 
f 1852/1852/1852 1846/1846/1846 1847/1847/1847 

g Meshpart7

v -280.979 4.36597 -0.869082 
v -280.978 4.4155 -0.864 
v -281.153 4.80591 -0.667973 
v -281.105 4.76156 -0.546607 
v -280.979 4.2845 -0.727995 
v -280.978 4.31367 -0.687639 
v -281.153 4.67862 -0.447521 
v -280.939 4.38002 -0.766908 
v -280.948 4.33758 -0.791409 
v -281.127 4.22488 -0.762419 
v -281.162 4.23914 -0.730669 
v -281.384 4.58545 -0.501308 
v -281.268 4.60568 -0.428758 
v -281.07 4.25531 -0.672629 
v -281.053 4.23782 -0.715986 
v -280.979 4.2845 -0.727995 
v -280.978 4.31367 -0.687639 
v -281.153 4.67862 -0.447521 
v -281.127 4.30634 -0.903506 
v -281.2 4.27462 -0.827761 
v -281.162 4.34097 -0.90703 
v -281.157 4.25326 -0.840092 
v -281.127 4.22488 -0.762419 
v -281.384 4.71274 -0.72176 
v -281.431 4.6298 -0.622674 
v -281.162 4.23914 -0.730669 
v -281.384 4.58545 -0.501308 
v -281.127 4.30634 -0.903506 
v -281.127 4.22488 -0.762419 
v -281.157 4.25326 -0.840092 
v -280.979 4.36597 -0.869082 
v -281.053 4.35303 -0.915515 
v -280.979 4.2845 -0.727995 
v -281.053 4.23782 -0.715986 
v -280.948 4.33758 -0.791409 
v -281.127 4.30634 -0.903506 
v -281.162 4.34097 -0.90703 
v -281.07 4.39932 -0.92204 
v -281.053 4.35303 -0.915515 
v -280.979 4.36597 -0.869082 
v -281.268 4.78569 -0.740522 
v -281.384 4.71274 -0.72176 
v -280.978 4.4155 -0.864 
v -281.153 4.80591 -0.667973 

vn 0.76378 0.0472441 -0.637795 
vn 0.740157 0.330709 -0.582677 
vn 0.669291 0.551181 -0.496063 
vn 0.937008 0.307087 0.173228 
vn 0.76378 -0.527559 0.362205 
vn 0.740157 -0.338583 0.574803 
vn 0.669291 -0.15748 0.724409 
vn 0.992126 0.0944882 0.0551181 
vn 0.984252 -0.15748 -0.0866142 
vn -0.275591 -0.952756 0.11811 
vn -0.472441 -0.834646 0.291339 
vn -0.606299 -0.669291 0.425197 
vn 0.0314961 -0.559055 0.826772 
vn 0.133858 -0.724409 0.677165 
vn 0.244094 -0.858268 0.440945 
vn 0.76378 -0.527559 0.362205 
vn 0.740157 -0.338583 0.574803 
vn 0.669291 -0.15748 0.724409 
vn -0.275591 -0.377953 -0.88189 
vn -0.724409 -0.598425 -0.346457 
vn -0.472441 -0.165354 -0.866142 
vn -0.496063 -0.755906 -0.433071 
vn -0.275591 -0.952756 0.11811 
vn -0.606299 0.0314961 -0.795276 
vn -0.874016 -0.425197 -0.244094 
vn -0.472441 -0.834646 0.291339 
vn -0.606299 -0.669291 0.425197 
vn 0.425197 -0.787402 -0.448819 
vn 0.425197 -0.787402 -0.448819 
vn 0.425197 -0.787402 -0.448819 
vn 0.425197 -0.787402 -0.448819 
vn 0.425197 -0.787402 -0.448819 
vn 0.425197 -0.787402 -0.448819 
vn 0.425197 -0.787402 -0.448819 
vn 0.425197 -0.787402 -0.448819 
vn -0.275591 -0.377953 -0.88189 
vn -0.472441 -0.165354 -0.866142 
vn 0.133858 0.220472 -0.968504 
vn 0.244094 -0.0472441 -0.968504 
vn 0.76378 0.0472441 -0.637795 
vn 0.0314961 0.440945 -0.897638 
vn -0.606299 0.0314961 -0.795276 
vn 0.740157 0.330709 -0.582677 
vn 0.669291 0.551181 -0.496063 

vt 60.0102 -29.0319 
vt 60.0127 -29.0268 
vt 60.0159 -28.9681 
vt 60 -28.9681 
vt 59.9898 -29.0319 
vt 59.9873 -29.0268 
vt 59.9841 -28.9681 
vt 60 -29.0268 
vt 60 -29.0319 
vt 59.9898 -29.0319 
vt 59.9873 -29.0268 
vt 59.9841 -28.9681 
vt 60 -28.9681 
vt 60 -29.0268 
vt 60 -29.0319 
vt 60.0102 -29.0319 
vt 60.0127 -29.0268 
vt 60.0159 -28.9681 
vt 59.9898 -29.0319 
vt 60 -29.0268 
vt 59.9873 -29.0268 
vt 60 -29.0319 
vt 60.0102 -29.0319 
vt 59.9841 -28.9681 
vt 60 -28.9681 
vt 60.0127 -29.0268 
vt 60.0159 -28.9681 
vt 59.9898 -29.0102 
vt 59.9898 -28.9898 
vt 59.9856 -29 
vt 60.0102 -29.0102 
vt 60 -29.0144 
vt 60.0102 -28.9898 
vt 60 -28.9856 
vt 60.0144 -29 
vt 60.0102 -29.0319 
vt 60.0127 -29.0268 
vt 60 -29.0268 
vt 60 -29.0319 
vt 59.9898 -29.0319 
vt 60 -28.9681 
vt 60.0159 -28.9681 
vt 59.9873 -29.0268 
vt 59.9841 -28.9681 

usemtl Meshpart1Mtl

f 1854/1854/1854 1855/1855/1855 1856/1856/1856 
f 1858/1858/1858 1856/1856/1856 1859/1859/1859 
f 1860/1860/1860 1858/1858/1858 1857/1857/1857 
f 1856/1856/1856 1858/1858/1858 1860/1860/1860 
f 1854/1854/1854 1856/1856/1856 1860/1860/1860 
f 1857/1857/1857 1861/1861/1861 1860/1860/1860 
f 1860/1860/1860 1853/1853/1853 1854/1854/1854 
f 1853/1853/1853 1860/1860/1860 1861/1861/1861 
f 1863/1863/1863 1865/1865/1865 1864/1864/1864 
f 1866/1866/1866 1863/1863/1863 1862/1862/1862 
f 1865/1865/1865 1863/1863/1863 1866/1866/1866 
f 1862/1862/1862 1867/1867/1867 1866/1866/1866 
f 1868/1868/1868 1866/1866/1866 1867/1867/1867 
f 1865/1865/1865 1866/1866/1866 1869/1869/1869 
f 1866/1866/1866 1868/1868/1868 1869/1869/1869 
f 1869/1869/1869 1870/1870/1870 1865/1865/1865 
f 1871/1871/1871 1872/1872/1872 1873/1873/1873 
f 1872/1872/1872 1871/1871/1871 1874/1874/1874 
f 1875/1875/1875 1872/1872/1872 1874/1874/1874 
f 1873/1873/1873 1877/1877/1877 1876/1876/1876 
f 1877/1877/1877 1873/1873/1873 1872/1872/1872 
f 1877/1877/1877 1872/1872/1872 1878/1878/1878 
f 1872/1872/1872 1875/1875/1875 1878/1878/1878 
f 1877/1877/1877 1878/1878/1878 1879/1879/1879 
f 1880/1880/1880 1881/1881/1881 1882/1882/1882 
f 1881/1881/1881 1880/1880/1880 1883/1883/1883 
f 1883/1883/1883 1880/1880/1880 1884/1884/1884 
f 1883/1883/1883 1885/1885/1885 1881/1881/1881 
f 1881/1881/1881 1885/1885/1885 1886/1886/1886 
f 1885/1885/1885 1883/1883/1883 1887/1887/1887 
f 1890/1890/1890 1888/1888/1888 1889/1889/1889 
f 1888/1888/1888 1890/1890/1890 1891/1891/1891 
f 1890/1890/1890 1892/1892/1892 1891/1891/1891 
f 1889/1889/1889 1893/1893/1893 1890/1890/1890 
f 1893/1893/1893 1889/1889/1889 1894/1894/1894 
f 1893/1893/1893 1895/1895/1895 1890/1890/1890 
f 1890/1890/1890 1895/1895/1895 1892/1892/1892 
f 1895/1895/1895 1893/1893/1893 1896/1896/1896 

