# This file is brought to you by Roblox Corporation
# Generated by Roblox Studio

mtllib Burst Rifle.mtl

g Scope
# 14653273948

v -550.052 6.93509 -3.33344 
v -549.985 7.04607 -3.33344 
v -549.918 6.93509 -3.33344 
v -549.985 6.95771 -0.521125 
v -549.985 6.99412 -0.521125 
v -550.02 6.95771 -0.521125 
v -549.95 6.95771 -0.521125 
v -550.02 7.009 -0.521125 
v -550.034 6.95771 -0.521125 
v -550.034 7.04491 -0.521125 
v -549.95 7.009 -0.521125 
v -549.935 6.95771 -0.521125 
v -549.935 7.04491 -0.521125 
v -550.024 7.04491 -0.521125 
v -550.02 7.009 -0.521125 
v -550.013 7.01618 -0.521125 
v -549.985 7.00428 -0.521125 
v -550.034 7.04491 -0.521125 
v -549.985 6.99412 -0.521125 
v -550.02 7.08082 -0.521125 
v -549.95 7.009 -0.521125 
v -550.013 7.07364 -0.521125 
v -549.957 7.01618 -0.521125 
v -549.985 7.08554 -0.521125 
v -549.945 7.04491 -0.521125 
v -549.985 7.0957 -0.521125 
v -549.935 7.04491 -0.521125 
v -549.95 7.08082 -0.521125 
v -549.957 7.07364 -0.521125 
v -549.925 6.99615 -0.533639 
v -550.044 6.98027 -0.500803 
v -549.925 6.98027 -0.500803 
v -550.044 6.99615 -0.533639 
v -550.044 6.94192 -0.487199 
v -549.925 6.94192 -0.487199 
v -550.044 6.90358 -0.500803 
v -549.925 6.90358 -0.500803 
v -550.044 6.90358 -3.29192 
v -550.044 6.98027 -3.29192 
v -549.925 6.98027 -3.29192 
v -549.925 6.8877 -3.32476 
v -549.935 7.04491 -0.546392 
v -550.044 6.98027 -3.29192 
v -549.925 6.98027 -3.29192 
v -550.044 6.94192 -3.27832 
v -549.925 6.94192 -3.27832 
v -550.044 6.90358 -3.29192 
v -549.925 6.90358 -3.29192 
v -549.925 6.90358 -3.3576 
v -549.918 6.93509 -3.31582 
v -549.985 7.04607 -3.31582 
v -550.052 6.93509 -3.31582 
v -549.925 6.99615 -0.533639 
v -550.044 6.98027 -0.500803 
v -549.925 6.98027 -0.500803 
v -550.044 6.99615 -0.533639 
v -549.925 6.90358 -0.566478 
v -550.044 6.98027 -0.566478 
v -549.925 6.98027 -0.566478 
v -550.044 6.99615 -0.533639 
v -549.925 6.99615 -0.533639 
v -550.044 6.94192 -3.3712 
v -550.044 6.98027 -3.29192 
v -549.925 6.98027 -3.29192 
v -549.925 6.98027 -3.3576 
v -549.95 7.08082 -0.546392 
v -549.95 7.08082 -0.521125 
v -549.985 7.0957 -0.546392 
v -549.985 7.0957 -0.521125 
v -550.02 7.08082 -0.546392 
v -550.02 7.08082 -0.521125 
v -550.013 7.01618 -0.521125 
v -550.013 7.01618 -0.546392 
v -549.985 7.00428 -0.546392 
v -549.985 7.00428 -0.521125 
v -549.957 7.01618 -0.546392 
v -549.957 7.01618 -0.521125 
v -549.925 6.99615 -3.32476 
v -550.044 6.98027 -3.29192 
v -549.925 6.98027 -3.29192 
v -550.044 6.99615 -3.32476 
v -550.044 6.98027 -3.3576 
v -549.925 6.98027 -3.3576 
v -550.044 6.99615 -3.32476 
v -549.925 6.99615 -3.32476 
v -550.044 6.98027 -0.500803 
v -550.044 6.90358 -0.500803 
v -550.044 6.8877 -0.533639 
v -550.044 6.98027 -0.566478 
v -550.044 6.94192 -0.580079 
v -550.044 6.8877 -0.533639 
v -550.044 6.90358 -0.500803 
v -550.044 6.90358 -0.566478 
v -550.044 6.98027 -0.500803 
v -550.044 6.94192 -0.487199 
v -550.044 6.99615 -0.533639 
v -550.044 6.98027 -0.566478 
v -550.044 6.8877 -3.32476 
v -550.044 6.94192 -3.27832 
v -550.044 6.94192 -3.3712 
v -550.044 6.90358 -3.29192 
v -550.044 6.90358 -3.3576 
v -550.044 6.99615 -3.32476 
v -550.044 6.98027 -3.29192 
v -550.044 6.98027 -3.3576 
v -550.02 7.08082 -0.546392 
v -550.02 7.08082 -0.521125 
v -550.034 7.04491 -0.546392 
v -550.034 7.04491 -0.521125 
v -550.034 6.95771 -0.546392 
v -550.034 6.95771 -0.521125 
v -549.985 7.04607 -3.33344 
v -550.052 6.93509 -3.33344 
v -550.052 6.93509 -3.31582 
v -549.985 7.04607 -3.31582 
v -549.985 7.00428 -0.546392 
v -549.957 7.01618 -0.546392 
v -549.957 7.01618 -0.521125 
v -549.945 7.04491 -0.546392 
v -549.945 7.04491 -0.521125 
v -549.957 7.07364 -0.546392 
v -549.957 7.07364 -0.521125 
v -550.052 6.93509 -3.33344 
v -549.985 7.04607 -3.33344 
v -549.918 6.93509 -3.33344 
v -549.985 7.00428 -0.521125 
v -550.02 7.08082 -0.521125 
v -549.985 7.0957 -0.521125 
v -549.925 6.99615 -0.533639 
v -550.044 6.8877 -0.533639 
v -550.044 6.90358 -0.566478 
v -549.925 6.90358 -0.566478 
v -550.044 6.94192 -0.580079 
v -549.925 6.94192 -0.580079 
v -550.044 6.98027 -0.566478 
v -549.925 6.98027 -0.566478 
v -550.044 6.99615 -0.533639 
v -549.925 6.99615 -0.533639 
v -550.044 6.94192 -3.3712 
v -550.044 6.90358 -3.3576 
v -550.044 6.98027 -3.29192 
v -549.925 6.98027 -3.29192 
v -549.925 6.98027 -3.3576 
v -549.925 6.90358 -3.3576 
v -549.935 7.04491 -0.546392 
v -549.95 7.08082 -0.546392 
v -549.985 7.08554 -0.546392 
v -549.985 7.0957 -0.546392 
v -550.02 7.08082 -0.546392 
v -549.957 7.07364 -0.546392 
v -550.013 7.07364 -0.546392 
v -549.945 7.04491 -0.546392 
v -550.024 7.04491 -0.546392 
v -549.935 7.04491 -0.546392 
v -550.034 7.04491 -0.546392 
v -549.95 7.009 -0.546392 
v -549.957 7.01618 -0.546392 
v -549.935 6.95771 -0.546392 
v -549.985 7.00428 -0.546392 
v -549.95 6.95771 -0.546392 
v -550.02 7.009 -0.546392 
v -550.034 6.95771 -0.546392 
v -550.013 7.01618 -0.546392 
v -550.02 6.95771 -0.546392 
v -549.985 6.99412 -0.546392 
v -549.985 6.95771 -0.546392 
v -550.044 6.90358 -3.29192 
v -550.044 6.90358 -3.3576 
v -549.925 6.90358 -3.3576 
v -550.044 6.94192 -3.3712 
v -549.925 6.94192 -3.3712 
v -550.044 6.98027 -3.3576 
v -549.925 6.98027 -3.3576 
v -550.044 6.94192 -0.487199 
v -549.925 6.94192 -0.487199 
v -550.044 6.90358 -0.500803 
v -549.925 6.90358 -0.500803 
v -550.044 6.8877 -0.533639 
v -549.925 6.8877 -0.533639 
v -550.044 6.90358 -0.566478 
v -549.925 6.90358 -0.566478 
v -550.044 6.90358 -3.29192 
v -550.044 6.90358 -3.3576 
v -549.925 6.8877 -3.32476 
v -549.925 6.90358 -3.3576 
v -549.957 7.07364 -0.546392 
v -549.957 7.07364 -0.521125 
v -549.985 7.08554 -0.521125 
v -549.985 7.08554 -0.546392 
v -550.013 7.07364 -0.521125 
v -550.013 7.07364 -0.546392 
v -550.024 7.04491 -0.521125 
v -550.024 7.04491 -0.546392 
v -550.044 6.90358 -3.29192 
v -549.925 6.90358 -3.29192 
v -550.044 6.8877 -3.32476 
v -549.925 6.8877 -3.32476 
v -550.044 6.90358 -3.3576 
v -549.925 6.90358 -3.3576 
v -549.925 6.99615 -0.533639 
v -549.925 6.94192 -0.487199 
v -549.925 6.90358 -0.500803 
v -549.925 6.90358 -0.566478 
v -549.925 6.94192 -0.580079 
v -549.925 6.99615 -0.533639 
v -549.925 6.98027 -0.500803 
v -549.925 6.98027 -0.566478 
v -549.925 6.90358 -0.500803 
v -549.925 6.94192 -0.487199 
v -549.925 6.8877 -0.533639 
v -549.925 6.90358 -0.566478 
v -549.925 6.94192 -3.27832 
v -549.925 6.99615 -3.32476 
v -549.925 6.98027 -3.29192 
v -549.925 6.94192 -3.3712 
v -549.925 6.98027 -3.3576 
v -549.925 6.8877 -3.32476 
v -549.925 6.90358 -3.3576 
v -549.925 6.90358 -3.29192 
v -549.95 7.08082 -0.546392 
v -549.95 7.08082 -0.521125 
v -549.935 7.04491 -0.521125 
v -549.935 7.04491 -0.546392 
v -549.935 6.95771 -0.521125 
v -549.935 6.95771 -0.546392 
v -549.985 7.04607 -3.31582 
v -549.918 6.93509 -3.33344 
v -549.985 7.04607 -3.33344 
v -549.918 6.93509 -3.31582 
v -550.024 7.04491 -0.546392 
v -550.024 7.04491 -0.521125 
v -550.013 7.01618 -0.521125 
v -550.013 7.01618 -0.546392 
v -549.985 7.00428 -0.546392 
v -550.013 7.07364 -0.521125 
v -550.013 7.07364 -0.546392 
v -550.024 7.04491 -0.521125 
v -550.024 7.04491 -0.546392 

vn 0 0 -1 
vn 0 0 -1 
vn 0 0 -1 
vn 0 0 1 
vn 0 0 1 
vn 0 0 1 
vn 0 0 1 
vn 0 0 1 
vn 0 0 1 
vn 0 0 1 
vn 0 0 1 
vn 0 0 1 
vn 0 0 1 
vn 0 0 1 
vn 0 0 1 
vn 0 0 1 
vn 0 0 1 
vn 0 0 1 
vn 0 0 1 
vn 0 0 1 
vn 0 0 1 
vn 0 0 1 
vn 0 0 1 
vn 0 0 1 
vn 0 0 1 
vn 0 0 1 
vn 0 0 1 
vn 0 0 1 
vn 0 0 1 
vn 0 1 0 
vn 0 0.653543 0.755906 
vn 0 0.653543 0.755906 
vn 0 1 0 
vn 0 0 1 
vn 0 0 1 
vn 0 -0.653543 0.755906 
vn 0 -0.653543 0.755906 
vn -1 0 0 
vn -1 0 0 
vn 1 0 0 
vn 1 0 0 
vn 0.984252 0.188976 0 
vn 0 0.653543 0.755906 
vn 0 0.653543 0.755906 
vn 0 0 1 
vn 0 0 1 
vn 0 -0.653543 0.755906 
vn 0 -0.653543 0.755906 
vn 0 -0.653543 -0.755906 
vn 0 0 1 
vn 0 0 1 
vn 0 0 1 
vn 0 1 0 
vn 0 0.653543 0.755906 
vn 0 0.653543 0.755906 
vn 0 1 0 
vn 0 -0.653543 -0.755906 
vn 0 0.653543 -0.755906 
vn 0 0.653543 -0.755906 
vn 0 1 0 
vn 0 1 0 
vn -1 0 0 
vn -1 0 0 
vn 1 0 0 
vn 1 0 0 
vn 0.716535 0.700787 0 
vn 0.716535 0.700787 0 
vn 0 1 0 
vn 0 1 0 
vn -0.716535 0.700787 0 
vn -0.716535 0.700787 0 
vn 0.716535 0.700787 0 
vn 0.716535 0.700787 0 
vn 0 1 0 
vn 0 1 0 
vn -0.716535 0.700787 0 
vn -0.716535 0.700787 0 
vn 0 1 0 
vn 0 0.653543 0.755906 
vn 0 0.653543 0.755906 
vn 0 1 0 
vn 0 0.653543 -0.755906 
vn 0 0.653543 -0.755906 
vn 0 1 0 
vn 0 1 0 
vn 0 0.653543 0.755906 
vn 0 -0.653543 0.755906 
vn 0 -1 0 
vn 0 0.653543 -0.755906 
vn -1 0 0 
vn -1 0 0 
vn -1 0 0 
vn -1 0 0 
vn -1 0 0 
vn -1 0 0 
vn -1 0 0 
vn -1 0 0 
vn -1 0 0 
vn -1 0 0 
vn -1 0 0 
vn -1 0 0 
vn -1 0 0 
vn -1 0 0 
vn -1 0 0 
vn -1 0 0 
vn -0.716535 0.700787 0 
vn -0.716535 0.700787 0 
vn -0.984252 0.188976 0 
vn -0.984252 0.188976 0 
vn -1 0 0 
vn -1 0 0 
vn -0.858268 0.519685 0 
vn -0.858268 0.519685 0 
vn -0.858268 0.519685 0 
vn -0.858268 0.519685 0 
vn 0 1 0 
vn -0.716535 0.700787 0 
vn -0.716535 0.700787 0 
vn -1 0 0 
vn -1 0 0 
vn -0.716535 -0.700787 0 
vn -0.716535 -0.700787 0 
vn 0 0 -1 
vn 0 0 -1 
vn 0 0 -1 
vn 0 0 1 
vn 0 0 1 
vn 0 0 1 
vn 0 1 0 
vn 0 -1 0 
vn 0 -0.653543 -0.755906 
vn 0 -0.653543 -0.755906 
vn 0 0 -1 
vn 0 0 -1 
vn 0 0.653543 -0.755906 
vn 0 0.653543 -0.755906 
vn 0 1 0 
vn 0 1 0 
vn -1 0 0 
vn -1 0 0 
vn -1 0 0 
vn 1 0 0 
vn 1 0 0 
vn 1 0 0 
vn 0.984252 0.188976 0 
vn 0 0 -1 
vn 0 0 -1 
vn 0 0 -1 
vn 0 0 -1 
vn 0 0 -1 
vn 0 0 -1 
vn 0 0 -1 
vn 0 0 -1 
vn 0 0 -1 
vn 0 0 -1 
vn 0 0 -1 
vn 0 0 -1 
vn 0 0 -1 
vn 0 0 -1 
vn 0 0 -1 
vn 0 0 -1 
vn 0 0 -1 
vn 0 0 -1 
vn 0 0 -1 
vn 0 0 -1 
vn 0 0 -1 
vn 0 -0.653543 0.755906 
vn 0 -0.653543 -0.755906 
vn 0 -0.653543 -0.755906 
vn 0 0 -1 
vn 0 0 -1 
vn 0 0.653543 -0.755906 
vn 0 0.653543 -0.755906 
vn 0 0 1 
vn 0 0 1 
vn 0 -0.653543 0.755906 
vn 0 -0.653543 0.755906 
vn 0 -1 0 
vn 0 -1 0 
vn 0 -0.653543 -0.755906 
vn 0 -0.653543 -0.755906 
vn -1 0 0 
vn -1 0 0 
vn 1 0 0 
vn 1 0 0 
vn -0.716535 -0.700787 0 
vn -0.716535 -0.700787 0 
vn 0 -1 0 
vn 0 -1 0 
vn 0.716535 -0.700787 0 
vn 0.716535 -0.700787 0 
vn 1 0 0 
vn 1 0 0 
vn 0 -0.653543 0.755906 
vn 0 -0.653543 0.755906 
vn 0 -1 0 
vn 0 -1 0 
vn 0 -0.653543 -0.755906 
vn 0 -0.653543 -0.755906 
vn 0 1 0 
vn 0 0 1 
vn 0 -0.653543 0.755906 
vn 0 -0.653543 -0.755906 
vn 1 0 0 
vn 1 0 0 
vn 1 0 0 
vn 1 0 0 
vn 1 0 0 
vn 1 0 0 
vn 1 0 0 
vn 1 0 0 
vn 1 0 0 
vn 1 0 0 
vn 1 0 0 
vn 1 0 0 
vn 1 0 0 
vn 1 0 0 
vn 1 0 0 
vn 1 0 0 
vn 0.716535 0.700787 0 
vn 0.716535 0.700787 0 
vn 0.984252 0.188976 0 
vn 0.984252 0.188976 0 
vn 1 0 0 
vn 1 0 0 
vn 0.858268 0.519685 0 
vn 0.858268 0.519685 0 
vn 0.858268 0.519685 0 
vn 0.858268 0.519685 0 
vn 1 0 0 
vn 1 0 0 
vn 0.716535 0.700787 0 
vn 0.716535 0.700787 0 
vn 0 1 0 
vn 0.716535 -0.700787 0 
vn 0.716535 -0.700787 0 
vn 1 0 0 
vn 1 0 0 

vt 15.9916 -5.00708 
vt 16 -4.9932 
vt 16.0084 -5.00708 
vt 16 -5.00425 
vt 16 -4.9997 
vt 15.9956 -5.00425 
vt 16.0044 -5.00425 
vt 15.9956 -4.99784 
vt 15.9938 -5.00425 
vt 15.9938 -4.99335 
vt 16.0044 -4.99784 
vt 16.0062 -5.00425 
vt 16.0062 -4.99335 
vt 15.9951 -4.99335 
vt 15.9956 -4.99784 
vt 15.9965 -4.99694 
vt 16 -4.99843 
vt 15.9938 -4.99335 
vt 16 -4.9997 
vt 15.9956 -4.98886 
vt 16.0044 -4.99784 
vt 15.9965 -4.98976 
vt 16.0035 -4.99694 
vt 16 -4.98827 
vt 16.0049 -4.99335 
vt 16 -4.987 
vt 16.0062 -4.99335 
vt 16.0044 -4.98886 
vt 16.0035 -4.98976 
vt 16.0074 -4.99944 
vt 15.9926 -5.00143 
vt 16.0074 -5.00143 
vt 15.9926 -4.99944 
vt 15.9926 -5.00622 
vt 16.0074 -5.00622 
vt 15.9926 -5.01101 
vt 16.0074 -5.01101 
vt 15.9926 -5.01101 
vt 15.9926 -5.00143 
vt 16.0074 -5.00143 
vt 16.0074 -5.013 
vt 16.0062 -4.99335 
vt 15.9926 -5.00143 
vt 16.0074 -5.00143 
vt 15.9926 -5.00622 
vt 16.0074 -5.00622 
vt 15.9926 -5.01101 
vt 16.0074 -5.01101 
vt 16.0074 -5.01101 
vt 16.0084 -5.00708 
vt 16 -4.9932 
vt 15.9916 -5.00708 
vt 15.8256 -5.00742 
vt 15.8215 -4.99258 
vt 15.8215 -5.00742 
vt 15.8256 -4.99258 
vt 15.8297 -5.00742 
vt 15.8297 -4.99258 
vt 15.8297 -5.00742 
vt 15.8256 -4.99258 
vt 15.8256 -5.00742 
vt 16.1803 -4.99258 
vt 16.1703 -4.99258 
vt 16.1703 -5.00742 
vt 16.1786 -5.00742 
vt 15.8271 -5.00437 
vt 15.824 -5.00437 
vt 15.8271 -5 
vt 15.824 -5 
vt 15.8271 -4.99563 
vt 15.824 -4.99563 
vt 15.824 -4.9965 
vt 15.8271 -4.9965 
vt 15.8271 -5 
vt 15.824 -5 
vt 15.8271 -5.0035 
vt 15.824 -5.0035 
vt 16.1744 -5.00742 
vt 16.1703 -4.99258 
vt 16.1703 -5.00742 
vt 16.1744 -4.99258 
vt 16.1786 -4.99258 
vt 16.1786 -5.00742 
vt 16.1744 -4.99258 
vt 16.1744 -5.00742 
vt 16.1785 -5.00143 
vt 16.1785 -5.01101 
vt 16.1744 -5.013 
vt 16.1703 -5.00143 
vt 16.1686 -5.00622 
vt 16.1744 -5.013 
vt 16.1785 -5.01101 
vt 16.1703 -5.01101 
vt 16.1785 -5.00143 
vt 16.1803 -5.00622 
vt 16.1744 -4.99944 
vt 16.1703 -5.00143 
vt 15.8256 -5.013 
vt 15.8314 -5.00622 
vt 15.8197 -5.00622 
vt 15.8297 -5.01101 
vt 15.8215 -5.01101 
vt 15.8256 -4.99944 
vt 15.8297 -5.00143 
vt 15.8215 -5.00143 
vt 16.1729 -4.98886 
vt 16.176 -4.98886 
vt 16.1729 -4.99335 
vt 16.176 -4.99335 
vt 16.1729 -5.00425 
vt 16.176 -5.00425 
vt 15.8245 -4.9932 
vt 15.8245 -5.00708 
vt 15.8267 -5.00708 
vt 15.8267 -4.9932 
vt 16.1729 -4.99843 
vt 16.1729 -4.99694 
vt 16.176 -4.99694 
vt 16.1729 -4.99335 
vt 16.176 -4.99335 
vt 16.1729 -4.98976 
vt 16.176 -4.98976 
vt 16.0084 -5.00708 
vt 16 -4.9932 
vt 15.9916 -5.00708 
vt 16 -4.99843 
vt 16.0044 -4.98886 
vt 16 -4.987 
vt 15.9926 -4.99944 
vt 16.0074 -5.013 
vt 16.0074 -5.01101 
vt 15.9926 -5.01101 
vt 16.0074 -5.00622 
vt 15.9926 -5.00622 
vt 16.0074 -5.00143 
vt 15.9926 -5.00143 
vt 16.0074 -4.99944 
vt 15.9926 -4.99944 
vt 16.0074 -5.00622 
vt 16.0074 -5.01101 
vt 16.0074 -5.00143 
vt 15.9926 -5.00143 
vt 15.9926 -5.00143 
vt 15.9926 -5.01101 
vt 15.9938 -4.99335 
vt 15.9956 -4.98886 
vt 16 -4.98827 
vt 16 -4.987 
vt 16.0044 -4.98886 
vt 15.9965 -4.98976 
vt 16.0035 -4.98976 
vt 15.9951 -4.99335 
vt 16.0049 -4.99335 
vt 15.9938 -4.99335 
vt 16.0062 -4.99335 
vt 15.9956 -4.99784 
vt 15.9965 -4.99694 
vt 15.9938 -5.00425 
vt 16 -4.99843 
vt 15.9956 -5.00425 
vt 16.0044 -4.99784 
vt 16.0062 -5.00425 
vt 16.0035 -4.99694 
vt 16.0044 -5.00425 
vt 16 -4.9997 
vt 16 -5.00425 
vt 16.0074 -5.01101 
vt 16.0074 -5.01101 
vt 15.9926 -5.01101 
vt 16.0074 -5.00622 
vt 15.9926 -5.00622 
vt 16.0074 -5.00143 
vt 15.9926 -5.00143 
vt 16.1803 -4.99258 
vt 16.1803 -5.00742 
vt 16.1785 -4.99258 
vt 16.1785 -5.00742 
vt 16.1744 -4.99258 
vt 16.1744 -5.00742 
vt 16.1703 -4.99258 
vt 16.1703 -5.00742 
vt 15.8297 -4.99258 
vt 15.8215 -4.99258 
vt 15.8256 -5.00742 
vt 15.8215 -5.00742 
vt 16.1729 -5.0035 
vt 16.176 -5.0035 
vt 16.176 -5 
vt 16.1729 -5 
vt 16.176 -4.9965 
vt 16.1729 -4.9965 
vt 16.176 -4.99505 
vt 16.1729 -4.99505 
vt 15.8297 -4.99258 
vt 15.8297 -5.00742 
vt 15.8256 -4.99258 
vt 15.8256 -5.00742 
vt 15.8215 -4.99258 
vt 15.8215 -5.00742 
vt 15.8256 -4.99944 
vt 15.8197 -5.00622 
vt 15.8215 -5.01101 
vt 15.8297 -5.01101 
vt 15.8314 -5.00622 
vt 15.8256 -4.99944 
vt 15.8215 -5.00143 
vt 15.8297 -5.00143 
vt 15.8215 -5.01101 
vt 15.8197 -5.00622 
vt 15.8256 -5.013 
vt 15.8297 -5.01101 
vt 16.1686 -5.00622 
vt 16.1744 -4.99944 
vt 16.1703 -5.00143 
vt 16.1803 -5.00622 
vt 16.1786 -5.00143 
vt 16.1744 -5.013 
vt 16.1786 -5.01101 
vt 16.1703 -5.01101 
vt 15.8271 -4.98886 
vt 15.824 -4.98886 
vt 15.824 -4.99335 
vt 15.8271 -4.99335 
vt 15.824 -5.00425 
vt 15.8271 -5.00425 
vt 16.1733 -4.9932 
vt 16.1755 -5.00708 
vt 16.1755 -4.9932 
vt 16.1733 -5.00708 
vt 15.8271 -4.99335 
vt 15.824 -4.99335 
vt 15.824 -4.99694 
vt 15.8271 -4.99694 
vt 15.8271 -4.99843 
vt 15.824 -4.98976 
vt 15.8271 -4.98976 
vt 15.824 -4.99335 
vt 15.8271 -4.99335 

usemtl Meshpart1Mtl

f 4/4/4 5/5/5 6/6/6 
f 7/7/7 5/5/5 4/4/4 
f 5/5/5 8/8/8 6/6/6 
f 6/6/6 8/8/8 9/9/9 
f 10/10/10 9/9/9 8/8/8 
f 5/5/5 7/7/7 11/11/11 
f 12/12/12 11/11/11 7/7/7 
f 12/12/12 13/13/13 11/11/11 
f 14/14/14 15/15/15 16/16/16 
f 15/15/15 17/17/17 16/16/16 
f 15/15/15 14/14/14 18/18/18 
f 17/17/17 15/15/15 19/19/19 
f 20/20/20 18/18/18 14/14/14 
f 21/21/21 17/17/17 19/19/19 
f 20/20/20 14/14/14 22/22/22 
f 17/17/17 21/21/21 23/23/23 
f 24/24/24 20/20/20 22/22/22 
f 21/21/21 25/25/25 23/23/23 
f 20/20/20 24/24/24 26/26/26 
f 25/25/25 21/21/21 27/27/27 
f 24/24/24 28/28/28 26/26/26 
f 28/28/28 25/25/25 27/27/27 
f 28/28/28 24/24/24 29/29/29 
f 29/29/29 25/25/25 28/28/28 
f 34/34/34 32/32/32 31/31/31 
f 32/32/32 34/34/34 35/35/35 
f 36/36/36 35/35/35 34/34/34 
f 35/35/35 36/36/36 37/37/37 
f 45/45/45 44/44/44 43/43/43 
f 44/44/44 45/45/45 46/46/46 
f 47/47/47 46/46/46 45/45/45 
f 46/46/46 47/47/47 48/48/48 
f 50/50/50 51/51/51 52/52/52 
f 53/53/53 54/54/54 55/55/55 
f 54/54/54 53/53/53 56/56/56 
f 60/60/60 59/59/59 58/58/58 
f 59/59/59 60/60/60 61/61/61 
f 68/68/68 67/67/67 66/66/66 
f 67/67/67 68/68/68 69/69/69 
f 70/70/70 69/69/69 68/68/68 
f 69/69/69 70/70/70 71/71/71 
f 74/74/74 73/73/73 72/72/72 
f 75/75/75 74/74/74 72/72/72 
f 76/76/76 74/74/74 75/75/75 
f 77/77/77 76/76/76 75/75/75 
f 78/78/78 79/79/79 80/80/80 
f 79/79/79 78/78/78 81/81/81 
f 84/84/84 83/83/83 82/82/82 
f 83/83/83 84/84/84 85/85/85 
f 90/90/90 91/91/91 92/92/92 
f 91/91/91 90/90/90 93/93/93 
f 94/94/94 90/90/90 92/92/92 
f 94/94/94 92/92/92 95/95/95 
f 90/90/90 94/94/94 96/96/96 
f 90/90/90 96/96/96 97/97/97 
f 98/98/98 99/99/99 100/100/100 
f 99/99/99 98/98/98 101/101/101 
f 98/98/98 100/100/100 102/102/102 
f 100/100/100 99/99/99 103/103/103 
f 103/103/103 99/99/99 104/104/104 
f 100/100/100 103/103/103 105/105/105 
f 108/108/108 107/107/107 106/106/106 
f 108/108/108 109/109/109 107/107/107 
f 110/110/110 109/109/109 108/108/108 
f 111/111/111 109/109/109 110/110/110 
f 112/112/112 113/113/113 114/114/114 
f 114/114/114 115/115/115 112/112/112 
f 118/118/118 119/119/119 117/117/117 
f 119/119/119 118/118/118 120/120/120 
f 120/120/120 121/121/121 119/119/119 
f 121/121/121 120/120/120 122/122/122 
f 123/123/123 124/124/124 125/125/125 
f 133/133/133 132/132/132 131/131/131 
f 132/132/132 133/133/133 134/134/134 
f 135/135/135 134/134/134 133/133/133 
f 134/134/134 135/135/135 136/136/136 
f 146/146/146 147/147/147 148/148/148 
f 149/149/149 148/148/148 147/147/147 
f 147/147/147 146/146/146 150/150/150 
f 149/149/149 147/147/147 151/151/151 
f 146/146/146 152/152/152 150/150/150 
f 153/153/153 149/149/149 151/151/151 
f 152/152/152 146/146/146 154/154/154 
f 149/149/149 153/153/153 155/155/155 
f 156/156/156 152/152/152 154/154/154 
f 152/152/152 156/156/156 157/157/157 
f 154/154/154 158/158/158 156/156/156 
f 156/156/156 159/159/159 157/157/157 
f 156/156/156 158/158/158 160/160/160 
f 153/153/153 161/161/161 155/155/155 
f 161/161/161 162/162/162 155/155/155 
f 161/161/161 153/153/153 163/163/163 
f 163/163/163 159/159/159 161/161/161 
f 162/162/162 161/161/161 164/164/164 
f 160/160/160 165/165/165 156/156/156 
f 159/159/159 156/156/156 165/165/165 
f 165/165/165 161/161/161 159/159/159 
f 165/165/165 164/164/164 161/161/161 
f 165/165/165 160/160/160 166/166/166 
f 164/164/164 165/165/165 166/166/166 
f 170/170/170 169/169/169 168/168/168 
f 169/169/169 170/170/170 171/171/171 
f 172/172/172 171/171/171 170/170/170 
f 171/171/171 172/172/172 173/173/173 
f 178/178/178 177/177/177 176/176/176 
f 177/177/177 178/178/178 179/179/179 
f 180/180/180 179/179/179 178/178/178 
f 179/179/179 180/180/180 181/181/181 
f 186/186/186 187/187/187 188/188/188 
f 186/186/186 188/188/188 189/189/189 
f 189/189/189 188/188/188 190/190/190 
f 189/189/189 190/190/190 191/191/191 
f 196/196/196 195/195/195 194/194/194 
f 195/195/195 196/196/196 197/197/197 
f 198/198/198 197/197/197 196/196/196 
f 197/197/197 198/198/198 199/199/199 
f 204/204/204 205/205/205 206/206/206 
f 205/205/205 204/204/204 207/207/207 
f 204/204/204 206/206/206 208/208/208 
f 208/208/208 206/206/206 209/209/209 
f 210/210/210 204/204/204 208/208/208 
f 204/204/204 210/210/210 211/211/211 
f 212/212/212 213/213/213 214/214/214 
f 215/215/215 213/213/213 212/212/212 
f 213/213/213 215/215/215 216/216/216 
f 217/217/217 215/215/215 212/212/212 
f 215/215/215 217/217/217 218/218/218 
f 217/217/217 212/212/212 219/219/219 
f 220/220/220 221/221/221 222/222/222 
f 220/220/220 222/222/222 223/223/223 
f 222/222/222 224/224/224 223/223/223 
f 223/223/223 224/224/224 225/225/225 
f 226/226/226 227/227/227 228/228/228 
f 227/227/227 226/226/226 229/229/229 
f 230/230/230 231/231/231 232/232/232 
f 230/230/230 232/232/232 233/233/233 
f 236/236/236 235/235/235 237/237/237 
f 236/236/236 237/237/237 238/238/238 

g Bolts
# 13236207230

v -550.162 6.96134 -0.507696 
v -549.808 6.96134 -0.507696 
v -550.162 6.93408 -0.496404 
v -549.808 6.93408 -0.496404 
v -550.162 6.90682 -0.507696 
v -550.162 6.90682 -0.562212 
v -549.808 6.90682 -0.507696 
v -549.808 6.61792 -0.749584 
v -550.162 6.60663 -0.722326 
v -549.808 6.60663 -0.722326 
v -550.162 6.57938 -0.711036 
v -549.808 6.57938 -0.711036 
v -550.162 6.55212 -0.722326 
v -549.808 6.55212 -0.722326 
v -549.808 6.61792 -3.03003 
v -550.162 6.60663 -3.00277 
v -549.808 6.60663 -3.00277 
v -550.162 6.57938 -2.99148 
v -549.808 6.57938 -2.99148 
v -550.162 6.55212 -3.00277 
v -549.808 6.55212 -3.00277 
v -550.188 5.99366 -1.74523 
v -550.188 5.9761 -1.69989 
v -549.782 5.9761 -1.69989 
v -550.188 5.93163 -1.68025 
v -549.782 5.93163 -1.68025 
v -550.188 5.88629 -1.6978 
v -550.188 5.8842 -1.78761 
v -549.782 5.88629 -1.6978 
v -550.162 6.60663 -1.60768 
v -549.808 6.60663 -1.60768 
v -550.162 6.57938 -1.59639 
v -549.808 6.57938 -1.59639 
v -550.162 6.55212 -1.60768 
v -549.808 6.55212 -1.60768 
v -550.162 6.97263 -3.32515 
v -550.162 6.96134 -3.29789 
v -549.808 6.96134 -3.29789 
v -550.162 6.93408 -3.2866 
v -549.808 6.93408 -3.2866 
v -550.162 6.90682 -3.29789 
v -549.808 6.90682 -3.29789 
v -549.808 6.61792 -3.56661 
v -550.162 6.60663 -3.53935 
v -549.808 6.60663 -3.53935 
v -550.162 6.57938 -3.52806 
v -549.808 6.57938 -3.52806 
v -550.162 6.55212 -3.53935 
v -549.808 6.55212 -3.53935 
v -550.188 5.82579 -0.858796 
v -549.782 5.82579 -0.858796 
v -550.188 5.78132 -0.839148 
v -549.782 5.78132 -0.839148 
v -550.188 5.73599 -0.856702 
v -549.782 5.73599 -0.856702 
v -549.808 6.96134 -0.562212 
v -550.162 6.97263 -0.534954 
v -549.808 6.97263 -0.534954 
v -550.162 6.96134 -0.507696 
v -550.162 6.96134 -0.562212 
v -549.808 6.96134 -0.507696 
v -549.808 6.93408 -0.496404 
v -549.808 6.61792 -0.749584 
v -550.162 6.60663 -0.722326 
v -549.808 6.60663 -0.722326 
v -550.162 6.61792 -0.749584 
v -549.808 6.60663 -0.776842 
v -550.162 6.55212 -0.722326 
v -550.162 6.60663 -0.776842 
v -549.808 6.55212 -0.722326 
v -549.808 6.57938 -0.788134 
v -550.162 6.57938 -0.788134 
v -549.808 6.60663 -3.05729 
v -550.162 6.61792 -3.03003 
v -549.808 6.61792 -3.03003 
v -550.162 6.60663 -3.00277 
v -550.162 6.60663 -3.05729 
v -549.808 6.60663 -3.00277 
v -549.808 6.57938 -3.06858 
v -550.162 6.57938 -3.06858 
v -550.162 6.55212 -3.00277 
v -549.808 6.55212 -3.00277 
v -549.782 5.97401 -1.7897 
v -550.188 5.99366 -1.74523 
v -549.782 5.99366 -1.74523 
v -550.188 5.9761 -1.69989 
v -550.188 5.97401 -1.7897 
v -549.782 5.9761 -1.69989 
v -549.782 5.93163 -1.68025 
v -549.782 5.8842 -1.78761 
v -549.808 6.60663 -1.66219 
v -550.162 6.61792 -1.63493 
v -549.808 6.61792 -1.63493 
v -550.162 6.60663 -1.60768 
v -550.162 6.60663 -1.66219 
v -549.808 6.60663 -1.60768 
v -550.162 6.55212 -1.66219 
v -549.808 6.55212 -1.60768 
v -549.808 6.96134 -3.35241 
v -550.162 6.97263 -3.32515 
v -549.808 6.97263 -3.32515 
v -550.162 6.96134 -3.29789 
v -550.162 6.96134 -3.35241 
v -549.808 6.96134 -3.29789 
v -550.162 6.93408 -3.2866 
v -549.808 6.93408 -3.2866 
v -549.808 6.90682 -3.35241 
v -549.808 6.61792 -3.56661 
v -550.162 6.60663 -3.53935 
v -549.808 6.60663 -3.53935 
v -550.162 6.61792 -3.56661 
v -549.808 6.60663 -3.59387 
v -550.162 6.55212 -3.53935 
v -550.162 6.60663 -3.59387 
v -549.808 6.57938 -3.60516 
v -550.162 6.57938 -3.60516 
v -549.782 5.8237 -0.948602 
v -550.188 5.84335 -0.904132 
v -549.782 5.84335 -0.904132 
v -550.188 5.82579 -0.858796 
v -550.188 5.8237 -0.948602 
v -549.782 5.82579 -0.858796 
v -550.188 5.92867 -1.80725 
v -550.188 5.9761 -1.69989 
v -550.188 5.99366 -1.74523 
v -550.188 5.97401 -1.7897 
v -550.188 5.8842 -1.78761 
v -550.188 5.86665 -1.74227 
v -550.188 5.88629 -1.6978 
v -550.188 5.93163 -1.68025 
v -550.188 5.73599 -0.856702 
v -550.188 5.77836 -0.966156 
v -550.188 5.73389 -0.94651 
v -550.188 5.71634 -0.901172 
v -550.188 5.8237 -0.948602 
v -550.188 5.84335 -0.904132 
v -550.188 5.82579 -0.858796 
v -550.188 5.78132 -0.839148 
v -550.162 6.54083 -1.63493 
v -550.162 6.61792 -1.63493 
v -550.162 6.57938 -1.67348 
v -550.162 6.60663 -1.66219 
v -550.162 6.55212 -1.66219 
v -550.162 6.57938 -1.59639 
v -550.162 6.60663 -1.60768 
v -550.162 6.55212 -1.60768 
v -550.162 6.55212 -0.776842 
v -550.162 6.60663 -0.776842 
v -550.162 6.57938 -0.788134 
v -550.162 6.57938 -0.711036 
v -550.162 6.61792 -0.749584 
v -550.162 6.60663 -0.722326 
v -550.162 6.54083 -0.749584 
v -550.162 6.55212 -0.722326 
v -550.162 6.55212 -3.05729 
v -550.162 6.60663 -3.05729 
v -550.162 6.57938 -3.06858 
v -550.162 6.57938 -2.99148 
v -550.162 6.61792 -3.03003 
v -550.162 6.60663 -3.00277 
v -550.162 6.54083 -3.03003 
v -550.162 6.55212 -3.00277 
v -550.162 6.55212 -3.59387 
v -550.162 6.60663 -3.59387 
v -550.162 6.57938 -3.60516 
v -550.162 6.57938 -3.52806 
v -550.162 6.61792 -3.56661 
v -550.162 6.60663 -3.53935 
v -550.162 6.54083 -3.56661 
v -550.162 6.55212 -3.53935 
v -550.162 6.90682 -0.562212 
v -550.162 6.96134 -0.562212 
v -550.162 6.93408 -0.573504 
v -550.162 6.97263 -0.534954 
v -550.162 6.89553 -0.534954 
v -550.162 6.90682 -0.507696 
v -550.162 6.96134 -0.507696 
v -550.162 6.93408 -0.496404 
v -550.162 6.93408 -3.3637 
v -550.162 6.89553 -3.32515 
v -550.162 6.90682 -3.29789 
v -550.162 6.90682 -3.35241 
v -550.162 6.96134 -3.29789 
v -550.162 6.93408 -3.2866 
v -550.162 6.97263 -3.32515 
v -550.162 6.96134 -3.35241 
v -549.808 6.96134 -0.562212 
v -550.162 6.96134 -0.507696 
v -550.162 6.96134 -0.562212 
v -549.808 6.93408 -0.573504 
v -550.162 6.93408 -0.573504 
v -549.808 6.90682 -0.562212 
v -550.162 6.90682 -0.562212 
v -549.808 6.60663 -0.776842 
v -550.162 6.60663 -0.776842 
v -549.808 6.57938 -0.788134 
v -550.162 6.57938 -0.788134 
v -549.808 6.55212 -0.776842 
v -550.162 6.55212 -0.776842 
v -549.808 6.60663 -3.05729 
v -550.162 6.60663 -3.05729 
v -549.808 6.57938 -3.06858 
v -550.162 6.57938 -3.06858 
v -549.808 6.55212 -3.05729 
v -550.162 6.55212 -3.05729 
v -549.782 5.97401 -1.7897 
v -550.188 5.99366 -1.74523 
v -550.188 5.97401 -1.7897 
v -549.782 5.92867 -1.80725 
v -550.188 5.92867 -1.80725 
v -549.782 5.8842 -1.78761 
v -550.188 5.8842 -1.78761 
v -549.808 6.60663 -1.66219 
v -550.162 6.60663 -1.66219 
v -549.808 6.57938 -1.67348 
v -550.162 6.57938 -1.67348 
v -549.808 6.55212 -1.66219 
v -550.162 6.55212 -1.66219 
v -549.808 6.96134 -3.35241 
v -550.162 6.97263 -3.32515 
v -550.162 6.96134 -3.35241 
v -549.808 6.93408 -3.3637 
v -550.162 6.93408 -3.3637 
v -549.808 6.90682 -3.35241 
v -550.162 6.90682 -3.35241 
v -549.808 6.60663 -3.59387 
v -550.162 6.60663 -3.59387 
v -549.808 6.57938 -3.60516 
v -550.162 6.57938 -3.60516 
v -549.808 6.55212 -3.59387 
v -550.162 6.55212 -3.59387 
v -549.782 5.8237 -0.948602 
v -550.188 5.84335 -0.904132 
v -549.782 5.84335 -0.904132 
v -550.188 5.8237 -0.948602 
v -549.782 5.77836 -0.966156 
v -550.188 5.77836 -0.966156 
v -549.782 5.73389 -0.94651 
v -550.188 5.73389 -0.94651 
v -549.808 6.93408 -0.496404 
v -549.808 6.90682 -0.562212 
v -550.162 6.90682 -0.507696 
v -550.162 6.90682 -0.562212 
v -549.808 6.90682 -0.507696 
v -549.808 6.89553 -0.534954 
v -550.162 6.89553 -0.534954 
v -550.162 6.55212 -0.722326 
v -549.808 6.55212 -0.722326 
v -549.808 6.57938 -0.788134 
v -550.162 6.54083 -0.749584 
v -550.162 6.57938 -0.788134 
v -549.808 6.54083 -0.749584 
v -549.808 6.55212 -0.776842 
v -550.162 6.55212 -0.776842 
v -549.808 6.57938 -3.06858 
v -550.162 6.57938 -3.06858 
v -549.808 6.55212 -3.05729 
v -550.162 6.55212 -3.00277 
v -550.162 6.55212 -3.05729 
v -549.808 6.55212 -3.00277 
v -549.808 6.54083 -3.03003 
v -550.162 6.54083 -3.03003 
v -549.782 5.93163 -1.68025 
v -549.782 5.8842 -1.78761 
v -550.188 5.88629 -1.6978 
v -550.188 5.8842 -1.78761 
v -549.782 5.88629 -1.6978 
v -549.782 5.86665 -1.74227 
v -550.188 5.86665 -1.74227 
v -549.808 6.60663 -1.66219 
v -550.162 6.60663 -1.60768 
v -549.808 6.55212 -1.66219 
v -550.162 6.55212 -1.60768 
v -550.162 6.55212 -1.66219 
v -549.808 6.55212 -1.60768 
v -549.808 6.54083 -1.63493 
v -550.162 6.54083 -1.63493 
v -550.162 6.93408 -3.2866 
v -549.808 6.93408 -3.2866 
v -549.808 6.90682 -3.35241 
v -550.162 6.90682 -3.29789 
v -550.162 6.90682 -3.35241 
v -549.808 6.90682 -3.29789 
v -549.808 6.89553 -3.32515 
v -550.162 6.89553 -3.32515 
v -550.162 6.55212 -3.53935 
v -549.808 6.55212 -3.53935 
v -549.808 6.57938 -3.60516 
v -550.162 6.54083 -3.56661 
v -550.162 6.57938 -3.60516 
v -549.808 6.54083 -3.56661 
v -549.808 6.55212 -3.59387 
v -550.162 6.55212 -3.59387 
v -549.782 5.77836 -0.966156 
v -550.188 5.78132 -0.839148 
v -550.188 5.77836 -0.966156 
v -549.782 5.78132 -0.839148 
v -549.782 5.73389 -0.94651 
v -550.188 5.73599 -0.856702 
v -550.188 5.73389 -0.94651 
v -549.782 5.73599 -0.856702 
v -549.782 5.71634 -0.901172 
v -550.188 5.71634 -0.901172 
v -549.782 5.9761 -1.69989 
v -549.782 5.88629 -1.6978 
v -549.782 5.86665 -1.74227 
v -549.782 5.93163 -1.68025 
v -549.782 5.8842 -1.78761 
v -549.782 5.92867 -1.80725 
v -549.782 5.99366 -1.74523 
v -549.782 5.97401 -1.7897 
v -549.782 5.73599 -0.856702 
v -549.782 5.84335 -0.904132 
v -549.782 5.82579 -0.858796 
v -549.782 5.78132 -0.839148 
v -549.782 5.8237 -0.948602 
v -549.782 5.77836 -0.966156 
v -549.782 5.73389 -0.94651 
v -549.782 5.71634 -0.901172 
v -549.808 6.57938 -1.59639 
v -549.808 6.61792 -1.63493 
v -549.808 6.60663 -1.60768 
v -549.808 6.54083 -1.63493 
v -549.808 6.55212 -1.60768 
v -549.808 6.57938 -1.67348 
v -549.808 6.60663 -1.66219 
v -549.808 6.55212 -1.66219 
v -549.808 6.57938 -0.711036 
v -549.808 6.61792 -0.749584 
v -549.808 6.60663 -0.722326 
v -549.808 6.60663 -0.776842 
v -549.808 6.55212 -0.776842 
v -549.808 6.57938 -0.788134 
v -549.808 6.54083 -0.749584 
v -549.808 6.55212 -0.722326 
v -549.808 6.57938 -2.99148 
v -549.808 6.61792 -3.03003 
v -549.808 6.60663 -3.00277 
v -549.808 6.60663 -3.05729 
v -549.808 6.55212 -3.05729 
v -549.808 6.57938 -3.06858 
v -549.808 6.54083 -3.03003 
v -549.808 6.55212 -3.00277 
v -549.808 6.57938 -3.52806 
v -549.808 6.61792 -3.56661 
v -549.808 6.60663 -3.53935 
v -549.808 6.60663 -3.59387 
v -549.808 6.55212 -3.59387 
v -549.808 6.57938 -3.60516 
v -549.808 6.54083 -3.56661 
v -549.808 6.55212 -3.53935 
v -549.808 6.96134 -0.507696 
v -549.808 6.90682 -0.507696 
v -549.808 6.89553 -0.534954 
v -549.808 6.93408 -0.496404 
v -549.808 6.97263 -0.534954 
v -549.808 6.96134 -0.562212 
v -549.808 6.90682 -0.562212 
v -549.808 6.93408 -0.573504 
v -549.808 6.90682 -3.29789 
v -549.808 6.93408 -3.3637 
v -549.808 6.96134 -3.29789 
v -549.808 6.93408 -3.2866 
v -549.808 6.97263 -3.32515 
v -549.808 6.96134 -3.35241 
v -549.808 6.89553 -3.32515 
v -549.808 6.90682 -3.35241 

vn 0 0.708661 0.708661 
vn 0 0.708661 0.708661 
vn 0 0 1 
vn 0 0 1 
vn 0 -0.708661 0.708661 
vn 0 -0.708661 -0.708661 
vn 0 -0.708661 0.708661 
vn 0 1 0 
vn 0 0.708661 0.708661 
vn 0 0.708661 0.708661 
vn 0 0 1 
vn 0 0 1 
vn 0 -0.708661 0.708661 
vn 0 -0.708661 0.708661 
vn 0 1 0 
vn 0 0.708661 0.708661 
vn 0 0.708661 0.708661 
vn 0 0 1 
vn 0 0 1 
vn 0 -0.708661 0.708661 
vn 0 -0.708661 0.708661 
vn 0 1 -0.023622 
vn 0 0.724409 0.692913 
vn 0 0.724409 0.692913 
vn 0 0.023622 1 
vn 0 0.023622 1 
vn 0 -0.692913 0.724409 
vn 0 -0.724409 -0.692913 
vn 0 -0.692913 0.724409 
vn 0 0.708661 0.708661 
vn 0 0.708661 0.708661 
vn 0 0 1 
vn 0 0 1 
vn 0 -0.708661 0.708661 
vn 0 -0.708661 0.708661 
vn 0 1 0 
vn 0 0.708661 0.708661 
vn 0 0.708661 0.708661 
vn 0 0 1 
vn 0 0 1 
vn 0 -0.708661 0.708661 
vn 0 -0.708661 0.708661 
vn 0 1 0 
vn 0 0.708661 0.708661 
vn 0 0.708661 0.708661 
vn 0 0 1 
vn 0 0 1 
vn 0 -0.708661 0.708661 
vn 0 -0.708661 0.708661 
vn 0 0.724409 0.692913 
vn 0 0.724409 0.692913 
vn 0 0.023622 1 
vn 0 0.023622 1 
vn 0 -0.692913 0.724409 
vn 0 -0.692913 0.724409 
vn 0 0.708661 -0.708661 
vn 0 1 0 
vn 0 1 0 
vn 0 0.708661 0.708661 
vn 0 0.708661 -0.708661 
vn 0 0.708661 0.708661 
vn 0 0 1 
vn 0 1 0 
vn 0 0.708661 0.708661 
vn 0 0.708661 0.708661 
vn 0 1 0 
vn 0 0.708661 -0.708661 
vn 0 -0.708661 0.708661 
vn 0 0.708661 -0.708661 
vn 0 -0.708661 0.708661 
vn 0 0 -1 
vn 0 0 -1 
vn 0 0.708661 -0.708661 
vn 0 1 0 
vn 0 1 0 
vn 0 0.708661 0.708661 
vn 0 0.708661 -0.708661 
vn 0 0.708661 0.708661 
vn 0 0 -1 
vn 0 0 -1 
vn 0 -0.708661 0.708661 
vn 0 -0.708661 0.708661 
vn 0 0.692913 -0.724409 
vn 0 1 -0.023622 
vn 0 1 -0.023622 
vn 0 0.724409 0.692913 
vn 0 0.692913 -0.724409 
vn 0 0.724409 0.692913 
vn 0 0.023622 1 
vn 0 -0.724409 -0.692913 
vn 0 0.708661 -0.708661 
vn 0 1 0 
vn 0 1 0 
vn 0 0.708661 0.708661 
vn 0 0.708661 -0.708661 
vn 0 0.708661 0.708661 
vn 0 -0.708661 -0.708661 
vn 0 -0.708661 0.708661 
vn 0 0.708661 -0.708661 
vn 0 1 0 
vn 0 1 0 
vn 0 0.708661 0.708661 
vn 0 0.708661 -0.708661 
vn 0 0.708661 0.708661 
vn 0 0 1 
vn 0 0 1 
vn 0 -0.708661 -0.708661 
vn 0 1 0 
vn 0 0.708661 0.708661 
vn 0 0.708661 0.708661 
vn 0 1 0 
vn 0 0.708661 -0.708661 
vn 0 -0.708661 0.708661 
vn 0 0.708661 -0.708661 
vn 0 0 -1 
vn 0 0 -1 
vn 0 0.692913 -0.724409 
vn 0 1 -0.023622 
vn 0 1 -0.023622 
vn 0 0.724409 0.692913 
vn 0 0.692913 -0.724409 
vn 0 0.724409 0.692913 
vn -1 0 0 
vn -1 0 0 
vn -1 0 0 
vn -1 0 0 
vn -1 0 0 
vn -1 0 0 
vn -1 0 0 
vn -1 0 0 
vn -1 0 0 
vn -1 0 0 
vn -1 0 0 
vn -1 0 0 
vn -1 0 0 
vn -1 0 0 
vn -1 0 0 
vn -1 0 0 
vn -1 0 0 
vn -1 0 0 
vn -1 0 0 
vn -1 0 0 
vn -1 0 0 
vn -1 0 0 
vn -1 0 0 
vn -1 0 0 
vn -1 0 0 
vn -1 0 0 
vn -1 0 0 
vn -1 0 0 
vn -1 0 0 
vn -1 0 0 
vn -1 0 0 
vn -1 0 0 
vn -1 0 0 
vn -1 0 0 
vn -1 0 0 
vn -1 0 0 
vn -1 0 0 
vn -1 0 0 
vn -1 0 0 
vn -1 0 0 
vn -1 0 0 
vn -1 0 0 
vn -1 0 0 
vn -1 0 0 
vn -1 0 0 
vn -1 0 0 
vn -1 0 0 
vn -1 0 0 
vn -1 0 0 
vn -1 0 0 
vn -1 0 0 
vn -1 0 0 
vn -1 0 0 
vn -1 0 0 
vn -1 0 0 
vn -1 0 0 
vn -1 0 0 
vn -1 0 0 
vn -1 0 0 
vn -1 0 0 
vn -1 0 0 
vn -1 0 0 
vn -1 0 0 
vn -1 0 0 
vn 0 0.708661 -0.708661 
vn 0 0.708661 0.708661 
vn 0 0.708661 -0.708661 
vn 0 0 -1 
vn 0 0 -1 
vn 0 -0.708661 -0.708661 
vn 0 -0.708661 -0.708661 
vn 0 0.708661 -0.708661 
vn 0 0.708661 -0.708661 
vn 0 0 -1 
vn 0 0 -1 
vn 0 -0.708661 -0.708661 
vn 0 -0.708661 -0.708661 
vn 0 0.708661 -0.708661 
vn 0 0.708661 -0.708661 
vn 0 0 -1 
vn 0 0 -1 
vn 0 -0.708661 -0.708661 
vn 0 -0.708661 -0.708661 
vn 0 0.692913 -0.724409 
vn 0 1 -0.023622 
vn 0 0.692913 -0.724409 
vn 0 -0.023622 -1 
vn 0 -0.023622 -1 
vn 0 -0.724409 -0.692913 
vn 0 -0.724409 -0.692913 
vn 0 0.708661 -0.708661 
vn 0 0.708661 -0.708661 
vn 0 0 -1 
vn 0 0 -1 
vn 0 -0.708661 -0.708661 
vn 0 -0.708661 -0.708661 
vn 0 0.708661 -0.708661 
vn 0 1 0 
vn 0 0.708661 -0.708661 
vn 0 0 -1 
vn 0 0 -1 
vn 0 -0.708661 -0.708661 
vn 0 -0.708661 -0.708661 
vn 0 0.708661 -0.708661 
vn 0 0.708661 -0.708661 
vn 0 0 -1 
vn 0 0 -1 
vn 0 -0.708661 -0.708661 
vn 0 -0.708661 -0.708661 
vn 0 0.692913 -0.724409 
vn 0 1 -0.023622 
vn 0 1 -0.023622 
vn 0 0.692913 -0.724409 
vn 0 -0.023622 -1 
vn 0 -0.023622 -1 
vn 0 -0.724409 -0.692913 
vn 0 -0.724409 -0.692913 
vn 0 0 1 
vn 0 -0.708661 -0.708661 
vn 0 -0.708661 0.708661 
vn 0 -0.708661 -0.708661 
vn 0 -0.708661 0.708661 
vn 0 -1 0 
vn 0 -1 0 
vn 0 -0.708661 0.708661 
vn 0 -0.708661 0.708661 
vn 0 0 -1 
vn 0 -1 0 
vn 0 0 -1 
vn 0 -1 0 
vn 0 -0.708661 -0.708661 
vn 0 -0.708661 -0.708661 
vn 0 0 -1 
vn 0 0 -1 
vn 0 -0.708661 -0.708661 
vn 0 -0.708661 0.708661 
vn 0 -0.708661 -0.708661 
vn 0 -0.708661 0.708661 
vn 0 -1 0 
vn 0 -1 0 
vn 0 0.023622 1 
vn 0 -0.724409 -0.692913 
vn 0 -0.692913 0.724409 
vn 0 -0.724409 -0.692913 
vn 0 -0.692913 0.724409 
vn 0 -1 0.023622 
vn 0 -1 0.023622 
vn 0 0.708661 -0.708661 
vn 0 0.708661 0.708661 
vn 0 -0.708661 -0.708661 
vn 0 -0.708661 0.708661 
vn 0 -0.708661 -0.708661 
vn 0 -0.708661 0.708661 
vn 0 -1 0 
vn 0 -1 0 
vn 0 0 1 
vn 0 0 1 
vn 0 -0.708661 -0.708661 
vn 0 -0.708661 0.708661 
vn 0 -0.708661 -0.708661 
vn 0 -0.708661 0.708661 
vn 0 -1 0 
vn 0 -1 0 
vn 0 -0.708661 0.708661 
vn 0 -0.708661 0.708661 
vn 0 0 -1 
vn 0 -1 0 
vn 0 0 -1 
vn 0 -1 0 
vn 0 -0.708661 -0.708661 
vn 0 -0.708661 -0.708661 
vn 0 -0.023622 -1 
vn 0 0.023622 1 
vn 0 -0.023622 -1 
vn 0 0.023622 1 
vn 0 -0.724409 -0.692913 
vn 0 -0.692913 0.724409 
vn 0 -0.724409 -0.692913 
vn 0 -0.692913 0.724409 
vn 0 -1 0.023622 
vn 0 -1 0.023622 
vn 1 0 0 
vn 1 0 0 
vn 1 0 0 
vn 1 0 0 
vn 1 0 0 
vn 1 0 0 
vn 1 0 0 
vn 1 0 0 
vn 1 0 0 
vn 1 0 0 
vn 1 0 0 
vn 1 0 0 
vn 1 0 0 
vn 1 0 0 
vn 1 0 0 
vn 1 0 0 
vn 1 0 0 
vn 1 0 0 
vn 1 0 0 
vn 1 0 0 
vn 1 0 0 
vn 1 0 0 
vn 1 0 0 
vn 1 0 0 
vn 1 0 0 
vn 1 0 0 
vn 1 0 0 
vn 1 0 0 
vn 1 0 0 
vn 1 0 0 
vn 1 0 0 
vn 1 0 0 
vn 1 0 0 
vn 1 0 0 
vn 1 0 0 
vn 1 0 0 
vn 1 0 0 
vn 1 0 0 
vn 1 0 0 
vn 1 0 0 
vn 1 0 0 
vn 1 0 0 
vn 1 0 0 
vn 1 0 0 
vn 1 0 0 
vn 1 0 0 
vn 1 0 0 
vn 1 0 0 
vn 1 0 0 
vn 1 0 0 
vn 1 0 0 
vn 1 0 0 
vn 1 0 0 
vn 1 0 0 
vn 1 0 0 
vn 1 0 0 
vn 1 0 0 
vn 1 0 0 
vn 1 0 0 
vn 1 0 0 
vn 1 0 0 
vn 1 0 0 
vn 1 0 0 
vn 1 0 0 

vt 37.9779 -44.9229 
vt 38.0221 -44.9229 
vt 37.9779 -44.9263 
vt 38.0221 -44.9263 
vt 37.9779 -44.9297 
vt 37.9779 -44.9297 
vt 38.0221 -44.9297 
vt 38.0221 -44.9658 
vt 37.9779 -44.9672 
vt 38.0221 -44.9672 
vt 37.9779 -44.9706 
vt 38.0221 -44.9706 
vt 37.9779 -44.974 
vt 38.0221 -44.974 
vt 38.0221 -44.9658 
vt 37.9779 -44.9672 
vt 38.0221 -44.9672 
vt 37.9779 -44.9706 
vt 38.0221 -44.9706 
vt 37.9779 -44.974 
vt 38.0221 -44.974 
vt 37.9746 -45.0439 
vt 37.9746 -45.046 
vt 38.0254 -45.046 
vt 37.9746 -45.0516 
vt 38.0254 -45.0516 
vt 37.9746 -45.0573 
vt 37.9746 -45.0575 
vt 38.0254 -45.0573 
vt 37.9779 -44.9672 
vt 38.0221 -44.9672 
vt 37.9779 -44.9706 
vt 38.0221 -44.9706 
vt 37.9779 -44.974 
vt 38.0221 -44.974 
vt 37.9779 -44.9215 
vt 37.9779 -44.9229 
vt 38.0221 -44.9229 
vt 37.9779 -44.9263 
vt 38.0221 -44.9263 
vt 37.9779 -44.9297 
vt 38.0221 -44.9297 
vt 38.0221 -44.9658 
vt 37.9779 -44.9672 
vt 38.0221 -44.9672 
vt 37.9779 -44.9706 
vt 38.0221 -44.9706 
vt 37.9779 -44.974 
vt 38.0221 -44.974 
vt 37.9746 -45.0648 
vt 38.0254 -45.0648 
vt 37.9746 -45.0704 
vt 38.0254 -45.0704 
vt 37.9746 -45.0761 
vt 38.0254 -45.0761 
vt 37.8139 -45.0221 
vt 37.8105 -44.9779 
vt 37.8105 -45.0221 
vt 37.8071 -44.9779 
vt 37.8139 -44.9779 
vt 37.8071 -45.0221 
vt 37.8057 -45.0221 
vt 37.8373 -45.0221 
vt 37.8339 -44.9779 
vt 37.8339 -45.0221 
vt 37.8373 -44.9779 
vt 37.8408 -45.0221 
vt 37.8339 -44.9779 
vt 37.8408 -44.9779 
vt 37.8339 -45.0221 
vt 37.8422 -45.0221 
vt 37.8422 -44.9779 
vt 38.1258 -45.0221 
vt 38.1224 -44.9779 
vt 38.1224 -45.0221 
vt 38.119 -44.9779 
vt 38.1258 -44.9779 
vt 38.119 -45.0221 
vt 38.1272 -45.0221 
vt 38.1272 -44.9779 
vt 38.119 -44.9779 
vt 38.119 -45.0221 
vt 37.9674 -45.0254 
vt 37.9618 -44.9746 
vt 37.9618 -45.0254 
vt 37.9561 -44.9746 
vt 37.9674 -44.9746 
vt 37.9561 -45.0254 
vt 37.9537 -45.0254 
vt 37.9671 -45.0254 
vt 37.9514 -45.0221 
vt 37.948 -44.9779 
vt 37.948 -45.0221 
vt 37.9446 -44.9779 
vt 37.9514 -44.9779 
vt 37.9446 -45.0221 
vt 37.9514 -44.9779 
vt 37.9446 -45.0221 
vt 38.1627 -45.0221 
vt 38.1593 -44.9779 
vt 38.1593 -45.0221 
vt 38.1559 -44.9779 
vt 38.1627 -44.9779 
vt 38.1559 -45.0221 
vt 38.1545 -44.9779 
vt 38.1545 -45.0221 
vt 38.1627 -45.0221 
vt 38.1895 -45.0221 
vt 38.1861 -44.9779 
vt 38.1861 -45.0221 
vt 38.1895 -44.9779 
vt 38.1929 -45.0221 
vt 38.1861 -44.9779 
vt 38.1929 -44.9779 
vt 38.1943 -45.0221 
vt 38.1943 -44.9779 
vt 37.8622 -45.0254 
vt 37.8567 -44.9746 
vt 37.8567 -45.0254 
vt 37.851 -44.9746 
vt 37.8622 -44.9746 
vt 37.851 -45.0254 
vt 38.0304 -45.052 
vt 38.0439 -45.046 
vt 38.0382 -45.0439 
vt 38.0326 -45.0463 
vt 38.0329 -45.0575 
vt 38.0386 -45.0597 
vt 38.0441 -45.0573 
vt 38.0463 -45.0516 
vt 38.1493 -45.0761 
vt 38.1356 -45.0708 
vt 38.138 -45.0763 
vt 38.1437 -45.0785 
vt 38.1378 -45.0651 
vt 38.1433 -45.0626 
vt 38.149 -45.0648 
vt 38.1515 -45.0704 
vt 38.052 -44.9755 
vt 38.052 -44.9658 
vt 38.0472 -44.9706 
vt 38.0486 -44.9672 
vt 38.0486 -44.974 
vt 38.0568 -44.9706 
vt 38.0554 -44.9672 
vt 38.0554 -44.974 
vt 38.1592 -44.974 
vt 38.1592 -44.9672 
vt 38.1578 -44.9706 
vt 38.1675 -44.9706 
vt 38.1627 -44.9658 
vt 38.1661 -44.9672 
vt 38.1627 -44.9755 
vt 38.1661 -44.974 
vt 37.8742 -44.974 
vt 37.8742 -44.9672 
vt 37.8728 -44.9706 
vt 37.8824 -44.9706 
vt 37.8776 -44.9658 
vt 37.881 -44.9672 
vt 37.8776 -44.9755 
vt 37.881 -44.974 
vt 37.8071 -44.974 
vt 37.8071 -44.9672 
vt 37.8057 -44.9706 
vt 37.8153 -44.9706 
vt 37.8105 -44.9658 
vt 37.8139 -44.9672 
vt 37.8105 -44.9755 
vt 37.8139 -44.974 
vt 38.1861 -44.9297 
vt 38.1861 -44.9229 
vt 38.1847 -44.9263 
vt 38.1895 -44.9215 
vt 38.1895 -44.9311 
vt 38.1929 -44.9297 
vt 38.1929 -44.9229 
vt 38.1943 -44.9263 
vt 37.8359 -44.9263 
vt 37.8407 -44.9311 
vt 37.8441 -44.9297 
vt 37.8373 -44.9297 
vt 37.8441 -44.9229 
vt 37.8455 -44.9263 
vt 37.8407 -44.9215 
vt 37.8373 -44.9229 
vt 37.9779 -44.9229 
vt 38.0221 -44.9229 
vt 38.0221 -44.9229 
vt 37.9779 -44.9263 
vt 38.0221 -44.9263 
vt 37.9779 -44.9297 
vt 38.0221 -44.9297 
vt 37.9779 -44.9672 
vt 38.0221 -44.9672 
vt 37.9779 -44.9706 
vt 38.0221 -44.9706 
vt 37.9779 -44.974 
vt 38.0221 -44.974 
vt 37.9779 -44.9672 
vt 38.0221 -44.9672 
vt 37.9779 -44.9706 
vt 38.0221 -44.9706 
vt 37.9779 -44.974 
vt 38.0221 -44.974 
vt 37.9746 -45.0463 
vt 38.0254 -45.0439 
vt 38.0254 -45.0463 
vt 37.9746 -45.052 
vt 38.0254 -45.052 
vt 37.9746 -45.0575 
vt 38.0254 -45.0575 
vt 37.9779 -44.9672 
vt 38.0221 -44.9672 
vt 37.9779 -44.9706 
vt 38.0221 -44.9706 
vt 37.9779 -44.974 
vt 38.0221 -44.974 
vt 37.9779 -44.9229 
vt 38.0221 -44.9215 
vt 38.0221 -44.9229 
vt 37.9779 -44.9263 
vt 38.0221 -44.9263 
vt 37.9779 -44.9297 
vt 38.0221 -44.9297 
vt 37.9779 -44.9672 
vt 38.0221 -44.9672 
vt 37.9779 -44.9706 
vt 38.0221 -44.9706 
vt 37.9779 -44.974 
vt 38.0221 -44.974 
vt 37.9746 -45.0651 
vt 38.0254 -45.0626 
vt 37.9746 -45.0626 
vt 38.0254 -45.0651 
vt 37.9746 -45.0708 
vt 38.0254 -45.0708 
vt 37.9746 -45.0763 
vt 38.0254 -45.0763 
vt 38.1943 -45.0221 
vt 38.1861 -45.0221 
vt 38.1929 -44.9779 
vt 38.1861 -44.9779 
vt 38.1929 -45.0221 
vt 38.1895 -45.0221 
vt 38.1895 -44.9779 
vt 38.1661 -44.9779 
vt 38.1661 -45.0221 
vt 38.1578 -45.0221 
vt 38.1627 -44.9779 
vt 38.1578 -44.9779 
vt 38.1627 -45.0221 
vt 38.1592 -45.0221 
vt 38.1592 -44.9779 
vt 37.8728 -45.0221 
vt 37.8728 -44.9779 
vt 37.8742 -45.0221 
vt 37.881 -44.9779 
vt 37.8742 -44.9779 
vt 37.881 -45.0221 
vt 37.8776 -45.0221 
vt 37.8776 -44.9779 
vt 38.0463 -45.0254 
vt 38.0329 -45.0254 
vt 38.0441 -44.9746 
vt 38.0329 -44.9746 
vt 38.0441 -45.0254 
vt 38.0386 -45.0254 
vt 38.0386 -44.9746 
vt 38.0486 -45.0221 
vt 38.0554 -44.9779 
vt 38.0486 -45.0221 
vt 38.0554 -44.9779 
vt 38.0486 -44.9779 
vt 38.0554 -45.0221 
vt 38.052 -45.0221 
vt 38.052 -44.9779 
vt 37.8455 -44.9779 
vt 37.8455 -45.0221 
vt 37.8373 -45.0221 
vt 37.8441 -44.9779 
vt 37.8373 -44.9779 
vt 37.8441 -45.0221 
vt 37.8407 -45.0221 
vt 37.8407 -44.9779 
vt 37.8139 -44.9779 
vt 37.8139 -45.0221 
vt 37.8057 -45.0221 
vt 37.8105 -44.9779 
vt 37.8057 -44.9779 
vt 37.8105 -45.0221 
vt 37.8071 -45.0221 
vt 37.8071 -44.9779 
vt 38.1356 -45.0254 
vt 38.1515 -44.9746 
vt 38.1356 -44.9746 
vt 38.1515 -45.0254 
vt 38.138 -45.0254 
vt 38.1493 -44.9746 
vt 38.138 -44.9746 
vt 38.1493 -45.0254 
vt 38.1437 -45.0254 
vt 38.1437 -44.9746 
vt 37.9561 -45.046 
vt 37.9559 -45.0573 
vt 37.9614 -45.0597 
vt 37.9537 -45.0516 
vt 37.9671 -45.0575 
vt 37.9696 -45.052 
vt 37.9618 -45.0439 
vt 37.9674 -45.0463 
vt 37.8507 -45.0761 
vt 37.8567 -45.0626 
vt 37.851 -45.0648 
vt 37.8485 -45.0704 
vt 37.8622 -45.0651 
vt 37.8644 -45.0708 
vt 37.862 -45.0763 
vt 37.8563 -45.0785 
vt 37.9432 -44.9706 
vt 37.948 -44.9658 
vt 37.9446 -44.9672 
vt 37.948 -44.9755 
vt 37.9446 -44.974 
vt 37.9528 -44.9706 
vt 37.9514 -44.9672 
vt 37.9514 -44.974 
vt 37.8325 -44.9706 
vt 37.8373 -44.9658 
vt 37.8339 -44.9672 
vt 37.8408 -44.9672 
vt 37.8408 -44.974 
vt 37.8422 -44.9706 
vt 37.8373 -44.9755 
vt 37.8339 -44.974 
vt 38.1176 -44.9706 
vt 38.1224 -44.9658 
vt 38.119 -44.9672 
vt 38.1258 -44.9672 
vt 38.1258 -44.974 
vt 38.1272 -44.9706 
vt 38.1224 -44.9755 
vt 38.119 -44.974 
vt 38.1847 -44.9706 
vt 38.1895 -44.9658 
vt 38.1861 -44.9672 
vt 38.1929 -44.9672 
vt 38.1929 -44.974 
vt 38.1943 -44.9706 
vt 38.1895 -44.9755 
vt 38.1861 -44.974 
vt 37.8071 -44.9229 
vt 37.8071 -44.9297 
vt 37.8105 -44.9311 
vt 37.8057 -44.9263 
vt 37.8105 -44.9215 
vt 37.8139 -44.9229 
vt 37.8139 -44.9297 
vt 37.8153 -44.9263 
vt 38.1559 -44.9297 
vt 38.1641 -44.9263 
vt 38.1559 -44.9229 
vt 38.1545 -44.9263 
vt 38.1593 -44.9215 
vt 38.1627 -44.9229 
vt 38.1593 -44.9311 
vt 38.1627 -44.9297 

usemtl Meshpart2Mtl

f 241/241/241 240/240/240 239/239/239 
f 240/240/240 241/241/241 242/242/242 
f 243/243/243 242/242/242 241/241/241 
f 242/242/242 243/243/243 245/245/245 
f 249/249/249 248/248/248 247/247/247 
f 248/248/248 249/249/249 250/250/250 
f 251/251/251 250/250/250 249/249/249 
f 250/250/250 251/251/251 252/252/252 
f 256/256/256 255/255/255 254/254/254 
f 255/255/255 256/256/256 257/257/257 
f 258/258/258 257/257/257 256/256/256 
f 257/257/257 258/258/258 259/259/259 
f 263/263/263 262/262/262 261/261/261 
f 262/262/262 263/263/263 264/264/264 
f 265/265/265 264/264/264 263/263/263 
f 264/264/264 265/265/265 267/267/267 
f 270/270/270 269/269/269 268/268/268 
f 269/269/269 270/270/270 271/271/271 
f 272/272/272 271/271/271 270/270/270 
f 271/271/271 272/272/272 273/273/273 
f 277/277/277 276/276/276 275/275/275 
f 276/276/276 277/277/277 278/278/278 
f 279/279/279 278/278/278 277/277/277 
f 278/278/278 279/279/279 280/280/280 
f 284/284/284 283/283/283 282/282/282 
f 283/283/283 284/284/284 285/285/285 
f 286/286/286 285/285/285 284/284/284 
f 285/285/285 286/286/286 287/287/287 
f 290/290/290 289/289/289 288/288/288 
f 289/289/289 290/290/290 291/291/291 
f 292/292/292 291/291/291 290/290/290 
f 291/291/291 292/292/292 293/293/293 
f 294/294/294 295/295/295 296/296/296 
f 297/297/297 296/296/296 295/295/295 
f 295/295/295 294/294/294 298/298/298 
f 296/296/296 297/297/297 299/299/299 
f 301/301/301 302/302/302 303/303/303 
f 302/302/302 301/301/301 304/304/304 
f 305/305/305 304/304/304 301/301/301 
f 304/304/304 305/305/305 307/307/307 
f 311/311/311 312/312/312 313/313/313 
f 314/314/314 313/313/313 312/312/312 
f 312/312/312 311/311/311 315/315/315 
f 313/313/313 314/314/314 316/316/316 
f 321/321/321 322/322/322 323/323/323 
f 324/324/324 323/323/323 322/322/322 
f 322/322/322 321/321/321 325/325/325 
f 323/323/323 324/324/324 326/326/326 
f 329/329/329 330/330/330 331/331/331 
f 332/332/332 331/331/331 330/330/330 
f 330/330/330 329/329/329 333/333/333 
f 331/331/331 332/332/332 334/334/334 
f 337/337/337 338/338/338 339/339/339 
f 340/340/340 339/339/339 338/338/338 
f 338/338/338 337/337/337 341/341/341 
f 339/339/339 340/340/340 342/342/342 
f 346/346/346 347/347/347 348/348/348 
f 347/347/347 346/346/346 349/349/349 
f 350/350/350 349/349/349 346/346/346 
f 349/349/349 350/350/350 352/352/352 
f 355/355/355 356/356/356 357/357/357 
f 358/358/358 357/357/357 356/356/356 
f 356/356/356 355/355/355 359/359/359 
f 357/357/357 358/358/358 360/360/360 
f 361/361/361 362/362/362 363/363/363 
f 361/361/361 363/363/363 364/364/364 
f 362/362/362 361/361/361 365/365/365 
f 366/366/366 362/362/362 365/365/365 
f 362/362/362 366/366/366 367/367/367 
f 362/362/362 367/367/367 368/368/368 
f 369/369/369 370/370/370 371/371/371 
f 369/369/369 371/371/371 372/372/372 
f 370/370/370 369/369/369 373/373/373 
f 369/369/369 374/374/374 373/373/373 
f 369/369/369 375/375/375 374/374/374 
f 375/375/375 369/369/369 376/376/376 
f 377/377/377 378/378/378 379/379/379 
f 379/379/379 378/378/378 380/380/380 
f 377/377/377 379/379/379 381/381/381 
f 377/377/377 382/382/382 378/378/378 
f 378/378/378 382/382/382 383/383/383 
f 382/382/382 377/377/377 384/384/384 
f 385/385/385 386/386/386 387/387/387 
f 388/388/388 386/386/386 385/385/385 
f 386/386/386 388/388/388 389/389/389 
f 389/389/389 388/388/388 390/390/390 
f 388/388/388 385/385/385 391/391/391 
f 388/388/388 391/391/391 392/392/392 
f 393/393/393 394/394/394 395/395/395 
f 396/396/396 394/394/394 393/393/393 
f 394/394/394 396/396/396 397/397/397 
f 397/397/397 396/396/396 398/398/398 
f 396/396/396 393/393/393 399/399/399 
f 396/396/396 399/399/399 400/400/400 
f 401/401/401 402/402/402 403/403/403 
f 404/404/404 402/402/402 401/401/401 
f 402/402/402 404/404/404 405/405/405 
f 405/405/405 404/404/404 406/406/406 
f 404/404/404 401/401/401 407/407/407 
f 404/404/404 407/407/407 408/408/408 
f 409/409/409 410/410/410 411/411/411 
f 409/409/409 412/412/412 410/410/410 
f 413/413/413 412/412/412 409/409/409 
f 412/412/412 413/413/413 414/414/414 
f 414/414/414 415/415/415 412/412/412 
f 415/415/415 414/414/414 416/416/416 
f 417/417/417 418/418/418 419/419/419 
f 418/418/418 417/417/417 420/420/420 
f 421/421/421 417/417/417 419/419/419 
f 421/421/421 419/419/419 422/422/422 
f 417/417/417 421/421/421 423/423/423 
f 417/417/417 423/423/423 424/424/424 
f 428/428/428 427/427/427 425/425/425 
f 427/427/427 428/428/428 429/429/429 
f 430/430/430 429/429/429 428/428/428 
f 429/429/429 430/430/430 431/431/431 
f 434/434/434 433/433/433 432/432/432 
f 433/433/433 434/434/434 435/435/435 
f 436/436/436 435/435/435 434/434/434 
f 435/435/435 436/436/436 437/437/437 
f 440/440/440 439/439/439 438/438/438 
f 439/439/439 440/440/440 441/441/441 
f 442/442/442 441/441/441 440/440/440 
f 441/441/441 442/442/442 443/443/443 
f 447/447/447 446/446/446 444/444/444 
f 446/446/446 447/447/447 448/448/448 
f 449/449/449 448/448/448 447/447/447 
f 448/448/448 449/449/449 450/450/450 
f 453/453/453 452/452/452 451/451/451 
f 452/452/452 453/453/453 454/454/454 
f 455/455/455 454/454/454 453/453/453 
f 454/454/454 455/455/455 456/456/456 
f 460/460/460 459/459/459 457/457/457 
f 459/459/459 460/460/460 461/461/461 
f 462/462/462 461/461/461 460/460/460 
f 461/461/461 462/462/462 463/463/463 
f 466/466/466 465/465/465 464/464/464 
f 465/465/465 466/466/466 467/467/467 
f 468/468/468 467/467/467 466/466/466 
f 467/467/467 468/468/468 469/469/469 
f 474/474/474 473/473/473 470/470/470 
f 473/473/473 474/474/474 475/475/475 
f 476/476/476 475/475/475 474/474/474 
f 475/475/475 476/476/476 477/477/477 
f 483/483/483 481/481/481 479/479/479 
f 484/484/484 482/482/482 480/480/480 
f 481/481/481 483/483/483 484/484/484 
f 482/482/482 484/484/484 483/483/483 
f 488/488/488 486/486/486 485/485/485 
f 486/486/486 488/488/488 490/490/490 
f 492/492/492 490/490/490 488/488/488 
f 490/490/490 492/492/492 491/491/491 
f 499/499/499 497/497/497 495/495/495 
f 500/500/500 498/498/498 496/496/496 
f 497/497/497 499/499/499 500/500/500 
f 498/498/498 500/500/500 499/499/499 
f 506/506/506 504/504/504 502/502/502 
f 507/507/507 505/505/505 503/503/503 
f 504/504/504 506/506/506 507/507/507 
f 505/505/505 507/507/507 506/506/506 
f 514/514/514 512/512/512 510/510/510 
f 515/515/515 513/513/513 511/511/511 
f 512/512/512 514/514/514 515/515/515 
f 513/513/513 515/515/515 514/514/514 
f 522/522/522 520/520/520 518/518/518 
f 523/523/523 521/521/521 519/519/519 
f 520/520/520 522/522/522 523/523/523 
f 521/521/521 523/523/523 522/522/522 
f 527/527/527 525/525/525 524/524/524 
f 525/525/525 527/527/527 529/529/529 
f 531/531/531 529/529/529 527/527/527 
f 529/529/529 531/531/531 530/530/530 
f 540/540/540 538/538/538 536/536/536 
f 541/541/541 539/539/539 537/537/537 
f 538/538/538 540/540/540 541/541/541 
f 539/539/539 541/541/541 540/540/540 
f 542/542/542 543/543/543 544/544/544 
f 543/543/543 542/542/542 545/545/545 
f 546/546/546 542/542/542 544/544/544 
f 547/547/547 542/542/542 546/546/546 
f 542/542/542 547/547/547 548/548/548 
f 548/548/548 547/547/547 549/549/549 
f 550/550/550 551/551/551 552/552/552 
f 550/550/550 552/552/552 553/553/553 
f 551/551/551 550/550/550 554/554/554 
f 550/550/550 555/555/555 554/554/554 
f 555/555/555 550/550/550 556/556/556 
f 556/556/556 550/550/550 557/557/557 
f 558/558/558 559/559/559 560/560/560 
f 559/559/559 558/558/558 561/561/561 
f 561/561/561 558/558/558 562/562/562 
f 563/563/563 559/559/559 561/561/561 
f 559/559/559 563/563/563 564/564/564 
f 563/563/563 561/561/561 565/565/565 
f 566/566/566 567/567/567 568/568/568 
f 566/566/566 569/569/569 567/567/567 
f 566/566/566 570/570/570 569/569/569 
f 569/569/569 570/570/570 571/571/571 
f 570/570/570 566/566/566 572/572/572 
f 572/572/572 566/566/566 573/573/573 
f 574/574/574 575/575/575 576/576/576 
f 574/574/574 577/577/577 575/575/575 
f 574/574/574 578/578/578 577/577/577 
f 577/577/577 578/578/578 579/579/579 
f 578/578/578 574/574/574 580/580/580 
f 580/580/580 574/574/574 581/581/581 
f 582/582/582 583/583/583 584/584/584 
f 582/582/582 585/585/585 583/583/583 
f 582/582/582 586/586/586 585/585/585 
f 585/585/585 586/586/586 587/587/587 
f 586/586/586 582/582/582 588/588/588 
f 588/588/588 582/582/582 589/589/589 
f 590/590/590 591/591/591 592/592/592 
f 591/591/591 590/590/590 593/593/593 
f 590/590/590 592/592/592 594/594/594 
f 594/594/594 592/592/592 595/595/595 
f 595/595/595 592/592/592 596/596/596 
f 595/595/595 596/596/596 597/597/597 
f 598/598/598 599/599/599 600/600/600 
f 598/598/598 600/600/600 601/601/601 
f 600/600/600 599/599/599 602/602/602 
f 602/602/602 599/599/599 603/603/603 
f 599/599/599 598/598/598 604/604/604 
f 599/599/599 604/604/604 605/605/605 

g Top Body
# 13236207177

v -549.725 5.61441 1.3368 
v -550.245 5.61441 1.3368 
v -549.793 5.45267 1.3368 
v -550.178 5.45267 1.3368 
v -549.725 6.43112 1.3368 
v -550.245 6.43112 1.3368 
v -550.178 6.59286 1.3368 
v -549.793 6.59286 1.3368 
v -549.985 5.73739 0.0281346 
v -549.762 6.06805 0.0281346 
v -550.208 6.06805 0.0281346 
v -549.762 5.8297 0.0281346 
v -550.208 5.8297 0.0281346 
v -549.762 6.51377 0.0281346 
v -549.67 6.29091 0.0281346 
v -550.208 6.51377 0.0281346 
v -550.3 6.29091 0.0281346 
v -549.985 6.60609 0.0281346 
v -550.3 6.29091 -3.71093 
v -549.985 5.73739 -3.71093 
v -550.146 6.60955 -0.301735 
v -549.825 6.48921 -0.301735 
v -549.825 6.60955 -0.301735 
v -550.146 6.48921 -0.301735 
v -550.064 6.9305 -0.427867 
v -550.146 7.04074 -0.460337 
v -550.064 7.04074 -0.460337 
v -549.906 6.9305 -0.427867 
v -549.825 7.04074 -0.460337 
v -549.906 7.04074 -0.460337 
v -549.752 6.44307 -0.340139 
v -550.301 6.29517 -0.340139 
v -549.684 6.29517 -0.340139 
v -550.233 6.44307 -0.340139 
v -549.752 6.14727 -0.340139 
v -550.233 6.14727 -0.340139 
v -549.724 6.37982 -3.37714 
v -550.261 6.37982 -3.37714 
v -549.752 6.44307 -0.715743 
v -550.301 6.29517 -0.668493 
v -549.684 6.29517 -0.668493 
v -550.233 6.44307 -0.715743 
v -549.752 6.14727 -0.715743 
v -550.233 6.14727 -0.715743 
v -550.146 6.90031 -3.36144 
v -549.825 6.90031 -3.51806 
v -550.146 6.90031 -3.51806 
v -550.146 6.66525 -3.51806 
v -549.825 6.66525 -3.51806 
v -549.825 6.86347 -0.561579 
v -550.146 6.86347 -0.561579 
v -550.208 6.06805 -1.81661 
v -550.208 6.51377 -1.81661 
v -550.3 6.29091 -1.81661 
v -549.762 6.06805 -1.81661 
v -549.985 5.97573 -1.81661 
v -549.762 6.51377 -1.81661 
v -549.985 6.60609 -1.81661 
v -549.67 6.29091 -1.81661 
v -549.985 6.60609 -2.01428 
v -549.985 6.60609 -3.51327 
v -549.762 5.8297 -3.51327 
v -550.208 5.8297 -3.51327 
v -549.724 6.37982 -2.13832 
v -550.292 6.29517 -2.13832 
v -549.693 6.29517 -2.13832 
v -550.261 6.37982 -2.13832 
v -549.724 6.21052 -2.13832 
v -550.261 6.21052 -2.13832 
v -549.985 6.60609 0.0281346 
v -549.985 6.60609 -0.169531 
v -549.67 6.29091 -0.169531 
v -550.3 6.29091 -0.169531 
v -549.985 5.73739 -0.169531 
v -550.208 5.8297 0.0281346 
v -549.825 6.67393 -1.76719 
v -550.146 6.67393 -1.76719 
v -549.825 6.83053 -1.76719 
v -550.146 6.83053 -1.76719 
v -549.825 7.04074 -3.27379 
v -549.906 6.9305 -3.1998 
v -549.825 6.60955 -2.91233 
v -549.906 7.04074 -3.27379 
v -550.064 6.9305 -3.1998 
v -550.146 6.60955 -2.91233 
v -550.146 7.04074 -3.27379 
v -550.064 7.04074 -3.27379 
v -549.985 5.73739 -3.51327 
v -549.762 6.06805 -3.51327 
v -550.208 6.06805 -3.51327 
v -549.762 5.8297 -3.51327 
v -550.208 5.8297 -3.51327 
v -549.762 6.51377 -3.51327 
v -549.67 6.29091 -3.51327 
v -550.208 6.51377 -3.51327 
v -550.3 6.29091 -3.51327 
v -549.985 6.60609 -3.51327 
v -550.178 6.59286 1.3368 
v -549.793 6.59286 1.3368 
v -550.105 6.29591 -4.69251 
v -549.899 6.29591 -4.69251 
v -550.046 6.2353 -4.69251 
v -550.046 6.2353 -3.85951 
v -549.985 6.21019 -4.69251 
v -549.899 6.29591 -3.85951 
v -549.925 6.2353 -3.85951 
v -549.925 6.2353 -4.69251 
v -549.985 6.21019 -3.85951 
v -550.146 6.48921 -3.6416 
v -549.906 6.9305 -3.6416 
v -550.064 6.9305 -3.6416 
v -549.724 6.37982 -3.37714 
v -550.261 6.37982 -3.37714 
v -549.825 6.66522 -3.16087 
v -550.146 6.90031 -3.36144 
v -550.146 6.66522 -3.16087 
v -549.825 6.63147 -3.20748 
v -550.146 6.66525 -3.51806 
v -550.146 6.63147 -3.20748 
v -549.825 6.66525 -3.51806 
v -549.825 6.63147 -3.46676 
v -550.146 6.63147 -3.46676 
v -550.146 7.04074 -1.64442 
v -550.146 7.04074 -0.460337 
v -550.064 7.04074 -1.64442 
v -550.064 7.04074 -0.460337 
v -549.825 7.04074 -1.64442 
v -549.906 7.04074 -0.460337 
v -549.825 7.04074 -0.460337 
v -549.906 7.04074 -1.64442 
v -549.825 7.04074 -3.6416 
v -549.906 7.04074 -3.27379 
v -549.825 7.04074 -3.27379 
v -549.906 7.04074 -3.6416 
v -550.146 7.04074 -3.6416 
v -550.146 7.04074 -3.27379 
v -550.064 7.04074 -3.6416 
v -550.064 7.04074 -3.27379 
v -549.906 6.9305 -0.427867 
v -549.906 6.9305 -1.80368 
v -550.064 6.9305 -1.80368 
v -550.064 6.9305 -0.427867 
v -549.906 6.9305 -3.6416 
v -550.064 6.9305 -3.1998 
v -549.906 6.9305 -3.1998 
v -550.064 6.9305 -3.6416 
v -549.825 7.04074 -1.64442 
v -549.825 6.87104 -1.88958 
v -549.906 6.9305 -1.80368 
v -549.906 7.04074 -1.64442 
v -550.146 6.87104 -1.88958 
v -550.064 6.9305 -1.80368 
v -550.146 7.04074 -1.64442 
v -550.064 7.04074 -1.64442 
v -550.301 6.29517 -0.560765 
v -549.684 6.29517 -0.560765 
v -549.793 6.59286 1.00104 
v -549.793 6.59286 1.3368 
v -550.178 6.59286 1.00104 
v -549.725 6.43112 1.00104 
v -550.178 6.59286 1.3368 
v -550.245 6.43112 1.00104 
v -549.825 6.60955 -1.88958 
v -549.825 6.60955 -2.91233 
v -550.146 6.60955 -2.91233 
v -550.146 6.60955 -1.88958 
v -549.825 6.83053 -1.76719 
v -549.825 6.86347 -0.561579 
v -549.825 6.63751 -0.536535 
v -550.146 6.86347 -0.561579 
v -550.3 6.29091 -1.81661 
v -549.67 6.29091 -1.81661 
v -549.762 6.51377 -1.81661 
v -549.762 6.51377 -2.01428 
v -549.985 6.60609 -1.81661 
v -549.985 6.60609 -2.01428 
v -549.67 6.29091 -2.01428 
v -550.208 6.51377 -1.81661 
v -549.67 6.29091 -1.81661 
v -550.208 6.51377 -2.01428 
v -550.3 6.29091 -1.81661 
v -550.3 6.29091 -2.01428 
v -550.07 6.38074 -3.57506 
v -550.07 6.38074 -4.69251 
v -549.985 6.41587 -3.57506 
v -549.985 6.41587 -4.69251 
v -549.9 6.38074 -3.57506 
v -549.9 6.38074 -4.69251 
v -549.752 6.44307 -0.715743 
v -549.752 6.44307 -1.66075 
v -550.233 6.44307 -1.66075 
v -550.233 6.44307 -0.715743 
v -549.752 6.44307 -0.560765 
v -550.233 6.44307 -0.560765 
v -549.752 6.44307 -0.340139 
v -550.233 6.44307 -0.340139 
v -550.144 6.49411 1.04855 
v -550.144 6.49411 -1.13249e-05 
v -549.985 6.55989 1.04855 
v -549.985 6.55989 -1.13249e-05 
v -549.826 6.49411 1.04855 
v -549.826 6.49411 -1.13249e-05 
v -549.762 6.51377 -3.51327 
v -549.762 6.51377 -3.71093 
v -549.985 6.60609 -3.51327 
v -549.985 6.60609 -3.71093 
v -550.208 6.51377 -3.51327 
v -550.208 6.51377 -3.71093 
v -549.724 6.37982 -3.37714 
v -550.261 6.37982 -2.13832 
v -549.724 6.37982 -2.13832 
v -550.261 6.37982 -3.37714 
v -549.762 6.51377 0.0281346 
v -549.762 6.51377 -0.169531 
v -549.985 6.60609 0.0281346 
v -549.985 6.60609 -0.169531 
v -549.67 6.29091 -0.169531 
v -550.208 6.51377 0.0281346 
v -550.208 6.51377 -0.169531 
v -550.3 6.29091 -0.169531 
v -550.146 6.64178 -1.61595 
v -550.146 6.64178 -0.616549 
v -549.825 6.64178 -1.61595 
v -549.825 6.64178 -0.616549 
v -549.825 6.64178 -1.71222 
v -550.146 6.69393 -0.561579 
v -550.146 6.64178 -1.71222 
v -549.825 6.69393 -0.561579 
v -549.825 6.67393 -1.76719 
v -550.146 6.67393 -1.76719 
v -550.178 5.45267 1.3368 
v -550.178 6.59286 1.3368 
v -549.925 6.35653 -3.85951 
v -549.925 6.35653 -4.69251 
v -549.899 6.29591 -3.85951 
v -549.899 6.29591 -4.69251 
v -549.925 6.2353 -3.85951 
v -549.925 6.2353 -4.69251 
v -550.208 5.8297 -3.71093 
v -549.762 5.8297 -3.71093 
v -550.146 6.48921 -3.6416 
v -550.064 6.9305 -3.6416 
v -549.724 6.37982 -3.37714 
v -550.261 6.37982 -3.37714 
v -549.825 6.66522 -3.16087 
v -550.146 6.90031 -3.36144 
v -550.146 6.87104 -1.88958 
v -550.261 6.37982 -2.13832 
v -550.261 6.37982 -3.37714 
v -550.292 6.29517 -2.13832 
v -550.292 6.29517 -3.37714 
v -550.261 6.21052 -2.13832 
v -550.261 6.21052 -3.37714 
v -550.233 6.44307 -0.715743 
v -550.301 6.29517 -1.708 
v -550.301 6.29517 -0.668493 
v -550.233 6.44307 -1.66075 
v -550.233 6.14727 -0.715743 
v -550.233 6.14727 -1.66075 
v -550.301 6.29517 -0.560765 
v -550.301 6.29517 -0.340139 
v -550.233 6.44307 -0.560765 
v -550.233 6.44307 -0.340139 
v -550.233 6.14727 -0.340139 
v -550.233 6.14727 -0.560765 
v -550.178 6.59286 1.00104 
v -550.178 6.59286 1.3368 
v -550.245 6.43112 1.00104 
v -550.245 6.43112 1.3368 
v -550.245 5.61441 1.3368 
v -550.245 5.61441 1.00104 
v -550.178 5.45267 1.3368 
v -550.178 5.45267 1.00104 
v -550.146 6.60955 -2.91233 
v -550.146 6.60955 -3.6416 
v -550.146 6.48921 -2.91233 
v -550.146 6.48921 -3.6416 
v -550.146 6.48921 -1.88958 
v -550.146 6.60955 -1.88958 
v -550.146 6.48921 -0.301735 
v -550.146 6.62762 -3.11342 
v -550.146 6.66522 -3.16087 
v -550.146 7.04074 -3.27379 
v -550.146 6.63147 -3.20748 
v -550.146 6.90031 -3.36144 
v -550.146 6.90031 -3.51806 
v -550.146 7.04074 -3.6416 
v -550.146 6.63147 -3.46676 
v -550.146 6.66525 -3.51806 
v -550.146 6.62594 -3.54921 
v -550.146 6.60955 -0.301735 
v -550.146 6.64178 -0.616549 
v -550.146 6.69393 -0.561579 
v -550.146 6.86347 -0.561579 
v -550.146 6.64178 -1.61595 
v -550.146 7.04074 -0.460337 
v -550.146 6.91784 -0.617405 
v -550.146 7.04074 -1.64442 
v -550.146 6.91784 -1.63595 
v -550.146 6.87104 -1.88958 
v -550.146 6.83053 -1.76719 
v -550.146 6.67393 -1.76719 
v -550.146 6.64178 -1.71222 
v -550.146 6.63515 -1.79235 
v -550.3 6.29091 -1.81661 
v -550.208 6.51377 -1.81661 
v -550.208 6.51377 -2.01428 
v -550.3 6.29091 -1.81661 
v -550.3 6.29091 -2.01428 
v -550.208 6.06805 -1.81661 
v -550.208 6.06805 -2.01428 
v -550.07 6.21109 -4.69251 
v -550.07 6.21109 -3.57506 
v -550.105 6.29591 -3.57506 
v -549.985 6.17595 -4.69251 
v -550.105 6.29591 -4.69251 
v -550.07 6.38074 -3.57506 
v -550.07 6.38074 -4.69251 
v -549.985 6.41587 -4.69251 
v -549.865 6.29591 -3.57506 
v -550.144 6.17648 -1.13249e-05 
v -550.144 6.17648 1.04855 
v -550.21 6.33529 1.04855 
v -550.21 6.33529 -1.13249e-05 
v -550.144 6.49411 1.04855 
v -550.144 6.49411 -1.13249e-05 
v -549.826 6.49411 1.04855 
v -549.826 6.49411 -1.13249e-05 
v -549.985 6.60609 -3.51327 
v -549.985 6.60609 -3.71093 
v -550.208 6.51377 -3.51327 
v -550.208 6.51377 -3.71093 
v -550.3 6.29091 -3.51327 
v -550.3 6.29091 -3.71093 
v -550.208 6.06805 -3.51327 
v -550.208 6.06805 -3.71093 
v -550.208 5.8297 -3.71093 
v -550.208 5.8297 -3.51327 
v -549.906 6.9305 -3.6416 
v -549.906 6.9305 -3.1998 
v -549.906 7.04074 -3.27379 
v -549.906 7.04074 -3.6416 
v -549.906 6.9305 -1.80368 
v -549.906 6.9305 -0.427867 
v -549.906 7.04074 -1.64442 
v -549.906 7.04074 -0.460337 
v -550.208 6.51377 0.0281346 
v -550.208 6.51377 -0.169531 
v -550.3 6.29091 0.0281346 
v -550.3 6.29091 -0.169531 
v -550.208 6.06805 0.0281346 
v -550.208 6.06805 -0.169531 
v -550.208 5.8297 -0.169531 
v -550.208 5.8297 0.0281346 
v -549.985 6.41587 -4.69251 
v -550.046 6.35653 -4.69251 
v -550.07 6.38074 -4.69251 
v -550.105 6.29591 -4.69251 
v -549.985 6.38164 -4.69251 
v -550.071 6.29591 -4.69251 
v -549.925 6.35653 -4.69251 
v -550.046 6.2353 -4.69251 
v -549.9 6.38074 -4.69251 
v -550.07 6.21109 -4.69251 
v -549.865 6.29591 -4.69251 
v -549.985 6.17595 -4.69251 
v -549.899 6.29591 -4.69251 
v -549.985 6.21019 -4.69251 
v -549.925 6.2353 -4.69251 
v -549.9 6.21109 -4.69251 
v -550.046 6.35653 -3.85951 
v -550.071 6.29591 -3.85951 
v -549.985 6.38164 -3.85951 
v -550.046 6.2353 -3.85951 
v -549.925 6.35653 -3.85951 
v -549.899 6.29591 -3.85951 
v -549.925 6.2353 -3.85951 
v -549.985 6.21019 -3.85951 
v -549.762 5.8297 0.0281346 
v -550.208 5.8297 0.0281346 
v -550.3 6.29091 0.0281346 
v -550.208 6.51377 -3.71093 
v -549.762 6.51377 -3.71093 
v -549.762 6.06805 -3.71093 
v -549.985 6.60609 -3.71093 
v -549.67 6.29091 -3.71093 
v -550.208 6.06805 -3.71093 
v -550.3 6.29091 -3.71093 
v -549.985 5.73739 -3.71093 
v -550.208 5.8297 -3.71093 
v -549.762 5.8297 -3.71093 
v -549.825 6.48921 -3.6416 
v -550.146 6.48921 -3.6416 
v -549.825 6.60955 -3.6416 
v -550.146 6.60955 -3.6416 
v -549.906 6.9305 -3.6416 
v -549.825 7.04074 -3.6416 
v -549.906 7.04074 -3.6416 
v -550.064 6.9305 -3.6416 
v -550.146 7.04074 -3.6416 
v -550.064 7.04074 -3.6416 
v -549.693 6.29517 -3.37714 
v -550.292 6.29517 -3.37714 
v -549.724 6.37982 -3.37714 
v -550.261 6.37982 -3.37714 
v -549.724 6.21052 -3.37714 
v -550.261 6.21052 -3.37714 
v -549.825 6.66522 -3.16087 
v -550.146 6.90031 -3.36144 
v -549.825 6.90031 -3.36144 
v -550.146 6.66522 -3.16087 
v -550.146 6.87104 -1.88958 
v -549.725 6.43112 1.00104 
v -550.245 6.43112 1.00104 
v -549.793 5.45267 1.00104 
v -550.178 5.45267 1.00104 
v -549.825 6.83053 -1.76719 
v -550.3 6.29091 -1.81661 
v -549.985 5.97573 -1.81661 
v -549.67 6.29091 -1.81661 
v -549.985 6.60609 -2.01428 
v -549.762 6.06805 -2.01428 
v -549.762 6.51377 -2.01428 
v -549.67 6.29091 -2.01428 
v -550.208 6.06805 -2.01428 
v -549.985 5.97573 -2.01428 
v -550.208 6.51377 -2.01428 
v -549.985 6.60609 -2.01428 
v -550.3 6.29091 -2.01428 
v -549.985 6.60609 -3.51327 
v -549.825 6.87104 -1.88958 
v -549.825 6.60955 -1.88958 
v -550.146 6.87104 -1.88958 
v -550.146 6.60955 -1.88958 
v -549.985 6.60609 -0.169531 
v -549.67 6.29091 -0.169531 
v -550.3 6.29091 -0.169531 
v -549.985 5.73739 -0.169531 
v -549.684 6.29517 -1.708 
v -550.301 6.29517 -1.708 
v -549.752 6.44307 -1.66075 
v -550.233 6.44307 -1.66075 
v -549.752 6.14727 -1.66075 
v -550.233 6.14727 -1.66075 
v -550.146 6.64178 -0.616549 
v -549.825 6.64178 -0.616549 
v -550.146 6.69393 -0.561579 
v -549.825 6.69393 -0.561579 
v -549.825 6.86347 -0.561579 
v -550.146 6.86347 -0.561579 
v -549.825 6.91784 -0.617405 
v -549.684 6.29517 -0.560765 
v -550.301 6.29517 -0.560765 
v -549.752 6.44307 -0.560765 
v -550.233 6.44307 -0.560765 
v -549.752 6.14727 -0.560765 
v -550.233 6.14727 -0.560765 
v -550.208 6.51377 -0.169531 
v -549.762 6.51377 -0.169531 
v -549.762 6.06805 -0.169531 
v -549.985 6.60609 -0.169531 
v -549.67 6.29091 -0.169531 
v -550.208 6.06805 -0.169531 
v -550.3 6.29091 -0.169531 
v -549.985 5.73739 -0.169531 
v -550.208 5.8297 -0.169531 
v -549.762 5.8297 -0.169531 
v -549.793 5.45267 1.00104 
v -550.178 5.45267 1.00104 
v -549.725 5.61441 1.00104 
v -550.245 5.61441 1.00104 
v -549.725 6.43112 1.00104 
v -550.245 6.43112 1.00104 
v -550.178 6.59286 1.00104 
v -549.793 6.59286 1.00104 
v -549.793 5.45267 1.3368 
v -550.178 5.45267 1.3368 
v -550.105 6.29591 -4.69251 
v -549.899 6.29591 -4.69251 
v -550.046 6.35653 -3.85951 
v -550.046 6.35653 -4.69251 
v -549.985 6.38164 -3.85951 
v -549.985 6.38164 -4.69251 
v -549.925 6.35653 -3.85951 
v -549.925 6.35653 -4.69251 
v -549.899 6.29591 -3.85951 
v -550.208 5.8297 -3.71093 
v -549.762 5.8297 -3.71093 
v -550.146 6.48921 -3.6416 
v -549.906 6.9305 -3.6416 
v -550.064 6.9305 -3.6416 
v -549.724 6.37982 -3.37714 
v -550.261 6.37982 -3.37714 
v -549.825 6.66522 -3.16087 
v -550.146 6.90031 -3.36144 
v -549.825 6.90031 -3.36144 
v -549.825 6.90031 -3.51806 
v -550.146 6.90031 -3.51806 
v -549.825 6.66525 -3.51806 
v -550.146 6.87104 -1.88958 
v -549.752 6.14727 -1.66075 
v -549.752 6.14727 -0.715743 
v -550.233 6.14727 -0.715743 
v -550.233 6.14727 -1.66075 
v -549.752 6.14727 -0.340139 
v -550.233 6.14727 -0.340139 
v -549.752 6.14727 -0.560765 
v -550.233 6.14727 -0.560765 
v -550.301 6.29517 -0.560765 
v -549.684 6.29517 -0.560765 
v -549.724 6.21052 -2.13832 
v -550.261 6.21052 -3.37714 
v -549.724 6.21052 -3.37714 
v -550.261 6.21052 -2.13832 
v -549.725 6.43112 1.00104 
v -550.245 6.43112 1.00104 
v -549.793 5.45267 1.3368 
v -549.793 5.45267 1.00104 
v -550.178 5.45267 1.3368 
v -550.178 5.45267 1.00104 
v -549.825 6.83053 -1.76719 
v -549.825 6.86347 -0.561579 
v -549.825 6.63751 -0.536535 
v -550.146 6.86347 -0.561579 
v -550.3 6.29091 -1.81661 
v -549.67 6.29091 -1.81661 
v -549.985 6.60609 -2.01428 
v -549.67 6.29091 -2.01428 
v -549.67 6.29091 -1.81661 
v -549.762 6.06805 -2.01428 
v -550.3 6.29091 -1.81661 
v -549.762 6.06805 -1.81661 
v -550.3 6.29091 -2.01428 
v -549.985 5.97573 -2.01428 
v -550.208 6.06805 -1.81661 
v -549.985 5.97573 -1.81661 
v -550.208 6.06805 -2.01428 
v -550.07 6.21109 -4.69251 
v -550.07 6.21109 -3.57506 
v -549.985 6.17595 -4.69251 
v -549.985 6.17595 -3.57506 
v -549.9 6.21109 -4.69251 
v -549.9 6.21109 -3.57506 
v -550.144 6.17648 -1.13249e-05 
v -550.144 6.17648 1.04855 
v -549.985 6.1107 -1.13249e-05 
v -549.985 6.1107 1.04855 
v -549.826 6.17648 -1.13249e-05 
v -549.826 6.17648 1.04855 
v -549.762 5.8297 -3.51327 
v -549.762 5.8297 -3.71093 
v -549.985 5.73739 -3.71093 
v -550.208 5.8297 -3.71093 
v -549.985 5.73739 -3.51327 
v -550.208 5.8297 -3.51327 
v -549.985 6.60609 -0.169531 
v -549.67 6.29091 -0.169531 
v -550.3 6.29091 -0.169531 
v -549.762 5.8297 0.0281346 
v -549.762 5.8297 -0.169531 
v -549.985 5.73739 -0.169531 
v -550.208 5.8297 -0.169531 
v -549.985 5.73739 0.0281346 
v -550.208 5.8297 0.0281346 
v -550.146 6.64178 -0.616549 
v -549.825 6.86347 -0.561579 
v -550.146 6.86347 -0.561579 
v -549.825 6.83053 -1.76719 
v -550.146 6.91784 -0.617405 
v -550.146 6.83053 -1.76719 
v -549.825 6.91784 -0.617405 
v -550.146 6.91784 -1.63595 
v -549.825 6.91784 -1.63595 
v -549.793 5.45267 1.3368 
v -549.793 6.59286 1.3368 
v -550.046 6.35653 -3.85951 
v -550.071 6.29591 -4.69251 
v -550.046 6.35653 -4.69251 
v -550.071 6.29591 -3.85951 
v -550.046 6.2353 -4.69251 
v -550.046 6.2353 -3.85951 
v -549.899 6.29591 -3.85951 
v -549.762 5.8297 -3.71093 
v -550.146 6.48921 -3.6416 
v -549.906 6.9305 -3.6416 
v -549.724 6.37982 -3.37714 
v -550.261 6.37982 -3.37714 
v -549.825 6.66522 -3.16087 
v -550.146 6.90031 -3.51806 
v -550.146 6.66525 -3.51806 
v -549.724 6.37982 -2.13832 
v -549.693 6.29517 -3.37714 
v -549.724 6.37982 -3.37714 
v -549.693 6.29517 -2.13832 
v -549.724 6.21052 -3.37714 
v -549.724 6.21052 -2.13832 
v -549.684 6.29517 -1.708 
v -549.752 6.44307 -0.715743 
v -549.684 6.29517 -0.668493 
v -549.752 6.44307 -1.66075 
v -549.752 6.14727 -0.715743 
v -549.752 6.14727 -1.66075 
v -549.752 6.44307 -0.340139 
v -549.684 6.29517 -0.560765 
v -549.752 6.44307 -0.560765 
v -549.684 6.29517 -0.340139 
v -549.752 6.14727 -0.560765 
v -549.752 6.14727 -0.340139 
v -549.725 6.43112 1.3368 
v -549.793 6.59286 1.00104 
v -549.793 6.59286 1.3368 
v -549.725 6.43112 1.00104 
v -549.725 5.61441 1.00104 
v -549.725 5.61441 1.3368 
v -549.793 5.45267 1.3368 
v -549.793 5.45267 1.00104 
v -549.825 6.60955 -0.301735 
v -549.825 6.48921 -1.88958 
v -549.825 6.60955 -1.88958 
v -549.825 6.48921 -0.301735 
v -549.825 6.48921 -2.91233 
v -549.825 6.60955 -2.91233 
v -549.825 6.48921 -3.6416 
v -549.825 6.60955 -3.6416 
v -549.825 6.62762 -3.11342 
v -549.825 6.66522 -3.16087 
v -549.825 7.04074 -3.27379 
v -549.825 6.63147 -3.20748 
v -549.825 6.90031 -3.36144 
v -549.825 6.90031 -3.51806 
v -549.825 7.04074 -3.6416 
v -549.825 6.63147 -3.46676 
v -549.825 6.66525 -3.51806 
v -549.825 6.62594 -3.54921 
v -549.825 6.64178 -1.71222 
v -549.825 6.64178 -1.61595 
v -549.825 6.64178 -0.616549 
v -549.825 6.63515 -1.79235 
v -549.825 6.67393 -1.76719 
v -549.825 6.87104 -1.88958 
v -549.825 6.83053 -1.76719 
v -549.825 7.04074 -1.64442 
v -549.825 6.91784 -1.63595 
v -549.825 6.91784 -0.617405 
v -549.825 7.04074 -0.460337 
v -549.825 6.86347 -0.561579 
v -549.825 6.69393 -0.561579 
v -549.825 6.63751 -0.536535 
v -549.67 6.29091 -1.81661 
v -549.762 6.51377 -1.81661 
v -549.762 6.51377 -2.01428 
v -549.67 6.29091 -2.01428 
v -549.67 6.29091 -1.81661 
v -549.762 6.06805 -2.01428 
v -549.762 6.06805 -1.81661 
v -549.985 6.17595 -4.69251 
v -549.9 6.21109 -4.69251 
v -549.9 6.21109 -3.57506 
v -549.865 6.29591 -4.69251 
v -549.985 6.41587 -4.69251 
v -549.865 6.29591 -3.57506 
v -549.9 6.38074 -3.57506 
v -549.9 6.38074 -4.69251 
v -550.144 6.17648 -1.13249e-05 
v -550.144 6.17648 1.04855 
v -549.826 6.17648 -1.13249e-05 
v -549.826 6.17648 1.04855 
v -549.761 6.33529 -1.13249e-05 
v -549.761 6.33529 1.04855 
v -549.826 6.49411 1.04855 
v -549.826 6.49411 -1.13249e-05 
v -549.762 6.51377 -3.51327 
v -549.762 6.51377 -3.71093 
v -549.985 6.60609 -3.51327 
v -549.985 6.60609 -3.71093 
v -549.67 6.29091 -3.71093 
v -549.67 6.29091 -3.51327 
v -549.762 6.06805 -3.71093 
v -549.762 6.06805 -3.51327 
v -549.762 5.8297 -3.51327 
v -549.762 5.8297 -3.71093 
v -550.064 6.9305 -0.427867 
v -550.064 7.04074 -1.64442 
v -550.064 7.04074 -0.460337 
v -550.064 6.9305 -1.80368 
v -550.064 6.9305 -3.1998 
v -550.064 6.9305 -3.6416 
v -550.064 7.04074 -3.27379 
v -550.064 7.04074 -3.6416 
v -549.762 6.51377 0.0281346 
v -549.762 6.51377 -0.169531 
v -549.985 6.60609 0.0281346 
v -549.985 6.60609 -0.169531 
v -549.67 6.29091 -0.169531 
v -549.67 6.29091 0.0281346 
v -549.762 6.06805 -0.169531 
v -549.762 6.06805 0.0281346 
v -549.762 5.8297 0.0281346 
v -549.762 5.8297 -0.169531 

vn 0 0 1 
vn 0 0 1 
vn 0 0 1 
vn 0 0 1 
vn 0 0 1 
vn 0 0 1 
vn 0 0 1 
vn 0 0 1 
vn 0 0 1 
vn 0 0 1 
vn 0 0 1 
vn 0 0 1 
vn 0 0 1 
vn 0 0 1 
vn 0 0 1 
vn 0 0 1 
vn 0 0 1 
vn 0 0 1 
vn 0 0 -1 
vn 0 0 -1 
vn 0 0.181102 0.984252 
vn 0 0 1 
vn 0 0.181102 0.984252 
vn 0 0 1 
vn 0 0.354331 0.937008 
vn 0 0.354331 0.937008 
vn 0 0.354331 0.937008 
vn 0 0.354331 0.937008 
vn 0 0.354331 0.937008 
vn 0 0.354331 0.937008 
vn 0 0 1 
vn 0 0 1 
vn 0 0 1 
vn 0 0 1 
vn 0 0 1 
vn 0 0 1 
vn 0 0 -1 
vn 0 0 -1 
vn 0 0.307087 0.952756 
vn 0 0 1 
vn 0 0 1 
vn 0 0.307087 0.952756 
vn 0 -0.307087 0.952756 
vn 0 -0.307087 0.952756 
vn 0 -0.905512 -0.417323 
vn 0 -0.708661 0.708661 
vn 0 -0.708661 0.708661 
vn 0 0.472441 0.88189 
vn 0 0.472441 0.88189 
vn 1 0 0 
vn -1 0 0 
vn 0 0 1 
vn 0 0 1 
vn 0 0 1 
vn 0 0 1 
vn 0 0 1 
vn 0 0 1 
vn 0 0 1 
vn 0 0 1 
vn 0 1 0 
vn 0 1 0 
vn 0.834646 -0.559055 0 
vn -0.834646 -0.559055 0 
vn 0 0 1 
vn 0 0 1 
vn 0 0 1 
vn 0 0 1 
vn 0 0 1 
vn 0 0 1 
vn 0 1 0 
vn 0 1 0 
vn 1 0 0 
vn -1 0 0 
vn 0 -1 0 
vn -0.834646 -0.559055 0 
vn 0 0.496063 0.866142 
vn 0 0.496063 0.866142 
vn 0 -0.472441 0.88189 
vn 0 -0.472441 0.88189 
vn 0 0.653543 0.755906 
vn 0 0.653543 0.755906 
vn 0 0.653543 0.755906 
vn 0 0.653543 0.755906 
vn 0 0.653543 0.755906 
vn 0 0.653543 0.755906 
vn 0 0.653543 0.755906 
vn 0 0.653543 0.755906 
vn 0 0 1 
vn 0 0 1 
vn 0 0 1 
vn 0 0 1 
vn 0 0 1 
vn 0 0 1 
vn 0 0 1 
vn 0 0 1 
vn 0 0 1 
vn 0 0 1 
vn 0 0 1 
vn 0 0 1 
vn 0 0 -1 
vn 0 0 -1 
vn 0.708661 0.708661 0 
vn 0.551181 0.551181 -0.629921 
vn 0 1 0 
vn -0.779528 0 -0.629921 
vn -0.551181 0.551181 -0.629921 
vn -0.708661 0.708661 0 
vn 0 0.779528 -0.629921 
vn 0 0 -1 
vn 0 0 -1 
vn 0 0 -1 
vn 0 0 -1 
vn 0 0 -1 
vn 0 0.11811 -0.992126 
vn 0 -0.905512 -0.417323 
vn 0 0.11811 -0.992126 
vn 0 0.952756 -0.307087 
vn 0 0.472441 0.88189 
vn 0 0.952756 -0.307087 
vn 0 0.472441 0.88189 
vn 0 0.96063 0.283465 
vn 0 0.96063 0.283465 
vn 0 1 0 
vn 0 1 0 
vn 0 1 0 
vn 0 1 0 
vn 0 1 0 
vn 0 1 0 
vn 0 1 0 
vn 0 1 0 
vn 0 1 0 
vn 0 1 0 
vn 0 1 0 
vn 0 1 0 
vn 0 1 0 
vn 0 1 0 
vn 0 1 0 
vn 0 1 0 
vn 0 1 0 
vn 0 1 0 
vn 0 1 0 
vn 0 1 0 
vn 0 1 0 
vn 0 1 0 
vn 0 1 0 
vn 0 1 0 
vn 0 0.818898 -0.566929 
vn 0 0.818898 -0.566929 
vn 0 0.818898 -0.566929 
vn 0 0.818898 -0.566929 
vn 0 0.818898 -0.566929 
vn 0 0.818898 -0.566929 
vn 0 0.818898 -0.566929 
vn 0 0.818898 -0.566929 
vn -1 0 0 
vn 1 0 0 
vn 0.559055 0.834646 0 
vn 0.559055 0.834646 0 
vn -0.559055 0.834646 0 
vn 0.984252 0.19685 0 
vn -0.559055 0.834646 0 
vn -0.984252 0.19685 0 
vn 0 1 0 
vn 0 1 0 
vn 0 1 0 
vn 0 1 0 
vn 1 0 0 
vn 1 0 0 
vn 1 0 0 
vn -1 0 0 
vn 0 0 1 
vn 0 0 1 
vn 0.708661 0.708661 0 
vn 0.708661 0.708661 0 
vn 0 1 0 
vn 0 1 0 
vn 1 0 0 
vn -0.708661 0.708661 0 
vn 1 0 0 
vn -0.708661 0.708661 0 
vn -1 0 0 
vn -1 0 0 
vn -0.708661 0.708661 0 
vn -0.708661 0.708661 0 
vn 0 1 0 
vn 0 1 0 
vn 0.708661 0.708661 0 
vn 0.708661 0.708661 0 
vn 0 1 0 
vn 0 1 0 
vn 0 1 0 
vn 0 1 0 
vn 0 1 0 
vn 0 1 0 
vn 0 1 0 
vn 0 1 0 
vn -0.708661 0.708661 0 
vn -0.708661 0.708661 0 
vn 0 1 0 
vn 0 1 0 
vn 0.708661 0.708661 0 
vn 0.708661 0.708661 0 
vn 0.708661 0.708661 0 
vn 0.708661 0.708661 0 
vn 0 1 0 
vn 0 1 0 
vn -0.708661 0.708661 0 
vn -0.708661 0.708661 0 
vn 0 1 0 
vn 0 1 0 
vn 0 1 0 
vn 0 1 0 
vn 0.708661 0.708661 0 
vn 0.708661 0.708661 0 
vn 0 1 0 
vn 0 1 0 
vn 1 0 0 
vn -0.708661 0.708661 0 
vn -0.708661 0.708661 0 
vn -1 0 0 
vn 0 1 0 
vn 0 0.929134 -0.370079 
vn 0 1 0 
vn 0 0.929134 -0.370079 
vn 0 0.968504 0.259843 
vn 0 0.393701 -0.92126 
vn 0 0.968504 0.259843 
vn 0 0.393701 -0.92126 
vn 0 0.496063 0.866142 
vn 0 0.496063 0.866142 
vn 0 0 1 
vn 0 0 1 
vn -0.551181 -0.551181 -0.629921 
vn -0.708661 -0.708661 0 
vn -0.779528 0 -0.629921 
vn -1 0 0 
vn -0.551181 0.551181 -0.629921 
vn -0.708661 0.708661 0 
vn 0 0 -1 
vn 0 0 -1 
vn 0 0 -1 
vn 0 0 -1 
vn 0 0 -1 
vn 0 0 -1 
vn 0 0.11811 -0.992126 
vn 0 -0.905512 -0.417323 
vn 0 0.818898 -0.566929 
vn -0.937008 0.346457 0 
vn -0.937008 0.346457 0 
vn -1 0 0 
vn -1 0 0 
vn -0.937008 -0.346457 0 
vn -0.937008 -0.346457 0 
vn -0.905512 0.417323 0 
vn -1 0 0 
vn -1 0 0 
vn -0.905512 0.417323 0 
vn -0.905512 -0.417323 0 
vn -0.905512 -0.417323 0 
vn -1 0 0 
vn -1 0 0 
vn -0.905512 0.417323 0 
vn -0.905512 0.417323 0 
vn -0.905512 -0.417323 0 
vn -0.905512 -0.417323 0 
vn -0.559055 0.834646 0 
vn -0.559055 0.834646 0 
vn -0.984252 0.19685 0 
vn -0.984252 0.19685 0 
vn -0.984252 -0.19685 0 
vn -0.984252 -0.19685 0 
vn -0.559055 -0.834646 0 
vn -0.559055 -0.834646 0 
vn -1 0 0 
vn -1 0 0 
vn -1 0 0 
vn -1 0 0 
vn -1 0 0 
vn -1 0 0 
vn -1 0 0 
vn -1 0 0 
vn -1 0 0 
vn -1 0 0 
vn -1 0 0 
vn -1 0 0 
vn -1 0 0 
vn -1 0 0 
vn -1 0 0 
vn -1 0 0 
vn -1 0 0 
vn -1 0 0 
vn -1 0 0 
vn -1 0 0 
vn -1 0 0 
vn -1 0 0 
vn -1 0 0 
vn -1 0 0 
vn -1 0 0 
vn -1 0 0 
vn -1 0 0 
vn -1 0 0 
vn -1 0 0 
vn -1 0 0 
vn -1 0 0 
vn 0 0 1 
vn -0.708661 0.708661 0 
vn -0.708661 0.708661 0 
vn -1 0 0 
vn -1 0 0 
vn -0.708661 -0.708661 0 
vn -0.708661 -0.708661 0 
vn -0.708661 -0.708661 0 
vn -0.708661 -0.708661 0 
vn -1 0 0 
vn 0 -1 0 
vn -1 0 0 
vn -0.708661 0.708661 0 
vn -0.708661 0.708661 0 
vn 0 1 0 
vn 1 0 0 
vn -0.708661 -0.708661 0 
vn -0.708661 -0.708661 0 
vn -1 0 0 
vn -1 0 0 
vn -0.708661 0.708661 0 
vn -0.708661 0.708661 0 
vn 0.708661 0.708661 0 
vn 0.708661 0.708661 0 
vn 0 1 0 
vn 0 1 0 
vn -0.708661 0.708661 0 
vn -0.708661 0.708661 0 
vn -1 0 0 
vn -1 0 0 
vn -0.984252 -0.19685 0 
vn -0.984252 -0.19685 0 
vn -0.834646 -0.559055 0 
vn -0.834646 -0.559055 0 
vn -1 0 0 
vn -1 0 0 
vn -1 0 0 
vn -1 0 0 
vn -1 0 0 
vn -1 0 0 
vn -1 0 0 
vn -1 0 0 
vn -0.708661 0.708661 0 
vn -0.708661 0.708661 0 
vn -1 0 0 
vn -1 0 0 
vn -0.984252 -0.19685 0 
vn -0.984252 -0.19685 0 
vn -0.834646 -0.559055 0 
vn -0.834646 -0.559055 0 
vn 0 0 -1 
vn 0 0 -1 
vn 0 0 -1 
vn 0 0 -1 
vn 0 0 -1 
vn 0 0 -1 
vn 0 0 -1 
vn 0 0 -1 
vn 0 0 -1 
vn 0 0 -1 
vn 0 0 -1 
vn 0 0 -1 
vn 0 0 -1 
vn 0 0 -1 
vn 0 0 -1 
vn 0 0 -1 
vn 0.551181 -0.551181 -0.629921 
vn 0.779528 0 -0.629921 
vn 0 -0.779528 -0.629921 
vn 0.551181 0.551181 -0.629921 
vn -0.551181 -0.551181 -0.629921 
vn -0.779528 0 -0.629921 
vn -0.551181 0.551181 -0.629921 
vn 0 0.779528 -0.629921 
vn 0 0 1 
vn 0 0 1 
vn 0 0 1 
vn 0 0 -1 
vn 0 0 -1 
vn 0 0 -1 
vn 0 0 -1 
vn 0 0 -1 
vn 0 0 -1 
vn 0 0 -1 
vn 0 0 -1 
vn 0 0 -1 
vn 0 0 -1 
vn 0 0 -1 
vn 0 0 -1 
vn 0 0 -1 
vn 0 0 -1 
vn 0 0 -1 
vn 0 0 -1 
vn 0 0 -1 
vn 0 0 -1 
vn 0 0 -1 
vn 0 0 -1 
vn 0 0 -1 
vn 0 0 -1 
vn 0 0 -1 
vn 0 0 -1 
vn 0 0 -1 
vn 0 0 -1 
vn 0 0.11811 -0.992126 
vn 0 -0.905512 -0.417323 
vn 0 -0.905512 -0.417323 
vn 0 0.11811 -0.992126 
vn 0 0.818898 -0.566929 
vn 0.984252 0.19685 0 
vn -0.984252 0.19685 0 
vn 0.559055 -0.834646 0 
vn -0.559055 -0.834646 0 
vn 1 0 0 
vn 0 0 1 
vn 0 0 1 
vn 0 0 1 
vn 0 1 0 
vn 0 0 -1 
vn 0 0 -1 
vn 0 0 -1 
vn 0 0 -1 
vn 0 0 -1 
vn 0 0 -1 
vn 0 0 -1 
vn 0 0 -1 
vn 0 1 0 
vn 0 0 -1 
vn 0 0 -1 
vn 0 0 -1 
vn 0 0 -1 
vn 0 1 0 
vn 1 0 0 
vn -1 0 0 
vn 0 -1 0 
vn 0 0 -1 
vn 0 0 -1 
vn 0 0.307087 -0.952756 
vn 0 0.307087 -0.952756 
vn 0 -0.307087 -0.952756 
vn 0 -0.307087 -0.952756 
vn 0 0.929134 -0.370079 
vn 0 0.929134 -0.370079 
vn 0 0.393701 -0.92126 
vn 0 0.393701 -0.92126 
vn 0 -0.385827 -0.92126 
vn 0 -0.385827 -0.92126 
vn 0 -0.929134 -0.377953 
vn 0 0 -1 
vn 0 0 -1 
vn 0 0 -1 
vn 0 0 -1 
vn 0 0 -1 
vn 0 0 -1 
vn 0 0 -1 
vn 0 0 -1 
vn 0 0 -1 
vn 0 0 -1 
vn 0 0 -1 
vn 0 0 -1 
vn 0 0 -1 
vn 0 0 -1 
vn 0 0 -1 
vn 0 0 -1 
vn 0 0 -1 
vn 0 0 -1 
vn 0 0 -1 
vn 0 0 -1 
vn 0 0 -1 
vn 0 0 -1 
vn 0 0 -1 
vn 0 0 -1 
vn 0 0 1 
vn 0 0 1 
vn 0 0 -1 
vn 0 0 -1 
vn 0.551181 -0.551181 -0.629921 
vn 0.708661 -0.708661 0 
vn 0 -0.779528 -0.629921 
vn 0 -1 0 
vn -0.551181 -0.551181 -0.629921 
vn -0.708661 -0.708661 0 
vn -0.779528 0 -0.629921 
vn 0 0 -1 
vn 0 0 -1 
vn 0 0 -1 
vn 0 0 -1 
vn 0 0 -1 
vn 0 0 -1 
vn 0 0 -1 
vn 0 0.11811 -0.992126 
vn 0 -0.905512 -0.417323 
vn 0 -0.905512 -0.417323 
vn 0 -0.708661 0.708661 
vn 0 -0.708661 0.708661 
vn 0 0.472441 0.88189 
vn 0 0.818898 -0.566929 
vn 0 -1 0 
vn 0 -1 0 
vn 0 -1 0 
vn 0 -1 0 
vn 0 -1 0 
vn 0 -1 0 
vn 0 -1 0 
vn 0 -1 0 
vn -1 0 0 
vn 1 0 0 
vn 0 -1 0 
vn 0 -1 0 
vn 0 -1 0 
vn 0 -1 0 
vn 0.984252 0.19685 0 
vn -0.984252 0.19685 0 
vn 0.559055 -0.834646 0 
vn 0.559055 -0.834646 0 
vn -0.559055 -0.834646 0 
vn -0.559055 -0.834646 0 
vn 1 0 0 
vn 1 0 0 
vn 1 0 0 
vn -1 0 0 
vn 0 0 1 
vn 0 0 1 
vn 0 1 0 
vn 1 0 0 
vn 1 0 0 
vn 0.708661 -0.708661 0 
vn -1 0 0 
vn 0.708661 -0.708661 0 
vn -1 0 0 
vn 0 -1 0 
vn -0.708661 -0.708661 0 
vn 0 -1 0 
vn -0.708661 -0.708661 0 
vn -0.708661 -0.708661 0 
vn -0.708661 -0.708661 0 
vn 0 -1 0 
vn 0 -1 0 
vn 0.708661 -0.708661 0 
vn 0.708661 -0.708661 0 
vn -0.708661 -0.708661 0 
vn -0.708661 -0.708661 0 
vn 0 -1 0 
vn 0 -1 0 
vn 0.708661 -0.708661 0 
vn 0.708661 -0.708661 0 
vn 0.834646 -0.559055 0 
vn 0.834646 -0.559055 0 
vn 0 -1 0 
vn -0.834646 -0.559055 0 
vn 0 -1 0 
vn -0.834646 -0.559055 0 
vn 0 1 0 
vn 1 0 0 
vn -1 0 0 
vn 0.834646 -0.559055 0 
vn 0.834646 -0.559055 0 
vn 0 -1 0 
vn -0.834646 -0.559055 0 
vn 0 -1 0 
vn -0.834646 -0.559055 0 
vn 0 0.929134 -0.370079 
vn 0 -0.385827 -0.92126 
vn 0 -0.385827 -0.92126 
vn 0 -0.472441 0.88189 
vn 0 -0.929134 -0.377953 
vn 0 -0.472441 0.88189 
vn 0 -0.929134 -0.377953 
vn 0 -0.96063 0.291339 
vn 0 -0.96063 0.291339 
vn 0 0 1 
vn 0 0 1 
vn 0.551181 -0.551181 -0.629921 
vn 1 0 0 
vn 0.708661 -0.708661 0 
vn 0.779528 0 -0.629921 
vn 0.708661 0.708661 0 
vn 0.551181 0.551181 -0.629921 
vn -0.779528 0 -0.629921 
vn 0 0 -1 
vn 0 0 -1 
vn 0 0 -1 
vn 0 0 -1 
vn 0 0 -1 
vn 0 0.11811 -0.992126 
vn 0 -0.708661 0.708661 
vn 0 0.472441 0.88189 
vn 0.937008 0.346457 0 
vn 1 0 0 
vn 0.937008 0.346457 0 
vn 1 0 0 
vn 0.937008 -0.346457 0 
vn 0.937008 -0.346457 0 
vn 1 0 0 
vn 0.905512 0.417323 0 
vn 1 0 0 
vn 0.905512 0.417323 0 
vn 0.905512 -0.417323 0 
vn 0.905512 -0.417323 0 
vn 0.905512 0.417323 0 
vn 1 0 0 
vn 0.905512 0.417323 0 
vn 1 0 0 
vn 0.905512 -0.417323 0 
vn 0.905512 -0.417323 0 
vn 0.984252 0.19685 0 
vn 0.559055 0.834646 0 
vn 0.559055 0.834646 0 
vn 0.984252 0.19685 0 
vn 0.984252 -0.19685 0 
vn 0.984252 -0.19685 0 
vn 0.559055 -0.834646 0 
vn 0.559055 -0.834646 0 
vn 1 0 0 
vn 1 0 0 
vn 1 0 0 
vn 1 0 0 
vn 1 0 0 
vn 1 0 0 
vn 1 0 0 
vn 1 0 0 
vn 1 0 0 
vn 1 0 0 
vn 1 0 0 
vn 1 0 0 
vn 1 0 0 
vn 1 0 0 
vn 1 0 0 
vn 1 0 0 
vn 1 0 0 
vn 1 0 0 
vn 1 0 0 
vn 1 0 0 
vn 1 0 0 
vn 1 0 0 
vn 1 0 0 
vn 1 0 0 
vn 1 0 0 
vn 1 0 0 
vn 1 0 0 
vn 1 0 0 
vn 1 0 0 
vn 1 0 0 
vn 1 0 0 
vn 1 0 0 
vn 0 0 1 
vn 0.708661 0.708661 0 
vn 0.708661 0.708661 0 
vn 1 0 0 
vn 1 0 0 
vn 0.708661 -0.708661 0 
vn 0.708661 -0.708661 0 
vn 0 -1 0 
vn 0.708661 -0.708661 0 
vn 0.708661 -0.708661 0 
vn 1 0 0 
vn 0 1 0 
vn 1 0 0 
vn 0.708661 0.708661 0 
vn 0.708661 0.708661 0 
vn -0.708661 -0.708661 0 
vn -0.708661 -0.708661 0 
vn 0.708661 -0.708661 0 
vn 0.708661 -0.708661 0 
vn 1 0 0 
vn 1 0 0 
vn 0.708661 0.708661 0 
vn 0.708661 0.708661 0 
vn 0.708661 0.708661 0 
vn 0.708661 0.708661 0 
vn 0 1 0 
vn 0 1 0 
vn 1 0 0 
vn 1 0 0 
vn 0.984252 -0.19685 0 
vn 0.984252 -0.19685 0 
vn 0.834646 -0.559055 0 
vn 0.834646 -0.559055 0 
vn 1 0 0 
vn 1 0 0 
vn 1 0 0 
vn 1 0 0 
vn 1 0 0 
vn 1 0 0 
vn 1 0 0 
vn 1 0 0 
vn 0.708661 0.708661 0 
vn 0.708661 0.708661 0 
vn 0 1 0 
vn 0 1 0 
vn 1 0 0 
vn 1 0 0 
vn 0.984252 -0.19685 0 
vn 0.984252 -0.19685 0 
vn 0.834646 -0.559055 0 
vn 0.834646 -0.559055 0 

vt 46.0325 -53.079 
vt 45.9675 -53.079 
vt 46.0241 -53.0993 
vt 45.9759 -53.0993 
vt 46.0325 -52.9769 
vt 45.9675 -52.9769 
vt 45.9759 -52.9567 
vt 46.0241 -52.9567 
vt 46 -53.0637 
vt 46.0279 -53.0223 
vt 45.9722 -53.0223 
vt 46.0279 -53.0521 
vt 45.9722 -53.0521 
vt 46.0279 -52.9666 
vt 46.0394 -52.9945 
vt 45.9722 -52.9666 
vt 45.9606 -52.9945 
vt 46 -52.9551 
vt 45.9606 -52.9945 
vt 46 -53.0637 
vt 45.98 -52.9546 
vt 46.0201 -52.9697 
vt 46.0201 -52.9546 
vt 45.98 -52.9697 
vt 45.9902 -52.9145 
vt 45.98 -52.9007 
vt 45.9902 -52.9007 
vt 46.0099 -52.9145 
vt 46.0201 -52.9007 
vt 46.0099 -52.9007 
vt 46.0292 -52.9755 
vt 45.9606 -52.9939 
vt 46.0377 -52.9939 
vt 45.969 -52.9755 
vt 46.0292 -53.0124 
vt 45.969 -53.0124 
vt 46.0327 -52.9834 
vt 45.9656 -52.9834 
vt 46.0292 -52.9755 
vt 45.9606 -52.9939 
vt 46.0377 -52.9939 
vt 45.969 -52.9755 
vt 46.0292 -53.0124 
vt 45.969 -53.0124 
vt 45.98 -52.9183 
vt 46.0201 -52.9183 
vt 45.98 -52.9183 
vt 45.98 -52.9477 
vt 46.0201 -52.9477 
vt 46.0201 -52.9229 
vt 45.98 -52.9229 
vt 45.9722 -53.0223 
vt 45.9722 -52.9666 
vt 45.9606 -52.9945 
vt 46.0279 -53.0223 
vt 46 -53.0339 
vt 46.0279 -52.9666 
vt 46 -52.9551 
vt 46.0394 -52.9945 
vt 46 -52.9551 
vt 46 -52.9551 
vt 46.0279 -53.0521 
vt 45.9722 -53.0521 
vt 46.0327 -52.9834 
vt 45.9616 -52.9939 
vt 46.0366 -52.9939 
vt 45.9656 -52.9834 
vt 46.0327 -53.0045 
vt 45.9656 -53.0045 
vt 46 -52.9551 
vt 46 -52.9551 
vt 46.0394 -52.9945 
vt 45.9606 -52.9945 
vt 46 -53.0637 
vt 45.9722 -53.0521 
vt 46.0201 -52.9466 
vt 45.98 -52.9466 
vt 46.0201 -52.927 
vt 45.98 -52.927 
vt 46.0201 -52.9007 
vt 46.0099 -52.9145 
vt 46.0201 -52.9546 
vt 46.0099 -52.9007 
vt 45.9902 -52.9145 
vt 45.98 -52.9546 
vt 45.98 -52.9007 
vt 45.9902 -52.9007 
vt 46 -53.0637 
vt 46.0279 -53.0223 
vt 45.9722 -53.0223 
vt 46.0279 -53.0521 
vt 45.9722 -53.0521 
vt 46.0279 -52.9666 
vt 46.0394 -52.9945 
vt 45.9722 -52.9666 
vt 45.9606 -52.9945 
vt 46 -52.9551 
vt 45.6232 -52.9759 
vt 45.6232 -53.0241 
vt 46.3768 -52.985 
vt 46.3768 -53.0107 
vt 46.3768 -52.9924 
vt 46.2727 -52.9924 
vt 46.3768 -53 
vt 46.2727 -53.0107 
vt 46.2727 -53.0076 
vt 46.3768 -53.0076 
vt 46.2727 -53 
vt 46.2455 -52.98 
vt 46.2455 -53.0099 
vt 46.2455 -52.9902 
vt 46.2124 -53.0327 
vt 46.2124 -52.9656 
vt 46.1854 -53.0201 
vt 46.2104 -52.98 
vt 46.1854 -52.98 
vt 46.1912 -53.0201 
vt 46.23 -52.98 
vt 46.1912 -52.98 
vt 46.23 -53.0201 
vt 46.2236 -53.0201 
vt 46.2236 -52.98 
vt 45.9958 -52.98 
vt 45.8478 -52.98 
vt 45.9958 -52.9902 
vt 45.8478 -52.9902 
vt 45.9958 -53.0201 
vt 45.8478 -53.0099 
vt 45.8478 -53.0201 
vt 45.9958 -53.0099 
vt 46.2455 -53.0201 
vt 46.1995 -53.0099 
vt 46.1995 -53.0201 
vt 46.2455 -53.0099 
vt 46.2455 -52.98 
vt 46.1995 -52.98 
vt 46.2455 -52.9902 
vt 46.1995 -52.9902 
vt 45.8438 -53.0099 
vt 46.0157 -53.0099 
vt 46.0157 -52.9902 
vt 45.8438 -52.9902 
vt 46.2455 -53.0099 
vt 46.1902 -52.9902 
vt 46.1902 -53.0099 
vt 46.2455 -52.9902 
vt 45.9958 -53.0201 
vt 46.0265 -53.0201 
vt 46.0157 -53.0099 
vt 45.9958 -53.0099 
vt 46.0265 -52.98 
vt 46.0157 -52.9902 
vt 45.9958 -52.98 
vt 45.9958 -52.9902 
vt 45.8604 -52.9606 
vt 45.8604 -53.0377 
vt 45.6651 -53.0241 
vt 45.6232 -53.0241 
vt 45.6651 -52.9759 
vt 45.6651 -53.0325 
vt 45.6232 -52.9759 
vt 45.6651 -52.9675 
vt 46.0265 -53.0201 
vt 46.1543 -53.0201 
vt 46.1543 -52.98 
vt 46.0265 -52.98 
vt 46.0112 -53.0201 
vt 45.8605 -53.0201 
vt 45.8573 -53.0201 
vt 45.8605 -52.98 
vt 46.0173 -52.9606 
vt 46.0173 -53.0394 
vt 46.0173 -53.0279 
vt 46.0421 -53.0279 
vt 46.0173 -53 
vt 46.0421 -53 
vt 46.0421 -53.0394 
vt 46.0173 -52.9722 
vt 46.0173 -53.0394 
vt 46.0421 -52.9722 
vt 46.0173 -52.9606 
vt 46.0421 -52.9606 
vt 46.2372 -52.9894 
vt 46.3768 -52.9894 
vt 46.2372 -53 
vt 46.3768 -53 
vt 46.2372 -53.0106 
vt 46.3768 -53.0106 
vt 45.8797 -53.0292 
vt 45.9979 -53.0292 
vt 45.9979 -52.969 
vt 45.8797 -52.969 
vt 45.8604 -53.0292 
vt 45.8604 -52.969 
vt 45.8328 -53.0292 
vt 45.8328 -52.969 
vt 45.6592 -52.9802 
vt 45.7903 -52.9802 
vt 45.6592 -53 
vt 45.7903 -53 
vt 45.6592 -53.0199 
vt 45.7903 -53.0199 
vt 46.2294 -53.0279 
vt 46.2541 -53.0279 
vt 46.2294 -53 
vt 46.2541 -53 
vt 46.2294 -52.9722 
vt 46.2541 -52.9722 
vt 46.2124 -53.0327 
vt 46.0576 -52.9656 
vt 46.0576 -53.0327 
vt 46.2124 -52.9656 
vt 45.7868 -53.0279 
vt 45.8115 -53.0279 
vt 45.7868 -53 
vt 45.8115 -53 
vt 45.8115 -53.0394 
vt 45.7868 -52.9722 
vt 45.8115 -52.9722 
vt 45.8115 -52.9606 
vt 45.9923 -52.98 
vt 45.8673 -52.98 
vt 45.9923 -53.0201 
vt 45.8673 -53.0201 
vt 46.0043 -53.0201 
vt 45.8605 -52.98 
vt 46.0043 -52.98 
vt 45.8605 -53.0201 
vt 46.0112 -53.0201 
vt 46.0112 -52.98 
vt 46.3768 -53.0993 
vt 46.3768 -52.9567 
vt 45.7273 -52.9863 
vt 45.6232 -52.9863 
vt 45.7273 -52.9939 
vt 45.6232 -52.9939 
vt 45.7273 -53.0014 
vt 45.6232 -53.0014 
vt 45.7459 -53.0521 
vt 45.7459 -53.0521 
vt 45.7545 -52.9697 
vt 45.7545 -52.9145 
vt 45.7876 -52.9834 
vt 45.7876 -52.9834 
vt 45.8146 -52.9477 
vt 45.7896 -52.9183 
vt 45.9735 -52.922 
vt 45.9424 -52.9834 
vt 45.7876 -52.9834 
vt 45.9424 -52.9939 
vt 45.7876 -52.9939 
vt 45.9424 -53.0045 
vt 45.7876 -53.0045 
vt 46.1203 -52.9755 
vt 45.9962 -52.9939 
vt 46.1262 -52.9939 
vt 46.0021 -52.9755 
vt 46.1203 -53.0124 
vt 46.0021 -53.0124 
vt 46.1396 -52.9939 
vt 46.1672 -52.9939 
vt 46.1396 -52.9755 
vt 46.1672 -52.9755 
vt 46.1672 -53.0124 
vt 46.1396 -53.0124 
vt 46.3349 -52.9567 
vt 46.3768 -52.9567 
vt 46.3349 -52.9769 
vt 46.3768 -52.9769 
vt 46.3768 -53.079 
vt 46.3349 -53.079 
vt 46.3768 -53.0993 
vt 46.3349 -53.0993 
vt 45.8457 -52.9546 
vt 45.7545 -52.9546 
vt 45.8457 -52.9697 
vt 45.7545 -52.9697 
vt 45.9735 -52.9697 
vt 45.9735 -52.9546 
vt 46.172 -52.9697 
vt 45.8206 -52.9524 
vt 45.8146 -52.9477 
vt 45.8005 -52.9007 
vt 45.8088 -52.9519 
vt 45.7896 -52.9183 
vt 45.77 -52.9183 
vt 45.7545 -52.9007 
vt 45.7764 -52.9519 
vt 45.77 -52.9477 
vt 45.7661 -52.9526 
vt 46.172 -52.9546 
vt 46.1327 -52.9506 
vt 46.1395 -52.9441 
vt 46.1395 -52.9229 
vt 46.0077 -52.9506 
vt 46.1522 -52.9007 
vt 46.1326 -52.9161 
vt 46.0042 -52.9007 
vt 46.0052 -52.9161 
vt 45.9735 -52.922 
vt 45.9888 -52.927 
vt 45.9888 -52.9466 
vt 45.9957 -52.9506 
vt 45.9857 -52.9514 
vt 45.9827 -52.9945 
vt 45.9827 -52.9666 
vt 45.9579 -52.9666 
vt 45.9827 -52.9945 
vt 45.9579 -52.9945 
vt 45.9827 -53.0223 
vt 45.9579 -53.0223 
vt 45.6232 -53.0045 
vt 45.7628 -53.0045 
vt 45.7628 -52.9939 
vt 45.6232 -53.0088 
vt 45.6232 -52.9939 
vt 45.7628 -52.9832 
vt 45.6232 -52.9832 
vt 45.6232 -52.9789 
vt 45.7628 -52.9939 
vt 46.2097 -53.0088 
vt 46.3408 -53.0088 
vt 46.3408 -52.9889 
vt 46.2097 -52.9889 
vt 46.3408 -52.9691 
vt 46.2097 -52.9691 
vt 46.3408 -52.9691 
vt 46.2097 -52.9691 
vt 45.7706 -52.9551 
vt 45.7459 -52.9551 
vt 45.7706 -52.9666 
vt 45.7459 -52.9666 
vt 45.7706 -52.9945 
vt 45.7459 -52.9945 
vt 45.7706 -53.0223 
vt 45.7459 -53.0223 
vt 45.7459 -53.0521 
vt 45.7706 -53.0521 
vt 45.7545 -52.9145 
vt 45.8098 -52.9145 
vt 45.8005 -52.9007 
vt 45.7545 -52.9007 
vt 45.9843 -52.9145 
vt 46.1562 -52.9145 
vt 46.0042 -52.9007 
vt 46.1522 -52.9007 
vt 46.2132 -52.9666 
vt 46.1885 -52.9666 
vt 46.2132 -52.9945 
vt 46.1885 -52.9945 
vt 46.2132 -53.0223 
vt 46.1885 -53.0223 
vt 46.1885 -53.0521 
vt 46.2132 -53.0521 
vt 46 -52.9789 
vt 46.0076 -52.9863 
vt 46.0106 -52.9832 
vt 46.015 -52.9939 
vt 46 -52.9831 
vt 46.0107 -52.9939 
vt 45.9924 -52.9863 
vt 46.0076 -53.0014 
vt 45.9894 -52.9832 
vt 46.0106 -53.0045 
vt 45.985 -52.9939 
vt 46 -53.0088 
vt 45.9893 -52.9939 
vt 46 -53.0046 
vt 45.9924 -53.0014 
vt 45.9894 -53.0045 
vt 46.0076 -52.9863 
vt 46.0107 -52.9939 
vt 46 -52.9831 
vt 46.0076 -53.0014 
vt 45.9924 -52.9863 
vt 45.9893 -52.9939 
vt 45.9924 -53.0014 
vt 46 -53.0046 
vt 45.9721 -53.0521 
vt 46.0278 -53.0521 
vt 46.0394 -52.9945 
vt 46.0278 -52.9666 
vt 45.9721 -52.9666 
vt 45.9721 -53.0223 
vt 46 -52.9551 
vt 45.9606 -52.9945 
vt 46.0278 -53.0223 
vt 46.0394 -52.9945 
vt 46 -53.0637 
vt 46.0278 -53.0521 
vt 45.9721 -53.0521 
vt 45.9799 -52.9697 
vt 46.02 -52.9697 
vt 45.9799 -52.9546 
vt 46.02 -52.9546 
vt 45.9901 -52.9145 
vt 45.9799 -52.9007 
vt 45.9901 -52.9007 
vt 46.0098 -52.9145 
vt 46.02 -52.9007 
vt 46.0098 -52.9007 
vt 45.9634 -52.9939 
vt 46.0384 -52.9939 
vt 45.9673 -52.9834 
vt 46.0344 -52.9834 
vt 45.9673 -53.0045 
vt 46.0344 -53.0045 
vt 45.9799 -52.9477 
vt 46.02 -52.9183 
vt 45.9799 -52.9183 
vt 46.02 -52.9477 
vt 46.02 -52.922 
vt 45.9675 -52.9769 
vt 46.0325 -52.9769 
vt 45.9759 -53.0993 
vt 46.0241 -53.0993 
vt 45.9799 -52.927 
vt 46.0394 -52.9945 
vt 46 -53.0339 
vt 45.9606 -52.9945 
vt 46 -52.9551 
vt 45.9721 -53.0223 
vt 45.9721 -52.9666 
vt 45.9606 -52.9945 
vt 46.0278 -53.0223 
vt 46 -53.0339 
vt 46.0278 -52.9666 
vt 46 -52.9551 
vt 46.0394 -52.9945 
vt 46 -52.9551 
vt 45.9799 -52.922 
vt 45.9799 -52.9546 
vt 46.02 -52.922 
vt 46.02 -52.9546 
vt 46 -52.9551 
vt 45.9606 -52.9945 
vt 46.0394 -52.9945 
vt 46 -53.0637 
vt 45.9623 -52.9939 
vt 46.0394 -52.9939 
vt 45.9708 -52.9755 
vt 46.031 -52.9755 
vt 45.9708 -53.0124 
vt 46.031 -53.0124 
vt 46.02 -52.9506 
vt 45.9799 -52.9506 
vt 46.02 -52.9441 
vt 45.9799 -52.9441 
vt 45.9799 -52.9229 
vt 46.02 -52.9229 
vt 45.9799 -52.9161 
vt 45.9623 -52.9939 
vt 46.0394 -52.9939 
vt 45.9708 -52.9755 
vt 46.031 -52.9755 
vt 45.9708 -53.0124 
vt 46.031 -53.0124 
vt 46.0278 -52.9666 
vt 45.9721 -52.9666 
vt 45.9721 -53.0223 
vt 46 -52.9551 
vt 45.9606 -52.9945 
vt 46.0278 -53.0223 
vt 46.0394 -52.9945 
vt 46 -53.0637 
vt 46.0278 -53.0521 
vt 45.9721 -53.0521 
vt 45.9759 -53.0993 
vt 46.0241 -53.0993 
vt 45.9675 -53.079 
vt 46.0325 -53.079 
vt 45.9675 -52.9769 
vt 46.0325 -52.9769 
vt 46.0241 -52.9567 
vt 45.9759 -52.9567 
vt 46.3768 -53.0241 
vt 46.3768 -52.9759 
vt 45.6232 -52.985 
vt 45.6232 -53.0107 
vt 45.7273 -52.9924 
vt 45.6232 -52.9924 
vt 45.7273 -53 
vt 45.6232 -53 
vt 45.7273 -53.0076 
vt 45.6232 -53.0076 
vt 45.7273 -53.0107 
vt 45.7459 -52.9722 
vt 45.7459 -53.0279 
vt 45.7545 -52.98 
vt 45.7545 -53.0099 
vt 45.7545 -52.9902 
vt 45.7876 -53.0327 
vt 45.7876 -52.9656 
vt 45.8146 -53.0201 
vt 45.7896 -52.98 
vt 45.7896 -53.0201 
vt 45.77 -53.0201 
vt 45.77 -52.98 
vt 45.77 -53.0201 
vt 45.9735 -52.98 
vt 46.0021 -53.0292 
vt 46.1203 -53.0292 
vt 46.1203 -52.969 
vt 46.0021 -52.969 
vt 46.1672 -53.0292 
vt 46.1672 -52.969 
vt 46.1396 -53.0292 
vt 46.1396 -52.969 
vt 46.1396 -52.9606 
vt 46.1396 -53.0377 
vt 45.9424 -53.0327 
vt 45.7876 -52.9656 
vt 45.7876 -53.0327 
vt 45.9424 -52.9656 
vt 46.3349 -53.0325 
vt 46.3349 -52.9675 
vt 46.3768 -53.0241 
vt 46.3349 -53.0241 
vt 46.3768 -52.9759 
vt 46.3349 -52.9759 
vt 45.9888 -53.0201 
vt 46.1395 -53.0201 
vt 46.1427 -53.0201 
vt 46.1395 -52.98 
vt 45.9827 -52.9606 
vt 45.9827 -53.0394 
vt 45.9579 -53 
vt 45.9579 -53.0394 
vt 45.9827 -53.0394 
vt 45.9579 -53.0279 
vt 45.9827 -52.9606 
vt 45.9827 -53.0279 
vt 45.9579 -52.9606 
vt 45.9579 -53 
vt 45.9827 -52.9722 
vt 45.9827 -53 
vt 45.9579 -52.9722 
vt 45.6232 -52.9894 
vt 45.7628 -52.9894 
vt 45.6232 -53 
vt 45.7628 -53 
vt 45.6232 -53.0106 
vt 45.7628 -53.0106 
vt 46.2097 -52.9802 
vt 46.3408 -52.9802 
vt 46.2097 -53 
vt 46.3408 -53 
vt 46.2097 -53.0199 
vt 46.3408 -53.0199 
vt 45.7706 -53.0279 
vt 45.7459 -53.0279 
vt 45.7459 -53 
vt 45.7459 -52.9722 
vt 45.7706 -53 
vt 45.7706 -52.9722 
vt 46.1885 -53 
vt 46.1885 -53.0394 
vt 46.1885 -52.9606 
vt 46.2132 -53.0279 
vt 46.1885 -53.0279 
vt 46.1885 -53 
vt 46.1885 -52.9722 
vt 46.2132 -53 
vt 46.2132 -52.9722 
vt 46.1327 -52.98 
vt 46.1395 -53.0201 
vt 46.1395 -52.98 
vt 45.9888 -53.0201 
vt 46.1326 -52.98 
vt 45.9888 -52.98 
vt 46.1326 -53.0201 
vt 46.0052 -52.98 
vt 46.0052 -53.0201 
vt 45.6232 -53.0993 
vt 45.6232 -52.9567 
vt 46.2727 -52.9863 
vt 46.3768 -52.9939 
vt 46.3768 -52.9863 
vt 46.2727 -52.9939 
vt 46.3768 -53.0014 
vt 46.2727 -53.0014 
vt 46.2727 -52.9939 
vt 46.2541 -53.0521 
vt 46.2455 -52.9697 
vt 46.2455 -52.9145 
vt 46.2124 -52.9834 
vt 46.2124 -52.9834 
vt 46.1854 -52.9477 
vt 46.23 -52.9183 
vt 46.23 -52.9477 
vt 46.0576 -52.9834 
vt 46.2124 -52.9939 
vt 46.2124 -52.9834 
vt 46.0576 -52.9939 
vt 46.2124 -53.0045 
vt 46.0576 -53.0045 
vt 46.0038 -52.9939 
vt 45.8797 -52.9755 
vt 45.8738 -52.9939 
vt 45.9979 -52.9755 
vt 45.8797 -53.0124 
vt 45.9979 -53.0124 
vt 45.8328 -52.9755 
vt 45.8604 -52.9939 
vt 45.8604 -52.9755 
vt 45.8328 -52.9939 
vt 45.8604 -53.0124 
vt 45.8328 -53.0124 
vt 45.6232 -52.9769 
vt 45.6651 -52.9567 
vt 45.6232 -52.9567 
vt 45.6651 -52.9769 
vt 45.6651 -53.079 
vt 45.6232 -53.079 
vt 45.6232 -53.0993 
vt 45.6651 -53.0993 
vt 45.828 -52.9546 
vt 46.0265 -52.9697 
vt 46.0265 -52.9546 
vt 45.828 -52.9697 
vt 46.1543 -52.9697 
vt 46.1543 -52.9546 
vt 46.2455 -52.9697 
vt 46.2455 -52.9546 
vt 46.1794 -52.9524 
vt 46.1854 -52.9477 
vt 46.1995 -52.9007 
vt 46.1912 -52.9519 
vt 46.2104 -52.9183 
vt 46.23 -52.9183 
vt 46.2455 -52.9007 
vt 46.2236 -52.9519 
vt 46.23 -52.9477 
vt 46.2339 -52.9526 
vt 46.0043 -52.9506 
vt 45.9923 -52.9506 
vt 45.8673 -52.9506 
vt 46.0143 -52.9514 
vt 46.0112 -52.9466 
vt 46.0265 -52.922 
vt 46.0112 -52.927 
vt 45.9958 -52.9007 
vt 45.9948 -52.9161 
vt 45.8674 -52.9161 
vt 45.8478 -52.9007 
vt 45.8605 -52.9229 
vt 45.8605 -52.9441 
vt 45.8573 -52.9511 
vt 46.0173 -52.9945 
vt 46.0173 -52.9666 
vt 46.0421 -52.9666 
vt 46.0421 -52.9945 
vt 46.0173 -52.9945 
vt 46.0421 -53.0223 
vt 46.0173 -53.0223 
vt 46.3768 -53.0088 
vt 46.3768 -53.0045 
vt 46.2372 -53.0045 
vt 46.3768 -52.9939 
vt 46.3768 -52.9789 
vt 46.2372 -52.9939 
vt 46.2372 -52.9832 
vt 46.3768 -52.9832 
vt 45.7903 -53.0088 
vt 45.6592 -53.0088 
vt 45.7903 -53.0088 
vt 45.6592 -53.0088 
vt 45.7903 -52.9889 
vt 45.6592 -52.9889 
vt 45.6592 -52.9691 
vt 45.7903 -52.9691 
vt 46.2294 -52.9666 
vt 46.2541 -52.9666 
vt 46.2294 -52.9551 
vt 46.2541 -52.9551 
vt 46.2541 -52.9945 
vt 46.2294 -52.9945 
vt 46.2541 -53.0223 
vt 46.2294 -53.0223 
vt 46.2294 -53.0521 
vt 46.2541 -53.0521 
vt 45.8438 -52.9145 
vt 45.9958 -52.9007 
vt 45.8478 -52.9007 
vt 46.0157 -52.9145 
vt 46.1902 -52.9145 
vt 46.2455 -52.9145 
vt 46.1995 -52.9007 
vt 46.2455 -52.9007 
vt 45.7868 -52.9666 
vt 45.8115 -52.9666 
vt 45.7868 -52.9551 
vt 45.8115 -52.9551 
vt 45.8115 -52.9945 
vt 45.7868 -52.9945 
vt 45.8115 -53.0223 
vt 45.7868 -53.0223 
vt 45.7868 -53.0521 
vt 45.8115 -53.0521 

usemtl Meshpart3Mtl

f 606/606/606 607/607/607 608/608/608 
f 608/608/608 607/607/607 609/609/609 
f 610/610/610 607/607/607 606/606/606 
f 610/610/610 611/611/611 607/607/607 
f 611/611/611 610/610/610 612/612/612 
f 612/612/612 610/610/610 613/613/613 
f 614/614/614 615/615/615 616/616/616 
f 615/615/615 614/614/614 617/617/617 
f 614/614/614 616/616/616 618/618/618 
f 615/615/615 619/619/619 616/616/616 
f 619/619/619 615/615/615 620/620/620 
f 619/619/619 621/621/621 616/616/616 
f 616/616/616 621/621/621 622/622/622 
f 621/621/621 619/619/619 623/623/623 
f 626/626/626 627/627/627 628/628/628 
f 627/627/627 626/626/626 629/629/629 
f 628/628/628 630/630/630 626/626/626 
f 630/630/630 631/631/631 626/626/626 
f 631/631/631 630/630/630 632/632/632 
f 630/630/630 628/628/628 633/633/633 
f 634/634/634 633/633/633 628/628/628 
f 633/633/633 634/634/634 635/635/635 
f 636/636/636 637/637/637 638/638/638 
f 637/637/637 636/636/636 639/639/639 
f 638/638/638 637/637/637 640/640/640 
f 640/640/640 637/637/637 641/641/641 
f 644/644/644 645/645/645 646/646/646 
f 645/645/645 644/644/644 647/647/647 
f 646/646/646 645/645/645 648/648/648 
f 648/648/648 645/645/645 649/649/649 
f 653/653/653 651/651/651 652/652/652 
f 651/651/651 653/653/653 654/654/654 
f 657/657/657 658/658/658 659/659/659 
f 658/658/658 657/657/657 660/660/660 
f 660/660/660 657/657/657 661/661/661 
f 660/660/660 662/662/662 658/658/658 
f 658/658/658 662/662/662 663/663/663 
f 662/662/662 660/660/660 664/664/664 
f 669/669/669 670/670/670 671/671/671 
f 670/670/670 669/669/669 672/672/672 
f 671/671/671 670/670/670 673/673/673 
f 673/673/673 670/670/670 674/674/674 
f 682/682/682 681/681/681 683/683/683 
f 683/683/683 684/684/684 682/682/682 
f 685/685/685 686/686/686 687/687/687 
f 686/686/686 685/685/685 688/688/688 
f 689/689/689 687/687/687 686/686/686 
f 687/687/687 689/689/689 690/690/690 
f 689/689/689 691/691/691 690/690/690 
f 691/691/691 689/689/689 692/692/692 
f 693/693/693 694/694/694 695/695/695 
f 694/694/694 693/693/693 696/696/696 
f 693/693/693 695/695/695 697/697/697 
f 694/694/694 698/698/698 695/695/695 
f 698/698/698 694/694/694 699/699/699 
f 698/698/698 700/700/700 695/695/695 
f 695/695/695 700/700/700 701/701/701 
f 700/700/700 698/698/698 702/702/702 
f 707/707/707 708/708/708 709/709/709 
f 713/713/713 709/709/709 708/708/708 
f 709/709/709 713/713/713 712/712/712 
f 711/711/711 712/712/712 713/713/713 
f 721/721/721 719/719/719 722/722/722 
f 722/722/722 724/724/724 721/721/721 
f 726/726/726 724/724/724 722/722/722 
f 725/725/725 723/723/723 727/727/727 
f 724/724/724 726/726/726 727/727/727 
f 727/727/727 726/726/726 725/725/725 
f 728/728/728 729/729/729 730/730/730 
f 731/731/731 730/730/730 729/729/729 
f 732/732/732 733/733/733 734/734/734 
f 733/733/733 732/732/732 735/735/735 
f 736/736/736 737/737/737 738/738/738 
f 737/737/737 736/736/736 739/739/739 
f 740/740/740 741/741/741 742/742/742 
f 743/743/743 742/742/742 741/741/741 
f 744/744/744 745/745/745 746/746/746 
f 744/744/744 746/746/746 747/747/747 
f 748/748/748 749/749/749 750/750/750 
f 749/749/749 748/748/748 751/751/751 
f 752/752/752 753/753/753 754/754/754 
f 752/752/752 754/754/754 755/755/755 
f 753/753/753 756/756/756 754/754/754 
f 754/754/754 756/756/756 757/757/757 
f 758/758/758 757/757/757 756/756/756 
f 757/757/757 758/758/758 759/759/759 
f 763/763/763 762/762/762 764/764/764 
f 763/763/763 764/764/764 766/766/766 
f 768/768/768 769/769/769 770/770/770 
f 768/768/768 770/770/770 771/771/771 
f 778/778/778 779/779/779 780/780/780 
f 779/779/779 781/781/781 780/780/780 
f 780/780/780 781/781/781 783/783/783 
f 781/781/781 785/785/785 783/783/783 
f 790/790/790 789/789/789 788/788/788 
f 790/790/790 791/791/791 789/789/789 
f 792/792/792 791/791/791 790/790/790 
f 792/792/792 793/793/793 791/791/791 
f 794/794/794 795/795/795 796/796/796 
f 794/794/794 796/796/796 797/797/797 
f 798/798/798 799/799/799 800/800/800 
f 800/800/800 799/799/799 801/801/801 
f 804/804/804 803/803/803 802/802/802 
f 804/804/804 805/805/805 803/803/803 
f 806/806/806 805/805/805 804/804/804 
f 806/806/806 807/807/807 805/805/805 
f 808/808/808 809/809/809 810/810/810 
f 809/809/809 811/811/811 810/810/810 
f 810/810/810 811/811/811 812/812/812 
f 811/811/811 813/813/813 812/812/812 
f 814/814/814 815/815/815 816/816/816 
f 815/815/815 814/814/814 817/817/817 
f 818/818/818 819/819/819 820/820/820 
f 819/819/819 821/821/821 820/820/820 
f 820/820/820 821/821/821 823/823/823 
f 821/821/821 824/824/824 823/823/823 
f 826/826/826 827/827/827 828/828/828 
f 829/829/829 828/828/828 827/827/827 
f 826/826/826 828/828/828 830/830/830 
f 831/831/831 829/829/829 827/827/827 
f 830/830/830 832/832/832 826/826/826 
f 829/829/829 831/831/831 833/833/833 
f 834/834/834 832/832/832 830/830/830 
f 832/832/832 834/834/834 835/835/835 
f 839/839/839 840/840/840 838/838/838 
f 840/840/840 839/839/839 841/841/841 
f 841/841/841 842/842/842 840/840/840 
f 842/842/842 841/841/841 843/843/843 
f 853/853/853 854/854/854 855/855/855 
f 856/856/856 855/855/855 854/854/854 
f 855/855/855 856/856/856 857/857/857 
f 858/858/858 857/857/857 856/856/856 
f 859/859/859 860/860/860 861/861/861 
f 860/860/860 859/859/859 862/862/862 
f 861/861/861 860/860/860 863/863/863 
f 863/863/863 860/860/860 864/864/864 
f 865/865/865 866/866/866 867/867/867 
f 866/866/866 868/868/868 867/867/867 
f 869/869/869 866/866/866 865/865/865 
f 870/870/870 869/869/869 865/865/865 
f 873/873/873 872/872/872 871/871/871 
f 873/873/873 874/874/874 872/872/872 
f 875/875/875 874/874/874 873/873/873 
f 873/873/873 876/876/876 875/875/875 
f 878/878/878 875/875/875 876/876/876 
f 878/878/878 877/877/877 875/875/875 
f 879/879/879 880/880/880 881/881/881 
f 882/882/882 881/881/881 880/880/880 
f 881/881/881 883/883/883 879/879/879 
f 884/884/884 879/879/879 883/883/883 
f 883/883/883 885/885/885 884/884/884 
f 886/886/886 880/880/880 879/879/879 
f 879/879/879 887/887/887 886/886/886 
f 879/879/879 888/888/888 887/887/887 
f 887/887/887 889/889/889 886/886/886 
f 889/889/889 880/880/880 886/886/886 
f 887/887/887 888/888/888 890/890/890 
f 888/888/888 891/891/891 890/890/890 
f 888/888/888 892/892/892 891/891/891 
f 880/880/880 891/891/891 892/892/892 
f 893/893/893 880/880/880 889/889/889 
f 891/891/891 880/880/880 894/894/894 
f 880/880/880 893/893/893 895/895/895 
f 893/893/893 894/894/894 895/895/895 
f 894/894/894 880/880/880 895/895/895 
f 896/896/896 884/884/884 885/885/885 
f 897/897/897 884/884/884 896/896/896 
f 897/897/897 896/896/896 898/898/898 
f 896/896/896 899/899/899 898/898/898 
f 884/884/884 897/897/897 900/900/900 
f 899/899/899 896/896/896 901/901/901 
f 901/901/901 902/902/902 899/899/899 
f 901/901/901 903/903/903 902/902/902 
f 904/904/904 902/902/902 903/903/903 
f 905/905/905 904/904/904 903/903/903 
f 904/904/904 905/905/905 906/906/906 
f 907/907/907 906/906/906 905/905/905 
f 905/905/905 884/884/884 907/907/907 
f 884/884/884 900/900/900 908/908/908 
f 908/908/908 907/907/907 909/909/909 
f 907/907/907 884/884/884 909/909/909 
f 884/884/884 908/908/908 909/909/909 
f 912/912/912 913/913/913 911/911/911 
f 913/913/913 912/912/912 914/914/914 
f 914/914/914 915/915/915 913/913/913 
f 915/915/915 914/914/914 916/916/916 
f 917/917/917 918/918/918 919/919/919 
f 917/917/917 919/919/919 921/921/921 
f 921/921/921 919/919/919 922/922/922 
f 921/921/921 922/922/922 923/923/923 
f 926/926/926 927/927/927 928/928/928 
f 926/926/926 928/928/928 929/929/929 
f 929/929/929 928/928/928 930/930/930 
f 929/929/929 930/930/930 931/931/931 
f 937/937/937 938/938/938 936/936/936 
f 938/938/938 937/937/937 939/939/939 
f 939/939/939 940/940/940 938/938/938 
f 940/940/940 939/939/939 941/941/941 
f 942/942/942 940/940/940 941/941/941 
f 942/942/942 943/943/943 940/940/940 
f 944/944/944 945/945/945 946/946/946 
f 944/944/944 946/946/946 947/947/947 
f 948/948/948 949/949/949 950/950/950 
f 950/950/950 949/949/949 951/951/951 
f 953/953/953 954/954/954 952/952/952 
f 954/954/954 953/953/953 955/955/955 
f 955/955/955 956/956/956 954/954/954 
f 956/956/956 955/955/955 957/957/957 
f 958/958/958 956/956/956 957/957/957 
f 958/958/958 959/959/959 956/956/956 
f 960/960/960 961/961/961 962/962/962 
f 963/963/963 962/962/962 961/961/961 
f 961/961/961 960/960/960 964/964/964 
f 961/961/961 965/965/965 963/963/963 
f 960/960/960 966/966/966 964/964/964 
f 967/967/967 963/963/963 965/965/965 
f 960/960/960 968/968/968 966/966/966 
f 963/963/963 967/967/967 969/969/969 
f 970/970/970 966/966/966 968/968/968 
f 971/971/971 969/969/969 967/967/967 
f 966/966/966 970/970/970 972/972/972 
f 971/971/971 967/967/967 973/973/973 
f 970/970/970 974/974/974 972/972/972 
f 974/974/974 971/971/971 973/973/973 
f 974/974/974 970/970/970 975/975/975 
f 971/971/971 974/974/974 975/975/975 
f 976/976/976 979/979/979 977/977/977 
f 980/980/980 976/976/976 978/978/978 
f 980/980/980 979/979/979 976/976/976 
f 982/982/982 980/980/980 981/981/981 
f 980/980/980 982/982/982 979/979/979 
f 979/979/979 982/982/982 983/983/983 
f 987/987/987 988/988/988 989/989/989 
f 988/988/988 987/987/987 990/990/990 
f 989/989/989 988/988/988 991/991/991 
f 992/992/992 987/987/987 989/989/989 
f 987/987/987 992/992/992 993/993/993 
f 994/994/994 992/992/992 989/989/989 
f 992/992/992 994/994/994 995/995/995 
f 994/994/994 989/989/989 996/996/996 
f 997/997/997 998/998/998 999/999/999 
f 999/999/999 998/998/998 1000/1000/1000 
f 1000/1000/1000 1001/1001/1001 999/999/999 
f 1002/1002/1002 999/999/999 1001/1001/1001 
f 1002/1002/1002 1001/1001/1001 1003/1003/1003 
f 1001/1001/1001 1000/1000/1000 1004/1004/1004 
f 1004/1004/1004 1000/1000/1000 1005/1005/1005 
f 1006/1006/1006 1004/1004/1004 1005/1005/1005 
f 1007/1007/1007 1008/1008/1008 1009/1009/1009 
f 1009/1009/1009 1008/1008/1008 1010/1010/1010 
f 1011/1011/1011 1008/1008/1008 1007/1007/1007 
f 1008/1008/1008 1011/1011/1011 1012/1012/1012 
f 1013/1013/1013 1014/1014/1014 1015/1015/1015 
f 1014/1014/1014 1013/1013/1013 1016/1016/1016 
f 1027/1027/1027 1028/1028/1028 1029/1029/1029 
f 1028/1028/1028 1027/1027/1027 1030/1030/1030 
f 1030/1030/1030 1027/1027/1027 1031/1031/1031 
f 1030/1030/1030 1032/1032/1032 1028/1028/1028 
f 1028/1028/1028 1032/1032/1032 1033/1033/1033 
f 1032/1032/1032 1030/1030/1030 1034/1034/1034 
f 1036/1036/1036 1037/1037/1037 1038/1038/1038 
f 1037/1037/1037 1039/1039/1039 1038/1038/1038 
f 1044/1044/1044 1045/1045/1045 1046/1046/1046 
f 1046/1046/1046 1045/1045/1045 1047/1047/1047 
f 1048/1048/1048 1045/1045/1045 1044/1044/1044 
f 1045/1045/1045 1048/1048/1048 1049/1049/1049 
f 1053/1053/1053 1052/1052/1052 1054/1054/1054 
f 1054/1054/1054 1052/1052/1052 1055/1055/1055 
f 1057/1057/1057 1058/1058/1058 1059/1059/1059 
f 1059/1059/1059 1058/1058/1058 1060/1060/1060 
f 1061/1061/1061 1058/1058/1058 1057/1057/1057 
f 1058/1058/1058 1061/1061/1061 1062/1062/1062 
f 1063/1063/1063 1064/1064/1064 1065/1065/1065 
f 1064/1064/1064 1063/1063/1063 1066/1066/1066 
f 1065/1065/1065 1064/1064/1064 1067/1067/1067 
f 1068/1068/1068 1063/1063/1063 1065/1065/1065 
f 1063/1063/1063 1068/1068/1068 1069/1069/1069 
f 1070/1070/1070 1068/1068/1068 1065/1065/1065 
f 1068/1068/1068 1070/1070/1070 1071/1071/1071 
f 1070/1070/1070 1065/1065/1065 1072/1072/1072 
f 1073/1073/1073 1074/1074/1074 1075/1075/1075 
f 1076/1076/1076 1075/1075/1075 1074/1074/1074 
f 1075/1075/1075 1076/1076/1076 1077/1077/1077 
f 1077/1077/1077 1076/1076/1076 1078/1078/1078 
f 1077/1077/1077 1078/1078/1078 1079/1079/1079 
f 1079/1079/1079 1080/1080/1080 1077/1077/1077 
f 1086/1086/1086 1087/1087/1087 1085/1085/1085 
f 1087/1087/1087 1086/1086/1086 1088/1088/1088 
f 1088/1088/1088 1089/1089/1089 1087/1087/1087 
f 1089/1089/1089 1088/1088/1088 1090/1090/1090 
f 1101/1101/1101 1100/1100/1100 1102/1102/1102 
f 1102/1102/1102 1100/1100/1100 1103/1103/1103 
f 1106/1106/1106 1107/1107/1107 1108/1108/1108 
f 1106/1106/1106 1108/1108/1108 1109/1109/1109 
f 1110/1110/1110 1111/1111/1111 1112/1112/1112 
f 1112/1112/1112 1111/1111/1111 1113/1113/1113 
f 1116/1116/1116 1117/1117/1117 1118/1118/1118 
f 1117/1117/1117 1116/1116/1116 1119/1119/1119 
f 1123/1123/1123 1122/1122/1122 1124/1124/1124 
f 1123/1123/1123 1124/1124/1124 1125/1125/1125 
f 1137/1137/1137 1139/1139/1139 1135/1135/1135 
f 1139/1139/1139 1137/1137/1137 1141/1141/1141 
f 1141/1141/1141 1142/1142/1142 1139/1139/1139 
f 1142/1142/1142 1141/1141/1141 1140/1140/1140 
f 1145/1145/1145 1144/1144/1144 1143/1143/1143 
f 1145/1145/1145 1146/1146/1146 1144/1144/1144 
f 1147/1147/1147 1146/1146/1146 1145/1145/1145 
f 1147/1147/1147 1148/1148/1148 1146/1146/1146 
f 1151/1151/1151 1150/1150/1150 1149/1149/1149 
f 1151/1151/1151 1152/1152/1152 1150/1150/1150 
f 1153/1153/1153 1152/1152/1152 1151/1151/1151 
f 1153/1153/1153 1154/1154/1154 1152/1152/1152 
f 1155/1155/1155 1157/1157/1157 1156/1156/1156 
f 1157/1157/1157 1155/1155/1155 1159/1159/1159 
f 1159/1159/1159 1158/1158/1158 1157/1157/1157 
f 1158/1158/1158 1159/1159/1159 1160/1160/1160 
f 1164/1164/1164 1166/1166/1166 1165/1165/1165 
f 1166/1166/1166 1164/1164/1164 1168/1168/1168 
f 1168/1168/1168 1167/1167/1167 1166/1166/1166 
f 1167/1167/1167 1168/1168/1168 1169/1169/1169 
f 1174/1174/1174 1171/1171/1171 1172/1172/1172 
f 1171/1171/1171 1174/1174/1174 1176/1176/1176 
f 1173/1173/1173 1177/1177/1177 1175/1175/1175 
f 1178/1178/1178 1176/1176/1176 1174/1174/1174 
f 1178/1178/1178 1177/1177/1177 1173/1173/1173 
f 1178/1178/1178 1174/1174/1174 1177/1177/1177 
f 1181/1181/1181 1182/1182/1182 1183/1183/1183 
f 1182/1182/1182 1181/1181/1181 1184/1184/1184 
f 1184/1184/1184 1185/1185/1185 1182/1182/1182 
f 1185/1185/1185 1184/1184/1184 1186/1186/1186 
f 1196/1196/1196 1197/1197/1197 1198/1198/1198 
f 1197/1197/1197 1196/1196/1196 1199/1199/1199 
f 1199/1199/1199 1200/1200/1200 1197/1197/1197 
f 1200/1200/1200 1199/1199/1199 1201/1201/1201 
f 1202/1202/1202 1203/1203/1203 1204/1204/1204 
f 1203/1203/1203 1202/1202/1202 1205/1205/1205 
f 1206/1206/1206 1202/1202/1202 1204/1204/1204 
f 1202/1202/1202 1206/1206/1206 1207/1207/1207 
f 1208/1208/1208 1209/1209/1209 1210/1210/1210 
f 1209/1209/1209 1208/1208/1208 1211/1211/1211 
f 1211/1211/1211 1212/1212/1212 1209/1209/1209 
f 1212/1212/1212 1211/1211/1211 1213/1213/1213 
f 1214/1214/1214 1215/1215/1215 1216/1216/1216 
f 1215/1215/1215 1214/1214/1214 1217/1217/1217 
f 1214/1214/1214 1218/1218/1218 1217/1217/1217 
f 1218/1218/1218 1214/1214/1214 1219/1219/1219 
f 1218/1218/1218 1219/1219/1219 1220/1220/1220 
f 1218/1218/1218 1220/1220/1220 1221/1221/1221 
f 1222/1222/1222 1223/1223/1223 1224/1224/1224 
f 1223/1223/1223 1222/1222/1222 1225/1225/1225 
f 1226/1226/1226 1224/1224/1224 1223/1223/1223 
f 1224/1224/1224 1226/1226/1226 1227/1227/1227 
f 1228/1228/1228 1227/1227/1227 1226/1226/1226 
f 1227/1227/1227 1228/1228/1228 1229/1229/1229 
f 1229/1229/1229 1230/1230/1230 1227/1227/1227 
f 1231/1231/1231 1227/1227/1227 1230/1230/1230 
f 1227/1227/1227 1231/1231/1231 1232/1232/1232 
f 1233/1233/1233 1231/1231/1231 1230/1230/1230 
f 1229/1229/1229 1233/1233/1233 1230/1230/1230 
f 1232/1232/1232 1231/1231/1231 1234/1234/1234 
f 1235/1235/1235 1232/1232/1232 1234/1234/1234 
f 1236/1236/1236 1232/1232/1232 1235/1235/1235 
f 1229/1229/1229 1236/1236/1236 1235/1235/1235 
f 1233/1233/1233 1229/1229/1229 1237/1237/1237 
f 1238/1238/1238 1229/1229/1229 1235/1235/1235 
f 1237/1237/1237 1229/1229/1229 1239/1239/1239 
f 1229/1229/1229 1238/1238/1238 1239/1239/1239 
f 1238/1238/1238 1237/1237/1237 1239/1239/1239 
f 1224/1224/1224 1240/1240/1240 1241/1241/1241 
f 1242/1242/1242 1224/1224/1224 1241/1241/1241 
f 1240/1240/1240 1224/1224/1224 1243/1243/1243 
f 1244/1244/1244 1240/1240/1240 1243/1243/1243 
f 1224/1224/1224 1244/1244/1244 1243/1243/1243 
f 1245/1245/1245 1244/1244/1244 1224/1224/1224 
f 1244/1244/1244 1245/1245/1245 1246/1246/1246 
f 1246/1246/1246 1245/1245/1245 1247/1247/1247 
f 1248/1248/1248 1246/1246/1246 1247/1247/1247 
f 1247/1247/1247 1249/1249/1249 1248/1248/1248 
f 1247/1247/1247 1250/1250/1250 1249/1249/1249 
f 1250/1250/1250 1251/1251/1251 1249/1249/1249 
f 1250/1250/1250 1222/1222/1222 1251/1251/1251 
f 1224/1224/1224 1242/1242/1242 1222/1222/1222 
f 1222/1222/1222 1252/1252/1252 1251/1251/1251 
f 1242/1242/1242 1252/1252/1252 1253/1253/1253 
f 1252/1252/1252 1222/1222/1222 1253/1253/1253 
f 1222/1222/1222 1242/1242/1242 1253/1253/1253 
f 1255/1255/1255 1257/1257/1257 1256/1256/1256 
f 1257/1257/1257 1255/1255/1255 1258/1258/1258 
f 1258/1258/1258 1259/1259/1259 1257/1257/1257 
f 1259/1259/1259 1258/1258/1258 1260/1260/1260 
f 1264/1264/1264 1263/1263/1263 1262/1262/1262 
f 1264/1264/1264 1266/1266/1266 1263/1263/1263 
f 1268/1268/1268 1266/1266/1266 1264/1264/1264 
f 1268/1268/1268 1267/1267/1267 1266/1266/1266 
f 1273/1273/1273 1272/1272/1272 1271/1271/1271 
f 1273/1273/1273 1274/1274/1274 1272/1272/1272 
f 1276/1276/1276 1274/1274/1274 1273/1273/1273 
f 1276/1276/1276 1275/1275/1275 1274/1274/1274 
f 1277/1277/1277 1281/1281/1281 1278/1278/1278 
f 1281/1281/1281 1277/1277/1277 1282/1282/1282 
f 1282/1282/1282 1283/1283/1283 1281/1281/1281 
f 1283/1283/1283 1282/1282/1282 1284/1284/1284 
f 1284/1284/1284 1285/1285/1285 1283/1283/1283 
f 1283/1283/1283 1285/1285/1285 1286/1286/1286 
f 1287/1287/1287 1288/1288/1288 1289/1289/1289 
f 1288/1288/1288 1287/1287/1287 1290/1290/1290 
f 1291/1291/1291 1292/1292/1292 1293/1293/1293 
f 1294/1294/1294 1293/1293/1293 1292/1292/1292 
f 1295/1295/1295 1299/1299/1299 1296/1296/1296 
f 1299/1299/1299 1295/1295/1295 1300/1300/1300 
f 1300/1300/1300 1301/1301/1301 1299/1299/1299 
f 1301/1301/1301 1300/1300/1300 1302/1302/1302 
f 1303/1303/1303 1301/1301/1301 1302/1302/1302 
f 1301/1301/1301 1303/1303/1303 1304/1304/1304 

g Body
# 13236207101

v -549.81 4.79287 0.0493087 
v -550.16 4.79287 0.0493087 
v -550.173 6.11253 -0.119595 
v -549.797 5.85001 -0.119595 
v -549.797 6.11253 -0.119595 
v -550.173 5.85001 -0.119595 
v -550.16 5.90581 -0.221933 
v -549.81 4.98335 0.00288665 
v -549.81 5.90581 -0.221933 
v -550.16 4.98335 0.00288665 
v -550.16 4.91986 0.0183607 
v -549.81 4.91986 0.0183607 
v -550.16 4.79287 0.0493087 
v -549.81 4.79287 0.0493087 
v -549.81 5.95644 -1.98348 
v -549.81 6.11548 -1.90019 
v -550.16 5.95644 -1.98348 
v -550.16 6.11548 -1.90019 
v -549.81 6.11548 -1.90019 
v -549.897 5.9175 -2.00534 
v -549.81 5.95644 -1.98348 
v -550.16 6.11548 -1.90019 
v -550.073 5.9175 -2.00534 
v -550.16 5.95644 -1.98348 
v -549.811 6.34888 -0.0105172 
v -550.16 6.34888 0.512645 
v -549.811 6.34888 0.512645 
v -550.16 6.34888 -0.0105172 
v -550.16 6.34888 0.774227 
v -549.811 6.34888 0.774227 
v -549.811 6.34888 1.03581 
v -550.16 6.34888 1.03581 
v -549.797 6.11253 -0.119595 
v -549.797 6.11253 -1.82825 
v -550.173 6.11253 -1.82825 
v -550.173 6.11253 -0.119595 
v -549.81 6.11548 -1.90019 
v -550.16 6.11548 -1.90019 
v -550.16 5.98545 -0.0105172 
v -550.271 6.29522 -3.55431 
v -550.187 6.49759 -0.115443 
v -550.187 6.49759 -3.55431 
v -549.783 6.09286 -0.115443 
v -549.985 6.58141 -0.115443 
v -549.699 6.29522 -3.55431 
v -549.985 6.58141 -3.55431 
v -549.783 6.49759 -0.115443 
v -549.783 6.49759 -3.55431 
v -550.16 5.95644 -3.55436 
v -550.16 4.79287 0.0493087 
v -550.16 4.63172 -0.611915 
v -550.16 5.90581 -0.221933 
v -550.16 4.98335 0.00288665 
v -549.811 6.34888 -0.0105172 
v -550.16 6.34888 0.512645 
v -549.811 6.34888 1.03581 
v -550.16 6.34888 1.03581 
v -550.173 5.68731 -1.2587 
v -550.173 6.11253 -0.119595 
v -550.173 5.68731 -0.689147 
v -550.173 5.85001 -0.119595 
v -550.173 5.68731 -1.2587 
v -550.173 6.11253 -1.82825 
v -550.173 5.85001 -1.82825 
v -550.16 5.90581 -0.221933 
v -550.16 4.83767 -0.594845 
v -550.16 4.98335 0.00288665 
v -550.16 5.76013 -0.819665 
v -550.16 4.91986 0.0183607 
v -550.16 4.7587 -0.642863 
v -550.16 4.63172 -0.611915 
v -550.16 4.79287 0.0493087 
v -550.16 5.95644 -1.98348 
v -550.16 6.11548 -3.55436 
v -550.16 5.95644 -3.55436 
v -550.16 6.11548 -1.90019 
v -550.16 5.86214 0.657625 
v -550.16 6.34888 1.03581 
v -550.16 6.34888 0.774227 
v -550.16 5.60248 1.03581 
v -550.16 6.34888 0.512645 
v -550.16 5.98526 0.285381 
v -550.16 6.34888 -0.0105172 
v -550.16 5.98545 -0.0105172 
v -550.16 5.60248 1.03581 
v -550.16 5.86214 0.657625 
v -550.103 5.78891 0.640083 
v -550.103 5.51719 1.03581 
v -550.16 5.98526 0.285381 
v -550.103 5.91962 0.244357 
v -550.16 5.98545 -0.0105172 
v -550.103 5.91962 -0.0105172 
v -549.867 5.91962 0.244357 
v -549.867 5.51719 1.03581 
v -550.187 6.09286 -3.55431 
v -550.187 6.09286 -0.115443 
v -550.271 6.29522 -0.115443 
v -550.271 6.29522 -3.55431 
v -549.985 6.00904 -0.115443 
v -550.187 6.49759 -0.115443 
v -550.187 6.49759 -3.55431 
v -549.897 5.9175 -3.55436 
v -549.81 6.11548 -3.55436 
v -549.81 5.95644 -3.55436 
v -550.073 5.9175 -3.55436 
v -550.16 6.11548 -3.55436 
v -550.16 5.95644 -3.55436 
v -549.81 4.63172 -0.611915 
v -550.16 4.63172 -0.611915 
v -549.797 6.11253 -1.82825 
v -549.797 5.85001 -1.82825 
v -550.173 5.85001 -1.82825 
v -550.173 6.11253 -1.82825 
v -550.173 5.68731 -0.689147 
v -549.81 5.76013 -0.819665 
v -549.81 4.63172 -0.611915 
v -550.16 4.7587 -0.642863 
v -549.81 4.7587 -0.642863 
v -550.16 4.63172 -0.611915 
v -549.81 5.76013 -0.819665 
v -549.81 4.83767 -0.594845 
v -550.16 4.83767 -0.594845 
v -550.16 5.76013 -0.819665 
v -549.81 4.7587 -0.642863 
v -550.16 4.83767 -0.594845 
v -549.81 4.83767 -0.594845 
v -550.16 4.7587 -0.642863 
v -549.81 5.95644 -3.55436 
v -550.16 5.95644 -3.55436 
v -549.81 4.63172 -0.611915 
v -549.81 4.79287 0.0493087 
v -550.16 4.79287 0.0493087 
v -550.16 4.63172 -0.611915 
v -549.797 5.85001 -1.82825 
v -549.797 5.68731 -1.2587 
v -550.173 5.68731 -1.2587 
v -550.173 5.85001 -1.82825 
v -550.173 5.68731 -0.689147 
v -549.81 5.76013 -0.819665 
v -549.81 5.95644 -1.98348 
v -549.81 6.11548 -1.90019 
v -550.16 5.95644 -1.98348 
v -550.16 6.11548 -1.90019 
v -549.811 5.60248 1.03581 
v -549.811 5.86214 0.657625 
v -550.16 5.86214 0.657625 
v -550.16 5.98545 -0.0105172 
v -549.797 5.68731 -0.689147 
v -549.797 5.85001 -0.119595 
v -550.173 5.85001 -0.119595 
v -550.173 5.68731 -0.689147 
v -549.797 5.68731 -1.2587 
v -549.797 5.68731 -0.689147 
v -550.173 5.68731 -0.689147 
v -550.173 5.68731 -1.2587 
v -549.81 5.95644 -3.55436 
v -549.897 5.9175 -2.00534 
v -549.897 5.9175 -3.55436 
v -549.81 5.95644 -1.98348 
v -550.16 5.95644 -1.98348 
v -550.16 5.95644 -3.55436 
v -550.073 5.9175 -2.00534 
v -550.073 5.9175 -3.55436 
v -549.897 5.9175 -2.00534 
v -550.073 5.9175 -3.55436 
v -549.897 5.9175 -3.55436 
v -550.073 5.9175 -2.00534 
v -550.103 5.51719 1.03581 
v -549.867 5.91962 0.244357 
v -549.867 5.78891 0.640083 
v -550.103 5.78891 0.640083 
v -550.103 5.51719 1.03581 
v -549.867 5.51719 1.03581 
v -550.103 5.91962 0.244357 
v -549.867 5.91962 -0.0105172 
v -550.103 5.91962 -0.0105172 
v -550.187 6.09286 -3.55431 
v -550.187 6.09286 -0.115443 
v -550.271 6.29522 -0.115443 
v -549.985 6.00904 -3.55431 
v -550.271 6.29522 -3.55431 
v -549.985 6.00904 -0.115443 
v -549.783 6.09286 -3.55431 
v -549.783 6.09286 -0.115443 
v -549.81 5.95644 -3.55436 
v -549.81 4.63172 -0.611915 
v -549.81 4.79287 0.0493087 
v -550.16 4.79287 0.0493087 
v -550.16 4.63172 -0.611915 
v -549.81 4.98335 0.00288665 
v -549.81 5.90581 -0.221933 
v -549.811 6.34888 -0.0105172 
v -549.811 6.34888 0.512645 
v -549.811 6.34888 1.03581 
v -549.797 5.68731 -1.2587 
v -549.797 5.68731 -0.689147 
v -549.797 6.11253 -1.82825 
v -549.797 6.11253 -0.119595 
v -549.797 5.85001 -0.119595 
v -549.797 5.68731 -1.2587 
v -549.797 5.85001 -1.82825 
v -549.81 5.90581 -0.221933 
v -549.81 4.83767 -0.594845 
v -549.81 5.76013 -0.819665 
v -549.81 4.98335 0.00288665 
v -549.81 4.91986 0.0183607 
v -549.81 4.7587 -0.642863 
v -549.81 4.63172 -0.611915 
v -549.81 4.79287 0.0493087 
v -549.81 5.95644 -1.98348 
v -549.81 6.11548 -3.55436 
v -549.81 6.11548 -1.90019 
v -549.81 5.95644 -3.55436 
v -549.811 6.34888 1.03581 
v -549.811 5.60248 1.03581 
v -549.811 5.86214 0.657625 
v -549.811 6.34888 0.774227 
v -549.811 6.34888 0.512645 
v -549.811 5.98526 0.285381 
v -549.811 6.34888 -0.0105172 
v -549.811 5.98545 -0.0105172 
v -549.811 5.98545 -0.0105172 
v -549.811 5.98526 0.285381 
v -549.867 5.91962 0.244357 
v -549.867 5.91962 -0.0105172 
v -549.867 5.78891 0.640083 
v -549.811 5.86214 0.657625 
v -549.811 5.60248 1.03581 
v -549.867 5.51719 1.03581 
v -549.985 6.00904 -3.55431 
v -549.985 6.00904 -0.115443 
v -549.783 6.09286 -3.55431 
v -549.783 6.09286 -0.115443 
v -549.985 6.58141 -0.115443 
v -549.699 6.29522 -3.55431 
v -549.699 6.29522 -0.115443 
v -549.783 6.49759 -0.115443 
v -549.783 6.49759 -3.55431 

vn 0 -0.968504 0.23622 
vn 0 -0.968504 0.23622 
vn 0 0 1 
vn 0 0 1 
vn 0 0 1 
vn 0 0 1 
vn 0 0.23622 0.968504 
vn 0 0.23622 0.968504 
vn 0 0.23622 0.968504 
vn 0 0.23622 0.968504 
vn 0 0.23622 0.968504 
vn 0 0.23622 0.968504 
vn 0 0.23622 0.968504 
vn 0 0.23622 0.968504 
vn 1 0 0 
vn 1 0 0 
vn -1 0 0 
vn -1 0 0 
vn 0 -0.464567 0.88189 
vn 0 -0.464567 0.88189 
vn 0 -0.464567 0.88189 
vn 0 -0.464567 0.88189 
vn 0 -0.464567 0.88189 
vn 0 -0.464567 0.88189 
vn 0 1 0 
vn 0 1 0 
vn 0 1 0 
vn 0 1 0 
vn 0 1 0 
vn 0 1 0 
vn 0 1 0 
vn 0 1 0 
vn 0 1 0 
vn 0 1 0 
vn 0 1 0 
vn 0 1 0 
vn 1 0 0 
vn -1 0 0 
vn -1 0 0 
vn -1 0 0 
vn -0.708661 0.708661 0 
vn -0.708661 0.708661 0 
vn 0.708661 -0.708661 0 
vn 0 1 0 
vn 1 0 0 
vn 0 1 0 
vn 0.708661 0.708661 0 
vn 0.708661 0.708661 0 
vn 0 0 -1 
vn 0 -0.968504 0.23622 
vn 0 -0.968504 0.23622 
vn 0 0.23622 0.968504 
vn 0 0.23622 0.968504 
vn 0 1 0 
vn 0 1 0 
vn 0 1 0 
vn 0 1 0 
vn 0 -0.96063 -0.275591 
vn -1 0 0 
vn -1 0 0 
vn -1 0 0 
vn -1 0 0 
vn -1 0 0 
vn -1 0 0 
vn -1 0 0 
vn -1 0 0 
vn -1 0 0 
vn -1 0 0 
vn -1 0 0 
vn -1 0 0 
vn -1 0 0 
vn -1 0 0 
vn -1 0 0 
vn -1 0 0 
vn -1 0 0 
vn -1 0 0 
vn -1 0 0 
vn -1 0 0 
vn -1 0 0 
vn -1 0 0 
vn -1 0 0 
vn -1 0 0 
vn -1 0 0 
vn -1 0 0 
vn -0.779528 -0.519685 -0.354331 
vn -0.795276 -0.551181 -0.259843 
vn -0.795276 -0.543307 -0.283465 
vn -0.779528 -0.519685 -0.354331 
vn -0.787402 -0.606299 -0.11811 
vn -0.779528 -0.622047 -0.0787402 
vn -0.755906 -0.653543 0 
vn -0.755906 -0.653543 0 
vn 0.779528 -0.622047 -0.0787402 
vn 0.779528 -0.519685 -0.354331 
vn -0.708661 -0.708661 0 
vn -0.708661 -0.708661 0 
vn -1 0 0 
vn -1 0 0 
vn 0 -1 0 
vn -0.708661 0.708661 0 
vn -0.708661 0.708661 0 
vn 0 0 -1 
vn 0 0 -1 
vn 0 0 -1 
vn 0 0 -1 
vn 0 0 -1 
vn 0 0 -1 
vn 0 -0.968504 0.23622 
vn 0 -0.968504 0.23622 
vn 0 0 -1 
vn 0 0 -1 
vn 0 0 -1 
vn 0 0 -1 
vn -1 0 0 
vn 1 0 0 
vn 0 -0.23622 -0.968504 
vn 0 -0.23622 -0.968504 
vn 0 -0.23622 -0.968504 
vn 0 -0.23622 -0.968504 
vn 0 -0.23622 -0.968504 
vn 0 -0.23622 -0.968504 
vn 0 -0.23622 -0.968504 
vn 0 -0.23622 -0.968504 
vn 0 0.519685 -0.858268 
vn 0 0.519685 -0.858268 
vn 0 0.519685 -0.858268 
vn 0 0.519685 -0.858268 
vn 0 0 -1 
vn 0 0 -1 
vn 0 -0.968504 0.23622 
vn 0 -0.968504 0.23622 
vn 0 -0.968504 0.23622 
vn 0 -0.968504 0.23622 
vn 0 -0.96063 -0.275591 
vn 0 -0.96063 -0.275591 
vn 0 -0.96063 -0.275591 
vn 0 -0.96063 -0.275591 
vn -1 0 0 
vn 1 0 0 
vn 1 0 0 
vn 1 0 0 
vn -1 0 0 
vn -1 0 0 
vn 1 0 0 
vn 1 0 0 
vn -1 0 0 
vn -1 0 0 
vn 0 -0.96063 0.275591 
vn 0 -0.96063 0.275591 
vn 0 -0.96063 0.275591 
vn 0 -0.96063 0.275591 
vn 0 -1 0 
vn 0 -1 0 
vn 0 -1 0 
vn 0 -1 0 
vn 0.409449 -0.913386 0 
vn 0.409449 -0.913386 0 
vn 0.409449 -0.913386 0 
vn 0.409449 -0.913386 0 
vn -0.409449 -0.913386 0 
vn -0.409449 -0.913386 0 
vn -0.409449 -0.913386 0 
vn -0.409449 -0.913386 0 
vn 0 -1 0 
vn 0 -1 0 
vn 0 -1 0 
vn 0 -1 0 
vn -0.779528 -0.519685 -0.354331 
vn 0 -0.984252 -0.15748 
vn 0 -0.897638 -0.440945 
vn 0 -0.897638 -0.440945 
vn 0 -0.826772 -0.566929 
vn 0 -0.826772 -0.566929 
vn 0 -0.984252 -0.15748 
vn 0 -1 0 
vn 0 -1 0 
vn -0.708661 -0.708661 0 
vn -0.708661 -0.708661 0 
vn -1 0 0 
vn 0 -1 0 
vn -1 0 0 
vn 0 -1 0 
vn 0.708661 -0.708661 0 
vn 0.708661 -0.708661 0 
vn 0 0 -1 
vn 0 -0.968504 0.23622 
vn 0 -0.968504 0.23622 
vn 0 -0.968504 0.23622 
vn 0 -0.968504 0.23622 
vn 0 0.23622 0.968504 
vn 0 0.23622 0.968504 
vn 0 1 0 
vn 0 1 0 
vn 0 1 0 
vn 0 -0.96063 -0.275591 
vn 1 0 0 
vn 1 0 0 
vn 1 0 0 
vn 1 0 0 
vn 1 0 0 
vn 1 0 0 
vn 1 0 0 
vn 1 0 0 
vn 1 0 0 
vn 1 0 0 
vn 1 0 0 
vn 1 0 0 
vn 1 0 0 
vn 1 0 0 
vn 1 0 0 
vn 1 0 0 
vn 1 0 0 
vn 1 0 0 
vn 1 0 0 
vn 1 0 0 
vn 1 0 0 
vn 1 0 0 
vn 1 0 0 
vn 1 0 0 
vn 1 0 0 
vn 1 0 0 
vn 0.755906 -0.653543 0 
vn 0.787402 -0.606299 -0.11811 
vn 0.779528 -0.622047 -0.0787402 
vn 0.755906 -0.653543 0 
vn 0.795276 -0.543307 -0.283465 
vn 0.795276 -0.551181 -0.259843 
vn 0.779528 -0.519685 -0.354331 
vn 0.779528 -0.519685 -0.354331 
vn 0 -1 0 
vn 0 -1 0 
vn 0.708661 -0.708661 0 
vn 0.708661 -0.708661 0 
vn 0 1 0 
vn 1 0 0 
vn 1 0 0 
vn 0.708661 0.708661 0 
vn 0.708661 0.708661 0 

vt 2.02189 -61.1017 
vt 1.97811 -61.1017 
vt 1.97645 -60.9368 
vt 2.02355 -60.9696 
vt 2.02355 -60.9368 
vt 1.97645 -60.9696 
vt 1.97811 -60.9626 
vt 2.02189 -61.0779 
vt 2.02189 -60.9626 
vt 1.97811 -61.0779 
vt 1.97811 -61.0858 
vt 2.02189 -61.0858 
vt 1.97811 -61.1017 
vt 2.02189 -61.1017 
vt 2.02191 -60.9563 
vt 2.02191 -60.9364 
vt 1.97809 -60.9563 
vt 1.97809 -60.9364 
vt 2.02191 -60.9364 
vt 2.01103 -60.9611 
vt 2.02191 -60.9563 
vt 1.97809 -60.9364 
vt 1.98897 -60.9611 
vt 1.97809 -60.9563 
vt 1.8439 -61.0218 
vt 1.77851 -60.9782 
vt 1.77851 -61.0218 
vt 1.8439 -60.9782 
vt 1.74581 -60.9782 
vt 1.74581 -61.0218 
vt 1.71311 -61.0218 
vt 1.71311 -60.9782 
vt 1.85754 -61.0235 
vt 2.07112 -61.0235 
vt 2.07112 -60.9765 
vt 1.85754 -60.9765 
vt 2.08011 -61.0219 
vt 2.08011 -60.9781 
vt 1.8439 -60.9782 
vt 2.28688 -60.9642 
vt 1.85702 -60.9747 
vt 2.28688 -60.9747 
vt 1.85702 -61.0253 
vt 1.85702 -61 
vt 2.28688 -61.0358 
vt 2.28688 -61 
vt 1.85702 -61.0253 
vt 2.28688 -61.0253 
vt 1.71311 -60.9563 
vt 2.16357 -61.1017 
vt 2.08092 -61.1219 
vt 2.12967 -60.9626 
vt 2.15777 -61.0779 
vt 2.1561 -60.9072 
vt 2.22149 -60.9072 
vt 2.28689 -60.9072 
vt 2.28689 -60.9072 
vt 2.00007 -60.9899 
vt 2.14246 -60.9368 
vt 2.07127 -60.9899 
vt 2.14246 -60.9696 
vt 2.00007 -60.9899 
vt 1.92888 -60.9368 
vt 1.92888 -60.9696 
vt 2.12967 -60.9626 
vt 2.08305 -61.0961 
vt 2.15777 -61.0779 
vt 2.05495 -60.9808 
vt 2.1597 -61.0858 
vt 2.07705 -61.106 
vt 2.08092 -61.1219 
vt 2.16357 -61.1017 
vt 1.90947 -60.9563 
vt 1.71311 -60.9364 
vt 1.71311 -60.9563 
vt 1.91989 -60.9364 
vt 2.23961 -60.9681 
vt 2.28689 -60.9072 
vt 2.25419 -60.9072 
vt 2.28689 -61.0005 
vt 2.22149 -60.9072 
vt 2.19308 -60.9527 
vt 2.1561 -60.9072 
vt 2.1561 -60.9526 
vt 2.28689 -61.0005 
vt 2.23961 -60.9681 
vt 2.23742 -60.9772 
vt 2.28689 -61.0112 
vt 2.19308 -60.9527 
vt 2.18795 -60.9609 
vt 2.1561 -60.9526 
vt 2.1561 -60.9609 
vt 2.18795 -60.9609 
vt 2.28689 -61.0112 
vt 1.71312 -60.9392 
vt 2.14298 -60.9392 
vt 2.14298 -60.9139 
vt 1.71312 -60.9139 
vt 2.14298 -60.9497 
vt 2.14298 -60.8886 
vt 1.71312 -60.8886 
vt 1.98897 -60.9611 
vt 1.97809 -60.9364 
vt 1.97809 -60.9563 
vt 2.01103 -60.9611 
vt 2.02191 -60.9364 
vt 2.02191 -60.9563 
vt 1.97811 -61.1219 
vt 2.02189 -61.1219 
vt 1.97645 -60.9368 
vt 1.97645 -60.9696 
vt 2.02355 -60.9696 
vt 2.02355 -60.9368 
vt 2.02355 -60.9899 
vt 1.97811 -60.9808 
vt 1.97811 -61.1219 
vt 2.02189 -61.106 
vt 1.97811 -61.106 
vt 2.02189 -61.1219 
vt 1.97811 -60.9808 
vt 1.97811 -61.0961 
vt 2.02189 -61.0961 
vt 2.02189 -60.9808 
vt 1.97811 -61.106 
vt 2.02189 -61.0961 
vt 1.97811 -61.0961 
vt 2.02189 -61.106 
vt 1.71311 -61.0219 
vt 1.71311 -60.9781 
vt 2.08092 -61.0219 
vt 2.16357 -61.0219 
vt 2.16357 -60.9781 
vt 2.08092 -60.9781 
vt 1.92888 -61.0235 
vt 2.00007 -61.0235 
vt 2.00007 -60.9765 
vt 1.92888 -60.9765 
vt 2.07127 -60.9765 
vt 2.05495 -61.0219 
vt 1.90947 -61.0219 
vt 1.91989 -61.0219 
vt 1.90947 -60.9781 
vt 1.91989 -60.9781 
vt 2.28689 -61.0218 
vt 2.23961 -61.0218 
vt 2.23961 -60.9782 
vt 2.1561 -60.9782 
vt 2.07127 -61.0235 
vt 2.14246 -61.0235 
vt 2.14246 -60.9765 
vt 2.07127 -60.9765 
vt 2.00007 -61.0235 
vt 2.07127 -61.0235 
vt 2.07127 -60.9765 
vt 2.00007 -60.9765 
vt 1.71311 -61.0219 
vt 1.90674 -61.011 
vt 1.71311 -61.011 
vt 1.90947 -61.0219 
vt 1.90947 -60.9781 
vt 1.71311 -60.9781 
vt 1.90674 -60.989 
vt 1.71311 -60.989 
vt 1.90674 -61.011 
vt 1.71311 -60.989 
vt 1.71311 -61.011 
vt 1.90674 -60.989 
vt 2.28689 -60.9852 
vt 2.18795 -61.0148 
vt 2.23742 -61.0148 
vt 2.23742 -60.9852 
vt 2.28689 -60.9852 
vt 2.28689 -61.0148 
vt 2.18795 -60.9852 
vt 2.1561 -61.0148 
vt 2.1561 -60.9852 
vt 1.71312 -60.9747 
vt 2.14298 -60.9747 
vt 2.14298 -60.9642 
vt 1.71312 -61 
vt 1.71312 -60.9642 
vt 2.14298 -61 
vt 1.71312 -61.0253 
vt 2.14298 -61.0253 
vt 2.28689 -60.9563 
vt 1.91908 -61.1219 
vt 1.83643 -61.1017 
vt 1.83643 -61.1017 
vt 1.91908 -61.1219 
vt 1.84223 -61.0779 
vt 1.87033 -60.9626 
vt 1.8439 -60.9072 
vt 1.77851 -60.9072 
vt 1.71311 -60.9072 
vt 1.99993 -60.9899 
vt 1.92873 -60.9899 
vt 2.07112 -60.9368 
vt 1.85754 -60.9368 
vt 1.85754 -60.9696 
vt 1.99993 -60.9899 
vt 2.07112 -60.9696 
vt 1.87033 -60.9626 
vt 1.91695 -61.0961 
vt 1.94505 -60.9808 
vt 1.84223 -61.0779 
vt 1.8403 -61.0858 
vt 1.92295 -61.106 
vt 1.91908 -61.1219 
vt 1.83643 -61.1017 
vt 2.09053 -60.9563 
vt 2.28689 -60.9364 
vt 2.08011 -60.9364 
vt 2.28689 -60.9563 
vt 1.71311 -60.9072 
vt 1.71311 -61.0005 
vt 1.76039 -60.9681 
vt 1.74581 -60.9072 
vt 1.77851 -60.9072 
vt 1.80692 -60.9527 
vt 1.8439 -60.9072 
vt 1.8439 -60.9526 
vt 1.8439 -60.9526 
vt 1.80692 -60.9527 
vt 1.81205 -60.9609 
vt 1.8439 -60.9609 
vt 1.76258 -60.9772 
vt 1.76039 -60.9681 
vt 1.71311 -61.0005 
vt 1.71311 -61.0112 
vt 2.28688 -60.9497 
vt 1.85702 -60.9497 
vt 2.28688 -60.9392 
vt 1.85702 -60.9392 
vt 1.85702 -60.8781 
vt 2.28688 -60.9139 
vt 1.85702 -60.9139 
vt 1.85702 -60.8886 
vt 2.28688 -60.8886 

usemtl Meshpart4Mtl

f 1307/1307/1307 1308/1308/1308 1309/1309/1309 
f 1308/1308/1308 1307/1307/1307 1310/1310/1310 
f 1311/1311/1311 1312/1312/1312 1313/1313/1313 
f 1312/1312/1312 1311/1311/1311 1314/1314/1314 
f 1312/1312/1312 1314/1314/1314 1315/1315/1315 
f 1315/1315/1315 1316/1316/1316 1312/1312/1312 
f 1316/1316/1316 1315/1315/1315 1317/1317/1317 
f 1317/1317/1317 1318/1318/1318 1316/1316/1316 
f 1323/1323/1323 1324/1324/1324 1325/1325/1325 
f 1326/1326/1326 1324/1324/1324 1323/1323/1323 
f 1324/1324/1324 1326/1326/1326 1327/1327/1327 
f 1327/1327/1327 1326/1326/1326 1328/1328/1328 
f 1329/1329/1329 1330/1330/1330 1331/1331/1331 
f 1330/1330/1330 1329/1329/1329 1332/1332/1332 
f 1331/1331/1331 1330/1330/1330 1333/1333/1333 
f 1333/1333/1333 1334/1334/1334 1331/1331/1331 
f 1334/1334/1334 1333/1333/1333 1335/1335/1335 
f 1335/1335/1335 1333/1333/1333 1336/1336/1336 
f 1337/1337/1337 1338/1338/1338 1339/1339/1339 
f 1337/1337/1337 1339/1339/1339 1340/1340/1340 
f 1348/1348/1348 1346/1346/1346 1345/1345/1345 
f 1348/1348/1348 1350/1350/1350 1346/1346/1346 
f 1351/1351/1351 1350/1350/1350 1348/1348/1348 
f 1351/1351/1351 1352/1352/1352 1350/1350/1350 
f 1363/1363/1363 1364/1364/1364 1365/1365/1365 
f 1364/1364/1364 1363/1363/1363 1366/1366/1366 
f 1367/1367/1367 1366/1366/1366 1363/1363/1363 
f 1366/1366/1366 1367/1367/1367 1368/1368/1368 
f 1369/1369/1369 1370/1370/1370 1371/1371/1371 
f 1370/1370/1370 1369/1369/1369 1372/1372/1372 
f 1370/1370/1370 1373/1373/1373 1371/1371/1371 
f 1373/1373/1373 1370/1370/1370 1374/1374/1374 
f 1373/1373/1373 1374/1374/1374 1375/1375/1375 
f 1375/1375/1375 1376/1376/1376 1373/1373/1373 
f 1377/1377/1377 1378/1378/1378 1379/1379/1379 
f 1378/1378/1378 1377/1377/1377 1380/1380/1380 
f 1381/1381/1381 1382/1382/1382 1383/1383/1383 
f 1382/1382/1382 1381/1381/1381 1384/1384/1384 
f 1381/1381/1381 1383/1383/1383 1385/1385/1385 
f 1385/1385/1385 1386/1386/1386 1381/1381/1381 
f 1386/1386/1386 1385/1385/1385 1387/1387/1387 
f 1388/1388/1388 1386/1386/1386 1387/1387/1387 
f 1389/1389/1389 1390/1390/1390 1391/1391/1391 
f 1391/1391/1391 1392/1392/1392 1389/1389/1389 
f 1393/1393/1393 1391/1391/1391 1390/1390/1390 
f 1391/1391/1391 1393/1393/1393 1394/1394/1394 
f 1395/1395/1395 1394/1394/1394 1393/1393/1393 
f 1394/1394/1394 1395/1395/1395 1396/1396/1396 
f 1399/1399/1399 1400/1400/1400 1401/1401/1401 
f 1399/1399/1399 1401/1401/1401 1402/1402/1402 
f 1402/1402/1402 1401/1401/1401 1404/1404/1404 
f 1402/1402/1402 1404/1404/1404 1405/1405/1405 
f 1406/1406/1406 1407/1407/1407 1408/1408/1408 
f 1409/1409/1409 1407/1407/1407 1406/1406/1406 
f 1407/1407/1407 1409/1409/1409 1410/1410/1410 
f 1410/1410/1410 1409/1409/1409 1411/1411/1411 
f 1414/1414/1414 1415/1415/1415 1416/1416/1416 
f 1414/1414/1414 1416/1416/1416 1417/1417/1417 
f 1420/1420/1420 1421/1421/1421 1422/1422/1422 
f 1421/1421/1421 1420/1420/1420 1423/1423/1423 
f 1424/1424/1424 1425/1425/1425 1426/1426/1426 
f 1424/1424/1424 1426/1426/1426 1427/1427/1427 
f 1428/1428/1428 1429/1429/1429 1430/1430/1430 
f 1429/1429/1429 1428/1428/1428 1431/1431/1431 
f 1434/1434/1434 1435/1435/1435 1436/1436/1436 
f 1434/1434/1434 1436/1436/1436 1437/1437/1437 
f 1438/1438/1438 1439/1439/1439 1440/1440/1440 
f 1438/1438/1438 1440/1440/1440 1441/1441/1441 
f 1452/1452/1452 1453/1453/1453 1454/1454/1454 
f 1452/1452/1452 1454/1454/1454 1455/1455/1455 
f 1456/1456/1456 1457/1457/1457 1458/1458/1458 
f 1456/1456/1456 1458/1458/1458 1459/1459/1459 
f 1460/1460/1460 1461/1461/1461 1462/1462/1462 
f 1461/1461/1461 1460/1460/1460 1463/1463/1463 
f 1464/1464/1464 1465/1465/1465 1466/1466/1466 
f 1467/1467/1467 1466/1466/1466 1465/1465/1465 
f 1468/1468/1468 1469/1469/1469 1470/1470/1470 
f 1469/1469/1469 1468/1468/1468 1471/1471/1471 
f 1473/1473/1473 1474/1474/1474 1475/1475/1475 
f 1474/1474/1474 1476/1476/1476 1475/1475/1475 
f 1474/1474/1474 1477/1477/1477 1476/1476/1476 
f 1473/1473/1473 1475/1475/1475 1478/1478/1478 
f 1479/1479/1479 1473/1473/1473 1478/1478/1478 
f 1479/1479/1479 1478/1478/1478 1480/1480/1480 
f 1484/1484/1484 1482/1482/1482 1481/1481/1481 
f 1484/1484/1484 1486/1486/1486 1482/1482/1482 
f 1487/1487/1487 1486/1486/1486 1484/1484/1484 
f 1487/1487/1487 1488/1488/1488 1486/1486/1486 
f 1500/1500/1500 1501/1501/1501 1502/1502/1502 
f 1500/1500/1500 1502/1502/1502 1503/1503/1503 
f 1504/1504/1504 1501/1501/1501 1500/1500/1500 
f 1501/1501/1501 1504/1504/1504 1505/1505/1505 
f 1506/1506/1506 1507/1507/1507 1508/1508/1508 
f 1507/1507/1507 1506/1506/1506 1509/1509/1509 
f 1507/1507/1507 1509/1509/1509 1510/1510/1510 
f 1510/1510/1510 1511/1511/1511 1507/1507/1507 
f 1510/1510/1510 1512/1512/1512 1511/1511/1511 
f 1512/1512/1512 1510/1510/1510 1513/1513/1513 
f 1514/1514/1514 1515/1515/1515 1516/1516/1516 
f 1515/1515/1515 1514/1514/1514 1517/1517/1517 
f 1518/1518/1518 1519/1519/1519 1520/1520/1520 
f 1518/1518/1518 1520/1520/1520 1521/1521/1521 
f 1520/1520/1520 1522/1522/1522 1521/1521/1521 
f 1522/1522/1522 1520/1520/1520 1523/1523/1523 
f 1523/1523/1523 1524/1524/1524 1522/1522/1522 
f 1524/1524/1524 1523/1523/1523 1525/1525/1525 
f 1526/1526/1526 1527/1527/1527 1528/1528/1528 
f 1526/1526/1526 1528/1528/1528 1529/1529/1529 
f 1530/1530/1530 1528/1528/1528 1527/1527/1527 
f 1527/1527/1527 1531/1531/1531 1530/1530/1530 
f 1532/1532/1532 1530/1530/1530 1531/1531/1531 
f 1530/1530/1530 1532/1532/1532 1533/1533/1533 
f 1539/1539/1539 1537/1537/1537 1536/1536/1536 
f 1539/1539/1539 1540/1540/1540 1537/1537/1537 
f 1539/1539/1539 1541/1541/1541 1540/1540/1540 
f 1541/1541/1541 1539/1539/1539 1542/1542/1542 

g Charm Ring
# 17001777607

v -550.403 6.32582 -1.55164 
v -550.368 6.33784 -1.54574 
v -550.402 6.32407 -1.55747 
v -550.368 6.33784 -1.55753 
v -550.418 6.29102 -1.55164 
v -550.368 6.33192 -1.55976 
v -550.397 6.31994 -1.55976 
v -550.369 6.32622 -1.55732 
v -550.415 6.29102 -1.55747 
v -550.393 6.31594 -1.55726 
v -550.392 6.31435 -1.55164 
v -550.369 6.32385 -1.55164 
v -550.409 6.29102 -1.55976 
v -550.404 6.29102 -1.55726 
v -550.402 6.29102 -1.55164 
v -550.392 6.26768 -1.55164 
v -550.393 6.26609 -1.55726 
v -550.397 6.2621 -1.55976 
v -550.369 6.25581 -1.55732 
v -550.369 6.25819 -1.55164 
v -550.368 6.25012 -1.55976 
v -550.402 6.25796 -1.55747 
v -550.368 6.24419 -1.55753 
v -550.402 6.32407 -1.54581 
v -550.368 6.3404 -1.55164 
v -550.403 6.32582 -1.55164 
v -550.368 6.33784 -1.54574 
v -550.402 6.32407 -1.55747 
v -550.368 6.33784 -1.55753 
v -550.369 6.32622 -1.55732 
v -550.392 6.26768 -1.55164 
v -550.393 6.26609 -1.55726 
v -550.397 6.2621 -1.55976 
v -550.369 6.25581 -1.55732 
v -550.369 6.25819 -1.55164 
v -550.369 6.25581 -1.54595 
v -550.368 6.24419 -1.55753 
v -550.397 6.2621 -1.54352 
v -550.393 6.26609 -1.54601 
v -550.397 6.31994 -1.54352 
v -550.393 6.31594 -1.54601 
v -550.397 6.31994 -1.55976 
v -550.393 6.31594 -1.55726 
v -550.392 6.31435 -1.55164 
v -550.409 6.29102 -1.55976 
v -550.404 6.29102 -1.55726 
v -550.402 6.29102 -1.55164 
v -550.404 6.29102 -1.54601 
v -550.392 6.26768 -1.55164 
v -550.393 6.26609 -1.55726 
v -550.397 6.2621 -1.55976 
v -550.397 6.2621 -1.54352 
v -550.409 6.29102 -1.54352 
v -550.393 6.26609 -1.54601 
v -550.402 6.32407 -1.54581 
v -550.403 6.32582 -1.55164 
v -550.368 6.33784 -1.54574 
v -550.368 6.33192 -1.54351 
v -550.418 6.29102 -1.55164 
v -550.397 6.31994 -1.54352 
v -550.369 6.32622 -1.54595 
v -550.415 6.29102 -1.54581 
v -550.393 6.31594 -1.54601 
v -550.392 6.31435 -1.55164 
v -550.369 6.32385 -1.55164 
v -550.402 6.29102 -1.55164 
v -550.404 6.29102 -1.54601 
v -550.392 6.26768 -1.55164 
v -550.369 6.25819 -1.55164 
v -550.369 6.25581 -1.54595 
v -550.368 6.24419 -1.55753 
v -550.403 6.25622 -1.55164 
v -550.402 6.25796 -1.54581 
v -550.368 6.24419 -1.54574 
v -550.368 6.25012 -1.54351 
v -550.397 6.2621 -1.54352 
v -550.409 6.29102 -1.54352 
v -550.393 6.26609 -1.54601 
v -550.368 6.33784 -1.54574 
v -550.397 6.31994 -1.54352 
v -550.369 6.32622 -1.54595 
v -550.393 6.31594 -1.54601 
v -550.397 6.31994 -1.55976 
v -550.369 6.32622 -1.55732 
v -550.393 6.31594 -1.55726 
v -550.392 6.31435 -1.55164 
v -550.369 6.32385 -1.55164 
v -550.369 6.25581 -1.54595 
v -550.402 6.25796 -1.55747 
v -550.368 6.24419 -1.55753 
v -550.368 6.24164 -1.55164 
v -550.403 6.25622 -1.55164 
v -550.402 6.25796 -1.54581 
v -550.368 6.24419 -1.54574 
v -550.402 6.32407 -1.54581 
v -550.403 6.32582 -1.55164 
v -550.402 6.32407 -1.55747 
v -550.418 6.29102 -1.55164 
v -550.415 6.29102 -1.54581 
v -550.415 6.29102 -1.55747 
v -550.402 6.25796 -1.55747 
v -550.403 6.25622 -1.55164 
v -550.402 6.25796 -1.54581 

vn -0.708661 0.708661 0 
vn -0.299213 0.716535 0.629921 
vn -0.519685 0.527559 -0.669291 
vn -0.299213 0.716535 -0.629921 
vn -1 0 0 
vn -0.0393701 0.102362 -0.992126 
vn -0.0551181 0.0551181 -1 
vn 0.267717 -0.629921 -0.724409 
vn -0.740157 0 -0.669291 
vn 0.472441 -0.472441 -0.740157 
vn 0.708661 -0.700787 0 
vn 0.385827 -0.92126 0 
vn -0.0708661 0 -1 
vn 0.669291 0 -0.748031 
vn 1 0 0 
vn 0.708661 0.708661 0 
vn 0.472441 0.472441 -0.740157 
vn -0.0551181 -0.0551181 -1 
vn 0.267717 0.629921 -0.732283 
vn 0.385827 0.92126 0 
vn -0.0393701 -0.102362 -0.992126 
vn -0.519685 -0.527559 -0.669291 
vn -0.299213 -0.716535 -0.629921 
vn -0.519685 0.527559 0.669291 
vn -0.377953 0.929134 0 
vn -0.708661 0.708661 0 
vn -0.299213 0.716535 0.629921 
vn -0.519685 0.527559 -0.669291 
vn -0.299213 0.716535 -0.629921 
vn 0.267717 -0.629921 -0.724409 
vn 0.708661 0.708661 0 
vn 0.472441 0.472441 -0.740157 
vn -0.0551181 -0.0551181 -1 
vn 0.267717 0.629921 -0.732283 
vn 0.385827 0.92126 0 
vn 0.267717 0.629921 0.732283 
vn -0.299213 -0.716535 -0.629921 
vn -0.0551181 -0.0551181 1 
vn 0.472441 0.472441 0.740157 
vn -0.0551181 0.0551181 1 
vn 0.472441 -0.472441 0.740157 
vn -0.0551181 0.0551181 -1 
vn 0.472441 -0.472441 -0.740157 
vn 0.708661 -0.700787 0 
vn -0.0708661 0 -1 
vn 0.669291 0 -0.748031 
vn 1 0 0 
vn 0.669291 0 0.748031 
vn 0.708661 0.708661 0 
vn 0.472441 0.472441 -0.740157 
vn -0.0551181 -0.0551181 -1 
vn -0.0551181 -0.0551181 1 
vn -0.0708661 0 1 
vn 0.472441 0.472441 0.740157 
vn -0.519685 0.527559 0.669291 
vn -0.708661 0.708661 0 
vn -0.299213 0.716535 0.629921 
vn -0.0393701 0.102362 0.992126 
vn -1 0 0 
vn -0.0551181 0.0551181 1 
vn 0.267717 -0.629921 0.732283 
vn -0.740157 0 0.669291 
vn 0.472441 -0.472441 0.740157 
vn 0.708661 -0.700787 0 
vn 0.385827 -0.92126 0 
vn 1 0 0 
vn 0.669291 0 0.748031 
vn 0.708661 0.708661 0 
vn 0.385827 0.92126 0 
vn 0.267717 0.629921 0.732283 
vn -0.299213 -0.716535 -0.629921 
vn -0.708661 -0.708661 0 
vn -0.519685 -0.527559 0.669291 
vn -0.299213 -0.716535 0.629921 
vn -0.0393701 -0.102362 0.992126 
vn -0.0551181 -0.0551181 1 
vn -0.0708661 0 1 
vn 0.472441 0.472441 0.740157 
vn -0.299213 0.716535 0.629921 
vn -0.0551181 0.0551181 1 
vn 0.267717 -0.629921 0.732283 
vn 0.472441 -0.472441 0.740157 
vn -0.0551181 0.0551181 -1 
vn 0.267717 -0.629921 -0.724409 
vn 0.472441 -0.472441 -0.740157 
vn 0.708661 -0.700787 0 
vn 0.385827 -0.92126 0 
vn 0.267717 0.629921 0.732283 
vn -0.519685 -0.527559 -0.669291 
vn -0.299213 -0.716535 -0.629921 
vn -0.377953 -0.929134 0 
vn -0.708661 -0.708661 0 
vn -0.519685 -0.527559 0.669291 
vn -0.299213 -0.716535 0.629921 
vn -0.519685 0.527559 0.669291 
vn -0.708661 0.708661 0 
vn -0.519685 0.527559 -0.669291 
vn -1 0 0 
vn -0.740157 0 0.669291 
vn -0.740157 0 -0.669291 
vn -0.519685 -0.527559 -0.669291 
vn -0.708661 -0.708661 0 
vn -0.519685 -0.527559 0.669291 

vt 38.0013 -6.99565 
vt 37.9969 -6.99415 
vt 38.0011 -6.99587 
vt 37.9969 -6.99415 
vt 38.0031 -7 
vt 37.997 -6.99489 
vt 38.0006 -6.99639 
vt 37.997 -6.9956 
vt 38.0028 -7 
vt 38.0001 -6.99688 
vt 37.9999 -6.99708 
vt 37.9971 -6.9959 
vt 38.0021 -7 
vt 38.0014 -7 
vt 38.0011 -7 
vt 37.9999 -7.00292 
vt 38.0001 -7.00312 
vt 38.0006 -7.00362 
vt 37.997 -7.0044 
vt 37.9971 -7.0041 
vt 37.997 -7.00511 
vt 38.0011 -7.00413 
vt 37.9969 -7.00585 
vt 38.0007 -7.00111 
vt 38 -6.99687 
vt 38 -7.00133 
vt 38.0007 -6.9969 
vt 37.9993 -7.00111 
vt 37.9993 -6.9969 
vt 37.9993 -6.99705 
vt 38 -6.99989 
vt 37.9993 -7.00009 
vt 37.999 -7.00059 
vt 37.9993 -6.99705 
vt 38 -6.99708 
vt 38.0007 -6.99705 
vt 37.9993 -6.9969 
vt 38.001 -7.00059 
vt 38.0007 -7.00009 
vt 37.999 -6.99639 
vt 37.9993 -6.99688 
vt 38.001 -6.99639 
vt 38.0007 -6.99688 
vt 38 -6.99708 
vt 38.001 -7 
vt 38.0007 -7 
vt 38 -7 
vt 37.9993 -7 
vt 38 -7.00292 
vt 38.0007 -7.00312 
vt 38.001 -7.00362 
vt 37.999 -7.00362 
vt 37.999 -7 
vt 37.9993 -7.00312 
vt 37.9989 -6.99587 
vt 37.9987 -6.99565 
vt 38.0031 -6.99415 
vt 38.003 -6.99489 
vt 37.9969 -7 
vt 37.9994 -6.99639 
vt 38.003 -6.9956 
vt 37.9972 -7 
vt 37.9999 -6.99688 
vt 38.0001 -6.99708 
vt 38.0029 -6.9959 
vt 37.9989 -7 
vt 37.9986 -7 
vt 38.0001 -7.00292 
vt 38.0029 -7.0041 
vt 38.003 -7.0044 
vt 38.0031 -7.00585 
vt 37.9987 -7.00435 
vt 37.9989 -7.00413 
vt 38.0031 -7.00585 
vt 38.003 -7.00511 
vt 37.9994 -7.00362 
vt 37.9979 -7 
vt 37.9999 -7.00312 
vt 37.9993 -6.9969 
vt 37.999 -7.00059 
vt 37.9993 -6.99705 
vt 37.9993 -7.00009 
vt 38.001 -7.00059 
vt 38.0007 -6.99705 
vt 38.0007 -7.00009 
vt 38 -6.99989 
vt 38 -6.99708 
vt 37.9993 -6.99705 
vt 38.0007 -7.00111 
vt 38.0007 -6.9969 
vt 38 -6.99687 
vt 38 -7.00133 
vt 37.9993 -7.00111 
vt 37.9993 -6.9969 
vt 38.0007 -6.99587 
vt 38 -6.99565 
vt 37.9993 -6.99587 
vt 38 -7 
vt 38.0007 -7 
vt 37.9993 -7 
vt 37.9993 -7.00413 
vt 38 -7.00435 
vt 38.0007 -7.00413 

usemtl Meshpart2Mtl

f 1548/1548/1548 1545/1545/1545 1546/1546/1546 
f 1545/1545/1545 1548/1548/1548 1549/1549/1549 
f 1550/1550/1550 1549/1549/1549 1548/1548/1548 
f 1551/1551/1551 1545/1545/1545 1549/1549/1549 
f 1549/1549/1549 1550/1550/1550 1552/1552/1552 
f 1555/1555/1555 1549/1549/1549 1552/1552/1552 
f 1551/1551/1551 1549/1549/1549 1555/1555/1555 
f 1555/1555/1555 1552/1552/1552 1556/1556/1556 
f 1559/1559/1559 1555/1555/1555 1556/1556/1556 
f 1560/1560/1560 1551/1551/1551 1555/1555/1555 
f 1555/1555/1555 1559/1559/1559 1560/1560/1560 
f 1561/1561/1561 1560/1560/1560 1559/1559/1559 
f 1560/1560/1560 1561/1561/1561 1563/1563/1563 
f 1551/1551/1551 1560/1560/1560 1564/1564/1564 
f 1563/1563/1563 1564/1564/1564 1560/1560/1560 
f 1564/1564/1564 1563/1563/1563 1565/1565/1565 
f 1566/1566/1566 1567/1567/1567 1568/1568/1568 
f 1567/1567/1567 1566/1566/1566 1569/1569/1569 
f 1567/1567/1567 1570/1570/1570 1568/1568/1568 
f 1570/1570/1570 1567/1567/1567 1571/1571/1571 
f 1576/1576/1576 1574/1574/1574 1573/1573/1573 
f 1573/1573/1573 1577/1577/1577 1576/1576/1576 
f 1573/1573/1573 1578/1578/1578 1577/1577/1577 
f 1578/1578/1578 1573/1573/1573 1581/1581/1581 
f 1586/1586/1586 1588/1588/1588 1585/1585/1585 
f 1588/1588/1588 1586/1586/1586 1589/1589/1589 
f 1590/1590/1590 1586/1586/1586 1583/1583/1583 
f 1586/1586/1586 1590/1590/1590 1589/1589/1589 
f 1591/1591/1591 1588/1588/1588 1589/1589/1589 
f 1590/1590/1590 1591/1591/1591 1589/1589/1589 
f 1588/1588/1588 1591/1591/1591 1592/1592/1592 
f 1591/1591/1591 1590/1590/1590 1596/1596/1596 
f 1597/1597/1597 1600/1600/1600 1599/1599/1599 
f 1600/1600/1600 1597/1597/1597 1602/1602/1602 
f 1602/1602/1602 1603/1603/1603 1600/1600/1600 
f 1604/1604/1604 1602/1602/1602 1597/1597/1597 
f 1603/1603/1603 1602/1602/1602 1605/1605/1605 
f 1615/1615/1615 1616/1616/1616 1617/1617/1617 
f 1615/1615/1615 1617/1617/1617 1618/1618/1618 
f 1618/1618/1618 1604/1604/1604 1615/1615/1615 
f 1618/1618/1618 1617/1617/1617 1612/1612/1612 
f 1604/1604/1604 1618/1618/1618 1619/1619/1619 
f 1602/1602/1602 1604/1604/1604 1619/1619/1619 
f 1619/1619/1619 1605/1605/1605 1602/1602/1602 
f 1605/1605/1605 1619/1619/1619 1609/1609/1609 
f 1620/1620/1620 1619/1619/1619 1618/1618/1618 
f 1618/1618/1618 1612/1612/1612 1620/1620/1620 
f 1619/1619/1619 1620/1620/1620 1609/1609/1609 
f 1628/1628/1628 1623/1623/1623 1624/1624/1624 
f 1626/1626/1626 1628/1628/1628 1627/1627/1627 
f 1623/1623/1623 1628/1628/1628 1629/1629/1629 
f 1628/1628/1628 1626/1626/1626 1629/1629/1629 
f 1631/1631/1631 1632/1632/1632 1633/1633/1633 
f 1633/1633/1633 1634/1634/1634 1631/1631/1631 
f 1633/1633/1633 1635/1635/1635 1634/1634/1634 
f 1635/1635/1635 1633/1633/1633 1636/1636/1636 
f 1640/1640/1640 1637/1637/1637 1638/1638/1638 
f 1640/1640/1640 1638/1638/1638 1639/1639/1639 
f 1637/1637/1637 1640/1640/1640 1641/1641/1641 
f 1639/1639/1639 1642/1642/1642 1640/1640/1640 
f 1643/1643/1643 1640/1640/1640 1642/1642/1642 
f 1640/1640/1640 1643/1643/1643 1644/1644/1644 
f 1640/1640/1640 1644/1644/1644 1645/1645/1645 
f 1645/1645/1645 1641/1641/1641 1640/1640/1640 

g Charm Piece 1
# 17001777187

v -550.341 6.33862 -1.59924 
v -550.341 6.24341 -1.59924 
v -550.321 6.34144 -1.60206 
v -550.321 6.24059 -1.60206 
v -550.321 6.29102 -1.62294 
v -550.341 6.29102 -1.61896 
v -550.341 6.33862 -1.50403 
v -550.321 6.34144 -1.50121 
v -550.321 6.36232 -1.55164 
v -550.341 6.35834 -1.55164 
v -550.341 6.33862 -1.59924 
v -550.321 6.34144 -1.60206 
v -550.341 6.33862 -1.50403 
v -550.341 6.29102 -1.48432 
v -550.321 6.29102 -1.48033 
v -550.341 6.24341 -1.50403 
v -550.321 6.34144 -1.50121 
v -550.321 6.24059 -1.50121 
v -550.341 6.24341 -1.50403 
v -550.321 6.24059 -1.50121 
v -550.321 6.21971 -1.55164 
v -550.341 6.2237 -1.55164 
v -550.341 6.24341 -1.59924 
v -550.321 6.24059 -1.60206 

vn -0.19685 0.692913 -0.692913 
vn -0.19685 -0.692913 -0.692913 
vn -0.19685 0.692913 -0.692913 
vn -0.19685 -0.692913 -0.692913 
vn -0.19685 0 -0.976378 
vn -0.19685 0 -0.976378 
vn -0.19685 0.692913 0.692913 
vn -0.19685 0.692913 0.692913 
vn -0.19685 0.976378 0 
vn -0.19685 0.976378 0 
vn -0.19685 0.692913 -0.692913 
vn -0.19685 0.692913 -0.692913 
vn -0.19685 0.692913 0.692913 
vn -0.19685 0 0.976378 
vn -0.19685 0 0.976378 
vn -0.19685 -0.692913 0.692913 
vn -0.19685 0.692913 0.692913 
vn -0.19685 -0.692913 0.692913 
vn -0.19685 -0.692913 0.692913 
vn -0.19685 -0.692913 0.692913 
vn -0.19685 -0.976378 0 
vn -0.19685 -0.976378 0 
vn -0.19685 -0.692913 -0.692913 
vn -0.19685 -0.692913 -0.692913 

vt 48.0012 -32.994 
vt 48.0012 -33.006 
vt 47.9988 -32.9937 
vt 47.9988 -33.0063 
vt 47.9988 -33 
vt 48.0012 -33 
vt 48.006 -33.0012 
vt 48.0063 -32.9988 
vt 48 -32.9988 
vt 48 -33.0012 
vt 47.994 -33.0012 
vt 47.9937 -32.9988 
vt 47.9988 -32.994 
vt 47.9988 -33 
vt 48.0012 -33 
vt 47.9988 -33.006 
vt 48.0012 -32.9937 
vt 48.0012 -33.0063 
vt 47.994 -33.0012 
vt 47.9937 -32.9988 
vt 48 -32.9988 
vt 48 -33.0012 
vt 48.006 -33.0012 
vt 48.0063 -32.9988 

usemtl Meshpart2Mtl

f 1650/1650/1650 1646/1646/1646 1648/1648/1648 
f 1647/1647/1647 1650/1650/1650 1649/1649/1649 
f 1646/1646/1646 1650/1650/1650 1651/1651/1651 
f 1647/1647/1647 1651/1651/1651 1650/1650/1650 
f 1654/1654/1654 1652/1652/1652 1653/1653/1653 
f 1652/1652/1652 1654/1654/1654 1655/1655/1655 
f 1656/1656/1656 1655/1655/1655 1654/1654/1654 
f 1656/1656/1656 1654/1654/1654 1657/1657/1657 
f 1658/1658/1658 1659/1659/1659 1660/1660/1660 
f 1661/1661/1661 1660/1660/1660 1659/1659/1659 
f 1658/1658/1658 1660/1660/1660 1662/1662/1662 
f 1660/1660/1660 1661/1661/1661 1663/1663/1663 
f 1664/1664/1664 1666/1666/1666 1665/1665/1665 
f 1664/1664/1664 1667/1667/1667 1666/1666/1666 
f 1668/1668/1668 1666/1666/1666 1667/1667/1667 
f 1666/1666/1666 1668/1668/1668 1669/1669/1669 

g Charm Piece 2
# 17001777398

v -550.37 6.25391 -1.58874 
v -550.37 6.29102 -1.60411 
v -550.341 6.29102 -1.61896 
v -550.37 6.32812 -1.58874 
v -550.341 6.24341 -1.59924 
v -550.341 6.33862 -1.59924 
v -550.321 6.34144 -1.60206 
v -550.266 6.34704 -1.60766 
v -550.266 6.29102 -1.63087 
v -550.321 6.29102 -1.62294 
v -550.321 6.24059 -1.60206 
v -550.266 6.23499 -1.60766 
v -550.37 6.32812 -1.58874 
v -550.341 6.33862 -1.59924 
v -550.341 6.35834 -1.55164 
v -550.37 6.34349 -1.55164 
v -550.37 6.32812 -1.51453 
v -550.341 6.33862 -1.50403 
v -550.321 6.34144 -1.50121 
v -550.266 6.37025 -1.55164 
v -550.321 6.36232 -1.55164 
v -550.321 6.34144 -1.60206 
v -550.266 6.34704 -1.49561 
v -550.266 6.34704 -1.60766 
v -550.37 6.25391 -1.51453 
v -550.37 6.32812 -1.51453 
v -550.341 6.24341 -1.50403 
v -550.341 6.33862 -1.50403 
v -550.341 6.29102 -1.48432 
v -550.37 6.29102 -1.49916 
v -550.321 6.34144 -1.50121 
v -550.266 6.34704 -1.49561 
v -550.266 6.29102 -1.4724 
v -550.321 6.29102 -1.48033 
v -550.321 6.24059 -1.50121 
v -550.266 6.23499 -1.49561 
v -550.37 6.25391 -1.58874 
v -550.341 6.24341 -1.59924 
v -550.341 6.2237 -1.55164 
v -550.37 6.23854 -1.55164 
v -550.37 6.25391 -1.51453 
v -550.341 6.24341 -1.50403 
v -550.321 6.24059 -1.50121 
v -550.321 6.24059 -1.60206 
v -550.266 6.23499 -1.49561 
v -550.266 6.23499 -1.60766 
v -550.266 6.21178 -1.55164 
v -550.321 6.21971 -1.55164 
v -550.37 6.25391 -1.58874 
v -550.37 6.32812 -1.51453 
v -550.37 6.32812 -1.58874 
v -550.37 6.34349 -1.55164 
v -550.37 6.29102 -1.60411 
v -550.37 6.25391 -1.51453 
v -550.37 6.29102 -1.49916 
v -550.37 6.23854 -1.55164 

vn -0.440945 -0.629921 -0.629921 
vn -0.440945 0 -0.897638 
vn -0.440945 0 -0.897638 
vn -0.440945 0.629921 -0.629921 
vn -0.440945 -0.629921 -0.629921 
vn -0.440945 0.629921 -0.629921 
vn -0.141732 0.700787 -0.700787 
vn -0.141732 0.700787 -0.700787 
vn -0.141732 0 -0.992126 
vn -0.141732 0 -0.992126 
vn -0.141732 -0.700787 -0.700787 
vn -0.141732 -0.700787 -0.700787 
vn -0.440945 0.629921 -0.629921 
vn -0.440945 0.629921 -0.629921 
vn -0.440945 0.897638 0 
vn -0.440945 0.897638 0 
vn -0.440945 0.629921 0.629921 
vn -0.440945 0.629921 0.629921 
vn -0.141732 0.700787 0.700787 
vn -0.141732 0.992126 0 
vn -0.141732 0.992126 0 
vn -0.141732 0.700787 -0.700787 
vn -0.141732 0.700787 0.700787 
vn -0.141732 0.700787 -0.700787 
vn -0.440945 -0.629921 0.629921 
vn -0.440945 0.629921 0.629921 
vn -0.440945 -0.629921 0.629921 
vn -0.440945 0.629921 0.629921 
vn -0.440945 0 0.897638 
vn -0.440945 0 0.897638 
vn -0.141732 0.700787 0.700787 
vn -0.141732 0.700787 0.700787 
vn -0.141732 0 0.992126 
vn -0.141732 0 0.992126 
vn -0.141732 -0.700787 0.700787 
vn -0.141732 -0.700787 0.700787 
vn -0.440945 -0.629921 -0.629921 
vn -0.440945 -0.629921 -0.629921 
vn -0.440945 -0.897638 0 
vn -0.440945 -0.897638 0 
vn -0.440945 -0.629921 0.629921 
vn -0.440945 -0.629921 0.629921 
vn -0.141732 -0.700787 0.700787 
vn -0.141732 -0.700787 -0.700787 
vn -0.141732 -0.700787 0.700787 
vn -0.141732 -0.700787 -0.700787 
vn -0.141732 -0.992126 0 
vn -0.141732 -0.992126 0 
vn -1 0 0 
vn -1 0 0 
vn -1 0 0 
vn -1 0 0 
vn -1 0 0 
vn -1 0 0 
vn -1 0 0 
vn -1 0 0 

vt 32.0066 -35.0046 
vt 32.0066 -35 
vt 32.0028 -35 
vt 32.0066 -34.9954 
vt 32.0028 -35.006 
vt 32.0028 -34.994 
vt 32.0004 -34.9937 
vt 31.9934 -34.993 
vt 31.9934 -35 
vt 32.0004 -35 
vt 32.0004 -35.0063 
vt 31.9934 -35.007 
vt 31.9954 -35.0066 
vt 31.994 -35.0028 
vt 32 -35.0028 
vt 32 -35.0066 
vt 32.0046 -35.0066 
vt 32.006 -35.0028 
vt 32.0063 -35.0004 
vt 32 -34.9934 
vt 32 -35.0004 
vt 31.9937 -35.0004 
vt 32.007 -34.9934 
vt 31.993 -34.9934 
vt 31.9934 -35.0046 
vt 31.9934 -34.9954 
vt 31.9972 -35.006 
vt 31.9972 -34.994 
vt 31.9972 -35 
vt 31.9934 -35 
vt 31.9996 -34.9937 
vt 32.0066 -34.993 
vt 32.0066 -35 
vt 31.9996 -35 
vt 31.9996 -35.0063 
vt 32.0066 -35.007 
vt 32.0046 -35.0066 
vt 32.006 -35.0028 
vt 32 -35.0028 
vt 32 -35.0066 
vt 31.9954 -35.0066 
vt 31.994 -35.0028 
vt 31.9937 -35.0004 
vt 32.0063 -35.0004 
vt 31.993 -34.9934 
vt 32.007 -34.9934 
vt 32 -34.9934 
vt 32 -35.0004 
vt 31.9954 -35.0046 
vt 32.0046 -34.9954 
vt 31.9954 -34.9954 
vt 32 -34.9934 
vt 31.9934 -35 
vt 32.0046 -35.0046 
vt 32.0066 -35 
vt 32 -35.0066 

usemtl Meshpart7Mtl

f 1670/1670/1670 1671/1671/1671 1672/1672/1672 
f 1673/1673/1673 1672/1672/1672 1671/1671/1671 
f 1672/1672/1672 1674/1674/1674 1670/1670/1670 
f 1672/1672/1672 1673/1673/1673 1675/1675/1675 
f 1678/1678/1678 1676/1676/1676 1677/1677/1677 
f 1676/1676/1676 1678/1678/1678 1679/1679/1679 
f 1678/1678/1678 1680/1680/1680 1679/1679/1679 
f 1680/1680/1680 1678/1678/1678 1681/1681/1681 
f 1684/1684/1684 1683/1683/1683 1682/1682/1682 
f 1682/1682/1682 1685/1685/1685 1684/1684/1684 
f 1686/1686/1686 1684/1684/1684 1685/1685/1685 
f 1684/1684/1684 1686/1686/1686 1687/1687/1687 
f 1688/1688/1688 1689/1689/1689 1690/1690/1690 
f 1689/1689/1689 1691/1691/1691 1690/1690/1690 
f 1689/1689/1689 1688/1688/1688 1692/1692/1692 
f 1691/1691/1691 1689/1689/1689 1693/1693/1693 
f 1698/1698/1698 1694/1694/1694 1696/1696/1696 
f 1698/1698/1698 1697/1697/1697 1695/1695/1695 
f 1694/1694/1694 1698/1698/1698 1699/1699/1699 
f 1695/1695/1695 1699/1699/1699 1698/1698/1698 
f 1700/1700/1700 1702/1702/1702 1701/1701/1701 
f 1702/1702/1702 1700/1700/1700 1703/1703/1703 
f 1704/1704/1704 1702/1702/1702 1703/1703/1703 
f 1702/1702/1702 1704/1704/1704 1705/1705/1705 
f 1708/1708/1708 1706/1706/1706 1707/1707/1707 
f 1706/1706/1706 1708/1708/1708 1709/1709/1709 
f 1710/1710/1710 1709/1709/1709 1708/1708/1708 
f 1708/1708/1708 1711/1711/1711 1710/1710/1710 
f 1712/1712/1712 1716/1716/1716 1714/1714/1714 
f 1716/1716/1716 1713/1713/1713 1715/1715/1715 
f 1716/1716/1716 1712/1712/1712 1717/1717/1717 
f 1713/1713/1713 1716/1716/1716 1717/1717/1717 
f 1718/1718/1718 1719/1719/1719 1720/1720/1720 
f 1720/1720/1720 1719/1719/1719 1721/1721/1721 
f 1718/1718/1718 1720/1720/1720 1722/1722/1722 
f 1718/1718/1718 1723/1723/1723 1719/1719/1719 
f 1719/1719/1719 1723/1723/1723 1724/1724/1724 
f 1723/1723/1723 1718/1718/1718 1725/1725/1725 

g Mag Lines
# 13236206962

v -549.821 5.86384 -1.10701 
v -550.149 5.86384 -1.10701 
v -549.821 5.65694 -1.10025 
v -550.149 5.65694 -1.10025 
v -549.821 5.42968 -1.12074 
v -550.149 5.42968 -1.12074 
v -549.821 5.21478 -1.18351 
v -550.149 5.21478 -1.18351 
v -549.821 5.01222 -1.28856 
v -550.149 5.01222 -1.28856 
v -549.821 4.84148 -1.40562 
v -550.149 4.84148 -1.40562 
v -549.821 5.93154 -1.33878 
v -550.149 5.93154 -1.33878 
v -549.821 5.72464 -1.33202 
v -550.149 5.72464 -1.33202 
v -549.821 5.49738 -1.35252 
v -550.149 5.49738 -1.35252 
v -549.821 5.28247 -1.41529 
v -550.149 5.28247 -1.41529 
v -549.821 5.07991 -1.52034 
v -550.149 5.07991 -1.52034 
v -549.821 4.90918 -1.63739 
v -550.149 4.90918 -1.63739 
v -549.821 5.99923 -1.57056 
v -550.149 5.99923 -1.57056 
v -549.821 5.79233 -1.5638 
v -550.149 5.79233 -1.5638 
v -549.821 5.56508 -1.58429 
v -550.149 5.56508 -1.58429 
v -549.821 5.35017 -1.64706 
v -550.149 5.35017 -1.64706 
v -549.821 5.14761 -1.75211 
v -550.149 5.14761 -1.75211 
v -549.821 4.97688 -1.86917 
v -550.149 4.97688 -1.86917 
v -549.821 5.94995 -1.40184 
v -550.149 5.94995 -1.40184 
v -549.821 5.93154 -1.33878 
v -550.149 5.93154 -1.33878 
v -549.821 5.88226 -1.17006 
v -550.149 5.88226 -1.17006 
v -549.821 5.86384 -1.10701 
v -550.149 5.86384 -1.10701 
v -549.821 6.01765 -1.63361 
v -550.149 6.01765 -1.63361 
v -549.821 5.99923 -1.57056 
v -550.149 5.99923 -1.57056 
v -550.149 4.8599 -1.46867 
v -550.149 5.88226 -1.17006 
v -549.821 4.97688 -1.86917 
v -550.149 5.74305 -1.39508 
v -550.149 5.93154 -1.33878 
v -550.149 5.94995 -1.40184 
v -550.149 5.72464 -1.33202 
v -550.149 5.5158 -1.41557 
v -550.149 5.49738 -1.35252 
v -550.149 5.30089 -1.47834 
v -550.149 5.28247 -1.41529 
v -550.149 5.07991 -1.52034 
v -550.149 5.09833 -1.58339 
v -550.149 4.90918 -1.63739 
v -550.149 4.9276 -1.70044 
v -550.149 5.67536 -1.1633 
v -550.149 5.86384 -1.10701 
v -550.149 5.88226 -1.17006 
v -550.149 5.65694 -1.10025 
v -550.149 5.4481 -1.18379 
v -550.149 5.42968 -1.12074 
v -550.149 5.21478 -1.18351 
v -550.149 5.23319 -1.24656 
v -550.149 5.01222 -1.28856 
v -550.149 5.03063 -1.35161 
v -550.149 4.84148 -1.40562 
v -550.149 4.8599 -1.46867 
v -550.149 5.81075 -1.62685 
v -550.149 5.99923 -1.57056 
v -550.149 6.01765 -1.63361 
v -550.149 5.79233 -1.5638 
v -550.149 5.58349 -1.64734 
v -550.149 5.56508 -1.58429 
v -550.149 5.36858 -1.71011 
v -550.149 5.35017 -1.64706 
v -550.149 5.14761 -1.75211 
v -550.149 5.16603 -1.81516 
v -550.149 4.97688 -1.86917 
v -550.149 4.99529 -1.93222 
v -549.821 6.01765 -1.63361 
v -549.821 5.81075 -1.62685 
v -550.149 5.81075 -1.62685 
v -550.149 6.01765 -1.63361 
v -550.149 5.58349 -1.64734 
v -549.821 5.58349 -1.64734 
v -550.149 5.36858 -1.71011 
v -549.821 5.36858 -1.71011 
v -550.149 5.16603 -1.81516 
v -549.821 5.16603 -1.81516 
v -550.149 4.99529 -1.93222 
v -549.821 4.99529 -1.93222 
v -549.821 5.94995 -1.40184 
v -549.821 5.74305 -1.39508 
v -550.149 5.74305 -1.39508 
v -550.149 5.94995 -1.40184 
v -550.149 5.5158 -1.41557 
v -549.821 5.5158 -1.41557 
v -550.149 5.30089 -1.47834 
v -549.821 5.30089 -1.47834 
v -550.149 5.09833 -1.58339 
v -549.821 5.09833 -1.58339 
v -550.149 4.9276 -1.70044 
v -549.821 4.9276 -1.70044 
v -549.821 5.88226 -1.17006 
v -549.821 5.67536 -1.1633 
v -550.149 5.67536 -1.1633 
v -550.149 5.88226 -1.17006 
v -550.149 5.4481 -1.18379 
v -549.821 5.4481 -1.18379 
v -550.149 5.23319 -1.24656 
v -549.821 5.23319 -1.24656 
v -550.149 5.03063 -1.35161 
v -549.821 5.03063 -1.35161 
v -550.149 4.8599 -1.46867 
v -549.821 4.8599 -1.46867 
v -549.821 4.90918 -1.63739 
v -550.149 4.90918 -1.63739 
v -549.821 4.9276 -1.70044 
v -550.149 4.9276 -1.70044 
v -549.821 4.84148 -1.40562 
v -550.149 4.84148 -1.40562 
v -549.821 4.8599 -1.46867 
v -550.149 4.8599 -1.46867 
v -549.821 4.97688 -1.86917 
v -550.149 4.97688 -1.86917 
v -549.821 4.99529 -1.93222 
v -550.149 4.99529 -1.93222 
v -550.149 4.8599 -1.46867 
v -550.149 5.88226 -1.17006 
v -549.821 4.97688 -1.86917 
v -549.821 5.93154 -1.33878 
v -549.821 5.74305 -1.39508 
v -549.821 5.94995 -1.40184 
v -549.821 5.72464 -1.33202 
v -549.821 5.5158 -1.41557 
v -549.821 5.49738 -1.35252 
v -549.821 5.30089 -1.47834 
v -549.821 5.28247 -1.41529 
v -549.821 5.07991 -1.52034 
v -549.821 5.09833 -1.58339 
v -549.821 4.90918 -1.63739 
v -549.821 4.9276 -1.70044 
v -549.821 5.86384 -1.10701 
v -549.821 5.67536 -1.1633 
v -549.821 5.88226 -1.17006 
v -549.821 5.65694 -1.10025 
v -549.821 5.4481 -1.18379 
v -549.821 5.42968 -1.12074 
v -549.821 5.21478 -1.18351 
v -549.821 5.23319 -1.24656 
v -549.821 5.01222 -1.28856 
v -549.821 5.03063 -1.35161 
v -549.821 4.84148 -1.40562 
v -549.821 4.8599 -1.46867 
v -549.821 5.99923 -1.57056 
v -549.821 5.81075 -1.62685 
v -549.821 6.01765 -1.63361 
v -549.821 5.79233 -1.5638 
v -549.821 5.58349 -1.64734 
v -549.821 5.56508 -1.58429 
v -549.821 5.36858 -1.71011 
v -549.821 5.35017 -1.64706 
v -549.821 5.14761 -1.75211 
v -549.821 5.16603 -1.81516 
v -549.821 4.97688 -1.86917 
v -549.821 4.99529 -1.93222 

vn 0 0.0314961 1 
vn 0 0.0314961 1 
vn 0 -0.0314961 1 
vn 0 -0.0314961 1 
vn 0 -0.188976 0.984252 
vn 0 -0.188976 0.984252 
vn 0 -0.370079 0.929134 
vn 0 -0.370079 0.929134 
vn 0 -0.511811 0.858268 
vn 0 -0.511811 0.858268 
vn 0 -0.566929 0.826772 
vn 0 -0.566929 0.826772 
vn 0 0.0314961 1 
vn 0 0.0314961 1 
vn 0 -0.0314961 1 
vn 0 -0.0314961 1 
vn 0 -0.188976 0.984252 
vn 0 -0.188976 0.984252 
vn 0 -0.370079 0.929134 
vn 0 -0.370079 0.929134 
vn 0 -0.511811 0.858268 
vn 0 -0.511811 0.858268 
vn 0 -0.566929 0.826772 
vn 0 -0.566929 0.826772 
vn 0 0.0314961 1 
vn 0 0.0314961 1 
vn 0 -0.0314961 1 
vn 0 -0.0314961 1 
vn 0 -0.188976 0.984252 
vn 0 -0.188976 0.984252 
vn 0 -0.370079 0.929134 
vn 0 -0.370079 0.929134 
vn 0 -0.511811 0.858268 
vn 0 -0.511811 0.858268 
vn 0 -0.566929 0.826772 
vn 0 -0.566929 0.826772 
vn 0 0.96063 0.283465 
vn 0 0.96063 0.283465 
vn 0 0.96063 0.283465 
vn 0 0.96063 0.283465 
vn 0 0.96063 0.283465 
vn 0 0.96063 0.283465 
vn 0 0.96063 0.283465 
vn 0 0.96063 0.283465 
vn 0 0.96063 0.283465 
vn 0 0.96063 0.283465 
vn 0 0.96063 0.283465 
vn 0 0.96063 0.283465 
vn 0 -0.96063 -0.283465 
vn 0 0.96063 0.283465 
vn 0 -0.96063 -0.283465 
vn -1 0 0 
vn -1 0 0 
vn -1 0 0 
vn -1 0 0 
vn -1 0 0 
vn -1 0 0 
vn -1 0 0 
vn -1 0 0 
vn -1 0 0 
vn -1 0 0 
vn -1 0 0 
vn -1 0 0 
vn -1 0 0 
vn -1 0 0 
vn -1 0 0 
vn -1 0 0 
vn -1 0 0 
vn -1 0 0 
vn -1 0 0 
vn -1 0 0 
vn -1 0 0 
vn -1 0 0 
vn -1 0 0 
vn -1 0 0 
vn -1 0 0 
vn -1 0 0 
vn -1 0 0 
vn -1 0 0 
vn -1 0 0 
vn -1 0 0 
vn -1 0 0 
vn -1 0 0 
vn -1 0 0 
vn -1 0 0 
vn -1 0 0 
vn -1 0 0 
vn 0 -0.0314961 -1 
vn 0 0.0314961 -1 
vn 0 0.0314961 -1 
vn 0 -0.0314961 -1 
vn 0 0.188976 -0.984252 
vn 0 0.188976 -0.984252 
vn 0 0.370079 -0.929134 
vn 0 0.370079 -0.929134 
vn 0 0.511811 -0.858268 
vn 0 0.511811 -0.858268 
vn 0 0.566929 -0.826772 
vn 0 0.566929 -0.826772 
vn 0 -0.0314961 -1 
vn 0 0.0314961 -1 
vn 0 0.0314961 -1 
vn 0 -0.0314961 -1 
vn 0 0.188976 -0.984252 
vn 0 0.188976 -0.984252 
vn 0 0.370079 -0.929134 
vn 0 0.370079 -0.929134 
vn 0 0.511811 -0.858268 
vn 0 0.511811 -0.858268 
vn 0 0.566929 -0.826772 
vn 0 0.566929 -0.826772 
vn 0 -0.0314961 -1 
vn 0 0.0314961 -1 
vn 0 0.0314961 -1 
vn 0 -0.0314961 -1 
vn 0 0.188976 -0.984252 
vn 0 0.188976 -0.984252 
vn 0 0.370079 -0.929134 
vn 0 0.370079 -0.929134 
vn 0 0.511811 -0.858268 
vn 0 0.511811 -0.858268 
vn 0 0.566929 -0.826772 
vn 0 0.566929 -0.826772 
vn 0 -0.96063 -0.283465 
vn 0 -0.96063 -0.283465 
vn 0 -0.96063 -0.283465 
vn 0 -0.96063 -0.283465 
vn 0 -0.96063 -0.283465 
vn 0 -0.96063 -0.283465 
vn 0 -0.96063 -0.283465 
vn 0 -0.96063 -0.283465 
vn 0 -0.96063 -0.283465 
vn 0 -0.96063 -0.283465 
vn 0 -0.96063 -0.283465 
vn 0 -0.96063 -0.283465 
vn 0 -0.96063 -0.283465 
vn 0 0.96063 0.283465 
vn 0 -0.96063 -0.283465 
vn 1 0 0 
vn 1 0 0 
vn 1 0 0 
vn 1 0 0 
vn 1 0 0 
vn 1 0 0 
vn 1 0 0 
vn 1 0 0 
vn 1 0 0 
vn 1 0 0 
vn 1 0 0 
vn 1 0 0 
vn 1 0 0 
vn 1 0 0 
vn 1 0 0 
vn 1 0 0 
vn 1 0 0 
vn 1 0 0 
vn 1 0 0 
vn 1 0 0 
vn 1 0 0 
vn 1 0 0 
vn 1 0 0 
vn 1 0 0 
vn 1 0 0 
vn 1 0 0 
vn 1 0 0 
vn 1 0 0 
vn 1 0 0 
vn 1 0 0 
vn 1 0 0 
vn 1 0 0 
vn 1 0 0 
vn 1 0 0 
vn 1 0 0 
vn 1 0 0 

vt 2.02052 -50.9457 
vt 1.97948 -50.9457 
vt 2.02052 -50.9716 
vt 1.97948 -50.9716 
vt 2.02052 -51 
vt 1.97948 -51 
vt 2.02052 -51.0268 
vt 1.97948 -51.0268 
vt 2.02052 -51.0522 
vt 1.97948 -51.0522 
vt 2.02052 -51.0735 
vt 1.97948 -51.0735 
vt 2.02052 -50.9373 
vt 1.97948 -50.9373 
vt 2.02052 -50.9631 
vt 1.97948 -50.9631 
vt 2.02052 -50.9915 
vt 1.97948 -50.9915 
vt 2.02052 -51.0184 
vt 1.97948 -51.0184 
vt 2.02052 -51.0437 
vt 1.97948 -51.0437 
vt 2.02052 -51.065 
vt 1.97948 -51.065 
vt 2.02052 -50.9288 
vt 1.97948 -50.9288 
vt 2.02052 -50.9547 
vt 1.97948 -50.9547 
vt 2.02052 -50.9831 
vt 1.97948 -50.9831 
vt 2.02052 -51.0099 
vt 1.97948 -51.0099 
vt 2.02052 -51.0352 
vt 1.97948 -51.0352 
vt 2.02052 -51.0566 
vt 1.97948 -51.0566 
vt 1.9857 -51.0205 
vt 1.9857 -50.9795 
vt 1.97782 -51.0205 
vt 1.97782 -50.9795 
vt 1.95673 -51.0205 
vt 1.95673 -50.9795 
vt 1.94885 -51.0205 
vt 1.94885 -50.9795 
vt 2.01467 -51.0205 
vt 2.01467 -50.9795 
vt 2.00679 -51.0205 
vt 2.00679 -50.9795 
vt 2.00595 -51.0712 
vt 2.04327 -50.9434 
vt 1.95588 -51.0566 
vt 2.01514 -50.9608 
vt 2.02218 -50.9373 
vt 2.0143 -50.935 
vt 2.02303 -50.9631 
vt 2.01258 -50.9892 
vt 2.02046 -50.9915 
vt 2.00474 -51.0161 
vt 2.01262 -51.0184 
vt 1.99949 -51.0437 
vt 1.99161 -51.0414 
vt 1.98486 -51.065 
vt 1.97697 -51.0627 
vt 2.04412 -50.9693 
vt 2.05115 -50.9457 
vt 2.04327 -50.9434 
vt 2.052 -50.9716 
vt 2.04156 -50.9977 
vt 2.04944 -51 
vt 2.04159 -51.0268 
vt 2.03371 -51.0245 
vt 2.02846 -51.0522 
vt 2.02058 -51.0499 
vt 2.01383 -51.0735 
vt 2.00595 -51.0712 
vt 1.98617 -50.9524 
vt 1.99321 -50.9288 
vt 1.98533 -50.9265 
vt 1.99405 -50.9547 
vt 1.98361 -50.9808 
vt 1.99149 -50.9831 
vt 1.97577 -51.0076 
vt 1.98365 -51.0099 
vt 1.97052 -51.0352 
vt 1.96263 -51.0329 
vt 1.95588 -51.0566 
vt 1.948 -51.0543 
vt 1.97948 -50.9265 
vt 1.97948 -50.9524 
vt 2.02052 -50.9524 
vt 2.02052 -50.9265 
vt 2.02052 -50.9808 
vt 1.97948 -50.9808 
vt 2.02052 -51.0076 
vt 1.97948 -51.0076 
vt 2.02052 -51.0329 
vt 1.97948 -51.0329 
vt 2.02052 -51.0543 
vt 1.97948 -51.0543 
vt 1.97948 -50.935 
vt 1.97948 -50.9608 
vt 2.02052 -50.9608 
vt 2.02052 -50.935 
vt 2.02052 -50.9892 
vt 1.97948 -50.9892 
vt 2.02052 -51.0161 
vt 1.97948 -51.0161 
vt 2.02052 -51.0414 
vt 1.97948 -51.0414 
vt 2.02052 -51.0627 
vt 1.97948 -51.0627 
vt 1.97948 -50.9434 
vt 1.97948 -50.9693 
vt 2.02052 -50.9693 
vt 2.02052 -50.9434 
vt 2.02052 -50.9977 
vt 1.97948 -50.9977 
vt 2.02052 -51.0245 
vt 1.97948 -51.0245 
vt 2.02052 -51.0499 
vt 1.97948 -51.0499 
vt 2.02052 -51.0712 
vt 1.97948 -51.0712 
vt 1.98486 -51.0205 
vt 1.98486 -50.9795 
vt 1.97697 -51.0205 
vt 1.97697 -50.9795 
vt 2.01383 -51.0205 
vt 2.01383 -50.9795 
vt 2.00595 -51.0205 
vt 2.00595 -50.9795 
vt 1.95588 -51.0205 
vt 1.95588 -50.9795 
vt 1.948 -51.0205 
vt 1.948 -50.9795 
vt 1.99405 -51.0712 
vt 1.95673 -50.9434 
vt 2.04412 -51.0566 
vt 1.97782 -50.9373 
vt 1.98486 -50.9608 
vt 1.9857 -50.935 
vt 1.97697 -50.9631 
vt 1.98742 -50.9892 
vt 1.97954 -50.9915 
vt 1.99526 -51.0161 
vt 1.98738 -51.0184 
vt 2.00051 -51.0437 
vt 2.00839 -51.0414 
vt 2.01514 -51.065 
vt 2.02303 -51.0627 
vt 1.94885 -50.9457 
vt 1.95588 -50.9693 
vt 1.95673 -50.9434 
vt 1.948 -50.9716 
vt 1.95844 -50.9977 
vt 1.95056 -51 
vt 1.95841 -51.0268 
vt 1.96629 -51.0245 
vt 1.97154 -51.0522 
vt 1.97942 -51.0499 
vt 1.98617 -51.0735 
vt 1.99405 -51.0712 
vt 2.00679 -50.9288 
vt 2.01383 -50.9524 
vt 2.01467 -50.9265 
vt 2.00595 -50.9547 
vt 2.01639 -50.9808 
vt 2.00851 -50.9831 
vt 2.02423 -51.0076 
vt 2.01635 -51.0099 
vt 2.02948 -51.0352 
vt 2.03737 -51.0329 
vt 2.04412 -51.0566 
vt 2.052 -51.0543 

usemtl Meshpart3Mtl

f 1726/1726/1726 1727/1727/1727 1728/1728/1728 
f 1728/1728/1728 1727/1727/1727 1729/1729/1729 
f 1728/1728/1728 1729/1729/1729 1730/1730/1730 
f 1730/1730/1730 1729/1729/1729 1731/1731/1731 
f 1731/1731/1731 1732/1732/1732 1730/1730/1730 
f 1732/1732/1732 1731/1731/1731 1733/1733/1733 
f 1733/1733/1733 1734/1734/1734 1732/1732/1732 
f 1734/1734/1734 1733/1733/1733 1735/1735/1735 
f 1735/1735/1735 1736/1736/1736 1734/1734/1734 
f 1736/1736/1736 1735/1735/1735 1737/1737/1737 
f 1738/1738/1738 1739/1739/1739 1740/1740/1740 
f 1740/1740/1740 1739/1739/1739 1741/1741/1741 
f 1740/1740/1740 1741/1741/1741 1742/1742/1742 
f 1742/1742/1742 1741/1741/1741 1743/1743/1743 
f 1743/1743/1743 1744/1744/1744 1742/1742/1742 
f 1744/1744/1744 1743/1743/1743 1745/1745/1745 
f 1745/1745/1745 1746/1746/1746 1744/1744/1744 
f 1746/1746/1746 1745/1745/1745 1747/1747/1747 
f 1747/1747/1747 1748/1748/1748 1746/1746/1746 
f 1748/1748/1748 1747/1747/1747 1749/1749/1749 
f 1750/1750/1750 1751/1751/1751 1752/1752/1752 
f 1752/1752/1752 1751/1751/1751 1753/1753/1753 
f 1752/1752/1752 1753/1753/1753 1754/1754/1754 
f 1754/1754/1754 1753/1753/1753 1755/1755/1755 
f 1755/1755/1755 1756/1756/1756 1754/1754/1754 
f 1756/1756/1756 1755/1755/1755 1757/1757/1757 
f 1757/1757/1757 1758/1758/1758 1756/1756/1756 
f 1758/1758/1758 1757/1757/1757 1759/1759/1759 
f 1758/1758/1758 1759/1759/1759 1760/1760/1760 
f 1760/1760/1760 1759/1759/1759 1761/1761/1761 
f 1762/1762/1762 1763/1763/1763 1764/1764/1764 
f 1764/1764/1764 1763/1763/1763 1765/1765/1765 
f 1766/1766/1766 1767/1767/1767 1768/1768/1768 
f 1768/1768/1768 1767/1767/1767 1769/1769/1769 
f 1770/1770/1770 1771/1771/1771 1772/1772/1772 
f 1772/1772/1772 1771/1771/1771 1773/1773/1773 
f 1777/1777/1777 1778/1778/1778 1779/1779/1779 
f 1778/1778/1778 1777/1777/1777 1780/1780/1780 
f 1781/1781/1781 1780/1780/1780 1777/1777/1777 
f 1780/1780/1780 1781/1781/1781 1782/1782/1782 
f 1783/1783/1783 1782/1782/1782 1781/1781/1781 
f 1782/1782/1782 1783/1783/1783 1784/1784/1784 
f 1785/1785/1785 1784/1784/1784 1783/1783/1783 
f 1783/1783/1783 1786/1786/1786 1785/1785/1785 
f 1787/1787/1787 1785/1785/1785 1786/1786/1786 
f 1786/1786/1786 1788/1788/1788 1787/1787/1787 
f 1789/1789/1789 1790/1790/1790 1791/1791/1791 
f 1790/1790/1790 1789/1789/1789 1792/1792/1792 
f 1793/1793/1793 1792/1792/1792 1789/1789/1789 
f 1792/1792/1792 1793/1793/1793 1794/1794/1794 
f 1795/1795/1795 1794/1794/1794 1793/1793/1793 
f 1793/1793/1793 1796/1796/1796 1795/1795/1795 
f 1797/1797/1797 1795/1795/1795 1796/1796/1796 
f 1796/1796/1796 1798/1798/1798 1797/1797/1797 
f 1799/1799/1799 1797/1797/1797 1798/1798/1798 
f 1798/1798/1798 1800/1800/1800 1799/1799/1799 
f 1801/1801/1801 1802/1802/1802 1803/1803/1803 
f 1802/1802/1802 1801/1801/1801 1804/1804/1804 
f 1805/1805/1805 1804/1804/1804 1801/1801/1801 
f 1804/1804/1804 1805/1805/1805 1806/1806/1806 
f 1807/1807/1807 1806/1806/1806 1805/1805/1805 
f 1806/1806/1806 1807/1807/1807 1808/1808/1808 
f 1809/1809/1809 1808/1808/1808 1807/1807/1807 
f 1807/1807/1807 1810/1810/1810 1809/1809/1809 
f 1811/1811/1811 1809/1809/1809 1810/1810/1810 
f 1810/1810/1810 1812/1812/1812 1811/1811/1811 
f 1813/1813/1813 1814/1814/1814 1815/1815/1815 
f 1813/1813/1813 1815/1815/1815 1816/1816/1816 
f 1814/1814/1814 1817/1817/1817 1815/1815/1815 
f 1814/1814/1814 1818/1818/1818 1817/1817/1817 
f 1818/1818/1818 1819/1819/1819 1817/1817/1817 
f 1818/1818/1818 1820/1820/1820 1819/1819/1819 
f 1820/1820/1820 1821/1821/1821 1819/1819/1819 
f 1820/1820/1820 1822/1822/1822 1821/1821/1821 
f 1822/1822/1822 1823/1823/1823 1821/1821/1821 
f 1824/1824/1824 1823/1823/1823 1822/1822/1822 
f 1825/1825/1825 1826/1826/1826 1827/1827/1827 
f 1825/1825/1825 1827/1827/1827 1828/1828/1828 
f 1826/1826/1826 1829/1829/1829 1827/1827/1827 
f 1826/1826/1826 1830/1830/1830 1829/1829/1829 
f 1830/1830/1830 1831/1831/1831 1829/1829/1829 
f 1830/1830/1830 1832/1832/1832 1831/1831/1831 
f 1832/1832/1832 1833/1833/1833 1831/1831/1831 
f 1832/1832/1832 1834/1834/1834 1833/1833/1833 
f 1834/1834/1834 1835/1835/1835 1833/1833/1833 
f 1836/1836/1836 1835/1835/1835 1834/1834/1834 
f 1837/1837/1837 1838/1838/1838 1839/1839/1839 
f 1837/1837/1837 1839/1839/1839 1840/1840/1840 
f 1838/1838/1838 1841/1841/1841 1839/1839/1839 
f 1838/1838/1838 1842/1842/1842 1841/1841/1841 
f 1842/1842/1842 1843/1843/1843 1841/1841/1841 
f 1842/1842/1842 1844/1844/1844 1843/1843/1843 
f 1844/1844/1844 1845/1845/1845 1843/1843/1843 
f 1844/1844/1844 1846/1846/1846 1845/1845/1845 
f 1846/1846/1846 1847/1847/1847 1845/1845/1845 
f 1848/1848/1848 1847/1847/1847 1846/1846/1846 
f 1849/1849/1849 1850/1850/1850 1851/1851/1851 
f 1851/1851/1851 1850/1850/1850 1852/1852/1852 
f 1853/1853/1853 1854/1854/1854 1855/1855/1855 
f 1855/1855/1855 1854/1854/1854 1856/1856/1856 
f 1857/1857/1857 1858/1858/1858 1859/1859/1859 
f 1859/1859/1859 1858/1858/1858 1860/1860/1860 
f 1864/1864/1864 1865/1865/1865 1866/1866/1866 
f 1865/1865/1865 1864/1864/1864 1867/1867/1867 
f 1867/1867/1867 1868/1868/1868 1865/1865/1865 
f 1868/1868/1868 1867/1867/1867 1869/1869/1869 
f 1869/1869/1869 1870/1870/1870 1868/1868/1868 
f 1870/1870/1870 1869/1869/1869 1871/1871/1871 
f 1872/1872/1872 1870/1870/1870 1871/1871/1871 
f 1870/1870/1870 1872/1872/1872 1873/1873/1873 
f 1874/1874/1874 1873/1873/1873 1872/1872/1872 
f 1873/1873/1873 1874/1874/1874 1875/1875/1875 
f 1876/1876/1876 1877/1877/1877 1878/1878/1878 
f 1877/1877/1877 1876/1876/1876 1879/1879/1879 
f 1879/1879/1879 1880/1880/1880 1877/1877/1877 
f 1880/1880/1880 1879/1879/1879 1881/1881/1881 
f 1882/1882/1882 1880/1880/1880 1881/1881/1881 
f 1880/1880/1880 1882/1882/1882 1883/1883/1883 
f 1884/1884/1884 1883/1883/1883 1882/1882/1882 
f 1883/1883/1883 1884/1884/1884 1885/1885/1885 
f 1886/1886/1886 1885/1885/1885 1884/1884/1884 
f 1885/1885/1885 1886/1886/1886 1887/1887/1887 
f 1888/1888/1888 1889/1889/1889 1890/1890/1890 
f 1889/1889/1889 1888/1888/1888 1891/1891/1891 
f 1891/1891/1891 1892/1892/1892 1889/1889/1889 
f 1892/1892/1892 1891/1891/1891 1893/1893/1893 
f 1893/1893/1893 1894/1894/1894 1892/1892/1892 
f 1894/1894/1894 1893/1893/1893 1895/1895/1895 
f 1896/1896/1896 1894/1894/1894 1895/1895/1895 
f 1894/1894/1894 1896/1896/1896 1897/1897/1897 
f 1898/1898/1898 1897/1897/1897 1896/1896/1896 
f 1897/1897/1897 1898/1898/1898 1899/1899/1899 

g Mag
# 13236206914

v -550.139 5.88613 -1.01318 
v -549.831 5.64293 -1.00837 
v -549.831 5.88613 -1.01318 
v -550.139 5.64293 -1.00837 
v -549.831 5.40703 -1.02857 
v -550.139 5.40703 -1.02857 
v -549.831 5.18424 -1.09364 
v -550.139 5.18424 -1.09364 
v -549.831 4.97456 -1.20358 
v -550.139 4.97456 -1.20358 
v -549.831 4.77218 -1.33854 
v -550.139 4.77218 -1.33854 
v -550.17 4.65255 -1.31171 
v -549.8 4.65255 -1.31171 
v -550.17 4.5238 -1.34937 
v -549.8 4.5238 -1.34937 
v -549.8 4.65255 -1.31171 
v -550.17 4.65255 -1.31171 
v -549.831 5.88613 -1.01318 
v -549.831 6.09314 -1.72194 
v -550.139 6.09314 -1.72194 
v -550.139 5.88613 -1.01318 
v -550.139 4.9792 -2.0473 
v -549.831 4.9792 -2.0473 
v -549.8 4.90096 -2.16223 
v -550.17 4.90096 -2.16223 
v -549.831 5.88613 -1.01318 
v -549.831 6.09314 -1.72194 
v -549.8 4.90096 -2.16223 
v -549.831 4.77218 -1.33854 
v -550.139 5.61405 -1.73733 
v -550.17 4.5238 -1.34937 
v -550.17 4.90096 -2.16223 
v -550.17 4.77222 -2.19989 
v -550.17 4.65255 -1.31171 
v -550.139 5.84994 -1.71713 
v -550.139 5.88613 -1.01318 
v -550.139 6.09314 -1.72194 
v -550.139 5.64293 -1.00837 
v -550.139 5.61405 -1.73733 
v -550.139 5.40703 -1.02857 
v -550.139 5.39126 -1.80241 
v -550.139 5.18424 -1.09364 
v -550.139 4.97456 -1.20358 
v -550.139 5.18157 -1.91234 
v -550.139 4.77218 -1.33854 
v -550.139 4.9792 -2.0473 
v -550.17 4.65255 -1.31171 
v -550.17 4.90096 -2.16223 
v -549.8 4.77222 -2.19989 
v -550.17 4.90096 -2.16223 
v -549.8 4.90096 -2.16223 
v -550.17 4.77222 -2.19989 
v -549.831 6.09314 -1.72194 
v -549.831 5.84994 -1.71713 
v -550.139 5.84994 -1.71713 
v -550.139 6.09314 -1.72194 
v -550.139 5.61405 -1.73733 
v -549.831 5.61405 -1.73733 
v -550.139 5.39126 -1.80241 
v -549.831 5.39126 -1.80241 
v -550.139 5.18157 -1.91234 
v -549.831 5.18157 -1.91234 
v -550.139 4.9792 -2.0473 
v -549.831 4.9792 -2.0473 
v -549.8 4.77222 -2.19989 
v -549.8 4.5238 -1.34937 
v -550.17 4.5238 -1.34937 
v -550.17 4.77222 -2.19989 
v -549.831 5.88613 -1.01318 
v -549.831 6.09314 -1.72194 
v -549.8 4.90096 -2.16223 
v -549.831 4.77218 -1.33854 
v -550.139 5.61405 -1.73733 
v -549.8 4.5238 -1.34937 
v -549.8 4.90096 -2.16223 
v -549.8 4.65255 -1.31171 
v -549.8 4.77222 -2.19989 
v -549.831 5.88613 -1.01318 
v -549.831 5.84994 -1.71713 
v -549.831 6.09314 -1.72194 
v -549.831 5.64293 -1.00837 
v -549.831 5.61405 -1.73733 
v -549.831 5.40703 -1.02857 
v -549.831 5.39126 -1.80241 
v -549.831 5.18424 -1.09364 
v -549.831 4.97456 -1.20358 
v -549.831 5.18157 -1.91234 
v -549.831 4.77218 -1.33854 
v -549.831 4.9792 -2.0473 
v -549.8 4.65255 -1.31171 
v -549.8 4.90096 -2.16223 

vn 0 0.023622 1 
vn 0 -0.0314961 1 
vn 0 0.023622 1 
vn 0 -0.0314961 1 
vn 0 -0.181102 0.984252 
vn 0 -0.181102 0.984252 
vn 0 -0.377953 0.929134 
vn 0 -0.377953 0.929134 
vn 0 -0.511811 0.858268 
vn 0 -0.511811 0.858268 
vn 0 -0.149606 0.992126 
vn 0 -0.149606 0.992126 
vn 0 0.220472 0.976378 
vn 0 0.220472 0.976378 
vn 0 -0.283465 0.96063 
vn 0 -0.283465 0.96063 
vn 0 -0.283465 0.96063 
vn 0 -0.283465 0.96063 
vn 0 0.96063 0.283465 
vn 0 0.96063 0.283465 
vn 0 0.96063 0.283465 
vn 0 0.96063 0.283465 
vn 0 0.708661 -0.700787 
vn 0 0.708661 -0.700787 
vn 0 0.826772 -0.559055 
vn 0 0.826772 -0.559055 
vn 0 0.96063 0.283465 
vn 0 0.96063 0.283465 
vn 0 0.283465 -0.96063 
vn 0 -0.149606 0.992126 
vn 0 0.181102 -0.984252 
vn -1 0 0 
vn -1 0 0 
vn -1 0 0 
vn -1 0 0 
vn -1 0 0 
vn -1 0 0 
vn -1 0 0 
vn -1 0 0 
vn -1 0 0 
vn -1 0 0 
vn -1 0 0 
vn -1 0 0 
vn -1 0 0 
vn -1 0 0 
vn -0.992126 0.141732 0.0393701 
vn -0.984252 0.173228 0.0472441 
vn -0.96063 0.267717 0.0787402 
vn -0.96063 0.267717 0.0787402 
vn 0 0.283465 -0.96063 
vn 0 0.283465 -0.96063 
vn 0 0.283465 -0.96063 
vn 0 0.283465 -0.96063 
vn 0 -0.023622 -1 
vn 0 0.0314961 -1 
vn 0 0.0314961 -1 
vn 0 -0.023622 -1 
vn 0 0.181102 -0.984252 
vn 0 0.181102 -0.984252 
vn 0 0.370079 -0.929134 
vn 0 0.370079 -0.929134 
vn 0 0.511811 -0.858268 
vn 0 0.511811 -0.858268 
vn 0 0.708661 -0.700787 
vn 0 0.708661 -0.700787 
vn 0 -0.96063 -0.283465 
vn 0 -0.96063 -0.283465 
vn 0 -0.96063 -0.283465 
vn 0 -0.96063 -0.283465 
vn 0 0.96063 0.283465 
vn 0 0.96063 0.283465 
vn 0 0.283465 -0.96063 
vn 0 -0.149606 0.992126 
vn 0 0.181102 -0.984252 
vn 1 0 0 
vn 1 0 0 
vn 1 0 0 
vn 1 0 0 
vn 1 0 0 
vn 1 0 0 
vn 1 0 0 
vn 1 0 0 
vn 1 0 0 
vn 1 0 0 
vn 1 0 0 
vn 1 0 0 
vn 1 0 0 
vn 1 0 0 
vn 0.992126 0.141732 0.0393701 
vn 0.984252 0.173228 0.0472441 
vn 0.96063 0.267717 0.0787402 
vn 0.96063 0.267717 0.0787402 

vt 39.9808 -52.9278 
vt 40.0192 -52.9582 
vt 40.0192 -52.9278 
vt 39.9808 -52.9582 
vt 40.0192 -52.9877 
vt 39.9808 -52.9877 
vt 40.0192 -53.0155 
vt 39.9808 -53.0155 
vt 40.0192 -53.0417 
vt 39.9808 -53.0417 
vt 40.0192 -53.067 
vt 39.9808 -53.067 
vt 39.9769 -53.082 
vt 40.0231 -53.082 
vt 39.9769 -53.0981 
vt 40.0231 -53.0981 
vt 40.0231 -53.082 
vt 39.9769 -53.082 
vt 39.9261 -53.0192 
vt 40.0147 -53.0192 
vt 40.0147 -52.9808 
vt 39.9261 -52.9808 
vt 40.0554 -52.9808 
vt 40.0554 -53.0192 
vt 40.0698 -53.0231 
vt 40.0698 -52.9769 
vt 40.0739 -52.9278 
vt 39.9853 -52.9019 
vt 39.9302 -53.0509 
vt 40.0332 -53.067 
vt 39.9833 -52.9618 
vt 40.0318 -53.0981 
vt 39.9302 -53.0509 
vt 39.9255 -53.067 
vt 40.0366 -53.082 
vt 39.9859 -52.9323 
vt 40.0739 -52.9278 
vt 39.9853 -52.9019 
vt 40.0745 -52.9582 
vt 39.9833 -52.9618 
vt 40.0719 -52.9877 
vt 39.9752 -52.9897 
vt 40.0638 -53.0155 
vt 40.0501 -53.0417 
vt 39.9615 -53.0159 
vt 40.0332 -53.067 
vt 39.9446 -53.0412 
vt 40.0366 -53.082 
vt 39.9302 -53.0509 
vt 39.9769 -53.067 
vt 40.0231 -53.0509 
vt 39.9769 -53.0509 
vt 40.0231 -53.067 
vt 39.9808 -52.9019 
vt 39.9808 -52.9323 
vt 40.0192 -52.9323 
vt 40.0192 -52.9019 
vt 40.0192 -52.9618 
vt 39.9808 -52.9618 
vt 40.0192 -52.9897 
vt 39.9808 -52.9897 
vt 40.0192 -53.0159 
vt 39.9808 -53.0159 
vt 40.0192 -53.0412 
vt 39.9808 -53.0412 
vt 39.9255 -53.0231 
vt 40.0318 -53.0231 
vt 40.0318 -52.9769 
vt 39.9255 -52.9769 
vt 39.9261 -52.9278 
vt 40.0147 -52.9019 
vt 40.0698 -53.0509 
vt 39.9668 -53.067 
vt 40.0167 -52.9618 
vt 39.9682 -53.0981 
vt 40.0698 -53.0509 
vt 39.9634 -53.082 
vt 40.0745 -53.067 
vt 39.9261 -52.9278 
vt 40.0141 -52.9323 
vt 40.0147 -52.9019 
vt 39.9255 -52.9582 
vt 40.0167 -52.9618 
vt 39.9281 -52.9877 
vt 40.0248 -52.9897 
vt 39.9362 -53.0155 
vt 39.9499 -53.0417 
vt 40.0385 -53.0159 
vt 39.9668 -53.067 
vt 40.0554 -53.0412 
vt 39.9634 -53.082 
vt 40.0698 -53.0509 

usemtl Meshpart7Mtl

f 1900/1900/1900 1901/1901/1901 1902/1902/1902 
f 1901/1901/1901 1900/1900/1900 1903/1903/1903 
f 1903/1903/1903 1904/1904/1904 1901/1901/1901 
f 1904/1904/1904 1903/1903/1903 1905/1905/1905 
f 1904/1904/1904 1905/1905/1905 1906/1906/1906 
f 1906/1906/1906 1905/1905/1905 1907/1907/1907 
f 1906/1906/1906 1907/1907/1907 1908/1908/1908 
f 1908/1908/1908 1907/1907/1907 1909/1909/1909 
f 1908/1908/1908 1909/1909/1909 1910/1910/1910 
f 1910/1910/1910 1909/1909/1909 1911/1911/1911 
f 1910/1910/1910 1911/1911/1911 1912/1912/1912 
f 1912/1912/1912 1913/1913/1913 1910/1910/1910 
f 1914/1914/1914 1915/1915/1915 1916/1916/1916 
f 1916/1916/1916 1917/1917/1917 1914/1914/1914 
f 1918/1918/1918 1919/1919/1919 1920/1920/1920 
f 1918/1918/1918 1920/1920/1920 1921/1921/1921 
f 1924/1924/1924 1922/1922/1922 1923/1923/1923 
f 1922/1922/1922 1924/1924/1924 1925/1925/1925 
f 1931/1931/1931 1932/1932/1932 1933/1933/1933 
f 1932/1932/1932 1931/1931/1931 1934/1934/1934 
f 1935/1935/1935 1936/1936/1936 1937/1937/1937 
f 1936/1936/1936 1935/1935/1935 1938/1938/1938 
f 1939/1939/1939 1938/1938/1938 1935/1935/1935 
f 1938/1938/1938 1939/1939/1939 1940/1940/1940 
f 1941/1941/1941 1940/1940/1940 1939/1939/1939 
f 1940/1940/1940 1941/1941/1941 1942/1942/1942 
f 1943/1943/1943 1942/1942/1942 1941/1941/1941 
f 1944/1944/1944 1943/1943/1943 1941/1941/1941 
f 1945/1945/1945 1943/1943/1943 1944/1944/1944 
f 1946/1946/1946 1945/1945/1945 1944/1944/1944 
f 1946/1946/1946 1947/1947/1947 1945/1945/1945 
f 1947/1947/1947 1946/1946/1946 1948/1948/1948 
f 1949/1949/1949 1950/1950/1950 1951/1951/1951 
f 1950/1950/1950 1949/1949/1949 1952/1952/1952 
f 1953/1953/1953 1954/1954/1954 1955/1955/1955 
f 1953/1953/1953 1955/1955/1955 1956/1956/1956 
f 1954/1954/1954 1957/1957/1957 1955/1955/1955 
f 1954/1954/1954 1958/1958/1958 1957/1957/1957 
f 1958/1958/1958 1959/1959/1959 1957/1957/1957 
f 1958/1958/1958 1960/1960/1960 1959/1959/1959 
f 1960/1960/1960 1961/1961/1961 1959/1959/1959 
f 1960/1960/1960 1962/1962/1962 1961/1961/1961 
f 1962/1962/1962 1963/1963/1963 1961/1961/1961 
f 1962/1962/1962 1964/1964/1964 1963/1963/1963 
f 1965/1965/1965 1966/1966/1966 1967/1967/1967 
f 1965/1965/1965 1967/1967/1967 1968/1968/1968 
f 1974/1974/1974 1975/1975/1975 1976/1976/1976 
f 1975/1975/1975 1974/1974/1974 1977/1977/1977 
f 1978/1978/1978 1979/1979/1979 1980/1980/1980 
f 1979/1979/1979 1978/1978/1978 1981/1981/1981 
f 1981/1981/1981 1982/1982/1982 1979/1979/1979 
f 1982/1982/1982 1981/1981/1981 1983/1983/1983 
f 1983/1983/1983 1984/1984/1984 1982/1982/1982 
f 1984/1984/1984 1983/1983/1983 1985/1985/1985 
f 1986/1986/1986 1984/1984/1984 1985/1985/1985 
f 1984/1984/1984 1986/1986/1986 1987/1987/1987 
f 1988/1988/1988 1987/1987/1987 1986/1986/1986 
f 1987/1987/1987 1988/1988/1988 1989/1989/1989 
f 1990/1990/1990 1989/1989/1989 1988/1988/1988 
f 1990/1990/1990 1991/1991/1991 1989/1989/1989 

