# This file is brought to you by Roblox Corporation
# Generated by Roblox Studio

mtllib Smoke Grenade.mtl

g Meshpart1

v -169.208 6.59143 -0.448433 
v -169.208 6.59143 -0.16613 
v -169.229 6.5406 -0.448433 
v -169.229 6.5406 -0.16613 
v -169.107 6.48976 -0.16613 
v -169.208 6.48976 -0.448433 
v -169.107 6.48976 -0.448433 
v -169.208 6.48976 -0.16613 
v -168.914 6.36644 -0.1725 
v -169.015 6.36644 -0.44501 
v -168.914 6.36644 -0.44501 
v -169.015 6.36644 -0.1725 
v -169.036 6.31561 -0.44501 
v -169.036 6.31561 -0.1725 
v -169.015 6.26477 -0.44501 
v -169.015 6.26477 -0.1725 
v -169.107 6.59143 -0.16613 
v -169.157 6.61249 -0.448433 
v -169.157 6.61249 -0.16613 
v -169.208 6.59143 -0.448433 
v -169.107 6.59143 -0.448433 
v -169.208 6.59143 -0.16613 
v -169.229 6.5406 -0.448433 
v -168.914 6.36644 -0.1725 
v -168.965 6.3875 -0.44501 
v -168.965 6.3875 -0.1725 
v -169.015 6.36644 -0.44501 
v -168.914 6.36644 -0.44501 
v -169.015 6.36644 -0.1725 
v -169.107 6.48976 -0.448433 
v -169.107 6.59143 -0.448433 
v -169.085 6.5406 -0.448433 
v -169.157 6.61249 -0.448433 
v -169.157 6.4687 -0.448433 
v -169.208 6.48976 -0.448433 
v -169.208 6.59143 -0.448433 
v -169.229 6.5406 -0.448433 
v -169.015 6.26477 -0.44501 
v -168.893 6.31561 -0.44501 
v -168.914 6.26477 -0.44501 
v -168.965 6.24372 -0.44501 
v -168.965 6.3875 -0.44501 
v -168.914 6.36644 -0.44501 
v -169.015 6.36644 -0.44501 
v -169.036 6.31561 -0.44501 
v -169.107 6.59143 -0.16613 
v -169.107 6.59143 -0.448433 
v -169.208 6.59143 -0.16613 
v -169.085 6.5406 -0.16613 
v -169.229 6.5406 -0.448433 
v -169.085 6.5406 -0.448433 
v -169.107 6.48976 -0.16613 
v -169.107 6.48976 -0.448433 
v -168.914 6.36644 -0.1725 
v -168.914 6.36644 -0.44501 
v -168.893 6.31561 -0.1725 
v -168.893 6.31561 -0.44501 
v -168.914 6.26477 -0.1725 
v -168.914 6.26477 -0.44501 
v -169.208 6.59143 -0.16613 
v -169.229 6.5406 -0.448433 
v -169.107 6.48976 -0.16613 
v -169.208 6.48976 -0.448433 
v -169.107 6.48976 -0.448433 
v -169.208 6.48976 -0.16613 
v -169.157 6.4687 -0.16613 
v -169.157 6.4687 -0.448433 
v -169.036 6.31561 -0.44501 
v -169.036 6.31561 -0.1725 
v -168.914 6.26477 -0.1725 
v -169.015 6.26477 -0.44501 
v -168.914 6.26477 -0.44501 
v -169.015 6.26477 -0.1725 
v -168.965 6.24372 -0.1725 
v -168.965 6.24372 -0.44501 
v -169.229 6.5406 -0.16613 
v -169.157 6.61249 -0.16613 
v -169.208 6.59143 -0.16613 
v -169.157 6.4687 -0.16613 
v -169.208 6.48976 -0.16613 
v -169.107 6.59143 -0.16613 
v -169.107 6.48976 -0.16613 
v -169.085 6.5406 -0.16613 
v -169.015 6.26477 -0.1725 
v -168.965 6.3875 -0.1725 
v -169.015 6.36644 -0.1725 
v -169.036 6.31561 -0.1725 
v -168.893 6.31561 -0.1725 
v -168.914 6.36644 -0.1725 
v -168.914 6.26477 -0.1725 
v -168.965 6.24372 -0.1725 

vn -0.708661 0.708661 0 
vn -0.708661 0.708661 0 
vn -1 0 0 
vn -1 0 0 
vn 0.708661 -0.708661 0 
vn -0.708661 -0.708661 0 
vn 0.708661 -0.708661 0 
vn -0.708661 -0.708661 0 
vn 0.708661 0.708661 0 
vn -0.708661 0.708661 0 
vn 0.708661 0.708661 0 
vn -0.708661 0.708661 0 
vn -1 0 0 
vn -1 0 0 
vn -0.708661 -0.708661 0 
vn -0.708661 -0.708661 0 
vn 0.708661 0.708661 0 
vn 0 1 0 
vn 0 1 0 
vn -0.708661 0.708661 0 
vn 0.708661 0.708661 0 
vn -0.708661 0.708661 0 
vn -1 0 0 
vn 0.708661 0.708661 0 
vn 0 1 0 
vn 0 1 0 
vn -0.708661 0.708661 0 
vn 0.708661 0.708661 0 
vn -0.708661 0.708661 0 
vn 0 0 -1 
vn 0 0 -1 
vn 0 0 -1 
vn 0 0 -1 
vn 0 0 -1 
vn 0 0 -1 
vn 0 0 -1 
vn 0 0 -1 
vn 0 0 -1 
vn 0 0 -1 
vn 0 0 -1 
vn 0 0 -1 
vn 0 0 -1 
vn 0 0 -1 
vn 0 0 -1 
vn 0 0 -1 
vn 0.708661 0.708661 0 
vn 0.708661 0.708661 0 
vn -0.708661 0.708661 0 
vn 1 0 0 
vn -1 0 0 
vn 1 0 0 
vn 0.708661 -0.708661 0 
vn 0.708661 -0.708661 0 
vn 0.708661 0.708661 0 
vn 0.708661 0.708661 0 
vn 1 0 0 
vn 1 0 0 
vn 0.708661 -0.708661 0 
vn 0.708661 -0.708661 0 
vn -0.708661 0.708661 0 
vn -1 0 0 
vn 0.708661 -0.708661 0 
vn -0.708661 -0.708661 0 
vn 0.708661 -0.708661 0 
vn -0.708661 -0.708661 0 
vn 0 -1 0 
vn 0 -1 0 
vn -1 0 0 
vn -1 0 0 
vn 0.708661 -0.708661 0 
vn -0.708661 -0.708661 0 
vn 0.708661 -0.708661 0 
vn -0.708661 -0.708661 0 
vn 0 -1 0 
vn 0 -1 0 
vn 0 0 1 
vn 0 0 1 
vn 0 0 1 
vn 0 0 1 
vn 0 0 1 
vn 0 0 1 
vn 0 0 1 
vn 0 0 1 
vn 0 0 1 
vn 0 0 1 
vn 0 0 1 
vn 0 0 1 
vn 0 0 1 
vn 0 0 1 
vn 0 0 1 
vn 0 0 1 

vt 13.9824 -26.9796 
vt 14.0176 -26.9796 
vt 13.9824 -26.9859 
vt 14.0176 -26.9859 
vt 14.0176 -26.9923 
vt 13.9824 -26.9923 
vt 13.9824 -26.9923 
vt 14.0176 -26.9923 
vt 14.0168 -27.0077 
vt 13.9828 -27.0077 
vt 13.9828 -27.0077 
vt 14.0168 -27.0077 
vt 13.9828 -27.0141 
vt 14.0168 -27.0141 
vt 13.9828 -27.0204 
vt 14.0168 -27.0204 
vt 13.9943 -27.0176 
vt 13.9879 -26.9824 
vt 13.9879 -27.0176 
vt 13.9816 -26.9824 
vt 13.9943 -26.9824 
vt 13.9816 -27.0176 
vt 13.979 -26.9824 
vt 14.0184 -27.0168 
vt 14.0121 -26.9828 
vt 14.0121 -27.0168 
vt 14.0057 -26.9828 
vt 14.0184 -26.9828 
vt 14.0057 -27.0168 
vt 14.0057 -26.9923 
vt 14.0057 -26.9796 
vt 14.0031 -26.9859 
vt 14.0121 -26.977 
vt 14.0121 -26.9949 
vt 14.0184 -26.9923 
vt 14.0184 -26.9796 
vt 14.021 -26.9859 
vt 13.9943 -27.0204 
vt 13.979 -27.0141 
vt 13.9816 -27.0204 
vt 13.9879 -27.023 
vt 13.9879 -27.0051 
vt 13.9816 -27.0077 
vt 13.9943 -27.0077 
vt 13.9969 -27.0141 
vt 13.9824 -26.9796 
vt 14.0176 -26.9796 
vt 13.9824 -26.9796 
vt 13.9824 -26.9859 
vt 14.0176 -26.9859 
vt 14.0176 -26.9859 
vt 13.9824 -26.9923 
vt 14.0176 -26.9923 
vt 13.9832 -27.0077 
vt 14.0172 -27.0077 
vt 13.9832 -27.0141 
vt 14.0172 -27.0141 
vt 13.9832 -27.0204 
vt 14.0172 -27.0204 
vt 14.0184 -27.0176 
vt 14.021 -26.9824 
vt 14.0057 -27.0176 
vt 14.0184 -26.9824 
vt 14.0057 -26.9824 
vt 14.0184 -27.0176 
vt 14.0121 -27.0176 
vt 14.0121 -26.9824 
vt 13.9969 -26.9828 
vt 13.9969 -27.0168 
vt 13.9816 -27.0168 
vt 13.9943 -26.9828 
vt 13.9816 -26.9828 
vt 13.9943 -27.0168 
vt 13.9879 -27.0168 
vt 13.9879 -26.9828 
vt 13.979 -26.9859 
vt 13.9879 -26.977 
vt 13.9816 -26.9796 
vt 13.9879 -26.9949 
vt 13.9816 -26.9923 
vt 13.9943 -26.9796 
vt 13.9943 -26.9923 
vt 13.9969 -26.9859 
vt 14.0057 -27.0204 
vt 14.0121 -27.0051 
vt 14.0057 -27.0077 
vt 14.0031 -27.0141 
vt 14.021 -27.0141 
vt 14.0184 -27.0077 
vt 14.0184 -27.0204 
vt 14.0121 -27.023 

usemtl Meshpart1Mtl

f 3/3/3 2/2/2 1/1/1 
f 2/2/2 3/3/3 4/4/4 
f 6/6/6 4/4/4 3/3/3 
f 4/4/4 6/6/6 8/8/8 
f 13/13/13 12/12/12 10/10/10 
f 12/12/12 13/13/13 14/14/14 
f 15/15/15 14/14/14 13/13/13 
f 14/14/14 15/15/15 16/16/16 
f 17/17/17 18/18/18 19/19/19 
f 20/20/20 19/19/19 18/18/18 
f 18/18/18 17/17/17 21/21/21 
f 19/19/19 20/20/20 22/22/22 
f 24/24/24 25/25/25 26/26/26 
f 27/27/27 26/26/26 25/25/25 
f 25/25/25 24/24/24 28/28/28 
f 26/26/26 27/27/27 29/29/29 
f 30/30/30 31/31/31 32/32/32 
f 30/30/30 33/33/33 31/31/31 
f 34/34/34 33/33/33 30/30/30 
f 33/33/33 34/34/34 35/35/35 
f 35/35/35 36/36/36 33/33/33 
f 36/36/36 35/35/35 37/37/37 
f 38/38/38 39/39/39 40/40/40 
f 38/38/38 40/40/40 41/41/41 
f 42/42/42 39/39/39 38/38/38 
f 39/39/39 42/42/42 43/43/43 
f 38/38/38 44/44/44 42/42/42 
f 44/44/44 38/38/38 45/45/45 
f 49/49/49 47/47/47 46/46/46 
f 47/47/47 49/49/49 51/51/51 
f 52/52/52 51/51/51 49/49/49 
f 51/51/51 52/52/52 53/53/53 
f 56/56/56 55/55/55 54/54/54 
f 55/55/55 56/56/56 57/57/57 
f 58/58/58 57/57/57 56/56/56 
f 57/57/57 58/58/58 59/59/59 
f 66/66/66 64/64/64 62/62/62 
f 67/67/67 65/65/65 63/63/63 
f 64/64/64 66/66/66 67/67/67 
f 65/65/65 67/67/67 66/66/66 
f 74/74/74 72/72/72 70/70/70 
f 75/75/75 73/73/73 71/71/71 
f 72/72/72 74/74/74 75/75/75 
f 73/73/73 75/75/75 74/74/74 
f 76/76/76 77/77/77 78/78/78 
f 77/77/77 76/76/76 79/79/79 
f 79/79/79 76/76/76 80/80/80 
f 77/77/77 79/79/79 81/81/81 
f 81/81/81 79/79/79 82/82/82 
f 81/81/81 82/82/82 83/83/83 
f 84/84/84 85/85/85 86/86/86 
f 84/84/84 86/86/86 87/87/87 
f 84/84/84 88/88/88 85/85/85 
f 85/85/85 88/88/88 89/89/89 
f 88/88/88 84/84/84 90/90/90 
f 90/90/90 84/84/84 91/91/91 

g Meshpart2

v -169.586 6.15891 -0.204595 
v -169.571 6.56925 -0.204595 
v -169.571 6.56925 -0.412427 
v -169.586 6.15891 -0.412427 
v -169.575 6.63494 -0.434281 
v -169.575 6.53402 -0.182723 
v -169.575 6.63494 -0.182723 
v -169.575 6.53402 -0.434281 
v -169.124 6.30553 -0.182723 
v -169.262 6.47309 -0.182723 
v -169.262 6.47309 -0.434281 
v -169.124 6.30553 -0.434281 
v -168.682 5.92471 -0.434281 
v -168.682 5.92471 -0.182723 
v -168.614 5.12214 -0.260597 
v -168.614 5.12214 -0.356409 
v -169.571 6.56925 -0.204595 
v -169.083 6.55402 -0.204595 
v -169.083 6.55402 -0.412427 
v -169.571 6.56925 -0.412427 
v -169.575 6.63494 -0.182723 
v -169.002 6.63494 -0.182723 
v -169.002 6.63494 -0.434281 
v -169.575 6.63494 -0.434281 
v -169.575 6.63494 -0.434281 
v -169.262 6.47309 -0.434281 
v -169.575 6.53402 -0.434281 
v -169.002 6.63494 -0.434281 
v -169.124 6.30553 -0.434281 
v -168.561 6.0561 -0.434281 
v -168.682 5.92471 -0.434281 
v -168.568 5.12214 -0.356409 
v -168.614 5.12214 -0.356409 
v -169.083 6.32552 -0.412427 
v -169.571 6.56925 -0.412427 
v -169.083 6.55402 -0.412427 
v -169.281 6.15891 -0.412427 
v -169.586 6.15891 -0.412427 
v -169.002 6.63494 -0.182723 
v -169.002 6.63494 -0.434281 
v -168.561 6.0561 -0.182723 
v -168.561 6.0561 -0.434281 
v -168.568 5.12214 -0.260597 
v -168.568 5.12214 -0.356409 
v -169.083 6.55402 -0.204595 
v -169.083 6.32552 -0.204595 
v -169.083 6.55402 -0.412427 
v -169.083 6.32552 -0.412427 
v -169.281 6.15891 -0.204595 
v -169.586 6.15891 -0.204595 
v -169.586 6.15891 -0.412427 
v -169.281 6.15891 -0.412427 
v -169.124 6.30553 -0.182723 
v -169.262 6.47309 -0.182723 
v -169.262 6.47309 -0.434281 
v -169.575 6.53402 -0.434281 
v -169.575 6.53402 -0.182723 
v -169.124 6.30553 -0.434281 
v -168.682 5.92471 -0.434281 
v -168.682 5.92471 -0.182723 
v -169.083 6.32552 -0.204595 
v -169.281 6.15891 -0.204595 
v -169.281 6.15891 -0.412427 
v -169.083 6.32552 -0.412427 
v -169.575 6.63494 -0.182723 
v -169.262 6.47309 -0.182723 
v -169.002 6.63494 -0.182723 
v -169.575 6.53402 -0.182723 
v -169.124 6.30553 -0.182723 
v -168.561 6.0561 -0.182723 
v -168.682 5.92471 -0.182723 
v -168.568 5.12214 -0.260597 
v -168.614 5.12214 -0.260597 
v -169.571 6.56925 -0.204595 
v -169.083 6.32552 -0.204595 
v -169.083 6.55402 -0.204595 
v -169.281 6.15891 -0.204595 
v -169.586 6.15891 -0.204595 

vn -1 0.0393701 0 
vn -1 0.0393701 0 
vn -1 0.0393701 0 
vn -1 0.0393701 0 
vn -1 0 0 
vn -1 0 0 
vn -1 0 0 
vn -1 0 0 
vn -0.716535 -0.700787 0 
vn -0.511811 -0.858268 0 
vn -0.511811 -0.858268 0 
vn -0.716535 -0.700787 0 
vn -0.88189 -0.464567 0 
vn -0.88189 -0.464567 0 
vn -1 -0.0866142 0 
vn -1 -0.0866142 0 
vn 0.0314961 1 0 
vn 0.0314961 1 0 
vn 0.0314961 1 0 
vn 0.0314961 1 0 
vn 0 1 0 
vn 0.440945 0.897638 0 
vn 0.440945 0.897638 0 
vn 0 1 0 
vn 0 0 -1 
vn 0 0 -1 
vn 0 0 -1 
vn 0 0 -1 
vn 0 0 -1 
vn 0.023622 -0.023622 -1 
vn 0.0393701 -0.0551181 -1 
vn 0.0708661 -0.0866142 -0.992126 
vn 0.0708661 -0.0866142 -0.992126 
vn 0 0 -1 
vn 0 0 -1 
vn 0 0 -1 
vn 0 0 -1 
vn 0 0 -1 
vn 0.440945 0.897638 0 
vn 0.440945 0.897638 0 
vn 0.944882 0.322835 0 
vn 0.944882 0.322835 0 
vn 1 -0.00787402 0 
vn 1 -0.00787402 0 
vn 1 0 0 
vn 1 0 0 
vn 1 0 0 
vn 1 0 0 
vn 0 -1 0 
vn 0 -1 0 
vn 0 -1 0 
vn 0 -1 0 
vn -0.716535 -0.700787 0 
vn -0.511811 -0.858268 0 
vn -0.511811 -0.858268 0 
vn -0.188976 -0.984252 0 
vn -0.188976 -0.984252 0 
vn -0.716535 -0.700787 0 
vn -0.88189 -0.464567 0 
vn -0.88189 -0.464567 0 
vn 0.645669 -0.76378 0 
vn 0.645669 -0.76378 0 
vn 0.645669 -0.76378 0 
vn 0.645669 -0.76378 0 
vn 0 0 1 
vn 0 0 1 
vn 0 0 1 
vn 0 0 1 
vn 0 0 1 
vn 0.023622 -0.023622 1 
vn 0.0393701 -0.0551181 1 
vn 0.0708661 -0.0866142 0.992126 
vn 0.0708661 -0.0866142 0.992126 
vn 0 0 1 
vn 0 0 1 
vn 0 0 1 
vn 0 0 1 
vn 0 0 1 

vt 26.013 -48.965 
vt 26.013 -48.9137 
vt 25.987 -48.9137 
vt 25.987 -48.965 
vt 25.9843 -48.9054 
vt 26.0157 -48.9181 
vt 26.0157 -48.9054 
vt 25.9843 -48.9181 
vt 26.0157 -48.9466 
vt 26.0157 -48.9257 
vt 25.9843 -48.9257 
vt 25.9843 -48.9466 
vt 25.9843 -48.9942 
vt 26.0157 -48.9942 
vt 26.006 -49.0946 
vt 25.994 -49.0946 
vt 25.9378 -49.013 
vt 25.9988 -49.013 
vt 25.9988 -48.987 
vt 25.9378 -48.987 
vt 25.9372 -49.0157 
vt 26.0089 -49.0157 
vt 26.0089 -48.9843 
vt 25.9372 -48.9843 
vt 26.0628 -48.9054 
vt 26.0237 -48.9257 
vt 26.0628 -48.9181 
vt 25.9911 -48.9054 
vt 26.0064 -48.9466 
vt 25.9359 -48.9778 
vt 25.9511 -48.9942 
vt 25.9368 -49.0946 
vt 25.9426 -49.0946 
vt 26.0012 -48.9441 
vt 26.0622 -48.9137 
vt 26.0012 -48.9156 
vt 26.026 -48.965 
vt 26.0641 -48.965 
vt 25.9843 -48.9054 
vt 26.0157 -48.9054 
vt 25.9843 -48.9778 
vt 26.0157 -48.9778 
vt 25.994 -49.0946 
vt 26.006 -49.0946 
vt 25.987 -48.9156 
vt 25.987 -48.9441 
vt 26.013 -48.9156 
vt 26.013 -48.9441 
vt 26.026 -49.013 
vt 26.0641 -49.013 
vt 26.0641 -48.987 
vt 26.026 -48.987 
vt 26.0064 -49.0157 
vt 26.0237 -49.0157 
vt 26.0237 -48.9843 
vt 26.0628 -48.9843 
vt 26.0628 -49.0157 
vt 26.0064 -48.9843 
vt 25.9511 -48.9843 
vt 25.9511 -49.0157 
vt 26.0012 -49.013 
vt 26.026 -49.013 
vt 26.026 -48.987 
vt 26.0012 -48.987 
vt 25.9372 -48.9054 
vt 25.9763 -48.9257 
vt 26.0089 -48.9054 
vt 25.9372 -48.9181 
vt 25.9936 -48.9466 
vt 26.0641 -48.9778 
vt 26.0489 -48.9942 
vt 26.0632 -49.0946 
vt 26.0574 -49.0946 
vt 25.9378 -48.9137 
vt 25.9988 -48.9441 
vt 25.9988 -48.9156 
vt 25.974 -48.965 
vt 25.9359 -48.965 

usemtl Meshpart2Mtl

f 92/92/92 93/93/93 94/94/94 
f 92/92/92 94/94/94 95/95/95 
f 96/96/96 97/97/97 98/98/98 
f 97/97/97 96/96/96 99/99/99 
f 100/100/100 101/101/101 102/102/102 
f 100/100/100 102/102/102 103/103/103 
f 104/104/104 106/106/106 105/105/105 
f 106/106/106 104/104/104 107/107/107 
f 108/108/108 109/109/109 110/110/110 
f 108/108/108 110/110/110 111/111/111 
f 112/112/112 113/113/113 114/114/114 
f 112/112/112 114/114/114 115/115/115 
f 116/116/116 117/117/117 118/118/118 
f 117/117/117 116/116/116 119/119/119 
f 119/119/119 120/120/120 117/117/117 
f 119/119/119 121/121/121 120/120/120 
f 120/120/120 121/121/121 122/122/122 
f 123/123/123 122/122/122 121/121/121 
f 124/124/124 122/122/122 123/123/123 
f 125/125/125 126/126/126 127/127/127 
f 128/128/128 126/126/126 125/125/125 
f 126/126/126 128/128/128 129/129/129 
f 132/132/132 131/131/131 130/130/130 
f 131/131/131 132/132/132 133/133/133 
f 134/134/134 133/133/133 132/132/132 
f 133/133/133 134/134/134 135/135/135 
f 136/136/136 137/137/137 138/138/138 
f 137/137/137 139/139/139 138/138/138 
f 140/140/140 141/141/141 142/142/142 
f 140/140/140 142/142/142 143/143/143 
f 145/145/145 147/147/147 146/146/146 
f 145/145/145 148/148/148 147/147/147 
f 149/149/149 150/150/150 144/144/144 
f 151/151/151 144/144/144 150/150/150 
f 152/152/152 153/153/153 154/154/154 
f 152/152/152 154/154/154 155/155/155 
f 156/156/156 157/157/157 158/158/158 
f 157/157/157 156/156/156 159/159/159 
f 160/160/160 158/158/158 157/157/157 
f 160/160/160 161/161/161 158/158/158 
f 161/161/161 160/160/160 162/162/162 
f 162/162/162 163/163/163 161/161/161 
f 163/163/163 162/162/162 164/164/164 
f 165/165/165 166/166/166 167/167/167 
f 165/165/165 168/168/168 166/166/166 
f 168/168/168 165/165/165 169/169/169 

g Meshpart3

v -169.123 6.36005 -0.216779 
v -169.123 6.40629 -0.235931 
v -169.123 6.40629 -0.105149 
v -169.123 6.45253 -0.216779 
v -169.141 6.36717 -0.209661 
v -169.141 6.44541 -0.209661 
v -169.141 6.40629 -0.225867 
v -169.144 6.40629 -0.215503 
v -169.144 6.3745 -0.202333 
v -169.144 6.43808 -0.202333 
v -169.141 6.46162 -0.170539 
v -169.141 6.44541 -0.131417 
v -168.932 6.05324 0.150893 
v -168.927 6.04188 0.146649 
v -168.917 6.03034 0.148341 
v -169.339 6.02324 0.163699 
v -168.834 6.17922 0.00578462 
v -169.431 6.18044 0.0158146 
v -169.444 6.18781 0.0237706 
v -169.343 6.33764 -0.134705 
v -169.352 6.35168 -0.133137 
v -168.931 6.32568 -0.122709 
v -168.936 6.32925 -0.111067 
v -168.848 6.18378 0.0107806 
v -169.112 6.40629 -0.144493 
v -169.123 6.39004 -0.186791 
v -169.134 6.43234 -0.170539 
v -169.134 6.40629 -0.196585 
v -169.134 6.42471 -0.188957 
v -169.134 6.38787 -0.188957 
v -169.134 6.38024 -0.170539 
v -169.142 6.40629 -0.204755 
v -169.134 6.38787 -0.152123 
v -169.134 6.40629 -0.144493 
v -169.142 6.3821 -0.146345 
v -169.134 6.42471 -0.152123 
v -169.142 6.40629 -0.136325 
v -169.142 6.44051 -0.170539 
v -169.142 6.43048 -0.146345 
v -169.144 6.40629 -0.125575 
v -169.142 6.37207 -0.170539 
v -169.144 6.43808 -0.138745 
v -169.144 6.3745 -0.138745 
v -169.142 6.3821 -0.194733 
v -169.144 6.36133 -0.170539 
v -169.141 6.35096 -0.170539 
v -169.142 6.43048 -0.194733 
v -169.144 6.45125 -0.170539 
v -169.141 6.40629 -0.115213 
v -169.141 6.36717 -0.131417 
v -168.855 6.19125 0.0187566 
v -168.937 6.33594 -0.101785 
v -168.857 6.19904 0.0269986 
v -168.933 6.06214 0.158079 
v -168.932 6.06883 0.167315 
v -168.855 6.20684 0.0351786 
v -168.936 6.34484 -0.0946454 
v -168.847 6.2143 0.0429306 
v -168.93 6.3562 -0.0905594 
v -168.833 6.21886 0.0475286 
v -168.909 6.37485 -0.101869 
v -169.343 6.37485 -0.0955114 
v -168.817 6.21764 0.0460146 
v -168.892 6.03263 0.185495 
v -169.356 6.36546 -0.123665 
v -169.448 6.19904 0.0356746 
v -169.352 6.37415 -0.109473 
v -168.91 6.33764 -0.141063 
v -168.818 6.18044 0.00682263 
v -169.351 6.03263 0.192225 
v -169.347 6.0464 0.201595 
v -169.348 6.02393 0.177931 
v -169.443 6.21027 0.0474326 
v -169.338 6.06044 0.202893 
v -169.43 6.21764 0.0550066 
v -168.926 6.0724 0.178799 
v -169.13 6.39719 -0.444591 
v -169.13 6.39719 -0.211839 
v -169.136 6.40806 -0.211839 
v -169.136 6.40806 -0.444591 
v -169.13 6.41892 -0.211839 
v -169.13 6.41892 -0.444591 
v -169.123 6.40629 -0.235931 
v -169.123 6.40629 -0.105149 
v -169.105 6.44541 -0.209661 
v -169.113 6.45064 -0.214889 
v -169.123 6.45253 -0.216779 
v -169.123 6.47168 -0.170539 
v -169.133 6.45064 -0.214889 
v -169.113 6.46901 -0.170539 
v -169.141 6.44541 -0.209661 
v -169.105 6.46162 -0.170539 
v -169.133 6.46901 -0.170539 
v -169.141 6.46162 -0.170539 
v -169.141 6.44541 -0.131417 
v -169.133 6.45064 -0.126191 
v -169.123 6.45253 -0.124301 
v -169.113 6.45064 -0.126191 
v -169.105 6.44541 -0.131417 
v -169.105 6.36717 -0.131417 
v -169.104 6.3821 -0.194733 
v -169.112 6.38787 -0.188957 
v -169.112 6.38024 -0.170539 
v -169.393 6.19125 0.0266506 
v -169.311 6.06214 0.163615 
v -169.312 6.05324 0.156475 
v -169.121 6.00543 0.214667 
v -169.121 5.99608 0.207937 
v -168.932 6.05324 0.150893 
v -169.327 6.03034 0.154363 
v -168.917 6.03034 0.148341 
v -169.127 6.38641 -0.162529 
v -168.936 6.32925 -0.111067 
v -169.112 6.40629 -0.144493 
v -169.123 6.39004 -0.186791 
v -169.123 6.38331 -0.170539 
v -169.134 6.38787 -0.188957 
v -169.134 6.38024 -0.170539 
v -169.123 6.39004 -0.154289 
v -169.112 6.38787 -0.152123 
v -169.134 6.38787 -0.152123 
v -169.142 6.37207 -0.170539 
v -169.142 6.3821 -0.194733 
v -168.857 6.19904 0.0269986 
v -168.933 6.06214 0.158079 
v -168.932 6.06883 0.167315 
v -168.847 6.2143 0.0429306 
v -168.833 6.21886 0.0475286 
v -169.321 6.3562 -0.0848194 
v -168.92 6.36774 -0.0925334 
v -168.909 6.37485 -0.101869 
v -169.127 6.42941 -0.148055 
v -169.127 6.43996 -0.160491 
v -169.127 6.44203 -0.177213 
v -169.343 6.37485 -0.0955114 
v -169.331 6.36774 -0.0865114 
v -169.414 6.21886 0.0560446 
v -168.9 6.37415 -0.116103 
v -168.897 6.36546 -0.130395 
v -168.804 6.21027 0.0380586 
v -169.127 6.43439 -0.192453 
v -168.817 6.21764 0.0460146 
v -168.905 6.06044 0.196535 
v -169.121 5.99533 0.261515 
v -168.892 6.03263 0.185495 
v -169.356 6.36546 -0.123665 
v -169.352 6.37415 -0.109473 
v -168.91 6.33764 -0.141063 
v -169.351 6.03263 0.192225 
v -169.443 6.21027 0.0474326 
v -169.338 6.06044 0.202893 
v -169.43 6.21764 0.0550066 
v -169.327 6.06997 0.196107 
v -169.121 6.0083 0.251629 
v -169.317 6.0724 0.184539 
v -168.916 6.06997 0.190085 
v -168.926 6.0724 0.178799 
v -169.121 6.01362 0.237455 
v -169.121 6.01167 0.224359 
v -169.312 6.06883 0.172895 
v -169.4 6.2143 0.0510486 
v -169.13 6.41892 -0.211839 
v -169.111 6.40806 -0.444591 
v -169.13 6.41892 -0.444591 
v -169.111 6.40806 -0.211839 
v -169.117 6.41892 -0.211839 
v -169.117 6.41892 -0.444591 
v -169.117 6.39719 -0.444591 
v -169.13 6.41892 -0.444591 
v -169.117 6.41892 -0.444591 
v -169.111 6.40806 -0.444591 
v -169.13 6.39719 -0.444591 
v -169.136 6.40806 -0.444591 
v -169.113 6.36194 -0.214889 
v -169.123 6.36005 -0.216779 
v -169.123 6.40629 -0.235931 
v -169.133 6.36194 -0.214889 
v -169.113 6.40629 -0.233259 
v -169.105 6.36717 -0.209661 
v -169.105 6.40629 -0.225867 
v -169.105 6.44541 -0.209661 
v -169.113 6.45064 -0.214889 
v -169.123 6.45253 -0.216779 
v -169.133 6.45064 -0.214889 
v -169.133 6.40629 -0.233259 
v -169.141 6.36717 -0.209661 
v -169.141 6.44541 -0.209661 
v -169.141 6.40629 -0.225867 
v -169.105 6.44541 -0.131417 
v -169.393 6.19125 0.0266506 
v -169.311 6.06214 0.163615 
v -169.312 6.05324 0.156475 
v -169.121 6.00543 0.214667 
v -169.316 6.32925 -0.105485 
v -169.401 6.18378 0.0188986 
v -169.318 6.04188 0.152389 
v -169.121 5.99608 0.207937 
v -168.932 6.05324 0.150893 
v -169.121 5.9831 0.205305 
v -168.927 6.04188 0.146649 
v -169.121 5.96867 0.209885 
v -169.415 6.17922 0.0143006 
v -169.327 6.03034 0.154363 
v -168.917 6.03034 0.148341 
v -168.834 6.17922 0.00578462 
v -169.431 6.18044 0.0158146 
v -169.444 6.18781 0.0237706 
v -169.343 6.33764 -0.134705 
v -169.352 6.35168 -0.133137 
v -169.127 6.40276 -0.199685 
v -169.332 6.32811 -0.128255 
v -169.127 6.38979 -0.189799 
v -168.921 6.32811 -0.134277 
v -169.127 6.38641 -0.162529 
v -168.848 6.18378 0.0107806 
v -169.104 6.43048 -0.146345 
v -169.112 6.40629 -0.144493 
v -169.112 6.42471 -0.152123 
v -169.123 6.42254 -0.154289 
v -169.123 6.39004 -0.154289 
v -169.112 6.38787 -0.152123 
v -169.123 6.40629 -0.147557 
v -169.134 6.38787 -0.152123 
v -169.134 6.40629 -0.144493 
v -169.134 6.42471 -0.152123 
v -169.142 6.40629 -0.136325 
v -169.142 6.43048 -0.146345 
v -168.933 6.06214 0.158079 
v -168.8 6.19904 0.0261546 
v -168.897 6.36546 -0.130395 
v -169.127 6.43439 -0.192453 
v -169.127 6.41956 -0.200877 
v -168.9 6.35168 -0.139765 
v -169.356 6.36546 -0.123665 
v -168.805 6.18781 0.0143966 
v -168.91 6.33764 -0.141063 
v -168.818 6.18044 0.00682263 
v -169.123 6.36005 -0.216779 
v -169.123 6.40629 -0.235931 
v -169.105 6.36717 -0.209661 
v -169.105 6.40629 -0.225867 
v -169.123 6.40629 -0.105149 
v -169.105 6.44541 -0.209661 
v -169.102 6.40629 -0.215503 
v -169.102 6.3745 -0.202333 
v -169.102 6.43808 -0.202333 
v -169.123 6.45253 -0.216779 
v -169.105 6.46162 -0.170539 
v -169.141 6.46162 -0.170539 
v -169.105 6.44541 -0.131417 
v -169.105 6.36717 -0.131417 
v -169.105 6.40629 -0.115213 
v -169.102 6.43808 -0.138745 
v -169.102 6.45125 -0.170539 
v -169.105 6.35096 -0.170539 
v -169.102 6.3745 -0.138745 
v -169.102 6.36133 -0.170539 
v -169.104 6.37207 -0.170539 
v -169.102 6.40629 -0.125575 
v -169.104 6.3821 -0.146345 
v -169.104 6.3821 -0.194733 
v -169.104 6.40629 -0.204755 
v -169.112 6.38787 -0.188957 
v -169.112 6.38024 -0.170539 
v -169.393 6.19125 0.0266506 
v -169.311 6.06214 0.163615 
v -169.312 6.05324 0.156475 
v -169.316 6.32925 -0.105485 
v -169.315 6.33594 -0.0962494 
v -169.316 6.34484 -0.0890634 
v -169.401 6.18378 0.0188986 
v -169.322 6.32568 -0.116969 
v -169.318 6.04188 0.152389 
v -169.327 6.03034 0.154363 
v -168.917 6.03034 0.148341 
v -168.905 6.02324 0.157341 
v -169.431 6.18044 0.0158146 
v -169.104 6.43048 -0.194733 
v -169.104 6.40629 -0.136325 
v -169.104 6.44051 -0.170539 
v -169.104 6.43048 -0.146345 
v -169.112 6.40629 -0.144493 
v -169.112 6.42471 -0.152123 
v -169.112 6.42471 -0.188957 
v -169.112 6.43234 -0.170539 
v -169.112 6.40629 -0.196585 
v -169.123 6.39004 -0.186791 
v -169.123 6.38331 -0.170539 
v -169.112 6.38787 -0.152123 
v -169.142 6.43048 -0.194733 
v -168.857 6.19904 0.0269986 
v -169.321 6.3562 -0.0848194 
v -168.909 6.37485 -0.101869 
v -169.414 6.21886 0.0560446 
v -168.9 6.37415 -0.116103 
v -168.8 6.19904 0.0261546 
v -168.897 6.36546 -0.130395 
v -168.804 6.21027 0.0380586 
v -168.817 6.21764 0.0460146 
v -168.905 6.06044 0.196535 
v -168.896 6.0464 0.194967 
v -168.9 6.35168 -0.139765 
v -168.892 6.03263 0.185495 
v -169.356 6.36546 -0.123665 
v -168.805 6.18781 0.0143966 
v -168.896 6.02393 0.171303 
v -168.91 6.33764 -0.141063 
v -168.818 6.18044 0.00682263 
v -169.351 6.03263 0.192225 
v -169.43 6.21764 0.0550066 
v -169.317 6.0724 0.184539 
v -169.312 6.06883 0.172895 
v -169.4 6.2143 0.0510486 
v -169.393 6.20684 0.0430726 
v -169.391 6.19904 0.0348306 
v -169.117 6.39719 -0.444591 
v -169.117 6.39719 -0.211839 
v -169.111 6.40806 -0.444591 
v -169.111 6.40806 -0.211839 
v -169.117 6.41892 -0.211839 
v -169.117 6.41892 -0.444591 
v -169.113 6.36194 -0.214889 
v -169.113 6.34357 -0.170539 
v -169.123 6.3409 -0.170539 
v -169.123 6.36005 -0.216779 
v -169.123 6.40629 -0.235931 
v -169.133 6.36194 -0.214889 
v -169.133 6.34357 -0.170539 
v -169.105 6.36717 -0.209661 
v -169.113 6.36194 -0.126191 
v -169.123 6.36005 -0.124301 
v -169.133 6.36194 -0.126191 
v -169.123 6.40629 -0.105149 
v -169.141 6.36717 -0.209661 
v -169.105 6.36717 -0.131417 
v -169.105 6.35096 -0.170539 
v -169.393 6.19125 0.0266506 
v -169.316 6.32925 -0.105485 
v -169.315 6.33594 -0.0962494 
v -169.127 6.39265 -0.152837 
v -169.401 6.18378 0.0188986 
v -169.322 6.32568 -0.116969 
v -169.121 5.96867 0.209885 
v -169.415 6.17922 0.0143006 
v -169.327 6.03034 0.154363 
v -168.917 6.03034 0.148341 
v -169.121 5.95812 0.222321 
v -169.339 6.02324 0.163699 
v -169.121 5.95605 0.239043 
v -168.905 6.02324 0.157341 
v -168.834 6.17922 0.00578462 
v -169.431 6.18044 0.0158146 
v -169.444 6.18781 0.0237706 
v -169.127 6.40276 -0.199685 
v -169.332 6.32811 -0.128255 
v -169.127 6.38979 -0.189799 
v -169.127 6.38446 -0.175625 
v -168.931 6.32568 -0.122709 
v -168.921 6.32811 -0.134277 
v -169.127 6.38641 -0.162529 
v -168.936 6.32925 -0.111067 
v -168.848 6.18378 0.0107806 
v -169.104 6.43048 -0.194733 
v -169.104 6.44051 -0.170539 
v -169.104 6.43048 -0.146345 
v -169.112 6.40629 -0.144493 
v -169.112 6.42471 -0.152123 
v -169.112 6.42471 -0.188957 
v -169.112 6.43234 -0.170539 
v -169.123 6.42254 -0.186791 
v -169.123 6.42254 -0.154289 
v -169.123 6.42927 -0.170539 
v -169.134 6.43234 -0.170539 
v -169.134 6.42471 -0.188957 
v -169.134 6.42471 -0.152123 
v -169.142 6.44051 -0.170539 
v -169.142 6.43048 -0.146345 
v -169.141 6.35096 -0.170539 
v -169.142 6.43048 -0.194733 
v -169.141 6.36717 -0.131417 
v -168.937 6.33594 -0.101785 
v -169.321 6.3562 -0.0848194 
v -168.909 6.37485 -0.101869 
v -168.8 6.19904 0.0261546 
v -169.127 6.43439 -0.192453 
v -168.892 6.03263 0.185495 
v -169.356 6.36546 -0.123665 
v -168.805 6.18781 0.0143966 
v -168.896 6.02393 0.171303 
v -168.91 6.33764 -0.141063 
v -168.818 6.18044 0.00682263 
v -169.121 5.96369 0.254283 
v -169.351 6.03263 0.192225 
v -169.348 6.02393 0.177931 
v -169.121 6.01362 0.237455 
v -169.13 6.39719 -0.444591 
v -169.13 6.39719 -0.211839 
v -169.117 6.39719 -0.444591 
v -169.117 6.39719 -0.211839 
v -169.113 6.36194 -0.126191 
v -169.123 6.36005 -0.124301 
v -169.133 6.36194 -0.126191 
v -169.123 6.40629 -0.105149 
v -169.105 6.46162 -0.170539 
v -169.141 6.46162 -0.170539 
v -169.141 6.44541 -0.131417 
v -169.133 6.45064 -0.126191 
v -169.123 6.45253 -0.124301 
v -169.113 6.45064 -0.126191 
v -169.133 6.40629 -0.107821 
v -169.113 6.40629 -0.107821 
v -169.105 6.44541 -0.131417 
v -169.105 6.36717 -0.131417 
v -169.105 6.40629 -0.115213 
v -169.104 6.3821 -0.194733 
v -169.104 6.40629 -0.204755 
v -169.112 6.38787 -0.188957 
v -169.393 6.19125 0.0266506 
v -169.316 6.32925 -0.105485 
v -169.315 6.33594 -0.0962494 
v -169.127 6.39265 -0.152837 
v -169.316 6.34484 -0.0890634 
v -169.121 5.96867 0.209885 
v -169.127 6.38641 -0.162529 
v -168.936 6.32925 -0.111067 
v -169.104 6.43048 -0.194733 
v -169.112 6.42471 -0.188957 
v -169.112 6.40629 -0.196585 
v -169.123 6.42254 -0.186791 
v -169.123 6.39004 -0.186791 
v -169.123 6.40629 -0.193523 
v -169.134 6.40629 -0.196585 
v -169.134 6.42471 -0.188957 
v -169.134 6.38787 -0.188957 
v -169.142 6.40629 -0.204755 
v -169.142 6.3821 -0.194733 
v -169.141 6.35096 -0.170539 
v -169.142 6.43048 -0.194733 
v -169.141 6.40629 -0.115213 
v -169.141 6.36717 -0.131417 
v -168.937 6.33594 -0.101785 
v -168.857 6.19904 0.0269986 
v -168.936 6.34484 -0.0946454 
v -168.847 6.2143 0.0429306 
v -169.127 6.402 -0.146107 
v -168.93 6.3562 -0.0905594 
v -168.833 6.21886 0.0475286 
v -169.321 6.3562 -0.0848194 
v -169.127 6.41498 -0.143475 
v -168.92 6.36774 -0.0925334 
v -168.909 6.37485 -0.101869 
v -169.127 6.42941 -0.148055 
v -169.343 6.37485 -0.0955114 
v -169.331 6.36774 -0.0865114 
v -169.414 6.21886 0.0560446 
v -168.804 6.21027 0.0380586 
v -169.127 6.43439 -0.192453 
v -168.817 6.21764 0.0460146 
v -168.905 6.06044 0.196535 
v -168.896 6.0464 0.194967 
v -169.121 5.99533 0.261515 
v -168.892 6.03263 0.185495 
v -168.91 6.33764 -0.141063 
v -169.121 5.96369 0.254283 
v -169.121 5.97852 0.262707 
v -169.351 6.03263 0.192225 
v -169.347 6.0464 0.201595 
v -169.443 6.21027 0.0474326 
v -169.338 6.06044 0.202893 
v -169.43 6.21764 0.0550066 
v -169.327 6.06997 0.196107 
v -169.121 6.0083 0.251629 
v -168.916 6.06997 0.190085 
v -169.121 6.01362 0.237455 
v -169.4 6.2143 0.0510486 

vn 0 -0.708661 -0.708661 
vn 0 0 -1 
vn 0 0 1 
vn 0 0.708661 -0.708661 
vn -0.826772 -0.401575 -0.401575 
vn -0.826772 0.401575 -0.401575 
vn -0.826772 0 -0.566929 
vn -0.992126 0 -0.0944882 
vn -0.992126 -0.0708661 -0.0708661 
vn -0.992126 0.0708661 -0.0708661 
vn -0.826772 0.566929 0 
vn -0.826772 0.401575 0.401575 
vn -0.653543 0.188976 -0.732283 
vn -0.440945 -0.23622 -0.866142 
vn -0.0866142 -0.629921 -0.771654 
vn -0.322835 -0.84252 -0.425197 
vn -0.110236 -0.685039 -0.716535 
vn -0.456693 -0.614173 -0.645669 
vn -0.858268 -0.362205 -0.370079 
vn -0.330709 -0.385827 -0.858268 
vn -0.614173 0.0787402 -0.787402 
vn -0.433071 -0.858268 -0.275591 
vn -0.645669 -0.748031 0.15748 
vn -0.614173 -0.543307 -0.566929 
vn 0.551181 0 -0.834646 
vn 0 0.708661 0.708661 
vn -0.551181 -0.834646 0 
vn -0.551181 0 0.834646 
vn -0.551181 -0.590551 0.590551 
vn -0.551181 0.590551 0.590551 
vn -0.551181 0.834646 0 
vn -0.905512 0 0.417323 
vn -0.551181 0.590551 -0.590551 
vn -0.551181 0 -0.834646 
vn -0.905512 0.299213 -0.299213 
vn -0.551181 -0.590551 -0.590551 
vn -0.905512 0 -0.417323 
vn -0.905512 -0.417323 0 
vn -0.905512 -0.299213 -0.299213 
vn -0.992126 0 0.0944882 
vn -0.905512 0.417323 0 
vn -0.992126 0.0708661 0.0708661 
vn -0.992126 -0.0708661 0.0708661 
vn -0.905512 0.299213 0.299213 
vn -0.992126 -0.0944882 0 
vn -0.826772 -0.566929 0 
vn -0.905512 -0.299213 0.299213 
vn -0.992126 0.0944882 0 
vn -0.826772 0 0.566929 
vn -0.826772 -0.401575 0.401575 
vn -0.913386 -0.283465 -0.283465 
vn -0.700787 -0.511811 0.496063 
vn -1 0 0.015748 
vn -0.716535 0.511811 -0.480315 
vn -0.645669 0.748031 -0.141732 
vn -0.905512 0.283465 0.307087 
vn -0.637795 -0.188976 0.748031 
vn -0.598425 0.543307 0.582677 
vn -0.417323 0.23622 0.874016 
vn -0.0944882 0.685039 0.724409 
vn 0.322835 0.84252 0.425197 
vn -0.307087 0.84252 0.440945 
vn 0.456693 0.614173 0.645669 
vn 0.716535 -0.511811 0.480315 
vn -0.716535 0.511811 -0.480315 
vn -1 0 0.015748 
vn -0.606299 0.795276 -0.023622 
vn 0.299213 -0.385827 -0.874016 
vn 0.433071 -0.614173 -0.653543 
vn -0.700787 -0.511811 0.496063 
vn -0.590551 -0.0787402 0.80315 
vn -0.598425 -0.795276 0.0393701 
vn -0.84252 0.362205 0.393701 
vn -0.299213 0.385827 0.874016 
vn -0.433071 0.614173 0.653543 
vn -0.425197 0.858268 0.283465 
vn -0.496063 -0.866142 0 
vn -0.496063 -0.866142 0 
vn -1 0 0 
vn -1 0 0 
vn -0.496063 0.866142 0 
vn -0.496063 0.866142 0 
vn 0 0 -1 
vn 0 0 1 
vn 0.826772 0.401575 -0.401575 
vn 0.464567 0.629921 -0.629921 
vn 0 0.708661 -0.708661 
vn 0 1 0 
vn -0.464567 0.629921 -0.629921 
vn 0.464567 0.889764 0 
vn -0.826772 0.401575 -0.401575 
vn 0.826772 0.566929 0 
vn -0.464567 0.889764 0 
vn -0.826772 0.566929 0 
vn -0.826772 0.401575 0.401575 
vn -0.464567 0.629921 0.629921 
vn 0 0.708661 0.708661 
vn 0.464567 0.629921 0.629921 
vn 0.826772 0.401575 0.401575 
vn 0.826772 -0.401575 0.401575 
vn 0.905512 0.299213 0.299213 
vn 0.551181 0.590551 0.590551 
vn 0.551181 0.834646 0 
vn 0.905512 -0.283465 -0.307087 
vn 0.700787 0.511811 -0.496063 
vn 0.637795 0.188976 -0.748031 
vn -0.00787402 0.724409 -0.685039 
vn -0.015748 0.377953 -0.92126 
vn -0.653543 0.188976 -0.732283 
vn 0.0629921 -0.629921 -0.771654 
vn -0.0866142 -0.629921 -0.771654 
vn 0.00787402 -0.944882 0.330709 
vn -0.645669 -0.748031 0.15748 
vn 0.551181 0 -0.834646 
vn 0 0.708661 0.708661 
vn 0 1 0 
vn -0.551181 0.590551 0.590551 
vn -0.551181 0.834646 0 
vn 0 0.708661 -0.708661 
vn 0.551181 0.590551 -0.590551 
vn -0.551181 0.590551 -0.590551 
vn -0.905512 0.417323 0 
vn -0.905512 0.299213 0.299213 
vn -1 0 0.015748 
vn -0.716535 0.511811 -0.480315 
vn -0.645669 0.748031 -0.141732 
vn -0.598425 0.543307 0.582677 
vn -0.0944882 0.685039 0.724409 
vn 0.440945 0.23622 0.866142 
vn -0.0629921 0.629921 0.771654 
vn 0.322835 0.84252 0.425197 
vn 0.00787402 0.614173 0.795276 
vn 0.00787402 0.937008 0.346457 
vn 0 0.976378 -0.204724 
vn -0.307087 0.84252 0.440945 
vn 0.0866142 0.629921 0.771654 
vn 0.110236 0.685039 0.716535 
vn 0.598425 0.795276 -0.0393701 
vn 0.700787 0.511811 -0.496063 
vn 0.858268 0.362205 0.370079 
vn -0.00787402 0.724409 -0.685039 
vn 0.456693 0.614173 0.645669 
vn 0.330709 0.385827 0.858268 
vn 0.015748 0.291339 0.952756 
vn 0.716535 -0.511811 0.480315 
vn -0.716535 0.511811 -0.480315 
vn -0.606299 0.795276 -0.023622 
vn 0.299213 -0.385827 -0.874016 
vn -0.700787 -0.511811 0.496063 
vn -0.84252 0.362205 0.393701 
vn -0.299213 0.385827 0.874016 
vn -0.433071 0.614173 0.653543 
vn 0.0787402 0.740157 0.669291 
vn 0.00787402 0.755906 0.653543 
vn 0.433071 0.858268 0.275591 
vn -0.0629921 0.740157 0.669291 
vn -0.425197 0.858268 0.283465 
vn 0 0.984252 0.15748 
vn -0.00787402 0.944882 -0.330709 
vn 0.645669 0.748031 -0.15748 
vn 0.614173 0.543307 0.566929 
vn -0.496063 0.866142 0 
vn 1 0 0 
vn -0.496063 0.866142 0 
vn 1 0 0 
vn 0.496063 0.866142 0 
vn 0.496063 0.866142 0 
vn 0 0 -1 
vn 0 0 -1 
vn 0 0 -1 
vn 0 0 -1 
vn 0 0 -1 
vn 0 0 -1 
vn 0.464567 -0.629921 -0.629921 
vn 0 -0.708661 -0.708661 
vn 0 0 -1 
vn -0.464567 -0.629921 -0.629921 
vn 0.464567 0 -0.889764 
vn 0.826772 -0.401575 -0.401575 
vn 0.826772 0 -0.566929 
vn 0.826772 0.401575 -0.401575 
vn 0.464567 0.629921 -0.629921 
vn 0 0.708661 -0.708661 
vn -0.464567 0.629921 -0.629921 
vn -0.464567 0 -0.889764 
vn -0.826772 -0.401575 -0.401575 
vn -0.826772 0.401575 -0.401575 
vn -0.826772 0 -0.566929 
vn 0.826772 0.401575 0.401575 
vn 0.905512 -0.283465 -0.307087 
vn 0.700787 0.511811 -0.496063 
vn 0.637795 0.188976 -0.748031 
vn -0.00787402 0.724409 -0.685039 
vn 0.645669 -0.748031 0.141732 
vn 0.598425 -0.543307 -0.582677 
vn 0.417323 -0.23622 -0.874016 
vn -0.015748 0.377953 -0.92126 
vn -0.653543 0.188976 -0.732283 
vn -0.015748 -0.102362 -0.992126 
vn -0.440945 -0.23622 -0.866142 
vn -0.00787402 -0.614173 -0.795276 
vn 0.0944882 -0.685039 -0.724409 
vn 0.0629921 -0.629921 -0.771654 
vn -0.0866142 -0.629921 -0.771654 
vn -0.110236 -0.685039 -0.716535 
vn -0.456693 -0.614173 -0.645669 
vn -0.858268 -0.362205 -0.370079 
vn -0.330709 -0.385827 -0.858268 
vn -0.614173 0.0787402 -0.787402 
vn -0.015748 -0.291339 -0.952756 
vn 0.0629921 -0.740157 -0.669291 
vn -0.00787402 -0.755906 -0.653543 
vn -0.0787402 -0.740157 -0.669291 
vn 0.00787402 -0.944882 0.330709 
vn -0.614173 -0.543307 -0.566929 
vn 0.905512 -0.299213 -0.299213 
vn 0.551181 0 -0.834646 
vn 0.551181 -0.590551 -0.590551 
vn 0 -0.708661 -0.708661 
vn 0 0.708661 -0.708661 
vn 0.551181 0.590551 -0.590551 
vn 0 0 -1 
vn -0.551181 0.590551 -0.590551 
vn -0.551181 0 -0.834646 
vn -0.551181 -0.590551 -0.590551 
vn -0.905512 0 -0.417323 
vn -0.905512 -0.299213 -0.299213 
vn -0.716535 0.511811 -0.480315 
vn 1 0 -0.015748 
vn 0.700787 0.511811 -0.496063 
vn -0.00787402 0.724409 -0.685039 
vn -0.015748 0.259843 -0.968504 
vn 0.590551 0.0787402 -0.80315 
vn -0.716535 0.511811 -0.480315 
vn 0.84252 -0.362205 -0.393701 
vn 0.299213 -0.385827 -0.874016 
vn 0.433071 -0.614173 -0.653543 
vn 0 -0.708661 -0.708661 
vn 0 0 -1 
vn 0.826772 -0.401575 -0.401575 
vn 0.826772 0 -0.566929 
vn 0 0 1 
vn 0.826772 0.401575 -0.401575 
vn 0.992126 0 -0.0944882 
vn 0.992126 -0.0708661 -0.0708661 
vn 0.992126 0.0708661 -0.0708661 
vn 0 0.708661 -0.708661 
vn 0.826772 0.566929 0 
vn -0.826772 0.566929 0 
vn 0.826772 0.401575 0.401575 
vn 0.826772 -0.401575 0.401575 
vn 0.826772 0 0.566929 
vn 0.992126 0.0708661 0.0708661 
vn 0.992126 0.0944882 0 
vn 0.826772 -0.566929 0 
vn 0.992126 -0.0708661 0.0708661 
vn 0.992126 -0.0944882 0 
vn 0.905512 0.417323 0 
vn 0.992126 0 0.0944882 
vn 0.905512 0.299213 -0.299213 
vn 0.905512 0.299213 0.299213 
vn 0.905512 0 0.417323 
vn 0.551181 0.590551 0.590551 
vn 0.551181 0.834646 0 
vn 0.905512 -0.283465 -0.307087 
vn 0.700787 0.511811 -0.496063 
vn 0.637795 0.188976 -0.748031 
vn 0.645669 -0.748031 0.141732 
vn 0.716535 -0.511811 0.480315 
vn 0.653543 -0.188976 0.732283 
vn 0.598425 -0.543307 -0.582677 
vn 0.425197 -0.858268 -0.283465 
vn 0.417323 -0.23622 -0.874016 
vn 0.0629921 -0.629921 -0.771654 
vn -0.0866142 -0.629921 -0.771654 
vn 0.307087 -0.84252 -0.440945 
vn -0.456693 -0.614173 -0.645669 
vn 0.905512 -0.299213 0.299213 
vn 0.905512 0 -0.417323 
vn 0.905512 -0.417323 0 
vn 0.905512 -0.299213 -0.299213 
vn 0.551181 0 -0.834646 
vn 0.551181 -0.590551 -0.590551 
vn 0.551181 -0.590551 0.590551 
vn 0.551181 -0.834646 0 
vn 0.551181 0 0.834646 
vn 0 0.708661 0.708661 
vn 0 1 0 
vn 0.551181 0.590551 -0.590551 
vn -0.905512 -0.299213 0.299213 
vn -1 0 0.015748 
vn 0.440945 0.23622 0.866142 
vn 0.322835 0.84252 0.425197 
vn 0.110236 0.685039 0.716535 
vn 0.598425 0.795276 -0.0393701 
vn 1 0 -0.015748 
vn 0.700787 0.511811 -0.496063 
vn 0.858268 0.362205 0.370079 
vn 0.456693 0.614173 0.645669 
vn 0.330709 0.385827 0.858268 
vn 0.614173 -0.0787402 0.787402 
vn 0.590551 0.0787402 -0.80315 
vn 0.716535 -0.511811 0.480315 
vn -0.716535 0.511811 -0.480315 
vn 0.84252 -0.362205 -0.393701 
vn 0.606299 -0.795276 0.023622 
vn 0.299213 -0.385827 -0.874016 
vn 0.433071 -0.614173 -0.653543 
vn -0.700787 -0.511811 0.496063 
vn -0.433071 0.614173 0.653543 
vn 0.433071 0.858268 0.275591 
vn 0.645669 0.748031 -0.15748 
vn 0.614173 0.543307 0.566929 
vn 0.913386 0.283465 0.283465 
vn 1 0 -0.015748 
vn 0.496063 -0.866142 0 
vn 0.496063 -0.866142 0 
vn 1 0 0 
vn 1 0 0 
vn 0.496063 0.866142 0 
vn 0.496063 0.866142 0 
vn 0.464567 -0.629921 -0.629921 
vn 0.464567 -0.889764 0 
vn 0 -1 0 
vn 0 -0.708661 -0.708661 
vn 0 0 -1 
vn -0.464567 -0.629921 -0.629921 
vn -0.464567 -0.889764 0 
vn 0.826772 -0.401575 -0.401575 
vn 0.464567 -0.629921 0.629921 
vn 0 -0.708661 0.708661 
vn -0.464567 -0.629921 0.629921 
vn 0 0 1 
vn -0.826772 -0.401575 -0.401575 
vn 0.826772 -0.401575 0.401575 
vn 0.826772 -0.566929 0 
vn 0.905512 -0.283465 -0.307087 
vn 0.645669 -0.748031 0.141732 
vn 0.716535 -0.511811 0.480315 
vn 0.00787402 -0.724409 0.685039 
vn 0.598425 -0.543307 -0.582677 
vn 0.425197 -0.858268 -0.283465 
vn -0.00787402 -0.614173 -0.795276 
vn 0.0944882 -0.685039 -0.724409 
vn 0.0629921 -0.629921 -0.771654 
vn -0.0866142 -0.629921 -0.771654 
vn -0.00787402 -0.937008 -0.346457 
vn -0.322835 -0.84252 -0.425197 
vn 0 -0.976378 0.204724 
vn 0.307087 -0.84252 -0.440945 
vn -0.110236 -0.685039 -0.716535 
vn -0.456693 -0.614173 -0.645669 
vn -0.858268 -0.362205 -0.370079 
vn -0.015748 -0.291339 -0.952756 
vn 0.0629921 -0.740157 -0.669291 
vn -0.00787402 -0.755906 -0.653543 
vn 0 -0.984252 -0.15748 
vn -0.433071 -0.858268 -0.275591 
vn -0.0787402 -0.740157 -0.669291 
vn 0.00787402 -0.944882 0.330709 
vn -0.645669 -0.748031 0.15748 
vn -0.614173 -0.543307 -0.566929 
vn 0.905512 -0.299213 0.299213 
vn 0.905512 -0.417323 0 
vn 0.905512 -0.299213 -0.299213 
vn 0.551181 0 -0.834646 
vn 0.551181 -0.590551 -0.590551 
vn 0.551181 -0.590551 0.590551 
vn 0.551181 -0.834646 0 
vn 0 -0.708661 0.708661 
vn 0 -0.708661 -0.708661 
vn 0 -1 0 
vn -0.551181 -0.834646 0 
vn -0.551181 -0.590551 0.590551 
vn -0.551181 -0.590551 -0.590551 
vn -0.905512 -0.417323 0 
vn -0.905512 -0.299213 -0.299213 
vn -0.826772 -0.566929 0 
vn -0.905512 -0.299213 0.299213 
vn -0.826772 -0.401575 0.401575 
vn -0.700787 -0.511811 0.496063 
vn 0.440945 0.23622 0.866142 
vn 0.322835 0.84252 0.425197 
vn 1 0 -0.015748 
vn -0.00787402 0.724409 -0.685039 
vn 0.716535 -0.511811 0.480315 
vn -0.716535 0.511811 -0.480315 
vn 0.84252 -0.362205 -0.393701 
vn 0.606299 -0.795276 0.023622 
vn 0.299213 -0.385827 -0.874016 
vn 0.433071 -0.614173 -0.653543 
vn 0.00787402 -0.724409 0.685039 
vn -0.700787 -0.511811 0.496063 
vn -0.598425 -0.795276 0.0393701 
vn 0 0.984252 0.15748 
vn -0.496063 -0.866142 0 
vn -0.496063 -0.866142 0 
vn 0.496063 -0.866142 0 
vn 0.496063 -0.866142 0 
vn 0.464567 -0.629921 0.629921 
vn 0 -0.708661 0.708661 
vn -0.464567 -0.629921 0.629921 
vn 0 0 1 
vn 0.826772 0.566929 0 
vn -0.826772 0.566929 0 
vn -0.826772 0.401575 0.401575 
vn -0.464567 0.629921 0.629921 
vn 0 0.708661 0.708661 
vn 0.464567 0.629921 0.629921 
vn -0.464567 0 0.889764 
vn 0.464567 0 0.889764 
vn 0.826772 0.401575 0.401575 
vn 0.826772 -0.401575 0.401575 
vn 0.826772 0 0.566929 
vn 0.905512 0.299213 0.299213 
vn 0.905512 0 0.417323 
vn 0.551181 0.590551 0.590551 
vn 0.905512 -0.283465 -0.307087 
vn 0.645669 -0.748031 0.141732 
vn 0.716535 -0.511811 0.480315 
vn 0.00787402 -0.724409 0.685039 
vn 0.653543 -0.188976 0.732283 
vn -0.00787402 -0.614173 -0.795276 
vn 0.00787402 -0.944882 0.330709 
vn -0.645669 -0.748031 0.15748 
vn 0.905512 -0.299213 0.299213 
vn 0.551181 -0.590551 0.590551 
vn 0.551181 0 0.834646 
vn 0 -0.708661 0.708661 
vn 0 0.708661 0.708661 
vn 0 0 1 
vn -0.551181 0 0.834646 
vn -0.551181 -0.590551 0.590551 
vn -0.551181 0.590551 0.590551 
vn -0.905512 0 0.417323 
vn -0.905512 0.299213 0.299213 
vn -0.826772 -0.566929 0 
vn -0.905512 -0.299213 0.299213 
vn -0.826772 0 0.566929 
vn -0.826772 -0.401575 0.401575 
vn -0.700787 -0.511811 0.496063 
vn -1 0 0.015748 
vn -0.637795 -0.188976 0.748031 
vn -0.598425 0.543307 0.582677 
vn 0.015748 -0.377953 0.92126 
vn -0.417323 0.23622 0.874016 
vn -0.0944882 0.685039 0.724409 
vn 0.440945 0.23622 0.866142 
vn 0.015748 0.102362 0.992126 
vn -0.0629921 0.629921 0.771654 
vn 0.322835 0.84252 0.425197 
vn 0.00787402 0.614173 0.795276 
vn -0.307087 0.84252 0.440945 
vn 0.0866142 0.629921 0.771654 
vn 0.110236 0.685039 0.716535 
vn 0.858268 0.362205 0.370079 
vn -0.00787402 0.724409 -0.685039 
vn 0.456693 0.614173 0.645669 
vn 0.330709 0.385827 0.858268 
vn 0.614173 -0.0787402 0.787402 
vn 0.015748 0.291339 0.952756 
vn 0.716535 -0.511811 0.480315 
vn 0.299213 -0.385827 -0.874016 
vn 0.00787402 -0.724409 0.685039 
vn 0.015748 -0.259843 0.968504 
vn -0.700787 -0.511811 0.496063 
vn -0.590551 -0.0787402 0.80315 
vn -0.84252 0.362205 0.393701 
vn -0.299213 0.385827 0.874016 
vn -0.433071 0.614173 0.653543 
vn 0.0787402 0.740157 0.669291 
vn 0.00787402 0.755906 0.653543 
vn -0.0629921 0.740157 0.669291 
vn 0 0.984252 0.15748 
vn 0.614173 0.543307 0.566929 

vt 21.9843 1.01827 
vt 21.9819 1.02405 
vt 21.9982 1.02405 
vt 21.9843 1.02983 
vt 21.9852 1.01916 
vt 21.9852 1.02894 
vt 21.9831 1.02405 
vt 21.9844 1.02405 
vt 21.9861 1.02008 
vt 21.9861 1.02803 
vt 21.9901 1.03097 
vt 21.9949 1.02894 
vt 22.0302 0.979922 
vt 22.0297 0.978501 
vt 22.0299 0.977059 
vt 22.0318 0.976171 
vt 22.0121 0.99567 
vt 22.0133 0.995821 
vt 22.0143 0.996743 
vt 21.9945 1.01547 
vt 21.9947 1.01723 
vt 21.996 1.01398 
vt 21.9975 1.01442 
vt 22.0127 0.996239 
vt 21.9933 1.02405 
vt 21.988 1.02202 
vt 21.9901 1.02731 
vt 21.9868 1.02405 
vt 21.9877 1.02636 
vt 21.9877 1.02175 
vt 21.9901 1.0208 
vt 21.9858 1.02405 
vt 21.9924 1.02175 
vt 21.9933 1.02405 
vt 21.9931 1.02103 
vt 21.9924 1.02636 
vt 21.9943 1.02405 
vt 21.9901 1.02833 
vt 21.9931 1.02708 
vt 21.9957 1.02405 
vt 21.9901 1.01978 
vt 21.994 1.02803 
vt 21.994 1.02008 
vt 21.987 1.02103 
vt 21.9901 1.01843 
vt 21.9901 1.01714 
vt 21.987 1.02708 
vt 21.9901 1.02967 
vt 21.997 1.02405 
vt 21.9949 1.01916 
vt 22.0137 0.997172 
vt 21.9986 1.01526 
vt 22.0147 0.998147 
vt 22.0311 0.981034 
vt 22.0323 0.981871 
vt 22.0158 0.999121 
vt 21.9995 1.01637 
vt 22.0167 1.00005 
vt 22 1.01779 
vt 22.0173 1.00062 
vt 21.9986 1.02012 
vt 21.9994 1.02012 
vt 22.0171 1.00047 
vt 22.0346 0.977345 
vt 21.9959 1.01895 
vt 22.0158 0.998147 
vt 21.9977 1.02004 
vt 21.9937 1.01547 
vt 22.0122 0.995821 
vt 22.0354 0.977345 
vt 22.0366 0.979066 
vt 22.0336 0.976258 
vt 22.0173 0.999551 
vt 22.0367 0.980822 
vt 22.0182 1.00047 
vt 22.0337 0.982316 
vt 21.9558 1.02292 
vt 21.9849 1.02292 
vt 21.9849 1.02427 
vt 21.9558 1.02427 
vt 21.9849 1.02563 
vt 21.9558 1.02563 
vt 22.0001 1.01812 
vt 22.0001 1.00178 
vt 22.0023 1.01484 
vt 22.0014 1.01549 
vt 22.0001 1.01573 
vt 22.0001 1.00995 
vt 21.9988 1.01549 
vt 22.0014 1.00995 
vt 21.9978 1.01484 
vt 22.0023 1.00995 
vt 21.9988 1.00995 
vt 21.9978 1.00995 
vt 21.9978 1.00506 
vt 21.9988 1.00441 
vt 22.0001 1.00417 
vt 22.0014 1.00441 
vt 22.0023 1.00506 
vt 22.0023 1.00506 
vt 22.0024 1.01297 
vt 22.0015 1.01225 
vt 22.0015 1.00995 
vt 21.9664 0.985301 
vt 21.9766 0.96818 
vt 21.9764 0.969073 
vt 22.0003 0.961799 
vt 22.0003 0.96264 
vt 22.024 0.969771 
vt 21.9746 0.969337 
vt 22.0259 0.97009 
vt 21.9996 1.00895 
vt 22.0235 1.00252 
vt 22.0015 1.00669 
vt 22.0001 1.01198 
vt 22.0001 1.00995 
vt 21.9987 1.01225 
vt 21.9987 1.00995 
vt 22.0001 1.00792 
vt 22.0015 1.00765 
vt 21.9987 1.00765 
vt 21.9978 1.00995 
vt 21.9978 1.01297 
vt 22.0334 0.985257 
vt 22.0238 0.968872 
vt 22.024 0.967718 
vt 22.0346 0.983266 
vt 22.0363 0.982691 
vt 21.9753 0.999235 
vt 22.0254 1.0002 
vt 22.0269 1.00137 
vt 21.9997 1.00714 
vt 21.9996 1.00869 
vt 21.9996 1.01078 
vt 21.9727 1.00057 
vt 21.9741 0.999446 
vt 21.9638 0.981627 
vt 22.028 1.00315 
vt 22.0284 1.00493 
vt 22.04 0.983875 
vt 21.9996 1.01269 
vt 22.0383 0.98288 
vt 22.0274 0.964065 
vt 22.0004 0.955943 
vt 22.029 0.965445 
vt 21.971 1.00409 
vt 21.9715 1.00232 
vt 22.0268 1.00627 
vt 21.9716 0.964604 
vt 21.9601 0.982703 
vt 21.9732 0.963271 
vt 21.9617 0.981756 
vt 21.9746 0.964119 
vt 22.0004 0.957179 
vt 21.9758 0.965565 
vt 22.026 0.964872 
vt 22.0247 0.966282 
vt 22.0004 0.95895 
vt 22.0004 0.960587 
vt 21.9765 0.96702 
vt 21.9654 0.982251 
vt 21.9993 1.01511 
vt 22.0016 1.04421 
vt 21.9993 1.04421 
vt 22.0016 1.01511 
vt 22.0008 1.01511 
vt 22.0008 1.04421 
vt 21.9992 1.02292 
vt 22.0007 1.02563 
vt 21.9992 1.02563 
vt 21.9984 1.02427 
vt 22.0007 1.02292 
vt 22.0015 1.02427 
vt 21.9986 1.01851 
vt 21.9999 1.01827 
vt 21.9999 1.02405 
vt 22.0012 1.01851 
vt 21.9986 1.02405 
vt 21.9977 1.01916 
vt 21.9977 1.02405 
vt 21.9977 1.02894 
vt 21.9986 1.0296 
vt 21.9999 1.02983 
vt 22.0012 1.0296 
vt 22.0012 1.02405 
vt 22.0022 1.01916 
vt 22.0022 1.02894 
vt 22.0022 1.02405 
vt 21.9977 1.02894 
vt 22.0336 0.997172 
vt 22.0234 0.981034 
vt 22.0236 0.979922 
vt 21.9997 0.973946 
vt 22.024 1.01442 
vt 22.0346 0.996239 
vt 22.0242 0.978501 
vt 21.9997 0.972777 
vt 21.976 0.979922 
vt 21.9997 0.971154 
vt 21.9753 0.978501 
vt 21.9997 0.96935 
vt 22.0363 0.99567 
vt 22.0254 0.977059 
vt 21.9741 0.977059 
vt 21.9638 0.99567 
vt 22.0383 0.995821 
vt 22.04 0.996743 
vt 22.0274 1.01547 
vt 22.0285 1.01723 
vt 22.0004 1.02361 
vt 22.026 1.01428 
vt 22.0004 1.02199 
vt 21.9746 1.01428 
vt 22.0004 1.02157 
vt 21.9654 0.996239 
vt 21.9976 1.02708 
vt 21.9985 1.02405 
vt 21.9985 1.02636 
vt 21.9999 1.02608 
vt 21.9999 1.02202 
vt 21.9985 1.02175 
vt 21.9999 1.02405 
vt 22.0013 1.02175 
vt 22.0013 1.02405 
vt 22.0013 1.02636 
vt 22.0022 1.02405 
vt 22.0022 1.02708 
vt 21.9762 0.981034 
vt 21.9594 0.998147 
vt 21.9716 1.01895 
vt 22.0004 1.02757 
vt 22.0004 1.02571 
vt 21.9721 1.01723 
vt 22.029 1.01895 
vt 21.9601 0.996743 
vt 21.9732 1.01547 
vt 21.9617 0.995821 
vt 22.0157 1.01827 
vt 22.0181 1.02405 
vt 22.0148 1.01916 
vt 22.0169 1.02405 
vt 22.0018 1.02405 
vt 22.0148 1.02894 
vt 22.0156 1.02405 
vt 22.0139 1.02008 
vt 22.0139 1.02803 
vt 22.0157 1.02983 
vt 22.0099 1.03097 
vt 22.0099 1.03097 
vt 22.0051 1.02894 
vt 22.0051 1.01916 
vt 22.003 1.02405 
vt 22.006 1.02803 
vt 22.0099 1.02967 
vt 22.0099 1.01714 
vt 22.006 1.02008 
vt 22.0099 1.01843 
vt 22.0099 1.01978 
vt 22.0043 1.02405 
vt 22.0069 1.02103 
vt 22.013 1.02103 
vt 22.0142 1.02405 
vt 22.0123 1.02175 
vt 22.0099 1.0208 
vt 21.9853 0.997172 
vt 21.9682 0.981034 
vt 21.9691 0.979922 
vt 22.0018 1.01442 
vt 22.0007 1.01526 
vt 21.9998 1.01637 
vt 21.9863 0.996239 
vt 22.0033 1.01398 
vt 21.9696 0.978501 
vt 21.9693 0.977059 
vt 21.9701 0.977059 
vt 21.969 0.976171 
vt 21.9867 0.995821 
vt 22.013 1.02708 
vt 22.0057 1.02405 
vt 22.0099 1.02833 
vt 22.0069 1.02708 
vt 22.0067 1.02405 
vt 22.0076 1.02636 
vt 22.0123 1.02636 
vt 22.0099 1.02731 
vt 22.0132 1.02405 
vt 22.012 1.02202 
vt 22.0099 1.02118 
vt 22.0076 1.02175 
vt 22.013 1.02708 
vt 21.9853 0.998147 
vt 21.9992 1.01779 
vt 22.0014 1.02012 
vt 21.9816 1.00062 
vt 22.0031 1.02004 
vt 21.9854 0.998147 
vt 22.0049 1.01895 
vt 21.9839 0.999551 
vt 21.9829 1.00047 
vt 21.9641 0.980822 
vt 21.9643 0.979066 
vt 22.0061 1.01723 
vt 21.9654 0.977345 
vt 22.0041 1.01895 
vt 21.9868 0.996743 
vt 21.9672 0.976258 
vt 22.0063 1.01547 
vt 21.9878 0.995821 
vt 21.9646 0.977345 
vt 21.9818 1.00047 
vt 21.9656 0.982316 
vt 21.967 0.981871 
vt 21.9823 1.00005 
vt 21.9832 0.999121 
vt 21.9843 0.998147 
vt 22.0442 1.02292 
vt 22.0151 1.02292 
vt 22.0442 1.02427 
vt 22.0151 1.02427 
vt 22.0151 1.02563 
vt 22.0442 1.02563 
vt 21.9986 1.01549 
vt 21.9986 1.00995 
vt 21.9999 1.00995 
vt 21.9999 1.01573 
vt 21.9999 1.01812 
vt 22.0012 1.01549 
vt 22.0012 1.00995 
vt 21.9977 1.01484 
vt 21.9986 1.00441 
vt 21.9999 1.00417 
vt 22.0012 1.00441 
vt 21.9999 1.00178 
vt 22.0022 1.01484 
vt 21.9977 1.00506 
vt 21.9977 1.00995 
vt 22.0336 0.985301 
vt 22.024 1.00182 
vt 22.0238 1.00066 
vt 22.0003 1.00774 
vt 22.0346 0.98627 
vt 22.0247 1.00325 
vt 21.9997 0.962397 
vt 22.0363 0.986845 
vt 22.0254 0.969337 
vt 21.9741 0.97009 
vt 21.9996 0.960842 
vt 22.0269 0.96817 
vt 21.9996 0.958752 
vt 21.9727 0.968965 
vt 21.9638 0.987909 
vt 22.0383 0.986655 
vt 22.04 0.985661 
vt 22.0004 1.01359 
vt 22.026 1.00466 
vt 22.0004 1.01236 
vt 22.0004 1.01059 
vt 21.9758 1.00397 
vt 21.9746 1.00542 
vt 22.0004 1.00895 
vt 21.9765 1.00252 
vt 21.9654 0.987285 
vt 21.9976 1.01297 
vt 21.9976 1.00995 
vt 21.9976 1.00693 
vt 21.9985 1.00669 
vt 21.9985 1.00765 
vt 21.9985 1.01225 
vt 21.9985 1.00995 
vt 21.9999 1.01198 
vt 21.9999 1.00792 
vt 21.9999 1.00995 
vt 22.0013 1.00995 
vt 22.0013 1.01225 
vt 22.0013 1.00765 
vt 22.0022 1.00995 
vt 22.0022 1.00693 
vt 22.0022 1.00995 
vt 22.0022 1.01297 
vt 22.0022 1.00506 
vt 21.9766 1.00136 
vt 22.0247 0.999235 
vt 21.9731 1.00137 
vt 21.9594 0.985363 
vt 22.0004 1.01269 
vt 21.971 0.965445 
vt 22.029 1.00409 
vt 21.9601 0.986833 
vt 21.9715 0.967219 
vt 21.9732 1.00627 
vt 21.9617 0.987779 
vt 21.9996 0.956847 
vt 22.0284 0.964604 
vt 22.028 0.966391 
vt 21.9996 0.95895 
vt 22.0007 1.04421 
vt 22.0007 1.01511 
vt 21.9992 1.04421 
vt 21.9992 1.01511 
vt 22.0014 1.01851 
vt 22.0001 1.01827 
vt 21.9988 1.01851 
vt 22.0001 1.02405 
vt 22.0023 1.03097 
vt 21.9978 1.03097 
vt 21.9978 1.02894 
vt 21.9988 1.0296 
vt 22.0001 1.02983 
vt 22.0014 1.0296 
vt 21.9988 1.02405 
vt 22.0014 1.02405 
vt 22.0023 1.02894 
vt 22.0023 1.01916 
vt 22.0023 1.02405 
vt 22.0024 1.02103 
vt 22.0024 1.02405 
vt 22.0015 1.02175 
vt 21.9664 0.997172 
vt 21.976 1.01442 
vt 21.9762 1.01526 
vt 21.9997 1.02235 
vt 21.976 1.01637 
vt 22.0003 0.96935 
vt 21.9996 1.02157 
vt 22.0235 1.01442 
vt 22.0024 1.02708 
vt 22.0015 1.02636 
vt 22.0015 1.02405 
vt 22.0001 1.02608 
vt 22.0001 1.02202 
vt 22.0001 1.02405 
vt 21.9987 1.02405 
vt 21.9987 1.02636 
vt 21.9987 1.02175 
vt 21.9978 1.02405 
vt 21.9978 1.02103 
vt 21.9978 1.01714 
vt 21.9978 1.02708 
vt 21.9978 1.02405 
vt 21.9978 1.01916 
vt 22.0234 1.01526 
vt 22.0334 0.998147 
vt 22.0236 1.01637 
vt 22.0346 1.00005 
vt 21.9997 1.02352 
vt 22.0242 1.01779 
vt 22.0363 1.00062 
vt 21.9753 1.01779 
vt 21.9997 1.02514 
vt 22.0254 1.01923 
vt 22.0269 1.02012 
vt 21.9997 1.02694 
vt 21.9727 1.02012 
vt 21.9741 1.01923 
vt 21.9638 1.00062 
vt 22.04 0.999551 
vt 21.9996 1.02757 
vt 22.0383 1.00047 
vt 22.0274 0.980822 
vt 22.0285 0.979066 
vt 22.0004 0.972682 
vt 22.029 0.977345 
vt 22.0268 1.01547 
vt 22.0004 0.968728 
vt 22.0004 0.970581 
vt 21.9716 0.977345 
vt 21.9721 0.979066 
vt 21.9601 0.999551 
vt 21.9732 0.980822 
vt 21.9617 1.00047 
vt 21.9746 0.982013 
vt 22.0004 0.974304 
vt 22.026 0.982013 
vt 22.0004 0.974969 
vt 21.9654 1.00005 

usemtl Meshpart1Mtl

f 174/174/174 177/177/177 176/176/176 
f 175/175/175 176/176/176 177/177/177 
f 177/177/177 174/174/174 178/178/178 
f 177/177/177 179/179/179 175/175/175 
f 180/180/180 175/175/175 179/179/179 
f 193/193/193 192/192/192 191/191/191 
f 201/201/201 199/199/199 197/197/197 
f 198/198/198 201/201/201 197/197/197 
f 200/200/200 204/204/204 202/202/202 
f 204/204/204 203/203/203 202/202/202 
f 204/204/204 206/206/206 203/203/203 
f 205/205/205 207/207/207 196/196/196 
f 207/207/207 198/198/198 196/196/196 
f 203/203/203 208/208/208 205/205/205 
f 208/208/208 203/203/203 206/206/206 
f 207/207/207 205/205/205 208/208/208 
f 204/204/204 209/209/209 206/206/206 
f 209/209/209 208/208/208 206/206/206 
f 204/204/204 200/200/200 210/210/210 
f 209/209/209 211/211/211 208/208/208 
f 211/211/211 207/207/207 208/208/208 
f 209/209/209 204/204/204 212/212/212 
f 210/210/210 212/212/212 204/204/204 
f 199/199/199 210/210/210 200/200/200 
f 210/210/210 199/199/199 213/213/213 
f 199/199/199 201/201/201 213/213/213 
f 178/178/178 210/210/210 213/213/213 
f 201/201/201 178/178/178 213/213/213 
f 178/178/178 214/214/214 210/210/210 
f 212/212/212 210/210/210 214/214/214 
f 178/178/178 201/201/201 177/177/177 
f 179/179/179 177/177/177 201/201/201 
f 178/178/178 215/215/215 214/214/214 
f 212/212/212 214/214/214 215/215/215 
f 215/215/215 178/178/178 174/174/174 
f 201/201/201 216/216/216 179/179/179 
f 201/201/201 198/198/198 216/216/216 
f 207/207/207 216/216/216 198/198/198 
f 207/207/207 179/179/179 216/216/216 
f 179/179/179 207/207/207 217/217/217 
f 180/180/180 179/179/179 217/217/217 
f 207/207/207 211/211/211 217/217/217 
f 211/211/211 180/180/180 217/217/217 
f 180/180/180 211/211/211 181/181/181 
f 218/218/218 181/181/181 211/211/211 
f 218/218/218 211/211/211 209/209/209 
f 212/212/212 218/218/218 209/209/209 
f 218/218/218 212/212/212 219/219/219 
f 212/212/212 215/215/215 219/219/219 
f 193/193/193 183/183/183 182/182/182 
f 192/192/192 193/193/193 220/220/220 
f 193/193/193 182/182/182 220/220/220 
f 220/220/220 221/221/221 192/192/192 
f 221/221/221 220/220/220 222/222/222 
f 220/220/220 182/182/182 223/223/223 
f 220/220/220 223/223/223 222/222/222 
f 225/225/225 223/223/223 224/224/224 
f 223/223/223 225/225/225 222/222/222 
f 225/225/225 221/221/221 222/222/222 
f 221/221/221 225/225/225 226/226/226 
f 227/227/227 226/226/226 225/225/225 
f 226/226/226 227/227/227 228/228/228 
f 235/235/235 234/234/234 190/190/190 
f 235/235/235 236/236/236 234/234/234 
f 235/235/235 239/239/239 240/240/240 
f 235/235/235 241/241/241 239/239/239 
f 241/241/241 235/235/235 188/188/188 
f 190/190/190 188/188/188 235/235/235 
f 240/240/240 242/242/242 235/235/235 
f 236/236/236 235/235/235 242/242/242 
f 227/227/227 224/224/224 245/245/245 
f 224/224/224 227/227/227 225/225/225 
f 246/246/246 247/247/247 248/248/248 
f 248/248/248 249/249/249 246/246/246 
f 249/249/249 248/248/248 250/250/250 
f 250/250/250 251/251/251 249/249/249 
f 257/257/257 255/255/255 256/256/256 
f 258/258/258 257/257/257 256/256/256 
f 259/259/259 254/254/254 255/255/255 
f 255/255/255 257/257/257 259/259/259 
f 254/254/254 259/259/259 261/261/261 
f 262/262/262 258/258/258 260/260/260 
f 257/257/257 258/258/258 262/262/262 
f 262/262/262 260/260/260 263/263/263 
f 264/264/264 262/262/262 263/263/263 
f 265/265/265 257/257/257 262/262/262 
f 262/262/262 264/264/264 265/265/265 
f 257/257/257 265/265/265 266/266/266 
f 267/267/267 257/257/257 266/266/266 
f 257/257/257 267/267/267 259/259/259 
f 268/268/268 259/259/259 267/267/267 
f 259/259/259 268/268/268 261/261/261 
f 272/272/272 271/271/271 284/284/284 
f 285/285/285 272/272/272 284/284/284 
f 284/284/284 287/287/287 285/285/285 
f 287/287/287 284/284/284 286/286/286 
f 288/288/288 272/272/272 285/285/285 
f 288/288/288 285/285/285 287/287/287 
f 272/272/272 288/288/288 289/289/289 
f 290/290/290 288/288/288 287/287/287 
f 276/276/276 295/295/295 294/294/294 
f 297/297/297 300/300/300 299/299/299 
f 302/302/302 299/299/299 300/300/300 
f 299/299/299 302/302/302 301/301/301 
f 300/300/300 303/303/303 302/302/302 
f 304/304/304 302/302/302 303/303/303 
f 305/305/305 301/301/301 302/302/302 
f 302/302/302 304/304/304 305/305/305 
f 304/304/304 306/306/306 305/305/305 
f 303/303/303 307/307/307 308/308/308 
f 303/303/303 300/300/300 307/307/307 
f 300/300/300 309/309/309 307/307/307 
f 303/303/303 308/308/308 310/310/310 
f 309/309/309 300/300/300 311/311/311 
f 300/300/300 297/297/297 311/311/311 
f 315/315/315 303/303/303 310/310/310 
f 303/303/303 315/315/315 316/316/316 
f 303/303/303 316/316/316 304/304/304 
f 319/319/319 304/304/304 316/316/316 
f 304/304/304 319/319/319 321/321/321 
f 304/304/304 321/321/321 306/306/306 
f 306/306/306 322/322/322 324/324/324 
f 323/323/323 324/324/324 322/322/322 
f 326/326/326 323/323/323 325/325/325 
f 297/297/297 326/326/326 325/325/325 
f 324/324/324 323/323/323 327/327/327 
f 323/323/323 326/326/326 327/327/327 
f 324/324/324 327/327/327 328/328/328 
f 326/326/326 328/328/328 327/327/327 
f 328/328/328 329/329/329 324/324/324 
f 326/326/326 297/297/297 296/296/296 
f 328/328/328 326/326/326 295/295/295 
f 295/295/295 276/276/276 328/328/328 
f 329/329/329 328/328/328 276/276/276 
f 324/324/324 330/330/330 306/306/306 
f 276/276/276 274/274/274 329/329/329 
f 333/333/333 331/331/331 335/335/335 
f 335/335/335 336/336/336 333/333/333 
f 337/337/337 338/338/338 339/339/339 
f 337/337/337 339/339/339 340/340/340 
f 341/341/341 338/338/338 337/337/337 
f 338/338/338 341/341/341 342/342/342 
f 345/345/345 343/343/343 344/344/344 
f 345/345/345 344/344/344 346/346/346 
f 343/343/343 345/345/345 347/347/347 
f 347/347/347 348/348/348 343/343/343 
f 348/348/348 347/347/347 349/349/349 
f 350/350/350 349/349/349 347/347/347 
f 347/347/347 351/351/351 350/350/350 
f 351/351/351 347/347/347 345/345/345 
f 345/345/345 352/352/352 351/351/351 
f 345/345/345 353/353/353 352/352/352 
f 353/353/353 345/345/345 354/354/354 
f 346/346/346 354/354/354 345/345/345 
f 354/354/354 346/346/346 355/355/355 
f 354/354/354 356/356/356 353/353/353 
f 355/355/355 357/357/357 354/354/354 
f 356/356/356 354/354/354 357/357/357 
f 362/362/362 361/361/361 360/360/360 
f 361/361/361 362/362/362 366/366/366 
f 366/366/366 365/365/365 361/361/361 
f 367/367/367 366/366/366 362/362/362 
f 365/365/365 366/366/366 368/368/368 
f 369/369/369 368/368/368 366/366/366 
f 369/369/369 366/366/366 367/367/367 
f 370/370/370 365/365/365 368/368/368 
f 369/369/369 370/370/370 368/368/368 
f 365/365/365 371/371/371 364/364/364 
f 370/370/370 372/372/372 365/365/365 
f 371/371/371 365/365/365 372/372/372 
f 370/370/370 369/369/369 373/373/373 
f 369/369/369 374/374/374 373/373/373 
f 376/376/376 377/377/377 375/375/375 
f 377/377/377 371/371/371 375/375/375 
f 376/376/376 378/378/378 377/377/377 
f 379/379/379 377/377/377 378/378/378 
f 371/371/371 377/377/377 380/380/380 
f 379/379/379 380/380/380 377/377/377 
f 380/380/380 379/379/379 381/381/381 
f 386/386/386 388/388/388 387/387/387 
f 389/389/389 386/386/386 390/390/390 
f 386/386/386 389/389/389 391/391/391 
f 388/388/388 386/386/386 391/391/391 
f 389/389/389 393/393/393 391/391/391 
f 393/393/393 388/388/388 391/391/391 
f 393/393/393 389/389/389 392/392/392 
f 388/388/388 393/393/393 394/394/394 
f 369/369/369 384/384/384 374/374/374 
f 367/367/367 362/362/362 397/397/397 
f 399/399/399 401/401/401 400/400/400 
f 401/401/401 399/399/399 402/402/402 
f 403/403/403 400/400/400 401/401/401 
f 402/402/402 379/379/379 401/401/401 
f 401/401/401 378/378/378 403/403/403 
f 378/378/378 401/401/401 379/379/379 
f 404/404/404 405/405/405 402/402/402 
f 379/379/379 402/402/402 405/405/405 
f 405/405/405 404/404/404 406/406/406 
f 405/405/405 406/406/406 374/374/374 
f 379/379/379 405/405/405 382/382/382 
f 405/405/405 374/374/374 382/382/382 
f 379/379/379 382/382/382 381/381/381 
f 413/413/413 409/409/409 410/410/410 
f 412/412/412 413/413/413 410/410/410 
f 409/409/409 413/413/413 414/414/414 
f 413/413/413 412/412/412 415/415/415 
f 417/417/417 415/415/415 412/412/412 
f 417/417/417 419/419/419 422/422/422 
f 421/421/421 422/422/422 419/419/419 
f 417/417/417 422/422/422 423/423/423 
f 415/415/415 417/417/417 423/423/423 
f 425/425/425 421/421/421 420/420/420 
f 424/424/424 425/425/425 420/420/420 
f 424/424/424 409/409/409 414/414/414 
f 425/425/425 424/424/424 426/426/426 
f 424/424/424 414/414/414 426/426/426 
f 425/425/425 426/426/426 427/427/427 
f 414/414/414 427/427/427 426/426/426 
f 421/421/421 425/425/425 428/428/428 
f 422/422/422 421/421/421 428/428/428 
f 429/429/429 428/428/428 425/425/425 
f 425/425/425 427/427/427 429/429/429 
f 427/427/427 414/414/414 430/430/430 
f 414/414/414 431/431/431 430/430/430 
f 431/431/431 414/414/414 413/413/413 
f 415/415/415 431/431/431 413/413/413 
f 427/427/427 430/430/430 432/432/432 
f 431/431/431 432/432/432 430/430/430 
f 427/427/427 432/432/432 433/433/433 
f 429/429/429 427/427/427 433/433/433 
f 434/434/434 435/435/435 436/436/436 
f 434/434/434 437/437/437 438/438/438 
f 437/437/437 434/434/434 440/440/440 
f 436/436/436 440/440/440 434/434/434 
f 440/440/440 441/441/441 437/437/437 
f 440/440/440 436/436/436 442/442/442 
f 431/431/431 415/415/415 447/447/447 
f 428/428/428 429/429/429 448/448/448 
f 415/415/415 449/449/449 447/447/447 
f 449/449/449 415/415/415 423/423/423 
f 422/422/422 449/449/449 423/423/423 
f 428/428/428 450/450/450 422/422/422 
f 450/450/450 428/428/428 448/448/448 
f 449/449/449 422/422/422 450/450/450 
f 429/429/429 451/451/451 448/448/448 
f 450/450/450 448/448/448 451/451/451 
f 449/449/449 450/450/450 452/452/452 
f 451/451/451 452/452/452 450/450/450 
f 449/449/449 453/453/453 447/447/447 
f 431/431/431 447/447/447 453/453/453 
f 449/449/449 452/452/452 454/454/454 
f 453/453/453 449/449/449 454/454/454 
f 453/453/453 455/455/455 431/431/431 
f 432/432/432 431/431/431 455/455/455 
f 429/429/429 433/433/433 458/458/458 
f 451/451/451 429/429/429 458/458/458 
f 464/464/464 465/465/465 466/466/466 
f 465/465/465 464/464/464 467/467/467 
f 470/470/470 465/465/465 467/467/467 
f 465/465/465 471/471/471 466/466/466 
f 465/465/465 470/470/470 472/472/472 
f 471/471/471 465/465/465 474/474/474 
f 465/465/465 475/475/475 474/474/474 
f 475/475/475 465/465/465 472/472/472 
f 482/482/482 480/480/480 481/481/481 
f 481/481/481 483/483/483 482/482/482 
f 483/483/483 481/481/481 435/435/435 
f 435/435/435 484/484/484 483/483/483 
f 439/439/439 482/482/482 483/483/483 
f 482/482/482 439/439/439 461/461/461 
f 438/438/438 483/483/483 484/484/484 
f 483/483/483 438/438/438 439/439/439 
f 435/435/435 434/434/434 484/484/484 
f 438/438/438 484/484/484 434/434/434 
f 486/486/486 485/485/485 487/487/487 
f 487/487/487 488/488/488 486/486/486 
f 488/488/488 487/487/487 490/490/490 
f 490/490/490 489/489/489 488/488/488 
f 491/491/491 492/492/492 493/493/493 
f 493/493/493 494/494/494 491/491/491 
f 493/493/493 496/496/496 494/494/494 
f 496/496/496 493/493/493 497/497/497 
f 492/492/492 491/491/491 498/498/498 
f 499/499/499 493/493/493 492/492/492 
f 493/493/493 499/499/499 500/500/500 
f 493/493/493 500/500/500 501/501/501 
f 501/501/501 497/497/497 493/493/493 
f 497/497/497 503/503/503 496/496/496 
f 492/492/492 504/504/504 499/499/499 
f 504/504/504 492/492/492 505/505/505 
f 498/498/498 505/505/505 492/492/492 
f 509/509/509 508/508/508 507/507/507 
f 513/513/513 511/511/511 510/510/510 
f 516/516/516 514/514/514 512/512/512 
f 515/515/515 516/516/516 512/512/512 
f 516/516/516 517/517/517 514/514/514 
f 513/513/513 514/514/514 517/517/517 
f 518/518/518 517/517/517 516/516/516 
f 519/519/519 518/518/518 516/516/516 
f 516/516/516 515/515/515 519/519/519 
f 520/520/520 519/519/519 515/515/515 
f 513/513/513 517/517/517 521/521/521 
f 517/517/517 522/522/522 521/521/521 
f 513/513/513 524/524/524 511/511/511 
f 525/525/525 511/511/511 524/524/524 
f 511/511/511 525/525/525 526/526/526 
f 525/525/525 527/527/527 526/526/526 
f 527/527/527 525/525/525 528/528/528 
f 520/520/520 527/527/527 528/528/528 
f 511/511/511 526/526/526 529/529/529 
f 527/527/527 529/529/529 526/526/526 
f 529/529/529 507/507/507 511/511/511 
f 507/507/507 529/529/529 509/509/509 
f 529/529/529 527/527/527 530/530/530 
f 530/530/530 509/509/509 529/529/529 
f 527/527/527 520/520/520 531/531/531 
f 538/538/538 539/539/539 537/537/537 
f 540/540/540 538/538/538 536/536/536 
f 539/539/539 538/538/538 541/541/541 
f 538/538/538 540/540/540 541/541/541 
f 542/542/542 539/539/539 541/541/541 
f 540/540/540 542/542/542 541/541/541 
f 539/539/539 542/542/542 543/543/543 
f 542/542/542 540/540/540 544/544/544 
f 503/503/503 497/497/497 547/547/547 
f 549/549/549 547/547/547 497/497/497 
f 497/497/497 501/501/501 549/549/549 
f 509/509/509 530/530/530 550/550/550 
f 519/519/519 557/557/557 558/558/558 
f 519/519/519 560/560/560 557/557/557 
f 555/555/555 518/518/518 558/558/558 
f 518/518/518 519/519/519 558/558/558 
f 519/519/519 520/520/520 560/560/560 
f 555/555/555 561/561/561 518/518/518 
f 562/562/562 518/518/518 561/561/561 
f 518/518/518 562/562/562 563/563/563 
f 518/518/518 563/563/563 517/517/517 
f 522/522/522 517/517/517 563/563/563 
f 566/566/566 565/565/565 567/567/567 
f 567/567/567 568/568/568 566/566/566 
f 572/572/572 570/570/570 569/569/569 
f 572/572/572 571/571/571 570/570/570 
f 572/572/572 577/577/577 576/576/576 
f 572/572/572 578/578/578 577/577/577 
f 579/579/579 576/576/576 575/575/575 
f 576/576/576 579/579/579 572/572/572 
f 571/571/571 572/572/572 579/579/579 
f 578/578/578 572/572/572 580/580/580 
f 569/569/569 580/580/580 572/572/572 
f 580/580/580 581/581/581 578/578/578 
f 580/580/580 569/569/569 582/582/582 
f 581/581/581 580/580/580 583/583/583 
f 582/582/582 583/583/583 580/580/580 
f 590/590/590 591/591/591 589/589/589 
f 598/598/598 597/597/597 596/596/596 
f 597/597/597 599/599/599 586/586/586 
f 597/597/597 598/598/598 600/600/600 
f 599/599/599 597/597/597 600/600/600 
f 598/598/598 601/601/601 600/600/600 
f 601/601/601 599/599/599 600/600/600 
f 601/601/601 598/598/598 602/602/602 
f 599/599/599 601/601/601 603/603/603 
f 575/575/575 608/608/608 579/579/579 
f 609/609/609 579/579/579 608/608/608 
f 579/579/579 609/609/609 571/571/571 
f 590/590/590 610/610/610 612/612/612 
f 612/612/612 614/614/614 590/590/590 
f 591/591/591 590/590/590 614/614/614 
f 614/614/614 612/612/612 615/615/615 
f 615/615/615 613/613/613 616/616/616 
f 614/614/614 617/617/617 591/591/591 
f 615/615/615 618/618/618 614/614/614 
f 617/617/617 614/614/614 618/618/618 
f 616/616/616 619/619/619 615/615/615 
f 615/615/615 621/621/621 618/618/618 
f 621/621/621 617/617/617 618/618/618 
f 621/621/621 615/615/615 619/619/619 
f 617/617/617 621/621/621 623/623/623 
f 624/624/624 617/617/617 623/623/623 
f 628/628/628 625/625/625 627/627/627 
f 616/616/616 628/628/628 627/627/627 
f 625/625/625 628/628/628 629/629/629 
f 630/630/630 629/629/629 628/628/628 
f 631/631/631 634/634/634 633/633/633 
f 634/634/634 631/631/631 629/629/629 
f 629/629/629 630/630/630 634/634/634 
f 634/634/634 635/635/635 633/633/633 
f 635/635/635 634/634/634 636/636/636 
f 630/630/630 636/636/636 634/634/634 
f 638/638/638 637/637/637 636/636/636 
f 636/636/636 630/630/630 638/638/638 
f 637/637/637 638/638/638 639/639/639 
f 638/638/638 624/624/624 639/639/639 
f 630/630/630 640/640/640 638/638/638 
f 624/624/624 638/638/638 640/640/640 
f 640/640/640 630/630/630 641/641/641 
f 642/642/642 641/641/641 630/630/630 
f 630/630/630 628/628/628 642/642/642 
f 628/628/628 616/616/616 642/642/642 
f 617/617/617 624/624/624 644/644/644 

g Meshpart4

v -169.714 5.62605 -0.0180265 
v -169.714 5.48848 -0.0180265 
v -169.835 5.48848 -0.310698 
v -169.714 5.48848 -0.603372 
v -169.835 5.62605 -0.310698 
v -169.714 5.62605 -0.603372 
v -169.835 4.73332 -0.310698 
v -169.714 4.73332 -0.0180265 
v -169.714 4.8709 -0.0180265 
v -169.835 4.8709 -0.310698 
v -169.714 4.73332 -0.603372 
v -169.714 4.8709 -0.603372 
v -169.128 5.48848 -0.603372 
v -169.128 5.62605 -0.603372 
v -169.421 5.62605 -0.724602 
v -169.421 5.48848 -0.724602 
v -169.714 5.48848 -0.603372 
v -169.714 5.62605 -0.603372 
v -169.714 4.73332 -0.603372 
v -169.714 4.8709 -0.603372 
v -169.421 4.8709 -0.724602 
v -169.421 4.73332 -0.724602 
v -169.128 4.73332 -0.603372 
v -169.128 4.8709 -0.603372 
v -169.128 5.48848 -0.0180265 
v -169.007 5.48848 -0.310698 
v -169.128 5.62605 -0.0180265 
v -169.007 5.62605 -0.310698 
v -169.128 5.48848 -0.603372 
v -169.128 5.62605 -0.603372 
v -169.128 4.73332 -0.0180265 
v -169.128 4.8709 -0.0180265 
v -169.007 4.73332 -0.310698 
v -169.007 4.8709 -0.310698 
v -169.128 4.73332 -0.603372 
v -169.128 4.8709 -0.603372 
v -169.128 5.48848 -0.0180265 
v -169.128 5.62605 -0.0180265 
v -169.421 5.62605 0.103204 
v -169.421 5.48848 0.103204 
v -169.714 5.62605 -0.0180265 
v -169.714 5.48848 -0.0180265 
v -169.714 4.73332 -0.0180265 
v -169.714 4.8709 -0.0180265 
v -169.421 4.73332 0.103204 
v -169.421 4.8709 0.103204 
v -169.128 4.73332 -0.0180265 
v -169.128 4.8709 -0.0180265 

vn -0.708661 0 0.708661 
vn -0.708661 0 0.708661 
vn -1 0 0 
vn -0.708661 0 -0.708661 
vn -1 0 0 
vn -0.708661 0 -0.708661 
vn -1 0 0 
vn -0.708661 0 0.708661 
vn -0.708661 0 0.708661 
vn -1 0 0 
vn -0.708661 0 -0.708661 
vn -0.708661 0 -0.708661 
vn 0.708661 0 -0.708661 
vn 0.708661 0 -0.708661 
vn 0 0 -1 
vn 0 0 -1 
vn -0.708661 0 -0.708661 
vn -0.708661 0 -0.708661 
vn -0.708661 0 -0.708661 
vn -0.708661 0 -0.708661 
vn 0 0 -1 
vn 0 0 -1 
vn 0.708661 0 -0.708661 
vn 0.708661 0 -0.708661 
vn 0.708661 0 0.708661 
vn 1 0 0 
vn 0.708661 0 0.708661 
vn 1 0 0 
vn 0.708661 0 -0.708661 
vn 0.708661 0 -0.708661 
vn 0.708661 0 0.708661 
vn 0.708661 0 0.708661 
vn 1 0 0 
vn 1 0 0 
vn 0.708661 0 -0.708661 
vn 0.708661 0 -0.708661 
vn 0.708661 0 0.708661 
vn 0.708661 0 0.708661 
vn 0 0 1 
vn 0 0 1 
vn -0.708661 0 0.708661 
vn -0.708661 0 0.708661 
vn -0.708661 0 0.708661 
vn -0.708661 0 0.708661 
vn 0 0 1 
vn 0 0 1 
vn 0.708661 0 0.708661 
vn 0.708661 0 0.708661 

vt 38.0366 -22.9442 
vt 38.0366 -22.9614 
vt 38 -22.9614 
vt 37.9634 -22.9614 
vt 38 -22.9442 
vt 37.9634 -22.9442 
vt 38 -23.0558 
vt 38.0366 -23.0558 
vt 38.0366 -23.0386 
vt 38 -23.0386 
vt 37.9634 -23.0558 
vt 37.9634 -23.0386 
vt 37.9634 -22.9614 
vt 37.9634 -22.9442 
vt 38 -22.9442 
vt 38 -22.9614 
vt 38.0366 -22.9614 
vt 38.0366 -22.9442 
vt 38.0366 -23.0558 
vt 38.0366 -23.0386 
vt 38 -23.0386 
vt 38 -23.0558 
vt 37.9634 -23.0558 
vt 37.9634 -23.0386 
vt 37.9634 -22.9614 
vt 38 -22.9614 
vt 37.9634 -22.9442 
vt 38 -22.9442 
vt 38.0366 -22.9614 
vt 38.0366 -22.9442 
vt 37.9634 -23.0558 
vt 37.9634 -23.0386 
vt 38 -23.0558 
vt 38 -23.0386 
vt 38.0366 -23.0558 
vt 38.0366 -23.0386 
vt 38.0366 -22.9614 
vt 38.0366 -22.9442 
vt 38 -22.9442 
vt 38 -22.9614 
vt 37.9634 -22.9442 
vt 37.9634 -22.9614 
vt 37.9634 -23.0558 
vt 37.9634 -23.0386 
vt 38 -23.0558 
vt 38 -23.0386 
vt 38.0366 -23.0558 
vt 38.0366 -23.0386 

usemtl Meshpart4Mtl

f 647/647/647 646/646/646 645/645/645 
f 645/645/645 649/649/649 647/647/647 
f 648/648/648 647/647/647 649/649/649 
f 649/649/649 650/650/650 648/648/648 
f 651/651/651 652/652/652 653/653/653 
f 653/653/653 654/654/654 651/651/651 
f 655/655/655 651/651/651 654/654/654 
f 654/654/654 656/656/656 655/655/655 
f 657/657/657 659/659/659 658/658/658 
f 657/657/657 660/660/660 659/659/659 
f 660/660/660 661/661/661 659/659/659 
f 662/662/662 659/659/659 661/661/661 
f 664/664/664 665/665/665 663/663/663 
f 666/666/666 663/663/663 665/665/665 
f 667/667/667 666/666/666 665/665/665 
f 667/667/667 665/665/665 668/668/668 
f 669/669/669 670/670/670 671/671/671 
f 671/671/671 670/670/670 672/672/672 
f 670/670/670 673/673/673 672/672/672 
f 672/672/672 673/673/673 674/674/674 
f 675/675/675 677/677/677 676/676/676 
f 676/676/676 677/677/677 678/678/678 
f 677/677/677 679/679/679 678/678/678 
f 678/678/678 679/679/679 680/680/680 
f 683/683/683 681/681/681 682/682/682 
f 681/681/681 683/683/683 684/684/684 
f 685/685/685 684/684/684 683/683/683 
f 684/684/684 685/685/685 686/686/686 
f 689/689/689 688/688/688 687/687/687 
f 688/688/688 689/689/689 690/690/690 
f 691/691/691 690/690/690 689/689/689 
f 690/690/690 691/691/691 692/692/692 

g Meshpart5

v -169.639 6.17794 -0.310698 
v -169.575 6.05794 -0.46523 
v -169.639 6.05794 -0.310698 
v -169.575 6.17794 -0.46523 
v -169.575 6.17794 -0.156168 
v -169.575 6.05794 -0.156168 
v -169.575 6.05794 -0.46523 
v -169.678 5.85794 -0.568252 
v -169.785 5.85794 -0.310698 
v -169.639 6.05794 -0.310698 
v -169.575 6.05794 -0.156168 
v -169.678 5.85794 -0.0531465 
v -169.266 6.17794 -0.156168 
v -169.575 6.17794 -0.156168 
v -169.421 6.17794 -0.0921585 
v -169.639 6.17794 -0.310698 
v -169.266 6.17794 -0.46523 
v -169.202 6.17794 -0.310698 
v -169.575 6.17794 -0.46523 
v -169.421 6.17794 -0.52924 
v -169.575 6.05794 -0.46523 
v -169.575 6.17794 -0.46523 
v -169.421 6.05794 -0.52924 
v -169.421 6.17794 -0.52924 
v -169.266 6.05794 -0.46523 
v -169.266 6.17794 -0.46523 
v -169.421 5.85794 -0.674934 
v -169.266 6.05794 -0.46523 
v -169.163 5.85794 -0.568252 
v -169.421 6.05794 -0.52924 
v -169.575 6.05794 -0.46523 
v -169.678 5.85794 -0.568252 
v -169.266 6.05794 -0.46523 
v -169.266 6.17794 -0.46523 
v -169.266 6.17794 -0.156168 
v -169.202 6.05794 -0.310698 
v -169.266 6.05794 -0.156168 
v -169.202 6.17794 -0.310698 
v -169.266 6.05794 -0.46523 
v -169.163 5.85794 -0.568252 
v -169.057 5.85794 -0.310698 
v -169.202 6.05794 -0.310698 
v -169.266 6.05794 -0.156168 
v -169.163 5.85794 -0.0531465 
v -169.575 6.17794 -0.156168 
v -169.575 6.05794 -0.156168 
v -169.421 6.17794 -0.0921585 
v -169.421 6.05794 -0.0921585 
v -169.266 6.17794 -0.156168 
v -169.266 6.05794 -0.156168 
v -169.266 6.05794 -0.156168 
v -169.163 5.85794 -0.0531465 
v -169.421 5.85794 0.0535355 
v -169.421 6.05794 -0.0921585 
v -169.575 6.05794 -0.156168 
v -169.678 5.85794 -0.0531465 

vn -1 0 0 
vn -0.708661 0 -0.708661 
vn -1 0 0 
vn -0.708661 0 -0.708661 
vn -0.708661 0 0.708661 
vn -0.708661 0 0.708661 
vn -0.574803 0.590551 -0.574803 
vn -0.574803 0.590551 -0.574803 
vn -0.811024 0.590551 0 
vn -0.811024 0.590551 0 
vn -0.574803 0.590551 0.574803 
vn -0.574803 0.590551 0.574803 
vn 0 1 0 
vn 0 1 0 
vn 0 1 0 
vn 0 1 0 
vn 0 1 0 
vn 0 1 0 
vn 0 1 0 
vn 0 1 0 
vn -0.708661 0 -0.708661 
vn -0.708661 0 -0.708661 
vn 0 0 -1 
vn 0 0 -1 
vn 0.708661 0 -0.708661 
vn 0.708661 0 -0.708661 
vn 0 0.590551 -0.811024 
vn 0.574803 0.590551 -0.574803 
vn 0.574803 0.590551 -0.574803 
vn 0 0.590551 -0.811024 
vn -0.574803 0.590551 -0.574803 
vn -0.574803 0.590551 -0.574803 
vn 0.708661 0 -0.708661 
vn 0.708661 0 -0.708661 
vn 0.708661 0 0.708661 
vn 1 0 0 
vn 0.708661 0 0.708661 
vn 1 0 0 
vn 0.574803 0.590551 -0.574803 
vn 0.574803 0.590551 -0.574803 
vn 0.811024 0.590551 0 
vn 0.811024 0.590551 0 
vn 0.574803 0.590551 0.574803 
vn 0.574803 0.590551 0.574803 
vn -0.708661 0 0.708661 
vn -0.708661 0 0.708661 
vn 0 0 1 
vn 0 0 1 
vn 0.708661 0 0.708661 
vn 0.708661 0 0.708661 
vn 0.574803 0.590551 0.574803 
vn 0.574803 0.590551 0.574803 
vn 0 0.590551 0.811024 
vn 0 0.590551 0.811024 
vn -0.574803 0.590551 0.574803 
vn -0.574803 0.590551 0.574803 

vt 8 -24.98 
vt 7.98068 -24.995 
vt 8 -24.995 
vt 7.98068 -24.98 
vt 8.01932 -24.98 
vt 8.01932 -24.995 
vt 7.98068 -24.995 
vt 7.96781 -25.02 
vt 8 -25.02 
vt 8 -24.995 
vt 8.01932 -24.995 
vt 8.03219 -25.02 
vt 8.01932 -25.0193 
vt 7.98068 -25.0193 
vt 8 -25.0273 
vt 7.97268 -25 
vt 8.01932 -24.9807 
vt 8.02732 -25 
vt 7.98068 -24.9807 
vt 8 -24.9727 
vt 8.01932 -24.995 
vt 8.01932 -24.98 
vt 8 -24.995 
vt 8 -24.98 
vt 7.98068 -24.995 
vt 7.98068 -24.98 
vt 8 -25.02 
vt 7.98068 -24.995 
vt 7.96781 -25.02 
vt 8 -24.995 
vt 8.01932 -24.995 
vt 8.03219 -25.02 
vt 8.01932 -24.995 
vt 8.01932 -24.98 
vt 7.98068 -24.98 
vt 8 -24.995 
vt 7.98068 -24.995 
vt 8 -24.98 
vt 8.01932 -24.995 
vt 8.03219 -25.02 
vt 8 -25.02 
vt 8 -24.995 
vt 7.98068 -24.995 
vt 7.96781 -25.02 
vt 7.98068 -24.98 
vt 7.98068 -24.995 
vt 8 -24.98 
vt 8 -24.995 
vt 8.01932 -24.98 
vt 8.01932 -24.995 
vt 8.01932 -24.995 
vt 8.03219 -25.02 
vt 8 -25.02 
vt 8 -24.995 
vt 7.98068 -24.995 
vt 7.96781 -25.02 

usemtl Meshpart5Mtl

f 693/693/693 694/694/694 695/695/695 
f 694/694/694 693/693/693 696/696/696 
f 695/695/695 697/697/697 693/693/693 
f 697/697/697 695/695/695 698/698/698 
f 701/701/701 699/699/699 700/700/700 
f 699/699/699 701/701/701 702/702/702 
f 701/701/701 703/703/703 702/702/702 
f 703/703/703 701/701/701 704/704/704 
f 705/705/705 706/706/706 707/707/707 
f 706/706/706 705/705/705 708/708/708 
f 708/708/708 705/705/705 709/709/709 
f 709/709/709 705/705/705 710/710/710 
f 708/708/708 709/709/709 711/711/711 
f 711/711/711 709/709/709 712/712/712 
f 713/713/713 714/714/714 715/715/715 
f 715/715/715 714/714/714 716/716/716 
f 715/715/715 716/716/716 717/717/717 
f 717/717/717 716/716/716 718/718/718 
f 719/719/719 720/720/720 721/721/721 
f 720/720/720 719/719/719 722/722/722 
f 719/719/719 723/723/723 722/722/722 
f 724/724/724 723/723/723 719/719/719 
f 728/728/728 725/725/725 726/726/726 
f 730/730/730 728/728/728 726/726/726 
f 727/727/727 729/729/729 730/730/730 
f 729/729/729 728/728/728 730/730/730 
f 733/733/733 732/732/732 731/731/731 
f 734/734/734 733/733/733 731/731/731 
f 735/735/735 733/733/733 734/734/734 
f 733/733/733 735/735/735 736/736/736 
f 739/739/739 737/737/737 738/738/738 
f 739/739/739 738/738/738 740/740/740 
f 741/741/741 739/739/739 740/740/740 
f 741/741/741 740/740/740 742/742/742 
f 745/745/745 744/744/744 743/743/743 
f 743/743/743 746/746/746 745/745/745 
f 747/747/747 745/745/745 746/746/746 
f 745/745/745 747/747/747 748/748/748 

g Meshpart6

v -169.714 5.83878 -0.0180265 
v -169.714 5.62605 -0.0180265 
v -169.835 5.62605 -0.310698 
v -169.835 5.83878 -0.310698 
v -169.714 5.62605 -0.603372 
v -169.714 5.83878 -0.603372 
v -169.835 5.48848 -0.310698 
v -169.835 4.8709 -0.310698 
v -169.714 5.48848 -0.0180265 
v -169.714 4.8709 -0.0180265 
v -169.714 4.8709 -0.603372 
v -169.421 4.8709 0.103204 
v -169.714 5.48848 -0.603372 
v -169.421 5.48848 0.103204 
v -169.714 4.73332 -0.0180265 
v -169.714 4.5206 -0.0180265 
v -169.835 4.5206 -0.310698 
v -169.835 4.73332 -0.310698 
v -169.714 4.5206 -0.603372 
v -169.714 4.73332 -0.603372 
v -169.743 5.83878 0.0112415 
v -169.743 5.92259 0.0112415 
v -169.876 5.83878 -0.310698 
v -169.876 5.92259 -0.310698 
v -169.743 5.92259 -0.63264 
v -169.743 5.83878 -0.63264 
v -169.743 4.43678 -0.63264 
v -169.743 4.5206 -0.63264 
v -169.876 4.5206 -0.310698 
v -169.876 4.43678 -0.310698 
v -169.743 4.5206 0.0112415 
v -169.743 4.43678 0.0112415 
v -169.163 5.84259 -0.0531465 
v -169.163 5.92259 -0.0531465 
v -169.057 5.84259 -0.310698 
v -169.421 5.92259 -0.674935 
v -169.057 5.92259 -0.310698 
v -169.421 5.84259 -0.674935 
v -169.163 5.84259 -0.568252 
v -169.163 5.92259 -0.568252 
v -168.966 5.92259 -0.310698 
v -169.163 5.92259 -0.568252 
v -169.057 5.92259 -0.310698 
v -169.099 5.92259 -0.63264 
v -169.099 5.92259 0.0112415 
v -169.421 5.92259 -0.765992 
v -169.163 5.92259 -0.0531465 
v -169.421 5.92259 -0.674935 
v -169.421 5.92259 0.144594 
v -169.743 5.92259 -0.63264 
v -169.421 5.92259 0.0535355 
v -169.678 5.92259 -0.568252 
v -169.743 5.92259 0.0112415 
v -169.876 5.92259 -0.310698 
v -169.678 5.92259 -0.0531465 
v -169.785 5.92259 -0.310698 
v -169.421 5.83878 0.103204 
v -169.714 5.62605 -0.0180265 
v -169.421 5.62605 -0.724602 
v -169.714 5.83878 -0.603372 
v -169.099 5.92259 0.0112415 
v -169.421 5.83878 0.144594 
v -168.966 5.83878 -0.310698 
v -169.743 5.83878 0.0112415 
v -169.743 5.92259 0.0112415 
v -169.421 5.92259 -0.765992 
v -169.876 5.92259 -0.310698 
v -169.743 5.83878 -0.63264 
v -169.743 4.5206 0.0112415 
v -169.099 4.5206 -0.63264 
v -169.099 4.43678 0.0112415 
v -169.678 5.84259 -0.0531465 
v -169.785 5.92259 -0.310698 
v -169.163 5.92259 -0.0531465 
v -169.421 5.84259 -0.674935 
v -169.876 4.5206 -0.310698 
v -169.714 4.5206 -0.0180265 
v -169.835 4.5206 -0.310698 
v -169.714 4.5206 -0.603372 
v -169.743 4.5206 0.0112415 
v -169.743 4.5206 -0.63264 
v -169.421 4.5206 0.103204 
v -169.421 4.5206 -0.724602 
v -169.421 4.5206 0.144594 
v -169.421 4.5206 -0.765992 
v -169.128 4.5206 -0.0180265 
v -169.128 4.5206 -0.603372 
v -169.099 4.5206 0.0112415 
v -169.099 4.5206 -0.63264 
v -169.007 4.5206 -0.310698 
v -168.966 4.5206 -0.310698 
v -169.128 5.62605 -0.603372 
v -169.128 5.83878 -0.603372 
v -169.421 5.83878 -0.724602 
v -169.421 5.62605 -0.724602 
v -169.714 5.62605 -0.603372 
v -169.714 5.83878 -0.603372 
v -169.714 4.8709 -0.603372 
v -169.714 5.48848 -0.603372 
v -169.421 5.48848 -0.724602 
v -169.421 4.8709 -0.724602 
v -169.128 4.8709 -0.603372 
v -169.007 4.8709 -0.310698 
v -169.128 5.48848 -0.603372 
v -169.714 4.73332 -0.0180265 
v -169.714 4.5206 -0.603372 
v -169.128 4.5206 -0.603372 
v -169.714 4.73332 -0.603372 
v -169.128 4.73332 -0.603372 
v -169.421 4.73332 -0.724602 
v -169.421 4.5206 -0.724602 
v -169.099 5.92259 -0.63264 
v -169.099 5.83878 -0.63264 
v -169.421 5.92259 -0.765992 
v -169.421 5.83878 -0.765992 
v -169.743 5.92259 -0.63264 
v -169.743 5.83878 -0.63264 
v -169.421 4.43678 -0.765992 
v -169.743 4.43678 -0.63264 
v -169.743 4.5206 -0.63264 
v -169.421 4.5206 -0.765992 
v -169.099 4.43678 -0.63264 
v -169.099 4.5206 -0.63264 
v -169.421 5.84259 0.0535355 
v -169.678 5.84259 -0.0531465 
v -169.678 5.92259 -0.0531465 
v -169.421 5.92259 0.0535355 
v -169.163 5.84259 -0.0531465 
v -169.163 5.92259 -0.0531465 
v -169.128 5.83878 -0.0180265 
v -169.128 5.62605 -0.0180265 
v -169.007 5.62605 -0.310698 
v -169.007 5.83878 -0.310698 
v -169.128 5.62605 -0.603372 
v -169.128 5.83878 -0.603372 
v -169.421 5.83878 -0.724602 
v -169.421 5.62605 -0.724602 
v -169.421 4.8709 0.103204 
v -169.714 5.48848 -0.603372 
v -169.421 5.48848 0.103204 
v -169.421 5.48848 -0.724602 
v -169.128 4.8709 -0.0180265 
v -169.128 5.48848 -0.0180265 
v -169.128 4.8709 -0.603372 
v -169.007 4.8709 -0.310698 
v -169.128 5.48848 -0.603372 
v -169.007 5.48848 -0.310698 
v -169.128 4.5206 -0.0180265 
v -169.128 4.73332 -0.0180265 
v -169.007 4.5206 -0.310698 
v -169.007 4.73332 -0.310698 
v -169.128 4.5206 -0.603372 
v -169.128 4.73332 -0.603372 
v -168.966 5.92259 -0.310698 
v -169.099 5.92259 0.0112415 
v -169.099 5.83878 0.0112415 
v -168.966 5.83878 -0.310698 
v -169.099 5.92259 -0.63264 
v -169.099 5.83878 -0.63264 
v -169.421 5.92259 -0.765992 
v -169.421 5.83878 -0.765992 
v -169.099 4.43678 -0.63264 
v -169.099 4.5206 -0.63264 
v -168.966 4.43678 -0.310698 
v -168.966 4.5206 -0.310698 
v -169.099 4.43678 0.0112415 
v -169.099 4.5206 0.0112415 
v -169.678 5.84259 -0.0531465 
v -169.678 5.92259 -0.0531465 
v -169.785 5.92259 -0.310698 
v -169.785 5.84259 -0.310698 
v -169.678 5.92259 -0.568252 
v -169.678 5.84259 -0.568252 
v -169.876 4.43678 -0.310698 
v -168.966 4.43678 -0.310698 
v -169.421 4.43678 0.144594 
v -169.099 4.43678 0.0112415 
v -169.743 4.43678 0.0112415 
v -169.421 4.43678 -0.765992 
v -169.099 4.43678 -0.63264 
v -169.743 4.43678 -0.63264 
v -169.421 5.83878 0.103204 
v -169.714 5.62605 -0.0180265 
v -169.421 5.62605 -0.724602 
v -169.714 5.83878 -0.603372 
v -169.099 5.92259 0.0112415 
v -169.421 5.83878 0.144594 
v -168.966 5.83878 -0.310698 
v -169.743 5.83878 0.0112415 
v -169.421 5.92259 -0.765992 
v -169.876 5.92259 -0.310698 
v -169.743 5.83878 -0.63264 
v -169.743 4.43678 -0.63264 
v -169.743 4.5206 0.0112415 
v -169.099 4.5206 -0.63264 
v -169.099 4.43678 0.0112415 
v -169.678 5.84259 -0.0531465 
v -169.785 5.92259 -0.310698 
v -169.163 5.92259 -0.0531465 
v -169.421 5.84259 -0.674935 
v -169.743 5.83878 -0.63264 
v -169.421 5.83878 -0.765992 
v -169.421 5.83878 -0.724602 
v -169.714 5.83878 -0.603372 
v -169.128 5.83878 -0.603372 
v -169.876 5.83878 -0.310698 
v -169.099 5.83878 -0.63264 
v -169.835 5.83878 -0.310698 
v -168.966 5.83878 -0.310698 
v -169.714 5.83878 -0.0180265 
v -169.007 5.83878 -0.310698 
v -169.743 5.83878 0.0112415 
v -169.099 5.83878 0.0112415 
v -169.421 5.83878 0.103204 
v -169.128 5.83878 -0.0180265 
v -169.421 5.83878 0.144594 
v -169.128 5.83878 -0.0180265 
v -169.128 5.62605 -0.0180265 
v -169.007 5.62605 -0.310698 
v -169.421 5.83878 0.103204 
v -169.007 5.83878 -0.310698 
v -169.421 5.62605 0.103204 
v -169.714 5.83878 -0.0180265 
v -169.714 5.62605 -0.0180265 
v -169.714 5.48848 -0.0180265 
v -169.714 4.8709 -0.0180265 
v -169.421 4.8709 0.103204 
v -169.421 5.48848 0.103204 
v -169.128 4.8709 -0.0180265 
v -169.128 5.48848 -0.0180265 
v -169.007 4.8709 -0.310698 
v -169.007 5.48848 -0.310698 
v -169.714 4.73332 -0.0180265 
v -169.421 4.5206 0.103204 
v -169.421 4.73332 0.103204 
v -169.128 4.5206 -0.0180265 
v -169.714 4.5206 -0.0180265 
v -169.128 4.73332 -0.0180265 
v -169.128 4.5206 -0.603372 
v -169.128 4.73332 -0.603372 
v -169.099 5.92259 0.0112415 
v -169.099 5.83878 0.0112415 
v -169.421 5.83878 0.144594 
v -169.421 5.92259 0.144594 
v -169.743 5.83878 0.0112415 
v -169.743 5.92259 0.0112415 
v -169.743 4.5206 0.0112415 
v -169.743 4.43678 0.0112415 
v -169.421 4.5206 0.144594 
v -169.421 4.43678 0.144594 
v -169.099 4.43678 0.0112415 
v -169.099 4.5206 0.0112415 
v -169.678 5.92259 -0.568252 
v -169.678 5.84259 -0.568252 
v -169.421 5.92259 -0.674935 
v -169.421 5.84259 -0.674935 
v -169.163 5.84259 -0.568252 
v -169.163 5.92259 -0.568252 

vn -0.708661 0 0.708661 
vn -0.708661 0 0.708661 
vn -1 0 0 
vn -1 0 0 
vn -0.708661 0 -0.708661 
vn -0.708661 0 -0.708661 
vn -1 0 0 
vn -1 0 0 
vn -0.708661 0 0.708661 
vn -0.708661 0 0.708661 
vn -0.708661 0 -0.708661 
vn 0 0 1 
vn -0.708661 0 -0.708661 
vn 0 0 1 
vn -0.708661 0 0.708661 
vn -0.708661 0 0.708661 
vn -1 0 0 
vn -1 0 0 
vn -0.708661 0 -0.708661 
vn -0.708661 0 -0.708661 
vn -0.708661 0 0.708661 
vn -0.708661 0 0.708661 
vn -1 0 0 
vn -1 0 0 
vn -0.708661 0 -0.708661 
vn -0.708661 0 -0.708661 
vn -0.708661 0 -0.708661 
vn -0.708661 0 -0.708661 
vn -1 0 0 
vn -1 0 0 
vn -0.708661 0 0.708661 
vn -0.708661 0 0.708661 
vn -0.708661 0 -0.708661 
vn -0.708661 0 -0.708661 
vn -1 0 0 
vn 0 0 1 
vn -1 0 0 
vn 0 0 1 
vn -0.708661 0 0.708661 
vn -0.708661 0 0.708661 
vn 0 1 0 
vn 0 1 0 
vn 0 1 0 
vn 0 1 0 
vn 0 1 0 
vn 0 1 0 
vn 0 1 0 
vn 0 1 0 
vn 0 1 0 
vn 0 1 0 
vn 0 1 0 
vn 0 1 0 
vn 0 1 0 
vn 0 1 0 
vn 0 1 0 
vn 0 1 0 
vn 0 0 1 
vn -0.708661 0 0.708661 
vn 0 0 -1 
vn -0.708661 0 -0.708661 
vn 0.708661 0 0.708661 
vn 0 0 1 
vn 1 0 0 
vn -0.708661 0 0.708661 
vn -0.708661 0 0.708661 
vn 0 0 -1 
vn -1 0 0 
vn -0.708661 0 -0.708661 
vn -0.708661 0 0.708661 
vn 0.708661 0 -0.708661 
vn 0.708661 0 0.708661 
vn 0.708661 0 -0.708661 
vn 1 0 0 
vn -0.708661 0 -0.708661 
vn 0 0 1 
vn 0 1 0 
vn 0 1 0 
vn 0 1 0 
vn 0 1 0 
vn 0 1 0 
vn 0 1 0 
vn 0 1 0 
vn 0 1 0 
vn 0 1 0 
vn 0 1 0 
vn 0 1 0 
vn 0 1 0 
vn 0 1 0 
vn 0 1 0 
vn 0 1 0 
vn 0 1 0 
vn 0.708661 0 -0.708661 
vn 0.708661 0 -0.708661 
vn 0 0 -1 
vn 0 0 -1 
vn -0.708661 0 -0.708661 
vn -0.708661 0 -0.708661 
vn -0.708661 0 -0.708661 
vn -0.708661 0 -0.708661 
vn 0 0 -1 
vn 0 0 -1 
vn 0.708661 0 -0.708661 
vn 1 0 0 
vn 0.708661 0 -0.708661 
vn -0.708661 0 0.708661 
vn -0.708661 0 -0.708661 
vn 0.708661 0 -0.708661 
vn -0.708661 0 -0.708661 
vn 0.708661 0 -0.708661 
vn 0 0 -1 
vn 0 0 -1 
vn 0.708661 0 -0.708661 
vn 0.708661 0 -0.708661 
vn 0 0 -1 
vn 0 0 -1 
vn -0.708661 0 -0.708661 
vn -0.708661 0 -0.708661 
vn 0 0 -1 
vn -0.708661 0 -0.708661 
vn -0.708661 0 -0.708661 
vn 0 0 -1 
vn 0.708661 0 -0.708661 
vn 0.708661 0 -0.708661 
vn 0 0 -1 
vn 0.708661 0 -0.708661 
vn 0.708661 0 -0.708661 
vn 0 0 -1 
vn -0.708661 0 -0.708661 
vn -0.708661 0 -0.708661 
vn 0.708661 0 0.708661 
vn 0.708661 0 0.708661 
vn 1 0 0 
vn 1 0 0 
vn 0.708661 0 -0.708661 
vn 0.708661 0 -0.708661 
vn 0 0 -1 
vn 0 0 -1 
vn 0 0 1 
vn -0.708661 0 -0.708661 
vn 0 0 1 
vn 0 0 -1 
vn 0.708661 0 0.708661 
vn 0.708661 0 0.708661 
vn 0.708661 0 -0.708661 
vn 1 0 0 
vn 0.708661 0 -0.708661 
vn 1 0 0 
vn 0.708661 0 0.708661 
vn 0.708661 0 0.708661 
vn 1 0 0 
vn 1 0 0 
vn 0.708661 0 -0.708661 
vn 0.708661 0 -0.708661 
vn 1 0 0 
vn 0.708661 0 0.708661 
vn 0.708661 0 0.708661 
vn 1 0 0 
vn 0.708661 0 -0.708661 
vn 0.708661 0 -0.708661 
vn 0 0 -1 
vn 0 0 -1 
vn 0.708661 0 -0.708661 
vn 0.708661 0 -0.708661 
vn 1 0 0 
vn 1 0 0 
vn 0.708661 0 0.708661 
vn 0.708661 0 0.708661 
vn 0.708661 0 -0.708661 
vn 0.708661 0 -0.708661 
vn 1 0 0 
vn 1 0 0 
vn 0.708661 0 0.708661 
vn 0.708661 0 0.708661 
vn 0 -1 0 
vn 0 -1 0 
vn 0 -1 0 
vn 0 -1 0 
vn 0 -1 0 
vn 0 -1 0 
vn 0 -1 0 
vn 0 -1 0 
vn 0 0 1 
vn -0.708661 0 0.708661 
vn 0 0 -1 
vn -0.708661 0 -0.708661 
vn 0.708661 0 0.708661 
vn 0 0 1 
vn 1 0 0 
vn -0.708661 0 0.708661 
vn 0 0 -1 
vn -1 0 0 
vn -0.708661 0 -0.708661 
vn -0.708661 0 -0.708661 
vn -0.708661 0 0.708661 
vn 0.708661 0 -0.708661 
vn 0.708661 0 0.708661 
vn 0.708661 0 -0.708661 
vn 1 0 0 
vn -0.708661 0 -0.708661 
vn 0 0 1 
vn 0 -1 0 
vn 0 -1 0 
vn 0 -1 0 
vn 0 -1 0 
vn 0 -1 0 
vn 0 -1 0 
vn 0 -1 0 
vn 0 -1 0 
vn 0 -1 0 
vn 0 -1 0 
vn 0 -1 0 
vn 0 -1 0 
vn 0 -1 0 
vn 0 -1 0 
vn 0 -1 0 
vn 0 -1 0 
vn 0.708661 0 0.708661 
vn 0.708661 0 0.708661 
vn 1 0 0 
vn 0 0 1 
vn 1 0 0 
vn 0 0 1 
vn -0.708661 0 0.708661 
vn -0.708661 0 0.708661 
vn -0.708661 0 0.708661 
vn -0.708661 0 0.708661 
vn 0 0 1 
vn 0 0 1 
vn 0.708661 0 0.708661 
vn 0.708661 0 0.708661 
vn 1 0 0 
vn 1 0 0 
vn -0.708661 0 0.708661 
vn 0 0 1 
vn 0 0 1 
vn 0.708661 0 0.708661 
vn -0.708661 0 0.708661 
vn 0.708661 0 0.708661 
vn 0.708661 0 -0.708661 
vn 0.708661 0 -0.708661 
vn 0.708661 0 0.708661 
vn 0.708661 0 0.708661 
vn 0 0 1 
vn 0 0 1 
vn -0.708661 0 0.708661 
vn -0.708661 0 0.708661 
vn -0.708661 0 0.708661 
vn -0.708661 0 0.708661 
vn 0 0 1 
vn 0 0 1 
vn 0.708661 0 0.708661 
vn 0.708661 0 0.708661 
vn 0.708661 0 0.708661 
vn 0.708661 0 0.708661 
vn 0 0 1 
vn 0 0 1 
vn -0.708661 0 0.708661 
vn -0.708661 0 0.708661 

vt 0.0365841 -4.91761 
vt 0.0365841 -4.9442 
vt 1.23953e-07 -4.9442 
vt 1.23953e-07 -4.91761 
vt -0.0365841 -4.9442 
vt -0.0365841 -4.91761 
vt 1.23953e-07 -4.9614 
vt 1.23953e-07 -5.0386 
vt 0.0365841 -4.9614 
vt 0.0365841 -5.0386 
vt -0.0365841 -5.0386 
vt 0.0517379 -5.0386 
vt -0.0365841 -4.9614 
vt 0.0517379 -4.9614 
vt 0.0365841 -5.0558 
vt 0.0365841 -5.08239 
vt 1.23953e-07 -5.08239 
vt 1.23953e-07 -5.0558 
vt -0.0365841 -5.08239 
vt -0.0365841 -5.0558 
vt 0.0402426 -4.91761 
vt 0.0402426 -4.90714 
vt 1.23953e-07 -4.91761 
vt 1.23953e-07 -4.90714 
vt -0.0402426 -4.90714 
vt -0.0402426 -4.91761 
vt -0.0402426 -5.09286 
vt -0.0402426 -5.08239 
vt 1.23953e-07 -5.08239 
vt 1.23953e-07 -5.09286 
vt 0.0402426 -5.08239 
vt 0.0402426 -5.09286 
vt 0.0321941 -4.91714 
vt 0.0321941 -4.90714 
vt 1.23953e-07 -4.91714 
vt -0.0455294 -4.90714 
vt 1.23953e-07 -4.90714 
vt -0.0455294 -4.91714 
vt -0.0321941 -4.91714 
vt -0.0321941 -4.90714 
vt 0.0569116 -5 
vt 0.0321941 -4.96781 
vt 0.0455294 -5 
vt 0.0402426 -4.95976 
vt 0.0402426 -5.04024 
vt -1.2332e-07 -4.94309 
vt 0.0321941 -5.03219 
vt -1.2332e-07 -4.95447 
vt -1.2332e-07 -5.05691 
vt -0.0402426 -4.95976 
vt -1.2332e-07 -5.04553 
vt -0.0321941 -4.96781 
vt -0.0402426 -5.04024 
vt -0.0569116 -5 
vt -0.0321941 -5.03219 
vt -0.0455294 -5 
vt -1.2332e-07 -5.05174 
vt -0.0365844 -5.03658 
vt -1.2332e-07 -4.94826 
vt -0.0365844 -4.96342 
vt 0.0402426 -5.04024 
vt -1.2332e-07 -5.05691 
vt 0.0569116 -5 
vt -0.0402426 -5.04024 
vt -0.0402426 -5.04024 
vt -1.2332e-07 -4.94309 
vt -0.0569116 -5 
vt -0.0402426 -4.95976 
vt -0.0402426 -5.04024 
vt 0.0402426 -4.95976 
vt 0.0402426 -5.04024 
vt -0.0321941 -5.03219 
vt -0.0455294 -5 
vt 0.0321941 -5.03219 
vt -1.2332e-07 -4.95447 
vt -0.0569116 -5 
vt -0.0365844 -5.03658 
vt -0.0517379 -5 
vt -0.0365844 -4.96342 
vt -0.0402426 -5.04024 
vt -0.0402426 -4.95976 
vt -1.2332e-07 -5.05174 
vt -1.2332e-07 -4.94826 
vt -1.2332e-07 -5.05691 
vt -1.2332e-07 -4.94309 
vt 0.0365841 -5.03658 
vt 0.0365841 -4.96342 
vt 0.0402426 -5.04024 
vt 0.0402426 -4.95976 
vt 0.0517379 -5 
vt 0.0569116 -5 
vt -0.0365841 -4.9442 
vt -0.0365841 -4.91761 
vt 1.2332e-07 -4.91761 
vt 1.2332e-07 -4.9442 
vt 0.0365844 -4.9442 
vt 0.0365844 -4.91761 
vt 0.0365844 -5.0386 
vt 0.0365844 -4.9614 
vt 1.2332e-07 -4.9614 
vt 1.2332e-07 -5.0386 
vt -0.0365841 -5.0386 
vt -0.0517379 -5.0386 
vt -0.0365841 -4.9614 
vt 0.0365844 -5.0558 
vt 0.0365844 -5.08239 
vt -0.0365841 -5.08239 
vt 0.0365844 -5.0558 
vt -0.0365841 -5.0558 
vt 1.2332e-07 -5.0558 
vt 1.2332e-07 -5.08239 
vt -0.0402426 -4.90714 
vt -0.0402426 -4.91761 
vt 1.2332e-07 -4.90714 
vt 1.2332e-07 -4.91761 
vt 0.0402426 -4.90714 
vt 0.0402426 -4.91761 
vt 1.2332e-07 -5.09286 
vt 0.0402426 -5.09286 
vt 0.0402426 -5.08239 
vt 1.2332e-07 -5.08239 
vt -0.0402426 -5.09286 
vt -0.0402426 -5.08239 
vt 1.2332e-07 -4.91714 
vt 0.0321941 -4.91714 
vt 0.0321941 -4.90714 
vt 1.2332e-07 -4.90714 
vt -0.0321941 -4.91714 
vt -0.0321941 -4.90714 
vt -0.0365841 -4.91761 
vt -0.0365841 -4.9442 
vt -1.23953e-07 -4.9442 
vt -1.23953e-07 -4.91761 
vt 0.0365841 -4.9442 
vt 0.0365841 -4.91761 
vt 0.0517379 -4.91761 
vt 0.0517379 -4.9442 
vt -0.0517379 -5.0386 
vt 0.0365841 -4.9614 
vt -0.0517379 -4.9614 
vt 0.0517379 -4.9614 
vt -0.0365841 -5.0386 
vt -0.0365841 -4.9614 
vt 0.0365841 -5.0386 
vt -1.23953e-07 -5.0386 
vt 0.0365841 -4.9614 
vt -1.23953e-07 -4.9614 
vt -0.0365841 -5.08239 
vt -0.0365841 -5.0558 
vt -1.23953e-07 -5.08239 
vt -1.23953e-07 -5.0558 
vt 0.0365841 -5.08239 
vt 0.0365841 -5.0558 
vt -1.23953e-07 -4.90714 
vt -0.0402426 -4.90714 
vt -0.0402426 -4.91761 
vt -1.23953e-07 -4.91761 
vt 0.0402426 -4.90714 
vt 0.0402426 -4.91761 
vt 0.0569116 -4.90714 
vt 0.0569116 -4.91761 
vt 0.0402426 -5.09286 
vt 0.0402426 -5.08239 
vt -1.23953e-07 -5.09286 
vt -1.23953e-07 -5.08239 
vt -0.0402426 -5.09286 
vt -0.0402426 -5.08239 
vt -0.0321941 -4.91714 
vt -0.0321941 -4.90714 
vt -1.23953e-07 -4.90714 
vt -1.23953e-07 -4.91714 
vt 0.0321941 -4.90714 
vt 0.0321941 -4.91714 
vt 0.0569116 -5 
vt -0.0569116 -5 
vt 1.2332e-07 -5.05691 
vt -0.0402426 -5.04024 
vt 0.0402426 -5.04024 
vt 1.2332e-07 -4.94309 
vt -0.0402426 -4.95976 
vt 0.0402426 -4.95976 
vt 1.2332e-07 -5.05174 
vt 0.0365844 -5.03658 
vt 1.2332e-07 -4.94826 
vt 0.0365844 -4.96342 
vt -0.0402426 -5.04024 
vt 1.2332e-07 -5.05691 
vt -0.0569116 -5 
vt 0.0402426 -5.04024 
vt 1.2332e-07 -4.94309 
vt 0.0569116 -5 
vt 0.0402426 -4.95976 
vt 0.0402426 -4.95976 
vt 0.0402426 -5.04024 
vt -0.0402426 -4.95976 
vt -0.0402426 -5.04024 
vt 0.0321941 -5.03219 
vt 0.0455294 -5 
vt -0.0321941 -5.03219 
vt 1.2332e-07 -4.95447 
vt 0.0402426 -4.95976 
vt 1.2332e-07 -4.94309 
vt 1.2332e-07 -4.94826 
vt 0.0365844 -4.96342 
vt -0.0365841 -4.96342 
vt 0.0569116 -5 
vt -0.0402426 -4.95976 
vt 0.0517379 -5 
vt -0.0569116 -5 
vt 0.0365844 -5.03658 
vt -0.0517379 -5 
vt 0.0402426 -5.04024 
vt -0.0402426 -5.04024 
vt 1.2332e-07 -5.05174 
vt -0.0365841 -5.03658 
vt 1.2332e-07 -5.05691 
vt 0.0365841 -4.91761 
vt 0.0365841 -4.9442 
vt 0.0517379 -4.9442 
vt -1.2332e-07 -4.91761 
vt 0.0517379 -4.91761 
vt -1.2332e-07 -4.9442 
vt -0.0365844 -4.91761 
vt -0.0365844 -4.9442 
vt -0.0365844 -4.9614 
vt -0.0365844 -5.0386 
vt -1.2332e-07 -5.0386 
vt -1.2332e-07 -4.9614 
vt 0.0365841 -5.0386 
vt 0.0365841 -4.9614 
vt 0.0517379 -5.0386 
vt 0.0517379 -4.9614 
vt -0.0365844 -5.0558 
vt -1.2332e-07 -5.08239 
vt -1.2332e-07 -5.0558 
vt 0.0365841 -5.08239 
vt -0.0365844 -5.08239 
vt 0.0365841 -5.0558 
vt 0.0365841 -5.08239 
vt 0.0365841 -5.0558 
vt 0.0402426 -4.90714 
vt 0.0402426 -4.91761 
vt -1.2332e-07 -4.91761 
vt -1.2332e-07 -4.90714 
vt -0.0402426 -4.91761 
vt -0.0402426 -4.90714 
vt -0.0402426 -5.08239 
vt -0.0402426 -5.09286 
vt -1.2332e-07 -5.08239 
vt -1.2332e-07 -5.09286 
vt 0.0402426 -5.09286 
vt 0.0402426 -5.08239 
vt -0.0321941 -4.90714 
vt -0.0321941 -4.91714 
vt -1.2332e-07 -4.90714 
vt -1.2332e-07 -4.91714 
vt 0.0321941 -4.91714 
vt 0.0321941 -4.90714 

usemtl Meshpart6Mtl

f 750/750/750 749/749/749 751/751/751 
f 749/749/749 752/752/752 751/751/751 
f 751/751/751 752/752/752 753/753/753 
f 752/752/752 754/754/754 753/753/753 
f 755/755/755 756/756/756 757/757/757 
f 758/758/758 757/757/757 756/756/756 
f 756/756/756 755/755/755 759/759/759 
f 761/761/761 759/759/759 755/755/755 
f 764/764/764 763/763/763 765/765/765 
f 763/763/763 766/766/766 765/765/765 
f 765/765/765 766/766/766 767/767/767 
f 766/766/766 768/768/768 767/767/767 
f 770/770/770 771/771/771 769/769/769 
f 771/771/771 770/770/770 772/772/772 
f 772/772/772 774/774/774 771/771/771 
f 774/774/774 772/772/772 773/773/773 
f 777/777/777 776/776/776 775/775/775 
f 775/775/775 778/778/778 777/777/777 
f 779/779/779 777/777/777 778/778/778 
f 778/778/778 780/780/780 779/779/779 
f 783/783/783 781/781/781 782/782/782 
f 782/782/782 785/785/785 783/783/783 
f 787/787/787 783/783/783 785/785/785 
f 785/785/785 788/788/788 787/787/787 
f 789/789/789 790/790/790 791/791/791 
f 790/790/790 789/789/789 792/792/792 
f 793/793/793 789/789/789 791/791/791 
f 794/794/794 790/790/790 792/792/792 
f 793/793/793 791/791/791 795/795/795 
f 790/790/790 794/794/794 796/796/796 
f 797/797/797 793/793/793 795/795/795 
f 798/798/798 796/796/796 794/794/794 
f 797/797/797 795/795/795 799/799/799 
f 796/796/796 798/798/798 800/800/800 
f 799/799/799 801/801/801 797/797/797 
f 802/802/802 800/800/800 798/798/798 
f 801/801/801 799/799/799 803/803/803 
f 800/800/800 802/802/802 804/804/804 
f 801/801/801 804/804/804 802/802/802 
f 804/804/804 801/801/801 803/803/803 
f 824/824/824 825/825/825 826/826/826 
f 827/827/827 824/824/824 826/826/826 
f 825/825/825 824/824/824 828/828/828 
f 829/829/829 824/824/824 827/827/827 
f 828/828/828 830/830/830 825/825/825 
f 831/831/831 829/829/829 827/827/827 
f 830/830/830 828/828/828 832/832/832 
f 829/829/829 831/831/831 833/833/833 
f 832/832/832 834/834/834 830/830/830 
f 835/835/835 833/833/833 831/831/831 
f 832/832/832 836/836/836 834/834/834 
f 833/833/833 835/835/835 837/837/837 
f 836/836/836 838/838/838 834/834/834 
f 835/835/835 839/839/839 837/837/837 
f 838/838/838 836/836/836 839/839/839 
f 839/839/839 835/835/835 838/838/838 
f 840/840/840 842/842/842 841/841/841 
f 840/840/840 843/843/843 842/842/842 
f 843/843/843 844/844/844 842/842/842 
f 844/844/844 845/845/845 842/842/842 
f 846/846/846 847/847/847 848/848/848 
f 848/848/848 849/849/849 846/846/846 
f 849/849/849 848/848/848 850/850/850 
f 850/850/850 848/848/848 852/852/852 
f 854/854/854 856/856/856 858/858/858 
f 855/855/855 858/858/858 857/857/857 
f 859/859/859 854/854/854 858/858/858 
f 855/855/855 859/859/859 858/858/858 
f 861/861/861 862/862/862 860/860/860 
f 862/862/862 861/861/861 863/863/863 
f 863/863/863 864/864/864 862/862/862 
f 863/863/863 865/865/865 864/864/864 
f 866/866/866 867/867/867 868/868/868 
f 866/866/866 868/868/868 869/869/869 
f 870/870/870 866/866/866 869/869/869 
f 870/870/870 869/869/869 871/871/871 
f 872/872/872 873/873/873 874/874/874 
f 872/872/872 874/874/874 875/875/875 
f 876/876/876 872/872/872 875/875/875 
f 876/876/876 875/875/875 877/877/877 
f 878/878/878 879/879/879 880/880/880 
f 878/878/878 880/880/880 881/881/881 
f 881/881/881 880/880/880 882/882/882 
f 881/881/881 882/882/882 883/883/883 
f 891/891/891 890/890/890 893/893/893 
f 891/891/891 893/893/893 895/895/895 
f 895/895/895 893/893/893 892/892/892 
f 895/895/895 892/892/892 894/894/894 
f 897/897/897 896/896/896 898/898/898 
f 897/897/897 898/898/898 899/899/899 
f 899/899/899 898/898/898 900/900/900 
f 899/899/899 900/900/900 901/901/901 
f 902/902/902 903/903/903 904/904/904 
f 904/904/904 905/905/905 902/902/902 
f 906/906/906 902/902/902 905/905/905 
f 905/905/905 907/907/907 906/906/906 
f 911/911/911 912/912/912 910/910/910 
f 912/912/912 911/911/911 913/913/913 
f 913/913/913 914/914/914 912/912/912 
f 914/914/914 913/913/913 915/915/915 
f 916/916/916 918/918/918 917/917/917 
f 918/918/918 916/916/916 919/919/919 
f 919/919/919 920/920/920 918/918/918 
f 920/920/920 919/919/919 921/921/921 
f 922/922/922 923/923/923 924/924/924 
f 924/924/924 923/923/923 925/925/925 
f 922/922/922 924/924/924 926/926/926 
f 922/922/922 927/927/927 923/923/923 
f 923/923/923 927/927/927 928/928/928 
f 927/927/927 922/922/922 929/929/929 
f 949/949/949 950/950/950 951/951/951 
f 951/951/951 952/952/952 949/949/949 
f 950/950/950 953/953/953 951/951/951 
f 952/952/952 954/954/954 949/949/949 
f 953/953/953 950/950/950 955/955/955 
f 954/954/954 952/952/952 956/956/956 
f 957/957/957 953/953/953 955/955/955 
f 958/958/958 954/954/954 956/956/956 
f 953/953/953 957/957/957 959/959/959 
f 954/954/954 958/958/958 960/960/960 
f 961/961/961 959/959/959 957/957/957 
f 962/962/962 960/960/960 958/958/958 
f 959/959/959 961/961/961 963/963/963 
f 960/960/960 962/962/962 964/964/964 
f 961/961/961 964/964/964 963/963/963 
f 963/963/963 964/964/964 962/962/962 
f 968/968/968 966/966/966 965/965/965 
f 966/966/966 968/968/968 970/970/970 
f 971/971/971 970/970/970 968/968/968 
f 970/970/970 971/971/971 972/972/972 
f 975/975/975 973/973/973 974/974/974 
f 973/973/973 975/975/975 976/976/976 
f 977/977/977 976/976/976 975/975/975 
f 976/976/976 977/977/977 978/978/978 
f 981/981/981 982/982/982 983/983/983 
f 984/984/984 983/983/983 982/982/982 
f 982/982/982 981/981/981 985/985/985 
f 983/983/983 984/984/984 986/986/986 
f 989/989/989 991/991/991 990/990/990 
f 989/989/989 992/992/992 991/991/991 
f 992/992/992 993/993/993 991/991/991 
f 992/992/992 994/994/994 993/993/993 
f 997/997/997 995/995/995 996/996/996 
f 997/997/997 996/996/996 998/998/998 
f 998/998/998 1000/1000/1000 997/997/997 
f 1000/1000/1000 998/998/998 999/999/999 
f 1002/1002/1002 1003/1003/1003 1001/1001/1001 
f 1003/1003/1003 1002/1002/1002 1004/1004/1004 
f 1006/1006/1006 1003/1003/1003 1004/1004/1004 
f 1006/1006/1006 1004/1004/1004 1005/1005/1005 

